0.0000000000 0.0000000000 1.0000000000 500.0000000000
0.0000000000 1.0000000000 0.0000000000 -20.0000000000
-1.0000000000 0.0000000000 0.0000000000 400.0000000000
0.0000000000 0.0000000000 0.0000000000 1.0000000000

0.0000000000 0.0000000000 1.0000000000 500.0000000000
0.0000000000 1.0000000000 0.0000000000 -19.9750000000
-1.0000000000 0.0000000000 0.0000000000 400.0000000000
0.0000000000 0.0000000000 0.0000000000 1.0000000000

0.0000000000 0.0000000000 1.0000000000 500.0000000000
0.0000000000 1.0000000000 0.0000000000 -19.9500000000
-1.0000000000 0.0000000000 0.0000000000 400.0000000000
0.0000000000 0.0000000000 0.0000000000 1.0000000000

0.0000000000 0.0000000000 1.0000000000 500.0000000000
0.0000000000 1.0000000000 0.0000000000 -19.9250000000
-1.0000000000 0.0000000000 0.0000000000 400.0000000000
0.0000000000 0.0000000000 0.0000000000 1.0000000000

0.0000000000 0.0000000000 1.0000000000 500.0000000000
0.0000000000 1.0000000000 0.0000000000 -19.9000000000
-1.0000000000 0.0000000000 0.0000000000 400.0000000000
0.0000000000 0.0000000000 0.0000000000 1.0000000000

0.0000000000 0.0000000000 1.0000000000 500.0000000000
0.0000000000 1.0000000000 0.0000000000 -19.8750000000
-1.0000000000 0.0000000000 0.0000000000 400.0000000000
0.0000000000 0.0000000000 0.0000000000 1.0000000000

0.0000000000 0.0000000000 1.0000000000 500.0000000000
0.0000000000 1.0000000000 0.0000000000 -19.8500000000
-1.0000000000 0.0000000000 0.0000000000 400.0000000000
0.0000000000 0.0000000000 0.0000000000 1.0000000000

0.0000000000 0.0000000000 1.0000000000 500.0000000000
0.0000000000 1.0000000000 0.0000000000 -19.8250000000
-1.0000000000 0.0000000000 0.0000000000 400.0000000000
0.0000000000 0.0000000000 0.0000000000 1.0000000000

0.0000000000 0.0000000000 1.0000000000 500.0000000000
0.0000000000 1.0000000000 0.0000000000 -19.8000000000
-1.0000000000 0.0000000000 0.0000000000 400.0000000000
0.0000000000 0.0000000000 0.0000000000 1.0000000000

0.0000000000 0.0000000000 1.0000000000 500.0000000000
0.0000000000 1.0000000000 0.0000000000 -19.7750000000
-1.0000000000 0.0000000000 0.0000000000 400.0000000000
0.0000000000 0.0000000000 0.0000000000 1.0000000000

0.0000000000 0.0000000000 1.0000000000 500.0000000000
0.0000000000 1.0000000000 0.0000000000 -19.7500000000
-1.0000000000 0.0000000000 0.0000000000 400.0000000000
0.0000000000 0.0000000000 0.0000000000 1.0000000000

0.0000000000 0.0000000000 1.0000000000 500.0000000000
0.0000000000 1.0000000000 0.0000000000 -19.7250000000
-1.0000000000 0.0000000000 0.0000000000 400.0000000000
0.0000000000 0.0000000000 0.0000000000 1.0000000000

0.0000000000 0.0000000000 1.0000000000 500.0000000000
0.0000000000 1.0000000000 0.0000000000 -19.7000000000
-1.0000000000 0.0000000000 0.0000000000 400.0000000000
0.0000000000 0.0000000000 0.0000000000 1.0000000000

0.0000000000 0.0000000000 1.0000000000 500.0000000000
0.0000000000 1.0000000000 0.0000000000 -19.6750000000
-1.0000000000 0.0000000000 0.0000000000 400.0000000000
0.0000000000 0.0000000000 0.0000000000 1.0000000000

0.0000000000 0.0000000000 1.0000000000 500.0000000000
0.0000000000 1.0000000000 0.0000000000 -19.6500000000
-1.0000000000 0.0000000000 0.0000000000 400.0000000000
0.0000000000 0.0000000000 0.0000000000 1.0000000000

0.0000000000 0.0000000000 1.0000000000 500.0000000000
0.0000000000 1.0000000000 0.0000000000 -19.6250000000
-1.0000000000 0.0000000000 0.0000000000 400.0000000000
0.0000000000 0.0000000000 0.0000000000 1.0000000000

0.0000000000 0.0000000000 1.0000000000 500.0000000000
0.0000000000 1.0000000000 0.0000000000 -19.6000000000
-1.0000000000 0.0000000000 0.0000000000 400.0000000000
0.0000000000 0.0000000000 0.0000000000 1.0000000000

0.0000000000 0.0000000000 1.0000000000 500.0000000000
0.0000000000 1.0000000000 0.0000000000 -19.5750000000
-1.0000000000 0.0000000000 0.0000000000 400.0000000000
0.0000000000 0.0000000000 0.0000000000 1.0000000000

0.0000000000 0.0000000000 1.0000000000 500.0000000000
0.0000000000 1.0000000000 0.0000000000 -19.5500000000
-1.0000000000 0.0000000000 0.0000000000 400.0000000000
0.0000000000 0.0000000000 0.0000000000 1.0000000000

0.0000000000 0.0000000000 1.0000000000 500.0000000000
0.0000000000 1.0000000000 0.0000000000 -19.5250000000
-1.0000000000 0.0000000000 0.0000000000 400.0000000000
0.0000000000 0.0000000000 0.0000000000 1.0000000000

0.0000000000 0.0000000000 1.0000000000 500.0000000000
0.0000000000 1.0000000000 0.0000000000 -19.5000000000
-1.0000000000 0.0000000000 0.0000000000 400.0000000000
0.0000000000 0.0000000000 0.0000000000 1.0000000000

0.0000000000 0.0000000000 1.0000000000 500.0000000000
0.0000000000 1.0000000000 0.0000000000 -19.4750000000
-1.0000000000 0.0000000000 0.0000000000 400.0000000000
0.0000000000 0.0000000000 0.0000000000 1.0000000000

0.0000000000 0.0000000000 1.0000000000 500.0000000000
0.0000000000 1.0000000000 0.0000000000 -19.4500000000
-1.0000000000 0.0000000000 0.0000000000 400.0000000000
0.0000000000 0.0000000000 0.0000000000 1.0000000000

0.0000000000 0.0000000000 1.0000000000 500.0000000000
0.0000000000 1.0000000000 0.0000000000 -19.4250000000
-1.0000000000 0.0000000000 0.0000000000 400.0000000000
0.0000000000 0.0000000000 0.0000000000 1.0000000000

0.0000000000 0.0000000000 1.0000000000 500.0000000000
0.0000000000 1.0000000000 0.0000000000 -19.4000000000
-1.0000000000 0.0000000000 0.0000000000 400.0000000000
0.0000000000 0.0000000000 0.0000000000 1.0000000000

0.0000000000 0.0000000000 1.0000000000 500.0000000000
0.0000000000 1.0000000000 0.0000000000 -19.3750000000
-1.0000000000 0.0000000000 0.0000000000 400.0000000000
0.0000000000 0.0000000000 0.0000000000 1.0000000000

0.0000000000 0.0000000000 1.0000000000 500.0000000000
0.0000000000 1.0000000000 0.0000000000 -19.3500000000
-1.0000000000 0.0000000000 0.0000000000 400.0000000000
0.0000000000 0.0000000000 0.0000000000 1.0000000000

0.0000000000 0.0000000000 1.0000000000 500.0000000000
0.0000000000 1.0000000000 0.0000000000 -19.3250000000
-1.0000000000 0.0000000000 0.0000000000 400.0000000000
0.0000000000 0.0000000000 0.0000000000 1.0000000000

0.0000000000 0.0000000000 1.0000000000 500.0000000000
0.0000000000 1.0000000000 0.0000000000 -19.3000000000
-1.0000000000 0.0000000000 0.0000000000 400.0000000000
0.0000000000 0.0000000000 0.0000000000 1.0000000000

0.0000000000 0.0000000000 1.0000000000 500.0000000000
0.0000000000 1.0000000000 0.0000000000 -19.2750000000
-1.0000000000 0.0000000000 0.0000000000 400.0000000000
0.0000000000 0.0000000000 0.0000000000 1.0000000000

0.0000000000 0.0000000000 1.0000000000 500.0000000000
0.0000000000 1.0000000000 0.0000000000 -19.2500000000
-1.0000000000 0.0000000000 0.0000000000 400.0000000000
0.0000000000 0.0000000000 0.0000000000 1.0000000000

0.0000000000 0.0000000000 1.0000000000 500.0000000000
0.0000000000 1.0000000000 0.0000000000 -19.2250000000
-1.0000000000 0.0000000000 0.0000000000 400.0000000000
0.0000000000 0.0000000000 0.0000000000 1.0000000000

0.0000000000 0.0000000000 1.0000000000 500.0000000000
0.0000000000 1.0000000000 0.0000000000 -19.2000000000
-1.0000000000 0.0000000000 0.0000000000 400.0000000000
0.0000000000 0.0000000000 0.0000000000 1.0000000000

0.0000000000 0.0000000000 1.0000000000 500.0000000000
0.0000000000 1.0000000000 0.0000000000 -19.1750000000
-1.0000000000 0.0000000000 0.0000000000 400.0000000000
0.0000000000 0.0000000000 0.0000000000 1.0000000000

0.0000000000 0.0000000000 1.0000000000 500.0000000000
0.0000000000 1.0000000000 0.0000000000 -19.1500000000
-1.0000000000 0.0000000000 0.0000000000 400.0000000000
0.0000000000 0.0000000000 0.0000000000 1.0000000000

0.0000000000 0.0000000000 1.0000000000 500.0000000000
0.0000000000 1.0000000000 0.0000000000 -19.1250000000
-1.0000000000 0.0000000000 0.0000000000 400.0000000000
0.0000000000 0.0000000000 0.0000000000 1.0000000000

0.0000000000 0.0000000000 1.0000000000 500.0000000000
0.0000000000 1.0000000000 0.0000000000 -19.1000000000
-1.0000000000 0.0000000000 0.0000000000 400.0000000000
0.0000000000 0.0000000000 0.0000000000 1.0000000000

0.0000000000 0.0000000000 1.0000000000 500.0000000000
0.0000000000 1.0000000000 0.0000000000 -19.0750000000
-1.0000000000 0.0000000000 0.0000000000 400.0000000000
0.0000000000 0.0000000000 0.0000000000 1.0000000000

0.0000000000 0.0000000000 1.0000000000 500.0000000000
0.0000000000 1.0000000000 0.0000000000 -19.0500000000
-1.0000000000 0.0000000000 0.0000000000 400.0000000000
0.0000000000 0.0000000000 0.0000000000 1.0000000000

0.0000000000 0.0000000000 1.0000000000 500.0000000000
0.0000000000 1.0000000000 0.0000000000 -19.0250000000
-1.0000000000 0.0000000000 0.0000000000 400.0000000000
0.0000000000 0.0000000000 0.0000000000 1.0000000000

0.0000000000 0.0000000000 1.0000000000 500.0000000000
0.0000000000 1.0000000000 0.0000000000 -19.0000000000
-1.0000000000 0.0000000000 0.0000000000 400.0000000000
0.0000000000 0.0000000000 0.0000000000 1.0000000000

0.0000000000 0.0000000000 1.0000000000 500.0000000000
0.0000000000 1.0000000000 0.0000000000 -18.9750000000
-1.0000000000 0.0000000000 0.0000000000 400.0000000000
0.0000000000 0.0000000000 0.0000000000 1.0000000000

0.0000000000 0.0000000000 1.0000000000 500.0000000000
0.0000000000 1.0000000000 0.0000000000 -18.9500000000
-1.0000000000 0.0000000000 0.0000000000 400.0000000000
0.0000000000 0.0000000000 0.0000000000 1.0000000000

0.0000000000 0.0000000000 1.0000000000 500.0000000000
0.0000000000 1.0000000000 0.0000000000 -18.9250000000
-1.0000000000 0.0000000000 0.0000000000 400.0000000000
0.0000000000 0.0000000000 0.0000000000 1.0000000000

0.0000000000 0.0000000000 1.0000000000 500.0000000000
0.0000000000 1.0000000000 0.0000000000 -18.9000000000
-1.0000000000 0.0000000000 0.0000000000 400.0000000000
0.0000000000 0.0000000000 0.0000000000 1.0000000000

0.0000000000 0.0000000000 1.0000000000 500.0000000000
0.0000000000 1.0000000000 0.0000000000 -18.8750000000
-1.0000000000 0.0000000000 0.0000000000 400.0000000000
0.0000000000 0.0000000000 0.0000000000 1.0000000000

0.0000000000 0.0000000000 1.0000000000 500.0000000000
0.0000000000 1.0000000000 0.0000000000 -18.8500000000
-1.0000000000 0.0000000000 0.0000000000 400.0000000000
0.0000000000 0.0000000000 0.0000000000 1.0000000000

0.0000000000 0.0000000000 1.0000000000 500.0000000000
0.0000000000 1.0000000000 0.0000000000 -18.8250000000
-1.0000000000 0.0000000000 0.0000000000 400.0000000000
0.0000000000 0.0000000000 0.0000000000 1.0000000000

0.0000000000 0.0000000000 1.0000000000 500.0000000000
0.0000000000 1.0000000000 0.0000000000 -18.8000000000
-1.0000000000 0.0000000000 0.0000000000 400.0000000000
0.0000000000 0.0000000000 0.0000000000 1.0000000000

0.0000000000 0.0000000000 1.0000000000 500.0000000000
0.0000000000 1.0000000000 0.0000000000 -18.7750000000
-1.0000000000 0.0000000000 0.0000000000 400.0000000000
0.0000000000 0.0000000000 0.0000000000 1.0000000000

0.0000000000 0.0000000000 1.0000000000 500.0000000000
0.0000000000 1.0000000000 0.0000000000 -18.7500000000
-1.0000000000 0.0000000000 0.0000000000 400.0000000000
0.0000000000 0.0000000000 0.0000000000 1.0000000000

0.0000000000 0.0000000000 1.0000000000 500.0000000000
0.0000000000 1.0000000000 0.0000000000 -18.7250000000
-1.0000000000 0.0000000000 0.0000000000 400.0000000000
0.0000000000 0.0000000000 0.0000000000 1.0000000000

0.0000000000 0.0000000000 1.0000000000 500.0000000000
0.0000000000 1.0000000000 0.0000000000 -18.7000000000
-1.0000000000 0.0000000000 0.0000000000 400.0000000000
0.0000000000 0.0000000000 0.0000000000 1.0000000000

0.0000000000 0.0000000000 1.0000000000 500.0000000000
0.0000000000 1.0000000000 0.0000000000 -18.6750000000
-1.0000000000 0.0000000000 0.0000000000 400.0000000000
0.0000000000 0.0000000000 0.0000000000 1.0000000000

0.0000000000 0.0000000000 1.0000000000 500.0000000000
0.0000000000 1.0000000000 0.0000000000 -18.6500000000
-1.0000000000 0.0000000000 0.0000000000 400.0000000000
0.0000000000 0.0000000000 0.0000000000 1.0000000000

0.0000000000 0.0000000000 1.0000000000 500.0000000000
0.0000000000 1.0000000000 0.0000000000 -18.6250000000
-1.0000000000 0.0000000000 0.0000000000 400.0000000000
0.0000000000 0.0000000000 0.0000000000 1.0000000000

0.0000000000 0.0000000000 1.0000000000 500.0000000000
0.0000000000 1.0000000000 0.0000000000 -18.6000000000
-1.0000000000 0.0000000000 0.0000000000 400.0000000000
0.0000000000 0.0000000000 0.0000000000 1.0000000000

0.0000000000 0.0000000000 1.0000000000 500.0000000000
0.0000000000 1.0000000000 0.0000000000 -18.5750000000
-1.0000000000 0.0000000000 0.0000000000 400.0000000000
0.0000000000 0.0000000000 0.0000000000 1.0000000000

0.0000000000 0.0000000000 1.0000000000 500.0000000000
0.0000000000 1.0000000000 0.0000000000 -18.5500000000
-1.0000000000 0.0000000000 0.0000000000 400.0000000000
0.0000000000 0.0000000000 0.0000000000 1.0000000000

0.0000000000 0.0000000000 1.0000000000 500.0000000000
0.0000000000 1.0000000000 0.0000000000 -18.5250000000
-1.0000000000 0.0000000000 0.0000000000 400.0000000000
0.0000000000 0.0000000000 0.0000000000 1.0000000000

0.0000000000 0.0000000000 1.0000000000 500.0000000000
0.0000000000 1.0000000000 0.0000000000 -18.5000000000
-1.0000000000 0.0000000000 0.0000000000 400.0000000000
0.0000000000 0.0000000000 0.0000000000 1.0000000000

0.0000000000 0.0000000000 1.0000000000 500.0000000000
0.0000000000 1.0000000000 0.0000000000 -18.4750000000
-1.0000000000 0.0000000000 0.0000000000 400.0000000000
0.0000000000 0.0000000000 0.0000000000 1.0000000000

0.0000000000 0.0000000000 1.0000000000 500.0000000000
0.0000000000 1.0000000000 0.0000000000 -18.4500000000
-1.0000000000 0.0000000000 0.0000000000 400.0000000000
0.0000000000 0.0000000000 0.0000000000 1.0000000000

0.0000000000 0.0000000000 1.0000000000 500.0000000000
0.0000000000 1.0000000000 0.0000000000 -18.4250000000
-1.0000000000 0.0000000000 0.0000000000 400.0000000000
0.0000000000 0.0000000000 0.0000000000 1.0000000000

0.0000000000 0.0000000000 1.0000000000 500.0000000000
0.0000000000 1.0000000000 0.0000000000 -18.4000000000
-1.0000000000 0.0000000000 0.0000000000 400.0000000000
0.0000000000 0.0000000000 0.0000000000 1.0000000000

0.0000000000 0.0000000000 1.0000000000 500.0000000000
0.0000000000 1.0000000000 0.0000000000 -18.3750000000
-1.0000000000 0.0000000000 0.0000000000 400.0000000000
0.0000000000 0.0000000000 0.0000000000 1.0000000000

0.0000000000 0.0000000000 1.0000000000 500.0000000000
0.0000000000 1.0000000000 0.0000000000 -18.3500000000
-1.0000000000 0.0000000000 0.0000000000 400.0000000000
0.0000000000 0.0000000000 0.0000000000 1.0000000000

0.0000000000 0.0000000000 1.0000000000 500.0000000000
0.0000000000 1.0000000000 0.0000000000 -18.3250000000
-1.0000000000 0.0000000000 0.0000000000 400.0000000000
0.0000000000 0.0000000000 0.0000000000 1.0000000000

0.0000000000 0.0000000000 1.0000000000 500.0000000000
0.0000000000 1.0000000000 0.0000000000 -18.3000000000
-1.0000000000 0.0000000000 0.0000000000 400.0000000000
0.0000000000 0.0000000000 0.0000000000 1.0000000000

0.0000000000 0.0000000000 1.0000000000 500.0000000000
0.0000000000 1.0000000000 0.0000000000 -18.2750000000
-1.0000000000 0.0000000000 0.0000000000 400.0000000000
0.0000000000 0.0000000000 0.0000000000 1.0000000000

0.0000000000 0.0000000000 1.0000000000 500.0000000000
0.0000000000 1.0000000000 0.0000000000 -18.2500000000
-1.0000000000 0.0000000000 0.0000000000 400.0000000000
0.0000000000 0.0000000000 0.0000000000 1.0000000000

0.0000000000 0.0000000000 1.0000000000 500.0000000000
0.0000000000 1.0000000000 0.0000000000 -18.2250000000
-1.0000000000 0.0000000000 0.0000000000 400.0000000000
0.0000000000 0.0000000000 0.0000000000 1.0000000000

0.0000000000 0.0000000000 1.0000000000 500.0000000000
0.0000000000 1.0000000000 0.0000000000 -18.2000000000
-1.0000000000 0.0000000000 0.0000000000 400.0000000000
0.0000000000 0.0000000000 0.0000000000 1.0000000000

0.0000000000 0.0000000000 1.0000000000 500.0000000000
0.0000000000 1.0000000000 0.0000000000 -18.1750000000
-1.0000000000 0.0000000000 0.0000000000 400.0000000000
0.0000000000 0.0000000000 0.0000000000 1.0000000000

0.0000000000 0.0000000000 1.0000000000 500.0000000000
0.0000000000 1.0000000000 0.0000000000 -18.1500000000
-1.0000000000 0.0000000000 0.0000000000 400.0000000000
0.0000000000 0.0000000000 0.0000000000 1.0000000000

0.0000000000 0.0000000000 1.0000000000 500.0000000000
0.0000000000 1.0000000000 0.0000000000 -18.1250000000
-1.0000000000 0.0000000000 0.0000000000 400.0000000000
0.0000000000 0.0000000000 0.0000000000 1.0000000000

0.0000000000 0.0000000000 1.0000000000 500.0000000000
0.0000000000 1.0000000000 0.0000000000 -18.1000000000
-1.0000000000 0.0000000000 0.0000000000 400.0000000000
0.0000000000 0.0000000000 0.0000000000 1.0000000000

0.0000000000 0.0000000000 1.0000000000 500.0000000000
0.0000000000 1.0000000000 0.0000000000 -18.0750000000
-1.0000000000 0.0000000000 0.0000000000 400.0000000000
0.0000000000 0.0000000000 0.0000000000 1.0000000000

0.0000000000 0.0000000000 1.0000000000 500.0000000000
0.0000000000 1.0000000000 0.0000000000 -18.0500000000
-1.0000000000 0.0000000000 0.0000000000 400.0000000000
0.0000000000 0.0000000000 0.0000000000 1.0000000000

0.0000000000 0.0000000000 1.0000000000 500.0000000000
0.0000000000 1.0000000000 0.0000000000 -18.0250000000
-1.0000000000 0.0000000000 0.0000000000 400.0000000000
0.0000000000 0.0000000000 0.0000000000 1.0000000000

0.0000000000 0.0000000000 1.0000000000 500.0000000000
0.0000000000 1.0000000000 0.0000000000 -18.0000000000
-1.0000000000 0.0000000000 0.0000000000 400.0000000000
0.0000000000 0.0000000000 0.0000000000 1.0000000000

0.0000000000 0.0000000000 1.0000000000 500.0000000000
0.0000000000 1.0000000000 0.0000000000 -17.9750000000
-1.0000000000 0.0000000000 0.0000000000 400.0000000000
0.0000000000 0.0000000000 0.0000000000 1.0000000000

0.0000000000 0.0000000000 1.0000000000 500.0000000000
0.0000000000 1.0000000000 0.0000000000 -17.9500000000
-1.0000000000 0.0000000000 0.0000000000 400.0000000000
0.0000000000 0.0000000000 0.0000000000 1.0000000000

0.0000000000 0.0000000000 1.0000000000 500.0000000000
0.0000000000 1.0000000000 0.0000000000 -17.9250000000
-1.0000000000 0.0000000000 0.0000000000 400.0000000000
0.0000000000 0.0000000000 0.0000000000 1.0000000000

0.0000000000 0.0000000000 1.0000000000 500.0000000000
0.0000000000 1.0000000000 0.0000000000 -17.9000000000
-1.0000000000 0.0000000000 0.0000000000 400.0000000000
0.0000000000 0.0000000000 0.0000000000 1.0000000000

0.0000000000 0.0000000000 1.0000000000 500.0000000000
0.0000000000 1.0000000000 0.0000000000 -17.8750000000
-1.0000000000 0.0000000000 0.0000000000 400.0000000000
0.0000000000 0.0000000000 0.0000000000 1.0000000000

0.0000000000 0.0000000000 1.0000000000 500.0000000000
0.0000000000 1.0000000000 0.0000000000 -17.8500000000
-1.0000000000 0.0000000000 0.0000000000 400.0000000000
0.0000000000 0.0000000000 0.0000000000 1.0000000000

0.0000000000 0.0000000000 1.0000000000 500.0000000000
0.0000000000 1.0000000000 0.0000000000 -17.8250000000
-1.0000000000 0.0000000000 0.0000000000 400.0000000000
0.0000000000 0.0000000000 0.0000000000 1.0000000000

0.0000000000 0.0000000000 1.0000000000 500.0000000000
0.0000000000 1.0000000000 0.0000000000 -17.8000000000
-1.0000000000 0.0000000000 0.0000000000 400.0000000000
0.0000000000 0.0000000000 0.0000000000 1.0000000000

0.0000000000 0.0000000000 1.0000000000 500.0000000000
0.0000000000 1.0000000000 0.0000000000 -17.7750000000
-1.0000000000 0.0000000000 0.0000000000 400.0000000000
0.0000000000 0.0000000000 0.0000000000 1.0000000000

0.0000000000 0.0000000000 1.0000000000 500.0000000000
0.0000000000 1.0000000000 0.0000000000 -17.7500000000
-1.0000000000 0.0000000000 0.0000000000 400.0000000000
0.0000000000 0.0000000000 0.0000000000 1.0000000000

0.0000000000 0.0000000000 1.0000000000 500.0000000000
0.0000000000 1.0000000000 0.0000000000 -17.7250000000
-1.0000000000 0.0000000000 0.0000000000 400.0000000000
0.0000000000 0.0000000000 0.0000000000 1.0000000000

0.0000000000 0.0000000000 1.0000000000 500.0000000000
0.0000000000 1.0000000000 0.0000000000 -17.7000000000
-1.0000000000 0.0000000000 0.0000000000 400.0000000000
0.0000000000 0.0000000000 0.0000000000 1.0000000000

0.0000000000 0.0000000000 1.0000000000 500.0000000000
0.0000000000 1.0000000000 0.0000000000 -17.6750000000
-1.0000000000 0.0000000000 0.0000000000 400.0000000000
0.0000000000 0.0000000000 0.0000000000 1.0000000000

0.0000000000 0.0000000000 1.0000000000 500.0000000000
0.0000000000 1.0000000000 0.0000000000 -17.6500000000
-1.0000000000 0.0000000000 0.0000000000 400.0000000000
0.0000000000 0.0000000000 0.0000000000 1.0000000000

0.0000000000 0.0000000000 1.0000000000 500.0000000000
0.0000000000 1.0000000000 0.0000000000 -17.6250000000
-1.0000000000 0.0000000000 0.0000000000 400.0000000000
0.0000000000 0.0000000000 0.0000000000 1.0000000000

0.0000000000 0.0000000000 1.0000000000 500.0000000000
0.0000000000 1.0000000000 0.0000000000 -17.6000000000
-1.0000000000 0.0000000000 0.0000000000 400.0000000000
0.0000000000 0.0000000000 0.0000000000 1.0000000000

0.0000000000 0.0000000000 1.0000000000 500.0000000000
0.0000000000 1.0000000000 0.0000000000 -17.5750000000
-1.0000000000 0.0000000000 0.0000000000 400.0000000000
0.0000000000 0.0000000000 0.0000000000 1.0000000000

0.0000000000 0.0000000000 1.0000000000 500.0000000000
0.0000000000 1.0000000000 0.0000000000 -17.5500000000
-1.0000000000 0.0000000000 0.0000000000 400.0000000000
0.0000000000 0.0000000000 0.0000000000 1.0000000000

0.0000000000 0.0000000000 1.0000000000 500.0000000000
0.0000000000 1.0000000000 0.0000000000 -17.5250000000
-1.0000000000 0.0000000000 0.0000000000 400.0000000000
0.0000000000 0.0000000000 0.0000000000 1.0000000000

0.0000000000 0.0000000000 1.0000000000 500.0000000000
0.0000000000 1.0000000000 0.0000000000 -17.5000000000
-1.0000000000 0.0000000000 0.0000000000 400.0000000000
0.0000000000 0.0000000000 0.0000000000 1.0000000000

0.0000000000 0.0000000000 1.0000000000 500.0000000000
0.0000000000 1.0000000000 0.0000000000 -17.4750000000
-1.0000000000 0.0000000000 0.0000000000 400.0000000000
0.0000000000 0.0000000000 0.0000000000 1.0000000000

0.0000000000 0.0000000000 1.0000000000 500.0000000000
0.0000000000 1.0000000000 0.0000000000 -17.4500000000
-1.0000000000 0.0000000000 0.0000000000 400.0000000000
0.0000000000 0.0000000000 0.0000000000 1.0000000000

0.0000000000 0.0000000000 1.0000000000 500.0000000000
0.0000000000 1.0000000000 0.0000000000 -17.4250000000
-1.0000000000 0.0000000000 0.0000000000 400.0000000000
0.0000000000 0.0000000000 0.0000000000 1.0000000000

0.0000000000 0.0000000000 1.0000000000 500.0000000000
0.0000000000 1.0000000000 0.0000000000 -17.4000000000
-1.0000000000 0.0000000000 0.0000000000 400.0000000000
0.0000000000 0.0000000000 0.0000000000 1.0000000000

0.0000000000 0.0000000000 1.0000000000 500.0000000000
0.0000000000 1.0000000000 0.0000000000 -17.3750000000
-1.0000000000 0.0000000000 0.0000000000 400.0000000000
0.0000000000 0.0000000000 0.0000000000 1.0000000000

0.0000000000 0.0000000000 1.0000000000 500.0000000000
0.0000000000 1.0000000000 0.0000000000 -17.3500000000
-1.0000000000 0.0000000000 0.0000000000 400.0000000000
0.0000000000 0.0000000000 0.0000000000 1.0000000000

0.0000000000 0.0000000000 1.0000000000 500.0000000000
0.0000000000 1.0000000000 0.0000000000 -17.3250000000
-1.0000000000 0.0000000000 0.0000000000 400.0000000000
0.0000000000 0.0000000000 0.0000000000 1.0000000000

0.0000000000 0.0000000000 1.0000000000 500.0000000000
0.0000000000 1.0000000000 0.0000000000 -17.3000000000
-1.0000000000 0.0000000000 0.0000000000 400.0000000000
0.0000000000 0.0000000000 0.0000000000 1.0000000000

0.0000000000 0.0000000000 1.0000000000 500.0000000000
0.0000000000 1.0000000000 0.0000000000 -17.2750000000
-1.0000000000 0.0000000000 0.0000000000 400.0000000000
0.0000000000 0.0000000000 0.0000000000 1.0000000000

0.0000000000 0.0000000000 1.0000000000 500.0000000000
0.0000000000 1.0000000000 0.0000000000 -17.2500000000
-1.0000000000 0.0000000000 0.0000000000 400.0000000000
0.0000000000 0.0000000000 0.0000000000 1.0000000000

0.0000000000 0.0000000000 1.0000000000 500.0000000000
0.0000000000 1.0000000000 0.0000000000 -17.2250000000
-1.0000000000 0.0000000000 0.0000000000 400.0000000000
0.0000000000 0.0000000000 0.0000000000 1.0000000000

0.0000000000 0.0000000000 1.0000000000 500.0000000000
0.0000000000 1.0000000000 0.0000000000 -17.2000000000
-1.0000000000 0.0000000000 0.0000000000 400.0000000000
0.0000000000 0.0000000000 0.0000000000 1.0000000000

0.0000000000 0.0000000000 1.0000000000 500.0000000000
0.0000000000 1.0000000000 0.0000000000 -17.1750000000
-1.0000000000 0.0000000000 0.0000000000 400.0000000000
0.0000000000 0.0000000000 0.0000000000 1.0000000000

0.0000000000 0.0000000000 1.0000000000 500.0000000000
0.0000000000 1.0000000000 0.0000000000 -17.1500000000
-1.0000000000 0.0000000000 0.0000000000 400.0000000000
0.0000000000 0.0000000000 0.0000000000 1.0000000000

0.0000000000 0.0000000000 1.0000000000 500.0000000000
0.0000000000 1.0000000000 0.0000000000 -17.1250000000
-1.0000000000 0.0000000000 0.0000000000 400.0000000000
0.0000000000 0.0000000000 0.0000000000 1.0000000000

0.0000000000 0.0000000000 1.0000000000 500.0000000000
0.0000000000 1.0000000000 0.0000000000 -17.1000000000
-1.0000000000 0.0000000000 0.0000000000 400.0000000000
0.0000000000 0.0000000000 0.0000000000 1.0000000000

0.0000000000 0.0000000000 1.0000000000 500.0000000000
0.0000000000 1.0000000000 0.0000000000 -17.0750000000
-1.0000000000 0.0000000000 0.0000000000 400.0000000000
0.0000000000 0.0000000000 0.0000000000 1.0000000000

0.0000000000 0.0000000000 1.0000000000 500.0000000000
0.0000000000 1.0000000000 0.0000000000 -17.0500000000
-1.0000000000 0.0000000000 0.0000000000 400.0000000000
0.0000000000 0.0000000000 0.0000000000 1.0000000000

0.0000000000 0.0000000000 1.0000000000 500.0000000000
0.0000000000 1.0000000000 0.0000000000 -17.0250000000
-1.0000000000 0.0000000000 0.0000000000 400.0000000000
0.0000000000 0.0000000000 0.0000000000 1.0000000000

0.0000000000 0.0000000000 1.0000000000 500.0000000000
0.0000000000 1.0000000000 0.0000000000 -17.0000000000
-1.0000000000 0.0000000000 0.0000000000 400.0000000000
0.0000000000 0.0000000000 0.0000000000 1.0000000000

0.0000000000 0.0000000000 1.0000000000 500.0000000000
0.0000000000 1.0000000000 0.0000000000 -16.9750000000
-1.0000000000 0.0000000000 0.0000000000 400.0000000000
0.0000000000 0.0000000000 0.0000000000 1.0000000000

0.0000000000 0.0000000000 1.0000000000 500.0000000000
0.0000000000 1.0000000000 0.0000000000 -16.9500000000
-1.0000000000 0.0000000000 0.0000000000 400.0000000000
0.0000000000 0.0000000000 0.0000000000 1.0000000000

0.0000000000 0.0000000000 1.0000000000 500.0000000000
0.0000000000 1.0000000000 0.0000000000 -16.9250000000
-1.0000000000 0.0000000000 0.0000000000 400.0000000000
0.0000000000 0.0000000000 0.0000000000 1.0000000000

0.0000000000 0.0000000000 1.0000000000 500.0000000000
0.0000000000 1.0000000000 0.0000000000 -16.9000000000
-1.0000000000 0.0000000000 0.0000000000 400.0000000000
0.0000000000 0.0000000000 0.0000000000 1.0000000000

0.0000000000 0.0000000000 1.0000000000 500.0000000000
0.0000000000 1.0000000000 0.0000000000 -16.8750000000
-1.0000000000 0.0000000000 0.0000000000 400.0000000000
0.0000000000 0.0000000000 0.0000000000 1.0000000000

0.0000000000 0.0000000000 1.0000000000 500.0000000000
0.0000000000 1.0000000000 0.0000000000 -16.8500000000
-1.0000000000 0.0000000000 0.0000000000 400.0000000000
0.0000000000 0.0000000000 0.0000000000 1.0000000000

0.0000000000 0.0000000000 1.0000000000 500.0000000000
0.0000000000 1.0000000000 0.0000000000 -16.8250000000
-1.0000000000 0.0000000000 0.0000000000 400.0000000000
0.0000000000 0.0000000000 0.0000000000 1.0000000000

0.0000000000 0.0000000000 1.0000000000 500.0000000000
0.0000000000 1.0000000000 0.0000000000 -16.8000000000
-1.0000000000 0.0000000000 0.0000000000 400.0000000000
0.0000000000 0.0000000000 0.0000000000 1.0000000000

0.0000000000 0.0000000000 1.0000000000 500.0000000000
0.0000000000 1.0000000000 0.0000000000 -16.7750000000
-1.0000000000 0.0000000000 0.0000000000 400.0000000000
0.0000000000 0.0000000000 0.0000000000 1.0000000000

0.0000000000 0.0000000000 1.0000000000 500.0000000000
0.0000000000 1.0000000000 0.0000000000 -16.7500000000
-1.0000000000 0.0000000000 0.0000000000 400.0000000000
0.0000000000 0.0000000000 0.0000000000 1.0000000000

0.0000000000 0.0000000000 1.0000000000 500.0000000000
0.0000000000 1.0000000000 0.0000000000 -16.7250000000
-1.0000000000 0.0000000000 0.0000000000 400.0000000000
0.0000000000 0.0000000000 0.0000000000 1.0000000000

0.0000000000 0.0000000000 1.0000000000 500.0000000000
0.0000000000 1.0000000000 0.0000000000 -16.7000000000
-1.0000000000 0.0000000000 0.0000000000 400.0000000000
0.0000000000 0.0000000000 0.0000000000 1.0000000000

0.0000000000 0.0000000000 1.0000000000 500.0000000000
0.0000000000 1.0000000000 0.0000000000 -16.6750000000
-1.0000000000 0.0000000000 0.0000000000 400.0000000000
0.0000000000 0.0000000000 0.0000000000 1.0000000000

0.0000000000 0.0000000000 1.0000000000 500.0000000000
0.0000000000 1.0000000000 0.0000000000 -16.6500000000
-1.0000000000 0.0000000000 0.0000000000 400.0000000000
0.0000000000 0.0000000000 0.0000000000 1.0000000000

0.0000000000 0.0000000000 1.0000000000 500.0000000000
0.0000000000 1.0000000000 0.0000000000 -16.6250000000
-1.0000000000 0.0000000000 0.0000000000 400.0000000000
0.0000000000 0.0000000000 0.0000000000 1.0000000000

0.0000000000 0.0000000000 1.0000000000 500.0000000000
0.0000000000 1.0000000000 0.0000000000 -16.6000000000
-1.0000000000 0.0000000000 0.0000000000 400.0000000000
0.0000000000 0.0000000000 0.0000000000 1.0000000000

0.0000000000 0.0000000000 1.0000000000 500.0000000000
0.0000000000 1.0000000000 0.0000000000 -16.5750000000
-1.0000000000 0.0000000000 0.0000000000 400.0000000000
0.0000000000 0.0000000000 0.0000000000 1.0000000000

0.0000000000 0.0000000000 1.0000000000 500.0000000000
0.0000000000 1.0000000000 0.0000000000 -16.5500000000
-1.0000000000 0.0000000000 0.0000000000 400.0000000000
0.0000000000 0.0000000000 0.0000000000 1.0000000000

0.0000000000 0.0000000000 1.0000000000 500.0000000000
0.0000000000 1.0000000000 0.0000000000 -16.5250000000
-1.0000000000 0.0000000000 0.0000000000 400.0000000000
0.0000000000 0.0000000000 0.0000000000 1.0000000000

0.0000000000 0.0000000000 1.0000000000 500.0000000000
0.0000000000 1.0000000000 0.0000000000 -16.5000000000
-1.0000000000 0.0000000000 0.0000000000 400.0000000000
0.0000000000 0.0000000000 0.0000000000 1.0000000000

0.0000000000 0.0000000000 1.0000000000 500.0000000000
0.0000000000 1.0000000000 0.0000000000 -16.4750000000
-1.0000000000 0.0000000000 0.0000000000 400.0000000000
0.0000000000 0.0000000000 0.0000000000 1.0000000000

0.0000000000 0.0000000000 1.0000000000 500.0000000000
0.0000000000 1.0000000000 0.0000000000 -16.4500000000
-1.0000000000 0.0000000000 0.0000000000 400.0000000000
0.0000000000 0.0000000000 0.0000000000 1.0000000000

0.0000000000 0.0000000000 1.0000000000 500.0000000000
0.0000000000 1.0000000000 0.0000000000 -16.4250000000
-1.0000000000 0.0000000000 0.0000000000 400.0000000000
0.0000000000 0.0000000000 0.0000000000 1.0000000000

0.0000000000 0.0000000000 1.0000000000 500.0000000000
0.0000000000 1.0000000000 0.0000000000 -16.4000000000
-1.0000000000 0.0000000000 0.0000000000 400.0000000000
0.0000000000 0.0000000000 0.0000000000 1.0000000000

0.0000000000 0.0000000000 1.0000000000 500.0000000000
0.0000000000 1.0000000000 0.0000000000 -16.3750000000
-1.0000000000 0.0000000000 0.0000000000 400.0000000000
0.0000000000 0.0000000000 0.0000000000 1.0000000000

0.0000000000 0.0000000000 1.0000000000 500.0000000000
0.0000000000 1.0000000000 0.0000000000 -16.3500000000
-1.0000000000 0.0000000000 0.0000000000 400.0000000000
0.0000000000 0.0000000000 0.0000000000 1.0000000000

0.0000000000 0.0000000000 1.0000000000 500.0000000000
0.0000000000 1.0000000000 0.0000000000 -16.3250000000
-1.0000000000 0.0000000000 0.0000000000 400.0000000000
0.0000000000 0.0000000000 0.0000000000 1.0000000000

0.0000000000 0.0000000000 1.0000000000 500.0000000000
0.0000000000 1.0000000000 0.0000000000 -16.3000000000
-1.0000000000 0.0000000000 0.0000000000 400.0000000000
0.0000000000 0.0000000000 0.0000000000 1.0000000000

0.0000000000 0.0000000000 1.0000000000 500.0000000000
0.0000000000 1.0000000000 0.0000000000 -16.2750000000
-1.0000000000 0.0000000000 0.0000000000 400.0000000000
0.0000000000 0.0000000000 0.0000000000 1.0000000000

0.0000000000 0.0000000000 1.0000000000 500.0000000000
0.0000000000 1.0000000000 0.0000000000 -16.2500000000
-1.0000000000 0.0000000000 0.0000000000 400.0000000000
0.0000000000 0.0000000000 0.0000000000 1.0000000000

0.0000000000 0.0000000000 1.0000000000 500.0000000000
0.0000000000 1.0000000000 0.0000000000 -16.2250000000
-1.0000000000 0.0000000000 0.0000000000 400.0000000000
0.0000000000 0.0000000000 0.0000000000 1.0000000000

0.0000000000 0.0000000000 1.0000000000 500.0000000000
0.0000000000 1.0000000000 0.0000000000 -16.2000000000
-1.0000000000 0.0000000000 0.0000000000 400.0000000000
0.0000000000 0.0000000000 0.0000000000 1.0000000000

0.0000000000 0.0000000000 1.0000000000 500.0000000000
0.0000000000 1.0000000000 0.0000000000 -16.1750000000
-1.0000000000 0.0000000000 0.0000000000 400.0000000000
0.0000000000 0.0000000000 0.0000000000 1.0000000000

0.0000000000 0.0000000000 1.0000000000 500.0000000000
0.0000000000 1.0000000000 0.0000000000 -16.1500000000
-1.0000000000 0.0000000000 0.0000000000 400.0000000000
0.0000000000 0.0000000000 0.0000000000 1.0000000000

0.0000000000 0.0000000000 1.0000000000 500.0000000000
0.0000000000 1.0000000000 0.0000000000 -16.1250000000
-1.0000000000 0.0000000000 0.0000000000 400.0000000000
0.0000000000 0.0000000000 0.0000000000 1.0000000000

0.0000000000 0.0000000000 1.0000000000 500.0000000000
0.0000000000 1.0000000000 0.0000000000 -16.1000000000
-1.0000000000 0.0000000000 0.0000000000 400.0000000000
0.0000000000 0.0000000000 0.0000000000 1.0000000000

0.0000000000 0.0000000000 1.0000000000 500.0000000000
0.0000000000 1.0000000000 0.0000000000 -16.0750000000
-1.0000000000 0.0000000000 0.0000000000 400.0000000000
0.0000000000 0.0000000000 0.0000000000 1.0000000000

0.0000000000 0.0000000000 1.0000000000 500.0000000000
0.0000000000 1.0000000000 0.0000000000 -16.0500000000
-1.0000000000 0.0000000000 0.0000000000 400.0000000000
0.0000000000 0.0000000000 0.0000000000 1.0000000000

0.0000000000 0.0000000000 1.0000000000 500.0000000000
0.0000000000 1.0000000000 0.0000000000 -16.0250000000
-1.0000000000 0.0000000000 0.0000000000 400.0000000000
0.0000000000 0.0000000000 0.0000000000 1.0000000000

0.0000000000 0.0000000000 1.0000000000 500.0000000000
0.0000000000 1.0000000000 0.0000000000 -16.0000000000
-1.0000000000 0.0000000000 0.0000000000 400.0000000000
0.0000000000 0.0000000000 0.0000000000 1.0000000000

0.0000000000 0.0000000000 1.0000000000 500.0000000000
0.0000000000 1.0000000000 0.0000000000 -15.9750000000
-1.0000000000 0.0000000000 0.0000000000 400.0000000000
0.0000000000 0.0000000000 0.0000000000 1.0000000000

0.0000000000 0.0000000000 1.0000000000 500.0000000000
0.0000000000 1.0000000000 0.0000000000 -15.9500000000
-1.0000000000 0.0000000000 0.0000000000 400.0000000000
0.0000000000 0.0000000000 0.0000000000 1.0000000000

0.0000000000 0.0000000000 1.0000000000 500.0000000000
0.0000000000 1.0000000000 0.0000000000 -15.9250000000
-1.0000000000 0.0000000000 0.0000000000 400.0000000000
0.0000000000 0.0000000000 0.0000000000 1.0000000000

0.0000000000 0.0000000000 1.0000000000 500.0000000000
0.0000000000 1.0000000000 0.0000000000 -15.9000000000
-1.0000000000 0.0000000000 0.0000000000 400.0000000000
0.0000000000 0.0000000000 0.0000000000 1.0000000000

0.0000000000 0.0000000000 1.0000000000 500.0000000000
0.0000000000 1.0000000000 0.0000000000 -15.8750000000
-1.0000000000 0.0000000000 0.0000000000 400.0000000000
0.0000000000 0.0000000000 0.0000000000 1.0000000000

0.0000000000 0.0000000000 1.0000000000 500.0000000000
0.0000000000 1.0000000000 0.0000000000 -15.8500000000
-1.0000000000 0.0000000000 0.0000000000 400.0000000000
0.0000000000 0.0000000000 0.0000000000 1.0000000000

0.0000000000 0.0000000000 1.0000000000 500.0000000000
0.0000000000 1.0000000000 0.0000000000 -15.8250000000
-1.0000000000 0.0000000000 0.0000000000 400.0000000000
0.0000000000 0.0000000000 0.0000000000 1.0000000000

0.0000000000 0.0000000000 1.0000000000 500.0000000000
0.0000000000 1.0000000000 0.0000000000 -15.8000000000
-1.0000000000 0.0000000000 0.0000000000 400.0000000000
0.0000000000 0.0000000000 0.0000000000 1.0000000000

0.0000000000 0.0000000000 1.0000000000 500.0000000000
0.0000000000 1.0000000000 0.0000000000 -15.7750000000
-1.0000000000 0.0000000000 0.0000000000 400.0000000000
0.0000000000 0.0000000000 0.0000000000 1.0000000000

0.0000000000 0.0000000000 1.0000000000 500.0000000000
0.0000000000 1.0000000000 0.0000000000 -15.7500000000
-1.0000000000 0.0000000000 0.0000000000 400.0000000000
0.0000000000 0.0000000000 0.0000000000 1.0000000000

0.0000000000 0.0000000000 1.0000000000 500.0000000000
0.0000000000 1.0000000000 0.0000000000 -15.7250000000
-1.0000000000 0.0000000000 0.0000000000 400.0000000000
0.0000000000 0.0000000000 0.0000000000 1.0000000000

0.0000000000 0.0000000000 1.0000000000 500.0000000000
0.0000000000 1.0000000000 0.0000000000 -15.7000000000
-1.0000000000 0.0000000000 0.0000000000 400.0000000000
0.0000000000 0.0000000000 0.0000000000 1.0000000000

0.0000000000 0.0000000000 1.0000000000 500.0000000000
0.0000000000 1.0000000000 0.0000000000 -15.6750000000
-1.0000000000 0.0000000000 0.0000000000 400.0000000000
0.0000000000 0.0000000000 0.0000000000 1.0000000000

0.0000000000 0.0000000000 1.0000000000 500.0000000000
0.0000000000 1.0000000000 0.0000000000 -15.6500000000
-1.0000000000 0.0000000000 0.0000000000 400.0000000000
0.0000000000 0.0000000000 0.0000000000 1.0000000000

0.0000000000 0.0000000000 1.0000000000 500.0000000000
0.0000000000 1.0000000000 0.0000000000 -15.6250000000
-1.0000000000 0.0000000000 0.0000000000 400.0000000000
0.0000000000 0.0000000000 0.0000000000 1.0000000000

0.0000000000 0.0000000000 1.0000000000 500.0000000000
0.0000000000 1.0000000000 0.0000000000 -15.6000000000
-1.0000000000 0.0000000000 0.0000000000 400.0000000000
0.0000000000 0.0000000000 0.0000000000 1.0000000000

0.0000000000 0.0000000000 1.0000000000 500.0000000000
0.0000000000 1.0000000000 0.0000000000 -15.5750000000
-1.0000000000 0.0000000000 0.0000000000 400.0000000000
0.0000000000 0.0000000000 0.0000000000 1.0000000000

0.0000000000 0.0000000000 1.0000000000 500.0000000000
0.0000000000 1.0000000000 0.0000000000 -15.5500000000
-1.0000000000 0.0000000000 0.0000000000 400.0000000000
0.0000000000 0.0000000000 0.0000000000 1.0000000000

0.0000000000 0.0000000000 1.0000000000 500.0000000000
0.0000000000 1.0000000000 0.0000000000 -15.5250000000
-1.0000000000 0.0000000000 0.0000000000 400.0000000000
0.0000000000 0.0000000000 0.0000000000 1.0000000000

0.0000000000 0.0000000000 1.0000000000 500.0000000000
0.0000000000 1.0000000000 0.0000000000 -15.5000000000
-1.0000000000 0.0000000000 0.0000000000 400.0000000000
0.0000000000 0.0000000000 0.0000000000 1.0000000000

0.0000000000 0.0000000000 1.0000000000 500.0000000000
0.0000000000 1.0000000000 0.0000000000 -15.4750000000
-1.0000000000 0.0000000000 0.0000000000 400.0000000000
0.0000000000 0.0000000000 0.0000000000 1.0000000000

0.0000000000 0.0000000000 1.0000000000 500.0000000000
0.0000000000 1.0000000000 0.0000000000 -15.4500000000
-1.0000000000 0.0000000000 0.0000000000 400.0000000000
0.0000000000 0.0000000000 0.0000000000 1.0000000000

0.0000000000 0.0000000000 1.0000000000 500.0000000000
0.0000000000 1.0000000000 0.0000000000 -15.4250000000
-1.0000000000 0.0000000000 0.0000000000 400.0000000000
0.0000000000 0.0000000000 0.0000000000 1.0000000000

0.0000000000 0.0000000000 1.0000000000 500.0000000000
0.0000000000 1.0000000000 0.0000000000 -15.4000000000
-1.0000000000 0.0000000000 0.0000000000 400.0000000000
0.0000000000 0.0000000000 0.0000000000 1.0000000000

0.0000000000 0.0000000000 1.0000000000 500.0000000000
0.0000000000 1.0000000000 0.0000000000 -15.3750000000
-1.0000000000 0.0000000000 0.0000000000 400.0000000000
0.0000000000 0.0000000000 0.0000000000 1.0000000000

0.0000000000 0.0000000000 1.0000000000 500.0000000000
0.0000000000 1.0000000000 0.0000000000 -15.3500000000
-1.0000000000 0.0000000000 0.0000000000 400.0000000000
0.0000000000 0.0000000000 0.0000000000 1.0000000000

0.0000000000 0.0000000000 1.0000000000 500.0000000000
0.0000000000 1.0000000000 0.0000000000 -15.3250000000
-1.0000000000 0.0000000000 0.0000000000 400.0000000000
0.0000000000 0.0000000000 0.0000000000 1.0000000000

0.0000000000 0.0000000000 1.0000000000 500.0000000000
0.0000000000 1.0000000000 0.0000000000 -15.3000000000
-1.0000000000 0.0000000000 0.0000000000 400.0000000000
0.0000000000 0.0000000000 0.0000000000 1.0000000000

0.0000000000 0.0000000000 1.0000000000 500.0000000000
0.0000000000 1.0000000000 0.0000000000 -15.2750000000
-1.0000000000 0.0000000000 0.0000000000 400.0000000000
0.0000000000 0.0000000000 0.0000000000 1.0000000000

0.0000000000 0.0000000000 1.0000000000 500.0000000000
0.0000000000 1.0000000000 0.0000000000 -15.2500000000
-1.0000000000 0.0000000000 0.0000000000 400.0000000000
0.0000000000 0.0000000000 0.0000000000 1.0000000000

0.0000000000 0.0000000000 1.0000000000 500.0000000000
0.0000000000 1.0000000000 0.0000000000 -15.2250000000
-1.0000000000 0.0000000000 0.0000000000 400.0000000000
0.0000000000 0.0000000000 0.0000000000 1.0000000000

0.0000000000 0.0000000000 1.0000000000 500.0000000000
0.0000000000 1.0000000000 0.0000000000 -15.2000000000
-1.0000000000 0.0000000000 0.0000000000 400.0000000000
0.0000000000 0.0000000000 0.0000000000 1.0000000000

0.0000000000 0.0000000000 1.0000000000 500.0000000000
0.0000000000 1.0000000000 0.0000000000 -15.1750000000
-1.0000000000 0.0000000000 0.0000000000 400.0000000000
0.0000000000 0.0000000000 0.0000000000 1.0000000000

0.0000000000 0.0000000000 1.0000000000 500.0000000000
0.0000000000 1.0000000000 0.0000000000 -15.1500000000
-1.0000000000 0.0000000000 0.0000000000 400.0000000000
0.0000000000 0.0000000000 0.0000000000 1.0000000000

0.0000000000 0.0000000000 1.0000000000 500.0000000000
0.0000000000 1.0000000000 0.0000000000 -15.1250000000
-1.0000000000 0.0000000000 0.0000000000 400.0000000000
0.0000000000 0.0000000000 0.0000000000 1.0000000000

0.0000000000 0.0000000000 1.0000000000 500.0000000000
0.0000000000 1.0000000000 0.0000000000 -15.1000000000
-1.0000000000 0.0000000000 0.0000000000 400.0000000000
0.0000000000 0.0000000000 0.0000000000 1.0000000000

0.0000000000 0.0000000000 1.0000000000 500.0000000000
0.0000000000 1.0000000000 0.0000000000 -15.0750000000
-1.0000000000 0.0000000000 0.0000000000 400.0000000000
0.0000000000 0.0000000000 0.0000000000 1.0000000000

0.0000000000 0.0000000000 1.0000000000 500.0000000000
0.0000000000 1.0000000000 0.0000000000 -15.0500000000
-1.0000000000 0.0000000000 0.0000000000 400.0000000000
0.0000000000 0.0000000000 0.0000000000 1.0000000000

0.0000000000 0.0000000000 1.0000000000 500.0000000000
0.0000000000 1.0000000000 0.0000000000 -15.0250000000
-1.0000000000 0.0000000000 0.0000000000 400.0000000000
0.0000000000 0.0000000000 0.0000000000 1.0000000000

0.0000000000 0.0000000000 1.0000000000 500.0000000000
0.0000000000 1.0000000000 0.0000000000 -15.0000000000
-1.0000000000 0.0000000000 0.0000000000 400.0000000000
0.0000000000 0.0000000000 0.0000000000 1.0000000000

0.0000000000 0.0000000000 1.0000000000 500.0000000000
0.0000000000 1.0000000000 0.0000000000 -14.9750000000
-1.0000000000 0.0000000000 0.0000000000 400.0000000000
0.0000000000 0.0000000000 0.0000000000 1.0000000000

0.0000000000 0.0000000000 1.0000000000 500.0000000000
0.0000000000 1.0000000000 0.0000000000 -14.9500000000
-1.0000000000 0.0000000000 0.0000000000 400.0000000000
0.0000000000 0.0000000000 0.0000000000 1.0000000000

0.0000000000 0.0000000000 1.0000000000 500.0000000000
0.0000000000 1.0000000000 0.0000000000 -14.9250000000
-1.0000000000 0.0000000000 0.0000000000 400.0000000000
0.0000000000 0.0000000000 0.0000000000 1.0000000000

0.0000000000 0.0000000000 1.0000000000 500.0000000000
0.0000000000 1.0000000000 0.0000000000 -14.9000000000
-1.0000000000 0.0000000000 0.0000000000 400.0000000000
0.0000000000 0.0000000000 0.0000000000 1.0000000000

0.0000000000 0.0000000000 1.0000000000 500.0000000000
0.0000000000 1.0000000000 0.0000000000 -14.8750000000
-1.0000000000 0.0000000000 0.0000000000 400.0000000000
0.0000000000 0.0000000000 0.0000000000 1.0000000000

0.0000000000 0.0000000000 1.0000000000 500.0000000000
0.0000000000 1.0000000000 0.0000000000 -14.8500000000
-1.0000000000 0.0000000000 0.0000000000 400.0000000000
0.0000000000 0.0000000000 0.0000000000 1.0000000000

0.0000000000 0.0000000000 1.0000000000 500.0000000000
0.0000000000 1.0000000000 0.0000000000 -14.8250000000
-1.0000000000 0.0000000000 0.0000000000 400.0000000000
0.0000000000 0.0000000000 0.0000000000 1.0000000000

0.0000000000 0.0000000000 1.0000000000 500.0000000000
0.0000000000 1.0000000000 0.0000000000 -14.8000000000
-1.0000000000 0.0000000000 0.0000000000 400.0000000000
0.0000000000 0.0000000000 0.0000000000 1.0000000000

0.0000000000 0.0000000000 1.0000000000 500.0000000000
0.0000000000 1.0000000000 0.0000000000 -14.7750000000
-1.0000000000 0.0000000000 0.0000000000 400.0000000000
0.0000000000 0.0000000000 0.0000000000 1.0000000000

0.0000000000 0.0000000000 1.0000000000 500.0000000000
0.0000000000 1.0000000000 0.0000000000 -14.7500000000
-1.0000000000 0.0000000000 0.0000000000 400.0000000000
0.0000000000 0.0000000000 0.0000000000 1.0000000000

0.0000000000 0.0000000000 1.0000000000 500.0000000000
0.0000000000 1.0000000000 0.0000000000 -14.7250000000
-1.0000000000 0.0000000000 0.0000000000 400.0000000000
0.0000000000 0.0000000000 0.0000000000 1.0000000000

0.0000000000 0.0000000000 1.0000000000 500.0000000000
0.0000000000 1.0000000000 0.0000000000 -14.7000000000
-1.0000000000 0.0000000000 0.0000000000 400.0000000000
0.0000000000 0.0000000000 0.0000000000 1.0000000000

0.0000000000 0.0000000000 1.0000000000 500.0000000000
0.0000000000 1.0000000000 0.0000000000 -14.6750000000
-1.0000000000 0.0000000000 0.0000000000 400.0000000000
0.0000000000 0.0000000000 0.0000000000 1.0000000000

0.0000000000 0.0000000000 1.0000000000 500.0000000000
0.0000000000 1.0000000000 0.0000000000 -14.6500000000
-1.0000000000 0.0000000000 0.0000000000 400.0000000000
0.0000000000 0.0000000000 0.0000000000 1.0000000000

0.0000000000 0.0000000000 1.0000000000 500.0000000000
0.0000000000 1.0000000000 0.0000000000 -14.6250000000
-1.0000000000 0.0000000000 0.0000000000 400.0000000000
0.0000000000 0.0000000000 0.0000000000 1.0000000000

0.0000000000 0.0000000000 1.0000000000 500.0000000000
0.0000000000 1.0000000000 0.0000000000 -14.6000000000
-1.0000000000 0.0000000000 0.0000000000 400.0000000000
0.0000000000 0.0000000000 0.0000000000 1.0000000000

0.0000000000 0.0000000000 1.0000000000 500.0000000000
0.0000000000 1.0000000000 0.0000000000 -14.5750000000
-1.0000000000 0.0000000000 0.0000000000 400.0000000000
0.0000000000 0.0000000000 0.0000000000 1.0000000000

0.0000000000 0.0000000000 1.0000000000 500.0000000000
0.0000000000 1.0000000000 0.0000000000 -14.5500000000
-1.0000000000 0.0000000000 0.0000000000 400.0000000000
0.0000000000 0.0000000000 0.0000000000 1.0000000000

0.0000000000 0.0000000000 1.0000000000 500.0000000000
0.0000000000 1.0000000000 0.0000000000 -14.5250000000
-1.0000000000 0.0000000000 0.0000000000 400.0000000000
0.0000000000 0.0000000000 0.0000000000 1.0000000000

0.0000000000 0.0000000000 1.0000000000 500.0000000000
0.0000000000 1.0000000000 0.0000000000 -14.5000000000
-1.0000000000 0.0000000000 0.0000000000 400.0000000000
0.0000000000 0.0000000000 0.0000000000 1.0000000000

0.0000000000 0.0000000000 1.0000000000 500.0000000000
0.0000000000 1.0000000000 0.0000000000 -14.4750000000
-1.0000000000 0.0000000000 0.0000000000 400.0000000000
0.0000000000 0.0000000000 0.0000000000 1.0000000000

0.0000000000 0.0000000000 1.0000000000 500.0000000000
0.0000000000 1.0000000000 0.0000000000 -14.4500000000
-1.0000000000 0.0000000000 0.0000000000 400.0000000000
0.0000000000 0.0000000000 0.0000000000 1.0000000000

0.0000000000 0.0000000000 1.0000000000 500.0000000000
0.0000000000 1.0000000000 0.0000000000 -14.4250000000
-1.0000000000 0.0000000000 0.0000000000 400.0000000000
0.0000000000 0.0000000000 0.0000000000 1.0000000000

0.0000000000 0.0000000000 1.0000000000 500.0000000000
0.0000000000 1.0000000000 0.0000000000 -14.4000000000
-1.0000000000 0.0000000000 0.0000000000 400.0000000000
0.0000000000 0.0000000000 0.0000000000 1.0000000000

0.0000000000 0.0000000000 1.0000000000 500.0000000000
0.0000000000 1.0000000000 0.0000000000 -14.3750000000
-1.0000000000 0.0000000000 0.0000000000 400.0000000000
0.0000000000 0.0000000000 0.0000000000 1.0000000000

0.0000000000 0.0000000000 1.0000000000 500.0000000000
0.0000000000 1.0000000000 0.0000000000 -14.3500000000
-1.0000000000 0.0000000000 0.0000000000 400.0000000000
0.0000000000 0.0000000000 0.0000000000 1.0000000000

0.0000000000 0.0000000000 1.0000000000 500.0000000000
0.0000000000 1.0000000000 0.0000000000 -14.3250000000
-1.0000000000 0.0000000000 0.0000000000 400.0000000000
0.0000000000 0.0000000000 0.0000000000 1.0000000000

0.0000000000 0.0000000000 1.0000000000 500.0000000000
0.0000000000 1.0000000000 0.0000000000 -14.3000000000
-1.0000000000 0.0000000000 0.0000000000 400.0000000000
0.0000000000 0.0000000000 0.0000000000 1.0000000000

0.0000000000 0.0000000000 1.0000000000 500.0000000000
0.0000000000 1.0000000000 0.0000000000 -14.2750000000
-1.0000000000 0.0000000000 0.0000000000 400.0000000000
0.0000000000 0.0000000000 0.0000000000 1.0000000000

0.0000000000 0.0000000000 1.0000000000 500.0000000000
0.0000000000 1.0000000000 0.0000000000 -14.2500000000
-1.0000000000 0.0000000000 0.0000000000 400.0000000000
0.0000000000 0.0000000000 0.0000000000 1.0000000000

0.0000000000 0.0000000000 1.0000000000 500.0000000000
0.0000000000 1.0000000000 0.0000000000 -14.2250000000
-1.0000000000 0.0000000000 0.0000000000 400.0000000000
0.0000000000 0.0000000000 0.0000000000 1.0000000000

0.0000000000 0.0000000000 1.0000000000 500.0000000000
0.0000000000 1.0000000000 0.0000000000 -14.2000000000
-1.0000000000 0.0000000000 0.0000000000 400.0000000000
0.0000000000 0.0000000000 0.0000000000 1.0000000000

0.0000000000 0.0000000000 1.0000000000 500.0000000000
0.0000000000 1.0000000000 0.0000000000 -14.1750000000
-1.0000000000 0.0000000000 0.0000000000 400.0000000000
0.0000000000 0.0000000000 0.0000000000 1.0000000000

0.0000000000 0.0000000000 1.0000000000 500.0000000000
0.0000000000 1.0000000000 0.0000000000 -14.1500000000
-1.0000000000 0.0000000000 0.0000000000 400.0000000000
0.0000000000 0.0000000000 0.0000000000 1.0000000000

0.0000000000 0.0000000000 1.0000000000 500.0000000000
0.0000000000 1.0000000000 0.0000000000 -14.1250000000
-1.0000000000 0.0000000000 0.0000000000 400.0000000000
0.0000000000 0.0000000000 0.0000000000 1.0000000000

0.0000000000 0.0000000000 1.0000000000 500.0000000000
0.0000000000 1.0000000000 0.0000000000 -14.1000000000
-1.0000000000 0.0000000000 0.0000000000 400.0000000000
0.0000000000 0.0000000000 0.0000000000 1.0000000000

0.0000000000 0.0000000000 1.0000000000 500.0000000000
0.0000000000 1.0000000000 0.0000000000 -14.0750000000
-1.0000000000 0.0000000000 0.0000000000 400.0000000000
0.0000000000 0.0000000000 0.0000000000 1.0000000000

0.0000000000 0.0000000000 1.0000000000 500.0000000000
0.0000000000 1.0000000000 0.0000000000 -14.0500000000
-1.0000000000 0.0000000000 0.0000000000 400.0000000000
0.0000000000 0.0000000000 0.0000000000 1.0000000000

0.0000000000 0.0000000000 1.0000000000 500.0000000000
0.0000000000 1.0000000000 0.0000000000 -14.0250000000
-1.0000000000 0.0000000000 0.0000000000 400.0000000000
0.0000000000 0.0000000000 0.0000000000 1.0000000000

0.0000000000 0.0000000000 1.0000000000 500.0000000000
0.0000000000 1.0000000000 0.0000000000 -14.0000000000
-1.0000000000 0.0000000000 0.0000000000 400.0000000000
0.0000000000 0.0000000000 0.0000000000 1.0000000000

0.0000000000 0.0000000000 1.0000000000 500.0000000000
0.0000000000 1.0000000000 0.0000000000 -13.9750000000
-1.0000000000 0.0000000000 0.0000000000 400.0000000000
0.0000000000 0.0000000000 0.0000000000 1.0000000000

0.0000000000 0.0000000000 1.0000000000 500.0000000000
0.0000000000 1.0000000000 0.0000000000 -13.9500000000
-1.0000000000 0.0000000000 0.0000000000 400.0000000000
0.0000000000 0.0000000000 0.0000000000 1.0000000000

0.0000000000 0.0000000000 1.0000000000 500.0000000000
0.0000000000 1.0000000000 0.0000000000 -13.9250000000
-1.0000000000 0.0000000000 0.0000000000 400.0000000000
0.0000000000 0.0000000000 0.0000000000 1.0000000000

0.0000000000 0.0000000000 1.0000000000 500.0000000000
0.0000000000 1.0000000000 0.0000000000 -13.9000000000
-1.0000000000 0.0000000000 0.0000000000 400.0000000000
0.0000000000 0.0000000000 0.0000000000 1.0000000000

0.0000000000 0.0000000000 1.0000000000 500.0000000000
0.0000000000 1.0000000000 0.0000000000 -13.8750000000
-1.0000000000 0.0000000000 0.0000000000 400.0000000000
0.0000000000 0.0000000000 0.0000000000 1.0000000000

0.0000000000 0.0000000000 1.0000000000 500.0000000000
0.0000000000 1.0000000000 0.0000000000 -13.8500000000
-1.0000000000 0.0000000000 0.0000000000 400.0000000000
0.0000000000 0.0000000000 0.0000000000 1.0000000000

0.0000000000 0.0000000000 1.0000000000 500.0000000000
0.0000000000 1.0000000000 0.0000000000 -13.8250000000
-1.0000000000 0.0000000000 0.0000000000 400.0000000000
0.0000000000 0.0000000000 0.0000000000 1.0000000000

0.0000000000 0.0000000000 1.0000000000 500.0000000000
0.0000000000 1.0000000000 0.0000000000 -13.8000000000
-1.0000000000 0.0000000000 0.0000000000 400.0000000000
0.0000000000 0.0000000000 0.0000000000 1.0000000000

0.0000000000 0.0000000000 1.0000000000 500.0000000000
0.0000000000 1.0000000000 0.0000000000 -13.7750000000
-1.0000000000 0.0000000000 0.0000000000 400.0000000000
0.0000000000 0.0000000000 0.0000000000 1.0000000000

0.0000000000 0.0000000000 1.0000000000 500.0000000000
0.0000000000 1.0000000000 0.0000000000 -13.7500000000
-1.0000000000 0.0000000000 0.0000000000 400.0000000000
0.0000000000 0.0000000000 0.0000000000 1.0000000000

0.0000000000 0.0000000000 1.0000000000 500.0000000000
0.0000000000 1.0000000000 0.0000000000 -13.7250000000
-1.0000000000 0.0000000000 0.0000000000 400.0000000000
0.0000000000 0.0000000000 0.0000000000 1.0000000000

0.0000000000 0.0000000000 1.0000000000 500.0000000000
0.0000000000 1.0000000000 0.0000000000 -13.7000000000
-1.0000000000 0.0000000000 0.0000000000 400.0000000000
0.0000000000 0.0000000000 0.0000000000 1.0000000000

0.0000000000 0.0000000000 1.0000000000 500.0000000000
0.0000000000 1.0000000000 0.0000000000 -13.6750000000
-1.0000000000 0.0000000000 0.0000000000 400.0000000000
0.0000000000 0.0000000000 0.0000000000 1.0000000000

0.0000000000 0.0000000000 1.0000000000 500.0000000000
0.0000000000 1.0000000000 0.0000000000 -13.6500000000
-1.0000000000 0.0000000000 0.0000000000 400.0000000000
0.0000000000 0.0000000000 0.0000000000 1.0000000000

0.0000000000 0.0000000000 1.0000000000 500.0000000000
0.0000000000 1.0000000000 0.0000000000 -13.6250000000
-1.0000000000 0.0000000000 0.0000000000 400.0000000000
0.0000000000 0.0000000000 0.0000000000 1.0000000000

0.0000000000 0.0000000000 1.0000000000 500.0000000000
0.0000000000 1.0000000000 0.0000000000 -13.6000000000
-1.0000000000 0.0000000000 0.0000000000 400.0000000000
0.0000000000 0.0000000000 0.0000000000 1.0000000000

0.0000000000 0.0000000000 1.0000000000 500.0000000000
0.0000000000 1.0000000000 0.0000000000 -13.5750000000
-1.0000000000 0.0000000000 0.0000000000 400.0000000000
0.0000000000 0.0000000000 0.0000000000 1.0000000000

0.0000000000 0.0000000000 1.0000000000 500.0000000000
0.0000000000 1.0000000000 0.0000000000 -13.5500000000
-1.0000000000 0.0000000000 0.0000000000 400.0000000000
0.0000000000 0.0000000000 0.0000000000 1.0000000000

0.0000000000 0.0000000000 1.0000000000 500.0000000000
0.0000000000 1.0000000000 0.0000000000 -13.5250000000
-1.0000000000 0.0000000000 0.0000000000 400.0000000000
0.0000000000 0.0000000000 0.0000000000 1.0000000000

0.0000000000 0.0000000000 1.0000000000 500.0000000000
0.0000000000 1.0000000000 0.0000000000 -13.5000000000
-1.0000000000 0.0000000000 0.0000000000 400.0000000000
0.0000000000 0.0000000000 0.0000000000 1.0000000000

0.0000000000 0.0000000000 1.0000000000 500.0000000000
0.0000000000 1.0000000000 0.0000000000 -13.4750000000
-1.0000000000 0.0000000000 0.0000000000 400.0000000000
0.0000000000 0.0000000000 0.0000000000 1.0000000000

0.0000000000 0.0000000000 1.0000000000 500.0000000000
0.0000000000 1.0000000000 0.0000000000 -13.4500000000
-1.0000000000 0.0000000000 0.0000000000 400.0000000000
0.0000000000 0.0000000000 0.0000000000 1.0000000000

0.0000000000 0.0000000000 1.0000000000 500.0000000000
0.0000000000 1.0000000000 0.0000000000 -13.4250000000
-1.0000000000 0.0000000000 0.0000000000 400.0000000000
0.0000000000 0.0000000000 0.0000000000 1.0000000000

0.0000000000 0.0000000000 1.0000000000 500.0000000000
0.0000000000 1.0000000000 0.0000000000 -13.4000000000
-1.0000000000 0.0000000000 0.0000000000 400.0000000000
0.0000000000 0.0000000000 0.0000000000 1.0000000000

0.0000000000 0.0000000000 1.0000000000 500.0000000000
0.0000000000 1.0000000000 0.0000000000 -13.3750000000
-1.0000000000 0.0000000000 0.0000000000 400.0000000000
0.0000000000 0.0000000000 0.0000000000 1.0000000000

0.0000000000 0.0000000000 1.0000000000 500.0000000000
0.0000000000 1.0000000000 0.0000000000 -13.3500000000
-1.0000000000 0.0000000000 0.0000000000 400.0000000000
0.0000000000 0.0000000000 0.0000000000 1.0000000000

0.0000000000 0.0000000000 1.0000000000 500.0000000000
0.0000000000 1.0000000000 0.0000000000 -13.3250000000
-1.0000000000 0.0000000000 0.0000000000 400.0000000000
0.0000000000 0.0000000000 0.0000000000 1.0000000000

0.0000000000 0.0000000000 1.0000000000 500.0000000000
0.0000000000 1.0000000000 0.0000000000 -13.3000000000
-1.0000000000 0.0000000000 0.0000000000 400.0000000000
0.0000000000 0.0000000000 0.0000000000 1.0000000000

0.0000000000 0.0000000000 1.0000000000 500.0000000000
0.0000000000 1.0000000000 0.0000000000 -13.2750000000
-1.0000000000 0.0000000000 0.0000000000 400.0000000000
0.0000000000 0.0000000000 0.0000000000 1.0000000000

0.0000000000 0.0000000000 1.0000000000 500.0000000000
0.0000000000 1.0000000000 0.0000000000 -13.2500000000
-1.0000000000 0.0000000000 0.0000000000 400.0000000000
0.0000000000 0.0000000000 0.0000000000 1.0000000000

0.0000000000 0.0000000000 1.0000000000 500.0000000000
0.0000000000 1.0000000000 0.0000000000 -13.2250000000
-1.0000000000 0.0000000000 0.0000000000 400.0000000000
0.0000000000 0.0000000000 0.0000000000 1.0000000000

0.0000000000 0.0000000000 1.0000000000 500.0000000000
0.0000000000 1.0000000000 0.0000000000 -13.2000000000
-1.0000000000 0.0000000000 0.0000000000 400.0000000000
0.0000000000 0.0000000000 0.0000000000 1.0000000000

0.0000000000 0.0000000000 1.0000000000 500.0000000000
0.0000000000 1.0000000000 0.0000000000 -13.1750000000
-1.0000000000 0.0000000000 0.0000000000 400.0000000000
0.0000000000 0.0000000000 0.0000000000 1.0000000000

0.0000000000 0.0000000000 1.0000000000 500.0000000000
0.0000000000 1.0000000000 0.0000000000 -13.1500000000
-1.0000000000 0.0000000000 0.0000000000 400.0000000000
0.0000000000 0.0000000000 0.0000000000 1.0000000000

0.0000000000 0.0000000000 1.0000000000 500.0000000000
0.0000000000 1.0000000000 0.0000000000 -13.1250000000
-1.0000000000 0.0000000000 0.0000000000 400.0000000000
0.0000000000 0.0000000000 0.0000000000 1.0000000000

0.0000000000 0.0000000000 1.0000000000 500.0000000000
0.0000000000 1.0000000000 0.0000000000 -13.1000000000
-1.0000000000 0.0000000000 0.0000000000 400.0000000000
0.0000000000 0.0000000000 0.0000000000 1.0000000000

0.0000000000 0.0000000000 1.0000000000 500.0000000000
0.0000000000 1.0000000000 0.0000000000 -13.0750000000
-1.0000000000 0.0000000000 0.0000000000 400.0000000000
0.0000000000 0.0000000000 0.0000000000 1.0000000000

0.0000000000 0.0000000000 1.0000000000 500.0000000000
0.0000000000 1.0000000000 0.0000000000 -13.0500000000
-1.0000000000 0.0000000000 0.0000000000 400.0000000000
0.0000000000 0.0000000000 0.0000000000 1.0000000000

0.0000000000 0.0000000000 1.0000000000 500.0000000000
0.0000000000 1.0000000000 0.0000000000 -13.0250000000
-1.0000000000 0.0000000000 0.0000000000 400.0000000000
0.0000000000 0.0000000000 0.0000000000 1.0000000000

0.0000000000 0.0000000000 1.0000000000 500.0000000000
0.0000000000 1.0000000000 0.0000000000 -13.0000000000
-1.0000000000 0.0000000000 0.0000000000 400.0000000000
0.0000000000 0.0000000000 0.0000000000 1.0000000000

0.0000000000 0.0000000000 1.0000000000 500.0000000000
0.0000000000 1.0000000000 0.0000000000 -12.9750000000
-1.0000000000 0.0000000000 0.0000000000 400.0000000000
0.0000000000 0.0000000000 0.0000000000 1.0000000000

0.0000000000 0.0000000000 1.0000000000 500.0000000000
0.0000000000 1.0000000000 0.0000000000 -12.9500000000
-1.0000000000 0.0000000000 0.0000000000 400.0000000000
0.0000000000 0.0000000000 0.0000000000 1.0000000000

0.0000000000 0.0000000000 1.0000000000 500.0000000000
0.0000000000 1.0000000000 0.0000000000 -12.9250000000
-1.0000000000 0.0000000000 0.0000000000 400.0000000000
0.0000000000 0.0000000000 0.0000000000 1.0000000000

0.0000000000 0.0000000000 1.0000000000 500.0000000000
0.0000000000 1.0000000000 0.0000000000 -12.9000000000
-1.0000000000 0.0000000000 0.0000000000 400.0000000000
0.0000000000 0.0000000000 0.0000000000 1.0000000000

0.0000000000 0.0000000000 1.0000000000 500.0000000000
0.0000000000 1.0000000000 0.0000000000 -12.8750000000
-1.0000000000 0.0000000000 0.0000000000 400.0000000000
0.0000000000 0.0000000000 0.0000000000 1.0000000000

0.0000000000 0.0000000000 1.0000000000 500.0000000000
0.0000000000 1.0000000000 0.0000000000 -12.8500000000
-1.0000000000 0.0000000000 0.0000000000 400.0000000000
0.0000000000 0.0000000000 0.0000000000 1.0000000000

0.0000000000 0.0000000000 1.0000000000 500.0000000000
0.0000000000 1.0000000000 0.0000000000 -12.8250000000
-1.0000000000 0.0000000000 0.0000000000 400.0000000000
0.0000000000 0.0000000000 0.0000000000 1.0000000000

0.0000000000 0.0000000000 1.0000000000 500.0000000000
0.0000000000 1.0000000000 0.0000000000 -12.8000000000
-1.0000000000 0.0000000000 0.0000000000 400.0000000000
0.0000000000 0.0000000000 0.0000000000 1.0000000000

0.0000000000 0.0000000000 1.0000000000 500.0000000000
0.0000000000 1.0000000000 0.0000000000 -12.7750000000
-1.0000000000 0.0000000000 0.0000000000 400.0000000000
0.0000000000 0.0000000000 0.0000000000 1.0000000000

0.0000000000 0.0000000000 1.0000000000 500.0000000000
0.0000000000 1.0000000000 0.0000000000 -12.7500000000
-1.0000000000 0.0000000000 0.0000000000 400.0000000000
0.0000000000 0.0000000000 0.0000000000 1.0000000000

0.0000000000 0.0000000000 1.0000000000 500.0000000000
0.0000000000 1.0000000000 0.0000000000 -12.7250000000
-1.0000000000 0.0000000000 0.0000000000 400.0000000000
0.0000000000 0.0000000000 0.0000000000 1.0000000000

0.0000000000 0.0000000000 1.0000000000 500.0000000000
0.0000000000 1.0000000000 0.0000000000 -12.7000000000
-1.0000000000 0.0000000000 0.0000000000 400.0000000000
0.0000000000 0.0000000000 0.0000000000 1.0000000000

0.0000000000 0.0000000000 1.0000000000 500.0000000000
0.0000000000 1.0000000000 0.0000000000 -12.6750000000
-1.0000000000 0.0000000000 0.0000000000 400.0000000000
0.0000000000 0.0000000000 0.0000000000 1.0000000000

0.0000000000 0.0000000000 1.0000000000 500.0000000000
0.0000000000 1.0000000000 0.0000000000 -12.6500000000
-1.0000000000 0.0000000000 0.0000000000 400.0000000000
0.0000000000 0.0000000000 0.0000000000 1.0000000000

0.0000000000 0.0000000000 1.0000000000 500.0000000000
0.0000000000 1.0000000000 0.0000000000 -12.6250000000
-1.0000000000 0.0000000000 0.0000000000 400.0000000000
0.0000000000 0.0000000000 0.0000000000 1.0000000000

0.0000000000 0.0000000000 1.0000000000 500.0000000000
0.0000000000 1.0000000000 0.0000000000 -12.6000000000
-1.0000000000 0.0000000000 0.0000000000 400.0000000000
0.0000000000 0.0000000000 0.0000000000 1.0000000000

0.0000000000 0.0000000000 1.0000000000 500.0000000000
0.0000000000 1.0000000000 0.0000000000 -12.5750000000
-1.0000000000 0.0000000000 0.0000000000 400.0000000000
0.0000000000 0.0000000000 0.0000000000 1.0000000000

0.0000000000 0.0000000000 1.0000000000 500.0000000000
0.0000000000 1.0000000000 0.0000000000 -12.5500000000
-1.0000000000 0.0000000000 0.0000000000 400.0000000000
0.0000000000 0.0000000000 0.0000000000 1.0000000000

0.0000000000 0.0000000000 1.0000000000 500.0000000000
0.0000000000 1.0000000000 0.0000000000 -12.5250000000
-1.0000000000 0.0000000000 0.0000000000 400.0000000000
0.0000000000 0.0000000000 0.0000000000 1.0000000000

0.0000000000 0.0000000000 1.0000000000 500.0000000000
0.0000000000 1.0000000000 0.0000000000 -12.5000000000
-1.0000000000 0.0000000000 0.0000000000 400.0000000000
0.0000000000 0.0000000000 0.0000000000 1.0000000000

0.0000000000 0.0000000000 1.0000000000 500.0000000000
0.0000000000 1.0000000000 0.0000000000 -12.4750000000
-1.0000000000 0.0000000000 0.0000000000 400.0000000000
0.0000000000 0.0000000000 0.0000000000 1.0000000000

0.0000000000 0.0000000000 1.0000000000 500.0000000000
0.0000000000 1.0000000000 0.0000000000 -12.4500000000
-1.0000000000 0.0000000000 0.0000000000 400.0000000000
0.0000000000 0.0000000000 0.0000000000 1.0000000000

0.0000000000 0.0000000000 1.0000000000 500.0000000000
0.0000000000 1.0000000000 0.0000000000 -12.4250000000
-1.0000000000 0.0000000000 0.0000000000 400.0000000000
0.0000000000 0.0000000000 0.0000000000 1.0000000000

0.0000000000 0.0000000000 1.0000000000 500.0000000000
0.0000000000 1.0000000000 0.0000000000 -12.4000000000
-1.0000000000 0.0000000000 0.0000000000 400.0000000000
0.0000000000 0.0000000000 0.0000000000 1.0000000000

0.0000000000 0.0000000000 1.0000000000 500.0000000000
0.0000000000 1.0000000000 0.0000000000 -12.3750000000
-1.0000000000 0.0000000000 0.0000000000 400.0000000000
0.0000000000 0.0000000000 0.0000000000 1.0000000000

0.0000000000 0.0000000000 1.0000000000 500.0000000000
0.0000000000 1.0000000000 0.0000000000 -12.3500000000
-1.0000000000 0.0000000000 0.0000000000 400.0000000000
0.0000000000 0.0000000000 0.0000000000 1.0000000000

0.0000000000 0.0000000000 1.0000000000 500.0000000000
0.0000000000 1.0000000000 0.0000000000 -12.3250000000
-1.0000000000 0.0000000000 0.0000000000 400.0000000000
0.0000000000 0.0000000000 0.0000000000 1.0000000000

0.0000000000 0.0000000000 1.0000000000 500.0000000000
0.0000000000 1.0000000000 0.0000000000 -12.3000000000
-1.0000000000 0.0000000000 0.0000000000 400.0000000000
0.0000000000 0.0000000000 0.0000000000 1.0000000000

0.0000000000 0.0000000000 1.0000000000 500.0000000000
0.0000000000 1.0000000000 0.0000000000 -12.2750000000
-1.0000000000 0.0000000000 0.0000000000 400.0000000000
0.0000000000 0.0000000000 0.0000000000 1.0000000000

0.0000000000 0.0000000000 1.0000000000 500.0000000000
0.0000000000 1.0000000000 0.0000000000 -12.2500000000
-1.0000000000 0.0000000000 0.0000000000 400.0000000000
0.0000000000 0.0000000000 0.0000000000 1.0000000000

0.0000000000 0.0000000000 1.0000000000 500.0000000000
0.0000000000 1.0000000000 0.0000000000 -12.2250000000
-1.0000000000 0.0000000000 0.0000000000 400.0000000000
0.0000000000 0.0000000000 0.0000000000 1.0000000000

0.0000000000 0.0000000000 1.0000000000 500.0000000000
0.0000000000 1.0000000000 0.0000000000 -12.2000000000
-1.0000000000 0.0000000000 0.0000000000 400.0000000000
0.0000000000 0.0000000000 0.0000000000 1.0000000000

0.0000000000 0.0000000000 1.0000000000 500.0000000000
0.0000000000 1.0000000000 0.0000000000 -12.1750000000
-1.0000000000 0.0000000000 0.0000000000 400.0000000000
0.0000000000 0.0000000000 0.0000000000 1.0000000000

0.0000000000 0.0000000000 1.0000000000 500.0000000000
0.0000000000 1.0000000000 0.0000000000 -12.1500000000
-1.0000000000 0.0000000000 0.0000000000 400.0000000000
0.0000000000 0.0000000000 0.0000000000 1.0000000000

0.0000000000 0.0000000000 1.0000000000 500.0000000000
0.0000000000 1.0000000000 0.0000000000 -12.1250000000
-1.0000000000 0.0000000000 0.0000000000 400.0000000000
0.0000000000 0.0000000000 0.0000000000 1.0000000000

0.0000000000 0.0000000000 1.0000000000 500.0000000000
0.0000000000 1.0000000000 0.0000000000 -12.1000000000
-1.0000000000 0.0000000000 0.0000000000 400.0000000000
0.0000000000 0.0000000000 0.0000000000 1.0000000000

0.0000000000 0.0000000000 1.0000000000 500.0000000000
0.0000000000 1.0000000000 0.0000000000 -12.0750000000
-1.0000000000 0.0000000000 0.0000000000 400.0000000000
0.0000000000 0.0000000000 0.0000000000 1.0000000000

0.0000000000 0.0000000000 1.0000000000 500.0000000000
0.0000000000 1.0000000000 0.0000000000 -12.0500000000
-1.0000000000 0.0000000000 0.0000000000 400.0000000000
0.0000000000 0.0000000000 0.0000000000 1.0000000000

0.0000000000 0.0000000000 1.0000000000 500.0000000000
0.0000000000 1.0000000000 0.0000000000 -12.0250000000
-1.0000000000 0.0000000000 0.0000000000 400.0000000000
0.0000000000 0.0000000000 0.0000000000 1.0000000000

0.0000000000 0.0000000000 1.0000000000 500.0000000000
0.0000000000 1.0000000000 0.0000000000 -12.0000000000
-1.0000000000 0.0000000000 0.0000000000 400.0000000000
0.0000000000 0.0000000000 0.0000000000 1.0000000000

0.0000000000 0.0000000000 1.0000000000 500.0000000000
0.0000000000 1.0000000000 0.0000000000 -11.9750000000
-1.0000000000 0.0000000000 0.0000000000 400.0000000000
0.0000000000 0.0000000000 0.0000000000 1.0000000000

0.0000000000 0.0000000000 1.0000000000 500.0000000000
0.0000000000 1.0000000000 0.0000000000 -11.9500000000
-1.0000000000 0.0000000000 0.0000000000 400.0000000000
0.0000000000 0.0000000000 0.0000000000 1.0000000000

0.0000000000 0.0000000000 1.0000000000 500.0000000000
0.0000000000 1.0000000000 0.0000000000 -11.9250000000
-1.0000000000 0.0000000000 0.0000000000 400.0000000000
0.0000000000 0.0000000000 0.0000000000 1.0000000000

0.0000000000 0.0000000000 1.0000000000 500.0000000000
0.0000000000 1.0000000000 0.0000000000 -11.9000000000
-1.0000000000 0.0000000000 0.0000000000 400.0000000000
0.0000000000 0.0000000000 0.0000000000 1.0000000000

0.0000000000 0.0000000000 1.0000000000 500.0000000000
0.0000000000 1.0000000000 0.0000000000 -11.8750000000
-1.0000000000 0.0000000000 0.0000000000 400.0000000000
0.0000000000 0.0000000000 0.0000000000 1.0000000000

0.0000000000 0.0000000000 1.0000000000 500.0000000000
0.0000000000 1.0000000000 0.0000000000 -11.8500000000
-1.0000000000 0.0000000000 0.0000000000 400.0000000000
0.0000000000 0.0000000000 0.0000000000 1.0000000000

0.0000000000 0.0000000000 1.0000000000 500.0000000000
0.0000000000 1.0000000000 0.0000000000 -11.8250000000
-1.0000000000 0.0000000000 0.0000000000 400.0000000000
0.0000000000 0.0000000000 0.0000000000 1.0000000000

0.0000000000 0.0000000000 1.0000000000 500.0000000000
0.0000000000 1.0000000000 0.0000000000 -11.8000000000
-1.0000000000 0.0000000000 0.0000000000 400.0000000000
0.0000000000 0.0000000000 0.0000000000 1.0000000000

0.0000000000 0.0000000000 1.0000000000 500.0000000000
0.0000000000 1.0000000000 0.0000000000 -11.7750000000
-1.0000000000 0.0000000000 0.0000000000 400.0000000000
0.0000000000 0.0000000000 0.0000000000 1.0000000000

0.0000000000 0.0000000000 1.0000000000 500.0000000000
0.0000000000 1.0000000000 0.0000000000 -11.7500000000
-1.0000000000 0.0000000000 0.0000000000 400.0000000000
0.0000000000 0.0000000000 0.0000000000 1.0000000000

0.0000000000 0.0000000000 1.0000000000 500.0000000000
0.0000000000 1.0000000000 0.0000000000 -11.7250000000
-1.0000000000 0.0000000000 0.0000000000 400.0000000000
0.0000000000 0.0000000000 0.0000000000 1.0000000000

0.0000000000 0.0000000000 1.0000000000 500.0000000000
0.0000000000 1.0000000000 0.0000000000 -11.7000000000
-1.0000000000 0.0000000000 0.0000000000 400.0000000000
0.0000000000 0.0000000000 0.0000000000 1.0000000000

0.0000000000 0.0000000000 1.0000000000 500.0000000000
0.0000000000 1.0000000000 0.0000000000 -11.6750000000
-1.0000000000 0.0000000000 0.0000000000 400.0000000000
0.0000000000 0.0000000000 0.0000000000 1.0000000000

0.0000000000 0.0000000000 1.0000000000 500.0000000000
0.0000000000 1.0000000000 0.0000000000 -11.6500000000
-1.0000000000 0.0000000000 0.0000000000 400.0000000000
0.0000000000 0.0000000000 0.0000000000 1.0000000000

0.0000000000 0.0000000000 1.0000000000 500.0000000000
0.0000000000 1.0000000000 0.0000000000 -11.6250000000
-1.0000000000 0.0000000000 0.0000000000 400.0000000000
0.0000000000 0.0000000000 0.0000000000 1.0000000000

0.0000000000 0.0000000000 1.0000000000 500.0000000000
0.0000000000 1.0000000000 0.0000000000 -11.6000000000
-1.0000000000 0.0000000000 0.0000000000 400.0000000000
0.0000000000 0.0000000000 0.0000000000 1.0000000000

0.0000000000 0.0000000000 1.0000000000 500.0000000000
0.0000000000 1.0000000000 0.0000000000 -11.5750000000
-1.0000000000 0.0000000000 0.0000000000 400.0000000000
0.0000000000 0.0000000000 0.0000000000 1.0000000000

0.0000000000 0.0000000000 1.0000000000 500.0000000000
0.0000000000 1.0000000000 0.0000000000 -11.5500000000
-1.0000000000 0.0000000000 0.0000000000 400.0000000000
0.0000000000 0.0000000000 0.0000000000 1.0000000000

0.0000000000 0.0000000000 1.0000000000 500.0000000000
0.0000000000 1.0000000000 0.0000000000 -11.5250000000
-1.0000000000 0.0000000000 0.0000000000 400.0000000000
0.0000000000 0.0000000000 0.0000000000 1.0000000000

0.0000000000 0.0000000000 1.0000000000 500.0000000000
0.0000000000 1.0000000000 0.0000000000 -11.5000000000
-1.0000000000 0.0000000000 0.0000000000 400.0000000000
0.0000000000 0.0000000000 0.0000000000 1.0000000000

0.0000000000 0.0000000000 1.0000000000 500.0000000000
0.0000000000 1.0000000000 0.0000000000 -11.4750000000
-1.0000000000 0.0000000000 0.0000000000 400.0000000000
0.0000000000 0.0000000000 0.0000000000 1.0000000000

0.0000000000 0.0000000000 1.0000000000 500.0000000000
0.0000000000 1.0000000000 0.0000000000 -11.4500000000
-1.0000000000 0.0000000000 0.0000000000 400.0000000000
0.0000000000 0.0000000000 0.0000000000 1.0000000000

0.0000000000 0.0000000000 1.0000000000 500.0000000000
0.0000000000 1.0000000000 0.0000000000 -11.4250000000
-1.0000000000 0.0000000000 0.0000000000 400.0000000000
0.0000000000 0.0000000000 0.0000000000 1.0000000000

0.0000000000 0.0000000000 1.0000000000 500.0000000000
0.0000000000 1.0000000000 0.0000000000 -11.4000000000
-1.0000000000 0.0000000000 0.0000000000 400.0000000000
0.0000000000 0.0000000000 0.0000000000 1.0000000000

0.0000000000 0.0000000000 1.0000000000 500.0000000000
0.0000000000 1.0000000000 0.0000000000 -11.3750000000
-1.0000000000 0.0000000000 0.0000000000 400.0000000000
0.0000000000 0.0000000000 0.0000000000 1.0000000000

0.0000000000 0.0000000000 1.0000000000 500.0000000000
0.0000000000 1.0000000000 0.0000000000 -11.3500000000
-1.0000000000 0.0000000000 0.0000000000 400.0000000000
0.0000000000 0.0000000000 0.0000000000 1.0000000000

0.0000000000 0.0000000000 1.0000000000 500.0000000000
0.0000000000 1.0000000000 0.0000000000 -11.3250000000
-1.0000000000 0.0000000000 0.0000000000 400.0000000000
0.0000000000 0.0000000000 0.0000000000 1.0000000000

0.0000000000 0.0000000000 1.0000000000 500.0000000000
0.0000000000 1.0000000000 0.0000000000 -11.3000000000
-1.0000000000 0.0000000000 0.0000000000 400.0000000000
0.0000000000 0.0000000000 0.0000000000 1.0000000000

0.0000000000 0.0000000000 1.0000000000 500.0000000000
0.0000000000 1.0000000000 0.0000000000 -11.2750000000
-1.0000000000 0.0000000000 0.0000000000 400.0000000000
0.0000000000 0.0000000000 0.0000000000 1.0000000000

0.0000000000 0.0000000000 1.0000000000 500.0000000000
0.0000000000 1.0000000000 0.0000000000 -11.2500000000
-1.0000000000 0.0000000000 0.0000000000 400.0000000000
0.0000000000 0.0000000000 0.0000000000 1.0000000000

0.0000000000 0.0000000000 1.0000000000 500.0000000000
0.0000000000 1.0000000000 0.0000000000 -11.2250000000
-1.0000000000 0.0000000000 0.0000000000 400.0000000000
0.0000000000 0.0000000000 0.0000000000 1.0000000000

0.0000000000 0.0000000000 1.0000000000 500.0000000000
0.0000000000 1.0000000000 0.0000000000 -11.2000000000
-1.0000000000 0.0000000000 0.0000000000 400.0000000000
0.0000000000 0.0000000000 0.0000000000 1.0000000000

0.0000000000 0.0000000000 1.0000000000 500.0000000000
0.0000000000 1.0000000000 0.0000000000 -11.1750000000
-1.0000000000 0.0000000000 0.0000000000 400.0000000000
0.0000000000 0.0000000000 0.0000000000 1.0000000000

0.0000000000 0.0000000000 1.0000000000 500.0000000000
0.0000000000 1.0000000000 0.0000000000 -11.1500000000
-1.0000000000 0.0000000000 0.0000000000 400.0000000000
0.0000000000 0.0000000000 0.0000000000 1.0000000000

0.0000000000 0.0000000000 1.0000000000 500.0000000000
0.0000000000 1.0000000000 0.0000000000 -11.1250000000
-1.0000000000 0.0000000000 0.0000000000 400.0000000000
0.0000000000 0.0000000000 0.0000000000 1.0000000000

0.0000000000 0.0000000000 1.0000000000 500.0000000000
0.0000000000 1.0000000000 0.0000000000 -11.1000000000
-1.0000000000 0.0000000000 0.0000000000 400.0000000000
0.0000000000 0.0000000000 0.0000000000 1.0000000000

0.0000000000 0.0000000000 1.0000000000 500.0000000000
0.0000000000 1.0000000000 0.0000000000 -11.0750000000
-1.0000000000 0.0000000000 0.0000000000 400.0000000000
0.0000000000 0.0000000000 0.0000000000 1.0000000000

0.0000000000 0.0000000000 1.0000000000 500.0000000000
0.0000000000 1.0000000000 0.0000000000 -11.0500000000
-1.0000000000 0.0000000000 0.0000000000 400.0000000000
0.0000000000 0.0000000000 0.0000000000 1.0000000000

0.0000000000 0.0000000000 1.0000000000 500.0000000000
0.0000000000 1.0000000000 0.0000000000 -11.0250000000
-1.0000000000 0.0000000000 0.0000000000 400.0000000000
0.0000000000 0.0000000000 0.0000000000 1.0000000000

0.0000000000 0.0000000000 1.0000000000 500.0000000000
0.0000000000 1.0000000000 0.0000000000 -11.0000000000
-1.0000000000 0.0000000000 0.0000000000 400.0000000000
0.0000000000 0.0000000000 0.0000000000 1.0000000000

0.0000000000 0.0000000000 1.0000000000 500.0000000000
0.0000000000 1.0000000000 0.0000000000 -10.9750000000
-1.0000000000 0.0000000000 0.0000000000 400.0000000000
0.0000000000 0.0000000000 0.0000000000 1.0000000000

0.0000000000 0.0000000000 1.0000000000 500.0000000000
0.0000000000 1.0000000000 0.0000000000 -10.9500000000
-1.0000000000 0.0000000000 0.0000000000 400.0000000000
0.0000000000 0.0000000000 0.0000000000 1.0000000000

0.0000000000 0.0000000000 1.0000000000 500.0000000000
0.0000000000 1.0000000000 0.0000000000 -10.9250000000
-1.0000000000 0.0000000000 0.0000000000 400.0000000000
0.0000000000 0.0000000000 0.0000000000 1.0000000000

0.0000000000 0.0000000000 1.0000000000 500.0000000000
0.0000000000 1.0000000000 0.0000000000 -10.9000000000
-1.0000000000 0.0000000000 0.0000000000 400.0000000000
0.0000000000 0.0000000000 0.0000000000 1.0000000000

0.0000000000 0.0000000000 1.0000000000 500.0000000000
0.0000000000 1.0000000000 0.0000000000 -10.8750000000
-1.0000000000 0.0000000000 0.0000000000 400.0000000000
0.0000000000 0.0000000000 0.0000000000 1.0000000000

0.0000000000 0.0000000000 1.0000000000 500.0000000000
0.0000000000 1.0000000000 0.0000000000 -10.8500000000
-1.0000000000 0.0000000000 0.0000000000 400.0000000000
0.0000000000 0.0000000000 0.0000000000 1.0000000000

0.0000000000 0.0000000000 1.0000000000 500.0000000000
0.0000000000 1.0000000000 0.0000000000 -10.8250000000
-1.0000000000 0.0000000000 0.0000000000 400.0000000000
0.0000000000 0.0000000000 0.0000000000 1.0000000000

0.0000000000 0.0000000000 1.0000000000 500.0000000000
0.0000000000 1.0000000000 0.0000000000 -10.8000000000
-1.0000000000 0.0000000000 0.0000000000 400.0000000000
0.0000000000 0.0000000000 0.0000000000 1.0000000000

0.0000000000 0.0000000000 1.0000000000 500.0000000000
0.0000000000 1.0000000000 0.0000000000 -10.7750000000
-1.0000000000 0.0000000000 0.0000000000 400.0000000000
0.0000000000 0.0000000000 0.0000000000 1.0000000000

0.0000000000 0.0000000000 1.0000000000 500.0000000000
0.0000000000 1.0000000000 0.0000000000 -10.7500000000
-1.0000000000 0.0000000000 0.0000000000 400.0000000000
0.0000000000 0.0000000000 0.0000000000 1.0000000000

0.0000000000 0.0000000000 1.0000000000 500.0000000000
0.0000000000 1.0000000000 0.0000000000 -10.7250000000
-1.0000000000 0.0000000000 0.0000000000 400.0000000000
0.0000000000 0.0000000000 0.0000000000 1.0000000000

0.0000000000 0.0000000000 1.0000000000 500.0000000000
0.0000000000 1.0000000000 0.0000000000 -10.7000000000
-1.0000000000 0.0000000000 0.0000000000 400.0000000000
0.0000000000 0.0000000000 0.0000000000 1.0000000000

0.0000000000 0.0000000000 1.0000000000 500.0000000000
0.0000000000 1.0000000000 0.0000000000 -10.6750000000
-1.0000000000 0.0000000000 0.0000000000 400.0000000000
0.0000000000 0.0000000000 0.0000000000 1.0000000000

0.0000000000 0.0000000000 1.0000000000 500.0000000000
0.0000000000 1.0000000000 0.0000000000 -10.6500000000
-1.0000000000 0.0000000000 0.0000000000 400.0000000000
0.0000000000 0.0000000000 0.0000000000 1.0000000000

0.0000000000 0.0000000000 1.0000000000 500.0000000000
0.0000000000 1.0000000000 0.0000000000 -10.6250000000
-1.0000000000 0.0000000000 0.0000000000 400.0000000000
0.0000000000 0.0000000000 0.0000000000 1.0000000000

0.0000000000 0.0000000000 1.0000000000 500.0000000000
0.0000000000 1.0000000000 0.0000000000 -10.6000000000
-1.0000000000 0.0000000000 0.0000000000 400.0000000000
0.0000000000 0.0000000000 0.0000000000 1.0000000000

0.0000000000 0.0000000000 1.0000000000 500.0000000000
0.0000000000 1.0000000000 0.0000000000 -10.5750000000
-1.0000000000 0.0000000000 0.0000000000 400.0000000000
0.0000000000 0.0000000000 0.0000000000 1.0000000000

0.0000000000 0.0000000000 1.0000000000 500.0000000000
0.0000000000 1.0000000000 0.0000000000 -10.5500000000
-1.0000000000 0.0000000000 0.0000000000 400.0000000000
0.0000000000 0.0000000000 0.0000000000 1.0000000000

0.0000000000 0.0000000000 1.0000000000 500.0000000000
0.0000000000 1.0000000000 0.0000000000 -10.5250000000
-1.0000000000 0.0000000000 0.0000000000 400.0000000000
0.0000000000 0.0000000000 0.0000000000 1.0000000000

0.0000000000 0.0000000000 1.0000000000 500.0000000000
0.0000000000 1.0000000000 0.0000000000 -10.5000000000
-1.0000000000 0.0000000000 0.0000000000 400.0000000000
0.0000000000 0.0000000000 0.0000000000 1.0000000000

0.0000000000 0.0000000000 1.0000000000 500.0000000000
0.0000000000 1.0000000000 0.0000000000 -10.4750000000
-1.0000000000 0.0000000000 0.0000000000 400.0000000000
0.0000000000 0.0000000000 0.0000000000 1.0000000000

0.0000000000 0.0000000000 1.0000000000 500.0000000000
0.0000000000 1.0000000000 0.0000000000 -10.4500000000
-1.0000000000 0.0000000000 0.0000000000 400.0000000000
0.0000000000 0.0000000000 0.0000000000 1.0000000000

0.0000000000 0.0000000000 1.0000000000 500.0000000000
0.0000000000 1.0000000000 0.0000000000 -10.4250000000
-1.0000000000 0.0000000000 0.0000000000 400.0000000000
0.0000000000 0.0000000000 0.0000000000 1.0000000000

0.0000000000 0.0000000000 1.0000000000 500.0000000000
0.0000000000 1.0000000000 0.0000000000 -10.4000000000
-1.0000000000 0.0000000000 0.0000000000 400.0000000000
0.0000000000 0.0000000000 0.0000000000 1.0000000000

0.0000000000 0.0000000000 1.0000000000 500.0000000000
0.0000000000 1.0000000000 0.0000000000 -10.3750000000
-1.0000000000 0.0000000000 0.0000000000 400.0000000000
0.0000000000 0.0000000000 0.0000000000 1.0000000000

0.0000000000 0.0000000000 1.0000000000 500.0000000000
0.0000000000 1.0000000000 0.0000000000 -10.3500000000
-1.0000000000 0.0000000000 0.0000000000 400.0000000000
0.0000000000 0.0000000000 0.0000000000 1.0000000000

0.0000000000 0.0000000000 1.0000000000 500.0000000000
0.0000000000 1.0000000000 0.0000000000 -10.3250000000
-1.0000000000 0.0000000000 0.0000000000 400.0000000000
0.0000000000 0.0000000000 0.0000000000 1.0000000000

0.0000000000 0.0000000000 1.0000000000 500.0000000000
0.0000000000 1.0000000000 0.0000000000 -10.3000000000
-1.0000000000 0.0000000000 0.0000000000 400.0000000000
0.0000000000 0.0000000000 0.0000000000 1.0000000000

0.0000000000 0.0000000000 1.0000000000 500.0000000000
0.0000000000 1.0000000000 0.0000000000 -10.2750000000
-1.0000000000 0.0000000000 0.0000000000 400.0000000000
0.0000000000 0.0000000000 0.0000000000 1.0000000000

0.0000000000 0.0000000000 1.0000000000 500.0000000000
0.0000000000 1.0000000000 0.0000000000 -10.2500000000
-1.0000000000 0.0000000000 0.0000000000 400.0000000000
0.0000000000 0.0000000000 0.0000000000 1.0000000000

0.0000000000 0.0000000000 1.0000000000 500.0000000000
0.0000000000 1.0000000000 0.0000000000 -10.2250000000
-1.0000000000 0.0000000000 0.0000000000 400.0000000000
0.0000000000 0.0000000000 0.0000000000 1.0000000000

0.0000000000 0.0000000000 1.0000000000 500.0000000000
0.0000000000 1.0000000000 0.0000000000 -10.2000000000
-1.0000000000 0.0000000000 0.0000000000 400.0000000000
0.0000000000 0.0000000000 0.0000000000 1.0000000000

0.0000000000 0.0000000000 1.0000000000 500.0000000000
0.0000000000 1.0000000000 0.0000000000 -10.1750000000
-1.0000000000 0.0000000000 0.0000000000 400.0000000000
0.0000000000 0.0000000000 0.0000000000 1.0000000000

0.0000000000 0.0000000000 1.0000000000 500.0000000000
0.0000000000 1.0000000000 0.0000000000 -10.1500000000
-1.0000000000 0.0000000000 0.0000000000 400.0000000000
0.0000000000 0.0000000000 0.0000000000 1.0000000000

0.0000000000 0.0000000000 1.0000000000 500.0000000000
0.0000000000 1.0000000000 0.0000000000 -10.1250000000
-1.0000000000 0.0000000000 0.0000000000 400.0000000000
0.0000000000 0.0000000000 0.0000000000 1.0000000000

0.0000000000 0.0000000000 1.0000000000 500.0000000000
0.0000000000 1.0000000000 0.0000000000 -10.1000000000
-1.0000000000 0.0000000000 0.0000000000 400.0000000000
0.0000000000 0.0000000000 0.0000000000 1.0000000000

0.0000000000 0.0000000000 1.0000000000 500.0000000000
0.0000000000 1.0000000000 0.0000000000 -10.0750000000
-1.0000000000 0.0000000000 0.0000000000 400.0000000000
0.0000000000 0.0000000000 0.0000000000 1.0000000000

0.0000000000 0.0000000000 1.0000000000 500.0000000000
0.0000000000 1.0000000000 0.0000000000 -10.0500000000
-1.0000000000 0.0000000000 0.0000000000 400.0000000000
0.0000000000 0.0000000000 0.0000000000 1.0000000000

0.0000000000 0.0000000000 1.0000000000 500.0000000000
0.0000000000 1.0000000000 0.0000000000 -10.0250000000
-1.0000000000 0.0000000000 0.0000000000 400.0000000000
0.0000000000 0.0000000000 0.0000000000 1.0000000000

0.0000000000 0.0000000000 1.0000000000 500.0000000000
0.0000000000 1.0000000000 0.0000000000 -10.0000000000
-1.0000000000 0.0000000000 0.0000000000 400.0000000000
0.0000000000 0.0000000000 0.0000000000 1.0000000000

0.0000000000 0.0000000000 1.0000000000 500.0000000000
0.0000000000 1.0000000000 0.0000000000 -9.9750000000
-1.0000000000 0.0000000000 0.0000000000 400.0000000000
0.0000000000 0.0000000000 0.0000000000 1.0000000000

0.0000000000 0.0000000000 1.0000000000 500.0000000000
0.0000000000 1.0000000000 0.0000000000 -9.9500000000
-1.0000000000 0.0000000000 0.0000000000 400.0000000000
0.0000000000 0.0000000000 0.0000000000 1.0000000000

0.0000000000 0.0000000000 1.0000000000 500.0000000000
0.0000000000 1.0000000000 0.0000000000 -9.9250000000
-1.0000000000 0.0000000000 0.0000000000 400.0000000000
0.0000000000 0.0000000000 0.0000000000 1.0000000000

0.0000000000 0.0000000000 1.0000000000 500.0000000000
0.0000000000 1.0000000000 0.0000000000 -9.9000000000
-1.0000000000 0.0000000000 0.0000000000 400.0000000000
0.0000000000 0.0000000000 0.0000000000 1.0000000000

0.0000000000 0.0000000000 1.0000000000 500.0000000000
0.0000000000 1.0000000000 0.0000000000 -9.8750000000
-1.0000000000 0.0000000000 0.0000000000 400.0000000000
0.0000000000 0.0000000000 0.0000000000 1.0000000000

0.0000000000 0.0000000000 1.0000000000 500.0000000000
0.0000000000 1.0000000000 0.0000000000 -9.8500000000
-1.0000000000 0.0000000000 0.0000000000 400.0000000000
0.0000000000 0.0000000000 0.0000000000 1.0000000000

0.0000000000 0.0000000000 1.0000000000 500.0000000000
0.0000000000 1.0000000000 0.0000000000 -9.8250000000
-1.0000000000 0.0000000000 0.0000000000 400.0000000000
0.0000000000 0.0000000000 0.0000000000 1.0000000000

0.0000000000 0.0000000000 1.0000000000 500.0000000000
0.0000000000 1.0000000000 0.0000000000 -9.8000000000
-1.0000000000 0.0000000000 0.0000000000 400.0000000000
0.0000000000 0.0000000000 0.0000000000 1.0000000000

0.0000000000 0.0000000000 1.0000000000 500.0000000000
0.0000000000 1.0000000000 0.0000000000 -9.7750000000
-1.0000000000 0.0000000000 0.0000000000 400.0000000000
0.0000000000 0.0000000000 0.0000000000 1.0000000000

0.0000000000 0.0000000000 1.0000000000 500.0000000000
0.0000000000 1.0000000000 0.0000000000 -9.7500000000
-1.0000000000 0.0000000000 0.0000000000 400.0000000000
0.0000000000 0.0000000000 0.0000000000 1.0000000000

0.0000000000 0.0000000000 1.0000000000 500.0000000000
0.0000000000 1.0000000000 0.0000000000 -9.7250000000
-1.0000000000 0.0000000000 0.0000000000 400.0000000000
0.0000000000 0.0000000000 0.0000000000 1.0000000000

0.0000000000 0.0000000000 1.0000000000 500.0000000000
0.0000000000 1.0000000000 0.0000000000 -9.7000000000
-1.0000000000 0.0000000000 0.0000000000 400.0000000000
0.0000000000 0.0000000000 0.0000000000 1.0000000000

0.0000000000 0.0000000000 1.0000000000 500.0000000000
0.0000000000 1.0000000000 0.0000000000 -9.6750000000
-1.0000000000 0.0000000000 0.0000000000 400.0000000000
0.0000000000 0.0000000000 0.0000000000 1.0000000000

0.0000000000 0.0000000000 1.0000000000 500.0000000000
0.0000000000 1.0000000000 0.0000000000 -9.6500000000
-1.0000000000 0.0000000000 0.0000000000 400.0000000000
0.0000000000 0.0000000000 0.0000000000 1.0000000000

0.0000000000 0.0000000000 1.0000000000 500.0000000000
0.0000000000 1.0000000000 0.0000000000 -9.6250000000
-1.0000000000 0.0000000000 0.0000000000 400.0000000000
0.0000000000 0.0000000000 0.0000000000 1.0000000000

0.0000000000 0.0000000000 1.0000000000 500.0000000000
0.0000000000 1.0000000000 0.0000000000 -9.6000000000
-1.0000000000 0.0000000000 0.0000000000 400.0000000000
0.0000000000 0.0000000000 0.0000000000 1.0000000000

0.0000000000 0.0000000000 1.0000000000 500.0000000000
0.0000000000 1.0000000000 0.0000000000 -9.5750000000
-1.0000000000 0.0000000000 0.0000000000 400.0000000000
0.0000000000 0.0000000000 0.0000000000 1.0000000000

0.0000000000 0.0000000000 1.0000000000 500.0000000000
0.0000000000 1.0000000000 0.0000000000 -9.5500000000
-1.0000000000 0.0000000000 0.0000000000 400.0000000000
0.0000000000 0.0000000000 0.0000000000 1.0000000000

0.0000000000 0.0000000000 1.0000000000 500.0000000000
0.0000000000 1.0000000000 0.0000000000 -9.5250000000
-1.0000000000 0.0000000000 0.0000000000 400.0000000000
0.0000000000 0.0000000000 0.0000000000 1.0000000000

0.0000000000 0.0000000000 1.0000000000 500.0000000000
0.0000000000 1.0000000000 0.0000000000 -9.5000000000
-1.0000000000 0.0000000000 0.0000000000 400.0000000000
0.0000000000 0.0000000000 0.0000000000 1.0000000000

0.0000000000 0.0000000000 1.0000000000 500.0000000000
0.0000000000 1.0000000000 0.0000000000 -9.4750000000
-1.0000000000 0.0000000000 0.0000000000 400.0000000000
0.0000000000 0.0000000000 0.0000000000 1.0000000000

0.0000000000 0.0000000000 1.0000000000 500.0000000000
0.0000000000 1.0000000000 0.0000000000 -9.4500000000
-1.0000000000 0.0000000000 0.0000000000 400.0000000000
0.0000000000 0.0000000000 0.0000000000 1.0000000000

0.0000000000 0.0000000000 1.0000000000 500.0000000000
0.0000000000 1.0000000000 0.0000000000 -9.4250000000
-1.0000000000 0.0000000000 0.0000000000 400.0000000000
0.0000000000 0.0000000000 0.0000000000 1.0000000000

0.0000000000 0.0000000000 1.0000000000 500.0000000000
0.0000000000 1.0000000000 0.0000000000 -9.4000000000
-1.0000000000 0.0000000000 0.0000000000 400.0000000000
0.0000000000 0.0000000000 0.0000000000 1.0000000000

0.0000000000 0.0000000000 1.0000000000 500.0000000000
0.0000000000 1.0000000000 0.0000000000 -9.3750000000
-1.0000000000 0.0000000000 0.0000000000 400.0000000000
0.0000000000 0.0000000000 0.0000000000 1.0000000000

0.0000000000 0.0000000000 1.0000000000 500.0000000000
0.0000000000 1.0000000000 0.0000000000 -9.3500000000
-1.0000000000 0.0000000000 0.0000000000 400.0000000000
0.0000000000 0.0000000000 0.0000000000 1.0000000000

0.0000000000 0.0000000000 1.0000000000 500.0000000000
0.0000000000 1.0000000000 0.0000000000 -9.3250000000
-1.0000000000 0.0000000000 0.0000000000 400.0000000000
0.0000000000 0.0000000000 0.0000000000 1.0000000000

0.0000000000 0.0000000000 1.0000000000 500.0000000000
0.0000000000 1.0000000000 0.0000000000 -9.3000000000
-1.0000000000 0.0000000000 0.0000000000 400.0000000000
0.0000000000 0.0000000000 0.0000000000 1.0000000000

0.0000000000 0.0000000000 1.0000000000 500.0000000000
0.0000000000 1.0000000000 0.0000000000 -9.2750000000
-1.0000000000 0.0000000000 0.0000000000 400.0000000000
0.0000000000 0.0000000000 0.0000000000 1.0000000000

0.0000000000 0.0000000000 1.0000000000 500.0000000000
0.0000000000 1.0000000000 0.0000000000 -9.2500000000
-1.0000000000 0.0000000000 0.0000000000 400.0000000000
0.0000000000 0.0000000000 0.0000000000 1.0000000000

0.0000000000 0.0000000000 1.0000000000 500.0000000000
0.0000000000 1.0000000000 0.0000000000 -9.2250000000
-1.0000000000 0.0000000000 0.0000000000 400.0000000000
0.0000000000 0.0000000000 0.0000000000 1.0000000000

0.0000000000 0.0000000000 1.0000000000 500.0000000000
0.0000000000 1.0000000000 0.0000000000 -9.2000000000
-1.0000000000 0.0000000000 0.0000000000 400.0000000000
0.0000000000 0.0000000000 0.0000000000 1.0000000000

0.0000000000 0.0000000000 1.0000000000 500.0000000000
0.0000000000 1.0000000000 0.0000000000 -9.1750000000
-1.0000000000 0.0000000000 0.0000000000 400.0000000000
0.0000000000 0.0000000000 0.0000000000 1.0000000000

0.0000000000 0.0000000000 1.0000000000 500.0000000000
0.0000000000 1.0000000000 0.0000000000 -9.1500000000
-1.0000000000 0.0000000000 0.0000000000 400.0000000000
0.0000000000 0.0000000000 0.0000000000 1.0000000000

0.0000000000 0.0000000000 1.0000000000 500.0000000000
0.0000000000 1.0000000000 0.0000000000 -9.1250000000
-1.0000000000 0.0000000000 0.0000000000 400.0000000000
0.0000000000 0.0000000000 0.0000000000 1.0000000000

0.0000000000 0.0000000000 1.0000000000 500.0000000000
0.0000000000 1.0000000000 0.0000000000 -9.1000000000
-1.0000000000 0.0000000000 0.0000000000 400.0000000000
0.0000000000 0.0000000000 0.0000000000 1.0000000000

0.0000000000 0.0000000000 1.0000000000 500.0000000000
0.0000000000 1.0000000000 0.0000000000 -9.0750000000
-1.0000000000 0.0000000000 0.0000000000 400.0000000000
0.0000000000 0.0000000000 0.0000000000 1.0000000000

0.0000000000 0.0000000000 1.0000000000 500.0000000000
0.0000000000 1.0000000000 0.0000000000 -9.0500000000
-1.0000000000 0.0000000000 0.0000000000 400.0000000000
0.0000000000 0.0000000000 0.0000000000 1.0000000000

0.0000000000 0.0000000000 1.0000000000 500.0000000000
0.0000000000 1.0000000000 0.0000000000 -9.0250000000
-1.0000000000 0.0000000000 0.0000000000 400.0000000000
0.0000000000 0.0000000000 0.0000000000 1.0000000000

0.0000000000 0.0000000000 1.0000000000 500.0000000000
0.0000000000 1.0000000000 0.0000000000 -9.0000000000
-1.0000000000 0.0000000000 0.0000000000 400.0000000000
0.0000000000 0.0000000000 0.0000000000 1.0000000000

0.0000000000 0.0000000000 1.0000000000 500.0000000000
0.0000000000 1.0000000000 0.0000000000 -8.9750000000
-1.0000000000 0.0000000000 0.0000000000 400.0000000000
0.0000000000 0.0000000000 0.0000000000 1.0000000000

0.0000000000 0.0000000000 1.0000000000 500.0000000000
0.0000000000 1.0000000000 0.0000000000 -8.9500000000
-1.0000000000 0.0000000000 0.0000000000 400.0000000000
0.0000000000 0.0000000000 0.0000000000 1.0000000000

0.0000000000 0.0000000000 1.0000000000 500.0000000000
0.0000000000 1.0000000000 0.0000000000 -8.9250000000
-1.0000000000 0.0000000000 0.0000000000 400.0000000000
0.0000000000 0.0000000000 0.0000000000 1.0000000000

0.0000000000 0.0000000000 1.0000000000 500.0000000000
0.0000000000 1.0000000000 0.0000000000 -8.9000000000
-1.0000000000 0.0000000000 0.0000000000 400.0000000000
0.0000000000 0.0000000000 0.0000000000 1.0000000000

0.0000000000 0.0000000000 1.0000000000 500.0000000000
0.0000000000 1.0000000000 0.0000000000 -8.8750000000
-1.0000000000 0.0000000000 0.0000000000 400.0000000000
0.0000000000 0.0000000000 0.0000000000 1.0000000000

0.0000000000 0.0000000000 1.0000000000 500.0000000000
0.0000000000 1.0000000000 0.0000000000 -8.8500000000
-1.0000000000 0.0000000000 0.0000000000 400.0000000000
0.0000000000 0.0000000000 0.0000000000 1.0000000000

0.0000000000 0.0000000000 1.0000000000 500.0000000000
0.0000000000 1.0000000000 0.0000000000 -8.8250000000
-1.0000000000 0.0000000000 0.0000000000 400.0000000000
0.0000000000 0.0000000000 0.0000000000 1.0000000000

0.0000000000 0.0000000000 1.0000000000 500.0000000000
0.0000000000 1.0000000000 0.0000000000 -8.8000000000
-1.0000000000 0.0000000000 0.0000000000 400.0000000000
0.0000000000 0.0000000000 0.0000000000 1.0000000000

0.0000000000 0.0000000000 1.0000000000 500.0000000000
0.0000000000 1.0000000000 0.0000000000 -8.7750000000
-1.0000000000 0.0000000000 0.0000000000 400.0000000000
0.0000000000 0.0000000000 0.0000000000 1.0000000000

0.0000000000 0.0000000000 1.0000000000 500.0000000000
0.0000000000 1.0000000000 0.0000000000 -8.7500000000
-1.0000000000 0.0000000000 0.0000000000 400.0000000000
0.0000000000 0.0000000000 0.0000000000 1.0000000000

0.0000000000 0.0000000000 1.0000000000 500.0000000000
0.0000000000 1.0000000000 0.0000000000 -8.7250000000
-1.0000000000 0.0000000000 0.0000000000 400.0000000000
0.0000000000 0.0000000000 0.0000000000 1.0000000000

0.0000000000 0.0000000000 1.0000000000 500.0000000000
0.0000000000 1.0000000000 0.0000000000 -8.7000000000
-1.0000000000 0.0000000000 0.0000000000 400.0000000000
0.0000000000 0.0000000000 0.0000000000 1.0000000000

0.0000000000 0.0000000000 1.0000000000 500.0000000000
0.0000000000 1.0000000000 0.0000000000 -8.6750000000
-1.0000000000 0.0000000000 0.0000000000 400.0000000000
0.0000000000 0.0000000000 0.0000000000 1.0000000000

0.0000000000 0.0000000000 1.0000000000 500.0000000000
0.0000000000 1.0000000000 0.0000000000 -8.6500000000
-1.0000000000 0.0000000000 0.0000000000 400.0000000000
0.0000000000 0.0000000000 0.0000000000 1.0000000000

0.0000000000 0.0000000000 1.0000000000 500.0000000000
0.0000000000 1.0000000000 0.0000000000 -8.6250000000
-1.0000000000 0.0000000000 0.0000000000 400.0000000000
0.0000000000 0.0000000000 0.0000000000 1.0000000000

0.0000000000 0.0000000000 1.0000000000 500.0000000000
0.0000000000 1.0000000000 0.0000000000 -8.6000000000
-1.0000000000 0.0000000000 0.0000000000 400.0000000000
0.0000000000 0.0000000000 0.0000000000 1.0000000000

0.0000000000 0.0000000000 1.0000000000 500.0000000000
0.0000000000 1.0000000000 0.0000000000 -8.5750000000
-1.0000000000 0.0000000000 0.0000000000 400.0000000000
0.0000000000 0.0000000000 0.0000000000 1.0000000000

0.0000000000 0.0000000000 1.0000000000 500.0000000000
0.0000000000 1.0000000000 0.0000000000 -8.5500000000
-1.0000000000 0.0000000000 0.0000000000 400.0000000000
0.0000000000 0.0000000000 0.0000000000 1.0000000000

0.0000000000 0.0000000000 1.0000000000 500.0000000000
0.0000000000 1.0000000000 0.0000000000 -8.5250000000
-1.0000000000 0.0000000000 0.0000000000 400.0000000000
0.0000000000 0.0000000000 0.0000000000 1.0000000000

0.0000000000 0.0000000000 1.0000000000 500.0000000000
0.0000000000 1.0000000000 0.0000000000 -8.5000000000
-1.0000000000 0.0000000000 0.0000000000 400.0000000000
0.0000000000 0.0000000000 0.0000000000 1.0000000000

0.0000000000 0.0000000000 1.0000000000 500.0000000000
0.0000000000 1.0000000000 0.0000000000 -8.4750000000
-1.0000000000 0.0000000000 0.0000000000 400.0000000000
0.0000000000 0.0000000000 0.0000000000 1.0000000000

0.0000000000 0.0000000000 1.0000000000 500.0000000000
0.0000000000 1.0000000000 0.0000000000 -8.4500000000
-1.0000000000 0.0000000000 0.0000000000 400.0000000000
0.0000000000 0.0000000000 0.0000000000 1.0000000000

0.0000000000 0.0000000000 1.0000000000 500.0000000000
0.0000000000 1.0000000000 0.0000000000 -8.4250000000
-1.0000000000 0.0000000000 0.0000000000 400.0000000000
0.0000000000 0.0000000000 0.0000000000 1.0000000000

0.0000000000 0.0000000000 1.0000000000 500.0000000000
0.0000000000 1.0000000000 0.0000000000 -8.4000000000
-1.0000000000 0.0000000000 0.0000000000 400.0000000000
0.0000000000 0.0000000000 0.0000000000 1.0000000000

0.0000000000 0.0000000000 1.0000000000 500.0000000000
0.0000000000 1.0000000000 0.0000000000 -8.3750000000
-1.0000000000 0.0000000000 0.0000000000 400.0000000000
0.0000000000 0.0000000000 0.0000000000 1.0000000000

0.0000000000 0.0000000000 1.0000000000 500.0000000000
0.0000000000 1.0000000000 0.0000000000 -8.3500000000
-1.0000000000 0.0000000000 0.0000000000 400.0000000000
0.0000000000 0.0000000000 0.0000000000 1.0000000000

0.0000000000 0.0000000000 1.0000000000 500.0000000000
0.0000000000 1.0000000000 0.0000000000 -8.3250000000
-1.0000000000 0.0000000000 0.0000000000 400.0000000000
0.0000000000 0.0000000000 0.0000000000 1.0000000000

0.0000000000 0.0000000000 1.0000000000 500.0000000000
0.0000000000 1.0000000000 0.0000000000 -8.3000000000
-1.0000000000 0.0000000000 0.0000000000 400.0000000000
0.0000000000 0.0000000000 0.0000000000 1.0000000000

0.0000000000 0.0000000000 1.0000000000 500.0000000000
0.0000000000 1.0000000000 0.0000000000 -8.2750000000
-1.0000000000 0.0000000000 0.0000000000 400.0000000000
0.0000000000 0.0000000000 0.0000000000 1.0000000000

0.0000000000 0.0000000000 1.0000000000 500.0000000000
0.0000000000 1.0000000000 0.0000000000 -8.2500000000
-1.0000000000 0.0000000000 0.0000000000 400.0000000000
0.0000000000 0.0000000000 0.0000000000 1.0000000000

0.0000000000 0.0000000000 1.0000000000 500.0000000000
0.0000000000 1.0000000000 0.0000000000 -8.2250000000
-1.0000000000 0.0000000000 0.0000000000 400.0000000000
0.0000000000 0.0000000000 0.0000000000 1.0000000000

0.0000000000 0.0000000000 1.0000000000 500.0000000000
0.0000000000 1.0000000000 0.0000000000 -8.2000000000
-1.0000000000 0.0000000000 0.0000000000 400.0000000000
0.0000000000 0.0000000000 0.0000000000 1.0000000000

0.0000000000 0.0000000000 1.0000000000 500.0000000000
0.0000000000 1.0000000000 0.0000000000 -8.1750000000
-1.0000000000 0.0000000000 0.0000000000 400.0000000000
0.0000000000 0.0000000000 0.0000000000 1.0000000000

0.0000000000 0.0000000000 1.0000000000 500.0000000000
0.0000000000 1.0000000000 0.0000000000 -8.1500000000
-1.0000000000 0.0000000000 0.0000000000 400.0000000000
0.0000000000 0.0000000000 0.0000000000 1.0000000000

0.0000000000 0.0000000000 1.0000000000 500.0000000000
0.0000000000 1.0000000000 0.0000000000 -8.1250000000
-1.0000000000 0.0000000000 0.0000000000 400.0000000000
0.0000000000 0.0000000000 0.0000000000 1.0000000000

0.0000000000 0.0000000000 1.0000000000 500.0000000000
0.0000000000 1.0000000000 0.0000000000 -8.1000000000
-1.0000000000 0.0000000000 0.0000000000 400.0000000000
0.0000000000 0.0000000000 0.0000000000 1.0000000000

0.0000000000 0.0000000000 1.0000000000 500.0000000000
0.0000000000 1.0000000000 0.0000000000 -8.0750000000
-1.0000000000 0.0000000000 0.0000000000 400.0000000000
0.0000000000 0.0000000000 0.0000000000 1.0000000000

0.0000000000 0.0000000000 1.0000000000 500.0000000000
0.0000000000 1.0000000000 0.0000000000 -8.0500000000
-1.0000000000 0.0000000000 0.0000000000 400.0000000000
0.0000000000 0.0000000000 0.0000000000 1.0000000000

0.0000000000 0.0000000000 1.0000000000 500.0000000000
0.0000000000 1.0000000000 0.0000000000 -8.0250000000
-1.0000000000 0.0000000000 0.0000000000 400.0000000000
0.0000000000 0.0000000000 0.0000000000 1.0000000000

0.0000000000 0.0000000000 1.0000000000 500.0000000000
0.0000000000 1.0000000000 0.0000000000 -8.0000000000
-1.0000000000 0.0000000000 0.0000000000 400.0000000000
0.0000000000 0.0000000000 0.0000000000 1.0000000000

0.0000000000 0.0000000000 1.0000000000 500.0000000000
0.0000000000 1.0000000000 0.0000000000 -7.9750000000
-1.0000000000 0.0000000000 0.0000000000 400.0000000000
0.0000000000 0.0000000000 0.0000000000 1.0000000000

0.0000000000 0.0000000000 1.0000000000 500.0000000000
0.0000000000 1.0000000000 0.0000000000 -7.9500000000
-1.0000000000 0.0000000000 0.0000000000 400.0000000000
0.0000000000 0.0000000000 0.0000000000 1.0000000000

0.0000000000 0.0000000000 1.0000000000 500.0000000000
0.0000000000 1.0000000000 0.0000000000 -7.9250000000
-1.0000000000 0.0000000000 0.0000000000 400.0000000000
0.0000000000 0.0000000000 0.0000000000 1.0000000000

0.0000000000 0.0000000000 1.0000000000 500.0000000000
0.0000000000 1.0000000000 0.0000000000 -7.9000000000
-1.0000000000 0.0000000000 0.0000000000 400.0000000000
0.0000000000 0.0000000000 0.0000000000 1.0000000000

0.0000000000 0.0000000000 1.0000000000 500.0000000000
0.0000000000 1.0000000000 0.0000000000 -7.8750000000
-1.0000000000 0.0000000000 0.0000000000 400.0000000000
0.0000000000 0.0000000000 0.0000000000 1.0000000000

0.0000000000 0.0000000000 1.0000000000 500.0000000000
0.0000000000 1.0000000000 0.0000000000 -7.8500000000
-1.0000000000 0.0000000000 0.0000000000 400.0000000000
0.0000000000 0.0000000000 0.0000000000 1.0000000000

0.0000000000 0.0000000000 1.0000000000 500.0000000000
0.0000000000 1.0000000000 0.0000000000 -7.8250000000
-1.0000000000 0.0000000000 0.0000000000 400.0000000000
0.0000000000 0.0000000000 0.0000000000 1.0000000000

0.0000000000 0.0000000000 1.0000000000 500.0000000000
0.0000000000 1.0000000000 0.0000000000 -7.8000000000
-1.0000000000 0.0000000000 0.0000000000 400.0000000000
0.0000000000 0.0000000000 0.0000000000 1.0000000000

0.0000000000 0.0000000000 1.0000000000 500.0000000000
0.0000000000 1.0000000000 0.0000000000 -7.7750000000
-1.0000000000 0.0000000000 0.0000000000 400.0000000000
0.0000000000 0.0000000000 0.0000000000 1.0000000000

0.0000000000 0.0000000000 1.0000000000 500.0000000000
0.0000000000 1.0000000000 0.0000000000 -7.7500000000
-1.0000000000 0.0000000000 0.0000000000 400.0000000000
0.0000000000 0.0000000000 0.0000000000 1.0000000000

0.0000000000 0.0000000000 1.0000000000 500.0000000000
0.0000000000 1.0000000000 0.0000000000 -7.7250000000
-1.0000000000 0.0000000000 0.0000000000 400.0000000000
0.0000000000 0.0000000000 0.0000000000 1.0000000000

0.0000000000 0.0000000000 1.0000000000 500.0000000000
0.0000000000 1.0000000000 0.0000000000 -7.7000000000
-1.0000000000 0.0000000000 0.0000000000 400.0000000000
0.0000000000 0.0000000000 0.0000000000 1.0000000000

0.0000000000 0.0000000000 1.0000000000 500.0000000000
0.0000000000 1.0000000000 0.0000000000 -7.6750000000
-1.0000000000 0.0000000000 0.0000000000 400.0000000000
0.0000000000 0.0000000000 0.0000000000 1.0000000000

0.0000000000 0.0000000000 1.0000000000 500.0000000000
0.0000000000 1.0000000000 0.0000000000 -7.6500000000
-1.0000000000 0.0000000000 0.0000000000 400.0000000000
0.0000000000 0.0000000000 0.0000000000 1.0000000000

0.0000000000 0.0000000000 1.0000000000 500.0000000000
0.0000000000 1.0000000000 0.0000000000 -7.6250000000
-1.0000000000 0.0000000000 0.0000000000 400.0000000000
0.0000000000 0.0000000000 0.0000000000 1.0000000000

0.0000000000 0.0000000000 1.0000000000 500.0000000000
0.0000000000 1.0000000000 0.0000000000 -7.6000000000
-1.0000000000 0.0000000000 0.0000000000 400.0000000000
0.0000000000 0.0000000000 0.0000000000 1.0000000000

0.0000000000 0.0000000000 1.0000000000 500.0000000000
0.0000000000 1.0000000000 0.0000000000 -7.5750000000
-1.0000000000 0.0000000000 0.0000000000 400.0000000000
0.0000000000 0.0000000000 0.0000000000 1.0000000000

0.0000000000 0.0000000000 1.0000000000 500.0000000000
0.0000000000 1.0000000000 0.0000000000 -7.5500000000
-1.0000000000 0.0000000000 0.0000000000 400.0000000000
0.0000000000 0.0000000000 0.0000000000 1.0000000000

0.0000000000 0.0000000000 1.0000000000 500.0000000000
0.0000000000 1.0000000000 0.0000000000 -7.5250000000
-1.0000000000 0.0000000000 0.0000000000 400.0000000000
0.0000000000 0.0000000000 0.0000000000 1.0000000000

0.0000000000 0.0000000000 1.0000000000 500.0000000000
0.0000000000 1.0000000000 0.0000000000 -7.5000000000
-1.0000000000 0.0000000000 0.0000000000 400.0000000000
0.0000000000 0.0000000000 0.0000000000 1.0000000000

0.0000000000 0.0000000000 1.0000000000 500.0000000000
0.0000000000 1.0000000000 0.0000000000 -7.4750000000
-1.0000000000 0.0000000000 0.0000000000 400.0000000000
0.0000000000 0.0000000000 0.0000000000 1.0000000000

0.0000000000 0.0000000000 1.0000000000 500.0000000000
0.0000000000 1.0000000000 0.0000000000 -7.4500000000
-1.0000000000 0.0000000000 0.0000000000 400.0000000000
0.0000000000 0.0000000000 0.0000000000 1.0000000000

0.0000000000 0.0000000000 1.0000000000 500.0000000000
0.0000000000 1.0000000000 0.0000000000 -7.4250000000
-1.0000000000 0.0000000000 0.0000000000 400.0000000000
0.0000000000 0.0000000000 0.0000000000 1.0000000000

0.0000000000 0.0000000000 1.0000000000 500.0000000000
0.0000000000 1.0000000000 0.0000000000 -7.4000000000
-1.0000000000 0.0000000000 0.0000000000 400.0000000000
0.0000000000 0.0000000000 0.0000000000 1.0000000000

0.0000000000 0.0000000000 1.0000000000 500.0000000000
0.0000000000 1.0000000000 0.0000000000 -7.3750000000
-1.0000000000 0.0000000000 0.0000000000 400.0000000000
0.0000000000 0.0000000000 0.0000000000 1.0000000000

0.0000000000 0.0000000000 1.0000000000 500.0000000000
0.0000000000 1.0000000000 0.0000000000 -7.3500000000
-1.0000000000 0.0000000000 0.0000000000 400.0000000000
0.0000000000 0.0000000000 0.0000000000 1.0000000000

0.0000000000 0.0000000000 1.0000000000 500.0000000000
0.0000000000 1.0000000000 0.0000000000 -7.3250000000
-1.0000000000 0.0000000000 0.0000000000 400.0000000000
0.0000000000 0.0000000000 0.0000000000 1.0000000000

0.0000000000 0.0000000000 1.0000000000 500.0000000000
0.0000000000 1.0000000000 0.0000000000 -7.3000000000
-1.0000000000 0.0000000000 0.0000000000 400.0000000000
0.0000000000 0.0000000000 0.0000000000 1.0000000000

0.0000000000 0.0000000000 1.0000000000 500.0000000000
0.0000000000 1.0000000000 0.0000000000 -7.2750000000
-1.0000000000 0.0000000000 0.0000000000 400.0000000000
0.0000000000 0.0000000000 0.0000000000 1.0000000000

0.0000000000 0.0000000000 1.0000000000 500.0000000000
0.0000000000 1.0000000000 0.0000000000 -7.2500000000
-1.0000000000 0.0000000000 0.0000000000 400.0000000000
0.0000000000 0.0000000000 0.0000000000 1.0000000000

0.0000000000 0.0000000000 1.0000000000 500.0000000000
0.0000000000 1.0000000000 0.0000000000 -7.2250000000
-1.0000000000 0.0000000000 0.0000000000 400.0000000000
0.0000000000 0.0000000000 0.0000000000 1.0000000000

0.0000000000 0.0000000000 1.0000000000 500.0000000000
0.0000000000 1.0000000000 0.0000000000 -7.2000000000
-1.0000000000 0.0000000000 0.0000000000 400.0000000000
0.0000000000 0.0000000000 0.0000000000 1.0000000000

0.0000000000 0.0000000000 1.0000000000 500.0000000000
0.0000000000 1.0000000000 0.0000000000 -7.1750000000
-1.0000000000 0.0000000000 0.0000000000 400.0000000000
0.0000000000 0.0000000000 0.0000000000 1.0000000000

0.0000000000 0.0000000000 1.0000000000 500.0000000000
0.0000000000 1.0000000000 0.0000000000 -7.1500000000
-1.0000000000 0.0000000000 0.0000000000 400.0000000000
0.0000000000 0.0000000000 0.0000000000 1.0000000000

0.0000000000 0.0000000000 1.0000000000 500.0000000000
0.0000000000 1.0000000000 0.0000000000 -7.1250000000
-1.0000000000 0.0000000000 0.0000000000 400.0000000000
0.0000000000 0.0000000000 0.0000000000 1.0000000000

0.0000000000 0.0000000000 1.0000000000 500.0000000000
0.0000000000 1.0000000000 0.0000000000 -7.1000000000
-1.0000000000 0.0000000000 0.0000000000 400.0000000000
0.0000000000 0.0000000000 0.0000000000 1.0000000000

0.0000000000 0.0000000000 1.0000000000 500.0000000000
0.0000000000 1.0000000000 0.0000000000 -7.0750000000
-1.0000000000 0.0000000000 0.0000000000 400.0000000000
0.0000000000 0.0000000000 0.0000000000 1.0000000000

0.0000000000 0.0000000000 1.0000000000 500.0000000000
0.0000000000 1.0000000000 0.0000000000 -7.0500000000
-1.0000000000 0.0000000000 0.0000000000 400.0000000000
0.0000000000 0.0000000000 0.0000000000 1.0000000000

0.0000000000 0.0000000000 1.0000000000 500.0000000000
0.0000000000 1.0000000000 0.0000000000 -7.0250000000
-1.0000000000 0.0000000000 0.0000000000 400.0000000000
0.0000000000 0.0000000000 0.0000000000 1.0000000000

0.0000000000 0.0000000000 1.0000000000 500.0000000000
0.0000000000 1.0000000000 0.0000000000 -7.0000000000
-1.0000000000 0.0000000000 0.0000000000 400.0000000000
0.0000000000 0.0000000000 0.0000000000 1.0000000000

0.0000000000 0.0000000000 1.0000000000 500.0000000000
0.0000000000 1.0000000000 0.0000000000 -6.9750000000
-1.0000000000 0.0000000000 0.0000000000 400.0000000000
0.0000000000 0.0000000000 0.0000000000 1.0000000000

0.0000000000 0.0000000000 1.0000000000 500.0000000000
0.0000000000 1.0000000000 0.0000000000 -6.9500000000
-1.0000000000 0.0000000000 0.0000000000 400.0000000000
0.0000000000 0.0000000000 0.0000000000 1.0000000000

0.0000000000 0.0000000000 1.0000000000 500.0000000000
0.0000000000 1.0000000000 0.0000000000 -6.9250000000
-1.0000000000 0.0000000000 0.0000000000 400.0000000000
0.0000000000 0.0000000000 0.0000000000 1.0000000000

0.0000000000 0.0000000000 1.0000000000 500.0000000000
0.0000000000 1.0000000000 0.0000000000 -6.9000000000
-1.0000000000 0.0000000000 0.0000000000 400.0000000000
0.0000000000 0.0000000000 0.0000000000 1.0000000000

0.0000000000 0.0000000000 1.0000000000 500.0000000000
0.0000000000 1.0000000000 0.0000000000 -6.8750000000
-1.0000000000 0.0000000000 0.0000000000 400.0000000000
0.0000000000 0.0000000000 0.0000000000 1.0000000000

0.0000000000 0.0000000000 1.0000000000 500.0000000000
0.0000000000 1.0000000000 0.0000000000 -6.8500000000
-1.0000000000 0.0000000000 0.0000000000 400.0000000000
0.0000000000 0.0000000000 0.0000000000 1.0000000000

0.0000000000 0.0000000000 1.0000000000 500.0000000000
0.0000000000 1.0000000000 0.0000000000 -6.8250000000
-1.0000000000 0.0000000000 0.0000000000 400.0000000000
0.0000000000 0.0000000000 0.0000000000 1.0000000000

0.0000000000 0.0000000000 1.0000000000 500.0000000000
0.0000000000 1.0000000000 0.0000000000 -6.8000000000
-1.0000000000 0.0000000000 0.0000000000 400.0000000000
0.0000000000 0.0000000000 0.0000000000 1.0000000000

0.0000000000 0.0000000000 1.0000000000 500.0000000000
0.0000000000 1.0000000000 0.0000000000 -6.7750000000
-1.0000000000 0.0000000000 0.0000000000 400.0000000000
0.0000000000 0.0000000000 0.0000000000 1.0000000000

0.0000000000 0.0000000000 1.0000000000 500.0000000000
0.0000000000 1.0000000000 0.0000000000 -6.7500000000
-1.0000000000 0.0000000000 0.0000000000 400.0000000000
0.0000000000 0.0000000000 0.0000000000 1.0000000000

0.0000000000 0.0000000000 1.0000000000 500.0000000000
0.0000000000 1.0000000000 0.0000000000 -6.7250000000
-1.0000000000 0.0000000000 0.0000000000 400.0000000000
0.0000000000 0.0000000000 0.0000000000 1.0000000000

0.0000000000 0.0000000000 1.0000000000 500.0000000000
0.0000000000 1.0000000000 0.0000000000 -6.7000000000
-1.0000000000 0.0000000000 0.0000000000 400.0000000000
0.0000000000 0.0000000000 0.0000000000 1.0000000000

0.0000000000 0.0000000000 1.0000000000 500.0000000000
0.0000000000 1.0000000000 0.0000000000 -6.6750000000
-1.0000000000 0.0000000000 0.0000000000 400.0000000000
0.0000000000 0.0000000000 0.0000000000 1.0000000000

0.0000000000 0.0000000000 1.0000000000 500.0000000000
0.0000000000 1.0000000000 0.0000000000 -6.6500000000
-1.0000000000 0.0000000000 0.0000000000 400.0000000000
0.0000000000 0.0000000000 0.0000000000 1.0000000000

0.0000000000 0.0000000000 1.0000000000 500.0000000000
0.0000000000 1.0000000000 0.0000000000 -6.6250000000
-1.0000000000 0.0000000000 0.0000000000 400.0000000000
0.0000000000 0.0000000000 0.0000000000 1.0000000000

0.0000000000 0.0000000000 1.0000000000 500.0000000000
0.0000000000 1.0000000000 0.0000000000 -6.6000000000
-1.0000000000 0.0000000000 0.0000000000 400.0000000000
0.0000000000 0.0000000000 0.0000000000 1.0000000000

0.0000000000 0.0000000000 1.0000000000 500.0000000000
0.0000000000 1.0000000000 0.0000000000 -6.5750000000
-1.0000000000 0.0000000000 0.0000000000 400.0000000000
0.0000000000 0.0000000000 0.0000000000 1.0000000000

0.0000000000 0.0000000000 1.0000000000 500.0000000000
0.0000000000 1.0000000000 0.0000000000 -6.5500000000
-1.0000000000 0.0000000000 0.0000000000 400.0000000000
0.0000000000 0.0000000000 0.0000000000 1.0000000000

0.0000000000 0.0000000000 1.0000000000 500.0000000000
0.0000000000 1.0000000000 0.0000000000 -6.5250000000
-1.0000000000 0.0000000000 0.0000000000 400.0000000000
0.0000000000 0.0000000000 0.0000000000 1.0000000000

0.0000000000 0.0000000000 1.0000000000 500.0000000000
0.0000000000 1.0000000000 0.0000000000 -6.5000000000
-1.0000000000 0.0000000000 0.0000000000 400.0000000000
0.0000000000 0.0000000000 0.0000000000 1.0000000000

0.0000000000 0.0000000000 1.0000000000 500.0000000000
0.0000000000 1.0000000000 0.0000000000 -6.4750000000
-1.0000000000 0.0000000000 0.0000000000 400.0000000000
0.0000000000 0.0000000000 0.0000000000 1.0000000000

0.0000000000 0.0000000000 1.0000000000 500.0000000000
0.0000000000 1.0000000000 0.0000000000 -6.4500000000
-1.0000000000 0.0000000000 0.0000000000 400.0000000000
0.0000000000 0.0000000000 0.0000000000 1.0000000000

0.0000000000 0.0000000000 1.0000000000 500.0000000000
0.0000000000 1.0000000000 0.0000000000 -6.4250000000
-1.0000000000 0.0000000000 0.0000000000 400.0000000000
0.0000000000 0.0000000000 0.0000000000 1.0000000000

0.0000000000 0.0000000000 1.0000000000 500.0000000000
0.0000000000 1.0000000000 0.0000000000 -6.4000000000
-1.0000000000 0.0000000000 0.0000000000 400.0000000000
0.0000000000 0.0000000000 0.0000000000 1.0000000000

0.0000000000 0.0000000000 1.0000000000 500.0000000000
0.0000000000 1.0000000000 0.0000000000 -6.3750000000
-1.0000000000 0.0000000000 0.0000000000 400.0000000000
0.0000000000 0.0000000000 0.0000000000 1.0000000000

0.0000000000 0.0000000000 1.0000000000 500.0000000000
0.0000000000 1.0000000000 0.0000000000 -6.3500000000
-1.0000000000 0.0000000000 0.0000000000 400.0000000000
0.0000000000 0.0000000000 0.0000000000 1.0000000000

0.0000000000 0.0000000000 1.0000000000 500.0000000000
0.0000000000 1.0000000000 0.0000000000 -6.3250000000
-1.0000000000 0.0000000000 0.0000000000 400.0000000000
0.0000000000 0.0000000000 0.0000000000 1.0000000000

0.0000000000 0.0000000000 1.0000000000 500.0000000000
0.0000000000 1.0000000000 0.0000000000 -6.3000000000
-1.0000000000 0.0000000000 0.0000000000 400.0000000000
0.0000000000 0.0000000000 0.0000000000 1.0000000000

0.0000000000 0.0000000000 1.0000000000 500.0000000000
0.0000000000 1.0000000000 0.0000000000 -6.2750000000
-1.0000000000 0.0000000000 0.0000000000 400.0000000000
0.0000000000 0.0000000000 0.0000000000 1.0000000000

0.0000000000 0.0000000000 1.0000000000 500.0000000000
0.0000000000 1.0000000000 0.0000000000 -6.2500000000
-1.0000000000 0.0000000000 0.0000000000 400.0000000000
0.0000000000 0.0000000000 0.0000000000 1.0000000000

0.0000000000 0.0000000000 1.0000000000 500.0000000000
0.0000000000 1.0000000000 0.0000000000 -6.2250000000
-1.0000000000 0.0000000000 0.0000000000 400.0000000000
0.0000000000 0.0000000000 0.0000000000 1.0000000000

0.0000000000 0.0000000000 1.0000000000 500.0000000000
0.0000000000 1.0000000000 0.0000000000 -6.2000000000
-1.0000000000 0.0000000000 0.0000000000 400.0000000000
0.0000000000 0.0000000000 0.0000000000 1.0000000000

0.0000000000 0.0000000000 1.0000000000 500.0000000000
0.0000000000 1.0000000000 0.0000000000 -6.1750000000
-1.0000000000 0.0000000000 0.0000000000 400.0000000000
0.0000000000 0.0000000000 0.0000000000 1.0000000000

0.0000000000 0.0000000000 1.0000000000 500.0000000000
0.0000000000 1.0000000000 0.0000000000 -6.1500000000
-1.0000000000 0.0000000000 0.0000000000 400.0000000000
0.0000000000 0.0000000000 0.0000000000 1.0000000000

0.0000000000 0.0000000000 1.0000000000 500.0000000000
0.0000000000 1.0000000000 0.0000000000 -6.1250000000
-1.0000000000 0.0000000000 0.0000000000 400.0000000000
0.0000000000 0.0000000000 0.0000000000 1.0000000000

0.0000000000 0.0000000000 1.0000000000 500.0000000000
0.0000000000 1.0000000000 0.0000000000 -6.1000000000
-1.0000000000 0.0000000000 0.0000000000 400.0000000000
0.0000000000 0.0000000000 0.0000000000 1.0000000000

0.0000000000 0.0000000000 1.0000000000 500.0000000000
0.0000000000 1.0000000000 0.0000000000 -6.0750000000
-1.0000000000 0.0000000000 0.0000000000 400.0000000000
0.0000000000 0.0000000000 0.0000000000 1.0000000000

0.0000000000 0.0000000000 1.0000000000 500.0000000000
0.0000000000 1.0000000000 0.0000000000 -6.0500000000
-1.0000000000 0.0000000000 0.0000000000 400.0000000000
0.0000000000 0.0000000000 0.0000000000 1.0000000000

0.0000000000 0.0000000000 1.0000000000 500.0000000000
0.0000000000 1.0000000000 0.0000000000 -6.0250000000
-1.0000000000 0.0000000000 0.0000000000 400.0000000000
0.0000000000 0.0000000000 0.0000000000 1.0000000000

0.0000000000 0.0000000000 1.0000000000 500.0000000000
0.0000000000 1.0000000000 0.0000000000 -6.0000000000
-1.0000000000 0.0000000000 0.0000000000 400.0000000000
0.0000000000 0.0000000000 0.0000000000 1.0000000000

0.0000000000 0.0000000000 1.0000000000 500.0000000000
0.0000000000 1.0000000000 0.0000000000 -5.9750000000
-1.0000000000 0.0000000000 0.0000000000 400.0000000000
0.0000000000 0.0000000000 0.0000000000 1.0000000000

0.0000000000 0.0000000000 1.0000000000 500.0000000000
0.0000000000 1.0000000000 0.0000000000 -5.9500000000
-1.0000000000 0.0000000000 0.0000000000 400.0000000000
0.0000000000 0.0000000000 0.0000000000 1.0000000000

0.0000000000 0.0000000000 1.0000000000 500.0000000000
0.0000000000 1.0000000000 0.0000000000 -5.9250000000
-1.0000000000 0.0000000000 0.0000000000 400.0000000000
0.0000000000 0.0000000000 0.0000000000 1.0000000000

0.0000000000 0.0000000000 1.0000000000 500.0000000000
0.0000000000 1.0000000000 0.0000000000 -5.9000000000
-1.0000000000 0.0000000000 0.0000000000 400.0000000000
0.0000000000 0.0000000000 0.0000000000 1.0000000000

0.0000000000 0.0000000000 1.0000000000 500.0000000000
0.0000000000 1.0000000000 0.0000000000 -5.8750000000
-1.0000000000 0.0000000000 0.0000000000 400.0000000000
0.0000000000 0.0000000000 0.0000000000 1.0000000000

0.0000000000 0.0000000000 1.0000000000 500.0000000000
0.0000000000 1.0000000000 0.0000000000 -5.8500000000
-1.0000000000 0.0000000000 0.0000000000 400.0000000000
0.0000000000 0.0000000000 0.0000000000 1.0000000000

0.0000000000 0.0000000000 1.0000000000 500.0000000000
0.0000000000 1.0000000000 0.0000000000 -5.8250000000
-1.0000000000 0.0000000000 0.0000000000 400.0000000000
0.0000000000 0.0000000000 0.0000000000 1.0000000000

0.0000000000 0.0000000000 1.0000000000 500.0000000000
0.0000000000 1.0000000000 0.0000000000 -5.8000000000
-1.0000000000 0.0000000000 0.0000000000 400.0000000000
0.0000000000 0.0000000000 0.0000000000 1.0000000000

0.0000000000 0.0000000000 1.0000000000 500.0000000000
0.0000000000 1.0000000000 0.0000000000 -5.7750000000
-1.0000000000 0.0000000000 0.0000000000 400.0000000000
0.0000000000 0.0000000000 0.0000000000 1.0000000000

0.0000000000 0.0000000000 1.0000000000 500.0000000000
0.0000000000 1.0000000000 0.0000000000 -5.7500000000
-1.0000000000 0.0000000000 0.0000000000 400.0000000000
0.0000000000 0.0000000000 0.0000000000 1.0000000000

0.0000000000 0.0000000000 1.0000000000 500.0000000000
0.0000000000 1.0000000000 0.0000000000 -5.7250000000
-1.0000000000 0.0000000000 0.0000000000 400.0000000000
0.0000000000 0.0000000000 0.0000000000 1.0000000000

0.0000000000 0.0000000000 1.0000000000 500.0000000000
0.0000000000 1.0000000000 0.0000000000 -5.7000000000
-1.0000000000 0.0000000000 0.0000000000 400.0000000000
0.0000000000 0.0000000000 0.0000000000 1.0000000000

0.0000000000 0.0000000000 1.0000000000 500.0000000000
0.0000000000 1.0000000000 0.0000000000 -5.6750000000
-1.0000000000 0.0000000000 0.0000000000 400.0000000000
0.0000000000 0.0000000000 0.0000000000 1.0000000000

0.0000000000 0.0000000000 1.0000000000 500.0000000000
0.0000000000 1.0000000000 0.0000000000 -5.6500000000
-1.0000000000 0.0000000000 0.0000000000 400.0000000000
0.0000000000 0.0000000000 0.0000000000 1.0000000000

0.0000000000 0.0000000000 1.0000000000 500.0000000000
0.0000000000 1.0000000000 0.0000000000 -5.6250000000
-1.0000000000 0.0000000000 0.0000000000 400.0000000000
0.0000000000 0.0000000000 0.0000000000 1.0000000000

0.0000000000 0.0000000000 1.0000000000 500.0000000000
0.0000000000 1.0000000000 0.0000000000 -5.6000000000
-1.0000000000 0.0000000000 0.0000000000 400.0000000000
0.0000000000 0.0000000000 0.0000000000 1.0000000000

0.0000000000 0.0000000000 1.0000000000 500.0000000000
0.0000000000 1.0000000000 0.0000000000 -5.5750000000
-1.0000000000 0.0000000000 0.0000000000 400.0000000000
0.0000000000 0.0000000000 0.0000000000 1.0000000000

0.0000000000 0.0000000000 1.0000000000 500.0000000000
0.0000000000 1.0000000000 0.0000000000 -5.5500000000
-1.0000000000 0.0000000000 0.0000000000 400.0000000000
0.0000000000 0.0000000000 0.0000000000 1.0000000000

0.0000000000 0.0000000000 1.0000000000 500.0000000000
0.0000000000 1.0000000000 0.0000000000 -5.5250000000
-1.0000000000 0.0000000000 0.0000000000 400.0000000000
0.0000000000 0.0000000000 0.0000000000 1.0000000000

0.0000000000 0.0000000000 1.0000000000 500.0000000000
0.0000000000 1.0000000000 0.0000000000 -5.5000000000
-1.0000000000 0.0000000000 0.0000000000 400.0000000000
0.0000000000 0.0000000000 0.0000000000 1.0000000000

0.0000000000 0.0000000000 1.0000000000 500.0000000000
0.0000000000 1.0000000000 0.0000000000 -5.4750000000
-1.0000000000 0.0000000000 0.0000000000 400.0000000000
0.0000000000 0.0000000000 0.0000000000 1.0000000000

0.0000000000 0.0000000000 1.0000000000 500.0000000000
0.0000000000 1.0000000000 0.0000000000 -5.4500000000
-1.0000000000 0.0000000000 0.0000000000 400.0000000000
0.0000000000 0.0000000000 0.0000000000 1.0000000000

0.0000000000 0.0000000000 1.0000000000 500.0000000000
0.0000000000 1.0000000000 0.0000000000 -5.4250000000
-1.0000000000 0.0000000000 0.0000000000 400.0000000000
0.0000000000 0.0000000000 0.0000000000 1.0000000000

0.0000000000 0.0000000000 1.0000000000 500.0000000000
0.0000000000 1.0000000000 0.0000000000 -5.4000000000
-1.0000000000 0.0000000000 0.0000000000 400.0000000000
0.0000000000 0.0000000000 0.0000000000 1.0000000000

0.0000000000 0.0000000000 1.0000000000 500.0000000000
0.0000000000 1.0000000000 0.0000000000 -5.3750000000
-1.0000000000 0.0000000000 0.0000000000 400.0000000000
0.0000000000 0.0000000000 0.0000000000 1.0000000000

0.0000000000 0.0000000000 1.0000000000 500.0000000000
0.0000000000 1.0000000000 0.0000000000 -5.3500000000
-1.0000000000 0.0000000000 0.0000000000 400.0000000000
0.0000000000 0.0000000000 0.0000000000 1.0000000000

0.0000000000 0.0000000000 1.0000000000 500.0000000000
0.0000000000 1.0000000000 0.0000000000 -5.3250000000
-1.0000000000 0.0000000000 0.0000000000 400.0000000000
0.0000000000 0.0000000000 0.0000000000 1.0000000000

0.0000000000 0.0000000000 1.0000000000 500.0000000000
0.0000000000 1.0000000000 0.0000000000 -5.3000000000
-1.0000000000 0.0000000000 0.0000000000 400.0000000000
0.0000000000 0.0000000000 0.0000000000 1.0000000000

0.0000000000 0.0000000000 1.0000000000 500.0000000000
0.0000000000 1.0000000000 0.0000000000 -5.2750000000
-1.0000000000 0.0000000000 0.0000000000 400.0000000000
0.0000000000 0.0000000000 0.0000000000 1.0000000000

0.0000000000 0.0000000000 1.0000000000 500.0000000000
0.0000000000 1.0000000000 0.0000000000 -5.2500000000
-1.0000000000 0.0000000000 0.0000000000 400.0000000000
0.0000000000 0.0000000000 0.0000000000 1.0000000000

0.0000000000 0.0000000000 1.0000000000 500.0000000000
0.0000000000 1.0000000000 0.0000000000 -5.2250000000
-1.0000000000 0.0000000000 0.0000000000 400.0000000000
0.0000000000 0.0000000000 0.0000000000 1.0000000000

0.0000000000 0.0000000000 1.0000000000 500.0000000000
0.0000000000 1.0000000000 0.0000000000 -5.2000000000
-1.0000000000 0.0000000000 0.0000000000 400.0000000000
0.0000000000 0.0000000000 0.0000000000 1.0000000000

0.0000000000 0.0000000000 1.0000000000 500.0000000000
0.0000000000 1.0000000000 0.0000000000 -5.1750000000
-1.0000000000 0.0000000000 0.0000000000 400.0000000000
0.0000000000 0.0000000000 0.0000000000 1.0000000000

0.0000000000 0.0000000000 1.0000000000 500.0000000000
0.0000000000 1.0000000000 0.0000000000 -5.1500000000
-1.0000000000 0.0000000000 0.0000000000 400.0000000000
0.0000000000 0.0000000000 0.0000000000 1.0000000000

0.0000000000 0.0000000000 1.0000000000 500.0000000000
0.0000000000 1.0000000000 0.0000000000 -5.1250000000
-1.0000000000 0.0000000000 0.0000000000 400.0000000000
0.0000000000 0.0000000000 0.0000000000 1.0000000000

0.0000000000 0.0000000000 1.0000000000 500.0000000000
0.0000000000 1.0000000000 0.0000000000 -5.1000000000
-1.0000000000 0.0000000000 0.0000000000 400.0000000000
0.0000000000 0.0000000000 0.0000000000 1.0000000000

0.0000000000 0.0000000000 1.0000000000 500.0000000000
0.0000000000 1.0000000000 0.0000000000 -5.0750000000
-1.0000000000 0.0000000000 0.0000000000 400.0000000000
0.0000000000 0.0000000000 0.0000000000 1.0000000000

0.0000000000 0.0000000000 1.0000000000 500.0000000000
0.0000000000 1.0000000000 0.0000000000 -5.0500000000
-1.0000000000 0.0000000000 0.0000000000 400.0000000000
0.0000000000 0.0000000000 0.0000000000 1.0000000000

0.0000000000 0.0000000000 1.0000000000 500.0000000000
0.0000000000 1.0000000000 0.0000000000 -5.0250000000
-1.0000000000 0.0000000000 0.0000000000 400.0000000000
0.0000000000 0.0000000000 0.0000000000 1.0000000000

0.0000000000 0.0000000000 1.0000000000 500.0000000000
0.0000000000 1.0000000000 0.0000000000 -5.0000000000
-1.0000000000 0.0000000000 0.0000000000 400.0000000000
0.0000000000 0.0000000000 0.0000000000 1.0000000000

0.0000000000 0.0000000000 1.0000000000 500.0000000000
0.0000000000 1.0000000000 0.0000000000 -4.9750000000
-1.0000000000 0.0000000000 0.0000000000 400.0000000000
0.0000000000 0.0000000000 0.0000000000 1.0000000000

0.0000000000 0.0000000000 1.0000000000 500.0000000000
0.0000000000 1.0000000000 0.0000000000 -4.9500000000
-1.0000000000 0.0000000000 0.0000000000 400.0000000000
0.0000000000 0.0000000000 0.0000000000 1.0000000000

0.0000000000 0.0000000000 1.0000000000 500.0000000000
0.0000000000 1.0000000000 0.0000000000 -4.9250000000
-1.0000000000 0.0000000000 0.0000000000 400.0000000000
0.0000000000 0.0000000000 0.0000000000 1.0000000000

0.0000000000 0.0000000000 1.0000000000 500.0000000000
0.0000000000 1.0000000000 0.0000000000 -4.9000000000
-1.0000000000 0.0000000000 0.0000000000 400.0000000000
0.0000000000 0.0000000000 0.0000000000 1.0000000000

0.0000000000 0.0000000000 1.0000000000 500.0000000000
0.0000000000 1.0000000000 0.0000000000 -4.8750000000
-1.0000000000 0.0000000000 0.0000000000 400.0000000000
0.0000000000 0.0000000000 0.0000000000 1.0000000000

0.0000000000 0.0000000000 1.0000000000 500.0000000000
0.0000000000 1.0000000000 0.0000000000 -4.8500000000
-1.0000000000 0.0000000000 0.0000000000 400.0000000000
0.0000000000 0.0000000000 0.0000000000 1.0000000000

0.0000000000 0.0000000000 1.0000000000 500.0000000000
0.0000000000 1.0000000000 0.0000000000 -4.8250000000
-1.0000000000 0.0000000000 0.0000000000 400.0000000000
0.0000000000 0.0000000000 0.0000000000 1.0000000000

0.0000000000 0.0000000000 1.0000000000 500.0000000000
0.0000000000 1.0000000000 0.0000000000 -4.8000000000
-1.0000000000 0.0000000000 0.0000000000 400.0000000000
0.0000000000 0.0000000000 0.0000000000 1.0000000000

0.0000000000 0.0000000000 1.0000000000 500.0000000000
0.0000000000 1.0000000000 0.0000000000 -4.7750000000
-1.0000000000 0.0000000000 0.0000000000 400.0000000000
0.0000000000 0.0000000000 0.0000000000 1.0000000000

0.0000000000 0.0000000000 1.0000000000 500.0000000000
0.0000000000 1.0000000000 0.0000000000 -4.7500000000
-1.0000000000 0.0000000000 0.0000000000 400.0000000000
0.0000000000 0.0000000000 0.0000000000 1.0000000000

0.0000000000 0.0000000000 1.0000000000 500.0000000000
0.0000000000 1.0000000000 0.0000000000 -4.7250000000
-1.0000000000 0.0000000000 0.0000000000 400.0000000000
0.0000000000 0.0000000000 0.0000000000 1.0000000000

0.0000000000 0.0000000000 1.0000000000 500.0000000000
0.0000000000 1.0000000000 0.0000000000 -4.7000000000
-1.0000000000 0.0000000000 0.0000000000 400.0000000000
0.0000000000 0.0000000000 0.0000000000 1.0000000000

0.0000000000 0.0000000000 1.0000000000 500.0000000000
0.0000000000 1.0000000000 0.0000000000 -4.6750000000
-1.0000000000 0.0000000000 0.0000000000 400.0000000000
0.0000000000 0.0000000000 0.0000000000 1.0000000000

0.0000000000 0.0000000000 1.0000000000 500.0000000000
0.0000000000 1.0000000000 0.0000000000 -4.6500000000
-1.0000000000 0.0000000000 0.0000000000 400.0000000000
0.0000000000 0.0000000000 0.0000000000 1.0000000000

0.0000000000 0.0000000000 1.0000000000 500.0000000000
0.0000000000 1.0000000000 0.0000000000 -4.6250000000
-1.0000000000 0.0000000000 0.0000000000 400.0000000000
0.0000000000 0.0000000000 0.0000000000 1.0000000000

0.0000000000 0.0000000000 1.0000000000 500.0000000000
0.0000000000 1.0000000000 0.0000000000 -4.6000000000
-1.0000000000 0.0000000000 0.0000000000 400.0000000000
0.0000000000 0.0000000000 0.0000000000 1.0000000000

0.0000000000 0.0000000000 1.0000000000 500.0000000000
0.0000000000 1.0000000000 0.0000000000 -4.5750000000
-1.0000000000 0.0000000000 0.0000000000 400.0000000000
0.0000000000 0.0000000000 0.0000000000 1.0000000000

0.0000000000 0.0000000000 1.0000000000 500.0000000000
0.0000000000 1.0000000000 0.0000000000 -4.5500000000
-1.0000000000 0.0000000000 0.0000000000 400.0000000000
0.0000000000 0.0000000000 0.0000000000 1.0000000000

0.0000000000 0.0000000000 1.0000000000 500.0000000000
0.0000000000 1.0000000000 0.0000000000 -4.5250000000
-1.0000000000 0.0000000000 0.0000000000 400.0000000000
0.0000000000 0.0000000000 0.0000000000 1.0000000000

0.0000000000 0.0000000000 1.0000000000 500.0000000000
0.0000000000 1.0000000000 0.0000000000 -4.5000000000
-1.0000000000 0.0000000000 0.0000000000 400.0000000000
0.0000000000 0.0000000000 0.0000000000 1.0000000000

0.0000000000 0.0000000000 1.0000000000 500.0000000000
0.0000000000 1.0000000000 0.0000000000 -4.4750000000
-1.0000000000 0.0000000000 0.0000000000 400.0000000000
0.0000000000 0.0000000000 0.0000000000 1.0000000000

0.0000000000 0.0000000000 1.0000000000 500.0000000000
0.0000000000 1.0000000000 0.0000000000 -4.4500000000
-1.0000000000 0.0000000000 0.0000000000 400.0000000000
0.0000000000 0.0000000000 0.0000000000 1.0000000000

0.0000000000 0.0000000000 1.0000000000 500.0000000000
0.0000000000 1.0000000000 0.0000000000 -4.4250000000
-1.0000000000 0.0000000000 0.0000000000 400.0000000000
0.0000000000 0.0000000000 0.0000000000 1.0000000000

0.0000000000 0.0000000000 1.0000000000 500.0000000000
0.0000000000 1.0000000000 0.0000000000 -4.4000000000
-1.0000000000 0.0000000000 0.0000000000 400.0000000000
0.0000000000 0.0000000000 0.0000000000 1.0000000000

0.0000000000 0.0000000000 1.0000000000 500.0000000000
0.0000000000 1.0000000000 0.0000000000 -4.3750000000
-1.0000000000 0.0000000000 0.0000000000 400.0000000000
0.0000000000 0.0000000000 0.0000000000 1.0000000000

0.0000000000 0.0000000000 1.0000000000 500.0000000000
0.0000000000 1.0000000000 0.0000000000 -4.3500000000
-1.0000000000 0.0000000000 0.0000000000 400.0000000000
0.0000000000 0.0000000000 0.0000000000 1.0000000000

0.0000000000 0.0000000000 1.0000000000 500.0000000000
0.0000000000 1.0000000000 0.0000000000 -4.3250000000
-1.0000000000 0.0000000000 0.0000000000 400.0000000000
0.0000000000 0.0000000000 0.0000000000 1.0000000000

0.0000000000 0.0000000000 1.0000000000 500.0000000000
0.0000000000 1.0000000000 0.0000000000 -4.3000000000
-1.0000000000 0.0000000000 0.0000000000 400.0000000000
0.0000000000 0.0000000000 0.0000000000 1.0000000000

0.0000000000 0.0000000000 1.0000000000 500.0000000000
0.0000000000 1.0000000000 0.0000000000 -4.2750000000
-1.0000000000 0.0000000000 0.0000000000 400.0000000000
0.0000000000 0.0000000000 0.0000000000 1.0000000000

0.0000000000 0.0000000000 1.0000000000 500.0000000000
0.0000000000 1.0000000000 0.0000000000 -4.2500000000
-1.0000000000 0.0000000000 0.0000000000 400.0000000000
0.0000000000 0.0000000000 0.0000000000 1.0000000000

0.0000000000 0.0000000000 1.0000000000 500.0000000000
0.0000000000 1.0000000000 0.0000000000 -4.2250000000
-1.0000000000 0.0000000000 0.0000000000 400.0000000000
0.0000000000 0.0000000000 0.0000000000 1.0000000000

0.0000000000 0.0000000000 1.0000000000 500.0000000000
0.0000000000 1.0000000000 0.0000000000 -4.2000000000
-1.0000000000 0.0000000000 0.0000000000 400.0000000000
0.0000000000 0.0000000000 0.0000000000 1.0000000000

0.0000000000 0.0000000000 1.0000000000 500.0000000000
0.0000000000 1.0000000000 0.0000000000 -4.1750000000
-1.0000000000 0.0000000000 0.0000000000 400.0000000000
0.0000000000 0.0000000000 0.0000000000 1.0000000000

0.0000000000 0.0000000000 1.0000000000 500.0000000000
0.0000000000 1.0000000000 0.0000000000 -4.1500000000
-1.0000000000 0.0000000000 0.0000000000 400.0000000000
0.0000000000 0.0000000000 0.0000000000 1.0000000000

0.0000000000 0.0000000000 1.0000000000 500.0000000000
0.0000000000 1.0000000000 0.0000000000 -4.1250000000
-1.0000000000 0.0000000000 0.0000000000 400.0000000000
0.0000000000 0.0000000000 0.0000000000 1.0000000000

0.0000000000 0.0000000000 1.0000000000 500.0000000000
0.0000000000 1.0000000000 0.0000000000 -4.1000000000
-1.0000000000 0.0000000000 0.0000000000 400.0000000000
0.0000000000 0.0000000000 0.0000000000 1.0000000000

0.0000000000 0.0000000000 1.0000000000 500.0000000000
0.0000000000 1.0000000000 0.0000000000 -4.0750000000
-1.0000000000 0.0000000000 0.0000000000 400.0000000000
0.0000000000 0.0000000000 0.0000000000 1.0000000000

0.0000000000 0.0000000000 1.0000000000 500.0000000000
0.0000000000 1.0000000000 0.0000000000 -4.0500000000
-1.0000000000 0.0000000000 0.0000000000 400.0000000000
0.0000000000 0.0000000000 0.0000000000 1.0000000000

0.0000000000 0.0000000000 1.0000000000 500.0000000000
0.0000000000 1.0000000000 0.0000000000 -4.0250000000
-1.0000000000 0.0000000000 0.0000000000 400.0000000000
0.0000000000 0.0000000000 0.0000000000 1.0000000000

0.0000000000 0.0000000000 1.0000000000 500.0000000000
0.0000000000 1.0000000000 0.0000000000 -4.0000000000
-1.0000000000 0.0000000000 0.0000000000 400.0000000000
0.0000000000 0.0000000000 0.0000000000 1.0000000000

0.0000000000 0.0000000000 1.0000000000 500.0000000000
0.0000000000 1.0000000000 0.0000000000 -3.9750000000
-1.0000000000 0.0000000000 0.0000000000 400.0000000000
0.0000000000 0.0000000000 0.0000000000 1.0000000000

0.0000000000 0.0000000000 1.0000000000 500.0000000000
0.0000000000 1.0000000000 0.0000000000 -3.9500000000
-1.0000000000 0.0000000000 0.0000000000 400.0000000000
0.0000000000 0.0000000000 0.0000000000 1.0000000000

0.0000000000 0.0000000000 1.0000000000 500.0000000000
0.0000000000 1.0000000000 0.0000000000 -3.9250000000
-1.0000000000 0.0000000000 0.0000000000 400.0000000000
0.0000000000 0.0000000000 0.0000000000 1.0000000000

0.0000000000 0.0000000000 1.0000000000 500.0000000000
0.0000000000 1.0000000000 0.0000000000 -3.9000000000
-1.0000000000 0.0000000000 0.0000000000 400.0000000000
0.0000000000 0.0000000000 0.0000000000 1.0000000000

0.0000000000 0.0000000000 1.0000000000 500.0000000000
0.0000000000 1.0000000000 0.0000000000 -3.8750000000
-1.0000000000 0.0000000000 0.0000000000 400.0000000000
0.0000000000 0.0000000000 0.0000000000 1.0000000000

0.0000000000 0.0000000000 1.0000000000 500.0000000000
0.0000000000 1.0000000000 0.0000000000 -3.8500000000
-1.0000000000 0.0000000000 0.0000000000 400.0000000000
0.0000000000 0.0000000000 0.0000000000 1.0000000000

0.0000000000 0.0000000000 1.0000000000 500.0000000000
0.0000000000 1.0000000000 0.0000000000 -3.8250000000
-1.0000000000 0.0000000000 0.0000000000 400.0000000000
0.0000000000 0.0000000000 0.0000000000 1.0000000000

0.0000000000 0.0000000000 1.0000000000 500.0000000000
0.0000000000 1.0000000000 0.0000000000 -3.8000000000
-1.0000000000 0.0000000000 0.0000000000 400.0000000000
0.0000000000 0.0000000000 0.0000000000 1.0000000000

0.0000000000 0.0000000000 1.0000000000 500.0000000000
0.0000000000 1.0000000000 0.0000000000 -3.7750000000
-1.0000000000 0.0000000000 0.0000000000 400.0000000000
0.0000000000 0.0000000000 0.0000000000 1.0000000000

0.0000000000 0.0000000000 1.0000000000 500.0000000000
0.0000000000 1.0000000000 0.0000000000 -3.7500000000
-1.0000000000 0.0000000000 0.0000000000 400.0000000000
0.0000000000 0.0000000000 0.0000000000 1.0000000000

0.0000000000 0.0000000000 1.0000000000 500.0000000000
0.0000000000 1.0000000000 0.0000000000 -3.7250000000
-1.0000000000 0.0000000000 0.0000000000 400.0000000000
0.0000000000 0.0000000000 0.0000000000 1.0000000000

0.0000000000 0.0000000000 1.0000000000 500.0000000000
0.0000000000 1.0000000000 0.0000000000 -3.7000000000
-1.0000000000 0.0000000000 0.0000000000 400.0000000000
0.0000000000 0.0000000000 0.0000000000 1.0000000000

0.0000000000 0.0000000000 1.0000000000 500.0000000000
0.0000000000 1.0000000000 0.0000000000 -3.6750000000
-1.0000000000 0.0000000000 0.0000000000 400.0000000000
0.0000000000 0.0000000000 0.0000000000 1.0000000000

0.0000000000 0.0000000000 1.0000000000 500.0000000000
0.0000000000 1.0000000000 0.0000000000 -3.6500000000
-1.0000000000 0.0000000000 0.0000000000 400.0000000000
0.0000000000 0.0000000000 0.0000000000 1.0000000000

0.0000000000 0.0000000000 1.0000000000 500.0000000000
0.0000000000 1.0000000000 0.0000000000 -3.6250000000
-1.0000000000 0.0000000000 0.0000000000 400.0000000000
0.0000000000 0.0000000000 0.0000000000 1.0000000000

0.0000000000 0.0000000000 1.0000000000 500.0000000000
0.0000000000 1.0000000000 0.0000000000 -3.6000000000
-1.0000000000 0.0000000000 0.0000000000 400.0000000000
0.0000000000 0.0000000000 0.0000000000 1.0000000000

0.0000000000 0.0000000000 1.0000000000 500.0000000000
0.0000000000 1.0000000000 0.0000000000 -3.5750000000
-1.0000000000 0.0000000000 0.0000000000 400.0000000000
0.0000000000 0.0000000000 0.0000000000 1.0000000000

0.0000000000 0.0000000000 1.0000000000 500.0000000000
0.0000000000 1.0000000000 0.0000000000 -3.5500000000
-1.0000000000 0.0000000000 0.0000000000 400.0000000000
0.0000000000 0.0000000000 0.0000000000 1.0000000000

0.0000000000 0.0000000000 1.0000000000 500.0000000000
0.0000000000 1.0000000000 0.0000000000 -3.5250000000
-1.0000000000 0.0000000000 0.0000000000 400.0000000000
0.0000000000 0.0000000000 0.0000000000 1.0000000000

0.0000000000 0.0000000000 1.0000000000 500.0000000000
0.0000000000 1.0000000000 0.0000000000 -3.5000000000
-1.0000000000 0.0000000000 0.0000000000 400.0000000000
0.0000000000 0.0000000000 0.0000000000 1.0000000000

0.0000000000 0.0000000000 1.0000000000 500.0000000000
0.0000000000 1.0000000000 0.0000000000 -3.4750000000
-1.0000000000 0.0000000000 0.0000000000 400.0000000000
0.0000000000 0.0000000000 0.0000000000 1.0000000000

0.0000000000 0.0000000000 1.0000000000 500.0000000000
0.0000000000 1.0000000000 0.0000000000 -3.4500000000
-1.0000000000 0.0000000000 0.0000000000 400.0000000000
0.0000000000 0.0000000000 0.0000000000 1.0000000000

0.0000000000 0.0000000000 1.0000000000 500.0000000000
0.0000000000 1.0000000000 0.0000000000 -3.4250000000
-1.0000000000 0.0000000000 0.0000000000 400.0000000000
0.0000000000 0.0000000000 0.0000000000 1.0000000000

0.0000000000 0.0000000000 1.0000000000 500.0000000000
0.0000000000 1.0000000000 0.0000000000 -3.4000000000
-1.0000000000 0.0000000000 0.0000000000 400.0000000000
0.0000000000 0.0000000000 0.0000000000 1.0000000000

0.0000000000 0.0000000000 1.0000000000 500.0000000000
0.0000000000 1.0000000000 0.0000000000 -3.3750000000
-1.0000000000 0.0000000000 0.0000000000 400.0000000000
0.0000000000 0.0000000000 0.0000000000 1.0000000000

0.0000000000 0.0000000000 1.0000000000 500.0000000000
0.0000000000 1.0000000000 0.0000000000 -3.3500000000
-1.0000000000 0.0000000000 0.0000000000 400.0000000000
0.0000000000 0.0000000000 0.0000000000 1.0000000000

0.0000000000 0.0000000000 1.0000000000 500.0000000000
0.0000000000 1.0000000000 0.0000000000 -3.3250000000
-1.0000000000 0.0000000000 0.0000000000 400.0000000000
0.0000000000 0.0000000000 0.0000000000 1.0000000000

0.0000000000 0.0000000000 1.0000000000 500.0000000000
0.0000000000 1.0000000000 0.0000000000 -3.3000000000
-1.0000000000 0.0000000000 0.0000000000 400.0000000000
0.0000000000 0.0000000000 0.0000000000 1.0000000000

0.0000000000 0.0000000000 1.0000000000 500.0000000000
0.0000000000 1.0000000000 0.0000000000 -3.2750000000
-1.0000000000 0.0000000000 0.0000000000 400.0000000000
0.0000000000 0.0000000000 0.0000000000 1.0000000000

0.0000000000 0.0000000000 1.0000000000 500.0000000000
0.0000000000 1.0000000000 0.0000000000 -3.2500000000
-1.0000000000 0.0000000000 0.0000000000 400.0000000000
0.0000000000 0.0000000000 0.0000000000 1.0000000000

0.0000000000 0.0000000000 1.0000000000 500.0000000000
0.0000000000 1.0000000000 0.0000000000 -3.2250000000
-1.0000000000 0.0000000000 0.0000000000 400.0000000000
0.0000000000 0.0000000000 0.0000000000 1.0000000000

0.0000000000 0.0000000000 1.0000000000 500.0000000000
0.0000000000 1.0000000000 0.0000000000 -3.2000000000
-1.0000000000 0.0000000000 0.0000000000 400.0000000000
0.0000000000 0.0000000000 0.0000000000 1.0000000000

0.0000000000 0.0000000000 1.0000000000 500.0000000000
0.0000000000 1.0000000000 0.0000000000 -3.1750000000
-1.0000000000 0.0000000000 0.0000000000 400.0000000000
0.0000000000 0.0000000000 0.0000000000 1.0000000000

0.0000000000 0.0000000000 1.0000000000 500.0000000000
0.0000000000 1.0000000000 0.0000000000 -3.1500000000
-1.0000000000 0.0000000000 0.0000000000 400.0000000000
0.0000000000 0.0000000000 0.0000000000 1.0000000000

0.0000000000 0.0000000000 1.0000000000 500.0000000000
0.0000000000 1.0000000000 0.0000000000 -3.1250000000
-1.0000000000 0.0000000000 0.0000000000 400.0000000000
0.0000000000 0.0000000000 0.0000000000 1.0000000000

0.0000000000 0.0000000000 1.0000000000 500.0000000000
0.0000000000 1.0000000000 0.0000000000 -3.1000000000
-1.0000000000 0.0000000000 0.0000000000 400.0000000000
0.0000000000 0.0000000000 0.0000000000 1.0000000000

0.0000000000 0.0000000000 1.0000000000 500.0000000000
0.0000000000 1.0000000000 0.0000000000 -3.0750000000
-1.0000000000 0.0000000000 0.0000000000 400.0000000000
0.0000000000 0.0000000000 0.0000000000 1.0000000000

0.0000000000 0.0000000000 1.0000000000 500.0000000000
0.0000000000 1.0000000000 0.0000000000 -3.0500000000
-1.0000000000 0.0000000000 0.0000000000 400.0000000000
0.0000000000 0.0000000000 0.0000000000 1.0000000000

0.0000000000 0.0000000000 1.0000000000 500.0000000000
0.0000000000 1.0000000000 0.0000000000 -3.0250000000
-1.0000000000 0.0000000000 0.0000000000 400.0000000000
0.0000000000 0.0000000000 0.0000000000 1.0000000000

0.0000000000 0.0000000000 1.0000000000 500.0000000000
0.0000000000 1.0000000000 0.0000000000 -3.0000000000
-1.0000000000 0.0000000000 0.0000000000 400.0000000000
0.0000000000 0.0000000000 0.0000000000 1.0000000000

0.0000000000 0.0000000000 1.0000000000 500.0000000000
0.0000000000 1.0000000000 0.0000000000 -2.9750000000
-1.0000000000 0.0000000000 0.0000000000 400.0000000000
0.0000000000 0.0000000000 0.0000000000 1.0000000000

0.0000000000 0.0000000000 1.0000000000 500.0000000000
0.0000000000 1.0000000000 0.0000000000 -2.9500000000
-1.0000000000 0.0000000000 0.0000000000 400.0000000000
0.0000000000 0.0000000000 0.0000000000 1.0000000000

0.0000000000 0.0000000000 1.0000000000 500.0000000000
0.0000000000 1.0000000000 0.0000000000 -2.9250000000
-1.0000000000 0.0000000000 0.0000000000 400.0000000000
0.0000000000 0.0000000000 0.0000000000 1.0000000000

0.0000000000 0.0000000000 1.0000000000 500.0000000000
0.0000000000 1.0000000000 0.0000000000 -2.9000000000
-1.0000000000 0.0000000000 0.0000000000 400.0000000000
0.0000000000 0.0000000000 0.0000000000 1.0000000000

0.0000000000 0.0000000000 1.0000000000 500.0000000000
0.0000000000 1.0000000000 0.0000000000 -2.8750000000
-1.0000000000 0.0000000000 0.0000000000 400.0000000000
0.0000000000 0.0000000000 0.0000000000 1.0000000000

0.0000000000 0.0000000000 1.0000000000 500.0000000000
0.0000000000 1.0000000000 0.0000000000 -2.8500000000
-1.0000000000 0.0000000000 0.0000000000 400.0000000000
0.0000000000 0.0000000000 0.0000000000 1.0000000000

0.0000000000 0.0000000000 1.0000000000 500.0000000000
0.0000000000 1.0000000000 0.0000000000 -2.8250000000
-1.0000000000 0.0000000000 0.0000000000 400.0000000000
0.0000000000 0.0000000000 0.0000000000 1.0000000000

0.0000000000 0.0000000000 1.0000000000 500.0000000000
0.0000000000 1.0000000000 0.0000000000 -2.8000000000
-1.0000000000 0.0000000000 0.0000000000 400.0000000000
0.0000000000 0.0000000000 0.0000000000 1.0000000000

0.0000000000 0.0000000000 1.0000000000 500.0000000000
0.0000000000 1.0000000000 0.0000000000 -2.7750000000
-1.0000000000 0.0000000000 0.0000000000 400.0000000000
0.0000000000 0.0000000000 0.0000000000 1.0000000000

0.0000000000 0.0000000000 1.0000000000 500.0000000000
0.0000000000 1.0000000000 0.0000000000 -2.7500000000
-1.0000000000 0.0000000000 0.0000000000 400.0000000000
0.0000000000 0.0000000000 0.0000000000 1.0000000000

0.0000000000 0.0000000000 1.0000000000 500.0000000000
0.0000000000 1.0000000000 0.0000000000 -2.7250000000
-1.0000000000 0.0000000000 0.0000000000 400.0000000000
0.0000000000 0.0000000000 0.0000000000 1.0000000000

0.0000000000 0.0000000000 1.0000000000 500.0000000000
0.0000000000 1.0000000000 0.0000000000 -2.7000000000
-1.0000000000 0.0000000000 0.0000000000 400.0000000000
0.0000000000 0.0000000000 0.0000000000 1.0000000000

0.0000000000 0.0000000000 1.0000000000 500.0000000000
0.0000000000 1.0000000000 0.0000000000 -2.6750000000
-1.0000000000 0.0000000000 0.0000000000 400.0000000000
0.0000000000 0.0000000000 0.0000000000 1.0000000000

0.0000000000 0.0000000000 1.0000000000 500.0000000000
0.0000000000 1.0000000000 0.0000000000 -2.6500000000
-1.0000000000 0.0000000000 0.0000000000 400.0000000000
0.0000000000 0.0000000000 0.0000000000 1.0000000000

0.0000000000 0.0000000000 1.0000000000 500.0000000000
0.0000000000 1.0000000000 0.0000000000 -2.6250000000
-1.0000000000 0.0000000000 0.0000000000 400.0000000000
0.0000000000 0.0000000000 0.0000000000 1.0000000000

0.0000000000 0.0000000000 1.0000000000 500.0000000000
0.0000000000 1.0000000000 0.0000000000 -2.6000000000
-1.0000000000 0.0000000000 0.0000000000 400.0000000000
0.0000000000 0.0000000000 0.0000000000 1.0000000000

0.0000000000 0.0000000000 1.0000000000 500.0000000000
0.0000000000 1.0000000000 0.0000000000 -2.5750000000
-1.0000000000 0.0000000000 0.0000000000 400.0000000000
0.0000000000 0.0000000000 0.0000000000 1.0000000000

0.0000000000 0.0000000000 1.0000000000 500.0000000000
0.0000000000 1.0000000000 0.0000000000 -2.5500000000
-1.0000000000 0.0000000000 0.0000000000 400.0000000000
0.0000000000 0.0000000000 0.0000000000 1.0000000000

0.0000000000 0.0000000000 1.0000000000 500.0000000000
0.0000000000 1.0000000000 0.0000000000 -2.5250000000
-1.0000000000 0.0000000000 0.0000000000 400.0000000000
0.0000000000 0.0000000000 0.0000000000 1.0000000000

0.0000000000 0.0000000000 1.0000000000 500.0000000000
0.0000000000 1.0000000000 0.0000000000 -2.5000000000
-1.0000000000 0.0000000000 0.0000000000 400.0000000000
0.0000000000 0.0000000000 0.0000000000 1.0000000000

0.0000000000 0.0000000000 1.0000000000 500.0000000000
0.0000000000 1.0000000000 0.0000000000 -2.4750000000
-1.0000000000 0.0000000000 0.0000000000 400.0000000000
0.0000000000 0.0000000000 0.0000000000 1.0000000000

0.0000000000 0.0000000000 1.0000000000 500.0000000000
0.0000000000 1.0000000000 0.0000000000 -2.4500000000
-1.0000000000 0.0000000000 0.0000000000 400.0000000000
0.0000000000 0.0000000000 0.0000000000 1.0000000000

0.0000000000 0.0000000000 1.0000000000 500.0000000000
0.0000000000 1.0000000000 0.0000000000 -2.4250000000
-1.0000000000 0.0000000000 0.0000000000 400.0000000000
0.0000000000 0.0000000000 0.0000000000 1.0000000000

0.0000000000 0.0000000000 1.0000000000 500.0000000000
0.0000000000 1.0000000000 0.0000000000 -2.4000000000
-1.0000000000 0.0000000000 0.0000000000 400.0000000000
0.0000000000 0.0000000000 0.0000000000 1.0000000000

0.0000000000 0.0000000000 1.0000000000 500.0000000000
0.0000000000 1.0000000000 0.0000000000 -2.3750000000
-1.0000000000 0.0000000000 0.0000000000 400.0000000000
0.0000000000 0.0000000000 0.0000000000 1.0000000000

0.0000000000 0.0000000000 1.0000000000 500.0000000000
0.0000000000 1.0000000000 0.0000000000 -2.3500000000
-1.0000000000 0.0000000000 0.0000000000 400.0000000000
0.0000000000 0.0000000000 0.0000000000 1.0000000000

0.0000000000 0.0000000000 1.0000000000 500.0000000000
0.0000000000 1.0000000000 0.0000000000 -2.3250000000
-1.0000000000 0.0000000000 0.0000000000 400.0000000000
0.0000000000 0.0000000000 0.0000000000 1.0000000000

0.0000000000 0.0000000000 1.0000000000 500.0000000000
0.0000000000 1.0000000000 0.0000000000 -2.3000000000
-1.0000000000 0.0000000000 0.0000000000 400.0000000000
0.0000000000 0.0000000000 0.0000000000 1.0000000000

0.0000000000 0.0000000000 1.0000000000 500.0000000000
0.0000000000 1.0000000000 0.0000000000 -2.2750000000
-1.0000000000 0.0000000000 0.0000000000 400.0000000000
0.0000000000 0.0000000000 0.0000000000 1.0000000000

0.0000000000 0.0000000000 1.0000000000 500.0000000000
0.0000000000 1.0000000000 0.0000000000 -2.2500000000
-1.0000000000 0.0000000000 0.0000000000 400.0000000000
0.0000000000 0.0000000000 0.0000000000 1.0000000000

0.0000000000 0.0000000000 1.0000000000 500.0000000000
0.0000000000 1.0000000000 0.0000000000 -2.2250000000
-1.0000000000 0.0000000000 0.0000000000 400.0000000000
0.0000000000 0.0000000000 0.0000000000 1.0000000000

0.0000000000 0.0000000000 1.0000000000 500.0000000000
0.0000000000 1.0000000000 0.0000000000 -2.2000000000
-1.0000000000 0.0000000000 0.0000000000 400.0000000000
0.0000000000 0.0000000000 0.0000000000 1.0000000000

0.0000000000 0.0000000000 1.0000000000 500.0000000000
0.0000000000 1.0000000000 0.0000000000 -2.1750000000
-1.0000000000 0.0000000000 0.0000000000 400.0000000000
0.0000000000 0.0000000000 0.0000000000 1.0000000000

0.0000000000 0.0000000000 1.0000000000 500.0000000000
0.0000000000 1.0000000000 0.0000000000 -2.1500000000
-1.0000000000 0.0000000000 0.0000000000 400.0000000000
0.0000000000 0.0000000000 0.0000000000 1.0000000000

0.0000000000 0.0000000000 1.0000000000 500.0000000000
0.0000000000 1.0000000000 0.0000000000 -2.1250000000
-1.0000000000 0.0000000000 0.0000000000 400.0000000000
0.0000000000 0.0000000000 0.0000000000 1.0000000000

0.0000000000 0.0000000000 1.0000000000 500.0000000000
0.0000000000 1.0000000000 0.0000000000 -2.1000000000
-1.0000000000 0.0000000000 0.0000000000 400.0000000000
0.0000000000 0.0000000000 0.0000000000 1.0000000000

0.0000000000 0.0000000000 1.0000000000 500.0000000000
0.0000000000 1.0000000000 0.0000000000 -2.0750000000
-1.0000000000 0.0000000000 0.0000000000 400.0000000000
0.0000000000 0.0000000000 0.0000000000 1.0000000000

0.0000000000 0.0000000000 1.0000000000 500.0000000000
0.0000000000 1.0000000000 0.0000000000 -2.0500000000
-1.0000000000 0.0000000000 0.0000000000 400.0000000000
0.0000000000 0.0000000000 0.0000000000 1.0000000000

0.0000000000 0.0000000000 1.0000000000 500.0000000000
0.0000000000 1.0000000000 0.0000000000 -2.0250000000
-1.0000000000 0.0000000000 0.0000000000 400.0000000000
0.0000000000 0.0000000000 0.0000000000 1.0000000000

0.0000000000 0.0000000000 1.0000000000 500.0000000000
0.0000000000 1.0000000000 0.0000000000 -2.0000000000
-1.0000000000 0.0000000000 0.0000000000 400.0000000000
0.0000000000 0.0000000000 0.0000000000 1.0000000000

0.0000000000 0.0000000000 1.0000000000 500.0000000000
0.0000000000 1.0000000000 0.0000000000 -1.9750000000
-1.0000000000 0.0000000000 0.0000000000 400.0000000000
0.0000000000 0.0000000000 0.0000000000 1.0000000000

0.0000000000 0.0000000000 1.0000000000 500.0000000000
0.0000000000 1.0000000000 0.0000000000 -1.9500000000
-1.0000000000 0.0000000000 0.0000000000 400.0000000000
0.0000000000 0.0000000000 0.0000000000 1.0000000000

0.0000000000 0.0000000000 1.0000000000 500.0000000000
0.0000000000 1.0000000000 0.0000000000 -1.9250000000
-1.0000000000 0.0000000000 0.0000000000 400.0000000000
0.0000000000 0.0000000000 0.0000000000 1.0000000000

0.0000000000 0.0000000000 1.0000000000 500.0000000000
0.0000000000 1.0000000000 0.0000000000 -1.9000000000
-1.0000000000 0.0000000000 0.0000000000 400.0000000000
0.0000000000 0.0000000000 0.0000000000 1.0000000000

0.0000000000 0.0000000000 1.0000000000 500.0000000000
0.0000000000 1.0000000000 0.0000000000 -1.8750000000
-1.0000000000 0.0000000000 0.0000000000 400.0000000000
0.0000000000 0.0000000000 0.0000000000 1.0000000000

0.0000000000 0.0000000000 1.0000000000 500.0000000000
0.0000000000 1.0000000000 0.0000000000 -1.8500000000
-1.0000000000 0.0000000000 0.0000000000 400.0000000000
0.0000000000 0.0000000000 0.0000000000 1.0000000000

0.0000000000 0.0000000000 1.0000000000 500.0000000000
0.0000000000 1.0000000000 0.0000000000 -1.8250000000
-1.0000000000 0.0000000000 0.0000000000 400.0000000000
0.0000000000 0.0000000000 0.0000000000 1.0000000000

0.0000000000 0.0000000000 1.0000000000 500.0000000000
0.0000000000 1.0000000000 0.0000000000 -1.8000000000
-1.0000000000 0.0000000000 0.0000000000 400.0000000000
0.0000000000 0.0000000000 0.0000000000 1.0000000000

0.0000000000 0.0000000000 1.0000000000 500.0000000000
0.0000000000 1.0000000000 0.0000000000 -1.7750000000
-1.0000000000 0.0000000000 0.0000000000 400.0000000000
0.0000000000 0.0000000000 0.0000000000 1.0000000000

0.0000000000 0.0000000000 1.0000000000 500.0000000000
0.0000000000 1.0000000000 0.0000000000 -1.7500000000
-1.0000000000 0.0000000000 0.0000000000 400.0000000000
0.0000000000 0.0000000000 0.0000000000 1.0000000000

0.0000000000 0.0000000000 1.0000000000 500.0000000000
0.0000000000 1.0000000000 0.0000000000 -1.7250000000
-1.0000000000 0.0000000000 0.0000000000 400.0000000000
0.0000000000 0.0000000000 0.0000000000 1.0000000000

0.0000000000 0.0000000000 1.0000000000 500.0000000000
0.0000000000 1.0000000000 0.0000000000 -1.7000000000
-1.0000000000 0.0000000000 0.0000000000 400.0000000000
0.0000000000 0.0000000000 0.0000000000 1.0000000000

0.0000000000 0.0000000000 1.0000000000 500.0000000000
0.0000000000 1.0000000000 0.0000000000 -1.6750000000
-1.0000000000 0.0000000000 0.0000000000 400.0000000000
0.0000000000 0.0000000000 0.0000000000 1.0000000000

0.0000000000 0.0000000000 1.0000000000 500.0000000000
0.0000000000 1.0000000000 0.0000000000 -1.6500000000
-1.0000000000 0.0000000000 0.0000000000 400.0000000000
0.0000000000 0.0000000000 0.0000000000 1.0000000000

0.0000000000 0.0000000000 1.0000000000 500.0000000000
0.0000000000 1.0000000000 0.0000000000 -1.6250000000
-1.0000000000 0.0000000000 0.0000000000 400.0000000000
0.0000000000 0.0000000000 0.0000000000 1.0000000000

0.0000000000 0.0000000000 1.0000000000 500.0000000000
0.0000000000 1.0000000000 0.0000000000 -1.6000000000
-1.0000000000 0.0000000000 0.0000000000 400.0000000000
0.0000000000 0.0000000000 0.0000000000 1.0000000000

0.0000000000 0.0000000000 1.0000000000 500.0000000000
0.0000000000 1.0000000000 0.0000000000 -1.5750000000
-1.0000000000 0.0000000000 0.0000000000 400.0000000000
0.0000000000 0.0000000000 0.0000000000 1.0000000000

0.0000000000 0.0000000000 1.0000000000 500.0000000000
0.0000000000 1.0000000000 0.0000000000 -1.5500000000
-1.0000000000 0.0000000000 0.0000000000 400.0000000000
0.0000000000 0.0000000000 0.0000000000 1.0000000000

0.0000000000 0.0000000000 1.0000000000 500.0000000000
0.0000000000 1.0000000000 0.0000000000 -1.5250000000
-1.0000000000 0.0000000000 0.0000000000 400.0000000000
0.0000000000 0.0000000000 0.0000000000 1.0000000000

0.0000000000 0.0000000000 1.0000000000 500.0000000000
0.0000000000 1.0000000000 0.0000000000 -1.5000000000
-1.0000000000 0.0000000000 0.0000000000 400.0000000000
0.0000000000 0.0000000000 0.0000000000 1.0000000000

0.0000000000 0.0000000000 1.0000000000 500.0000000000
0.0000000000 1.0000000000 0.0000000000 -1.4750000000
-1.0000000000 0.0000000000 0.0000000000 400.0000000000
0.0000000000 0.0000000000 0.0000000000 1.0000000000

0.0000000000 0.0000000000 1.0000000000 500.0000000000
0.0000000000 1.0000000000 0.0000000000 -1.4500000000
-1.0000000000 0.0000000000 0.0000000000 400.0000000000
0.0000000000 0.0000000000 0.0000000000 1.0000000000

0.0000000000 0.0000000000 1.0000000000 500.0000000000
0.0000000000 1.0000000000 0.0000000000 -1.4250000000
-1.0000000000 0.0000000000 0.0000000000 400.0000000000
0.0000000000 0.0000000000 0.0000000000 1.0000000000

0.0000000000 0.0000000000 1.0000000000 500.0000000000
0.0000000000 1.0000000000 0.0000000000 -1.4000000000
-1.0000000000 0.0000000000 0.0000000000 400.0000000000
0.0000000000 0.0000000000 0.0000000000 1.0000000000

0.0000000000 0.0000000000 1.0000000000 500.0000000000
0.0000000000 1.0000000000 0.0000000000 -1.3750000000
-1.0000000000 0.0000000000 0.0000000000 400.0000000000
0.0000000000 0.0000000000 0.0000000000 1.0000000000

0.0000000000 0.0000000000 1.0000000000 500.0000000000
0.0000000000 1.0000000000 0.0000000000 -1.3500000000
-1.0000000000 0.0000000000 0.0000000000 400.0000000000
0.0000000000 0.0000000000 0.0000000000 1.0000000000

0.0000000000 0.0000000000 1.0000000000 500.0000000000
0.0000000000 1.0000000000 0.0000000000 -1.3250000000
-1.0000000000 0.0000000000 0.0000000000 400.0000000000
0.0000000000 0.0000000000 0.0000000000 1.0000000000

0.0000000000 0.0000000000 1.0000000000 500.0000000000
0.0000000000 1.0000000000 0.0000000000 -1.3000000000
-1.0000000000 0.0000000000 0.0000000000 400.0000000000
0.0000000000 0.0000000000 0.0000000000 1.0000000000

0.0000000000 0.0000000000 1.0000000000 500.0000000000
0.0000000000 1.0000000000 0.0000000000 -1.2750000000
-1.0000000000 0.0000000000 0.0000000000 400.0000000000
0.0000000000 0.0000000000 0.0000000000 1.0000000000

0.0000000000 0.0000000000 1.0000000000 500.0000000000
0.0000000000 1.0000000000 0.0000000000 -1.2500000000
-1.0000000000 0.0000000000 0.0000000000 400.0000000000
0.0000000000 0.0000000000 0.0000000000 1.0000000000

0.0000000000 0.0000000000 1.0000000000 500.0000000000
0.0000000000 1.0000000000 0.0000000000 -1.2250000000
-1.0000000000 0.0000000000 0.0000000000 400.0000000000
0.0000000000 0.0000000000 0.0000000000 1.0000000000

0.0000000000 0.0000000000 1.0000000000 500.0000000000
0.0000000000 1.0000000000 0.0000000000 -1.2000000000
-1.0000000000 0.0000000000 0.0000000000 400.0000000000
0.0000000000 0.0000000000 0.0000000000 1.0000000000

0.0000000000 0.0000000000 1.0000000000 500.0000000000
0.0000000000 1.0000000000 0.0000000000 -1.1750000000
-1.0000000000 0.0000000000 0.0000000000 400.0000000000
0.0000000000 0.0000000000 0.0000000000 1.0000000000

0.0000000000 0.0000000000 1.0000000000 500.0000000000
0.0000000000 1.0000000000 0.0000000000 -1.1500000000
-1.0000000000 0.0000000000 0.0000000000 400.0000000000
0.0000000000 0.0000000000 0.0000000000 1.0000000000

0.0000000000 0.0000000000 1.0000000000 500.0000000000
0.0000000000 1.0000000000 0.0000000000 -1.1250000000
-1.0000000000 0.0000000000 0.0000000000 400.0000000000
0.0000000000 0.0000000000 0.0000000000 1.0000000000

0.0000000000 0.0000000000 1.0000000000 500.0000000000
0.0000000000 1.0000000000 0.0000000000 -1.1000000000
-1.0000000000 0.0000000000 0.0000000000 400.0000000000
0.0000000000 0.0000000000 0.0000000000 1.0000000000

0.0000000000 0.0000000000 1.0000000000 500.0000000000
0.0000000000 1.0000000000 0.0000000000 -1.0750000000
-1.0000000000 0.0000000000 0.0000000000 400.0000000000
0.0000000000 0.0000000000 0.0000000000 1.0000000000

0.0000000000 0.0000000000 1.0000000000 500.0000000000
0.0000000000 1.0000000000 0.0000000000 -1.0500000000
-1.0000000000 0.0000000000 0.0000000000 400.0000000000
0.0000000000 0.0000000000 0.0000000000 1.0000000000

0.0000000000 0.0000000000 1.0000000000 500.0000000000
0.0000000000 1.0000000000 0.0000000000 -1.0250000000
-1.0000000000 0.0000000000 0.0000000000 400.0000000000
0.0000000000 0.0000000000 0.0000000000 1.0000000000

0.0000000000 0.0000000000 1.0000000000 500.0000000000
0.0000000000 1.0000000000 0.0000000000 -1.0000000000
-1.0000000000 0.0000000000 0.0000000000 400.0000000000
0.0000000000 0.0000000000 0.0000000000 1.0000000000

0.0000000000 0.0000000000 1.0000000000 500.0000000000
0.0000000000 1.0000000000 0.0000000000 -0.9750000000
-1.0000000000 0.0000000000 0.0000000000 400.0000000000
0.0000000000 0.0000000000 0.0000000000 1.0000000000

0.0000000000 0.0000000000 1.0000000000 500.0000000000
0.0000000000 1.0000000000 0.0000000000 -0.9500000000
-1.0000000000 0.0000000000 0.0000000000 400.0000000000
0.0000000000 0.0000000000 0.0000000000 1.0000000000

0.0000000000 0.0000000000 1.0000000000 500.0000000000
0.0000000000 1.0000000000 0.0000000000 -0.9250000000
-1.0000000000 0.0000000000 0.0000000000 400.0000000000
0.0000000000 0.0000000000 0.0000000000 1.0000000000

0.0000000000 0.0000000000 1.0000000000 500.0000000000
0.0000000000 1.0000000000 0.0000000000 -0.9000000000
-1.0000000000 0.0000000000 0.0000000000 400.0000000000
0.0000000000 0.0000000000 0.0000000000 1.0000000000

0.0000000000 0.0000000000 1.0000000000 500.0000000000
0.0000000000 1.0000000000 0.0000000000 -0.8750000000
-1.0000000000 0.0000000000 0.0000000000 400.0000000000
0.0000000000 0.0000000000 0.0000000000 1.0000000000

0.0000000000 0.0000000000 1.0000000000 500.0000000000
0.0000000000 1.0000000000 0.0000000000 -0.8500000000
-1.0000000000 0.0000000000 0.0000000000 400.0000000000
0.0000000000 0.0000000000 0.0000000000 1.0000000000

0.0000000000 0.0000000000 1.0000000000 500.0000000000
0.0000000000 1.0000000000 0.0000000000 -0.8250000000
-1.0000000000 0.0000000000 0.0000000000 400.0000000000
0.0000000000 0.0000000000 0.0000000000 1.0000000000

0.0000000000 0.0000000000 1.0000000000 500.0000000000
0.0000000000 1.0000000000 0.0000000000 -0.8000000000
-1.0000000000 0.0000000000 0.0000000000 400.0000000000
0.0000000000 0.0000000000 0.0000000000 1.0000000000

0.0000000000 0.0000000000 1.0000000000 500.0000000000
0.0000000000 1.0000000000 0.0000000000 -0.7750000000
-1.0000000000 0.0000000000 0.0000000000 400.0000000000
0.0000000000 0.0000000000 0.0000000000 1.0000000000

0.0000000000 0.0000000000 1.0000000000 500.0000000000
0.0000000000 1.0000000000 0.0000000000 -0.7500000000
-1.0000000000 0.0000000000 0.0000000000 400.0000000000
0.0000000000 0.0000000000 0.0000000000 1.0000000000

0.0000000000 0.0000000000 1.0000000000 500.0000000000
0.0000000000 1.0000000000 0.0000000000 -0.7250000000
-1.0000000000 0.0000000000 0.0000000000 400.0000000000
0.0000000000 0.0000000000 0.0000000000 1.0000000000

0.0000000000 0.0000000000 1.0000000000 500.0000000000
0.0000000000 1.0000000000 0.0000000000 -0.7000000000
-1.0000000000 0.0000000000 0.0000000000 400.0000000000
0.0000000000 0.0000000000 0.0000000000 1.0000000000

0.0000000000 0.0000000000 1.0000000000 500.0000000000
0.0000000000 1.0000000000 0.0000000000 -0.6750000000
-1.0000000000 0.0000000000 0.0000000000 400.0000000000
0.0000000000 0.0000000000 0.0000000000 1.0000000000

0.0000000000 0.0000000000 1.0000000000 500.0000000000
0.0000000000 1.0000000000 0.0000000000 -0.6500000000
-1.0000000000 0.0000000000 0.0000000000 400.0000000000
0.0000000000 0.0000000000 0.0000000000 1.0000000000

0.0000000000 0.0000000000 1.0000000000 500.0000000000
0.0000000000 1.0000000000 0.0000000000 -0.6250000000
-1.0000000000 0.0000000000 0.0000000000 400.0000000000
0.0000000000 0.0000000000 0.0000000000 1.0000000000

0.0000000000 0.0000000000 1.0000000000 500.0000000000
0.0000000000 1.0000000000 0.0000000000 -0.6000000000
-1.0000000000 0.0000000000 0.0000000000 400.0000000000
0.0000000000 0.0000000000 0.0000000000 1.0000000000

0.0000000000 0.0000000000 1.0000000000 500.0000000000
0.0000000000 1.0000000000 0.0000000000 -0.5750000000
-1.0000000000 0.0000000000 0.0000000000 400.0000000000
0.0000000000 0.0000000000 0.0000000000 1.0000000000

0.0000000000 0.0000000000 1.0000000000 500.0000000000
0.0000000000 1.0000000000 0.0000000000 -0.5500000000
-1.0000000000 0.0000000000 0.0000000000 400.0000000000
0.0000000000 0.0000000000 0.0000000000 1.0000000000

0.0000000000 0.0000000000 1.0000000000 500.0000000000
0.0000000000 1.0000000000 0.0000000000 -0.5250000000
-1.0000000000 0.0000000000 0.0000000000 400.0000000000
0.0000000000 0.0000000000 0.0000000000 1.0000000000

0.0000000000 0.0000000000 1.0000000000 500.0000000000
0.0000000000 1.0000000000 0.0000000000 -0.5000000000
-1.0000000000 0.0000000000 0.0000000000 400.0000000000
0.0000000000 0.0000000000 0.0000000000 1.0000000000

0.0000000000 0.0000000000 1.0000000000 500.0000000000
0.0000000000 1.0000000000 0.0000000000 -0.4750000000
-1.0000000000 0.0000000000 0.0000000000 400.0000000000
0.0000000000 0.0000000000 0.0000000000 1.0000000000

0.0000000000 0.0000000000 1.0000000000 500.0000000000
0.0000000000 1.0000000000 0.0000000000 -0.4500000000
-1.0000000000 0.0000000000 0.0000000000 400.0000000000
0.0000000000 0.0000000000 0.0000000000 1.0000000000

0.0000000000 0.0000000000 1.0000000000 500.0000000000
0.0000000000 1.0000000000 0.0000000000 -0.4250000000
-1.0000000000 0.0000000000 0.0000000000 400.0000000000
0.0000000000 0.0000000000 0.0000000000 1.0000000000

0.0000000000 0.0000000000 1.0000000000 500.0000000000
0.0000000000 1.0000000000 0.0000000000 -0.4000000000
-1.0000000000 0.0000000000 0.0000000000 400.0000000000
0.0000000000 0.0000000000 0.0000000000 1.0000000000

0.0000000000 0.0000000000 1.0000000000 500.0000000000
0.0000000000 1.0000000000 0.0000000000 -0.3750000000
-1.0000000000 0.0000000000 0.0000000000 400.0000000000
0.0000000000 0.0000000000 0.0000000000 1.0000000000

0.0000000000 0.0000000000 1.0000000000 500.0000000000
0.0000000000 1.0000000000 0.0000000000 -0.3500000000
-1.0000000000 0.0000000000 0.0000000000 400.0000000000
0.0000000000 0.0000000000 0.0000000000 1.0000000000

0.0000000000 0.0000000000 1.0000000000 500.0000000000
0.0000000000 1.0000000000 0.0000000000 -0.3250000000
-1.0000000000 0.0000000000 0.0000000000 400.0000000000
0.0000000000 0.0000000000 0.0000000000 1.0000000000

0.0000000000 0.0000000000 1.0000000000 500.0000000000
0.0000000000 1.0000000000 0.0000000000 -0.3000000000
-1.0000000000 0.0000000000 0.0000000000 400.0000000000
0.0000000000 0.0000000000 0.0000000000 1.0000000000

0.0000000000 0.0000000000 1.0000000000 500.0000000000
0.0000000000 1.0000000000 0.0000000000 -0.2750000000
-1.0000000000 0.0000000000 0.0000000000 400.0000000000
0.0000000000 0.0000000000 0.0000000000 1.0000000000

0.0000000000 0.0000000000 1.0000000000 500.0000000000
0.0000000000 1.0000000000 0.0000000000 -0.2500000000
-1.0000000000 0.0000000000 0.0000000000 400.0000000000
0.0000000000 0.0000000000 0.0000000000 1.0000000000

0.0000000000 0.0000000000 1.0000000000 500.0000000000
0.0000000000 1.0000000000 0.0000000000 -0.2250000000
-1.0000000000 0.0000000000 0.0000000000 400.0000000000
0.0000000000 0.0000000000 0.0000000000 1.0000000000

0.0000000000 0.0000000000 1.0000000000 500.0000000000
0.0000000000 1.0000000000 0.0000000000 -0.2000000000
-1.0000000000 0.0000000000 0.0000000000 400.0000000000
0.0000000000 0.0000000000 0.0000000000 1.0000000000

0.0000000000 0.0000000000 1.0000000000 500.0000000000
0.0000000000 1.0000000000 0.0000000000 -0.1750000000
-1.0000000000 0.0000000000 0.0000000000 400.0000000000
0.0000000000 0.0000000000 0.0000000000 1.0000000000

0.0000000000 0.0000000000 1.0000000000 500.0000000000
0.0000000000 1.0000000000 0.0000000000 -0.1500000000
-1.0000000000 0.0000000000 0.0000000000 400.0000000000
0.0000000000 0.0000000000 0.0000000000 1.0000000000

0.0000000000 0.0000000000 1.0000000000 500.0000000000
0.0000000000 1.0000000000 0.0000000000 -0.1250000000
-1.0000000000 0.0000000000 0.0000000000 400.0000000000
0.0000000000 0.0000000000 0.0000000000 1.0000000000

0.0000000000 0.0000000000 1.0000000000 500.0000000000
0.0000000000 1.0000000000 0.0000000000 -0.1000000000
-1.0000000000 0.0000000000 0.0000000000 400.0000000000
0.0000000000 0.0000000000 0.0000000000 1.0000000000

0.0000000000 0.0000000000 1.0000000000 500.0000000000
0.0000000000 1.0000000000 0.0000000000 -0.0750000000
-1.0000000000 0.0000000000 0.0000000000 400.0000000000
0.0000000000 0.0000000000 0.0000000000 1.0000000000

0.0000000000 0.0000000000 1.0000000000 500.0000000000
0.0000000000 1.0000000000 0.0000000000 -0.0500000000
-1.0000000000 0.0000000000 0.0000000000 400.0000000000
0.0000000000 0.0000000000 0.0000000000 1.0000000000

0.0000000000 0.0000000000 1.0000000000 500.0000000000
0.0000000000 1.0000000000 0.0000000000 -0.0250000000
-1.0000000000 0.0000000000 0.0000000000 400.0000000000
0.0000000000 0.0000000000 0.0000000000 1.0000000000

0.0000000000 0.0000000000 1.0000000000 500.0000000000
0.0000000000 1.0000000000 0.0000000000 0.0000000000
-1.0000000000 0.0000000000 0.0000000000 400.0000000000
0.0000000000 0.0000000000 0.0000000000 1.0000000000

0.0000000000 0.0000000000 1.0000000000 500.0000000000
0.0000000000 1.0000000000 0.0000000000 0.0250000000
-1.0000000000 0.0000000000 0.0000000000 400.0000000000
0.0000000000 0.0000000000 0.0000000000 1.0000000000

0.0000000000 0.0000000000 1.0000000000 500.0000000000
0.0000000000 1.0000000000 0.0000000000 0.0500000000
-1.0000000000 0.0000000000 0.0000000000 400.0000000000
0.0000000000 0.0000000000 0.0000000000 1.0000000000

0.0000000000 0.0000000000 1.0000000000 500.0000000000
0.0000000000 1.0000000000 0.0000000000 0.0750000000
-1.0000000000 0.0000000000 0.0000000000 400.0000000000
0.0000000000 0.0000000000 0.0000000000 1.0000000000

0.0000000000 0.0000000000 1.0000000000 500.0000000000
0.0000000000 1.0000000000 0.0000000000 0.1000000000
-1.0000000000 0.0000000000 0.0000000000 400.0000000000
0.0000000000 0.0000000000 0.0000000000 1.0000000000

0.0000000000 0.0000000000 1.0000000000 500.0000000000
0.0000000000 1.0000000000 0.0000000000 0.1250000000
-1.0000000000 0.0000000000 0.0000000000 400.0000000000
0.0000000000 0.0000000000 0.0000000000 1.0000000000

0.0000000000 0.0000000000 1.0000000000 500.0000000000
0.0000000000 1.0000000000 0.0000000000 0.1500000000
-1.0000000000 0.0000000000 0.0000000000 400.0000000000
0.0000000000 0.0000000000 0.0000000000 1.0000000000

0.0000000000 0.0000000000 1.0000000000 500.0000000000
0.0000000000 1.0000000000 0.0000000000 0.1750000000
-1.0000000000 0.0000000000 0.0000000000 400.0000000000
0.0000000000 0.0000000000 0.0000000000 1.0000000000

0.0000000000 0.0000000000 1.0000000000 500.0000000000
0.0000000000 1.0000000000 0.0000000000 0.2000000000
-1.0000000000 0.0000000000 0.0000000000 400.0000000000
0.0000000000 0.0000000000 0.0000000000 1.0000000000

0.0000000000 0.0000000000 1.0000000000 500.0000000000
0.0000000000 1.0000000000 0.0000000000 0.2250000000
-1.0000000000 0.0000000000 0.0000000000 400.0000000000
0.0000000000 0.0000000000 0.0000000000 1.0000000000

0.0000000000 0.0000000000 1.0000000000 500.0000000000
0.0000000000 1.0000000000 0.0000000000 0.2500000000
-1.0000000000 0.0000000000 0.0000000000 400.0000000000
0.0000000000 0.0000000000 0.0000000000 1.0000000000

0.0000000000 0.0000000000 1.0000000000 500.0000000000
0.0000000000 1.0000000000 0.0000000000 0.2750000000
-1.0000000000 0.0000000000 0.0000000000 400.0000000000
0.0000000000 0.0000000000 0.0000000000 1.0000000000

0.0000000000 0.0000000000 1.0000000000 500.0000000000
0.0000000000 1.0000000000 0.0000000000 0.3000000000
-1.0000000000 0.0000000000 0.0000000000 400.0000000000
0.0000000000 0.0000000000 0.0000000000 1.0000000000

0.0000000000 0.0000000000 1.0000000000 500.0000000000
0.0000000000 1.0000000000 0.0000000000 0.3250000000
-1.0000000000 0.0000000000 0.0000000000 400.0000000000
0.0000000000 0.0000000000 0.0000000000 1.0000000000

0.0000000000 0.0000000000 1.0000000000 500.0000000000
0.0000000000 1.0000000000 0.0000000000 0.3500000000
-1.0000000000 0.0000000000 0.0000000000 400.0000000000
0.0000000000 0.0000000000 0.0000000000 1.0000000000

0.0000000000 0.0000000000 1.0000000000 500.0000000000
0.0000000000 1.0000000000 0.0000000000 0.3750000000
-1.0000000000 0.0000000000 0.0000000000 400.0000000000
0.0000000000 0.0000000000 0.0000000000 1.0000000000

0.0000000000 0.0000000000 1.0000000000 500.0000000000
0.0000000000 1.0000000000 0.0000000000 0.4000000000
-1.0000000000 0.0000000000 0.0000000000 400.0000000000
0.0000000000 0.0000000000 0.0000000000 1.0000000000

0.0000000000 0.0000000000 1.0000000000 500.0000000000
0.0000000000 1.0000000000 0.0000000000 0.4250000000
-1.0000000000 0.0000000000 0.0000000000 400.0000000000
0.0000000000 0.0000000000 0.0000000000 1.0000000000

0.0000000000 0.0000000000 1.0000000000 500.0000000000
0.0000000000 1.0000000000 0.0000000000 0.4500000000
-1.0000000000 0.0000000000 0.0000000000 400.0000000000
0.0000000000 0.0000000000 0.0000000000 1.0000000000

0.0000000000 0.0000000000 1.0000000000 500.0000000000
0.0000000000 1.0000000000 0.0000000000 0.4750000000
-1.0000000000 0.0000000000 0.0000000000 400.0000000000
0.0000000000 0.0000000000 0.0000000000 1.0000000000

0.0000000000 0.0000000000 1.0000000000 500.0000000000
0.0000000000 1.0000000000 0.0000000000 0.5000000000
-1.0000000000 0.0000000000 0.0000000000 400.0000000000
0.0000000000 0.0000000000 0.0000000000 1.0000000000

0.0000000000 0.0000000000 1.0000000000 500.0000000000
0.0000000000 1.0000000000 0.0000000000 0.5250000000
-1.0000000000 0.0000000000 0.0000000000 400.0000000000
0.0000000000 0.0000000000 0.0000000000 1.0000000000

0.0000000000 0.0000000000 1.0000000000 500.0000000000
0.0000000000 1.0000000000 0.0000000000 0.5500000000
-1.0000000000 0.0000000000 0.0000000000 400.0000000000
0.0000000000 0.0000000000 0.0000000000 1.0000000000

0.0000000000 0.0000000000 1.0000000000 500.0000000000
0.0000000000 1.0000000000 0.0000000000 0.5750000000
-1.0000000000 0.0000000000 0.0000000000 400.0000000000
0.0000000000 0.0000000000 0.0000000000 1.0000000000

0.0000000000 0.0000000000 1.0000000000 500.0000000000
0.0000000000 1.0000000000 0.0000000000 0.6000000000
-1.0000000000 0.0000000000 0.0000000000 400.0000000000
0.0000000000 0.0000000000 0.0000000000 1.0000000000

0.0000000000 0.0000000000 1.0000000000 500.0000000000
0.0000000000 1.0000000000 0.0000000000 0.6250000000
-1.0000000000 0.0000000000 0.0000000000 400.0000000000
0.0000000000 0.0000000000 0.0000000000 1.0000000000

0.0000000000 0.0000000000 1.0000000000 500.0000000000
0.0000000000 1.0000000000 0.0000000000 0.6500000000
-1.0000000000 0.0000000000 0.0000000000 400.0000000000
0.0000000000 0.0000000000 0.0000000000 1.0000000000

0.0000000000 0.0000000000 1.0000000000 500.0000000000
0.0000000000 1.0000000000 0.0000000000 0.6750000000
-1.0000000000 0.0000000000 0.0000000000 400.0000000000
0.0000000000 0.0000000000 0.0000000000 1.0000000000

0.0000000000 0.0000000000 1.0000000000 500.0000000000
0.0000000000 1.0000000000 0.0000000000 0.7000000000
-1.0000000000 0.0000000000 0.0000000000 400.0000000000
0.0000000000 0.0000000000 0.0000000000 1.0000000000

0.0000000000 0.0000000000 1.0000000000 500.0000000000
0.0000000000 1.0000000000 0.0000000000 0.7250000000
-1.0000000000 0.0000000000 0.0000000000 400.0000000000
0.0000000000 0.0000000000 0.0000000000 1.0000000000

0.0000000000 0.0000000000 1.0000000000 500.0000000000
0.0000000000 1.0000000000 0.0000000000 0.7500000000
-1.0000000000 0.0000000000 0.0000000000 400.0000000000
0.0000000000 0.0000000000 0.0000000000 1.0000000000

0.0000000000 0.0000000000 1.0000000000 500.0000000000
0.0000000000 1.0000000000 0.0000000000 0.7750000000
-1.0000000000 0.0000000000 0.0000000000 400.0000000000
0.0000000000 0.0000000000 0.0000000000 1.0000000000

0.0000000000 0.0000000000 1.0000000000 500.0000000000
0.0000000000 1.0000000000 0.0000000000 0.8000000000
-1.0000000000 0.0000000000 0.0000000000 400.0000000000
0.0000000000 0.0000000000 0.0000000000 1.0000000000

0.0000000000 0.0000000000 1.0000000000 500.0000000000
0.0000000000 1.0000000000 0.0000000000 0.8250000000
-1.0000000000 0.0000000000 0.0000000000 400.0000000000
0.0000000000 0.0000000000 0.0000000000 1.0000000000

0.0000000000 0.0000000000 1.0000000000 500.0000000000
0.0000000000 1.0000000000 0.0000000000 0.8500000000
-1.0000000000 0.0000000000 0.0000000000 400.0000000000
0.0000000000 0.0000000000 0.0000000000 1.0000000000

0.0000000000 0.0000000000 1.0000000000 500.0000000000
0.0000000000 1.0000000000 0.0000000000 0.8750000000
-1.0000000000 0.0000000000 0.0000000000 400.0000000000
0.0000000000 0.0000000000 0.0000000000 1.0000000000

0.0000000000 0.0000000000 1.0000000000 500.0000000000
0.0000000000 1.0000000000 0.0000000000 0.9000000000
-1.0000000000 0.0000000000 0.0000000000 400.0000000000
0.0000000000 0.0000000000 0.0000000000 1.0000000000

0.0000000000 0.0000000000 1.0000000000 500.0000000000
0.0000000000 1.0000000000 0.0000000000 0.9250000000
-1.0000000000 0.0000000000 0.0000000000 400.0000000000
0.0000000000 0.0000000000 0.0000000000 1.0000000000

0.0000000000 0.0000000000 1.0000000000 500.0000000000
0.0000000000 1.0000000000 0.0000000000 0.9500000000
-1.0000000000 0.0000000000 0.0000000000 400.0000000000
0.0000000000 0.0000000000 0.0000000000 1.0000000000

0.0000000000 0.0000000000 1.0000000000 500.0000000000
0.0000000000 1.0000000000 0.0000000000 0.9750000000
-1.0000000000 0.0000000000 0.0000000000 400.0000000000
0.0000000000 0.0000000000 0.0000000000 1.0000000000

0.0000000000 0.0000000000 1.0000000000 500.0000000000
0.0000000000 1.0000000000 0.0000000000 1.0000000000
-1.0000000000 0.0000000000 0.0000000000 400.0000000000
0.0000000000 0.0000000000 0.0000000000 1.0000000000

0.0000000000 0.0000000000 1.0000000000 500.0000000000
0.0000000000 1.0000000000 0.0000000000 1.0250000000
-1.0000000000 0.0000000000 0.0000000000 400.0000000000
0.0000000000 0.0000000000 0.0000000000 1.0000000000

0.0000000000 0.0000000000 1.0000000000 500.0000000000
0.0000000000 1.0000000000 0.0000000000 1.0500000000
-1.0000000000 0.0000000000 0.0000000000 400.0000000000
0.0000000000 0.0000000000 0.0000000000 1.0000000000

0.0000000000 0.0000000000 1.0000000000 500.0000000000
0.0000000000 1.0000000000 0.0000000000 1.0750000000
-1.0000000000 0.0000000000 0.0000000000 400.0000000000
0.0000000000 0.0000000000 0.0000000000 1.0000000000

0.0000000000 0.0000000000 1.0000000000 500.0000000000
0.0000000000 1.0000000000 0.0000000000 1.1000000000
-1.0000000000 0.0000000000 0.0000000000 400.0000000000
0.0000000000 0.0000000000 0.0000000000 1.0000000000

0.0000000000 0.0000000000 1.0000000000 500.0000000000
0.0000000000 1.0000000000 0.0000000000 1.1250000000
-1.0000000000 0.0000000000 0.0000000000 400.0000000000
0.0000000000 0.0000000000 0.0000000000 1.0000000000

0.0000000000 0.0000000000 1.0000000000 500.0000000000
0.0000000000 1.0000000000 0.0000000000 1.1500000000
-1.0000000000 0.0000000000 0.0000000000 400.0000000000
0.0000000000 0.0000000000 0.0000000000 1.0000000000

0.0000000000 0.0000000000 1.0000000000 500.0000000000
0.0000000000 1.0000000000 0.0000000000 1.1750000000
-1.0000000000 0.0000000000 0.0000000000 400.0000000000
0.0000000000 0.0000000000 0.0000000000 1.0000000000

0.0000000000 0.0000000000 1.0000000000 500.0000000000
0.0000000000 1.0000000000 0.0000000000 1.2000000000
-1.0000000000 0.0000000000 0.0000000000 400.0000000000
0.0000000000 0.0000000000 0.0000000000 1.0000000000

0.0000000000 0.0000000000 1.0000000000 500.0000000000
0.0000000000 1.0000000000 0.0000000000 1.2250000000
-1.0000000000 0.0000000000 0.0000000000 400.0000000000
0.0000000000 0.0000000000 0.0000000000 1.0000000000

0.0000000000 0.0000000000 1.0000000000 500.0000000000
0.0000000000 1.0000000000 0.0000000000 1.2500000000
-1.0000000000 0.0000000000 0.0000000000 400.0000000000
0.0000000000 0.0000000000 0.0000000000 1.0000000000

0.0000000000 0.0000000000 1.0000000000 500.0000000000
0.0000000000 1.0000000000 0.0000000000 1.2750000000
-1.0000000000 0.0000000000 0.0000000000 400.0000000000
0.0000000000 0.0000000000 0.0000000000 1.0000000000

0.0000000000 0.0000000000 1.0000000000 500.0000000000
0.0000000000 1.0000000000 0.0000000000 1.3000000000
-1.0000000000 0.0000000000 0.0000000000 400.0000000000
0.0000000000 0.0000000000 0.0000000000 1.0000000000

0.0000000000 0.0000000000 1.0000000000 500.0000000000
0.0000000000 1.0000000000 0.0000000000 1.3250000000
-1.0000000000 0.0000000000 0.0000000000 400.0000000000
0.0000000000 0.0000000000 0.0000000000 1.0000000000

0.0000000000 0.0000000000 1.0000000000 500.0000000000
0.0000000000 1.0000000000 0.0000000000 1.3500000000
-1.0000000000 0.0000000000 0.0000000000 400.0000000000
0.0000000000 0.0000000000 0.0000000000 1.0000000000

0.0000000000 0.0000000000 1.0000000000 500.0000000000
0.0000000000 1.0000000000 0.0000000000 1.3750000000
-1.0000000000 0.0000000000 0.0000000000 400.0000000000
0.0000000000 0.0000000000 0.0000000000 1.0000000000

0.0000000000 0.0000000000 1.0000000000 500.0000000000
0.0000000000 1.0000000000 0.0000000000 1.4000000000
-1.0000000000 0.0000000000 0.0000000000 400.0000000000
0.0000000000 0.0000000000 0.0000000000 1.0000000000

0.0000000000 0.0000000000 1.0000000000 500.0000000000
0.0000000000 1.0000000000 0.0000000000 1.4250000000
-1.0000000000 0.0000000000 0.0000000000 400.0000000000
0.0000000000 0.0000000000 0.0000000000 1.0000000000

0.0000000000 0.0000000000 1.0000000000 500.0000000000
0.0000000000 1.0000000000 0.0000000000 1.4500000000
-1.0000000000 0.0000000000 0.0000000000 400.0000000000
0.0000000000 0.0000000000 0.0000000000 1.0000000000

0.0000000000 0.0000000000 1.0000000000 500.0000000000
0.0000000000 1.0000000000 0.0000000000 1.4750000000
-1.0000000000 0.0000000000 0.0000000000 400.0000000000
0.0000000000 0.0000000000 0.0000000000 1.0000000000

0.0000000000 0.0000000000 1.0000000000 500.0000000000
0.0000000000 1.0000000000 0.0000000000 1.5000000000
-1.0000000000 0.0000000000 0.0000000000 400.0000000000
0.0000000000 0.0000000000 0.0000000000 1.0000000000

0.0000000000 0.0000000000 1.0000000000 500.0000000000
0.0000000000 1.0000000000 0.0000000000 1.5250000000
-1.0000000000 0.0000000000 0.0000000000 400.0000000000
0.0000000000 0.0000000000 0.0000000000 1.0000000000

0.0000000000 0.0000000000 1.0000000000 500.0000000000
0.0000000000 1.0000000000 0.0000000000 1.5500000000
-1.0000000000 0.0000000000 0.0000000000 400.0000000000
0.0000000000 0.0000000000 0.0000000000 1.0000000000

0.0000000000 0.0000000000 1.0000000000 500.0000000000
0.0000000000 1.0000000000 0.0000000000 1.5750000000
-1.0000000000 0.0000000000 0.0000000000 400.0000000000
0.0000000000 0.0000000000 0.0000000000 1.0000000000

0.0000000000 0.0000000000 1.0000000000 500.0000000000
0.0000000000 1.0000000000 0.0000000000 1.6000000000
-1.0000000000 0.0000000000 0.0000000000 400.0000000000
0.0000000000 0.0000000000 0.0000000000 1.0000000000

0.0000000000 0.0000000000 1.0000000000 500.0000000000
0.0000000000 1.0000000000 0.0000000000 1.6250000000
-1.0000000000 0.0000000000 0.0000000000 400.0000000000
0.0000000000 0.0000000000 0.0000000000 1.0000000000

0.0000000000 0.0000000000 1.0000000000 500.0000000000
0.0000000000 1.0000000000 0.0000000000 1.6500000000
-1.0000000000 0.0000000000 0.0000000000 400.0000000000
0.0000000000 0.0000000000 0.0000000000 1.0000000000

0.0000000000 0.0000000000 1.0000000000 500.0000000000
0.0000000000 1.0000000000 0.0000000000 1.6750000000
-1.0000000000 0.0000000000 0.0000000000 400.0000000000
0.0000000000 0.0000000000 0.0000000000 1.0000000000

0.0000000000 0.0000000000 1.0000000000 500.0000000000
0.0000000000 1.0000000000 0.0000000000 1.7000000000
-1.0000000000 0.0000000000 0.0000000000 400.0000000000
0.0000000000 0.0000000000 0.0000000000 1.0000000000

0.0000000000 0.0000000000 1.0000000000 500.0000000000
0.0000000000 1.0000000000 0.0000000000 1.7250000000
-1.0000000000 0.0000000000 0.0000000000 400.0000000000
0.0000000000 0.0000000000 0.0000000000 1.0000000000

0.0000000000 0.0000000000 1.0000000000 500.0000000000
0.0000000000 1.0000000000 0.0000000000 1.7500000000
-1.0000000000 0.0000000000 0.0000000000 400.0000000000
0.0000000000 0.0000000000 0.0000000000 1.0000000000

0.0000000000 0.0000000000 1.0000000000 500.0000000000
0.0000000000 1.0000000000 0.0000000000 1.7750000000
-1.0000000000 0.0000000000 0.0000000000 400.0000000000
0.0000000000 0.0000000000 0.0000000000 1.0000000000

0.0000000000 0.0000000000 1.0000000000 500.0000000000
0.0000000000 1.0000000000 0.0000000000 1.8000000000
-1.0000000000 0.0000000000 0.0000000000 400.0000000000
0.0000000000 0.0000000000 0.0000000000 1.0000000000

0.0000000000 0.0000000000 1.0000000000 500.0000000000
0.0000000000 1.0000000000 0.0000000000 1.8250000000
-1.0000000000 0.0000000000 0.0000000000 400.0000000000
0.0000000000 0.0000000000 0.0000000000 1.0000000000

0.0000000000 0.0000000000 1.0000000000 500.0000000000
0.0000000000 1.0000000000 0.0000000000 1.8500000000
-1.0000000000 0.0000000000 0.0000000000 400.0000000000
0.0000000000 0.0000000000 0.0000000000 1.0000000000

0.0000000000 0.0000000000 1.0000000000 500.0000000000
0.0000000000 1.0000000000 0.0000000000 1.8750000000
-1.0000000000 0.0000000000 0.0000000000 400.0000000000
0.0000000000 0.0000000000 0.0000000000 1.0000000000

0.0000000000 0.0000000000 1.0000000000 500.0000000000
0.0000000000 1.0000000000 0.0000000000 1.9000000000
-1.0000000000 0.0000000000 0.0000000000 400.0000000000
0.0000000000 0.0000000000 0.0000000000 1.0000000000

0.0000000000 0.0000000000 1.0000000000 500.0000000000
0.0000000000 1.0000000000 0.0000000000 1.9250000000
-1.0000000000 0.0000000000 0.0000000000 400.0000000000
0.0000000000 0.0000000000 0.0000000000 1.0000000000

0.0000000000 0.0000000000 1.0000000000 500.0000000000
0.0000000000 1.0000000000 0.0000000000 1.9500000000
-1.0000000000 0.0000000000 0.0000000000 400.0000000000
0.0000000000 0.0000000000 0.0000000000 1.0000000000

0.0000000000 0.0000000000 1.0000000000 500.0000000000
0.0000000000 1.0000000000 0.0000000000 1.9750000000
-1.0000000000 0.0000000000 0.0000000000 400.0000000000
0.0000000000 0.0000000000 0.0000000000 1.0000000000

0.0000000000 0.0000000000 1.0000000000 500.0000000000
0.0000000000 1.0000000000 0.0000000000 2.0000000000
-1.0000000000 0.0000000000 0.0000000000 400.0000000000
0.0000000000 0.0000000000 0.0000000000 1.0000000000

0.0000000000 0.0000000000 1.0000000000 500.0000000000
0.0000000000 1.0000000000 0.0000000000 2.0250000000
-1.0000000000 0.0000000000 0.0000000000 400.0000000000
0.0000000000 0.0000000000 0.0000000000 1.0000000000

0.0000000000 0.0000000000 1.0000000000 500.0000000000
0.0000000000 1.0000000000 0.0000000000 2.0500000000
-1.0000000000 0.0000000000 0.0000000000 400.0000000000
0.0000000000 0.0000000000 0.0000000000 1.0000000000

0.0000000000 0.0000000000 1.0000000000 500.0000000000
0.0000000000 1.0000000000 0.0000000000 2.0750000000
-1.0000000000 0.0000000000 0.0000000000 400.0000000000
0.0000000000 0.0000000000 0.0000000000 1.0000000000

0.0000000000 0.0000000000 1.0000000000 500.0000000000
0.0000000000 1.0000000000 0.0000000000 2.1000000000
-1.0000000000 0.0000000000 0.0000000000 400.0000000000
0.0000000000 0.0000000000 0.0000000000 1.0000000000

0.0000000000 0.0000000000 1.0000000000 500.0000000000
0.0000000000 1.0000000000 0.0000000000 2.1250000000
-1.0000000000 0.0000000000 0.0000000000 400.0000000000
0.0000000000 0.0000000000 0.0000000000 1.0000000000

0.0000000000 0.0000000000 1.0000000000 500.0000000000
0.0000000000 1.0000000000 0.0000000000 2.1500000000
-1.0000000000 0.0000000000 0.0000000000 400.0000000000
0.0000000000 0.0000000000 0.0000000000 1.0000000000

0.0000000000 0.0000000000 1.0000000000 500.0000000000
0.0000000000 1.0000000000 0.0000000000 2.1750000000
-1.0000000000 0.0000000000 0.0000000000 400.0000000000
0.0000000000 0.0000000000 0.0000000000 1.0000000000

0.0000000000 0.0000000000 1.0000000000 500.0000000000
0.0000000000 1.0000000000 0.0000000000 2.2000000000
-1.0000000000 0.0000000000 0.0000000000 400.0000000000
0.0000000000 0.0000000000 0.0000000000 1.0000000000

0.0000000000 0.0000000000 1.0000000000 500.0000000000
0.0000000000 1.0000000000 0.0000000000 2.2250000000
-1.0000000000 0.0000000000 0.0000000000 400.0000000000
0.0000000000 0.0000000000 0.0000000000 1.0000000000

0.0000000000 0.0000000000 1.0000000000 500.0000000000
0.0000000000 1.0000000000 0.0000000000 2.2500000000
-1.0000000000 0.0000000000 0.0000000000 400.0000000000
0.0000000000 0.0000000000 0.0000000000 1.0000000000

0.0000000000 0.0000000000 1.0000000000 500.0000000000
0.0000000000 1.0000000000 0.0000000000 2.2750000000
-1.0000000000 0.0000000000 0.0000000000 400.0000000000
0.0000000000 0.0000000000 0.0000000000 1.0000000000

0.0000000000 0.0000000000 1.0000000000 500.0000000000
0.0000000000 1.0000000000 0.0000000000 2.3000000000
-1.0000000000 0.0000000000 0.0000000000 400.0000000000
0.0000000000 0.0000000000 0.0000000000 1.0000000000

0.0000000000 0.0000000000 1.0000000000 500.0000000000
0.0000000000 1.0000000000 0.0000000000 2.3250000000
-1.0000000000 0.0000000000 0.0000000000 400.0000000000
0.0000000000 0.0000000000 0.0000000000 1.0000000000

0.0000000000 0.0000000000 1.0000000000 500.0000000000
0.0000000000 1.0000000000 0.0000000000 2.3500000000
-1.0000000000 0.0000000000 0.0000000000 400.0000000000
0.0000000000 0.0000000000 0.0000000000 1.0000000000

0.0000000000 0.0000000000 1.0000000000 500.0000000000
0.0000000000 1.0000000000 0.0000000000 2.3750000000
-1.0000000000 0.0000000000 0.0000000000 400.0000000000
0.0000000000 0.0000000000 0.0000000000 1.0000000000

0.0000000000 0.0000000000 1.0000000000 500.0000000000
0.0000000000 1.0000000000 0.0000000000 2.4000000000
-1.0000000000 0.0000000000 0.0000000000 400.0000000000
0.0000000000 0.0000000000 0.0000000000 1.0000000000

0.0000000000 0.0000000000 1.0000000000 500.0000000000
0.0000000000 1.0000000000 0.0000000000 2.4250000000
-1.0000000000 0.0000000000 0.0000000000 400.0000000000
0.0000000000 0.0000000000 0.0000000000 1.0000000000

0.0000000000 0.0000000000 1.0000000000 500.0000000000
0.0000000000 1.0000000000 0.0000000000 2.4500000000
-1.0000000000 0.0000000000 0.0000000000 400.0000000000
0.0000000000 0.0000000000 0.0000000000 1.0000000000

0.0000000000 0.0000000000 1.0000000000 500.0000000000
0.0000000000 1.0000000000 0.0000000000 2.4750000000
-1.0000000000 0.0000000000 0.0000000000 400.0000000000
0.0000000000 0.0000000000 0.0000000000 1.0000000000

0.0000000000 0.0000000000 1.0000000000 500.0000000000
0.0000000000 1.0000000000 0.0000000000 2.5000000000
-1.0000000000 0.0000000000 0.0000000000 400.0000000000
0.0000000000 0.0000000000 0.0000000000 1.0000000000

0.0000000000 0.0000000000 1.0000000000 500.0000000000
0.0000000000 1.0000000000 0.0000000000 2.5250000000
-1.0000000000 0.0000000000 0.0000000000 400.0000000000
0.0000000000 0.0000000000 0.0000000000 1.0000000000

0.0000000000 0.0000000000 1.0000000000 500.0000000000
0.0000000000 1.0000000000 0.0000000000 2.5500000000
-1.0000000000 0.0000000000 0.0000000000 400.0000000000
0.0000000000 0.0000000000 0.0000000000 1.0000000000

0.0000000000 0.0000000000 1.0000000000 500.0000000000
0.0000000000 1.0000000000 0.0000000000 2.5750000000
-1.0000000000 0.0000000000 0.0000000000 400.0000000000
0.0000000000 0.0000000000 0.0000000000 1.0000000000

0.0000000000 0.0000000000 1.0000000000 500.0000000000
0.0000000000 1.0000000000 0.0000000000 2.6000000000
-1.0000000000 0.0000000000 0.0000000000 400.0000000000
0.0000000000 0.0000000000 0.0000000000 1.0000000000

0.0000000000 0.0000000000 1.0000000000 500.0000000000
0.0000000000 1.0000000000 0.0000000000 2.6250000000
-1.0000000000 0.0000000000 0.0000000000 400.0000000000
0.0000000000 0.0000000000 0.0000000000 1.0000000000

0.0000000000 0.0000000000 1.0000000000 500.0000000000
0.0000000000 1.0000000000 0.0000000000 2.6500000000
-1.0000000000 0.0000000000 0.0000000000 400.0000000000
0.0000000000 0.0000000000 0.0000000000 1.0000000000

0.0000000000 0.0000000000 1.0000000000 500.0000000000
0.0000000000 1.0000000000 0.0000000000 2.6750000000
-1.0000000000 0.0000000000 0.0000000000 400.0000000000
0.0000000000 0.0000000000 0.0000000000 1.0000000000

0.0000000000 0.0000000000 1.0000000000 500.0000000000
0.0000000000 1.0000000000 0.0000000000 2.7000000000
-1.0000000000 0.0000000000 0.0000000000 400.0000000000
0.0000000000 0.0000000000 0.0000000000 1.0000000000

0.0000000000 0.0000000000 1.0000000000 500.0000000000
0.0000000000 1.0000000000 0.0000000000 2.7250000000
-1.0000000000 0.0000000000 0.0000000000 400.0000000000
0.0000000000 0.0000000000 0.0000000000 1.0000000000

0.0000000000 0.0000000000 1.0000000000 500.0000000000
0.0000000000 1.0000000000 0.0000000000 2.7500000000
-1.0000000000 0.0000000000 0.0000000000 400.0000000000
0.0000000000 0.0000000000 0.0000000000 1.0000000000

0.0000000000 0.0000000000 1.0000000000 500.0000000000
0.0000000000 1.0000000000 0.0000000000 2.7750000000
-1.0000000000 0.0000000000 0.0000000000 400.0000000000
0.0000000000 0.0000000000 0.0000000000 1.0000000000

0.0000000000 0.0000000000 1.0000000000 500.0000000000
0.0000000000 1.0000000000 0.0000000000 2.8000000000
-1.0000000000 0.0000000000 0.0000000000 400.0000000000
0.0000000000 0.0000000000 0.0000000000 1.0000000000

0.0000000000 0.0000000000 1.0000000000 500.0000000000
0.0000000000 1.0000000000 0.0000000000 2.8250000000
-1.0000000000 0.0000000000 0.0000000000 400.0000000000
0.0000000000 0.0000000000 0.0000000000 1.0000000000

0.0000000000 0.0000000000 1.0000000000 500.0000000000
0.0000000000 1.0000000000 0.0000000000 2.8500000000
-1.0000000000 0.0000000000 0.0000000000 400.0000000000
0.0000000000 0.0000000000 0.0000000000 1.0000000000

0.0000000000 0.0000000000 1.0000000000 500.0000000000
0.0000000000 1.0000000000 0.0000000000 2.8750000000
-1.0000000000 0.0000000000 0.0000000000 400.0000000000
0.0000000000 0.0000000000 0.0000000000 1.0000000000

0.0000000000 0.0000000000 1.0000000000 500.0000000000
0.0000000000 1.0000000000 0.0000000000 2.9000000000
-1.0000000000 0.0000000000 0.0000000000 400.0000000000
0.0000000000 0.0000000000 0.0000000000 1.0000000000

0.0000000000 0.0000000000 1.0000000000 500.0000000000
0.0000000000 1.0000000000 0.0000000000 2.9250000000
-1.0000000000 0.0000000000 0.0000000000 400.0000000000
0.0000000000 0.0000000000 0.0000000000 1.0000000000

0.0000000000 0.0000000000 1.0000000000 500.0000000000
0.0000000000 1.0000000000 0.0000000000 2.9500000000
-1.0000000000 0.0000000000 0.0000000000 400.0000000000
0.0000000000 0.0000000000 0.0000000000 1.0000000000

0.0000000000 0.0000000000 1.0000000000 500.0000000000
0.0000000000 1.0000000000 0.0000000000 2.9750000000
-1.0000000000 0.0000000000 0.0000000000 400.0000000000
0.0000000000 0.0000000000 0.0000000000 1.0000000000

0.0000000000 0.0000000000 1.0000000000 500.0000000000
0.0000000000 1.0000000000 0.0000000000 3.0000000000
-1.0000000000 0.0000000000 0.0000000000 400.0000000000
0.0000000000 0.0000000000 0.0000000000 1.0000000000

0.0000000000 0.0000000000 1.0000000000 500.0000000000
0.0000000000 1.0000000000 0.0000000000 3.0250000000
-1.0000000000 0.0000000000 0.0000000000 400.0000000000
0.0000000000 0.0000000000 0.0000000000 1.0000000000

0.0000000000 0.0000000000 1.0000000000 500.0000000000
0.0000000000 1.0000000000 0.0000000000 3.0500000000
-1.0000000000 0.0000000000 0.0000000000 400.0000000000
0.0000000000 0.0000000000 0.0000000000 1.0000000000

0.0000000000 0.0000000000 1.0000000000 500.0000000000
0.0000000000 1.0000000000 0.0000000000 3.0750000000
-1.0000000000 0.0000000000 0.0000000000 400.0000000000
0.0000000000 0.0000000000 0.0000000000 1.0000000000

0.0000000000 0.0000000000 1.0000000000 500.0000000000
0.0000000000 1.0000000000 0.0000000000 3.1000000000
-1.0000000000 0.0000000000 0.0000000000 400.0000000000
0.0000000000 0.0000000000 0.0000000000 1.0000000000

0.0000000000 0.0000000000 1.0000000000 500.0000000000
0.0000000000 1.0000000000 0.0000000000 3.1250000000
-1.0000000000 0.0000000000 0.0000000000 400.0000000000
0.0000000000 0.0000000000 0.0000000000 1.0000000000

0.0000000000 0.0000000000 1.0000000000 500.0000000000
0.0000000000 1.0000000000 0.0000000000 3.1500000000
-1.0000000000 0.0000000000 0.0000000000 400.0000000000
0.0000000000 0.0000000000 0.0000000000 1.0000000000

0.0000000000 0.0000000000 1.0000000000 500.0000000000
0.0000000000 1.0000000000 0.0000000000 3.1750000000
-1.0000000000 0.0000000000 0.0000000000 400.0000000000
0.0000000000 0.0000000000 0.0000000000 1.0000000000

0.0000000000 0.0000000000 1.0000000000 500.0000000000
0.0000000000 1.0000000000 0.0000000000 3.2000000000
-1.0000000000 0.0000000000 0.0000000000 400.0000000000
0.0000000000 0.0000000000 0.0000000000 1.0000000000

0.0000000000 0.0000000000 1.0000000000 500.0000000000
0.0000000000 1.0000000000 0.0000000000 3.2250000000
-1.0000000000 0.0000000000 0.0000000000 400.0000000000
0.0000000000 0.0000000000 0.0000000000 1.0000000000

0.0000000000 0.0000000000 1.0000000000 500.0000000000
0.0000000000 1.0000000000 0.0000000000 3.2500000000
-1.0000000000 0.0000000000 0.0000000000 400.0000000000
0.0000000000 0.0000000000 0.0000000000 1.0000000000

0.0000000000 0.0000000000 1.0000000000 500.0000000000
0.0000000000 1.0000000000 0.0000000000 3.2750000000
-1.0000000000 0.0000000000 0.0000000000 400.0000000000
0.0000000000 0.0000000000 0.0000000000 1.0000000000

0.0000000000 0.0000000000 1.0000000000 500.0000000000
0.0000000000 1.0000000000 0.0000000000 3.3000000000
-1.0000000000 0.0000000000 0.0000000000 400.0000000000
0.0000000000 0.0000000000 0.0000000000 1.0000000000

0.0000000000 0.0000000000 1.0000000000 500.0000000000
0.0000000000 1.0000000000 0.0000000000 3.3250000000
-1.0000000000 0.0000000000 0.0000000000 400.0000000000
0.0000000000 0.0000000000 0.0000000000 1.0000000000

0.0000000000 0.0000000000 1.0000000000 500.0000000000
0.0000000000 1.0000000000 0.0000000000 3.3500000000
-1.0000000000 0.0000000000 0.0000000000 400.0000000000
0.0000000000 0.0000000000 0.0000000000 1.0000000000

0.0000000000 0.0000000000 1.0000000000 500.0000000000
0.0000000000 1.0000000000 0.0000000000 3.3750000000
-1.0000000000 0.0000000000 0.0000000000 400.0000000000
0.0000000000 0.0000000000 0.0000000000 1.0000000000

0.0000000000 0.0000000000 1.0000000000 500.0000000000
0.0000000000 1.0000000000 0.0000000000 3.4000000000
-1.0000000000 0.0000000000 0.0000000000 400.0000000000
0.0000000000 0.0000000000 0.0000000000 1.0000000000

0.0000000000 0.0000000000 1.0000000000 500.0000000000
0.0000000000 1.0000000000 0.0000000000 3.4250000000
-1.0000000000 0.0000000000 0.0000000000 400.0000000000
0.0000000000 0.0000000000 0.0000000000 1.0000000000

0.0000000000 0.0000000000 1.0000000000 500.0000000000
0.0000000000 1.0000000000 0.0000000000 3.4500000000
-1.0000000000 0.0000000000 0.0000000000 400.0000000000
0.0000000000 0.0000000000 0.0000000000 1.0000000000

0.0000000000 0.0000000000 1.0000000000 500.0000000000
0.0000000000 1.0000000000 0.0000000000 3.4750000000
-1.0000000000 0.0000000000 0.0000000000 400.0000000000
0.0000000000 0.0000000000 0.0000000000 1.0000000000

0.0000000000 0.0000000000 1.0000000000 500.0000000000
0.0000000000 1.0000000000 0.0000000000 3.5000000000
-1.0000000000 0.0000000000 0.0000000000 400.0000000000
0.0000000000 0.0000000000 0.0000000000 1.0000000000

0.0000000000 0.0000000000 1.0000000000 500.0000000000
0.0000000000 1.0000000000 0.0000000000 3.5250000000
-1.0000000000 0.0000000000 0.0000000000 400.0000000000
0.0000000000 0.0000000000 0.0000000000 1.0000000000

0.0000000000 0.0000000000 1.0000000000 500.0000000000
0.0000000000 1.0000000000 0.0000000000 3.5500000000
-1.0000000000 0.0000000000 0.0000000000 400.0000000000
0.0000000000 0.0000000000 0.0000000000 1.0000000000

0.0000000000 0.0000000000 1.0000000000 500.0000000000
0.0000000000 1.0000000000 0.0000000000 3.5750000000
-1.0000000000 0.0000000000 0.0000000000 400.0000000000
0.0000000000 0.0000000000 0.0000000000 1.0000000000

0.0000000000 0.0000000000 1.0000000000 500.0000000000
0.0000000000 1.0000000000 0.0000000000 3.6000000000
-1.0000000000 0.0000000000 0.0000000000 400.0000000000
0.0000000000 0.0000000000 0.0000000000 1.0000000000

0.0000000000 0.0000000000 1.0000000000 500.0000000000
0.0000000000 1.0000000000 0.0000000000 3.6250000000
-1.0000000000 0.0000000000 0.0000000000 400.0000000000
0.0000000000 0.0000000000 0.0000000000 1.0000000000

0.0000000000 0.0000000000 1.0000000000 500.0000000000
0.0000000000 1.0000000000 0.0000000000 3.6500000000
-1.0000000000 0.0000000000 0.0000000000 400.0000000000
0.0000000000 0.0000000000 0.0000000000 1.0000000000

0.0000000000 0.0000000000 1.0000000000 500.0000000000
0.0000000000 1.0000000000 0.0000000000 3.6750000000
-1.0000000000 0.0000000000 0.0000000000 400.0000000000
0.0000000000 0.0000000000 0.0000000000 1.0000000000

0.0000000000 0.0000000000 1.0000000000 500.0000000000
0.0000000000 1.0000000000 0.0000000000 3.7000000000
-1.0000000000 0.0000000000 0.0000000000 400.0000000000
0.0000000000 0.0000000000 0.0000000000 1.0000000000

0.0000000000 0.0000000000 1.0000000000 500.0000000000
0.0000000000 1.0000000000 0.0000000000 3.7250000000
-1.0000000000 0.0000000000 0.0000000000 400.0000000000
0.0000000000 0.0000000000 0.0000000000 1.0000000000

0.0000000000 0.0000000000 1.0000000000 500.0000000000
0.0000000000 1.0000000000 0.0000000000 3.7500000000
-1.0000000000 0.0000000000 0.0000000000 400.0000000000
0.0000000000 0.0000000000 0.0000000000 1.0000000000

0.0000000000 0.0000000000 1.0000000000 500.0000000000
0.0000000000 1.0000000000 0.0000000000 3.7750000000
-1.0000000000 0.0000000000 0.0000000000 400.0000000000
0.0000000000 0.0000000000 0.0000000000 1.0000000000

0.0000000000 0.0000000000 1.0000000000 500.0000000000
0.0000000000 1.0000000000 0.0000000000 3.8000000000
-1.0000000000 0.0000000000 0.0000000000 400.0000000000
0.0000000000 0.0000000000 0.0000000000 1.0000000000

0.0000000000 0.0000000000 1.0000000000 500.0000000000
0.0000000000 1.0000000000 0.0000000000 3.8250000000
-1.0000000000 0.0000000000 0.0000000000 400.0000000000
0.0000000000 0.0000000000 0.0000000000 1.0000000000

0.0000000000 0.0000000000 1.0000000000 500.0000000000
0.0000000000 1.0000000000 0.0000000000 3.8500000000
-1.0000000000 0.0000000000 0.0000000000 400.0000000000
0.0000000000 0.0000000000 0.0000000000 1.0000000000

0.0000000000 0.0000000000 1.0000000000 500.0000000000
0.0000000000 1.0000000000 0.0000000000 3.8750000000
-1.0000000000 0.0000000000 0.0000000000 400.0000000000
0.0000000000 0.0000000000 0.0000000000 1.0000000000

0.0000000000 0.0000000000 1.0000000000 500.0000000000
0.0000000000 1.0000000000 0.0000000000 3.9000000000
-1.0000000000 0.0000000000 0.0000000000 400.0000000000
0.0000000000 0.0000000000 0.0000000000 1.0000000000

0.0000000000 0.0000000000 1.0000000000 500.0000000000
0.0000000000 1.0000000000 0.0000000000 3.9250000000
-1.0000000000 0.0000000000 0.0000000000 400.0000000000
0.0000000000 0.0000000000 0.0000000000 1.0000000000

0.0000000000 0.0000000000 1.0000000000 500.0000000000
0.0000000000 1.0000000000 0.0000000000 3.9500000000
-1.0000000000 0.0000000000 0.0000000000 400.0000000000
0.0000000000 0.0000000000 0.0000000000 1.0000000000

0.0000000000 0.0000000000 1.0000000000 500.0000000000
0.0000000000 1.0000000000 0.0000000000 3.9750000000
-1.0000000000 0.0000000000 0.0000000000 400.0000000000
0.0000000000 0.0000000000 0.0000000000 1.0000000000

0.0000000000 0.0000000000 1.0000000000 500.0000000000
0.0000000000 1.0000000000 0.0000000000 4.0000000000
-1.0000000000 0.0000000000 0.0000000000 400.0000000000
0.0000000000 0.0000000000 0.0000000000 1.0000000000

0.0000000000 0.0000000000 1.0000000000 500.0000000000
0.0000000000 1.0000000000 0.0000000000 4.0250000000
-1.0000000000 0.0000000000 0.0000000000 400.0000000000
0.0000000000 0.0000000000 0.0000000000 1.0000000000

0.0000000000 0.0000000000 1.0000000000 500.0000000000
0.0000000000 1.0000000000 0.0000000000 4.0500000000
-1.0000000000 0.0000000000 0.0000000000 400.0000000000
0.0000000000 0.0000000000 0.0000000000 1.0000000000

0.0000000000 0.0000000000 1.0000000000 500.0000000000
0.0000000000 1.0000000000 0.0000000000 4.0750000000
-1.0000000000 0.0000000000 0.0000000000 400.0000000000
0.0000000000 0.0000000000 0.0000000000 1.0000000000

0.0000000000 0.0000000000 1.0000000000 500.0000000000
0.0000000000 1.0000000000 0.0000000000 4.1000000000
-1.0000000000 0.0000000000 0.0000000000 400.0000000000
0.0000000000 0.0000000000 0.0000000000 1.0000000000

0.0000000000 0.0000000000 1.0000000000 500.0000000000
0.0000000000 1.0000000000 0.0000000000 4.1250000000
-1.0000000000 0.0000000000 0.0000000000 400.0000000000
0.0000000000 0.0000000000 0.0000000000 1.0000000000

0.0000000000 0.0000000000 1.0000000000 500.0000000000
0.0000000000 1.0000000000 0.0000000000 4.1500000000
-1.0000000000 0.0000000000 0.0000000000 400.0000000000
0.0000000000 0.0000000000 0.0000000000 1.0000000000

0.0000000000 0.0000000000 1.0000000000 500.0000000000
0.0000000000 1.0000000000 0.0000000000 4.1750000000
-1.0000000000 0.0000000000 0.0000000000 400.0000000000
0.0000000000 0.0000000000 0.0000000000 1.0000000000

0.0000000000 0.0000000000 1.0000000000 500.0000000000
0.0000000000 1.0000000000 0.0000000000 4.2000000000
-1.0000000000 0.0000000000 0.0000000000 400.0000000000
0.0000000000 0.0000000000 0.0000000000 1.0000000000

0.0000000000 0.0000000000 1.0000000000 500.0000000000
0.0000000000 1.0000000000 0.0000000000 4.2250000000
-1.0000000000 0.0000000000 0.0000000000 400.0000000000
0.0000000000 0.0000000000 0.0000000000 1.0000000000

0.0000000000 0.0000000000 1.0000000000 500.0000000000
0.0000000000 1.0000000000 0.0000000000 4.2500000000
-1.0000000000 0.0000000000 0.0000000000 400.0000000000
0.0000000000 0.0000000000 0.0000000000 1.0000000000

0.0000000000 0.0000000000 1.0000000000 500.0000000000
0.0000000000 1.0000000000 0.0000000000 4.2750000000
-1.0000000000 0.0000000000 0.0000000000 400.0000000000
0.0000000000 0.0000000000 0.0000000000 1.0000000000

0.0000000000 0.0000000000 1.0000000000 500.0000000000
0.0000000000 1.0000000000 0.0000000000 4.3000000000
-1.0000000000 0.0000000000 0.0000000000 400.0000000000
0.0000000000 0.0000000000 0.0000000000 1.0000000000

0.0000000000 0.0000000000 1.0000000000 500.0000000000
0.0000000000 1.0000000000 0.0000000000 4.3250000000
-1.0000000000 0.0000000000 0.0000000000 400.0000000000
0.0000000000 0.0000000000 0.0000000000 1.0000000000

0.0000000000 0.0000000000 1.0000000000 500.0000000000
0.0000000000 1.0000000000 0.0000000000 4.3500000000
-1.0000000000 0.0000000000 0.0000000000 400.0000000000
0.0000000000 0.0000000000 0.0000000000 1.0000000000

0.0000000000 0.0000000000 1.0000000000 500.0000000000
0.0000000000 1.0000000000 0.0000000000 4.3750000000
-1.0000000000 0.0000000000 0.0000000000 400.0000000000
0.0000000000 0.0000000000 0.0000000000 1.0000000000

0.0000000000 0.0000000000 1.0000000000 500.0000000000
0.0000000000 1.0000000000 0.0000000000 4.4000000000
-1.0000000000 0.0000000000 0.0000000000 400.0000000000
0.0000000000 0.0000000000 0.0000000000 1.0000000000

0.0000000000 0.0000000000 1.0000000000 500.0000000000
0.0000000000 1.0000000000 0.0000000000 4.4250000000
-1.0000000000 0.0000000000 0.0000000000 400.0000000000
0.0000000000 0.0000000000 0.0000000000 1.0000000000

0.0000000000 0.0000000000 1.0000000000 500.0000000000
0.0000000000 1.0000000000 0.0000000000 4.4500000000
-1.0000000000 0.0000000000 0.0000000000 400.0000000000
0.0000000000 0.0000000000 0.0000000000 1.0000000000

0.0000000000 0.0000000000 1.0000000000 500.0000000000
0.0000000000 1.0000000000 0.0000000000 4.4750000000
-1.0000000000 0.0000000000 0.0000000000 400.0000000000
0.0000000000 0.0000000000 0.0000000000 1.0000000000

0.0000000000 0.0000000000 1.0000000000 500.0000000000
0.0000000000 1.0000000000 0.0000000000 4.5000000000
-1.0000000000 0.0000000000 0.0000000000 400.0000000000
0.0000000000 0.0000000000 0.0000000000 1.0000000000

0.0000000000 0.0000000000 1.0000000000 500.0000000000
0.0000000000 1.0000000000 0.0000000000 4.5250000000
-1.0000000000 0.0000000000 0.0000000000 400.0000000000
0.0000000000 0.0000000000 0.0000000000 1.0000000000

0.0000000000 0.0000000000 1.0000000000 500.0000000000
0.0000000000 1.0000000000 0.0000000000 4.5500000000
-1.0000000000 0.0000000000 0.0000000000 400.0000000000
0.0000000000 0.0000000000 0.0000000000 1.0000000000

0.0000000000 0.0000000000 1.0000000000 500.0000000000
0.0000000000 1.0000000000 0.0000000000 4.5750000000
-1.0000000000 0.0000000000 0.0000000000 400.0000000000
0.0000000000 0.0000000000 0.0000000000 1.0000000000

0.0000000000 0.0000000000 1.0000000000 500.0000000000
0.0000000000 1.0000000000 0.0000000000 4.6000000000
-1.0000000000 0.0000000000 0.0000000000 400.0000000000
0.0000000000 0.0000000000 0.0000000000 1.0000000000

0.0000000000 0.0000000000 1.0000000000 500.0000000000
0.0000000000 1.0000000000 0.0000000000 4.6250000000
-1.0000000000 0.0000000000 0.0000000000 400.0000000000
0.0000000000 0.0000000000 0.0000000000 1.0000000000

0.0000000000 0.0000000000 1.0000000000 500.0000000000
0.0000000000 1.0000000000 0.0000000000 4.6500000000
-1.0000000000 0.0000000000 0.0000000000 400.0000000000
0.0000000000 0.0000000000 0.0000000000 1.0000000000

0.0000000000 0.0000000000 1.0000000000 500.0000000000
0.0000000000 1.0000000000 0.0000000000 4.6750000000
-1.0000000000 0.0000000000 0.0000000000 400.0000000000
0.0000000000 0.0000000000 0.0000000000 1.0000000000

0.0000000000 0.0000000000 1.0000000000 500.0000000000
0.0000000000 1.0000000000 0.0000000000 4.7000000000
-1.0000000000 0.0000000000 0.0000000000 400.0000000000
0.0000000000 0.0000000000 0.0000000000 1.0000000000

0.0000000000 0.0000000000 1.0000000000 500.0000000000
0.0000000000 1.0000000000 0.0000000000 4.7250000000
-1.0000000000 0.0000000000 0.0000000000 400.0000000000
0.0000000000 0.0000000000 0.0000000000 1.0000000000

0.0000000000 0.0000000000 1.0000000000 500.0000000000
0.0000000000 1.0000000000 0.0000000000 4.7500000000
-1.0000000000 0.0000000000 0.0000000000 400.0000000000
0.0000000000 0.0000000000 0.0000000000 1.0000000000

0.0000000000 0.0000000000 1.0000000000 500.0000000000
0.0000000000 1.0000000000 0.0000000000 4.7750000000
-1.0000000000 0.0000000000 0.0000000000 400.0000000000
0.0000000000 0.0000000000 0.0000000000 1.0000000000

0.0000000000 0.0000000000 1.0000000000 500.0000000000
0.0000000000 1.0000000000 0.0000000000 4.8000000000
-1.0000000000 0.0000000000 0.0000000000 400.0000000000
0.0000000000 0.0000000000 0.0000000000 1.0000000000

0.0000000000 0.0000000000 1.0000000000 500.0000000000
0.0000000000 1.0000000000 0.0000000000 4.8250000000
-1.0000000000 0.0000000000 0.0000000000 400.0000000000
0.0000000000 0.0000000000 0.0000000000 1.0000000000

0.0000000000 0.0000000000 1.0000000000 500.0000000000
0.0000000000 1.0000000000 0.0000000000 4.8500000000
-1.0000000000 0.0000000000 0.0000000000 400.0000000000
0.0000000000 0.0000000000 0.0000000000 1.0000000000

0.0000000000 0.0000000000 1.0000000000 500.0000000000
0.0000000000 1.0000000000 0.0000000000 4.8750000000
-1.0000000000 0.0000000000 0.0000000000 400.0000000000
0.0000000000 0.0000000000 0.0000000000 1.0000000000

0.0000000000 0.0000000000 1.0000000000 500.0000000000
0.0000000000 1.0000000000 0.0000000000 4.9000000000
-1.0000000000 0.0000000000 0.0000000000 400.0000000000
0.0000000000 0.0000000000 0.0000000000 1.0000000000

0.0000000000 0.0000000000 1.0000000000 500.0000000000
0.0000000000 1.0000000000 0.0000000000 4.9250000000
-1.0000000000 0.0000000000 0.0000000000 400.0000000000
0.0000000000 0.0000000000 0.0000000000 1.0000000000

0.0000000000 0.0000000000 1.0000000000 500.0000000000
0.0000000000 1.0000000000 0.0000000000 4.9500000000
-1.0000000000 0.0000000000 0.0000000000 400.0000000000
0.0000000000 0.0000000000 0.0000000000 1.0000000000

0.0000000000 0.0000000000 1.0000000000 500.0000000000
0.0000000000 1.0000000000 0.0000000000 4.9750000000
-1.0000000000 0.0000000000 0.0000000000 400.0000000000
0.0000000000 0.0000000000 0.0000000000 1.0000000000

0.0000000000 0.0000000000 1.0000000000 500.0000000000
0.0000000000 1.0000000000 0.0000000000 5.0000000000
-1.0000000000 0.0000000000 0.0000000000 400.0000000000
0.0000000000 0.0000000000 0.0000000000 1.0000000000

0.0000000000 0.0000000000 1.0000000000 500.0000000000
0.0000000000 1.0000000000 0.0000000000 5.0250000000
-1.0000000000 0.0000000000 0.0000000000 400.0000000000
0.0000000000 0.0000000000 0.0000000000 1.0000000000

0.0000000000 0.0000000000 1.0000000000 500.0000000000
0.0000000000 1.0000000000 0.0000000000 5.0500000000
-1.0000000000 0.0000000000 0.0000000000 400.0000000000
0.0000000000 0.0000000000 0.0000000000 1.0000000000

0.0000000000 0.0000000000 1.0000000000 500.0000000000
0.0000000000 1.0000000000 0.0000000000 5.0750000000
-1.0000000000 0.0000000000 0.0000000000 400.0000000000
0.0000000000 0.0000000000 0.0000000000 1.0000000000

0.0000000000 0.0000000000 1.0000000000 500.0000000000
0.0000000000 1.0000000000 0.0000000000 5.1000000000
-1.0000000000 0.0000000000 0.0000000000 400.0000000000
0.0000000000 0.0000000000 0.0000000000 1.0000000000

0.0000000000 0.0000000000 1.0000000000 500.0000000000
0.0000000000 1.0000000000 0.0000000000 5.1250000000
-1.0000000000 0.0000000000 0.0000000000 400.0000000000
0.0000000000 0.0000000000 0.0000000000 1.0000000000

0.0000000000 0.0000000000 1.0000000000 500.0000000000
0.0000000000 1.0000000000 0.0000000000 5.1500000000
-1.0000000000 0.0000000000 0.0000000000 400.0000000000
0.0000000000 0.0000000000 0.0000000000 1.0000000000

0.0000000000 0.0000000000 1.0000000000 500.0000000000
0.0000000000 1.0000000000 0.0000000000 5.1750000000
-1.0000000000 0.0000000000 0.0000000000 400.0000000000
0.0000000000 0.0000000000 0.0000000000 1.0000000000

0.0000000000 0.0000000000 1.0000000000 500.0000000000
0.0000000000 1.0000000000 0.0000000000 5.2000000000
-1.0000000000 0.0000000000 0.0000000000 400.0000000000
0.0000000000 0.0000000000 0.0000000000 1.0000000000

0.0000000000 0.0000000000 1.0000000000 500.0000000000
0.0000000000 1.0000000000 0.0000000000 5.2250000000
-1.0000000000 0.0000000000 0.0000000000 400.0000000000
0.0000000000 0.0000000000 0.0000000000 1.0000000000

0.0000000000 0.0000000000 1.0000000000 500.0000000000
0.0000000000 1.0000000000 0.0000000000 5.2500000000
-1.0000000000 0.0000000000 0.0000000000 400.0000000000
0.0000000000 0.0000000000 0.0000000000 1.0000000000

0.0000000000 0.0000000000 1.0000000000 500.0000000000
0.0000000000 1.0000000000 0.0000000000 5.2750000000
-1.0000000000 0.0000000000 0.0000000000 400.0000000000
0.0000000000 0.0000000000 0.0000000000 1.0000000000

0.0000000000 0.0000000000 1.0000000000 500.0000000000
0.0000000000 1.0000000000 0.0000000000 5.3000000000
-1.0000000000 0.0000000000 0.0000000000 400.0000000000
0.0000000000 0.0000000000 0.0000000000 1.0000000000

0.0000000000 0.0000000000 1.0000000000 500.0000000000
0.0000000000 1.0000000000 0.0000000000 5.3250000000
-1.0000000000 0.0000000000 0.0000000000 400.0000000000
0.0000000000 0.0000000000 0.0000000000 1.0000000000

0.0000000000 0.0000000000 1.0000000000 500.0000000000
0.0000000000 1.0000000000 0.0000000000 5.3500000000
-1.0000000000 0.0000000000 0.0000000000 400.0000000000
0.0000000000 0.0000000000 0.0000000000 1.0000000000

0.0000000000 0.0000000000 1.0000000000 500.0000000000
0.0000000000 1.0000000000 0.0000000000 5.3750000000
-1.0000000000 0.0000000000 0.0000000000 400.0000000000
0.0000000000 0.0000000000 0.0000000000 1.0000000000

0.0000000000 0.0000000000 1.0000000000 500.0000000000
0.0000000000 1.0000000000 0.0000000000 5.4000000000
-1.0000000000 0.0000000000 0.0000000000 400.0000000000
0.0000000000 0.0000000000 0.0000000000 1.0000000000

0.0000000000 0.0000000000 1.0000000000 500.0000000000
0.0000000000 1.0000000000 0.0000000000 5.4250000000
-1.0000000000 0.0000000000 0.0000000000 400.0000000000
0.0000000000 0.0000000000 0.0000000000 1.0000000000

0.0000000000 0.0000000000 1.0000000000 500.0000000000
0.0000000000 1.0000000000 0.0000000000 5.4500000000
-1.0000000000 0.0000000000 0.0000000000 400.0000000000
0.0000000000 0.0000000000 0.0000000000 1.0000000000

0.0000000000 0.0000000000 1.0000000000 500.0000000000
0.0000000000 1.0000000000 0.0000000000 5.4750000000
-1.0000000000 0.0000000000 0.0000000000 400.0000000000
0.0000000000 0.0000000000 0.0000000000 1.0000000000

0.0000000000 0.0000000000 1.0000000000 500.0000000000
0.0000000000 1.0000000000 0.0000000000 5.5000000000
-1.0000000000 0.0000000000 0.0000000000 400.0000000000
0.0000000000 0.0000000000 0.0000000000 1.0000000000

0.0000000000 0.0000000000 1.0000000000 500.0000000000
0.0000000000 1.0000000000 0.0000000000 5.5250000000
-1.0000000000 0.0000000000 0.0000000000 400.0000000000
0.0000000000 0.0000000000 0.0000000000 1.0000000000

0.0000000000 0.0000000000 1.0000000000 500.0000000000
0.0000000000 1.0000000000 0.0000000000 5.5500000000
-1.0000000000 0.0000000000 0.0000000000 400.0000000000
0.0000000000 0.0000000000 0.0000000000 1.0000000000

0.0000000000 0.0000000000 1.0000000000 500.0000000000
0.0000000000 1.0000000000 0.0000000000 5.5750000000
-1.0000000000 0.0000000000 0.0000000000 400.0000000000
0.0000000000 0.0000000000 0.0000000000 1.0000000000

0.0000000000 0.0000000000 1.0000000000 500.0000000000
0.0000000000 1.0000000000 0.0000000000 5.6000000000
-1.0000000000 0.0000000000 0.0000000000 400.0000000000
0.0000000000 0.0000000000 0.0000000000 1.0000000000

0.0000000000 0.0000000000 1.0000000000 500.0000000000
0.0000000000 1.0000000000 0.0000000000 5.6250000000
-1.0000000000 0.0000000000 0.0000000000 400.0000000000
0.0000000000 0.0000000000 0.0000000000 1.0000000000

0.0000000000 0.0000000000 1.0000000000 500.0000000000
0.0000000000 1.0000000000 0.0000000000 5.6500000000
-1.0000000000 0.0000000000 0.0000000000 400.0000000000
0.0000000000 0.0000000000 0.0000000000 1.0000000000

0.0000000000 0.0000000000 1.0000000000 500.0000000000
0.0000000000 1.0000000000 0.0000000000 5.6750000000
-1.0000000000 0.0000000000 0.0000000000 400.0000000000
0.0000000000 0.0000000000 0.0000000000 1.0000000000

0.0000000000 0.0000000000 1.0000000000 500.0000000000
0.0000000000 1.0000000000 0.0000000000 5.7000000000
-1.0000000000 0.0000000000 0.0000000000 400.0000000000
0.0000000000 0.0000000000 0.0000000000 1.0000000000

0.0000000000 0.0000000000 1.0000000000 500.0000000000
0.0000000000 1.0000000000 0.0000000000 5.7250000000
-1.0000000000 0.0000000000 0.0000000000 400.0000000000
0.0000000000 0.0000000000 0.0000000000 1.0000000000

0.0000000000 0.0000000000 1.0000000000 500.0000000000
0.0000000000 1.0000000000 0.0000000000 5.7500000000
-1.0000000000 0.0000000000 0.0000000000 400.0000000000
0.0000000000 0.0000000000 0.0000000000 1.0000000000

0.0000000000 0.0000000000 1.0000000000 500.0000000000
0.0000000000 1.0000000000 0.0000000000 5.7750000000
-1.0000000000 0.0000000000 0.0000000000 400.0000000000
0.0000000000 0.0000000000 0.0000000000 1.0000000000

0.0000000000 0.0000000000 1.0000000000 500.0000000000
0.0000000000 1.0000000000 0.0000000000 5.8000000000
-1.0000000000 0.0000000000 0.0000000000 400.0000000000
0.0000000000 0.0000000000 0.0000000000 1.0000000000

0.0000000000 0.0000000000 1.0000000000 500.0000000000
0.0000000000 1.0000000000 0.0000000000 5.8250000000
-1.0000000000 0.0000000000 0.0000000000 400.0000000000
0.0000000000 0.0000000000 0.0000000000 1.0000000000

0.0000000000 0.0000000000 1.0000000000 500.0000000000
0.0000000000 1.0000000000 0.0000000000 5.8500000000
-1.0000000000 0.0000000000 0.0000000000 400.0000000000
0.0000000000 0.0000000000 0.0000000000 1.0000000000

0.0000000000 0.0000000000 1.0000000000 500.0000000000
0.0000000000 1.0000000000 0.0000000000 5.8750000000
-1.0000000000 0.0000000000 0.0000000000 400.0000000000
0.0000000000 0.0000000000 0.0000000000 1.0000000000

0.0000000000 0.0000000000 1.0000000000 500.0000000000
0.0000000000 1.0000000000 0.0000000000 5.9000000000
-1.0000000000 0.0000000000 0.0000000000 400.0000000000
0.0000000000 0.0000000000 0.0000000000 1.0000000000

0.0000000000 0.0000000000 1.0000000000 500.0000000000
0.0000000000 1.0000000000 0.0000000000 5.9250000000
-1.0000000000 0.0000000000 0.0000000000 400.0000000000
0.0000000000 0.0000000000 0.0000000000 1.0000000000

0.0000000000 0.0000000000 1.0000000000 500.0000000000
0.0000000000 1.0000000000 0.0000000000 5.9500000000
-1.0000000000 0.0000000000 0.0000000000 400.0000000000
0.0000000000 0.0000000000 0.0000000000 1.0000000000

0.0000000000 0.0000000000 1.0000000000 500.0000000000
0.0000000000 1.0000000000 0.0000000000 5.9750000000
-1.0000000000 0.0000000000 0.0000000000 400.0000000000
0.0000000000 0.0000000000 0.0000000000 1.0000000000

0.0000000000 0.0000000000 1.0000000000 500.0000000000
0.0000000000 1.0000000000 0.0000000000 6.0000000000
-1.0000000000 0.0000000000 0.0000000000 400.0000000000
0.0000000000 0.0000000000 0.0000000000 1.0000000000

0.0000000000 0.0000000000 1.0000000000 500.0000000000
0.0000000000 1.0000000000 0.0000000000 6.0250000000
-1.0000000000 0.0000000000 0.0000000000 400.0000000000
0.0000000000 0.0000000000 0.0000000000 1.0000000000

0.0000000000 0.0000000000 1.0000000000 500.0000000000
0.0000000000 1.0000000000 0.0000000000 6.0500000000
-1.0000000000 0.0000000000 0.0000000000 400.0000000000
0.0000000000 0.0000000000 0.0000000000 1.0000000000

0.0000000000 0.0000000000 1.0000000000 500.0000000000
0.0000000000 1.0000000000 0.0000000000 6.0750000000
-1.0000000000 0.0000000000 0.0000000000 400.0000000000
0.0000000000 0.0000000000 0.0000000000 1.0000000000

0.0000000000 0.0000000000 1.0000000000 500.0000000000
0.0000000000 1.0000000000 0.0000000000 6.1000000000
-1.0000000000 0.0000000000 0.0000000000 400.0000000000
0.0000000000 0.0000000000 0.0000000000 1.0000000000

0.0000000000 0.0000000000 1.0000000000 500.0000000000
0.0000000000 1.0000000000 0.0000000000 6.1250000000
-1.0000000000 0.0000000000 0.0000000000 400.0000000000
0.0000000000 0.0000000000 0.0000000000 1.0000000000

0.0000000000 0.0000000000 1.0000000000 500.0000000000
0.0000000000 1.0000000000 0.0000000000 6.1500000000
-1.0000000000 0.0000000000 0.0000000000 400.0000000000
0.0000000000 0.0000000000 0.0000000000 1.0000000000

0.0000000000 0.0000000000 1.0000000000 500.0000000000
0.0000000000 1.0000000000 0.0000000000 6.1750000000
-1.0000000000 0.0000000000 0.0000000000 400.0000000000
0.0000000000 0.0000000000 0.0000000000 1.0000000000

0.0000000000 0.0000000000 1.0000000000 500.0000000000
0.0000000000 1.0000000000 0.0000000000 6.2000000000
-1.0000000000 0.0000000000 0.0000000000 400.0000000000
0.0000000000 0.0000000000 0.0000000000 1.0000000000

0.0000000000 0.0000000000 1.0000000000 500.0000000000
0.0000000000 1.0000000000 0.0000000000 6.2250000000
-1.0000000000 0.0000000000 0.0000000000 400.0000000000
0.0000000000 0.0000000000 0.0000000000 1.0000000000

0.0000000000 0.0000000000 1.0000000000 500.0000000000
0.0000000000 1.0000000000 0.0000000000 6.2500000000
-1.0000000000 0.0000000000 0.0000000000 400.0000000000
0.0000000000 0.0000000000 0.0000000000 1.0000000000

0.0000000000 0.0000000000 1.0000000000 500.0000000000
0.0000000000 1.0000000000 0.0000000000 6.2750000000
-1.0000000000 0.0000000000 0.0000000000 400.0000000000
0.0000000000 0.0000000000 0.0000000000 1.0000000000

0.0000000000 0.0000000000 1.0000000000 500.0000000000
0.0000000000 1.0000000000 0.0000000000 6.3000000000
-1.0000000000 0.0000000000 0.0000000000 400.0000000000
0.0000000000 0.0000000000 0.0000000000 1.0000000000

0.0000000000 0.0000000000 1.0000000000 500.0000000000
0.0000000000 1.0000000000 0.0000000000 6.3250000000
-1.0000000000 0.0000000000 0.0000000000 400.0000000000
0.0000000000 0.0000000000 0.0000000000 1.0000000000

0.0000000000 0.0000000000 1.0000000000 500.0000000000
0.0000000000 1.0000000000 0.0000000000 6.3500000000
-1.0000000000 0.0000000000 0.0000000000 400.0000000000
0.0000000000 0.0000000000 0.0000000000 1.0000000000

0.0000000000 0.0000000000 1.0000000000 500.0000000000
0.0000000000 1.0000000000 0.0000000000 6.3750000000
-1.0000000000 0.0000000000 0.0000000000 400.0000000000
0.0000000000 0.0000000000 0.0000000000 1.0000000000

0.0000000000 0.0000000000 1.0000000000 500.0000000000
0.0000000000 1.0000000000 0.0000000000 6.4000000000
-1.0000000000 0.0000000000 0.0000000000 400.0000000000
0.0000000000 0.0000000000 0.0000000000 1.0000000000

0.0000000000 0.0000000000 1.0000000000 500.0000000000
0.0000000000 1.0000000000 0.0000000000 6.4250000000
-1.0000000000 0.0000000000 0.0000000000 400.0000000000
0.0000000000 0.0000000000 0.0000000000 1.0000000000

0.0000000000 0.0000000000 1.0000000000 500.0000000000
0.0000000000 1.0000000000 0.0000000000 6.4500000000
-1.0000000000 0.0000000000 0.0000000000 400.0000000000
0.0000000000 0.0000000000 0.0000000000 1.0000000000

0.0000000000 0.0000000000 1.0000000000 500.0000000000
0.0000000000 1.0000000000 0.0000000000 6.4750000000
-1.0000000000 0.0000000000 0.0000000000 400.0000000000
0.0000000000 0.0000000000 0.0000000000 1.0000000000

0.0000000000 0.0000000000 1.0000000000 500.0000000000
0.0000000000 1.0000000000 0.0000000000 6.5000000000
-1.0000000000 0.0000000000 0.0000000000 400.0000000000
0.0000000000 0.0000000000 0.0000000000 1.0000000000

0.0000000000 0.0000000000 1.0000000000 500.0000000000
0.0000000000 1.0000000000 0.0000000000 6.5250000000
-1.0000000000 0.0000000000 0.0000000000 400.0000000000
0.0000000000 0.0000000000 0.0000000000 1.0000000000

0.0000000000 0.0000000000 1.0000000000 500.0000000000
0.0000000000 1.0000000000 0.0000000000 6.5500000000
-1.0000000000 0.0000000000 0.0000000000 400.0000000000
0.0000000000 0.0000000000 0.0000000000 1.0000000000

0.0000000000 0.0000000000 1.0000000000 500.0000000000
0.0000000000 1.0000000000 0.0000000000 6.5750000000
-1.0000000000 0.0000000000 0.0000000000 400.0000000000
0.0000000000 0.0000000000 0.0000000000 1.0000000000

0.0000000000 0.0000000000 1.0000000000 500.0000000000
0.0000000000 1.0000000000 0.0000000000 6.6000000000
-1.0000000000 0.0000000000 0.0000000000 400.0000000000
0.0000000000 0.0000000000 0.0000000000 1.0000000000

0.0000000000 0.0000000000 1.0000000000 500.0000000000
0.0000000000 1.0000000000 0.0000000000 6.6250000000
-1.0000000000 0.0000000000 0.0000000000 400.0000000000
0.0000000000 0.0000000000 0.0000000000 1.0000000000

0.0000000000 0.0000000000 1.0000000000 500.0000000000
0.0000000000 1.0000000000 0.0000000000 6.6500000000
-1.0000000000 0.0000000000 0.0000000000 400.0000000000
0.0000000000 0.0000000000 0.0000000000 1.0000000000

0.0000000000 0.0000000000 1.0000000000 500.0000000000
0.0000000000 1.0000000000 0.0000000000 6.6750000000
-1.0000000000 0.0000000000 0.0000000000 400.0000000000
0.0000000000 0.0000000000 0.0000000000 1.0000000000

0.0000000000 0.0000000000 1.0000000000 500.0000000000
0.0000000000 1.0000000000 0.0000000000 6.7000000000
-1.0000000000 0.0000000000 0.0000000000 400.0000000000
0.0000000000 0.0000000000 0.0000000000 1.0000000000

0.0000000000 0.0000000000 1.0000000000 500.0000000000
0.0000000000 1.0000000000 0.0000000000 6.7250000000
-1.0000000000 0.0000000000 0.0000000000 400.0000000000
0.0000000000 0.0000000000 0.0000000000 1.0000000000

0.0000000000 0.0000000000 1.0000000000 500.0000000000
0.0000000000 1.0000000000 0.0000000000 6.7500000000
-1.0000000000 0.0000000000 0.0000000000 400.0000000000
0.0000000000 0.0000000000 0.0000000000 1.0000000000

0.0000000000 0.0000000000 1.0000000000 500.0000000000
0.0000000000 1.0000000000 0.0000000000 6.7750000000
-1.0000000000 0.0000000000 0.0000000000 400.0000000000
0.0000000000 0.0000000000 0.0000000000 1.0000000000

0.0000000000 0.0000000000 1.0000000000 500.0000000000
0.0000000000 1.0000000000 0.0000000000 6.8000000000
-1.0000000000 0.0000000000 0.0000000000 400.0000000000
0.0000000000 0.0000000000 0.0000000000 1.0000000000

0.0000000000 0.0000000000 1.0000000000 500.0000000000
0.0000000000 1.0000000000 0.0000000000 6.8250000000
-1.0000000000 0.0000000000 0.0000000000 400.0000000000
0.0000000000 0.0000000000 0.0000000000 1.0000000000

0.0000000000 0.0000000000 1.0000000000 500.0000000000
0.0000000000 1.0000000000 0.0000000000 6.8500000000
-1.0000000000 0.0000000000 0.0000000000 400.0000000000
0.0000000000 0.0000000000 0.0000000000 1.0000000000

0.0000000000 0.0000000000 1.0000000000 500.0000000000
0.0000000000 1.0000000000 0.0000000000 6.8750000000
-1.0000000000 0.0000000000 0.0000000000 400.0000000000
0.0000000000 0.0000000000 0.0000000000 1.0000000000

0.0000000000 0.0000000000 1.0000000000 500.0000000000
0.0000000000 1.0000000000 0.0000000000 6.9000000000
-1.0000000000 0.0000000000 0.0000000000 400.0000000000
0.0000000000 0.0000000000 0.0000000000 1.0000000000

0.0000000000 0.0000000000 1.0000000000 500.0000000000
0.0000000000 1.0000000000 0.0000000000 6.9250000000
-1.0000000000 0.0000000000 0.0000000000 400.0000000000
0.0000000000 0.0000000000 0.0000000000 1.0000000000

0.0000000000 0.0000000000 1.0000000000 500.0000000000
0.0000000000 1.0000000000 0.0000000000 6.9500000000
-1.0000000000 0.0000000000 0.0000000000 400.0000000000
0.0000000000 0.0000000000 0.0000000000 1.0000000000

0.0000000000 0.0000000000 1.0000000000 500.0000000000
0.0000000000 1.0000000000 0.0000000000 6.9750000000
-1.0000000000 0.0000000000 0.0000000000 400.0000000000
0.0000000000 0.0000000000 0.0000000000 1.0000000000

0.0000000000 0.0000000000 1.0000000000 500.0000000000
0.0000000000 1.0000000000 0.0000000000 7.0000000000
-1.0000000000 0.0000000000 0.0000000000 400.0000000000
0.0000000000 0.0000000000 0.0000000000 1.0000000000

0.0000000000 0.0000000000 1.0000000000 500.0000000000
0.0000000000 1.0000000000 0.0000000000 7.0250000000
-1.0000000000 0.0000000000 0.0000000000 400.0000000000
0.0000000000 0.0000000000 0.0000000000 1.0000000000

0.0000000000 0.0000000000 1.0000000000 500.0000000000
0.0000000000 1.0000000000 0.0000000000 7.0500000000
-1.0000000000 0.0000000000 0.0000000000 400.0000000000
0.0000000000 0.0000000000 0.0000000000 1.0000000000

0.0000000000 0.0000000000 1.0000000000 500.0000000000
0.0000000000 1.0000000000 0.0000000000 7.0750000000
-1.0000000000 0.0000000000 0.0000000000 400.0000000000
0.0000000000 0.0000000000 0.0000000000 1.0000000000

0.0000000000 0.0000000000 1.0000000000 500.0000000000
0.0000000000 1.0000000000 0.0000000000 7.1000000000
-1.0000000000 0.0000000000 0.0000000000 400.0000000000
0.0000000000 0.0000000000 0.0000000000 1.0000000000

0.0000000000 0.0000000000 1.0000000000 500.0000000000
0.0000000000 1.0000000000 0.0000000000 7.1250000000
-1.0000000000 0.0000000000 0.0000000000 400.0000000000
0.0000000000 0.0000000000 0.0000000000 1.0000000000

0.0000000000 0.0000000000 1.0000000000 500.0000000000
0.0000000000 1.0000000000 0.0000000000 7.1500000000
-1.0000000000 0.0000000000 0.0000000000 400.0000000000
0.0000000000 0.0000000000 0.0000000000 1.0000000000

0.0000000000 0.0000000000 1.0000000000 500.0000000000
0.0000000000 1.0000000000 0.0000000000 7.1750000000
-1.0000000000 0.0000000000 0.0000000000 400.0000000000
0.0000000000 0.0000000000 0.0000000000 1.0000000000

0.0000000000 0.0000000000 1.0000000000 500.0000000000
0.0000000000 1.0000000000 0.0000000000 7.2000000000
-1.0000000000 0.0000000000 0.0000000000 400.0000000000
0.0000000000 0.0000000000 0.0000000000 1.0000000000

0.0000000000 0.0000000000 1.0000000000 500.0000000000
0.0000000000 1.0000000000 0.0000000000 7.2250000000
-1.0000000000 0.0000000000 0.0000000000 400.0000000000
0.0000000000 0.0000000000 0.0000000000 1.0000000000

0.0000000000 0.0000000000 1.0000000000 500.0000000000
0.0000000000 1.0000000000 0.0000000000 7.2500000000
-1.0000000000 0.0000000000 0.0000000000 400.0000000000
0.0000000000 0.0000000000 0.0000000000 1.0000000000

0.0000000000 0.0000000000 1.0000000000 500.0000000000
0.0000000000 1.0000000000 0.0000000000 7.2750000000
-1.0000000000 0.0000000000 0.0000000000 400.0000000000
0.0000000000 0.0000000000 0.0000000000 1.0000000000

0.0000000000 0.0000000000 1.0000000000 500.0000000000
0.0000000000 1.0000000000 0.0000000000 7.3000000000
-1.0000000000 0.0000000000 0.0000000000 400.0000000000
0.0000000000 0.0000000000 0.0000000000 1.0000000000

0.0000000000 0.0000000000 1.0000000000 500.0000000000
0.0000000000 1.0000000000 0.0000000000 7.3250000000
-1.0000000000 0.0000000000 0.0000000000 400.0000000000
0.0000000000 0.0000000000 0.0000000000 1.0000000000

0.0000000000 0.0000000000 1.0000000000 500.0000000000
0.0000000000 1.0000000000 0.0000000000 7.3500000000
-1.0000000000 0.0000000000 0.0000000000 400.0000000000
0.0000000000 0.0000000000 0.0000000000 1.0000000000

0.0000000000 0.0000000000 1.0000000000 500.0000000000
0.0000000000 1.0000000000 0.0000000000 7.3750000000
-1.0000000000 0.0000000000 0.0000000000 400.0000000000
0.0000000000 0.0000000000 0.0000000000 1.0000000000

0.0000000000 0.0000000000 1.0000000000 500.0000000000
0.0000000000 1.0000000000 0.0000000000 7.4000000000
-1.0000000000 0.0000000000 0.0000000000 400.0000000000
0.0000000000 0.0000000000 0.0000000000 1.0000000000

0.0000000000 0.0000000000 1.0000000000 500.0000000000
0.0000000000 1.0000000000 0.0000000000 7.4250000000
-1.0000000000 0.0000000000 0.0000000000 400.0000000000
0.0000000000 0.0000000000 0.0000000000 1.0000000000

0.0000000000 0.0000000000 1.0000000000 500.0000000000
0.0000000000 1.0000000000 0.0000000000 7.4500000000
-1.0000000000 0.0000000000 0.0000000000 400.0000000000
0.0000000000 0.0000000000 0.0000000000 1.0000000000

0.0000000000 0.0000000000 1.0000000000 500.0000000000
0.0000000000 1.0000000000 0.0000000000 7.4750000000
-1.0000000000 0.0000000000 0.0000000000 400.0000000000
0.0000000000 0.0000000000 0.0000000000 1.0000000000

0.0000000000 0.0000000000 1.0000000000 500.0000000000
0.0000000000 1.0000000000 0.0000000000 7.5000000000
-1.0000000000 0.0000000000 0.0000000000 400.0000000000
0.0000000000 0.0000000000 0.0000000000 1.0000000000

0.0000000000 0.0000000000 1.0000000000 500.0000000000
0.0000000000 1.0000000000 0.0000000000 7.5250000000
-1.0000000000 0.0000000000 0.0000000000 400.0000000000
0.0000000000 0.0000000000 0.0000000000 1.0000000000

0.0000000000 0.0000000000 1.0000000000 500.0000000000
0.0000000000 1.0000000000 0.0000000000 7.5500000000
-1.0000000000 0.0000000000 0.0000000000 400.0000000000
0.0000000000 0.0000000000 0.0000000000 1.0000000000

0.0000000000 0.0000000000 1.0000000000 500.0000000000
0.0000000000 1.0000000000 0.0000000000 7.5750000000
-1.0000000000 0.0000000000 0.0000000000 400.0000000000
0.0000000000 0.0000000000 0.0000000000 1.0000000000

0.0000000000 0.0000000000 1.0000000000 500.0000000000
0.0000000000 1.0000000000 0.0000000000 7.6000000000
-1.0000000000 0.0000000000 0.0000000000 400.0000000000
0.0000000000 0.0000000000 0.0000000000 1.0000000000

0.0000000000 0.0000000000 1.0000000000 500.0000000000
0.0000000000 1.0000000000 0.0000000000 7.6250000000
-1.0000000000 0.0000000000 0.0000000000 400.0000000000
0.0000000000 0.0000000000 0.0000000000 1.0000000000

0.0000000000 0.0000000000 1.0000000000 500.0000000000
0.0000000000 1.0000000000 0.0000000000 7.6500000000
-1.0000000000 0.0000000000 0.0000000000 400.0000000000
0.0000000000 0.0000000000 0.0000000000 1.0000000000

0.0000000000 0.0000000000 1.0000000000 500.0000000000
0.0000000000 1.0000000000 0.0000000000 7.6750000000
-1.0000000000 0.0000000000 0.0000000000 400.0000000000
0.0000000000 0.0000000000 0.0000000000 1.0000000000

0.0000000000 0.0000000000 1.0000000000 500.0000000000
0.0000000000 1.0000000000 0.0000000000 7.7000000000
-1.0000000000 0.0000000000 0.0000000000 400.0000000000
0.0000000000 0.0000000000 0.0000000000 1.0000000000

0.0000000000 0.0000000000 1.0000000000 500.0000000000
0.0000000000 1.0000000000 0.0000000000 7.7250000000
-1.0000000000 0.0000000000 0.0000000000 400.0000000000
0.0000000000 0.0000000000 0.0000000000 1.0000000000

0.0000000000 0.0000000000 1.0000000000 500.0000000000
0.0000000000 1.0000000000 0.0000000000 7.7500000000
-1.0000000000 0.0000000000 0.0000000000 400.0000000000
0.0000000000 0.0000000000 0.0000000000 1.0000000000

0.0000000000 0.0000000000 1.0000000000 500.0000000000
0.0000000000 1.0000000000 0.0000000000 7.7750000000
-1.0000000000 0.0000000000 0.0000000000 400.0000000000
0.0000000000 0.0000000000 0.0000000000 1.0000000000

0.0000000000 0.0000000000 1.0000000000 500.0000000000
0.0000000000 1.0000000000 0.0000000000 7.8000000000
-1.0000000000 0.0000000000 0.0000000000 400.0000000000
0.0000000000 0.0000000000 0.0000000000 1.0000000000

0.0000000000 0.0000000000 1.0000000000 500.0000000000
0.0000000000 1.0000000000 0.0000000000 7.8250000000
-1.0000000000 0.0000000000 0.0000000000 400.0000000000
0.0000000000 0.0000000000 0.0000000000 1.0000000000

0.0000000000 0.0000000000 1.0000000000 500.0000000000
0.0000000000 1.0000000000 0.0000000000 7.8500000000
-1.0000000000 0.0000000000 0.0000000000 400.0000000000
0.0000000000 0.0000000000 0.0000000000 1.0000000000

0.0000000000 0.0000000000 1.0000000000 500.0000000000
0.0000000000 1.0000000000 0.0000000000 7.8750000000
-1.0000000000 0.0000000000 0.0000000000 400.0000000000
0.0000000000 0.0000000000 0.0000000000 1.0000000000

0.0000000000 0.0000000000 1.0000000000 500.0000000000
0.0000000000 1.0000000000 0.0000000000 7.9000000000
-1.0000000000 0.0000000000 0.0000000000 400.0000000000
0.0000000000 0.0000000000 0.0000000000 1.0000000000

0.0000000000 0.0000000000 1.0000000000 500.0000000000
0.0000000000 1.0000000000 0.0000000000 7.9250000000
-1.0000000000 0.0000000000 0.0000000000 400.0000000000
0.0000000000 0.0000000000 0.0000000000 1.0000000000

0.0000000000 0.0000000000 1.0000000000 500.0000000000
0.0000000000 1.0000000000 0.0000000000 7.9500000000
-1.0000000000 0.0000000000 0.0000000000 400.0000000000
0.0000000000 0.0000000000 0.0000000000 1.0000000000

0.0000000000 0.0000000000 1.0000000000 500.0000000000
0.0000000000 1.0000000000 0.0000000000 7.9750000000
-1.0000000000 0.0000000000 0.0000000000 400.0000000000
0.0000000000 0.0000000000 0.0000000000 1.0000000000

0.0000000000 0.0000000000 1.0000000000 500.0000000000
0.0000000000 1.0000000000 0.0000000000 8.0000000000
-1.0000000000 0.0000000000 0.0000000000 400.0000000000
0.0000000000 0.0000000000 0.0000000000 1.0000000000

0.0000000000 0.0000000000 1.0000000000 500.0000000000
0.0000000000 1.0000000000 0.0000000000 8.0250000000
-1.0000000000 0.0000000000 0.0000000000 400.0000000000
0.0000000000 0.0000000000 0.0000000000 1.0000000000

0.0000000000 0.0000000000 1.0000000000 500.0000000000
0.0000000000 1.0000000000 0.0000000000 8.0500000000
-1.0000000000 0.0000000000 0.0000000000 400.0000000000
0.0000000000 0.0000000000 0.0000000000 1.0000000000

0.0000000000 0.0000000000 1.0000000000 500.0000000000
0.0000000000 1.0000000000 0.0000000000 8.0750000000
-1.0000000000 0.0000000000 0.0000000000 400.0000000000
0.0000000000 0.0000000000 0.0000000000 1.0000000000

0.0000000000 0.0000000000 1.0000000000 500.0000000000
0.0000000000 1.0000000000 0.0000000000 8.1000000000
-1.0000000000 0.0000000000 0.0000000000 400.0000000000
0.0000000000 0.0000000000 0.0000000000 1.0000000000

0.0000000000 0.0000000000 1.0000000000 500.0000000000
0.0000000000 1.0000000000 0.0000000000 8.1250000000
-1.0000000000 0.0000000000 0.0000000000 400.0000000000
0.0000000000 0.0000000000 0.0000000000 1.0000000000

0.0000000000 0.0000000000 1.0000000000 500.0000000000
0.0000000000 1.0000000000 0.0000000000 8.1500000000
-1.0000000000 0.0000000000 0.0000000000 400.0000000000
0.0000000000 0.0000000000 0.0000000000 1.0000000000

0.0000000000 0.0000000000 1.0000000000 500.0000000000
0.0000000000 1.0000000000 0.0000000000 8.1750000000
-1.0000000000 0.0000000000 0.0000000000 400.0000000000
0.0000000000 0.0000000000 0.0000000000 1.0000000000

0.0000000000 0.0000000000 1.0000000000 500.0000000000
0.0000000000 1.0000000000 0.0000000000 8.2000000000
-1.0000000000 0.0000000000 0.0000000000 400.0000000000
0.0000000000 0.0000000000 0.0000000000 1.0000000000

0.0000000000 0.0000000000 1.0000000000 500.0000000000
0.0000000000 1.0000000000 0.0000000000 8.2250000000
-1.0000000000 0.0000000000 0.0000000000 400.0000000000
0.0000000000 0.0000000000 0.0000000000 1.0000000000

0.0000000000 0.0000000000 1.0000000000 500.0000000000
0.0000000000 1.0000000000 0.0000000000 8.2500000000
-1.0000000000 0.0000000000 0.0000000000 400.0000000000
0.0000000000 0.0000000000 0.0000000000 1.0000000000

0.0000000000 0.0000000000 1.0000000000 500.0000000000
0.0000000000 1.0000000000 0.0000000000 8.2750000000
-1.0000000000 0.0000000000 0.0000000000 400.0000000000
0.0000000000 0.0000000000 0.0000000000 1.0000000000

0.0000000000 0.0000000000 1.0000000000 500.0000000000
0.0000000000 1.0000000000 0.0000000000 8.3000000000
-1.0000000000 0.0000000000 0.0000000000 400.0000000000
0.0000000000 0.0000000000 0.0000000000 1.0000000000

0.0000000000 0.0000000000 1.0000000000 500.0000000000
0.0000000000 1.0000000000 0.0000000000 8.3250000000
-1.0000000000 0.0000000000 0.0000000000 400.0000000000
0.0000000000 0.0000000000 0.0000000000 1.0000000000

0.0000000000 0.0000000000 1.0000000000 500.0000000000
0.0000000000 1.0000000000 0.0000000000 8.3500000000
-1.0000000000 0.0000000000 0.0000000000 400.0000000000
0.0000000000 0.0000000000 0.0000000000 1.0000000000

0.0000000000 0.0000000000 1.0000000000 500.0000000000
0.0000000000 1.0000000000 0.0000000000 8.3750000000
-1.0000000000 0.0000000000 0.0000000000 400.0000000000
0.0000000000 0.0000000000 0.0000000000 1.0000000000

0.0000000000 0.0000000000 1.0000000000 500.0000000000
0.0000000000 1.0000000000 0.0000000000 8.4000000000
-1.0000000000 0.0000000000 0.0000000000 400.0000000000
0.0000000000 0.0000000000 0.0000000000 1.0000000000

0.0000000000 0.0000000000 1.0000000000 500.0000000000
0.0000000000 1.0000000000 0.0000000000 8.4250000000
-1.0000000000 0.0000000000 0.0000000000 400.0000000000
0.0000000000 0.0000000000 0.0000000000 1.0000000000

0.0000000000 0.0000000000 1.0000000000 500.0000000000
0.0000000000 1.0000000000 0.0000000000 8.4500000000
-1.0000000000 0.0000000000 0.0000000000 400.0000000000
0.0000000000 0.0000000000 0.0000000000 1.0000000000

0.0000000000 0.0000000000 1.0000000000 500.0000000000
0.0000000000 1.0000000000 0.0000000000 8.4750000000
-1.0000000000 0.0000000000 0.0000000000 400.0000000000
0.0000000000 0.0000000000 0.0000000000 1.0000000000

0.0000000000 0.0000000000 1.0000000000 500.0000000000
0.0000000000 1.0000000000 0.0000000000 8.5000000000
-1.0000000000 0.0000000000 0.0000000000 400.0000000000
0.0000000000 0.0000000000 0.0000000000 1.0000000000

0.0000000000 0.0000000000 1.0000000000 500.0000000000
0.0000000000 1.0000000000 0.0000000000 8.5250000000
-1.0000000000 0.0000000000 0.0000000000 400.0000000000
0.0000000000 0.0000000000 0.0000000000 1.0000000000

0.0000000000 0.0000000000 1.0000000000 500.0000000000
0.0000000000 1.0000000000 0.0000000000 8.5500000000
-1.0000000000 0.0000000000 0.0000000000 400.0000000000
0.0000000000 0.0000000000 0.0000000000 1.0000000000

0.0000000000 0.0000000000 1.0000000000 500.0000000000
0.0000000000 1.0000000000 0.0000000000 8.5750000000
-1.0000000000 0.0000000000 0.0000000000 400.0000000000
0.0000000000 0.0000000000 0.0000000000 1.0000000000

0.0000000000 0.0000000000 1.0000000000 500.0000000000
0.0000000000 1.0000000000 0.0000000000 8.6000000000
-1.0000000000 0.0000000000 0.0000000000 400.0000000000
0.0000000000 0.0000000000 0.0000000000 1.0000000000

0.0000000000 0.0000000000 1.0000000000 500.0000000000
0.0000000000 1.0000000000 0.0000000000 8.6250000000
-1.0000000000 0.0000000000 0.0000000000 400.0000000000
0.0000000000 0.0000000000 0.0000000000 1.0000000000

0.0000000000 0.0000000000 1.0000000000 500.0000000000
0.0000000000 1.0000000000 0.0000000000 8.6500000000
-1.0000000000 0.0000000000 0.0000000000 400.0000000000
0.0000000000 0.0000000000 0.0000000000 1.0000000000

0.0000000000 0.0000000000 1.0000000000 500.0000000000
0.0000000000 1.0000000000 0.0000000000 8.6750000000
-1.0000000000 0.0000000000 0.0000000000 400.0000000000
0.0000000000 0.0000000000 0.0000000000 1.0000000000

0.0000000000 0.0000000000 1.0000000000 500.0000000000
0.0000000000 1.0000000000 0.0000000000 8.7000000000
-1.0000000000 0.0000000000 0.0000000000 400.0000000000
0.0000000000 0.0000000000 0.0000000000 1.0000000000

0.0000000000 0.0000000000 1.0000000000 500.0000000000
0.0000000000 1.0000000000 0.0000000000 8.7250000000
-1.0000000000 0.0000000000 0.0000000000 400.0000000000
0.0000000000 0.0000000000 0.0000000000 1.0000000000

0.0000000000 0.0000000000 1.0000000000 500.0000000000
0.0000000000 1.0000000000 0.0000000000 8.7500000000
-1.0000000000 0.0000000000 0.0000000000 400.0000000000
0.0000000000 0.0000000000 0.0000000000 1.0000000000

0.0000000000 0.0000000000 1.0000000000 500.0000000000
0.0000000000 1.0000000000 0.0000000000 8.7750000000
-1.0000000000 0.0000000000 0.0000000000 400.0000000000
0.0000000000 0.0000000000 0.0000000000 1.0000000000

0.0000000000 0.0000000000 1.0000000000 500.0000000000
0.0000000000 1.0000000000 0.0000000000 8.8000000000
-1.0000000000 0.0000000000 0.0000000000 400.0000000000
0.0000000000 0.0000000000 0.0000000000 1.0000000000

0.0000000000 0.0000000000 1.0000000000 500.0000000000
0.0000000000 1.0000000000 0.0000000000 8.8250000000
-1.0000000000 0.0000000000 0.0000000000 400.0000000000
0.0000000000 0.0000000000 0.0000000000 1.0000000000

0.0000000000 0.0000000000 1.0000000000 500.0000000000
0.0000000000 1.0000000000 0.0000000000 8.8500000000
-1.0000000000 0.0000000000 0.0000000000 400.0000000000
0.0000000000 0.0000000000 0.0000000000 1.0000000000

0.0000000000 0.0000000000 1.0000000000 500.0000000000
0.0000000000 1.0000000000 0.0000000000 8.8750000000
-1.0000000000 0.0000000000 0.0000000000 400.0000000000
0.0000000000 0.0000000000 0.0000000000 1.0000000000

0.0000000000 0.0000000000 1.0000000000 500.0000000000
0.0000000000 1.0000000000 0.0000000000 8.9000000000
-1.0000000000 0.0000000000 0.0000000000 400.0000000000
0.0000000000 0.0000000000 0.0000000000 1.0000000000

0.0000000000 0.0000000000 1.0000000000 500.0000000000
0.0000000000 1.0000000000 0.0000000000 8.9250000000
-1.0000000000 0.0000000000 0.0000000000 400.0000000000
0.0000000000 0.0000000000 0.0000000000 1.0000000000

0.0000000000 0.0000000000 1.0000000000 500.0000000000
0.0000000000 1.0000000000 0.0000000000 8.9500000000
-1.0000000000 0.0000000000 0.0000000000 400.0000000000
0.0000000000 0.0000000000 0.0000000000 1.0000000000

0.0000000000 0.0000000000 1.0000000000 500.0000000000
0.0000000000 1.0000000000 0.0000000000 8.9750000000
-1.0000000000 0.0000000000 0.0000000000 400.0000000000
0.0000000000 0.0000000000 0.0000000000 1.0000000000

0.0000000000 0.0000000000 1.0000000000 500.0000000000
0.0000000000 1.0000000000 0.0000000000 9.0000000000
-1.0000000000 0.0000000000 0.0000000000 400.0000000000
0.0000000000 0.0000000000 0.0000000000 1.0000000000

0.0000000000 0.0000000000 1.0000000000 500.0000000000
0.0000000000 1.0000000000 0.0000000000 9.0250000000
-1.0000000000 0.0000000000 0.0000000000 400.0000000000
0.0000000000 0.0000000000 0.0000000000 1.0000000000

0.0000000000 0.0000000000 1.0000000000 500.0000000000
0.0000000000 1.0000000000 0.0000000000 9.0500000000
-1.0000000000 0.0000000000 0.0000000000 400.0000000000
0.0000000000 0.0000000000 0.0000000000 1.0000000000

0.0000000000 0.0000000000 1.0000000000 500.0000000000
0.0000000000 1.0000000000 0.0000000000 9.0750000000
-1.0000000000 0.0000000000 0.0000000000 400.0000000000
0.0000000000 0.0000000000 0.0000000000 1.0000000000

0.0000000000 0.0000000000 1.0000000000 500.0000000000
0.0000000000 1.0000000000 0.0000000000 9.1000000000
-1.0000000000 0.0000000000 0.0000000000 400.0000000000
0.0000000000 0.0000000000 0.0000000000 1.0000000000

0.0000000000 0.0000000000 1.0000000000 500.0000000000
0.0000000000 1.0000000000 0.0000000000 9.1250000000
-1.0000000000 0.0000000000 0.0000000000 400.0000000000
0.0000000000 0.0000000000 0.0000000000 1.0000000000

0.0000000000 0.0000000000 1.0000000000 500.0000000000
0.0000000000 1.0000000000 0.0000000000 9.1500000000
-1.0000000000 0.0000000000 0.0000000000 400.0000000000
0.0000000000 0.0000000000 0.0000000000 1.0000000000

0.0000000000 0.0000000000 1.0000000000 500.0000000000
0.0000000000 1.0000000000 0.0000000000 9.1750000000
-1.0000000000 0.0000000000 0.0000000000 400.0000000000
0.0000000000 0.0000000000 0.0000000000 1.0000000000

0.0000000000 0.0000000000 1.0000000000 500.0000000000
0.0000000000 1.0000000000 0.0000000000 9.2000000000
-1.0000000000 0.0000000000 0.0000000000 400.0000000000
0.0000000000 0.0000000000 0.0000000000 1.0000000000

0.0000000000 0.0000000000 1.0000000000 500.0000000000
0.0000000000 1.0000000000 0.0000000000 9.2250000000
-1.0000000000 0.0000000000 0.0000000000 400.0000000000
0.0000000000 0.0000000000 0.0000000000 1.0000000000

0.0000000000 0.0000000000 1.0000000000 500.0000000000
0.0000000000 1.0000000000 0.0000000000 9.2500000000
-1.0000000000 0.0000000000 0.0000000000 400.0000000000
0.0000000000 0.0000000000 0.0000000000 1.0000000000

0.0000000000 0.0000000000 1.0000000000 500.0000000000
0.0000000000 1.0000000000 0.0000000000 9.2750000000
-1.0000000000 0.0000000000 0.0000000000 400.0000000000
0.0000000000 0.0000000000 0.0000000000 1.0000000000

0.0000000000 0.0000000000 1.0000000000 500.0000000000
0.0000000000 1.0000000000 0.0000000000 9.3000000000
-1.0000000000 0.0000000000 0.0000000000 400.0000000000
0.0000000000 0.0000000000 0.0000000000 1.0000000000

0.0000000000 0.0000000000 1.0000000000 500.0000000000
0.0000000000 1.0000000000 0.0000000000 9.3250000000
-1.0000000000 0.0000000000 0.0000000000 400.0000000000
0.0000000000 0.0000000000 0.0000000000 1.0000000000

0.0000000000 0.0000000000 1.0000000000 500.0000000000
0.0000000000 1.0000000000 0.0000000000 9.3500000000
-1.0000000000 0.0000000000 0.0000000000 400.0000000000
0.0000000000 0.0000000000 0.0000000000 1.0000000000

0.0000000000 0.0000000000 1.0000000000 500.0000000000
0.0000000000 1.0000000000 0.0000000000 9.3750000000
-1.0000000000 0.0000000000 0.0000000000 400.0000000000
0.0000000000 0.0000000000 0.0000000000 1.0000000000

0.0000000000 0.0000000000 1.0000000000 500.0000000000
0.0000000000 1.0000000000 0.0000000000 9.4000000000
-1.0000000000 0.0000000000 0.0000000000 400.0000000000
0.0000000000 0.0000000000 0.0000000000 1.0000000000

0.0000000000 0.0000000000 1.0000000000 500.0000000000
0.0000000000 1.0000000000 0.0000000000 9.4250000000
-1.0000000000 0.0000000000 0.0000000000 400.0000000000
0.0000000000 0.0000000000 0.0000000000 1.0000000000

0.0000000000 0.0000000000 1.0000000000 500.0000000000
0.0000000000 1.0000000000 0.0000000000 9.4500000000
-1.0000000000 0.0000000000 0.0000000000 400.0000000000
0.0000000000 0.0000000000 0.0000000000 1.0000000000

0.0000000000 0.0000000000 1.0000000000 500.0000000000
0.0000000000 1.0000000000 0.0000000000 9.4750000000
-1.0000000000 0.0000000000 0.0000000000 400.0000000000
0.0000000000 0.0000000000 0.0000000000 1.0000000000

0.0000000000 0.0000000000 1.0000000000 500.0000000000
0.0000000000 1.0000000000 0.0000000000 9.5000000000
-1.0000000000 0.0000000000 0.0000000000 400.0000000000
0.0000000000 0.0000000000 0.0000000000 1.0000000000

0.0000000000 0.0000000000 1.0000000000 500.0000000000
0.0000000000 1.0000000000 0.0000000000 9.5250000000
-1.0000000000 0.0000000000 0.0000000000 400.0000000000
0.0000000000 0.0000000000 0.0000000000 1.0000000000

0.0000000000 0.0000000000 1.0000000000 500.0000000000
0.0000000000 1.0000000000 0.0000000000 9.5500000000
-1.0000000000 0.0000000000 0.0000000000 400.0000000000
0.0000000000 0.0000000000 0.0000000000 1.0000000000

0.0000000000 0.0000000000 1.0000000000 500.0000000000
0.0000000000 1.0000000000 0.0000000000 9.5750000000
-1.0000000000 0.0000000000 0.0000000000 400.0000000000
0.0000000000 0.0000000000 0.0000000000 1.0000000000

0.0000000000 0.0000000000 1.0000000000 500.0000000000
0.0000000000 1.0000000000 0.0000000000 9.6000000000
-1.0000000000 0.0000000000 0.0000000000 400.0000000000
0.0000000000 0.0000000000 0.0000000000 1.0000000000

0.0000000000 0.0000000000 1.0000000000 500.0000000000
0.0000000000 1.0000000000 0.0000000000 9.6250000000
-1.0000000000 0.0000000000 0.0000000000 400.0000000000
0.0000000000 0.0000000000 0.0000000000 1.0000000000

0.0000000000 0.0000000000 1.0000000000 500.0000000000
0.0000000000 1.0000000000 0.0000000000 9.6500000000
-1.0000000000 0.0000000000 0.0000000000 400.0000000000
0.0000000000 0.0000000000 0.0000000000 1.0000000000

0.0000000000 0.0000000000 1.0000000000 500.0000000000
0.0000000000 1.0000000000 0.0000000000 9.6750000000
-1.0000000000 0.0000000000 0.0000000000 400.0000000000
0.0000000000 0.0000000000 0.0000000000 1.0000000000

0.0000000000 0.0000000000 1.0000000000 500.0000000000
0.0000000000 1.0000000000 0.0000000000 9.7000000000
-1.0000000000 0.0000000000 0.0000000000 400.0000000000
0.0000000000 0.0000000000 0.0000000000 1.0000000000

0.0000000000 0.0000000000 1.0000000000 500.0000000000
0.0000000000 1.0000000000 0.0000000000 9.7250000000
-1.0000000000 0.0000000000 0.0000000000 400.0000000000
0.0000000000 0.0000000000 0.0000000000 1.0000000000

0.0000000000 0.0000000000 1.0000000000 500.0000000000
0.0000000000 1.0000000000 0.0000000000 9.7500000000
-1.0000000000 0.0000000000 0.0000000000 400.0000000000
0.0000000000 0.0000000000 0.0000000000 1.0000000000

0.0000000000 0.0000000000 1.0000000000 500.0000000000
0.0000000000 1.0000000000 0.0000000000 9.7750000000
-1.0000000000 0.0000000000 0.0000000000 400.0000000000
0.0000000000 0.0000000000 0.0000000000 1.0000000000

0.0000000000 0.0000000000 1.0000000000 500.0000000000
0.0000000000 1.0000000000 0.0000000000 9.8000000000
-1.0000000000 0.0000000000 0.0000000000 400.0000000000
0.0000000000 0.0000000000 0.0000000000 1.0000000000

0.0000000000 0.0000000000 1.0000000000 500.0000000000
0.0000000000 1.0000000000 0.0000000000 9.8250000000
-1.0000000000 0.0000000000 0.0000000000 400.0000000000
0.0000000000 0.0000000000 0.0000000000 1.0000000000

0.0000000000 0.0000000000 1.0000000000 500.0000000000
0.0000000000 1.0000000000 0.0000000000 9.8500000000
-1.0000000000 0.0000000000 0.0000000000 400.0000000000
0.0000000000 0.0000000000 0.0000000000 1.0000000000

0.0000000000 0.0000000000 1.0000000000 500.0000000000
0.0000000000 1.0000000000 0.0000000000 9.8750000000
-1.0000000000 0.0000000000 0.0000000000 400.0000000000
0.0000000000 0.0000000000 0.0000000000 1.0000000000

0.0000000000 0.0000000000 1.0000000000 500.0000000000
0.0000000000 1.0000000000 0.0000000000 9.9000000000
-1.0000000000 0.0000000000 0.0000000000 400.0000000000
0.0000000000 0.0000000000 0.0000000000 1.0000000000

0.0000000000 0.0000000000 1.0000000000 500.0000000000
0.0000000000 1.0000000000 0.0000000000 9.9250000000
-1.0000000000 0.0000000000 0.0000000000 400.0000000000
0.0000000000 0.0000000000 0.0000000000 1.0000000000

0.0000000000 0.0000000000 1.0000000000 500.0000000000
0.0000000000 1.0000000000 0.0000000000 9.9500000000
-1.0000000000 0.0000000000 0.0000000000 400.0000000000
0.0000000000 0.0000000000 0.0000000000 1.0000000000

0.0000000000 0.0000000000 1.0000000000 500.0000000000
0.0000000000 1.0000000000 0.0000000000 9.9750000000
-1.0000000000 0.0000000000 0.0000000000 400.0000000000
0.0000000000 0.0000000000 0.0000000000 1.0000000000

0.0000000000 0.0000000000 1.0000000000 500.0000000000
0.0000000000 1.0000000000 0.0000000000 10.0000000000
-1.0000000000 0.0000000000 0.0000000000 400.0000000000
0.0000000000 0.0000000000 0.0000000000 1.0000000000

0.0000000000 0.0000000000 1.0000000000 500.0000000000
0.0000000000 1.0000000000 0.0000000000 10.0250000000
-1.0000000000 0.0000000000 0.0000000000 400.0000000000
0.0000000000 0.0000000000 0.0000000000 1.0000000000

0.0000000000 0.0000000000 1.0000000000 500.0000000000
0.0000000000 1.0000000000 0.0000000000 10.0500000000
-1.0000000000 0.0000000000 0.0000000000 400.0000000000
0.0000000000 0.0000000000 0.0000000000 1.0000000000

0.0000000000 0.0000000000 1.0000000000 500.0000000000
0.0000000000 1.0000000000 0.0000000000 10.0750000000
-1.0000000000 0.0000000000 0.0000000000 400.0000000000
0.0000000000 0.0000000000 0.0000000000 1.0000000000

0.0000000000 0.0000000000 1.0000000000 500.0000000000
0.0000000000 1.0000000000 0.0000000000 10.1000000000
-1.0000000000 0.0000000000 0.0000000000 400.0000000000
0.0000000000 0.0000000000 0.0000000000 1.0000000000

0.0000000000 0.0000000000 1.0000000000 500.0000000000
0.0000000000 1.0000000000 0.0000000000 10.1250000000
-1.0000000000 0.0000000000 0.0000000000 400.0000000000
0.0000000000 0.0000000000 0.0000000000 1.0000000000

0.0000000000 0.0000000000 1.0000000000 500.0000000000
0.0000000000 1.0000000000 0.0000000000 10.1500000000
-1.0000000000 0.0000000000 0.0000000000 400.0000000000
0.0000000000 0.0000000000 0.0000000000 1.0000000000

0.0000000000 0.0000000000 1.0000000000 500.0000000000
0.0000000000 1.0000000000 0.0000000000 10.1750000000
-1.0000000000 0.0000000000 0.0000000000 400.0000000000
0.0000000000 0.0000000000 0.0000000000 1.0000000000

0.0000000000 0.0000000000 1.0000000000 500.0000000000
0.0000000000 1.0000000000 0.0000000000 10.2000000000
-1.0000000000 0.0000000000 0.0000000000 400.0000000000
0.0000000000 0.0000000000 0.0000000000 1.0000000000

0.0000000000 0.0000000000 1.0000000000 500.0000000000
0.0000000000 1.0000000000 0.0000000000 10.2250000000
-1.0000000000 0.0000000000 0.0000000000 400.0000000000
0.0000000000 0.0000000000 0.0000000000 1.0000000000

0.0000000000 0.0000000000 1.0000000000 500.0000000000
0.0000000000 1.0000000000 0.0000000000 10.2500000000
-1.0000000000 0.0000000000 0.0000000000 400.0000000000
0.0000000000 0.0000000000 0.0000000000 1.0000000000

0.0000000000 0.0000000000 1.0000000000 500.0000000000
0.0000000000 1.0000000000 0.0000000000 10.2750000000
-1.0000000000 0.0000000000 0.0000000000 400.0000000000
0.0000000000 0.0000000000 0.0000000000 1.0000000000

0.0000000000 0.0000000000 1.0000000000 500.0000000000
0.0000000000 1.0000000000 0.0000000000 10.3000000000
-1.0000000000 0.0000000000 0.0000000000 400.0000000000
0.0000000000 0.0000000000 0.0000000000 1.0000000000

0.0000000000 0.0000000000 1.0000000000 500.0000000000
0.0000000000 1.0000000000 0.0000000000 10.3250000000
-1.0000000000 0.0000000000 0.0000000000 400.0000000000
0.0000000000 0.0000000000 0.0000000000 1.0000000000

0.0000000000 0.0000000000 1.0000000000 500.0000000000
0.0000000000 1.0000000000 0.0000000000 10.3500000000
-1.0000000000 0.0000000000 0.0000000000 400.0000000000
0.0000000000 0.0000000000 0.0000000000 1.0000000000

0.0000000000 0.0000000000 1.0000000000 500.0000000000
0.0000000000 1.0000000000 0.0000000000 10.3750000000
-1.0000000000 0.0000000000 0.0000000000 400.0000000000
0.0000000000 0.0000000000 0.0000000000 1.0000000000

0.0000000000 0.0000000000 1.0000000000 500.0000000000
0.0000000000 1.0000000000 0.0000000000 10.4000000000
-1.0000000000 0.0000000000 0.0000000000 400.0000000000
0.0000000000 0.0000000000 0.0000000000 1.0000000000

0.0000000000 0.0000000000 1.0000000000 500.0000000000
0.0000000000 1.0000000000 0.0000000000 10.4250000000
-1.0000000000 0.0000000000 0.0000000000 400.0000000000
0.0000000000 0.0000000000 0.0000000000 1.0000000000

0.0000000000 0.0000000000 1.0000000000 500.0000000000
0.0000000000 1.0000000000 0.0000000000 10.4500000000
-1.0000000000 0.0000000000 0.0000000000 400.0000000000
0.0000000000 0.0000000000 0.0000000000 1.0000000000

0.0000000000 0.0000000000 1.0000000000 500.0000000000
0.0000000000 1.0000000000 0.0000000000 10.4750000000
-1.0000000000 0.0000000000 0.0000000000 400.0000000000
0.0000000000 0.0000000000 0.0000000000 1.0000000000

0.0000000000 0.0000000000 1.0000000000 500.0000000000
0.0000000000 1.0000000000 0.0000000000 10.5000000000
-1.0000000000 0.0000000000 0.0000000000 400.0000000000
0.0000000000 0.0000000000 0.0000000000 1.0000000000

0.0000000000 0.0000000000 1.0000000000 500.0000000000
0.0000000000 1.0000000000 0.0000000000 10.5250000000
-1.0000000000 0.0000000000 0.0000000000 400.0000000000
0.0000000000 0.0000000000 0.0000000000 1.0000000000

0.0000000000 0.0000000000 1.0000000000 500.0000000000
0.0000000000 1.0000000000 0.0000000000 10.5500000000
-1.0000000000 0.0000000000 0.0000000000 400.0000000000
0.0000000000 0.0000000000 0.0000000000 1.0000000000

0.0000000000 0.0000000000 1.0000000000 500.0000000000
0.0000000000 1.0000000000 0.0000000000 10.5750000000
-1.0000000000 0.0000000000 0.0000000000 400.0000000000
0.0000000000 0.0000000000 0.0000000000 1.0000000000

0.0000000000 0.0000000000 1.0000000000 500.0000000000
0.0000000000 1.0000000000 0.0000000000 10.6000000000
-1.0000000000 0.0000000000 0.0000000000 400.0000000000
0.0000000000 0.0000000000 0.0000000000 1.0000000000

0.0000000000 0.0000000000 1.0000000000 500.0000000000
0.0000000000 1.0000000000 0.0000000000 10.6250000000
-1.0000000000 0.0000000000 0.0000000000 400.0000000000
0.0000000000 0.0000000000 0.0000000000 1.0000000000

0.0000000000 0.0000000000 1.0000000000 500.0000000000
0.0000000000 1.0000000000 0.0000000000 10.6500000000
-1.0000000000 0.0000000000 0.0000000000 400.0000000000
0.0000000000 0.0000000000 0.0000000000 1.0000000000

0.0000000000 0.0000000000 1.0000000000 500.0000000000
0.0000000000 1.0000000000 0.0000000000 10.6750000000
-1.0000000000 0.0000000000 0.0000000000 400.0000000000
0.0000000000 0.0000000000 0.0000000000 1.0000000000

0.0000000000 0.0000000000 1.0000000000 500.0000000000
0.0000000000 1.0000000000 0.0000000000 10.7000000000
-1.0000000000 0.0000000000 0.0000000000 400.0000000000
0.0000000000 0.0000000000 0.0000000000 1.0000000000

0.0000000000 0.0000000000 1.0000000000 500.0000000000
0.0000000000 1.0000000000 0.0000000000 10.7250000000
-1.0000000000 0.0000000000 0.0000000000 400.0000000000
0.0000000000 0.0000000000 0.0000000000 1.0000000000

0.0000000000 0.0000000000 1.0000000000 500.0000000000
0.0000000000 1.0000000000 0.0000000000 10.7500000000
-1.0000000000 0.0000000000 0.0000000000 400.0000000000
0.0000000000 0.0000000000 0.0000000000 1.0000000000

0.0000000000 0.0000000000 1.0000000000 500.0000000000
0.0000000000 1.0000000000 0.0000000000 10.7750000000
-1.0000000000 0.0000000000 0.0000000000 400.0000000000
0.0000000000 0.0000000000 0.0000000000 1.0000000000

0.0000000000 0.0000000000 1.0000000000 500.0000000000
0.0000000000 1.0000000000 0.0000000000 10.8000000000
-1.0000000000 0.0000000000 0.0000000000 400.0000000000
0.0000000000 0.0000000000 0.0000000000 1.0000000000

0.0000000000 0.0000000000 1.0000000000 500.0000000000
0.0000000000 1.0000000000 0.0000000000 10.8250000000
-1.0000000000 0.0000000000 0.0000000000 400.0000000000
0.0000000000 0.0000000000 0.0000000000 1.0000000000

0.0000000000 0.0000000000 1.0000000000 500.0000000000
0.0000000000 1.0000000000 0.0000000000 10.8500000000
-1.0000000000 0.0000000000 0.0000000000 400.0000000000
0.0000000000 0.0000000000 0.0000000000 1.0000000000

0.0000000000 0.0000000000 1.0000000000 500.0000000000
0.0000000000 1.0000000000 0.0000000000 10.8750000000
-1.0000000000 0.0000000000 0.0000000000 400.0000000000
0.0000000000 0.0000000000 0.0000000000 1.0000000000

0.0000000000 0.0000000000 1.0000000000 500.0000000000
0.0000000000 1.0000000000 0.0000000000 10.9000000000
-1.0000000000 0.0000000000 0.0000000000 400.0000000000
0.0000000000 0.0000000000 0.0000000000 1.0000000000

0.0000000000 0.0000000000 1.0000000000 500.0000000000
0.0000000000 1.0000000000 0.0000000000 10.9250000000
-1.0000000000 0.0000000000 0.0000000000 400.0000000000
0.0000000000 0.0000000000 0.0000000000 1.0000000000

0.0000000000 0.0000000000 1.0000000000 500.0000000000
0.0000000000 1.0000000000 0.0000000000 10.9500000000
-1.0000000000 0.0000000000 0.0000000000 400.0000000000
0.0000000000 0.0000000000 0.0000000000 1.0000000000

0.0000000000 0.0000000000 1.0000000000 500.0000000000
0.0000000000 1.0000000000 0.0000000000 10.9750000000
-1.0000000000 0.0000000000 0.0000000000 400.0000000000
0.0000000000 0.0000000000 0.0000000000 1.0000000000

0.0000000000 0.0000000000 1.0000000000 500.0000000000
0.0000000000 1.0000000000 0.0000000000 11.0000000000
-1.0000000000 0.0000000000 0.0000000000 400.0000000000
0.0000000000 0.0000000000 0.0000000000 1.0000000000

0.0000000000 0.0000000000 1.0000000000 500.0000000000
0.0000000000 1.0000000000 0.0000000000 11.0250000000
-1.0000000000 0.0000000000 0.0000000000 400.0000000000
0.0000000000 0.0000000000 0.0000000000 1.0000000000

0.0000000000 0.0000000000 1.0000000000 500.0000000000
0.0000000000 1.0000000000 0.0000000000 11.0500000000
-1.0000000000 0.0000000000 0.0000000000 400.0000000000
0.0000000000 0.0000000000 0.0000000000 1.0000000000

0.0000000000 0.0000000000 1.0000000000 500.0000000000
0.0000000000 1.0000000000 0.0000000000 11.0750000000
-1.0000000000 0.0000000000 0.0000000000 400.0000000000
0.0000000000 0.0000000000 0.0000000000 1.0000000000

0.0000000000 0.0000000000 1.0000000000 500.0000000000
0.0000000000 1.0000000000 0.0000000000 11.1000000000
-1.0000000000 0.0000000000 0.0000000000 400.0000000000
0.0000000000 0.0000000000 0.0000000000 1.0000000000

0.0000000000 0.0000000000 1.0000000000 500.0000000000
0.0000000000 1.0000000000 0.0000000000 11.1250000000
-1.0000000000 0.0000000000 0.0000000000 400.0000000000
0.0000000000 0.0000000000 0.0000000000 1.0000000000

0.0000000000 0.0000000000 1.0000000000 500.0000000000
0.0000000000 1.0000000000 0.0000000000 11.1500000000
-1.0000000000 0.0000000000 0.0000000000 400.0000000000
0.0000000000 0.0000000000 0.0000000000 1.0000000000

0.0000000000 0.0000000000 1.0000000000 500.0000000000
0.0000000000 1.0000000000 0.0000000000 11.1750000000
-1.0000000000 0.0000000000 0.0000000000 400.0000000000
0.0000000000 0.0000000000 0.0000000000 1.0000000000

0.0000000000 0.0000000000 1.0000000000 500.0000000000
0.0000000000 1.0000000000 0.0000000000 11.2000000000
-1.0000000000 0.0000000000 0.0000000000 400.0000000000
0.0000000000 0.0000000000 0.0000000000 1.0000000000

0.0000000000 0.0000000000 1.0000000000 500.0000000000
0.0000000000 1.0000000000 0.0000000000 11.2250000000
-1.0000000000 0.0000000000 0.0000000000 400.0000000000
0.0000000000 0.0000000000 0.0000000000 1.0000000000

0.0000000000 0.0000000000 1.0000000000 500.0000000000
0.0000000000 1.0000000000 0.0000000000 11.2500000000
-1.0000000000 0.0000000000 0.0000000000 400.0000000000
0.0000000000 0.0000000000 0.0000000000 1.0000000000

0.0000000000 0.0000000000 1.0000000000 500.0000000000
0.0000000000 1.0000000000 0.0000000000 11.2750000000
-1.0000000000 0.0000000000 0.0000000000 400.0000000000
0.0000000000 0.0000000000 0.0000000000 1.0000000000

0.0000000000 0.0000000000 1.0000000000 500.0000000000
0.0000000000 1.0000000000 0.0000000000 11.3000000000
-1.0000000000 0.0000000000 0.0000000000 400.0000000000
0.0000000000 0.0000000000 0.0000000000 1.0000000000

0.0000000000 0.0000000000 1.0000000000 500.0000000000
0.0000000000 1.0000000000 0.0000000000 11.3250000000
-1.0000000000 0.0000000000 0.0000000000 400.0000000000
0.0000000000 0.0000000000 0.0000000000 1.0000000000

0.0000000000 0.0000000000 1.0000000000 500.0000000000
0.0000000000 1.0000000000 0.0000000000 11.3500000000
-1.0000000000 0.0000000000 0.0000000000 400.0000000000
0.0000000000 0.0000000000 0.0000000000 1.0000000000

0.0000000000 0.0000000000 1.0000000000 500.0000000000
0.0000000000 1.0000000000 0.0000000000 11.3750000000
-1.0000000000 0.0000000000 0.0000000000 400.0000000000
0.0000000000 0.0000000000 0.0000000000 1.0000000000

0.0000000000 0.0000000000 1.0000000000 500.0000000000
0.0000000000 1.0000000000 0.0000000000 11.4000000000
-1.0000000000 0.0000000000 0.0000000000 400.0000000000
0.0000000000 0.0000000000 0.0000000000 1.0000000000

0.0000000000 0.0000000000 1.0000000000 500.0000000000
0.0000000000 1.0000000000 0.0000000000 11.4250000000
-1.0000000000 0.0000000000 0.0000000000 400.0000000000
0.0000000000 0.0000000000 0.0000000000 1.0000000000

0.0000000000 0.0000000000 1.0000000000 500.0000000000
0.0000000000 1.0000000000 0.0000000000 11.4500000000
-1.0000000000 0.0000000000 0.0000000000 400.0000000000
0.0000000000 0.0000000000 0.0000000000 1.0000000000

0.0000000000 0.0000000000 1.0000000000 500.0000000000
0.0000000000 1.0000000000 0.0000000000 11.4750000000
-1.0000000000 0.0000000000 0.0000000000 400.0000000000
0.0000000000 0.0000000000 0.0000000000 1.0000000000

0.0000000000 0.0000000000 1.0000000000 500.0000000000
0.0000000000 1.0000000000 0.0000000000 11.5000000000
-1.0000000000 0.0000000000 0.0000000000 400.0000000000
0.0000000000 0.0000000000 0.0000000000 1.0000000000

0.0000000000 0.0000000000 1.0000000000 500.0000000000
0.0000000000 1.0000000000 0.0000000000 11.5250000000
-1.0000000000 0.0000000000 0.0000000000 400.0000000000
0.0000000000 0.0000000000 0.0000000000 1.0000000000

0.0000000000 0.0000000000 1.0000000000 500.0000000000
0.0000000000 1.0000000000 0.0000000000 11.5500000000
-1.0000000000 0.0000000000 0.0000000000 400.0000000000
0.0000000000 0.0000000000 0.0000000000 1.0000000000

0.0000000000 0.0000000000 1.0000000000 500.0000000000
0.0000000000 1.0000000000 0.0000000000 11.5750000000
-1.0000000000 0.0000000000 0.0000000000 400.0000000000
0.0000000000 0.0000000000 0.0000000000 1.0000000000

0.0000000000 0.0000000000 1.0000000000 500.0000000000
0.0000000000 1.0000000000 0.0000000000 11.6000000000
-1.0000000000 0.0000000000 0.0000000000 400.0000000000
0.0000000000 0.0000000000 0.0000000000 1.0000000000

0.0000000000 0.0000000000 1.0000000000 500.0000000000
0.0000000000 1.0000000000 0.0000000000 11.6250000000
-1.0000000000 0.0000000000 0.0000000000 400.0000000000
0.0000000000 0.0000000000 0.0000000000 1.0000000000

0.0000000000 0.0000000000 1.0000000000 500.0000000000
0.0000000000 1.0000000000 0.0000000000 11.6500000000
-1.0000000000 0.0000000000 0.0000000000 400.0000000000
0.0000000000 0.0000000000 0.0000000000 1.0000000000

0.0000000000 0.0000000000 1.0000000000 500.0000000000
0.0000000000 1.0000000000 0.0000000000 11.6750000000
-1.0000000000 0.0000000000 0.0000000000 400.0000000000
0.0000000000 0.0000000000 0.0000000000 1.0000000000

0.0000000000 0.0000000000 1.0000000000 500.0000000000
0.0000000000 1.0000000000 0.0000000000 11.7000000000
-1.0000000000 0.0000000000 0.0000000000 400.0000000000
0.0000000000 0.0000000000 0.0000000000 1.0000000000

0.0000000000 0.0000000000 1.0000000000 500.0000000000
0.0000000000 1.0000000000 0.0000000000 11.7250000000
-1.0000000000 0.0000000000 0.0000000000 400.0000000000
0.0000000000 0.0000000000 0.0000000000 1.0000000000

0.0000000000 0.0000000000 1.0000000000 500.0000000000
0.0000000000 1.0000000000 0.0000000000 11.7500000000
-1.0000000000 0.0000000000 0.0000000000 400.0000000000
0.0000000000 0.0000000000 0.0000000000 1.0000000000

0.0000000000 0.0000000000 1.0000000000 500.0000000000
0.0000000000 1.0000000000 0.0000000000 11.7750000000
-1.0000000000 0.0000000000 0.0000000000 400.0000000000
0.0000000000 0.0000000000 0.0000000000 1.0000000000

0.0000000000 0.0000000000 1.0000000000 500.0000000000
0.0000000000 1.0000000000 0.0000000000 11.8000000000
-1.0000000000 0.0000000000 0.0000000000 400.0000000000
0.0000000000 0.0000000000 0.0000000000 1.0000000000

0.0000000000 0.0000000000 1.0000000000 500.0000000000
0.0000000000 1.0000000000 0.0000000000 11.8250000000
-1.0000000000 0.0000000000 0.0000000000 400.0000000000
0.0000000000 0.0000000000 0.0000000000 1.0000000000

0.0000000000 0.0000000000 1.0000000000 500.0000000000
0.0000000000 1.0000000000 0.0000000000 11.8500000000
-1.0000000000 0.0000000000 0.0000000000 400.0000000000
0.0000000000 0.0000000000 0.0000000000 1.0000000000

0.0000000000 0.0000000000 1.0000000000 500.0000000000
0.0000000000 1.0000000000 0.0000000000 11.8750000000
-1.0000000000 0.0000000000 0.0000000000 400.0000000000
0.0000000000 0.0000000000 0.0000000000 1.0000000000

0.0000000000 0.0000000000 1.0000000000 500.0000000000
0.0000000000 1.0000000000 0.0000000000 11.9000000000
-1.0000000000 0.0000000000 0.0000000000 400.0000000000
0.0000000000 0.0000000000 0.0000000000 1.0000000000

0.0000000000 0.0000000000 1.0000000000 500.0000000000
0.0000000000 1.0000000000 0.0000000000 11.9250000000
-1.0000000000 0.0000000000 0.0000000000 400.0000000000
0.0000000000 0.0000000000 0.0000000000 1.0000000000

0.0000000000 0.0000000000 1.0000000000 500.0000000000
0.0000000000 1.0000000000 0.0000000000 11.9500000000
-1.0000000000 0.0000000000 0.0000000000 400.0000000000
0.0000000000 0.0000000000 0.0000000000 1.0000000000

0.0000000000 0.0000000000 1.0000000000 500.0000000000
0.0000000000 1.0000000000 0.0000000000 11.9750000000
-1.0000000000 0.0000000000 0.0000000000 400.0000000000
0.0000000000 0.0000000000 0.0000000000 1.0000000000

0.0000000000 0.0000000000 1.0000000000 500.0000000000
0.0000000000 1.0000000000 0.0000000000 12.0000000000
-1.0000000000 0.0000000000 0.0000000000 400.0000000000
0.0000000000 0.0000000000 0.0000000000 1.0000000000

0.0000000000 0.0000000000 1.0000000000 500.0000000000
0.0000000000 1.0000000000 0.0000000000 12.0250000000
-1.0000000000 0.0000000000 0.0000000000 400.0000000000
0.0000000000 0.0000000000 0.0000000000 1.0000000000

0.0000000000 0.0000000000 1.0000000000 500.0000000000
0.0000000000 1.0000000000 0.0000000000 12.0500000000
-1.0000000000 0.0000000000 0.0000000000 400.0000000000
0.0000000000 0.0000000000 0.0000000000 1.0000000000

0.0000000000 0.0000000000 1.0000000000 500.0000000000
0.0000000000 1.0000000000 0.0000000000 12.0750000000
-1.0000000000 0.0000000000 0.0000000000 400.0000000000
0.0000000000 0.0000000000 0.0000000000 1.0000000000

0.0000000000 0.0000000000 1.0000000000 500.0000000000
0.0000000000 1.0000000000 0.0000000000 12.1000000000
-1.0000000000 0.0000000000 0.0000000000 400.0000000000
0.0000000000 0.0000000000 0.0000000000 1.0000000000

0.0000000000 0.0000000000 1.0000000000 500.0000000000
0.0000000000 1.0000000000 0.0000000000 12.1250000000
-1.0000000000 0.0000000000 0.0000000000 400.0000000000
0.0000000000 0.0000000000 0.0000000000 1.0000000000

0.0000000000 0.0000000000 1.0000000000 500.0000000000
0.0000000000 1.0000000000 0.0000000000 12.1500000000
-1.0000000000 0.0000000000 0.0000000000 400.0000000000
0.0000000000 0.0000000000 0.0000000000 1.0000000000

0.0000000000 0.0000000000 1.0000000000 500.0000000000
0.0000000000 1.0000000000 0.0000000000 12.1750000000
-1.0000000000 0.0000000000 0.0000000000 400.0000000000
0.0000000000 0.0000000000 0.0000000000 1.0000000000

0.0000000000 0.0000000000 1.0000000000 500.0000000000
0.0000000000 1.0000000000 0.0000000000 12.2000000000
-1.0000000000 0.0000000000 0.0000000000 400.0000000000
0.0000000000 0.0000000000 0.0000000000 1.0000000000

0.0000000000 0.0000000000 1.0000000000 500.0000000000
0.0000000000 1.0000000000 0.0000000000 12.2250000000
-1.0000000000 0.0000000000 0.0000000000 400.0000000000
0.0000000000 0.0000000000 0.0000000000 1.0000000000

0.0000000000 0.0000000000 1.0000000000 500.0000000000
0.0000000000 1.0000000000 0.0000000000 12.2500000000
-1.0000000000 0.0000000000 0.0000000000 400.0000000000
0.0000000000 0.0000000000 0.0000000000 1.0000000000

0.0000000000 0.0000000000 1.0000000000 500.0000000000
0.0000000000 1.0000000000 0.0000000000 12.2750000000
-1.0000000000 0.0000000000 0.0000000000 400.0000000000
0.0000000000 0.0000000000 0.0000000000 1.0000000000

0.0000000000 0.0000000000 1.0000000000 500.0000000000
0.0000000000 1.0000000000 0.0000000000 12.3000000000
-1.0000000000 0.0000000000 0.0000000000 400.0000000000
0.0000000000 0.0000000000 0.0000000000 1.0000000000

0.0000000000 0.0000000000 1.0000000000 500.0000000000
0.0000000000 1.0000000000 0.0000000000 12.3250000000
-1.0000000000 0.0000000000 0.0000000000 400.0000000000
0.0000000000 0.0000000000 0.0000000000 1.0000000000

0.0000000000 0.0000000000 1.0000000000 500.0000000000
0.0000000000 1.0000000000 0.0000000000 12.3500000000
-1.0000000000 0.0000000000 0.0000000000 400.0000000000
0.0000000000 0.0000000000 0.0000000000 1.0000000000

0.0000000000 0.0000000000 1.0000000000 500.0000000000
0.0000000000 1.0000000000 0.0000000000 12.3750000000
-1.0000000000 0.0000000000 0.0000000000 400.0000000000
0.0000000000 0.0000000000 0.0000000000 1.0000000000

0.0000000000 0.0000000000 1.0000000000 500.0000000000
0.0000000000 1.0000000000 0.0000000000 12.4000000000
-1.0000000000 0.0000000000 0.0000000000 400.0000000000
0.0000000000 0.0000000000 0.0000000000 1.0000000000

0.0000000000 0.0000000000 1.0000000000 500.0000000000
0.0000000000 1.0000000000 0.0000000000 12.4250000000
-1.0000000000 0.0000000000 0.0000000000 400.0000000000
0.0000000000 0.0000000000 0.0000000000 1.0000000000

0.0000000000 0.0000000000 1.0000000000 500.0000000000
0.0000000000 1.0000000000 0.0000000000 12.4500000000
-1.0000000000 0.0000000000 0.0000000000 400.0000000000
0.0000000000 0.0000000000 0.0000000000 1.0000000000

0.0000000000 0.0000000000 1.0000000000 500.0000000000
0.0000000000 1.0000000000 0.0000000000 12.4750000000
-1.0000000000 0.0000000000 0.0000000000 400.0000000000
0.0000000000 0.0000000000 0.0000000000 1.0000000000

0.0000000000 0.0000000000 1.0000000000 500.0000000000
0.0000000000 1.0000000000 0.0000000000 12.5000000000
-1.0000000000 0.0000000000 0.0000000000 400.0000000000
0.0000000000 0.0000000000 0.0000000000 1.0000000000

0.0000000000 0.0000000000 1.0000000000 500.0000000000
0.0000000000 1.0000000000 0.0000000000 12.5250000000
-1.0000000000 0.0000000000 0.0000000000 400.0000000000
0.0000000000 0.0000000000 0.0000000000 1.0000000000

0.0000000000 0.0000000000 1.0000000000 500.0000000000
0.0000000000 1.0000000000 0.0000000000 12.5500000000
-1.0000000000 0.0000000000 0.0000000000 400.0000000000
0.0000000000 0.0000000000 0.0000000000 1.0000000000

0.0000000000 0.0000000000 1.0000000000 500.0000000000
0.0000000000 1.0000000000 0.0000000000 12.5750000000
-1.0000000000 0.0000000000 0.0000000000 400.0000000000
0.0000000000 0.0000000000 0.0000000000 1.0000000000

0.0000000000 0.0000000000 1.0000000000 500.0000000000
0.0000000000 1.0000000000 0.0000000000 12.6000000000
-1.0000000000 0.0000000000 0.0000000000 400.0000000000
0.0000000000 0.0000000000 0.0000000000 1.0000000000

0.0000000000 0.0000000000 1.0000000000 500.0000000000
0.0000000000 1.0000000000 0.0000000000 12.6250000000
-1.0000000000 0.0000000000 0.0000000000 400.0000000000
0.0000000000 0.0000000000 0.0000000000 1.0000000000

0.0000000000 0.0000000000 1.0000000000 500.0000000000
0.0000000000 1.0000000000 0.0000000000 12.6500000000
-1.0000000000 0.0000000000 0.0000000000 400.0000000000
0.0000000000 0.0000000000 0.0000000000 1.0000000000

0.0000000000 0.0000000000 1.0000000000 500.0000000000
0.0000000000 1.0000000000 0.0000000000 12.6750000000
-1.0000000000 0.0000000000 0.0000000000 400.0000000000
0.0000000000 0.0000000000 0.0000000000 1.0000000000

0.0000000000 0.0000000000 1.0000000000 500.0000000000
0.0000000000 1.0000000000 0.0000000000 12.7000000000
-1.0000000000 0.0000000000 0.0000000000 400.0000000000
0.0000000000 0.0000000000 0.0000000000 1.0000000000

0.0000000000 0.0000000000 1.0000000000 500.0000000000
0.0000000000 1.0000000000 0.0000000000 12.7250000000
-1.0000000000 0.0000000000 0.0000000000 400.0000000000
0.0000000000 0.0000000000 0.0000000000 1.0000000000

0.0000000000 0.0000000000 1.0000000000 500.0000000000
0.0000000000 1.0000000000 0.0000000000 12.7500000000
-1.0000000000 0.0000000000 0.0000000000 400.0000000000
0.0000000000 0.0000000000 0.0000000000 1.0000000000

0.0000000000 0.0000000000 1.0000000000 500.0000000000
0.0000000000 1.0000000000 0.0000000000 12.7750000000
-1.0000000000 0.0000000000 0.0000000000 400.0000000000
0.0000000000 0.0000000000 0.0000000000 1.0000000000

0.0000000000 0.0000000000 1.0000000000 500.0000000000
0.0000000000 1.0000000000 0.0000000000 12.8000000000
-1.0000000000 0.0000000000 0.0000000000 400.0000000000
0.0000000000 0.0000000000 0.0000000000 1.0000000000

0.0000000000 0.0000000000 1.0000000000 500.0000000000
0.0000000000 1.0000000000 0.0000000000 12.8250000000
-1.0000000000 0.0000000000 0.0000000000 400.0000000000
0.0000000000 0.0000000000 0.0000000000 1.0000000000

0.0000000000 0.0000000000 1.0000000000 500.0000000000
0.0000000000 1.0000000000 0.0000000000 12.8500000000
-1.0000000000 0.0000000000 0.0000000000 400.0000000000
0.0000000000 0.0000000000 0.0000000000 1.0000000000

0.0000000000 0.0000000000 1.0000000000 500.0000000000
0.0000000000 1.0000000000 0.0000000000 12.8750000000
-1.0000000000 0.0000000000 0.0000000000 400.0000000000
0.0000000000 0.0000000000 0.0000000000 1.0000000000

0.0000000000 0.0000000000 1.0000000000 500.0000000000
0.0000000000 1.0000000000 0.0000000000 12.9000000000
-1.0000000000 0.0000000000 0.0000000000 400.0000000000
0.0000000000 0.0000000000 0.0000000000 1.0000000000

0.0000000000 0.0000000000 1.0000000000 500.0000000000
0.0000000000 1.0000000000 0.0000000000 12.9250000000
-1.0000000000 0.0000000000 0.0000000000 400.0000000000
0.0000000000 0.0000000000 0.0000000000 1.0000000000

0.0000000000 0.0000000000 1.0000000000 500.0000000000
0.0000000000 1.0000000000 0.0000000000 12.9500000000
-1.0000000000 0.0000000000 0.0000000000 400.0000000000
0.0000000000 0.0000000000 0.0000000000 1.0000000000

0.0000000000 0.0000000000 1.0000000000 500.0000000000
0.0000000000 1.0000000000 0.0000000000 12.9750000000
-1.0000000000 0.0000000000 0.0000000000 400.0000000000
0.0000000000 0.0000000000 0.0000000000 1.0000000000

0.0000000000 0.0000000000 1.0000000000 500.0000000000
0.0000000000 1.0000000000 0.0000000000 13.0000000000
-1.0000000000 0.0000000000 0.0000000000 400.0000000000
0.0000000000 0.0000000000 0.0000000000 1.0000000000

0.0000000000 0.0000000000 1.0000000000 500.0000000000
0.0000000000 1.0000000000 0.0000000000 13.0250000000
-1.0000000000 0.0000000000 0.0000000000 400.0000000000
0.0000000000 0.0000000000 0.0000000000 1.0000000000

0.0000000000 0.0000000000 1.0000000000 500.0000000000
0.0000000000 1.0000000000 0.0000000000 13.0500000000
-1.0000000000 0.0000000000 0.0000000000 400.0000000000
0.0000000000 0.0000000000 0.0000000000 1.0000000000

0.0000000000 0.0000000000 1.0000000000 500.0000000000
0.0000000000 1.0000000000 0.0000000000 13.0750000000
-1.0000000000 0.0000000000 0.0000000000 400.0000000000
0.0000000000 0.0000000000 0.0000000000 1.0000000000

0.0000000000 0.0000000000 1.0000000000 500.0000000000
0.0000000000 1.0000000000 0.0000000000 13.1000000000
-1.0000000000 0.0000000000 0.0000000000 400.0000000000
0.0000000000 0.0000000000 0.0000000000 1.0000000000

0.0000000000 0.0000000000 1.0000000000 500.0000000000
0.0000000000 1.0000000000 0.0000000000 13.1250000000
-1.0000000000 0.0000000000 0.0000000000 400.0000000000
0.0000000000 0.0000000000 0.0000000000 1.0000000000

0.0000000000 0.0000000000 1.0000000000 500.0000000000
0.0000000000 1.0000000000 0.0000000000 13.1500000000
-1.0000000000 0.0000000000 0.0000000000 400.0000000000
0.0000000000 0.0000000000 0.0000000000 1.0000000000

0.0000000000 0.0000000000 1.0000000000 500.0000000000
0.0000000000 1.0000000000 0.0000000000 13.1750000000
-1.0000000000 0.0000000000 0.0000000000 400.0000000000
0.0000000000 0.0000000000 0.0000000000 1.0000000000

0.0000000000 0.0000000000 1.0000000000 500.0000000000
0.0000000000 1.0000000000 0.0000000000 13.2000000000
-1.0000000000 0.0000000000 0.0000000000 400.0000000000
0.0000000000 0.0000000000 0.0000000000 1.0000000000

0.0000000000 0.0000000000 1.0000000000 500.0000000000
0.0000000000 1.0000000000 0.0000000000 13.2250000000
-1.0000000000 0.0000000000 0.0000000000 400.0000000000
0.0000000000 0.0000000000 0.0000000000 1.0000000000

0.0000000000 0.0000000000 1.0000000000 500.0000000000
0.0000000000 1.0000000000 0.0000000000 13.2500000000
-1.0000000000 0.0000000000 0.0000000000 400.0000000000
0.0000000000 0.0000000000 0.0000000000 1.0000000000

0.0000000000 0.0000000000 1.0000000000 500.0000000000
0.0000000000 1.0000000000 0.0000000000 13.2750000000
-1.0000000000 0.0000000000 0.0000000000 400.0000000000
0.0000000000 0.0000000000 0.0000000000 1.0000000000

0.0000000000 0.0000000000 1.0000000000 500.0000000000
0.0000000000 1.0000000000 0.0000000000 13.3000000000
-1.0000000000 0.0000000000 0.0000000000 400.0000000000
0.0000000000 0.0000000000 0.0000000000 1.0000000000

0.0000000000 0.0000000000 1.0000000000 500.0000000000
0.0000000000 1.0000000000 0.0000000000 13.3250000000
-1.0000000000 0.0000000000 0.0000000000 400.0000000000
0.0000000000 0.0000000000 0.0000000000 1.0000000000

0.0000000000 0.0000000000 1.0000000000 500.0000000000
0.0000000000 1.0000000000 0.0000000000 13.3500000000
-1.0000000000 0.0000000000 0.0000000000 400.0000000000
0.0000000000 0.0000000000 0.0000000000 1.0000000000

0.0000000000 0.0000000000 1.0000000000 500.0000000000
0.0000000000 1.0000000000 0.0000000000 13.3750000000
-1.0000000000 0.0000000000 0.0000000000 400.0000000000
0.0000000000 0.0000000000 0.0000000000 1.0000000000

0.0000000000 0.0000000000 1.0000000000 500.0000000000
0.0000000000 1.0000000000 0.0000000000 13.4000000000
-1.0000000000 0.0000000000 0.0000000000 400.0000000000
0.0000000000 0.0000000000 0.0000000000 1.0000000000

0.0000000000 0.0000000000 1.0000000000 500.0000000000
0.0000000000 1.0000000000 0.0000000000 13.4250000000
-1.0000000000 0.0000000000 0.0000000000 400.0000000000
0.0000000000 0.0000000000 0.0000000000 1.0000000000

0.0000000000 0.0000000000 1.0000000000 500.0000000000
0.0000000000 1.0000000000 0.0000000000 13.4500000000
-1.0000000000 0.0000000000 0.0000000000 400.0000000000
0.0000000000 0.0000000000 0.0000000000 1.0000000000

0.0000000000 0.0000000000 1.0000000000 500.0000000000
0.0000000000 1.0000000000 0.0000000000 13.4750000000
-1.0000000000 0.0000000000 0.0000000000 400.0000000000
0.0000000000 0.0000000000 0.0000000000 1.0000000000

0.0000000000 0.0000000000 1.0000000000 500.0000000000
0.0000000000 1.0000000000 0.0000000000 13.5000000000
-1.0000000000 0.0000000000 0.0000000000 400.0000000000
0.0000000000 0.0000000000 0.0000000000 1.0000000000

0.0000000000 0.0000000000 1.0000000000 500.0000000000
0.0000000000 1.0000000000 0.0000000000 13.5250000000
-1.0000000000 0.0000000000 0.0000000000 400.0000000000
0.0000000000 0.0000000000 0.0000000000 1.0000000000

0.0000000000 0.0000000000 1.0000000000 500.0000000000
0.0000000000 1.0000000000 0.0000000000 13.5500000000
-1.0000000000 0.0000000000 0.0000000000 400.0000000000
0.0000000000 0.0000000000 0.0000000000 1.0000000000

0.0000000000 0.0000000000 1.0000000000 500.0000000000
0.0000000000 1.0000000000 0.0000000000 13.5750000000
-1.0000000000 0.0000000000 0.0000000000 400.0000000000
0.0000000000 0.0000000000 0.0000000000 1.0000000000

0.0000000000 0.0000000000 1.0000000000 500.0000000000
0.0000000000 1.0000000000 0.0000000000 13.6000000000
-1.0000000000 0.0000000000 0.0000000000 400.0000000000
0.0000000000 0.0000000000 0.0000000000 1.0000000000

0.0000000000 0.0000000000 1.0000000000 500.0000000000
0.0000000000 1.0000000000 0.0000000000 13.6250000000
-1.0000000000 0.0000000000 0.0000000000 400.0000000000
0.0000000000 0.0000000000 0.0000000000 1.0000000000

0.0000000000 0.0000000000 1.0000000000 500.0000000000
0.0000000000 1.0000000000 0.0000000000 13.6500000000
-1.0000000000 0.0000000000 0.0000000000 400.0000000000
0.0000000000 0.0000000000 0.0000000000 1.0000000000

0.0000000000 0.0000000000 1.0000000000 500.0000000000
0.0000000000 1.0000000000 0.0000000000 13.6750000000
-1.0000000000 0.0000000000 0.0000000000 400.0000000000
0.0000000000 0.0000000000 0.0000000000 1.0000000000

0.0000000000 0.0000000000 1.0000000000 500.0000000000
0.0000000000 1.0000000000 0.0000000000 13.7000000000
-1.0000000000 0.0000000000 0.0000000000 400.0000000000
0.0000000000 0.0000000000 0.0000000000 1.0000000000

0.0000000000 0.0000000000 1.0000000000 500.0000000000
0.0000000000 1.0000000000 0.0000000000 13.7250000000
-1.0000000000 0.0000000000 0.0000000000 400.0000000000
0.0000000000 0.0000000000 0.0000000000 1.0000000000

0.0000000000 0.0000000000 1.0000000000 500.0000000000
0.0000000000 1.0000000000 0.0000000000 13.7500000000
-1.0000000000 0.0000000000 0.0000000000 400.0000000000
0.0000000000 0.0000000000 0.0000000000 1.0000000000

0.0000000000 0.0000000000 1.0000000000 500.0000000000
0.0000000000 1.0000000000 0.0000000000 13.7750000000
-1.0000000000 0.0000000000 0.0000000000 400.0000000000
0.0000000000 0.0000000000 0.0000000000 1.0000000000

0.0000000000 0.0000000000 1.0000000000 500.0000000000
0.0000000000 1.0000000000 0.0000000000 13.8000000000
-1.0000000000 0.0000000000 0.0000000000 400.0000000000
0.0000000000 0.0000000000 0.0000000000 1.0000000000

0.0000000000 0.0000000000 1.0000000000 500.0000000000
0.0000000000 1.0000000000 0.0000000000 13.8250000000
-1.0000000000 0.0000000000 0.0000000000 400.0000000000
0.0000000000 0.0000000000 0.0000000000 1.0000000000

0.0000000000 0.0000000000 1.0000000000 500.0000000000
0.0000000000 1.0000000000 0.0000000000 13.8500000000
-1.0000000000 0.0000000000 0.0000000000 400.0000000000
0.0000000000 0.0000000000 0.0000000000 1.0000000000

0.0000000000 0.0000000000 1.0000000000 500.0000000000
0.0000000000 1.0000000000 0.0000000000 13.8750000000
-1.0000000000 0.0000000000 0.0000000000 400.0000000000
0.0000000000 0.0000000000 0.0000000000 1.0000000000

0.0000000000 0.0000000000 1.0000000000 500.0000000000
0.0000000000 1.0000000000 0.0000000000 13.9000000000
-1.0000000000 0.0000000000 0.0000000000 400.0000000000
0.0000000000 0.0000000000 0.0000000000 1.0000000000

0.0000000000 0.0000000000 1.0000000000 500.0000000000
0.0000000000 1.0000000000 0.0000000000 13.9250000000
-1.0000000000 0.0000000000 0.0000000000 400.0000000000
0.0000000000 0.0000000000 0.0000000000 1.0000000000

0.0000000000 0.0000000000 1.0000000000 500.0000000000
0.0000000000 1.0000000000 0.0000000000 13.9500000000
-1.0000000000 0.0000000000 0.0000000000 400.0000000000
0.0000000000 0.0000000000 0.0000000000 1.0000000000

0.0000000000 0.0000000000 1.0000000000 500.0000000000
0.0000000000 1.0000000000 0.0000000000 13.9750000000
-1.0000000000 0.0000000000 0.0000000000 400.0000000000
0.0000000000 0.0000000000 0.0000000000 1.0000000000

0.0000000000 0.0000000000 1.0000000000 500.0000000000
0.0000000000 1.0000000000 0.0000000000 14.0000000000
-1.0000000000 0.0000000000 0.0000000000 400.0000000000
0.0000000000 0.0000000000 0.0000000000 1.0000000000

0.0000000000 0.0000000000 1.0000000000 500.0000000000
0.0000000000 1.0000000000 0.0000000000 14.0250000000
-1.0000000000 0.0000000000 0.0000000000 400.0000000000
0.0000000000 0.0000000000 0.0000000000 1.0000000000

0.0000000000 0.0000000000 1.0000000000 500.0000000000
0.0000000000 1.0000000000 0.0000000000 14.0500000000
-1.0000000000 0.0000000000 0.0000000000 400.0000000000
0.0000000000 0.0000000000 0.0000000000 1.0000000000

0.0000000000 0.0000000000 1.0000000000 500.0000000000
0.0000000000 1.0000000000 0.0000000000 14.0750000000
-1.0000000000 0.0000000000 0.0000000000 400.0000000000
0.0000000000 0.0000000000 0.0000000000 1.0000000000

0.0000000000 0.0000000000 1.0000000000 500.0000000000
0.0000000000 1.0000000000 0.0000000000 14.1000000000
-1.0000000000 0.0000000000 0.0000000000 400.0000000000
0.0000000000 0.0000000000 0.0000000000 1.0000000000

0.0000000000 0.0000000000 1.0000000000 500.0000000000
0.0000000000 1.0000000000 0.0000000000 14.1250000000
-1.0000000000 0.0000000000 0.0000000000 400.0000000000
0.0000000000 0.0000000000 0.0000000000 1.0000000000

0.0000000000 0.0000000000 1.0000000000 500.0000000000
0.0000000000 1.0000000000 0.0000000000 14.1500000000
-1.0000000000 0.0000000000 0.0000000000 400.0000000000
0.0000000000 0.0000000000 0.0000000000 1.0000000000

0.0000000000 0.0000000000 1.0000000000 500.0000000000
0.0000000000 1.0000000000 0.0000000000 14.1750000000
-1.0000000000 0.0000000000 0.0000000000 400.0000000000
0.0000000000 0.0000000000 0.0000000000 1.0000000000

0.0000000000 0.0000000000 1.0000000000 500.0000000000
0.0000000000 1.0000000000 0.0000000000 14.2000000000
-1.0000000000 0.0000000000 0.0000000000 400.0000000000
0.0000000000 0.0000000000 0.0000000000 1.0000000000

0.0000000000 0.0000000000 1.0000000000 500.0000000000
0.0000000000 1.0000000000 0.0000000000 14.2250000000
-1.0000000000 0.0000000000 0.0000000000 400.0000000000
0.0000000000 0.0000000000 0.0000000000 1.0000000000

0.0000000000 0.0000000000 1.0000000000 500.0000000000
0.0000000000 1.0000000000 0.0000000000 14.2500000000
-1.0000000000 0.0000000000 0.0000000000 400.0000000000
0.0000000000 0.0000000000 0.0000000000 1.0000000000

0.0000000000 0.0000000000 1.0000000000 500.0000000000
0.0000000000 1.0000000000 0.0000000000 14.2750000000
-1.0000000000 0.0000000000 0.0000000000 400.0000000000
0.0000000000 0.0000000000 0.0000000000 1.0000000000

0.0000000000 0.0000000000 1.0000000000 500.0000000000
0.0000000000 1.0000000000 0.0000000000 14.3000000000
-1.0000000000 0.0000000000 0.0000000000 400.0000000000
0.0000000000 0.0000000000 0.0000000000 1.0000000000

0.0000000000 0.0000000000 1.0000000000 500.0000000000
0.0000000000 1.0000000000 0.0000000000 14.3250000000
-1.0000000000 0.0000000000 0.0000000000 400.0000000000
0.0000000000 0.0000000000 0.0000000000 1.0000000000

0.0000000000 0.0000000000 1.0000000000 500.0000000000
0.0000000000 1.0000000000 0.0000000000 14.3500000000
-1.0000000000 0.0000000000 0.0000000000 400.0000000000
0.0000000000 0.0000000000 0.0000000000 1.0000000000

0.0000000000 0.0000000000 1.0000000000 500.0000000000
0.0000000000 1.0000000000 0.0000000000 14.3750000000
-1.0000000000 0.0000000000 0.0000000000 400.0000000000
0.0000000000 0.0000000000 0.0000000000 1.0000000000

0.0000000000 0.0000000000 1.0000000000 500.0000000000
0.0000000000 1.0000000000 0.0000000000 14.4000000000
-1.0000000000 0.0000000000 0.0000000000 400.0000000000
0.0000000000 0.0000000000 0.0000000000 1.0000000000

0.0000000000 0.0000000000 1.0000000000 500.0000000000
0.0000000000 1.0000000000 0.0000000000 14.4250000000
-1.0000000000 0.0000000000 0.0000000000 400.0000000000
0.0000000000 0.0000000000 0.0000000000 1.0000000000

0.0000000000 0.0000000000 1.0000000000 500.0000000000
0.0000000000 1.0000000000 0.0000000000 14.4500000000
-1.0000000000 0.0000000000 0.0000000000 400.0000000000
0.0000000000 0.0000000000 0.0000000000 1.0000000000

0.0000000000 0.0000000000 1.0000000000 500.0000000000
0.0000000000 1.0000000000 0.0000000000 14.4750000000
-1.0000000000 0.0000000000 0.0000000000 400.0000000000
0.0000000000 0.0000000000 0.0000000000 1.0000000000

0.0000000000 0.0000000000 1.0000000000 500.0000000000
0.0000000000 1.0000000000 0.0000000000 14.5000000000
-1.0000000000 0.0000000000 0.0000000000 400.0000000000
0.0000000000 0.0000000000 0.0000000000 1.0000000000

0.0000000000 0.0000000000 1.0000000000 500.0000000000
0.0000000000 1.0000000000 0.0000000000 14.5250000000
-1.0000000000 0.0000000000 0.0000000000 400.0000000000
0.0000000000 0.0000000000 0.0000000000 1.0000000000

0.0000000000 0.0000000000 1.0000000000 500.0000000000
0.0000000000 1.0000000000 0.0000000000 14.5500000000
-1.0000000000 0.0000000000 0.0000000000 400.0000000000
0.0000000000 0.0000000000 0.0000000000 1.0000000000

0.0000000000 0.0000000000 1.0000000000 500.0000000000
0.0000000000 1.0000000000 0.0000000000 14.5750000000
-1.0000000000 0.0000000000 0.0000000000 400.0000000000
0.0000000000 0.0000000000 0.0000000000 1.0000000000

0.0000000000 0.0000000000 1.0000000000 500.0000000000
0.0000000000 1.0000000000 0.0000000000 14.6000000000
-1.0000000000 0.0000000000 0.0000000000 400.0000000000
0.0000000000 0.0000000000 0.0000000000 1.0000000000

0.0000000000 0.0000000000 1.0000000000 500.0000000000
0.0000000000 1.0000000000 0.0000000000 14.6250000000
-1.0000000000 0.0000000000 0.0000000000 400.0000000000
0.0000000000 0.0000000000 0.0000000000 1.0000000000

0.0000000000 0.0000000000 1.0000000000 500.0000000000
0.0000000000 1.0000000000 0.0000000000 14.6500000000
-1.0000000000 0.0000000000 0.0000000000 400.0000000000
0.0000000000 0.0000000000 0.0000000000 1.0000000000

0.0000000000 0.0000000000 1.0000000000 500.0000000000
0.0000000000 1.0000000000 0.0000000000 14.6750000000
-1.0000000000 0.0000000000 0.0000000000 400.0000000000
0.0000000000 0.0000000000 0.0000000000 1.0000000000

0.0000000000 0.0000000000 1.0000000000 500.0000000000
0.0000000000 1.0000000000 0.0000000000 14.7000000000
-1.0000000000 0.0000000000 0.0000000000 400.0000000000
0.0000000000 0.0000000000 0.0000000000 1.0000000000

0.0000000000 0.0000000000 1.0000000000 500.0000000000
0.0000000000 1.0000000000 0.0000000000 14.7250000000
-1.0000000000 0.0000000000 0.0000000000 400.0000000000
0.0000000000 0.0000000000 0.0000000000 1.0000000000

0.0000000000 0.0000000000 1.0000000000 500.0000000000
0.0000000000 1.0000000000 0.0000000000 14.7500000000
-1.0000000000 0.0000000000 0.0000000000 400.0000000000
0.0000000000 0.0000000000 0.0000000000 1.0000000000

0.0000000000 0.0000000000 1.0000000000 500.0000000000
0.0000000000 1.0000000000 0.0000000000 14.7750000000
-1.0000000000 0.0000000000 0.0000000000 400.0000000000
0.0000000000 0.0000000000 0.0000000000 1.0000000000

0.0000000000 0.0000000000 1.0000000000 500.0000000000
0.0000000000 1.0000000000 0.0000000000 14.8000000000
-1.0000000000 0.0000000000 0.0000000000 400.0000000000
0.0000000000 0.0000000000 0.0000000000 1.0000000000

0.0000000000 0.0000000000 1.0000000000 500.0000000000
0.0000000000 1.0000000000 0.0000000000 14.8250000000
-1.0000000000 0.0000000000 0.0000000000 400.0000000000
0.0000000000 0.0000000000 0.0000000000 1.0000000000

0.0000000000 0.0000000000 1.0000000000 500.0000000000
0.0000000000 1.0000000000 0.0000000000 14.8500000000
-1.0000000000 0.0000000000 0.0000000000 400.0000000000
0.0000000000 0.0000000000 0.0000000000 1.0000000000

0.0000000000 0.0000000000 1.0000000000 500.0000000000
0.0000000000 1.0000000000 0.0000000000 14.8750000000
-1.0000000000 0.0000000000 0.0000000000 400.0000000000
0.0000000000 0.0000000000 0.0000000000 1.0000000000

0.0000000000 0.0000000000 1.0000000000 500.0000000000
0.0000000000 1.0000000000 0.0000000000 14.9000000000
-1.0000000000 0.0000000000 0.0000000000 400.0000000000
0.0000000000 0.0000000000 0.0000000000 1.0000000000

0.0000000000 0.0000000000 1.0000000000 500.0000000000
0.0000000000 1.0000000000 0.0000000000 14.9250000000
-1.0000000000 0.0000000000 0.0000000000 400.0000000000
0.0000000000 0.0000000000 0.0000000000 1.0000000000

0.0000000000 0.0000000000 1.0000000000 500.0000000000
0.0000000000 1.0000000000 0.0000000000 14.9500000000
-1.0000000000 0.0000000000 0.0000000000 400.0000000000
0.0000000000 0.0000000000 0.0000000000 1.0000000000

0.0000000000 0.0000000000 1.0000000000 500.0000000000
0.0000000000 1.0000000000 0.0000000000 14.9750000000
-1.0000000000 0.0000000000 0.0000000000 400.0000000000
0.0000000000 0.0000000000 0.0000000000 1.0000000000

0.0000000000 0.0000000000 1.0000000000 500.0000000000
0.0000000000 1.0000000000 0.0000000000 15.0000000000
-1.0000000000 0.0000000000 0.0000000000 400.0000000000
0.0000000000 0.0000000000 0.0000000000 1.0000000000

0.0000000000 0.0000000000 1.0000000000 500.0000000000
0.0000000000 1.0000000000 0.0000000000 15.0250000000
-1.0000000000 0.0000000000 0.0000000000 400.0000000000
0.0000000000 0.0000000000 0.0000000000 1.0000000000

0.0000000000 0.0000000000 1.0000000000 500.0000000000
0.0000000000 1.0000000000 0.0000000000 15.0500000000
-1.0000000000 0.0000000000 0.0000000000 400.0000000000
0.0000000000 0.0000000000 0.0000000000 1.0000000000

0.0000000000 0.0000000000 1.0000000000 500.0000000000
0.0000000000 1.0000000000 0.0000000000 15.0750000000
-1.0000000000 0.0000000000 0.0000000000 400.0000000000
0.0000000000 0.0000000000 0.0000000000 1.0000000000

0.0000000000 0.0000000000 1.0000000000 500.0000000000
0.0000000000 1.0000000000 0.0000000000 15.1000000000
-1.0000000000 0.0000000000 0.0000000000 400.0000000000
0.0000000000 0.0000000000 0.0000000000 1.0000000000

0.0000000000 0.0000000000 1.0000000000 500.0000000000
0.0000000000 1.0000000000 0.0000000000 15.1250000000
-1.0000000000 0.0000000000 0.0000000000 400.0000000000
0.0000000000 0.0000000000 0.0000000000 1.0000000000

0.0000000000 0.0000000000 1.0000000000 500.0000000000
0.0000000000 1.0000000000 0.0000000000 15.1500000000
-1.0000000000 0.0000000000 0.0000000000 400.0000000000
0.0000000000 0.0000000000 0.0000000000 1.0000000000

0.0000000000 0.0000000000 1.0000000000 500.0000000000
0.0000000000 1.0000000000 0.0000000000 15.1750000000
-1.0000000000 0.0000000000 0.0000000000 400.0000000000
0.0000000000 0.0000000000 0.0000000000 1.0000000000

0.0000000000 0.0000000000 1.0000000000 500.0000000000
0.0000000000 1.0000000000 0.0000000000 15.2000000000
-1.0000000000 0.0000000000 0.0000000000 400.0000000000
0.0000000000 0.0000000000 0.0000000000 1.0000000000

0.0000000000 0.0000000000 1.0000000000 500.0000000000
0.0000000000 1.0000000000 0.0000000000 15.2250000000
-1.0000000000 0.0000000000 0.0000000000 400.0000000000
0.0000000000 0.0000000000 0.0000000000 1.0000000000

0.0000000000 0.0000000000 1.0000000000 500.0000000000
0.0000000000 1.0000000000 0.0000000000 15.2500000000
-1.0000000000 0.0000000000 0.0000000000 400.0000000000
0.0000000000 0.0000000000 0.0000000000 1.0000000000

0.0000000000 0.0000000000 1.0000000000 500.0000000000
0.0000000000 1.0000000000 0.0000000000 15.2750000000
-1.0000000000 0.0000000000 0.0000000000 400.0000000000
0.0000000000 0.0000000000 0.0000000000 1.0000000000

0.0000000000 0.0000000000 1.0000000000 500.0000000000
0.0000000000 1.0000000000 0.0000000000 15.3000000000
-1.0000000000 0.0000000000 0.0000000000 400.0000000000
0.0000000000 0.0000000000 0.0000000000 1.0000000000

0.0000000000 0.0000000000 1.0000000000 500.0000000000
0.0000000000 1.0000000000 0.0000000000 15.3250000000
-1.0000000000 0.0000000000 0.0000000000 400.0000000000
0.0000000000 0.0000000000 0.0000000000 1.0000000000

0.0000000000 0.0000000000 1.0000000000 500.0000000000
0.0000000000 1.0000000000 0.0000000000 15.3500000000
-1.0000000000 0.0000000000 0.0000000000 400.0000000000
0.0000000000 0.0000000000 0.0000000000 1.0000000000

0.0000000000 0.0000000000 1.0000000000 500.0000000000
0.0000000000 1.0000000000 0.0000000000 15.3750000000
-1.0000000000 0.0000000000 0.0000000000 400.0000000000
0.0000000000 0.0000000000 0.0000000000 1.0000000000

0.0000000000 0.0000000000 1.0000000000 500.0000000000
0.0000000000 1.0000000000 0.0000000000 15.4000000000
-1.0000000000 0.0000000000 0.0000000000 400.0000000000
0.0000000000 0.0000000000 0.0000000000 1.0000000000

0.0000000000 0.0000000000 1.0000000000 500.0000000000
0.0000000000 1.0000000000 0.0000000000 15.4250000000
-1.0000000000 0.0000000000 0.0000000000 400.0000000000
0.0000000000 0.0000000000 0.0000000000 1.0000000000

0.0000000000 0.0000000000 1.0000000000 500.0000000000
0.0000000000 1.0000000000 0.0000000000 15.4500000000
-1.0000000000 0.0000000000 0.0000000000 400.0000000000
0.0000000000 0.0000000000 0.0000000000 1.0000000000

0.0000000000 0.0000000000 1.0000000000 500.0000000000
0.0000000000 1.0000000000 0.0000000000 15.4750000000
-1.0000000000 0.0000000000 0.0000000000 400.0000000000
0.0000000000 0.0000000000 0.0000000000 1.0000000000

0.0000000000 0.0000000000 1.0000000000 500.0000000000
0.0000000000 1.0000000000 0.0000000000 15.5000000000
-1.0000000000 0.0000000000 0.0000000000 400.0000000000
0.0000000000 0.0000000000 0.0000000000 1.0000000000

0.0000000000 0.0000000000 1.0000000000 500.0000000000
0.0000000000 1.0000000000 0.0000000000 15.5250000000
-1.0000000000 0.0000000000 0.0000000000 400.0000000000
0.0000000000 0.0000000000 0.0000000000 1.0000000000

0.0000000000 0.0000000000 1.0000000000 500.0000000000
0.0000000000 1.0000000000 0.0000000000 15.5500000000
-1.0000000000 0.0000000000 0.0000000000 400.0000000000
0.0000000000 0.0000000000 0.0000000000 1.0000000000

0.0000000000 0.0000000000 1.0000000000 500.0000000000
0.0000000000 1.0000000000 0.0000000000 15.5750000000
-1.0000000000 0.0000000000 0.0000000000 400.0000000000
0.0000000000 0.0000000000 0.0000000000 1.0000000000

0.0000000000 0.0000000000 1.0000000000 500.0000000000
0.0000000000 1.0000000000 0.0000000000 15.6000000000
-1.0000000000 0.0000000000 0.0000000000 400.0000000000
0.0000000000 0.0000000000 0.0000000000 1.0000000000

0.0000000000 0.0000000000 1.0000000000 500.0000000000
0.0000000000 1.0000000000 0.0000000000 15.6250000000
-1.0000000000 0.0000000000 0.0000000000 400.0000000000
0.0000000000 0.0000000000 0.0000000000 1.0000000000

0.0000000000 0.0000000000 1.0000000000 500.0000000000
0.0000000000 1.0000000000 0.0000000000 15.6500000000
-1.0000000000 0.0000000000 0.0000000000 400.0000000000
0.0000000000 0.0000000000 0.0000000000 1.0000000000

0.0000000000 0.0000000000 1.0000000000 500.0000000000
0.0000000000 1.0000000000 0.0000000000 15.6750000000
-1.0000000000 0.0000000000 0.0000000000 400.0000000000
0.0000000000 0.0000000000 0.0000000000 1.0000000000

0.0000000000 0.0000000000 1.0000000000 500.0000000000
0.0000000000 1.0000000000 0.0000000000 15.7000000000
-1.0000000000 0.0000000000 0.0000000000 400.0000000000
0.0000000000 0.0000000000 0.0000000000 1.0000000000

0.0000000000 0.0000000000 1.0000000000 500.0000000000
0.0000000000 1.0000000000 0.0000000000 15.7250000000
-1.0000000000 0.0000000000 0.0000000000 400.0000000000
0.0000000000 0.0000000000 0.0000000000 1.0000000000

0.0000000000 0.0000000000 1.0000000000 500.0000000000
0.0000000000 1.0000000000 0.0000000000 15.7500000000
-1.0000000000 0.0000000000 0.0000000000 400.0000000000
0.0000000000 0.0000000000 0.0000000000 1.0000000000

0.0000000000 0.0000000000 1.0000000000 500.0000000000
0.0000000000 1.0000000000 0.0000000000 15.7750000000
-1.0000000000 0.0000000000 0.0000000000 400.0000000000
0.0000000000 0.0000000000 0.0000000000 1.0000000000

0.0000000000 0.0000000000 1.0000000000 500.0000000000
0.0000000000 1.0000000000 0.0000000000 15.8000000000
-1.0000000000 0.0000000000 0.0000000000 400.0000000000
0.0000000000 0.0000000000 0.0000000000 1.0000000000

0.0000000000 0.0000000000 1.0000000000 500.0000000000
0.0000000000 1.0000000000 0.0000000000 15.8250000000
-1.0000000000 0.0000000000 0.0000000000 400.0000000000
0.0000000000 0.0000000000 0.0000000000 1.0000000000

0.0000000000 0.0000000000 1.0000000000 500.0000000000
0.0000000000 1.0000000000 0.0000000000 15.8500000000
-1.0000000000 0.0000000000 0.0000000000 400.0000000000
0.0000000000 0.0000000000 0.0000000000 1.0000000000

0.0000000000 0.0000000000 1.0000000000 500.0000000000
0.0000000000 1.0000000000 0.0000000000 15.8750000000
-1.0000000000 0.0000000000 0.0000000000 400.0000000000
0.0000000000 0.0000000000 0.0000000000 1.0000000000

0.0000000000 0.0000000000 1.0000000000 500.0000000000
0.0000000000 1.0000000000 0.0000000000 15.9000000000
-1.0000000000 0.0000000000 0.0000000000 400.0000000000
0.0000000000 0.0000000000 0.0000000000 1.0000000000

0.0000000000 0.0000000000 1.0000000000 500.0000000000
0.0000000000 1.0000000000 0.0000000000 15.9250000000
-1.0000000000 0.0000000000 0.0000000000 400.0000000000
0.0000000000 0.0000000000 0.0000000000 1.0000000000

0.0000000000 0.0000000000 1.0000000000 500.0000000000
0.0000000000 1.0000000000 0.0000000000 15.9500000000
-1.0000000000 0.0000000000 0.0000000000 400.0000000000
0.0000000000 0.0000000000 0.0000000000 1.0000000000

0.0000000000 0.0000000000 1.0000000000 500.0000000000
0.0000000000 1.0000000000 0.0000000000 15.9750000000
-1.0000000000 0.0000000000 0.0000000000 400.0000000000
0.0000000000 0.0000000000 0.0000000000 1.0000000000

0.0000000000 0.0000000000 1.0000000000 500.0000000000
0.0000000000 1.0000000000 0.0000000000 16.0000000000
-1.0000000000 0.0000000000 0.0000000000 400.0000000000
0.0000000000 0.0000000000 0.0000000000 1.0000000000

0.0000000000 0.0000000000 1.0000000000 500.0000000000
0.0000000000 1.0000000000 0.0000000000 16.0250000000
-1.0000000000 0.0000000000 0.0000000000 400.0000000000
0.0000000000 0.0000000000 0.0000000000 1.0000000000

0.0000000000 0.0000000000 1.0000000000 500.0000000000
0.0000000000 1.0000000000 0.0000000000 16.0500000000
-1.0000000000 0.0000000000 0.0000000000 400.0000000000
0.0000000000 0.0000000000 0.0000000000 1.0000000000

0.0000000000 0.0000000000 1.0000000000 500.0000000000
0.0000000000 1.0000000000 0.0000000000 16.0750000000
-1.0000000000 0.0000000000 0.0000000000 400.0000000000
0.0000000000 0.0000000000 0.0000000000 1.0000000000

0.0000000000 0.0000000000 1.0000000000 500.0000000000
0.0000000000 1.0000000000 0.0000000000 16.1000000000
-1.0000000000 0.0000000000 0.0000000000 400.0000000000
0.0000000000 0.0000000000 0.0000000000 1.0000000000

0.0000000000 0.0000000000 1.0000000000 500.0000000000
0.0000000000 1.0000000000 0.0000000000 16.1250000000
-1.0000000000 0.0000000000 0.0000000000 400.0000000000
0.0000000000 0.0000000000 0.0000000000 1.0000000000

0.0000000000 0.0000000000 1.0000000000 500.0000000000
0.0000000000 1.0000000000 0.0000000000 16.1500000000
-1.0000000000 0.0000000000 0.0000000000 400.0000000000
0.0000000000 0.0000000000 0.0000000000 1.0000000000

0.0000000000 0.0000000000 1.0000000000 500.0000000000
0.0000000000 1.0000000000 0.0000000000 16.1750000000
-1.0000000000 0.0000000000 0.0000000000 400.0000000000
0.0000000000 0.0000000000 0.0000000000 1.0000000000

0.0000000000 0.0000000000 1.0000000000 500.0000000000
0.0000000000 1.0000000000 0.0000000000 16.2000000000
-1.0000000000 0.0000000000 0.0000000000 400.0000000000
0.0000000000 0.0000000000 0.0000000000 1.0000000000

0.0000000000 0.0000000000 1.0000000000 500.0000000000
0.0000000000 1.0000000000 0.0000000000 16.2250000000
-1.0000000000 0.0000000000 0.0000000000 400.0000000000
0.0000000000 0.0000000000 0.0000000000 1.0000000000

0.0000000000 0.0000000000 1.0000000000 500.0000000000
0.0000000000 1.0000000000 0.0000000000 16.2500000000
-1.0000000000 0.0000000000 0.0000000000 400.0000000000
0.0000000000 0.0000000000 0.0000000000 1.0000000000

0.0000000000 0.0000000000 1.0000000000 500.0000000000
0.0000000000 1.0000000000 0.0000000000 16.2750000000
-1.0000000000 0.0000000000 0.0000000000 400.0000000000
0.0000000000 0.0000000000 0.0000000000 1.0000000000

0.0000000000 0.0000000000 1.0000000000 500.0000000000
0.0000000000 1.0000000000 0.0000000000 16.3000000000
-1.0000000000 0.0000000000 0.0000000000 400.0000000000
0.0000000000 0.0000000000 0.0000000000 1.0000000000

0.0000000000 0.0000000000 1.0000000000 500.0000000000
0.0000000000 1.0000000000 0.0000000000 16.3250000000
-1.0000000000 0.0000000000 0.0000000000 400.0000000000
0.0000000000 0.0000000000 0.0000000000 1.0000000000

0.0000000000 0.0000000000 1.0000000000 500.0000000000
0.0000000000 1.0000000000 0.0000000000 16.3500000000
-1.0000000000 0.0000000000 0.0000000000 400.0000000000
0.0000000000 0.0000000000 0.0000000000 1.0000000000

0.0000000000 0.0000000000 1.0000000000 500.0000000000
0.0000000000 1.0000000000 0.0000000000 16.3750000000
-1.0000000000 0.0000000000 0.0000000000 400.0000000000
0.0000000000 0.0000000000 0.0000000000 1.0000000000

0.0000000000 0.0000000000 1.0000000000 500.0000000000
0.0000000000 1.0000000000 0.0000000000 16.4000000000
-1.0000000000 0.0000000000 0.0000000000 400.0000000000
0.0000000000 0.0000000000 0.0000000000 1.0000000000

0.0000000000 0.0000000000 1.0000000000 500.0000000000
0.0000000000 1.0000000000 0.0000000000 16.4250000000
-1.0000000000 0.0000000000 0.0000000000 400.0000000000
0.0000000000 0.0000000000 0.0000000000 1.0000000000

0.0000000000 0.0000000000 1.0000000000 500.0000000000
0.0000000000 1.0000000000 0.0000000000 16.4500000000
-1.0000000000 0.0000000000 0.0000000000 400.0000000000
0.0000000000 0.0000000000 0.0000000000 1.0000000000

0.0000000000 0.0000000000 1.0000000000 500.0000000000
0.0000000000 1.0000000000 0.0000000000 16.4750000000
-1.0000000000 0.0000000000 0.0000000000 400.0000000000
0.0000000000 0.0000000000 0.0000000000 1.0000000000

0.0000000000 0.0000000000 1.0000000000 500.0000000000
0.0000000000 1.0000000000 0.0000000000 16.5000000000
-1.0000000000 0.0000000000 0.0000000000 400.0000000000
0.0000000000 0.0000000000 0.0000000000 1.0000000000

0.0000000000 0.0000000000 1.0000000000 500.0000000000
0.0000000000 1.0000000000 0.0000000000 16.5250000000
-1.0000000000 0.0000000000 0.0000000000 400.0000000000
0.0000000000 0.0000000000 0.0000000000 1.0000000000

0.0000000000 0.0000000000 1.0000000000 500.0000000000
0.0000000000 1.0000000000 0.0000000000 16.5500000000
-1.0000000000 0.0000000000 0.0000000000 400.0000000000
0.0000000000 0.0000000000 0.0000000000 1.0000000000

0.0000000000 0.0000000000 1.0000000000 500.0000000000
0.0000000000 1.0000000000 0.0000000000 16.5750000000
-1.0000000000 0.0000000000 0.0000000000 400.0000000000
0.0000000000 0.0000000000 0.0000000000 1.0000000000

0.0000000000 0.0000000000 1.0000000000 500.0000000000
0.0000000000 1.0000000000 0.0000000000 16.6000000000
-1.0000000000 0.0000000000 0.0000000000 400.0000000000
0.0000000000 0.0000000000 0.0000000000 1.0000000000

0.0000000000 0.0000000000 1.0000000000 500.0000000000
0.0000000000 1.0000000000 0.0000000000 16.6250000000
-1.0000000000 0.0000000000 0.0000000000 400.0000000000
0.0000000000 0.0000000000 0.0000000000 1.0000000000

0.0000000000 0.0000000000 1.0000000000 500.0000000000
0.0000000000 1.0000000000 0.0000000000 16.6500000000
-1.0000000000 0.0000000000 0.0000000000 400.0000000000
0.0000000000 0.0000000000 0.0000000000 1.0000000000

0.0000000000 0.0000000000 1.0000000000 500.0000000000
0.0000000000 1.0000000000 0.0000000000 16.6750000000
-1.0000000000 0.0000000000 0.0000000000 400.0000000000
0.0000000000 0.0000000000 0.0000000000 1.0000000000

0.0000000000 0.0000000000 1.0000000000 500.0000000000
0.0000000000 1.0000000000 0.0000000000 16.7000000000
-1.0000000000 0.0000000000 0.0000000000 400.0000000000
0.0000000000 0.0000000000 0.0000000000 1.0000000000

0.0000000000 0.0000000000 1.0000000000 500.0000000000
0.0000000000 1.0000000000 0.0000000000 16.7250000000
-1.0000000000 0.0000000000 0.0000000000 400.0000000000
0.0000000000 0.0000000000 0.0000000000 1.0000000000

0.0000000000 0.0000000000 1.0000000000 500.0000000000
0.0000000000 1.0000000000 0.0000000000 16.7500000000
-1.0000000000 0.0000000000 0.0000000000 400.0000000000
0.0000000000 0.0000000000 0.0000000000 1.0000000000

0.0000000000 0.0000000000 1.0000000000 500.0000000000
0.0000000000 1.0000000000 0.0000000000 16.7750000000
-1.0000000000 0.0000000000 0.0000000000 400.0000000000
0.0000000000 0.0000000000 0.0000000000 1.0000000000

0.0000000000 0.0000000000 1.0000000000 500.0000000000
0.0000000000 1.0000000000 0.0000000000 16.8000000000
-1.0000000000 0.0000000000 0.0000000000 400.0000000000
0.0000000000 0.0000000000 0.0000000000 1.0000000000

0.0000000000 0.0000000000 1.0000000000 500.0000000000
0.0000000000 1.0000000000 0.0000000000 16.8250000000
-1.0000000000 0.0000000000 0.0000000000 400.0000000000
0.0000000000 0.0000000000 0.0000000000 1.0000000000

0.0000000000 0.0000000000 1.0000000000 500.0000000000
0.0000000000 1.0000000000 0.0000000000 16.8500000000
-1.0000000000 0.0000000000 0.0000000000 400.0000000000
0.0000000000 0.0000000000 0.0000000000 1.0000000000

0.0000000000 0.0000000000 1.0000000000 500.0000000000
0.0000000000 1.0000000000 0.0000000000 16.8750000000
-1.0000000000 0.0000000000 0.0000000000 400.0000000000
0.0000000000 0.0000000000 0.0000000000 1.0000000000

0.0000000000 0.0000000000 1.0000000000 500.0000000000
0.0000000000 1.0000000000 0.0000000000 16.9000000000
-1.0000000000 0.0000000000 0.0000000000 400.0000000000
0.0000000000 0.0000000000 0.0000000000 1.0000000000

0.0000000000 0.0000000000 1.0000000000 500.0000000000
0.0000000000 1.0000000000 0.0000000000 16.9250000000
-1.0000000000 0.0000000000 0.0000000000 400.0000000000
0.0000000000 0.0000000000 0.0000000000 1.0000000000

0.0000000000 0.0000000000 1.0000000000 500.0000000000
0.0000000000 1.0000000000 0.0000000000 16.9500000000
-1.0000000000 0.0000000000 0.0000000000 400.0000000000
0.0000000000 0.0000000000 0.0000000000 1.0000000000

0.0000000000 0.0000000000 1.0000000000 500.0000000000
0.0000000000 1.0000000000 0.0000000000 16.9750000000
-1.0000000000 0.0000000000 0.0000000000 400.0000000000
0.0000000000 0.0000000000 0.0000000000 1.0000000000

0.0000000000 0.0000000000 1.0000000000 500.0000000000
0.0000000000 1.0000000000 0.0000000000 17.0000000000
-1.0000000000 0.0000000000 0.0000000000 400.0000000000
0.0000000000 0.0000000000 0.0000000000 1.0000000000

0.0000000000 0.0000000000 1.0000000000 500.0000000000
0.0000000000 1.0000000000 0.0000000000 17.0250000000
-1.0000000000 0.0000000000 0.0000000000 400.0000000000
0.0000000000 0.0000000000 0.0000000000 1.0000000000

0.0000000000 0.0000000000 1.0000000000 500.0000000000
0.0000000000 1.0000000000 0.0000000000 17.0500000000
-1.0000000000 0.0000000000 0.0000000000 400.0000000000
0.0000000000 0.0000000000 0.0000000000 1.0000000000

0.0000000000 0.0000000000 1.0000000000 500.0000000000
0.0000000000 1.0000000000 0.0000000000 17.0750000000
-1.0000000000 0.0000000000 0.0000000000 400.0000000000
0.0000000000 0.0000000000 0.0000000000 1.0000000000

0.0000000000 0.0000000000 1.0000000000 500.0000000000
0.0000000000 1.0000000000 0.0000000000 17.1000000000
-1.0000000000 0.0000000000 0.0000000000 400.0000000000
0.0000000000 0.0000000000 0.0000000000 1.0000000000

0.0000000000 0.0000000000 1.0000000000 500.0000000000
0.0000000000 1.0000000000 0.0000000000 17.1250000000
-1.0000000000 0.0000000000 0.0000000000 400.0000000000
0.0000000000 0.0000000000 0.0000000000 1.0000000000

0.0000000000 0.0000000000 1.0000000000 500.0000000000
0.0000000000 1.0000000000 0.0000000000 17.1500000000
-1.0000000000 0.0000000000 0.0000000000 400.0000000000
0.0000000000 0.0000000000 0.0000000000 1.0000000000

0.0000000000 0.0000000000 1.0000000000 500.0000000000
0.0000000000 1.0000000000 0.0000000000 17.1750000000
-1.0000000000 0.0000000000 0.0000000000 400.0000000000
0.0000000000 0.0000000000 0.0000000000 1.0000000000

0.0000000000 0.0000000000 1.0000000000 500.0000000000
0.0000000000 1.0000000000 0.0000000000 17.2000000000
-1.0000000000 0.0000000000 0.0000000000 400.0000000000
0.0000000000 0.0000000000 0.0000000000 1.0000000000

0.0000000000 0.0000000000 1.0000000000 500.0000000000
0.0000000000 1.0000000000 0.0000000000 17.2250000000
-1.0000000000 0.0000000000 0.0000000000 400.0000000000
0.0000000000 0.0000000000 0.0000000000 1.0000000000

0.0000000000 0.0000000000 1.0000000000 500.0000000000
0.0000000000 1.0000000000 0.0000000000 17.2500000000
-1.0000000000 0.0000000000 0.0000000000 400.0000000000
0.0000000000 0.0000000000 0.0000000000 1.0000000000

0.0000000000 0.0000000000 1.0000000000 500.0000000000
0.0000000000 1.0000000000 0.0000000000 17.2750000000
-1.0000000000 0.0000000000 0.0000000000 400.0000000000
0.0000000000 0.0000000000 0.0000000000 1.0000000000

0.0000000000 0.0000000000 1.0000000000 500.0000000000
0.0000000000 1.0000000000 0.0000000000 17.3000000000
-1.0000000000 0.0000000000 0.0000000000 400.0000000000
0.0000000000 0.0000000000 0.0000000000 1.0000000000

0.0000000000 0.0000000000 1.0000000000 500.0000000000
0.0000000000 1.0000000000 0.0000000000 17.3250000000
-1.0000000000 0.0000000000 0.0000000000 400.0000000000
0.0000000000 0.0000000000 0.0000000000 1.0000000000

0.0000000000 0.0000000000 1.0000000000 500.0000000000
0.0000000000 1.0000000000 0.0000000000 17.3500000000
-1.0000000000 0.0000000000 0.0000000000 400.0000000000
0.0000000000 0.0000000000 0.0000000000 1.0000000000

0.0000000000 0.0000000000 1.0000000000 500.0000000000
0.0000000000 1.0000000000 0.0000000000 17.3750000000
-1.0000000000 0.0000000000 0.0000000000 400.0000000000
0.0000000000 0.0000000000 0.0000000000 1.0000000000

0.0000000000 0.0000000000 1.0000000000 500.0000000000
0.0000000000 1.0000000000 0.0000000000 17.4000000000
-1.0000000000 0.0000000000 0.0000000000 400.0000000000
0.0000000000 0.0000000000 0.0000000000 1.0000000000

0.0000000000 0.0000000000 1.0000000000 500.0000000000
0.0000000000 1.0000000000 0.0000000000 17.4250000000
-1.0000000000 0.0000000000 0.0000000000 400.0000000000
0.0000000000 0.0000000000 0.0000000000 1.0000000000

0.0000000000 0.0000000000 1.0000000000 500.0000000000
0.0000000000 1.0000000000 0.0000000000 17.4500000000
-1.0000000000 0.0000000000 0.0000000000 400.0000000000
0.0000000000 0.0000000000 0.0000000000 1.0000000000

0.0000000000 0.0000000000 1.0000000000 500.0000000000
0.0000000000 1.0000000000 0.0000000000 17.4750000000
-1.0000000000 0.0000000000 0.0000000000 400.0000000000
0.0000000000 0.0000000000 0.0000000000 1.0000000000

0.0000000000 0.0000000000 1.0000000000 500.0000000000
0.0000000000 1.0000000000 0.0000000000 17.5000000000
-1.0000000000 0.0000000000 0.0000000000 400.0000000000
0.0000000000 0.0000000000 0.0000000000 1.0000000000

0.0000000000 0.0000000000 1.0000000000 500.0000000000
0.0000000000 1.0000000000 0.0000000000 17.5250000000
-1.0000000000 0.0000000000 0.0000000000 400.0000000000
0.0000000000 0.0000000000 0.0000000000 1.0000000000

0.0000000000 0.0000000000 1.0000000000 500.0000000000
0.0000000000 1.0000000000 0.0000000000 17.5500000000
-1.0000000000 0.0000000000 0.0000000000 400.0000000000
0.0000000000 0.0000000000 0.0000000000 1.0000000000

0.0000000000 0.0000000000 1.0000000000 500.0000000000
0.0000000000 1.0000000000 0.0000000000 17.5750000000
-1.0000000000 0.0000000000 0.0000000000 400.0000000000
0.0000000000 0.0000000000 0.0000000000 1.0000000000

0.0000000000 0.0000000000 1.0000000000 500.0000000000
0.0000000000 1.0000000000 0.0000000000 17.6000000000
-1.0000000000 0.0000000000 0.0000000000 400.0000000000
0.0000000000 0.0000000000 0.0000000000 1.0000000000

0.0000000000 0.0000000000 1.0000000000 500.0000000000
0.0000000000 1.0000000000 0.0000000000 17.6250000000
-1.0000000000 0.0000000000 0.0000000000 400.0000000000
0.0000000000 0.0000000000 0.0000000000 1.0000000000

0.0000000000 0.0000000000 1.0000000000 500.0000000000
0.0000000000 1.0000000000 0.0000000000 17.6500000000
-1.0000000000 0.0000000000 0.0000000000 400.0000000000
0.0000000000 0.0000000000 0.0000000000 1.0000000000

0.0000000000 0.0000000000 1.0000000000 500.0000000000
0.0000000000 1.0000000000 0.0000000000 17.6750000000
-1.0000000000 0.0000000000 0.0000000000 400.0000000000
0.0000000000 0.0000000000 0.0000000000 1.0000000000

0.0000000000 0.0000000000 1.0000000000 500.0000000000
0.0000000000 1.0000000000 0.0000000000 17.7000000000
-1.0000000000 0.0000000000 0.0000000000 400.0000000000
0.0000000000 0.0000000000 0.0000000000 1.0000000000

0.0000000000 0.0000000000 1.0000000000 500.0000000000
0.0000000000 1.0000000000 0.0000000000 17.7250000000
-1.0000000000 0.0000000000 0.0000000000 400.0000000000
0.0000000000 0.0000000000 0.0000000000 1.0000000000

0.0000000000 0.0000000000 1.0000000000 500.0000000000
0.0000000000 1.0000000000 0.0000000000 17.7500000000
-1.0000000000 0.0000000000 0.0000000000 400.0000000000
0.0000000000 0.0000000000 0.0000000000 1.0000000000

0.0000000000 0.0000000000 1.0000000000 500.0000000000
0.0000000000 1.0000000000 0.0000000000 17.7750000000
-1.0000000000 0.0000000000 0.0000000000 400.0000000000
0.0000000000 0.0000000000 0.0000000000 1.0000000000

0.0000000000 0.0000000000 1.0000000000 500.0000000000
0.0000000000 1.0000000000 0.0000000000 17.8000000000
-1.0000000000 0.0000000000 0.0000000000 400.0000000000
0.0000000000 0.0000000000 0.0000000000 1.0000000000

0.0000000000 0.0000000000 1.0000000000 500.0000000000
0.0000000000 1.0000000000 0.0000000000 17.8250000000
-1.0000000000 0.0000000000 0.0000000000 400.0000000000
0.0000000000 0.0000000000 0.0000000000 1.0000000000

0.0000000000 0.0000000000 1.0000000000 500.0000000000
0.0000000000 1.0000000000 0.0000000000 17.8500000000
-1.0000000000 0.0000000000 0.0000000000 400.0000000000
0.0000000000 0.0000000000 0.0000000000 1.0000000000

0.0000000000 0.0000000000 1.0000000000 500.0000000000
0.0000000000 1.0000000000 0.0000000000 17.8750000000
-1.0000000000 0.0000000000 0.0000000000 400.0000000000
0.0000000000 0.0000000000 0.0000000000 1.0000000000

0.0000000000 0.0000000000 1.0000000000 500.0000000000
0.0000000000 1.0000000000 0.0000000000 17.9000000000
-1.0000000000 0.0000000000 0.0000000000 400.0000000000
0.0000000000 0.0000000000 0.0000000000 1.0000000000

0.0000000000 0.0000000000 1.0000000000 500.0000000000
0.0000000000 1.0000000000 0.0000000000 17.9250000000
-1.0000000000 0.0000000000 0.0000000000 400.0000000000
0.0000000000 0.0000000000 0.0000000000 1.0000000000

0.0000000000 0.0000000000 1.0000000000 500.0000000000
0.0000000000 1.0000000000 0.0000000000 17.9500000000
-1.0000000000 0.0000000000 0.0000000000 400.0000000000
0.0000000000 0.0000000000 0.0000000000 1.0000000000

0.0000000000 0.0000000000 1.0000000000 500.0000000000
0.0000000000 1.0000000000 0.0000000000 17.9750000000
-1.0000000000 0.0000000000 0.0000000000 400.0000000000
0.0000000000 0.0000000000 0.0000000000 1.0000000000

0.0000000000 0.0000000000 1.0000000000 500.0000000000
0.0000000000 1.0000000000 0.0000000000 18.0000000000
-1.0000000000 0.0000000000 0.0000000000 400.0000000000
0.0000000000 0.0000000000 0.0000000000 1.0000000000

0.0000000000 0.0000000000 1.0000000000 500.0000000000
0.0000000000 1.0000000000 0.0000000000 18.0250000000
-1.0000000000 0.0000000000 0.0000000000 400.0000000000
0.0000000000 0.0000000000 0.0000000000 1.0000000000

0.0000000000 0.0000000000 1.0000000000 500.0000000000
0.0000000000 1.0000000000 0.0000000000 18.0500000000
-1.0000000000 0.0000000000 0.0000000000 400.0000000000
0.0000000000 0.0000000000 0.0000000000 1.0000000000

0.0000000000 0.0000000000 1.0000000000 500.0000000000
0.0000000000 1.0000000000 0.0000000000 18.0750000000
-1.0000000000 0.0000000000 0.0000000000 400.0000000000
0.0000000000 0.0000000000 0.0000000000 1.0000000000

0.0000000000 0.0000000000 1.0000000000 500.0000000000
0.0000000000 1.0000000000 0.0000000000 18.1000000000
-1.0000000000 0.0000000000 0.0000000000 400.0000000000
0.0000000000 0.0000000000 0.0000000000 1.0000000000

0.0000000000 0.0000000000 1.0000000000 500.0000000000
0.0000000000 1.0000000000 0.0000000000 18.1250000000
-1.0000000000 0.0000000000 0.0000000000 400.0000000000
0.0000000000 0.0000000000 0.0000000000 1.0000000000

0.0000000000 0.0000000000 1.0000000000 500.0000000000
0.0000000000 1.0000000000 0.0000000000 18.1500000000
-1.0000000000 0.0000000000 0.0000000000 400.0000000000
0.0000000000 0.0000000000 0.0000000000 1.0000000000

0.0000000000 0.0000000000 1.0000000000 500.0000000000
0.0000000000 1.0000000000 0.0000000000 18.1750000000
-1.0000000000 0.0000000000 0.0000000000 400.0000000000
0.0000000000 0.0000000000 0.0000000000 1.0000000000

0.0000000000 0.0000000000 1.0000000000 500.0000000000
0.0000000000 1.0000000000 0.0000000000 18.2000000000
-1.0000000000 0.0000000000 0.0000000000 400.0000000000
0.0000000000 0.0000000000 0.0000000000 1.0000000000

0.0000000000 0.0000000000 1.0000000000 500.0000000000
0.0000000000 1.0000000000 0.0000000000 18.2250000000
-1.0000000000 0.0000000000 0.0000000000 400.0000000000
0.0000000000 0.0000000000 0.0000000000 1.0000000000

0.0000000000 0.0000000000 1.0000000000 500.0000000000
0.0000000000 1.0000000000 0.0000000000 18.2500000000
-1.0000000000 0.0000000000 0.0000000000 400.0000000000
0.0000000000 0.0000000000 0.0000000000 1.0000000000

0.0000000000 0.0000000000 1.0000000000 500.0000000000
0.0000000000 1.0000000000 0.0000000000 18.2750000000
-1.0000000000 0.0000000000 0.0000000000 400.0000000000
0.0000000000 0.0000000000 0.0000000000 1.0000000000

0.0000000000 0.0000000000 1.0000000000 500.0000000000
0.0000000000 1.0000000000 0.0000000000 18.3000000000
-1.0000000000 0.0000000000 0.0000000000 400.0000000000
0.0000000000 0.0000000000 0.0000000000 1.0000000000

0.0000000000 0.0000000000 1.0000000000 500.0000000000
0.0000000000 1.0000000000 0.0000000000 18.3250000000
-1.0000000000 0.0000000000 0.0000000000 400.0000000000
0.0000000000 0.0000000000 0.0000000000 1.0000000000

0.0000000000 0.0000000000 1.0000000000 500.0000000000
0.0000000000 1.0000000000 0.0000000000 18.3500000000
-1.0000000000 0.0000000000 0.0000000000 400.0000000000
0.0000000000 0.0000000000 0.0000000000 1.0000000000

0.0000000000 0.0000000000 1.0000000000 500.0000000000
0.0000000000 1.0000000000 0.0000000000 18.3750000000
-1.0000000000 0.0000000000 0.0000000000 400.0000000000
0.0000000000 0.0000000000 0.0000000000 1.0000000000

0.0000000000 0.0000000000 1.0000000000 500.0000000000
0.0000000000 1.0000000000 0.0000000000 18.4000000000
-1.0000000000 0.0000000000 0.0000000000 400.0000000000
0.0000000000 0.0000000000 0.0000000000 1.0000000000

0.0000000000 0.0000000000 1.0000000000 500.0000000000
0.0000000000 1.0000000000 0.0000000000 18.4250000000
-1.0000000000 0.0000000000 0.0000000000 400.0000000000
0.0000000000 0.0000000000 0.0000000000 1.0000000000

0.0000000000 0.0000000000 1.0000000000 500.0000000000
0.0000000000 1.0000000000 0.0000000000 18.4500000000
-1.0000000000 0.0000000000 0.0000000000 400.0000000000
0.0000000000 0.0000000000 0.0000000000 1.0000000000

0.0000000000 0.0000000000 1.0000000000 500.0000000000
0.0000000000 1.0000000000 0.0000000000 18.4750000000
-1.0000000000 0.0000000000 0.0000000000 400.0000000000
0.0000000000 0.0000000000 0.0000000000 1.0000000000

0.0000000000 0.0000000000 1.0000000000 500.0000000000
0.0000000000 1.0000000000 0.0000000000 18.5000000000
-1.0000000000 0.0000000000 0.0000000000 400.0000000000
0.0000000000 0.0000000000 0.0000000000 1.0000000000

0.0000000000 0.0000000000 1.0000000000 500.0000000000
0.0000000000 1.0000000000 0.0000000000 18.5250000000
-1.0000000000 0.0000000000 0.0000000000 400.0000000000
0.0000000000 0.0000000000 0.0000000000 1.0000000000

0.0000000000 0.0000000000 1.0000000000 500.0000000000
0.0000000000 1.0000000000 0.0000000000 18.5500000000
-1.0000000000 0.0000000000 0.0000000000 400.0000000000
0.0000000000 0.0000000000 0.0000000000 1.0000000000

0.0000000000 0.0000000000 1.0000000000 500.0000000000
0.0000000000 1.0000000000 0.0000000000 18.5750000000
-1.0000000000 0.0000000000 0.0000000000 400.0000000000
0.0000000000 0.0000000000 0.0000000000 1.0000000000

0.0000000000 0.0000000000 1.0000000000 500.0000000000
0.0000000000 1.0000000000 0.0000000000 18.6000000000
-1.0000000000 0.0000000000 0.0000000000 400.0000000000
0.0000000000 0.0000000000 0.0000000000 1.0000000000

0.0000000000 0.0000000000 1.0000000000 500.0000000000
0.0000000000 1.0000000000 0.0000000000 18.6250000000
-1.0000000000 0.0000000000 0.0000000000 400.0000000000
0.0000000000 0.0000000000 0.0000000000 1.0000000000

0.0000000000 0.0000000000 1.0000000000 500.0000000000
0.0000000000 1.0000000000 0.0000000000 18.6500000000
-1.0000000000 0.0000000000 0.0000000000 400.0000000000
0.0000000000 0.0000000000 0.0000000000 1.0000000000

0.0000000000 0.0000000000 1.0000000000 500.0000000000
0.0000000000 1.0000000000 0.0000000000 18.6750000000
-1.0000000000 0.0000000000 0.0000000000 400.0000000000
0.0000000000 0.0000000000 0.0000000000 1.0000000000

0.0000000000 0.0000000000 1.0000000000 500.0000000000
0.0000000000 1.0000000000 0.0000000000 18.7000000000
-1.0000000000 0.0000000000 0.0000000000 400.0000000000
0.0000000000 0.0000000000 0.0000000000 1.0000000000

0.0000000000 0.0000000000 1.0000000000 500.0000000000
0.0000000000 1.0000000000 0.0000000000 18.7250000000
-1.0000000000 0.0000000000 0.0000000000 400.0000000000
0.0000000000 0.0000000000 0.0000000000 1.0000000000

0.0000000000 0.0000000000 1.0000000000 500.0000000000
0.0000000000 1.0000000000 0.0000000000 18.7500000000
-1.0000000000 0.0000000000 0.0000000000 400.0000000000
0.0000000000 0.0000000000 0.0000000000 1.0000000000

0.0000000000 0.0000000000 1.0000000000 500.0000000000
0.0000000000 1.0000000000 0.0000000000 18.7750000000
-1.0000000000 0.0000000000 0.0000000000 400.0000000000
0.0000000000 0.0000000000 0.0000000000 1.0000000000

0.0000000000 0.0000000000 1.0000000000 500.0000000000
0.0000000000 1.0000000000 0.0000000000 18.8000000000
-1.0000000000 0.0000000000 0.0000000000 400.0000000000
0.0000000000 0.0000000000 0.0000000000 1.0000000000

0.0000000000 0.0000000000 1.0000000000 500.0000000000
0.0000000000 1.0000000000 0.0000000000 18.8250000000
-1.0000000000 0.0000000000 0.0000000000 400.0000000000
0.0000000000 0.0000000000 0.0000000000 1.0000000000

0.0000000000 0.0000000000 1.0000000000 500.0000000000
0.0000000000 1.0000000000 0.0000000000 18.8500000000
-1.0000000000 0.0000000000 0.0000000000 400.0000000000
0.0000000000 0.0000000000 0.0000000000 1.0000000000

0.0000000000 0.0000000000 1.0000000000 500.0000000000
0.0000000000 1.0000000000 0.0000000000 18.8750000000
-1.0000000000 0.0000000000 0.0000000000 400.0000000000
0.0000000000 0.0000000000 0.0000000000 1.0000000000

0.0000000000 0.0000000000 1.0000000000 500.0000000000
0.0000000000 1.0000000000 0.0000000000 18.9000000000
-1.0000000000 0.0000000000 0.0000000000 400.0000000000
0.0000000000 0.0000000000 0.0000000000 1.0000000000

0.0000000000 0.0000000000 1.0000000000 500.0000000000
0.0000000000 1.0000000000 0.0000000000 18.9250000000
-1.0000000000 0.0000000000 0.0000000000 400.0000000000
0.0000000000 0.0000000000 0.0000000000 1.0000000000

0.0000000000 0.0000000000 1.0000000000 500.0000000000
0.0000000000 1.0000000000 0.0000000000 18.9500000000
-1.0000000000 0.0000000000 0.0000000000 400.0000000000
0.0000000000 0.0000000000 0.0000000000 1.0000000000

0.0000000000 0.0000000000 1.0000000000 500.0000000000
0.0000000000 1.0000000000 0.0000000000 18.9750000000
-1.0000000000 0.0000000000 0.0000000000 400.0000000000
0.0000000000 0.0000000000 0.0000000000 1.0000000000

0.0000000000 0.0000000000 1.0000000000 500.0000000000
0.0000000000 1.0000000000 0.0000000000 19.0000000000
-1.0000000000 0.0000000000 0.0000000000 400.0000000000
0.0000000000 0.0000000000 0.0000000000 1.0000000000

0.0000000000 0.0000000000 1.0000000000 500.0000000000
0.0000000000 1.0000000000 0.0000000000 19.0250000000
-1.0000000000 0.0000000000 0.0000000000 400.0000000000
0.0000000000 0.0000000000 0.0000000000 1.0000000000

0.0000000000 0.0000000000 1.0000000000 500.0000000000
0.0000000000 1.0000000000 0.0000000000 19.0500000000
-1.0000000000 0.0000000000 0.0000000000 400.0000000000
0.0000000000 0.0000000000 0.0000000000 1.0000000000

0.0000000000 0.0000000000 1.0000000000 500.0000000000
0.0000000000 1.0000000000 0.0000000000 19.0750000000
-1.0000000000 0.0000000000 0.0000000000 400.0000000000
0.0000000000 0.0000000000 0.0000000000 1.0000000000

0.0000000000 0.0000000000 1.0000000000 500.0000000000
0.0000000000 1.0000000000 0.0000000000 19.1000000000
-1.0000000000 0.0000000000 0.0000000000 400.0000000000
0.0000000000 0.0000000000 0.0000000000 1.0000000000

0.0000000000 0.0000000000 1.0000000000 500.0000000000
0.0000000000 1.0000000000 0.0000000000 19.1250000000
-1.0000000000 0.0000000000 0.0000000000 400.0000000000
0.0000000000 0.0000000000 0.0000000000 1.0000000000

0.0000000000 0.0000000000 1.0000000000 500.0000000000
0.0000000000 1.0000000000 0.0000000000 19.1500000000
-1.0000000000 0.0000000000 0.0000000000 400.0000000000
0.0000000000 0.0000000000 0.0000000000 1.0000000000

0.0000000000 0.0000000000 1.0000000000 500.0000000000
0.0000000000 1.0000000000 0.0000000000 19.1750000000
-1.0000000000 0.0000000000 0.0000000000 400.0000000000
0.0000000000 0.0000000000 0.0000000000 1.0000000000

0.0000000000 0.0000000000 1.0000000000 500.0000000000
0.0000000000 1.0000000000 0.0000000000 19.2000000000
-1.0000000000 0.0000000000 0.0000000000 400.0000000000
0.0000000000 0.0000000000 0.0000000000 1.0000000000

0.0000000000 0.0000000000 1.0000000000 500.0000000000
0.0000000000 1.0000000000 0.0000000000 19.2250000000
-1.0000000000 0.0000000000 0.0000000000 400.0000000000
0.0000000000 0.0000000000 0.0000000000 1.0000000000

0.0000000000 0.0000000000 1.0000000000 500.0000000000
0.0000000000 1.0000000000 0.0000000000 19.2500000000
-1.0000000000 0.0000000000 0.0000000000 400.0000000000
0.0000000000 0.0000000000 0.0000000000 1.0000000000

0.0000000000 0.0000000000 1.0000000000 500.0000000000
0.0000000000 1.0000000000 0.0000000000 19.2750000000
-1.0000000000 0.0000000000 0.0000000000 400.0000000000
0.0000000000 0.0000000000 0.0000000000 1.0000000000

0.0000000000 0.0000000000 1.0000000000 500.0000000000
0.0000000000 1.0000000000 0.0000000000 19.3000000000
-1.0000000000 0.0000000000 0.0000000000 400.0000000000
0.0000000000 0.0000000000 0.0000000000 1.0000000000

0.0000000000 0.0000000000 1.0000000000 500.0000000000
0.0000000000 1.0000000000 0.0000000000 19.3250000000
-1.0000000000 0.0000000000 0.0000000000 400.0000000000
0.0000000000 0.0000000000 0.0000000000 1.0000000000

0.0000000000 0.0000000000 1.0000000000 500.0000000000
0.0000000000 1.0000000000 0.0000000000 19.3500000000
-1.0000000000 0.0000000000 0.0000000000 400.0000000000
0.0000000000 0.0000000000 0.0000000000 1.0000000000

0.0000000000 0.0000000000 1.0000000000 500.0000000000
0.0000000000 1.0000000000 0.0000000000 19.3750000000
-1.0000000000 0.0000000000 0.0000000000 400.0000000000
0.0000000000 0.0000000000 0.0000000000 1.0000000000

0.0000000000 0.0000000000 1.0000000000 500.0000000000
0.0000000000 1.0000000000 0.0000000000 19.4000000000
-1.0000000000 0.0000000000 0.0000000000 400.0000000000
0.0000000000 0.0000000000 0.0000000000 1.0000000000

0.0000000000 0.0000000000 1.0000000000 500.0000000000
0.0000000000 1.0000000000 0.0000000000 19.4250000000
-1.0000000000 0.0000000000 0.0000000000 400.0000000000
0.0000000000 0.0000000000 0.0000000000 1.0000000000

0.0000000000 0.0000000000 1.0000000000 500.0000000000
0.0000000000 1.0000000000 0.0000000000 19.4500000000
-1.0000000000 0.0000000000 0.0000000000 400.0000000000
0.0000000000 0.0000000000 0.0000000000 1.0000000000

0.0000000000 0.0000000000 1.0000000000 500.0000000000
0.0000000000 1.0000000000 0.0000000000 19.4750000000
-1.0000000000 0.0000000000 0.0000000000 400.0000000000
0.0000000000 0.0000000000 0.0000000000 1.0000000000

0.0000000000 0.0000000000 1.0000000000 500.0000000000
0.0000000000 1.0000000000 0.0000000000 19.5000000000
-1.0000000000 0.0000000000 0.0000000000 400.0000000000
0.0000000000 0.0000000000 0.0000000000 1.0000000000

0.0000000000 0.0000000000 1.0000000000 500.0000000000
0.0000000000 1.0000000000 0.0000000000 19.5250000000
-1.0000000000 0.0000000000 0.0000000000 400.0000000000
0.0000000000 0.0000000000 0.0000000000 1.0000000000

0.0000000000 0.0000000000 1.0000000000 500.0000000000
0.0000000000 1.0000000000 0.0000000000 19.5500000000
-1.0000000000 0.0000000000 0.0000000000 400.0000000000
0.0000000000 0.0000000000 0.0000000000 1.0000000000

0.0000000000 0.0000000000 1.0000000000 500.0000000000
0.0000000000 1.0000000000 0.0000000000 19.5750000000
-1.0000000000 0.0000000000 0.0000000000 400.0000000000
0.0000000000 0.0000000000 0.0000000000 1.0000000000

0.0000000000 0.0000000000 1.0000000000 500.0000000000
0.0000000000 1.0000000000 0.0000000000 19.6000000000
-1.0000000000 0.0000000000 0.0000000000 400.0000000000
0.0000000000 0.0000000000 0.0000000000 1.0000000000

0.0000000000 0.0000000000 1.0000000000 500.0000000000
0.0000000000 1.0000000000 0.0000000000 19.6250000000
-1.0000000000 0.0000000000 0.0000000000 400.0000000000
0.0000000000 0.0000000000 0.0000000000 1.0000000000

0.0000000000 0.0000000000 1.0000000000 500.0000000000
0.0000000000 1.0000000000 0.0000000000 19.6500000000
-1.0000000000 0.0000000000 0.0000000000 400.0000000000
0.0000000000 0.0000000000 0.0000000000 1.0000000000

0.0000000000 0.0000000000 1.0000000000 500.0000000000
0.0000000000 1.0000000000 0.0000000000 19.6750000000
-1.0000000000 0.0000000000 0.0000000000 400.0000000000
0.0000000000 0.0000000000 0.0000000000 1.0000000000

0.0000000000 0.0000000000 1.0000000000 500.0000000000
0.0000000000 1.0000000000 0.0000000000 19.7000000000
-1.0000000000 0.0000000000 0.0000000000 400.0000000000
0.0000000000 0.0000000000 0.0000000000 1.0000000000

0.0000000000 0.0000000000 1.0000000000 500.0000000000
0.0000000000 1.0000000000 0.0000000000 19.7250000000
-1.0000000000 0.0000000000 0.0000000000 400.0000000000
0.0000000000 0.0000000000 0.0000000000 1.0000000000

0.0000000000 0.0000000000 1.0000000000 500.0000000000
0.0000000000 1.0000000000 0.0000000000 19.7500000000
-1.0000000000 0.0000000000 0.0000000000 400.0000000000
0.0000000000 0.0000000000 0.0000000000 1.0000000000

0.0000000000 0.0000000000 1.0000000000 500.0000000000
0.0000000000 1.0000000000 0.0000000000 19.7750000000
-1.0000000000 0.0000000000 0.0000000000 400.0000000000
0.0000000000 0.0000000000 0.0000000000 1.0000000000

0.0000000000 0.0000000000 1.0000000000 500.0000000000
0.0000000000 1.0000000000 0.0000000000 19.8000000000
-1.0000000000 0.0000000000 0.0000000000 400.0000000000
0.0000000000 0.0000000000 0.0000000000 1.0000000000

0.0000000000 0.0000000000 1.0000000000 500.0000000000
0.0000000000 1.0000000000 0.0000000000 19.8250000000
-1.0000000000 0.0000000000 0.0000000000 400.0000000000
0.0000000000 0.0000000000 0.0000000000 1.0000000000

0.0000000000 0.0000000000 1.0000000000 500.0000000000
0.0000000000 1.0000000000 0.0000000000 19.8500000000
-1.0000000000 0.0000000000 0.0000000000 400.0000000000
0.0000000000 0.0000000000 0.0000000000 1.0000000000

0.0000000000 0.0000000000 1.0000000000 500.0000000000
0.0000000000 1.0000000000 0.0000000000 19.8750000000
-1.0000000000 0.0000000000 0.0000000000 400.0000000000
0.0000000000 0.0000000000 0.0000000000 1.0000000000

0.0000000000 0.0000000000 1.0000000000 500.0000000000
0.0000000000 1.0000000000 0.0000000000 19.9000000000
-1.0000000000 0.0000000000 0.0000000000 400.0000000000
0.0000000000 0.0000000000 0.0000000000 1.0000000000

0.0000000000 0.0000000000 1.0000000000 500.0000000000
0.0000000000 1.0000000000 0.0000000000 19.9250000000
-1.0000000000 0.0000000000 0.0000000000 400.0000000000
0.0000000000 0.0000000000 0.0000000000 1.0000000000

0.0000000000 0.0000000000 1.0000000000 500.0000000000
0.0000000000 1.0000000000 0.0000000000 19.9500000000
-1.0000000000 0.0000000000 0.0000000000 400.0000000000
0.0000000000 0.0000000000 0.0000000000 1.0000000000

0.0000000000 0.0000000000 1.0000000000 500.0000000000
0.0000000000 1.0000000000 0.0000000000 19.9750000000
-1.0000000000 0.0000000000 0.0000000000 400.0000000000
0.0000000000 0.0000000000 0.0000000000 1.0000000000

0.0000000000 0.0000000000 1.0000000000 500.0000000000
0.0000000000 1.0000000000 0.0000000000 20.0000000000
-1.0000000000 0.0000000000 0.0000000000 400.0000000000
0.0000000000 0.0000000000 0.0000000000 1.0000000000

