0.0000000000 0.0000000000 1.0000000000 331.0637100000
0.0000000000 1.0000000000 0.0000000000 -8.5588200000
-1.0000000000 0.0000000000 0.0000000000 319.9778300000
0.0000000000 0.0000000000 0.0000000000 1.0000000000

0.0000000000 0.0000000000 1.0000000000 331.0637100000
0.0000000000 1.0000000000 0.0000000000 -8.5338200000
-1.0000000000 0.0000000000 0.0000000000 319.9778300000
0.0000000000 0.0000000000 0.0000000000 1.0000000000

0.0000000000 0.0000000000 1.0000000000 331.0637100000
0.0000000000 1.0000000000 0.0000000000 -8.5088200000
-1.0000000000 0.0000000000 0.0000000000 319.9778300000
0.0000000000 0.0000000000 0.0000000000 1.0000000000

0.0000000000 0.0000000000 1.0000000000 331.0637100000
0.0000000000 1.0000000000 0.0000000000 -8.4838200000
-1.0000000000 0.0000000000 0.0000000000 319.9778300000
0.0000000000 0.0000000000 0.0000000000 1.0000000000

0.0000000000 0.0000000000 1.0000000000 331.0637100000
0.0000000000 1.0000000000 0.0000000000 -8.4588200000
-1.0000000000 0.0000000000 0.0000000000 319.9778300000
0.0000000000 0.0000000000 0.0000000000 1.0000000000

0.0000000000 0.0000000000 1.0000000000 331.0637100000
0.0000000000 1.0000000000 0.0000000000 -8.4338200000
-1.0000000000 0.0000000000 0.0000000000 319.9778300000
0.0000000000 0.0000000000 0.0000000000 1.0000000000

0.0000000000 0.0000000000 1.0000000000 331.0637100000
0.0000000000 1.0000000000 0.0000000000 -8.4088200000
-1.0000000000 0.0000000000 0.0000000000 319.9778300000
0.0000000000 0.0000000000 0.0000000000 1.0000000000

0.0000000000 0.0000000000 1.0000000000 331.0637100000
0.0000000000 1.0000000000 0.0000000000 -8.3838200000
-1.0000000000 0.0000000000 0.0000000000 319.9778300000
0.0000000000 0.0000000000 0.0000000000 1.0000000000

0.0000000000 0.0000000000 1.0000000000 331.0637100000
0.0000000000 1.0000000000 0.0000000000 -8.3588200000
-1.0000000000 0.0000000000 0.0000000000 319.9778300000
0.0000000000 0.0000000000 0.0000000000 1.0000000000

0.0000000000 0.0000000000 1.0000000000 331.0637100000
0.0000000000 1.0000000000 0.0000000000 -8.3338200000
-1.0000000000 0.0000000000 0.0000000000 319.9778300000
0.0000000000 0.0000000000 0.0000000000 1.0000000000

0.0000000000 0.0000000000 1.0000000000 331.0637100000
0.0000000000 1.0000000000 0.0000000000 -8.3088200000
-1.0000000000 0.0000000000 0.0000000000 319.9778300000
0.0000000000 0.0000000000 0.0000000000 1.0000000000

0.0000000000 0.0000000000 1.0000000000 331.0637100000
0.0000000000 1.0000000000 0.0000000000 -8.2838200000
-1.0000000000 0.0000000000 0.0000000000 319.9778300000
0.0000000000 0.0000000000 0.0000000000 1.0000000000

0.0000000000 0.0000000000 1.0000000000 331.0637100000
0.0000000000 1.0000000000 0.0000000000 -8.2588200000
-1.0000000000 0.0000000000 0.0000000000 319.9778300000
0.0000000000 0.0000000000 0.0000000000 1.0000000000

0.0000000000 0.0000000000 1.0000000000 331.0637100000
0.0000000000 1.0000000000 0.0000000000 -8.2338200000
-1.0000000000 0.0000000000 0.0000000000 319.9778300000
0.0000000000 0.0000000000 0.0000000000 1.0000000000

0.0000000000 0.0000000000 1.0000000000 331.0637100000
0.0000000000 1.0000000000 0.0000000000 -8.2088200000
-1.0000000000 0.0000000000 0.0000000000 319.9778300000
0.0000000000 0.0000000000 0.0000000000 1.0000000000

0.0000000000 0.0000000000 1.0000000000 331.0637100000
0.0000000000 1.0000000000 0.0000000000 -8.1838200000
-1.0000000000 0.0000000000 0.0000000000 319.9778300000
0.0000000000 0.0000000000 0.0000000000 1.0000000000

0.0000000000 0.0000000000 1.0000000000 331.0637100000
0.0000000000 1.0000000000 0.0000000000 -8.1588200000
-1.0000000000 0.0000000000 0.0000000000 319.9778300000
0.0000000000 0.0000000000 0.0000000000 1.0000000000

0.0000000000 0.0000000000 1.0000000000 331.0637100000
0.0000000000 1.0000000000 0.0000000000 -8.1338200000
-1.0000000000 0.0000000000 0.0000000000 319.9778300000
0.0000000000 0.0000000000 0.0000000000 1.0000000000

0.0000000000 0.0000000000 1.0000000000 331.0637100000
0.0000000000 1.0000000000 0.0000000000 -8.1088200000
-1.0000000000 0.0000000000 0.0000000000 319.9778300000
0.0000000000 0.0000000000 0.0000000000 1.0000000000

0.0000000000 0.0000000000 1.0000000000 331.0637100000
0.0000000000 1.0000000000 0.0000000000 -8.0838200000
-1.0000000000 0.0000000000 0.0000000000 319.9778300000
0.0000000000 0.0000000000 0.0000000000 1.0000000000

0.0000000000 0.0000000000 1.0000000000 331.0637100000
0.0000000000 1.0000000000 0.0000000000 -8.0588200000
-1.0000000000 0.0000000000 0.0000000000 319.9778300000
0.0000000000 0.0000000000 0.0000000000 1.0000000000

0.0000000000 0.0000000000 1.0000000000 331.0637100000
0.0000000000 1.0000000000 0.0000000000 -8.0338200000
-1.0000000000 0.0000000000 0.0000000000 319.9778300000
0.0000000000 0.0000000000 0.0000000000 1.0000000000

0.0000000000 0.0000000000 1.0000000000 331.0637100000
0.0000000000 1.0000000000 0.0000000000 -8.0088200000
-1.0000000000 0.0000000000 0.0000000000 319.9778300000
0.0000000000 0.0000000000 0.0000000000 1.0000000000

0.0000000000 0.0000000000 1.0000000000 331.0637100000
0.0000000000 1.0000000000 0.0000000000 -7.9838200000
-1.0000000000 0.0000000000 0.0000000000 319.9778300000
0.0000000000 0.0000000000 0.0000000000 1.0000000000

0.0000000000 0.0000000000 1.0000000000 331.0637100000
0.0000000000 1.0000000000 0.0000000000 -7.9588200000
-1.0000000000 0.0000000000 0.0000000000 319.9778300000
0.0000000000 0.0000000000 0.0000000000 1.0000000000

0.0000000000 0.0000000000 1.0000000000 331.0637100000
0.0000000000 1.0000000000 0.0000000000 -7.9338200000
-1.0000000000 0.0000000000 0.0000000000 319.9778300000
0.0000000000 0.0000000000 0.0000000000 1.0000000000

0.0000000000 0.0000000000 1.0000000000 331.0637100000
0.0000000000 1.0000000000 0.0000000000 -7.9088200000
-1.0000000000 0.0000000000 0.0000000000 319.9778300000
0.0000000000 0.0000000000 0.0000000000 1.0000000000

0.0000000000 0.0000000000 1.0000000000 331.0637100000
0.0000000000 1.0000000000 0.0000000000 -7.8838200000
-1.0000000000 0.0000000000 0.0000000000 319.9778300000
0.0000000000 0.0000000000 0.0000000000 1.0000000000

0.0000000000 0.0000000000 1.0000000000 331.0637100000
0.0000000000 1.0000000000 0.0000000000 -7.8588200000
-1.0000000000 0.0000000000 0.0000000000 319.9778300000
0.0000000000 0.0000000000 0.0000000000 1.0000000000

0.0000000000 0.0000000000 1.0000000000 331.0637100000
0.0000000000 1.0000000000 0.0000000000 -7.8338200000
-1.0000000000 0.0000000000 0.0000000000 319.9778300000
0.0000000000 0.0000000000 0.0000000000 1.0000000000

0.0000000000 0.0000000000 1.0000000000 331.0637100000
0.0000000000 1.0000000000 0.0000000000 -7.8088200000
-1.0000000000 0.0000000000 0.0000000000 319.9778300000
0.0000000000 0.0000000000 0.0000000000 1.0000000000

0.0000000000 0.0000000000 1.0000000000 331.0637100000
0.0000000000 1.0000000000 0.0000000000 -7.7838200000
-1.0000000000 0.0000000000 0.0000000000 319.9778300000
0.0000000000 0.0000000000 0.0000000000 1.0000000000

0.0000000000 0.0000000000 1.0000000000 331.0637100000
0.0000000000 1.0000000000 0.0000000000 -7.7588200000
-1.0000000000 0.0000000000 0.0000000000 319.9778300000
0.0000000000 0.0000000000 0.0000000000 1.0000000000

0.0000000000 0.0000000000 1.0000000000 331.0637100000
0.0000000000 1.0000000000 0.0000000000 -7.7338200000
-1.0000000000 0.0000000000 0.0000000000 319.9778300000
0.0000000000 0.0000000000 0.0000000000 1.0000000000

0.0000000000 0.0000000000 1.0000000000 331.0637100000
0.0000000000 1.0000000000 0.0000000000 -7.7088200000
-1.0000000000 0.0000000000 0.0000000000 319.9778300000
0.0000000000 0.0000000000 0.0000000000 1.0000000000

0.0000000000 0.0000000000 1.0000000000 331.0637100000
0.0000000000 1.0000000000 0.0000000000 -7.6838200000
-1.0000000000 0.0000000000 0.0000000000 319.9778300000
0.0000000000 0.0000000000 0.0000000000 1.0000000000

0.0000000000 0.0000000000 1.0000000000 331.0637100000
0.0000000000 1.0000000000 0.0000000000 -7.6588200000
-1.0000000000 0.0000000000 0.0000000000 319.9778300000
0.0000000000 0.0000000000 0.0000000000 1.0000000000

0.0000000000 0.0000000000 1.0000000000 331.0637100000
0.0000000000 1.0000000000 0.0000000000 -7.6338200000
-1.0000000000 0.0000000000 0.0000000000 319.9778300000
0.0000000000 0.0000000000 0.0000000000 1.0000000000

0.0000000000 0.0000000000 1.0000000000 331.0637100000
0.0000000000 1.0000000000 0.0000000000 -7.6088200000
-1.0000000000 0.0000000000 0.0000000000 319.9778300000
0.0000000000 0.0000000000 0.0000000000 1.0000000000

0.0000000000 0.0000000000 1.0000000000 331.0637100000
0.0000000000 1.0000000000 0.0000000000 -7.5838200000
-1.0000000000 0.0000000000 0.0000000000 319.9778300000
0.0000000000 0.0000000000 0.0000000000 1.0000000000

0.0000000000 0.0000000000 1.0000000000 331.0637100000
0.0000000000 1.0000000000 0.0000000000 -7.5588200000
-1.0000000000 0.0000000000 0.0000000000 319.9778300000
0.0000000000 0.0000000000 0.0000000000 1.0000000000

0.0000000000 0.0000000000 1.0000000000 331.0637100000
0.0000000000 1.0000000000 0.0000000000 -7.5338200000
-1.0000000000 0.0000000000 0.0000000000 319.9778300000
0.0000000000 0.0000000000 0.0000000000 1.0000000000

0.0000000000 0.0000000000 1.0000000000 331.0637100000
0.0000000000 1.0000000000 0.0000000000 -7.5088200000
-1.0000000000 0.0000000000 0.0000000000 319.9778300000
0.0000000000 0.0000000000 0.0000000000 1.0000000000

0.0000000000 0.0000000000 1.0000000000 331.0637100000
0.0000000000 1.0000000000 0.0000000000 -7.4838200000
-1.0000000000 0.0000000000 0.0000000000 319.9778300000
0.0000000000 0.0000000000 0.0000000000 1.0000000000

0.0000000000 0.0000000000 1.0000000000 331.0637100000
0.0000000000 1.0000000000 0.0000000000 -7.4588200000
-1.0000000000 0.0000000000 0.0000000000 319.9778300000
0.0000000000 0.0000000000 0.0000000000 1.0000000000

0.0000000000 0.0000000000 1.0000000000 331.0637100000
0.0000000000 1.0000000000 0.0000000000 -7.4338200000
-1.0000000000 0.0000000000 0.0000000000 319.9778300000
0.0000000000 0.0000000000 0.0000000000 1.0000000000

0.0000000000 0.0000000000 1.0000000000 331.0637100000
0.0000000000 1.0000000000 0.0000000000 -7.4088200000
-1.0000000000 0.0000000000 0.0000000000 319.9778300000
0.0000000000 0.0000000000 0.0000000000 1.0000000000

0.0000000000 0.0000000000 1.0000000000 331.0637100000
0.0000000000 1.0000000000 0.0000000000 -7.3838200000
-1.0000000000 0.0000000000 0.0000000000 319.9778300000
0.0000000000 0.0000000000 0.0000000000 1.0000000000

0.0000000000 0.0000000000 1.0000000000 331.0637100000
0.0000000000 1.0000000000 0.0000000000 -7.3588200000
-1.0000000000 0.0000000000 0.0000000000 319.9778300000
0.0000000000 0.0000000000 0.0000000000 1.0000000000

0.0000000000 0.0000000000 1.0000000000 331.0637100000
0.0000000000 1.0000000000 0.0000000000 -7.3338200000
-1.0000000000 0.0000000000 0.0000000000 319.9778300000
0.0000000000 0.0000000000 0.0000000000 1.0000000000

0.0000000000 0.0000000000 1.0000000000 331.0637100000
0.0000000000 1.0000000000 0.0000000000 -7.3088200000
-1.0000000000 0.0000000000 0.0000000000 319.9778300000
0.0000000000 0.0000000000 0.0000000000 1.0000000000

0.0000000000 0.0000000000 1.0000000000 331.0637100000
0.0000000000 1.0000000000 0.0000000000 -7.2838200000
-1.0000000000 0.0000000000 0.0000000000 319.9778300000
0.0000000000 0.0000000000 0.0000000000 1.0000000000

0.0000000000 0.0000000000 1.0000000000 331.0637100000
0.0000000000 1.0000000000 0.0000000000 -7.2588200000
-1.0000000000 0.0000000000 0.0000000000 319.9778300000
0.0000000000 0.0000000000 0.0000000000 1.0000000000

0.0000000000 0.0000000000 1.0000000000 331.0637100000
0.0000000000 1.0000000000 0.0000000000 -7.2338200000
-1.0000000000 0.0000000000 0.0000000000 319.9778300000
0.0000000000 0.0000000000 0.0000000000 1.0000000000

0.0000000000 0.0000000000 1.0000000000 331.0637100000
0.0000000000 1.0000000000 0.0000000000 -7.2088200000
-1.0000000000 0.0000000000 0.0000000000 319.9778300000
0.0000000000 0.0000000000 0.0000000000 1.0000000000

0.0000000000 0.0000000000 1.0000000000 331.0637100000
0.0000000000 1.0000000000 0.0000000000 -7.1838200000
-1.0000000000 0.0000000000 0.0000000000 319.9778300000
0.0000000000 0.0000000000 0.0000000000 1.0000000000

0.0000000000 0.0000000000 1.0000000000 331.0637100000
0.0000000000 1.0000000000 0.0000000000 -7.1588200000
-1.0000000000 0.0000000000 0.0000000000 319.9778300000
0.0000000000 0.0000000000 0.0000000000 1.0000000000

0.0000000000 0.0000000000 1.0000000000 331.0637100000
0.0000000000 1.0000000000 0.0000000000 -7.1338200000
-1.0000000000 0.0000000000 0.0000000000 319.9778300000
0.0000000000 0.0000000000 0.0000000000 1.0000000000

0.0000000000 0.0000000000 1.0000000000 331.0637100000
0.0000000000 1.0000000000 0.0000000000 -7.1088200000
-1.0000000000 0.0000000000 0.0000000000 319.9778300000
0.0000000000 0.0000000000 0.0000000000 1.0000000000

0.0000000000 0.0000000000 1.0000000000 331.0637100000
0.0000000000 1.0000000000 0.0000000000 -7.0838200000
-1.0000000000 0.0000000000 0.0000000000 319.9778300000
0.0000000000 0.0000000000 0.0000000000 1.0000000000

0.0000000000 0.0000000000 1.0000000000 331.0637100000
0.0000000000 1.0000000000 0.0000000000 -7.0588200000
-1.0000000000 0.0000000000 0.0000000000 319.9778300000
0.0000000000 0.0000000000 0.0000000000 1.0000000000

0.0000000000 0.0000000000 1.0000000000 331.0637100000
0.0000000000 1.0000000000 0.0000000000 -7.0338200000
-1.0000000000 0.0000000000 0.0000000000 319.9778300000
0.0000000000 0.0000000000 0.0000000000 1.0000000000

0.0000000000 0.0000000000 1.0000000000 331.0637100000
0.0000000000 1.0000000000 0.0000000000 -7.0088200000
-1.0000000000 0.0000000000 0.0000000000 319.9778300000
0.0000000000 0.0000000000 0.0000000000 1.0000000000

0.0000000000 0.0000000000 1.0000000000 331.0637100000
0.0000000000 1.0000000000 0.0000000000 -6.9838200000
-1.0000000000 0.0000000000 0.0000000000 319.9778300000
0.0000000000 0.0000000000 0.0000000000 1.0000000000

0.0000000000 0.0000000000 1.0000000000 331.0637100000
0.0000000000 1.0000000000 0.0000000000 -6.9588200000
-1.0000000000 0.0000000000 0.0000000000 319.9778300000
0.0000000000 0.0000000000 0.0000000000 1.0000000000

0.0000000000 0.0000000000 1.0000000000 331.0637100000
0.0000000000 1.0000000000 0.0000000000 -6.9338200000
-1.0000000000 0.0000000000 0.0000000000 319.9778300000
0.0000000000 0.0000000000 0.0000000000 1.0000000000

0.0000000000 0.0000000000 1.0000000000 331.0637100000
0.0000000000 1.0000000000 0.0000000000 -6.9088200000
-1.0000000000 0.0000000000 0.0000000000 319.9778300000
0.0000000000 0.0000000000 0.0000000000 1.0000000000

0.0000000000 0.0000000000 1.0000000000 331.0637100000
0.0000000000 1.0000000000 0.0000000000 -6.8838200000
-1.0000000000 0.0000000000 0.0000000000 319.9778300000
0.0000000000 0.0000000000 0.0000000000 1.0000000000

0.0000000000 0.0000000000 1.0000000000 331.0637100000
0.0000000000 1.0000000000 0.0000000000 -6.8588200000
-1.0000000000 0.0000000000 0.0000000000 319.9778300000
0.0000000000 0.0000000000 0.0000000000 1.0000000000

0.0000000000 0.0000000000 1.0000000000 331.0637100000
0.0000000000 1.0000000000 0.0000000000 -6.8338200000
-1.0000000000 0.0000000000 0.0000000000 319.9778300000
0.0000000000 0.0000000000 0.0000000000 1.0000000000

0.0000000000 0.0000000000 1.0000000000 331.0637100000
0.0000000000 1.0000000000 0.0000000000 -6.8088200000
-1.0000000000 0.0000000000 0.0000000000 319.9778300000
0.0000000000 0.0000000000 0.0000000000 1.0000000000

0.0000000000 0.0000000000 1.0000000000 331.0637100000
0.0000000000 1.0000000000 0.0000000000 -6.7838200000
-1.0000000000 0.0000000000 0.0000000000 319.9778300000
0.0000000000 0.0000000000 0.0000000000 1.0000000000

0.0000000000 0.0000000000 1.0000000000 331.0637100000
0.0000000000 1.0000000000 0.0000000000 -6.7588200000
-1.0000000000 0.0000000000 0.0000000000 319.9778300000
0.0000000000 0.0000000000 0.0000000000 1.0000000000

0.0000000000 0.0000000000 1.0000000000 331.0637100000
0.0000000000 1.0000000000 0.0000000000 -6.7338200000
-1.0000000000 0.0000000000 0.0000000000 319.9778300000
0.0000000000 0.0000000000 0.0000000000 1.0000000000

0.0000000000 0.0000000000 1.0000000000 331.0637100000
0.0000000000 1.0000000000 0.0000000000 -6.7088200000
-1.0000000000 0.0000000000 0.0000000000 319.9778300000
0.0000000000 0.0000000000 0.0000000000 1.0000000000

0.0000000000 0.0000000000 1.0000000000 331.0637100000
0.0000000000 1.0000000000 0.0000000000 -6.6838200000
-1.0000000000 0.0000000000 0.0000000000 319.9778300000
0.0000000000 0.0000000000 0.0000000000 1.0000000000

0.0000000000 0.0000000000 1.0000000000 331.0637100000
0.0000000000 1.0000000000 0.0000000000 -6.6588200000
-1.0000000000 0.0000000000 0.0000000000 319.9778300000
0.0000000000 0.0000000000 0.0000000000 1.0000000000

0.0000000000 0.0000000000 1.0000000000 331.0637100000
0.0000000000 1.0000000000 0.0000000000 -6.6338200000
-1.0000000000 0.0000000000 0.0000000000 319.9778300000
0.0000000000 0.0000000000 0.0000000000 1.0000000000

0.0000000000 0.0000000000 1.0000000000 331.0637100000
0.0000000000 1.0000000000 0.0000000000 -6.6088200000
-1.0000000000 0.0000000000 0.0000000000 319.9778300000
0.0000000000 0.0000000000 0.0000000000 1.0000000000

0.0000000000 0.0000000000 1.0000000000 331.0637100000
0.0000000000 1.0000000000 0.0000000000 -6.5838200000
-1.0000000000 0.0000000000 0.0000000000 319.9778300000
0.0000000000 0.0000000000 0.0000000000 1.0000000000

0.0000000000 0.0000000000 1.0000000000 331.0637100000
0.0000000000 1.0000000000 0.0000000000 -6.5588200000
-1.0000000000 0.0000000000 0.0000000000 319.9778300000
0.0000000000 0.0000000000 0.0000000000 1.0000000000

0.0000000000 0.0000000000 1.0000000000 331.0637100000
0.0000000000 1.0000000000 0.0000000000 -6.5338200000
-1.0000000000 0.0000000000 0.0000000000 319.9778300000
0.0000000000 0.0000000000 0.0000000000 1.0000000000

0.0000000000 0.0000000000 1.0000000000 331.0637100000
0.0000000000 1.0000000000 0.0000000000 -6.5088200000
-1.0000000000 0.0000000000 0.0000000000 319.9778300000
0.0000000000 0.0000000000 0.0000000000 1.0000000000

0.0000000000 0.0000000000 1.0000000000 331.0637100000
0.0000000000 1.0000000000 0.0000000000 -6.4838200000
-1.0000000000 0.0000000000 0.0000000000 319.9778300000
0.0000000000 0.0000000000 0.0000000000 1.0000000000

0.0000000000 0.0000000000 1.0000000000 331.0637100000
0.0000000000 1.0000000000 0.0000000000 -6.4588200000
-1.0000000000 0.0000000000 0.0000000000 319.9778300000
0.0000000000 0.0000000000 0.0000000000 1.0000000000

0.0000000000 0.0000000000 1.0000000000 331.0637100000
0.0000000000 1.0000000000 0.0000000000 -6.4338200000
-1.0000000000 0.0000000000 0.0000000000 319.9778300000
0.0000000000 0.0000000000 0.0000000000 1.0000000000

0.0000000000 0.0000000000 1.0000000000 331.0637100000
0.0000000000 1.0000000000 0.0000000000 -6.4088200000
-1.0000000000 0.0000000000 0.0000000000 319.9778300000
0.0000000000 0.0000000000 0.0000000000 1.0000000000

0.0000000000 0.0000000000 1.0000000000 331.0637100000
0.0000000000 1.0000000000 0.0000000000 -6.3838200000
-1.0000000000 0.0000000000 0.0000000000 319.9778300000
0.0000000000 0.0000000000 0.0000000000 1.0000000000

0.0000000000 0.0000000000 1.0000000000 331.0637100000
0.0000000000 1.0000000000 0.0000000000 -6.3588200000
-1.0000000000 0.0000000000 0.0000000000 319.9778300000
0.0000000000 0.0000000000 0.0000000000 1.0000000000

0.0000000000 0.0000000000 1.0000000000 331.0637100000
0.0000000000 1.0000000000 0.0000000000 -6.3338200000
-1.0000000000 0.0000000000 0.0000000000 319.9778300000
0.0000000000 0.0000000000 0.0000000000 1.0000000000

0.0000000000 0.0000000000 1.0000000000 331.0637100000
0.0000000000 1.0000000000 0.0000000000 -6.3088200000
-1.0000000000 0.0000000000 0.0000000000 319.9778300000
0.0000000000 0.0000000000 0.0000000000 1.0000000000

0.0000000000 0.0000000000 1.0000000000 331.0637100000
0.0000000000 1.0000000000 0.0000000000 -6.2838200000
-1.0000000000 0.0000000000 0.0000000000 319.9778300000
0.0000000000 0.0000000000 0.0000000000 1.0000000000

0.0000000000 0.0000000000 1.0000000000 331.0637100000
0.0000000000 1.0000000000 0.0000000000 -6.2588200000
-1.0000000000 0.0000000000 0.0000000000 319.9778300000
0.0000000000 0.0000000000 0.0000000000 1.0000000000

0.0000000000 0.0000000000 1.0000000000 331.0637100000
0.0000000000 1.0000000000 0.0000000000 -6.2338200000
-1.0000000000 0.0000000000 0.0000000000 319.9778300000
0.0000000000 0.0000000000 0.0000000000 1.0000000000

0.0000000000 0.0000000000 1.0000000000 331.0637100000
0.0000000000 1.0000000000 0.0000000000 -6.2088200000
-1.0000000000 0.0000000000 0.0000000000 319.9778300000
0.0000000000 0.0000000000 0.0000000000 1.0000000000

0.0000000000 0.0000000000 1.0000000000 331.0637100000
0.0000000000 1.0000000000 0.0000000000 -6.1838200000
-1.0000000000 0.0000000000 0.0000000000 319.9778300000
0.0000000000 0.0000000000 0.0000000000 1.0000000000

0.0000000000 0.0000000000 1.0000000000 331.0637100000
0.0000000000 1.0000000000 0.0000000000 -6.1588200000
-1.0000000000 0.0000000000 0.0000000000 319.9778300000
0.0000000000 0.0000000000 0.0000000000 1.0000000000

0.0000000000 0.0000000000 1.0000000000 331.0637100000
0.0000000000 1.0000000000 0.0000000000 -6.1338200000
-1.0000000000 0.0000000000 0.0000000000 319.9778300000
0.0000000000 0.0000000000 0.0000000000 1.0000000000

0.0000000000 0.0000000000 1.0000000000 331.0637100000
0.0000000000 1.0000000000 0.0000000000 -6.1088200000
-1.0000000000 0.0000000000 0.0000000000 319.9778300000
0.0000000000 0.0000000000 0.0000000000 1.0000000000

0.0000000000 0.0000000000 1.0000000000 331.0637100000
0.0000000000 1.0000000000 0.0000000000 -6.0838200000
-1.0000000000 0.0000000000 0.0000000000 319.9778300000
0.0000000000 0.0000000000 0.0000000000 1.0000000000

0.0000000000 0.0000000000 1.0000000000 331.0637100000
0.0000000000 1.0000000000 0.0000000000 -6.0588200000
-1.0000000000 0.0000000000 0.0000000000 319.9778300000
0.0000000000 0.0000000000 0.0000000000 1.0000000000

0.0000000000 0.0000000000 1.0000000000 331.0637100000
0.0000000000 1.0000000000 0.0000000000 -6.0338200000
-1.0000000000 0.0000000000 0.0000000000 319.9778300000
0.0000000000 0.0000000000 0.0000000000 1.0000000000

0.0000000000 0.0000000000 1.0000000000 331.0637100000
0.0000000000 1.0000000000 0.0000000000 -6.0088200000
-1.0000000000 0.0000000000 0.0000000000 319.9778300000
0.0000000000 0.0000000000 0.0000000000 1.0000000000

0.0000000000 0.0000000000 1.0000000000 331.0637100000
0.0000000000 1.0000000000 0.0000000000 -5.9838200000
-1.0000000000 0.0000000000 0.0000000000 319.9778300000
0.0000000000 0.0000000000 0.0000000000 1.0000000000

0.0000000000 0.0000000000 1.0000000000 331.0637100000
0.0000000000 1.0000000000 0.0000000000 -5.9588200000
-1.0000000000 0.0000000000 0.0000000000 319.9778300000
0.0000000000 0.0000000000 0.0000000000 1.0000000000

0.0000000000 0.0000000000 1.0000000000 331.0637100000
0.0000000000 1.0000000000 0.0000000000 -5.9338200000
-1.0000000000 0.0000000000 0.0000000000 319.9778300000
0.0000000000 0.0000000000 0.0000000000 1.0000000000

0.0000000000 0.0000000000 1.0000000000 331.0637100000
0.0000000000 1.0000000000 0.0000000000 -5.9088200000
-1.0000000000 0.0000000000 0.0000000000 319.9778300000
0.0000000000 0.0000000000 0.0000000000 1.0000000000

0.0000000000 0.0000000000 1.0000000000 331.0637100000
0.0000000000 1.0000000000 0.0000000000 -5.8838200000
-1.0000000000 0.0000000000 0.0000000000 319.9778300000
0.0000000000 0.0000000000 0.0000000000 1.0000000000

0.0000000000 0.0000000000 1.0000000000 331.0637100000
0.0000000000 1.0000000000 0.0000000000 -5.8588200000
-1.0000000000 0.0000000000 0.0000000000 319.9778300000
0.0000000000 0.0000000000 0.0000000000 1.0000000000

0.0000000000 0.0000000000 1.0000000000 331.0637100000
0.0000000000 1.0000000000 0.0000000000 -5.8338200000
-1.0000000000 0.0000000000 0.0000000000 319.9778300000
0.0000000000 0.0000000000 0.0000000000 1.0000000000

0.0000000000 0.0000000000 1.0000000000 331.0637100000
0.0000000000 1.0000000000 0.0000000000 -5.8088200000
-1.0000000000 0.0000000000 0.0000000000 319.9778300000
0.0000000000 0.0000000000 0.0000000000 1.0000000000

0.0000000000 0.0000000000 1.0000000000 331.0637100000
0.0000000000 1.0000000000 0.0000000000 -5.7838200000
-1.0000000000 0.0000000000 0.0000000000 319.9778300000
0.0000000000 0.0000000000 0.0000000000 1.0000000000

0.0000000000 0.0000000000 1.0000000000 331.0637100000
0.0000000000 1.0000000000 0.0000000000 -5.7588200000
-1.0000000000 0.0000000000 0.0000000000 319.9778300000
0.0000000000 0.0000000000 0.0000000000 1.0000000000

0.0000000000 0.0000000000 1.0000000000 331.0637100000
0.0000000000 1.0000000000 0.0000000000 -5.7338200000
-1.0000000000 0.0000000000 0.0000000000 319.9778300000
0.0000000000 0.0000000000 0.0000000000 1.0000000000

0.0000000000 0.0000000000 1.0000000000 331.0637100000
0.0000000000 1.0000000000 0.0000000000 -5.7088200000
-1.0000000000 0.0000000000 0.0000000000 319.9778300000
0.0000000000 0.0000000000 0.0000000000 1.0000000000

0.0000000000 0.0000000000 1.0000000000 331.0637100000
0.0000000000 1.0000000000 0.0000000000 -5.6838200000
-1.0000000000 0.0000000000 0.0000000000 319.9778300000
0.0000000000 0.0000000000 0.0000000000 1.0000000000

0.0000000000 0.0000000000 1.0000000000 331.0637100000
0.0000000000 1.0000000000 0.0000000000 -5.6588200000
-1.0000000000 0.0000000000 0.0000000000 319.9778300000
0.0000000000 0.0000000000 0.0000000000 1.0000000000

0.0000000000 0.0000000000 1.0000000000 331.0637100000
0.0000000000 1.0000000000 0.0000000000 -5.6338200000
-1.0000000000 0.0000000000 0.0000000000 319.9778300000
0.0000000000 0.0000000000 0.0000000000 1.0000000000

0.0000000000 0.0000000000 1.0000000000 331.0637100000
0.0000000000 1.0000000000 0.0000000000 -5.6088200000
-1.0000000000 0.0000000000 0.0000000000 319.9778300000
0.0000000000 0.0000000000 0.0000000000 1.0000000000

0.0000000000 0.0000000000 1.0000000000 331.0637100000
0.0000000000 1.0000000000 0.0000000000 -5.5838200000
-1.0000000000 0.0000000000 0.0000000000 319.9778300000
0.0000000000 0.0000000000 0.0000000000 1.0000000000

0.0000000000 0.0000000000 1.0000000000 331.0637100000
0.0000000000 1.0000000000 0.0000000000 -5.5588200000
-1.0000000000 0.0000000000 0.0000000000 319.9778300000
0.0000000000 0.0000000000 0.0000000000 1.0000000000

0.0000000000 0.0000000000 1.0000000000 331.0637100000
0.0000000000 1.0000000000 0.0000000000 -5.5338200000
-1.0000000000 0.0000000000 0.0000000000 319.9778300000
0.0000000000 0.0000000000 0.0000000000 1.0000000000

0.0000000000 0.0000000000 1.0000000000 331.0637100000
0.0000000000 1.0000000000 0.0000000000 -5.5088200000
-1.0000000000 0.0000000000 0.0000000000 319.9778300000
0.0000000000 0.0000000000 0.0000000000 1.0000000000

0.0000000000 0.0000000000 1.0000000000 331.0637100000
0.0000000000 1.0000000000 0.0000000000 -5.4838200000
-1.0000000000 0.0000000000 0.0000000000 319.9778300000
0.0000000000 0.0000000000 0.0000000000 1.0000000000

0.0000000000 0.0000000000 1.0000000000 331.0637100000
0.0000000000 1.0000000000 0.0000000000 -5.4588200000
-1.0000000000 0.0000000000 0.0000000000 319.9778300000
0.0000000000 0.0000000000 0.0000000000 1.0000000000

0.0000000000 0.0000000000 1.0000000000 331.0637100000
0.0000000000 1.0000000000 0.0000000000 -5.4338200000
-1.0000000000 0.0000000000 0.0000000000 319.9778300000
0.0000000000 0.0000000000 0.0000000000 1.0000000000

0.0000000000 0.0000000000 1.0000000000 331.0637100000
0.0000000000 1.0000000000 0.0000000000 -5.4088200000
-1.0000000000 0.0000000000 0.0000000000 319.9778300000
0.0000000000 0.0000000000 0.0000000000 1.0000000000

0.0000000000 0.0000000000 1.0000000000 331.0637100000
0.0000000000 1.0000000000 0.0000000000 -5.3838200000
-1.0000000000 0.0000000000 0.0000000000 319.9778300000
0.0000000000 0.0000000000 0.0000000000 1.0000000000

0.0000000000 0.0000000000 1.0000000000 331.0637100000
0.0000000000 1.0000000000 0.0000000000 -5.3588200000
-1.0000000000 0.0000000000 0.0000000000 319.9778300000
0.0000000000 0.0000000000 0.0000000000 1.0000000000

0.0000000000 0.0000000000 1.0000000000 331.0637100000
0.0000000000 1.0000000000 0.0000000000 -5.3338200000
-1.0000000000 0.0000000000 0.0000000000 319.9778300000
0.0000000000 0.0000000000 0.0000000000 1.0000000000

0.0000000000 0.0000000000 1.0000000000 331.0637100000
0.0000000000 1.0000000000 0.0000000000 -5.3088200000
-1.0000000000 0.0000000000 0.0000000000 319.9778300000
0.0000000000 0.0000000000 0.0000000000 1.0000000000

0.0000000000 0.0000000000 1.0000000000 331.0637100000
0.0000000000 1.0000000000 0.0000000000 -5.2838200000
-1.0000000000 0.0000000000 0.0000000000 319.9778300000
0.0000000000 0.0000000000 0.0000000000 1.0000000000

0.0000000000 0.0000000000 1.0000000000 331.0637100000
0.0000000000 1.0000000000 0.0000000000 -5.2588200000
-1.0000000000 0.0000000000 0.0000000000 319.9778300000
0.0000000000 0.0000000000 0.0000000000 1.0000000000

0.0000000000 0.0000000000 1.0000000000 331.0637100000
0.0000000000 1.0000000000 0.0000000000 -5.2338200000
-1.0000000000 0.0000000000 0.0000000000 319.9778300000
0.0000000000 0.0000000000 0.0000000000 1.0000000000

0.0000000000 0.0000000000 1.0000000000 331.0637100000
0.0000000000 1.0000000000 0.0000000000 -5.2088200000
-1.0000000000 0.0000000000 0.0000000000 319.9778300000
0.0000000000 0.0000000000 0.0000000000 1.0000000000

0.0000000000 0.0000000000 1.0000000000 331.0637100000
0.0000000000 1.0000000000 0.0000000000 -5.1838200000
-1.0000000000 0.0000000000 0.0000000000 319.9778300000
0.0000000000 0.0000000000 0.0000000000 1.0000000000

0.0000000000 0.0000000000 1.0000000000 331.0637100000
0.0000000000 1.0000000000 0.0000000000 -5.1588200000
-1.0000000000 0.0000000000 0.0000000000 319.9778300000
0.0000000000 0.0000000000 0.0000000000 1.0000000000

0.0000000000 0.0000000000 1.0000000000 331.0637100000
0.0000000000 1.0000000000 0.0000000000 -5.1338200000
-1.0000000000 0.0000000000 0.0000000000 319.9778300000
0.0000000000 0.0000000000 0.0000000000 1.0000000000

0.0000000000 0.0000000000 1.0000000000 331.0637100000
0.0000000000 1.0000000000 0.0000000000 -5.1088200000
-1.0000000000 0.0000000000 0.0000000000 319.9778300000
0.0000000000 0.0000000000 0.0000000000 1.0000000000

0.0000000000 0.0000000000 1.0000000000 331.0637100000
0.0000000000 1.0000000000 0.0000000000 -5.0838200000
-1.0000000000 0.0000000000 0.0000000000 319.9778300000
0.0000000000 0.0000000000 0.0000000000 1.0000000000

0.0000000000 0.0000000000 1.0000000000 331.0637100000
0.0000000000 1.0000000000 0.0000000000 -5.0588200000
-1.0000000000 0.0000000000 0.0000000000 319.9778300000
0.0000000000 0.0000000000 0.0000000000 1.0000000000

0.0000000000 0.0000000000 1.0000000000 331.0637100000
0.0000000000 1.0000000000 0.0000000000 -5.0338200000
-1.0000000000 0.0000000000 0.0000000000 319.9778300000
0.0000000000 0.0000000000 0.0000000000 1.0000000000

0.0000000000 0.0000000000 1.0000000000 331.0637100000
0.0000000000 1.0000000000 0.0000000000 -5.0088200000
-1.0000000000 0.0000000000 0.0000000000 319.9778300000
0.0000000000 0.0000000000 0.0000000000 1.0000000000

0.0000000000 0.0000000000 1.0000000000 331.0637100000
0.0000000000 1.0000000000 0.0000000000 -4.9838200000
-1.0000000000 0.0000000000 0.0000000000 319.9778300000
0.0000000000 0.0000000000 0.0000000000 1.0000000000

0.0000000000 0.0000000000 1.0000000000 331.0637100000
0.0000000000 1.0000000000 0.0000000000 -4.9588200000
-1.0000000000 0.0000000000 0.0000000000 319.9778300000
0.0000000000 0.0000000000 0.0000000000 1.0000000000

0.0000000000 0.0000000000 1.0000000000 331.0637100000
0.0000000000 1.0000000000 0.0000000000 -4.9338200000
-1.0000000000 0.0000000000 0.0000000000 319.9778300000
0.0000000000 0.0000000000 0.0000000000 1.0000000000

0.0000000000 0.0000000000 1.0000000000 331.0637100000
0.0000000000 1.0000000000 0.0000000000 -4.9088200000
-1.0000000000 0.0000000000 0.0000000000 319.9778300000
0.0000000000 0.0000000000 0.0000000000 1.0000000000

0.0000000000 0.0000000000 1.0000000000 331.0637100000
0.0000000000 1.0000000000 0.0000000000 -4.8838200000
-1.0000000000 0.0000000000 0.0000000000 319.9778300000
0.0000000000 0.0000000000 0.0000000000 1.0000000000

0.0000000000 0.0000000000 1.0000000000 331.0637100000
0.0000000000 1.0000000000 0.0000000000 -4.8588200000
-1.0000000000 0.0000000000 0.0000000000 319.9778300000
0.0000000000 0.0000000000 0.0000000000 1.0000000000

0.0000000000 0.0000000000 1.0000000000 331.0637100000
0.0000000000 1.0000000000 0.0000000000 -4.8338200000
-1.0000000000 0.0000000000 0.0000000000 319.9778300000
0.0000000000 0.0000000000 0.0000000000 1.0000000000

0.0000000000 0.0000000000 1.0000000000 331.0637100000
0.0000000000 1.0000000000 0.0000000000 -4.8088200000
-1.0000000000 0.0000000000 0.0000000000 319.9778300000
0.0000000000 0.0000000000 0.0000000000 1.0000000000

0.0000000000 0.0000000000 1.0000000000 331.0637100000
0.0000000000 1.0000000000 0.0000000000 -4.7838200000
-1.0000000000 0.0000000000 0.0000000000 319.9778300000
0.0000000000 0.0000000000 0.0000000000 1.0000000000

0.0000000000 0.0000000000 1.0000000000 331.0637100000
0.0000000000 1.0000000000 0.0000000000 -4.7588200000
-1.0000000000 0.0000000000 0.0000000000 319.9778300000
0.0000000000 0.0000000000 0.0000000000 1.0000000000

0.0000000000 0.0000000000 1.0000000000 331.0637100000
0.0000000000 1.0000000000 0.0000000000 -4.7338200000
-1.0000000000 0.0000000000 0.0000000000 319.9778300000
0.0000000000 0.0000000000 0.0000000000 1.0000000000

0.0000000000 0.0000000000 1.0000000000 331.0637100000
0.0000000000 1.0000000000 0.0000000000 -4.7088200000
-1.0000000000 0.0000000000 0.0000000000 319.9778300000
0.0000000000 0.0000000000 0.0000000000 1.0000000000

0.0000000000 0.0000000000 1.0000000000 331.0637100000
0.0000000000 1.0000000000 0.0000000000 -4.6838200000
-1.0000000000 0.0000000000 0.0000000000 319.9778300000
0.0000000000 0.0000000000 0.0000000000 1.0000000000

0.0000000000 0.0000000000 1.0000000000 331.0637100000
0.0000000000 1.0000000000 0.0000000000 -4.6588200000
-1.0000000000 0.0000000000 0.0000000000 319.9778300000
0.0000000000 0.0000000000 0.0000000000 1.0000000000

0.0000000000 0.0000000000 1.0000000000 331.0637100000
0.0000000000 1.0000000000 0.0000000000 -4.6338200000
-1.0000000000 0.0000000000 0.0000000000 319.9778300000
0.0000000000 0.0000000000 0.0000000000 1.0000000000

0.0000000000 0.0000000000 1.0000000000 331.0637100000
0.0000000000 1.0000000000 0.0000000000 -4.6088200000
-1.0000000000 0.0000000000 0.0000000000 319.9778300000
0.0000000000 0.0000000000 0.0000000000 1.0000000000

0.0000000000 0.0000000000 1.0000000000 331.0637100000
0.0000000000 1.0000000000 0.0000000000 -4.5838200000
-1.0000000000 0.0000000000 0.0000000000 319.9778300000
0.0000000000 0.0000000000 0.0000000000 1.0000000000

0.0000000000 0.0000000000 1.0000000000 331.0637100000
0.0000000000 1.0000000000 0.0000000000 -4.5588200000
-1.0000000000 0.0000000000 0.0000000000 319.9778300000
0.0000000000 0.0000000000 0.0000000000 1.0000000000

0.0000000000 0.0000000000 1.0000000000 331.0637100000
0.0000000000 1.0000000000 0.0000000000 -4.5338200000
-1.0000000000 0.0000000000 0.0000000000 319.9778300000
0.0000000000 0.0000000000 0.0000000000 1.0000000000

0.0000000000 0.0000000000 1.0000000000 331.0637100000
0.0000000000 1.0000000000 0.0000000000 -4.5088200000
-1.0000000000 0.0000000000 0.0000000000 319.9778300000
0.0000000000 0.0000000000 0.0000000000 1.0000000000

0.0000000000 0.0000000000 1.0000000000 331.0637100000
0.0000000000 1.0000000000 0.0000000000 -4.4838200000
-1.0000000000 0.0000000000 0.0000000000 319.9778300000
0.0000000000 0.0000000000 0.0000000000 1.0000000000

0.0000000000 0.0000000000 1.0000000000 331.0637100000
0.0000000000 1.0000000000 0.0000000000 -4.4588200000
-1.0000000000 0.0000000000 0.0000000000 319.9778300000
0.0000000000 0.0000000000 0.0000000000 1.0000000000

0.0000000000 0.0000000000 1.0000000000 331.0637100000
0.0000000000 1.0000000000 0.0000000000 -4.4338200000
-1.0000000000 0.0000000000 0.0000000000 319.9778300000
0.0000000000 0.0000000000 0.0000000000 1.0000000000

0.0000000000 0.0000000000 1.0000000000 331.0637100000
0.0000000000 1.0000000000 0.0000000000 -4.4088200000
-1.0000000000 0.0000000000 0.0000000000 319.9778300000
0.0000000000 0.0000000000 0.0000000000 1.0000000000

0.0000000000 0.0000000000 1.0000000000 331.0637100000
0.0000000000 1.0000000000 0.0000000000 -4.3838200000
-1.0000000000 0.0000000000 0.0000000000 319.9778300000
0.0000000000 0.0000000000 0.0000000000 1.0000000000

0.0000000000 0.0000000000 1.0000000000 331.0637100000
0.0000000000 1.0000000000 0.0000000000 -4.3588200000
-1.0000000000 0.0000000000 0.0000000000 319.9778300000
0.0000000000 0.0000000000 0.0000000000 1.0000000000

0.0000000000 0.0000000000 1.0000000000 331.0637100000
0.0000000000 1.0000000000 0.0000000000 -4.3338200000
-1.0000000000 0.0000000000 0.0000000000 319.9778300000
0.0000000000 0.0000000000 0.0000000000 1.0000000000

0.0000000000 0.0000000000 1.0000000000 331.0637100000
0.0000000000 1.0000000000 0.0000000000 -4.3088200000
-1.0000000000 0.0000000000 0.0000000000 319.9778300000
0.0000000000 0.0000000000 0.0000000000 1.0000000000

0.0000000000 0.0000000000 1.0000000000 331.0637100000
0.0000000000 1.0000000000 0.0000000000 -4.2838200000
-1.0000000000 0.0000000000 0.0000000000 319.9778300000
0.0000000000 0.0000000000 0.0000000000 1.0000000000

0.0000000000 0.0000000000 1.0000000000 331.0637100000
0.0000000000 1.0000000000 0.0000000000 -4.2588200000
-1.0000000000 0.0000000000 0.0000000000 319.9778300000
0.0000000000 0.0000000000 0.0000000000 1.0000000000

0.0000000000 0.0000000000 1.0000000000 331.0637100000
0.0000000000 1.0000000000 0.0000000000 -4.2338200000
-1.0000000000 0.0000000000 0.0000000000 319.9778300000
0.0000000000 0.0000000000 0.0000000000 1.0000000000

0.0000000000 0.0000000000 1.0000000000 331.0637100000
0.0000000000 1.0000000000 0.0000000000 -4.2088200000
-1.0000000000 0.0000000000 0.0000000000 319.9778300000
0.0000000000 0.0000000000 0.0000000000 1.0000000000

0.0000000000 0.0000000000 1.0000000000 331.0637100000
0.0000000000 1.0000000000 0.0000000000 -4.1838200000
-1.0000000000 0.0000000000 0.0000000000 319.9778300000
0.0000000000 0.0000000000 0.0000000000 1.0000000000

0.0000000000 0.0000000000 1.0000000000 331.0637100000
0.0000000000 1.0000000000 0.0000000000 -4.1588200000
-1.0000000000 0.0000000000 0.0000000000 319.9778300000
0.0000000000 0.0000000000 0.0000000000 1.0000000000

0.0000000000 0.0000000000 1.0000000000 331.0637100000
0.0000000000 1.0000000000 0.0000000000 -4.1338200000
-1.0000000000 0.0000000000 0.0000000000 319.9778300000
0.0000000000 0.0000000000 0.0000000000 1.0000000000

0.0000000000 0.0000000000 1.0000000000 331.0637100000
0.0000000000 1.0000000000 0.0000000000 -4.1088200000
-1.0000000000 0.0000000000 0.0000000000 319.9778300000
0.0000000000 0.0000000000 0.0000000000 1.0000000000

0.0000000000 0.0000000000 1.0000000000 331.0637100000
0.0000000000 1.0000000000 0.0000000000 -4.0838200000
-1.0000000000 0.0000000000 0.0000000000 319.9778300000
0.0000000000 0.0000000000 0.0000000000 1.0000000000

0.0000000000 0.0000000000 1.0000000000 331.0637100000
0.0000000000 1.0000000000 0.0000000000 -4.0588200000
-1.0000000000 0.0000000000 0.0000000000 319.9778300000
0.0000000000 0.0000000000 0.0000000000 1.0000000000

0.0000000000 0.0000000000 1.0000000000 331.0637100000
0.0000000000 1.0000000000 0.0000000000 -4.0338200000
-1.0000000000 0.0000000000 0.0000000000 319.9778300000
0.0000000000 0.0000000000 0.0000000000 1.0000000000

0.0000000000 0.0000000000 1.0000000000 331.0637100000
0.0000000000 1.0000000000 0.0000000000 -4.0088200000
-1.0000000000 0.0000000000 0.0000000000 319.9778300000
0.0000000000 0.0000000000 0.0000000000 1.0000000000

0.0000000000 0.0000000000 1.0000000000 331.0637100000
0.0000000000 1.0000000000 0.0000000000 -3.9838200000
-1.0000000000 0.0000000000 0.0000000000 319.9778300000
0.0000000000 0.0000000000 0.0000000000 1.0000000000

0.0000000000 0.0000000000 1.0000000000 331.0637100000
0.0000000000 1.0000000000 0.0000000000 -3.9588200000
-1.0000000000 0.0000000000 0.0000000000 319.9778300000
0.0000000000 0.0000000000 0.0000000000 1.0000000000

0.0000000000 0.0000000000 1.0000000000 331.0637100000
0.0000000000 1.0000000000 0.0000000000 -3.9338200000
-1.0000000000 0.0000000000 0.0000000000 319.9778300000
0.0000000000 0.0000000000 0.0000000000 1.0000000000

0.0000000000 0.0000000000 1.0000000000 331.0637100000
0.0000000000 1.0000000000 0.0000000000 -3.9088200000
-1.0000000000 0.0000000000 0.0000000000 319.9778300000
0.0000000000 0.0000000000 0.0000000000 1.0000000000

0.0000000000 0.0000000000 1.0000000000 331.0637100000
0.0000000000 1.0000000000 0.0000000000 -3.8838200000
-1.0000000000 0.0000000000 0.0000000000 319.9778300000
0.0000000000 0.0000000000 0.0000000000 1.0000000000

0.0000000000 0.0000000000 1.0000000000 331.0637100000
0.0000000000 1.0000000000 0.0000000000 -3.8588200000
-1.0000000000 0.0000000000 0.0000000000 319.9778300000
0.0000000000 0.0000000000 0.0000000000 1.0000000000

0.0000000000 0.0000000000 1.0000000000 331.0637100000
0.0000000000 1.0000000000 0.0000000000 -3.8338200000
-1.0000000000 0.0000000000 0.0000000000 319.9778300000
0.0000000000 0.0000000000 0.0000000000 1.0000000000

0.0000000000 0.0000000000 1.0000000000 331.0637100000
0.0000000000 1.0000000000 0.0000000000 -3.8088200000
-1.0000000000 0.0000000000 0.0000000000 319.9778300000
0.0000000000 0.0000000000 0.0000000000 1.0000000000

0.0000000000 0.0000000000 1.0000000000 331.0637100000
0.0000000000 1.0000000000 0.0000000000 -3.7838200000
-1.0000000000 0.0000000000 0.0000000000 319.9778300000
0.0000000000 0.0000000000 0.0000000000 1.0000000000

0.0000000000 0.0000000000 1.0000000000 331.0637100000
0.0000000000 1.0000000000 0.0000000000 -3.7588200000
-1.0000000000 0.0000000000 0.0000000000 319.9778300000
0.0000000000 0.0000000000 0.0000000000 1.0000000000

0.0000000000 0.0000000000 1.0000000000 331.0637100000
0.0000000000 1.0000000000 0.0000000000 -3.7338200000
-1.0000000000 0.0000000000 0.0000000000 319.9778300000
0.0000000000 0.0000000000 0.0000000000 1.0000000000

0.0000000000 0.0000000000 1.0000000000 331.0637100000
0.0000000000 1.0000000000 0.0000000000 -3.7088200000
-1.0000000000 0.0000000000 0.0000000000 319.9778300000
0.0000000000 0.0000000000 0.0000000000 1.0000000000

0.0000000000 0.0000000000 1.0000000000 331.0637100000
0.0000000000 1.0000000000 0.0000000000 -3.6838200000
-1.0000000000 0.0000000000 0.0000000000 319.9778300000
0.0000000000 0.0000000000 0.0000000000 1.0000000000

0.0000000000 0.0000000000 1.0000000000 331.0637100000
0.0000000000 1.0000000000 0.0000000000 -3.6588200000
-1.0000000000 0.0000000000 0.0000000000 319.9778300000
0.0000000000 0.0000000000 0.0000000000 1.0000000000

0.0000000000 0.0000000000 1.0000000000 331.0637100000
0.0000000000 1.0000000000 0.0000000000 -3.6338200000
-1.0000000000 0.0000000000 0.0000000000 319.9778300000
0.0000000000 0.0000000000 0.0000000000 1.0000000000

0.0000000000 0.0000000000 1.0000000000 331.0637100000
0.0000000000 1.0000000000 0.0000000000 -3.6088200000
-1.0000000000 0.0000000000 0.0000000000 319.9778300000
0.0000000000 0.0000000000 0.0000000000 1.0000000000

0.0000000000 0.0000000000 1.0000000000 331.0637100000
0.0000000000 1.0000000000 0.0000000000 -3.5838200000
-1.0000000000 0.0000000000 0.0000000000 319.9778300000
0.0000000000 0.0000000000 0.0000000000 1.0000000000

0.0000000000 0.0000000000 1.0000000000 331.0637100000
0.0000000000 1.0000000000 0.0000000000 -3.5588200000
-1.0000000000 0.0000000000 0.0000000000 319.9778300000
0.0000000000 0.0000000000 0.0000000000 1.0000000000

0.0000000000 0.0000000000 1.0000000000 331.0637100000
0.0000000000 1.0000000000 0.0000000000 -3.5338200000
-1.0000000000 0.0000000000 0.0000000000 319.9778300000
0.0000000000 0.0000000000 0.0000000000 1.0000000000

0.0000000000 0.0000000000 1.0000000000 331.0637100000
0.0000000000 1.0000000000 0.0000000000 -3.5088200000
-1.0000000000 0.0000000000 0.0000000000 319.9778300000
0.0000000000 0.0000000000 0.0000000000 1.0000000000

0.0000000000 0.0000000000 1.0000000000 331.0637100000
0.0000000000 1.0000000000 0.0000000000 -3.4838200000
-1.0000000000 0.0000000000 0.0000000000 319.9778300000
0.0000000000 0.0000000000 0.0000000000 1.0000000000

0.0000000000 0.0000000000 1.0000000000 331.0637100000
0.0000000000 1.0000000000 0.0000000000 -3.4588200000
-1.0000000000 0.0000000000 0.0000000000 319.9778300000
0.0000000000 0.0000000000 0.0000000000 1.0000000000

0.0000000000 0.0000000000 1.0000000000 331.0637100000
0.0000000000 1.0000000000 0.0000000000 -3.4338200000
-1.0000000000 0.0000000000 0.0000000000 319.9778300000
0.0000000000 0.0000000000 0.0000000000 1.0000000000

0.0000000000 0.0000000000 1.0000000000 331.0637100000
0.0000000000 1.0000000000 0.0000000000 -3.4088200000
-1.0000000000 0.0000000000 0.0000000000 319.9778300000
0.0000000000 0.0000000000 0.0000000000 1.0000000000

0.0000000000 0.0000000000 1.0000000000 331.0637100000
0.0000000000 1.0000000000 0.0000000000 -3.3838200000
-1.0000000000 0.0000000000 0.0000000000 319.9778300000
0.0000000000 0.0000000000 0.0000000000 1.0000000000

0.0000000000 0.0000000000 1.0000000000 331.0637100000
0.0000000000 1.0000000000 0.0000000000 -3.3588200000
-1.0000000000 0.0000000000 0.0000000000 319.9778300000
0.0000000000 0.0000000000 0.0000000000 1.0000000000

0.0000000000 0.0000000000 1.0000000000 331.0637100000
0.0000000000 1.0000000000 0.0000000000 -3.3338200000
-1.0000000000 0.0000000000 0.0000000000 319.9778300000
0.0000000000 0.0000000000 0.0000000000 1.0000000000

0.0000000000 0.0000000000 1.0000000000 331.0637100000
0.0000000000 1.0000000000 0.0000000000 -3.3088200000
-1.0000000000 0.0000000000 0.0000000000 319.9778300000
0.0000000000 0.0000000000 0.0000000000 1.0000000000

0.0000000000 0.0000000000 1.0000000000 331.0637100000
0.0000000000 1.0000000000 0.0000000000 -3.2838200000
-1.0000000000 0.0000000000 0.0000000000 319.9778300000
0.0000000000 0.0000000000 0.0000000000 1.0000000000

0.0000000000 0.0000000000 1.0000000000 331.0637100000
0.0000000000 1.0000000000 0.0000000000 -3.2588200000
-1.0000000000 0.0000000000 0.0000000000 319.9778300000
0.0000000000 0.0000000000 0.0000000000 1.0000000000

0.0000000000 0.0000000000 1.0000000000 331.0637100000
0.0000000000 1.0000000000 0.0000000000 -3.2338200000
-1.0000000000 0.0000000000 0.0000000000 319.9778300000
0.0000000000 0.0000000000 0.0000000000 1.0000000000

0.0000000000 0.0000000000 1.0000000000 331.0637100000
0.0000000000 1.0000000000 0.0000000000 -3.2088200000
-1.0000000000 0.0000000000 0.0000000000 319.9778300000
0.0000000000 0.0000000000 0.0000000000 1.0000000000

0.0000000000 0.0000000000 1.0000000000 331.0637100000
0.0000000000 1.0000000000 0.0000000000 -3.1838200000
-1.0000000000 0.0000000000 0.0000000000 319.9778300000
0.0000000000 0.0000000000 0.0000000000 1.0000000000

0.0000000000 0.0000000000 1.0000000000 331.0637100000
0.0000000000 1.0000000000 0.0000000000 -3.1588200000
-1.0000000000 0.0000000000 0.0000000000 319.9778300000
0.0000000000 0.0000000000 0.0000000000 1.0000000000

0.0000000000 0.0000000000 1.0000000000 331.0637100000
0.0000000000 1.0000000000 0.0000000000 -3.1338200000
-1.0000000000 0.0000000000 0.0000000000 319.9778300000
0.0000000000 0.0000000000 0.0000000000 1.0000000000

0.0000000000 0.0000000000 1.0000000000 331.0637100000
0.0000000000 1.0000000000 0.0000000000 -3.1088200000
-1.0000000000 0.0000000000 0.0000000000 319.9778300000
0.0000000000 0.0000000000 0.0000000000 1.0000000000

0.0000000000 0.0000000000 1.0000000000 331.0637100000
0.0000000000 1.0000000000 0.0000000000 -3.0838200000
-1.0000000000 0.0000000000 0.0000000000 319.9778300000
0.0000000000 0.0000000000 0.0000000000 1.0000000000

0.0000000000 0.0000000000 1.0000000000 331.0637100000
0.0000000000 1.0000000000 0.0000000000 -3.0588200000
-1.0000000000 0.0000000000 0.0000000000 319.9778300000
0.0000000000 0.0000000000 0.0000000000 1.0000000000

0.0000000000 0.0000000000 1.0000000000 331.0637100000
0.0000000000 1.0000000000 0.0000000000 -3.0338200000
-1.0000000000 0.0000000000 0.0000000000 319.9778300000
0.0000000000 0.0000000000 0.0000000000 1.0000000000

0.0000000000 0.0000000000 1.0000000000 331.0637100000
0.0000000000 1.0000000000 0.0000000000 -3.0088200000
-1.0000000000 0.0000000000 0.0000000000 319.9778300000
0.0000000000 0.0000000000 0.0000000000 1.0000000000

0.0000000000 0.0000000000 1.0000000000 331.0637100000
0.0000000000 1.0000000000 0.0000000000 -2.9838200000
-1.0000000000 0.0000000000 0.0000000000 319.9778300000
0.0000000000 0.0000000000 0.0000000000 1.0000000000

0.0000000000 0.0000000000 1.0000000000 331.0637100000
0.0000000000 1.0000000000 0.0000000000 -2.9588200000
-1.0000000000 0.0000000000 0.0000000000 319.9778300000
0.0000000000 0.0000000000 0.0000000000 1.0000000000

0.0000000000 0.0000000000 1.0000000000 331.0637100000
0.0000000000 1.0000000000 0.0000000000 -2.9338200000
-1.0000000000 0.0000000000 0.0000000000 319.9778300000
0.0000000000 0.0000000000 0.0000000000 1.0000000000

0.0000000000 0.0000000000 1.0000000000 331.0637100000
0.0000000000 1.0000000000 0.0000000000 -2.9088200000
-1.0000000000 0.0000000000 0.0000000000 319.9778300000
0.0000000000 0.0000000000 0.0000000000 1.0000000000

0.0000000000 0.0000000000 1.0000000000 331.0637100000
0.0000000000 1.0000000000 0.0000000000 -2.8838200000
-1.0000000000 0.0000000000 0.0000000000 319.9778300000
0.0000000000 0.0000000000 0.0000000000 1.0000000000

0.0000000000 0.0000000000 1.0000000000 331.0637100000
0.0000000000 1.0000000000 0.0000000000 -2.8588200000
-1.0000000000 0.0000000000 0.0000000000 319.9778300000
0.0000000000 0.0000000000 0.0000000000 1.0000000000

0.0000000000 0.0000000000 1.0000000000 331.0637100000
0.0000000000 1.0000000000 0.0000000000 -2.8338200000
-1.0000000000 0.0000000000 0.0000000000 319.9778300000
0.0000000000 0.0000000000 0.0000000000 1.0000000000

0.0000000000 0.0000000000 1.0000000000 331.0637100000
0.0000000000 1.0000000000 0.0000000000 -2.8088200000
-1.0000000000 0.0000000000 0.0000000000 319.9778300000
0.0000000000 0.0000000000 0.0000000000 1.0000000000

0.0000000000 0.0000000000 1.0000000000 331.0637100000
0.0000000000 1.0000000000 0.0000000000 -2.7838200000
-1.0000000000 0.0000000000 0.0000000000 319.9778300000
0.0000000000 0.0000000000 0.0000000000 1.0000000000

0.0000000000 0.0000000000 1.0000000000 331.0637100000
0.0000000000 1.0000000000 0.0000000000 -2.7588200000
-1.0000000000 0.0000000000 0.0000000000 319.9778300000
0.0000000000 0.0000000000 0.0000000000 1.0000000000

0.0000000000 0.0000000000 1.0000000000 331.0637100000
0.0000000000 1.0000000000 0.0000000000 -2.7338200000
-1.0000000000 0.0000000000 0.0000000000 319.9778300000
0.0000000000 0.0000000000 0.0000000000 1.0000000000

0.0000000000 0.0000000000 1.0000000000 331.0637100000
0.0000000000 1.0000000000 0.0000000000 -2.7088200000
-1.0000000000 0.0000000000 0.0000000000 319.9778300000
0.0000000000 0.0000000000 0.0000000000 1.0000000000

0.0000000000 0.0000000000 1.0000000000 331.0637100000
0.0000000000 1.0000000000 0.0000000000 -2.6838200000
-1.0000000000 0.0000000000 0.0000000000 319.9778300000
0.0000000000 0.0000000000 0.0000000000 1.0000000000

0.0000000000 0.0000000000 1.0000000000 331.0637100000
0.0000000000 1.0000000000 0.0000000000 -2.6588200000
-1.0000000000 0.0000000000 0.0000000000 319.9778300000
0.0000000000 0.0000000000 0.0000000000 1.0000000000

0.0000000000 0.0000000000 1.0000000000 331.0637100000
0.0000000000 1.0000000000 0.0000000000 -2.6338200000
-1.0000000000 0.0000000000 0.0000000000 319.9778300000
0.0000000000 0.0000000000 0.0000000000 1.0000000000

0.0000000000 0.0000000000 1.0000000000 331.0637100000
0.0000000000 1.0000000000 0.0000000000 -2.6088200000
-1.0000000000 0.0000000000 0.0000000000 319.9778300000
0.0000000000 0.0000000000 0.0000000000 1.0000000000

0.0000000000 0.0000000000 1.0000000000 331.0637100000
0.0000000000 1.0000000000 0.0000000000 -2.5838200000
-1.0000000000 0.0000000000 0.0000000000 319.9778300000
0.0000000000 0.0000000000 0.0000000000 1.0000000000

0.0000000000 0.0000000000 1.0000000000 331.0637100000
0.0000000000 1.0000000000 0.0000000000 -2.5588200000
-1.0000000000 0.0000000000 0.0000000000 319.9778300000
0.0000000000 0.0000000000 0.0000000000 1.0000000000

0.0000000000 0.0000000000 1.0000000000 331.0637100000
0.0000000000 1.0000000000 0.0000000000 -2.5338200000
-1.0000000000 0.0000000000 0.0000000000 319.9778300000
0.0000000000 0.0000000000 0.0000000000 1.0000000000

0.0000000000 0.0000000000 1.0000000000 331.0637100000
0.0000000000 1.0000000000 0.0000000000 -2.5088200000
-1.0000000000 0.0000000000 0.0000000000 319.9778300000
0.0000000000 0.0000000000 0.0000000000 1.0000000000

0.0000000000 0.0000000000 1.0000000000 331.0637100000
0.0000000000 1.0000000000 0.0000000000 -2.4838200000
-1.0000000000 0.0000000000 0.0000000000 319.9778300000
0.0000000000 0.0000000000 0.0000000000 1.0000000000

0.0000000000 0.0000000000 1.0000000000 331.0637100000
0.0000000000 1.0000000000 0.0000000000 -2.4588200000
-1.0000000000 0.0000000000 0.0000000000 319.9778300000
0.0000000000 0.0000000000 0.0000000000 1.0000000000

0.0000000000 0.0000000000 1.0000000000 331.0637100000
0.0000000000 1.0000000000 0.0000000000 -2.4338200000
-1.0000000000 0.0000000000 0.0000000000 319.9778300000
0.0000000000 0.0000000000 0.0000000000 1.0000000000

0.0000000000 0.0000000000 1.0000000000 331.0637100000
0.0000000000 1.0000000000 0.0000000000 -2.4088200000
-1.0000000000 0.0000000000 0.0000000000 319.9778300000
0.0000000000 0.0000000000 0.0000000000 1.0000000000

0.0000000000 0.0000000000 1.0000000000 331.0637100000
0.0000000000 1.0000000000 0.0000000000 -2.3838200000
-1.0000000000 0.0000000000 0.0000000000 319.9778300000
0.0000000000 0.0000000000 0.0000000000 1.0000000000

0.0000000000 0.0000000000 1.0000000000 331.0637100000
0.0000000000 1.0000000000 0.0000000000 -2.3588200000
-1.0000000000 0.0000000000 0.0000000000 319.9778300000
0.0000000000 0.0000000000 0.0000000000 1.0000000000

0.0000000000 0.0000000000 1.0000000000 331.0637100000
0.0000000000 1.0000000000 0.0000000000 -2.3338200000
-1.0000000000 0.0000000000 0.0000000000 319.9778300000
0.0000000000 0.0000000000 0.0000000000 1.0000000000

0.0000000000 0.0000000000 1.0000000000 331.0637100000
0.0000000000 1.0000000000 0.0000000000 -2.3088200000
-1.0000000000 0.0000000000 0.0000000000 319.9778300000
0.0000000000 0.0000000000 0.0000000000 1.0000000000

0.0000000000 0.0000000000 1.0000000000 331.0637100000
0.0000000000 1.0000000000 0.0000000000 -2.2838200000
-1.0000000000 0.0000000000 0.0000000000 319.9778300000
0.0000000000 0.0000000000 0.0000000000 1.0000000000

0.0000000000 0.0000000000 1.0000000000 331.0637100000
0.0000000000 1.0000000000 0.0000000000 -2.2588200000
-1.0000000000 0.0000000000 0.0000000000 319.9778300000
0.0000000000 0.0000000000 0.0000000000 1.0000000000

0.0000000000 0.0000000000 1.0000000000 331.0637100000
0.0000000000 1.0000000000 0.0000000000 -2.2338200000
-1.0000000000 0.0000000000 0.0000000000 319.9778300000
0.0000000000 0.0000000000 0.0000000000 1.0000000000

0.0000000000 0.0000000000 1.0000000000 331.0637100000
0.0000000000 1.0000000000 0.0000000000 -2.2088200000
-1.0000000000 0.0000000000 0.0000000000 319.9778300000
0.0000000000 0.0000000000 0.0000000000 1.0000000000

0.0000000000 0.0000000000 1.0000000000 331.0637100000
0.0000000000 1.0000000000 0.0000000000 -2.1838200000
-1.0000000000 0.0000000000 0.0000000000 319.9778300000
0.0000000000 0.0000000000 0.0000000000 1.0000000000

0.0000000000 0.0000000000 1.0000000000 331.0637100000
0.0000000000 1.0000000000 0.0000000000 -2.1588200000
-1.0000000000 0.0000000000 0.0000000000 319.9778300000
0.0000000000 0.0000000000 0.0000000000 1.0000000000

0.0000000000 0.0000000000 1.0000000000 331.0637100000
0.0000000000 1.0000000000 0.0000000000 -2.1338200000
-1.0000000000 0.0000000000 0.0000000000 319.9778300000
0.0000000000 0.0000000000 0.0000000000 1.0000000000

0.0000000000 0.0000000000 1.0000000000 331.0637100000
0.0000000000 1.0000000000 0.0000000000 -2.1088200000
-1.0000000000 0.0000000000 0.0000000000 319.9778300000
0.0000000000 0.0000000000 0.0000000000 1.0000000000

0.0000000000 0.0000000000 1.0000000000 331.0637100000
0.0000000000 1.0000000000 0.0000000000 -2.0838200000
-1.0000000000 0.0000000000 0.0000000000 319.9778300000
0.0000000000 0.0000000000 0.0000000000 1.0000000000

0.0000000000 0.0000000000 1.0000000000 331.0637100000
0.0000000000 1.0000000000 0.0000000000 -2.0588200000
-1.0000000000 0.0000000000 0.0000000000 319.9778300000
0.0000000000 0.0000000000 0.0000000000 1.0000000000

0.0000000000 0.0000000000 1.0000000000 331.0637100000
0.0000000000 1.0000000000 0.0000000000 -2.0338200000
-1.0000000000 0.0000000000 0.0000000000 319.9778300000
0.0000000000 0.0000000000 0.0000000000 1.0000000000

0.0000000000 0.0000000000 1.0000000000 331.0637100000
0.0000000000 1.0000000000 0.0000000000 -2.0088200000
-1.0000000000 0.0000000000 0.0000000000 319.9778300000
0.0000000000 0.0000000000 0.0000000000 1.0000000000

0.0000000000 0.0000000000 1.0000000000 331.0637100000
0.0000000000 1.0000000000 0.0000000000 -1.9838200000
-1.0000000000 0.0000000000 0.0000000000 319.9778300000
0.0000000000 0.0000000000 0.0000000000 1.0000000000

0.0000000000 0.0000000000 1.0000000000 331.0637100000
0.0000000000 1.0000000000 0.0000000000 -1.9588200000
-1.0000000000 0.0000000000 0.0000000000 319.9778300000
0.0000000000 0.0000000000 0.0000000000 1.0000000000

0.0000000000 0.0000000000 1.0000000000 331.0637100000
0.0000000000 1.0000000000 0.0000000000 -1.9338200000
-1.0000000000 0.0000000000 0.0000000000 319.9778300000
0.0000000000 0.0000000000 0.0000000000 1.0000000000

0.0000000000 0.0000000000 1.0000000000 331.0637100000
0.0000000000 1.0000000000 0.0000000000 -1.9088200000
-1.0000000000 0.0000000000 0.0000000000 319.9778300000
0.0000000000 0.0000000000 0.0000000000 1.0000000000

0.0000000000 0.0000000000 1.0000000000 331.0637100000
0.0000000000 1.0000000000 0.0000000000 -1.8838200000
-1.0000000000 0.0000000000 0.0000000000 319.9778300000
0.0000000000 0.0000000000 0.0000000000 1.0000000000

0.0000000000 0.0000000000 1.0000000000 331.0637100000
0.0000000000 1.0000000000 0.0000000000 -1.8588200000
-1.0000000000 0.0000000000 0.0000000000 319.9778300000
0.0000000000 0.0000000000 0.0000000000 1.0000000000

0.0000000000 0.0000000000 1.0000000000 331.0637100000
0.0000000000 1.0000000000 0.0000000000 -1.8338200000
-1.0000000000 0.0000000000 0.0000000000 319.9778300000
0.0000000000 0.0000000000 0.0000000000 1.0000000000

0.0000000000 0.0000000000 1.0000000000 331.0637100000
0.0000000000 1.0000000000 0.0000000000 -1.8088200000
-1.0000000000 0.0000000000 0.0000000000 319.9778300000
0.0000000000 0.0000000000 0.0000000000 1.0000000000

0.0000000000 0.0000000000 1.0000000000 331.0637100000
0.0000000000 1.0000000000 0.0000000000 -1.7838200000
-1.0000000000 0.0000000000 0.0000000000 319.9778300000
0.0000000000 0.0000000000 0.0000000000 1.0000000000

0.0000000000 0.0000000000 1.0000000000 331.0637100000
0.0000000000 1.0000000000 0.0000000000 -1.7588200000
-1.0000000000 0.0000000000 0.0000000000 319.9778300000
0.0000000000 0.0000000000 0.0000000000 1.0000000000

0.0000000000 0.0000000000 1.0000000000 331.0637100000
0.0000000000 1.0000000000 0.0000000000 -1.7338200000
-1.0000000000 0.0000000000 0.0000000000 319.9778300000
0.0000000000 0.0000000000 0.0000000000 1.0000000000

0.0000000000 0.0000000000 1.0000000000 331.0637100000
0.0000000000 1.0000000000 0.0000000000 -1.7088200000
-1.0000000000 0.0000000000 0.0000000000 319.9778300000
0.0000000000 0.0000000000 0.0000000000 1.0000000000

0.0000000000 0.0000000000 1.0000000000 331.0637100000
0.0000000000 1.0000000000 0.0000000000 -1.6838200000
-1.0000000000 0.0000000000 0.0000000000 319.9778300000
0.0000000000 0.0000000000 0.0000000000 1.0000000000

0.0000000000 0.0000000000 1.0000000000 331.0637100000
0.0000000000 1.0000000000 0.0000000000 -1.6588200000
-1.0000000000 0.0000000000 0.0000000000 319.9778300000
0.0000000000 0.0000000000 0.0000000000 1.0000000000

0.0000000000 0.0000000000 1.0000000000 331.0637100000
0.0000000000 1.0000000000 0.0000000000 -1.6338200000
-1.0000000000 0.0000000000 0.0000000000 319.9778300000
0.0000000000 0.0000000000 0.0000000000 1.0000000000

0.0000000000 0.0000000000 1.0000000000 331.0637100000
0.0000000000 1.0000000000 0.0000000000 -1.6088200000
-1.0000000000 0.0000000000 0.0000000000 319.9778300000
0.0000000000 0.0000000000 0.0000000000 1.0000000000

0.0000000000 0.0000000000 1.0000000000 331.0637100000
0.0000000000 1.0000000000 0.0000000000 -1.5838200000
-1.0000000000 0.0000000000 0.0000000000 319.9778300000
0.0000000000 0.0000000000 0.0000000000 1.0000000000

0.0000000000 0.0000000000 1.0000000000 331.0637100000
0.0000000000 1.0000000000 0.0000000000 -1.5588200000
-1.0000000000 0.0000000000 0.0000000000 319.9778300000
0.0000000000 0.0000000000 0.0000000000 1.0000000000

0.0000000000 0.0000000000 1.0000000000 331.0637100000
0.0000000000 1.0000000000 0.0000000000 -1.5338200000
-1.0000000000 0.0000000000 0.0000000000 319.9778300000
0.0000000000 0.0000000000 0.0000000000 1.0000000000

0.0000000000 0.0000000000 1.0000000000 331.0637100000
0.0000000000 1.0000000000 0.0000000000 -1.5088200000
-1.0000000000 0.0000000000 0.0000000000 319.9778300000
0.0000000000 0.0000000000 0.0000000000 1.0000000000

0.0000000000 0.0000000000 1.0000000000 331.0637100000
0.0000000000 1.0000000000 0.0000000000 -1.4838200000
-1.0000000000 0.0000000000 0.0000000000 319.9778300000
0.0000000000 0.0000000000 0.0000000000 1.0000000000

0.0000000000 0.0000000000 1.0000000000 331.0637100000
0.0000000000 1.0000000000 0.0000000000 -1.4588200000
-1.0000000000 0.0000000000 0.0000000000 319.9778300000
0.0000000000 0.0000000000 0.0000000000 1.0000000000

0.0000000000 0.0000000000 1.0000000000 331.0637100000
0.0000000000 1.0000000000 0.0000000000 -1.4338200000
-1.0000000000 0.0000000000 0.0000000000 319.9778300000
0.0000000000 0.0000000000 0.0000000000 1.0000000000

0.0000000000 0.0000000000 1.0000000000 331.0637100000
0.0000000000 1.0000000000 0.0000000000 -1.4088200000
-1.0000000000 0.0000000000 0.0000000000 319.9778300000
0.0000000000 0.0000000000 0.0000000000 1.0000000000

0.0000000000 0.0000000000 1.0000000000 331.0637100000
0.0000000000 1.0000000000 0.0000000000 -1.3838200000
-1.0000000000 0.0000000000 0.0000000000 319.9778300000
0.0000000000 0.0000000000 0.0000000000 1.0000000000

0.0000000000 0.0000000000 1.0000000000 331.0637100000
0.0000000000 1.0000000000 0.0000000000 -1.3588200000
-1.0000000000 0.0000000000 0.0000000000 319.9778300000
0.0000000000 0.0000000000 0.0000000000 1.0000000000

0.0000000000 0.0000000000 1.0000000000 331.0637100000
0.0000000000 1.0000000000 0.0000000000 -1.3338200000
-1.0000000000 0.0000000000 0.0000000000 319.9778300000
0.0000000000 0.0000000000 0.0000000000 1.0000000000

0.0000000000 0.0000000000 1.0000000000 331.0637100000
0.0000000000 1.0000000000 0.0000000000 -1.3088200000
-1.0000000000 0.0000000000 0.0000000000 319.9778300000
0.0000000000 0.0000000000 0.0000000000 1.0000000000

0.0000000000 0.0000000000 1.0000000000 331.0637100000
0.0000000000 1.0000000000 0.0000000000 -1.2838200000
-1.0000000000 0.0000000000 0.0000000000 319.9778300000
0.0000000000 0.0000000000 0.0000000000 1.0000000000

0.0000000000 0.0000000000 1.0000000000 331.0637100000
0.0000000000 1.0000000000 0.0000000000 -1.2588200000
-1.0000000000 0.0000000000 0.0000000000 319.9778300000
0.0000000000 0.0000000000 0.0000000000 1.0000000000

0.0000000000 0.0000000000 1.0000000000 331.0637100000
0.0000000000 1.0000000000 0.0000000000 -1.2338200000
-1.0000000000 0.0000000000 0.0000000000 319.9778300000
0.0000000000 0.0000000000 0.0000000000 1.0000000000

0.0000000000 0.0000000000 1.0000000000 331.0637100000
0.0000000000 1.0000000000 0.0000000000 -1.2088200000
-1.0000000000 0.0000000000 0.0000000000 319.9778300000
0.0000000000 0.0000000000 0.0000000000 1.0000000000

0.0000000000 0.0000000000 1.0000000000 331.0637100000
0.0000000000 1.0000000000 0.0000000000 -1.1838200000
-1.0000000000 0.0000000000 0.0000000000 319.9778300000
0.0000000000 0.0000000000 0.0000000000 1.0000000000

0.0000000000 0.0000000000 1.0000000000 331.0637100000
0.0000000000 1.0000000000 0.0000000000 -1.1588200000
-1.0000000000 0.0000000000 0.0000000000 319.9778300000
0.0000000000 0.0000000000 0.0000000000 1.0000000000

0.0000000000 0.0000000000 1.0000000000 331.0637100000
0.0000000000 1.0000000000 0.0000000000 -1.1338200000
-1.0000000000 0.0000000000 0.0000000000 319.9778300000
0.0000000000 0.0000000000 0.0000000000 1.0000000000

0.0000000000 0.0000000000 1.0000000000 331.0637100000
0.0000000000 1.0000000000 0.0000000000 -1.1088200000
-1.0000000000 0.0000000000 0.0000000000 319.9778300000
0.0000000000 0.0000000000 0.0000000000 1.0000000000

0.0000000000 0.0000000000 1.0000000000 331.0637100000
0.0000000000 1.0000000000 0.0000000000 -1.0838200000
-1.0000000000 0.0000000000 0.0000000000 319.9778300000
0.0000000000 0.0000000000 0.0000000000 1.0000000000

0.0000000000 0.0000000000 1.0000000000 331.0637100000
0.0000000000 1.0000000000 0.0000000000 -1.0588200000
-1.0000000000 0.0000000000 0.0000000000 319.9778300000
0.0000000000 0.0000000000 0.0000000000 1.0000000000

0.0000000000 0.0000000000 1.0000000000 331.0637100000
0.0000000000 1.0000000000 0.0000000000 -1.0338200000
-1.0000000000 0.0000000000 0.0000000000 319.9778300000
0.0000000000 0.0000000000 0.0000000000 1.0000000000

0.0000000000 0.0000000000 1.0000000000 331.0637100000
0.0000000000 1.0000000000 0.0000000000 -1.0088200000
-1.0000000000 0.0000000000 0.0000000000 319.9778300000
0.0000000000 0.0000000000 0.0000000000 1.0000000000

0.0000000000 0.0000000000 1.0000000000 331.0637100000
0.0000000000 1.0000000000 0.0000000000 -0.9838200000
-1.0000000000 0.0000000000 0.0000000000 319.9778300000
0.0000000000 0.0000000000 0.0000000000 1.0000000000

0.0000000000 0.0000000000 1.0000000000 331.0637100000
0.0000000000 1.0000000000 0.0000000000 -0.9588200000
-1.0000000000 0.0000000000 0.0000000000 319.9778300000
0.0000000000 0.0000000000 0.0000000000 1.0000000000

0.0000000000 0.0000000000 1.0000000000 331.0637100000
0.0000000000 1.0000000000 0.0000000000 -0.9338200000
-1.0000000000 0.0000000000 0.0000000000 319.9778300000
0.0000000000 0.0000000000 0.0000000000 1.0000000000

0.0000000000 0.0000000000 1.0000000000 331.0637100000
0.0000000000 1.0000000000 0.0000000000 -0.9088200000
-1.0000000000 0.0000000000 0.0000000000 319.9778300000
0.0000000000 0.0000000000 0.0000000000 1.0000000000

0.0000000000 0.0000000000 1.0000000000 331.0637100000
0.0000000000 1.0000000000 0.0000000000 -0.8838200000
-1.0000000000 0.0000000000 0.0000000000 319.9778300000
0.0000000000 0.0000000000 0.0000000000 1.0000000000

0.0000000000 0.0000000000 1.0000000000 331.0637100000
0.0000000000 1.0000000000 0.0000000000 -0.8588200000
-1.0000000000 0.0000000000 0.0000000000 319.9778300000
0.0000000000 0.0000000000 0.0000000000 1.0000000000

0.0000000000 0.0000000000 1.0000000000 331.0637100000
0.0000000000 1.0000000000 0.0000000000 -0.8338200000
-1.0000000000 0.0000000000 0.0000000000 319.9778300000
0.0000000000 0.0000000000 0.0000000000 1.0000000000

0.0000000000 0.0000000000 1.0000000000 331.0637100000
0.0000000000 1.0000000000 0.0000000000 -0.8088200000
-1.0000000000 0.0000000000 0.0000000000 319.9778300000
0.0000000000 0.0000000000 0.0000000000 1.0000000000

0.0000000000 0.0000000000 1.0000000000 331.0637100000
0.0000000000 1.0000000000 0.0000000000 -0.7838200000
-1.0000000000 0.0000000000 0.0000000000 319.9778300000
0.0000000000 0.0000000000 0.0000000000 1.0000000000

0.0000000000 0.0000000000 1.0000000000 331.0637100000
0.0000000000 1.0000000000 0.0000000000 -0.7588200000
-1.0000000000 0.0000000000 0.0000000000 319.9778300000
0.0000000000 0.0000000000 0.0000000000 1.0000000000

0.0000000000 0.0000000000 1.0000000000 331.0637100000
0.0000000000 1.0000000000 0.0000000000 -0.7338200000
-1.0000000000 0.0000000000 0.0000000000 319.9778300000
0.0000000000 0.0000000000 0.0000000000 1.0000000000

0.0000000000 0.0000000000 1.0000000000 331.0637100000
0.0000000000 1.0000000000 0.0000000000 -0.7088200000
-1.0000000000 0.0000000000 0.0000000000 319.9778300000
0.0000000000 0.0000000000 0.0000000000 1.0000000000

0.0000000000 0.0000000000 1.0000000000 331.0637100000
0.0000000000 1.0000000000 0.0000000000 -0.6838200000
-1.0000000000 0.0000000000 0.0000000000 319.9778300000
0.0000000000 0.0000000000 0.0000000000 1.0000000000

0.0000000000 0.0000000000 1.0000000000 331.0637100000
0.0000000000 1.0000000000 0.0000000000 -0.6588200000
-1.0000000000 0.0000000000 0.0000000000 319.9778300000
0.0000000000 0.0000000000 0.0000000000 1.0000000000

0.0000000000 0.0000000000 1.0000000000 331.0637100000
0.0000000000 1.0000000000 0.0000000000 -0.6338200000
-1.0000000000 0.0000000000 0.0000000000 319.9778300000
0.0000000000 0.0000000000 0.0000000000 1.0000000000

0.0000000000 0.0000000000 1.0000000000 331.0637100000
0.0000000000 1.0000000000 0.0000000000 -0.6088200000
-1.0000000000 0.0000000000 0.0000000000 319.9778300000
0.0000000000 0.0000000000 0.0000000000 1.0000000000

0.0000000000 0.0000000000 1.0000000000 331.0637100000
0.0000000000 1.0000000000 0.0000000000 -0.5838200000
-1.0000000000 0.0000000000 0.0000000000 319.9778300000
0.0000000000 0.0000000000 0.0000000000 1.0000000000

0.0000000000 0.0000000000 1.0000000000 331.0637100000
0.0000000000 1.0000000000 0.0000000000 -0.5588200000
-1.0000000000 0.0000000000 0.0000000000 319.9778300000
0.0000000000 0.0000000000 0.0000000000 1.0000000000

0.0000000000 0.0000000000 1.0000000000 331.0637100000
0.0000000000 1.0000000000 0.0000000000 -0.5338200000
-1.0000000000 0.0000000000 0.0000000000 319.9778300000
0.0000000000 0.0000000000 0.0000000000 1.0000000000

0.0000000000 0.0000000000 1.0000000000 331.0637100000
0.0000000000 1.0000000000 0.0000000000 -0.5088200000
-1.0000000000 0.0000000000 0.0000000000 319.9778300000
0.0000000000 0.0000000000 0.0000000000 1.0000000000

0.0000000000 0.0000000000 1.0000000000 331.0637100000
0.0000000000 1.0000000000 0.0000000000 -0.4838200000
-1.0000000000 0.0000000000 0.0000000000 319.9778300000
0.0000000000 0.0000000000 0.0000000000 1.0000000000

0.0000000000 0.0000000000 1.0000000000 331.0637100000
0.0000000000 1.0000000000 0.0000000000 -0.4588200000
-1.0000000000 0.0000000000 0.0000000000 319.9778300000
0.0000000000 0.0000000000 0.0000000000 1.0000000000

0.0000000000 0.0000000000 1.0000000000 331.0637100000
0.0000000000 1.0000000000 0.0000000000 -0.4338200000
-1.0000000000 0.0000000000 0.0000000000 319.9778300000
0.0000000000 0.0000000000 0.0000000000 1.0000000000

0.0000000000 0.0000000000 1.0000000000 331.0637100000
0.0000000000 1.0000000000 0.0000000000 -0.4088200000
-1.0000000000 0.0000000000 0.0000000000 319.9778300000
0.0000000000 0.0000000000 0.0000000000 1.0000000000

0.0000000000 0.0000000000 1.0000000000 331.0637100000
0.0000000000 1.0000000000 0.0000000000 -0.3838200000
-1.0000000000 0.0000000000 0.0000000000 319.9778300000
0.0000000000 0.0000000000 0.0000000000 1.0000000000

0.0000000000 0.0000000000 1.0000000000 331.0637100000
0.0000000000 1.0000000000 0.0000000000 -0.3588200000
-1.0000000000 0.0000000000 0.0000000000 319.9778300000
0.0000000000 0.0000000000 0.0000000000 1.0000000000

0.0000000000 0.0000000000 1.0000000000 331.0637100000
0.0000000000 1.0000000000 0.0000000000 -0.3338200000
-1.0000000000 0.0000000000 0.0000000000 319.9778300000
0.0000000000 0.0000000000 0.0000000000 1.0000000000

0.0000000000 0.0000000000 1.0000000000 331.0637100000
0.0000000000 1.0000000000 0.0000000000 -0.3088200000
-1.0000000000 0.0000000000 0.0000000000 319.9778300000
0.0000000000 0.0000000000 0.0000000000 1.0000000000

0.0000000000 0.0000000000 1.0000000000 331.0637100000
0.0000000000 1.0000000000 0.0000000000 -0.2838200000
-1.0000000000 0.0000000000 0.0000000000 319.9778300000
0.0000000000 0.0000000000 0.0000000000 1.0000000000

0.0000000000 0.0000000000 1.0000000000 331.0637100000
0.0000000000 1.0000000000 0.0000000000 -0.2588200000
-1.0000000000 0.0000000000 0.0000000000 319.9778300000
0.0000000000 0.0000000000 0.0000000000 1.0000000000

0.0000000000 0.0000000000 1.0000000000 331.0637100000
0.0000000000 1.0000000000 0.0000000000 -0.2338200000
-1.0000000000 0.0000000000 0.0000000000 319.9778300000
0.0000000000 0.0000000000 0.0000000000 1.0000000000

0.0000000000 0.0000000000 1.0000000000 331.0637100000
0.0000000000 1.0000000000 0.0000000000 -0.2088200000
-1.0000000000 0.0000000000 0.0000000000 319.9778300000
0.0000000000 0.0000000000 0.0000000000 1.0000000000

0.0000000000 0.0000000000 1.0000000000 331.0637100000
0.0000000000 1.0000000000 0.0000000000 -0.1838200000
-1.0000000000 0.0000000000 0.0000000000 319.9778300000
0.0000000000 0.0000000000 0.0000000000 1.0000000000

0.0000000000 0.0000000000 1.0000000000 331.0637100000
0.0000000000 1.0000000000 0.0000000000 -0.1588200000
-1.0000000000 0.0000000000 0.0000000000 319.9778300000
0.0000000000 0.0000000000 0.0000000000 1.0000000000

0.0000000000 0.0000000000 1.0000000000 331.0637100000
0.0000000000 1.0000000000 0.0000000000 -0.1338200000
-1.0000000000 0.0000000000 0.0000000000 319.9778300000
0.0000000000 0.0000000000 0.0000000000 1.0000000000

0.0000000000 0.0000000000 1.0000000000 331.0637100000
0.0000000000 1.0000000000 0.0000000000 -0.1088200000
-1.0000000000 0.0000000000 0.0000000000 319.9778300000
0.0000000000 0.0000000000 0.0000000000 1.0000000000

0.0000000000 0.0000000000 1.0000000000 331.0637100000
0.0000000000 1.0000000000 0.0000000000 -0.0838200000
-1.0000000000 0.0000000000 0.0000000000 319.9778300000
0.0000000000 0.0000000000 0.0000000000 1.0000000000

0.0000000000 0.0000000000 1.0000000000 331.0637100000
0.0000000000 1.0000000000 0.0000000000 -0.0588200000
-1.0000000000 0.0000000000 0.0000000000 319.9778300000
0.0000000000 0.0000000000 0.0000000000 1.0000000000

0.0000000000 0.0000000000 1.0000000000 331.0637100000
0.0000000000 1.0000000000 0.0000000000 -0.0338200000
-1.0000000000 0.0000000000 0.0000000000 319.9778300000
0.0000000000 0.0000000000 0.0000000000 1.0000000000

0.0000000000 0.0000000000 1.0000000000 331.0637100000
0.0000000000 1.0000000000 0.0000000000 -0.0088200000
-1.0000000000 0.0000000000 0.0000000000 319.9778300000
0.0000000000 0.0000000000 0.0000000000 1.0000000000

0.0000000000 0.0000000000 1.0000000000 331.0637100000
0.0000000000 1.0000000000 0.0000000000 0.0161800000
-1.0000000000 0.0000000000 0.0000000000 319.9778300000
0.0000000000 0.0000000000 0.0000000000 1.0000000000

0.0000000000 0.0000000000 1.0000000000 331.0637100000
0.0000000000 1.0000000000 0.0000000000 0.0411800000
-1.0000000000 0.0000000000 0.0000000000 319.9778300000
0.0000000000 0.0000000000 0.0000000000 1.0000000000

0.0000000000 0.0000000000 1.0000000000 331.0637100000
0.0000000000 1.0000000000 0.0000000000 0.0661800000
-1.0000000000 0.0000000000 0.0000000000 319.9778300000
0.0000000000 0.0000000000 0.0000000000 1.0000000000

0.0000000000 0.0000000000 1.0000000000 331.0637100000
0.0000000000 1.0000000000 0.0000000000 0.0911800000
-1.0000000000 0.0000000000 0.0000000000 319.9778300000
0.0000000000 0.0000000000 0.0000000000 1.0000000000

0.0000000000 0.0000000000 1.0000000000 331.0637100000
0.0000000000 1.0000000000 0.0000000000 0.1161800000
-1.0000000000 0.0000000000 0.0000000000 319.9778300000
0.0000000000 0.0000000000 0.0000000000 1.0000000000

0.0000000000 0.0000000000 1.0000000000 331.0637100000
0.0000000000 1.0000000000 0.0000000000 0.1411800000
-1.0000000000 0.0000000000 0.0000000000 319.9778300000
0.0000000000 0.0000000000 0.0000000000 1.0000000000

0.0000000000 0.0000000000 1.0000000000 331.0637100000
0.0000000000 1.0000000000 0.0000000000 0.1661800000
-1.0000000000 0.0000000000 0.0000000000 319.9778300000
0.0000000000 0.0000000000 0.0000000000 1.0000000000

0.0000000000 0.0000000000 1.0000000000 331.0637100000
0.0000000000 1.0000000000 0.0000000000 0.1911800000
-1.0000000000 0.0000000000 0.0000000000 319.9778300000
0.0000000000 0.0000000000 0.0000000000 1.0000000000

0.0000000000 0.0000000000 1.0000000000 331.0637100000
0.0000000000 1.0000000000 0.0000000000 0.2161800000
-1.0000000000 0.0000000000 0.0000000000 319.9778300000
0.0000000000 0.0000000000 0.0000000000 1.0000000000

0.0000000000 0.0000000000 1.0000000000 331.0637100000
0.0000000000 1.0000000000 0.0000000000 0.2411800000
-1.0000000000 0.0000000000 0.0000000000 319.9778300000
0.0000000000 0.0000000000 0.0000000000 1.0000000000

0.0000000000 0.0000000000 1.0000000000 331.0637100000
0.0000000000 1.0000000000 0.0000000000 0.2661800000
-1.0000000000 0.0000000000 0.0000000000 319.9778300000
0.0000000000 0.0000000000 0.0000000000 1.0000000000

0.0000000000 0.0000000000 1.0000000000 331.0637100000
0.0000000000 1.0000000000 0.0000000000 0.2911800000
-1.0000000000 0.0000000000 0.0000000000 319.9778300000
0.0000000000 0.0000000000 0.0000000000 1.0000000000

0.0000000000 0.0000000000 1.0000000000 331.0637100000
0.0000000000 1.0000000000 0.0000000000 0.3161800000
-1.0000000000 0.0000000000 0.0000000000 319.9778300000
0.0000000000 0.0000000000 0.0000000000 1.0000000000

0.0000000000 0.0000000000 1.0000000000 331.0637100000
0.0000000000 1.0000000000 0.0000000000 0.3411800000
-1.0000000000 0.0000000000 0.0000000000 319.9778300000
0.0000000000 0.0000000000 0.0000000000 1.0000000000

0.0000000000 0.0000000000 1.0000000000 331.0637100000
0.0000000000 1.0000000000 0.0000000000 0.3661800000
-1.0000000000 0.0000000000 0.0000000000 319.9778300000
0.0000000000 0.0000000000 0.0000000000 1.0000000000

0.0000000000 0.0000000000 1.0000000000 331.0637100000
0.0000000000 1.0000000000 0.0000000000 0.3911800000
-1.0000000000 0.0000000000 0.0000000000 319.9778300000
0.0000000000 0.0000000000 0.0000000000 1.0000000000

0.0000000000 0.0000000000 1.0000000000 331.0637100000
0.0000000000 1.0000000000 0.0000000000 0.4161800000
-1.0000000000 0.0000000000 0.0000000000 319.9778300000
0.0000000000 0.0000000000 0.0000000000 1.0000000000

0.0000000000 0.0000000000 1.0000000000 331.0637100000
0.0000000000 1.0000000000 0.0000000000 0.4411800000
-1.0000000000 0.0000000000 0.0000000000 319.9778300000
0.0000000000 0.0000000000 0.0000000000 1.0000000000

0.0000000000 0.0000000000 1.0000000000 331.0637100000
0.0000000000 1.0000000000 0.0000000000 0.4661800000
-1.0000000000 0.0000000000 0.0000000000 319.9778300000
0.0000000000 0.0000000000 0.0000000000 1.0000000000

0.0000000000 0.0000000000 1.0000000000 331.0637100000
0.0000000000 1.0000000000 0.0000000000 0.4911800000
-1.0000000000 0.0000000000 0.0000000000 319.9778300000
0.0000000000 0.0000000000 0.0000000000 1.0000000000

0.0000000000 0.0000000000 1.0000000000 331.0637100000
0.0000000000 1.0000000000 0.0000000000 0.5161800000
-1.0000000000 0.0000000000 0.0000000000 319.9778300000
0.0000000000 0.0000000000 0.0000000000 1.0000000000

0.0000000000 0.0000000000 1.0000000000 331.0637100000
0.0000000000 1.0000000000 0.0000000000 0.5411800000
-1.0000000000 0.0000000000 0.0000000000 319.9778300000
0.0000000000 0.0000000000 0.0000000000 1.0000000000

0.0000000000 0.0000000000 1.0000000000 331.0637100000
0.0000000000 1.0000000000 0.0000000000 0.5661800000
-1.0000000000 0.0000000000 0.0000000000 319.9778300000
0.0000000000 0.0000000000 0.0000000000 1.0000000000

0.0000000000 0.0000000000 1.0000000000 331.0637100000
0.0000000000 1.0000000000 0.0000000000 0.5911800000
-1.0000000000 0.0000000000 0.0000000000 319.9778300000
0.0000000000 0.0000000000 0.0000000000 1.0000000000

0.0000000000 0.0000000000 1.0000000000 331.0637100000
0.0000000000 1.0000000000 0.0000000000 0.6161800000
-1.0000000000 0.0000000000 0.0000000000 319.9778300000
0.0000000000 0.0000000000 0.0000000000 1.0000000000

0.0000000000 0.0000000000 1.0000000000 331.0637100000
0.0000000000 1.0000000000 0.0000000000 0.6411800000
-1.0000000000 0.0000000000 0.0000000000 319.9778300000
0.0000000000 0.0000000000 0.0000000000 1.0000000000

0.0000000000 0.0000000000 1.0000000000 331.0637100000
0.0000000000 1.0000000000 0.0000000000 0.6661800000
-1.0000000000 0.0000000000 0.0000000000 319.9778300000
0.0000000000 0.0000000000 0.0000000000 1.0000000000

0.0000000000 0.0000000000 1.0000000000 331.0637100000
0.0000000000 1.0000000000 0.0000000000 0.6911800000
-1.0000000000 0.0000000000 0.0000000000 319.9778300000
0.0000000000 0.0000000000 0.0000000000 1.0000000000

0.0000000000 0.0000000000 1.0000000000 331.0637100000
0.0000000000 1.0000000000 0.0000000000 0.7161800000
-1.0000000000 0.0000000000 0.0000000000 319.9778300000
0.0000000000 0.0000000000 0.0000000000 1.0000000000

0.0000000000 0.0000000000 1.0000000000 331.0637100000
0.0000000000 1.0000000000 0.0000000000 0.7411800000
-1.0000000000 0.0000000000 0.0000000000 319.9778300000
0.0000000000 0.0000000000 0.0000000000 1.0000000000

0.0000000000 0.0000000000 1.0000000000 331.0637100000
0.0000000000 1.0000000000 0.0000000000 0.7661800000
-1.0000000000 0.0000000000 0.0000000000 319.9778300000
0.0000000000 0.0000000000 0.0000000000 1.0000000000

0.0000000000 0.0000000000 1.0000000000 331.0637100000
0.0000000000 1.0000000000 0.0000000000 0.7911800000
-1.0000000000 0.0000000000 0.0000000000 319.9778300000
0.0000000000 0.0000000000 0.0000000000 1.0000000000

0.0000000000 0.0000000000 1.0000000000 331.0637100000
0.0000000000 1.0000000000 0.0000000000 0.8161800000
-1.0000000000 0.0000000000 0.0000000000 319.9778300000
0.0000000000 0.0000000000 0.0000000000 1.0000000000

0.0000000000 0.0000000000 1.0000000000 331.0637100000
0.0000000000 1.0000000000 0.0000000000 0.8411800000
-1.0000000000 0.0000000000 0.0000000000 319.9778300000
0.0000000000 0.0000000000 0.0000000000 1.0000000000

0.0000000000 0.0000000000 1.0000000000 331.0637100000
0.0000000000 1.0000000000 0.0000000000 0.8661800000
-1.0000000000 0.0000000000 0.0000000000 319.9778300000
0.0000000000 0.0000000000 0.0000000000 1.0000000000

0.0000000000 0.0000000000 1.0000000000 331.0637100000
0.0000000000 1.0000000000 0.0000000000 0.8911800000
-1.0000000000 0.0000000000 0.0000000000 319.9778300000
0.0000000000 0.0000000000 0.0000000000 1.0000000000

0.0000000000 0.0000000000 1.0000000000 331.0637100000
0.0000000000 1.0000000000 0.0000000000 0.9161800000
-1.0000000000 0.0000000000 0.0000000000 319.9778300000
0.0000000000 0.0000000000 0.0000000000 1.0000000000

0.0000000000 0.0000000000 1.0000000000 331.0637100000
0.0000000000 1.0000000000 0.0000000000 0.9411800000
-1.0000000000 0.0000000000 0.0000000000 319.9778300000
0.0000000000 0.0000000000 0.0000000000 1.0000000000

0.0000000000 0.0000000000 1.0000000000 331.0637100000
0.0000000000 1.0000000000 0.0000000000 0.9661800000
-1.0000000000 0.0000000000 0.0000000000 319.9778300000
0.0000000000 0.0000000000 0.0000000000 1.0000000000

0.0000000000 0.0000000000 1.0000000000 331.0637100000
0.0000000000 1.0000000000 0.0000000000 0.9911800000
-1.0000000000 0.0000000000 0.0000000000 319.9778300000
0.0000000000 0.0000000000 0.0000000000 1.0000000000

0.0000000000 0.0000000000 1.0000000000 331.0637100000
0.0000000000 1.0000000000 0.0000000000 1.0161800000
-1.0000000000 0.0000000000 0.0000000000 319.9778300000
0.0000000000 0.0000000000 0.0000000000 1.0000000000

0.0000000000 0.0000000000 1.0000000000 331.0637100000
0.0000000000 1.0000000000 0.0000000000 1.0411800000
-1.0000000000 0.0000000000 0.0000000000 319.9778300000
0.0000000000 0.0000000000 0.0000000000 1.0000000000

0.0000000000 0.0000000000 1.0000000000 331.0637100000
0.0000000000 1.0000000000 0.0000000000 1.0661800000
-1.0000000000 0.0000000000 0.0000000000 319.9778300000
0.0000000000 0.0000000000 0.0000000000 1.0000000000

0.0000000000 0.0000000000 1.0000000000 331.0637100000
0.0000000000 1.0000000000 0.0000000000 1.0911800000
-1.0000000000 0.0000000000 0.0000000000 319.9778300000
0.0000000000 0.0000000000 0.0000000000 1.0000000000

0.0000000000 0.0000000000 1.0000000000 331.0637100000
0.0000000000 1.0000000000 0.0000000000 1.1161800000
-1.0000000000 0.0000000000 0.0000000000 319.9778300000
0.0000000000 0.0000000000 0.0000000000 1.0000000000

0.0000000000 0.0000000000 1.0000000000 331.0637100000
0.0000000000 1.0000000000 0.0000000000 1.1411800000
-1.0000000000 0.0000000000 0.0000000000 319.9778300000
0.0000000000 0.0000000000 0.0000000000 1.0000000000

0.0000000000 0.0000000000 1.0000000000 331.0637100000
0.0000000000 1.0000000000 0.0000000000 1.1661800000
-1.0000000000 0.0000000000 0.0000000000 319.9778300000
0.0000000000 0.0000000000 0.0000000000 1.0000000000

0.0000000000 0.0000000000 1.0000000000 331.0637100000
0.0000000000 1.0000000000 0.0000000000 1.1911800000
-1.0000000000 0.0000000000 0.0000000000 319.9778300000
0.0000000000 0.0000000000 0.0000000000 1.0000000000

0.0000000000 0.0000000000 1.0000000000 331.0637100000
0.0000000000 1.0000000000 0.0000000000 1.2161800000
-1.0000000000 0.0000000000 0.0000000000 319.9778300000
0.0000000000 0.0000000000 0.0000000000 1.0000000000

0.0000000000 0.0000000000 1.0000000000 331.0637100000
0.0000000000 1.0000000000 0.0000000000 1.2411800000
-1.0000000000 0.0000000000 0.0000000000 319.9778300000
0.0000000000 0.0000000000 0.0000000000 1.0000000000

0.0000000000 0.0000000000 1.0000000000 331.0637100000
0.0000000000 1.0000000000 0.0000000000 1.2661800000
-1.0000000000 0.0000000000 0.0000000000 319.9778300000
0.0000000000 0.0000000000 0.0000000000 1.0000000000

0.0000000000 0.0000000000 1.0000000000 331.0637100000
0.0000000000 1.0000000000 0.0000000000 1.2911800000
-1.0000000000 0.0000000000 0.0000000000 319.9778300000
0.0000000000 0.0000000000 0.0000000000 1.0000000000

0.0000000000 0.0000000000 1.0000000000 331.0637100000
0.0000000000 1.0000000000 0.0000000000 1.3161800000
-1.0000000000 0.0000000000 0.0000000000 319.9778300000
0.0000000000 0.0000000000 0.0000000000 1.0000000000

0.0000000000 0.0000000000 1.0000000000 331.0637100000
0.0000000000 1.0000000000 0.0000000000 1.3411800000
-1.0000000000 0.0000000000 0.0000000000 319.9778300000
0.0000000000 0.0000000000 0.0000000000 1.0000000000

0.0000000000 0.0000000000 1.0000000000 331.0637100000
0.0000000000 1.0000000000 0.0000000000 1.3661800000
-1.0000000000 0.0000000000 0.0000000000 319.9778300000
0.0000000000 0.0000000000 0.0000000000 1.0000000000

0.0000000000 0.0000000000 1.0000000000 331.0637100000
0.0000000000 1.0000000000 0.0000000000 1.3911800000
-1.0000000000 0.0000000000 0.0000000000 319.9778300000
0.0000000000 0.0000000000 0.0000000000 1.0000000000

0.0000000000 0.0000000000 1.0000000000 331.0637100000
0.0000000000 1.0000000000 0.0000000000 1.4161800000
-1.0000000000 0.0000000000 0.0000000000 319.9778300000
0.0000000000 0.0000000000 0.0000000000 1.0000000000

0.0000000000 0.0000000000 1.0000000000 331.0637100000
0.0000000000 1.0000000000 0.0000000000 1.4411800000
-1.0000000000 0.0000000000 0.0000000000 319.9778300000
0.0000000000 0.0000000000 0.0000000000 1.0000000000

0.0000000000 0.0000000000 1.0000000000 331.0637100000
0.0000000000 1.0000000000 0.0000000000 1.4661800000
-1.0000000000 0.0000000000 0.0000000000 319.9778300000
0.0000000000 0.0000000000 0.0000000000 1.0000000000

0.0000000000 0.0000000000 1.0000000000 331.0637100000
0.0000000000 1.0000000000 0.0000000000 1.4911800000
-1.0000000000 0.0000000000 0.0000000000 319.9778300000
0.0000000000 0.0000000000 0.0000000000 1.0000000000

0.0000000000 0.0000000000 1.0000000000 331.0637100000
0.0000000000 1.0000000000 0.0000000000 1.5161800000
-1.0000000000 0.0000000000 0.0000000000 319.9778300000
0.0000000000 0.0000000000 0.0000000000 1.0000000000

0.0000000000 0.0000000000 1.0000000000 331.0637100000
0.0000000000 1.0000000000 0.0000000000 1.5411800000
-1.0000000000 0.0000000000 0.0000000000 319.9778300000
0.0000000000 0.0000000000 0.0000000000 1.0000000000

0.0000000000 0.0000000000 1.0000000000 331.0637100000
0.0000000000 1.0000000000 0.0000000000 1.5661800000
-1.0000000000 0.0000000000 0.0000000000 319.9778300000
0.0000000000 0.0000000000 0.0000000000 1.0000000000

0.0000000000 0.0000000000 1.0000000000 331.0637100000
0.0000000000 1.0000000000 0.0000000000 1.5911800000
-1.0000000000 0.0000000000 0.0000000000 319.9778300000
0.0000000000 0.0000000000 0.0000000000 1.0000000000

0.0000000000 0.0000000000 1.0000000000 331.0637100000
0.0000000000 1.0000000000 0.0000000000 1.6161800000
-1.0000000000 0.0000000000 0.0000000000 319.9778300000
0.0000000000 0.0000000000 0.0000000000 1.0000000000

0.0000000000 0.0000000000 1.0000000000 331.0637100000
0.0000000000 1.0000000000 0.0000000000 1.6411800000
-1.0000000000 0.0000000000 0.0000000000 319.9778300000
0.0000000000 0.0000000000 0.0000000000 1.0000000000

0.0000000000 0.0000000000 1.0000000000 331.0637100000
0.0000000000 1.0000000000 0.0000000000 1.6661800000
-1.0000000000 0.0000000000 0.0000000000 319.9778300000
0.0000000000 0.0000000000 0.0000000000 1.0000000000

0.0000000000 0.0000000000 1.0000000000 331.0637100000
0.0000000000 1.0000000000 0.0000000000 1.6911800000
-1.0000000000 0.0000000000 0.0000000000 319.9778300000
0.0000000000 0.0000000000 0.0000000000 1.0000000000

0.0000000000 0.0000000000 1.0000000000 331.0637100000
0.0000000000 1.0000000000 0.0000000000 1.7161800000
-1.0000000000 0.0000000000 0.0000000000 319.9778300000
0.0000000000 0.0000000000 0.0000000000 1.0000000000

0.0000000000 0.0000000000 1.0000000000 331.0637100000
0.0000000000 1.0000000000 0.0000000000 1.7411800000
-1.0000000000 0.0000000000 0.0000000000 319.9778300000
0.0000000000 0.0000000000 0.0000000000 1.0000000000

0.0000000000 0.0000000000 1.0000000000 331.0637100000
0.0000000000 1.0000000000 0.0000000000 1.7661800000
-1.0000000000 0.0000000000 0.0000000000 319.9778300000
0.0000000000 0.0000000000 0.0000000000 1.0000000000

0.0000000000 0.0000000000 1.0000000000 331.0637100000
0.0000000000 1.0000000000 0.0000000000 1.7911800000
-1.0000000000 0.0000000000 0.0000000000 319.9778300000
0.0000000000 0.0000000000 0.0000000000 1.0000000000

0.0000000000 0.0000000000 1.0000000000 331.0637100000
0.0000000000 1.0000000000 0.0000000000 1.8161800000
-1.0000000000 0.0000000000 0.0000000000 319.9778300000
0.0000000000 0.0000000000 0.0000000000 1.0000000000

0.0000000000 0.0000000000 1.0000000000 331.0637100000
0.0000000000 1.0000000000 0.0000000000 1.8411800000
-1.0000000000 0.0000000000 0.0000000000 319.9778300000
0.0000000000 0.0000000000 0.0000000000 1.0000000000

0.0000000000 0.0000000000 1.0000000000 331.0637100000
0.0000000000 1.0000000000 0.0000000000 1.8661800000
-1.0000000000 0.0000000000 0.0000000000 319.9778300000
0.0000000000 0.0000000000 0.0000000000 1.0000000000

0.0000000000 0.0000000000 1.0000000000 331.0637100000
0.0000000000 1.0000000000 0.0000000000 1.8911800000
-1.0000000000 0.0000000000 0.0000000000 319.9778300000
0.0000000000 0.0000000000 0.0000000000 1.0000000000

0.0000000000 0.0000000000 1.0000000000 331.0637100000
0.0000000000 1.0000000000 0.0000000000 1.9161800000
-1.0000000000 0.0000000000 0.0000000000 319.9778300000
0.0000000000 0.0000000000 0.0000000000 1.0000000000

0.0000000000 0.0000000000 1.0000000000 331.0637100000
0.0000000000 1.0000000000 0.0000000000 1.9411800000
-1.0000000000 0.0000000000 0.0000000000 319.9778300000
0.0000000000 0.0000000000 0.0000000000 1.0000000000

0.0000000000 0.0000000000 1.0000000000 331.0637100000
0.0000000000 1.0000000000 0.0000000000 1.9661800000
-1.0000000000 0.0000000000 0.0000000000 319.9778300000
0.0000000000 0.0000000000 0.0000000000 1.0000000000

0.0000000000 0.0000000000 1.0000000000 331.0637100000
0.0000000000 1.0000000000 0.0000000000 1.9911800000
-1.0000000000 0.0000000000 0.0000000000 319.9778300000
0.0000000000 0.0000000000 0.0000000000 1.0000000000

0.0000000000 0.0000000000 1.0000000000 331.0637100000
0.0000000000 1.0000000000 0.0000000000 2.0161800000
-1.0000000000 0.0000000000 0.0000000000 319.9778300000
0.0000000000 0.0000000000 0.0000000000 1.0000000000

0.0000000000 0.0000000000 1.0000000000 331.0637100000
0.0000000000 1.0000000000 0.0000000000 2.0411800000
-1.0000000000 0.0000000000 0.0000000000 319.9778300000
0.0000000000 0.0000000000 0.0000000000 1.0000000000

0.0000000000 0.0000000000 1.0000000000 331.0637100000
0.0000000000 1.0000000000 0.0000000000 2.0661800000
-1.0000000000 0.0000000000 0.0000000000 319.9778300000
0.0000000000 0.0000000000 0.0000000000 1.0000000000

0.0000000000 0.0000000000 1.0000000000 331.0637100000
0.0000000000 1.0000000000 0.0000000000 2.0911800000
-1.0000000000 0.0000000000 0.0000000000 319.9778300000
0.0000000000 0.0000000000 0.0000000000 1.0000000000

0.0000000000 0.0000000000 1.0000000000 331.0637100000
0.0000000000 1.0000000000 0.0000000000 2.1161800000
-1.0000000000 0.0000000000 0.0000000000 319.9778300000
0.0000000000 0.0000000000 0.0000000000 1.0000000000

0.0000000000 0.0000000000 1.0000000000 331.0637100000
0.0000000000 1.0000000000 0.0000000000 2.1411800000
-1.0000000000 0.0000000000 0.0000000000 319.9778300000
0.0000000000 0.0000000000 0.0000000000 1.0000000000

0.0000000000 0.0000000000 1.0000000000 331.0637100000
0.0000000000 1.0000000000 0.0000000000 2.1661800000
-1.0000000000 0.0000000000 0.0000000000 319.9778300000
0.0000000000 0.0000000000 0.0000000000 1.0000000000

0.0000000000 0.0000000000 1.0000000000 331.0637100000
0.0000000000 1.0000000000 0.0000000000 2.1911800000
-1.0000000000 0.0000000000 0.0000000000 319.9778300000
0.0000000000 0.0000000000 0.0000000000 1.0000000000

0.0000000000 0.0000000000 1.0000000000 331.0637100000
0.0000000000 1.0000000000 0.0000000000 2.2161800000
-1.0000000000 0.0000000000 0.0000000000 319.9778300000
0.0000000000 0.0000000000 0.0000000000 1.0000000000

0.0000000000 0.0000000000 1.0000000000 331.0637100000
0.0000000000 1.0000000000 0.0000000000 2.2411800000
-1.0000000000 0.0000000000 0.0000000000 319.9778300000
0.0000000000 0.0000000000 0.0000000000 1.0000000000

0.0000000000 0.0000000000 1.0000000000 331.0637100000
0.0000000000 1.0000000000 0.0000000000 2.2661800000
-1.0000000000 0.0000000000 0.0000000000 319.9778300000
0.0000000000 0.0000000000 0.0000000000 1.0000000000

0.0000000000 0.0000000000 1.0000000000 331.0637100000
0.0000000000 1.0000000000 0.0000000000 2.2911800000
-1.0000000000 0.0000000000 0.0000000000 319.9778300000
0.0000000000 0.0000000000 0.0000000000 1.0000000000

0.0000000000 0.0000000000 1.0000000000 331.0637100000
0.0000000000 1.0000000000 0.0000000000 2.3161800000
-1.0000000000 0.0000000000 0.0000000000 319.9778300000
0.0000000000 0.0000000000 0.0000000000 1.0000000000

0.0000000000 0.0000000000 1.0000000000 331.0637100000
0.0000000000 1.0000000000 0.0000000000 2.3411800000
-1.0000000000 0.0000000000 0.0000000000 319.9778300000
0.0000000000 0.0000000000 0.0000000000 1.0000000000

0.0000000000 0.0000000000 1.0000000000 331.0637100000
0.0000000000 1.0000000000 0.0000000000 2.3661800000
-1.0000000000 0.0000000000 0.0000000000 319.9778300000
0.0000000000 0.0000000000 0.0000000000 1.0000000000

0.0000000000 0.0000000000 1.0000000000 331.0637100000
0.0000000000 1.0000000000 0.0000000000 2.3911800000
-1.0000000000 0.0000000000 0.0000000000 319.9778300000
0.0000000000 0.0000000000 0.0000000000 1.0000000000

0.0000000000 0.0000000000 1.0000000000 331.0637100000
0.0000000000 1.0000000000 0.0000000000 2.4161800000
-1.0000000000 0.0000000000 0.0000000000 319.9778300000
0.0000000000 0.0000000000 0.0000000000 1.0000000000

0.0000000000 0.0000000000 1.0000000000 331.0637100000
0.0000000000 1.0000000000 0.0000000000 2.4411800000
-1.0000000000 0.0000000000 0.0000000000 319.9778300000
0.0000000000 0.0000000000 0.0000000000 1.0000000000

0.0000000000 0.0000000000 1.0000000000 331.0637100000
0.0000000000 1.0000000000 0.0000000000 2.4661800000
-1.0000000000 0.0000000000 0.0000000000 319.9778300000
0.0000000000 0.0000000000 0.0000000000 1.0000000000

0.0000000000 0.0000000000 1.0000000000 331.0637100000
0.0000000000 1.0000000000 0.0000000000 2.4911800000
-1.0000000000 0.0000000000 0.0000000000 319.9778300000
0.0000000000 0.0000000000 0.0000000000 1.0000000000

0.0000000000 0.0000000000 1.0000000000 331.0637100000
0.0000000000 1.0000000000 0.0000000000 2.5161800000
-1.0000000000 0.0000000000 0.0000000000 319.9778300000
0.0000000000 0.0000000000 0.0000000000 1.0000000000

0.0000000000 0.0000000000 1.0000000000 331.0637100000
0.0000000000 1.0000000000 0.0000000000 2.5411800000
-1.0000000000 0.0000000000 0.0000000000 319.9778300000
0.0000000000 0.0000000000 0.0000000000 1.0000000000

0.0000000000 0.0000000000 1.0000000000 331.0637100000
0.0000000000 1.0000000000 0.0000000000 2.5661800000
-1.0000000000 0.0000000000 0.0000000000 319.9778300000
0.0000000000 0.0000000000 0.0000000000 1.0000000000

0.0000000000 0.0000000000 1.0000000000 331.0637100000
0.0000000000 1.0000000000 0.0000000000 2.5911800000
-1.0000000000 0.0000000000 0.0000000000 319.9778300000
0.0000000000 0.0000000000 0.0000000000 1.0000000000

0.0000000000 0.0000000000 1.0000000000 331.0637100000
0.0000000000 1.0000000000 0.0000000000 2.6161800000
-1.0000000000 0.0000000000 0.0000000000 319.9778300000
0.0000000000 0.0000000000 0.0000000000 1.0000000000

0.0000000000 0.0000000000 1.0000000000 331.0637100000
0.0000000000 1.0000000000 0.0000000000 2.6411800000
-1.0000000000 0.0000000000 0.0000000000 319.9778300000
0.0000000000 0.0000000000 0.0000000000 1.0000000000

0.0000000000 0.0000000000 1.0000000000 331.0637100000
0.0000000000 1.0000000000 0.0000000000 2.6661800000
-1.0000000000 0.0000000000 0.0000000000 319.9778300000
0.0000000000 0.0000000000 0.0000000000 1.0000000000

0.0000000000 0.0000000000 1.0000000000 331.0637100000
0.0000000000 1.0000000000 0.0000000000 2.6911800000
-1.0000000000 0.0000000000 0.0000000000 319.9778300000
0.0000000000 0.0000000000 0.0000000000 1.0000000000

0.0000000000 0.0000000000 1.0000000000 331.0637100000
0.0000000000 1.0000000000 0.0000000000 2.7161800000
-1.0000000000 0.0000000000 0.0000000000 319.9778300000
0.0000000000 0.0000000000 0.0000000000 1.0000000000

0.0000000000 0.0000000000 1.0000000000 331.0637100000
0.0000000000 1.0000000000 0.0000000000 2.7411800000
-1.0000000000 0.0000000000 0.0000000000 319.9778300000
0.0000000000 0.0000000000 0.0000000000 1.0000000000

0.0000000000 0.0000000000 1.0000000000 331.0637100000
0.0000000000 1.0000000000 0.0000000000 2.7661800000
-1.0000000000 0.0000000000 0.0000000000 319.9778300000
0.0000000000 0.0000000000 0.0000000000 1.0000000000

0.0000000000 0.0000000000 1.0000000000 331.0637100000
0.0000000000 1.0000000000 0.0000000000 2.7911800000
-1.0000000000 0.0000000000 0.0000000000 319.9778300000
0.0000000000 0.0000000000 0.0000000000 1.0000000000

0.0000000000 0.0000000000 1.0000000000 331.0637100000
0.0000000000 1.0000000000 0.0000000000 2.8161800000
-1.0000000000 0.0000000000 0.0000000000 319.9778300000
0.0000000000 0.0000000000 0.0000000000 1.0000000000

0.0000000000 0.0000000000 1.0000000000 331.0637100000
0.0000000000 1.0000000000 0.0000000000 2.8411800000
-1.0000000000 0.0000000000 0.0000000000 319.9778300000
0.0000000000 0.0000000000 0.0000000000 1.0000000000

0.0000000000 0.0000000000 1.0000000000 331.0637100000
0.0000000000 1.0000000000 0.0000000000 2.8661800000
-1.0000000000 0.0000000000 0.0000000000 319.9778300000
0.0000000000 0.0000000000 0.0000000000 1.0000000000

0.0000000000 0.0000000000 1.0000000000 331.0637100000
0.0000000000 1.0000000000 0.0000000000 2.8911800000
-1.0000000000 0.0000000000 0.0000000000 319.9778300000
0.0000000000 0.0000000000 0.0000000000 1.0000000000

0.0000000000 0.0000000000 1.0000000000 331.0637100000
0.0000000000 1.0000000000 0.0000000000 2.9161800000
-1.0000000000 0.0000000000 0.0000000000 319.9778300000
0.0000000000 0.0000000000 0.0000000000 1.0000000000

0.0000000000 0.0000000000 1.0000000000 331.0637100000
0.0000000000 1.0000000000 0.0000000000 2.9411800000
-1.0000000000 0.0000000000 0.0000000000 319.9778300000
0.0000000000 0.0000000000 0.0000000000 1.0000000000

0.0000000000 0.0000000000 1.0000000000 331.0637100000
0.0000000000 1.0000000000 0.0000000000 2.9661800000
-1.0000000000 0.0000000000 0.0000000000 319.9778300000
0.0000000000 0.0000000000 0.0000000000 1.0000000000

0.0000000000 0.0000000000 1.0000000000 331.0637100000
0.0000000000 1.0000000000 0.0000000000 2.9911800000
-1.0000000000 0.0000000000 0.0000000000 319.9778300000
0.0000000000 0.0000000000 0.0000000000 1.0000000000

0.0000000000 0.0000000000 1.0000000000 331.0637100000
0.0000000000 1.0000000000 0.0000000000 3.0161800000
-1.0000000000 0.0000000000 0.0000000000 319.9778300000
0.0000000000 0.0000000000 0.0000000000 1.0000000000

0.0000000000 0.0000000000 1.0000000000 331.0637100000
0.0000000000 1.0000000000 0.0000000000 3.0411800000
-1.0000000000 0.0000000000 0.0000000000 319.9778300000
0.0000000000 0.0000000000 0.0000000000 1.0000000000

0.0000000000 0.0000000000 1.0000000000 331.0637100000
0.0000000000 1.0000000000 0.0000000000 3.0661800000
-1.0000000000 0.0000000000 0.0000000000 319.9778300000
0.0000000000 0.0000000000 0.0000000000 1.0000000000

0.0000000000 0.0000000000 1.0000000000 331.0637100000
0.0000000000 1.0000000000 0.0000000000 3.0911800000
-1.0000000000 0.0000000000 0.0000000000 319.9778300000
0.0000000000 0.0000000000 0.0000000000 1.0000000000

0.0000000000 0.0000000000 1.0000000000 331.0637100000
0.0000000000 1.0000000000 0.0000000000 3.1161800000
-1.0000000000 0.0000000000 0.0000000000 319.9778300000
0.0000000000 0.0000000000 0.0000000000 1.0000000000

0.0000000000 0.0000000000 1.0000000000 331.0637100000
0.0000000000 1.0000000000 0.0000000000 3.1411800000
-1.0000000000 0.0000000000 0.0000000000 319.9778300000
0.0000000000 0.0000000000 0.0000000000 1.0000000000

0.0000000000 0.0000000000 1.0000000000 331.0637100000
0.0000000000 1.0000000000 0.0000000000 3.1661800000
-1.0000000000 0.0000000000 0.0000000000 319.9778300000
0.0000000000 0.0000000000 0.0000000000 1.0000000000

0.0000000000 0.0000000000 1.0000000000 331.0637100000
0.0000000000 1.0000000000 0.0000000000 3.1911800000
-1.0000000000 0.0000000000 0.0000000000 319.9778300000
0.0000000000 0.0000000000 0.0000000000 1.0000000000

0.0000000000 0.0000000000 1.0000000000 331.0637100000
0.0000000000 1.0000000000 0.0000000000 3.2161800000
-1.0000000000 0.0000000000 0.0000000000 319.9778300000
0.0000000000 0.0000000000 0.0000000000 1.0000000000

0.0000000000 0.0000000000 1.0000000000 331.0637100000
0.0000000000 1.0000000000 0.0000000000 3.2411800000
-1.0000000000 0.0000000000 0.0000000000 319.9778300000
0.0000000000 0.0000000000 0.0000000000 1.0000000000

0.0000000000 0.0000000000 1.0000000000 331.0637100000
0.0000000000 1.0000000000 0.0000000000 3.2661800000
-1.0000000000 0.0000000000 0.0000000000 319.9778300000
0.0000000000 0.0000000000 0.0000000000 1.0000000000

0.0000000000 0.0000000000 1.0000000000 331.0637100000
0.0000000000 1.0000000000 0.0000000000 3.2911800000
-1.0000000000 0.0000000000 0.0000000000 319.9778300000
0.0000000000 0.0000000000 0.0000000000 1.0000000000

0.0000000000 0.0000000000 1.0000000000 331.0637100000
0.0000000000 1.0000000000 0.0000000000 3.3161800000
-1.0000000000 0.0000000000 0.0000000000 319.9778300000
0.0000000000 0.0000000000 0.0000000000 1.0000000000

0.0000000000 0.0000000000 1.0000000000 331.0637100000
0.0000000000 1.0000000000 0.0000000000 3.3411800000
-1.0000000000 0.0000000000 0.0000000000 319.9778300000
0.0000000000 0.0000000000 0.0000000000 1.0000000000

0.0000000000 0.0000000000 1.0000000000 331.0637100000
0.0000000000 1.0000000000 0.0000000000 3.3661800000
-1.0000000000 0.0000000000 0.0000000000 319.9778300000
0.0000000000 0.0000000000 0.0000000000 1.0000000000

0.0000000000 0.0000000000 1.0000000000 331.0637100000
0.0000000000 1.0000000000 0.0000000000 3.3911800000
-1.0000000000 0.0000000000 0.0000000000 319.9778300000
0.0000000000 0.0000000000 0.0000000000 1.0000000000

0.0000000000 0.0000000000 1.0000000000 331.0637100000
0.0000000000 1.0000000000 0.0000000000 3.4161800000
-1.0000000000 0.0000000000 0.0000000000 319.9778300000
0.0000000000 0.0000000000 0.0000000000 1.0000000000

0.0000000000 0.0000000000 1.0000000000 331.0637100000
0.0000000000 1.0000000000 0.0000000000 3.4411800000
-1.0000000000 0.0000000000 0.0000000000 319.9778300000
0.0000000000 0.0000000000 0.0000000000 1.0000000000

0.0000000000 0.0000000000 1.0000000000 331.0637100000
0.0000000000 1.0000000000 0.0000000000 3.4661800000
-1.0000000000 0.0000000000 0.0000000000 319.9778300000
0.0000000000 0.0000000000 0.0000000000 1.0000000000

0.0000000000 0.0000000000 1.0000000000 331.0637100000
0.0000000000 1.0000000000 0.0000000000 3.4911800000
-1.0000000000 0.0000000000 0.0000000000 319.9778300000
0.0000000000 0.0000000000 0.0000000000 1.0000000000

0.0000000000 0.0000000000 1.0000000000 331.0637100000
0.0000000000 1.0000000000 0.0000000000 3.5161800000
-1.0000000000 0.0000000000 0.0000000000 319.9778300000
0.0000000000 0.0000000000 0.0000000000 1.0000000000

0.0000000000 0.0000000000 1.0000000000 331.0637100000
0.0000000000 1.0000000000 0.0000000000 3.5411800000
-1.0000000000 0.0000000000 0.0000000000 319.9778300000
0.0000000000 0.0000000000 0.0000000000 1.0000000000

0.0000000000 0.0000000000 1.0000000000 331.0637100000
0.0000000000 1.0000000000 0.0000000000 3.5661800000
-1.0000000000 0.0000000000 0.0000000000 319.9778300000
0.0000000000 0.0000000000 0.0000000000 1.0000000000

0.0000000000 0.0000000000 1.0000000000 331.0637100000
0.0000000000 1.0000000000 0.0000000000 3.5911800000
-1.0000000000 0.0000000000 0.0000000000 319.9778300000
0.0000000000 0.0000000000 0.0000000000 1.0000000000

0.0000000000 0.0000000000 1.0000000000 331.0637100000
0.0000000000 1.0000000000 0.0000000000 3.6161800000
-1.0000000000 0.0000000000 0.0000000000 319.9778300000
0.0000000000 0.0000000000 0.0000000000 1.0000000000

0.0000000000 0.0000000000 1.0000000000 331.0637100000
0.0000000000 1.0000000000 0.0000000000 3.6411800000
-1.0000000000 0.0000000000 0.0000000000 319.9778300000
0.0000000000 0.0000000000 0.0000000000 1.0000000000

0.0000000000 0.0000000000 1.0000000000 331.0637100000
0.0000000000 1.0000000000 0.0000000000 3.6661800000
-1.0000000000 0.0000000000 0.0000000000 319.9778300000
0.0000000000 0.0000000000 0.0000000000 1.0000000000

0.0000000000 0.0000000000 1.0000000000 331.0637100000
0.0000000000 1.0000000000 0.0000000000 3.6911800000
-1.0000000000 0.0000000000 0.0000000000 319.9778300000
0.0000000000 0.0000000000 0.0000000000 1.0000000000

0.0000000000 0.0000000000 1.0000000000 331.0637100000
0.0000000000 1.0000000000 0.0000000000 3.7161800000
-1.0000000000 0.0000000000 0.0000000000 319.9778300000
0.0000000000 0.0000000000 0.0000000000 1.0000000000

0.0000000000 0.0000000000 1.0000000000 331.0637100000
0.0000000000 1.0000000000 0.0000000000 3.7411800000
-1.0000000000 0.0000000000 0.0000000000 319.9778300000
0.0000000000 0.0000000000 0.0000000000 1.0000000000

0.0000000000 0.0000000000 1.0000000000 331.0637100000
0.0000000000 1.0000000000 0.0000000000 3.7661800000
-1.0000000000 0.0000000000 0.0000000000 319.9778300000
0.0000000000 0.0000000000 0.0000000000 1.0000000000

0.0000000000 0.0000000000 1.0000000000 331.0637100000
0.0000000000 1.0000000000 0.0000000000 3.7911800000
-1.0000000000 0.0000000000 0.0000000000 319.9778300000
0.0000000000 0.0000000000 0.0000000000 1.0000000000

0.0000000000 0.0000000000 1.0000000000 331.0637100000
0.0000000000 1.0000000000 0.0000000000 3.8161800000
-1.0000000000 0.0000000000 0.0000000000 319.9778300000
0.0000000000 0.0000000000 0.0000000000 1.0000000000

0.0000000000 0.0000000000 1.0000000000 331.0637100000
0.0000000000 1.0000000000 0.0000000000 3.8411800000
-1.0000000000 0.0000000000 0.0000000000 319.9778300000
0.0000000000 0.0000000000 0.0000000000 1.0000000000

0.0000000000 0.0000000000 1.0000000000 331.0637100000
0.0000000000 1.0000000000 0.0000000000 3.8661800000
-1.0000000000 0.0000000000 0.0000000000 319.9778300000
0.0000000000 0.0000000000 0.0000000000 1.0000000000

0.0000000000 0.0000000000 1.0000000000 331.0637100000
0.0000000000 1.0000000000 0.0000000000 3.8911800000
-1.0000000000 0.0000000000 0.0000000000 319.9778300000
0.0000000000 0.0000000000 0.0000000000 1.0000000000

0.0000000000 0.0000000000 1.0000000000 331.0637100000
0.0000000000 1.0000000000 0.0000000000 3.9161800000
-1.0000000000 0.0000000000 0.0000000000 319.9778300000
0.0000000000 0.0000000000 0.0000000000 1.0000000000

0.0000000000 0.0000000000 1.0000000000 331.0637100000
0.0000000000 1.0000000000 0.0000000000 3.9411800000
-1.0000000000 0.0000000000 0.0000000000 319.9778300000
0.0000000000 0.0000000000 0.0000000000 1.0000000000

0.0000000000 0.0000000000 1.0000000000 331.0637100000
0.0000000000 1.0000000000 0.0000000000 3.9661800000
-1.0000000000 0.0000000000 0.0000000000 319.9778300000
0.0000000000 0.0000000000 0.0000000000 1.0000000000

0.0000000000 0.0000000000 1.0000000000 331.0637100000
0.0000000000 1.0000000000 0.0000000000 3.9911800000
-1.0000000000 0.0000000000 0.0000000000 319.9778300000
0.0000000000 0.0000000000 0.0000000000 1.0000000000

0.0000000000 0.0000000000 1.0000000000 331.0637100000
0.0000000000 1.0000000000 0.0000000000 4.0161800000
-1.0000000000 0.0000000000 0.0000000000 319.9778300000
0.0000000000 0.0000000000 0.0000000000 1.0000000000

0.0000000000 0.0000000000 1.0000000000 331.0637100000
0.0000000000 1.0000000000 0.0000000000 4.0411800000
-1.0000000000 0.0000000000 0.0000000000 319.9778300000
0.0000000000 0.0000000000 0.0000000000 1.0000000000

0.0000000000 0.0000000000 1.0000000000 331.0637100000
0.0000000000 1.0000000000 0.0000000000 4.0661800000
-1.0000000000 0.0000000000 0.0000000000 319.9778300000
0.0000000000 0.0000000000 0.0000000000 1.0000000000

0.0000000000 0.0000000000 1.0000000000 331.0637100000
0.0000000000 1.0000000000 0.0000000000 4.0911800000
-1.0000000000 0.0000000000 0.0000000000 319.9778300000
0.0000000000 0.0000000000 0.0000000000 1.0000000000

0.0000000000 0.0000000000 1.0000000000 331.0637100000
0.0000000000 1.0000000000 0.0000000000 4.1161800000
-1.0000000000 0.0000000000 0.0000000000 319.9778300000
0.0000000000 0.0000000000 0.0000000000 1.0000000000

0.0000000000 0.0000000000 1.0000000000 331.0637100000
0.0000000000 1.0000000000 0.0000000000 4.1411800000
-1.0000000000 0.0000000000 0.0000000000 319.9778300000
0.0000000000 0.0000000000 0.0000000000 1.0000000000

0.0000000000 0.0000000000 1.0000000000 331.0637100000
0.0000000000 1.0000000000 0.0000000000 4.1661800000
-1.0000000000 0.0000000000 0.0000000000 319.9778300000
0.0000000000 0.0000000000 0.0000000000 1.0000000000

0.0000000000 0.0000000000 1.0000000000 331.0637100000
0.0000000000 1.0000000000 0.0000000000 4.1911800000
-1.0000000000 0.0000000000 0.0000000000 319.9778300000
0.0000000000 0.0000000000 0.0000000000 1.0000000000

0.0000000000 0.0000000000 1.0000000000 331.0637100000
0.0000000000 1.0000000000 0.0000000000 4.2161800000
-1.0000000000 0.0000000000 0.0000000000 319.9778300000
0.0000000000 0.0000000000 0.0000000000 1.0000000000

0.0000000000 0.0000000000 1.0000000000 331.0637100000
0.0000000000 1.0000000000 0.0000000000 4.2411800000
-1.0000000000 0.0000000000 0.0000000000 319.9778300000
0.0000000000 0.0000000000 0.0000000000 1.0000000000

0.0000000000 0.0000000000 1.0000000000 331.0637100000
0.0000000000 1.0000000000 0.0000000000 4.2661800000
-1.0000000000 0.0000000000 0.0000000000 319.9778300000
0.0000000000 0.0000000000 0.0000000000 1.0000000000

0.0000000000 0.0000000000 1.0000000000 331.0637100000
0.0000000000 1.0000000000 0.0000000000 4.2911800000
-1.0000000000 0.0000000000 0.0000000000 319.9778300000
0.0000000000 0.0000000000 0.0000000000 1.0000000000

0.0000000000 0.0000000000 1.0000000000 331.0637100000
0.0000000000 1.0000000000 0.0000000000 4.3161800000
-1.0000000000 0.0000000000 0.0000000000 319.9778300000
0.0000000000 0.0000000000 0.0000000000 1.0000000000

0.0000000000 0.0000000000 1.0000000000 331.0637100000
0.0000000000 1.0000000000 0.0000000000 4.3411800000
-1.0000000000 0.0000000000 0.0000000000 319.9778300000
0.0000000000 0.0000000000 0.0000000000 1.0000000000

0.0000000000 0.0000000000 1.0000000000 331.0637100000
0.0000000000 1.0000000000 0.0000000000 4.3661800000
-1.0000000000 0.0000000000 0.0000000000 319.9778300000
0.0000000000 0.0000000000 0.0000000000 1.0000000000

0.0000000000 0.0000000000 1.0000000000 331.0637100000
0.0000000000 1.0000000000 0.0000000000 4.3911800000
-1.0000000000 0.0000000000 0.0000000000 319.9778300000
0.0000000000 0.0000000000 0.0000000000 1.0000000000

0.0000000000 0.0000000000 1.0000000000 331.0637100000
0.0000000000 1.0000000000 0.0000000000 4.4161800000
-1.0000000000 0.0000000000 0.0000000000 319.9778300000
0.0000000000 0.0000000000 0.0000000000 1.0000000000

0.0000000000 0.0000000000 1.0000000000 331.0637100000
0.0000000000 1.0000000000 0.0000000000 4.4411800000
-1.0000000000 0.0000000000 0.0000000000 319.9778300000
0.0000000000 0.0000000000 0.0000000000 1.0000000000

0.0000000000 0.0000000000 1.0000000000 331.0637100000
0.0000000000 1.0000000000 0.0000000000 4.4661800000
-1.0000000000 0.0000000000 0.0000000000 319.9778300000
0.0000000000 0.0000000000 0.0000000000 1.0000000000

0.0000000000 0.0000000000 1.0000000000 331.0637100000
0.0000000000 1.0000000000 0.0000000000 4.4911800000
-1.0000000000 0.0000000000 0.0000000000 319.9778300000
0.0000000000 0.0000000000 0.0000000000 1.0000000000

0.0000000000 0.0000000000 1.0000000000 331.0637100000
0.0000000000 1.0000000000 0.0000000000 4.5161800000
-1.0000000000 0.0000000000 0.0000000000 319.9778300000
0.0000000000 0.0000000000 0.0000000000 1.0000000000

0.0000000000 0.0000000000 1.0000000000 331.0637100000
0.0000000000 1.0000000000 0.0000000000 4.5411800000
-1.0000000000 0.0000000000 0.0000000000 319.9778300000
0.0000000000 0.0000000000 0.0000000000 1.0000000000

0.0000000000 0.0000000000 1.0000000000 331.0637100000
0.0000000000 1.0000000000 0.0000000000 4.5661800000
-1.0000000000 0.0000000000 0.0000000000 319.9778300000
0.0000000000 0.0000000000 0.0000000000 1.0000000000

0.0000000000 0.0000000000 1.0000000000 331.0637100000
0.0000000000 1.0000000000 0.0000000000 4.5911800000
-1.0000000000 0.0000000000 0.0000000000 319.9778300000
0.0000000000 0.0000000000 0.0000000000 1.0000000000

0.0000000000 0.0000000000 1.0000000000 331.0637100000
0.0000000000 1.0000000000 0.0000000000 4.6161800000
-1.0000000000 0.0000000000 0.0000000000 319.9778300000
0.0000000000 0.0000000000 0.0000000000 1.0000000000

0.0000000000 0.0000000000 1.0000000000 331.0637100000
0.0000000000 1.0000000000 0.0000000000 4.6411800000
-1.0000000000 0.0000000000 0.0000000000 319.9778300000
0.0000000000 0.0000000000 0.0000000000 1.0000000000

0.0000000000 0.0000000000 1.0000000000 331.0637100000
0.0000000000 1.0000000000 0.0000000000 4.6661800000
-1.0000000000 0.0000000000 0.0000000000 319.9778300000
0.0000000000 0.0000000000 0.0000000000 1.0000000000

0.0000000000 0.0000000000 1.0000000000 331.0637100000
0.0000000000 1.0000000000 0.0000000000 4.6911800000
-1.0000000000 0.0000000000 0.0000000000 319.9778300000
0.0000000000 0.0000000000 0.0000000000 1.0000000000

0.0000000000 0.0000000000 1.0000000000 331.0637100000
0.0000000000 1.0000000000 0.0000000000 4.7161800000
-1.0000000000 0.0000000000 0.0000000000 319.9778300000
0.0000000000 0.0000000000 0.0000000000 1.0000000000

0.0000000000 0.0000000000 1.0000000000 331.0637100000
0.0000000000 1.0000000000 0.0000000000 4.7411800000
-1.0000000000 0.0000000000 0.0000000000 319.9778300000
0.0000000000 0.0000000000 0.0000000000 1.0000000000

0.0000000000 0.0000000000 1.0000000000 331.0637100000
0.0000000000 1.0000000000 0.0000000000 4.7661800000
-1.0000000000 0.0000000000 0.0000000000 319.9778300000
0.0000000000 0.0000000000 0.0000000000 1.0000000000

0.0000000000 0.0000000000 1.0000000000 331.0637100000
0.0000000000 1.0000000000 0.0000000000 4.7911800000
-1.0000000000 0.0000000000 0.0000000000 319.9778300000
0.0000000000 0.0000000000 0.0000000000 1.0000000000

0.0000000000 0.0000000000 1.0000000000 331.0637100000
0.0000000000 1.0000000000 0.0000000000 4.8161800000
-1.0000000000 0.0000000000 0.0000000000 319.9778300000
0.0000000000 0.0000000000 0.0000000000 1.0000000000

0.0000000000 0.0000000000 1.0000000000 331.0637100000
0.0000000000 1.0000000000 0.0000000000 4.8411800000
-1.0000000000 0.0000000000 0.0000000000 319.9778300000
0.0000000000 0.0000000000 0.0000000000 1.0000000000

0.0000000000 0.0000000000 1.0000000000 331.0637100000
0.0000000000 1.0000000000 0.0000000000 4.8661800000
-1.0000000000 0.0000000000 0.0000000000 319.9778300000
0.0000000000 0.0000000000 0.0000000000 1.0000000000

0.0000000000 0.0000000000 1.0000000000 331.0637100000
0.0000000000 1.0000000000 0.0000000000 4.8911800000
-1.0000000000 0.0000000000 0.0000000000 319.9778300000
0.0000000000 0.0000000000 0.0000000000 1.0000000000

0.0000000000 0.0000000000 1.0000000000 331.0637100000
0.0000000000 1.0000000000 0.0000000000 4.9161800000
-1.0000000000 0.0000000000 0.0000000000 319.9778300000
0.0000000000 0.0000000000 0.0000000000 1.0000000000

0.0000000000 0.0000000000 1.0000000000 331.0637100000
0.0000000000 1.0000000000 0.0000000000 4.9411800000
-1.0000000000 0.0000000000 0.0000000000 319.9778300000
0.0000000000 0.0000000000 0.0000000000 1.0000000000

0.0000000000 0.0000000000 1.0000000000 331.0637100000
0.0000000000 1.0000000000 0.0000000000 4.9661800000
-1.0000000000 0.0000000000 0.0000000000 319.9778300000
0.0000000000 0.0000000000 0.0000000000 1.0000000000

0.0000000000 0.0000000000 1.0000000000 331.0637100000
0.0000000000 1.0000000000 0.0000000000 4.9911800000
-1.0000000000 0.0000000000 0.0000000000 319.9778300000
0.0000000000 0.0000000000 0.0000000000 1.0000000000

0.0000000000 0.0000000000 1.0000000000 331.0637100000
0.0000000000 1.0000000000 0.0000000000 5.0161800000
-1.0000000000 0.0000000000 0.0000000000 319.9778300000
0.0000000000 0.0000000000 0.0000000000 1.0000000000

0.0000000000 0.0000000000 1.0000000000 331.0637100000
0.0000000000 1.0000000000 0.0000000000 5.0411800000
-1.0000000000 0.0000000000 0.0000000000 319.9778300000
0.0000000000 0.0000000000 0.0000000000 1.0000000000

0.0000000000 0.0000000000 1.0000000000 331.0637100000
0.0000000000 1.0000000000 0.0000000000 5.0661800000
-1.0000000000 0.0000000000 0.0000000000 319.9778300000
0.0000000000 0.0000000000 0.0000000000 1.0000000000

0.0000000000 0.0000000000 1.0000000000 331.0637100000
0.0000000000 1.0000000000 0.0000000000 5.0911800000
-1.0000000000 0.0000000000 0.0000000000 319.9778300000
0.0000000000 0.0000000000 0.0000000000 1.0000000000

0.0000000000 0.0000000000 1.0000000000 331.0637100000
0.0000000000 1.0000000000 0.0000000000 5.1161800000
-1.0000000000 0.0000000000 0.0000000000 319.9778300000
0.0000000000 0.0000000000 0.0000000000 1.0000000000

0.0000000000 0.0000000000 1.0000000000 331.0637100000
0.0000000000 1.0000000000 0.0000000000 5.1411800000
-1.0000000000 0.0000000000 0.0000000000 319.9778300000
0.0000000000 0.0000000000 0.0000000000 1.0000000000

0.0000000000 0.0000000000 1.0000000000 331.0637100000
0.0000000000 1.0000000000 0.0000000000 5.1661800000
-1.0000000000 0.0000000000 0.0000000000 319.9778300000
0.0000000000 0.0000000000 0.0000000000 1.0000000000

0.0000000000 0.0000000000 1.0000000000 331.0637100000
0.0000000000 1.0000000000 0.0000000000 5.1911800000
-1.0000000000 0.0000000000 0.0000000000 319.9778300000
0.0000000000 0.0000000000 0.0000000000 1.0000000000

0.0000000000 0.0000000000 1.0000000000 331.0637100000
0.0000000000 1.0000000000 0.0000000000 5.2161800000
-1.0000000000 0.0000000000 0.0000000000 319.9778300000
0.0000000000 0.0000000000 0.0000000000 1.0000000000

0.0000000000 0.0000000000 1.0000000000 331.0637100000
0.0000000000 1.0000000000 0.0000000000 5.2411800000
-1.0000000000 0.0000000000 0.0000000000 319.9778300000
0.0000000000 0.0000000000 0.0000000000 1.0000000000

0.0000000000 0.0000000000 1.0000000000 331.0637100000
0.0000000000 1.0000000000 0.0000000000 5.2661800000
-1.0000000000 0.0000000000 0.0000000000 319.9778300000
0.0000000000 0.0000000000 0.0000000000 1.0000000000

0.0000000000 0.0000000000 1.0000000000 331.0637100000
0.0000000000 1.0000000000 0.0000000000 5.2911800000
-1.0000000000 0.0000000000 0.0000000000 319.9778300000
0.0000000000 0.0000000000 0.0000000000 1.0000000000

0.0000000000 0.0000000000 1.0000000000 331.0637100000
0.0000000000 1.0000000000 0.0000000000 5.3161800000
-1.0000000000 0.0000000000 0.0000000000 319.9778300000
0.0000000000 0.0000000000 0.0000000000 1.0000000000

0.0000000000 0.0000000000 1.0000000000 331.0637100000
0.0000000000 1.0000000000 0.0000000000 5.3411800000
-1.0000000000 0.0000000000 0.0000000000 319.9778300000
0.0000000000 0.0000000000 0.0000000000 1.0000000000

0.0000000000 0.0000000000 1.0000000000 331.0637100000
0.0000000000 1.0000000000 0.0000000000 5.3661800000
-1.0000000000 0.0000000000 0.0000000000 319.9778300000
0.0000000000 0.0000000000 0.0000000000 1.0000000000

0.0000000000 0.0000000000 1.0000000000 331.0637100000
0.0000000000 1.0000000000 0.0000000000 5.3911800000
-1.0000000000 0.0000000000 0.0000000000 319.9778300000
0.0000000000 0.0000000000 0.0000000000 1.0000000000

0.0000000000 0.0000000000 1.0000000000 331.0637100000
0.0000000000 1.0000000000 0.0000000000 5.4161800000
-1.0000000000 0.0000000000 0.0000000000 319.9778300000
0.0000000000 0.0000000000 0.0000000000 1.0000000000

0.0000000000 0.0000000000 1.0000000000 331.0637100000
0.0000000000 1.0000000000 0.0000000000 5.4411800000
-1.0000000000 0.0000000000 0.0000000000 319.9778300000
0.0000000000 0.0000000000 0.0000000000 1.0000000000

0.0000000000 0.0000000000 1.0000000000 331.0637100000
0.0000000000 1.0000000000 0.0000000000 5.4661800000
-1.0000000000 0.0000000000 0.0000000000 319.9778300000
0.0000000000 0.0000000000 0.0000000000 1.0000000000

0.0000000000 0.0000000000 1.0000000000 331.0637100000
0.0000000000 1.0000000000 0.0000000000 5.4911800000
-1.0000000000 0.0000000000 0.0000000000 319.9778300000
0.0000000000 0.0000000000 0.0000000000 1.0000000000

0.0000000000 0.0000000000 1.0000000000 331.0637100000
0.0000000000 1.0000000000 0.0000000000 5.5161800000
-1.0000000000 0.0000000000 0.0000000000 319.9778300000
0.0000000000 0.0000000000 0.0000000000 1.0000000000

0.0000000000 0.0000000000 1.0000000000 331.0637100000
0.0000000000 1.0000000000 0.0000000000 5.5411800000
-1.0000000000 0.0000000000 0.0000000000 319.9778300000
0.0000000000 0.0000000000 0.0000000000 1.0000000000

0.0000000000 0.0000000000 1.0000000000 331.0637100000
0.0000000000 1.0000000000 0.0000000000 5.5661800000
-1.0000000000 0.0000000000 0.0000000000 319.9778300000
0.0000000000 0.0000000000 0.0000000000 1.0000000000

0.0000000000 0.0000000000 1.0000000000 331.0637100000
0.0000000000 1.0000000000 0.0000000000 5.5911800000
-1.0000000000 0.0000000000 0.0000000000 319.9778300000
0.0000000000 0.0000000000 0.0000000000 1.0000000000

0.0000000000 0.0000000000 1.0000000000 331.0637100000
0.0000000000 1.0000000000 0.0000000000 5.6161800000
-1.0000000000 0.0000000000 0.0000000000 319.9778300000
0.0000000000 0.0000000000 0.0000000000 1.0000000000

0.0000000000 0.0000000000 1.0000000000 331.0637100000
0.0000000000 1.0000000000 0.0000000000 5.6411800000
-1.0000000000 0.0000000000 0.0000000000 319.9778300000
0.0000000000 0.0000000000 0.0000000000 1.0000000000

0.0000000000 0.0000000000 1.0000000000 331.0637100000
0.0000000000 1.0000000000 0.0000000000 5.6661800000
-1.0000000000 0.0000000000 0.0000000000 319.9778300000
0.0000000000 0.0000000000 0.0000000000 1.0000000000

0.0000000000 0.0000000000 1.0000000000 331.0637100000
0.0000000000 1.0000000000 0.0000000000 5.6911800000
-1.0000000000 0.0000000000 0.0000000000 319.9778300000
0.0000000000 0.0000000000 0.0000000000 1.0000000000

0.0000000000 0.0000000000 1.0000000000 331.0637100000
0.0000000000 1.0000000000 0.0000000000 5.7161800000
-1.0000000000 0.0000000000 0.0000000000 319.9778300000
0.0000000000 0.0000000000 0.0000000000 1.0000000000

0.0000000000 0.0000000000 1.0000000000 331.0637100000
0.0000000000 1.0000000000 0.0000000000 5.7411800000
-1.0000000000 0.0000000000 0.0000000000 319.9778300000
0.0000000000 0.0000000000 0.0000000000 1.0000000000

0.0000000000 0.0000000000 1.0000000000 331.0637100000
0.0000000000 1.0000000000 0.0000000000 5.7661800000
-1.0000000000 0.0000000000 0.0000000000 319.9778300000
0.0000000000 0.0000000000 0.0000000000 1.0000000000

0.0000000000 0.0000000000 1.0000000000 331.0637100000
0.0000000000 1.0000000000 0.0000000000 5.7911800000
-1.0000000000 0.0000000000 0.0000000000 319.9778300000
0.0000000000 0.0000000000 0.0000000000 1.0000000000

0.0000000000 0.0000000000 1.0000000000 331.0637100000
0.0000000000 1.0000000000 0.0000000000 5.8161800000
-1.0000000000 0.0000000000 0.0000000000 319.9778300000
0.0000000000 0.0000000000 0.0000000000 1.0000000000

0.0000000000 0.0000000000 1.0000000000 331.0637100000
0.0000000000 1.0000000000 0.0000000000 5.8411800000
-1.0000000000 0.0000000000 0.0000000000 319.9778300000
0.0000000000 0.0000000000 0.0000000000 1.0000000000

0.0000000000 0.0000000000 1.0000000000 331.0637100000
0.0000000000 1.0000000000 0.0000000000 5.8661800000
-1.0000000000 0.0000000000 0.0000000000 319.9778300000
0.0000000000 0.0000000000 0.0000000000 1.0000000000

0.0000000000 0.0000000000 1.0000000000 331.0637100000
0.0000000000 1.0000000000 0.0000000000 5.8911800000
-1.0000000000 0.0000000000 0.0000000000 319.9778300000
0.0000000000 0.0000000000 0.0000000000 1.0000000000

0.0000000000 0.0000000000 1.0000000000 331.0637100000
0.0000000000 1.0000000000 0.0000000000 5.9161800000
-1.0000000000 0.0000000000 0.0000000000 319.9778300000
0.0000000000 0.0000000000 0.0000000000 1.0000000000

0.0000000000 0.0000000000 1.0000000000 331.0637100000
0.0000000000 1.0000000000 0.0000000000 5.9411800000
-1.0000000000 0.0000000000 0.0000000000 319.9778300000
0.0000000000 0.0000000000 0.0000000000 1.0000000000

0.0000000000 0.0000000000 1.0000000000 331.0637100000
0.0000000000 1.0000000000 0.0000000000 5.9661800000
-1.0000000000 0.0000000000 0.0000000000 319.9778300000
0.0000000000 0.0000000000 0.0000000000 1.0000000000

0.0000000000 0.0000000000 1.0000000000 331.0637100000
0.0000000000 1.0000000000 0.0000000000 5.9911800000
-1.0000000000 0.0000000000 0.0000000000 319.9778300000
0.0000000000 0.0000000000 0.0000000000 1.0000000000

0.0000000000 0.0000000000 1.0000000000 331.0637100000
0.0000000000 1.0000000000 0.0000000000 6.0161800000
-1.0000000000 0.0000000000 0.0000000000 319.9778300000
0.0000000000 0.0000000000 0.0000000000 1.0000000000

0.0000000000 0.0000000000 1.0000000000 331.0637100000
0.0000000000 1.0000000000 0.0000000000 6.0411800000
-1.0000000000 0.0000000000 0.0000000000 319.9778300000
0.0000000000 0.0000000000 0.0000000000 1.0000000000

0.0000000000 0.0000000000 1.0000000000 331.0637100000
0.0000000000 1.0000000000 0.0000000000 6.0661800000
-1.0000000000 0.0000000000 0.0000000000 319.9778300000
0.0000000000 0.0000000000 0.0000000000 1.0000000000

0.0000000000 0.0000000000 1.0000000000 331.0637100000
0.0000000000 1.0000000000 0.0000000000 6.0911800000
-1.0000000000 0.0000000000 0.0000000000 319.9778300000
0.0000000000 0.0000000000 0.0000000000 1.0000000000

0.0000000000 0.0000000000 1.0000000000 331.0637100000
0.0000000000 1.0000000000 0.0000000000 6.1161800000
-1.0000000000 0.0000000000 0.0000000000 319.9778300000
0.0000000000 0.0000000000 0.0000000000 1.0000000000

0.0000000000 0.0000000000 1.0000000000 331.0637100000
0.0000000000 1.0000000000 0.0000000000 6.1411800000
-1.0000000000 0.0000000000 0.0000000000 319.9778300000
0.0000000000 0.0000000000 0.0000000000 1.0000000000

0.0000000000 0.0000000000 1.0000000000 331.0637100000
0.0000000000 1.0000000000 0.0000000000 6.1661800000
-1.0000000000 0.0000000000 0.0000000000 319.9778300000
0.0000000000 0.0000000000 0.0000000000 1.0000000000

0.0000000000 0.0000000000 1.0000000000 331.0637100000
0.0000000000 1.0000000000 0.0000000000 6.1911800000
-1.0000000000 0.0000000000 0.0000000000 319.9778300000
0.0000000000 0.0000000000 0.0000000000 1.0000000000

0.0000000000 0.0000000000 1.0000000000 331.0637100000
0.0000000000 1.0000000000 0.0000000000 6.2161800000
-1.0000000000 0.0000000000 0.0000000000 319.9778300000
0.0000000000 0.0000000000 0.0000000000 1.0000000000

0.0000000000 0.0000000000 1.0000000000 331.0637100000
0.0000000000 1.0000000000 0.0000000000 6.2411800000
-1.0000000000 0.0000000000 0.0000000000 319.9778300000
0.0000000000 0.0000000000 0.0000000000 1.0000000000

0.0000000000 0.0000000000 1.0000000000 331.0637100000
0.0000000000 1.0000000000 0.0000000000 6.2661800000
-1.0000000000 0.0000000000 0.0000000000 319.9778300000
0.0000000000 0.0000000000 0.0000000000 1.0000000000

0.0000000000 0.0000000000 1.0000000000 331.0637100000
0.0000000000 1.0000000000 0.0000000000 6.2911800000
-1.0000000000 0.0000000000 0.0000000000 319.9778300000
0.0000000000 0.0000000000 0.0000000000 1.0000000000

0.0000000000 0.0000000000 1.0000000000 331.0637100000
0.0000000000 1.0000000000 0.0000000000 6.3161800000
-1.0000000000 0.0000000000 0.0000000000 319.9778300000
0.0000000000 0.0000000000 0.0000000000 1.0000000000

0.0000000000 0.0000000000 1.0000000000 331.0637100000
0.0000000000 1.0000000000 0.0000000000 6.3411800000
-1.0000000000 0.0000000000 0.0000000000 319.9778300000
0.0000000000 0.0000000000 0.0000000000 1.0000000000

0.0000000000 0.0000000000 1.0000000000 331.0637100000
0.0000000000 1.0000000000 0.0000000000 6.3661800000
-1.0000000000 0.0000000000 0.0000000000 319.9778300000
0.0000000000 0.0000000000 0.0000000000 1.0000000000

0.0000000000 0.0000000000 1.0000000000 331.0637100000
0.0000000000 1.0000000000 0.0000000000 6.3911800000
-1.0000000000 0.0000000000 0.0000000000 319.9778300000
0.0000000000 0.0000000000 0.0000000000 1.0000000000

0.0000000000 0.0000000000 1.0000000000 331.0637100000
0.0000000000 1.0000000000 0.0000000000 6.4161800000
-1.0000000000 0.0000000000 0.0000000000 319.9778300000
0.0000000000 0.0000000000 0.0000000000 1.0000000000

0.0000000000 0.0000000000 1.0000000000 331.0637100000
0.0000000000 1.0000000000 0.0000000000 6.4411800000
-1.0000000000 0.0000000000 0.0000000000 319.9778300000
0.0000000000 0.0000000000 0.0000000000 1.0000000000

0.0000000000 0.0000000000 1.0000000000 331.0637100000
0.0000000000 1.0000000000 0.0000000000 6.4661800000
-1.0000000000 0.0000000000 0.0000000000 319.9778300000
0.0000000000 0.0000000000 0.0000000000 1.0000000000

0.0000000000 0.0000000000 1.0000000000 331.0637100000
0.0000000000 1.0000000000 0.0000000000 6.4911800000
-1.0000000000 0.0000000000 0.0000000000 319.9778300000
0.0000000000 0.0000000000 0.0000000000 1.0000000000

0.0000000000 0.0000000000 1.0000000000 331.0637100000
0.0000000000 1.0000000000 0.0000000000 6.5161800000
-1.0000000000 0.0000000000 0.0000000000 319.9778300000
0.0000000000 0.0000000000 0.0000000000 1.0000000000

0.0000000000 0.0000000000 1.0000000000 331.0637100000
0.0000000000 1.0000000000 0.0000000000 6.5411800000
-1.0000000000 0.0000000000 0.0000000000 319.9778300000
0.0000000000 0.0000000000 0.0000000000 1.0000000000

0.0000000000 0.0000000000 1.0000000000 331.0637100000
0.0000000000 1.0000000000 0.0000000000 6.5661800000
-1.0000000000 0.0000000000 0.0000000000 319.9778300000
0.0000000000 0.0000000000 0.0000000000 1.0000000000

0.0000000000 0.0000000000 1.0000000000 331.0637100000
0.0000000000 1.0000000000 0.0000000000 6.5911800000
-1.0000000000 0.0000000000 0.0000000000 319.9778300000
0.0000000000 0.0000000000 0.0000000000 1.0000000000

0.0000000000 0.0000000000 1.0000000000 331.0637100000
0.0000000000 1.0000000000 0.0000000000 6.6161800000
-1.0000000000 0.0000000000 0.0000000000 319.9778300000
0.0000000000 0.0000000000 0.0000000000 1.0000000000

0.0000000000 0.0000000000 1.0000000000 331.0637100000
0.0000000000 1.0000000000 0.0000000000 6.6411800000
-1.0000000000 0.0000000000 0.0000000000 319.9778300000
0.0000000000 0.0000000000 0.0000000000 1.0000000000

0.0000000000 0.0000000000 1.0000000000 331.0637100000
0.0000000000 1.0000000000 0.0000000000 6.6661800000
-1.0000000000 0.0000000000 0.0000000000 319.9778300000
0.0000000000 0.0000000000 0.0000000000 1.0000000000

0.0000000000 0.0000000000 1.0000000000 331.0637100000
0.0000000000 1.0000000000 0.0000000000 6.6911800000
-1.0000000000 0.0000000000 0.0000000000 319.9778300000
0.0000000000 0.0000000000 0.0000000000 1.0000000000

0.0000000000 0.0000000000 1.0000000000 331.0637100000
0.0000000000 1.0000000000 0.0000000000 6.7161800000
-1.0000000000 0.0000000000 0.0000000000 319.9778300000
0.0000000000 0.0000000000 0.0000000000 1.0000000000

0.0000000000 0.0000000000 1.0000000000 331.0637100000
0.0000000000 1.0000000000 0.0000000000 6.7411800000
-1.0000000000 0.0000000000 0.0000000000 319.9778300000
0.0000000000 0.0000000000 0.0000000000 1.0000000000

0.0000000000 0.0000000000 1.0000000000 331.0637100000
0.0000000000 1.0000000000 0.0000000000 6.7661800000
-1.0000000000 0.0000000000 0.0000000000 319.9778300000
0.0000000000 0.0000000000 0.0000000000 1.0000000000

0.0000000000 0.0000000000 1.0000000000 331.0637100000
0.0000000000 1.0000000000 0.0000000000 6.7911800000
-1.0000000000 0.0000000000 0.0000000000 319.9778300000
0.0000000000 0.0000000000 0.0000000000 1.0000000000

0.0000000000 0.0000000000 1.0000000000 331.0637100000
0.0000000000 1.0000000000 0.0000000000 6.8161800000
-1.0000000000 0.0000000000 0.0000000000 319.9778300000
0.0000000000 0.0000000000 0.0000000000 1.0000000000

0.0000000000 0.0000000000 1.0000000000 331.0637100000
0.0000000000 1.0000000000 0.0000000000 6.8411800000
-1.0000000000 0.0000000000 0.0000000000 319.9778300000
0.0000000000 0.0000000000 0.0000000000 1.0000000000

0.0000000000 0.0000000000 1.0000000000 331.0637100000
0.0000000000 1.0000000000 0.0000000000 6.8661800000
-1.0000000000 0.0000000000 0.0000000000 319.9778300000
0.0000000000 0.0000000000 0.0000000000 1.0000000000

0.0000000000 0.0000000000 1.0000000000 331.0637100000
0.0000000000 1.0000000000 0.0000000000 6.8911800000
-1.0000000000 0.0000000000 0.0000000000 319.9778300000
0.0000000000 0.0000000000 0.0000000000 1.0000000000

0.0000000000 0.0000000000 1.0000000000 331.0637100000
0.0000000000 1.0000000000 0.0000000000 6.9161800000
-1.0000000000 0.0000000000 0.0000000000 319.9778300000
0.0000000000 0.0000000000 0.0000000000 1.0000000000

0.0000000000 0.0000000000 1.0000000000 331.0637100000
0.0000000000 1.0000000000 0.0000000000 6.9411800000
-1.0000000000 0.0000000000 0.0000000000 319.9778300000
0.0000000000 0.0000000000 0.0000000000 1.0000000000

0.0000000000 0.0000000000 1.0000000000 331.0637100000
0.0000000000 1.0000000000 0.0000000000 6.9661800000
-1.0000000000 0.0000000000 0.0000000000 319.9778300000
0.0000000000 0.0000000000 0.0000000000 1.0000000000

0.0000000000 0.0000000000 1.0000000000 331.0637100000
0.0000000000 1.0000000000 0.0000000000 6.9911800000
-1.0000000000 0.0000000000 0.0000000000 319.9778300000
0.0000000000 0.0000000000 0.0000000000 1.0000000000

0.0000000000 0.0000000000 1.0000000000 331.0637100000
0.0000000000 1.0000000000 0.0000000000 7.0161800000
-1.0000000000 0.0000000000 0.0000000000 319.9778300000
0.0000000000 0.0000000000 0.0000000000 1.0000000000

0.0000000000 0.0000000000 1.0000000000 331.0637100000
0.0000000000 1.0000000000 0.0000000000 7.0411800000
-1.0000000000 0.0000000000 0.0000000000 319.9778300000
0.0000000000 0.0000000000 0.0000000000 1.0000000000

0.0000000000 0.0000000000 1.0000000000 331.0637100000
0.0000000000 1.0000000000 0.0000000000 7.0661800000
-1.0000000000 0.0000000000 0.0000000000 319.9778300000
0.0000000000 0.0000000000 0.0000000000 1.0000000000

0.0000000000 0.0000000000 1.0000000000 331.0637100000
0.0000000000 1.0000000000 0.0000000000 7.0911800000
-1.0000000000 0.0000000000 0.0000000000 319.9778300000
0.0000000000 0.0000000000 0.0000000000 1.0000000000

0.0000000000 0.0000000000 1.0000000000 331.0637100000
0.0000000000 1.0000000000 0.0000000000 7.1161800000
-1.0000000000 0.0000000000 0.0000000000 319.9778300000
0.0000000000 0.0000000000 0.0000000000 1.0000000000

0.0000000000 0.0000000000 1.0000000000 331.0637100000
0.0000000000 1.0000000000 0.0000000000 7.1411800000
-1.0000000000 0.0000000000 0.0000000000 319.9778300000
0.0000000000 0.0000000000 0.0000000000 1.0000000000

0.0000000000 0.0000000000 1.0000000000 331.0637100000
0.0000000000 1.0000000000 0.0000000000 7.1661800000
-1.0000000000 0.0000000000 0.0000000000 319.9778300000
0.0000000000 0.0000000000 0.0000000000 1.0000000000

0.0000000000 0.0000000000 1.0000000000 331.0637100000
0.0000000000 1.0000000000 0.0000000000 7.1911800000
-1.0000000000 0.0000000000 0.0000000000 319.9778300000
0.0000000000 0.0000000000 0.0000000000 1.0000000000

0.0000000000 0.0000000000 1.0000000000 331.0637100000
0.0000000000 1.0000000000 0.0000000000 7.2161800000
-1.0000000000 0.0000000000 0.0000000000 319.9778300000
0.0000000000 0.0000000000 0.0000000000 1.0000000000

0.0000000000 0.0000000000 1.0000000000 331.0637100000
0.0000000000 1.0000000000 0.0000000000 7.2411800000
-1.0000000000 0.0000000000 0.0000000000 319.9778300000
0.0000000000 0.0000000000 0.0000000000 1.0000000000

0.0000000000 0.0000000000 1.0000000000 331.0637100000
0.0000000000 1.0000000000 0.0000000000 7.2661800000
-1.0000000000 0.0000000000 0.0000000000 319.9778300000
0.0000000000 0.0000000000 0.0000000000 1.0000000000

0.0000000000 0.0000000000 1.0000000000 331.0637100000
0.0000000000 1.0000000000 0.0000000000 7.2911800000
-1.0000000000 0.0000000000 0.0000000000 319.9778300000
0.0000000000 0.0000000000 0.0000000000 1.0000000000

0.0000000000 0.0000000000 1.0000000000 331.0637100000
0.0000000000 1.0000000000 0.0000000000 7.3161800000
-1.0000000000 0.0000000000 0.0000000000 319.9778300000
0.0000000000 0.0000000000 0.0000000000 1.0000000000

0.0000000000 0.0000000000 1.0000000000 331.0637100000
0.0000000000 1.0000000000 0.0000000000 7.3411800000
-1.0000000000 0.0000000000 0.0000000000 319.9778300000
0.0000000000 0.0000000000 0.0000000000 1.0000000000

0.0000000000 0.0000000000 1.0000000000 331.0637100000
0.0000000000 1.0000000000 0.0000000000 7.3661800000
-1.0000000000 0.0000000000 0.0000000000 319.9778300000
0.0000000000 0.0000000000 0.0000000000 1.0000000000

0.0000000000 0.0000000000 1.0000000000 331.0637100000
0.0000000000 1.0000000000 0.0000000000 7.3911800000
-1.0000000000 0.0000000000 0.0000000000 319.9778300000
0.0000000000 0.0000000000 0.0000000000 1.0000000000

0.0000000000 0.0000000000 1.0000000000 331.0637100000
0.0000000000 1.0000000000 0.0000000000 7.4161800000
-1.0000000000 0.0000000000 0.0000000000 319.9778300000
0.0000000000 0.0000000000 0.0000000000 1.0000000000

0.0000000000 0.0000000000 1.0000000000 331.0637100000
0.0000000000 1.0000000000 0.0000000000 7.4411800000
-1.0000000000 0.0000000000 0.0000000000 319.9778300000
0.0000000000 0.0000000000 0.0000000000 1.0000000000

0.0000000000 0.0000000000 1.0000000000 331.0637100000
0.0000000000 1.0000000000 0.0000000000 7.4661800000
-1.0000000000 0.0000000000 0.0000000000 319.9778300000
0.0000000000 0.0000000000 0.0000000000 1.0000000000

0.0000000000 0.0000000000 1.0000000000 331.0637100000
0.0000000000 1.0000000000 0.0000000000 7.4911800000
-1.0000000000 0.0000000000 0.0000000000 319.9778300000
0.0000000000 0.0000000000 0.0000000000 1.0000000000

0.0000000000 0.0000000000 1.0000000000 331.0637100000
0.0000000000 1.0000000000 0.0000000000 7.5161800000
-1.0000000000 0.0000000000 0.0000000000 319.9778300000
0.0000000000 0.0000000000 0.0000000000 1.0000000000

0.0000000000 0.0000000000 1.0000000000 331.0637100000
0.0000000000 1.0000000000 0.0000000000 7.5411800000
-1.0000000000 0.0000000000 0.0000000000 319.9778300000
0.0000000000 0.0000000000 0.0000000000 1.0000000000

0.0000000000 0.0000000000 1.0000000000 331.0637100000
0.0000000000 1.0000000000 0.0000000000 7.5661800000
-1.0000000000 0.0000000000 0.0000000000 319.9778300000
0.0000000000 0.0000000000 0.0000000000 1.0000000000

0.0000000000 0.0000000000 1.0000000000 331.0637100000
0.0000000000 1.0000000000 0.0000000000 7.5911800000
-1.0000000000 0.0000000000 0.0000000000 319.9778300000
0.0000000000 0.0000000000 0.0000000000 1.0000000000

0.0000000000 0.0000000000 1.0000000000 331.0637100000
0.0000000000 1.0000000000 0.0000000000 7.6161800000
-1.0000000000 0.0000000000 0.0000000000 319.9778300000
0.0000000000 0.0000000000 0.0000000000 1.0000000000

0.0000000000 0.0000000000 1.0000000000 331.0637100000
0.0000000000 1.0000000000 0.0000000000 7.6411800000
-1.0000000000 0.0000000000 0.0000000000 319.9778300000
0.0000000000 0.0000000000 0.0000000000 1.0000000000

0.0000000000 0.0000000000 1.0000000000 331.0637100000
0.0000000000 1.0000000000 0.0000000000 7.6661800000
-1.0000000000 0.0000000000 0.0000000000 319.9778300000
0.0000000000 0.0000000000 0.0000000000 1.0000000000

0.0000000000 0.0000000000 1.0000000000 331.0637100000
0.0000000000 1.0000000000 0.0000000000 7.6911800000
-1.0000000000 0.0000000000 0.0000000000 319.9778300000
0.0000000000 0.0000000000 0.0000000000 1.0000000000

0.0000000000 0.0000000000 1.0000000000 331.0637100000
0.0000000000 1.0000000000 0.0000000000 7.7161800000
-1.0000000000 0.0000000000 0.0000000000 319.9778300000
0.0000000000 0.0000000000 0.0000000000 1.0000000000

0.0000000000 0.0000000000 1.0000000000 331.0637100000
0.0000000000 1.0000000000 0.0000000000 7.7411800000
-1.0000000000 0.0000000000 0.0000000000 319.9778300000
0.0000000000 0.0000000000 0.0000000000 1.0000000000

0.0000000000 0.0000000000 1.0000000000 331.0637100000
0.0000000000 1.0000000000 0.0000000000 7.7661800000
-1.0000000000 0.0000000000 0.0000000000 319.9778300000
0.0000000000 0.0000000000 0.0000000000 1.0000000000

0.0000000000 0.0000000000 1.0000000000 331.0637100000
0.0000000000 1.0000000000 0.0000000000 7.7911800000
-1.0000000000 0.0000000000 0.0000000000 319.9778300000
0.0000000000 0.0000000000 0.0000000000 1.0000000000

0.0000000000 0.0000000000 1.0000000000 331.0637100000
0.0000000000 1.0000000000 0.0000000000 7.8161800000
-1.0000000000 0.0000000000 0.0000000000 319.9778300000
0.0000000000 0.0000000000 0.0000000000 1.0000000000

0.0000000000 0.0000000000 1.0000000000 331.0637100000
0.0000000000 1.0000000000 0.0000000000 7.8411800000
-1.0000000000 0.0000000000 0.0000000000 319.9778300000
0.0000000000 0.0000000000 0.0000000000 1.0000000000

0.0000000000 0.0000000000 1.0000000000 331.0637100000
0.0000000000 1.0000000000 0.0000000000 7.8661800000
-1.0000000000 0.0000000000 0.0000000000 319.9778300000
0.0000000000 0.0000000000 0.0000000000 1.0000000000

0.0000000000 0.0000000000 1.0000000000 331.0637100000
0.0000000000 1.0000000000 0.0000000000 7.8911800000
-1.0000000000 0.0000000000 0.0000000000 319.9778300000
0.0000000000 0.0000000000 0.0000000000 1.0000000000

0.0000000000 0.0000000000 1.0000000000 331.0637100000
0.0000000000 1.0000000000 0.0000000000 7.9161800000
-1.0000000000 0.0000000000 0.0000000000 319.9778300000
0.0000000000 0.0000000000 0.0000000000 1.0000000000

0.0000000000 0.0000000000 1.0000000000 331.0637100000
0.0000000000 1.0000000000 0.0000000000 7.9411800000
-1.0000000000 0.0000000000 0.0000000000 319.9778300000
0.0000000000 0.0000000000 0.0000000000 1.0000000000

0.0000000000 0.0000000000 1.0000000000 331.0637100000
0.0000000000 1.0000000000 0.0000000000 7.9661800000
-1.0000000000 0.0000000000 0.0000000000 319.9778300000
0.0000000000 0.0000000000 0.0000000000 1.0000000000

0.0000000000 0.0000000000 1.0000000000 331.0637100000
0.0000000000 1.0000000000 0.0000000000 7.9911800000
-1.0000000000 0.0000000000 0.0000000000 319.9778300000
0.0000000000 0.0000000000 0.0000000000 1.0000000000

0.0000000000 0.0000000000 1.0000000000 331.0637100000
0.0000000000 1.0000000000 0.0000000000 8.0161800000
-1.0000000000 0.0000000000 0.0000000000 319.9778300000
0.0000000000 0.0000000000 0.0000000000 1.0000000000

0.0000000000 0.0000000000 1.0000000000 331.0637100000
0.0000000000 1.0000000000 0.0000000000 8.0411800000
-1.0000000000 0.0000000000 0.0000000000 319.9778300000
0.0000000000 0.0000000000 0.0000000000 1.0000000000

0.0000000000 0.0000000000 1.0000000000 331.0637100000
0.0000000000 1.0000000000 0.0000000000 8.0661800000
-1.0000000000 0.0000000000 0.0000000000 319.9778300000
0.0000000000 0.0000000000 0.0000000000 1.0000000000

0.0000000000 0.0000000000 1.0000000000 331.0637100000
0.0000000000 1.0000000000 0.0000000000 8.0911800000
-1.0000000000 0.0000000000 0.0000000000 319.9778300000
0.0000000000 0.0000000000 0.0000000000 1.0000000000

0.0000000000 0.0000000000 1.0000000000 331.0637100000
0.0000000000 1.0000000000 0.0000000000 8.1161800000
-1.0000000000 0.0000000000 0.0000000000 319.9778300000
0.0000000000 0.0000000000 0.0000000000 1.0000000000

0.0000000000 0.0000000000 1.0000000000 331.0637100000
0.0000000000 1.0000000000 0.0000000000 8.1411800000
-1.0000000000 0.0000000000 0.0000000000 319.9778300000
0.0000000000 0.0000000000 0.0000000000 1.0000000000

0.0000000000 0.0000000000 1.0000000000 331.0637100000
0.0000000000 1.0000000000 0.0000000000 8.1661800000
-1.0000000000 0.0000000000 0.0000000000 319.9778300000
0.0000000000 0.0000000000 0.0000000000 1.0000000000

0.0000000000 0.0000000000 1.0000000000 331.0637100000
0.0000000000 1.0000000000 0.0000000000 8.1911800000
-1.0000000000 0.0000000000 0.0000000000 319.9778300000
0.0000000000 0.0000000000 0.0000000000 1.0000000000

0.0000000000 0.0000000000 1.0000000000 331.0637100000
0.0000000000 1.0000000000 0.0000000000 8.2161800000
-1.0000000000 0.0000000000 0.0000000000 319.9778300000
0.0000000000 0.0000000000 0.0000000000 1.0000000000

0.0000000000 0.0000000000 1.0000000000 331.0637100000
0.0000000000 1.0000000000 0.0000000000 8.2411800000
-1.0000000000 0.0000000000 0.0000000000 319.9778300000
0.0000000000 0.0000000000 0.0000000000 1.0000000000

0.0000000000 0.0000000000 1.0000000000 331.0637100000
0.0000000000 1.0000000000 0.0000000000 8.2661800000
-1.0000000000 0.0000000000 0.0000000000 319.9778300000
0.0000000000 0.0000000000 0.0000000000 1.0000000000

0.0000000000 0.0000000000 1.0000000000 331.0637100000
0.0000000000 1.0000000000 0.0000000000 8.2911800000
-1.0000000000 0.0000000000 0.0000000000 319.9778300000
0.0000000000 0.0000000000 0.0000000000 1.0000000000

0.0000000000 0.0000000000 1.0000000000 331.0637100000
0.0000000000 1.0000000000 0.0000000000 8.3161800000
-1.0000000000 0.0000000000 0.0000000000 319.9778300000
0.0000000000 0.0000000000 0.0000000000 1.0000000000

0.0000000000 0.0000000000 1.0000000000 331.0637100000
0.0000000000 1.0000000000 0.0000000000 8.3411800000
-1.0000000000 0.0000000000 0.0000000000 319.9778300000
0.0000000000 0.0000000000 0.0000000000 1.0000000000

0.0000000000 0.0000000000 1.0000000000 331.0637100000
0.0000000000 1.0000000000 0.0000000000 8.3661800000
-1.0000000000 0.0000000000 0.0000000000 319.9778300000
0.0000000000 0.0000000000 0.0000000000 1.0000000000

0.0000000000 0.0000000000 1.0000000000 331.0637100000
0.0000000000 1.0000000000 0.0000000000 8.3911800000
-1.0000000000 0.0000000000 0.0000000000 319.9778300000
0.0000000000 0.0000000000 0.0000000000 1.0000000000

0.0000000000 0.0000000000 1.0000000000 331.0637100000
0.0000000000 1.0000000000 0.0000000000 8.4161800000
-1.0000000000 0.0000000000 0.0000000000 319.9778300000
0.0000000000 0.0000000000 0.0000000000 1.0000000000

0.0000000000 0.0000000000 1.0000000000 331.0637100000
0.0000000000 1.0000000000 0.0000000000 8.4411800000
-1.0000000000 0.0000000000 0.0000000000 319.9778300000
0.0000000000 0.0000000000 0.0000000000 1.0000000000

0.0000000000 0.0000000000 1.0000000000 331.0637100000
0.0000000000 1.0000000000 0.0000000000 8.4661800000
-1.0000000000 0.0000000000 0.0000000000 319.9778300000
0.0000000000 0.0000000000 0.0000000000 1.0000000000

0.0000000000 0.0000000000 1.0000000000 331.0637100000
0.0000000000 1.0000000000 0.0000000000 8.4911800000
-1.0000000000 0.0000000000 0.0000000000 319.9778300000
0.0000000000 0.0000000000 0.0000000000 1.0000000000

0.0000000000 0.0000000000 1.0000000000 331.0637100000
0.0000000000 1.0000000000 0.0000000000 8.5161800000
-1.0000000000 0.0000000000 0.0000000000 319.9778300000
0.0000000000 0.0000000000 0.0000000000 1.0000000000

0.0000000000 0.0000000000 1.0000000000 331.0637100000
0.0000000000 1.0000000000 0.0000000000 8.5411800000
-1.0000000000 0.0000000000 0.0000000000 319.9778300000
0.0000000000 0.0000000000 0.0000000000 1.0000000000

0.0000000000 0.0000000000 1.0000000000 331.0637100000
0.0000000000 1.0000000000 0.0000000000 8.5661800000
-1.0000000000 0.0000000000 0.0000000000 319.9778300000
0.0000000000 0.0000000000 0.0000000000 1.0000000000

0.0000000000 0.0000000000 1.0000000000 331.0637100000
0.0000000000 1.0000000000 0.0000000000 8.5911800000
-1.0000000000 0.0000000000 0.0000000000 319.9778300000
0.0000000000 0.0000000000 0.0000000000 1.0000000000

0.0000000000 0.0000000000 1.0000000000 331.0637100000
0.0000000000 1.0000000000 0.0000000000 8.6161800000
-1.0000000000 0.0000000000 0.0000000000 319.9778300000
0.0000000000 0.0000000000 0.0000000000 1.0000000000

0.0000000000 0.0000000000 1.0000000000 331.0637100000
0.0000000000 1.0000000000 0.0000000000 8.6411800000
-1.0000000000 0.0000000000 0.0000000000 319.9778300000
0.0000000000 0.0000000000 0.0000000000 1.0000000000

0.0000000000 0.0000000000 1.0000000000 331.0637100000
0.0000000000 1.0000000000 0.0000000000 8.6661800000
-1.0000000000 0.0000000000 0.0000000000 319.9778300000
0.0000000000 0.0000000000 0.0000000000 1.0000000000

0.0000000000 0.0000000000 1.0000000000 331.0637100000
0.0000000000 1.0000000000 0.0000000000 8.6911800000
-1.0000000000 0.0000000000 0.0000000000 319.9778300000
0.0000000000 0.0000000000 0.0000000000 1.0000000000

0.0000000000 0.0000000000 1.0000000000 331.0637100000
0.0000000000 1.0000000000 0.0000000000 8.7161800000
-1.0000000000 0.0000000000 0.0000000000 319.9778300000
0.0000000000 0.0000000000 0.0000000000 1.0000000000

0.0000000000 0.0000000000 1.0000000000 331.0637100000
0.0000000000 1.0000000000 0.0000000000 8.7411800000
-1.0000000000 0.0000000000 0.0000000000 319.9778300000
0.0000000000 0.0000000000 0.0000000000 1.0000000000

0.0000000000 0.0000000000 1.0000000000 331.0637100000
0.0000000000 1.0000000000 0.0000000000 8.7661800000
-1.0000000000 0.0000000000 0.0000000000 319.9778300000
0.0000000000 0.0000000000 0.0000000000 1.0000000000

0.0000000000 0.0000000000 1.0000000000 331.0637100000
0.0000000000 1.0000000000 0.0000000000 8.7911800000
-1.0000000000 0.0000000000 0.0000000000 319.9778300000
0.0000000000 0.0000000000 0.0000000000 1.0000000000

0.0000000000 0.0000000000 1.0000000000 331.0637100000
0.0000000000 1.0000000000 0.0000000000 8.8161800000
-1.0000000000 0.0000000000 0.0000000000 319.9778300000
0.0000000000 0.0000000000 0.0000000000 1.0000000000

0.0000000000 0.0000000000 1.0000000000 331.0637100000
0.0000000000 1.0000000000 0.0000000000 8.8411800000
-1.0000000000 0.0000000000 0.0000000000 319.9778300000
0.0000000000 0.0000000000 0.0000000000 1.0000000000

0.0000000000 0.0000000000 1.0000000000 331.0637100000
0.0000000000 1.0000000000 0.0000000000 8.8661800000
-1.0000000000 0.0000000000 0.0000000000 319.9778300000
0.0000000000 0.0000000000 0.0000000000 1.0000000000

0.0000000000 0.0000000000 1.0000000000 331.0637100000
0.0000000000 1.0000000000 0.0000000000 8.8911800000
-1.0000000000 0.0000000000 0.0000000000 319.9778300000
0.0000000000 0.0000000000 0.0000000000 1.0000000000

0.0000000000 0.0000000000 1.0000000000 331.0637100000
0.0000000000 1.0000000000 0.0000000000 8.9161800000
-1.0000000000 0.0000000000 0.0000000000 319.9778300000
0.0000000000 0.0000000000 0.0000000000 1.0000000000

0.0000000000 0.0000000000 1.0000000000 331.0637100000
0.0000000000 1.0000000000 0.0000000000 8.9411800000
-1.0000000000 0.0000000000 0.0000000000 319.9778300000
0.0000000000 0.0000000000 0.0000000000 1.0000000000

0.0000000000 0.0000000000 1.0000000000 331.0637100000
0.0000000000 1.0000000000 0.0000000000 8.9661800000
-1.0000000000 0.0000000000 0.0000000000 319.9778300000
0.0000000000 0.0000000000 0.0000000000 1.0000000000

0.0000000000 0.0000000000 1.0000000000 331.0637100000
0.0000000000 1.0000000000 0.0000000000 8.9911800000
-1.0000000000 0.0000000000 0.0000000000 319.9778300000
0.0000000000 0.0000000000 0.0000000000 1.0000000000

0.0000000000 0.0000000000 1.0000000000 331.0637100000
0.0000000000 1.0000000000 0.0000000000 9.0161800000
-1.0000000000 0.0000000000 0.0000000000 319.9778300000
0.0000000000 0.0000000000 0.0000000000 1.0000000000

0.0000000000 0.0000000000 1.0000000000 331.0637100000
0.0000000000 1.0000000000 0.0000000000 9.0411800000
-1.0000000000 0.0000000000 0.0000000000 319.9778300000
0.0000000000 0.0000000000 0.0000000000 1.0000000000

0.0000000000 0.0000000000 1.0000000000 331.0637100000
0.0000000000 1.0000000000 0.0000000000 9.0661800000
-1.0000000000 0.0000000000 0.0000000000 319.9778300000
0.0000000000 0.0000000000 0.0000000000 1.0000000000

0.0000000000 0.0000000000 1.0000000000 331.0637100000
0.0000000000 1.0000000000 0.0000000000 9.0911800000
-1.0000000000 0.0000000000 0.0000000000 319.9778300000
0.0000000000 0.0000000000 0.0000000000 1.0000000000

0.0000000000 0.0000000000 1.0000000000 331.0637100000
0.0000000000 1.0000000000 0.0000000000 9.1161800000
-1.0000000000 0.0000000000 0.0000000000 319.9778300000
0.0000000000 0.0000000000 0.0000000000 1.0000000000

0.0000000000 0.0000000000 1.0000000000 331.0637100000
0.0000000000 1.0000000000 0.0000000000 9.1411800000
-1.0000000000 0.0000000000 0.0000000000 319.9778300000
0.0000000000 0.0000000000 0.0000000000 1.0000000000

0.0000000000 0.0000000000 1.0000000000 331.0637100000
0.0000000000 1.0000000000 0.0000000000 9.1661800000
-1.0000000000 0.0000000000 0.0000000000 319.9778300000
0.0000000000 0.0000000000 0.0000000000 1.0000000000

0.0000000000 0.0000000000 1.0000000000 331.0637100000
0.0000000000 1.0000000000 0.0000000000 9.1911800000
-1.0000000000 0.0000000000 0.0000000000 319.9778300000
0.0000000000 0.0000000000 0.0000000000 1.0000000000

0.0000000000 0.0000000000 1.0000000000 331.0637100000
0.0000000000 1.0000000000 0.0000000000 9.2161800000
-1.0000000000 0.0000000000 0.0000000000 319.9778300000
0.0000000000 0.0000000000 0.0000000000 1.0000000000

0.0000000000 0.0000000000 1.0000000000 331.0637100000
0.0000000000 1.0000000000 0.0000000000 9.2411800000
-1.0000000000 0.0000000000 0.0000000000 319.9778300000
0.0000000000 0.0000000000 0.0000000000 1.0000000000

0.0000000000 0.0000000000 1.0000000000 331.0637100000
0.0000000000 1.0000000000 0.0000000000 9.2661800000
-1.0000000000 0.0000000000 0.0000000000 319.9778300000
0.0000000000 0.0000000000 0.0000000000 1.0000000000

0.0000000000 0.0000000000 1.0000000000 331.0637100000
0.0000000000 1.0000000000 0.0000000000 9.2911800000
-1.0000000000 0.0000000000 0.0000000000 319.9778300000
0.0000000000 0.0000000000 0.0000000000 1.0000000000

0.0000000000 0.0000000000 1.0000000000 331.0637100000
0.0000000000 1.0000000000 0.0000000000 9.3161800000
-1.0000000000 0.0000000000 0.0000000000 319.9778300000
0.0000000000 0.0000000000 0.0000000000 1.0000000000

0.0000000000 0.0000000000 1.0000000000 331.0637100000
0.0000000000 1.0000000000 0.0000000000 9.3411800000
-1.0000000000 0.0000000000 0.0000000000 319.9778300000
0.0000000000 0.0000000000 0.0000000000 1.0000000000

0.0000000000 0.0000000000 1.0000000000 331.0637100000
0.0000000000 1.0000000000 0.0000000000 9.3661800000
-1.0000000000 0.0000000000 0.0000000000 319.9778300000
0.0000000000 0.0000000000 0.0000000000 1.0000000000

0.0000000000 0.0000000000 1.0000000000 331.0637100000
0.0000000000 1.0000000000 0.0000000000 9.3911800000
-1.0000000000 0.0000000000 0.0000000000 319.9778300000
0.0000000000 0.0000000000 0.0000000000 1.0000000000

0.0000000000 0.0000000000 1.0000000000 331.0637100000
0.0000000000 1.0000000000 0.0000000000 9.4161800000
-1.0000000000 0.0000000000 0.0000000000 319.9778300000
0.0000000000 0.0000000000 0.0000000000 1.0000000000

0.0000000000 0.0000000000 1.0000000000 331.0637100000
0.0000000000 1.0000000000 0.0000000000 9.4411800000
-1.0000000000 0.0000000000 0.0000000000 319.9778300000
0.0000000000 0.0000000000 0.0000000000 1.0000000000

0.0000000000 0.0000000000 1.0000000000 331.0637100000
0.0000000000 1.0000000000 0.0000000000 9.4661800000
-1.0000000000 0.0000000000 0.0000000000 319.9778300000
0.0000000000 0.0000000000 0.0000000000 1.0000000000

0.0000000000 0.0000000000 1.0000000000 331.0637100000
0.0000000000 1.0000000000 0.0000000000 9.4911800000
-1.0000000000 0.0000000000 0.0000000000 319.9778300000
0.0000000000 0.0000000000 0.0000000000 1.0000000000

0.0000000000 0.0000000000 1.0000000000 331.0637100000
0.0000000000 1.0000000000 0.0000000000 9.5161800000
-1.0000000000 0.0000000000 0.0000000000 319.9778300000
0.0000000000 0.0000000000 0.0000000000 1.0000000000

0.0000000000 0.0000000000 1.0000000000 331.0637100000
0.0000000000 1.0000000000 0.0000000000 9.5411800000
-1.0000000000 0.0000000000 0.0000000000 319.9778300000
0.0000000000 0.0000000000 0.0000000000 1.0000000000

0.0000000000 0.0000000000 1.0000000000 331.0637100000
0.0000000000 1.0000000000 0.0000000000 9.5661800000
-1.0000000000 0.0000000000 0.0000000000 319.9778300000
0.0000000000 0.0000000000 0.0000000000 1.0000000000

0.0000000000 0.0000000000 1.0000000000 331.0637100000
0.0000000000 1.0000000000 0.0000000000 9.5911800000
-1.0000000000 0.0000000000 0.0000000000 319.9778300000
0.0000000000 0.0000000000 0.0000000000 1.0000000000

0.0000000000 0.0000000000 1.0000000000 331.0637100000
0.0000000000 1.0000000000 0.0000000000 9.6161800000
-1.0000000000 0.0000000000 0.0000000000 319.9778300000
0.0000000000 0.0000000000 0.0000000000 1.0000000000

0.0000000000 0.0000000000 1.0000000000 331.0637100000
0.0000000000 1.0000000000 0.0000000000 9.6411800000
-1.0000000000 0.0000000000 0.0000000000 319.9778300000
0.0000000000 0.0000000000 0.0000000000 1.0000000000

0.0000000000 0.0000000000 1.0000000000 331.0637100000
0.0000000000 1.0000000000 0.0000000000 9.6661800000
-1.0000000000 0.0000000000 0.0000000000 319.9778300000
0.0000000000 0.0000000000 0.0000000000 1.0000000000

0.0000000000 0.0000000000 1.0000000000 331.0637100000
0.0000000000 1.0000000000 0.0000000000 9.6911800000
-1.0000000000 0.0000000000 0.0000000000 319.9778300000
0.0000000000 0.0000000000 0.0000000000 1.0000000000

0.0000000000 0.0000000000 1.0000000000 331.0637100000
0.0000000000 1.0000000000 0.0000000000 9.7161800000
-1.0000000000 0.0000000000 0.0000000000 319.9778300000
0.0000000000 0.0000000000 0.0000000000 1.0000000000

0.0000000000 0.0000000000 1.0000000000 331.0637100000
0.0000000000 1.0000000000 0.0000000000 9.7411800000
-1.0000000000 0.0000000000 0.0000000000 319.9778300000
0.0000000000 0.0000000000 0.0000000000 1.0000000000

0.0000000000 0.0000000000 1.0000000000 331.0637100000
0.0000000000 1.0000000000 0.0000000000 9.7661800000
-1.0000000000 0.0000000000 0.0000000000 319.9778300000
0.0000000000 0.0000000000 0.0000000000 1.0000000000

0.0000000000 0.0000000000 1.0000000000 331.0637100000
0.0000000000 1.0000000000 0.0000000000 9.7911800000
-1.0000000000 0.0000000000 0.0000000000 319.9778300000
0.0000000000 0.0000000000 0.0000000000 1.0000000000

0.0000000000 0.0000000000 1.0000000000 331.0637100000
0.0000000000 1.0000000000 0.0000000000 9.8161800000
-1.0000000000 0.0000000000 0.0000000000 319.9778300000
0.0000000000 0.0000000000 0.0000000000 1.0000000000

0.0000000000 0.0000000000 1.0000000000 331.0637100000
0.0000000000 1.0000000000 0.0000000000 9.8411800000
-1.0000000000 0.0000000000 0.0000000000 319.9778300000
0.0000000000 0.0000000000 0.0000000000 1.0000000000

0.0000000000 0.0000000000 1.0000000000 331.0637100000
0.0000000000 1.0000000000 0.0000000000 9.8661800000
-1.0000000000 0.0000000000 0.0000000000 319.9778300000
0.0000000000 0.0000000000 0.0000000000 1.0000000000

0.0000000000 0.0000000000 1.0000000000 331.0637100000
0.0000000000 1.0000000000 0.0000000000 9.8911800000
-1.0000000000 0.0000000000 0.0000000000 319.9778300000
0.0000000000 0.0000000000 0.0000000000 1.0000000000

0.0000000000 0.0000000000 1.0000000000 331.0637100000
0.0000000000 1.0000000000 0.0000000000 9.9161800000
-1.0000000000 0.0000000000 0.0000000000 319.9778300000
0.0000000000 0.0000000000 0.0000000000 1.0000000000

0.0000000000 0.0000000000 1.0000000000 331.0637100000
0.0000000000 1.0000000000 0.0000000000 9.9411800000
-1.0000000000 0.0000000000 0.0000000000 319.9778300000
0.0000000000 0.0000000000 0.0000000000 1.0000000000

0.0000000000 0.0000000000 1.0000000000 331.0637100000
0.0000000000 1.0000000000 0.0000000000 9.9661800000
-1.0000000000 0.0000000000 0.0000000000 319.9778300000
0.0000000000 0.0000000000 0.0000000000 1.0000000000

0.0000000000 0.0000000000 1.0000000000 331.0637100000
0.0000000000 1.0000000000 0.0000000000 9.9911800000
-1.0000000000 0.0000000000 0.0000000000 319.9778300000
0.0000000000 0.0000000000 0.0000000000 1.0000000000

0.0000000000 0.0000000000 1.0000000000 331.0637100000
0.0000000000 1.0000000000 0.0000000000 10.0161800000
-1.0000000000 0.0000000000 0.0000000000 319.9778300000
0.0000000000 0.0000000000 0.0000000000 1.0000000000

0.0000000000 0.0000000000 1.0000000000 331.0637100000
0.0000000000 1.0000000000 0.0000000000 10.0411800000
-1.0000000000 0.0000000000 0.0000000000 319.9778300000
0.0000000000 0.0000000000 0.0000000000 1.0000000000

0.0000000000 0.0000000000 1.0000000000 331.0637100000
0.0000000000 1.0000000000 0.0000000000 10.0661800000
-1.0000000000 0.0000000000 0.0000000000 319.9778300000
0.0000000000 0.0000000000 0.0000000000 1.0000000000

0.0000000000 0.0000000000 1.0000000000 331.0637100000
0.0000000000 1.0000000000 0.0000000000 10.0911800000
-1.0000000000 0.0000000000 0.0000000000 319.9778300000
0.0000000000 0.0000000000 0.0000000000 1.0000000000

0.0000000000 0.0000000000 1.0000000000 331.0637100000
0.0000000000 1.0000000000 0.0000000000 10.1161800000
-1.0000000000 0.0000000000 0.0000000000 319.9778300000
0.0000000000 0.0000000000 0.0000000000 1.0000000000

0.0000000000 0.0000000000 1.0000000000 331.0637100000
0.0000000000 1.0000000000 0.0000000000 10.1411800000
-1.0000000000 0.0000000000 0.0000000000 319.9778300000
0.0000000000 0.0000000000 0.0000000000 1.0000000000

0.0000000000 0.0000000000 1.0000000000 331.0637100000
0.0000000000 1.0000000000 0.0000000000 10.1661800000
-1.0000000000 0.0000000000 0.0000000000 319.9778300000
0.0000000000 0.0000000000 0.0000000000 1.0000000000

0.0000000000 0.0000000000 1.0000000000 331.0637100000
0.0000000000 1.0000000000 0.0000000000 10.1911800000
-1.0000000000 0.0000000000 0.0000000000 319.9778300000
0.0000000000 0.0000000000 0.0000000000 1.0000000000

0.0000000000 0.0000000000 1.0000000000 331.0637100000
0.0000000000 1.0000000000 0.0000000000 10.2161800000
-1.0000000000 0.0000000000 0.0000000000 319.9778300000
0.0000000000 0.0000000000 0.0000000000 1.0000000000

0.0000000000 0.0000000000 1.0000000000 331.0637100000
0.0000000000 1.0000000000 0.0000000000 10.2411800000
-1.0000000000 0.0000000000 0.0000000000 319.9778300000
0.0000000000 0.0000000000 0.0000000000 1.0000000000

0.0000000000 0.0000000000 1.0000000000 331.0637100000
0.0000000000 1.0000000000 0.0000000000 10.2661800000
-1.0000000000 0.0000000000 0.0000000000 319.9778300000
0.0000000000 0.0000000000 0.0000000000 1.0000000000

0.0000000000 0.0000000000 1.0000000000 331.0637100000
0.0000000000 1.0000000000 0.0000000000 10.2911800000
-1.0000000000 0.0000000000 0.0000000000 319.9778300000
0.0000000000 0.0000000000 0.0000000000 1.0000000000

0.0000000000 0.0000000000 1.0000000000 331.0637100000
0.0000000000 1.0000000000 0.0000000000 10.3161800000
-1.0000000000 0.0000000000 0.0000000000 319.9778300000
0.0000000000 0.0000000000 0.0000000000 1.0000000000

0.0000000000 0.0000000000 1.0000000000 331.0637100000
0.0000000000 1.0000000000 0.0000000000 10.3411800000
-1.0000000000 0.0000000000 0.0000000000 319.9778300000
0.0000000000 0.0000000000 0.0000000000 1.0000000000

0.0000000000 0.0000000000 1.0000000000 331.0637100000
0.0000000000 1.0000000000 0.0000000000 10.3661800000
-1.0000000000 0.0000000000 0.0000000000 319.9778300000
0.0000000000 0.0000000000 0.0000000000 1.0000000000

0.0000000000 0.0000000000 1.0000000000 331.0637100000
0.0000000000 1.0000000000 0.0000000000 10.3911800000
-1.0000000000 0.0000000000 0.0000000000 319.9778300000
0.0000000000 0.0000000000 0.0000000000 1.0000000000

0.0000000000 0.0000000000 1.0000000000 331.0637100000
0.0000000000 1.0000000000 0.0000000000 10.4161800000
-1.0000000000 0.0000000000 0.0000000000 319.9778300000
0.0000000000 0.0000000000 0.0000000000 1.0000000000

0.0000000000 0.0000000000 1.0000000000 331.0637100000
0.0000000000 1.0000000000 0.0000000000 10.4411800000
-1.0000000000 0.0000000000 0.0000000000 319.9778300000
0.0000000000 0.0000000000 0.0000000000 1.0000000000

0.0000000000 0.0000000000 1.0000000000 331.0637100000
0.0000000000 1.0000000000 0.0000000000 10.4661800000
-1.0000000000 0.0000000000 0.0000000000 319.9778300000
0.0000000000 0.0000000000 0.0000000000 1.0000000000

0.0000000000 0.0000000000 1.0000000000 331.0637100000
0.0000000000 1.0000000000 0.0000000000 10.4911800000
-1.0000000000 0.0000000000 0.0000000000 319.9778300000
0.0000000000 0.0000000000 0.0000000000 1.0000000000

0.0000000000 0.0000000000 1.0000000000 331.0637100000
0.0000000000 1.0000000000 0.0000000000 10.5161800000
-1.0000000000 0.0000000000 0.0000000000 319.9778300000
0.0000000000 0.0000000000 0.0000000000 1.0000000000

0.0000000000 0.0000000000 1.0000000000 331.0637100000
0.0000000000 1.0000000000 0.0000000000 10.5411800000
-1.0000000000 0.0000000000 0.0000000000 319.9778300000
0.0000000000 0.0000000000 0.0000000000 1.0000000000

0.0000000000 0.0000000000 1.0000000000 331.0637100000
0.0000000000 1.0000000000 0.0000000000 10.5661800000
-1.0000000000 0.0000000000 0.0000000000 319.9778300000
0.0000000000 0.0000000000 0.0000000000 1.0000000000

0.0000000000 0.0000000000 1.0000000000 331.0637100000
0.0000000000 1.0000000000 0.0000000000 10.5911800000
-1.0000000000 0.0000000000 0.0000000000 319.9778300000
0.0000000000 0.0000000000 0.0000000000 1.0000000000

0.0000000000 0.0000000000 1.0000000000 331.0637100000
0.0000000000 1.0000000000 0.0000000000 10.6161800000
-1.0000000000 0.0000000000 0.0000000000 319.9778300000
0.0000000000 0.0000000000 0.0000000000 1.0000000000

0.0000000000 0.0000000000 1.0000000000 331.0637100000
0.0000000000 1.0000000000 0.0000000000 10.6411800000
-1.0000000000 0.0000000000 0.0000000000 319.9778300000
0.0000000000 0.0000000000 0.0000000000 1.0000000000

0.0000000000 0.0000000000 1.0000000000 331.0637100000
0.0000000000 1.0000000000 0.0000000000 10.6661800000
-1.0000000000 0.0000000000 0.0000000000 319.9778300000
0.0000000000 0.0000000000 0.0000000000 1.0000000000

0.0000000000 0.0000000000 1.0000000000 331.0637100000
0.0000000000 1.0000000000 0.0000000000 10.6911800000
-1.0000000000 0.0000000000 0.0000000000 319.9778300000
0.0000000000 0.0000000000 0.0000000000 1.0000000000

0.0000000000 0.0000000000 1.0000000000 331.0637100000
0.0000000000 1.0000000000 0.0000000000 10.7161800000
-1.0000000000 0.0000000000 0.0000000000 319.9778300000
0.0000000000 0.0000000000 0.0000000000 1.0000000000

0.0000000000 0.0000000000 1.0000000000 331.0637100000
0.0000000000 1.0000000000 0.0000000000 10.7411800000
-1.0000000000 0.0000000000 0.0000000000 319.9778300000
0.0000000000 0.0000000000 0.0000000000 1.0000000000

0.0000000000 0.0000000000 1.0000000000 331.0637100000
0.0000000000 1.0000000000 0.0000000000 10.7661800000
-1.0000000000 0.0000000000 0.0000000000 319.9778300000
0.0000000000 0.0000000000 0.0000000000 1.0000000000

0.0000000000 0.0000000000 1.0000000000 331.0637100000
0.0000000000 1.0000000000 0.0000000000 10.7911800000
-1.0000000000 0.0000000000 0.0000000000 319.9778300000
0.0000000000 0.0000000000 0.0000000000 1.0000000000

0.0000000000 0.0000000000 1.0000000000 331.0637100000
0.0000000000 1.0000000000 0.0000000000 10.8161800000
-1.0000000000 0.0000000000 0.0000000000 319.9778300000
0.0000000000 0.0000000000 0.0000000000 1.0000000000

0.0000000000 0.0000000000 1.0000000000 331.0637100000
0.0000000000 1.0000000000 0.0000000000 10.8411800000
-1.0000000000 0.0000000000 0.0000000000 319.9778300000
0.0000000000 0.0000000000 0.0000000000 1.0000000000

0.0000000000 0.0000000000 1.0000000000 331.0637100000
0.0000000000 1.0000000000 0.0000000000 10.8661800000
-1.0000000000 0.0000000000 0.0000000000 319.9778300000
0.0000000000 0.0000000000 0.0000000000 1.0000000000

0.0000000000 0.0000000000 1.0000000000 331.0637100000
0.0000000000 1.0000000000 0.0000000000 10.8911800000
-1.0000000000 0.0000000000 0.0000000000 319.9778300000
0.0000000000 0.0000000000 0.0000000000 1.0000000000

0.0000000000 0.0000000000 1.0000000000 331.0637100000
0.0000000000 1.0000000000 0.0000000000 10.9161800000
-1.0000000000 0.0000000000 0.0000000000 319.9778300000
0.0000000000 0.0000000000 0.0000000000 1.0000000000

0.0000000000 0.0000000000 1.0000000000 331.0637100000
0.0000000000 1.0000000000 0.0000000000 10.9411800000
-1.0000000000 0.0000000000 0.0000000000 319.9778300000
0.0000000000 0.0000000000 0.0000000000 1.0000000000

0.0000000000 0.0000000000 1.0000000000 331.0637100000
0.0000000000 1.0000000000 0.0000000000 10.9661800000
-1.0000000000 0.0000000000 0.0000000000 319.9778300000
0.0000000000 0.0000000000 0.0000000000 1.0000000000

0.0000000000 0.0000000000 1.0000000000 331.0637100000
0.0000000000 1.0000000000 0.0000000000 10.9911800000
-1.0000000000 0.0000000000 0.0000000000 319.9778300000
0.0000000000 0.0000000000 0.0000000000 1.0000000000

0.0000000000 0.0000000000 1.0000000000 331.0637100000
0.0000000000 1.0000000000 0.0000000000 11.0161800000
-1.0000000000 0.0000000000 0.0000000000 319.9778300000
0.0000000000 0.0000000000 0.0000000000 1.0000000000

0.0000000000 0.0000000000 1.0000000000 331.0637100000
0.0000000000 1.0000000000 0.0000000000 11.0411800000
-1.0000000000 0.0000000000 0.0000000000 319.9778300000
0.0000000000 0.0000000000 0.0000000000 1.0000000000

0.0000000000 0.0000000000 1.0000000000 331.0637100000
0.0000000000 1.0000000000 0.0000000000 11.0661800000
-1.0000000000 0.0000000000 0.0000000000 319.9778300000
0.0000000000 0.0000000000 0.0000000000 1.0000000000

0.0000000000 0.0000000000 1.0000000000 331.0637100000
0.0000000000 1.0000000000 0.0000000000 11.0911800000
-1.0000000000 0.0000000000 0.0000000000 319.9778300000
0.0000000000 0.0000000000 0.0000000000 1.0000000000

0.0000000000 0.0000000000 1.0000000000 331.0637100000
0.0000000000 1.0000000000 0.0000000000 11.1161800000
-1.0000000000 0.0000000000 0.0000000000 319.9778300000
0.0000000000 0.0000000000 0.0000000000 1.0000000000

0.0000000000 0.0000000000 1.0000000000 331.0637100000
0.0000000000 1.0000000000 0.0000000000 11.1411800000
-1.0000000000 0.0000000000 0.0000000000 319.9778300000
0.0000000000 0.0000000000 0.0000000000 1.0000000000

0.0000000000 0.0000000000 1.0000000000 331.0637100000
0.0000000000 1.0000000000 0.0000000000 11.1661800000
-1.0000000000 0.0000000000 0.0000000000 319.9778300000
0.0000000000 0.0000000000 0.0000000000 1.0000000000

0.0000000000 0.0000000000 1.0000000000 331.0637100000
0.0000000000 1.0000000000 0.0000000000 11.1911800000
-1.0000000000 0.0000000000 0.0000000000 319.9778300000
0.0000000000 0.0000000000 0.0000000000 1.0000000000

0.0000000000 0.0000000000 1.0000000000 331.0637100000
0.0000000000 1.0000000000 0.0000000000 11.2161800000
-1.0000000000 0.0000000000 0.0000000000 319.9778300000
0.0000000000 0.0000000000 0.0000000000 1.0000000000

0.0000000000 0.0000000000 1.0000000000 331.0637100000
0.0000000000 1.0000000000 0.0000000000 11.2411800000
-1.0000000000 0.0000000000 0.0000000000 319.9778300000
0.0000000000 0.0000000000 0.0000000000 1.0000000000

0.0000000000 0.0000000000 1.0000000000 331.0637100000
0.0000000000 1.0000000000 0.0000000000 11.2661800000
-1.0000000000 0.0000000000 0.0000000000 319.9778300000
0.0000000000 0.0000000000 0.0000000000 1.0000000000

0.0000000000 0.0000000000 1.0000000000 331.0637100000
0.0000000000 1.0000000000 0.0000000000 11.2911800000
-1.0000000000 0.0000000000 0.0000000000 319.9778300000
0.0000000000 0.0000000000 0.0000000000 1.0000000000

0.0000000000 0.0000000000 1.0000000000 331.0637100000
0.0000000000 1.0000000000 0.0000000000 11.3161800000
-1.0000000000 0.0000000000 0.0000000000 319.9778300000
0.0000000000 0.0000000000 0.0000000000 1.0000000000

0.0000000000 0.0000000000 1.0000000000 331.0637100000
0.0000000000 1.0000000000 0.0000000000 11.3411800000
-1.0000000000 0.0000000000 0.0000000000 319.9778300000
0.0000000000 0.0000000000 0.0000000000 1.0000000000

0.0000000000 0.0000000000 1.0000000000 331.0637100000
0.0000000000 1.0000000000 0.0000000000 11.3661800000
-1.0000000000 0.0000000000 0.0000000000 319.9778300000
0.0000000000 0.0000000000 0.0000000000 1.0000000000

0.0000000000 0.0000000000 1.0000000000 331.0637100000
0.0000000000 1.0000000000 0.0000000000 11.3911800000
-1.0000000000 0.0000000000 0.0000000000 319.9778300000
0.0000000000 0.0000000000 0.0000000000 1.0000000000

0.0000000000 0.0000000000 1.0000000000 331.0637100000
0.0000000000 1.0000000000 0.0000000000 11.4161800000
-1.0000000000 0.0000000000 0.0000000000 319.9778300000
0.0000000000 0.0000000000 0.0000000000 1.0000000000

0.0000000000 0.0000000000 1.0000000000 331.0637100000
0.0000000000 1.0000000000 0.0000000000 11.4411800000
-1.0000000000 0.0000000000 0.0000000000 319.9778300000
0.0000000000 0.0000000000 0.0000000000 1.0000000000

0.0000000000 0.0000000000 1.0000000000 331.0637100000
0.0000000000 1.0000000000 0.0000000000 11.4661800000
-1.0000000000 0.0000000000 0.0000000000 319.9778300000
0.0000000000 0.0000000000 0.0000000000 1.0000000000

0.0000000000 0.0000000000 1.0000000000 331.0637100000
0.0000000000 1.0000000000 0.0000000000 11.4911800000
-1.0000000000 0.0000000000 0.0000000000 319.9778300000
0.0000000000 0.0000000000 0.0000000000 1.0000000000

0.0000000000 0.0000000000 1.0000000000 331.0637100000
0.0000000000 1.0000000000 0.0000000000 11.5161800000
-1.0000000000 0.0000000000 0.0000000000 319.9778300000
0.0000000000 0.0000000000 0.0000000000 1.0000000000

0.0000000000 0.0000000000 1.0000000000 331.0637100000
0.0000000000 1.0000000000 0.0000000000 11.5411800000
-1.0000000000 0.0000000000 0.0000000000 319.9778300000
0.0000000000 0.0000000000 0.0000000000 1.0000000000

0.0000000000 0.0000000000 1.0000000000 331.0637100000
0.0000000000 1.0000000000 0.0000000000 11.5661800000
-1.0000000000 0.0000000000 0.0000000000 319.9778300000
0.0000000000 0.0000000000 0.0000000000 1.0000000000

0.0000000000 0.0000000000 1.0000000000 331.0637100000
0.0000000000 1.0000000000 0.0000000000 11.5911800000
-1.0000000000 0.0000000000 0.0000000000 319.9778300000
0.0000000000 0.0000000000 0.0000000000 1.0000000000

0.0000000000 0.0000000000 1.0000000000 331.0637100000
0.0000000000 1.0000000000 0.0000000000 11.6161800000
-1.0000000000 0.0000000000 0.0000000000 319.9778300000
0.0000000000 0.0000000000 0.0000000000 1.0000000000

0.0000000000 0.0000000000 1.0000000000 331.0637100000
0.0000000000 1.0000000000 0.0000000000 11.6411800000
-1.0000000000 0.0000000000 0.0000000000 319.9778300000
0.0000000000 0.0000000000 0.0000000000 1.0000000000

0.0000000000 0.0000000000 1.0000000000 331.0637100000
0.0000000000 1.0000000000 0.0000000000 11.6661800000
-1.0000000000 0.0000000000 0.0000000000 319.9778300000
0.0000000000 0.0000000000 0.0000000000 1.0000000000

0.0000000000 0.0000000000 1.0000000000 331.0637100000
0.0000000000 1.0000000000 0.0000000000 11.6911800000
-1.0000000000 0.0000000000 0.0000000000 319.9778300000
0.0000000000 0.0000000000 0.0000000000 1.0000000000

0.0000000000 0.0000000000 1.0000000000 331.0637100000
0.0000000000 1.0000000000 0.0000000000 11.7161800000
-1.0000000000 0.0000000000 0.0000000000 319.9778300000
0.0000000000 0.0000000000 0.0000000000 1.0000000000

0.0000000000 0.0000000000 1.0000000000 331.0637100000
0.0000000000 1.0000000000 0.0000000000 11.7411800000
-1.0000000000 0.0000000000 0.0000000000 319.9778300000
0.0000000000 0.0000000000 0.0000000000 1.0000000000

0.0000000000 0.0000000000 1.0000000000 331.0637100000
0.0000000000 1.0000000000 0.0000000000 11.7661800000
-1.0000000000 0.0000000000 0.0000000000 319.9778300000
0.0000000000 0.0000000000 0.0000000000 1.0000000000

0.0000000000 0.0000000000 1.0000000000 331.0637100000
0.0000000000 1.0000000000 0.0000000000 11.7911800000
-1.0000000000 0.0000000000 0.0000000000 319.9778300000
0.0000000000 0.0000000000 0.0000000000 1.0000000000

0.0000000000 0.0000000000 1.0000000000 331.0637100000
0.0000000000 1.0000000000 0.0000000000 11.8161800000
-1.0000000000 0.0000000000 0.0000000000 319.9778300000
0.0000000000 0.0000000000 0.0000000000 1.0000000000

0.0000000000 0.0000000000 1.0000000000 331.0637100000
0.0000000000 1.0000000000 0.0000000000 11.8411800000
-1.0000000000 0.0000000000 0.0000000000 319.9778300000
0.0000000000 0.0000000000 0.0000000000 1.0000000000

0.0000000000 0.0000000000 1.0000000000 331.0637100000
0.0000000000 1.0000000000 0.0000000000 11.8661800000
-1.0000000000 0.0000000000 0.0000000000 319.9778300000
0.0000000000 0.0000000000 0.0000000000 1.0000000000

0.0000000000 0.0000000000 1.0000000000 331.0637100000
0.0000000000 1.0000000000 0.0000000000 11.8911800000
-1.0000000000 0.0000000000 0.0000000000 319.9778300000
0.0000000000 0.0000000000 0.0000000000 1.0000000000

0.0000000000 0.0000000000 1.0000000000 331.0637100000
0.0000000000 1.0000000000 0.0000000000 11.9161800000
-1.0000000000 0.0000000000 0.0000000000 319.9778300000
0.0000000000 0.0000000000 0.0000000000 1.0000000000

0.0000000000 0.0000000000 1.0000000000 331.0637100000
0.0000000000 1.0000000000 0.0000000000 11.9411800000
-1.0000000000 0.0000000000 0.0000000000 319.9778300000
0.0000000000 0.0000000000 0.0000000000 1.0000000000

0.0000000000 0.0000000000 1.0000000000 331.0637100000
0.0000000000 1.0000000000 0.0000000000 11.9661800000
-1.0000000000 0.0000000000 0.0000000000 319.9778300000
0.0000000000 0.0000000000 0.0000000000 1.0000000000

0.0000000000 0.0000000000 1.0000000000 331.0637100000
0.0000000000 1.0000000000 0.0000000000 11.9911800000
-1.0000000000 0.0000000000 0.0000000000 319.9778300000
0.0000000000 0.0000000000 0.0000000000 1.0000000000

0.0000000000 0.0000000000 1.0000000000 331.0637100000
0.0000000000 1.0000000000 0.0000000000 12.0161800000
-1.0000000000 0.0000000000 0.0000000000 319.9778300000
0.0000000000 0.0000000000 0.0000000000 1.0000000000

0.0000000000 0.0000000000 1.0000000000 331.0637100000
0.0000000000 1.0000000000 0.0000000000 12.0411800000
-1.0000000000 0.0000000000 0.0000000000 319.9778300000
0.0000000000 0.0000000000 0.0000000000 1.0000000000

0.0000000000 0.0000000000 1.0000000000 331.0637100000
0.0000000000 1.0000000000 0.0000000000 12.0661800000
-1.0000000000 0.0000000000 0.0000000000 319.9778300000
0.0000000000 0.0000000000 0.0000000000 1.0000000000

0.0000000000 0.0000000000 1.0000000000 331.0637100000
0.0000000000 1.0000000000 0.0000000000 12.0911800000
-1.0000000000 0.0000000000 0.0000000000 319.9778300000
0.0000000000 0.0000000000 0.0000000000 1.0000000000

0.0000000000 0.0000000000 1.0000000000 331.0637100000
0.0000000000 1.0000000000 0.0000000000 12.1161800000
-1.0000000000 0.0000000000 0.0000000000 319.9778300000
0.0000000000 0.0000000000 0.0000000000 1.0000000000

0.0000000000 0.0000000000 1.0000000000 331.0637100000
0.0000000000 1.0000000000 0.0000000000 12.1411800000
-1.0000000000 0.0000000000 0.0000000000 319.9778300000
0.0000000000 0.0000000000 0.0000000000 1.0000000000

0.0000000000 0.0000000000 1.0000000000 331.0637100000
0.0000000000 1.0000000000 0.0000000000 12.1661800000
-1.0000000000 0.0000000000 0.0000000000 319.9778300000
0.0000000000 0.0000000000 0.0000000000 1.0000000000

0.0000000000 0.0000000000 1.0000000000 331.0637100000
0.0000000000 1.0000000000 0.0000000000 12.1911800000
-1.0000000000 0.0000000000 0.0000000000 319.9778300000
0.0000000000 0.0000000000 0.0000000000 1.0000000000

0.0000000000 0.0000000000 1.0000000000 331.0637100000
0.0000000000 1.0000000000 0.0000000000 12.2161800000
-1.0000000000 0.0000000000 0.0000000000 319.9778300000
0.0000000000 0.0000000000 0.0000000000 1.0000000000

0.0000000000 0.0000000000 1.0000000000 331.0637100000
0.0000000000 1.0000000000 0.0000000000 12.2411800000
-1.0000000000 0.0000000000 0.0000000000 319.9778300000
0.0000000000 0.0000000000 0.0000000000 1.0000000000

0.0000000000 0.0000000000 1.0000000000 331.0637100000
0.0000000000 1.0000000000 0.0000000000 12.2661800000
-1.0000000000 0.0000000000 0.0000000000 319.9778300000
0.0000000000 0.0000000000 0.0000000000 1.0000000000

0.0000000000 0.0000000000 1.0000000000 331.0637100000
0.0000000000 1.0000000000 0.0000000000 12.2911800000
-1.0000000000 0.0000000000 0.0000000000 319.9778300000
0.0000000000 0.0000000000 0.0000000000 1.0000000000

0.0000000000 0.0000000000 1.0000000000 331.0637100000
0.0000000000 1.0000000000 0.0000000000 12.3161800000
-1.0000000000 0.0000000000 0.0000000000 319.9778300000
0.0000000000 0.0000000000 0.0000000000 1.0000000000

0.0000000000 0.0000000000 1.0000000000 331.0637100000
0.0000000000 1.0000000000 0.0000000000 12.3411800000
-1.0000000000 0.0000000000 0.0000000000 319.9778300000
0.0000000000 0.0000000000 0.0000000000 1.0000000000

0.0000000000 0.0000000000 1.0000000000 331.0637100000
0.0000000000 1.0000000000 0.0000000000 12.3661800000
-1.0000000000 0.0000000000 0.0000000000 319.9778300000
0.0000000000 0.0000000000 0.0000000000 1.0000000000

0.0000000000 0.0000000000 1.0000000000 331.0637100000
0.0000000000 1.0000000000 0.0000000000 12.3911800000
-1.0000000000 0.0000000000 0.0000000000 319.9778300000
0.0000000000 0.0000000000 0.0000000000 1.0000000000

0.0000000000 0.0000000000 1.0000000000 331.0637100000
0.0000000000 1.0000000000 0.0000000000 12.4161800000
-1.0000000000 0.0000000000 0.0000000000 319.9778300000
0.0000000000 0.0000000000 0.0000000000 1.0000000000

0.0000000000 0.0000000000 1.0000000000 331.0637100000
0.0000000000 1.0000000000 0.0000000000 12.4411800000
-1.0000000000 0.0000000000 0.0000000000 319.9778300000
0.0000000000 0.0000000000 0.0000000000 1.0000000000

0.0000000000 0.0000000000 1.0000000000 331.0637100000
0.0000000000 1.0000000000 0.0000000000 12.4661800000
-1.0000000000 0.0000000000 0.0000000000 319.9778300000
0.0000000000 0.0000000000 0.0000000000 1.0000000000

0.0000000000 0.0000000000 1.0000000000 331.0637100000
0.0000000000 1.0000000000 0.0000000000 12.4911800000
-1.0000000000 0.0000000000 0.0000000000 319.9778300000
0.0000000000 0.0000000000 0.0000000000 1.0000000000

0.0000000000 0.0000000000 1.0000000000 331.0637100000
0.0000000000 1.0000000000 0.0000000000 12.5161800000
-1.0000000000 0.0000000000 0.0000000000 319.9778300000
0.0000000000 0.0000000000 0.0000000000 1.0000000000

0.0000000000 0.0000000000 1.0000000000 331.0637100000
0.0000000000 1.0000000000 0.0000000000 12.5411800000
-1.0000000000 0.0000000000 0.0000000000 319.9778300000
0.0000000000 0.0000000000 0.0000000000 1.0000000000

0.0000000000 0.0000000000 1.0000000000 331.0637100000
0.0000000000 1.0000000000 0.0000000000 12.5661800000
-1.0000000000 0.0000000000 0.0000000000 319.9778300000
0.0000000000 0.0000000000 0.0000000000 1.0000000000

0.0000000000 0.0000000000 1.0000000000 331.0637100000
0.0000000000 1.0000000000 0.0000000000 12.5911800000
-1.0000000000 0.0000000000 0.0000000000 319.9778300000
0.0000000000 0.0000000000 0.0000000000 1.0000000000

0.0000000000 0.0000000000 1.0000000000 331.0637100000
0.0000000000 1.0000000000 0.0000000000 12.6161800000
-1.0000000000 0.0000000000 0.0000000000 319.9778300000
0.0000000000 0.0000000000 0.0000000000 1.0000000000

0.0000000000 0.0000000000 1.0000000000 331.0637100000
0.0000000000 1.0000000000 0.0000000000 12.6411800000
-1.0000000000 0.0000000000 0.0000000000 319.9778300000
0.0000000000 0.0000000000 0.0000000000 1.0000000000

0.0000000000 0.0000000000 1.0000000000 331.0637100000
0.0000000000 1.0000000000 0.0000000000 12.6661800000
-1.0000000000 0.0000000000 0.0000000000 319.9778300000
0.0000000000 0.0000000000 0.0000000000 1.0000000000

0.0000000000 0.0000000000 1.0000000000 331.0637100000
0.0000000000 1.0000000000 0.0000000000 12.6911800000
-1.0000000000 0.0000000000 0.0000000000 319.9778300000
0.0000000000 0.0000000000 0.0000000000 1.0000000000

0.0000000000 0.0000000000 1.0000000000 331.0637100000
0.0000000000 1.0000000000 0.0000000000 12.7161800000
-1.0000000000 0.0000000000 0.0000000000 319.9778300000
0.0000000000 0.0000000000 0.0000000000 1.0000000000

0.0000000000 0.0000000000 1.0000000000 331.0637100000
0.0000000000 1.0000000000 0.0000000000 12.7411800000
-1.0000000000 0.0000000000 0.0000000000 319.9778300000
0.0000000000 0.0000000000 0.0000000000 1.0000000000

0.0000000000 0.0000000000 1.0000000000 331.0637100000
0.0000000000 1.0000000000 0.0000000000 12.7661800000
-1.0000000000 0.0000000000 0.0000000000 319.9778300000
0.0000000000 0.0000000000 0.0000000000 1.0000000000

0.0000000000 0.0000000000 1.0000000000 331.0637100000
0.0000000000 1.0000000000 0.0000000000 12.7911800000
-1.0000000000 0.0000000000 0.0000000000 319.9778300000
0.0000000000 0.0000000000 0.0000000000 1.0000000000

0.0000000000 0.0000000000 1.0000000000 331.0637100000
0.0000000000 1.0000000000 0.0000000000 12.8161800000
-1.0000000000 0.0000000000 0.0000000000 319.9778300000
0.0000000000 0.0000000000 0.0000000000 1.0000000000

0.0000000000 0.0000000000 1.0000000000 331.0637100000
0.0000000000 1.0000000000 0.0000000000 12.8411800000
-1.0000000000 0.0000000000 0.0000000000 319.9778300000
0.0000000000 0.0000000000 0.0000000000 1.0000000000

0.0000000000 0.0000000000 1.0000000000 331.0637100000
0.0000000000 1.0000000000 0.0000000000 12.8661800000
-1.0000000000 0.0000000000 0.0000000000 319.9778300000
0.0000000000 0.0000000000 0.0000000000 1.0000000000

0.0000000000 0.0000000000 1.0000000000 331.0637100000
0.0000000000 1.0000000000 0.0000000000 12.8911800000
-1.0000000000 0.0000000000 0.0000000000 319.9778300000
0.0000000000 0.0000000000 0.0000000000 1.0000000000

0.0000000000 0.0000000000 1.0000000000 331.0637100000
0.0000000000 1.0000000000 0.0000000000 12.9161800000
-1.0000000000 0.0000000000 0.0000000000 319.9778300000
0.0000000000 0.0000000000 0.0000000000 1.0000000000

0.0000000000 0.0000000000 1.0000000000 331.0637100000
0.0000000000 1.0000000000 0.0000000000 12.9411800000
-1.0000000000 0.0000000000 0.0000000000 319.9778300000
0.0000000000 0.0000000000 0.0000000000 1.0000000000

0.0000000000 0.0000000000 1.0000000000 331.0637100000
0.0000000000 1.0000000000 0.0000000000 12.9661800000
-1.0000000000 0.0000000000 0.0000000000 319.9778300000
0.0000000000 0.0000000000 0.0000000000 1.0000000000

0.0000000000 0.0000000000 1.0000000000 331.0637100000
0.0000000000 1.0000000000 0.0000000000 12.9911800000
-1.0000000000 0.0000000000 0.0000000000 319.9778300000
0.0000000000 0.0000000000 0.0000000000 1.0000000000

0.0000000000 0.0000000000 1.0000000000 331.0637100000
0.0000000000 1.0000000000 0.0000000000 13.0161800000
-1.0000000000 0.0000000000 0.0000000000 319.9778300000
0.0000000000 0.0000000000 0.0000000000 1.0000000000

0.0000000000 0.0000000000 1.0000000000 331.0637100000
0.0000000000 1.0000000000 0.0000000000 13.0411800000
-1.0000000000 0.0000000000 0.0000000000 319.9778300000
0.0000000000 0.0000000000 0.0000000000 1.0000000000

0.0000000000 0.0000000000 1.0000000000 331.0637100000
0.0000000000 1.0000000000 0.0000000000 13.0661800000
-1.0000000000 0.0000000000 0.0000000000 319.9778300000
0.0000000000 0.0000000000 0.0000000000 1.0000000000

0.0000000000 0.0000000000 1.0000000000 331.0637100000
0.0000000000 1.0000000000 0.0000000000 13.0911800000
-1.0000000000 0.0000000000 0.0000000000 319.9778300000
0.0000000000 0.0000000000 0.0000000000 1.0000000000

0.0000000000 0.0000000000 1.0000000000 331.0637100000
0.0000000000 1.0000000000 0.0000000000 13.1161800000
-1.0000000000 0.0000000000 0.0000000000 319.9778300000
0.0000000000 0.0000000000 0.0000000000 1.0000000000

0.0000000000 0.0000000000 1.0000000000 331.0637100000
0.0000000000 1.0000000000 0.0000000000 13.1411800000
-1.0000000000 0.0000000000 0.0000000000 319.9778300000
0.0000000000 0.0000000000 0.0000000000 1.0000000000

0.0000000000 0.0000000000 1.0000000000 331.0637100000
0.0000000000 1.0000000000 0.0000000000 13.1661800000
-1.0000000000 0.0000000000 0.0000000000 319.9778300000
0.0000000000 0.0000000000 0.0000000000 1.0000000000

0.0000000000 0.0000000000 1.0000000000 331.0637100000
0.0000000000 1.0000000000 0.0000000000 13.1911800000
-1.0000000000 0.0000000000 0.0000000000 319.9778300000
0.0000000000 0.0000000000 0.0000000000 1.0000000000

0.0000000000 0.0000000000 1.0000000000 331.0637100000
0.0000000000 1.0000000000 0.0000000000 13.2161800000
-1.0000000000 0.0000000000 0.0000000000 319.9778300000
0.0000000000 0.0000000000 0.0000000000 1.0000000000

0.0000000000 0.0000000000 1.0000000000 331.0637100000
0.0000000000 1.0000000000 0.0000000000 13.2411800000
-1.0000000000 0.0000000000 0.0000000000 319.9778300000
0.0000000000 0.0000000000 0.0000000000 1.0000000000

0.0000000000 0.0000000000 1.0000000000 331.0637100000
0.0000000000 1.0000000000 0.0000000000 13.2661800000
-1.0000000000 0.0000000000 0.0000000000 319.9778300000
0.0000000000 0.0000000000 0.0000000000 1.0000000000

0.0000000000 0.0000000000 1.0000000000 331.0637100000
0.0000000000 1.0000000000 0.0000000000 13.2911800000
-1.0000000000 0.0000000000 0.0000000000 319.9778300000
0.0000000000 0.0000000000 0.0000000000 1.0000000000

0.0000000000 0.0000000000 1.0000000000 331.0637100000
0.0000000000 1.0000000000 0.0000000000 13.3161800000
-1.0000000000 0.0000000000 0.0000000000 319.9778300000
0.0000000000 0.0000000000 0.0000000000 1.0000000000

0.0000000000 0.0000000000 1.0000000000 331.0637100000
0.0000000000 1.0000000000 0.0000000000 13.3411800000
-1.0000000000 0.0000000000 0.0000000000 319.9778300000
0.0000000000 0.0000000000 0.0000000000 1.0000000000

0.0000000000 0.0000000000 1.0000000000 331.0637100000
0.0000000000 1.0000000000 0.0000000000 13.3661800000
-1.0000000000 0.0000000000 0.0000000000 319.9778300000
0.0000000000 0.0000000000 0.0000000000 1.0000000000

0.0000000000 0.0000000000 1.0000000000 331.0637100000
0.0000000000 1.0000000000 0.0000000000 13.3911800000
-1.0000000000 0.0000000000 0.0000000000 319.9778300000
0.0000000000 0.0000000000 0.0000000000 1.0000000000

0.0000000000 0.0000000000 1.0000000000 331.0637100000
0.0000000000 1.0000000000 0.0000000000 13.4161800000
-1.0000000000 0.0000000000 0.0000000000 319.9778300000
0.0000000000 0.0000000000 0.0000000000 1.0000000000

0.0000000000 0.0000000000 1.0000000000 331.0637100000
0.0000000000 1.0000000000 0.0000000000 13.4411800000
-1.0000000000 0.0000000000 0.0000000000 319.9778300000
0.0000000000 0.0000000000 0.0000000000 1.0000000000

0.0000000000 0.0000000000 1.0000000000 331.0637100000
0.0000000000 1.0000000000 0.0000000000 13.4661800000
-1.0000000000 0.0000000000 0.0000000000 319.9778300000
0.0000000000 0.0000000000 0.0000000000 1.0000000000

0.0000000000 0.0000000000 1.0000000000 331.0637100000
0.0000000000 1.0000000000 0.0000000000 13.4911800000
-1.0000000000 0.0000000000 0.0000000000 319.9778300000
0.0000000000 0.0000000000 0.0000000000 1.0000000000

0.0000000000 0.0000000000 1.0000000000 331.0637100000
0.0000000000 1.0000000000 0.0000000000 13.5161800000
-1.0000000000 0.0000000000 0.0000000000 319.9778300000
0.0000000000 0.0000000000 0.0000000000 1.0000000000

0.0000000000 0.0000000000 1.0000000000 331.0637100000
0.0000000000 1.0000000000 0.0000000000 13.5411800000
-1.0000000000 0.0000000000 0.0000000000 319.9778300000
0.0000000000 0.0000000000 0.0000000000 1.0000000000

0.0000000000 0.0000000000 1.0000000000 331.0637100000
0.0000000000 1.0000000000 0.0000000000 13.5661800000
-1.0000000000 0.0000000000 0.0000000000 319.9778300000
0.0000000000 0.0000000000 0.0000000000 1.0000000000

0.0000000000 0.0000000000 1.0000000000 331.0637100000
0.0000000000 1.0000000000 0.0000000000 13.5911800000
-1.0000000000 0.0000000000 0.0000000000 319.9778300000
0.0000000000 0.0000000000 0.0000000000 1.0000000000

0.0000000000 0.0000000000 1.0000000000 331.0637100000
0.0000000000 1.0000000000 0.0000000000 13.6161800000
-1.0000000000 0.0000000000 0.0000000000 319.9778300000
0.0000000000 0.0000000000 0.0000000000 1.0000000000

0.0000000000 0.0000000000 1.0000000000 331.0637100000
0.0000000000 1.0000000000 0.0000000000 13.6411800000
-1.0000000000 0.0000000000 0.0000000000 319.9778300000
0.0000000000 0.0000000000 0.0000000000 1.0000000000

0.0000000000 0.0000000000 1.0000000000 331.0637100000
0.0000000000 1.0000000000 0.0000000000 13.6661800000
-1.0000000000 0.0000000000 0.0000000000 319.9778300000
0.0000000000 0.0000000000 0.0000000000 1.0000000000

0.0000000000 0.0000000000 1.0000000000 331.0637100000
0.0000000000 1.0000000000 0.0000000000 13.6911800000
-1.0000000000 0.0000000000 0.0000000000 319.9778300000
0.0000000000 0.0000000000 0.0000000000 1.0000000000

0.0000000000 0.0000000000 1.0000000000 331.0637100000
0.0000000000 1.0000000000 0.0000000000 13.7161800000
-1.0000000000 0.0000000000 0.0000000000 319.9778300000
0.0000000000 0.0000000000 0.0000000000 1.0000000000

0.0000000000 0.0000000000 1.0000000000 331.0637100000
0.0000000000 1.0000000000 0.0000000000 13.7411800000
-1.0000000000 0.0000000000 0.0000000000 319.9778300000
0.0000000000 0.0000000000 0.0000000000 1.0000000000

0.0000000000 0.0000000000 1.0000000000 331.0637100000
0.0000000000 1.0000000000 0.0000000000 13.7661800000
-1.0000000000 0.0000000000 0.0000000000 319.9778300000
0.0000000000 0.0000000000 0.0000000000 1.0000000000

0.0000000000 0.0000000000 1.0000000000 331.0637100000
0.0000000000 1.0000000000 0.0000000000 13.7911800000
-1.0000000000 0.0000000000 0.0000000000 319.9778300000
0.0000000000 0.0000000000 0.0000000000 1.0000000000

0.0000000000 0.0000000000 1.0000000000 331.0637100000
0.0000000000 1.0000000000 0.0000000000 13.8161800000
-1.0000000000 0.0000000000 0.0000000000 319.9778300000
0.0000000000 0.0000000000 0.0000000000 1.0000000000

0.0000000000 0.0000000000 1.0000000000 331.0637100000
0.0000000000 1.0000000000 0.0000000000 13.8411800000
-1.0000000000 0.0000000000 0.0000000000 319.9778300000
0.0000000000 0.0000000000 0.0000000000 1.0000000000

0.0000000000 0.0000000000 1.0000000000 331.0637100000
0.0000000000 1.0000000000 0.0000000000 13.8661800000
-1.0000000000 0.0000000000 0.0000000000 319.9778300000
0.0000000000 0.0000000000 0.0000000000 1.0000000000

0.0000000000 0.0000000000 1.0000000000 331.0637100000
0.0000000000 1.0000000000 0.0000000000 13.8911800000
-1.0000000000 0.0000000000 0.0000000000 319.9778300000
0.0000000000 0.0000000000 0.0000000000 1.0000000000

0.0000000000 0.0000000000 1.0000000000 331.0637100000
0.0000000000 1.0000000000 0.0000000000 13.9161800000
-1.0000000000 0.0000000000 0.0000000000 319.9778300000
0.0000000000 0.0000000000 0.0000000000 1.0000000000

0.0000000000 0.0000000000 1.0000000000 331.0637100000
0.0000000000 1.0000000000 0.0000000000 13.9411800000
-1.0000000000 0.0000000000 0.0000000000 319.9778300000
0.0000000000 0.0000000000 0.0000000000 1.0000000000

0.0000000000 0.0000000000 1.0000000000 331.0637100000
0.0000000000 1.0000000000 0.0000000000 13.9661800000
-1.0000000000 0.0000000000 0.0000000000 319.9778300000
0.0000000000 0.0000000000 0.0000000000 1.0000000000

0.0000000000 0.0000000000 1.0000000000 331.0637100000
0.0000000000 1.0000000000 0.0000000000 13.9911800000
-1.0000000000 0.0000000000 0.0000000000 319.9778300000
0.0000000000 0.0000000000 0.0000000000 1.0000000000

0.0000000000 0.0000000000 1.0000000000 331.0637100000
0.0000000000 1.0000000000 0.0000000000 14.0161800000
-1.0000000000 0.0000000000 0.0000000000 319.9778300000
0.0000000000 0.0000000000 0.0000000000 1.0000000000

0.0000000000 0.0000000000 1.0000000000 331.0637100000
0.0000000000 1.0000000000 0.0000000000 14.0411800000
-1.0000000000 0.0000000000 0.0000000000 319.9778300000
0.0000000000 0.0000000000 0.0000000000 1.0000000000

0.0000000000 0.0000000000 1.0000000000 331.0637100000
0.0000000000 1.0000000000 0.0000000000 14.0661800000
-1.0000000000 0.0000000000 0.0000000000 319.9778300000
0.0000000000 0.0000000000 0.0000000000 1.0000000000

0.0000000000 0.0000000000 1.0000000000 331.0637100000
0.0000000000 1.0000000000 0.0000000000 14.0911800000
-1.0000000000 0.0000000000 0.0000000000 319.9778300000
0.0000000000 0.0000000000 0.0000000000 1.0000000000

0.0000000000 0.0000000000 1.0000000000 331.0637100000
0.0000000000 1.0000000000 0.0000000000 14.1161800000
-1.0000000000 0.0000000000 0.0000000000 319.9778300000
0.0000000000 0.0000000000 0.0000000000 1.0000000000

0.0000000000 0.0000000000 1.0000000000 331.0637100000
0.0000000000 1.0000000000 0.0000000000 14.1411800000
-1.0000000000 0.0000000000 0.0000000000 319.9778300000
0.0000000000 0.0000000000 0.0000000000 1.0000000000

0.0000000000 0.0000000000 1.0000000000 331.0637100000
0.0000000000 1.0000000000 0.0000000000 14.1661800000
-1.0000000000 0.0000000000 0.0000000000 319.9778300000
0.0000000000 0.0000000000 0.0000000000 1.0000000000

0.0000000000 0.0000000000 1.0000000000 331.0637100000
0.0000000000 1.0000000000 0.0000000000 14.1911800000
-1.0000000000 0.0000000000 0.0000000000 319.9778300000
0.0000000000 0.0000000000 0.0000000000 1.0000000000

0.0000000000 0.0000000000 1.0000000000 331.0637100000
0.0000000000 1.0000000000 0.0000000000 14.2161800000
-1.0000000000 0.0000000000 0.0000000000 319.9778300000
0.0000000000 0.0000000000 0.0000000000 1.0000000000

0.0000000000 0.0000000000 1.0000000000 331.0637100000
0.0000000000 1.0000000000 0.0000000000 14.2411800000
-1.0000000000 0.0000000000 0.0000000000 319.9778300000
0.0000000000 0.0000000000 0.0000000000 1.0000000000

0.0000000000 0.0000000000 1.0000000000 331.0637100000
0.0000000000 1.0000000000 0.0000000000 14.2661800000
-1.0000000000 0.0000000000 0.0000000000 319.9778300000
0.0000000000 0.0000000000 0.0000000000 1.0000000000

0.0000000000 0.0000000000 1.0000000000 331.0637100000
0.0000000000 1.0000000000 0.0000000000 14.2911800000
-1.0000000000 0.0000000000 0.0000000000 319.9778300000
0.0000000000 0.0000000000 0.0000000000 1.0000000000

0.0000000000 0.0000000000 1.0000000000 331.0637100000
0.0000000000 1.0000000000 0.0000000000 14.3161800000
-1.0000000000 0.0000000000 0.0000000000 319.9778300000
0.0000000000 0.0000000000 0.0000000000 1.0000000000

0.0000000000 0.0000000000 1.0000000000 331.0637100000
0.0000000000 1.0000000000 0.0000000000 14.3411800000
-1.0000000000 0.0000000000 0.0000000000 319.9778300000
0.0000000000 0.0000000000 0.0000000000 1.0000000000

0.0000000000 0.0000000000 1.0000000000 331.0637100000
0.0000000000 1.0000000000 0.0000000000 14.3661800000
-1.0000000000 0.0000000000 0.0000000000 319.9778300000
0.0000000000 0.0000000000 0.0000000000 1.0000000000

0.0000000000 0.0000000000 1.0000000000 331.0637100000
0.0000000000 1.0000000000 0.0000000000 14.3911800000
-1.0000000000 0.0000000000 0.0000000000 319.9778300000
0.0000000000 0.0000000000 0.0000000000 1.0000000000

0.0000000000 0.0000000000 1.0000000000 331.0637100000
0.0000000000 1.0000000000 0.0000000000 14.4161800000
-1.0000000000 0.0000000000 0.0000000000 319.9778300000
0.0000000000 0.0000000000 0.0000000000 1.0000000000

0.0000000000 0.0000000000 1.0000000000 331.0637100000
0.0000000000 1.0000000000 0.0000000000 14.4411800000
-1.0000000000 0.0000000000 0.0000000000 319.9778300000
0.0000000000 0.0000000000 0.0000000000 1.0000000000

0.0000000000 0.0000000000 1.0000000000 331.0637100000
0.0000000000 1.0000000000 0.0000000000 14.4661800000
-1.0000000000 0.0000000000 0.0000000000 319.9778300000
0.0000000000 0.0000000000 0.0000000000 1.0000000000

0.0000000000 0.0000000000 1.0000000000 331.0637100000
0.0000000000 1.0000000000 0.0000000000 14.4911800000
-1.0000000000 0.0000000000 0.0000000000 319.9778300000
0.0000000000 0.0000000000 0.0000000000 1.0000000000

0.0000000000 0.0000000000 1.0000000000 331.0637100000
0.0000000000 1.0000000000 0.0000000000 14.5161800000
-1.0000000000 0.0000000000 0.0000000000 319.9778300000
0.0000000000 0.0000000000 0.0000000000 1.0000000000

0.0000000000 0.0000000000 1.0000000000 331.0637100000
0.0000000000 1.0000000000 0.0000000000 14.5411800000
-1.0000000000 0.0000000000 0.0000000000 319.9778300000
0.0000000000 0.0000000000 0.0000000000 1.0000000000

0.0000000000 0.0000000000 1.0000000000 331.0637100000
0.0000000000 1.0000000000 0.0000000000 14.5661800000
-1.0000000000 0.0000000000 0.0000000000 319.9778300000
0.0000000000 0.0000000000 0.0000000000 1.0000000000

0.0000000000 0.0000000000 1.0000000000 331.0637100000
0.0000000000 1.0000000000 0.0000000000 14.5911800000
-1.0000000000 0.0000000000 0.0000000000 319.9778300000
0.0000000000 0.0000000000 0.0000000000 1.0000000000

0.0000000000 0.0000000000 1.0000000000 331.0637100000
0.0000000000 1.0000000000 0.0000000000 14.6161800000
-1.0000000000 0.0000000000 0.0000000000 319.9778300000
0.0000000000 0.0000000000 0.0000000000 1.0000000000

0.0000000000 0.0000000000 1.0000000000 331.0637100000
0.0000000000 1.0000000000 0.0000000000 14.6411800000
-1.0000000000 0.0000000000 0.0000000000 319.9778300000
0.0000000000 0.0000000000 0.0000000000 1.0000000000

0.0000000000 0.0000000000 1.0000000000 331.0637100000
0.0000000000 1.0000000000 0.0000000000 14.6661800000
-1.0000000000 0.0000000000 0.0000000000 319.9778300000
0.0000000000 0.0000000000 0.0000000000 1.0000000000

0.0000000000 0.0000000000 1.0000000000 331.0637100000
0.0000000000 1.0000000000 0.0000000000 14.6911800000
-1.0000000000 0.0000000000 0.0000000000 319.9778300000
0.0000000000 0.0000000000 0.0000000000 1.0000000000

0.0000000000 0.0000000000 1.0000000000 331.0637100000
0.0000000000 1.0000000000 0.0000000000 14.7161800000
-1.0000000000 0.0000000000 0.0000000000 319.9778300000
0.0000000000 0.0000000000 0.0000000000 1.0000000000

0.0000000000 0.0000000000 1.0000000000 331.0637100000
0.0000000000 1.0000000000 0.0000000000 14.7411800000
-1.0000000000 0.0000000000 0.0000000000 319.9778300000
0.0000000000 0.0000000000 0.0000000000 1.0000000000

0.0000000000 0.0000000000 1.0000000000 331.0637100000
0.0000000000 1.0000000000 0.0000000000 14.7661800000
-1.0000000000 0.0000000000 0.0000000000 319.9778300000
0.0000000000 0.0000000000 0.0000000000 1.0000000000

0.0000000000 0.0000000000 1.0000000000 331.0637100000
0.0000000000 1.0000000000 0.0000000000 14.7911800000
-1.0000000000 0.0000000000 0.0000000000 319.9778300000
0.0000000000 0.0000000000 0.0000000000 1.0000000000

0.0000000000 0.0000000000 1.0000000000 331.0637100000
0.0000000000 1.0000000000 0.0000000000 14.8161800000
-1.0000000000 0.0000000000 0.0000000000 319.9778300000
0.0000000000 0.0000000000 0.0000000000 1.0000000000

0.0000000000 0.0000000000 1.0000000000 331.0637100000
0.0000000000 1.0000000000 0.0000000000 14.8411800000
-1.0000000000 0.0000000000 0.0000000000 319.9778300000
0.0000000000 0.0000000000 0.0000000000 1.0000000000

0.0000000000 0.0000000000 1.0000000000 331.0637100000
0.0000000000 1.0000000000 0.0000000000 14.8661800000
-1.0000000000 0.0000000000 0.0000000000 319.9778300000
0.0000000000 0.0000000000 0.0000000000 1.0000000000

0.0000000000 0.0000000000 1.0000000000 331.0637100000
0.0000000000 1.0000000000 0.0000000000 14.8911800000
-1.0000000000 0.0000000000 0.0000000000 319.9778300000
0.0000000000 0.0000000000 0.0000000000 1.0000000000

0.0000000000 0.0000000000 1.0000000000 331.0637100000
0.0000000000 1.0000000000 0.0000000000 14.9161800000
-1.0000000000 0.0000000000 0.0000000000 319.9778300000
0.0000000000 0.0000000000 0.0000000000 1.0000000000

0.0000000000 0.0000000000 1.0000000000 331.0637100000
0.0000000000 1.0000000000 0.0000000000 14.9411800000
-1.0000000000 0.0000000000 0.0000000000 319.9778300000
0.0000000000 0.0000000000 0.0000000000 1.0000000000

0.0000000000 0.0000000000 1.0000000000 331.0637100000
0.0000000000 1.0000000000 0.0000000000 14.9661800000
-1.0000000000 0.0000000000 0.0000000000 319.9778300000
0.0000000000 0.0000000000 0.0000000000 1.0000000000

0.0000000000 0.0000000000 1.0000000000 331.0637100000
0.0000000000 1.0000000000 0.0000000000 14.9911800000
-1.0000000000 0.0000000000 0.0000000000 319.9778300000
0.0000000000 0.0000000000 0.0000000000 1.0000000000

0.0000000000 0.0000000000 1.0000000000 331.0637100000
0.0000000000 1.0000000000 0.0000000000 15.0161800000
-1.0000000000 0.0000000000 0.0000000000 319.9778300000
0.0000000000 0.0000000000 0.0000000000 1.0000000000

0.0000000000 0.0000000000 1.0000000000 331.0637100000
0.0000000000 1.0000000000 0.0000000000 15.0411800000
-1.0000000000 0.0000000000 0.0000000000 319.9778300000
0.0000000000 0.0000000000 0.0000000000 1.0000000000

0.0000000000 0.0000000000 1.0000000000 331.0637100000
0.0000000000 1.0000000000 0.0000000000 15.0661800000
-1.0000000000 0.0000000000 0.0000000000 319.9778300000
0.0000000000 0.0000000000 0.0000000000 1.0000000000

0.0000000000 0.0000000000 1.0000000000 331.0637100000
0.0000000000 1.0000000000 0.0000000000 15.0911800000
-1.0000000000 0.0000000000 0.0000000000 319.9778300000
0.0000000000 0.0000000000 0.0000000000 1.0000000000

0.0000000000 0.0000000000 1.0000000000 331.0637100000
0.0000000000 1.0000000000 0.0000000000 15.1161800000
-1.0000000000 0.0000000000 0.0000000000 319.9778300000
0.0000000000 0.0000000000 0.0000000000 1.0000000000

0.0000000000 0.0000000000 1.0000000000 331.0637100000
0.0000000000 1.0000000000 0.0000000000 15.1411800000
-1.0000000000 0.0000000000 0.0000000000 319.9778300000
0.0000000000 0.0000000000 0.0000000000 1.0000000000

0.0000000000 0.0000000000 1.0000000000 331.0637100000
0.0000000000 1.0000000000 0.0000000000 15.1661800000
-1.0000000000 0.0000000000 0.0000000000 319.9778300000
0.0000000000 0.0000000000 0.0000000000 1.0000000000

0.0000000000 0.0000000000 1.0000000000 331.0637100000
0.0000000000 1.0000000000 0.0000000000 15.1911800000
-1.0000000000 0.0000000000 0.0000000000 319.9778300000
0.0000000000 0.0000000000 0.0000000000 1.0000000000

0.0000000000 0.0000000000 1.0000000000 331.0637100000
0.0000000000 1.0000000000 0.0000000000 15.2161800000
-1.0000000000 0.0000000000 0.0000000000 319.9778300000
0.0000000000 0.0000000000 0.0000000000 1.0000000000

0.0000000000 0.0000000000 1.0000000000 331.0637100000
0.0000000000 1.0000000000 0.0000000000 15.2411800000
-1.0000000000 0.0000000000 0.0000000000 319.9778300000
0.0000000000 0.0000000000 0.0000000000 1.0000000000

0.0000000000 0.0000000000 1.0000000000 331.0637100000
0.0000000000 1.0000000000 0.0000000000 15.2661800000
-1.0000000000 0.0000000000 0.0000000000 319.9778300000
0.0000000000 0.0000000000 0.0000000000 1.0000000000

0.0000000000 0.0000000000 1.0000000000 331.0637100000
0.0000000000 1.0000000000 0.0000000000 15.2911800000
-1.0000000000 0.0000000000 0.0000000000 319.9778300000
0.0000000000 0.0000000000 0.0000000000 1.0000000000

0.0000000000 0.0000000000 1.0000000000 331.0637100000
0.0000000000 1.0000000000 0.0000000000 15.3161800000
-1.0000000000 0.0000000000 0.0000000000 319.9778300000
0.0000000000 0.0000000000 0.0000000000 1.0000000000

0.0000000000 0.0000000000 1.0000000000 331.0637100000
0.0000000000 1.0000000000 0.0000000000 15.3411800000
-1.0000000000 0.0000000000 0.0000000000 319.9778300000
0.0000000000 0.0000000000 0.0000000000 1.0000000000

0.0000000000 0.0000000000 1.0000000000 331.0637100000
0.0000000000 1.0000000000 0.0000000000 15.3661800000
-1.0000000000 0.0000000000 0.0000000000 319.9778300000
0.0000000000 0.0000000000 0.0000000000 1.0000000000

0.0000000000 0.0000000000 1.0000000000 331.0637100000
0.0000000000 1.0000000000 0.0000000000 15.3911800000
-1.0000000000 0.0000000000 0.0000000000 319.9778300000
0.0000000000 0.0000000000 0.0000000000 1.0000000000

0.0000000000 0.0000000000 1.0000000000 331.0637100000
0.0000000000 1.0000000000 0.0000000000 15.4161800000
-1.0000000000 0.0000000000 0.0000000000 319.9778300000
0.0000000000 0.0000000000 0.0000000000 1.0000000000

0.0000000000 0.0000000000 1.0000000000 331.0637100000
0.0000000000 1.0000000000 0.0000000000 15.4411800000
-1.0000000000 0.0000000000 0.0000000000 319.9778300000
0.0000000000 0.0000000000 0.0000000000 1.0000000000

0.0000000000 0.0000000000 1.0000000000 331.0637100000
0.0000000000 1.0000000000 0.0000000000 15.4661800000
-1.0000000000 0.0000000000 0.0000000000 319.9778300000
0.0000000000 0.0000000000 0.0000000000 1.0000000000

0.0000000000 0.0000000000 1.0000000000 331.0637100000
0.0000000000 1.0000000000 0.0000000000 15.4911800000
-1.0000000000 0.0000000000 0.0000000000 319.9778300000
0.0000000000 0.0000000000 0.0000000000 1.0000000000

0.0000000000 0.0000000000 1.0000000000 331.0637100000
0.0000000000 1.0000000000 0.0000000000 15.5161800000
-1.0000000000 0.0000000000 0.0000000000 319.9778300000
0.0000000000 0.0000000000 0.0000000000 1.0000000000

0.0000000000 0.0000000000 1.0000000000 331.0637100000
0.0000000000 1.0000000000 0.0000000000 15.5411800000
-1.0000000000 0.0000000000 0.0000000000 319.9778300000
0.0000000000 0.0000000000 0.0000000000 1.0000000000

0.0000000000 0.0000000000 1.0000000000 331.0637100000
0.0000000000 1.0000000000 0.0000000000 15.5661800000
-1.0000000000 0.0000000000 0.0000000000 319.9778300000
0.0000000000 0.0000000000 0.0000000000 1.0000000000

0.0000000000 0.0000000000 1.0000000000 331.0637100000
0.0000000000 1.0000000000 0.0000000000 15.5911800000
-1.0000000000 0.0000000000 0.0000000000 319.9778300000
0.0000000000 0.0000000000 0.0000000000 1.0000000000

0.0000000000 0.0000000000 1.0000000000 331.0637100000
0.0000000000 1.0000000000 0.0000000000 15.6161800000
-1.0000000000 0.0000000000 0.0000000000 319.9778300000
0.0000000000 0.0000000000 0.0000000000 1.0000000000

0.0000000000 0.0000000000 1.0000000000 331.0637100000
0.0000000000 1.0000000000 0.0000000000 15.6411800000
-1.0000000000 0.0000000000 0.0000000000 319.9778300000
0.0000000000 0.0000000000 0.0000000000 1.0000000000

0.0000000000 0.0000000000 1.0000000000 331.0637100000
0.0000000000 1.0000000000 0.0000000000 15.6661800000
-1.0000000000 0.0000000000 0.0000000000 319.9778300000
0.0000000000 0.0000000000 0.0000000000 1.0000000000

0.0000000000 0.0000000000 1.0000000000 331.0637100000
0.0000000000 1.0000000000 0.0000000000 15.6911800000
-1.0000000000 0.0000000000 0.0000000000 319.9778300000
0.0000000000 0.0000000000 0.0000000000 1.0000000000

0.0000000000 0.0000000000 1.0000000000 331.0637100000
0.0000000000 1.0000000000 0.0000000000 15.7161800000
-1.0000000000 0.0000000000 0.0000000000 319.9778300000
0.0000000000 0.0000000000 0.0000000000 1.0000000000

0.0000000000 0.0000000000 1.0000000000 331.0637100000
0.0000000000 1.0000000000 0.0000000000 15.7411800000
-1.0000000000 0.0000000000 0.0000000000 319.9778300000
0.0000000000 0.0000000000 0.0000000000 1.0000000000

0.0000000000 0.0000000000 1.0000000000 331.0637100000
0.0000000000 1.0000000000 0.0000000000 15.7661800000
-1.0000000000 0.0000000000 0.0000000000 319.9778300000
0.0000000000 0.0000000000 0.0000000000 1.0000000000

0.0000000000 0.0000000000 1.0000000000 331.0637100000
0.0000000000 1.0000000000 0.0000000000 15.7911800000
-1.0000000000 0.0000000000 0.0000000000 319.9778300000
0.0000000000 0.0000000000 0.0000000000 1.0000000000

0.0000000000 0.0000000000 1.0000000000 331.0637100000
0.0000000000 1.0000000000 0.0000000000 15.8161800000
-1.0000000000 0.0000000000 0.0000000000 319.9778300000
0.0000000000 0.0000000000 0.0000000000 1.0000000000

0.0000000000 0.0000000000 1.0000000000 331.0637100000
0.0000000000 1.0000000000 0.0000000000 15.8411800000
-1.0000000000 0.0000000000 0.0000000000 319.9778300000
0.0000000000 0.0000000000 0.0000000000 1.0000000000

0.0000000000 0.0000000000 1.0000000000 331.0637100000
0.0000000000 1.0000000000 0.0000000000 15.8661800000
-1.0000000000 0.0000000000 0.0000000000 319.9778300000
0.0000000000 0.0000000000 0.0000000000 1.0000000000

0.0000000000 0.0000000000 1.0000000000 331.0637100000
0.0000000000 1.0000000000 0.0000000000 15.8911800000
-1.0000000000 0.0000000000 0.0000000000 319.9778300000
0.0000000000 0.0000000000 0.0000000000 1.0000000000

0.0000000000 0.0000000000 1.0000000000 331.0637100000
0.0000000000 1.0000000000 0.0000000000 15.9161800000
-1.0000000000 0.0000000000 0.0000000000 319.9778300000
0.0000000000 0.0000000000 0.0000000000 1.0000000000

0.0000000000 0.0000000000 1.0000000000 331.0637100000
0.0000000000 1.0000000000 0.0000000000 15.9411800000
-1.0000000000 0.0000000000 0.0000000000 319.9778300000
0.0000000000 0.0000000000 0.0000000000 1.0000000000

0.0000000000 0.0000000000 1.0000000000 331.0637100000
0.0000000000 1.0000000000 0.0000000000 15.9661800000
-1.0000000000 0.0000000000 0.0000000000 319.9778300000
0.0000000000 0.0000000000 0.0000000000 1.0000000000

0.0000000000 0.0000000000 1.0000000000 331.0637100000
0.0000000000 1.0000000000 0.0000000000 15.9911800000
-1.0000000000 0.0000000000 0.0000000000 319.9778300000
0.0000000000 0.0000000000 0.0000000000 1.0000000000

0.0000000000 0.0000000000 1.0000000000 331.0637100000
0.0000000000 1.0000000000 0.0000000000 16.0161800000
-1.0000000000 0.0000000000 0.0000000000 319.9778300000
0.0000000000 0.0000000000 0.0000000000 1.0000000000

0.0000000000 0.0000000000 1.0000000000 331.0637100000
0.0000000000 1.0000000000 0.0000000000 16.0411800000
-1.0000000000 0.0000000000 0.0000000000 319.9778300000
0.0000000000 0.0000000000 0.0000000000 1.0000000000

0.0000000000 0.0000000000 1.0000000000 331.0637100000
0.0000000000 1.0000000000 0.0000000000 16.0661800000
-1.0000000000 0.0000000000 0.0000000000 319.9778300000
0.0000000000 0.0000000000 0.0000000000 1.0000000000

0.0000000000 0.0000000000 1.0000000000 331.0637100000
0.0000000000 1.0000000000 0.0000000000 16.0911800000
-1.0000000000 0.0000000000 0.0000000000 319.9778300000
0.0000000000 0.0000000000 0.0000000000 1.0000000000

0.0000000000 0.0000000000 1.0000000000 331.0637100000
0.0000000000 1.0000000000 0.0000000000 16.1161800000
-1.0000000000 0.0000000000 0.0000000000 319.9778300000
0.0000000000 0.0000000000 0.0000000000 1.0000000000

0.0000000000 0.0000000000 1.0000000000 331.0637100000
0.0000000000 1.0000000000 0.0000000000 16.1411800000
-1.0000000000 0.0000000000 0.0000000000 319.9778300000
0.0000000000 0.0000000000 0.0000000000 1.0000000000

0.0000000000 0.0000000000 1.0000000000 331.0637100000
0.0000000000 1.0000000000 0.0000000000 16.1661800000
-1.0000000000 0.0000000000 0.0000000000 319.9778300000
0.0000000000 0.0000000000 0.0000000000 1.0000000000

0.0000000000 0.0000000000 1.0000000000 331.0637100000
0.0000000000 1.0000000000 0.0000000000 16.1911800000
-1.0000000000 0.0000000000 0.0000000000 319.9778300000
0.0000000000 0.0000000000 0.0000000000 1.0000000000

0.0000000000 0.0000000000 1.0000000000 331.0637100000
0.0000000000 1.0000000000 0.0000000000 16.2161800000
-1.0000000000 0.0000000000 0.0000000000 319.9778300000
0.0000000000 0.0000000000 0.0000000000 1.0000000000

0.0000000000 0.0000000000 1.0000000000 331.0637100000
0.0000000000 1.0000000000 0.0000000000 16.2411800000
-1.0000000000 0.0000000000 0.0000000000 319.9778300000
0.0000000000 0.0000000000 0.0000000000 1.0000000000

0.0000000000 0.0000000000 1.0000000000 331.0637100000
0.0000000000 1.0000000000 0.0000000000 16.2661800000
-1.0000000000 0.0000000000 0.0000000000 319.9778300000
0.0000000000 0.0000000000 0.0000000000 1.0000000000

0.0000000000 0.0000000000 1.0000000000 331.0637100000
0.0000000000 1.0000000000 0.0000000000 16.2911800000
-1.0000000000 0.0000000000 0.0000000000 319.9778300000
0.0000000000 0.0000000000 0.0000000000 1.0000000000

0.0000000000 0.0000000000 1.0000000000 331.0637100000
0.0000000000 1.0000000000 0.0000000000 16.3161800000
-1.0000000000 0.0000000000 0.0000000000 319.9778300000
0.0000000000 0.0000000000 0.0000000000 1.0000000000

0.0000000000 0.0000000000 1.0000000000 331.0637100000
0.0000000000 1.0000000000 0.0000000000 16.3411800000
-1.0000000000 0.0000000000 0.0000000000 319.9778300000
0.0000000000 0.0000000000 0.0000000000 1.0000000000

0.0000000000 0.0000000000 1.0000000000 331.0637100000
0.0000000000 1.0000000000 0.0000000000 16.3661800000
-1.0000000000 0.0000000000 0.0000000000 319.9778300000
0.0000000000 0.0000000000 0.0000000000 1.0000000000

0.0000000000 0.0000000000 1.0000000000 331.0637100000
0.0000000000 1.0000000000 0.0000000000 16.3911800000
-1.0000000000 0.0000000000 0.0000000000 319.9778300000
0.0000000000 0.0000000000 0.0000000000 1.0000000000

0.0000000000 0.0000000000 1.0000000000 331.0637100000
0.0000000000 1.0000000000 0.0000000000 16.4161800000
-1.0000000000 0.0000000000 0.0000000000 319.9778300000
0.0000000000 0.0000000000 0.0000000000 1.0000000000

0.0000000000 0.0000000000 1.0000000000 331.0637100000
0.0000000000 1.0000000000 0.0000000000 16.4411800000
-1.0000000000 0.0000000000 0.0000000000 319.9778300000
0.0000000000 0.0000000000 0.0000000000 1.0000000000

0.0000000000 0.0000000000 1.0000000000 331.0637100000
0.0000000000 1.0000000000 0.0000000000 16.4661800000
-1.0000000000 0.0000000000 0.0000000000 319.9778300000
0.0000000000 0.0000000000 0.0000000000 1.0000000000

0.0000000000 0.0000000000 1.0000000000 331.0637100000
0.0000000000 1.0000000000 0.0000000000 16.4911800000
-1.0000000000 0.0000000000 0.0000000000 319.9778300000
0.0000000000 0.0000000000 0.0000000000 1.0000000000

0.0000000000 0.0000000000 1.0000000000 331.0637100000
0.0000000000 1.0000000000 0.0000000000 16.5161800000
-1.0000000000 0.0000000000 0.0000000000 319.9778300000
0.0000000000 0.0000000000 0.0000000000 1.0000000000

0.0000000000 0.0000000000 1.0000000000 331.0637100000
0.0000000000 1.0000000000 0.0000000000 16.5411800000
-1.0000000000 0.0000000000 0.0000000000 319.9778300000
0.0000000000 0.0000000000 0.0000000000 1.0000000000

0.0000000000 0.0000000000 1.0000000000 331.0637100000
0.0000000000 1.0000000000 0.0000000000 16.5661800000
-1.0000000000 0.0000000000 0.0000000000 319.9778300000
0.0000000000 0.0000000000 0.0000000000 1.0000000000

0.0000000000 0.0000000000 1.0000000000 331.0637100000
0.0000000000 1.0000000000 0.0000000000 16.5911800000
-1.0000000000 0.0000000000 0.0000000000 319.9778300000
0.0000000000 0.0000000000 0.0000000000 1.0000000000

0.0000000000 0.0000000000 1.0000000000 331.0637100000
0.0000000000 1.0000000000 0.0000000000 16.6161800000
-1.0000000000 0.0000000000 0.0000000000 319.9778300000
0.0000000000 0.0000000000 0.0000000000 1.0000000000

0.0000000000 0.0000000000 1.0000000000 331.0637100000
0.0000000000 1.0000000000 0.0000000000 16.6411800000
-1.0000000000 0.0000000000 0.0000000000 319.9778300000
0.0000000000 0.0000000000 0.0000000000 1.0000000000

0.0000000000 0.0000000000 1.0000000000 331.0637100000
0.0000000000 1.0000000000 0.0000000000 16.6661800000
-1.0000000000 0.0000000000 0.0000000000 319.9778300000
0.0000000000 0.0000000000 0.0000000000 1.0000000000

0.0000000000 0.0000000000 1.0000000000 331.0637100000
0.0000000000 1.0000000000 0.0000000000 16.6911800000
-1.0000000000 0.0000000000 0.0000000000 319.9778300000
0.0000000000 0.0000000000 0.0000000000 1.0000000000

0.0000000000 0.0000000000 1.0000000000 331.0637100000
0.0000000000 1.0000000000 0.0000000000 16.7161800000
-1.0000000000 0.0000000000 0.0000000000 319.9778300000
0.0000000000 0.0000000000 0.0000000000 1.0000000000

0.0000000000 0.0000000000 1.0000000000 331.0637100000
0.0000000000 1.0000000000 0.0000000000 16.7411800000
-1.0000000000 0.0000000000 0.0000000000 319.9778300000
0.0000000000 0.0000000000 0.0000000000 1.0000000000

0.0000000000 0.0000000000 1.0000000000 331.0637100000
0.0000000000 1.0000000000 0.0000000000 16.7661800000
-1.0000000000 0.0000000000 0.0000000000 319.9778300000
0.0000000000 0.0000000000 0.0000000000 1.0000000000

0.0000000000 0.0000000000 1.0000000000 331.0637100000
0.0000000000 1.0000000000 0.0000000000 16.7911800000
-1.0000000000 0.0000000000 0.0000000000 319.9778300000
0.0000000000 0.0000000000 0.0000000000 1.0000000000

0.0000000000 0.0000000000 1.0000000000 331.0637100000
0.0000000000 1.0000000000 0.0000000000 16.8161800000
-1.0000000000 0.0000000000 0.0000000000 319.9778300000
0.0000000000 0.0000000000 0.0000000000 1.0000000000

0.0000000000 0.0000000000 1.0000000000 331.0637100000
0.0000000000 1.0000000000 0.0000000000 16.8411800000
-1.0000000000 0.0000000000 0.0000000000 319.9778300000
0.0000000000 0.0000000000 0.0000000000 1.0000000000

0.0000000000 0.0000000000 1.0000000000 331.0637100000
0.0000000000 1.0000000000 0.0000000000 16.8661800000
-1.0000000000 0.0000000000 0.0000000000 319.9778300000
0.0000000000 0.0000000000 0.0000000000 1.0000000000

0.0000000000 0.0000000000 1.0000000000 331.0637100000
0.0000000000 1.0000000000 0.0000000000 16.8911800000
-1.0000000000 0.0000000000 0.0000000000 319.9778300000
0.0000000000 0.0000000000 0.0000000000 1.0000000000

0.0000000000 0.0000000000 1.0000000000 331.0637100000
0.0000000000 1.0000000000 0.0000000000 16.9161800000
-1.0000000000 0.0000000000 0.0000000000 319.9778300000
0.0000000000 0.0000000000 0.0000000000 1.0000000000

0.0000000000 0.0000000000 1.0000000000 331.0637100000
0.0000000000 1.0000000000 0.0000000000 16.9411800000
-1.0000000000 0.0000000000 0.0000000000 319.9778300000
0.0000000000 0.0000000000 0.0000000000 1.0000000000

0.0000000000 0.0000000000 1.0000000000 331.0637100000
0.0000000000 1.0000000000 0.0000000000 16.9661800000
-1.0000000000 0.0000000000 0.0000000000 319.9778300000
0.0000000000 0.0000000000 0.0000000000 1.0000000000

0.0000000000 0.0000000000 1.0000000000 331.0637100000
0.0000000000 1.0000000000 0.0000000000 16.9911800000
-1.0000000000 0.0000000000 0.0000000000 319.9778300000
0.0000000000 0.0000000000 0.0000000000 1.0000000000

0.0000000000 0.0000000000 1.0000000000 331.0637100000
0.0000000000 1.0000000000 0.0000000000 17.0161800000
-1.0000000000 0.0000000000 0.0000000000 319.9778300000
0.0000000000 0.0000000000 0.0000000000 1.0000000000

0.0000000000 0.0000000000 1.0000000000 331.0637100000
0.0000000000 1.0000000000 0.0000000000 17.0411800000
-1.0000000000 0.0000000000 0.0000000000 319.9778300000
0.0000000000 0.0000000000 0.0000000000 1.0000000000

0.0000000000 0.0000000000 1.0000000000 331.0637100000
0.0000000000 1.0000000000 0.0000000000 17.0661800000
-1.0000000000 0.0000000000 0.0000000000 319.9778300000
0.0000000000 0.0000000000 0.0000000000 1.0000000000

0.0000000000 0.0000000000 1.0000000000 331.0637100000
0.0000000000 1.0000000000 0.0000000000 17.0911800000
-1.0000000000 0.0000000000 0.0000000000 319.9778300000
0.0000000000 0.0000000000 0.0000000000 1.0000000000

0.0000000000 0.0000000000 1.0000000000 331.0637100000
0.0000000000 1.0000000000 0.0000000000 17.1161800000
-1.0000000000 0.0000000000 0.0000000000 319.9778300000
0.0000000000 0.0000000000 0.0000000000 1.0000000000

0.0000000000 0.0000000000 1.0000000000 331.0637100000
0.0000000000 1.0000000000 0.0000000000 17.1411800000
-1.0000000000 0.0000000000 0.0000000000 319.9778300000
0.0000000000 0.0000000000 0.0000000000 1.0000000000

0.0000000000 0.0000000000 1.0000000000 331.0637100000
0.0000000000 1.0000000000 0.0000000000 17.1661800000
-1.0000000000 0.0000000000 0.0000000000 319.9778300000
0.0000000000 0.0000000000 0.0000000000 1.0000000000

0.0000000000 0.0000000000 1.0000000000 331.0637100000
0.0000000000 1.0000000000 0.0000000000 17.1911800000
-1.0000000000 0.0000000000 0.0000000000 319.9778300000
0.0000000000 0.0000000000 0.0000000000 1.0000000000

0.0000000000 0.0000000000 1.0000000000 331.0637100000
0.0000000000 1.0000000000 0.0000000000 17.2161800000
-1.0000000000 0.0000000000 0.0000000000 319.9778300000
0.0000000000 0.0000000000 0.0000000000 1.0000000000

0.0000000000 0.0000000000 1.0000000000 331.0637100000
0.0000000000 1.0000000000 0.0000000000 17.2411800000
-1.0000000000 0.0000000000 0.0000000000 319.9778300000
0.0000000000 0.0000000000 0.0000000000 1.0000000000

0.0000000000 0.0000000000 1.0000000000 331.0637100000
0.0000000000 1.0000000000 0.0000000000 17.2661800000
-1.0000000000 0.0000000000 0.0000000000 319.9778300000
0.0000000000 0.0000000000 0.0000000000 1.0000000000

0.0000000000 0.0000000000 1.0000000000 331.0637100000
0.0000000000 1.0000000000 0.0000000000 17.2911800000
-1.0000000000 0.0000000000 0.0000000000 319.9778300000
0.0000000000 0.0000000000 0.0000000000 1.0000000000

0.0000000000 0.0000000000 1.0000000000 331.0637100000
0.0000000000 1.0000000000 0.0000000000 17.3161800000
-1.0000000000 0.0000000000 0.0000000000 319.9778300000
0.0000000000 0.0000000000 0.0000000000 1.0000000000

0.0000000000 0.0000000000 1.0000000000 331.0637100000
0.0000000000 1.0000000000 0.0000000000 17.3411800000
-1.0000000000 0.0000000000 0.0000000000 319.9778300000
0.0000000000 0.0000000000 0.0000000000 1.0000000000

0.0000000000 0.0000000000 1.0000000000 331.0637100000
0.0000000000 1.0000000000 0.0000000000 17.3661800000
-1.0000000000 0.0000000000 0.0000000000 319.9778300000
0.0000000000 0.0000000000 0.0000000000 1.0000000000

0.0000000000 0.0000000000 1.0000000000 331.0637100000
0.0000000000 1.0000000000 0.0000000000 17.3911800000
-1.0000000000 0.0000000000 0.0000000000 319.9778300000
0.0000000000 0.0000000000 0.0000000000 1.0000000000

0.0000000000 0.0000000000 1.0000000000 331.0637100000
0.0000000000 1.0000000000 0.0000000000 17.4161800000
-1.0000000000 0.0000000000 0.0000000000 319.9778300000
0.0000000000 0.0000000000 0.0000000000 1.0000000000

0.0000000000 0.0000000000 1.0000000000 331.0637100000
0.0000000000 1.0000000000 0.0000000000 17.4411800000
-1.0000000000 0.0000000000 0.0000000000 319.9778300000
0.0000000000 0.0000000000 0.0000000000 1.0000000000

0.0000000000 0.0000000000 1.0000000000 331.0637100000
0.0000000000 1.0000000000 0.0000000000 17.4661800000
-1.0000000000 0.0000000000 0.0000000000 319.9778300000
0.0000000000 0.0000000000 0.0000000000 1.0000000000

0.0000000000 0.0000000000 1.0000000000 331.0637100000
0.0000000000 1.0000000000 0.0000000000 17.4911800000
-1.0000000000 0.0000000000 0.0000000000 319.9778300000
0.0000000000 0.0000000000 0.0000000000 1.0000000000

0.0000000000 0.0000000000 1.0000000000 331.0637100000
0.0000000000 1.0000000000 0.0000000000 17.5161800000
-1.0000000000 0.0000000000 0.0000000000 319.9778300000
0.0000000000 0.0000000000 0.0000000000 1.0000000000

0.0000000000 0.0000000000 1.0000000000 331.0637100000
0.0000000000 1.0000000000 0.0000000000 17.5411800000
-1.0000000000 0.0000000000 0.0000000000 319.9778300000
0.0000000000 0.0000000000 0.0000000000 1.0000000000

0.0000000000 0.0000000000 1.0000000000 331.0637100000
0.0000000000 1.0000000000 0.0000000000 17.5661800000
-1.0000000000 0.0000000000 0.0000000000 319.9778300000
0.0000000000 0.0000000000 0.0000000000 1.0000000000

0.0000000000 0.0000000000 1.0000000000 331.0637100000
0.0000000000 1.0000000000 0.0000000000 17.5911800000
-1.0000000000 0.0000000000 0.0000000000 319.9778300000
0.0000000000 0.0000000000 0.0000000000 1.0000000000

0.0000000000 0.0000000000 1.0000000000 331.0637100000
0.0000000000 1.0000000000 0.0000000000 17.6161800000
-1.0000000000 0.0000000000 0.0000000000 319.9778300000
0.0000000000 0.0000000000 0.0000000000 1.0000000000

0.0000000000 0.0000000000 1.0000000000 331.0637100000
0.0000000000 1.0000000000 0.0000000000 17.6411800000
-1.0000000000 0.0000000000 0.0000000000 319.9778300000
0.0000000000 0.0000000000 0.0000000000 1.0000000000

0.0000000000 0.0000000000 1.0000000000 331.0637100000
0.0000000000 1.0000000000 0.0000000000 17.6661800000
-1.0000000000 0.0000000000 0.0000000000 319.9778300000
0.0000000000 0.0000000000 0.0000000000 1.0000000000

0.0000000000 0.0000000000 1.0000000000 331.0637100000
0.0000000000 1.0000000000 0.0000000000 17.6911800000
-1.0000000000 0.0000000000 0.0000000000 319.9778300000
0.0000000000 0.0000000000 0.0000000000 1.0000000000

0.0000000000 0.0000000000 1.0000000000 331.0637100000
0.0000000000 1.0000000000 0.0000000000 17.7161800000
-1.0000000000 0.0000000000 0.0000000000 319.9778300000
0.0000000000 0.0000000000 0.0000000000 1.0000000000

0.0000000000 0.0000000000 1.0000000000 331.0637100000
0.0000000000 1.0000000000 0.0000000000 17.7411800000
-1.0000000000 0.0000000000 0.0000000000 319.9778300000
0.0000000000 0.0000000000 0.0000000000 1.0000000000

0.0000000000 0.0000000000 1.0000000000 331.0637100000
0.0000000000 1.0000000000 0.0000000000 17.7661800000
-1.0000000000 0.0000000000 0.0000000000 319.9778300000
0.0000000000 0.0000000000 0.0000000000 1.0000000000

0.0000000000 0.0000000000 1.0000000000 331.0637100000
0.0000000000 1.0000000000 0.0000000000 17.7911800000
-1.0000000000 0.0000000000 0.0000000000 319.9778300000
0.0000000000 0.0000000000 0.0000000000 1.0000000000

0.0000000000 0.0000000000 1.0000000000 331.0637100000
0.0000000000 1.0000000000 0.0000000000 17.8161800000
-1.0000000000 0.0000000000 0.0000000000 319.9778300000
0.0000000000 0.0000000000 0.0000000000 1.0000000000

0.0000000000 0.0000000000 1.0000000000 331.0637100000
0.0000000000 1.0000000000 0.0000000000 17.8411800000
-1.0000000000 0.0000000000 0.0000000000 319.9778300000
0.0000000000 0.0000000000 0.0000000000 1.0000000000

0.0000000000 0.0000000000 1.0000000000 331.0637100000
0.0000000000 1.0000000000 0.0000000000 17.8661800000
-1.0000000000 0.0000000000 0.0000000000 319.9778300000
0.0000000000 0.0000000000 0.0000000000 1.0000000000

0.0000000000 0.0000000000 1.0000000000 331.0637100000
0.0000000000 1.0000000000 0.0000000000 17.8911800000
-1.0000000000 0.0000000000 0.0000000000 319.9778300000
0.0000000000 0.0000000000 0.0000000000 1.0000000000

0.0000000000 0.0000000000 1.0000000000 331.0637100000
0.0000000000 1.0000000000 0.0000000000 17.9161800000
-1.0000000000 0.0000000000 0.0000000000 319.9778300000
0.0000000000 0.0000000000 0.0000000000 1.0000000000

0.0000000000 0.0000000000 1.0000000000 331.0637100000
0.0000000000 1.0000000000 0.0000000000 17.9411800000
-1.0000000000 0.0000000000 0.0000000000 319.9778300000
0.0000000000 0.0000000000 0.0000000000 1.0000000000

0.0000000000 0.0000000000 1.0000000000 331.0637100000
0.0000000000 1.0000000000 0.0000000000 17.9661800000
-1.0000000000 0.0000000000 0.0000000000 319.9778300000
0.0000000000 0.0000000000 0.0000000000 1.0000000000

0.0000000000 0.0000000000 1.0000000000 331.0637100000
0.0000000000 1.0000000000 0.0000000000 17.9911800000
-1.0000000000 0.0000000000 0.0000000000 319.9778300000
0.0000000000 0.0000000000 0.0000000000 1.0000000000

0.0000000000 0.0000000000 1.0000000000 331.0637100000
0.0000000000 1.0000000000 0.0000000000 18.0161800000
-1.0000000000 0.0000000000 0.0000000000 319.9778300000
0.0000000000 0.0000000000 0.0000000000 1.0000000000

0.0000000000 0.0000000000 1.0000000000 331.0637100000
0.0000000000 1.0000000000 0.0000000000 18.0411800000
-1.0000000000 0.0000000000 0.0000000000 319.9778300000
0.0000000000 0.0000000000 0.0000000000 1.0000000000

0.0000000000 0.0000000000 1.0000000000 331.0637100000
0.0000000000 1.0000000000 0.0000000000 18.0661800000
-1.0000000000 0.0000000000 0.0000000000 319.9778300000
0.0000000000 0.0000000000 0.0000000000 1.0000000000

0.0000000000 0.0000000000 1.0000000000 331.0637100000
0.0000000000 1.0000000000 0.0000000000 18.0911800000
-1.0000000000 0.0000000000 0.0000000000 319.9778300000
0.0000000000 0.0000000000 0.0000000000 1.0000000000

0.0000000000 0.0000000000 1.0000000000 331.0637100000
0.0000000000 1.0000000000 0.0000000000 18.1161800000
-1.0000000000 0.0000000000 0.0000000000 319.9778300000
0.0000000000 0.0000000000 0.0000000000 1.0000000000

0.0000000000 0.0000000000 1.0000000000 331.0637100000
0.0000000000 1.0000000000 0.0000000000 18.1411800000
-1.0000000000 0.0000000000 0.0000000000 319.9778300000
0.0000000000 0.0000000000 0.0000000000 1.0000000000

0.0000000000 0.0000000000 1.0000000000 331.0637100000
0.0000000000 1.0000000000 0.0000000000 18.1661800000
-1.0000000000 0.0000000000 0.0000000000 319.9778300000
0.0000000000 0.0000000000 0.0000000000 1.0000000000

0.0000000000 0.0000000000 1.0000000000 331.0637100000
0.0000000000 1.0000000000 0.0000000000 18.1911800000
-1.0000000000 0.0000000000 0.0000000000 319.9778300000
0.0000000000 0.0000000000 0.0000000000 1.0000000000

0.0000000000 0.0000000000 1.0000000000 331.0637100000
0.0000000000 1.0000000000 0.0000000000 18.2161800000
-1.0000000000 0.0000000000 0.0000000000 319.9778300000
0.0000000000 0.0000000000 0.0000000000 1.0000000000

0.0000000000 0.0000000000 1.0000000000 331.0637100000
0.0000000000 1.0000000000 0.0000000000 18.2411800000
-1.0000000000 0.0000000000 0.0000000000 319.9778300000
0.0000000000 0.0000000000 0.0000000000 1.0000000000

0.0000000000 0.0000000000 1.0000000000 331.0637100000
0.0000000000 1.0000000000 0.0000000000 18.2661800000
-1.0000000000 0.0000000000 0.0000000000 319.9778300000
0.0000000000 0.0000000000 0.0000000000 1.0000000000

0.0000000000 0.0000000000 1.0000000000 331.0637100000
0.0000000000 1.0000000000 0.0000000000 18.2911800000
-1.0000000000 0.0000000000 0.0000000000 319.9778300000
0.0000000000 0.0000000000 0.0000000000 1.0000000000

0.0000000000 0.0000000000 1.0000000000 331.0637100000
0.0000000000 1.0000000000 0.0000000000 18.3161800000
-1.0000000000 0.0000000000 0.0000000000 319.9778300000
0.0000000000 0.0000000000 0.0000000000 1.0000000000

0.0000000000 0.0000000000 1.0000000000 331.0637100000
0.0000000000 1.0000000000 0.0000000000 18.3411800000
-1.0000000000 0.0000000000 0.0000000000 319.9778300000
0.0000000000 0.0000000000 0.0000000000 1.0000000000

0.0000000000 0.0000000000 1.0000000000 331.0637100000
0.0000000000 1.0000000000 0.0000000000 18.3661800000
-1.0000000000 0.0000000000 0.0000000000 319.9778300000
0.0000000000 0.0000000000 0.0000000000 1.0000000000

0.0000000000 0.0000000000 1.0000000000 331.0637100000
0.0000000000 1.0000000000 0.0000000000 18.3911800000
-1.0000000000 0.0000000000 0.0000000000 319.9778300000
0.0000000000 0.0000000000 0.0000000000 1.0000000000

0.0000000000 0.0000000000 1.0000000000 331.0637100000
0.0000000000 1.0000000000 0.0000000000 18.4161800000
-1.0000000000 0.0000000000 0.0000000000 319.9778300000
0.0000000000 0.0000000000 0.0000000000 1.0000000000

0.0000000000 0.0000000000 1.0000000000 331.0637100000
0.0000000000 1.0000000000 0.0000000000 18.4411800000
-1.0000000000 0.0000000000 0.0000000000 319.9778300000
0.0000000000 0.0000000000 0.0000000000 1.0000000000

0.0000000000 0.0000000000 1.0000000000 331.0637100000
0.0000000000 1.0000000000 0.0000000000 18.4661800000
-1.0000000000 0.0000000000 0.0000000000 319.9778300000
0.0000000000 0.0000000000 0.0000000000 1.0000000000

0.0000000000 0.0000000000 1.0000000000 331.0637100000
0.0000000000 1.0000000000 0.0000000000 18.4911800000
-1.0000000000 0.0000000000 0.0000000000 319.9778300000
0.0000000000 0.0000000000 0.0000000000 1.0000000000

0.0000000000 0.0000000000 1.0000000000 331.0637100000
0.0000000000 1.0000000000 0.0000000000 18.5161800000
-1.0000000000 0.0000000000 0.0000000000 319.9778300000
0.0000000000 0.0000000000 0.0000000000 1.0000000000

0.0000000000 0.0000000000 1.0000000000 331.0637100000
0.0000000000 1.0000000000 0.0000000000 18.5411800000
-1.0000000000 0.0000000000 0.0000000000 319.9778300000
0.0000000000 0.0000000000 0.0000000000 1.0000000000

0.0000000000 0.0000000000 1.0000000000 331.0637100000
0.0000000000 1.0000000000 0.0000000000 18.5661800000
-1.0000000000 0.0000000000 0.0000000000 319.9778300000
0.0000000000 0.0000000000 0.0000000000 1.0000000000

0.0000000000 0.0000000000 1.0000000000 331.0637100000
0.0000000000 1.0000000000 0.0000000000 18.5911800000
-1.0000000000 0.0000000000 0.0000000000 319.9778300000
0.0000000000 0.0000000000 0.0000000000 1.0000000000

0.0000000000 0.0000000000 1.0000000000 331.0637100000
0.0000000000 1.0000000000 0.0000000000 18.6161800000
-1.0000000000 0.0000000000 0.0000000000 319.9778300000
0.0000000000 0.0000000000 0.0000000000 1.0000000000

0.0000000000 0.0000000000 1.0000000000 331.0637100000
0.0000000000 1.0000000000 0.0000000000 18.6411800000
-1.0000000000 0.0000000000 0.0000000000 319.9778300000
0.0000000000 0.0000000000 0.0000000000 1.0000000000

0.0000000000 0.0000000000 1.0000000000 331.0637100000
0.0000000000 1.0000000000 0.0000000000 18.6661800000
-1.0000000000 0.0000000000 0.0000000000 319.9778300000
0.0000000000 0.0000000000 0.0000000000 1.0000000000

0.0000000000 0.0000000000 1.0000000000 331.0637100000
0.0000000000 1.0000000000 0.0000000000 18.6911800000
-1.0000000000 0.0000000000 0.0000000000 319.9778300000
0.0000000000 0.0000000000 0.0000000000 1.0000000000

0.0000000000 0.0000000000 1.0000000000 331.0637100000
0.0000000000 1.0000000000 0.0000000000 18.7161800000
-1.0000000000 0.0000000000 0.0000000000 319.9778300000
0.0000000000 0.0000000000 0.0000000000 1.0000000000

0.0000000000 0.0000000000 1.0000000000 331.0637100000
0.0000000000 1.0000000000 0.0000000000 18.7411800000
-1.0000000000 0.0000000000 0.0000000000 319.9778300000
0.0000000000 0.0000000000 0.0000000000 1.0000000000

0.0000000000 0.0000000000 1.0000000000 331.0637100000
0.0000000000 1.0000000000 0.0000000000 18.7661800000
-1.0000000000 0.0000000000 0.0000000000 319.9778300000
0.0000000000 0.0000000000 0.0000000000 1.0000000000

0.0000000000 0.0000000000 1.0000000000 331.0637100000
0.0000000000 1.0000000000 0.0000000000 18.7911800000
-1.0000000000 0.0000000000 0.0000000000 319.9778300000
0.0000000000 0.0000000000 0.0000000000 1.0000000000

0.0000000000 0.0000000000 1.0000000000 331.0637100000
0.0000000000 1.0000000000 0.0000000000 18.8161800000
-1.0000000000 0.0000000000 0.0000000000 319.9778300000
0.0000000000 0.0000000000 0.0000000000 1.0000000000

0.0000000000 0.0000000000 1.0000000000 331.0637100000
0.0000000000 1.0000000000 0.0000000000 18.8411800000
-1.0000000000 0.0000000000 0.0000000000 319.9778300000
0.0000000000 0.0000000000 0.0000000000 1.0000000000

0.0000000000 0.0000000000 1.0000000000 331.0637100000
0.0000000000 1.0000000000 0.0000000000 18.8661800000
-1.0000000000 0.0000000000 0.0000000000 319.9778300000
0.0000000000 0.0000000000 0.0000000000 1.0000000000

0.0000000000 0.0000000000 1.0000000000 331.0637100000
0.0000000000 1.0000000000 0.0000000000 18.8911800000
-1.0000000000 0.0000000000 0.0000000000 319.9778300000
0.0000000000 0.0000000000 0.0000000000 1.0000000000

0.0000000000 0.0000000000 1.0000000000 331.0637100000
0.0000000000 1.0000000000 0.0000000000 18.9161800000
-1.0000000000 0.0000000000 0.0000000000 319.9778300000
0.0000000000 0.0000000000 0.0000000000 1.0000000000

0.0000000000 0.0000000000 1.0000000000 331.0637100000
0.0000000000 1.0000000000 0.0000000000 18.9411800000
-1.0000000000 0.0000000000 0.0000000000 319.9778300000
0.0000000000 0.0000000000 0.0000000000 1.0000000000

0.0000000000 0.0000000000 1.0000000000 331.0637100000
0.0000000000 1.0000000000 0.0000000000 18.9661800000
-1.0000000000 0.0000000000 0.0000000000 319.9778300000
0.0000000000 0.0000000000 0.0000000000 1.0000000000

0.0000000000 0.0000000000 1.0000000000 331.0637100000
0.0000000000 1.0000000000 0.0000000000 18.9911800000
-1.0000000000 0.0000000000 0.0000000000 319.9778300000
0.0000000000 0.0000000000 0.0000000000 1.0000000000

0.0000000000 0.0000000000 1.0000000000 331.0637100000
0.0000000000 1.0000000000 0.0000000000 19.0161800000
-1.0000000000 0.0000000000 0.0000000000 319.9778300000
0.0000000000 0.0000000000 0.0000000000 1.0000000000

0.0000000000 0.0000000000 1.0000000000 331.0637100000
0.0000000000 1.0000000000 0.0000000000 19.0411800000
-1.0000000000 0.0000000000 0.0000000000 319.9778300000
0.0000000000 0.0000000000 0.0000000000 1.0000000000

0.0000000000 0.0000000000 1.0000000000 331.0637100000
0.0000000000 1.0000000000 0.0000000000 19.0661800000
-1.0000000000 0.0000000000 0.0000000000 319.9778300000
0.0000000000 0.0000000000 0.0000000000 1.0000000000

0.0000000000 0.0000000000 1.0000000000 331.0637100000
0.0000000000 1.0000000000 0.0000000000 19.0911800000
-1.0000000000 0.0000000000 0.0000000000 319.9778300000
0.0000000000 0.0000000000 0.0000000000 1.0000000000

0.0000000000 0.0000000000 1.0000000000 331.0637100000
0.0000000000 1.0000000000 0.0000000000 19.1161800000
-1.0000000000 0.0000000000 0.0000000000 319.9778300000
0.0000000000 0.0000000000 0.0000000000 1.0000000000

0.0000000000 0.0000000000 1.0000000000 331.0637100000
0.0000000000 1.0000000000 0.0000000000 19.1411800000
-1.0000000000 0.0000000000 0.0000000000 319.9778300000
0.0000000000 0.0000000000 0.0000000000 1.0000000000

0.0000000000 0.0000000000 1.0000000000 331.0637100000
0.0000000000 1.0000000000 0.0000000000 19.1661800000
-1.0000000000 0.0000000000 0.0000000000 319.9778300000
0.0000000000 0.0000000000 0.0000000000 1.0000000000

0.0000000000 0.0000000000 1.0000000000 331.0637100000
0.0000000000 1.0000000000 0.0000000000 19.1911800000
-1.0000000000 0.0000000000 0.0000000000 319.9778300000
0.0000000000 0.0000000000 0.0000000000 1.0000000000

0.0000000000 0.0000000000 1.0000000000 331.0637100000
0.0000000000 1.0000000000 0.0000000000 19.2161800000
-1.0000000000 0.0000000000 0.0000000000 319.9778300000
0.0000000000 0.0000000000 0.0000000000 1.0000000000

0.0000000000 0.0000000000 1.0000000000 331.0637100000
0.0000000000 1.0000000000 0.0000000000 19.2411800000
-1.0000000000 0.0000000000 0.0000000000 319.9778300000
0.0000000000 0.0000000000 0.0000000000 1.0000000000

0.0000000000 0.0000000000 1.0000000000 331.0637100000
0.0000000000 1.0000000000 0.0000000000 19.2661800000
-1.0000000000 0.0000000000 0.0000000000 319.9778300000
0.0000000000 0.0000000000 0.0000000000 1.0000000000

0.0000000000 0.0000000000 1.0000000000 331.0637100000
0.0000000000 1.0000000000 0.0000000000 19.2911800000
-1.0000000000 0.0000000000 0.0000000000 319.9778300000
0.0000000000 0.0000000000 0.0000000000 1.0000000000

0.0000000000 0.0000000000 1.0000000000 331.0637100000
0.0000000000 1.0000000000 0.0000000000 19.3161800000
-1.0000000000 0.0000000000 0.0000000000 319.9778300000
0.0000000000 0.0000000000 0.0000000000 1.0000000000

0.0000000000 0.0000000000 1.0000000000 331.0637100000
0.0000000000 1.0000000000 0.0000000000 19.3411800000
-1.0000000000 0.0000000000 0.0000000000 319.9778300000
0.0000000000 0.0000000000 0.0000000000 1.0000000000

0.0000000000 0.0000000000 1.0000000000 331.0637100000
0.0000000000 1.0000000000 0.0000000000 19.3661800000
-1.0000000000 0.0000000000 0.0000000000 319.9778300000
0.0000000000 0.0000000000 0.0000000000 1.0000000000

0.0000000000 0.0000000000 1.0000000000 331.0637100000
0.0000000000 1.0000000000 0.0000000000 19.3911800000
-1.0000000000 0.0000000000 0.0000000000 319.9778300000
0.0000000000 0.0000000000 0.0000000000 1.0000000000

0.0000000000 0.0000000000 1.0000000000 331.0637100000
0.0000000000 1.0000000000 0.0000000000 19.4161800000
-1.0000000000 0.0000000000 0.0000000000 319.9778300000
0.0000000000 0.0000000000 0.0000000000 1.0000000000

0.0000000000 0.0000000000 1.0000000000 331.0637100000
0.0000000000 1.0000000000 0.0000000000 19.4411800000
-1.0000000000 0.0000000000 0.0000000000 319.9778300000
0.0000000000 0.0000000000 0.0000000000 1.0000000000

0.0000000000 0.0000000000 1.0000000000 331.0637100000
0.0000000000 1.0000000000 0.0000000000 19.4661800000
-1.0000000000 0.0000000000 0.0000000000 319.9778300000
0.0000000000 0.0000000000 0.0000000000 1.0000000000

0.0000000000 0.0000000000 1.0000000000 331.0637100000
0.0000000000 1.0000000000 0.0000000000 19.4911800000
-1.0000000000 0.0000000000 0.0000000000 319.9778300000
0.0000000000 0.0000000000 0.0000000000 1.0000000000

0.0000000000 0.0000000000 1.0000000000 331.0637100000
0.0000000000 1.0000000000 0.0000000000 19.5161800000
-1.0000000000 0.0000000000 0.0000000000 319.9778300000
0.0000000000 0.0000000000 0.0000000000 1.0000000000

0.0000000000 0.0000000000 1.0000000000 331.0637100000
0.0000000000 1.0000000000 0.0000000000 19.5411800000
-1.0000000000 0.0000000000 0.0000000000 319.9778300000
0.0000000000 0.0000000000 0.0000000000 1.0000000000

0.0000000000 0.0000000000 1.0000000000 331.0637100000
0.0000000000 1.0000000000 0.0000000000 19.5661800000
-1.0000000000 0.0000000000 0.0000000000 319.9778300000
0.0000000000 0.0000000000 0.0000000000 1.0000000000

0.0000000000 0.0000000000 1.0000000000 331.0637100000
0.0000000000 1.0000000000 0.0000000000 19.5911800000
-1.0000000000 0.0000000000 0.0000000000 319.9778300000
0.0000000000 0.0000000000 0.0000000000 1.0000000000

0.0000000000 0.0000000000 1.0000000000 331.0637100000
0.0000000000 1.0000000000 0.0000000000 19.6161800000
-1.0000000000 0.0000000000 0.0000000000 319.9778300000
0.0000000000 0.0000000000 0.0000000000 1.0000000000

0.0000000000 0.0000000000 1.0000000000 331.0637100000
0.0000000000 1.0000000000 0.0000000000 19.6411800000
-1.0000000000 0.0000000000 0.0000000000 319.9778300000
0.0000000000 0.0000000000 0.0000000000 1.0000000000

0.0000000000 0.0000000000 1.0000000000 331.0637100000
0.0000000000 1.0000000000 0.0000000000 19.6661800000
-1.0000000000 0.0000000000 0.0000000000 319.9778300000
0.0000000000 0.0000000000 0.0000000000 1.0000000000

0.0000000000 0.0000000000 1.0000000000 331.0637100000
0.0000000000 1.0000000000 0.0000000000 19.6911800000
-1.0000000000 0.0000000000 0.0000000000 319.9778300000
0.0000000000 0.0000000000 0.0000000000 1.0000000000

0.0000000000 0.0000000000 1.0000000000 331.0637100000
0.0000000000 1.0000000000 0.0000000000 19.7161800000
-1.0000000000 0.0000000000 0.0000000000 319.9778300000
0.0000000000 0.0000000000 0.0000000000 1.0000000000

0.0000000000 0.0000000000 1.0000000000 331.0637100000
0.0000000000 1.0000000000 0.0000000000 19.7411800000
-1.0000000000 0.0000000000 0.0000000000 319.9778300000
0.0000000000 0.0000000000 0.0000000000 1.0000000000

0.0000000000 0.0000000000 1.0000000000 331.0637100000
0.0000000000 1.0000000000 0.0000000000 19.7661800000
-1.0000000000 0.0000000000 0.0000000000 319.9778300000
0.0000000000 0.0000000000 0.0000000000 1.0000000000

0.0000000000 0.0000000000 1.0000000000 331.0637100000
0.0000000000 1.0000000000 0.0000000000 19.7911800000
-1.0000000000 0.0000000000 0.0000000000 319.9778300000
0.0000000000 0.0000000000 0.0000000000 1.0000000000

0.0000000000 0.0000000000 1.0000000000 331.0637100000
0.0000000000 1.0000000000 0.0000000000 19.8161800000
-1.0000000000 0.0000000000 0.0000000000 319.9778300000
0.0000000000 0.0000000000 0.0000000000 1.0000000000

0.0000000000 0.0000000000 1.0000000000 331.0637100000
0.0000000000 1.0000000000 0.0000000000 19.8411800000
-1.0000000000 0.0000000000 0.0000000000 319.9778300000
0.0000000000 0.0000000000 0.0000000000 1.0000000000

0.0000000000 0.0000000000 1.0000000000 331.0637100000
0.0000000000 1.0000000000 0.0000000000 19.8661800000
-1.0000000000 0.0000000000 0.0000000000 319.9778300000
0.0000000000 0.0000000000 0.0000000000 1.0000000000

0.0000000000 0.0000000000 1.0000000000 331.0637100000
0.0000000000 1.0000000000 0.0000000000 19.8911800000
-1.0000000000 0.0000000000 0.0000000000 319.9778300000
0.0000000000 0.0000000000 0.0000000000 1.0000000000

0.0000000000 0.0000000000 1.0000000000 331.0637100000
0.0000000000 1.0000000000 0.0000000000 19.9161800000
-1.0000000000 0.0000000000 0.0000000000 319.9778300000
0.0000000000 0.0000000000 0.0000000000 1.0000000000

0.0000000000 0.0000000000 1.0000000000 331.0637100000
0.0000000000 1.0000000000 0.0000000000 19.9411800000
-1.0000000000 0.0000000000 0.0000000000 319.9778300000
0.0000000000 0.0000000000 0.0000000000 1.0000000000

0.0000000000 0.0000000000 1.0000000000 331.0637100000
0.0000000000 1.0000000000 0.0000000000 19.9661800000
-1.0000000000 0.0000000000 0.0000000000 319.9778300000
0.0000000000 0.0000000000 0.0000000000 1.0000000000

0.0000000000 0.0000000000 1.0000000000 331.0637100000
0.0000000000 1.0000000000 0.0000000000 19.9911800000
-1.0000000000 0.0000000000 0.0000000000 319.9778300000
0.0000000000 0.0000000000 0.0000000000 1.0000000000

0.0000000000 0.0000000000 1.0000000000 331.0637100000
0.0000000000 1.0000000000 0.0000000000 20.0161800000
-1.0000000000 0.0000000000 0.0000000000 319.9778300000
0.0000000000 0.0000000000 0.0000000000 1.0000000000

0.0000000000 0.0000000000 1.0000000000 331.0637100000
0.0000000000 1.0000000000 0.0000000000 20.0411800000
-1.0000000000 0.0000000000 0.0000000000 319.9778300000
0.0000000000 0.0000000000 0.0000000000 1.0000000000

0.0000000000 0.0000000000 1.0000000000 331.0637100000
0.0000000000 1.0000000000 0.0000000000 20.0661800000
-1.0000000000 0.0000000000 0.0000000000 319.9778300000
0.0000000000 0.0000000000 0.0000000000 1.0000000000

0.0000000000 0.0000000000 1.0000000000 331.0637100000
0.0000000000 1.0000000000 0.0000000000 20.0911800000
-1.0000000000 0.0000000000 0.0000000000 319.9778300000
0.0000000000 0.0000000000 0.0000000000 1.0000000000

0.0000000000 0.0000000000 1.0000000000 331.0637100000
0.0000000000 1.0000000000 0.0000000000 20.1161800000
-1.0000000000 0.0000000000 0.0000000000 319.9778300000
0.0000000000 0.0000000000 0.0000000000 1.0000000000

0.0000000000 0.0000000000 1.0000000000 331.0637100000
0.0000000000 1.0000000000 0.0000000000 20.1411800000
-1.0000000000 0.0000000000 0.0000000000 319.9778300000
0.0000000000 0.0000000000 0.0000000000 1.0000000000

0.0000000000 0.0000000000 1.0000000000 331.0637100000
0.0000000000 1.0000000000 0.0000000000 20.1661800000
-1.0000000000 0.0000000000 0.0000000000 319.9778300000
0.0000000000 0.0000000000 0.0000000000 1.0000000000

0.0000000000 0.0000000000 1.0000000000 331.0637100000
0.0000000000 1.0000000000 0.0000000000 20.1911800000
-1.0000000000 0.0000000000 0.0000000000 319.9778300000
0.0000000000 0.0000000000 0.0000000000 1.0000000000

0.0000000000 0.0000000000 1.0000000000 331.0637100000
0.0000000000 1.0000000000 0.0000000000 20.2161800000
-1.0000000000 0.0000000000 0.0000000000 319.9778300000
0.0000000000 0.0000000000 0.0000000000 1.0000000000

0.0000000000 0.0000000000 1.0000000000 331.0637100000
0.0000000000 1.0000000000 0.0000000000 20.2411800000
-1.0000000000 0.0000000000 0.0000000000 319.9778300000
0.0000000000 0.0000000000 0.0000000000 1.0000000000

0.0000000000 0.0000000000 1.0000000000 331.0637100000
0.0000000000 1.0000000000 0.0000000000 20.2661800000
-1.0000000000 0.0000000000 0.0000000000 319.9778300000
0.0000000000 0.0000000000 0.0000000000 1.0000000000

0.0000000000 0.0000000000 1.0000000000 331.0637100000
0.0000000000 1.0000000000 0.0000000000 20.2911800000
-1.0000000000 0.0000000000 0.0000000000 319.9778300000
0.0000000000 0.0000000000 0.0000000000 1.0000000000

0.0000000000 0.0000000000 1.0000000000 331.0637100000
0.0000000000 1.0000000000 0.0000000000 20.3161800000
-1.0000000000 0.0000000000 0.0000000000 319.9778300000
0.0000000000 0.0000000000 0.0000000000 1.0000000000

0.0000000000 0.0000000000 1.0000000000 331.0637100000
0.0000000000 1.0000000000 0.0000000000 20.3411800000
-1.0000000000 0.0000000000 0.0000000000 319.9778300000
0.0000000000 0.0000000000 0.0000000000 1.0000000000

0.0000000000 0.0000000000 1.0000000000 331.0637100000
0.0000000000 1.0000000000 0.0000000000 20.3661800000
-1.0000000000 0.0000000000 0.0000000000 319.9778300000
0.0000000000 0.0000000000 0.0000000000 1.0000000000

0.0000000000 0.0000000000 1.0000000000 331.0637100000
0.0000000000 1.0000000000 0.0000000000 20.3911800000
-1.0000000000 0.0000000000 0.0000000000 319.9778300000
0.0000000000 0.0000000000 0.0000000000 1.0000000000

0.0000000000 0.0000000000 1.0000000000 331.0637100000
0.0000000000 1.0000000000 0.0000000000 20.4161800000
-1.0000000000 0.0000000000 0.0000000000 319.9778300000
0.0000000000 0.0000000000 0.0000000000 1.0000000000

0.0000000000 0.0000000000 1.0000000000 331.0637100000
0.0000000000 1.0000000000 0.0000000000 20.4411800000
-1.0000000000 0.0000000000 0.0000000000 319.9778300000
0.0000000000 0.0000000000 0.0000000000 1.0000000000

0.0000000000 0.0000000000 1.0000000000 331.0637100000
0.0000000000 1.0000000000 0.0000000000 20.4661800000
-1.0000000000 0.0000000000 0.0000000000 319.9778300000
0.0000000000 0.0000000000 0.0000000000 1.0000000000

0.0000000000 0.0000000000 1.0000000000 331.0637100000
0.0000000000 1.0000000000 0.0000000000 20.4911800000
-1.0000000000 0.0000000000 0.0000000000 319.9778300000
0.0000000000 0.0000000000 0.0000000000 1.0000000000

0.0000000000 0.0000000000 1.0000000000 331.0637100000
0.0000000000 1.0000000000 0.0000000000 20.5161800000
-1.0000000000 0.0000000000 0.0000000000 319.9778300000
0.0000000000 0.0000000000 0.0000000000 1.0000000000

0.0000000000 0.0000000000 1.0000000000 331.0637100000
0.0000000000 1.0000000000 0.0000000000 20.5411800000
-1.0000000000 0.0000000000 0.0000000000 319.9778300000
0.0000000000 0.0000000000 0.0000000000 1.0000000000

0.0000000000 0.0000000000 1.0000000000 331.0637100000
0.0000000000 1.0000000000 0.0000000000 20.5661800000
-1.0000000000 0.0000000000 0.0000000000 319.9778300000
0.0000000000 0.0000000000 0.0000000000 1.0000000000

0.0000000000 0.0000000000 1.0000000000 331.0637100000
0.0000000000 1.0000000000 0.0000000000 20.5911800000
-1.0000000000 0.0000000000 0.0000000000 319.9778300000
0.0000000000 0.0000000000 0.0000000000 1.0000000000

0.0000000000 0.0000000000 1.0000000000 331.0637100000
0.0000000000 1.0000000000 0.0000000000 20.6161800000
-1.0000000000 0.0000000000 0.0000000000 319.9778300000
0.0000000000 0.0000000000 0.0000000000 1.0000000000

0.0000000000 0.0000000000 1.0000000000 331.0637100000
0.0000000000 1.0000000000 0.0000000000 20.6411800000
-1.0000000000 0.0000000000 0.0000000000 319.9778300000
0.0000000000 0.0000000000 0.0000000000 1.0000000000

0.0000000000 0.0000000000 1.0000000000 331.0637100000
0.0000000000 1.0000000000 0.0000000000 20.6661800000
-1.0000000000 0.0000000000 0.0000000000 319.9778300000
0.0000000000 0.0000000000 0.0000000000 1.0000000000

0.0000000000 0.0000000000 1.0000000000 331.0637100000
0.0000000000 1.0000000000 0.0000000000 20.6911800000
-1.0000000000 0.0000000000 0.0000000000 319.9778300000
0.0000000000 0.0000000000 0.0000000000 1.0000000000

0.0000000000 0.0000000000 1.0000000000 331.0637100000
0.0000000000 1.0000000000 0.0000000000 20.7161800000
-1.0000000000 0.0000000000 0.0000000000 319.9778300000
0.0000000000 0.0000000000 0.0000000000 1.0000000000

0.0000000000 0.0000000000 1.0000000000 331.0637100000
0.0000000000 1.0000000000 0.0000000000 20.7411800000
-1.0000000000 0.0000000000 0.0000000000 319.9778300000
0.0000000000 0.0000000000 0.0000000000 1.0000000000

0.0000000000 0.0000000000 1.0000000000 331.0637100000
0.0000000000 1.0000000000 0.0000000000 20.7661800000
-1.0000000000 0.0000000000 0.0000000000 319.9778300000
0.0000000000 0.0000000000 0.0000000000 1.0000000000

0.0000000000 0.0000000000 1.0000000000 331.0637100000
0.0000000000 1.0000000000 0.0000000000 20.7911800000
-1.0000000000 0.0000000000 0.0000000000 319.9778300000
0.0000000000 0.0000000000 0.0000000000 1.0000000000

0.0000000000 0.0000000000 1.0000000000 331.0637100000
0.0000000000 1.0000000000 0.0000000000 20.8161800000
-1.0000000000 0.0000000000 0.0000000000 319.9778300000
0.0000000000 0.0000000000 0.0000000000 1.0000000000

0.0000000000 0.0000000000 1.0000000000 331.0637100000
0.0000000000 1.0000000000 0.0000000000 20.8411800000
-1.0000000000 0.0000000000 0.0000000000 319.9778300000
0.0000000000 0.0000000000 0.0000000000 1.0000000000

0.0000000000 0.0000000000 1.0000000000 331.0637100000
0.0000000000 1.0000000000 0.0000000000 20.8661800000
-1.0000000000 0.0000000000 0.0000000000 319.9778300000
0.0000000000 0.0000000000 0.0000000000 1.0000000000

0.0000000000 0.0000000000 1.0000000000 331.0637100000
0.0000000000 1.0000000000 0.0000000000 20.8911800000
-1.0000000000 0.0000000000 0.0000000000 319.9778300000
0.0000000000 0.0000000000 0.0000000000 1.0000000000

0.0000000000 0.0000000000 1.0000000000 331.0637100000
0.0000000000 1.0000000000 0.0000000000 20.9161800000
-1.0000000000 0.0000000000 0.0000000000 319.9778300000
0.0000000000 0.0000000000 0.0000000000 1.0000000000

0.0000000000 0.0000000000 1.0000000000 331.0637100000
0.0000000000 1.0000000000 0.0000000000 20.9411800000
-1.0000000000 0.0000000000 0.0000000000 319.9778300000
0.0000000000 0.0000000000 0.0000000000 1.0000000000

0.0000000000 0.0000000000 1.0000000000 331.0637100000
0.0000000000 1.0000000000 0.0000000000 20.9661800000
-1.0000000000 0.0000000000 0.0000000000 319.9778300000
0.0000000000 0.0000000000 0.0000000000 1.0000000000

0.0000000000 0.0000000000 1.0000000000 331.0637100000
0.0000000000 1.0000000000 0.0000000000 20.9911800000
-1.0000000000 0.0000000000 0.0000000000 319.9778300000
0.0000000000 0.0000000000 0.0000000000 1.0000000000

0.0000000000 0.0000000000 1.0000000000 331.0637100000
0.0000000000 1.0000000000 0.0000000000 21.0161800000
-1.0000000000 0.0000000000 0.0000000000 319.9778300000
0.0000000000 0.0000000000 0.0000000000 1.0000000000

0.0000000000 0.0000000000 1.0000000000 331.0637100000
0.0000000000 1.0000000000 0.0000000000 21.0411800000
-1.0000000000 0.0000000000 0.0000000000 319.9778300000
0.0000000000 0.0000000000 0.0000000000 1.0000000000

0.0000000000 0.0000000000 1.0000000000 331.0637100000
0.0000000000 1.0000000000 0.0000000000 21.0661800000
-1.0000000000 0.0000000000 0.0000000000 319.9778300000
0.0000000000 0.0000000000 0.0000000000 1.0000000000

0.0000000000 0.0000000000 1.0000000000 331.0637100000
0.0000000000 1.0000000000 0.0000000000 21.0911800000
-1.0000000000 0.0000000000 0.0000000000 319.9778300000
0.0000000000 0.0000000000 0.0000000000 1.0000000000

0.0000000000 0.0000000000 1.0000000000 331.0637100000
0.0000000000 1.0000000000 0.0000000000 21.1161800000
-1.0000000000 0.0000000000 0.0000000000 319.9778300000
0.0000000000 0.0000000000 0.0000000000 1.0000000000

0.0000000000 0.0000000000 1.0000000000 331.0637100000
0.0000000000 1.0000000000 0.0000000000 21.1411800000
-1.0000000000 0.0000000000 0.0000000000 319.9778300000
0.0000000000 0.0000000000 0.0000000000 1.0000000000

0.0000000000 0.0000000000 1.0000000000 331.0637100000
0.0000000000 1.0000000000 0.0000000000 21.1661800000
-1.0000000000 0.0000000000 0.0000000000 319.9778300000
0.0000000000 0.0000000000 0.0000000000 1.0000000000

0.0000000000 0.0000000000 1.0000000000 331.0637100000
0.0000000000 1.0000000000 0.0000000000 21.1911800000
-1.0000000000 0.0000000000 0.0000000000 319.9778300000
0.0000000000 0.0000000000 0.0000000000 1.0000000000

0.0000000000 0.0000000000 1.0000000000 331.0637100000
0.0000000000 1.0000000000 0.0000000000 21.2161800000
-1.0000000000 0.0000000000 0.0000000000 319.9778300000
0.0000000000 0.0000000000 0.0000000000 1.0000000000

0.0000000000 0.0000000000 1.0000000000 331.0637100000
0.0000000000 1.0000000000 0.0000000000 21.2411800000
-1.0000000000 0.0000000000 0.0000000000 319.9778300000
0.0000000000 0.0000000000 0.0000000000 1.0000000000

0.0000000000 0.0000000000 1.0000000000 331.0637100000
0.0000000000 1.0000000000 0.0000000000 21.2661800000
-1.0000000000 0.0000000000 0.0000000000 319.9778300000
0.0000000000 0.0000000000 0.0000000000 1.0000000000

0.0000000000 0.0000000000 1.0000000000 331.0637100000
0.0000000000 1.0000000000 0.0000000000 21.2911800000
-1.0000000000 0.0000000000 0.0000000000 319.9778300000
0.0000000000 0.0000000000 0.0000000000 1.0000000000

0.0000000000 0.0000000000 1.0000000000 331.0637100000
0.0000000000 1.0000000000 0.0000000000 21.3161800000
-1.0000000000 0.0000000000 0.0000000000 319.9778300000
0.0000000000 0.0000000000 0.0000000000 1.0000000000

0.0000000000 0.0000000000 1.0000000000 331.0637100000
0.0000000000 1.0000000000 0.0000000000 21.3411800000
-1.0000000000 0.0000000000 0.0000000000 319.9778300000
0.0000000000 0.0000000000 0.0000000000 1.0000000000

0.0000000000 0.0000000000 1.0000000000 331.0637100000
0.0000000000 1.0000000000 0.0000000000 21.3661800000
-1.0000000000 0.0000000000 0.0000000000 319.9778300000
0.0000000000 0.0000000000 0.0000000000 1.0000000000

0.0000000000 0.0000000000 1.0000000000 331.0637100000
0.0000000000 1.0000000000 0.0000000000 21.3911800000
-1.0000000000 0.0000000000 0.0000000000 319.9778300000
0.0000000000 0.0000000000 0.0000000000 1.0000000000

0.0000000000 0.0000000000 1.0000000000 331.0637100000
0.0000000000 1.0000000000 0.0000000000 21.4161800000
-1.0000000000 0.0000000000 0.0000000000 319.9778300000
0.0000000000 0.0000000000 0.0000000000 1.0000000000

0.0000000000 0.0000000000 1.0000000000 331.0637100000
0.0000000000 1.0000000000 0.0000000000 21.4411800000
-1.0000000000 0.0000000000 0.0000000000 319.9778300000
0.0000000000 0.0000000000 0.0000000000 1.0000000000

0.0000000000 0.0000000000 1.0000000000 331.0637100000
0.0000000000 1.0000000000 0.0000000000 21.4661800000
-1.0000000000 0.0000000000 0.0000000000 319.9778300000
0.0000000000 0.0000000000 0.0000000000 1.0000000000

0.0000000000 0.0000000000 1.0000000000 331.0637100000
0.0000000000 1.0000000000 0.0000000000 21.4911800000
-1.0000000000 0.0000000000 0.0000000000 319.9778300000
0.0000000000 0.0000000000 0.0000000000 1.0000000000

0.0000000000 0.0000000000 1.0000000000 331.0637100000
0.0000000000 1.0000000000 0.0000000000 21.5161800000
-1.0000000000 0.0000000000 0.0000000000 319.9778300000
0.0000000000 0.0000000000 0.0000000000 1.0000000000

0.0000000000 0.0000000000 1.0000000000 331.0637100000
0.0000000000 1.0000000000 0.0000000000 21.5411800000
-1.0000000000 0.0000000000 0.0000000000 319.9778300000
0.0000000000 0.0000000000 0.0000000000 1.0000000000

0.0000000000 0.0000000000 1.0000000000 331.0637100000
0.0000000000 1.0000000000 0.0000000000 21.5661800000
-1.0000000000 0.0000000000 0.0000000000 319.9778300000
0.0000000000 0.0000000000 0.0000000000 1.0000000000

0.0000000000 0.0000000000 1.0000000000 331.0637100000
0.0000000000 1.0000000000 0.0000000000 21.5911800000
-1.0000000000 0.0000000000 0.0000000000 319.9778300000
0.0000000000 0.0000000000 0.0000000000 1.0000000000

0.0000000000 0.0000000000 1.0000000000 331.0637100000
0.0000000000 1.0000000000 0.0000000000 21.6161800000
-1.0000000000 0.0000000000 0.0000000000 319.9778300000
0.0000000000 0.0000000000 0.0000000000 1.0000000000

0.0000000000 0.0000000000 1.0000000000 331.0637100000
0.0000000000 1.0000000000 0.0000000000 21.6411800000
-1.0000000000 0.0000000000 0.0000000000 319.9778300000
0.0000000000 0.0000000000 0.0000000000 1.0000000000

0.0000000000 0.0000000000 1.0000000000 331.0637100000
0.0000000000 1.0000000000 0.0000000000 21.6661800000
-1.0000000000 0.0000000000 0.0000000000 319.9778300000
0.0000000000 0.0000000000 0.0000000000 1.0000000000

0.0000000000 0.0000000000 1.0000000000 331.0637100000
0.0000000000 1.0000000000 0.0000000000 21.6911800000
-1.0000000000 0.0000000000 0.0000000000 319.9778300000
0.0000000000 0.0000000000 0.0000000000 1.0000000000

0.0000000000 0.0000000000 1.0000000000 331.0637100000
0.0000000000 1.0000000000 0.0000000000 21.7161800000
-1.0000000000 0.0000000000 0.0000000000 319.9778300000
0.0000000000 0.0000000000 0.0000000000 1.0000000000

0.0000000000 0.0000000000 1.0000000000 331.0637100000
0.0000000000 1.0000000000 0.0000000000 21.7411800000
-1.0000000000 0.0000000000 0.0000000000 319.9778300000
0.0000000000 0.0000000000 0.0000000000 1.0000000000

0.0000000000 0.0000000000 1.0000000000 331.0637100000
0.0000000000 1.0000000000 0.0000000000 21.7661800000
-1.0000000000 0.0000000000 0.0000000000 319.9778300000
0.0000000000 0.0000000000 0.0000000000 1.0000000000

0.0000000000 0.0000000000 1.0000000000 331.0637100000
0.0000000000 1.0000000000 0.0000000000 21.7911800000
-1.0000000000 0.0000000000 0.0000000000 319.9778300000
0.0000000000 0.0000000000 0.0000000000 1.0000000000

0.0000000000 0.0000000000 1.0000000000 331.0637100000
0.0000000000 1.0000000000 0.0000000000 21.8161800000
-1.0000000000 0.0000000000 0.0000000000 319.9778300000
0.0000000000 0.0000000000 0.0000000000 1.0000000000

0.0000000000 0.0000000000 1.0000000000 331.0637100000
0.0000000000 1.0000000000 0.0000000000 21.8411800000
-1.0000000000 0.0000000000 0.0000000000 319.9778300000
0.0000000000 0.0000000000 0.0000000000 1.0000000000

0.0000000000 0.0000000000 1.0000000000 331.0637100000
0.0000000000 1.0000000000 0.0000000000 21.8661800000
-1.0000000000 0.0000000000 0.0000000000 319.9778300000
0.0000000000 0.0000000000 0.0000000000 1.0000000000

0.0000000000 0.0000000000 1.0000000000 331.0637100000
0.0000000000 1.0000000000 0.0000000000 21.8911800000
-1.0000000000 0.0000000000 0.0000000000 319.9778300000
0.0000000000 0.0000000000 0.0000000000 1.0000000000

0.0000000000 0.0000000000 1.0000000000 331.0637100000
0.0000000000 1.0000000000 0.0000000000 21.9161800000
-1.0000000000 0.0000000000 0.0000000000 319.9778300000
0.0000000000 0.0000000000 0.0000000000 1.0000000000

0.0000000000 0.0000000000 1.0000000000 331.0637100000
0.0000000000 1.0000000000 0.0000000000 21.9411800000
-1.0000000000 0.0000000000 0.0000000000 319.9778300000
0.0000000000 0.0000000000 0.0000000000 1.0000000000

0.0000000000 0.0000000000 1.0000000000 331.0637100000
0.0000000000 1.0000000000 0.0000000000 21.9661800000
-1.0000000000 0.0000000000 0.0000000000 319.9778300000
0.0000000000 0.0000000000 0.0000000000 1.0000000000

0.0000000000 0.0000000000 1.0000000000 331.0637100000
0.0000000000 1.0000000000 0.0000000000 21.9911800000
-1.0000000000 0.0000000000 0.0000000000 319.9778300000
0.0000000000 0.0000000000 0.0000000000 1.0000000000

0.0000000000 0.0000000000 1.0000000000 331.0637100000
0.0000000000 1.0000000000 0.0000000000 22.0161800000
-1.0000000000 0.0000000000 0.0000000000 319.9778300000
0.0000000000 0.0000000000 0.0000000000 1.0000000000

0.0000000000 0.0000000000 1.0000000000 331.0637100000
0.0000000000 1.0000000000 0.0000000000 22.0411800000
-1.0000000000 0.0000000000 0.0000000000 319.9778300000
0.0000000000 0.0000000000 0.0000000000 1.0000000000

0.0000000000 0.0000000000 1.0000000000 331.0637100000
0.0000000000 1.0000000000 0.0000000000 22.0661800000
-1.0000000000 0.0000000000 0.0000000000 319.9778300000
0.0000000000 0.0000000000 0.0000000000 1.0000000000

0.0000000000 0.0000000000 1.0000000000 331.0637100000
0.0000000000 1.0000000000 0.0000000000 22.0911800000
-1.0000000000 0.0000000000 0.0000000000 319.9778300000
0.0000000000 0.0000000000 0.0000000000 1.0000000000

0.0000000000 0.0000000000 1.0000000000 331.0637100000
0.0000000000 1.0000000000 0.0000000000 22.1161800000
-1.0000000000 0.0000000000 0.0000000000 319.9778300000
0.0000000000 0.0000000000 0.0000000000 1.0000000000

0.0000000000 0.0000000000 1.0000000000 331.0637100000
0.0000000000 1.0000000000 0.0000000000 22.1411800000
-1.0000000000 0.0000000000 0.0000000000 319.9778300000
0.0000000000 0.0000000000 0.0000000000 1.0000000000

0.0000000000 0.0000000000 1.0000000000 331.0637100000
0.0000000000 1.0000000000 0.0000000000 22.1661800000
-1.0000000000 0.0000000000 0.0000000000 319.9778300000
0.0000000000 0.0000000000 0.0000000000 1.0000000000

0.0000000000 0.0000000000 1.0000000000 331.0637100000
0.0000000000 1.0000000000 0.0000000000 22.1911800000
-1.0000000000 0.0000000000 0.0000000000 319.9778300000
0.0000000000 0.0000000000 0.0000000000 1.0000000000

0.0000000000 0.0000000000 1.0000000000 331.0637100000
0.0000000000 1.0000000000 0.0000000000 22.2161800000
-1.0000000000 0.0000000000 0.0000000000 319.9778300000
0.0000000000 0.0000000000 0.0000000000 1.0000000000

0.0000000000 0.0000000000 1.0000000000 331.0637100000
0.0000000000 1.0000000000 0.0000000000 22.2411800000
-1.0000000000 0.0000000000 0.0000000000 319.9778300000
0.0000000000 0.0000000000 0.0000000000 1.0000000000

0.0000000000 0.0000000000 1.0000000000 331.0637100000
0.0000000000 1.0000000000 0.0000000000 22.2661800000
-1.0000000000 0.0000000000 0.0000000000 319.9778300000
0.0000000000 0.0000000000 0.0000000000 1.0000000000

0.0000000000 0.0000000000 1.0000000000 331.0637100000
0.0000000000 1.0000000000 0.0000000000 22.2911800000
-1.0000000000 0.0000000000 0.0000000000 319.9778300000
0.0000000000 0.0000000000 0.0000000000 1.0000000000

0.0000000000 0.0000000000 1.0000000000 331.0637100000
0.0000000000 1.0000000000 0.0000000000 22.3161800000
-1.0000000000 0.0000000000 0.0000000000 319.9778300000
0.0000000000 0.0000000000 0.0000000000 1.0000000000

0.0000000000 0.0000000000 1.0000000000 331.0637100000
0.0000000000 1.0000000000 0.0000000000 22.3411800000
-1.0000000000 0.0000000000 0.0000000000 319.9778300000
0.0000000000 0.0000000000 0.0000000000 1.0000000000

0.0000000000 0.0000000000 1.0000000000 331.0637100000
0.0000000000 1.0000000000 0.0000000000 22.3661800000
-1.0000000000 0.0000000000 0.0000000000 319.9778300000
0.0000000000 0.0000000000 0.0000000000 1.0000000000

0.0000000000 0.0000000000 1.0000000000 331.0637100000
0.0000000000 1.0000000000 0.0000000000 22.3911800000
-1.0000000000 0.0000000000 0.0000000000 319.9778300000
0.0000000000 0.0000000000 0.0000000000 1.0000000000

0.0000000000 0.0000000000 1.0000000000 331.0637100000
0.0000000000 1.0000000000 0.0000000000 22.4161800000
-1.0000000000 0.0000000000 0.0000000000 319.9778300000
0.0000000000 0.0000000000 0.0000000000 1.0000000000

0.0000000000 0.0000000000 1.0000000000 331.0637100000
0.0000000000 1.0000000000 0.0000000000 22.4411800000
-1.0000000000 0.0000000000 0.0000000000 319.9778300000
0.0000000000 0.0000000000 0.0000000000 1.0000000000

0.0000000000 0.0000000000 1.0000000000 331.0637100000
0.0000000000 1.0000000000 0.0000000000 22.4661800000
-1.0000000000 0.0000000000 0.0000000000 319.9778300000
0.0000000000 0.0000000000 0.0000000000 1.0000000000

0.0000000000 0.0000000000 1.0000000000 331.0637100000
0.0000000000 1.0000000000 0.0000000000 22.4911800000
-1.0000000000 0.0000000000 0.0000000000 319.9778300000
0.0000000000 0.0000000000 0.0000000000 1.0000000000

0.0000000000 0.0000000000 1.0000000000 331.0637100000
0.0000000000 1.0000000000 0.0000000000 22.5161800000
-1.0000000000 0.0000000000 0.0000000000 319.9778300000
0.0000000000 0.0000000000 0.0000000000 1.0000000000

0.0000000000 0.0000000000 1.0000000000 331.0637100000
0.0000000000 1.0000000000 0.0000000000 22.5411800000
-1.0000000000 0.0000000000 0.0000000000 319.9778300000
0.0000000000 0.0000000000 0.0000000000 1.0000000000

0.0000000000 0.0000000000 1.0000000000 331.0637100000
0.0000000000 1.0000000000 0.0000000000 22.5661800000
-1.0000000000 0.0000000000 0.0000000000 319.9778300000
0.0000000000 0.0000000000 0.0000000000 1.0000000000

0.0000000000 0.0000000000 1.0000000000 331.0637100000
0.0000000000 1.0000000000 0.0000000000 22.5911800000
-1.0000000000 0.0000000000 0.0000000000 319.9778300000
0.0000000000 0.0000000000 0.0000000000 1.0000000000

0.0000000000 0.0000000000 1.0000000000 331.0637100000
0.0000000000 1.0000000000 0.0000000000 22.6161800000
-1.0000000000 0.0000000000 0.0000000000 319.9778300000
0.0000000000 0.0000000000 0.0000000000 1.0000000000

0.0000000000 0.0000000000 1.0000000000 331.0637100000
0.0000000000 1.0000000000 0.0000000000 22.6411800000
-1.0000000000 0.0000000000 0.0000000000 319.9778300000
0.0000000000 0.0000000000 0.0000000000 1.0000000000

0.0000000000 0.0000000000 1.0000000000 331.0637100000
0.0000000000 1.0000000000 0.0000000000 22.6661800000
-1.0000000000 0.0000000000 0.0000000000 319.9778300000
0.0000000000 0.0000000000 0.0000000000 1.0000000000

0.0000000000 0.0000000000 1.0000000000 331.0637100000
0.0000000000 1.0000000000 0.0000000000 22.6911800000
-1.0000000000 0.0000000000 0.0000000000 319.9778300000
0.0000000000 0.0000000000 0.0000000000 1.0000000000

0.0000000000 0.0000000000 1.0000000000 331.0637100000
0.0000000000 1.0000000000 0.0000000000 22.7161800000
-1.0000000000 0.0000000000 0.0000000000 319.9778300000
0.0000000000 0.0000000000 0.0000000000 1.0000000000

0.0000000000 0.0000000000 1.0000000000 331.0637100000
0.0000000000 1.0000000000 0.0000000000 22.7411800000
-1.0000000000 0.0000000000 0.0000000000 319.9778300000
0.0000000000 0.0000000000 0.0000000000 1.0000000000

0.0000000000 0.0000000000 1.0000000000 331.0637100000
0.0000000000 1.0000000000 0.0000000000 22.7661800000
-1.0000000000 0.0000000000 0.0000000000 319.9778300000
0.0000000000 0.0000000000 0.0000000000 1.0000000000

0.0000000000 0.0000000000 1.0000000000 331.0637100000
0.0000000000 1.0000000000 0.0000000000 22.7911800000
-1.0000000000 0.0000000000 0.0000000000 319.9778300000
0.0000000000 0.0000000000 0.0000000000 1.0000000000

0.0000000000 0.0000000000 1.0000000000 331.0637100000
0.0000000000 1.0000000000 0.0000000000 22.8161800000
-1.0000000000 0.0000000000 0.0000000000 319.9778300000
0.0000000000 0.0000000000 0.0000000000 1.0000000000

0.0000000000 0.0000000000 1.0000000000 331.0637100000
0.0000000000 1.0000000000 0.0000000000 22.8411800000
-1.0000000000 0.0000000000 0.0000000000 319.9778300000
0.0000000000 0.0000000000 0.0000000000 1.0000000000

0.0000000000 0.0000000000 1.0000000000 331.0637100000
0.0000000000 1.0000000000 0.0000000000 22.8661800000
-1.0000000000 0.0000000000 0.0000000000 319.9778300000
0.0000000000 0.0000000000 0.0000000000 1.0000000000

0.0000000000 0.0000000000 1.0000000000 331.0637100000
0.0000000000 1.0000000000 0.0000000000 22.8911800000
-1.0000000000 0.0000000000 0.0000000000 319.9778300000
0.0000000000 0.0000000000 0.0000000000 1.0000000000

0.0000000000 0.0000000000 1.0000000000 331.0637100000
0.0000000000 1.0000000000 0.0000000000 22.9161800000
-1.0000000000 0.0000000000 0.0000000000 319.9778300000
0.0000000000 0.0000000000 0.0000000000 1.0000000000

0.0000000000 0.0000000000 1.0000000000 331.0637100000
0.0000000000 1.0000000000 0.0000000000 22.9411800000
-1.0000000000 0.0000000000 0.0000000000 319.9778300000
0.0000000000 0.0000000000 0.0000000000 1.0000000000

0.0000000000 0.0000000000 1.0000000000 331.0637100000
0.0000000000 1.0000000000 0.0000000000 22.9661800000
-1.0000000000 0.0000000000 0.0000000000 319.9778300000
0.0000000000 0.0000000000 0.0000000000 1.0000000000

0.0000000000 0.0000000000 1.0000000000 331.0637100000
0.0000000000 1.0000000000 0.0000000000 22.9911800000
-1.0000000000 0.0000000000 0.0000000000 319.9778300000
0.0000000000 0.0000000000 0.0000000000 1.0000000000

0.0000000000 0.0000000000 1.0000000000 331.0637100000
0.0000000000 1.0000000000 0.0000000000 23.0161800000
-1.0000000000 0.0000000000 0.0000000000 319.9778300000
0.0000000000 0.0000000000 0.0000000000 1.0000000000

0.0000000000 0.0000000000 1.0000000000 331.0637100000
0.0000000000 1.0000000000 0.0000000000 23.0411800000
-1.0000000000 0.0000000000 0.0000000000 319.9778300000
0.0000000000 0.0000000000 0.0000000000 1.0000000000

0.0000000000 0.0000000000 1.0000000000 331.0637100000
0.0000000000 1.0000000000 0.0000000000 23.0661800000
-1.0000000000 0.0000000000 0.0000000000 319.9778300000
0.0000000000 0.0000000000 0.0000000000 1.0000000000

0.0000000000 0.0000000000 1.0000000000 331.0637100000
0.0000000000 1.0000000000 0.0000000000 23.0911800000
-1.0000000000 0.0000000000 0.0000000000 319.9778300000
0.0000000000 0.0000000000 0.0000000000 1.0000000000

0.0000000000 0.0000000000 1.0000000000 331.0637100000
0.0000000000 1.0000000000 0.0000000000 23.1161800000
-1.0000000000 0.0000000000 0.0000000000 319.9778300000
0.0000000000 0.0000000000 0.0000000000 1.0000000000

0.0000000000 0.0000000000 1.0000000000 331.0637100000
0.0000000000 1.0000000000 0.0000000000 23.1411800000
-1.0000000000 0.0000000000 0.0000000000 319.9778300000
0.0000000000 0.0000000000 0.0000000000 1.0000000000

0.0000000000 0.0000000000 1.0000000000 331.0637100000
0.0000000000 1.0000000000 0.0000000000 23.1661800000
-1.0000000000 0.0000000000 0.0000000000 319.9778300000
0.0000000000 0.0000000000 0.0000000000 1.0000000000

0.0000000000 0.0000000000 1.0000000000 331.0637100000
0.0000000000 1.0000000000 0.0000000000 23.1911800000
-1.0000000000 0.0000000000 0.0000000000 319.9778300000
0.0000000000 0.0000000000 0.0000000000 1.0000000000

0.0000000000 0.0000000000 1.0000000000 331.0637100000
0.0000000000 1.0000000000 0.0000000000 23.2161800000
-1.0000000000 0.0000000000 0.0000000000 319.9778300000
0.0000000000 0.0000000000 0.0000000000 1.0000000000

0.0000000000 0.0000000000 1.0000000000 331.0637100000
0.0000000000 1.0000000000 0.0000000000 23.2411800000
-1.0000000000 0.0000000000 0.0000000000 319.9778300000
0.0000000000 0.0000000000 0.0000000000 1.0000000000

0.0000000000 0.0000000000 1.0000000000 331.0637100000
0.0000000000 1.0000000000 0.0000000000 23.2661800000
-1.0000000000 0.0000000000 0.0000000000 319.9778300000
0.0000000000 0.0000000000 0.0000000000 1.0000000000

0.0000000000 0.0000000000 1.0000000000 331.0637100000
0.0000000000 1.0000000000 0.0000000000 23.2911800000
-1.0000000000 0.0000000000 0.0000000000 319.9778300000
0.0000000000 0.0000000000 0.0000000000 1.0000000000

0.0000000000 0.0000000000 1.0000000000 331.0637100000
0.0000000000 1.0000000000 0.0000000000 23.3161800000
-1.0000000000 0.0000000000 0.0000000000 319.9778300000
0.0000000000 0.0000000000 0.0000000000 1.0000000000

0.0000000000 0.0000000000 1.0000000000 331.0637100000
0.0000000000 1.0000000000 0.0000000000 23.3411800000
-1.0000000000 0.0000000000 0.0000000000 319.9778300000
0.0000000000 0.0000000000 0.0000000000 1.0000000000

0.0000000000 0.0000000000 1.0000000000 331.0637100000
0.0000000000 1.0000000000 0.0000000000 23.3661800000
-1.0000000000 0.0000000000 0.0000000000 319.9778300000
0.0000000000 0.0000000000 0.0000000000 1.0000000000

0.0000000000 0.0000000000 1.0000000000 331.0637100000
0.0000000000 1.0000000000 0.0000000000 23.3911800000
-1.0000000000 0.0000000000 0.0000000000 319.9778300000
0.0000000000 0.0000000000 0.0000000000 1.0000000000

0.0000000000 0.0000000000 1.0000000000 331.0637100000
0.0000000000 1.0000000000 0.0000000000 23.4161800000
-1.0000000000 0.0000000000 0.0000000000 319.9778300000
0.0000000000 0.0000000000 0.0000000000 1.0000000000

0.0000000000 0.0000000000 1.0000000000 331.0637100000
0.0000000000 1.0000000000 0.0000000000 23.4411800000
-1.0000000000 0.0000000000 0.0000000000 319.9778300000
0.0000000000 0.0000000000 0.0000000000 1.0000000000

0.0000000000 0.0000000000 1.0000000000 331.0637100000
0.0000000000 1.0000000000 0.0000000000 23.4661800000
-1.0000000000 0.0000000000 0.0000000000 319.9778300000
0.0000000000 0.0000000000 0.0000000000 1.0000000000

0.0000000000 0.0000000000 1.0000000000 331.0637100000
0.0000000000 1.0000000000 0.0000000000 23.4911800000
-1.0000000000 0.0000000000 0.0000000000 319.9778300000
0.0000000000 0.0000000000 0.0000000000 1.0000000000

0.0000000000 0.0000000000 1.0000000000 331.0637100000
0.0000000000 1.0000000000 0.0000000000 23.5161800000
-1.0000000000 0.0000000000 0.0000000000 319.9778300000
0.0000000000 0.0000000000 0.0000000000 1.0000000000

0.0000000000 0.0000000000 1.0000000000 331.0637100000
0.0000000000 1.0000000000 0.0000000000 23.5411800000
-1.0000000000 0.0000000000 0.0000000000 319.9778300000
0.0000000000 0.0000000000 0.0000000000 1.0000000000

0.0000000000 0.0000000000 1.0000000000 331.0637100000
0.0000000000 1.0000000000 0.0000000000 23.5661800000
-1.0000000000 0.0000000000 0.0000000000 319.9778300000
0.0000000000 0.0000000000 0.0000000000 1.0000000000

0.0000000000 0.0000000000 1.0000000000 331.0637100000
0.0000000000 1.0000000000 0.0000000000 23.5911800000
-1.0000000000 0.0000000000 0.0000000000 319.9778300000
0.0000000000 0.0000000000 0.0000000000 1.0000000000

0.0000000000 0.0000000000 1.0000000000 331.0637100000
0.0000000000 1.0000000000 0.0000000000 23.6161800000
-1.0000000000 0.0000000000 0.0000000000 319.9778300000
0.0000000000 0.0000000000 0.0000000000 1.0000000000

0.0000000000 0.0000000000 1.0000000000 331.0637100000
0.0000000000 1.0000000000 0.0000000000 23.6411800000
-1.0000000000 0.0000000000 0.0000000000 319.9778300000
0.0000000000 0.0000000000 0.0000000000 1.0000000000

0.0000000000 0.0000000000 1.0000000000 331.0637100000
0.0000000000 1.0000000000 0.0000000000 23.6661800000
-1.0000000000 0.0000000000 0.0000000000 319.9778300000
0.0000000000 0.0000000000 0.0000000000 1.0000000000

0.0000000000 0.0000000000 1.0000000000 331.0637100000
0.0000000000 1.0000000000 0.0000000000 23.6911800000
-1.0000000000 0.0000000000 0.0000000000 319.9778300000
0.0000000000 0.0000000000 0.0000000000 1.0000000000

0.0000000000 0.0000000000 1.0000000000 331.0637100000
0.0000000000 1.0000000000 0.0000000000 23.7161800000
-1.0000000000 0.0000000000 0.0000000000 319.9778300000
0.0000000000 0.0000000000 0.0000000000 1.0000000000

0.0000000000 0.0000000000 1.0000000000 331.0637100000
0.0000000000 1.0000000000 0.0000000000 23.7411800000
-1.0000000000 0.0000000000 0.0000000000 319.9778300000
0.0000000000 0.0000000000 0.0000000000 1.0000000000

0.0000000000 0.0000000000 1.0000000000 331.0637100000
0.0000000000 1.0000000000 0.0000000000 23.7661800000
-1.0000000000 0.0000000000 0.0000000000 319.9778300000
0.0000000000 0.0000000000 0.0000000000 1.0000000000

0.0000000000 0.0000000000 1.0000000000 331.0637100000
0.0000000000 1.0000000000 0.0000000000 23.7911800000
-1.0000000000 0.0000000000 0.0000000000 319.9778300000
0.0000000000 0.0000000000 0.0000000000 1.0000000000

0.0000000000 0.0000000000 1.0000000000 331.0637100000
0.0000000000 1.0000000000 0.0000000000 23.8161800000
-1.0000000000 0.0000000000 0.0000000000 319.9778300000
0.0000000000 0.0000000000 0.0000000000 1.0000000000

0.0000000000 0.0000000000 1.0000000000 331.0637100000
0.0000000000 1.0000000000 0.0000000000 23.8411800000
-1.0000000000 0.0000000000 0.0000000000 319.9778300000
0.0000000000 0.0000000000 0.0000000000 1.0000000000

0.0000000000 0.0000000000 1.0000000000 331.0637100000
0.0000000000 1.0000000000 0.0000000000 23.8661800000
-1.0000000000 0.0000000000 0.0000000000 319.9778300000
0.0000000000 0.0000000000 0.0000000000 1.0000000000

0.0000000000 0.0000000000 1.0000000000 331.0637100000
0.0000000000 1.0000000000 0.0000000000 23.8911800000
-1.0000000000 0.0000000000 0.0000000000 319.9778300000
0.0000000000 0.0000000000 0.0000000000 1.0000000000

0.0000000000 0.0000000000 1.0000000000 331.0637100000
0.0000000000 1.0000000000 0.0000000000 23.9161800000
-1.0000000000 0.0000000000 0.0000000000 319.9778300000
0.0000000000 0.0000000000 0.0000000000 1.0000000000

0.0000000000 0.0000000000 1.0000000000 331.0637100000
0.0000000000 1.0000000000 0.0000000000 23.9411800000
-1.0000000000 0.0000000000 0.0000000000 319.9778300000
0.0000000000 0.0000000000 0.0000000000 1.0000000000

0.0000000000 0.0000000000 1.0000000000 331.0637100000
0.0000000000 1.0000000000 0.0000000000 23.9661800000
-1.0000000000 0.0000000000 0.0000000000 319.9778300000
0.0000000000 0.0000000000 0.0000000000 1.0000000000

0.0000000000 0.0000000000 1.0000000000 331.0637100000
0.0000000000 1.0000000000 0.0000000000 23.9911800000
-1.0000000000 0.0000000000 0.0000000000 319.9778300000
0.0000000000 0.0000000000 0.0000000000 1.0000000000

0.0000000000 0.0000000000 1.0000000000 331.0637100000
0.0000000000 1.0000000000 0.0000000000 24.0161800000
-1.0000000000 0.0000000000 0.0000000000 319.9778300000
0.0000000000 0.0000000000 0.0000000000 1.0000000000

0.0000000000 0.0000000000 1.0000000000 331.0637100000
0.0000000000 1.0000000000 0.0000000000 24.0411800000
-1.0000000000 0.0000000000 0.0000000000 319.9778300000
0.0000000000 0.0000000000 0.0000000000 1.0000000000

0.0000000000 0.0000000000 1.0000000000 331.0637100000
0.0000000000 1.0000000000 0.0000000000 24.0661800000
-1.0000000000 0.0000000000 0.0000000000 319.9778300000
0.0000000000 0.0000000000 0.0000000000 1.0000000000

0.0000000000 0.0000000000 1.0000000000 331.0637100000
0.0000000000 1.0000000000 0.0000000000 24.0911800000
-1.0000000000 0.0000000000 0.0000000000 319.9778300000
0.0000000000 0.0000000000 0.0000000000 1.0000000000

0.0000000000 0.0000000000 1.0000000000 331.0637100000
0.0000000000 1.0000000000 0.0000000000 24.1161800000
-1.0000000000 0.0000000000 0.0000000000 319.9778300000
0.0000000000 0.0000000000 0.0000000000 1.0000000000

0.0000000000 0.0000000000 1.0000000000 331.0637100000
0.0000000000 1.0000000000 0.0000000000 24.1411800000
-1.0000000000 0.0000000000 0.0000000000 319.9778300000
0.0000000000 0.0000000000 0.0000000000 1.0000000000

0.0000000000 0.0000000000 1.0000000000 331.0637100000
0.0000000000 1.0000000000 0.0000000000 24.1661800000
-1.0000000000 0.0000000000 0.0000000000 319.9778300000
0.0000000000 0.0000000000 0.0000000000 1.0000000000

0.0000000000 0.0000000000 1.0000000000 331.0637100000
0.0000000000 1.0000000000 0.0000000000 24.1911800000
-1.0000000000 0.0000000000 0.0000000000 319.9778300000
0.0000000000 0.0000000000 0.0000000000 1.0000000000

0.0000000000 0.0000000000 1.0000000000 331.0637100000
0.0000000000 1.0000000000 0.0000000000 24.2161800000
-1.0000000000 0.0000000000 0.0000000000 319.9778300000
0.0000000000 0.0000000000 0.0000000000 1.0000000000

0.0000000000 0.0000000000 1.0000000000 331.0637100000
0.0000000000 1.0000000000 0.0000000000 24.2411800000
-1.0000000000 0.0000000000 0.0000000000 319.9778300000
0.0000000000 0.0000000000 0.0000000000 1.0000000000

0.0000000000 0.0000000000 1.0000000000 331.0637100000
0.0000000000 1.0000000000 0.0000000000 24.2661800000
-1.0000000000 0.0000000000 0.0000000000 319.9778300000
0.0000000000 0.0000000000 0.0000000000 1.0000000000

0.0000000000 0.0000000000 1.0000000000 331.0637100000
0.0000000000 1.0000000000 0.0000000000 24.2911800000
-1.0000000000 0.0000000000 0.0000000000 319.9778300000
0.0000000000 0.0000000000 0.0000000000 1.0000000000

0.0000000000 0.0000000000 1.0000000000 331.0637100000
0.0000000000 1.0000000000 0.0000000000 24.3161800000
-1.0000000000 0.0000000000 0.0000000000 319.9778300000
0.0000000000 0.0000000000 0.0000000000 1.0000000000

0.0000000000 0.0000000000 1.0000000000 331.0637100000
0.0000000000 1.0000000000 0.0000000000 24.3411800000
-1.0000000000 0.0000000000 0.0000000000 319.9778300000
0.0000000000 0.0000000000 0.0000000000 1.0000000000

0.0000000000 0.0000000000 1.0000000000 331.0637100000
0.0000000000 1.0000000000 0.0000000000 24.3661800000
-1.0000000000 0.0000000000 0.0000000000 319.9778300000
0.0000000000 0.0000000000 0.0000000000 1.0000000000

0.0000000000 0.0000000000 1.0000000000 331.0637100000
0.0000000000 1.0000000000 0.0000000000 24.3911800000
-1.0000000000 0.0000000000 0.0000000000 319.9778300000
0.0000000000 0.0000000000 0.0000000000 1.0000000000

0.0000000000 0.0000000000 1.0000000000 331.0637100000
0.0000000000 1.0000000000 0.0000000000 24.4161800000
-1.0000000000 0.0000000000 0.0000000000 319.9778300000
0.0000000000 0.0000000000 0.0000000000 1.0000000000

0.0000000000 0.0000000000 1.0000000000 331.0637100000
0.0000000000 1.0000000000 0.0000000000 24.4411800000
-1.0000000000 0.0000000000 0.0000000000 319.9778300000
0.0000000000 0.0000000000 0.0000000000 1.0000000000

0.0000000000 0.0000000000 1.0000000000 331.0637100000
0.0000000000 1.0000000000 0.0000000000 24.4661800000
-1.0000000000 0.0000000000 0.0000000000 319.9778300000
0.0000000000 0.0000000000 0.0000000000 1.0000000000

0.0000000000 0.0000000000 1.0000000000 331.0637100000
0.0000000000 1.0000000000 0.0000000000 24.4911800000
-1.0000000000 0.0000000000 0.0000000000 319.9778300000
0.0000000000 0.0000000000 0.0000000000 1.0000000000

0.0000000000 0.0000000000 1.0000000000 331.0637100000
0.0000000000 1.0000000000 0.0000000000 24.5161800000
-1.0000000000 0.0000000000 0.0000000000 319.9778300000
0.0000000000 0.0000000000 0.0000000000 1.0000000000

0.0000000000 0.0000000000 1.0000000000 331.0637100000
0.0000000000 1.0000000000 0.0000000000 24.5411800000
-1.0000000000 0.0000000000 0.0000000000 319.9778300000
0.0000000000 0.0000000000 0.0000000000 1.0000000000

0.0000000000 0.0000000000 1.0000000000 331.0637100000
0.0000000000 1.0000000000 0.0000000000 24.5661800000
-1.0000000000 0.0000000000 0.0000000000 319.9778300000
0.0000000000 0.0000000000 0.0000000000 1.0000000000

0.0000000000 0.0000000000 1.0000000000 331.0637100000
0.0000000000 1.0000000000 0.0000000000 24.5911800000
-1.0000000000 0.0000000000 0.0000000000 319.9778300000
0.0000000000 0.0000000000 0.0000000000 1.0000000000

0.0000000000 0.0000000000 1.0000000000 331.0637100000
0.0000000000 1.0000000000 0.0000000000 24.6161800000
-1.0000000000 0.0000000000 0.0000000000 319.9778300000
0.0000000000 0.0000000000 0.0000000000 1.0000000000

0.0000000000 0.0000000000 1.0000000000 331.0637100000
0.0000000000 1.0000000000 0.0000000000 24.6411800000
-1.0000000000 0.0000000000 0.0000000000 319.9778300000
0.0000000000 0.0000000000 0.0000000000 1.0000000000

0.0000000000 0.0000000000 1.0000000000 331.0637100000
0.0000000000 1.0000000000 0.0000000000 24.6661800000
-1.0000000000 0.0000000000 0.0000000000 319.9778300000
0.0000000000 0.0000000000 0.0000000000 1.0000000000

0.0000000000 0.0000000000 1.0000000000 331.0637100000
0.0000000000 1.0000000000 0.0000000000 24.6911800000
-1.0000000000 0.0000000000 0.0000000000 319.9778300000
0.0000000000 0.0000000000 0.0000000000 1.0000000000

0.0000000000 0.0000000000 1.0000000000 331.0637100000
0.0000000000 1.0000000000 0.0000000000 24.7161800000
-1.0000000000 0.0000000000 0.0000000000 319.9778300000
0.0000000000 0.0000000000 0.0000000000 1.0000000000

0.0000000000 0.0000000000 1.0000000000 331.0637100000
0.0000000000 1.0000000000 0.0000000000 24.7411800000
-1.0000000000 0.0000000000 0.0000000000 319.9778300000
0.0000000000 0.0000000000 0.0000000000 1.0000000000

0.0000000000 0.0000000000 1.0000000000 331.0637100000
0.0000000000 1.0000000000 0.0000000000 24.7661800000
-1.0000000000 0.0000000000 0.0000000000 319.9778300000
0.0000000000 0.0000000000 0.0000000000 1.0000000000

0.0000000000 0.0000000000 1.0000000000 331.0637100000
0.0000000000 1.0000000000 0.0000000000 24.7911800000
-1.0000000000 0.0000000000 0.0000000000 319.9778300000
0.0000000000 0.0000000000 0.0000000000 1.0000000000

0.0000000000 0.0000000000 1.0000000000 331.0637100000
0.0000000000 1.0000000000 0.0000000000 24.8161800000
-1.0000000000 0.0000000000 0.0000000000 319.9778300000
0.0000000000 0.0000000000 0.0000000000 1.0000000000

0.0000000000 0.0000000000 1.0000000000 331.0637100000
0.0000000000 1.0000000000 0.0000000000 24.8411800000
-1.0000000000 0.0000000000 0.0000000000 319.9778300000
0.0000000000 0.0000000000 0.0000000000 1.0000000000

0.0000000000 0.0000000000 1.0000000000 331.0637100000
0.0000000000 1.0000000000 0.0000000000 24.8661800000
-1.0000000000 0.0000000000 0.0000000000 319.9778300000
0.0000000000 0.0000000000 0.0000000000 1.0000000000

0.0000000000 0.0000000000 1.0000000000 331.0637100000
0.0000000000 1.0000000000 0.0000000000 24.8911800000
-1.0000000000 0.0000000000 0.0000000000 319.9778300000
0.0000000000 0.0000000000 0.0000000000 1.0000000000

0.0000000000 0.0000000000 1.0000000000 331.0637100000
0.0000000000 1.0000000000 0.0000000000 24.9161800000
-1.0000000000 0.0000000000 0.0000000000 319.9778300000
0.0000000000 0.0000000000 0.0000000000 1.0000000000

0.0000000000 0.0000000000 1.0000000000 331.0637100000
0.0000000000 1.0000000000 0.0000000000 24.9411800000
-1.0000000000 0.0000000000 0.0000000000 319.9778300000
0.0000000000 0.0000000000 0.0000000000 1.0000000000

0.0000000000 0.0000000000 1.0000000000 331.0637100000
0.0000000000 1.0000000000 0.0000000000 24.9661800000
-1.0000000000 0.0000000000 0.0000000000 319.9778300000
0.0000000000 0.0000000000 0.0000000000 1.0000000000

0.0000000000 0.0000000000 1.0000000000 331.0637100000
0.0000000000 1.0000000000 0.0000000000 24.9911800000
-1.0000000000 0.0000000000 0.0000000000 319.9778300000
0.0000000000 0.0000000000 0.0000000000 1.0000000000

0.0000000000 0.0000000000 1.0000000000 331.0637100000
0.0000000000 1.0000000000 0.0000000000 25.0161800000
-1.0000000000 0.0000000000 0.0000000000 319.9778300000
0.0000000000 0.0000000000 0.0000000000 1.0000000000

0.0000000000 0.0000000000 1.0000000000 331.0637100000
0.0000000000 1.0000000000 0.0000000000 25.0411800000
-1.0000000000 0.0000000000 0.0000000000 319.9778300000
0.0000000000 0.0000000000 0.0000000000 1.0000000000

0.0000000000 0.0000000000 1.0000000000 331.0637100000
0.0000000000 1.0000000000 0.0000000000 25.0661800000
-1.0000000000 0.0000000000 0.0000000000 319.9778300000
0.0000000000 0.0000000000 0.0000000000 1.0000000000

0.0000000000 0.0000000000 1.0000000000 331.0637100000
0.0000000000 1.0000000000 0.0000000000 25.0911800000
-1.0000000000 0.0000000000 0.0000000000 319.9778300000
0.0000000000 0.0000000000 0.0000000000 1.0000000000

0.0000000000 0.0000000000 1.0000000000 331.0637100000
0.0000000000 1.0000000000 0.0000000000 25.1161800000
-1.0000000000 0.0000000000 0.0000000000 319.9778300000
0.0000000000 0.0000000000 0.0000000000 1.0000000000

0.0000000000 0.0000000000 1.0000000000 331.0637100000
0.0000000000 1.0000000000 0.0000000000 25.1411800000
-1.0000000000 0.0000000000 0.0000000000 319.9778300000
0.0000000000 0.0000000000 0.0000000000 1.0000000000

0.0000000000 0.0000000000 1.0000000000 331.0637100000
0.0000000000 1.0000000000 0.0000000000 25.1661800000
-1.0000000000 0.0000000000 0.0000000000 319.9778300000
0.0000000000 0.0000000000 0.0000000000 1.0000000000

0.0000000000 0.0000000000 1.0000000000 331.0637100000
0.0000000000 1.0000000000 0.0000000000 25.1911800000
-1.0000000000 0.0000000000 0.0000000000 319.9778300000
0.0000000000 0.0000000000 0.0000000000 1.0000000000

0.0000000000 0.0000000000 1.0000000000 331.0637100000
0.0000000000 1.0000000000 0.0000000000 25.2161800000
-1.0000000000 0.0000000000 0.0000000000 319.9778300000
0.0000000000 0.0000000000 0.0000000000 1.0000000000

0.0000000000 0.0000000000 1.0000000000 331.0637100000
0.0000000000 1.0000000000 0.0000000000 25.2411800000
-1.0000000000 0.0000000000 0.0000000000 319.9778300000
0.0000000000 0.0000000000 0.0000000000 1.0000000000

0.0000000000 0.0000000000 1.0000000000 331.0637100000
0.0000000000 1.0000000000 0.0000000000 25.2661800000
-1.0000000000 0.0000000000 0.0000000000 319.9778300000
0.0000000000 0.0000000000 0.0000000000 1.0000000000

0.0000000000 0.0000000000 1.0000000000 331.0637100000
0.0000000000 1.0000000000 0.0000000000 25.2911800000
-1.0000000000 0.0000000000 0.0000000000 319.9778300000
0.0000000000 0.0000000000 0.0000000000 1.0000000000

0.0000000000 0.0000000000 1.0000000000 331.0637100000
0.0000000000 1.0000000000 0.0000000000 25.3161800000
-1.0000000000 0.0000000000 0.0000000000 319.9778300000
0.0000000000 0.0000000000 0.0000000000 1.0000000000

0.0000000000 0.0000000000 1.0000000000 331.0637100000
0.0000000000 1.0000000000 0.0000000000 25.3411800000
-1.0000000000 0.0000000000 0.0000000000 319.9778300000
0.0000000000 0.0000000000 0.0000000000 1.0000000000

0.0000000000 0.0000000000 1.0000000000 331.0637100000
0.0000000000 1.0000000000 0.0000000000 25.3661800000
-1.0000000000 0.0000000000 0.0000000000 319.9778300000
0.0000000000 0.0000000000 0.0000000000 1.0000000000

0.0000000000 0.0000000000 1.0000000000 331.0637100000
0.0000000000 1.0000000000 0.0000000000 25.3911800000
-1.0000000000 0.0000000000 0.0000000000 319.9778300000
0.0000000000 0.0000000000 0.0000000000 1.0000000000

0.0000000000 0.0000000000 1.0000000000 331.0637100000
0.0000000000 1.0000000000 0.0000000000 25.4161800000
-1.0000000000 0.0000000000 0.0000000000 319.9778300000
0.0000000000 0.0000000000 0.0000000000 1.0000000000

0.0000000000 0.0000000000 1.0000000000 331.0637100000
0.0000000000 1.0000000000 0.0000000000 25.4411800000
-1.0000000000 0.0000000000 0.0000000000 319.9778300000
0.0000000000 0.0000000000 0.0000000000 1.0000000000

0.0000000000 0.0000000000 1.0000000000 331.0637100000
0.0000000000 1.0000000000 0.0000000000 25.4661800000
-1.0000000000 0.0000000000 0.0000000000 319.9778300000
0.0000000000 0.0000000000 0.0000000000 1.0000000000

0.0000000000 0.0000000000 1.0000000000 331.0637100000
0.0000000000 1.0000000000 0.0000000000 25.4911800000
-1.0000000000 0.0000000000 0.0000000000 319.9778300000
0.0000000000 0.0000000000 0.0000000000 1.0000000000

0.0000000000 0.0000000000 1.0000000000 331.0637100000
0.0000000000 1.0000000000 0.0000000000 25.5161800000
-1.0000000000 0.0000000000 0.0000000000 319.9778300000
0.0000000000 0.0000000000 0.0000000000 1.0000000000

0.0000000000 0.0000000000 1.0000000000 331.0637100000
0.0000000000 1.0000000000 0.0000000000 25.5411800000
-1.0000000000 0.0000000000 0.0000000000 319.9778300000
0.0000000000 0.0000000000 0.0000000000 1.0000000000

0.0000000000 0.0000000000 1.0000000000 331.0637100000
0.0000000000 1.0000000000 0.0000000000 25.5661800000
-1.0000000000 0.0000000000 0.0000000000 319.9778300000
0.0000000000 0.0000000000 0.0000000000 1.0000000000

0.0000000000 0.0000000000 1.0000000000 331.0637100000
0.0000000000 1.0000000000 0.0000000000 25.5911800000
-1.0000000000 0.0000000000 0.0000000000 319.9778300000
0.0000000000 0.0000000000 0.0000000000 1.0000000000

0.0000000000 0.0000000000 1.0000000000 331.0637100000
0.0000000000 1.0000000000 0.0000000000 25.6161800000
-1.0000000000 0.0000000000 0.0000000000 319.9778300000
0.0000000000 0.0000000000 0.0000000000 1.0000000000

0.0000000000 0.0000000000 1.0000000000 331.0637100000
0.0000000000 1.0000000000 0.0000000000 25.6411800000
-1.0000000000 0.0000000000 0.0000000000 319.9778300000
0.0000000000 0.0000000000 0.0000000000 1.0000000000

0.0000000000 0.0000000000 1.0000000000 331.0637100000
0.0000000000 1.0000000000 0.0000000000 25.6661800000
-1.0000000000 0.0000000000 0.0000000000 319.9778300000
0.0000000000 0.0000000000 0.0000000000 1.0000000000

0.0000000000 0.0000000000 1.0000000000 331.0637100000
0.0000000000 1.0000000000 0.0000000000 25.6911800000
-1.0000000000 0.0000000000 0.0000000000 319.9778300000
0.0000000000 0.0000000000 0.0000000000 1.0000000000

0.0000000000 0.0000000000 1.0000000000 331.0637100000
0.0000000000 1.0000000000 0.0000000000 25.7161800000
-1.0000000000 0.0000000000 0.0000000000 319.9778300000
0.0000000000 0.0000000000 0.0000000000 1.0000000000

0.0000000000 0.0000000000 1.0000000000 331.0637100000
0.0000000000 1.0000000000 0.0000000000 25.7411800000
-1.0000000000 0.0000000000 0.0000000000 319.9778300000
0.0000000000 0.0000000000 0.0000000000 1.0000000000

0.0000000000 0.0000000000 1.0000000000 331.0637100000
0.0000000000 1.0000000000 0.0000000000 25.7661800000
-1.0000000000 0.0000000000 0.0000000000 319.9778300000
0.0000000000 0.0000000000 0.0000000000 1.0000000000

0.0000000000 0.0000000000 1.0000000000 331.0637100000
0.0000000000 1.0000000000 0.0000000000 25.7911800000
-1.0000000000 0.0000000000 0.0000000000 319.9778300000
0.0000000000 0.0000000000 0.0000000000 1.0000000000

0.0000000000 0.0000000000 1.0000000000 331.0637100000
0.0000000000 1.0000000000 0.0000000000 25.8161800000
-1.0000000000 0.0000000000 0.0000000000 319.9778300000
0.0000000000 0.0000000000 0.0000000000 1.0000000000

0.0000000000 0.0000000000 1.0000000000 331.0637100000
0.0000000000 1.0000000000 0.0000000000 25.8411800000
-1.0000000000 0.0000000000 0.0000000000 319.9778300000
0.0000000000 0.0000000000 0.0000000000 1.0000000000

0.0000000000 0.0000000000 1.0000000000 331.0637100000
0.0000000000 1.0000000000 0.0000000000 25.8661800000
-1.0000000000 0.0000000000 0.0000000000 319.9778300000
0.0000000000 0.0000000000 0.0000000000 1.0000000000

0.0000000000 0.0000000000 1.0000000000 331.0637100000
0.0000000000 1.0000000000 0.0000000000 25.8911800000
-1.0000000000 0.0000000000 0.0000000000 319.9778300000
0.0000000000 0.0000000000 0.0000000000 1.0000000000

0.0000000000 0.0000000000 1.0000000000 331.0637100000
0.0000000000 1.0000000000 0.0000000000 25.9161800000
-1.0000000000 0.0000000000 0.0000000000 319.9778300000
0.0000000000 0.0000000000 0.0000000000 1.0000000000

0.0000000000 0.0000000000 1.0000000000 331.0637100000
0.0000000000 1.0000000000 0.0000000000 25.9411800000
-1.0000000000 0.0000000000 0.0000000000 319.9778300000
0.0000000000 0.0000000000 0.0000000000 1.0000000000

0.0000000000 0.0000000000 1.0000000000 331.0637100000
0.0000000000 1.0000000000 0.0000000000 25.9661800000
-1.0000000000 0.0000000000 0.0000000000 319.9778300000
0.0000000000 0.0000000000 0.0000000000 1.0000000000

0.0000000000 0.0000000000 1.0000000000 331.0637100000
0.0000000000 1.0000000000 0.0000000000 25.9911800000
-1.0000000000 0.0000000000 0.0000000000 319.9778300000
0.0000000000 0.0000000000 0.0000000000 1.0000000000

0.0000000000 0.0000000000 1.0000000000 331.0637100000
0.0000000000 1.0000000000 0.0000000000 26.0161800000
-1.0000000000 0.0000000000 0.0000000000 319.9778300000
0.0000000000 0.0000000000 0.0000000000 1.0000000000

0.0000000000 0.0000000000 1.0000000000 331.0637100000
0.0000000000 1.0000000000 0.0000000000 26.0411800000
-1.0000000000 0.0000000000 0.0000000000 319.9778300000
0.0000000000 0.0000000000 0.0000000000 1.0000000000

0.0000000000 0.0000000000 1.0000000000 331.0637100000
0.0000000000 1.0000000000 0.0000000000 26.0661800000
-1.0000000000 0.0000000000 0.0000000000 319.9778300000
0.0000000000 0.0000000000 0.0000000000 1.0000000000

0.0000000000 0.0000000000 1.0000000000 331.0637100000
0.0000000000 1.0000000000 0.0000000000 26.0911800000
-1.0000000000 0.0000000000 0.0000000000 319.9778300000
0.0000000000 0.0000000000 0.0000000000 1.0000000000

0.0000000000 0.0000000000 1.0000000000 331.0637100000
0.0000000000 1.0000000000 0.0000000000 26.1161800000
-1.0000000000 0.0000000000 0.0000000000 319.9778300000
0.0000000000 0.0000000000 0.0000000000 1.0000000000

0.0000000000 0.0000000000 1.0000000000 331.0637100000
0.0000000000 1.0000000000 0.0000000000 26.1411800000
-1.0000000000 0.0000000000 0.0000000000 319.9778300000
0.0000000000 0.0000000000 0.0000000000 1.0000000000

0.0000000000 0.0000000000 1.0000000000 331.0637100000
0.0000000000 1.0000000000 0.0000000000 26.1661800000
-1.0000000000 0.0000000000 0.0000000000 319.9778300000
0.0000000000 0.0000000000 0.0000000000 1.0000000000

0.0000000000 0.0000000000 1.0000000000 331.0637100000
0.0000000000 1.0000000000 0.0000000000 26.1911800000
-1.0000000000 0.0000000000 0.0000000000 319.9778300000
0.0000000000 0.0000000000 0.0000000000 1.0000000000

0.0000000000 0.0000000000 1.0000000000 331.0637100000
0.0000000000 1.0000000000 0.0000000000 26.2161800000
-1.0000000000 0.0000000000 0.0000000000 319.9778300000
0.0000000000 0.0000000000 0.0000000000 1.0000000000

0.0000000000 0.0000000000 1.0000000000 331.0637100000
0.0000000000 1.0000000000 0.0000000000 26.2411800000
-1.0000000000 0.0000000000 0.0000000000 319.9778300000
0.0000000000 0.0000000000 0.0000000000 1.0000000000

0.0000000000 0.0000000000 1.0000000000 331.0637100000
0.0000000000 1.0000000000 0.0000000000 26.2661800000
-1.0000000000 0.0000000000 0.0000000000 319.9778300000
0.0000000000 0.0000000000 0.0000000000 1.0000000000

0.0000000000 0.0000000000 1.0000000000 331.0637100000
0.0000000000 1.0000000000 0.0000000000 26.2911800000
-1.0000000000 0.0000000000 0.0000000000 319.9778300000
0.0000000000 0.0000000000 0.0000000000 1.0000000000

0.0000000000 0.0000000000 1.0000000000 331.0637100000
0.0000000000 1.0000000000 0.0000000000 26.3161800000
-1.0000000000 0.0000000000 0.0000000000 319.9778300000
0.0000000000 0.0000000000 0.0000000000 1.0000000000

0.0000000000 0.0000000000 1.0000000000 331.0637100000
0.0000000000 1.0000000000 0.0000000000 26.3411800000
-1.0000000000 0.0000000000 0.0000000000 319.9778300000
0.0000000000 0.0000000000 0.0000000000 1.0000000000

0.0000000000 0.0000000000 1.0000000000 331.0637100000
0.0000000000 1.0000000000 0.0000000000 26.3661800000
-1.0000000000 0.0000000000 0.0000000000 319.9778300000
0.0000000000 0.0000000000 0.0000000000 1.0000000000

0.0000000000 0.0000000000 1.0000000000 331.0637100000
0.0000000000 1.0000000000 0.0000000000 26.3911800000
-1.0000000000 0.0000000000 0.0000000000 319.9778300000
0.0000000000 0.0000000000 0.0000000000 1.0000000000

0.0000000000 0.0000000000 1.0000000000 331.0637100000
0.0000000000 1.0000000000 0.0000000000 26.4161800000
-1.0000000000 0.0000000000 0.0000000000 319.9778300000
0.0000000000 0.0000000000 0.0000000000 1.0000000000

0.0000000000 0.0000000000 1.0000000000 331.0637100000
0.0000000000 1.0000000000 0.0000000000 26.4411800000
-1.0000000000 0.0000000000 0.0000000000 319.9778300000
0.0000000000 0.0000000000 0.0000000000 1.0000000000

0.0000000000 0.0000000000 1.0000000000 331.0637100000
0.0000000000 1.0000000000 0.0000000000 26.4661800000
-1.0000000000 0.0000000000 0.0000000000 319.9778300000
0.0000000000 0.0000000000 0.0000000000 1.0000000000

0.0000000000 0.0000000000 1.0000000000 331.0637100000
0.0000000000 1.0000000000 0.0000000000 26.4911800000
-1.0000000000 0.0000000000 0.0000000000 319.9778300000
0.0000000000 0.0000000000 0.0000000000 1.0000000000

0.0000000000 0.0000000000 1.0000000000 331.0637100000
0.0000000000 1.0000000000 0.0000000000 26.5161800000
-1.0000000000 0.0000000000 0.0000000000 319.9778300000
0.0000000000 0.0000000000 0.0000000000 1.0000000000

0.0000000000 0.0000000000 1.0000000000 331.0637100000
0.0000000000 1.0000000000 0.0000000000 26.5411800000
-1.0000000000 0.0000000000 0.0000000000 319.9778300000
0.0000000000 0.0000000000 0.0000000000 1.0000000000

0.0000000000 0.0000000000 1.0000000000 331.0637100000
0.0000000000 1.0000000000 0.0000000000 26.5661800000
-1.0000000000 0.0000000000 0.0000000000 319.9778300000
0.0000000000 0.0000000000 0.0000000000 1.0000000000

0.0000000000 0.0000000000 1.0000000000 331.0637100000
0.0000000000 1.0000000000 0.0000000000 26.5911800000
-1.0000000000 0.0000000000 0.0000000000 319.9778300000
0.0000000000 0.0000000000 0.0000000000 1.0000000000

0.0000000000 0.0000000000 1.0000000000 331.0637100000
0.0000000000 1.0000000000 0.0000000000 26.6161800000
-1.0000000000 0.0000000000 0.0000000000 319.9778300000
0.0000000000 0.0000000000 0.0000000000 1.0000000000

0.0000000000 0.0000000000 1.0000000000 331.0637100000
0.0000000000 1.0000000000 0.0000000000 26.6411800000
-1.0000000000 0.0000000000 0.0000000000 319.9778300000
0.0000000000 0.0000000000 0.0000000000 1.0000000000

0.0000000000 0.0000000000 1.0000000000 331.0637100000
0.0000000000 1.0000000000 0.0000000000 26.6661800000
-1.0000000000 0.0000000000 0.0000000000 319.9778300000
0.0000000000 0.0000000000 0.0000000000 1.0000000000

0.0000000000 0.0000000000 1.0000000000 331.0637100000
0.0000000000 1.0000000000 0.0000000000 26.6911800000
-1.0000000000 0.0000000000 0.0000000000 319.9778300000
0.0000000000 0.0000000000 0.0000000000 1.0000000000

0.0000000000 0.0000000000 1.0000000000 331.0637100000
0.0000000000 1.0000000000 0.0000000000 26.7161800000
-1.0000000000 0.0000000000 0.0000000000 319.9778300000
0.0000000000 0.0000000000 0.0000000000 1.0000000000

0.0000000000 0.0000000000 1.0000000000 331.0637100000
0.0000000000 1.0000000000 0.0000000000 26.7411800000
-1.0000000000 0.0000000000 0.0000000000 319.9778300000
0.0000000000 0.0000000000 0.0000000000 1.0000000000

0.0000000000 0.0000000000 1.0000000000 331.0637100000
0.0000000000 1.0000000000 0.0000000000 26.7661800000
-1.0000000000 0.0000000000 0.0000000000 319.9778300000
0.0000000000 0.0000000000 0.0000000000 1.0000000000

0.0000000000 0.0000000000 1.0000000000 331.0637100000
0.0000000000 1.0000000000 0.0000000000 26.7911800000
-1.0000000000 0.0000000000 0.0000000000 319.9778300000
0.0000000000 0.0000000000 0.0000000000 1.0000000000

0.0000000000 0.0000000000 1.0000000000 331.0637100000
0.0000000000 1.0000000000 0.0000000000 26.8161800000
-1.0000000000 0.0000000000 0.0000000000 319.9778300000
0.0000000000 0.0000000000 0.0000000000 1.0000000000

0.0000000000 0.0000000000 1.0000000000 331.0637100000
0.0000000000 1.0000000000 0.0000000000 26.8411800000
-1.0000000000 0.0000000000 0.0000000000 319.9778300000
0.0000000000 0.0000000000 0.0000000000 1.0000000000

0.0000000000 0.0000000000 1.0000000000 331.0637100000
0.0000000000 1.0000000000 0.0000000000 26.8661800000
-1.0000000000 0.0000000000 0.0000000000 319.9778300000
0.0000000000 0.0000000000 0.0000000000 1.0000000000

0.0000000000 0.0000000000 1.0000000000 331.0637100000
0.0000000000 1.0000000000 0.0000000000 26.8911800000
-1.0000000000 0.0000000000 0.0000000000 319.9778300000
0.0000000000 0.0000000000 0.0000000000 1.0000000000

0.0000000000 0.0000000000 1.0000000000 331.0637100000
0.0000000000 1.0000000000 0.0000000000 26.9161800000
-1.0000000000 0.0000000000 0.0000000000 319.9778300000
0.0000000000 0.0000000000 0.0000000000 1.0000000000

0.0000000000 0.0000000000 1.0000000000 331.0637100000
0.0000000000 1.0000000000 0.0000000000 26.9411800000
-1.0000000000 0.0000000000 0.0000000000 319.9778300000
0.0000000000 0.0000000000 0.0000000000 1.0000000000

0.0000000000 0.0000000000 1.0000000000 331.0637100000
0.0000000000 1.0000000000 0.0000000000 26.9661800000
-1.0000000000 0.0000000000 0.0000000000 319.9778300000
0.0000000000 0.0000000000 0.0000000000 1.0000000000

0.0000000000 0.0000000000 1.0000000000 331.0637100000
0.0000000000 1.0000000000 0.0000000000 26.9911800000
-1.0000000000 0.0000000000 0.0000000000 319.9778300000
0.0000000000 0.0000000000 0.0000000000 1.0000000000

0.0000000000 0.0000000000 1.0000000000 331.0637100000
0.0000000000 1.0000000000 0.0000000000 27.0161800000
-1.0000000000 0.0000000000 0.0000000000 319.9778300000
0.0000000000 0.0000000000 0.0000000000 1.0000000000

0.0000000000 0.0000000000 1.0000000000 331.0637100000
0.0000000000 1.0000000000 0.0000000000 27.0411800000
-1.0000000000 0.0000000000 0.0000000000 319.9778300000
0.0000000000 0.0000000000 0.0000000000 1.0000000000

0.0000000000 0.0000000000 1.0000000000 331.0637100000
0.0000000000 1.0000000000 0.0000000000 27.0661800000
-1.0000000000 0.0000000000 0.0000000000 319.9778300000
0.0000000000 0.0000000000 0.0000000000 1.0000000000

0.0000000000 0.0000000000 1.0000000000 331.0637100000
0.0000000000 1.0000000000 0.0000000000 27.0911800000
-1.0000000000 0.0000000000 0.0000000000 319.9778300000
0.0000000000 0.0000000000 0.0000000000 1.0000000000

0.0000000000 0.0000000000 1.0000000000 331.0637100000
0.0000000000 1.0000000000 0.0000000000 27.1161800000
-1.0000000000 0.0000000000 0.0000000000 319.9778300000
0.0000000000 0.0000000000 0.0000000000 1.0000000000

0.0000000000 0.0000000000 1.0000000000 331.0637100000
0.0000000000 1.0000000000 0.0000000000 27.1411800000
-1.0000000000 0.0000000000 0.0000000000 319.9778300000
0.0000000000 0.0000000000 0.0000000000 1.0000000000

0.0000000000 0.0000000000 1.0000000000 331.0637100000
0.0000000000 1.0000000000 0.0000000000 27.1661800000
-1.0000000000 0.0000000000 0.0000000000 319.9778300000
0.0000000000 0.0000000000 0.0000000000 1.0000000000

0.0000000000 0.0000000000 1.0000000000 331.0637100000
0.0000000000 1.0000000000 0.0000000000 27.1911800000
-1.0000000000 0.0000000000 0.0000000000 319.9778300000
0.0000000000 0.0000000000 0.0000000000 1.0000000000

0.0000000000 0.0000000000 1.0000000000 331.0637100000
0.0000000000 1.0000000000 0.0000000000 27.2161800000
-1.0000000000 0.0000000000 0.0000000000 319.9778300000
0.0000000000 0.0000000000 0.0000000000 1.0000000000

0.0000000000 0.0000000000 1.0000000000 331.0637100000
0.0000000000 1.0000000000 0.0000000000 27.2411800000
-1.0000000000 0.0000000000 0.0000000000 319.9778300000
0.0000000000 0.0000000000 0.0000000000 1.0000000000

0.0000000000 0.0000000000 1.0000000000 331.0637100000
0.0000000000 1.0000000000 0.0000000000 27.2661800000
-1.0000000000 0.0000000000 0.0000000000 319.9778300000
0.0000000000 0.0000000000 0.0000000000 1.0000000000

0.0000000000 0.0000000000 1.0000000000 331.0637100000
0.0000000000 1.0000000000 0.0000000000 27.2911800000
-1.0000000000 0.0000000000 0.0000000000 319.9778300000
0.0000000000 0.0000000000 0.0000000000 1.0000000000

0.0000000000 0.0000000000 1.0000000000 331.0637100000
0.0000000000 1.0000000000 0.0000000000 27.3161800000
-1.0000000000 0.0000000000 0.0000000000 319.9778300000
0.0000000000 0.0000000000 0.0000000000 1.0000000000

0.0000000000 0.0000000000 1.0000000000 331.0637100000
0.0000000000 1.0000000000 0.0000000000 27.3411800000
-1.0000000000 0.0000000000 0.0000000000 319.9778300000
0.0000000000 0.0000000000 0.0000000000 1.0000000000

0.0000000000 0.0000000000 1.0000000000 331.0637100000
0.0000000000 1.0000000000 0.0000000000 27.3661800000
-1.0000000000 0.0000000000 0.0000000000 319.9778300000
0.0000000000 0.0000000000 0.0000000000 1.0000000000

0.0000000000 0.0000000000 1.0000000000 331.0637100000
0.0000000000 1.0000000000 0.0000000000 27.3911800000
-1.0000000000 0.0000000000 0.0000000000 319.9778300000
0.0000000000 0.0000000000 0.0000000000 1.0000000000

0.0000000000 0.0000000000 1.0000000000 331.0637100000
0.0000000000 1.0000000000 0.0000000000 27.4161800000
-1.0000000000 0.0000000000 0.0000000000 319.9778300000
0.0000000000 0.0000000000 0.0000000000 1.0000000000

0.0000000000 0.0000000000 1.0000000000 331.0637100000
0.0000000000 1.0000000000 0.0000000000 27.4411800000
-1.0000000000 0.0000000000 0.0000000000 319.9778300000
0.0000000000 0.0000000000 0.0000000000 1.0000000000

0.0000000000 0.0000000000 1.0000000000 331.0637100000
0.0000000000 1.0000000000 0.0000000000 27.4661800000
-1.0000000000 0.0000000000 0.0000000000 319.9778300000
0.0000000000 0.0000000000 0.0000000000 1.0000000000

0.0000000000 0.0000000000 1.0000000000 331.0637100000
0.0000000000 1.0000000000 0.0000000000 27.4911800000
-1.0000000000 0.0000000000 0.0000000000 319.9778300000
0.0000000000 0.0000000000 0.0000000000 1.0000000000

0.0000000000 0.0000000000 1.0000000000 331.0637100000
0.0000000000 1.0000000000 0.0000000000 27.5161800000
-1.0000000000 0.0000000000 0.0000000000 319.9778300000
0.0000000000 0.0000000000 0.0000000000 1.0000000000

0.0000000000 0.0000000000 1.0000000000 331.0637100000
0.0000000000 1.0000000000 0.0000000000 27.5411800000
-1.0000000000 0.0000000000 0.0000000000 319.9778300000
0.0000000000 0.0000000000 0.0000000000 1.0000000000

0.0000000000 0.0000000000 1.0000000000 331.0637100000
0.0000000000 1.0000000000 0.0000000000 27.5661800000
-1.0000000000 0.0000000000 0.0000000000 319.9778300000
0.0000000000 0.0000000000 0.0000000000 1.0000000000

0.0000000000 0.0000000000 1.0000000000 331.0637100000
0.0000000000 1.0000000000 0.0000000000 27.5911800000
-1.0000000000 0.0000000000 0.0000000000 319.9778300000
0.0000000000 0.0000000000 0.0000000000 1.0000000000

0.0000000000 0.0000000000 1.0000000000 331.0637100000
0.0000000000 1.0000000000 0.0000000000 27.6161800000
-1.0000000000 0.0000000000 0.0000000000 319.9778300000
0.0000000000 0.0000000000 0.0000000000 1.0000000000

0.0000000000 0.0000000000 1.0000000000 331.0637100000
0.0000000000 1.0000000000 0.0000000000 27.6411800000
-1.0000000000 0.0000000000 0.0000000000 319.9778300000
0.0000000000 0.0000000000 0.0000000000 1.0000000000

0.0000000000 0.0000000000 1.0000000000 331.0637100000
0.0000000000 1.0000000000 0.0000000000 27.6661800000
-1.0000000000 0.0000000000 0.0000000000 319.9778300000
0.0000000000 0.0000000000 0.0000000000 1.0000000000

0.0000000000 0.0000000000 1.0000000000 331.0637100000
0.0000000000 1.0000000000 0.0000000000 27.6911800000
-1.0000000000 0.0000000000 0.0000000000 319.9778300000
0.0000000000 0.0000000000 0.0000000000 1.0000000000

0.0000000000 0.0000000000 1.0000000000 331.0637100000
0.0000000000 1.0000000000 0.0000000000 27.7161800000
-1.0000000000 0.0000000000 0.0000000000 319.9778300000
0.0000000000 0.0000000000 0.0000000000 1.0000000000

0.0000000000 0.0000000000 1.0000000000 331.0637100000
0.0000000000 1.0000000000 0.0000000000 27.7411800000
-1.0000000000 0.0000000000 0.0000000000 319.9778300000
0.0000000000 0.0000000000 0.0000000000 1.0000000000

0.0000000000 0.0000000000 1.0000000000 331.0637100000
0.0000000000 1.0000000000 0.0000000000 27.7661800000
-1.0000000000 0.0000000000 0.0000000000 319.9778300000
0.0000000000 0.0000000000 0.0000000000 1.0000000000

0.0000000000 0.0000000000 1.0000000000 331.0637100000
0.0000000000 1.0000000000 0.0000000000 27.7911800000
-1.0000000000 0.0000000000 0.0000000000 319.9778300000
0.0000000000 0.0000000000 0.0000000000 1.0000000000

0.0000000000 0.0000000000 1.0000000000 331.0637100000
0.0000000000 1.0000000000 0.0000000000 27.8161800000
-1.0000000000 0.0000000000 0.0000000000 319.9778300000
0.0000000000 0.0000000000 0.0000000000 1.0000000000

0.0000000000 0.0000000000 1.0000000000 331.0637100000
0.0000000000 1.0000000000 0.0000000000 27.8411800000
-1.0000000000 0.0000000000 0.0000000000 319.9778300000
0.0000000000 0.0000000000 0.0000000000 1.0000000000

0.0000000000 0.0000000000 1.0000000000 331.0637100000
0.0000000000 1.0000000000 0.0000000000 27.8661800000
-1.0000000000 0.0000000000 0.0000000000 319.9778300000
0.0000000000 0.0000000000 0.0000000000 1.0000000000

0.0000000000 0.0000000000 1.0000000000 331.0637100000
0.0000000000 1.0000000000 0.0000000000 27.8911800000
-1.0000000000 0.0000000000 0.0000000000 319.9778300000
0.0000000000 0.0000000000 0.0000000000 1.0000000000

0.0000000000 0.0000000000 1.0000000000 331.0637100000
0.0000000000 1.0000000000 0.0000000000 27.9161800000
-1.0000000000 0.0000000000 0.0000000000 319.9778300000
0.0000000000 0.0000000000 0.0000000000 1.0000000000

0.0000000000 0.0000000000 1.0000000000 331.0637100000
0.0000000000 1.0000000000 0.0000000000 27.9411800000
-1.0000000000 0.0000000000 0.0000000000 319.9778300000
0.0000000000 0.0000000000 0.0000000000 1.0000000000

0.0000000000 0.0000000000 1.0000000000 331.0637100000
0.0000000000 1.0000000000 0.0000000000 27.9661800000
-1.0000000000 0.0000000000 0.0000000000 319.9778300000
0.0000000000 0.0000000000 0.0000000000 1.0000000000

0.0000000000 0.0000000000 1.0000000000 331.0637100000
0.0000000000 1.0000000000 0.0000000000 27.9911800000
-1.0000000000 0.0000000000 0.0000000000 319.9778300000
0.0000000000 0.0000000000 0.0000000000 1.0000000000

0.0000000000 0.0000000000 1.0000000000 331.0637100000
0.0000000000 1.0000000000 0.0000000000 28.0161800000
-1.0000000000 0.0000000000 0.0000000000 319.9778300000
0.0000000000 0.0000000000 0.0000000000 1.0000000000

0.0000000000 0.0000000000 1.0000000000 331.0637100000
0.0000000000 1.0000000000 0.0000000000 28.0411800000
-1.0000000000 0.0000000000 0.0000000000 319.9778300000
0.0000000000 0.0000000000 0.0000000000 1.0000000000

0.0000000000 0.0000000000 1.0000000000 331.0637100000
0.0000000000 1.0000000000 0.0000000000 28.0661800000
-1.0000000000 0.0000000000 0.0000000000 319.9778300000
0.0000000000 0.0000000000 0.0000000000 1.0000000000

0.0000000000 0.0000000000 1.0000000000 331.0637100000
0.0000000000 1.0000000000 0.0000000000 28.0911800000
-1.0000000000 0.0000000000 0.0000000000 319.9778300000
0.0000000000 0.0000000000 0.0000000000 1.0000000000

0.0000000000 0.0000000000 1.0000000000 331.0637100000
0.0000000000 1.0000000000 0.0000000000 28.1161800000
-1.0000000000 0.0000000000 0.0000000000 319.9778300000
0.0000000000 0.0000000000 0.0000000000 1.0000000000

0.0000000000 0.0000000000 1.0000000000 331.0637100000
0.0000000000 1.0000000000 0.0000000000 28.1411800000
-1.0000000000 0.0000000000 0.0000000000 319.9778300000
0.0000000000 0.0000000000 0.0000000000 1.0000000000

0.0000000000 0.0000000000 1.0000000000 331.0637100000
0.0000000000 1.0000000000 0.0000000000 28.1661800000
-1.0000000000 0.0000000000 0.0000000000 319.9778300000
0.0000000000 0.0000000000 0.0000000000 1.0000000000

0.0000000000 0.0000000000 1.0000000000 331.0637100000
0.0000000000 1.0000000000 0.0000000000 28.1911800000
-1.0000000000 0.0000000000 0.0000000000 319.9778300000
0.0000000000 0.0000000000 0.0000000000 1.0000000000

0.0000000000 0.0000000000 1.0000000000 331.0637100000
0.0000000000 1.0000000000 0.0000000000 28.2161800000
-1.0000000000 0.0000000000 0.0000000000 319.9778300000
0.0000000000 0.0000000000 0.0000000000 1.0000000000

0.0000000000 0.0000000000 1.0000000000 331.0637100000
0.0000000000 1.0000000000 0.0000000000 28.2411800000
-1.0000000000 0.0000000000 0.0000000000 319.9778300000
0.0000000000 0.0000000000 0.0000000000 1.0000000000

0.0000000000 0.0000000000 1.0000000000 331.0637100000
0.0000000000 1.0000000000 0.0000000000 28.2661800000
-1.0000000000 0.0000000000 0.0000000000 319.9778300000
0.0000000000 0.0000000000 0.0000000000 1.0000000000

0.0000000000 0.0000000000 1.0000000000 331.0637100000
0.0000000000 1.0000000000 0.0000000000 28.2911800000
-1.0000000000 0.0000000000 0.0000000000 319.9778300000
0.0000000000 0.0000000000 0.0000000000 1.0000000000

0.0000000000 0.0000000000 1.0000000000 331.0637100000
0.0000000000 1.0000000000 0.0000000000 28.3161800000
-1.0000000000 0.0000000000 0.0000000000 319.9778300000
0.0000000000 0.0000000000 0.0000000000 1.0000000000

0.0000000000 0.0000000000 1.0000000000 331.0637100000
0.0000000000 1.0000000000 0.0000000000 28.3411800000
-1.0000000000 0.0000000000 0.0000000000 319.9778300000
0.0000000000 0.0000000000 0.0000000000 1.0000000000

0.0000000000 0.0000000000 1.0000000000 331.0637100000
0.0000000000 1.0000000000 0.0000000000 28.3661800000
-1.0000000000 0.0000000000 0.0000000000 319.9778300000
0.0000000000 0.0000000000 0.0000000000 1.0000000000

0.0000000000 0.0000000000 1.0000000000 331.0637100000
0.0000000000 1.0000000000 0.0000000000 28.3911800000
-1.0000000000 0.0000000000 0.0000000000 319.9778300000
0.0000000000 0.0000000000 0.0000000000 1.0000000000

0.0000000000 0.0000000000 1.0000000000 331.0637100000
0.0000000000 1.0000000000 0.0000000000 28.4161800000
-1.0000000000 0.0000000000 0.0000000000 319.9778300000
0.0000000000 0.0000000000 0.0000000000 1.0000000000

0.0000000000 0.0000000000 1.0000000000 331.0637100000
0.0000000000 1.0000000000 0.0000000000 28.4411800000
-1.0000000000 0.0000000000 0.0000000000 319.9778300000
0.0000000000 0.0000000000 0.0000000000 1.0000000000

0.0000000000 0.0000000000 1.0000000000 331.0637100000
0.0000000000 1.0000000000 0.0000000000 28.4661800000
-1.0000000000 0.0000000000 0.0000000000 319.9778300000
0.0000000000 0.0000000000 0.0000000000 1.0000000000

0.0000000000 0.0000000000 1.0000000000 331.0637100000
0.0000000000 1.0000000000 0.0000000000 28.4911800000
-1.0000000000 0.0000000000 0.0000000000 319.9778300000
0.0000000000 0.0000000000 0.0000000000 1.0000000000

0.0000000000 0.0000000000 1.0000000000 331.0637100000
0.0000000000 1.0000000000 0.0000000000 28.5161800000
-1.0000000000 0.0000000000 0.0000000000 319.9778300000
0.0000000000 0.0000000000 0.0000000000 1.0000000000

0.0000000000 0.0000000000 1.0000000000 331.0637100000
0.0000000000 1.0000000000 0.0000000000 28.5411800000
-1.0000000000 0.0000000000 0.0000000000 319.9778300000
0.0000000000 0.0000000000 0.0000000000 1.0000000000

0.0000000000 0.0000000000 1.0000000000 331.0637100000
0.0000000000 1.0000000000 0.0000000000 28.5661800000
-1.0000000000 0.0000000000 0.0000000000 319.9778300000
0.0000000000 0.0000000000 0.0000000000 1.0000000000

0.0000000000 0.0000000000 1.0000000000 331.0637100000
0.0000000000 1.0000000000 0.0000000000 28.5911800000
-1.0000000000 0.0000000000 0.0000000000 319.9778300000
0.0000000000 0.0000000000 0.0000000000 1.0000000000

0.0000000000 0.0000000000 1.0000000000 331.0637100000
0.0000000000 1.0000000000 0.0000000000 28.6161800000
-1.0000000000 0.0000000000 0.0000000000 319.9778300000
0.0000000000 0.0000000000 0.0000000000 1.0000000000

0.0000000000 0.0000000000 1.0000000000 331.0637100000
0.0000000000 1.0000000000 0.0000000000 28.6411800000
-1.0000000000 0.0000000000 0.0000000000 319.9778300000
0.0000000000 0.0000000000 0.0000000000 1.0000000000

0.0000000000 0.0000000000 1.0000000000 331.0637100000
0.0000000000 1.0000000000 0.0000000000 28.6661800000
-1.0000000000 0.0000000000 0.0000000000 319.9778300000
0.0000000000 0.0000000000 0.0000000000 1.0000000000

0.0000000000 0.0000000000 1.0000000000 331.0637100000
0.0000000000 1.0000000000 0.0000000000 28.6911800000
-1.0000000000 0.0000000000 0.0000000000 319.9778300000
0.0000000000 0.0000000000 0.0000000000 1.0000000000

0.0000000000 0.0000000000 1.0000000000 331.0637100000
0.0000000000 1.0000000000 0.0000000000 28.7161800000
-1.0000000000 0.0000000000 0.0000000000 319.9778300000
0.0000000000 0.0000000000 0.0000000000 1.0000000000

0.0000000000 0.0000000000 1.0000000000 331.0637100000
0.0000000000 1.0000000000 0.0000000000 28.7411800000
-1.0000000000 0.0000000000 0.0000000000 319.9778300000
0.0000000000 0.0000000000 0.0000000000 1.0000000000

0.0000000000 0.0000000000 1.0000000000 331.0637100000
0.0000000000 1.0000000000 0.0000000000 28.7661800000
-1.0000000000 0.0000000000 0.0000000000 319.9778300000
0.0000000000 0.0000000000 0.0000000000 1.0000000000

0.0000000000 0.0000000000 1.0000000000 331.0637100000
0.0000000000 1.0000000000 0.0000000000 28.7911800000
-1.0000000000 0.0000000000 0.0000000000 319.9778300000
0.0000000000 0.0000000000 0.0000000000 1.0000000000

0.0000000000 0.0000000000 1.0000000000 331.0637100000
0.0000000000 1.0000000000 0.0000000000 28.8161800000
-1.0000000000 0.0000000000 0.0000000000 319.9778300000
0.0000000000 0.0000000000 0.0000000000 1.0000000000

0.0000000000 0.0000000000 1.0000000000 331.0637100000
0.0000000000 1.0000000000 0.0000000000 28.8411800000
-1.0000000000 0.0000000000 0.0000000000 319.9778300000
0.0000000000 0.0000000000 0.0000000000 1.0000000000

0.0000000000 0.0000000000 1.0000000000 331.0637100000
0.0000000000 1.0000000000 0.0000000000 28.8661800000
-1.0000000000 0.0000000000 0.0000000000 319.9778300000
0.0000000000 0.0000000000 0.0000000000 1.0000000000

0.0000000000 0.0000000000 1.0000000000 331.0637100000
0.0000000000 1.0000000000 0.0000000000 28.8911800000
-1.0000000000 0.0000000000 0.0000000000 319.9778300000
0.0000000000 0.0000000000 0.0000000000 1.0000000000

0.0000000000 0.0000000000 1.0000000000 331.0637100000
0.0000000000 1.0000000000 0.0000000000 28.9161800000
-1.0000000000 0.0000000000 0.0000000000 319.9778300000
0.0000000000 0.0000000000 0.0000000000 1.0000000000

0.0000000000 0.0000000000 1.0000000000 331.0637100000
0.0000000000 1.0000000000 0.0000000000 28.9411800000
-1.0000000000 0.0000000000 0.0000000000 319.9778300000
0.0000000000 0.0000000000 0.0000000000 1.0000000000

0.0000000000 0.0000000000 1.0000000000 331.0637100000
0.0000000000 1.0000000000 0.0000000000 28.9661800000
-1.0000000000 0.0000000000 0.0000000000 319.9778300000
0.0000000000 0.0000000000 0.0000000000 1.0000000000

0.0000000000 0.0000000000 1.0000000000 331.0637100000
0.0000000000 1.0000000000 0.0000000000 28.9911800000
-1.0000000000 0.0000000000 0.0000000000 319.9778300000
0.0000000000 0.0000000000 0.0000000000 1.0000000000

0.0000000000 0.0000000000 1.0000000000 331.0637100000
0.0000000000 1.0000000000 0.0000000000 29.0161800000
-1.0000000000 0.0000000000 0.0000000000 319.9778300000
0.0000000000 0.0000000000 0.0000000000 1.0000000000

0.0000000000 0.0000000000 1.0000000000 331.0637100000
0.0000000000 1.0000000000 0.0000000000 29.0411800000
-1.0000000000 0.0000000000 0.0000000000 319.9778300000
0.0000000000 0.0000000000 0.0000000000 1.0000000000

0.0000000000 0.0000000000 1.0000000000 331.0637100000
0.0000000000 1.0000000000 0.0000000000 29.0661800000
-1.0000000000 0.0000000000 0.0000000000 319.9778300000
0.0000000000 0.0000000000 0.0000000000 1.0000000000

0.0000000000 0.0000000000 1.0000000000 331.0637100000
0.0000000000 1.0000000000 0.0000000000 29.0911800000
-1.0000000000 0.0000000000 0.0000000000 319.9778300000
0.0000000000 0.0000000000 0.0000000000 1.0000000000

0.0000000000 0.0000000000 1.0000000000 331.0637100000
0.0000000000 1.0000000000 0.0000000000 29.1161800000
-1.0000000000 0.0000000000 0.0000000000 319.9778300000
0.0000000000 0.0000000000 0.0000000000 1.0000000000

0.0000000000 0.0000000000 1.0000000000 331.0637100000
0.0000000000 1.0000000000 0.0000000000 29.1411800000
-1.0000000000 0.0000000000 0.0000000000 319.9778300000
0.0000000000 0.0000000000 0.0000000000 1.0000000000

0.0000000000 0.0000000000 1.0000000000 331.0637100000
0.0000000000 1.0000000000 0.0000000000 29.1661800000
-1.0000000000 0.0000000000 0.0000000000 319.9778300000
0.0000000000 0.0000000000 0.0000000000 1.0000000000

0.0000000000 0.0000000000 1.0000000000 331.0637100000
0.0000000000 1.0000000000 0.0000000000 29.1911800000
-1.0000000000 0.0000000000 0.0000000000 319.9778300000
0.0000000000 0.0000000000 0.0000000000 1.0000000000

0.0000000000 0.0000000000 1.0000000000 331.0637100000
0.0000000000 1.0000000000 0.0000000000 29.2161800000
-1.0000000000 0.0000000000 0.0000000000 319.9778300000
0.0000000000 0.0000000000 0.0000000000 1.0000000000

0.0000000000 0.0000000000 1.0000000000 331.0637100000
0.0000000000 1.0000000000 0.0000000000 29.2411800000
-1.0000000000 0.0000000000 0.0000000000 319.9778300000
0.0000000000 0.0000000000 0.0000000000 1.0000000000

0.0000000000 0.0000000000 1.0000000000 331.0637100000
0.0000000000 1.0000000000 0.0000000000 29.2661800000
-1.0000000000 0.0000000000 0.0000000000 319.9778300000
0.0000000000 0.0000000000 0.0000000000 1.0000000000

0.0000000000 0.0000000000 1.0000000000 331.0637100000
0.0000000000 1.0000000000 0.0000000000 29.2911800000
-1.0000000000 0.0000000000 0.0000000000 319.9778300000
0.0000000000 0.0000000000 0.0000000000 1.0000000000

0.0000000000 0.0000000000 1.0000000000 331.0637100000
0.0000000000 1.0000000000 0.0000000000 29.3161800000
-1.0000000000 0.0000000000 0.0000000000 319.9778300000
0.0000000000 0.0000000000 0.0000000000 1.0000000000

0.0000000000 0.0000000000 1.0000000000 331.0637100000
0.0000000000 1.0000000000 0.0000000000 29.3411800000
-1.0000000000 0.0000000000 0.0000000000 319.9778300000
0.0000000000 0.0000000000 0.0000000000 1.0000000000

0.0000000000 0.0000000000 1.0000000000 331.0637100000
0.0000000000 1.0000000000 0.0000000000 29.3661800000
-1.0000000000 0.0000000000 0.0000000000 319.9778300000
0.0000000000 0.0000000000 0.0000000000 1.0000000000

0.0000000000 0.0000000000 1.0000000000 331.0637100000
0.0000000000 1.0000000000 0.0000000000 29.3911800000
-1.0000000000 0.0000000000 0.0000000000 319.9778300000
0.0000000000 0.0000000000 0.0000000000 1.0000000000

0.0000000000 0.0000000000 1.0000000000 331.0637100000
0.0000000000 1.0000000000 0.0000000000 29.4161800000
-1.0000000000 0.0000000000 0.0000000000 319.9778300000
0.0000000000 0.0000000000 0.0000000000 1.0000000000

0.0000000000 0.0000000000 1.0000000000 331.0637100000
0.0000000000 1.0000000000 0.0000000000 29.4411800000
-1.0000000000 0.0000000000 0.0000000000 319.9778300000
0.0000000000 0.0000000000 0.0000000000 1.0000000000

0.0000000000 0.0000000000 1.0000000000 331.0637100000
0.0000000000 1.0000000000 0.0000000000 29.4661800000
-1.0000000000 0.0000000000 0.0000000000 319.9778300000
0.0000000000 0.0000000000 0.0000000000 1.0000000000

0.0000000000 0.0000000000 1.0000000000 331.0637100000
0.0000000000 1.0000000000 0.0000000000 29.4911800000
-1.0000000000 0.0000000000 0.0000000000 319.9778300000
0.0000000000 0.0000000000 0.0000000000 1.0000000000

0.0000000000 0.0000000000 1.0000000000 331.0637100000
0.0000000000 1.0000000000 0.0000000000 29.5161800000
-1.0000000000 0.0000000000 0.0000000000 319.9778300000
0.0000000000 0.0000000000 0.0000000000 1.0000000000

0.0000000000 0.0000000000 1.0000000000 331.0637100000
0.0000000000 1.0000000000 0.0000000000 29.5411800000
-1.0000000000 0.0000000000 0.0000000000 319.9778300000
0.0000000000 0.0000000000 0.0000000000 1.0000000000

0.0000000000 0.0000000000 1.0000000000 331.0637100000
0.0000000000 1.0000000000 0.0000000000 29.5661800000
-1.0000000000 0.0000000000 0.0000000000 319.9778300000
0.0000000000 0.0000000000 0.0000000000 1.0000000000

0.0000000000 0.0000000000 1.0000000000 331.0637100000
0.0000000000 1.0000000000 0.0000000000 29.5911800000
-1.0000000000 0.0000000000 0.0000000000 319.9778300000
0.0000000000 0.0000000000 0.0000000000 1.0000000000

0.0000000000 0.0000000000 1.0000000000 331.0637100000
0.0000000000 1.0000000000 0.0000000000 29.6161800000
-1.0000000000 0.0000000000 0.0000000000 319.9778300000
0.0000000000 0.0000000000 0.0000000000 1.0000000000

0.0000000000 0.0000000000 1.0000000000 331.0637100000
0.0000000000 1.0000000000 0.0000000000 29.6411800000
-1.0000000000 0.0000000000 0.0000000000 319.9778300000
0.0000000000 0.0000000000 0.0000000000 1.0000000000

0.0000000000 0.0000000000 1.0000000000 331.0637100000
0.0000000000 1.0000000000 0.0000000000 29.6661800000
-1.0000000000 0.0000000000 0.0000000000 319.9778300000
0.0000000000 0.0000000000 0.0000000000 1.0000000000

0.0000000000 0.0000000000 1.0000000000 331.0637100000
0.0000000000 1.0000000000 0.0000000000 29.6911800000
-1.0000000000 0.0000000000 0.0000000000 319.9778300000
0.0000000000 0.0000000000 0.0000000000 1.0000000000

0.0000000000 0.0000000000 1.0000000000 331.0637100000
0.0000000000 1.0000000000 0.0000000000 29.7161800000
-1.0000000000 0.0000000000 0.0000000000 319.9778300000
0.0000000000 0.0000000000 0.0000000000 1.0000000000

0.0000000000 0.0000000000 1.0000000000 331.0637100000
0.0000000000 1.0000000000 0.0000000000 29.7411800000
-1.0000000000 0.0000000000 0.0000000000 319.9778300000
0.0000000000 0.0000000000 0.0000000000 1.0000000000

0.0000000000 0.0000000000 1.0000000000 331.0637100000
0.0000000000 1.0000000000 0.0000000000 29.7661800000
-1.0000000000 0.0000000000 0.0000000000 319.9778300000
0.0000000000 0.0000000000 0.0000000000 1.0000000000

0.0000000000 0.0000000000 1.0000000000 331.0637100000
0.0000000000 1.0000000000 0.0000000000 29.7911800000
-1.0000000000 0.0000000000 0.0000000000 319.9778300000
0.0000000000 0.0000000000 0.0000000000 1.0000000000

0.0000000000 0.0000000000 1.0000000000 331.0637100000
0.0000000000 1.0000000000 0.0000000000 29.8161800000
-1.0000000000 0.0000000000 0.0000000000 319.9778300000
0.0000000000 0.0000000000 0.0000000000 1.0000000000

0.0000000000 0.0000000000 1.0000000000 331.0637100000
0.0000000000 1.0000000000 0.0000000000 29.8411800000
-1.0000000000 0.0000000000 0.0000000000 319.9778300000
0.0000000000 0.0000000000 0.0000000000 1.0000000000

0.0000000000 0.0000000000 1.0000000000 331.0637100000
0.0000000000 1.0000000000 0.0000000000 29.8661800000
-1.0000000000 0.0000000000 0.0000000000 319.9778300000
0.0000000000 0.0000000000 0.0000000000 1.0000000000

0.0000000000 0.0000000000 1.0000000000 331.0637100000
0.0000000000 1.0000000000 0.0000000000 29.8911800000
-1.0000000000 0.0000000000 0.0000000000 319.9778300000
0.0000000000 0.0000000000 0.0000000000 1.0000000000

0.0000000000 0.0000000000 1.0000000000 331.0637100000
0.0000000000 1.0000000000 0.0000000000 29.9161800000
-1.0000000000 0.0000000000 0.0000000000 319.9778300000
0.0000000000 0.0000000000 0.0000000000 1.0000000000

0.0000000000 0.0000000000 1.0000000000 331.0637100000
0.0000000000 1.0000000000 0.0000000000 29.9411800000
-1.0000000000 0.0000000000 0.0000000000 319.9778300000
0.0000000000 0.0000000000 0.0000000000 1.0000000000

0.0000000000 0.0000000000 1.0000000000 331.0637100000
0.0000000000 1.0000000000 0.0000000000 29.9661800000
-1.0000000000 0.0000000000 0.0000000000 319.9778300000
0.0000000000 0.0000000000 0.0000000000 1.0000000000

0.0000000000 0.0000000000 1.0000000000 331.0637100000
0.0000000000 1.0000000000 0.0000000000 29.9911800000
-1.0000000000 0.0000000000 0.0000000000 319.9778300000
0.0000000000 0.0000000000 0.0000000000 1.0000000000

0.0000000000 0.0000000000 1.0000000000 331.0637100000
0.0000000000 1.0000000000 0.0000000000 30.0161800000
-1.0000000000 0.0000000000 0.0000000000 319.9778300000
0.0000000000 0.0000000000 0.0000000000 1.0000000000

0.0000000000 0.0000000000 1.0000000000 331.0637100000
0.0000000000 1.0000000000 0.0000000000 30.0411800000
-1.0000000000 0.0000000000 0.0000000000 319.9778300000
0.0000000000 0.0000000000 0.0000000000 1.0000000000

0.0000000000 0.0000000000 1.0000000000 331.0637100000
0.0000000000 1.0000000000 0.0000000000 30.0661800000
-1.0000000000 0.0000000000 0.0000000000 319.9778300000
0.0000000000 0.0000000000 0.0000000000 1.0000000000

0.0000000000 0.0000000000 1.0000000000 331.0637100000
0.0000000000 1.0000000000 0.0000000000 30.0911800000
-1.0000000000 0.0000000000 0.0000000000 319.9778300000
0.0000000000 0.0000000000 0.0000000000 1.0000000000

0.0000000000 0.0000000000 1.0000000000 331.0637100000
0.0000000000 1.0000000000 0.0000000000 30.1161800000
-1.0000000000 0.0000000000 0.0000000000 319.9778300000
0.0000000000 0.0000000000 0.0000000000 1.0000000000

0.0000000000 0.0000000000 1.0000000000 331.0637100000
0.0000000000 1.0000000000 0.0000000000 30.1411800000
-1.0000000000 0.0000000000 0.0000000000 319.9778300000
0.0000000000 0.0000000000 0.0000000000 1.0000000000

0.0000000000 0.0000000000 1.0000000000 331.0637100000
0.0000000000 1.0000000000 0.0000000000 30.1661800000
-1.0000000000 0.0000000000 0.0000000000 319.9778300000
0.0000000000 0.0000000000 0.0000000000 1.0000000000

0.0000000000 0.0000000000 1.0000000000 331.0637100000
0.0000000000 1.0000000000 0.0000000000 30.1911800000
-1.0000000000 0.0000000000 0.0000000000 319.9778300000
0.0000000000 0.0000000000 0.0000000000 1.0000000000

0.0000000000 0.0000000000 1.0000000000 331.0637100000
0.0000000000 1.0000000000 0.0000000000 30.2161800000
-1.0000000000 0.0000000000 0.0000000000 319.9778300000
0.0000000000 0.0000000000 0.0000000000 1.0000000000

0.0000000000 0.0000000000 1.0000000000 331.0637100000
0.0000000000 1.0000000000 0.0000000000 30.2411800000
-1.0000000000 0.0000000000 0.0000000000 319.9778300000
0.0000000000 0.0000000000 0.0000000000 1.0000000000

0.0000000000 0.0000000000 1.0000000000 331.0637100000
0.0000000000 1.0000000000 0.0000000000 30.2661800000
-1.0000000000 0.0000000000 0.0000000000 319.9778300000
0.0000000000 0.0000000000 0.0000000000 1.0000000000

0.0000000000 0.0000000000 1.0000000000 331.0637100000
0.0000000000 1.0000000000 0.0000000000 30.2911800000
-1.0000000000 0.0000000000 0.0000000000 319.9778300000
0.0000000000 0.0000000000 0.0000000000 1.0000000000

0.0000000000 0.0000000000 1.0000000000 331.0637100000
0.0000000000 1.0000000000 0.0000000000 30.3161800000
-1.0000000000 0.0000000000 0.0000000000 319.9778300000
0.0000000000 0.0000000000 0.0000000000 1.0000000000

0.0000000000 0.0000000000 1.0000000000 331.0637100000
0.0000000000 1.0000000000 0.0000000000 30.3411800000
-1.0000000000 0.0000000000 0.0000000000 319.9778300000
0.0000000000 0.0000000000 0.0000000000 1.0000000000

0.0000000000 0.0000000000 1.0000000000 331.0637100000
0.0000000000 1.0000000000 0.0000000000 30.3661800000
-1.0000000000 0.0000000000 0.0000000000 319.9778300000
0.0000000000 0.0000000000 0.0000000000 1.0000000000

0.0000000000 0.0000000000 1.0000000000 331.0637100000
0.0000000000 1.0000000000 0.0000000000 30.3911800000
-1.0000000000 0.0000000000 0.0000000000 319.9778300000
0.0000000000 0.0000000000 0.0000000000 1.0000000000

0.0000000000 0.0000000000 1.0000000000 331.0637100000
0.0000000000 1.0000000000 0.0000000000 30.4161800000
-1.0000000000 0.0000000000 0.0000000000 319.9778300000
0.0000000000 0.0000000000 0.0000000000 1.0000000000

0.0000000000 0.0000000000 1.0000000000 331.0637100000
0.0000000000 1.0000000000 0.0000000000 30.4411800000
-1.0000000000 0.0000000000 0.0000000000 319.9778300000
0.0000000000 0.0000000000 0.0000000000 1.0000000000

0.0000000000 0.0000000000 1.0000000000 331.0637100000
0.0000000000 1.0000000000 0.0000000000 30.4661800000
-1.0000000000 0.0000000000 0.0000000000 319.9778300000
0.0000000000 0.0000000000 0.0000000000 1.0000000000

0.0000000000 0.0000000000 1.0000000000 331.0637100000
0.0000000000 1.0000000000 0.0000000000 30.4911800000
-1.0000000000 0.0000000000 0.0000000000 319.9778300000
0.0000000000 0.0000000000 0.0000000000 1.0000000000

0.0000000000 0.0000000000 1.0000000000 331.0637100000
0.0000000000 1.0000000000 0.0000000000 30.5161800000
-1.0000000000 0.0000000000 0.0000000000 319.9778300000
0.0000000000 0.0000000000 0.0000000000 1.0000000000

0.0000000000 0.0000000000 1.0000000000 331.0637100000
0.0000000000 1.0000000000 0.0000000000 30.5411800000
-1.0000000000 0.0000000000 0.0000000000 319.9778300000
0.0000000000 0.0000000000 0.0000000000 1.0000000000

0.0000000000 0.0000000000 1.0000000000 331.0637100000
0.0000000000 1.0000000000 0.0000000000 30.5661800000
-1.0000000000 0.0000000000 0.0000000000 319.9778300000
0.0000000000 0.0000000000 0.0000000000 1.0000000000

0.0000000000 0.0000000000 1.0000000000 331.0637100000
0.0000000000 1.0000000000 0.0000000000 30.5911800000
-1.0000000000 0.0000000000 0.0000000000 319.9778300000
0.0000000000 0.0000000000 0.0000000000 1.0000000000

0.0000000000 0.0000000000 1.0000000000 331.0637100000
0.0000000000 1.0000000000 0.0000000000 30.6161800000
-1.0000000000 0.0000000000 0.0000000000 319.9778300000
0.0000000000 0.0000000000 0.0000000000 1.0000000000

0.0000000000 0.0000000000 1.0000000000 331.0637100000
0.0000000000 1.0000000000 0.0000000000 30.6411800000
-1.0000000000 0.0000000000 0.0000000000 319.9778300000
0.0000000000 0.0000000000 0.0000000000 1.0000000000

0.0000000000 0.0000000000 1.0000000000 331.0637100000
0.0000000000 1.0000000000 0.0000000000 30.6661800000
-1.0000000000 0.0000000000 0.0000000000 319.9778300000
0.0000000000 0.0000000000 0.0000000000 1.0000000000

0.0000000000 0.0000000000 1.0000000000 331.0637100000
0.0000000000 1.0000000000 0.0000000000 30.6911800000
-1.0000000000 0.0000000000 0.0000000000 319.9778300000
0.0000000000 0.0000000000 0.0000000000 1.0000000000

0.0000000000 0.0000000000 1.0000000000 331.0637100000
0.0000000000 1.0000000000 0.0000000000 30.7161800000
-1.0000000000 0.0000000000 0.0000000000 319.9778300000
0.0000000000 0.0000000000 0.0000000000 1.0000000000

0.0000000000 0.0000000000 1.0000000000 331.0637100000
0.0000000000 1.0000000000 0.0000000000 30.7411800000
-1.0000000000 0.0000000000 0.0000000000 319.9778300000
0.0000000000 0.0000000000 0.0000000000 1.0000000000

0.0000000000 0.0000000000 1.0000000000 331.0637100000
0.0000000000 1.0000000000 0.0000000000 30.7661800000
-1.0000000000 0.0000000000 0.0000000000 319.9778300000
0.0000000000 0.0000000000 0.0000000000 1.0000000000

0.0000000000 0.0000000000 1.0000000000 331.0637100000
0.0000000000 1.0000000000 0.0000000000 30.7911800000
-1.0000000000 0.0000000000 0.0000000000 319.9778300000
0.0000000000 0.0000000000 0.0000000000 1.0000000000

0.0000000000 0.0000000000 1.0000000000 331.0637100000
0.0000000000 1.0000000000 0.0000000000 30.8161800000
-1.0000000000 0.0000000000 0.0000000000 319.9778300000
0.0000000000 0.0000000000 0.0000000000 1.0000000000

0.0000000000 0.0000000000 1.0000000000 331.0637100000
0.0000000000 1.0000000000 0.0000000000 30.8411800000
-1.0000000000 0.0000000000 0.0000000000 319.9778300000
0.0000000000 0.0000000000 0.0000000000 1.0000000000

0.0000000000 0.0000000000 1.0000000000 331.0637100000
0.0000000000 1.0000000000 0.0000000000 30.8661800000
-1.0000000000 0.0000000000 0.0000000000 319.9778300000
0.0000000000 0.0000000000 0.0000000000 1.0000000000

0.0000000000 0.0000000000 1.0000000000 331.0637100000
0.0000000000 1.0000000000 0.0000000000 30.8911800000
-1.0000000000 0.0000000000 0.0000000000 319.9778300000
0.0000000000 0.0000000000 0.0000000000 1.0000000000

0.0000000000 0.0000000000 1.0000000000 331.0637100000
0.0000000000 1.0000000000 0.0000000000 30.9161800000
-1.0000000000 0.0000000000 0.0000000000 319.9778300000
0.0000000000 0.0000000000 0.0000000000 1.0000000000

0.0000000000 0.0000000000 1.0000000000 331.0637100000
0.0000000000 1.0000000000 0.0000000000 30.9411800000
-1.0000000000 0.0000000000 0.0000000000 319.9778300000
0.0000000000 0.0000000000 0.0000000000 1.0000000000

0.0000000000 0.0000000000 1.0000000000 331.0637100000
0.0000000000 1.0000000000 0.0000000000 30.9661800000
-1.0000000000 0.0000000000 0.0000000000 319.9778300000
0.0000000000 0.0000000000 0.0000000000 1.0000000000

0.0000000000 0.0000000000 1.0000000000 331.0637100000
0.0000000000 1.0000000000 0.0000000000 30.9911800000
-1.0000000000 0.0000000000 0.0000000000 319.9778300000
0.0000000000 0.0000000000 0.0000000000 1.0000000000

0.0000000000 0.0000000000 1.0000000000 331.0637100000
0.0000000000 1.0000000000 0.0000000000 31.0161800000
-1.0000000000 0.0000000000 0.0000000000 319.9778300000
0.0000000000 0.0000000000 0.0000000000 1.0000000000

0.0000000000 0.0000000000 1.0000000000 331.0637100000
0.0000000000 1.0000000000 0.0000000000 31.0411800000
-1.0000000000 0.0000000000 0.0000000000 319.9778300000
0.0000000000 0.0000000000 0.0000000000 1.0000000000

0.0000000000 0.0000000000 1.0000000000 331.0637100000
0.0000000000 1.0000000000 0.0000000000 31.0661800000
-1.0000000000 0.0000000000 0.0000000000 319.9778300000
0.0000000000 0.0000000000 0.0000000000 1.0000000000

0.0000000000 0.0000000000 1.0000000000 331.0637100000
0.0000000000 1.0000000000 0.0000000000 31.0911800000
-1.0000000000 0.0000000000 0.0000000000 319.9778300000
0.0000000000 0.0000000000 0.0000000000 1.0000000000

0.0000000000 0.0000000000 1.0000000000 331.0637100000
0.0000000000 1.0000000000 0.0000000000 31.1161800000
-1.0000000000 0.0000000000 0.0000000000 319.9778300000
0.0000000000 0.0000000000 0.0000000000 1.0000000000

0.0000000000 0.0000000000 1.0000000000 331.0637100000
0.0000000000 1.0000000000 0.0000000000 31.1411800000
-1.0000000000 0.0000000000 0.0000000000 319.9778300000
0.0000000000 0.0000000000 0.0000000000 1.0000000000

0.0000000000 0.0000000000 1.0000000000 331.0637100000
0.0000000000 1.0000000000 0.0000000000 31.1661800000
-1.0000000000 0.0000000000 0.0000000000 319.9778300000
0.0000000000 0.0000000000 0.0000000000 1.0000000000

0.0000000000 0.0000000000 1.0000000000 331.0637100000
0.0000000000 1.0000000000 0.0000000000 31.1911800000
-1.0000000000 0.0000000000 0.0000000000 319.9778300000
0.0000000000 0.0000000000 0.0000000000 1.0000000000

0.0000000000 0.0000000000 1.0000000000 331.0637100000
0.0000000000 1.0000000000 0.0000000000 31.2161800000
-1.0000000000 0.0000000000 0.0000000000 319.9778300000
0.0000000000 0.0000000000 0.0000000000 1.0000000000

0.0000000000 0.0000000000 1.0000000000 331.0637100000
0.0000000000 1.0000000000 0.0000000000 31.2411800000
-1.0000000000 0.0000000000 0.0000000000 319.9778300000
0.0000000000 0.0000000000 0.0000000000 1.0000000000

0.0000000000 0.0000000000 1.0000000000 331.0637100000
0.0000000000 1.0000000000 0.0000000000 31.2661800000
-1.0000000000 0.0000000000 0.0000000000 319.9778300000
0.0000000000 0.0000000000 0.0000000000 1.0000000000

0.0000000000 0.0000000000 1.0000000000 331.0637100000
0.0000000000 1.0000000000 0.0000000000 31.2911800000
-1.0000000000 0.0000000000 0.0000000000 319.9778300000
0.0000000000 0.0000000000 0.0000000000 1.0000000000

0.0000000000 0.0000000000 1.0000000000 331.0637100000
0.0000000000 1.0000000000 0.0000000000 31.3161800000
-1.0000000000 0.0000000000 0.0000000000 319.9778300000
0.0000000000 0.0000000000 0.0000000000 1.0000000000

0.0000000000 0.0000000000 1.0000000000 331.0637100000
0.0000000000 1.0000000000 0.0000000000 31.3411800000
-1.0000000000 0.0000000000 0.0000000000 319.9778300000
0.0000000000 0.0000000000 0.0000000000 1.0000000000

0.0000000000 0.0000000000 1.0000000000 331.0637100000
0.0000000000 1.0000000000 0.0000000000 31.3661800000
-1.0000000000 0.0000000000 0.0000000000 319.9778300000
0.0000000000 0.0000000000 0.0000000000 1.0000000000

0.0000000000 0.0000000000 1.0000000000 331.0637100000
0.0000000000 1.0000000000 0.0000000000 31.3911800000
-1.0000000000 0.0000000000 0.0000000000 319.9778300000
0.0000000000 0.0000000000 0.0000000000 1.0000000000

0.0000000000 0.0000000000 1.0000000000 331.0637100000
0.0000000000 1.0000000000 0.0000000000 31.4161800000
-1.0000000000 0.0000000000 0.0000000000 319.9778300000
0.0000000000 0.0000000000 0.0000000000 1.0000000000

0.0000000000 0.0000000000 1.0000000000 331.0637100000
0.0000000000 1.0000000000 0.0000000000 31.4411800000
-1.0000000000 0.0000000000 0.0000000000 319.9778300000
0.0000000000 0.0000000000 0.0000000000 1.0000000000

