time_s,section,target_x_m,target_y_m,target_z_m,actual_x_m,actual_y_m,actual_z_m,error_x_m,error_y_m,error_z_m,position_error_m,tool_x_world_z_angle_deg,q_0_rad,q_1_rad,q_2_rad,q_3_rad,q_4_rad,q_5_rad,qvel_0_rad_s,qvel_1_rad_s,qvel_2_rad_s,qvel_3_rad_s,qvel_4_rad_s,qvel_5_rad_s,tau_0_Nm,tau_1_Nm,tau_2_Nm,tau_3_Nm,tau_4_Nm,tau_5_Nm
0.02,start_hold,0.4,-0.25,0.45,0.39999999610367454,-0.24999999904740577,0.450000000540846,-3.896325484475938e-09,9.525942257226916e-10,5.408459791134135e-10,4.047382167893219e-09,8.537736462515939e-07,-0.8642435983452302,0.22235846545888183,-2.403150631607458,1.2223766980551147,-1.7621350728461056,0.48230922692753614,-5.684341886080805e-16,-3.67660945210022e-17,5.67123446519408e-17,-1.532910034688932e-15,-2.5591732978178373e-16,-1.987651699736929e-16,0.0,-23.57581864983056,10.542860531464793,0.4793398288560665,-0.07845407070497257,-0.0004913447836627505
0.04,start_hold,0.4,-0.25,0.45,0.39999999610367454,-0.24999999904740577,0.450000000540846,-3.896325484475938e-09,9.525942257226916e-10,5.408459791134135e-10,4.047382167893219e-09,8.537736462515939e-07,-0.8642435983452302,0.22235846545888183,-2.403150631607458,1.2223766980551147,-1.7621350728461056,0.48230922692753614,-4.7762442575823e-16,-3.089255561134823e-17,4.765230802551362e-17,-1.2880211812208734e-15,-2.1503345528514702e-16,-1.670115944325712e-16,1.1555068661409181e-14,-23.57581864983056,10.542860531464793,0.4793398288560665,-0.07845407070497257,-0.0004913447836627505
0.06,start_hold,0.4,-0.25,0.45,0.39999999610367454,-0.24999999904740577,0.450000000540846,-3.896325484475938e-09,9.525942257226916e-10,5.408459791134135e-10,4.047382167893219e-09,8.537736462515939e-07,-0.8642435983452302,0.22235846545888183,-2.403150631607458,1.2223766980551147,-1.7621350728461056,0.48230922692753614,2.6197830207340875e-16,1.6944651130270653e-17,-2.6137421105685798e-17,7.064831358973731e-16,1.1794643754902186e-16,9.160631570833319e-17,9.709097631014853e-15,-23.57581864983056,10.542860531464793,0.4793398288560665,-0.07845407070497257,-0.0004913447836627505
0.08,start_hold,0.4,-0.25,0.45,0.39999999610367454,-0.24999999904740577,0.450000000540846,-3.896325484475938e-09,9.525942257226916e-10,5.408459791134135e-10,4.047382167893219e-09,8.537736462515939e-07,-0.8642435983452302,0.22235846545888183,-2.403150631607458,1.2223766980551147,-1.7621350728461056,0.48230922692753614,-2.3003088607454535e-16,-1.4878305122491417e-17,2.295004620252479e-17,-6.203297771646836e-16,-1.0356324674222636e-16,-8.043521851098393e-17,-5.325466569261396e-15,-23.57581864983056,10.542860531464793,0.4793398288560665,-0.07845407070497257,-0.0004913447836627505
0.1,start_hold,0.4,-0.25,0.45,0.39999999610367454,-0.24999999904740577,0.450000000540846,-3.896325484475938e-09,9.525942257226916e-10,5.408459791134135e-10,4.047382167893219e-09,8.537736462515939e-07,-0.8642435983452302,0.22235846545888183,-2.403150631607458,1.2223766980551147,-1.7621350728461056,0.48230922692753614,-6.616041985715925e-17,-4.279229326395869e-18,6.6007861744616246e-18,-1.7841638228445604e-16,-2.9786382181808317e-17,-2.3134405639180516e-17,4.6760429546732834e-15,-23.57581864983056,10.542860531464793,0.4793398288560665,-0.07845407070497257,-0.0004913447836627505
0.12000000000000001,start_hold,0.4,-0.25,0.45,0.39999999610367454,-0.24999999904740577,0.450000000540846,-3.896325484475938e-09,9.525942257226916e-10,5.408459791134135e-10,4.047382167893219e-09,8.537736462515939e-07,-0.8642435983452302,0.22235846545888183,-2.403150631607458,1.2223766980551147,-1.7621350728461056,0.48230922692753614,-3.602786112397939e-16,-2.3302675560689523e-17,3.594478513226886e-17,-9.715719242813382e-16,-1.6220266481815888e-16,-1.2597912095385197e-16,1.3449018539669518e-15,-23.57581864983056,10.542860531464793,0.4793398288560665,-0.07845407070497257,-0.0004913447836627505
0.14,start_hold,0.4,-0.25,0.45,0.39999999610367454,-0.24999999904740577,0.450000000540846,-3.896325484475938e-09,9.525942257226916e-10,5.408459791134135e-10,4.047382167893219e-09,8.537736462515939e-07,-0.8642435983452302,0.22235846545888183,-2.403150631607458,1.2223766980551147,-1.7621350728461056,0.48230922692753614,-1.0287851090083703e-15,-6.654140675848829e-17,1.0264128520794078e-16,-2.774349342004094e-15,-4.631740020095992e-16,-3.597367138651109e-16,7.323704614437505e-15,-23.57581864983056,10.542860531464793,0.4793398288560665,-0.07845407070497257,-0.0004913447836627505
0.16,start_hold,0.4,-0.25,0.45,0.39999999610367454,-0.24999999904740577,0.450000000540846,-3.896325484475938e-09,9.525942257226916e-10,5.408459791134135e-10,4.047382167893219e-09,8.537736462515939e-07,-0.8642435983452302,0.22235846545888183,-2.403150631607458,1.2223766980551147,-1.7621350728461056,0.48230922692753614,-3.448960660506049e-16,-2.2307738729419426e-17,3.441007764655342e-17,-9.300894477657998e-16,-1.5527721950019645e-16,-1.2060028507375847e-16,2.091303234510997e-14,-23.57581864983056,10.542860531464793,0.4793398288560665,-0.07845407070497257,-0.0004913447836627505
0.18,start_hold,0.4,-0.25,0.45,0.39999999610367454,-0.24999999904740577,0.450000000540846,-3.896325484475938e-09,9.525942257226916e-10,5.408459791134135e-10,4.047382167893219e-09,8.537736462515939e-07,-0.8642435983452302,0.22235846545888183,-2.403150631607458,1.2223766980551147,-1.7621350728461056,0.48230922692753614,-5.990986482910388e-16,-3.8749459430667486e-17,5.977171975807762e-17,-1.6156036145233973e-15,-2.6972291501669105e-16,-2.0948765405924398e-16,7.01100990076528e-15,-23.57581864983056,10.542860531464793,0.4793398288560665,-0.07845407070497257,-0.0004913447836627505
0.19999999999999998,start_hold,0.4,-0.25,0.45,0.39999999610367454,-0.24999999904740577,0.450000000540846,-3.896325484475938e-09,9.525942257226916e-10,5.408459791134135e-10,4.047382167893219e-09,8.537736462515939e-07,-0.8642435983452302,0.22235846545888183,-2.403150631607458,1.2223766980551147,-1.7621350728461056,0.48230922692753614,-3.0040768569603787e-16,-1.9430248194925793e-17,2.997149810605637e-17,-8.101165713285701e-16,-1.3524790434845228e-16,-1.0504397150176355e-16,1.217841247886907e-14,-23.57581864983056,10.542860531464793,0.4793398288560665,-0.07845407070497257,-0.0004913447836627505
0.21999999999999997,start_hold,0.4,-0.25,0.45,0.39999999610367454,-0.24999999904740577,0.450000000540846,-3.896325484475938e-09,9.525942257226916e-10,5.408459791134135e-10,4.047382167893219e-09,8.537736462515939e-07,-0.8642435983452302,0.22235846545888183,-2.403150631607458,1.2223766980551147,-1.7621350728461056,0.48230922692753614,-2.9815277119816673e-16,-1.9284401232820106e-17,2.974652661291469e-17,-8.040356896180304e-16,-1.3423270908267408e-16,-1.0425549242638813e-16,6.106654920128565e-15,-23.57581864983056,10.542860531464793,0.4793398288560665,-0.07845407070497257,-0.0004913447836627505
0.23999999999999996,start_hold,0.4,-0.25,0.45,0.39999999610367454,-0.24999999904740577,0.450000000540846,-3.896325484475938e-09,9.525942257226916e-10,5.408459791134135e-10,4.047382167893219e-09,8.537736462515939e-07,-0.8642435983452302,0.22235846545888183,-2.403150631607458,1.2223766980551147,-1.7621350728461056,0.48230922692753614,-5.924651997146619e-16,-3.832041064675025e-17,5.910990449531939e-17,-1.5977150355267319e-15,-2.6673644009851623e-16,-2.0716812690866238e-16,6.060817262277073e-15,-23.57581864983056,10.542860531464793,0.4793398288560665,-0.07845407070497257,-0.0004913447836627505
0.25999999999999995,start_hold,0.4,-0.25,0.45,0.39999999610367454,-0.24999999904740577,0.450000000540846,-3.896325484475938e-09,9.525942257226916e-10,5.408459791134135e-10,4.047382167893219e-09,8.537736462515939e-07,-0.8642435983452302,0.22235846545888183,-2.403150631607458,1.2223766980551147,-1.7621350728461056,0.48230922692753614,-5.180831229553284e-16,-3.350940786118834e-17,5.1688848447596525e-17,-1.3971271149715188e-15,-2.332485485371646e-16,-1.8115884311405456e-16,1.2043568454181436e-14,-23.57581864983056,10.542860531464793,0.4793398288560665,-0.07845407070497257,-0.0004913447836627505
0.27999999999999997,start_hold,0.4,-0.25,0.45,0.39999999610367454,-0.24999999904740577,0.450000000540846,-3.896325484475938e-09,9.525942257226916e-10,5.408459791134135e-10,4.047382167893219e-09,8.537736462515939e-07,-0.8642435983452302,0.22235846545888183,-2.403150631607458,1.2223766980551147,-1.7621350728461056,0.48230922692753614,1.88637791235626e-17,1.2201016409274772e-18,-1.8820281477333974e-18,5.087040310064984e-17,8.492747409715623e-18,6.596123771203355e-18,1.0531537648580291e-14,-23.57581864983056,10.542860531464793,0.4793398288560665,-0.07845407070497257,-0.0004913447836627505
0.3,start_hold,0.4,-0.25,0.45,0.39999999610367454,-0.24999999904740577,0.450000000540846,-3.896325484475938e-09,9.525942257226916e-10,5.408459791134135e-10,4.047382167893219e-09,8.537736462515939e-07,-0.8642435983452302,0.22235846545888183,-2.403150631607458,1.2223766980551147,-1.7621350728461056,0.48230922692753614,-6.585517260568563e-16,-4.2594860570340326e-17,6.570331835725759e-17,-1.7759321474069091e-15,-2.9648955434637963e-16,-2.3027669410012997e-16,-3.8346086029781907e-16,-23.57581864983056,10.542860531464793,0.4793398288560665,-0.07845407070497257,-0.0004913447836627505
0.32,start_hold,0.4,-0.25,0.45,0.39999999610367454,-0.24999999904740577,0.450000000540846,-3.896325484475938e-09,9.525942257226916e-10,5.408459791134135e-10,4.047382167893219e-09,8.537736462515939e-07,-0.8642435983452302,0.22235846545888183,-2.403150631607458,1.2223766980551147,-1.7621350728461056,0.48230922692753614,-5.384829903286934e-17,-3.48288630718316e-18,5.3724131216491515e-18,-1.4521399238937874e-16,-2.4243286519285485e-17,-1.8829209299092127e-17,1.3386968208773938e-14,-23.57581864983056,10.542860531464793,0.4793398288560665,-0.07845407070497257,-0.0004913447836627505
0.34,start_hold,0.4,-0.25,0.45,0.39999999610367454,-0.24999999904740577,0.450000000540846,-3.896325484475938e-09,9.525942257226916e-10,5.408459791134135e-10,4.047382167893219e-09,8.537736462515939e-07,-0.8642435983452302,0.22235846545888183,-2.403150631607458,1.2223766980551147,-1.7621350728461056,0.48230922692753614,-4.809731461703325e-16,-3.110914949972296e-17,4.798640789135607e-17,-1.2970517554297406e-15,-2.1654109786405294e-16,-1.6818254613682433e-16,1.094622394456254e-15,-23.57581864983056,10.542860531464793,0.4793398288560665,-0.07845407070497257,-0.0004913447836627505
0.36000000000000004,start_hold,0.4,-0.25,0.45,0.39999999610367454,-0.24999999904740577,0.450000000540846,-3.896325484475938e-09,9.525942257226916e-10,5.408459791134135e-10,4.047382167893219e-09,8.537736462515939e-07,-0.8642435983452302,0.22235846545888183,-2.403150631607458,1.2223766980551147,-1.7621350728461056,0.48230922692753614,-2.1947612353561268e-16,-1.419562732982889e-17,2.1897003752187095e-17,-5.918664972741846e-16,-9.881133931023839e-17,-7.674452007636311e-17,9.777170057102462e-15,-23.57581864983056,10.542860531464793,0.4793398288560665,-0.07845407070497257,-0.0004913447836627505
0.38000000000000006,start_hold,0.4,-0.25,0.45,0.39999999610367454,-0.24999999904740577,0.450000000540846,-3.896325484475938e-09,9.525942257226916e-10,5.408459791134135e-10,4.047382167893219e-09,8.537736462515939e-07,-0.8642435983452302,0.22235846545888183,-2.403150631607458,1.2223766980551147,-1.7621350728461056,0.48230922692753614,-5.7729851646442285e-16,-3.7339435678806424e-17,5.759673342828487e-17,-1.5568146790506995e-15,-2.599081789614629e-16,-2.0186477177171956e-16,4.461486884179151e-15,-23.57581864983056,10.542860531464793,0.4793398288560665,-0.07845407070497257,-0.0004913447836627505
0.4000000000000001,start_hold,0.4,-0.25,0.45,0.39999999610367454,-0.24999999904740577,0.450000000540846,-3.896325484475938e-09,9.525942257226916e-10,5.408459791134135e-10,4.047382167893219e-09,8.537736462515939e-07,-0.8642435983452302,0.22235846545888183,-2.403150631607458,1.2223766980551147,-1.7621350728461056,0.48230922692753614,-2.894950877112203e-16,-1.87244257496546e-17,2.888275462375622e-17,-7.806883080560723e-16,-1.3033489420018374e-16,-1.0122814825120259e-16,1.1735261758640272e-14,-23.57581864983056,10.542860531464793,0.4793398288560665,-0.07845407070497257,-0.0004913447836627505
0.4200000000000001,start_hold,0.4,-0.25,0.45,0.39999999610367454,-0.24999999904740577,0.450000000540846,-3.896325484475938e-09,9.525942257226916e-10,5.408459791134135e-10,4.047382167893219e-09,8.537736462515939e-07,-0.8642435983452302,0.22235846545888183,-2.403150631607458,1.2223766980551147,-1.7621350728461056,0.48230922692753614,-5.466407582046526e-16,-3.535650421449587e-17,5.453802691919542e-17,-1.4741391711039334e-15,-2.4610561080463316e-16,-1.9114463098209163e-16,5.884824809420907e-15,-23.57581864983056,10.542860531464793,0.4793398288560665,-0.07845407070497257,-0.0004913447836627505
0.4400000000000001,start_hold,0.4,-0.25,0.45,0.39999999610367454,-0.24999999904740577,0.450000000540846,-3.896325484475938e-09,9.525942257226916e-10,5.408459791134135e-10,4.047382167893219e-09,8.537736462515939e-07,-0.8642435983452302,0.22235846545888183,-2.403150631607458,1.2223766980551147,-1.7621350728461056,0.48230922692753614,-3.419456326015678e-16,-2.2116905881503428e-17,3.411571463674668e-17,-9.221329435101448e-16,-1.5394889149828225e-16,-1.195686029234841e-16,1.1112054166985839e-14,-23.57581864983056,10.542860531464793,0.4793398288560665,-0.07845407070497257,-0.0004913447836627505
0.46000000000000013,start_hold,0.4,-0.25,0.45,0.39999999610367454,-0.24999999904740577,0.450000000540846,-3.896325484475938e-09,9.525942257226916e-10,5.408459791134135e-10,4.047382167893219e-09,8.537736462515939e-07,-0.8642435983452302,0.22235846545888183,-2.403150631607458,1.2223766980551147,-1.7621350728461056,0.48230922692753614,-4.355649039111264e-16,-2.8172162667487794e-17,4.34560542696817e-17,-1.1745982654537474e-15,-1.9609764751932004e-16,-1.5230458317868947e-16,6.951033808954214e-15,-23.57581864983056,10.542860531464793,0.4793398288560665,-0.07845407070497257,-0.0004913447836627505
0.48000000000000015,start_hold,0.4,-0.25,0.45,0.39999999610367454,-0.24999999904740577,0.450000000540846,-3.896325484475938e-09,9.525942257226916e-10,5.408459791134135e-10,4.047382167893219e-09,8.537736462515939e-07,-0.8642435983452302,0.22235846545888183,-2.403150631607458,1.2223766980551147,-1.7621350728461056,0.48230922692753614,2.7907886962098754e-17,1.8050708956157557e-18,-2.78435346716139e-18,7.525986442854126e-17,1.2564536149167353e-17,9.758589484582781e-18,8.85411622322978e-15,-23.57581864983056,10.542860531464793,0.4793398288560665,-0.07845407070497257,-0.0004913447836627505
0.5000000000000001,start_hold,0.4,-0.25,0.45,0.39999999610367454,-0.24999999904740577,0.450000000540846,-3.896325484475938e-09,9.525942257226916e-10,5.408459791134135e-10,4.047382167893219e-09,8.537736462515939e-07,-0.8642435983452302,0.22235846545888183,-2.403150631607458,1.2223766980551147,-1.7621350728461056,0.48230922692753614,-6.444438458797268e-16,-4.1682368558990606e-17,6.429578345005214e-17,-1.7378870904326382e-15,-2.901379817348691e-16,-2.253435721001307e-16,-5.673085055482719e-16,-23.57581864983056,10.542860531464793,0.4793398288560665,-0.07845407070497257,-0.0004913447836627505
0.5200000000000001,start_hold,0.4,-0.25,0.45,0.39999999610367454,-0.24999999904740577,0.450000000540846,-3.896325484475938e-09,9.525942257226916e-10,5.408459791134135e-10,4.047382167893219e-09,8.537736462515939e-07,-0.8642435983452302,0.22235846545888183,-2.403150631607458,1.2223766980551147,-1.7621350728461056,0.48230922692753614,4.583677844366673e-17,2.96470438015724e-18,-4.573108424740052e-18,1.2360913372608648e-16,2.0636383560642702e-17,1.602780979925091e-17,1.310018474750322e-14,-23.57581864983056,10.542860531464793,0.4793398288560665,-0.07845407070497257,-0.0004913447836627505
0.5400000000000001,start_hold,0.4,-0.25,0.45,0.39999999610367454,-0.24999999904740577,0.450000000540846,-3.896325484475938e-09,9.525942257226916e-10,5.408459791134135e-10,4.047382167893219e-09,8.537736462515939e-07,-0.8642435983452302,0.22235846545888183,-2.403150631607458,1.2223766980551147,-1.7621350728461056,0.48230922692753614,-3.4404081547662687e-16,-2.2252421466538648e-17,3.432474979983262e-17,-9.277830731435396e-16,-1.5489217326692896e-16,-1.203012284210935e-16,-9.317650710475598e-16,-23.57581864983056,10.542860531464793,0.4793398288560665,-0.07845407070497257,-0.0004913447836627505
0.5600000000000002,start_hold,0.4,-0.25,0.45,0.39999999610367454,-0.24999999904740577,0.450000000540846,-3.896325484475938e-09,9.525942257226916e-10,5.408459791134135e-10,4.047382167893219e-09,8.537736462515939e-07,-0.8642435983452302,0.22235846545888183,-2.403150631607458,1.2223766980551147,-1.7621350728461056,0.48230922692753614,-1.0327898810104237e-15,-6.680043379963699e-17,1.0304083895502948e-16,-2.785149106183681e-15,-4.649770085452596e-16,-3.6113706803741127e-16,6.993624459665756e-15,-23.57581864983056,10.542860531464793,0.4793398288560665,-0.07845407070497257,-0.0004913447836627505
0.5800000000000002,start_hold,0.4,-0.25,0.45,0.39999999610367454,-0.24999999904740577,0.450000000540846,-3.896325484475938e-09,9.525942257226916e-10,5.408459791134135e-10,4.047382167893219e-09,8.537736462515939e-07,-0.8642435983452302,0.22235846545888183,-2.403150631607458,1.2223766980551147,-1.7621350728461056,0.48230922692753614,-3.692588366177068e-16,-2.388351292353901e-17,3.6840736936170975e-17,-9.957891122539209e-16,-1.6624569274577832e-16,-1.2911924879875772e-16,2.0994440916910246e-14,-23.57581864983056,10.542860531464793,0.4793398288560665,-0.07845407070497257,-0.0004913447836627505
0.6000000000000002,start_hold,0.4,-0.25,0.45,0.39999999610367454,-0.24999999904740577,0.450000000540846,-3.896325484475938e-09,9.525942257226916e-10,5.408459791134135e-10,4.047382167893219e-09,8.537736462515939e-07,-0.8642435983452302,0.22235846545888183,-2.403150631607458,1.2223766980551147,-1.7621350728461056,0.48230922692753614,-8.53010871846338e-16,-5.5172399849032814e-17,8.510439295436906e-17,-2.3003347640891575e-15,-3.840378868348843e-16,-2.982734929211736e-16,7.506253663942834e-15,-23.57581864983056,10.542860531464793,0.4793398288560665,-0.07845407070497257,-0.0004913447836627505
0.6200000000000002,start_hold,0.4,-0.25,0.45,0.39999999610367454,-0.24999999904740577,0.450000000540846,-3.896325484475938e-09,9.525942257226916e-10,5.408459791134135e-10,4.047382167893219e-09,8.537736462515939e-07,-0.8642435983452302,0.22235846545888183,-2.403150631607458,1.2223766980551147,-1.7621350728461056,0.48230922692753614,-5.944831274108932e-17,-3.8450929397924625e-18,5.931123195462042e-18,-1.603156829276271e-16,-2.676449404633653e-17,-2.078737384808994e-17,1.7339912677048523e-14,-23.57581864983056,10.542860531464793,0.4793398288560665,-0.07845407070497257,-0.0004913447836627505
0.6400000000000002,start_hold,0.4,-0.25,0.45,0.39999999610367454,-0.24999999904740577,0.450000000540846,-3.896325484475938e-09,9.525942257226916e-10,5.408459791134135e-10,4.047382167893219e-09,8.537736462515939e-07,-0.8642435983452302,0.22235846545888183,-2.403150631607458,1.2223766980551147,-1.7621350728461056,0.48230922692753614,-1.4094793088808573e-16,-9.116455437455399e-18,1.406229216098815e-17,-3.8009764711026375e-16,-6.345680614228433e-17,-4.9285458197037625e-17,1.208458866998114e-15,-23.57581864983056,10.542860531464793,0.4793398288560665,-0.07845407070497257,-0.0004913447836627505
0.6600000000000003,start_hold,0.4,-0.25,0.45,0.39999999610367454,-0.24999999904740577,0.450000000540846,-3.896325484475938e-09,9.525942257226916e-10,5.408459791134135e-10,4.047382167893219e-09,8.537736462515939e-07,-0.8642435983452302,0.22235846545888183,-2.403150631607458,1.2223766980551147,-1.7621350728461056,0.48230922692753614,-6.894381883000931e-16,-4.45925845162477e-17,6.878484252825357e-17,-1.859224406840895e-15,-3.103950883591285e-16,-2.410768061283981e-16,2.865174283558801e-15,-23.57581864983056,10.542860531464793,0.4793398288560665,-0.07845407070497257,-0.0004913447836627505
0.6800000000000003,start_hold,0.4,-0.25,0.45,0.39999999610367454,-0.24999999904740577,0.450000000540846,-3.896325484475938e-09,9.525942257226916e-10,5.408459791134135e-10,4.047382167893219e-09,8.537736462515939e-07,-0.8642435983452302,0.22235846545888183,-2.403150631607458,1.2223766980551147,-1.7621350728461056,0.48230922692753614,4.346919522296862e-17,2.8115700504086037e-18,-4.336896039392496e-18,1.1722441558333183e-16,1.9570463199023065e-17,1.5199933695525055e-17,1.4014824870250574e-14,-23.57581864983056,10.542860531464793,0.4793398288560665,-0.07845407070497257,-0.0004913447836627505
0.7000000000000003,start_hold,0.4,-0.25,0.45,0.39999999610367454,-0.24999999904740577,0.450000000540846,-3.896325484475938e-09,9.525942257226916e-10,5.408459791134135e-10,4.047382167893219e-09,8.537736462515939e-07,-0.8642435983452302,0.22235846545888183,-2.403150631607458,1.2223766980551147,-1.7621350728461056,0.48230922692753614,-2.138237383382093e-16,-1.383003333038028e-17,2.1333068605698604e-17,-5.766235752918542e-16,-9.626655337792534e-17,-7.476804271621372e-17,-8.8363709559316e-16,-23.57581864983056,10.542860531464793,0.4793398288560665,-0.07845407070497257,-0.0004913447836627505
0.7200000000000003,start_hold,0.4,-0.25,0.45,0.39999999610367454,-0.24999999904740577,0.450000000540846,-3.896325484475938e-09,9.525942257226916e-10,5.408459791134135e-10,4.047382167893219e-09,8.537736462515939e-07,-0.8642435983452302,0.22235846545888183,-2.403150631607458,1.2223766980551147,-1.7621350728461056,0.48230922692753614,-7.296118086725991e-16,-4.7190998111818296e-17,7.279294100322542e-17,-1.967561567119016e-15,-3.284818358831886e-16,-2.551243716018139e-16,4.346585809673758e-15,-23.57581864983056,10.542860531464793,0.4793398288560665,-0.07845407070497257,-0.0004913447836627505
0.7400000000000003,start_hold,0.4,-0.25,0.45,0.39999999610367454,-0.24999999904740577,0.450000000540846,-3.896325484475938e-09,9.525942257226916e-10,5.408459791134135e-10,4.047382167893219e-09,8.537736462515939e-07,-0.8642435983452302,0.22235846545888183,-2.403150631607458,1.2223766980551147,-1.7621350728461056,0.48230922692753614,3.500010027164076e-17,2.263792397818274e-18,-3.491939417508107e-18,9.438560522357259e-17,1.5757553615032634e-17,1.2238533534767186e-17,1.4831469876981085e-14,-23.57581864983056,10.542860531464793,0.4793398288560665,-0.07845407070497257,-0.0004913447836627505
0.7600000000000003,start_hold,0.4,-0.25,0.45,0.39999999610367454,-0.24999999904740577,0.450000000540846,-3.896325484475938e-09,9.525942257226916e-10,5.408459791134135e-10,4.047382167893219e-09,8.537736462515939e-07,-0.8642435983452302,0.22235846545888183,-2.403150631607458,1.2223766980551147,-1.7621350728461056,0.48230922692753614,-3.35853228484851e-16,-2.1722851635463677e-17,3.3507879061493704e-17,-9.057034120128167e-16,-1.512060026560061e-16,-1.174382635384235e-16,-7.114782500771647e-16,-23.57581864983056,10.542860531464793,0.4793398288560665,-0.07845407070497257,-0.0004913447836627505
0.7800000000000004,start_hold,0.4,-0.25,0.45,0.39999999610367454,-0.24999999904740577,0.450000000540846,-3.896325484475938e-09,9.525942257226916e-10,5.408459791134135e-10,4.047382167893219e-09,8.537736462515939e-07,-0.8642435983452302,0.22235846545888183,-2.403150631607458,1.2223766980551147,-1.7621350728461056,0.48230922692753614,-5.72060478070395e-16,-3.700064146382291e-17,5.707413741865708e-17,-1.5426891359760246e-15,-2.575499379795582e-16,-2.000331796321496e-16,6.827188077482465e-15,-23.57581864983056,10.542860531464793,0.4793398288560665,-0.07845407070497257,-0.0004913447836627505
0.8000000000000004,start_hold,0.4,-0.25,0.45,0.39999999610367454,-0.24999999904740577,0.450000000540846,-3.896325484475938e-09,9.525942257226916e-10,5.408459791134135e-10,4.047382167893219e-09,8.537736462515939e-07,-0.8642435983452302,0.22235846545888183,-2.403150631607458,1.2223766980551147,-1.7621350728461056,0.48230922692753614,-3.469514711616886e-16,-2.2440681504692524e-17,3.461514420552236e-17,-9.356323077542922e-16,-1.562025927416298e-16,-1.213190014255539e-16,1.1628783481106933e-14,-23.57581864983056,10.542860531464793,0.4793398288560665,-0.07845407070497257,-0.0004913447836627505
0.8200000000000004,start_hold,0.4,-0.25,0.45,0.39999999610367454,-0.24999999904740577,0.450000000540846,-3.896325484475938e-09,9.525942257226916e-10,5.408459791134135e-10,4.047382167893219e-09,8.537736462515939e-07,-0.8642435983452302,0.22235846545888183,-2.403150631607458,1.2223766980551147,-1.7621350728461056,0.48230922692753614,-4.949893916593092e-16,-3.201571461632817e-17,4.9384800459618836e-17,-1.3348496989547799e-15,-2.2285141520772463e-16,-1.7308362610851605e-16,7.052791953396131e-15,-23.57581864983056,10.542860531464793,0.4793398288560665,-0.07845407070497257,-0.0004913447836627505
0.8400000000000004,start_hold,0.4,-0.25,0.45,0.39999999610367454,-0.24999999904740577,0.450000000540846,-3.896325484475938e-09,9.525942257226916e-10,5.408459791134135e-10,4.047382167893219e-09,8.537736462515939e-07,-0.8642435983452302,0.22235846545888183,-2.403150631607458,1.2223766980551147,-1.7621350728461056,0.48230922692753614,-8.746647599521387e-17,-5.6572964615909705e-18,8.726478863412457e-18,-2.358729320631362e-16,-3.9378678184250334e-17,-3.058452379643294e-17,1.0062090778350602e-14,-23.57581864983056,10.542860531464793,0.4793398288560665,-0.07845407070497257,-0.0004913447836627505
0.8600000000000004,start_hold,0.4,-0.25,0.45,0.39999999610367454,-0.24999999904740577,0.450000000540846,-3.896325484475938e-09,9.525942257226916e-10,5.408459791134135e-10,4.047382167893219e-09,8.537736462515939e-07,-0.8642435983452302,0.22235846545888183,-2.403150631607458,1.2223766980551147,-1.7621350728461056,0.48230922692753614,-5.760653403959727e-16,-3.7259674347060196e-17,5.747370017727279e-17,-1.5534891437332255e-15,-2.5935298518017644e-16,-2.014335653879992e-16,1.7780090570750734e-15,-23.57581864983056,10.542860531464793,0.4793398288560665,-0.07845407070497257,-0.0004913447836627505
0.8800000000000004,start_hold,0.4,-0.25,0.45,0.39999999610367454,-0.24999999904740577,0.450000000540846,-3.896325484475938e-09,9.525942257226916e-10,5.408459791134135e-10,4.047382167893219e-09,8.537736462515939e-07,-0.8642435983452302,0.22235846545888183,-2.403150631607458,1.2223766980551147,-1.7621350728461056,0.48230922692753614,-3.5417898073427267e-16,-2.2908153914732296e-17,3.533622858445194e-17,-9.551229052089394e-16,-1.5945652255067139e-16,-1.2384625470741653e-16,1.1710193888994013e-14,-23.57581864983056,10.542860531464793,0.4793398288560665,-0.07845407070497257,-0.0004913447836627505
0.9000000000000005,start_hold,0.4,-0.25,0.45,0.39999999610367454,-0.24999999904740577,0.450000000540846,-3.896325484475938e-09,9.525942257226916e-10,5.408459791134135e-10,4.047382167893219e-09,8.537736462515939e-07,-0.8642435983452302,0.22235846545888183,-2.403150631607458,1.2223766980551147,-1.7621350728461056,0.48230922692753614,-6.552573005726724e-16,-4.23817784560496e-17,6.537463546443741e-17,-1.767047991625203e-15,-2.950063561328116e-16,-2.2912472777851977e-16,7.199711985716356e-15,-23.57581864983056,10.542860531464793,0.4793398288560665,-0.07845407070497257,-0.0004913447836627505
0.9200000000000005,start_hold,0.4,-0.25,0.45,0.39999999610367454,-0.24999999904740577,0.450000000540846,-3.896325484475938e-09,9.525942257226916e-10,5.408459791134135e-10,4.047382167893219e-09,8.537736462515939e-07,-0.8642435983452302,0.22235846545888183,-2.403150631607458,1.2223766980551147,-1.7621350728461056,0.48230922692753614,-2.2104230990289563e-16,-1.4296927633665545e-17,2.2053261244839846e-17,-5.9609006940742995e-16,-9.951645916595875e-17,-7.72921706324733e-17,1.3319999484104417e-14,-23.57581864983056,10.542860531464793,0.4793398288560665,-0.07845407070497257,-0.0004913447836627505
0.9400000000000005,start_hold,0.4,-0.25,0.45,0.39999999610367454,-0.24999999904740577,0.450000000540846,-3.896325484475938e-09,9.525942257226916e-10,5.408459791134135e-10,4.047382167893219e-09,8.537736462515939e-07,-0.8642435983452302,0.22235846545888183,-2.403150631607458,1.2223766980551147,-1.7621350728461056,0.48230922692753614,-8.008069920288984e-16,-5.179587391481554e-17,7.989604257061666e-17,-2.1595553162206183e-15,-3.6053494173610123e-16,-2.800192899665509e-16,4.493324151136791e-15,-23.57581864983056,10.542860531464793,0.4793398288560665,-0.07845407070497257,-0.0004913447836627505
0.9600000000000005,start_hold,0.4,-0.25,0.45,0.39999999610367454,-0.24999999904740577,0.450000000540846,-3.896325484475938e-09,9.525942257226916e-10,5.408459791134135e-10,4.047382167893219e-09,8.537736462515939e-07,-0.8642435983452302,0.22235846545888183,-2.403150631607458,1.2223766980551147,-1.7621350728461056,0.48230922692753614,-1.819019176318378e-16,-1.1765342815816179e-17,1.814824732981819e-17,-4.905392399949949e-16,-8.18948859436506e-17,-6.360589546024456e-17,1.6278717858419522e-14,-23.57581864983056,10.542860531464793,0.4793398288560665,-0.07845407070497257,-0.0004913447836627505
0.9800000000000005,start_hold,0.4,-0.25,0.45,0.39999999610367454,-0.24999999904740577,0.450000000540846,-3.896325484475938e-09,9.525942257226916e-10,5.408459791134135e-10,4.047382167893219e-09,8.537736462515939e-07,-0.8642435983452302,0.22235846545888183,-2.403150631607458,1.2223766980551147,-1.7621350728461056,0.48230922692753614,-8.086220938141095e-16,-5.230135155265768e-17,8.06757506789874e-17,-2.1806304876102914e-15,-3.6405341409565715e-16,-2.8275200743117607e-16,3.697682493420839e-15,-23.57581864983056,10.542860531464793,0.4793398288560665,-0.07845407070497257,-0.0004913447836627505
1.0000000000000004,start_hold,0.4,-0.25,0.45,0.39999999610367454,-0.24999999904740577,0.450000000540846,-3.896325484475938e-09,9.525942257226916e-10,5.408459791134135e-10,4.047382167893219e-09,8.537736462515939e-07,-0.8642435983452302,0.22235846545888183,-2.403150631607458,1.2223766980551147,-1.7621350728461056,0.48230922692753614,-3.522839643233482e-16,-2.278558501602827e-17,3.5147163911760465e-17,-9.500125692537579e-16,-1.5860335863213998e-16,-1.2318362169453875e-16,1.6437582401639812e-14,-23.57581864983056,10.542860531464793,0.4793398288560665,-0.07845407070497257,-0.0004913447836627505
1.0200000000000005,entry,0.4,-0.25,0.45,0.39999999610367454,-0.24999999904740577,0.450000000540846,-3.896325484475938e-09,9.525942257226916e-10,5.408459791134135e-10,4.047382167893219e-09,8.537736462515939e-07,-0.8642435983452302,0.22235846545888183,-2.403150631607458,1.2223766980551147,-1.7621350728461056,0.48230922692753614,-1.0435923932679439e-15,-6.728300406669155e-17,1.0573652598464423e-16,-2.837494680223543e-15,-4.696777204775615e-16,-3.681040915777753e-16,7.68373606575771e-15,-23.57581864983056,10.542860531464793,0.47933982885606646,-0.07845407070497257,-0.0004913447836627505
1.0400000000000005,entry,0.4,-0.249995,0.45,0.39999999610367454,-0.24999999904740577,0.450000000540846,-3.896325484475938e-09,-4.999047405779278e-06,5.408459791134135e-10,4.9990489534605665e-06,8.537736462515939e-07,-0.8642429364896924,0.22235206403636437,-2.403157897107142,1.2223530603441797,-1.7621397537950172,0.4823040146846506,3.3092776889421475e-05,-0.00032007112587211753,-0.0003632749842075253,-0.0011818855467581712,-0.0002340474455842611,-0.0002606121442751284,0.025050373458762647,-23.59118933988711,10.535347865219164,0.47535598483065467,-0.07863886833099015,-0.000491499064692706
1.0600000000000005,entry,0.4,-0.24998,0.45,0.39999800693629056,-0.24999395237128827,0.4499993855863366,-1.9930637094600634e-06,-1.3952371288261656e-05,-6.144136633912112e-07,1.4107390675289203e-05,0.0003593951011607204,-0.864241771086004,0.22233606671818912,-2.4031759170914806,1.222292706918498,-1.7621516135010802,0.482290877752977,5.827018442404566e-05,-0.0007998659087623951,-0.0009009992169250283,-0.0030176712840922076,-0.000592985303150765,-0.0006568465836800892,0.045379746286651264,-23.59869904325977,10.531679562371997,0.47340784013871756,-0.07872920215782298,-0.0004915743961421442
1.0800000000000005,entry,0.4,-0.249955,0.45,0.39999291758220656,-0.24997886269962782,0.44999781635196534,-7.0824177934580845e-06,-2.386269962781351e-05,-2.1836480346704157e-06,2.498714457611479e-05,0.0012874043158377455,-0.8642401233978313,0.22230897035597522,-2.4032063189105126,1.222189553807684,-1.7621717946085482,0.4822685653611188,8.238440863649749e-05,-0.0013548181106950163,-0.00152009095161197,-0.005157655540699884,-0.0010090553733994715,-0.0011156195929115066,0.06456807736375997,-23.60199152565227,10.529920281476333,0.47254020003168723,-0.07877163700183185,-0.0004916096704136485
1.1000000000000005,entry,0.4,-0.24992,0.45,0.3999842219244809,-0.2499533133618692,0.4499951391625168,-1.577807551911281e-05,-3.33133618692083e-05,-4.860837483189329e-06,3.718004151629779e-05,0.002881250911221719,-0.864237987912677,0.2222701318761785,-2.403249792215814,1.2220410012930587,-1.7622007795223709,0.48223654732897037,0.00010677425771082657,-0.0019419239898362723,-0.0021736652650605637,-0.007427625731260029,-0.001449245691127588,-0.0016009016074214446,0.08390752879859645,-23.602988840652394,10.529083924450688,0.4722545902024954,-0.07879010331164168,-0.0004916248514075748
1.1200000000000006,entry,0.4,-0.24987499999999999,0.45,0.3999717066594199,-0.24991669467450217,0.4499912893001486,-2.829334058013222e-05,-4.1694674502185114e-05,-8.710699851421921e-06,5.113546024949892e-05,0.0051830493488951215,-0.8642353415523706,0.22221933855943216,-2.403306565371449,1.2218462179992668,-1.7622387241003654,0.4821946503552583,0.0001323180153213493,-0.002539665837317361,-0.0028386577817372067,-0.009739164689590565,-0.0018972288997241905,-0.0020948486856030577,0.10411995600928232,-23.602703347115558,10.528670788746084,0.47228922982389304,-0.07879685562349616,-0.0004916304863915046
1.1400000000000006,entry,0.4,-0.24982,0.45,0.3999553041974766,-0.24986880138009068,0.4499862459832207,-4.469580252342009e-05,-4.880138009069612e-05,-1.3754016779332634e-05,6.759040197790898e-05,0.008205939068638042,-0.8642321524310912,0.22215658532980373,-2.4033766469924798,1.2216052337196388,-1.7622856289440618,0.4821428710346942,0.00015945606397108598,-0.0031376614814218095,-0.003504081051538207,-0.012049213981407125,-0.0023452421848205647,-0.002588966028206322,0.12557558371638497,-23.601665862837297,10.528429308706212,0.4725073487878499,-0.07879813299860727,-0.0004916322590369899
1.1600000000000006,entry,0.4,-0.249755,0.45,0.39993501629716127,-0.24980962393692385,0.44998000932776255,-6.49837028387501e-05,-5.4623936923847705e-05,-1.9990672237457652e-05,8.721400745408349e-05,0.011948646174883427,-0.8642283841576425,0.22208196057328067,-2.4034599475274443,1.2213184705522946,-1.7623414255490457,0.4820812813071579,0.00018841367243891432,-0.0037312378261525215,-0.004165026748218876,-0.014338158367206873,-0.0027898302491968776,-0.0030794863768170977,0.14846346241590708,-23.600152744370217,10.528234119534694,0.47283792334787766,-0.07879708274270915,-0.0004916332139177958
1.1800000000000006,entry,0.4,-0.24967999999999999,0.45,0.3999108754127423,-0.24973924133536174,0.44997258883637736,-8.912458725773842e-05,-5.92413353617538e-05,-2.741116362264817e-05,0.00011047216735655004,0.016403188353902098,-0.86422399811878,0.22199558852477283,-2.403556339524057,1.2209865039945285,-1.7624060190599666,0.4820099812949591,0.00021930194312112127,-0.00431860242539236,-0.004819599830621685,-0.01659832788830739,-0.0032296755460476945,-0.0035650006099409597,0.17287717801293537,-23.59830619976698,10.528023817277584,0.4732444546891793,-0.07879526774347324,-0.0004916349455140343
1.2000000000000006,entry,0.4,-0.24959499999999998,0.45,0.39988292537803083,-0.24965776692762748,0.44996399770846846,-0.00011707462196919316,-6.276692762749447e-05,-3.6002291531556097e-05,0.00013763109862435804,0.02155887976294667,-0.8642189546698748,0.22189760101261788,-2.4036656867047,1.2206099446439636,-1.7624793089164146,0.48192907640778143,0.0002521724452657855,-0.004899375607747949,-0.005467359032154988,-0.018827967528246455,-0.003664492822397755,-0.004045244358883812,0.1988604558604754,-23.596197991112383,10.527769259979072,0.473708512857804,-0.0787934425379084,-0.0004916382579445325
1.2200000000000006,entry,0.4,-0.2495,0.45,0.399851212015682,-0.24956532181502233,0.4499542500976467,-0.00014878798431799956,-6.532181502233447e-05,-4.574990235328702e-05,0.0001688130840917275,0.027404357707595615,-0.8642132137516805,0.22178812431882028,-2.403787857286674,1.2201893826165822,-1.7625611983220633,0.4818386667850429,0.00028704590971171534,-0.005473834689880104,-0.006108529098711712,-0.021028101369064262,-0.004094470282437522,-0.004520481136926118,0.2264311774889685,-23.59386311284721,10.527457451281503,0.4742210721173408,-0.07879195230361932,-0.0004916435320794913
1.2400000000000007,entry,0.4,-0.249395,0.45,0.3998157788005486,-0.249462022451235,0.44994335985204326,-0.00018422119945143978,-6.702245123499373e-05,-5.664014795675465e-05,0.00020405285015759355,0.03392854877108473,-0.864206735205189,0.22166727372046655,-2.4039227294406698,1.2197253641550063,-1.7626515981325168,0.481738842935444,0.0003239273245737153,-0.006042529917687118,-0.006743607699797921,-0.023200923078790583,-0.004519990522679467,-0.004991192479944258,0.25559401346536875,-23.59131755683157,10.527083364745751,0.474777955616118,-0.07879093755022762,-0.0004916509277181986
1.2600000000000007,entry,0.4,-0.24928,0.45,0.399776665065273,-0.2493479754848988,0.44993133999335183,-0.00022333493472703747,-6.797548489878569e-05,-6.866000664818017e-05,0.00024333794634146823,0.04112108473473423,-0.8641994789284442,0.22153515184649172,-2.4040701929107713,1.2192183843893367,-1.7627504280164077,0.48162968442279364,0.00036281383724156684,-0.006606093698740637,-0.00737317350508389,-0.02534898828347668,-0.004941494194538342,-0.005457925632518099,0.28634703922066135,-23.588567651523526,10.526645811229194,0.4753774467651258,-0.07879043876048218,-0.0004916604930571998
1.2800000000000007,entry,0.4,-0.249155,0.45,0.3997339054570369,-0.24922327620621704,0.449918202556847,-0.0002660945429631134,-6.827620621704944e-05,-8.179744315300885e-05,0.000286633507874622,0.048972434381777355,-0.864191404951213,0.22139184885259675,-2.40423014883511,1.2186688878795104,-1.7628576163374214,0.48151125999022365,0.00040369886155607846,-0.007165149694748452,-0.007997796216936894,-0.02747482549131893,-0.0053594160506829375,-0.005921221628498003,0.31868517597229234,-23.585614946133354,10.526145362916175,0.4760190422971141,-0.07879044956238575,-0.0004916722227403237
1.3000000000000007,entry,0.4,-0.24902,0.45,0.3996875299857308,-0.24908800871532183,0.4499039586013118,-0.00031247001426920606,-6.800871532183783e-05,-9.604139868818473e-05,0.00033389615966510826,0.05747389655439138,-0.8641824734674713,0.2212374433935528,-2.40440250879049,1.2180772726164335,-1.7629730994840378,0.4813836283103473,0.0004465741870836408,-0.007720272952197258,-0.00861799776899387,-0.02958076315384188,-0.005774157330816391,-0.006381583993815686,0.35260195981736336,-23.582458744008676,10.525583321978017,0.47670280617058125,-0.07879094346742407,-0.0004916860878678413
1.3200000000000007,entry,0.4,-0.24887499999999999,0.45,0.39963756432982167,-0.2489422468478726,0.44988861829297216,-0.00036243567017835154,-6.724684787262625e-05,-0.00011138170702784667,0.0003850813397541771,0.06661753049373594,-0.864172644846664,0.22107200388069267,-2.404587193565613,1.2174438952898796,-1.7630968210054325,0.4812468389579451,0.0004914310403643336,-0.008271975643007051,-0.009234238756154738,-0.03166886632769476,-0.006186076069739605,-0.006839467620108879,0.3880904335483144,-23.579097399215858,10.524961218384668,0.47742903901489836,-0.07879188707127606,-0.0004917020510102029
1.3400000000000007,entry,0.4,-0.24872,0.45,0.39958403023406824,-0.24878605537259152,0.4498721910160092,-0.0004159697659317785,-6.60553725915225e-05,-0.00012780898399078477,0.0004401469013935008,0.07639606231612994,-0.864161879634671,0.22089558977585694,-2.4047841319038787,1.2167690767466361,-1.7632287307246841,0.48110093341114685,0.0005382605996524152,-0.008820705241786457,-0.009846916913286492,-0.033740927162170996,-0.006595485962580241,-0.007295277339912477,0.42514358075674363,-23.575528965260936,10.52428057442863,0.47819811268628554,-0.0787932463556818,-0.0004917200733509613
1.3600000000000008,entry,0.4,-0.248555,0.45,0.39952694591927573,-0.24861949122433502,0.44985468548686763,-0.0004730540807242889,-6.449122433502263e-05,-0.00014531451313237742,0.0004990546954323064,0.08680278769776369,-0.8641501385501211,0.2207082528083548,-2.404993259323786,1.2160531071412815,-1.7633687839059828,0.48094594599342894,0.0005870542274937676,-0.009366848375107211,-0.010456370995379624,-0.035798480267730595,-0.00700265906493586,-0.007749370885895127,0.46375452339282913,-23.571751506767168,10.523542802480758,0.47901039069473483,-0.07879498950468222,-0.0004917401177859184
1.3800000000000008,entry,0.4,-0.24838,0.45,0.39946632646801206,-0.24844260466449475,0.4498361098620194,-0.000533673531987966,-6.260466449475866e-05,-0.0001638901379806268,0.0005617710922505008,0.09783147955908467,-0.8641373824789206,0.22051003806994116,-2.405214517058874,1.215296250578003,-1.7635169405055997,0.4807819047219644,0.000637803560026089,-0.00991073692068225,-0.011062886754389155,-0.037842828163921344,-0.007407829980839027,-0.008202063573225758,0.5039165990306145,-23.567763237735182,10.52274916823322,0.4798661928339879,-0.07879708798577988,-0.0004917621500368347
1.4000000000000008,entry,0.4,-0.248195,0.45,0.3994021841721137,-0.24825544032557217,0.44981647183508777,-0.0005978158278863166,-6.044032557217527e-05,-0.0001835281649122389,0.0006282669690049976,0.10947630469863552,-0.8641235724684077,0.22030098497654318,-2.405447851127102,1.2144987491894519,-1.7636731645136423,0.48060883205386484,0.0006905005256458879,-0.010452654669898073,-0.011666703411403414,-0.03987506942755139,-0.00781120040213328,-0.008653633404979615,0.54562337865738,-23.563562572202482,10.521900785178197,0.4807657821682575,-0.07879951679040816,-0.000491786138802947
1.4200000000000008,entry,0.4,-0.248,0.45,0.3993345288385003,-0.2480580381289537,0.44979577872224613,-0.0006654711614997311,-5.8038128953691315e-05,-0.00020422127775387988,0.0006985174453710329,0.121731750916278,-0.8641086697217933,0.22008112810130723,-2.4056932115248033,1.2136608266688598,-1.7638374233831493,0.48042674553392234,0.000745137330714357,-0.010992843761797978,-0.012268019885082169,-0.04189612602960896,-0.00821294347535017,-0.009104325997125115,0.5888686565576696,-23.559148132056105,10.520998623134561,0.4817093629789878,-0.07880225428733154,-0.00049181205551137
1.4400000000000008,entry,0.4,-0.247795,0.45,0.3992633680547974,-0.24785043408008406,0.44977403753625445,-0.000736631945202626,-5.543408008407136e-05,-0.00022596246374556594,0.0007725015177653297,0.1345925636166201,-0.8640926272578353,0.21985057202999356,-2.4059503978117265,1.2127824101296891,-1.764009725683372,0.480235676208443,0.0008021231979002246,-0.01152780356568361,-0.012859314346156546,-0.04392082695853565,-0.008615115011132879,-0.009553466273967344,0.6339613418049085,-23.554392753573378,10.520181631110221,0.4826686122836734,-0.07880540230307231,-0.0004918371985276635
1.4600000000000009,entry,0.4,-0.24758,0.45,0.3991887366876153,-0.24763265083679747,0.4497512533502791,-0.0008112633123847357,-5.265083679747984e-05,-0.0002487466497209101,0.0008501736107315407,0.14806085155131876,-0.8640754082357264,0.21960937479525006,-2.4062193010787305,1.211863561270672,-1.7641900627255729,0.4800356379865371,0.0008609511054477792,-0.012059861737175149,-0.013445163350206662,-0.045942442950854936,-0.009016852110049395,-0.010001911095294108,0.6805340912750926,-23.549494842589915,10.519231922083442,0.48368878413654914,-0.07880875147284881,-0.0004918658193270243
1.4800000000000009,entry,0.4,-0.247355,0.45,0.39911064920685646,-0.24740471398086408,0.4497274312167755,-0.0008893507931435618,-4.971398086409118e-05,-0.00027256878322451383,0.0009315095569809951,0.1621350273179134,-0.864056974526977,0.21935757032325887,-2.406499859060505,1.2109044225617869,-1.7643784153385211,0.4798266376571421,0.0009216854374633034,-0.012590223599559554,-0.014027899088727137,-0.047956935444261724,-0.009417630647408502,-0.010450016469747357,0.7286157360093203,-23.544419081097505,10.518191878464576,0.4847620817842718,-0.07881232134811432,-0.000491897069551337
1.5000000000000009,entry,0.4,-0.24711999999999998,0.45,0.3990291110918768,-0.2471666499747317,0.4497025769324223,-0.0009708889081232464,-4.664997473172172e-05,-0.00029742306757768455,0.0010164949449881881,0.17681136604413253,-0.8640372879220597,0.21909517981503449,-2.406792032237248,1.2099051707115696,-1.7645747604551618,0.4796086772603643,0.0009843302458651052,-0.013119525411219336,-0.014608658837136515,-0.0499625925108681,-0.009817255832038511,-0.010898019838889682,0.7782119737552555,-23.539146350625984,10.517083176171823,0.4858843647459741,-0.07881611899958395,-0.0004919306345903409
1.520000000000001,entry,0.4,-0.24687499999999998,0.45,0.3989441227314009,-0.24691848511647652,0.4496766967146881,-0.0010558772685991258,-4.348511647653264e-05,-0.00032330328531193775,0.0011051211589653057,0.1920851619422698,-0.8640163101929914,0.21882221777266347,-2.4070957916688314,1.2088659947017444,-1.7647790740797777,0.4793817554368771,0.0010488864534147191,-0.013648102118549894,-0.015187971579183897,-0.05195880049125722,-0.01021568123079305,-0.011346091174361328,0.8293237161369635,-23.533666289941987,10.51591677993467,0.48705340419732446,-0.0788201442914115,-0.0004919663015115704
1.540000000000001,entry,0.4,-0.24661999999999998,0.45,0.39885568159839435,-0.24666024508579548,0.4496497970186351,-0.0011443184016056707,-4.02450857955039e-05,-0.0003502029813648999,0.00119738314642428,0.20795128694229653,-0.8639940031712205,0.2185386951654806,-2.407411112826255,1.2077870850384758,-1.7649913326892306,0.4791458681140913,0.0011153510885419436,-0.014176130359143484,-0.01576605787119628,-0.05394548316342973,-0.010612930472642163,-0.011794366139290547,0.8819487866742248,-23.527973265267136,10.514698197270143,0.4882679876248098,-0.07882439404732099,-0.0004920039203186882
1.560000000000001,entry,0.4,-0.246355,0.45,0.39876378335919815,-0.24639195480725729,0.44962188441249373,-0.0012362166408018682,-3.69548072572945e-05,-0.00037811558750627805,0.0012932782524615871,0.224404466957688,-0.8639703287842456,0.21824462109343057,-2.4077379725123906,1.206668628934941,-1.7652115138241866,0.4789010088959827,0.0011837193487459331,-0.014703703602502205,-0.01634298430677535,-0.055922805176737464,-0.011009056747801229,-0.012242960905431815,0.9360834604717314,-23.522064201354258,10.513430169844016,0.4895274353950287,-0.07882886395809142,-0.0004920433896517799
1.580000000000001,entry,0.4,-0.24608,0.45,0.3986684224461058,-0.24611363847813644,0.44959296550753586,-0.0013315775538942365,-3.36384781364496e-05,-0.00040703449246415335,0.0013928055884802608,0.24143940945708203,-0.8639452490743703,0.21794000365922847,-2.4080763473655784,1.2055108084991417,-1.7654395962825942,0.4786471693088994,0.0012539854937638432,-0.015230871710105467,-0.016918742659384072,-0.057891021789967495,-0.011404122920379888,-0.012691979354166305,0.9917232261448307,-23.515937407783618,10.512114042281052,0.4908313422664572,-0.07883354954504736,-0.000492084641262672
1.600000000000001,entry,0.4,-0.24579499999999999,0.45,0.3985695923520255,-0.24582531967422278,0.44956304692467697,-0.0014304076479745298,-3.0319674222789583e-05,-0.0004369530753230433,0.0014959656787718319,0.2590508554460378,-0.8639187178268525,0.2176249256242511,-2.408426058173884,1.2043135170254475,-1.765675599195124,0.478384355670334,0.0013265623758929477,-0.01575390174886932,-0.017485540415274985,-0.059864573684714,-0.011800145626492528,-0.013140681928271124,1.04917981959611,-23.509463081679417,10.510888923031432,0.4921510349273953,-0.07883856839111439,-0.0004921251721866462
1.620000000000001,entry,0.4,-0.2455,0.45,0.3984673149437666,-0.2455270114816891,0.44953213331236225,-0.0015326850562334404,-2.7011481689098726e-05,-0.0004678666876377635,0.0016027327722192113,0.27724077158385324,-0.8638906957244352,0.2172994551775911,-2.408786953565431,1.2030766808245836,-1.765919537811142,0.4781125663435907,0.0014011051208647292,-0.016273522332998877,-0.01804476957737044,-0.06184181004319517,-0.01219693080090167,-0.013589466337166841,1.1082085716570578,-23.502794302001274,10.509589995732846,0.4935203224907735,-0.07884376701852558,-0.0004921679413378974
1.640000000000001,entry,0.4,-0.245195,0.45,0.39836160415598215,-0.24521872830764724,0.4495002288648684,-0.0016383958440178703,-2.3728307647241653e-05,-0.0004997711351316103,0.0017130893618809177,0.29601010430935143,-0.8638611462192212,0.21696362045428624,-2.409158963649364,1.2018003772294643,-1.7661714068389296,0.4778317894393563,0.001477475260702431,-0.01679173616524348,-0.018600504196637942,-0.06381517975596536,-0.01259345138938075,-0.014038845211720627,1.1686912925454156,-23.49597757855399,10.50817104273429,0.494949276715409,-0.07884909878957136,-0.0004922137475939809
1.660000000000001,entry,0.4,-0.24488,0.45,0.3982524581159925,-0.24490048970223616,0.44946733890849444,-0.0017475418840074974,-2.0489702236170526e-05,-0.0005326610915055707,0.0018270331969239384,0.31535592637611043,-0.8638300320724842,0.2166174302616228,-2.4095420570621937,1.2004847613327652,-1.766431190690219,0.4775420086183849,0.0015557073368452795,-0.01730950963317142,-0.019154670641495446,-0.06578079483495654,-0.012989192564470717,-0.01448904104856789,1.2306487962560404,-23.488978609983,10.506671324259004,0.4964301734257407,-0.0788545949061894,-0.0004922620343641745
1.680000000000001,entry,0.4,-0.244555,0.45,0.3981398676819833,-0.2445723179148969,0.44943346975922716,-0.0018601323180167384,-1.7317914896897157e-05,-0.0005665302407728556,0.0019445690176532306,0.3352733220481464,-0.8637973159229928,0.21626088460344303,-2.409936218974015,1.199130022076491,-1.7666988696775385,0.4772432049156757,0.0016358074745729937,-0.017827282908988232,-0.019708095591075087,-0.06773696281369744,-0.013383949365978611,-0.01494018513546091,1.2940871697639995,-23.481779159767246,10.50511044638507,0.4979588412941558,-0.07886027080683815,-0.0004923124978804839
1.700000000000001,entry,0.4,-0.24422,0.45,0.39802382011076043,-0.24423423656872162,0.44939862832223954,-0.001976179889239593,-1.4236568721626153e-05,-0.0006013716777604761,0.002065705092537758,0.35575647219527523,-0.8637629603972581,0.21589398001846413,-2.4103414402020595,1.1977363606377647,-1.7669744229656867,0.4769353576160027,0.00171777628673666,-0.018345229248944942,-0.0202610614022334,-0.06968307193631747,-0.013777664407413008,-0.015392364983648406,1.3590071726970878,-23.474369608495238,10.503497964985725,0.4995329941843855,-0.07886613358490929,-0.0004923648887861542
1.720000000000001,entry,0.4,-0.24387499999999998,0.45,0.39790430093054785,-0.24388626997328955,0.44936282183320875,-0.0020956990694521727,-1.1269973289568247e-05,-0.0006371781667912635,0.002190451464478527,0.37679919177002485,-0.8637269230584756,0.21551675849464944,-2.4107576169296028,1.1963038063492772,-1.7672578542465367,0.4766184543118301,0.001801866939121232,-0.01886107619073533,-0.020808836377153236,-0.07162771442437064,-0.014171564042497498,-0.015845165208631384,1.4256001498880153,-23.466665177431597,10.50192293800075,0.5011341287142315,-0.07887226036619882,-0.0004924175626948873
1.740000000000001,entry,0.4,-0.24352,0.45,0.39778131251728843,-0.2435284367870912,0.4493260563843919,-0.00221868748271159,-8.436787091226083e-06,-0.0006739436156081302,0.0023188025621722246,0.39839956930456977,-0.8636891585250945,0.21512931849368358,-2.4111845279088304,1.1948321658350523,-1.7675491989299024,0.47629249117200934,0.0018882266690543894,-0.019372000048293134,-0.021345548961375957,-0.07358202571124665,-0.014567234168288232,-0.016298156991037458,1.4939871266356815,-23.458646622553537,10.500405023047513,0.5027580607041451,-0.07887866240631701,-0.0004924701590824631
1.7600000000000011,entry,0.4,-0.24315499999999998,0.45,0.3976548771440363,-0.24316074853698771,0.4492883360500781,-0.0023451228559637216,-5.7485369877319226e-06,-0.0007116639499218924,0.0024507345496522816,0.4205611895035783,-0.863649631919661,0.21473169548975687,-2.411622080132591,1.1933214703144452,-1.7678484614193333,0.4759574475004712,0.00197633027167285,-0.01988115019633589,-0.02187761118803034,-0.07553477603034622,-0.014963124471546291,-0.016752183576907692,1.563776786870034,-23.450521554682194,10.49872600085176,0.5044493768049649,-0.07888514605682898,-0.0004925264119678626
1.7800000000000011,entry,0.4,-0.24277999999999997,0.45,0.3975249911930611,-0.2427832250627373,0.44924966609004324,-0.0024750088069389053,-3.225062737338691e-06,-0.0007503339099567685,0.002586248242509952,0.4432818463205182,-0.8636083067152456,0.21432389507635563,-2.412070241688544,1.191771877411397,-1.768155628624762,0.47561329715824663,0.0020662602207733396,-0.02039002067006253,-0.02240807779762568,-0.0774796451524125,-0.015358360271436864,-0.017207517111228636,1.6350110030941243,-23.442235815995623,10.496947775222015,0.5061960770735077,-0.07889176379971269,-0.0004925853561714263
1.8000000000000012,entry,0.4,-0.24239499999999997,0.45,0.3973916404161346,-0.24239589068069856,0.44921005330432734,-0.002608359583865405,-8.90680698584223e-07,-0.000789946695672672,0.002725354342844025,0.46655618125657267,-0.8635651461585058,0.21390590951047406,-2.4125290068750855,1.190183600078657,-1.7684706802664947,0.47526001107439164,0.002158027836988113,-0.020899278294079122,-0.022938259327095232,-0.0794138666369978,-0.015752582086638788,-0.017664304192749572,1.7077017265921348,-23.43376066834429,10.49510134648249,0.5079917310019783,-0.07889854345427903,-0.0004926466256514372
1.8200000000000012,entry,0.4,-0.24199999999999997,0.45,0.39725480550529374,-0.24199877206829473,0.4491695053806861,-0.0027451944947062823,1.227931705233276e-06,-0.0008304946193138929,0.002868068275737396,0.4903774204144523,-0.8635201134008166,0.21347772608779195,-2.412998379002588,1.1885568722378905,-1.768793593669946,0.474897558539585,0.0022516378844599843,-0.021409171134106012,-0.02346860637512939,-0.08133639203831775,-0.01614567017256307,-0.018122626740333218,1.7818530834438766,-23.425080998454245,10.49320176441395,0.5098328464978282,-0.0789054985353692,-0.0004927098586630652
1.8400000000000012,entry,0.4,-0.24159499999999998,0.45,0.397114465011488,-0.2415918971313251,0.4491280304956141,-0.0028855349885120174,3.1028686748868495e-06,-0.0008719695043858944,0.003014407506343501,0.5147382234093713,-0.8634731549820566,0.21303948266946438,-2.4134780522381183,1.1868913671133405,-1.7691244261342471,0.47452593719202774,0.0023479209380029005,-0.021912170916378378,-0.023983661776513746,-0.08327525622749575,-0.016541623215061835,-0.018581067377861162,1.8580928597156656,-23.415926546751283,10.491530581035665,0.5116621805189328,-0.0789128671158835,-0.00049277031834435
1.8600000000000012,entry,0.4,-0.24117999999999998,0.45,0.39697065357877925,-0.24117527539772687,0.4490856324554386,-0.003029346421220769,4.724602273104006e-06,-0.000914367544561423,0.0031643372241556373,0.5396452919503032,-0.8634242378083008,0.21259122664408417,-2.413967904058532,1.1851870647089666,-1.7694631921283275,0.47414511992224245,0.002445858687787492,-0.022412801269010504,-0.024492591020694236,-0.08521512021869618,-0.01693829970402075,-0.019040863489265234,1.935683698320036,-23.406715005104175,10.489649784572213,0.513567860252865,-0.07892027001487538,-0.0004928350846181355
1.8800000000000012,entry,0.4,-0.24075499999999997,0.45,0.3968233679242551,-0.24074892792966796,0.4490423162966837,-0.003176632075744923,6.072070332013846e-06,-0.0009576837033163366,0.0033178586905242527,0.5650973751805363,-0.8633733259589187,0.21213296266491316,-2.414467899992767,1.1834441272334215,-1.769809880265576,0.4737550730230449,0.002545592469107814,-0.022913198958550377,-0.024999796711763174,-0.08714687377725983,-0.017334406862422456,-0.019502344959875968,2.014692605905642,-23.39736864545702,10.48764757351023,0.5155330240466927,-0.07892778200417216,-0.0004929027248897946
1.9000000000000012,entry,0.4,-0.24031999999999998,0.45,0.3966725901471739,-0.24031288195083417,0.44899808925064305,-0.0033274098528261464,7.118049165810714e-06,-0.0010019107493569601,0.003474986639540571,0.5910887320202411,-0.8633203831737508,0.21166467632104924,-2.4149780435830372,1.1816627964014257,-1.7701644684735784,0.4733557593491921,0.00264713925839577,-0.0234143171931963,-0.02550717951350214,-0.08906654159979097,-0.01772941040012396,-0.01996568369264101,2.0951381834031397,-23.387846230014656,10.485568286270551,0.517548686629998,-0.07893544363858149,-0.0004929728756795147
1.9200000000000013,entry,0.4,-0.23987499999999998,0.45,0.39651829548198453,-0.23986716789554646,0.44895295978054006,-0.0034817045180154937,7.832104453514566e-06,-0.0010470402194599493,0.0036357421407185097,0.6176116232450298,-0.863265367855317,0.21118639330808694,-2.4154982555560482,1.1798431693689844,-1.770526956042225,0.4729471486611272,0.0027507659216874534,-0.023914150648115244,-0.026010598650544677,-0.09098135162206732,-0.018124378432326414,-0.02043053440324559,2.177222839218689,-23.37804390055445,10.483518302109905,0.5195930190530151,-0.07894334494545092,-0.0004930437533645055
1.9400000000000013,entry,0.4,-0.23941999999999997,0.45,0.3963604739025558,-0.23941181203981937,0.44890693549000227,-0.0036395260974442234,8.187960180594533e-06,-0.0010930645099977432,0.0038001325344895675,0.6446619009829329,-0.8632082312047946,0.21069823301869525,-2.4160282642852593,1.1779849881392295,-1.7708973938295476,0.4725292249577832,0.0028568325261209885,-0.024408014469584863,-0.026500436460561928,-0.09290906148774537,-0.01852188936613513,-0.020896185167200394,2.261228974850458,-23.36786748130567,10.481593331855251,0.5216465093206375,-0.07895155845022654,-0.000493113720575699
1.9600000000000013,entry,0.4,-0.23895499999999997,0.45,0.39619914855266597,-0.23894682984984594,0.44886002070481096,-0.0038008514473340527,8.170150154029887e-06,-0.001139979295189053,0.003968134482286939,0.6722442110218257,-0.8631489400136776,0.21020022748798123,-2.4165679751492224,1.1760883017434427,-1.7712757890895285,0.47210195138892186,0.0029645595558521133,-0.024900276535700924,-0.026985543198146358,-0.09483431978934381,-0.018919762999048653,-0.02136367844306897,2.346581376902049,-23.35763372001127,10.479467143197876,0.5237743235405956,-0.07895981224238244,-0.0004931876599539298
1.9800000000000013,entry,0.4,-0.23847999999999997,0.45,0.39603430763104913,-0.23847224788225524,0.4488122216424479,-0.0039656923689508905,7.752117744730391e-06,-0.0011877783575521272,0.004139757660437876,0.7003553548459106,-0.8630874586524305,0.20969236832954422,-2.417117376336123,1.1741533304188272,-1.7716621246494504,0.4716652854703329,0.0030740680623537945,-0.025392957921849955,-0.027470059345034527,-0.09674856623078078,-0.019316777996093888,-0.021833295929448215,2.433341134493817,-23.347264626304746,10.477225896185313,0.5259598943510693,-0.07896817988583793,-0.000493264381556957
2.0000000000000013,entry,0.4,-0.23799499999999996,0.45,0.39586592577151364,-0.23798809849028496,0.44876354675119046,-0.004134074228486384,6.901509714996035e-06,-0.0012364532488095548,0.004315024217077274,0.7289879281039318,-0.863023750932292,0.20917463194944652,-2.4176764861152558,1.1721803589261184,-1.7720563747029563,0.47121918221883413,0.00318538600692615,-0.025886819004885087,-0.027955488956635025,-0.09864857463544126,-0.019712502675293793,-0.022305162574935745,2.521534342641093,-23.33671561635343,10.474915943640127,0.528193722217496,-0.07897670292082024,-0.0004933434306352905
2.0200000000000014,entry,0.4,-0.23749999999999996,0.45,0.395693972311268,-0.23749441673099364,0.44871400561830865,-0.004306027688732006,5.583269006320668e-06,-0.0012859943816913577,0.0044939611901707865,0.7581329106876602,-0.8629577605401684,0.2086471747984799,-2.418244955879889,1.1701690113672607,-1.772458609984584,0.4707636264233348,0.0032995196061787542,-0.02637285754833059,-0.028423488231657832,-0.10056737794288051,-0.02011176408138682,-0.02277778977496585,2.611922427606003,-23.32564370148469,10.472885703694061,0.5304062618286939,-0.07898565755874652,-0.0004934195761863353
2.0400000000000014,entry,0.4,-0.23699499999999996,0.45,0.3955184819786237,-0.23699121717619032,0.4486636020658692,-0.004481518021376307,3.7828238096393463e-06,-0.0013363979341308174,0.004676534777377979,0.7877977369256189,-0.8628894557937379,0.20811003937318703,-2.4188226665880603,1.1681192972619643,-1.7728688459215494,0.47029857550318277,0.003415237321523325,-0.0268567712646441,-0.028885535408563316,-0.10248570526481571,-0.02051179684826746,-0.02325254600760299,2.7036137715101907,-23.314563350311676,10.47060862001583,0.5327014079716342,-0.07899461494984902,-0.0004935002002550699
2.0600000000000014,entry,0.4,-0.23647999999999997,0.45,0.39533944345695615,-0.2364785282469814,0.4486123420620157,-0.00466055654304387,1.4717530185670569e-06,-0.001387657937984288,0.004862754775825816,0.8179799594110095,-0.8628188015028185,0.207563215360944,-2.4194096075675233,1.1660314492175734,-1.7732870655390618,0.46982398055056956,0.003532714545965285,-0.027341200612151673,-0.02934704897314316,-0.10439240221954511,-0.02091098087562487,-0.02372974763065998,2.7966927943558617,-23.303373143779602,10.468195773451615,0.5350580858624572,-0.07900366791475502,-0.0004935837354998742
2.0800000000000014,entry,0.4,-0.23595499999999997,0.45,0.3951568282280786,-0.23595638552091464,0.44856023449779603,-0.004843171771921395,-1.3855209146651504e-06,-0.0014397655022039824,0.0050526467750418805,0.8486716906850227,-0.8627457601570369,0.20700668718940463,-2.4200057780665185,1.1639057297509234,-1.7737132482891862,0.46933979220096084,0.003652067289081608,-0.027826408576967686,-0.029808524949763153,-0.10628597333250335,-0.02130913750622334,-0.024209417480437232,2.891254307071294,-23.291988981693276,10.465733428709349,0.5374590856996214,-0.07901288986706441,-0.0004936694116016069
2.1000000000000014,entry,0.4,-0.23541999999999996,0.45,0.3949706063854095,-0.2354248261546955,0.4485072891964129,-0.005029393614590538,-4.82615469554748e-06,-0.001492710803587094,0.005246237600928769,0.8798643068580024,-0.8626702760506765,0.2064406094518717,-2.420610831579125,1.1617417787240092,-1.774147465754518,0.46884598656316095,0.003774205318020199,-0.028303886876646384,-0.03025267563033068,-0.1081975513457151,-0.02171087326659039,-0.024690281889993913,2.987990274657167,-23.28010092311955,10.463532261503415,0.5398429481374287,-0.07902251499325637,-0.000493752806805588
2.1200000000000014,entry,0.4,-0.23487499999999994,0.45,0.39478080866443416,-0.23488386870889993,0.4484535101746974,-0.005219191335565865,-8.868708899989475e-06,-0.0015464898253025883,0.0054434977386794035,0.9115646261548542,-0.8625923177860524,0.20586501685952932,-2.4212246625043146,1.1595396436549406,-1.774589730249874,0.468342513279187,0.003897913231207145,-0.028779629617119825,-0.030691546259486117,-0.11010675345342633,-0.02211322476780501,-0.02517366419869754,3.086017539785517,-23.268219319695717,10.46107655828895,0.5423104042008481,-0.07903213976103612,-0.0004938405645618553
2.1400000000000015,entry,0.4,-0.23431999999999994,0.45,0.394587418527736,-0.2343335459407479,0.4483989041374312,-0.005412581472264033,-1.3545940747955454e-05,-0.001601095862568791,0.00564444236816548,0.9437690857657149,-0.8625118503956357,0.20527988918114295,-2.4218472775973643,1.157299602600662,-1.7750400202921426,0.4678293162313823,0.004023369520836236,-0.029256383919318934,-0.031130754652489216,-0.11200205271393149,-0.022514502113428828,-0.025659852390236496,3.185423521980211,-23.256235288458775,10.458483387457868,0.5448393158505812,-0.07904186033447409,-0.0004939311867310018
2.1600000000000015,entry,0.4,-0.23375499999999996,0.45,0.3943904019375475,-0.23377389781375302,0.448343480951841,-0.0056095980624525366,-1.8897813753054882e-05,-0.0016565190481589998,0.005849102743716295,0.9764685240453337,-0.8624288282726074,0.20468527840466752,-2.422478537138727,1.1550216808284557,-1.7754983527453694,0.46730635012319316,0.004151106151415965,-0.02973053882377131,-0.03156297706815063,-0.11389608861030995,-0.02291662266134056,-0.026148305409456382,3.286617417392482,-23.243923254053584,10.455978440367337,0.5473854669904512,-0.07905185079151743,-0.000494022198765174
2.1800000000000015,entry,0.4,-0.23317999999999994,0.45,0.3941897509973127,-0.23320495727093804,0.44828724853703766,-0.00581024900268734,-2.495727093809741e-05,-0.0017127514629623475,0.006057485774847645,1.009660053901007,-0.8623432044532066,0.20408129805179281,-2.4231181755593596,1.1527056659055355,-1.7759647805187835,0.4667735743054232,0.0042811909700375276,-0.030199017643735015,-0.031981921031623325,-0.11580074614600862,-0.02332138867070314,-0.026638790888496973,3.389671149098556,-23.231300952466718,10.453542042025822,0.5499522989587815,-0.07906208362521522,-0.0004941136006446923
2.2000000000000015,entry,0.4,-0.23259499999999994,0.45,0.39398547739873924,-0.2326267513091535,0.4482302120034654,-0.0060145226012607855,-3.175130915356039e-05,-0.0017697879965345997,0.006269580513829273,1.0433465499007115,-0.8622549465863227,0.20346795707073922,-2.4237661376654334,1.1503517180921503,-1.776439301555846,0.4662309293335166,0.004412893344192606,-0.03066704905267966,-0.03239810530369192,-0.11769739066925536,-0.02372605185312148,-0.02713224859532922,3.494035102346303,-23.218664296747857,10.450881501841534,0.5525965339763331,-0.07907234548787392,-0.000494208769437552
2.2200000000000015,entry,0.4,-0.23199999999999996,0.45,0.3937775541080695,-0.23203931915923176,0.4481723798392172,-0.006222445891930495,-3.931915923180429e-05,-0.0018276201607828058,0.006485412425311528,1.0775215537793856,-0.8621640197132467,0.20284521783300022,-2.4244224627468296,1.1479601910196908,-1.7769218854152011,0.46567835143534386,0.00454634365379708,-0.03113696188694987,-0.03281625406980776,-0.11957635362297638,-0.024129192967758915,-0.027628894908637618,3.599779408000518,-23.205913756086655,10.448100783165128,0.5552983737867491,-0.07908272040106774,-0.0004943066559890707
2.2400000000000015,entry,0.4,-0.23139499999999996,0.45,0.3935659395445233,-0.23144270609991713,0.4481137634185469,-0.006434060455476731,-4.7706099917166345e-05,-0.0018862365814530935,0.0067050203771435776,1.1121739186914394,-0.8620703633392502,0.20221326173393506,-2.42508674865735,1.1455306528644384,-1.777412620282876,0.4651158057047691,0.004682818699825752,-0.0315978049532574,-0.03321429552602469,-0.12147690776261769,-0.024536743383742923,-0.028127286528736126,3.7078740350584276,-23.192576162305915,10.445665115154126,0.5579680114460687,-0.07909353510983141,-0.0004944019587227803
2.2600000000000016,entry,0.4,-0.23077999999999996,0.45,0.39335066882834296,-0.23083693508290543,0.4480543662086256,-0.006649331171657058,-5.6935082905468226e-05,-0.0019456337913744126,0.0069283719216114295,1.1473119006384798,-0.8619739473733875,0.20157212151597645,-2.4257588898603917,1.1430631698615321,-1.777911520258746,0.46454322812982235,0.004820798293137286,-0.03205701089793018,-0.03360706015207075,-0.12337415014531729,-0.024944998793505205,-0.028628878747338042,3.81721988278988,-23.179303920298675,10.442929952089626,0.5607286943233876,-0.07910432468149706,-0.0004945017440395569
2.2800000000000016,entry,0.4,-0.23015499999999994,0.45,0.39313172006587843,-0.2302220455039175,0.44799419550143005,-0.0068682799341215905,-6.704550391756214e-05,-0.002005804498569963,0.007155488525568072,1.1829311603264836,-0.8618747372836926,0.20092176237939766,-2.4264389182576402,1.1405580881221526,-1.778418557520558,0.4639605496138973,0.004960504484749071,-0.032517956828939695,-0.03400141986242519,-0.1252540869689721,-0.025351863090594368,-0.02913392579625134,3.9279253617283865,-23.165959366803577,10.440039216048962,0.5635536414278325,-0.079115200899196,-0.0004946044242189853
2.3000000000000016,entry,0.4,-0.22951999999999995,0.45,0.3929090508024562,-0.22959808488254604,0.4479332626814333,-0.007090949197543828,-7.80848825460978e-05,-0.0020667373185667137,0.007386410556893383,1.21902062217356,-0.8617726779875203,0.2002623116631206,-2.4271265399656756,1.138015181502411,-1.7789337918967056,0.4633677210224966,0.005102964808611268,-0.03297253581385277,-0.034381085401759916,-0.12714533098707698,-0.025761718807387365,-0.029641429570035523,4.040775804004614,-23.152131448293552,10.437393694789487,0.566366279925413,-0.07912643817577703,-0.0004947061828944558
2.3200000000000016,entry,0.4,-0.22887499999999994,0.45,0.3926826750918165,-0.22896508516036848,0.4478715734071245,-0.007317324908183542,-9.008516036854153e-05,-0.0021284265928754875,0.007621125829515051,1.2555833203611995,-0.8616677318384277,0.199593835203519,-2.4278215821235327,1.1354344157697425,-1.7794572548670369,0.4627646782718864,0.005247307454630765,-0.033423822980081015,-0.0347521078928644,-0.12903828663343692,-0.02617314851655995,-0.03015213753051318,4.155152399006916,-23.138218095740818,10.434603681623479,0.5692401935584327,-0.07913775939902251,-0.0004948107379273599
2.3400000000000016,entry,0.4,-0.22821999999999995,0.45,0.3924525818585092,-0.2283230854459128,0.4478091344949628,-0.007547418141490847,-0.00010308544591283719,-0.0021908655050372206,0.007859646230768036,1.2926173407113561,-0.861559865567679,0.19891630616856623,-2.428524058326956,1.132816107601219,-1.7799889249288048,0.46215134690516496,0.0053933135374313775,-0.03387645174763883,-0.03512381017116491,-0.1309154084261691,-0.02658350308839408,-0.0306665683360715,4.270855637388226,-23.124279565548903,10.431616085930335,0.5721857462347663,-0.07914914024789152,-0.0004949184642738854
2.3600000000000017,entry,0.4,-0.22755499999999995,0.45,0.39221872933583446,-0.2276721351784899,0.447745957177029,-0.007781270664165563,-0.00011713517848993549,-0.0022540428229710363,0.008102012271456436,1.3301121986955062,-0.8614490257496523,0.19822983605012523,-2.4292337058222437,1.1301600967067575,-1.780528854379714,0.4615276687020481,0.005541990901338001,-0.03432350592205045,-0.03548237476439215,-0.13280054472307373,-0.026996472545461458,-0.031183910155842397,4.388638664392099,-23.109902462226586,10.428831431376313,0.5751274350578864,-0.07916084309221948,-0.0004950257808490678
2.3800000000000017,entry,0.4,-0.22687999999999994,0.45,0.39198112399307145,-0.22701227122728249,0.44768204785986926,-0.008018876006928577,-0.00013227122728254326,-0.0023179521401307523,0.008348219583599749,1.3680691734578307,-0.8613351718052655,0.19753450408193088,-2.429950324160369,1.127466313162765,-1.7810770824456792,0.4608935750584692,0.0056926972193420185,-0.03476659840971692,-0.035830916906271174,-0.134689177199633,-0.027411403298264247,-0.031704682178944364,4.508055380720026,-23.09539133643548,10.425954842997035,0.5781203203878441,-0.07917266468143741,-0.0004951353199012499
2.4000000000000017,entry,0.4,-0.22619499999999992,0.45,0.3917397578516979,-0.22634353462150003,0.4476174132053259,-0.008260242148302122,-0.0001485346215001071,-0.002382586794674124,0.008598277892492574,1.4064871313997767,-0.8612182710558303,0.19683028229387584,-2.4306739274761413,1.124735082032236,-1.7816335881489007,0.4602489854678404,0.005845037471765766,-0.03521108940275202,-0.036180165788604904,-0.13656155652644378,-0.027825285161076626,-0.03222947953143997,4.628782145241341,-23.080884633276664,10.422857857123274,0.5811886109563363,-0.07918453565583397,-0.0004952480970191375
2.4200000000000017,entry,0.4,-0.22549999999999992,0.45,0.3914945872088889,-0.22566597775912106,0.4475520647883505,-0.008505412791111111,-0.00016597775912113866,-0.002447935211649488,0.00885223034970017,1.445355281577265,-0.8610982678832216,0.1961172984123405,-2.431404220180002,1.1219661957079525,-1.7821984336071386,0.45959383605969123,0.006000158630433344,-0.03564919407676656,-0.036514635193040566,-0.13844431621416614,-0.02824227291188991,-0.03275747040745618,4.751670294026403,-23.065910328997337,10.41999303096977,0.5842480751138834,-0.07919673423522373,-0.0004953604109486408
2.4400000000000017,entry,0.4,-0.22479499999999994,0.45,0.39124562202340707,-0.22497963942942056,0.4474860084885544,-0.008754377976592953,-0.0001846394294206244,-0.0025139915114456013,0.009110070186094783,1.4846759403801149,-0.8609751233096447,0.1953956214461978,-2.432141021326195,1.1191596275431892,-1.7827716537152705,0.45892804971207585,0.006157228678849923,-0.036083848307135555,-0.03684005730966301,-0.1403284082381639,-0.028661005406589758,-0.033289317380767854,4.876135858286257,-23.050853219711133,10.416992560812748,0.5873666666361593,-0.07920902529009295,-0.0004954752756185682
2.4600000000000017,entry,0.4,-0.22407999999999995,0.45,0.3909928488177494,-0.22428456499846638,0.4474192515032674,-0.009007151182250595,-0.00020456499846643883,-0.002580748496732621,0.009371813168320394,1.5244467875170575,-0.8608488045315519,0.19466521146385474,-2.4328843675921887,1.1163157549122742,-1.783353221184268,0.4582515394358883,0.006315938904637973,-0.03652049911715234,-0.03716731329968591,-0.14219363154575101,-0.029078373449880228,-0.0338255138093782,5.00191303141342,-23.03580830470384,10.413771472681862,0.5905602686626124,-0.07922137293745168,-0.0004955932440388281
2.4800000000000018,entry,0.4,-0.22335499999999991,0.45,0.3907362189962621,-0.22358081093029158,0.4473518064362426,-0.009263781003737925,-0.00022581093029167,-0.002648193563757395,0.009637507883917965,1.5646556919657018,-0.860719249855861,0.1939262448752075,-2.4336338664254145,1.1134342107889061,-1.7839432256707053,0.45756423805429697,0.0064777337845419985,-0.03694832943236311,-0.03747494166129369,-0.14407720616840153,-0.029500224321868204,-0.034365069079568156,5.130081276408644,-23.02018808402655,10.410885266341559,0.5937267583720638,-0.0792340901912783,-0.0004957102532158128
2.5000000000000018,entry,0.4,-0.22261999999999993,0.45,0.39047575676723933,-0.2228684153239497,0.4472836772469554,-0.009524243232760687,-0.00024841532394975774,-0.00271632275304462,0.009907135238234548,1.605308748273285,-0.8605864264285233,0.19317875617682323,-2.4343894042983045,1.1105150917306041,-1.7845416851377915,0.45686605673984737,0.006641171366881245,-0.03737443491921356,-0.03777689364450813,-0.14595595291510227,-0.02992297335431294,-0.03490906572247983,5.2596073679627615,-23.004639162182176,10.40772355383616,0.5969775810890202,-0.07924682517827283,-0.0004958306708460451
2.520000000000002,entry,0.4,-0.22187499999999993,0.45,0.39021143472421627,-0.22214743007868465,0.44721487251374825,-0.009788565275783756,-0.0002724300786847156,-0.0027851274862517594,0.010180725093073023,1.6464004796710512,-0.8604502953901889,0.19242273370110036,-2.435150961244289,1.1075586908184856,-1.7851485873267854,0.45615690571175876,0.006806551916721636,-0.03780112378614389,-0.03807784729923858,-0.14782004560593381,-0.03034510944968951,-0.03545755140443124,5.390661815544976,-22.988994072249692,10.40445039101344,0.6002832227467049,-0.07925968369351433,-0.0004959532921431932
2.540000000000002,entry,0.4,-0.22111999999999993,0.45,0.3899432131223793,-0.22141791226219365,0.4471454042062583,-0.010056786877620738,-0.00029791226219372247,-0.002854595793741699,0.01045831875415441,1.6879207772031948,-0.8603107967138763,0.19165835278313753,-2.435918146532929,1.104564651841628,-1.785764023146852,0.45543670783580187,0.006974933815627994,-0.03821904589814177,-0.038359264431982155,-0.14970194884287122,-0.030771791003322644,-0.0360098937978455,5.524056148180381,-22.972828554837207,10.401461601172107,0.6035718369271468,-0.07927286157476016,-0.0004960758315980069
2.560000000000002,entry,0.4,-0.2203549999999999,0.45,0.38967111305180996,-0.22067990414985825,0.4470752761995711,-0.010328886948190064,-0.00032490414985833493,-0.0029247238004289078,0.010739901191532515,1.7298753145770904,-0.86016790085366,0.190885605372625,-2.436690930128802,1.101533231823243,-1.7863879874161175,0.45470536426485797,0.007144793010816322,-0.03863737052562589,-0.03863917979364403,-0.1515710009192642,-0.03119821346327428,-0.03656717854719442,5.6586800524525795,-22.956815234278107,10.39813039323196,0.606956245448089,-0.07928603710878353,-0.0004962019086767954
2.580000000000002,entry,0.4,-0.21957999999999991,0.45,0.389395092152578,-0.2199334647080824,0.44700449941410864,-0.010604907847422018,-0.0003534647080824793,-0.0029955005858913752,0.011025517290007236,1.7722546447025649,-0.8600215558600197,0.1901045765603866,-2.437469100619285,1.0984644021011338,-1.7870205209611776,0.4539627858624939,0.007317249682014718,-0.03905144061192092,-0.03890852452414224,-0.15344148610545028,-0.0316266772530061,-0.03712892011820277,5.795320313505367,-22.940456007071834,10.394923934337381,0.6103529285014329,-0.07929945142563816,-0.000496328735673686
2.600000000000002,entry,0.4,-0.2187949999999999,0.45,0.38911514131133107,-0.2191786464086351,0.4469330819283262,-0.010884858688668952,-0.0003836464086351965,-0.0030669180716738076,0.011315180939671715,1.8150564277630206,-0.8598717153376164,0.18931536374083274,-2.4382524202526525,1.0953580742702667,-1.7876616749801852,0.453208878298616,0.007492026120165949,-0.039460640977692925,-0.03916598166836856,-0.15531639154335614,-0.032057700950385126,-0.0376953781938947,5.933810939164021,-22.923896639936196,10.391707522603136,0.6137858351081094,-0.07931302496553948,-0.0004964574091526568
2.620000000000002,entry,0.4,-0.21799999999999992,0.45,0.38883125278197905,-0.21841550205520147,0.4468610306361906,-0.011168747218020969,-0.0004155020552015498,-0.0031389693638094185,0.011608905419756935,1.8582796324978301,-0.8597183476606373,0.1885179164238143,-2.4390409427500086,1.0922146788059444,-1.7883114185881546,0.45244353620306976,0.00766838384895526,-0.039872365850922006,-0.039426124867799395,-0.15716977321611939,-0.032487180398462163,-0.03826710477731219,6.073583076615301,-22.907432321799075,10.388212627491246,0.6173025417892395,-0.07932664783481427,-0.0004965890016668513
2.640000000000002,entry,0.4,-0.21719499999999992,0.45,0.38854337152784263,-0.2176440973576109,0.44678835959661234,-0.011456628472157393,-0.000449097357610978,-0.003211640403387672,0.011906748442221022,1.9019106566468298,-0.8595613843998905,0.18771245766242206,-2.4398341851935905,1.089033725471881,-1.7889698691223181,0.4516666704936976,0.007848163037338658,-0.040272938069612456,-0.039662122179088675,-0.159047666703166,-0.03292252670817669,-0.03884328546860922,6.215998184997088,-22.89029350277921,10.385144064348728,0.6207785436947947,-0.07934062229915663,-0.0004967200808736593
2.660000000000002,entry,0.4,-0.2163799999999999,0.45,0.3882515310729604,-0.21686447809191972,0.44671507075772793,-0.011748468927039624,-0.0004844780919198155,-0.0032849292422720833,0.012208685485255982,1.9459582564446951,-0.8594007973212225,0.1868989844270736,-2.4406321059383376,1.085815461643952,-1.7896370261723737,0.4508781690463725,0.008029353933399734,-0.04067366176742351,-0.03989603723734414,-0.1609131913964501,-0.03335785250277996,-0.03942507236625202,6.359609628026959,-22.873393614750007,10.381668181893364,0.6243602277050871,-0.07935458804085282,-0.0004968543349903764
2.680000000000002,entry,0.4,-0.2155549999999999,0.45,0.3879556879548876,-0.2160767086584657,0.4466411749911286,-0.012044312045112415,-0.0005217086584657915,-0.0033588250088714133,0.01251476480021012,1.990413067594831,-0.8592365334520377,0.1860775811680511,-2.441434495136308,1.0825598815996003,-1.7903129308707941,0.4500779283134549,0.00821319345924719,-0.04107016295112488,-0.04011945989852879,-0.16277900221758873,-0.03379523492102136,-0.04001203664588157,6.505273319884585,-22.85616450707144,10.378307944622813,0.6279566298454322,-0.07936877191837863,-0.0004969897178173082
2.700000000000002,entry,0.4,-0.2147199999999999,0.45,0.38765583029619954,-0.2152808482024825,0.44656668066836935,-0.012344169703800478,-0.0005608482024825889,-0.0034333193316306576,0.012825005185784617,2.035272059339206,-0.8590685454193491,0.18524834163868195,-2.442241122532209,1.0792669319015422,-1.7909976329934851,0.44926583902872674,0.008399401634429239,-0.0414619764684567,-0.040331369795046576,-0.164647484902901,-0.034235106134549644,-0.04060446423640755,6.652826194042748,-22.838748025173604,10.37493541262945,0.6315898999976512,-0.07938310964729299,-0.0004971272270936776
2.720000000000002,entry,0.4,-0.2138749999999999,0.45,0.38735194672829437,-0.2144769566679785,0.4464915952104695,-0.01264805327170565,-0.0006019566679786037,-0.003508404789530517,0.013139425693736717,2.080533222143479,-0.8588967963750105,0.18441125044991263,-2.4430519718914954,1.0759369392352316,-1.7916911214052076,0.4484417852283584,0.008587452216928278,-0.041854559438466374,-0.04054246796432325,-0.16649963331553336,-0.03467442058611907,-0.04120269001841515,6.80185965676596,-22.821364451033975,10.371353982007482,0.6352938041926126,-0.07939754193936198,-0.0004972670010192095
2.740000000000002,entry,0.4,-0.2130199999999999,0.45,0.3870439919399095,-0.21366510300252078,0.44641593161838744,-0.012956008060090507,-0.0006451030025208804,-0.0035840683816125707,0.013458077459320353,2.126185392357541,-0.8587212219447593,0.18356650146832315,-2.4438666191072604,1.0725695356359797,-1.7923934988223686,0.4476056577355339,0.008778721512558561,-0.042237449079473584,-0.0407323607882619,-0.16837017996259074,-0.035118870858055484,-0.04180637464122674,6.953392924404842,-22.80342836763394,10.36808964531809,0.6389780927461431,-0.07941223839536515,-0.0004974074565247332
2.760000000000002,entry,0.4,-0.2121549999999999,0.45,0.3867319862996662,-0.21284534315170373,0.446339693075756,-0.013268013700333814,-0.0006903431517038261,-0.0036603069242440167,0.013780950910551088,2.1722341662212266,-0.858541793082872,0.18271406201220944,-2.4446850800668973,1.069165095046812,-1.793104747427538,0.44675733171152865,0.008971443094360723,-0.0426219728056852,-0.040923047981852,-0.17022202945838857,-0.035562430258463264,-0.04241630120026159,7.106145213087495,-22.785743726485897,10.364425282139026,0.6427649973252648,-0.07942696819351229,-0.000497550314814708
2.780000000000002,entry,0.4,-0.2112799999999999,0.45,0.3864158767185121,-0.2120177497346446,0.44626289292321325,-0.013584123281487948,-0.0007377497346446882,-0.003737107076786761,0.01410810580131156,2.2186671211520337,-0.8583584448995691,0.18185410951079609,-2.44550696464659,1.0657233225363512,-1.793824959833633,0.44589669096378437,0.009167409165147411,-0.04299762507066705,-0.04109422898463546,-0.17208862552304188,-0.03601062030476233,-0.04303203738721442,7.261401377436231,-22.767508168321754,10.361077866572291,0.6465331959007423,-0.07944195255226334,-0.0004976940871554633
2.800000000000002,entry,0.4,-0.2103949999999999,0.45,0.38609567776951825,-0.21118238304169878,0.44618553525428273,-0.01390432223048177,-0.000787383041698897,-0.003814464745717283,0.014439539121445135,2.2654880649244427,-0.8581711415396751,0.18098666410439349,-2.4463321858721945,1.0622444230144368,-1.794554147170389,0.4450236064777551,0.00936516799470001,-0.04337227032013031,-0.041261061280219224,-0.17394497609571624,-0.03645936683779872,-0.043654224301464956,7.418134761993202,-22.74940054237525,10.357447657713946,0.6503836958061948,-0.07945701257635107,-0.0004978401259151377
2.820000000000002,entry,0.4,-0.2094999999999999,0.45,0.38577135210790264,-0.2103393149494148,0.4461076309929981,-0.014228647892097379,-0.0008393149494148877,-0.0038923690070019057,0.014775297185108241,2.3126886184516047,-0.8579798284670812,0.18011182440514537,-2.4471605072064833,1.0587283715104918,-1.795292359329778,0.4441379521260026,0.009565653629695709,-0.04374198496240617,-0.04141606671444102,-0.17580257519725329,-0.036910607969456374,-0.04428271758762347,7.576994163579325,-22.73098821609303,10.353919009761594,0.6542522467876752,-0.079472260400363,-0.0004979877110273668
2.840000000000002,entry,0.4,-0.2085949999999999,0.45,0.3854428887340484,-0.20948861390047352,0.44602918810791803,-0.014557111265951606,-0.0008936139004736277,-0.003970811892081982,0.015115402121502244,2.360266044194393,-0.8577844577644059,0.17922967547996196,-2.4479917167779472,1.0551751772796447,-1.7960396412428077,0.443239595791267,0.0097685351337652,-0.044107446259169875,-0.04156047857319469,-0.17765971154235824,-0.03736409565147743,-0.04491781673678025,7.737766141084444,-22.712441941633127,10.350344165136281,0.6581634282818569,-0.0794876474515017,-0.0004981372169848813
2.860000000000002,entry,0.4,-0.2076799999999999,0.45,0.3851102706613754,-0.20863035074578395,0.4459502148856135,-0.014889729338624647,-0.0009503507457840621,-0.004049785114386528,0.015459882463661184,2.4082166954281643,-0.8575849840861042,0.17834025914750185,-2.4488256877050114,1.051585005085451,-1.7967960127686158,0.4423284024698056,0.009973683915086835,-0.04447081662300572,-0.04169854635320795,-0.179508609709694,-0.03781857629040993,-0.04555966607306852,7.900340540789069,-22.693819099424047,10.346673994535696,0.6621252128085136,-0.07950317507643447,-0.0004982883324421491
2.880000000000002,entry,0.4,-0.20675499999999988,0.45,0.3847734682263246,-0.20776460029699018,0.44587072209168577,-0.015226531773675445,-0.0010096002969902929,-0.004129277908314244,0.01580877916407598,2.4565332268422035,-0.8573813495075604,0.17744371896610123,-2.4496620965888947,1.047957689633387,-1.7975615494117831,0.44140423502397685,0.010181728927187803,-0.04482700907003129,-0.04182044419415964,-0.18136577260318748,-0.03827683215836985,-0.046208372291437164,8.065187454653842,-22.674851334043083,10.343144658167917,0.6660990082527115,-0.07951887513519225,-0.0004984410938731895
2.900000000000002,entry,0.4,-0.2058199999999999,0.45,0.3844324820679692,-0.20689143329451776,0.44579071535392084,-0.015567517932030817,-0.001071433294517865,-0.00420928464607917,0.016162105713687813,2.5052161780738014,-0.8571735159183138,0.17654005320556454,-2.450500900341667,1.0442935407868992,-1.7983362478643197,0.4404669507346848,0.010391679462327406,-0.04518328802683403,-0.041940187638613666,-0.1832074423243995,-0.03873492262682954,-0.04686421446460483,8.231583032860966,-22.656000431343518,10.339357332316737,0.6701495486230278,-0.07953469194824037,-0.0004985952434358782
2.920000000000002,entry,0.4,-0.2048749999999999,0.45,0.3840872683448101,-0.20601092981773614,0.4457102076256168,-0.015912731655189916,-0.0011359298177362476,-0.004289792374383206,0.016519917793264643,2.5542546985233354,-0.8569614173935751,0.17562945261503282,-2.451341686663713,1.0405922571182997,-1.7991202080567588,0.43951640585897706,0.010604926236935206,-0.0455300295265863,-0.042039316102305074,-0.18506418342997727,-0.039198009621956895,-0.04752724378538645,8.400539051679328,-22.63663815358026,10.335856280612115,0.6741891144819929,-0.07955069162671896,-0.000498751231152066
2.940000000000002,entry,0.4,-0.20391999999999988,0.45,0.3837378414006589,-0.20512316163254804,0.4456292022419545,-0.016262158599341103,-0.0012031616325481609,-0.004370797758045497,0.01688221766433235,2.603652570521887,-0.8567450210452033,0.17471188328649448,-2.4521844741987047,1.0368542568376817,-1.7999134093056863,0.43855245076014926,0.010819817418587157,-0.045878466426916766,-0.04213937674956693,-0.18690001403090475,-0.0396600624463816,-0.04819775494138887,8.570862081840174,-22.61754548483264,10.331973054738919,0.6783246841095857,-0.07956680489925314,-0.0004989082547900972
2.960000000000002,entry,0.4,-0.20295499999999989,0.45,0.38338414711013,-0.20422821325890808,0.44554771387056774,-0.016615852889869998,-0.0012732132589081957,-0.00445228612943227,0.017249072179070842,2.653396348216821,-0.8565242549313694,0.17378757057582186,-2.4530287865205147,1.0330791447078969,-1.800715969073371,0.4375749338542855,0.011038305691696141,-0.04621563553363118,-0.04221561609050023,-0.18875560648924083,-0.04012798838423162,-0.04887584529318877,8.74396249691164,-22.597818887531364,10.328481675134377,0.682433377535726,-0.07958309312968705,-0.0004990675860883431
2.980000000000002,entry,0.4,-0.20197999999999988,0.45,0.38302620943033683,-0.20332615858100028,0.44546574409381984,-0.016973790569663194,-0.0013461585810004006,-0.0045342559061801735,0.017620476323037298,2.70349203231013,-0.8562990893600516,0.17285645972515062,-2.4538746822158854,1.0292674115986655,-1.8015278550721028,0.4365836990583422,0.011258278565890577,-0.046555542533562554,-0.04229478476853992,-0.19058665546157152,-0.040594299936596044,-0.049561739797162885,8.918320928011365,-22.57847105895945,10.324523566371594,0.6866504789350258,-0.07959950782373276,-0.0004992274698164531
3.000000000000002,entry,0.4,-0.20099499999999987,0.45,0.3826639677388179,-0.20241708587832621,0.4453833088103932,-0.017336032261182133,-0.0014220858783263457,-0.004616691189606836,0.017996504670248506,2.7539244598735038,-0.8560694483486475,0.17191879773660249,-2.454721645956578,1.025418611261893,-1.8023491951650445,0.43557858612119305,0.011482050570207217,-0.04688309942740706,-0.042348187034626394,-0.19244001683862663,-0.04106700464709087,-0.05025564685745696,9.095602999691703,-22.558411714163515,10.321023189408406,0.6908315648050652,-0.07961607621269155,-0.0004993902253676705
3.0200000000000022,measure,0.4,-0.19999999999999987,0.45,0.38229745157893086,-0.2015010721137352,0.44530040847106883,-0.017702548421069164,-0.001501072113735319,-0.00469959152893118,0.018377148816661793,2.804700825636375,-0.8558353033739401,0.1709745207275039,-2.4555697539632395,1.0215332710287826,-1.803179951431496,0.43455943268037206,0.011707248735373335,-0.047213850454929374,-0.04240540033306799,-0.19426701165552937,-0.041537813322567084,-0.05095767204105023,9.274106800131271,-22.53879469308296,10.317011572366667,0.69512679682249,-0.07963279447533776,-0.0004995529775712155
3.0400000000000023,measure,0.4,-0.19899999999999987,0.45,0.381926597612591,-0.20057820876563348,0.44521705966148073,-0.01807340238740901,-0.0015782087656336097,-0.0047829403385192815,0.018762066385314795,2.8558051328587792,-0.8555972913122774,0.17002947349379882,-2.45641334435874,1.017636575194141,-1.8040150383371236,0.43353188570292006,0.011900603083134585,-0.04725236168525407,-0.04217951977503339,-0.19483479173208318,-0.04175434528138495,-0.05137734887260075,9.42856305650331,-22.504851600698466,10.320477912752702,0.7036261297723838,-0.07947057165322906,-0.0004991958865383853
3.0600000000000023,measure,0.4,-0.19799999999999987,0.45,0.3815539338608333,-0.19965418215819603,0.4451339717643968,-0.018446066139166717,-0.0016541821581961547,-0.004866028235603226,0.019148678946932483,2.906901110266749,-0.8553552358835118,0.16908633582026744,-2.45725024565139,1.0137432981388497,-1.8048516168622402,0.43249889339550934,0.01210277143827615,-0.04715688367656905,-0.04184506463249733,-0.19466385276456313,-0.041828926255828555,-0.051649615370535105,9.588462735630932,-22.478431624994634,10.319793077062775,0.7100807085276,-0.07940047593406024,-0.0004990894302863492
3.0800000000000023,measure,0.4,-0.19699999999999987,0.45,0.38118081321000136,-0.19873180828252723,0.44505155740954216,-0.018819186789998665,-0.001731808282527364,-0.004948442590457847,0.01953581417385382,2.9577742769839253,-0.8551090472920195,0.16814661039365,-2.4580790024793733,1.0098596275023497,-1.8056884879169037,0.43146181817445156,0.01230942957461591,-0.04698627133087204,-0.04143784139915839,-0.19418353182500062,-0.04184355273318343,-0.05185376105288888,9.752123265345828,-22.455047068497713,10.317811365072963,0.7153316250503682,-0.07937616835992653,-0.0004990316111216024
3.1000000000000023,measure,0.4,-0.19599999999999987,0.45,0.38080794961242437,-0.19781240746772638,0.4449699959589597,-0.019192050387575654,-0.0018124074677265123,-0.005030004041040315,0.019922865244768273,3.0083431104862055,-0.8548587119611812,0.16721071525165773,-2.4588994674494247,1.0059889055573858,-1.8065249997015387,0.4304212843720278,0.01251676654191429,-0.04679475709961288,-0.04102324850256725,-0.19353609724819487,-0.041825589231749206,-0.05202669012118622,9.916484329249293,-22.43416548577396,10.314383639921854,0.7200594648058866,-0.07937523302944526,-0.000498909131731539
3.1200000000000023,measure,0.4,-0.19499999999999987,0.45,0.3804355928624844,-0.19689654055797134,0.44488936533110335,-0.019564407137515616,-0.0018965405579714767,-0.005110634668896663,0.02030964006203535,3.0585580077932546,-0.8546041844577301,0.16627901333675862,-2.459711233820917,1.0021315282688765,-1.8073610302279832,0.4293775496713641,0.012726375172553692,-0.04658509574495483,-0.04058831857460309,-0.19286886442546894,-0.04180152632222561,-0.0521867350331853,10.082593780570235,-22.41365315995661,10.310991903064139,0.7243988042812016,-0.07938585610952255,-0.0004987216644480002
3.1400000000000023,measure,0.4,-0.19399999999999987,0.45,0.38006389602719465,-0.19598437007671995,0.4448096612242529,-0.019936103972805375,-0.001984370076720088,-0.005190338775747094,0.020696028189556376,3.108421055852547,-0.8543454778250393,0.16535135840436527,-2.4605146793559336,0.9982879330768994,-1.8081964564275539,0.42833071376597665,0.012935331634536905,-0.04638274661966719,-0.04017227675083856,-0.1921797595988532,-0.04177130997853279,-0.05234179526937367,10.248302362985315,-22.394283175806812,10.306880048687319,0.7286497339037992,-0.07940218275202353,-0.0004984888126371958
3.1600000000000024,measure,0.4,-0.19299999999999987,0.45,0.3796928241728289,-0.19507587998865067,0.4447308646079063,-0.02030717582717112,-0.002075879988650803,-0.005269135392093727,0.021082088501453992,3.15792452261572,-0.8540825602865444,0.16442784965545465,-2.4613096402137926,0.9944571409052138,-1.8090314062269037,0.4272807855816494,0.013145876924747321,-0.046175437445530994,-0.03974804289295196,-0.1915396085842852,-0.04174748996749409,-0.052496409216363976,10.415186522940838,-22.374576952628647,10.303199134658412,0.7327454077369987,-0.07942089704912136,-0.0004982432513856794
3.1800000000000024,measure,0.4,-0.19199999999999987,0.45,0.37932239258722417,-0.19417096326541072,0.44465292445605387,-0.020677607412775856,-0.002170963265410858,-0.005347075543946145,0.021467830507280267,3.2070900201399466,-0.853815451799483,0.1635082263103848,-2.4620965941437816,0.99063900946458,-1.8098658642370056,0.4262277526128774,0.013355424353067054,-0.04598116725349203,-0.03934769649945735,-0.19090657203169314,-0.04172290050508711,-0.05265164843860116,10.581379456480848,-22.355664379845933,10.299005492674564,0.736873325114491,-0.07944068674364987,-0.0004979967111257042
3.2000000000000024,measure,0.4,-0.19099999999999986,0.45,0.37895250620267235,-0.1932694912438277,0.44457580384623063,-0.021047493797327677,-0.0022694912438278314,-0.005424196153769378,0.02185336334683805,3.2559177998592648,-0.8535441240323958,0.16259255131403072,-2.462875400455208,0.9868323829264553,-1.8106999971847675,0.4251715718066532,0.013566388354364618,-0.045783749817704646,-0.03894031557132972,-0.19033132690623306,-0.04170664738809501,-0.052809040311208276,10.74860300296606,-22.336229624490922,10.295350430715658,0.7409102394764557,-0.07946049941861852,-0.0004977677855925218
3.2200000000000024,measure,0.4,-0.18999999999999986,0.45,0.37858315941863513,-0.1923713256191596,0.44449944868356556,-0.021416840581364893,-0.002371325619159731,-0.005500551316434454,0.022238711978538914,3.3044315332022203,-0.8532685984364267,0.16168056152707566,-2.463646527405873,0.9830371387947563,-1.8115337936137412,0.42411221170380115,0.013776279798453625,-0.04559948934775228,-0.038556347533247916,-0.1897622065849497,-0.041689821448691745,-0.05296800514260301,10.915071558050316,-22.317506267003758,10.291232590963006,0.7450094705472732,-0.07948029915698229,-0.0004975535711068202
3.2400000000000024,measure,0.4,-0.18899999999999986,0.45,0.3782142563800919,-0.1914763434915439,0.4444238269849821,-0.02178574361990815,-0.0024763434915440474,-0.005576173015017893,0.022623983019218672,3.352630772550678,-0.8529888472940509,0.16077233641931832,-2.464409806516871,0.9792522283796654,-1.8123674099668234,0.4230496210938377,0.013987557118791148,-0.04541125538786766,-0.03816395554988851,-0.18924552075454146,-0.041680817654113696,-0.05312953049817245,11.082544297602643,-22.29821096496799,10.287675951820383,0.749033771938787,-0.07949958683172402,-0.0004973641026070555
3.2600000000000025,measure,0.4,-0.18799999999999986,0.45,0.3778457994007949,-0.1905844307039926,0.44434889249858744,-0.022154200599205143,-0.0025844307039927517,-0.005651107501412567,0.023009191690411105,3.400537208960958,-0.8527048920901534,0.15986763301451326,-2.465165676106216,0.9754776685544475,-1.8132008173152547,0.42198376995660736,0.01419776019487437,-0.04523517024025241,-0.03779347946725919,-0.18872799126089637,-0.04167036742156253,-0.05329255686151624,11.24925948776084,-22.279614167420554,10.283661549626599,0.7531250991809804,-0.07951870905562822,-0.0004971894112271284
3.2800000000000025,measure,0.4,-0.18699999999999986,0.45,0.37747770457994884,-0.1896954929197815,0.4442746224750894,-0.022522295420051186,-0.0026954929197816335,-0.005725377524910591,0.023394431407311504,3.4481480736626766,-0.8524167049947615,0.15896655474885418,-2.465913934910885,0.971712554121734,-1.814034154115005,0.420914608294124,0.014409354769594773,-0.04505391328295396,-0.03741294023345531,-0.1882557216356754,-0.04166683998750996,-0.05345808312416533,11.416982987543978,-22.26043066500129,10.280208051535238,0.7571445014275915,-0.0795372522920321,-0.0004970372656427851
3.3000000000000025,measure,0.4,-0.18599999999999986,0.45,0.3771099866452068,-0.1888094465079115,0.444200979290343,-0.022890013354793237,-0.0028094465079116504,-0.005799020709656988,0.02377970441898848,3.4954826700639257,-0.8521243071794595,0.15806887898406433,-2.4666549937073996,0.9679570370182978,-1.8148673729350404,0.41984211173418295,0.014619890765101732,-0.04488378823949281,-0.03705293982571389,-0.18777585517180762,-0.041660941001779035,-0.05362482799705454,11.583961035746334,-22.24195027012602,10.27629080193255,0.7612290929341312,-0.07955570374555458,-0.0004968950571836836
3.3200000000000025,measure,0.4,-0.18499999999999986,0.45,0.3767425740248217,-0.1879262241367502,0.44412794846231934,-0.023257425975178325,-0.0029262241367503383,-0.005872051537680667,0.024165091349932395,3.5425360870703395,-0.8518276705586859,0.15717473006039542,-2.467388624062697,0.964210333263765,-1.815700596187626,0.41876623330049617,0.014831831038682611,-0.0447074461834448,-0.03668151776488576,-0.18733518772664146,-0.04166116262928223,-0.05379392168433854,11.751957660421466,-22.222876901512617,10.272929522583265,0.765241712862579,-0.07957360972047337,-0.0004967710970917089
3.3400000000000025,measure,0.4,-0.18399999999999986,0.45,0.37637549233843853,-0.1870457676973408,0.4440554992694301,-0.02362450766156149,-0.0030457676973409398,-0.005944500730569902,0.02455058353793427,3.58932566652726,-0.851526815944195,0.1562839013793235,-2.4681152158509634,0.9604727008660595,-1.8165337611250556,0.41768695495187047,0.015042730724547383,-0.04454143405359597,-0.03632958941330565,-0.1868816198852773,-0.041658246871482264,-0.05396391743128466,11.919222989493043,-22.204515241984705,10.269097139694221,0.7693164093488662,-0.07959153549029267,-0.000496651796372763
3.3600000000000025,measure,0.4,-0.18299999999999986,0.45,0.37600868003168564,-0.1861680306382541,0.4439836235313407,-0.023991319968314384,-0.0031680306382542434,-0.0060163764686593235,0.02493625147771003,3.635844865233217,-0.8512217150024826,0.1553965336562926,-2.4688345201069923,0.9567434473453242,-1.8173669775678343,0.4166042328933048,0.015255047085619932,-0.04436838615154367,-0.0359652128014493,-0.18646267603676206,-0.0416608221389306,-0.05413610292828324,12.087516966746378,-22.185556011249947,10.265816069299735,0.7733187577637861,-0.07960895523145575,-0.0004965469009166684
3.3800000000000026,measure,0.4,-0.18199999999999986,0.45,0.375642171128048,-0.18529297408829465,0.4439122955033757,-0.024357828871952036,-0.003292974088294792,-0.006087704496624324,0.02532207834558019,3.6821095682186282,-0.8509123882106596,0.15451243201335765,-2.469546911922833,0.9530229087299543,-1.8182001708390636,0.41551805531444663,0.015466339591149366,-0.04420508214674725,-0.035619590792045776,-0.18602693076849836,-0.041659663561465124,-0.05430887894290822,12.255092832893366,-22.16731768106803,10.262057536069833,0.777380151973636,-0.07962649867511445,-0.0004964422709662177
3.4000000000000026,measure,0.4,-0.18099999999999986,0.45,0.37527591167054286,-0.1844205663993265,0.44384151153645884,-0.02472408832945716,-0.003420566399326641,-0.006158488463541167,0.025708127087957455,3.728112068575607,-0.8505988070257905,0.15363174963592055,-2.470252127256655,0.9493104590156949,-1.8190334412251135,0.4144283813817937,0.01567905924345467,-0.04403411887185489,-0.035260766691096096,-0.18562248571297318,-0.04166351930249725,-0.05448369663264489,12.423705906215474,-22.14847719034114,10.258846931944325,0.7813691300365304,-0.07964356107254146,-0.0004963492374411438
3.4200000000000026,measure,0.4,-0.17999999999999985,0.45,0.3749099418925507,-0.1835507827138962,0.4437712493065377,-0.025090058107449298,-0.0035507827138963333,-0.006228750693462293,0.026094375043633336,3.7738672060223504,-0.8502809916254274,0.1527542999144501,-2.470950531140382,0.9456064902495619,-1.8198667048771566,0.413335205225314,0.015890770018157873,-0.043872486073522274,-0.03492019418635782,-0.18519843830665153,-0.04166318260216115,-0.054658807823988347,12.591612643107855,-22.130366598117273,10.255153793121599,0.785414466812862,-0.07966083583684182,-0.0004962531147833756
3.4400000000000026,measure,0.4,-0.17899999999999985,0.45,0.37454421347297856,-0.18268360171484288,0.4437015083496643,-0.025455786527021462,-0.0036836017148430267,-0.006298491650335691,0.026480879637433313,3.8193664688926057,-0.8499589132955716,0.15188024551139728,-2.4716418485192064,0.941910424105545,-1.8207000549133434,0.41223848865820273,0.016103916492790287,-0.04370272015264134,-0.034565868941216875,-0.18480330720084467,-0.04166750180934291,-0.05483582835556105,12.760563619037184,-22.111648928200715,10.252006422421168,0.789387699520526,-0.07967763877312585,-0.0004961667437747752
3.4600000000000026,measure,0.4,-0.17799999999999985,0.45,0.3741787711638075,-0.1818190086532958,0.44363226862543925,-0.025821228836192534,-0.0038190086532959577,-0.006367731374560759,0.02686761412115962,3.8646239546067394,-0.8496325919444481,0.15100940550152203,-2.47232643779964,0.938222692494265,-1.8215334004014792,0.411138231413811,0.016316067556175554,-0.04354200049376316,-0.03422946402166584,-0.1843865805640016,-0.04166727440678862,-0.05501286221958487,12.928818808201385,-22.09366984135647,10.248372523195874,0.7934149262554526,-0.07969472916008248,-0.0004960747892479967
3.4800000000000026,measure,0.4,-0.17699999999999985,0.45,0.373813570805759,-0.18095698919858233,0.4435635318943919,-0.026186429194241023,-0.003956989198582478,-0.006436468105608106,0.027254631884089123,3.909630605904054,-0.8493019987188942,0.1501419498165556,-2.473004015834421,0.934542751218702,-1.82236682904531,0.4100343976217701,0.01652966127769157,-0.04337278424832124,-0.03387890173904789,-0.18399706377814998,-0.04167143219154238,-0.055191689602047504,13.098123996882869,-22.075078421019665,10.245283187125779,0.7973706795921632,-0.0797113440200772,-0.0004959914859599991
3.5000000000000027,measure,0.4,-0.17599999999999985,0.45,0.373448660425106,-0.18009753590070882,0.4434952796040452,-0.02655133957489403,-0.004097535900708965,-0.006504720395954788,0.027641903355385692,3.954399992661408,-0.8489671532811645,0.14927770132431442,-2.4736749368451183,0.9308710604829066,-1.8232002443757476,0.4089269922839613,0.016742271886487345,-0.04321242461205901,-0.033546050534882424,-0.18358453678977357,-0.04167076652187625,-0.05537026689043819,13.266742997849398,-22.057233988550994,10.241704132918652,0.8013783085477021,-0.07972831103726602,-0.0004959007404707776
3.5200000000000027,measure,0.4,-0.17499999999999985,0.45,0.3730839989468808,-0.17924063902549717,0.44342751507334727,-0.0269160010531192,-0.004240639025497317,-0.006572484926652744,0.028029478948905957,3.998922694880252,-0.848628026664423,0.14841683561922472,-2.474338911661129,0.9272071006187295,-1.824033729962511,0.40781598153314536,0.016956330837071324,-0.04304328525448485,-0.033198740800534796,-0.183197993208858,-0.04167427933816954,-0.05555053754079772,13.436416744918299,-22.038771684448868,10.238669136066529,0.8053153365534815,-0.07974478902448191,-0.0004958180796713231
3.5400000000000027,measure,0.4,-0.17399999999999985,0.45,0.37271963677358516,-0.1783862964315684,0.4433602206929618,-0.02728036322641486,-0.004386296431568543,-0.006639779307038185,0.028417327168417716,4.043211904572352,-0.8482846383024526,0.14755917798915327,-2.4749962920348056,0.9235513519176096,-1.8248671849382032,0.4067013753296254,0.01716941809852286,-0.04288288150357266,-0.032869018683818675,-0.18278743505599043,-0.04167274878461107,-0.055730310175997964,13.60541318830363,-22.02106455125135,10.235141805119044,0.8093022961564333,-0.07976167636394728,-0.0004957265649110597
3.5600000000000027,measure,0.4,-0.17299999999999985,0.45,0.37235553513526165,-0.17753450128896583,0.4432934008854429,-0.02764446486473837,-0.004534501288965986,-0.006706599114557121,0.028805496199176415,4.087257966840461,-0.8479369591351912,0.14670490852782278,-2.475646784229465,0.9199033124932702,-1.8257006896681747,0.40558314152910674,0.01738395836307036,-0.04271347306652489,-0.03252460973297463,-0.18240197121696958,-0.04167523649857316,-0.05591169002593396,13.775468314051563,-22.00273378605494,10.23215852363081,0.8132197048539649,-0.07977805390030009,-0.0004956429377492166
3.5800000000000027,measure,0.4,-0.17199999999999985,0.45,0.37199174616839764,-0.17668525536488755,0.4432270386168128,-0.02800825383160238,-0.004685255364887703,-0.006772961383187226,0.02919395325110705,4.131073799254661,-0.8475850083810237,0.14585385394914957,-2.4762907387274153,0.9162634769238709,-1.8265341397262795,0.40446129477605225,0.017597537708377485,-0.04255272893366082,-0.03219772489751358,-0.18199177846996203,-0.041672502905247606,-0.05609233765272465,13.94485448349706,-21.985166205399473,10.228680692560907,0.8171852193874023,-0.07979489268498771,-0.0004955493510311205
3.6000000000000028,measure,0.4,-0.17099999999999985,0.45,0.371628232846423,-0.17583855353933894,0.44316113910560295,-0.028371767153577032,-0.004838553539339097,-0.006838860894397059,0.029582744803394373,4.174649601111325,-0.8472287569034151,0.145006198005051,-2.4769278582498795,0.9126313563850187,-1.8273676129474083,0.4033358044092836,0.01781257388042638,-0.042382797204928435,-0.03185597612321192,-0.1816060269426103,-0.04167366105644153,-0.05627451833842999,14.11530261060054,-21.966969060780706,10.225747253639666,0.8210823623800343,-0.07981119552225882,-0.0004954637052754909
3.6200000000000028,measure,0.4,-0.16999999999999985,0.45,0.37126504858303283,-0.17499440050664053,0.44309568564773627,-0.02873495141696719,-0.004994400506640684,-0.006904314352263741,0.02997183721481005,4.217998086596163,-0.8468682237152233,0.14416176811645812,-2.4775584928435683,0.909007455641419,-1.8282010019691946,0.4022066895229978,0.01802665940959207,-0.04222149442964348,-0.03153172968444051,-0.18119503717998284,-0.041669451089314344,-0.056455744314290075,14.28508972134182,-21.94954298663807,10.222317325472353,0.8250258625499443,-0.07982800783160994,-0.0004953672007807498
3.640000000000003,measure,0.4,-0.16899999999999984,0.45,0.3709021576903125,-0.17415279201438008,0.44303068405108326,-0.029097842309687538,-0.005152792014380236,-0.006969315948916754,0.030361275622389917,4.2611093712876675,-0.8465033796175667,0.14332075108558742,-2.4781823424067664,0.9053912956396041,-1.8290343825846198,0.40107392074117676,0.018242204882831507,-0.04205085154353488,-0.031192478159910695,-0.18080800009075132,-0.04166903077126472,-0.05663843909105339,14.455941510415407,-21.931481285123258,10.219432377828449,0.8289022649275872,-0.07984425405925163,-0.0004952788579201641
3.660000000000003,measure,0.4,-0.16799999999999984,0.45,0.3705396145357221,-0.17331373499731753,0.44296611777955613,-0.029460385464277927,-0.005313734997317687,-0.007033882220443877,0.03075102584332161,4.3039960145578675,-0.8461342434253675,0.14248297452028322,-2.478799757128567,0.9017833884260066,-1.8298676449607783,0.3999375214126276,0.018456809609963466,-0.041888828265210766,-0.03087073609003124,-0.1803953606798771,-0.04166311880791658,-0.056819966427455834,14.626139907553176,-21.91419844422051,10.216049189021337,0.8328233235071655,-0.07986105548391628,-0.0004951788946587739
3.680000000000003,measure,0.4,-0.16699999999999984,0.45,0.3701773844776379,-0.17247722547568517,0.44290199309232875,-0.029822615522362095,-0.005477225475685327,-0.0070980069076712615,0.03114113192495542,4.346648091640963,-0.8457607858896832,0.14164862783358573,-2.479410434589695,0.8981832624304226,-1.8307008632033053,0.3987974632884202,0.01867287678421694,-0.041717334334874276,-0.030533873056399086,-0.18000629977919919,-0.04166091212635084,-0.057002906210372295,14.797405223667619,-21.896273812419615,10.213211741042223,0.836678627554089,-0.07987725769528525,-0.0004950874240156827
3.700000000000003,measure,0.4,-0.16599999999999984,0.45,0.3698155226092782,-0.1716432721448189,0.44283829351597354,-0.03018447739072183,-0.00564327214481905,-0.0071617064840264755,0.03153155935907444,4.389078040111834,-0.8453830256334834,0.14081753844396422,-2.4800147255195677,0.8945914349135178,-1.8315339253613485,0.3976537738129691,0.018888012809985675,-0.04155446948107476,-0.03021454649364109,-0.179591375845237,-0.0416531079021606,-0.05718447377255416,14.968024521615392,-21.879135759547193,10.209874426070101,0.8405769137440446,-0.0798940591696434,-0.000494983662015291
3.720000000000003,measure,0.4,-0.16499999999999984,0.45,0.36945399512311583,-0.1708118708762191,0.44277502566915716,-0.030546004876884192,-0.005811870876219261,-0.007224974330842848,0.0319223512777774,4.431275925294342,-0.8450009333687744,0.13998989805734258,-2.4806123255370576,0.89100744020315,-1.8323669041110462,0.39650642574233663,0.019104613235454523,-0.04138201933108277,-0.029880000874496177,-0.17919973551838586,-0.04164893748488516,-0.05736740353162443,15.13971255094026,-21.861349676504304,10.207083732647584,0.8444108406045299,-0.07991022601180227,-0.0004948887953568313
3.740000000000003,measure,0.4,-0.16399999999999984,0.45,0.3690928576782381,-0.16998303179070598,0.44271217307382627,-0.03090714232176195,-0.005983031790706139,-0.007287826926173746,0.03231347299830385,4.473254085254319,-0.8446145275314257,0.1391655336304939,-2.481203586183517,0.887431799291624,-1.833199685654808,0.39535545048916176,0.01932029186743126,-0.04121822134243461,-0.029563032322975635,-0.1787820455763043,-0.04163907718809664,-0.05754876265874327,15.310761730753393,-21.844357836696116,10.203791629558326,0.8482860879246108,-0.0799270351225577,-0.0004947810256811144
3.760000000000003,measure,0.4,-0.16299999999999984,0.45,0.3687320771460373,-0.16915675031122485,0.4426497426472292,-0.03126792285396274,-0.006156750311225007,-0.007350257352770784,0.03270496685746823,4.515002596918031,-0.8442237788045256,0.13834463893194457,-2.4817882013669776,0.883864051310353,-1.8340323414273982,0.39420082172361154,0.01953743634500698,-0.041044734927466325,-0.029230759173017318,-0.17838739906355142,-0.04163278862950525,-0.057731438277511295,15.482881061702823,-21.826711670707212,10.201047113330624,0.8520984107131273,-0.07994317240157753,-0.0004946825999807735
3.780000000000003,measure,0.4,-0.16199999999999984,0.45,0.3683717096400918,-0.16833303775014316,0.4425877178647979,-0.03162829035990822,-0.006333037750143322,-0.0074122821352021195,0.0330967981032492,4.556533713743152,-0.8438287054409045,0.137527040259639,-2.4823665236236394,0.8803047199081558,-1.8348647559972573,0.39304257472583526,0.019753668181057574,-0.04087993361527897,-0.028916112833084963,-0.1779665701098537,-0.041620728492950315,-0.057912349888813205,15.65436853855335,-21.80986737130991,10.197799698149272,0.8559503945461404,-0.07995999432017925,-0.0004945706980697501
3.800000000000003,measure,0.4,-0.16099999999999984,0.45,0.36801172259595916,-0.16751188886707324,0.4425261059019333,-0.031988277404040866,-0.0065118888670734065,-0.007473894098066702,0.033489008359222916,4.597837539628022,-0.8434292781042725,0.13671293327761552,-2.482938245328496,0.8767533482674958,-1.835696999695706,0.3918806840154964,0.01997136683159883,-0.04070534910117413,-0.028586085242821968,-0.17756858203299855,-0.04161218492243719,-0.05809453551694197,15.826927217842426,-21.792362407894007,10.195100894891068,0.8597409195918837,-0.07997610578823879,-0.000494468617571841
3.820000000000003,measure,0.4,-0.15999999999999984,0.45,0.3676521725047991,-0.1666933160025555,0.4424648901624872,-0.03234782749520093,-0.006693316002555655,-0.007535109837512821,0.03388156287765851,4.638926253251241,-0.8430255148679278,0.13590214348226243,-2.483503720133135,0.8732104619015978,-1.8365289556281426,0.39071518866131344,0.020188161817234745,-0.04053948976765499,-0.028273740231958937,-0.17714431829490232,-0.04159779662183046,-0.05827476770914799,15.99886088744198,-21.775666902897267,10.191897736214104,0.8635694415706323,-0.07999294393440276,-0.0004943525125164571
3.840000000000003,measure,0.4,-0.15899999999999984,0.45,0.36729302728013513,-0.16587731309756149,0.44240407805302934,-0.03270697271986489,-0.006877313097561649,-0.007595921946970674,0.03427450262460931,4.6797899966232235,-0.8426173863853478,0.13509486831155784,-2.484062639006109,0.8696756075292434,-1.8373606931243225,0.38954606398942143,0.02040642412899979,-0.04036375853522972,-0.027945943648693614,-0.17674271861771676,-0.041586874808999544,-0.05845623359460027,16.17186645849082,-21.758304365999145,10.18924425709648,0.8673379954177534,-0.08000903184971649,-0.0004942467239051144
3.860000000000003,measure,0.4,-0.15799999999999984,0.45,0.3669343437382308,-0.16506389340657573,0.4423436528918194,-0.033065656261769216,-0.0070638934065759,-0.007656347108180583,0.03466779290814299,4.7204408799953015,-0.842204910553419,0.1342909323570018,-2.4846153567909437,0.8661493119318342,-1.838192093967695,0.3883733527953942,0.020623791596438637,-0.040196797727803074,-0.02763588924172631,-0.17631477987046348,-0.04157004216862304,-0.058635559701361764,16.344253728728653,-21.741758854454705,10.186084984762386,0.8711428726469188,-0.08002588836328361,-0.0004941263784916707
3.880000000000003,measure,0.4,-0.15699999999999983,0.45,0.36657609020445536,-0.1642530499382038,0.4422836222983363,-0.03342390979554466,-0.00725304993820397,-0.007716377701663724,0.03506147407428159,4.760869091724763,-0.8417880580242747,0.13349053474168907,-2.4851615631404984,0.8626311250145857,-1.8390232265625102,0.3871970311861358,0.020842626457213995,-0.04001988076563593,-0.02731031747774665,-0.1759093458624233,-0.041556629740762546,-0.058816080462920056,16.517713257690573,-21.724539922488677,10.183476490346607,0.874889293116313,-0.08004195388827078,-0.0004940168548829363
3.900000000000003,measure,0.4,-0.15599999999999983,0.45,0.36621832378496594,-0.1634447967808168,0.44222396949842985,-0.033781676215034084,-0.00744479678081697,-0.007776030501570164,0.03545551152312447,4.8010866776062695,-0.8413668465212417,0.13269349907745073,-2.4857016141356243,0.859121574365822,-1.8398539714902176,0.38601714563555395,0.02106057515164797,-0.03985178321191716,-0.027002549756300676,-0.17547753243818257,-0.04153724638537047,-0.058994277529093704,16.690561069925696,-21.708145562426164,10.180360773887092,0.8786703508033687,-0.08005882996459733,-0.0004938922528452973
3.920000000000003,measure,0.4,-0.15499999999999983,0.45,0.3658610131648932,-0.16263912592602678,0.44216470231180827,-0.0341389868351068,-0.007639125926026946,-0.007835297688191745,0.03584994500559067,4.841083878575868,-0.840941246703838,0.13190002610719517,-2.4862351981790956,0.8556202128412101,-1.840684396287218,0.38483367301919535,0.021279990870185787,-0.03967364851277793,-0.02667920217357003,-0.17506807623059703,-0.04152123985001424,-0.05917363081793094,16.864481163073414,-21.69107138039252,10.17779695626944,0.8823944809173772,-0.0800748734489176,-0.0004937789836832958
3.940000000000003,measure,0.4,-0.15399999999999983,0.45,0.3655042157172378,-0.1618360522397546,0.4421058038697285,-0.03449578428276223,-0.007836052239754782,-0.007894196130271536,0.03624474003949023,4.880872678316667,-0.8405112761244952,0.1311099384090184,-2.486762672612248,0.8521275684672338,-1.8415143804380523,0.38364666345044846,0.02149852896713876,-0.03950438490883767,-0.026373721657622105,-0.17463221869881895,-0.041499207541713684,-0.05935047843734444,17.037796006222283,-21.674829299309906,10.174724490142427,0.8861515474044838,-0.08009176957723023,-0.0004936501217585044
3.960000000000003,measure,0.4,-0.15299999999999983,0.45,0.36514790044454054,-0.1610355666323858,0.4420472821829544,-0.03485209955545948,-0.008035566632385971,-0.007952717817045596,0.0366399357969515,4.920443375195269,-0.8400769054587515,0.13032343829718726,-2.487283724635688,0.8486431968924024,-1.8423439906558932,0.3824560945717533,0.021718533287185846,-0.03932500559155756,-0.02605260117201071,-0.17421857874157134,-0.041480510892048655,-0.059528443934758715,17.212182821338253,-21.657900987920947,10.172205060736957,0.8898532313254428,-0.08010779075900529,-0.0004935331065718864
3.980000000000003,measure,0.4,-0.15199999999999983,0.45,0.36479212497211916,-0.16023768470749467,0.44198912028892007,-0.035207875027880864,-0.008237684707494836,-0.008010879711079943,0.037035497931908024,4.959807892016787,-0.8396381520906772,0.12954034727704702,-2.4877987128583934,0.8451676262755105,-1.8431731054231537,0.3812620201038169,0.02193766840371373,-0.03915455100701143,-0.025749411135271592,-0.17377853084460032,-0.041455738363027995,-0.05970372339682003,17.385970740981872,-21.641812290670703,10.169175554244376,0.8935861348095793,-0.08012470689182441,-0.000493399989687883
4.000000000000003,measure,0.4,-0.15099999999999983,0.45,0.36443685858424957,-0.15944239624435036,0.4419313263824193,-0.035563141415750454,-0.00844239624435053,-0.008068673617580735,0.03743146504814275,4.998956588472598,-0.8391949867204184,0.12876086919778681,-2.488307323314222,0.8417004149539519,-1.8440017906652562,0.38006441846188316,0.022158268512938704,-0.03897390396300998,-0.02543052279141795,-0.17336056607793066,-0.04143426210512601,-0.05988008209668658,17.560829994622033,-21.625030953212846,10.166700235456492,0.8972652151944265,-0.0801407050407932,-0.0004932792344089593
4.020000000000002,measure,0.4,-0.14999999999999986,0.45,0.36408215914997605,-0.1586497175556579,0.44187388340969186,-0.035917840850023974,-0.008649717555658049,-0.008126116590308152,0.03782780294914828,5.037901326967189,-0.8387474265661259,0.12798482446393897,-2.488809915875278,0.8382420909553592,-1.8448299239502384,0.37886334694600493,0.022378007714621666,-0.038802236692391856,-0.025129628052820763,-0.17291619992963592,-0.04140666424910581,-0.060053575793910755,17.73509659870539,-21.609096727915187,10.163713405894148,0.9009737816343878,-0.08015764071444463,-0.0004931418729093893
4.040000000000002,measure,0.4,-0.14899999999999985,0.45,0.36372799620414126,-0.15785963724982438,0.44181679974380994,-0.036272003795858765,-0.008859637249824526,-0.00818320025619007,0.0382245496768527,5.0766325317386825,-0.8382954423611243,0.1272124184317058,-2.489306175435196,0.8347922152385329,-1.8456575704449238,0.37765878475554987,0.022599210250081478,-0.03862030161165845,-0.02481297799589955,-0.1724937858413169,-0.04138232473427654,-0.060228109522752045,17.910433570660903,-21.592463455386124,10.161281925477548,0.9046300979846316,-0.0801736147339182,-0.0004930173878033835
4.060000000000001,measure,0.4,-0.1479999999999999,0.45,0.3633744278550275,-0.15707217232802295,0.44176005824360415,-0.03662557214497253,-0.009072172328023043,-0.008239941756395863,0.03862167119435319,5.115162004752044,-0.8378390511600206,0.12644347038473494,-2.489796463116039,0.8313513154646293,-1.8464846068860716,0.37645079274405263,0.022819560055186303,-0.03844740234854267,-0.024514384042147293,-0.17204498869518048,-0.041351822057385426,-0.060399600574861836,18.085184032899658,-21.57668477784547,10.1583374935073,0.9083141498417727,-0.08019056915437808,-0.0004928757959684613
4.080000000000001,measure,0.4,-0.1469999999999999,0.45,0.3630214238598454,-0.1562873101952919,0.44170366745538936,-0.036978576140154595,-0.009287310195291998,-0.008296332544610652,0.039019204985590764,5.153480237538308,-0.8373782237378906,0.12567818716432735,-2.490280462691359,0.82791895517097,-1.84731109770677,0.37523935090988303,0.02304137110649719,-0.038264161020378856,-0.02419997876600039,-0.17161801468296284,-0.04132454103491051,-0.06057209170848075,18.26100356879544,-21.560200652798283,10.155949580761263,0.9119475375524353,-0.08020651765398476,-0.0004927475945819401
4.1000000000000005,measure,0.4,-0.14599999999999994,0.45,0.36266904256442467,-0.1555050685260336,0.4416476101550847,-0.03733095743557535,-0.009505068526033666,-0.00835238984491532,0.039417117181026556,5.191598971230936,-0.8369129769881248,0.12491638691901977,-2.490758536513456,0.8244956614352772,-1.8481369188926404,0.37402452363460065,0.023262337488288366,-0.03809001226537964,-0.023903691104844506,-0.17116468678464328,-0.041291059293520435,-0.06074136376411883,18.4362426305805,-21.54457858979206,10.15304726730881,0.9156068931171555,-0.08022348975813992,-0.0004926017899457131
4.12,measure,0.4,-0.14499999999999996,0.45,0.3623172539220336,-0.15472543349464812,0.4415918950575835,-0.0376827460779664,-0.009725433494648161,-0.008408104942416506,0.03981544470878111,5.229508767054447,-0.8364432817361384,0.12415827795745901,-2.491230367251308,0.8210810003468938,-1.8489621341650828,0.37280629173248986,0.023484762599324884,-0.03790544807803771,-0.023591536892602155,-0.17073305441916944,-0.04126076362212059,-0.06091159510553958,18.612549143278176,-21.52824468919013,10.150702650537669,0.9192171830167191,-0.0802394111059739,-0.0004924698886897567
4.14,measure,0.4,-0.14399999999999996,0.45,0.361966116516236,-0.1539484234372717,0.44153650486082935,-0.03803388348376402,-0.00994842343727173,-0.008463495139170663,0.04021415387291594,5.2672213046752105,-0.8359691547163939,0.1234036772831374,-2.491696318462647,0.8176754981947827,-1.849786618836989,0.3715847230866874,0.023706350987224133,-0.037730033716080365,-0.023297560566951727,-0.1702751076055565,-0.041224233595306733,-0.06107843229012408,18.78828111464211,-21.51278030090331,10.147842174734349,0.922851656146474,-0.08025639960557862,-0.000492319891849
4.159999999999999,measure,0.4,-0.14300000000000002,0.45,0.3616156004711725,-0.153174023274258,0.4414814484437887,-0.038384399528827495,-0.010174023274257982,-0.008518551556211285,0.04061328104684015,5.3047272171543325,-0.8354905668132552,0.12265279465712511,-2.4921560717239726,0.8142787236045631,-1.8506104359383586,0.3703597993451106,0.023929395156934354,-0.037544131300614694,-0.022987663066266577,-0.16983872951098042,-0.04119085506848074,-0.0612461870788398,18.965078584923422,-21.496597698237334,10.145540579571435,0.9264386743824699,-0.08027229196572444,-0.0004921843099377968
4.179999999999999,measure,0.4,-0.14200000000000002,0.45,0.3612657646095544,-0.1524022519945685,0.4414267084316371,-0.038734235390445626,-0.010402251994568484,-0.008573291568362895,0.04101279271345853,5.342038121888742,-0.8350075346045146,0.12190544593110465,-2.4926099917695934,0.8108912018781718,-1.851433460186889,0.3691315918639121,0.024151610437027207,-0.037367436301022704,-0.022696002281043192,-0.1693760863195698,-0.04115121242652066,-0.06141037405992463,19.141307344971707,-21.48129204005414,10.142721657411618,0.9300480745291759,-0.08028929537905932,-0.0004920301446186819
4.199999999999998,measure,0.4,-0.14100000000000004,0.45,0.36091657920180364,-0.15163309324402585,0.44137229386294513,-0.03908342079819638,-0.01063309324402581,-0.00862770613705488,0.041412724691964074,5.379144725716354,-0.8345200290421187,0.12116184230551152,-2.493057759093067,0.807512504168663,-1.852255753940466,0.3679000831421638,0.024375278119794647,-0.03718018127965623,-0.02238836617367093,-0.16893488547543348,-0.04111468767885984,-0.061575436087414614,19.318599321845404,-21.465261806900003,10.14046280573497,0.933611642696353,-0.08030515673882707,-0.0004918909042154915
4.219999999999998,measure,0.4,-0.14000000000000007,0.45,0.3605681033119616,-0.1508665666573035,0.44131818729550687,-0.039431896688038426,-0.010866566657303428,-0.008681812704493141,0.04181304364871868,5.416058582846416,-0.834028066549418,0.12042179847580528,-2.493499739573107,0.8041431545966614,-1.8530771913988608,0.3666653479774522,0.024598124635039943,-0.037002191485312266,-0.0220990240019999,-0.1684674786000797,-0.04107187291973978,-0.06173675823558158,19.495328318942214,-21.450115930713576,10.137685149221742,0.9371957751376452,-0.08032217341375683,-0.0004917325974905238
4.2399999999999975,measure,0.4,-0.13900000000000007,0.45,0.3602203073323639,-0.15010265458749505,0.4412643979229943,-0.039779692667636146,-0.011102654587494987,-0.008735602077005689,0.0422137848488926,5.452770475672427,-0.8335316181546001,0.11968552706989036,-2.4939356126279133,0.8007827268381209,-1.8538978342666659,0.3654273697365301,0.024822419740892814,-0.03681357029574627,-0.021793652740319757,-0.1680213879270233,-0.041032143390256744,-0.061898912046104294,19.673117919818974,-21.434239137870293,10.135468758472694,0.9407357105774914,-0.08033800160375992,-0.0004915897239539559
4.259999999999997,measure,0.4,-0.13800000000000012,0.45,0.35987325057101527,-0.1493413773091271,0.4412109082413292,-0.040126749428984754,-0.011341377309126988,-0.00878909175867082,0.04261491514654047,5.489291894212239,-0.833030700128774,0.11895284162435114,-2.4943657452456396,0.7974317436400107,-1.8547175563031395,0.3641862266230744,0.025045901291301784,-0.03663427227696097,-0.021506630886306145,-0.16754915990550964,-0.04098610182367586,-0.06205715567278538,19.85035017173697,-21.419254093027842,10.132732075097461,0.9442943767913698,-0.08035502973474909,-0.000491427306527055
4.279999999999997,measure,0.4,-0.13700000000000012,0.45,0.359526903517771,-0.1485827158662295,0.4411577275947186,-0.04047309648222902,-0.011582715866229387,-0.008842272405281404,0.04301646925291314,5.525613698053652,-0.8325252835850503,0.1182239561833147,-2.494789815775196,0.7940897811992208,-1.8555364185783059,0.36294190288641454,0.025270827186185747,-0.03644427205182243,-0.021203526477825016,-0.16709812203949426,-0.040943113758322304,-0.06221618683299392,20.02864008265154,-21.403531811338688,10.13055785787612,0.9478104930123892,-0.08037082244383477,-0.0004912808286707712
4.299999999999996,measure,0.4,-0.13600000000000015,0.45,0.35918132572745837,-0.14782669116821234,0.44110483842281856,-0.040818674272541655,-0.011826691168212194,-0.008895161577181454,0.04341841421379053,5.561747311961778,-0.8320153846444672,0.11749868312316941,-2.495208192276803,0.7907573606973574,-1.8563542944887406,0.3616944800966477,0.02549494702915418,-0.0362636530072648,-0.02091882508032041,-0.16662102509317092,-0.040893795521736734,-0.06237113948834172,20.206378176839248,-21.388708645314313,10.12786185032871,0.9513434911533172,-0.08038786008471499,-0.0004911143351549477
4.319999999999996,measure,0.4,-0.13500000000000018,0.45,0.35883648776286325,-0.1470732829352881,0.44105225021572436,-0.04116351223713677,-0.012073282935287921,-0.00894774978427565,0.04382078418666681,5.597683674232574,-0.8315009745137584,0.1167772378932951,-2.4956205520349486,0.787434060851725,-1.8571712444887811,0.36044394339843183,0.025720506535445404,-0.036072261493715674,-0.020617987907286767,-0.1661649922816176,-0.04084750000203021,-0.06252683491079085,20.385170652852274,-21.37314194625156,10.125729514181295,0.9548355983365515,-0.08040361487143151,-0.0004909642855286198
4.339999999999995,measure,0.4,-0.13400000000000017,0.45,0.35849244942856884,-0.14632251270742572,0.44099994536251863,-0.041507550571431184,-0.012322512707425542,-0.00900005463748138,0.04422354641299396,5.63343414327294,-0.8309820691660307,0.11605943170958304,-2.496027264142428,0.7841204010866909,-1.8579871416907332,0.3591903776838224,0.02594526738638297,-0.035890309185603105,-0.02033560537397134,-0.16568298825170033,-0.0407948600976036,-0.06267828573047289,20.563416746931416,-21.358481705113793,10.123073880218652,0.9583427237829127,-0.0804206599452572,-0.0004907937547255418
4.359999999999995,measure,0.4,-0.13300000000000023,0.45,0.35814918133539797,-0.14557435886766534,0.4409479334944567,-0.04185081866460205,-0.012574358867665114,-0.0090520665055433,0.04462673449683509,5.668989737487031,-0.8304586399103556,0.11534548141569964,-2.496428004823215,0.7808159626401836,-1.8588020459524466,0.35793376900302326,0.02617146278375066,-0.0356975146941698,-0.020037034039342407,-0.16522192232536262,-0.04074521308566859,-0.06283043403995668,20.74271361280871,-21.34307166118491,10.120983127556093,0.9618106293473414,-0.08043637424687287,-0.0004906401698473963
4.379999999999995,measure,0.4,-0.13200000000000023,0.45,0.3578067435405961,-0.14482884358269515,0.4408961969558253,-0.042193256459403916,-0.012828843582694927,-0.009103803044174685,0.045030315879254136,5.704361747781876,-0.8299307025740134,0.1146351970675302,-2.496823144161296,0.7775212629868388,-1.859615830181039,0.3566742055204523,0.02639686681711119,-0.03551421740847205,-0.019756966904037443,-0.16473498266724423,-0.040689211429624735,-0.06297817412854789,20.921469435387323,-21.328575389911766,10.118367559981525,0.9652916752988605,-0.08045342455374012,-0.00049046564498006
4.399999999999994,measure,0.4,-0.13100000000000026,0.45,0.35746510667776105,-0.14408594388631307,0.44084474551423364,-0.042534893322238976,-0.013085943886312817,-0.009155254485766373,0.04543432361144075,5.739541273958336,-0.8293982285771369,0.11392879689186519,-2.4972123573232574,0.7742358858857319,-1.8604285536574827,0.35541167419922726,0.02662369984382638,-0.03532000878325048,-0.019460658098069645,-0.16426885505534564,-0.0406361738221819,-0.0631265660612529,21.101272086627823,-21.313323074929922,10.116318088091507,0.968735184508937,-0.08046909569358146,-0.0004903085655542601
4.419999999999994,measure,0.4,-0.13000000000000028,0.45,0.35712433105960945,-0.14334568256846575,0.4407935614750347,-0.04287566894039058,-0.013345682568465467,-0.009206438524965332,0.045838725338060854,5.77453953826084,-0.8288612336032445,0.11322608978570252,-2.497596015341188,0.7709603466684569,-1.8612400891634857,0.35414626642112473,0.026849748694618522,-0.03513535530813356,-0.01918290089653665,-0.16377696086375032,-0.0405767753001523,-0.06327038890512618,21.280538938490654,-21.29899181760678,10.113742274813122,0.9721899426191738,-0.08048614891709849,-0.0004901300944675217
4.439999999999993,measure,0.4,-0.12900000000000028,0.45,0.3567843873168482,-0.14260803530285662,0.4407426547373168,-0.04321561268315183,-0.013608035302856342,-0.009257345262683236,0.046243553558269083,5.809347723069249,-0.828319689192257,0.11252729534745093,-2.4979737923267904,0.7676942316158627,-1.8620504954232067,0.3528779700664852,0.02707722054937671,-0.03493972191257937,-0.018888849280125034,-0.16330575262971223,-0.040520312986043125,-0.06341481773197631,21.460848342759743,-21.283898306859783,10.111733775938456,0.9756088592213961,-0.08050177411080438,-0.0004899695655299217
4.459999999999993,measure,0.4,-0.12800000000000034,0.45,0.35644533602034084,-0.14187302549954342,0.44069200757344834,-0.04355466397965918,-0.013873025499543085,-0.00930799242655167,0.0466487761244037,5.843976980775842,-0.8277736108859527,0.11183222131684672,-2.4983460602156162,0.7644380537223477,-1.8628596451733985,0.3516068796738368,0.027303915315212875,-0.034753701530210415,-0.018613394441298788,-0.1628088946757477,-0.040457487509595144,-0.06355451963241845,21.640627098485037,-21.26973310679032,10.109197400084653,0.9790371202537628,-0.08051882782361854,-0.000489787200860865
4.479999999999992,measure,0.4,-0.12700000000000033,0.45,0.3561071477718199,-0.14114062746246334,0.44064163000906037,-0.043892852228180124,-0.014140627462463001,-0.009358369990939641,0.04705442498473804,5.878418577418369,-0.8272229703527624,0.11114108865195971,-2.4987124920664865,0.7611914017911925,-1.863667596601928,0.35033298404180396,0.027532026659517508,-0.03455663324435085,-0.01832159254351447,-0.1623325965577621,-0.040397571426481114,-0.06369478160164325,21.821443797494855,-21.254799477134647,10.10722956155345,0.9824312471328805,-0.08053440418461977,-0.0004896232719193719
4.499999999999992,measure,0.4,-0.12600000000000036,0.45,0.35576988340281407,-0.14041086521891127,0.4405915042895777,-0.04423011659718595,-0.014410865218910912,-0.009408495710422293,0.04746046820345661,5.912683594335181,-0.8266677829946973,0.11045370393730956,-2.499073460672368,0.7579547862846995,-1.8644742224816713,0.34905638079934626,0.027759367903250037,-0.03436923573250734,-0.018048430294072628,-0.16183077532464984,-0.04033129398716595,-0.06383016212288482,22.001734907534267,-21.240801376886942,10.104732301632062,0.9858328016321698,-0.0805514558533952,-0.0004894370711861199
4.519999999999992,measure,0.4,-0.1250000000000004,0.45,0.3554335134595886,-0.1396837116945498,0.44054164056218564,-0.0445664865404114,-0.014683711694549406,-0.009458359437814368,0.04786693717943743,5.946763382191784,-0.8261080206174092,0.10977028947813854,-2.4994286380408184,0.7547277985293048,-1.865279580485155,0.3477770596610916,0.02798811886440939,-0.0341707229585516,-0.017758868422532013,-0.16134938776973187,-0.040267900174187826,-0.06396605691273231,22.183059019402204,-21.226028706779097,10.102804806021553,0.9892019414791665,-0.08056698039795224,-0.0004892697962936057
4.539999999999991,measure,0.4,-0.12400000000000039,0.45,0.3550980990366877,-0.1389591915312876,0.4404920210515001,-0.04490190096331231,-0.01495919153128722,-0.009507978948499918,0.048273800193002835,5.980668950057226,-0.8255436984850615,0.10909065070615034,-2.4997783977748953,0.7515109462597522,-1.866083543502996,0.346495121274304,0.02821610661738348,-0.033981938599409386,-0.01748798670384742,-0.16084261347763007,-0.04019815089205742,-0.06409691933938165,22.36386251265037,-21.21219874817874,10.10034633611157,0.99257658045205,-0.08058402738796738,-0.0004890798219972398
4.559999999999991,measure,0.4,-0.12300000000000044,0.45,0.35476361059802386,-0.13823727626916416,0.4404426560212253,-0.04523638940197616,-0.015237276269163713,-0.009557343978774724,0.04868108809546745,6.01439173409206,-0.8249747885492188,0.10841501126068129,-2.5001224108322315,0.7483038233265251,-1.866886168713715,0.34521055626391955,0.02844549679213337,-0.03378197227345298,-0.01720065286681447,-0.16035614666135514,-0.04013126053594195,-0.06422825051922137,22.54569373476036,-21.197588117662868,10.098458861446467,0.9959205364392998,-0.08059949703994032,-0.0004889092598003462
4.57999999999999,measure,0.4,-0.12200000000000044,0.45,0.35443010950334336,-0.13751799116231656,0.4403935276813983,-0.04556989049665666,-0.015517991162316114,-0.009606472318601733,0.049088769387702735,6.047942669869621,-0.824401305938057,0.10774317542332905,-2.5004610515774983,0.7451069345410297,-1.867687329207725,0.3439234682175613,0.02867413055808643,-0.03359179186761173,-0.016932037263331833,-0.15984443927476777,-0.04005802470049486,-0.06435440231791267,22.727009221635615,-21.183927341748593,10.096038851418406,0.9992680520389441,-0.0806165366194869,-0.0004887155794444243
4.59999999999999,measure,0.4,-0.12100000000000047,0.45,0.35409756610695414,-0.13680130635897722,0.4403446464071687,-0.04590243389304588,-0.015801306358976752,-0.009655353592831317,0.04949687437564403,6.081313279806621,-0.8238232227577195,0.1070753681538122,-2.500793989919562,0.7419198762790099,-1.8684870816911856,0.3426338486613525,0.028904159016877498,-0.03339036347584255,-0.01664691710318989,-0.15935291310098884,-0.03998762417303492,-0.06448097781044179,22.90934683401878,-21.16947983240682,10.094191071390698,1.0025866284970109,-0.08063194821495971,-0.0004885417931842067
4.6199999999999894,measure,0.4,-0.1200000000000005,0.45,0.3537660420358363,-0.1360872477233589,0.4402959944003203,-0.04623395796416374,-0.0160872477233584,-0.00970400559967971,0.04990537178524347,6.114514424748627,-0.8232405540021894,0.10641139258660842,-2.5011216009352037,0.7387431502327305,-1.8692852995366787,0.34134180403952347,0.029133437776500577,-0.03319877836018923,-0.01638055078208372,-0.1588363023139677,-0.03991089227464884,-0.0646022310914501,23.091173510068895,-21.15598927935396,10.091809187148893,1.0059068147074712,-0.08064897755965925,-0.0004883444792855134
4.639999999999989,measure,0.4,-0.1190000000000005,0.45,0.3534355075071079,-0.13537578400687417,0.44024758214234044,-0.04656449249289213,-0.016375784006873673,-0.009752417857659568,0.050314291379594964,6.147537714024781,-0.8226532719408205,0.10575147498744222,-2.5014435534856014,0.7355763553049185,-1.870082038999879,0.3400473267668485,0.02936410306844745,-0.03299587995830965,-0.016097627519881145,-0.15833974639060125,-0.03983697316001743,-0.06472386363374696,23.27401637931552,-21.14170597422737,10.0900007713606,1.0091998178005497,-0.08066432785152182,-0.00048816753677559117
4.659999999999989,measure,0.4,-0.11800000000000055,0.45,0.35310602441687483,-0.13466694168189136,0.44019939183318,-0.04689397558312519,-0.016666941681890812,-0.00980060816681999,0.05072360211437896,6.18039393251574,-0.822061391435128,0.1050954173469092,-2.5017602233092378,0.732419989873192,-1.8708771738180892,0.33875052605466777,0.029594025284622683,-0.032802882026650756,-0.01583349118180824,-0.1578182715863246,-0.03975674091051259,-0.06484003560903825,23.45635302935768,-21.12838668324697,10.087656675105968,1.01249247111766,-0.08068134404861735,-0.00048796666683008274
4.679999999999988,measure,0.4,-0.11700000000000055,0.45,0.3527775628171886,-0.1339606880991726,0.44015143405552787,-0.04722243718281144,-0.01696068809917206,-0.009848565944472143,0.05113333321273498,6.21307477701362,-0.8214648849262652,0.10444344722167584,-2.502071278220695,0.7292736553697045,-1.8716707598185114,0.337451395190512,0.029825325443141558,-0.032598506261668325,-0.015552745572857699,-0.1573167251743801,-0.03967930002111031,-0.06495654320778786,23.63969961306928,-21.114268666733846,10.085887289331954,1.0157597095138728,-0.08069662971115331,-0.00048778664039533695
4.699999999999988,measure,0.4,-0.11600000000000057,0.45,0.3524501848750515,-0.13325705033755197,0.440103691014014,-0.04754981512494855,-0.0172570503375514,-0.009896308985986035,0.05154345386482823,6.245590955196293,-0.820863767144928,0.10379536546192916,-2.502377094568969,0.7261378466625639,-1.8724626711857597,0.33615004605767973,0.03005588906685733,-0.032404087987334074,-0.015290817413710847,-0.15679043535703088,-0.03959556836241272,-0.06506745664161391,23.822544615870648,-21.10112167595093,10.083580639844039,1.019024629619456,-0.08071362976388742,-0.00048758229681881125
4.719999999999987,measure,0.4,-0.1150000000000006,0.45,0.352123860449322,-0.13255599434450172,0.44005617338736774,-0.04787613955067804,-0.017555994344501114,-0.009943826612632267,0.05195399275707544,6.277934251764864,-0.8202580107126085,0.10315140089951039,-2.5026773391232546,0.7230121677167444,-1.8732529633406074,0.3348464727972865,0.03028782161597874,-0.03219822812093875,-0.01501222771427579,-0.15628394729097425,-0.039514607742384224,-0.06517866301966092,24.006392967650793,-21.087170033681605,10.081849946309045,1.0222659151533877,-0.08072884739743717,-0.00048739926320627265
4.739999999999987,measure,0.4,-0.1140000000000006,0.45,0.351798651979571,-0.13185754780386533,0.44000886339149914,-0.048201348020429025,-0.017857547803864726,-0.009991136608500872,0.0523649193189826,6.310115295960593,-0.8196476302307499,0.10251135324789604,-2.5029723887912185,0.7198971096969833,-1.8740415109974524,0.33354078986391344,0.03051902409292856,-0.03200238258071743,-0.014752483398193229,-0.15575290098805442,-0.03942738284225234,-0.06528414666865294,24.18974430114717,-21.074196379995097,10.079580399242552,1.0255029055799425,-0.08074582822944135,-0.0004871915332439248
4.7599999999999865,measure,0.4,-0.11300000000000066,0.45,0.35147452910313637,-0.13116167525838496,0.43996177179599383,-0.048525470896863654,-0.018161675258384302,-0.010038228204006183,0.052776261703810314,6.342125960733483,-0.819032598509664,0.10187545259762099,-2.503261909298086,0.7167922791056599,-1.8748283691926069,0.3322329922299195,0.030751586054297078,-0.031795032513752694,-0.014476025343359351,-0.15524152956617046,-0.039342909757719126,-0.06538988169969832,24.374092076133923,-21.060412198690628,10.07788805691822,1.0287180539048713,-0.08076097436514448,-0.0004870055735126792
4.779999999999986,measure,0.4,-0.11200000000000065,0.45,0.3511515545337573,-0.1304684049956881,0.4399148808347289,-0.04884844546624273,-0.018468404995687443,-0.010085119165271106,0.05318798958534663,6.373976795658167,-0.818412930023021,0.10124349752936695,-2.503546278057824,0.713698163211651,-1.8756134132524482,0.3309231968151341,0.030983424332152766,-0.031597753412701414,-0.014218437986896353,-0.1547057947004427,-0.03925220299206888,-0.06548977073926825,24.55794732318657,-21.04761291761796,10.075655265118119,1.0319269226884193,-0.08077793282498953,-0.00048679454911340235
4.799999999999986,measure,0.4,-0.11100000000000068,0.45,0.3508296976587704,-0.12977770015355244,0.4398682013629408,-0.0491703023412296,-0.018777700153551763,-0.010131798637059208,0.05360013058758851,6.405659762172136,-0.817788597778367,0.10061571937516169,-2.5038251597534167,0.7106143710607579,-1.876396697850603,0.3296113993977893,0.031216612232696287,-0.031388907710263474,-0.013944084779631997,-0.1541896075446577,-0.03916422990774116,-0.06558987086724119,24.742791784119504,-21.033997284931615,10.074000930032959,1.0351157539153248,-0.08079300392962926,-0.00048660574849156385
4.819999999999985,measure,0.4,-0.11000000000000071,0.45,0.35050902146763624,-0.12908958962239417,0.43982171563924005,-0.04949097853236378,-0.01908958962239346,-0.01017828436075996,0.05401265463362059,6.437185328961996,-0.817159616122986,0.09999191558702178,-2.5040989322523624,0.7075413858352531,-1.8771780990071814,0.32829771925174933,0.03144908276904939,-0.03119018940699519,-0.013688624947275444,-0.1536492612752401,-0.03907005782891199,-0.06568400730199765,24.927148138801194,-21.02137341043925,10.071804543861646,1.0382963142336719,-0.08080993679542108,-0.00048639152617673985
4.839999999999985,measure,0.4,-0.10900000000000071,0.45,0.3501894950691087,-0.1284040351360007,0.43977543459929064,-0.04981050493089134,-0.019404035136000003,-0.010224565400709373,0.05442558882238076,6.468545546090389,-0.8165259582699997,0.0993723187205446,-2.5043672591975406,0.7044788191320561,-1.8779576710545898,0.32698215293288335,0.031682892649314384,-0.03097984332385931,-0.013416347258920276,-0.15312833515984853,-0.03897860237042357,-0.06577831594329796,25.11248616261322,-21.0079274147819,10.070187869425283,1.0414586535551467,-0.08082492927638601,-0.00048619997389476625
4.859999999999984,measure,0.4,-0.10800000000000076,0.45,0.34987118172990517,-0.12772106618680756,0.4397293405332776,-0.050128818270094855,-0.0197210661868068,-0.010270659466722398,0.05483890333132114,6.499750800147059,-0.8158876384415943,0.09875672510342477,-2.5046305188569407,0.701427149858212,-1.8787352907878136,0.3256648219529216,0.03191599142027325,-0.030779680855991115,-0.013162982969999317,-0.15258346369220505,-0.03888098666119344,-0.06586654899808717,25.297340437012988,-20.995479979101603,10.068027537105237,1.044610724349647,-0.08084183326054734,-0.00048598265458316484
4.879999999999984,measure,0.4,-0.10700000000000076,0.45,0.34955405025156866,-0.12704064310679436,0.4396834444520483,-0.05044594974843136,-0.0200406431067936,-0.010316555547951689,0.05525262473882222,6.530793229855837,-0.8152446300647261,0.09814536849618512,-2.504888373835981,0.6983859921713763,-1.8795110122190763,0.3243457236144514,0.03215041884340559,-0.030567830361982434,-0.012892748952012366,-0.15205788434178497,-0.038786071563134024,-0.06595491692350983,25.483168521936545,-20.982204709451754,10.066448174447206,1.0477464026463403,-0.08085674347089229,-0.00048578844369183297
4.8999999999999835,measure,0.4,-0.10600000000000079,0.45,0.3492381641796186,-0.12636279598986633,0.43963772868427164,-0.05076183582038141,-0.02036279598986554,-0.010362271315728366,0.05566672348181638,6.561683138517025,-0.8145969472376696,0.09753804410675618,-2.5051412027499596,0.6953558205172362,-1.8802847129986007,0.32302498154618137,0.03238414135282694,-0.030366219471447308,-0.01264144569893416,-0.1515085827070056,-0.03868503897621183,-0.06603710341350151,25.668517153470223,-20.9699347428848,10.06432354241593,1.0508698092247615,-0.08087361522499263,-0.0004855681325176388
4.919999999999983,measure,0.4,-0.10500000000000081,0.45,0.34892349197976585,-0.12568748376958294,0.43959220431071894,-0.05107650802023417,-0.020687483769582127,-0.010407795689281074,0.05608122562290866,6.592412753455295,-0.813944563609386,0.09693498688122322,-2.505388667170082,0.6923362516259624,-1.881056446838911,0.32170259376402327,0.0326191814141797,-0.030152861276647534,-0.012373221006118816,-0.1509784445636954,-0.03858669201552252,-0.0661193891079061,25.854831426641123,-20.95683128858575,10.062781140735154,1.0539786636520443,-0.0808884394686224,-0.00048537135967500415
4.939999999999983,measure,0.4,-0.10400000000000081,0.45,0.3486100974779175,-0.1250147371409805,0.4395468537055117,-0.05138990252208253,-0.021014737140979678,-0.010453146294488291,0.056496101863647105,6.622992293509088,-0.8132874931553158,0.09633599091252874,-2.505631146005763,0.6893277552986139,-1.8818260923248813,0.32037868588832624,0.03285352270351586,-0.029949798434723535,-0.012123941784067043,-0.1504248163674237,-0.038482274298514696,-0.06619539378485212,26.040670485849354,-20.944739819293336,10.060691854012111,1.057073238270529,-0.08090527558839264,-0.00048514816577552994
4.959999999999982,measure,0.4,-0.10300000000000087,0.45,0.3482979487753914,-0.12434451364378249,0.43950168801406586,-0.051702051224608636,-0.02134451364378162,-0.01049831198593415,0.05691137775590786,6.653414074447596,-0.8126257097544985,0.09574129231224542,-2.5058682997979425,0.6863299508520464,-1.8825937028891515,0.31905325661268263,0.033089170040864056,-0.029734930014166716,-0.011857689608969617,-0.14989022232837754,-0.03838052821351391,-0.06627146378217917,26.227466711389507,-20.931809269834833,10.059186060940991,1.0601551128240703,-0.0809200101253426,-0.00048494893102449537
4.979999999999982,measure,0.4,-0.10200000000000087,0.45,0.3479871099801387,-0.12367684457401763,0.4394566896629808,-0.05201289001986131,-0.021676844574016765,-0.010543310337019218,0.05732702427099252,6.683688229498918,-0.8119592272605066,0.09515068406332658,-2.506100507697077,0.6833433032626401,-1.88335915812954,0.31772643341958356,0.03332412469959765,-0.029530412445941626,-0.011610394956717259,-0.14933237947031278,-0.038272762019421584,-0.06634115965495291,26.41379191020294,-20.91989732361746,10.057131763506623,1.0632206952464607,-0.0809368071557037,-0.00048472296731127496
4.999999999999981,measure,0.4,-0.1010000000000009,0.45,0.34767754880063967,-0.12301168608334441,0.43941186985701824,-0.052322451199360354,-0.022011686083343515,-0.010588130142981766,0.0577430664553401,6.71380716262892,-0.8112880197904282,0.09456440342205266,-2.5063274292185813,0.6803674344507168,-1.8841225112178266,0.31639821564264914,0.03356037350392301,-0.02931403206369561,-0.011346076075233053,-0.14879344059616792,-0.03816765441432931,-0.06641088884672178,26.601065497760487,-20.907140768401472,10.055662225483232,1.0662754413038784,-0.08095144820752467,-0.00048452137383508617
5.019999999999981,measure,0.4,-0.10000000000000092,0.45,0.34736932962864386,-0.12234907006883021,0.4393672110823258,-0.05263067037135616,-0.022349070068829288,-0.010632788917674219,0.058159475555128626,6.74378092033551,-0.8106121010768169,0.09398224226661672,-2.506549443701123,0.6774028043914938,-1.8848836428417826,0.315068732493157,0.03379593568056414,-0.029108057771796675,-0.011100724127080599,-0.1482315029611483,-0.038056581197797486,-0.06647415747460768,26.787872198209968,-20.89540936846335,10.05364256066752,1.069311879336297,-0.08096820264778848,-0.00048429275675291943
5.0399999999999805,measure,0.4,-0.09900000000000095,0.45,0.3470624197515211,-0.12168895130100985,0.4393227245976938,-0.052937580248478944,-0.022688951301008897,-0.01067727540230623,0.058576276116875124,6.773601994442453,-0.8099314454826692,0.09340443897653297,-2.5067662096402223,0.6744490376283598,-1.8856426059304465,0.3137379839053524,0.034032779707389826,-0.02889016450418762,-0.010838296954957005,-0.1476883381567007,-0.0379481544331969,-0.06653742939022818,26.975618211930513,-20.88282789655765,10.052208923318881,1.0723393561740053,-0.08098274640300106,-0.00048408891061419996
5.05999999999998,measure,0.4,-0.09800000000000098,0.45,0.34675688384670106,-0.1210313622782049,0.43927839295592475,-0.053243116153298964,-0.023031362278203918,-0.010721607044075265,0.05899343966672162,6.80328034363019,-0.8092460666202492,0.09283078433069998,-2.5069781065102923,0.6715065889627877,-1.8863992823371025,0.3124061006824113,0.03426894312099379,-0.0286827322916494,-0.010594843503496546,-0.14712243327860855,-0.03783382033280269,-0.06659416114705531,27.162901435273934,-20.871278063260924,10.050223534199063,1.0753465061731935,-0.0809994547121252,-0.00048385775988040944
5.07999999999998,measure,0.4,-0.09700000000000097,0.45,0.346452688752395,-0.12037625639792035,0.43923422746450147,-0.053547311247605034,-0.023376256397919376,-0.010765772535498541,0.059410990256982335,6.832808547157926,-0.8085559391062047,0.09226151780970891,-2.5071847917935632,0.6685750855838464,-1.8871537247651498,0.3110730833183239,0.03450637570222462,-0.028463326049553185,-0.010334264163538616,-0.14657516894706416,-0.03772212140236624,-0.06665086820437009,27.3511146031785,-20.858872763137,10.048825442733552,1.0783465814562632,-0.08101389733177274,-0.0004836517697444178
5.099999999999979,measure,0.4,-0.09600000000000103,0.45,0.3461498994337515,-0.11972366676009592,0.43919021075001796,-0.053850100566248504,-0.023723666760094894,-0.01080978924998205,0.05982889969879219,6.862196474836749,-0.8078610764331166,0.09169642909887576,-2.5073866450482214,0.6656549769509038,-1.8879058163073377,0.30973906406809343,0.034743133654406864,-0.02825443554165771,-0.010092662732918922,-0.14600543164712784,-0.03760457710939758,-0.06670096251152395,27.53886903941831,-20.847505513741524,10.046873972541151,1.0813243088100486,-0.08103055593367842,-0.00048341820806662876
5.119999999999979,measure,0.4,-0.09500000000000103,0.45,0.3458484822520512,-0.11907354539843014,0.4391463541632904,-0.054151517747948796,-0.02407354539842911,-0.010853645836709613,0.06024719155616604,6.8914367928562825,-0.8071614534789037,0.09113575875704302,-2.5075833227508704,0.6627458929245115,-1.8886556094574034,0.3084040439433732,0.03498114771064299,-0.028033517091636814,-0.009833885132445716,-0.1454542013196145,-0.037489657503284916,-0.06675100623601331,27.727543763154657,-20.835277472997493,10.045511072148777,1.0842968590538793,-0.0810448935569028,-0.0004832101849242376
5.139999999999978,measure,0.4,-0.09400000000000105,0.45,0.3455485024623824,-0.11842592601497273,0.4391026404118625,-0.05445149753761763,-0.024425926014971677,-0.010897359588137534,0.06066583793018293,6.920539281149356,-0.8064570836169429,0.09057929538191173,-2.507775204492105,0.6598482774580956,-1.889402988619754,0.3070681565080856,0.03521849309803658,-0.027823168756564612,-0.009594087061739873,-0.14488077332079172,-0.03736895811753535,-0.06679437176437872,27.915763780912645,-20.824093821388445,10.0435931646827,1.0872450386323997,-0.0810614988458836,-0.0004829743377206411
5.159999999999978,measure,0.4,-0.09300000000000108,0.45,0.3452499259216551,-0.11778075928994071,0.43905908088450063,-0.054750074078344924,-0.024780759289939627,-0.010940919115499381,0.06108486190261942,6.949496692251396,-0.8057479419939165,0.09002728058709675,-2.5079619457517044,0.65696176311284,-1.8901480060932165,0.30573140324856374,0.03545708115132123,-0.027600739740748993,-0.009337062979969583,-0.14432571726277987,-0.03725087367312378,-0.06683766297609324,28.10489414584969,-20.812044126456712,10.042265100941599,1.0901899496347216,-0.08107572759556754,-0.0004827643945789371
5.1799999999999775,measure,0.4,-0.09200000000000108,0.45,0.3449528181773258,-0.11713807952808927,0.43901565837686835,-0.05504718182267421,-0.025138079528088192,-0.010984341623131666,0.06150423586935052,6.978318715251252,-0.8050340418643476,0.0894795018889184,-2.508143926102029,0.6540867881771986,-1.8908905476641413,0.3043939188922741,0.035695006478449025,-0.027388934908917542,-0.009099017516213654,-0.14374874678207641,-0.03712707854624196,-0.06687421781448363,28.293573802566826,-20.801045082859023,10.0403804009882,1.0931084662110777,-0.08109227594169605,-0.00048252638967750483
5.199999999999977,measure,0.4,-0.09100000000000114,0.45,0.34465714455487295,-0.11649783606755348,0.43897238431027663,-0.05534285544512707,-0.02549783606755235,-0.01102761568972338,0.06192398243611467,7.006998188374855,-0.8043153586510396,0.08893620193164818,-2.5083208000360497,0.6512229879456227,-1.8916306654498778,0.30305570535663723,0.035934160665397105,-0.02716499786351127,-0.008843696701048462,-0.14319001157878958,-0.0370058892868247,-0.06691067678184205,28.48315358819788,-20.78917481870001,10.039086820276996,1.0960256334530816,-0.08110639193016621,-0.0004823146412611078
5.219999999999977,measure,0.4,-0.09000000000000113,0.45,0.34436297089678153,-0.11586006381646435,0.4389292415756809,-0.055637029103218494,-0.02586006381646322,-0.011070758424319094,0.06234407429831294,7.035544708951781,-0.8035919054898815,0.08839716715673822,-2.508492947058078,0.6483707948876303,-1.89236824668696,0.3017168983851959,0.03617265805790757,-0.02695173874549815,-0.008607351101429978,-0.1426096528996221,-0.036879061854106665,-0.06694034857206614,28.6722866406247,-20.778361389379786,10.037234974034515,1.0989143820922416,-0.08112287968476016,-0.00048207460859145266
5.239999999999976,measure,0.4,-0.08900000000000116,0.45,0.3440702619704676,-0.1152247107833146,0.4388862416215038,-0.05592973802953244,-0.02622471078331344,-0.011113758378496208,0.06276453359195906,7.063951200169834,-0.8028636580870178,0.08786264121438249,-2.50866002068558,0.6455298470671801,-1.8931033433232851,0.300377500282564,0.03641237014318454,-0.026726297117786714,-0.008353681375083797,-0.1420473910225105,-0.03675483181625379,-0.06696990513159382,28.862309331242532,-20.76667163916021,10.035975523949848,1.1018037111079915,-0.08113687901943295,-0.00048186117102576835
5.259999999999976,measure,0.4,-0.08800000000000119,0.45,0.3437790839163583,-0.1145918124803303,0.4388433674411587,-0.056220916083641714,-0.026591812480329116,-0.011156632558841306,0.06318533331656856,7.092227166737352,-0.8021306294597897,0.08733240947796797,-2.5088224003059336,0.6427005709861955,-1.893835844111635,0.29903764765917895,0.036651431361401345,-0.026511586820725755,-0.00811898101768883,-0.1414638040492297,-0.03662503941749402,-0.06699263116925257,29.051889246182093,-20.756044826113296,10.03415617945716,1.1046625975232316,-0.08115330252053089,-0.00048161924230980983
5.279999999999975,measure,0.4,-0.08700000000000119,0.45,0.3434894009176507,-0.11396131559980506,0.43880063050472057,-0.056510599082349344,-0.026961315599803873,-0.011199369495279443,0.063606495144836,7.120365616013612,-0.8013927956047598,0.08680671657827868,-2.508979738473744,0.6398826075180788,-1.894565800840995,0.29769734316295415,0.036891692751492726,-0.02628464498446467,-0.00786690839052606,-0.1408981734058327,-0.03649783646799391,-0.06701522481123853,29.242348041790073,-20.74453667086984,10.03293050923349,1.1075240042361045,-0.0811671813096012,-0.000481404232803678
5.299999999999975,measure,0.4,-0.08600000000000124,0.45,0.3432012794159018,-0.11333325625879613,0.43875801391521047,-0.05679872058409824,-0.02733325625879489,-0.011241986084789546,0.0640279923848157,7.148375959280572,-0.800650169420675,0.08628534682774255,-2.5091324144116043,0.637076377054022,-1.8952931038441616,0.2963567241207181,0.03713130920423961,-0.0260684875268061,-0.007633796893006132,-0.14031152320284257,-0.036365150158334025,-0.06703095211180138,29.43236800705672,-20.734097471498096,10.031143316800012,1.1103529451118326,-0.08118353688741495,-0.00048116054123032196
5.3199999999999745,measure,0.4,-0.08500000000000124,0.45,0.3429146829844542,-0.11270757984780765,0.43871552915886736,-0.05708531701554581,-0.027707579847806404,-0.011284470841132654,0.06444984625235582,7.176251287215453,-0.7999027272014456,0.08576854581182367,-2.509280079725305,0.6342815233205762,-1.8960178047601928,0.29501579348009793,0.03737211096146909,-0.02584005079594441,-0.00738326568503814,-0.13974268667228784,-0.03623504580156021,-0.06704653203100844,29.623255834476385,-20.72277198978478,10.029951077731837,1.113186356137645,-0.081197291245534,-0.0004809440777535999
5.339999999999974,measure,0.4,-0.08400000000000127,0.45,0.3426296783694719,-0.11208432308944855,0.43867315945544544,-0.05737032163052813,-0.028084323089447277,-0.011326840544554573,0.064872030368291,7.2040009169300125,-0.7991504817270433,0.08525609678941408,-2.5094231134259153,0.6314984604607743,-1.8967397955632597,0.2936746891328644,0.03761227372011551,-0.02562245112047959,-0.007151685030510055,-0.13915314299009754,-0.036099540153343906,-0.06705521736167913,29.81370877003131,-20.71252139655795,10.028195690370529,1.1159852794184097,-0.08121357522791031,-0.0004806987576665704
5.359999999999974,measure,0.4,-0.0830000000000013,0.45,0.3423462285093688,-0.11146343008776706,0.43863091630182727,-0.05765377149063122,-0.028463430087765765,-0.011369083698172744,0.06529456549814164,7.231618021512506,-0.7983934095955061,0.08474824627419297,-2.5095611661859083,0.6287268351018377,-1.8974591277498607,0.2923334142833829,0.037853606576858864,-0.025392525761055558,-0.0069026379996425,-0.13858126794683154,-0.03596660933005473,-0.06706374247407348,30.00501829416668,-20.701379664080488,10.027036536236253,1.1187906323347432,-0.08122720128178862,-0.0004804809586276496
5.379999999999973,measure,0.4,-0.0820000000000013,0.45,0.34206440045870057,-0.1108449381715969,0.43858878304159216,-0.057935599541299454,-0.0288449381715956,-0.011411216958407855,0.06571742557955877,7.259111823224495,-0.7976315234677154,0.08424477647927002,-2.5096946167592895,0.6259670550070865,-1.8981756949943918,0.29099210723636965,0.038094306389533206,-0.025173489746147467,-0.006672528669053074,-0.13798900473755818,-0.03582836222655554,-0.06706535235066317,30.195896863389297,-20.69131866418714,10.025312610095144,1.1215594774796895,-0.08124340999960114,-0.0004802341451909538
5.399999999999973,measure,0.4,-0.08100000000000135,0.45,0.3417841564964788,-0.11022879017474434,0.4385467711767139,-0.058215843503521214,-0.02922879017474299,-0.011453228823286088,0.06614063093427652,7.286475576604692,-0.7968648002524638,0.08374593481954291,-2.5098231149021992,0.6232187697557706,-1.8988895486564936,0.28965077141086587,0.03833616076258272,-0.0249420829863555,-0.006424907145495113,-0.13741426256579178,-0.03569268310509376,-0.06706679127518839,30.38762049861009,-20.680361753422122,10.024186197578842,1.124336721060493,-0.08125690389357594,-0.00048001512911156403
5.419999999999972,measure,0.4,-0.08000000000000135,0.45,0.34150556398975235,-0.10961502403285826,0.43850486418164586,-0.058494436010247675,-0.029615024032856915,-0.011495135818354152,0.06656415582057705,7.3137184084553075,-0.7960932524910935,0.0832515024704371,-2.5099470390673133,0.6204823806059552,-1.8996005841670385,0.28830954537235925,0.03857738806851059,-0.024721617455291063,-0.00619620825570401,-0.1368194574907707,-0.03555177552723789,-0.067061301925332,30.57891711966749,-20.670491328407895,10.022493392371358,1.1270754392631086,-0.08127303368608658,-0.00047976695800140684
5.439999999999972,measure,0.4,-0.07900000000000137,0.45,0.341228584534294,-0.10900358132655188,0.43846307355786723,-0.05877141546570602,-0.03000358132655051,-0.011536926442132778,0.06698802012294991,7.340833653758564,-0.7953168574096229,0.08276172772056455,-2.5100660381129476,0.617757540144112,-1.9003088527528031,0.28696843271370326,0.038819754073530215,-0.024488737493627587,-0.005949952281705693,-0.1362420230921564,-0.03541342928822986,-0.0670556329328007,30.7710470412684,-20.65972030820719,10.021399381483477,1.129824533679166,-0.08128639158763455,-0.0004795468432012991
5.4599999999999715,measure,0.4,-0.0780000000000014,0.45,0.34095328581407686,-0.10839450059876184,0.43842138291770105,-0.059046714185923166,-0.030394500598760435,-0.011578617082298959,0.06741219842388063,7.3678303433167125,-0.7945356274292741,0.08227639071612355,-2.5101804901475178,0.6150446430036298,-1.9010142516547104,0.28562757210919437,0.03906149901744001,-0.024266850222049243,-0.005722601728510045,-0.13564485702410592,-0.0352699450953636,-0.06704303022544358,30.962753898540644,-20.65004143359999,10.01973736091648,1.1325330880522242,-0.08130243880775587,-0.0004792974502750303
5.479999999999971,measure,0.4,-0.0770000000000014,0.45,0.34067962871846774,-0.10778772219474539,0.43837980375651137,-0.05932037128153228,-0.03078772219474399,-0.011620196243488645,0.06783671017713609,7.394701891507208,-0.7937495400996046,0.08179574059145416,-2.510290043151568,0.6123433448372025,-1.9017168319689297,0.2842869672861201,0.03930436648347404,-0.024032506233469787,-0.005477650202510736,-0.13506490832136256,-0.03512901571096497,-0.06703024115371567,31.155282054238963,-20.639457368782736,10.018675415413057,1.1352540050371895,-0.08131565691287138,-0.0004790763545544738
5.499999999999971,measure,0.4,-0.07600000000000146,0.45,0.3404076812531304,-0.10718328526504627,0.43833831983142724,-0.0595923187468696,-0.03118328526504481,-0.011661680168572774,0.06826153029271868,7.421457232666877,-0.7929586077210041,0.08131955647235742,-2.5103950748477213,0.6096540335403261,-1.9024164927972655,0.28294675687619825,0.039546618930022856,-0.023809205954837008,-0.005251584807663066,-0.13446556484382036,-0.03498304141679522,-0.0670105204960921,31.347391109762313,-20.629971013708044,10.017043847611124,1.137932370763126,-0.08133161793237313,-0.0004788258755385826
5.51999999999997,measure,0.4,-0.07500000000000145,0.45,0.34013740357855815,-0.10658112893814202,0.43829694262603974,-0.05986259642144187,-0.031581128938140565,-0.011703057373960268,0.06868667780015343,7.448089859482616,-0.7921628081727242,0.08084808831045888,-2.510495232360364,0.6069763678946695,-1.9031132851057793,0.28160694470353104,0.03978997741399325,-0.023573408094927036,-0.005007875632128748,-0.13388328228283117,-0.034839615425680606,-0.06699060863336051,31.540309231193184,-20.619574964638183,10.016013635406175,1.140625093744936,-0.08134469247088752,-0.0004786039158711555
5.53999999999997,measure,0.4,-0.07400000000000145,0.45,0.3398688640272117,-0.10598129297231348,0.4382556560491501,-0.0601311359727883,-0.03198129297231203,-0.01174434395084989,0.06911212793999816,7.4746086094359425,-0.7913621536334808,0.08038111422037975,-2.5105908929862357,0.6043107289508801,-1.9038071099051885,0.28026766920680085,0.04003272696216684,-0.023348704503956978,-0.004783031293593162,-0.13328194718946532,-0.03469123997045815,-0.06696377483650867,31.73281223608053,-20.610282091422206,10.01441219332966,1.1432732581916214,-0.08136056368545665,-0.0004783524860614602
5.559999999999969,measure,0.4,-0.07300000000000151,0.45,0.3396020220089697,-0.1053837152985259,0.4382144715668826,-0.060397977991030305,-0.03238371529852439,-0.01178552843311742,0.0695378993239563,7.501007052404163,-0.7905566223182144,0.07991888494215886,-2.510681703016749,0.6016567786860323,-1.9044980180301792,0.27892893427132426,0.0402765657633223,-0.023111463911044256,-0.0045405015256794815,-0.13269751324239085,-0.03454540624953259,-0.0669367467738298,31.926111850250507,-20.600075113572057,10.013413386902457,1.1459377823901395,-0.08137349092621973,-0.00047812977828879034
5.579999999999969,measure,0.4,-0.07200000000000151,0.45,0.33933694618853694,-0.10478843628270176,0.4381733732464993,-0.060663053811463086,-0.032788436282700256,-0.011826626753500713,0.06996396752588992,7.527293928703663,-0.7897462262829994,0.07946117758885632,-2.5107680392841556,0.5990148912052611,-1.9051859124455734,0.27759087799357546,0.04051980176075285,-0.022885367665127273,-0.0043168133703168745,-0.13209437403855834,-0.03439472076971087,-0.06690281388743911,32.119000356051025,-20.59097667733367,10.011841748759991,1.1485557451928738,-0.08138926876045666,-0.00047787753224095203
5.599999999999969,measure,0.4,-0.07100000000000156,0.45,0.3390735952041855,-0.10419539267820055,0.4381323725309242,-0.060926404795814515,-0.03319539267819899,-0.011867627469075825,0.07039035074602229,7.553462884253908,-0.7889309440842991,0.07900824365964974,-2.5108495472716434,0.5963847317510499,-1.905870843851649,0.2762535042867439,0.040764109935014406,-0.02264669646032859,-0.004075399374381877,-0.13150797271055822,-0.034246570303780255,-0.06686868534157962,32.31267279671373,-20.58095982083753,10.010874025558024,1.1511920776842517,-0.08140204501631759,-0.00047765419078899657
5.619999999999968,measure,0.4,-0.07000000000000156,0.45,0.33881203805865207,-0.10360462545823125,0.4380914536525842,-0.06118796194134796,-0.03360462545822969,-0.011908546347415838,0.07081702489396385,7.5795225619758035,-0.7881107876544556,0.0785598592760716,-2.5109266033098843,0.5937666673886531,-1.9065527172096501,0.2749169507575381,0.04100782149217537,-0.022419219178907202,-0.0038528019120388887,-0.13090321811983918,-0.034093667900062456,-0.06682767646029125,32.50593816667513,-20.57205676907167,10.009331875211004,1.153779850794222,-0.08141772592853816,-0.00047740126203098607
5.639999999999968,measure,0.4,-0.06900000000000156,0.45,0.3385522325983812,-0.10301607021904509,0.4380506280254315,-0.061447767401618836,-0.03401607021904353,-0.011949371974568523,0.07124400776470224,7.605466682658098,-0.7872857358971289,0.07811627666678875,-2.5109988521001503,0.5911603666994174,-1.9072315830806625,0.27358122131617296,0.041252587866336704,-0.022179130464143205,-0.0036124395132990346,-0.13031503446178455,-0.03394329355061727,-0.0667864720682548,32.6999745855903,-20.5622310782658,10.008394918042075,1.1563880105422093,-0.0814303475613063,-0.0004771773996242757
5.659999999999967,measure,0.4,-0.06800000000000161,0.45,0.3382942481702626,-0.10242976854048691,0.43800988005366825,-0.06170575182973742,-0.034429768540485295,-0.011990119946331756,0.07167127560572616,7.631303791680558,-0.7864558006197175,0.0776772709722684,-2.5110666694359813,0.588566189620622,-1.9079073484617781,0.2722464529339619,0.041496763870570726,-0.021950284726017698,-0.0033908667915417885,-0.1297088539397698,-0.03378826905578169,-0.06673841911055514,32.893608005786945,-20.55352435041629,10.006881945400455,1.1589456182424682,-0.08144592804821212,-0.0004769239203820251
5.679999999999967,measure,0.4,-0.06700000000000161,0.45,0.3380380418094777,-0.1018456548827353,0.437969221116464,-0.061961958190522304,-0.03484565488273368,-0.012030778883535986,0.07209884581291957,7.657027683506241,-0.7856209610785915,0.07724309512066961,-2.5111296992645795,0.5859838081492361,-1.9085800637683752,0.2709126494900042,0.041741977056305564,-0.021708792579939615,-0.0031514914299053086,-0.1291190735692973,-0.033635765329851575,-0.06669017219788449,33.0879993838289,-20.543890863369285,10.005975442816858,1.161525636098029,-0.08145839147332436,-0.0004766996477773579
5.699999999999966,measure,0.4,-0.06600000000000167,0.45,0.3377836832135216,-0.10126377143129306,0.43792863579630603,-0.06221631678647843,-0.03526377143129139,-0.01207136420369398,0.07252669497345116,7.682646805909427,-0.7847812289548788,0.07681352328229764,-2.511188316808352,0.5834135750126986,-1.9092496380699198,0.2695799471768201,0.041986606185632235,-0.02147859191859851,-0.0029308771886285864,-0.12851165682687377,-0.03347871507722325,-0.06663511565920544,33.28199187412157,-20.53538139039364,10.004491344224395,1.1640531149875104,-0.0814738680745165,-0.0004764457487048125
5.719999999999966,measure,0.4,-0.06500000000000167,0.45,0.33753112858767637,-0.10068405153179143,0.4378881354317328,-0.06246887141232366,-0.03568405153178976,-0.012111864568267239,0.07295484009010576,7.7081550258177725,-0.7839365838630133,0.0763888090544872,-2.5112421652897923,0.5808551657034982,-1.9099161216278675,0.2682483498171459,0.04223225459326914,-0.021235711390522074,-0.0026924240720078815,-0.12792046546002553,-0.033324177897387425,-0.06657986798371071,33.47672903220291,-20.525941138424905,10.003614990896757,1.1666050336572447,-0.08148616976556254,-0.00047622117444168037
5.739999999999966,measure,0.4,-0.06400000000000167,0.45,0.33728044798681195,-0.10010653797405086,0.43784770478991825,-0.06271955201318807,-0.036106537974049197,-0.012152295210081765,0.0733832580911984,7.733560693420672,-0.7830870373564145,0.07596872564873842,-2.5112916193277326,0.5783089256635302,-1.910579425617688,0.26691799268382554,0.04247732532994526,-0.021004170287438187,-0.0024727018970165005,-0.12731200199839976,-0.033165199491027586,-0.06651785666601827,33.67107145699768,-20.51762984235014,10.002159469505708,1.1691024326043093,-0.0815015390678745,-0.0004759669843673192
5.759999999999965,measure,0.4,-0.06300000000000172,0.45,0.3370315967684857,-0.09953116301112114,0.4378073551628815,-0.06296840323151431,-0.036531163011119416,-0.012192644837118516,0.07381196559227829,7.758857746886009,-0.7822325694127751,0.0755535273009546,-2.511336321450795,0.5757745339636497,-1.9112396001370435,0.265588879521052,0.042723397181969956,-0.020759917389190956,-0.002235106153106253,-0.1267195849940239,-0.033008725967777985,-0.06645565813867932,33.866145066777506,-20.50838384953987,10.001312966586523,1.1716263065891939,-0.08151367556095039,-0.00047574221453067103
5.779999999999965,measure,0.4,-0.06200000000000172,0.45,0.3367846453520186,-0.09895797003540821,0.43776707150877214,-0.06321535464798145,-0.03695797003540649,-0.012232928491227868,0.07424093986392931,7.784054438923327,-0.78137319145626,0.07514298627565201,-2.511376645643351,0.5732523286905777,-1.9118965584981549,0.2642611445438846,0.04296889782575175,-0.02052705126512951,-0.002016209627810817,-0.12611026365359912,-0.03284791805556601,-0.06638674885836873,34.06082814555401,-20.50027164301319,9.999885732719848,1.1740936866554406,-0.08152893420258256,-0.00047548786022274153
5.799999999999964,measure,0.4,-0.061000000000001775,0.45,0.336539548230234,-0.0983868902297367,0.4377268650671647,-0.063460451769766,-0.03738689022973493,-0.012273134932835328,0.0746701971401752,7.8091447777065754,-0.7805088838328602,0.07473735741643152,-2.511412233772428,0.5707419925791318,-1.9125503506234107,0.2629347913990151,0.043215381169994654,-0.020281442961024555,-0.0017794064538545896,-0.12551680557229714,-0.032689606262793824,-0.06631765724347613,34.25622873990011,-20.491220925703317,9.999068788192456,1.176589582160541,-0.08154090210040488,-0.00047526299821730954
5.819999999999964,measure,0.4,-0.060000000000001774,0.45,0.3362963761942722,-0.09781796758694528,0.43768672099335293,-0.0637036238057278,-0.0378179675869435,-0.012313279006647082,0.07509971503464134,7.834136918655819,-0.7796396578358387,0.07433641205312239,-2.511443459158599,0.5682438562971905,-1.9132008919896726,0.26160995310862617,0.04346129985107739,-0.02004726816545688,-0.0015612693085571676,-0.12490681409706544,-0.03252706831309221,-0.06624191451944607,34.45124305747945,-20.48330871153338,9.997669559692769,1.1790270164963563,-0.08155604677485648,-0.0004750086041602459
5.839999999999963,measure,0.4,-0.05900000000000177,0.45,0.33605508285603464,-0.09725113224233287,0.4376466504685032,-0.06394491714396539,-0.03825113224233109,-0.012353349531496804,0.07552950940537236,7.859024938709734,-0.7787654941843675,0.07394040560591687,-2.511469963040961,0.5657576063316576,-1.9138482323310277,0.2602866332063004,0.04370818257356197,-0.019800322360275444,-0.0013251941181153092,-0.12431249827664523,-0.03236701706775972,-0.06616599511628676,34.64696104065788,-20.474454277820996,9.996881888709556,1.1814950113134097,-0.08156784275068497,-0.00047478375051233966
5.859999999999963,measure,0.4,-0.05800000000000183,0.45,0.3358157393861223,-0.0966864287865689,0.43760663885109696,-0.06418426061387772,-0.03868642878656707,-0.012393361148903048,0.07595955820945406,7.88381689627487,-0.7778864040390644,0.07354910848273914,-2.511492118048479,0.5632835658737366,-1.9144922893140444,0.25896496338948805,0.0439545072651531,-0.019564856158886656,-0.0011077503759058182,-0.12370202289604838,-0.03220284915083291,-0.06608349084061868,34.84229705718533,-20.46674294851663,9.995510391274674,1.1839025850266163,-0.0815828702104776,-0.0004745294387027382
5.879999999999963,measure,0.4,-0.05700000000000183,0.45,0.33557829850014903,-0.0961237863304241,0.437566697257895,-0.06442170149985099,-0.03912378633042227,-0.012433302742105024,0.07638987693432472,7.908506935807643,-0.7770023684970131,0.07316277664905886,-2.5115095648273194,0.5608214252528355,-1.915133112469997,0.2576449470665177,0.0442017771025659,-0.019316591684013815,-0.0008723389420172387,-0.12310703104505483,-0.032041157797638394,-0.0660008161485183,35.03832271475306,-20.458085797740456,9.994751716480216,1.1863427683904537,-0.0815944910117737,-0.00047430469086631684
5.899999999999962,measure,0.4,-0.05600000000000188,0.45,0.33534283175607427,-0.09556325005932227,0.4375268112564776,-0.06465716824392576,-0.03956325005932039,-0.012473188743522434,0.07682044388059191,7.9331030190604235,-0.7761133985843517,0.07278117960417059,-2.5115226752885347,0.5583715001313405,-1.9157706216774466,0.256326714481683,0.044448495633070725,-0.019079852244413244,-0.0006555230607712357,-0.12249625607475043,-0.031875460372476704,-0.06591162924173688,35.23397077537239,-20.450576235043272,9.993407683983046,1.1887205783892403,-0.08160939807195858,-0.00047405058062829973
5.919999999999962,measure,0.4,-0.05500000000000188,0.45,0.335109290958678,-0.09500474808275564,0.43748699189316903,-0.06489070904132205,-0.040004748082753755,-0.01251300810683098,0.07725127417027969,7.957599356761281,-0.7752194757806552,0.0724045738273266,-2.511531089521634,0.5559334847736312,-1.9164048662489335,0.255010268909457,0.04469614018482552,-0.018830288842199984,-0.0004207116549500029,-0.12190076788546268,-0.03171222857433807,-0.06582227861130065,35.430294283749035,-20.442117357263882,9.992677735821745,1.191133050809671,-0.08162084052384562,-0.0004738260328253581
5.939999999999961,measure,0.4,-0.05400000000000188,0.45,0.3348777480614093,-0.09444832617732912,0.43744722495042543,-0.06512225193859073,-0.04044832617732724,-0.012552775049574583,0.07768234644722032,7.9820038144496115,-0.7743206109756628,0.07203272792296868,-2.5115351786949303,0.5535076872666667,-1.917035768294568,0.2536957390161698,0.04494324024961775,-0.018592295217895745,-0.0002044586648282619,-0.12128987534823148,-0.031545102281723844,-0.06572649466435812,35.62624462794569,-20.434810431677157,9.991360910614887,1.1934812056216968,-0.08163562406527207,-0.0004735722406319502
5.959999999999961,measure,0.4,-0.053000000000001934,0.45,0.334648153944484,-0.09389391147471564,0.4374075213980708,-0.06535184605551603,-0.040893911474713704,-0.012592478601929191,0.07811367547302861,8.006310667879719,-0.773416786035873,0.0716658988524833,-2.511534582378754,0.5510938059040573,-1.9176633768909046,0.25238312793744955,0.04519124698949236,-0.0183414535242688,2.981580881106081e-05,-0.12069406813046533,-0.03138042981682717,-0.06563055393601226,35.822856063646434,-20.426550807152104,9.99065942762424,1.1958660786923176,-0.08164688507373624,-0.00047334798370079394
5.9799999999999605,measure,0.4,-0.052000000000001934,0.45,0.3344205809651827,-0.09334155033860962,0.43736786723907417,-0.06557941903481734,-0.04134155033860769,-0.01263213276092584,0.07854524023410618,8.030527686902087,-0.7725080117126283,0.07130385433974429,-2.511529670975293,0.5486921411560846,-1.9182876163964921,0.251072562640616,0.04543871616223975,-0.018102225636950332,0.00024557017304715416,-0.1200832373986388,-0.031211975279381417,-0.06552826484167625,36.01909883424251,-20.419447377467318,9.989369560828527,1.1981846982613085,-0.08166154204610025,-0.0004730946230315639
5.99999999999996,measure,0.4,-0.05100000000000199,0.45,0.33419497906623585,-0.09279116894649254,0.4373282733606671,-0.06580502093376417,-0.041791168946490556,-0.012671726639332914,0.07897705513647135,8.054649211053635,-0.771594270263637,0.07094685179649636,-2.511520083574313,0.5463023954413773,-1.9189085356334012,0.2497640461211191,0.04568707244956339,-0.017850127162396725,0.0004793700490104885,-0.11948728573536503,-0.031045961845451032,-0.06542582597484509,36.215988182754224,-20.41138797612306,9.988696289915428,1.2005420944468796,-0.0816726186009389,-0.00047287074429169546
6.01999999999996,measure,0.4,-0.05000000000000199,0.45,0.3339714210172835,-0.09224281424452029,0.43728872599182533,-0.06602857898271652,-0.0422428142445183,-0.012711274008174678,0.07940909950808288,8.078682915100181,-0.7706755722997751,0.0705946580808431,-2.5115061897898876,0.543924861577465,-1.9195260612229046,0.24845770353011543,0.04593489819309709,-0.017609685782662667,0.0006946892212559948,-0.11887669319561522,-0.030876279475168206,-0.06531712955018429,36.41251343454005,-20.404488888944524,9.987433141691023,1.2028313099082355,-0.08168714602555702,-0.00047261792549598003
6.039999999999959,measure,0.4,-0.049000000000001986,0.45,0.33374985581144967,-0.09169641147974028,0.437249235931069,-0.06625014418855035,-0.042696411479738294,-0.012750764068930998,0.07984138740397978,8.102623201123842,-0.7697519004741058,0.07024753102301,-2.5114876282708924,0.5415592462050389,-1.9201402417129345,0.2471535377252248,0.046183591283468266,-0.017356352891655127,0.0009280759497517166,-0.11828076862130404,-0.03070902450149196,-0.06520829024453087,36.60967059882534,-20.396630669845113,9.986787838392349,1.2051613623123723,-0.08169803520307828,-0.00047239450863594316
6.059999999999959,measure,0.4,-0.04800000000000204,0.45,0.3335303566394212,-0.09115200817558969,0.4372097896387281,-0.06646964336057881,-0.04315200817558765,-0.012790210361271925,0.08027389849231262,8.126477649487192,-0.7688232652549023,0.06990523663064503,-2.511464767822654,0.5392058344577876,-1.920751005999245,0.24585167192829782,0.046431760960174644,-0.017114719618248477,0.0011430224119235973,-0.1176705873625674,-0.030538214315517776,-0.06509328984634849,36.8064683068123,-20.38993675911412,9.985551178193127,1.2074213157497904,-0.08171243017548703,-0.0004721423388165751
6.079999999999958,measure,0.4,-0.04700000000000204,0.45,0.33331287153338335,-0.0906095286725316,0.4371703978184692,-0.06668712846661667,-0.043609528672529554,-0.012829602181530786,0.08070664648156033,8.150240723587121,-0.7678896496945884,0.06956803312050115,-2.5114372466938097,0.5368643372964891,-1.9213584023349117,0.24455210886514187,0.04668077801569391,-0.016860175507194035,0.0013760564422198628,-0.11707485806492693,-0.03036981678333902,-0.06497815315779835,37.003883115430995,-20.382280669926708,9.984933606918334,1.2097241678642674,-0.0817231291409257,-0.0004719194638113218
6.099999999999958,measure,0.4,-0.046000000000002095,0.45,0.33309747411389024,-0.0900690210655396,0.43713104716717444,-0.06690252588610979,-0.044069021065537506,-0.012868952832825575,0.08113961137835124,8.173919910141867,-0.76695106411664,0.0692356856656053,-2.5114054328616073,0.5345350321446856,-1.9219623618994752,0.24325496971925165,0.046929278897417145,-0.016617372744792747,0.0015906916101183029,-0.11646525759017609,-0.030197978228171055,-0.06485695729451106,37.20094318271753,-20.37579275644511,9.983723213727469,1.2119550120485165,-0.08173738883315529,-0.00047166804672579626
6.1199999999999575,measure,0.4,-0.045000000000002094,0.45,0.33288411144163216,-0.08953040881239958,0.4370917482874958,-0.06711588855836786,-0.04453040881239749,-0.012908251712504204,0.08157280654882404,8.197509732639006,-0.7660074919767115,0.06890845283723229,-2.5113689642159986,0.5322176343819705,-1.9225629326294715,0.24196025709430208,0.04717860699642762,-0.01636164141865048,0.001823432280442804,-0.11586988813575812,-0.030028536499810188,-0.06473563124747789,37.39860539755558,-20.368339732906968,9.983133147982699,1.21423081748597,-0.08174789484291453,-0.00047144578975192035
6.139999999999957,measure,0.4,-0.04400000000000209,0.45,0.3326728575759548,-0.0889937405733005,0.4370524881179136,-0.06732714242404525,-0.04499374057329841,-0.012947511882086427,0.08200621233602808,8.22101758498442,-0.765058943451234,0.06858609899014377,-2.5113282078880728,0.5299124137000139,-1.9231600479951636,0.2406680900305465,0.04742742627387287,-0.016117692354426075,0.0020378163963042798,-0.11526103409783035,-0.02985576828460474,-0.06460835318777836,37.595917662796325,-20.362058623862392,9.981948810530941,1.2164327155980157,-0.08176201650556232,-0.00047119522573339117
6.159999999999957,measure,0.4,-0.04300000000000215,0.45,0.332463658596258,-0.0884589389472842,0.43701327715388677,-0.06753634140374204,-0.04545893894728205,-0.012986722846113241,0.08243984176778409,8.244438049544144,-0.7641054024028302,0.06826888301810355,-2.5112828014514577,0.527619089996377,-1.9237537555939963,0.23937847102282647,0.04767705242019256,-0.015860798602011335,0.002270321830760092,-0.11466618518184643,-0.029685379941631167,-0.06448095038600234,37.79381698639494,-20.35480958924522,9.98138603312804,1.218681637810153,-0.08177232690908194,-0.00047097365911556027
6.179999999999956,measure,0.4,-0.04200000000000215,0.45,0.3322565890096791,-0.08792605315285057,0.4369741025803872,-0.06774341099032094,-0.04592605315284842,-0.013025897419612797,0.08287367552116938,8.267778428313662,-0.7631468788585938,0.06795656847448545,-2.5112331111741972,0.5253379252135016,-1.9243439911916107,0.23809151686747684,0.047926177211822914,-0.015615727180905306,0.002484513863013303,-0.1140582391437652,-0.029511779880722514,-0.06434770776748086,37.991371230869134,-20.34873607773796,9.980227550093069,1.2208547631498203,-0.08178630787313318,-0.0004707240450132129
6.199999999999956,measure,0.4,-0.0410000000000022,0.45,0.33205159390527783,-0.08739500495422577,0.43693497477949134,-0.06794840609472219,-0.046395004954223565,-0.013065025220508675,0.08330772628951193,8.291033361335113,-0.7621833570917244,0.06764941454350441,-2.511178774356685,0.5230686438662167,-1.9249308020230418,0.23680722996736617,0.04817608834347075,-0.015357696549051949,0.0027168408755958817,-0.11346406736425045,-0.02934054157154972,-0.06421434500553325,38.18949731334999,-20.34169194231608,9.979691853337291,1.2230769751319182,-0.08179642011459415,-0.0004705032371886217
6.219999999999955,measure,0.4,-0.0400000000000022,0.45,0.3318487482470285,-0.08686584412072719,0.43689588118740075,-0.06815125175297154,-0.04686584412072499,-0.013104118812599264,0.0837419750811964,8.31421005966435,-0.7612148469776465,0.06734718399454358,-2.5111201563881704,0.5208115001345397,-1.9255141261517723,0.23552572477847342,0.048425505703891314,-0.015111527448041891,0.0029308984257422864,-0.11285718658384519,-0.029166206436526548,-0.06407525944463689,38.38728326762431,-20.33582680688981,9.978559033524618,1.225221510814158,-0.08181025779298312,-0.00047025466631683534
6.239999999999955,measure,0.4,-0.0390000000000022,0.45,0.33164799612532847,-0.08633849160566139,0.4368568320666127,-0.06835200387467155,-0.047338491605659186,-0.013143167933387323,0.08417643425868905,8.337303219828657,-0.7602413332036205,0.06705013627024926,-2.511056894339536,0.5185662232497387,-1.9260940104264426,0.23424700363204273,0.048675688701302185,-0.014852386214715824,0.003163102431718291,-0.11226384424005326,-0.028994213733514004,-0.06393605732153394,38.58562571320984,-20.32898846740842,9.978050219387544,1.2274171947983972,-0.08182016941268662,-0.0004700346818079276
6.2599999999999545,measure,0.4,-0.038000000000002254,0.45,0.3314494129700505,-0.08581299772107892,0.4368178151091401,-0.06855058702994954,-0.04781299772107667,-0.013182184890859927,0.08461108515864327,8.36031996298018,-0.7592628254910377,0.06675803337392924,-2.51098935270656,0.516333059620158,-1.9266703952087425,0.23297117855151314,0.048925385629137924,-0.014605144816000738,0.003377081648810126,-0.11165818147903259,-0.028819239114991634,-0.06379125402647974,38.78363306339689,-20.323332471583846,9.976942881892843,1.229533333438373,-0.08183386130164139,-0.00046978724391682423
6.279999999999954,measure,0.4,-0.03700000000000225,0.45,0.33125294186531723,-0.08528928263320494,0.4367788404517008,-0.06874705813468279,-0.04828928263320269,-0.013221159548299222,0.08504593981610392,8.383255040952779,-0.7582793089445805,0.06647113497468085,-2.5109171683748883,0.5141117432922779,-1.9272433269363687,0.23169825182024742,0.04917582732286386,-0.01434491996241965,0.003609216583586706,-0.11106581639400252,-0.028646586381310315,-0.06364633656328582,38.98218143652429,-20.316700810731806,9.976460762163876,1.2317026805767743,-0.08184356993718332,-0.0004695681433324684
6.299999999999954,measure,0.4,-0.03600000000000231,0.45,0.33105865871594703,-0.08476739718814792,0.4367398960465448,-0.06894134128405299,-0.048767397188145614,-0.013260103953455227,0.08548097989264665,8.406115486091062,-0.7572907931292181,0.06618920232816523,-2.5108407049331665,0.5119025128972585,-1.9278127482675782,0.2304283329412042,0.04942579076812184,-0.014096632325781002,0.0038231720860897223,-0.11046151975097108,-0.0284710665604772,-0.0634959439521604,39.1803998301367,-20.311254702546215,9.975378736515959,1.2337906239655672,-0.08185711361730921,-0.000469321924594844
6.319999999999953,measure,0.4,-0.03500000000000231,0.45,0.33086650559286557,-0.08424726078880863,0.43670099189841355,-0.06913349440713445,-0.04924726078880633,-0.013299008101586463,0.08591621709914872,8.428896104370853,-0.7562972635702976,0.06591249529801119,-2.5107595991265352,0.5097051073949027,-1.9283787052041115,0.2291614241768974,0.049676477946025734,-0.013835351507702147,0.004055290331568612,-0.10987027511779088,-0.028297846826663035,-0.06334543821534064,39.37914366116916,-20.304830588431148,9.974923132937533,1.2359338340046684,-0.08186661700447581,-0.0004691037646377427
6.339999999999953,measure,0.4,-0.034000000000002306,0.45,0.33067655888483943,-0.08372892480608968,0.4366621162240629,-0.06932344111516059,-0.04972892480608737,-0.013337883775937087,0.08635163341846543,8.451603840485278,-0.7552987296739584,0.06564077441117111,-2.5106742136237976,0.5075197576372038,-1.9289411426972431,0.22789763242608727,0.04992669481695973,-0.013586044342003861,0.0042692751368914724,-0.10926748788494299,-0.028121874656584736,-0.06318958754050555,39.57756271257288,-20.29959509998278,9.973866259223445,1.2379937927771836,-0.08188001014159724,-0.000468858847646112
6.359999999999952,measure,0.4,-0.03300000000000236,0.45,0.3304887596433455,-0.083212307903223,0.436623278890066,-0.06951124035665451,-0.050212307903220635,-0.013376721109933987,0.0867872402403797,8.474233553399433,-0.7542951773893403,0.06537429969396606,-2.510584185074689,0.5053462075944777,-1.9295001062873813,0.22663695996064823,0.05017761423090867,-0.013323735860252421,0.004501427455431041,-0.10867750213630639,-0.027948179506913154,-0.06303362327195204,39.77649150311279,-20.293379385614294,9.97343700360799,1.2401110737257488,-0.08188930611505262,-0.0004686416811329721
6.379999999999952,measure,0.4,-0.03200000000000236,0.45,0.3303031847500282,-0.08269746196605796,0.43658446838179765,-0.06969681524997184,-0.050697461966055596,-0.013415531618202359,0.0872230198650984,8.49679210136474,-0.7532866159613327,0.06511283096407972,-2.5104898752163494,0.5031846803408936,-1.9300555432134556,0.22537951099560588,0.05042807140037894,-0.013073436494317055,0.004715492916976468,-0.10807636267920502,-0.027771846303717693,-0.06287244825211688,39.97510079858628,-20.288355232614414,9.97240513257917,1.242143267022091,-0.0819025464608507,-0.0004683981449196743
6.3999999999999515,measure,0.4,-0.031000000000002415,0.45,0.33011977423131367,-0.08218430494169321,0.4365456944214846,-0.06988022576868635,-0.051184304941690795,-0.013454305578515402,0.08765898336420883,8.519274395198115,-0.752273031765884,0.06485662837878627,-2.510390920648493,0.501034924953302,-1.9306074985288986,0.22412528784544397,0.050679209772437325,-0.012810129264672714,0.00494772839280806,-0.10748776937957548,-0.02759776577215046,-0.06271115750809493,40.17420402639421,-20.282348755390412,9.972002066906736,1.2442348348132368,-0.08191163295452683,-0.0004681820208220221
6.419999999999951,measure,0.4,-0.030000000000002414,0.45,0.3299386054705493,-0.08167288922050034,0.43650694576707555,-0.0700613945294507,-0.051672889220497925,-0.013493054232924462,0.0880951133510698,8.541687207970028,-0.7512544338842083,0.06460545106643542,-2.5102876821656035,0.4988971567325171,-1.9311559217532133,0.22287439196605738,0.050929894083786745,-0.012558865617542091,0.0051619241444876745,-0.10688841103924708,-0.027421161215734544,-0.062544793969329,40.37299312879829,-20.277536636722317,9.970995060066588,1.24623948993518,-0.08192471834694282,-0.00046793994087509106
6.439999999999951,measure,0.4,-0.029000000000002413,0.45,0.3297596174641377,-0.08116313205684354,0.43646823199029045,-0.07024038253586234,-0.05216313205684113,-0.013531768009709566,0.0885314205818043,8.56402550122605,-0.7502308091219697,0.06435955928363395,-2.510179796362951,0.4967711299565368,-1.9317008574270438,0.22162682575068388,0.05118123811193239,-0.012294589140073873,0.0053942901326200525,-0.10630133879901285,-0.0272467836915295,-0.06237831076867447,40.57226025232946,-20.271740217924016,9.970618036567132,1.2483055680844442,-0.08193359339426919,-0.00046772490437650574
6.45999999999995,measure,0.4,-0.028000000000002467,0.45,0.32958288810582426,-0.08065508633462652,0.4364295421254536,-0.07041711189417577,-0.052655086334624054,-0.013570457874546415,0.08896788797846344,8.58629596416349,-0.7492021663942822,0.06411871148981826,-2.510067623082134,0.49465705216022093,-1.9322422573417621,0.2203826878247597,0.051432136384379275,-0.012042389690784376,0.005608664040837861,-0.10570388981579465,-0.027069995735919106,-0.06220689629620951,40.77121870539917,-20.26714081521026,9.969635766241238,1.2502829201483097,-0.08194652175769303,-0.0004674843526862423
6.47999999999995,measure,0.4,-0.027000000000002466,0.45,0.3294083553576229,-0.08014866863872612,0.436390885587639,-0.0705916446423771,-0.05314866863872365,-0.013609114412361012,0.08940452598427681,8.608493607947297,-0.7481684929393273,0.0638831680094441,-2.509950798959668,0.49255468291569043,-1.932780165499333,0.21914198069917246,0.05168367274774156,-0.011777174018707783,0.005841206123300847,-0.10511846222652517,-0.026895407878543633,-0.06203535627936152,40.97063916796405,-20.26155525950457,9.969284647457954,1.2523237394089628,-0.08195518349154009,-0.00046727044523272286
6.499999999999949,measure,0.4,-0.02600000000000252,0.45,0.32923609763221046,-0.07964393233503206,0.4363522516911931,-0.07076390236778957,-0.05364393233502954,-0.013647748308806884,0.08984131782528472,8.630625039254678,-0.747129797503701,0.06365268665393055,-2.5098296828747446,0.49046422200199735,-1.9333145359527628,0.21790480010157662,0.05193477178131482,-0.011524067775677596,0.006055804246181244,-0.10452304568465433,-0.02671852267148773,-0.06185902987979233,41.16975650023159,-20.25716923668469,9.968326996845835,1.2542740309960174,-0.081967952836791,-0.0004670314903306691
6.519999999999949,measure,0.4,-0.02500000000000252,0.45,0.32906605185343585,-0.07914079336201751,0.43631364968843556,-0.07093394814656417,-0.054140793362014994,-0.013686350311564455,0.09027827363424006,8.652685317773669,-0.746086067760802,0.06342752778425256,-2.509703911550838,0.48838543437650644,-1.9338454121394566,0.2166711487019928,0.05218648714495145,-0.01125794348389945,0.006288566195339137,-0.10393938127454648,-0.026543809334694336,-0.0616825699791908,41.369319733791194,-20.25179533163407,9.968001655681032,1.2562898290126914,-0.08197639948924301,-0.00046681874971186087
6.5399999999999485,measure,0.4,-0.02400000000000252,0.45,0.32889829696125356,-0.07863930555547098,0.4362750691772279,-0.07110170303874647,-0.05463930555546846,-0.013724930822772097,0.0907153769362384,8.67468096905468,-0.7450373122863025,0.06320744858517349,-2.5095738428958567,0.48631851207517485,-1.9343727503623835,0.21544111926688297,0.05243777372497085,-0.011003959953953677,0.006503432749057235,-0.10334611506657898,-0.026366911146345134,-0.06150147175549114,41.56858546215033,-20.24762333454974,9.967068518890938,1.258213309818633,-0.0819890079133582,-0.0004665814567395792
6.559999999999948,measure,0.4,-0.023000000000002574,0.45,0.32873276883813723,-0.07813938423037134,0.43623651924106066,-0.07126723116186279,-0.055139384230368765,-0.01376348075893935,0.09115263755582896,8.696607100227899,-0.7439835191914184,0.06299270942302729,-2.5094391137658976,0.4842632255296723,-1.9348965934686067,0.21421471466930198,0.052689654744207046,-0.010736958107310209,0.006736456497951994,-0.10276432727512592,-0.026192155311154028,-0.0613202298790501,41.76828089076101,-20.242461850135356,9.966768838636268,1.2602043307807667,-0.08199723781526677,-0.0004663699171717239
6.579999999999948,measure,0.4,-0.022000000000002573,0.45,0.3285695469594524,-0.07764108367979133,0.43619798976465185,-0.07143045304054763,-0.05564108367978876,-0.013802010235348161,0.09159003931201139,8.718470157144836,-0.7429246968785118,0.06278306687773537,-2.5093000810893002,0.48221975904796927,-1.9354168999980368,0.21299202465494252,0.05294111564532793,-0.010482127264595643,0.006951633829859041,-0.10217332408515327,-0.0260153264715042,-0.06113450071797253,41.96768452368781,-20.238504506128972,9.965860120702919,1.2621012572650636,-0.0820096835010764,-0.0004661343479333862
6.599999999999947,measure,0.4,-0.021000000000002628,0.45,0.32840856616363223,-0.07714431861794196,0.436159489656629,-0.07159143383636779,-0.05614431861793934,-0.013840510343371026,0.09202759172326894,8.74026529331251,-0.7418608338991185,0.06257878129001684,-2.509156381900315,0.48018788862284784,-1.9359337121817914,0.21177305234604585,0.053193148969666745,-0.010214279385926296,0.0071849594492777915,-0.101593521256071,-0.02584060918772834,-0.060948615444833806,42.16750156660573,-20.233556194279704,9.965585995053564,1.2640677515610368,-0.08201769508141937,-0.0004659240401480995
6.619999999999947,measure,0.4,-0.020000000000002627,0.45,0.3282499064693487,-0.07664914378205649,0.43612100909175744,-0.07175009353065132,-0.056649143782053865,-0.013878990908242572,0.092465278897152,8.761998876345459,-0.7407919384799283,0.062379608657204155,-2.5090083721399603,0.4781677908516329,-1.936446990782443,0.21055788441168027,0.05344477095950885,-0.009958631640634359,0.007400488017719938,-0.10100488856074527,-0.025663930032583878,-0.06075839671827836,42.36703260704754,-20.2298141118025,9.964701611939537,1.2659383865975482,-0.08202997629699892,-0.0004656902531983455
6.639999999999946,measure,0.4,-0.019000000000002626,0.45,0.32809350166885465,-0.07615547330811345,0.43608255679781266,-0.07190649833114537,-0.05715547330811083,-0.013917443202187352,0.09290311004808878,8.783666105073785,-0.7397179996152058,0.06218580926362914,-2.5088556890659652,0.4761592473725934,-1.9369567773898158,0.2093465242715056,0.05369694323612717,-0.009689969678750875,0.0076341536997434865,-0.10042717395197494,-0.025489330368635512,-0.06056800700873331,42.566960681508334,-20.225079705937063,9.964452944992347,1.2678806104706637,-0.08203776808202855,-0.00046548120453465507
6.659999999999946,measure,0.4,-0.01800000000000268,0.45,0.327939432331761,-0.07566336236389222,0.43604412324265146,-0.07206056766823904,-0.05766336236388954,-0.013955876757348551,0.09334106956664034,8.805273270366676,-0.7386390253536356,0.061997138546713966,-2.5086986876247597,0.4741624270918295,-1.9374630349736888,0.2081390554657357,0.053948713078510034,-0.009433535845758755,0.007850072060284213,-0.0998410140381954,-0.025312879193650367,-0.06037344028849534,42.76660862945609,-20.22155347416964,9.963592823573245,1.269725223000244,-0.0820498831799357,-0.00046524925525427436
6.6799999999999455,measure,0.4,-0.01700000000000268,0.45,0.327787631202507,-0.07517272452947736,0.43600571696725926,-0.07221236879749304,-0.05817272452947468,-0.01399428303274075,0.09377916636507144,8.826815615338873,-0.7375550051345282,0.061813856703845566,-2.5085370053425997,0.47217711737487156,-1.9379658044575732,0.2069354817615707,0.05420101095536669,-0.009164092143420092,0.008084114107992329,-0.09926548584789677,-0.02513847419421621,-0.06017868520824975,42.96663715314343,-20.217033688751883,9.963369529808633,1.2716434382072532,-0.08205745379218926,-0.0004650414897764691
6.699999999999945,measure,0.4,-0.016000000000002734,0.45,0.32763817940898965,-0.07468361538910837,0.43596732873548194,-0.07236182059101037,-0.05868361538910563,-0.01403267126451807,0.09421738511124196,8.848299355630392,-0.7364659468262651,0.06163571863562469,-2.5083709961644876,0.4702034794579516,-1.938465051001906,0.2057358835216636,0.05445291541315318,-0.00890690341104365,0.008300458905599386,-0.09868189584599803,-0.024962327216637634,-0.05997991199535423,43.166391507902134,-20.21372387723766,9.962533607843344,1.2734623028934684,-0.0820694012085456,-0.00046481143044936764
6.719999999999945,measure,0.4,-0.015000000000002733,0.45,0.3274910086466866,-0.07419594798911486,0.4359289668956355,-0.0725089913533134,-0.059195947989112124,-0.014071033104364528,0.09465573441703713,8.869719777616782,-0.7353718403154306,0.06146298442216571,-2.508200297929913,0.4682413065128835,-1.9389608148392639,0.20454026491259336,0.05470532554172644,-0.008636710672949063,0.008534911728720044,-0.09810864725340553,-0.024788191867893074,-0.05978093045351203,43.36650990112148,-20.20941940734042,9.962335612094067,1.2753567763669742,-0.08207674936569176,-0.00046460496905036575
6.739999999999944,measure,0.4,-0.014000000000002732,0.45,0.32734620060882197,-0.07370977831565922,0.43589062251030586,-0.07265379939117805,-0.05970977831565649,-0.014109377489694153,0.09509419922174578,8.891083023247214,-0.7342726932878442,0.0612954084507317,-2.508025263575997,0.46629075212918814,-1.9394530633031775,0.20334870307414082,0.05495735137931921,-0.008378798571700541,0.008751717695814142,-0.09752771918476652,-0.024612423195682076,-0.05957809192262626,43.56636016329423,-20.206326565631258,9.961523838179817,1.2771501732555945,-0.08208852761910082,-0.00046437684897062217
6.759999999999944,measure,0.4,-0.013000000000002787,0.45,0.32720368594123134,-0.07322501890324985,0.4358523037293237,-0.07279631405876869,-0.060225018903247066,-0.014147696270676302,0.09553278783855655,8.912384421146536,-0.7331684960795044,0.06113325065407995,-2.507845531299756,0.46435161536109054,-1.939941835911129,0.202161202625642,0.05520986041698842,-0.008107889832587522,0.0089866138120498,-0.0969568384048794,-0.024438630397571118,-0.059375022424942095,43.76655785086664,-20.202238086517518,9.961351075586004,1.2790211767707707,-0.08209565213261223,-0.00046417170948097504
6.779999999999943,measure,0.4,-0.012000000000002786,0.45,0.32706354690918027,-0.07274172612500779,0.43581400191662595,-0.07293645309081975,-0.060741726125005,-0.014185998083374063,0.09597148547217532,8.933630041131067,-0.732059256191455,0.06097626492999706,-2.5076614530243155,0.46242404217623473,-1.9404271021512398,0.20097783744198927,0.05546199440247513,-0.007849286204144367,0.009203913772005304,-0.09637865924279199,-0.024263312005549695,-0.059168259182636816,43.96649352406863,-20.19936274383494,9.960563409098654,1.2807893909539292,-0.08210725982301495,-0.0004639455750370786
6.799999999999943,measure,0.4,-0.01100000000000284,0.45,0.326925713108631,-0.07225981202534794,0.43577572501780776,-0.07307428689136902,-0.0612598120253451,-0.014224274982192253,0.09641030013868716,8.954815253077033,-0.7309449644111635,0.06082471103405345,-2.5074726673480465,0.4605078375843662,-1.940908900802255,0.19979861265000395,0.055714589014573136,-0.0075776947971805935,0.009439283813447585,-0.09581022959342668,-0.024089932550768117,-0.058961239599265254,44.16675993696106,-20.195490910550994,9.960415825047765,1.2826372008003806,-0.0821141595966614,-0.00046374177235831786
6.8199999999999426,measure,0.4,-0.01000000000000284,0.45,0.32679026738325956,-0.07177933334897955,0.43573746470062924,-0.07320973261674046,-0.061779333348976714,-0.014262535299370771,0.09684921730207435,8.975946056241337,-0.7298256280527324,0.06067834239878144,-2.507279525174263,0.4586031399576459,-1.9413872034875186,0.19862359882084007,0.05596681792155705,-0.007318431763600564,0.009657108689183558,-0.09523488133601508,-0.02391513426318035,-0.058750691458193866,44.366770529278824,-20.192833575459204,9.959652236070456,1.2843805220861628,-0.08212559540398764,-0.0004635176671367678
6.839999999999942,measure,0.4,-0.009000000000002839,0.45,0.32665713827935405,-0.07130020167174402,0.43569922870077527,-0.07334286172064597,-0.062300201671741176,-0.014300771299224746,0.09728824468282973,8.997017860767459,-0.7287012383570703,0.06053741857300316,-2.507081665545986,0.45670976033131744,-1.9418620482239686,0.19745280164471482,0.05621948478310702,-0.007046191288914128,0.009892981413834318,-0.09466898131642436,-0.023742236822499548,-0.05853985880626206,44.56709510598587,-20.18917902243983,9.959529786125508,1.2862054187456036,-0.08213226943229218,-0.00046331521334500416
6.859999999999942,measure,0.4,-0.008000000000002894,0.45,0.32652640922500803,-0.07082247409418711,0.4356610089921623,-0.07347359077499199,-0.06282247409418422,-0.014338991007837698,0.09772736799795789,9.018036596937883,-0.7275718024492256,0.06040169254856191,-2.5068794383411617,0.45482782950990724,-1.942333408750004,0.1962862883532585,0.056471795392237775,-0.00678630122206238,0.010111360241230029,-0.09409654107050928,-0.023568026301764026,-0.05832566457281597,44.76717013119878,-20.186740182534106,9.95879025536171,1.2879241413333378,-0.08214353211502323,-0.0004630931782214317
6.879999999999941,measure,0.4,-0.007000000000002893,0.45,0.3263980077174502,-0.07034606174488911,0.4356228130949681,-0.07360199228254982,-0.06334606174488622,-0.014377186905031925,0.09816659467379768,9.038997714191678,-0.7264373120254375,0.06027142363824962,-2.5066724830901808,0.45295716462090185,-1.942801322298307,0.1951240652569853,0.05672452118940407,-0.006513445515614735,0.010347762549047767,-0.09353324445027006,-0.023395677415150248,-0.05811115481366022,44.96754231889449,-20.18330352322551,9.95869290517685,1.2897264091634852,-0.08214997948149977,-0.0004628920827105523
6.899999999999941,measure,0.4,-0.006000000000002947,0.45,0.3262720177748203,-0.06987102206412307,0.4355846332914644,-0.07372798222517973,-0.06387102206412013,-0.014415366708535604,0.09860591067402245,9.059907075431328,-0.7252977740196449,0.06014636441810989,-2.5064611486402852,0.45109788893039854,-1.9432657647014322,0.19396619621514904,0.0569769002896272,-0.00625296100698654,0.010566722494782842,-0.09296378452516697,-0.023222120156257887,-0.057893452091813735,45.16767129747447,-20.181083644836242,9.957977423852952,1.2914208313256066,-0.08216106787513504,-0.0004626721559596702
6.91999999999994,measure,0.4,-0.0050000000000029465,0.45,0.32614836584629886,-0.06939726575431283,0.43554647688081016,-0.07385163415370116,-0.06439726575430989,-0.014453523119189848,0.09904532313219182,9.080760168434429,-0.7241531805852272,0.06002677393591321,-2.506245075051325,0.44924982572155414,-1.9437267723860223,0.19281268821629763,0.05722967172089003,-0.00597952410983393,0.010803679448015607,-0.09240316044221955,-0.023050384229508347,-0.057675399942570704,45.36808055294725,-20.177865471333373,9.957905149078993,1.2932007582514875,-0.08216728775048006,-0.00046247242554742457
6.93999999999994,measure,0.4,-0.004000000000002946,0.45,0.32602713654530885,-0.06892485057901677,0.43550833645569853,-0.07397286345469117,-0.06492485057901383,-0.01449166354430148,0.09948481825220817,9.101562790323268,-0.7230035384630183,0.059912404377098535,-2.506024610134693,0.4474130907525111,-1.944184323257217,0.19166360171727567,0.05748210611044014,-0.005718477940733668,0.01102324583159482,-0.09183674845215216,-0.02287754355972648,-0.05745432495109798,45.56825301285225,-20.175864999244663,9.957213718835016,1.2948711820225203,-0.08217820076587305,-0.00046225464294595347
6.95999999999994,measure,0.4,-0.0030000000000030003,0.45,0.32590825527437783,-0.06845368683540118,0.4354702190888467,-0.07409174472562219,-0.06545368683539818,-0.014529780911153312,0.09992440287617063,9.122310466267598,-0.721848840265268,0.059803514495725844,-2.5057993945211114,0.44558751352213,-1.9446384529145384,0.19051894444305614,0.05773490988752158,-0.005444494068634485,0.011260780679073452,-0.09127886151905562,-0.022706482866072186,-0.057232863710976606,45.768688803241375,-20.172865881941963,9.9571665050113,1.2966290592342484,-0.08218419240602735,-0.0004620562820080846
6.979999999999939,measure,0.4,-0.0020000000000029994,0.45,0.32579180724704226,-0.06798383259356057,0.4354321176853041,-0.07420819275295776,-0.06598383259355757,-0.014567882314695912,0.10036406344170004,9.143008929215174,-0.7206890925377745,0.059699856112110594,-2.50556977498114,0.4437732023122628,-1.945089141313528,0.18937877342074871,0.057987386374673495,-0.005182919180762486,0.011480976998573674,-0.09071556049335983,-0.02253441994947794,-0.05700855111537087,45.96889428051935,-20.171085239125457,9.956499137779314,1.2982757901068926,-0.08219492902768333,-0.0004618406769311722
6.999999999999939,measure,0.4,-0.001000000000003054,0.45,0.32567771682093927,-0.06751519776609695,0.4353940390860174,-0.07432228317906076,-0.0665151977660939,-0.014605960913982585,0.10080380650070644,9.16365374079526,-0.7195242883533098,0.05960168765822499,-2.505335392757069,0.4419699928940528,-1.9455364232062446,0.18824309717063642,0.05824020922323062,-0.004908422694280227,0.011719111203535196,-0.0901604709104995,-0.022364094635834456,-0.05678381250561536,46.16934608386692,-20.168305726386375,9.9564769802178,1.300011911765922,-0.08220069177180854,-0.00046164368752603445
7.019999999999938,measure,0.4,-3.0531133177191805e-15,0.45,0.3255660698141345,-0.0670478407126099,0.43535597651020125,-0.07443393018586553,-0.06704784071260685,-0.014644023489798763,0.10124361871795763,9.184250571383755,-0.7183544340607732,0.05950876061500849,-2.5050965935737732,0.44017798610584397,-1.945980280575891,0.18711196926535792,0.05849271462683353,-0.004646352160824801,0.011939959164807865,-0.08960033941044211,-0.022192868482323373,-0.056556395263924496,46.36957412308483,-20.166745313751257,9.955833698091475,1.301635258394982,-0.08221125105608276,-0.0004614302910545883
7.039999999999938,measure,0.4,0.0009999999999969478,0.45,0.3254567895414902,-0.0665816709816289,0.4353179365617995,-0.07454321045850981,-0.06758167098162585,-0.014682063438200499,0.10168350635640847,9.204795018150522,-0.7171795231950343,0.05942133306429079,-2.504853019325053,0.4383970240441365,-1.9464207473074864,0.18598539907972517,0.05874554328694114,-0.00437137753588494,0.01217871243602595,-0.0890481030853746,-0.022023336579767693,-0.056328509281638066,46.570031428719794,-20.16418593159186,9.955836601749928,1.303349921348032,-0.08221678432445997,-0.00046123467304368376
7.059999999999937,measure,0.4,0.001999999999996893,0.45,0.3253499624295886,-0.06611674720497011,0.4352799127758749,-0.07465003757041144,-0.06811674720496701,-0.0147200872241251,0.10212345630135651,9.225292690503267,-0.7159995619062992,0.059339156173628824,-2.5046050146853522,0.43662720013760326,-1.9468578073886487,0.18486343670965297,0.05899806443675329,-0.004108844533098194,0.012400231985029878,-0.08849119532666071,-0.021853004058109443,-0.05609811850360946,46.77027158323411,-20.162846127751315,9.955217436843704,1.3049501952623115,-0.08222716539768148,-0.0004610235140617006
7.079999999999937,measure,0.4,0.002999999999996894,0.45,0.32524551075297453,-0.06565297858738157,0.4352419115142425,-0.07475448924702549,-0.06865297858737847,-0.014758088485757492,0.10256347452800214,9.245739220242998,-0.7148145441930354,0.05926248764698723,-2.5043522222391346,0.4348683628576299,-1.9472914938185721,0.18374609244387832,0.05925088566319059,-0.00383342633207975,0.012639622310887284,-0.08794186399866731,-0.02168432149617001,-0.055867213288731864,46.970723892002034,-20.160507379540757,9.955245416190175,1.3066436987634475,-0.08223246868952902,-0.00046082926523643443
7.099999999999937,measure,0.4,0.003999999999996839,0.45,0.3251435215502993,-0.0651904240153775,0.43520392662937085,-0.07485647844970073,-0.06919042401537434,-0.01479607337062916,0.1030035481355222,9.26614015740884,-0.7136244760050348,0.059191078364759925,-2.5040949856057577,0.4331205982580547,-1.9477217925655868,0.18263341288170962,0.05950340940002762,-0.003570464111365417,0.012861831668835517,-0.087388229978761,-0.021514937350726036,-0.055633978108434935,47.17096572408405,-20.159388540593504,9.954650410488808,1.3082212140858929,-0.0822426707460913,-0.00046062037053417985
7.119999999999936,measure,0.4,0.00499999999999684,0.45,0.3250439160585744,-0.06472899237001722,0.43516596423592546,-0.07495608394142561,-0.06972899237001406,-0.014834035764074549,0.1034436828125399,9.28649116753657,-0.7124293518057869,0.05912518562566493,-2.503832948098678,0.43138376123110556,-1.9481487357250895,0.18152540928523347,0.05975620996239394,-0.003294636954749624,0.013101875353986095,-0.0868418513474574,-0.02134715797513944,-0.05540017982380663,47.371402548438354,-20.157270906772315,9.954703489357982,1.3098938595274783,-0.08224774363733298,-0.0004604274867377211
7.139999999999936,measure,0.4,0.005999999999996841,0.45,0.3249467819316305,-0.06426874277478895,0.4351280185052214,-0.07505321806836951,-0.07026874277478579,-0.014871981494778586,0.10388386586543781,9.306797742889694,-0.7112291773430245,0.05906456004935775,-2.5035664522775787,0.4296579304915713,-1.948572311222007,0.18042212473953972,0.0600087231381201,-0.003031278815359305,0.013324791054949695,-0.0862915369767129,-0.02117877484587655,-0.0551642272846874,47.571635629269366,-20.15637336610104,9.954132694558506,1.3114489327036423,-0.08225776593770913,-0.0004602208811026465
7.159999999999935,measure,0.4,0.006999999999996787,0.45,0.32485203937204576,-0.06380958380696211,0.43509009529986375,-0.07514796062795426,-0.0708095838069589,-0.014909904700136256,0.10432410269742293,9.327055581855701,-0.7100239475466087,0.05900945850227906,-2.5032951422223912,0.4279429673948875,-1.9489925502307954,0.17932357153938316,0.06026148982078812,-0.002755077353934606,0.013565502759373587,-0.08574815483419053,-0.021011950439418482,-0.05492766000782836,47.772046493237,-20.15447730391408,9.954210906000766,1.3131010233556875,-0.08226260807867108,-0.0004600293563417628
7.179999999999935,measure,0.4,0.007999999999996787,0.45,0.32475977665149214,-0.0633515748090939,0.4350521891113338,-0.07524022334850788,-0.07135157480909068,-0.014947810888666202,0.104764380815399,9.347270120504767,-0.7088136679606456,0.058959631369955495,-2.5030193594285874,0.42623894335348594,-1.9494094426084927,0.17822978924018076,0.06051397929815456,-0.002491356616178122,0.013789139690194756,-0.08520120207007963,-0.020844618884861374,-0.054689114960120674,47.9722604027869,-20.153801372000007,9.95366438334658,1.3146339728910028,-0.08227244994740265,-0.00045982506266743187
7.1999999999999345,measure,0.4,0.008999999999996733,0.45,0.3246699129415186,-0.06289462407437099,0.4350143055453829,-0.07533008705848143,-0.07189462407436772,-0.014985694454617116,0.10520470533830789,9.367437089205614,-0.7075983339826439,0.05891533505987853,-2.502738748779183,0.4245457262247762,-1.9498230185923116,0.17714079122842352,0.060766698900085264,-0.0022148155038480342,0.014030532470217757,-0.08466085643548586,-0.020678799190941087,-0.054449900587862234,48.17263484182163,-20.152127315247736,9.953767769466923,1.3162658136489866,-0.0822770610605111,-0.00045963488923495845
7.219999999999934,measure,0.4,0.009999999999996734,0.45,0.3245825371338481,-0.06243879114635997,0.4349764394148632,-0.07541746286615192,-0.0724387911463567,-0.01502356058513682,0.10564506396688947,9.387561869408511,-0.7063779509515951,0.0588763197502189,-2.5024536507009407,0.4228633801563959,-1.9502332699465859,0.17605661351648247,0.06101915155244285,-0.0019507654829816342,0.014254903912120791,-0.084117303419014,-0.020512567713712376,-0.05420888559705224,48.3728191686237,-20.15167327950113,9.953245589572651,1.3177769598541706,-0.08228672188416553,-0.000459432928592154
7.239999999999934,measure,0.4,0.010999999999996735,0.45,0.3244975673726985,-0.06198398405368241,0.43493859606399615,-0.0755024326273015,-0.07298398405367915,-0.015061403936003859,0.1060854615369673,9.407640222603078,-0.7051525147338575,0.05884284136321466,-2.5021637109156765,0.42119177954289544,-1.950640225955833,0.1749772706412716,0.06127181088687708,-0.0016739193502120027,0.014496989263203261,-0.08358003067502234,-0.02034780046235962,-0.05396714376054303,48.57314672936086,-20.150221638309272,9.953374201367204,1.3193888569961607,-0.0822911017615525,-0.00045924409718920236
7.259999999999933,measure,0.4,0.01199999999999668,0.45,0.32441509317159456,-0.06153026252272427,0.4349007706280946,-0.07558490682840546,-0.07353026252272095,-0.015099229371905387,0.1065258859364446,9.42767747718126,-0.7039220304619022,0.058814649896595926,-2.5018692687769724,0.4195309813055203,-1.951043880266575,0.17390279506070103,0.06152421359777096,-0.001409573330936774,0.014722106935215524,-0.08303991186875632,-0.02018271553709524,-0.05372377902852968,48.77329107019533,-20.14998976291853,9.952876444039541,1.3208785217418362,-0.08230058098667181,-0.00045904448894358205
7.279999999999933,measure,0.4,0.012999999999996681,0.45,0.32433503165140615,-0.061077534336874115,0.434862968185296,-0.07566496834859388,-0.0740775343368708,-0.015137031814703994,0.10696634171917513,9.447669424906136,-0.7026864944720661,0.058792000761418974,-2.5015699708802472,0.41788086640753913,-1.9514442611960365,0.17283320252030546,0.06177679949180525,-0.0011324567588477097,0.014964894836250941,-0.0825057448990574,-0.020019046473079498,-0.05347962701977842,48.973561310118455,-20.148760923521834,9.953030341224096,1.3224707826943825,-0.08230472948775029,-0.00045885698876858665
7.299999999999932,measure,0.4,0.013999999999996626,0.45,0.3242574729487536,-0.06062585938704104,0.43482518419435395,-0.0757425270512464,-0.07462585938703767,-0.015174815805646058,0.10740681695357142,9.467621342658108,-0.7014459116889766,0.05877464380201078,-2.5012661555014475,0.4162414845830201,-1.9518413642475598,0.17176852191401126,0.06202913915447458,-0.0008678479704098913,0.015190768939997972,-0.08196909122595152,-0.01985515257616739,-0.053234030314709586,49.173655269617,-20.1487514493157,9.952557095275354,1.3239392891741089,-0.08231402661873426,-0.0004586597506457178
7.319999999999932,measure,0.4,0.014999999999996627,0.45,0.3241823331654144,-0.060175145230530136,0.4347874234628922,-0.07581766683458563,-0.07517514523052676,-0.015212576537107836,0.10784731591267527,9.487529051638228,-0.7002002789200057,0.05876283389270085,-2.500957470143471,0.4146127233919545,-1.952235216757338,0.1707087702535548,0.06228163844854776,-0.0005904954654963933,0.01543426789883083,-0.08143805955328336,-0.019692625488909404,-0.052987583022823415,49.3738577566494,-20.147745773860734,9.9527363461067,1.325512222286454,-0.08231794366782372,-0.0004584735695194917
7.3399999999999315,measure,0.4,0.015999999999996628,0.45,0.32410970306193804,-0.05972545190439496,0.4347496817739739,-0.07589029693806199,-0.07572545190439159,-0.015250318226026127,0.10828782683878464,9.507397778746284,-0.698949600880699,0.05875632075155133,-2.5006442520001837,0.41299462542123927,-1.9526258160599395,0.1696539728611535,0.0625339019653331,-0.0003256570574759491,0.015660907164363632,-0.08090489853576056,-0.019529965130076772,-0.052739869620065404,49.57389094683052,-20.147958918188507,9.952287709161714,1.3269598947883665,-0.08232705826486059,-0.00045827871769768655
7.359999999999931,measure,0.4,0.016999999999996573,0.45,0.32403949772553126,-0.05927668675882711,0.4347119636604097,-0.07596050227446877,-0.07627668675882368,-0.015288036339590305,0.10872835372529979,9.527223373798163,-0.6976938748504464,0.058755358691010784,-2.5003261495148985,0.41138708485204384,-1.953013188497642,0.16860414807159932,0.06278630151262937,-4.81030270271356e-05,0.015905124264260967,-0.08037702845977082,-0.019368621885124684,-0.052491239477709103,49.77401525886136,-20.147176744553978,9.952492390256017,1.3285138091158128,-0.08233074384871805,-0.0004580938421678963
7.379999999999931,measure,0.4,0.017999999999996574,0.45,0.32397180854104646,-0.05882890995858629,0.4346742652303328,-0.07602819145895356,-0.07682890995858287,-0.015325734769667199,0.10916888498181852,9.547011015227499,-0.6964331053345602,0.05875969733009474,-2.500003498794962,0.40979013716487417,-1.9533973332104484,0.16755931762938853,0.06303847579431326,0.00021693195419810173,0.016132535996820307,-0.07984738435848318,-0.019207235640320775,-0.05224152211053948,49.97397729860831,-20.14761270118217,9.95206846855552,1.3299409728030382,-0.08233967552564786,-0.0004579013913597939
7.39999999999993,measure,0.4,0.01899999999999652,0.45,0.3239065495858979,-0.058382028665543304,0.43463659073757027,-0.07609345041410215,-0.07738202866553982,-0.01536340926242974,0.10960942432328874,9.566756580652937,-0.6951672900853583,0.058769590394615316,-2.499675949256086,0.4082036831830172,-1.9537782755346895,0.16651950124841008,0.06329076246009419,0.0004946532260287813,0.01637747694380006,-0.07932269909284756,-0.01904711621205484,-0.05199081904892274,50.17401302296325,-20.147054342815963,9.952298664702697,1.3314761778993431,-0.08234312969101708,-0.00045771780678695653
7.41999999999993,measure,0.4,0.01999999999999652,0.45,0.32384381286915515,-0.057936103153690716,0.4345989366159835,-0.07615618713084488,-0.07793610315368724,-0.015401063384016533,0.11004996032006979,9.586465201538449,-0.6938964333968547,0.0587847874318182,-2.4993438359146603,0.4066277513221277,-1.9541560163898424,0.16548471709106513,0.06354283442517766,0.0007598518601441306,0.01660566707128448,-0.07879659304447413,-0.018887042757638785,-0.05173920786724814,50.37389353745354,-20.14771328184124,9.951899572901118,1.3328831585988157,-0.08235187811327667,-0.0004575277703167855
7.439999999999929,measure,0.4,0.02099999999999652,0.45,0.32378351146346745,-0.057491040415196246,0.43456130683637784,-0.07621648853653257,-0.07849104041519277,-0.015438693163622175,0.11049049640986912,9.60613278250603,-0.6926205334951336,0.05880554155652912,-2.499006809189822,0.4050622490650689,-1.954530580095105,0.16445498630545793,0.06379499508605534,0.001037706235546051,0.016851336241916433,-0.0782751128529411,-0.01872818526313047,-0.05148653928035993,50.573830270320315,-20.147379027612896,9.95215537687257,1.3343999643163287,-0.08235510096445371,-0.0004573454609862117
7.459999999999929,measure,0.4,0.021999999999996467,0.45,0.32372573800157933,-0.05704690081479716,0.4345236981588956,-0.07627426199842069,-0.07904690081479362,-0.015476301841104434,0.11093102131732366,9.625764409525301,-0.6913395944619338,0.05883160227153965,-2.4986652030025653,0.4035071978049327,-1.9549019693233227,0.16343032346908604,0.06404695165998843,0.0013030357505263946,0.017080309362832512,-0.07775256300680779,-0.018569461410893048,-0.05123314181859474,50.773618890415975,-20.148261095389273,9.951781237831865,1.3357870883159821,-0.08236366584691991,-0.0004571578508609025
7.4799999999999285,measure,0.4,0.022999999999996468,0.45,0.3236704045566431,-0.05660359119340386,0.43448611426742,-0.07632959544335693,-0.07960359119340032,-0.015513885732580002,0.11137153820413943,9.645356013434764,-0.6900536149978707,0.05886322205675101,-2.498318668805516,0.4019625116981816,-1.9552702073662123,0.1624107512183885,0.06429897320315703,0.0015809892605683998,0.01732670985246124,-0.0772343053375572,-0.018411902144475592,-0.05097861253487766,50.97344623623197,-20.148151209462586,9.952062750187066,1.3372858046150564,-0.082366657543295,-0.00045697680006584517
7.499999999999928,measure,0.4,0.023999999999996413,0.45,0.32361760438408205,-0.05616117198801905,0.4344485522488253,-0.07638239561591798,-0.08016117198801546,-0.01555144775117473,0.11181203594281038,9.664912636165935,-0.6887625989715201,0.05890015039783433,-2.4979675394198333,0.400428205158374,-1.9556352986237626,0.16139628054464225,0.06455080131752702,0.0018464170541660082,0.017556469284151575,-0.07671532699037747,-0.018254562877519292,-0.05072353368731247,51.173132597838666,-20.14925652854602,9.95171369476723,1.3386533984694653,-0.08237503864824426,-0.0004567916270512007
7.519999999999928,measure,0.4,0.024999999999996414,0.45,0.323567248563054,-0.055719549906570964,0.43441101549630917,-0.076432751436946,-0.08071954990656738,-0.01558898450369084,0.11225251742031046,9.684430233998222,-0.687466545558721,0.05894263911624691,-2.4976114673607275,0.3989041990262069,-1.9559972653506843,0.1603869356256554,0.06480267063995512,0.002124435920629046,0.017803602955292184,-0.07620030660835726,-0.01809833634608001,-0.05046724594934285,51.37284016865036,-20.149371250266235,9.952021023655526,1.3401343352357282,-0.08237779940185479,-0.0004566118171872584
7.539999999999927,measure,0.4,0.025999999999996415,0.45,0.32351943097021396,-0.05527878543987601,0.4343735014238285,-0.07648056902978606,-0.08127878543987242,-0.015626498576171488,0.11269297165063924,9.703913806259003,-0.686165458414088,0.058990437707870345,-2.497250784345082,0.39739050077946897,-1.9563561136477876,0.1593827238666008,0.06505435723164739,0.002389929581171732,0.018034150782266535,-0.0756849123368969,-0.01794241485516688,-0.05021058795273064,51.572413912053506,-20.150699919374457,9.951697190501402,1.3414827255796662,-0.08238599653686031,-0.00045642909086882196
7.559999999999927,measure,0.4,0.02699999999999636,0.45,0.3234740616964552,-0.05483878518098853,0.43433601313027226,-0.07652593830354482,-0.08183878518098489,-0.015663986869727753,0.11313340124734314,9.723359333905627,-0.6848593371893033,0.05904379731262368,-2.496885143978822,0.3958870379503923,-1.9567118647240644,0.15838367103853093,0.06530606123923954,0.0026679802376666844,0.018282018313002014,-0.0751731414538318,-0.01778755381384184,-0.04995264140349353,51.771991326852834,-20.15103946317234,9.952030451461326,1.3429461924495298,-0.08238852660996938,-0.00045625050351656075
7.579999999999926,measure,0.4,0.02799999999999636,0.45,0.32343123523777184,-0.05439960965613545,0.43429854835693454,-0.07656876476222818,-0.08239960965613181,-0.015701451643065467,0.11357379535965086,9.742771775073122,-0.6835481853243116,0.05910246746390766,-2.4965148768701173,0.3943938111254915,-1.957064526354748,0.1573897809619978,0.06555759324957999,0.002933507564198939,0.018513355435233508,-0.07466134124504267,-0.017633081534179095,-0.04969450382665728,51.97144209603734,-20.152591557159575,9.951731986786207,1.344275705819613,-0.0823965396258802,-0.0004560702323653375
7.599999999999926,measure,0.4,0.028999999999996307,0.45,0.32339086070274287,-0.053961165361438135,0.4342611099049111,-0.07660913929725716,-0.08296116536143444,-0.015738890095088887,0.11401415632902392,9.762147134644865,-0.6822320029471851,0.05916669859743919,-2.496139637742767,0.3929107545325579,-1.9574141186951954,0.1564010810519504,0.06580911885632372,0.003211556676576674,0.018761956367507895,-0.07415282964667955,-0.017479617022375785,-0.049434995502368385,52.17087898008431,-20.15315611247386,9.95209130254406,1.3457220120140825,-0.08239883932853799,-0.000455892848375403
7.6199999999999255,measure,0.4,0.029999999999996307,0.45,0.3233530332043688,-0.05352351284020061,0.434223695842993,-0.07664696679563121,-0.08352351284019692,-0.015776304157007037,0.11445447343372618,9.781490330953483,-0.680910793282581,0.059236240311404446,-2.495759756091795,0.3914378619120546,-1.957760651168607,0.15541757154711017,0.06606048323020725,0.003477085698262811,0.01899408254859088,-0.07364463102516516,-0.017326623670575907,-0.04917547524201247,52.37019642204419,-20.15493168232097,9.951818359912263,1.3470329746781502,-0.08240666811740184,-0.00045571503981183437
7.639999999999925,measure,0.4,0.03099999999999631,0.45,0.32331766087507907,-0.05308655850938725,0.4341863086711408,-0.07668233912492095,-0.08408655850938355,-0.015813691328859236,0.1148947487445175,9.800797392069244,-0.6795845569354348,0.05931134231509116,-2.4953748877850708,0.38997507418814104,-1.9581041428695691,0.15443928155569026,0.06631181735730714,0.0037551001843355207,0.019243415336221086,-0.07313938619567904,-0.01717458504810388,-0.04891449957099514,52.56948240617879,-20.155721413533897,9.952203860175333,1.348462428843807,-0.08240873780508041,-0.00045553883937604145
7.659999999999925,measure,0.4,0.031999999999996254,0.45,0.3232848394421127,-0.05265036291113162,0.43414894678570715,-0.0767151605578873,-0.08465036291112787,-0.015851053214292865,0.11533497166258995,9.820073197887327,-0.6782532969145885,0.05939175429867521,-2.4949853612000483,0.38852237830118,-1.958444604842754,0.153466207738628,0.06656300104232026,0.004020599179202571,0.019476329251131817,-0.0726347943480504,-0.017023098659243358,-0.04865369085311152,52.76865617022254,-20.157720486353043,9.951956600281,1.349755166637966,-0.08241638229816044,-0.00045536349982417627
7.679999999999924,measure,0.4,0.032999999999996255,0.45,0.32325447606812385,-0.05221483240085416,0.43411161238232154,-0.07674552393187617,-0.08521483240085041,-0.015888387617678468,0.11577514398942806,9.839313798938173,-0.6769170143022419,0.05947772522323002,-2.4945908333739,0.3870797218693575,-1.9587820551156032,0.15249838094542617,0.06681413061732494,0.0042985462277407545,0.019726391307408886,-0.07213282159112566,-0.01687251364245779,-0.0483913396600919,52.96778089017379,-20.158735532745254,9.952368421532071,1.3511680766961343,-0.08241822236936189,-0.0004551884625570617
7.699999999999924,measure,0.4,0.0339999999999962,0.45,0.3232266670913947,-0.05178002750137624,0.43407430418486975,-0.07677333290860533,-0.08578002750137244,-0.01592569581513026,0.11621525524313842,9.858524038019796,-0.6755757118909845,0.05956900489804427,-2.4941916315621024,0.3856470850796134,-1.9591165063277458,0.15153579426448918,0.06706512056287062,0.004563983740712764,0.01996009058988183,-0.07163183948720518,-0.016722560607130416,-0.04812933404684897,53.16680062723095,-20.16095811179964,9.952147011977033,1.3524429148689139,-0.08242568253517138,-0.0004550155974955804
7.719999999999923,measure,0.4,0.0349999999999962,0.45,0.32320131871137986,-0.05134585452402375,0.4340370240815972,-0.07679868128862016,-0.08634585452401995,-0.01596297591840279,0.11665530695740241,9.87769998740912,-0.6742293912406084,0.05966584151463901,-2.493787413995409,0.3842244222387367,-1.9594479754338459,0.15057848033324636,0.06731603251880561,0.004841830829736772,0.020210878334685267,-0.07113314204383636,-0.0165734553049968,-0.04786569656214162,53.36575372292665,-20.162198587519264,9.952585297266536,1.3538395878719898,-0.08242729342907217,-0.00045484170249853254
7.739999999999923,measure,0.4,0.0359999999999962,0.45,0.323178527873789,-0.05091237395428733,0.4339997711238051,-0.07682147212621104,-0.08691237395428353,-0.0160002288761949,0.11709528876132491,9.896846454123374,-0.6728780549271037,0.059767985028438574,-2.4933785068029284,0.3828117068276497,-1.959776476641969,0.14962642867397807,0.06756681567523727,0.005107175689978085,0.020445359624032558,-0.07063577055435069,-0.01642506040615724,-0.04760258296341479,53.56460908485909,-20.16464465225656,9.952389912337171,1.3550968509361203,-0.08243456927139248,-0.0004546713165150414
7.7599999999999225,measure,0.4,0.03699999999999615,0.45,0.32315819982165206,-0.050479492076685395,0.4339625468894484,-0.07684180017834796,-0.08747949207668154,-0.016037453110551603,0.11753520192230278,9.915959531481912,-0.6715217049881089,0.05987568284052572,-2.492964569432322,0.3814088998333083,-1.96010202582909,0.14867967375724145,0.06781749694973895,0.005384890604357135,0.020696868530314345,-0.07014034971706985,-0.016277459356045795,-0.047337745836830925,53.763380199741036,-20.166110646303466,9.95285481107314,1.356477592930746,-0.08243595146552511,-0.00045449854244971125
7.779999999999922,measure,0.4,0.03799999999999615,0.45,0.3231404321040767,-0.050047269321498444,0.4339253507570371,-0.0768595678959233,-0.08804726932149459,-0.016074649242962924,0.11797503617462525,9.935043992013862,-0.6701603437827589,0.05998868507936455,-2.4925459268819705,0.38001596807875054,-1.9604246387452016,0.14773820154670916,0.06806806026750202,0.005650111941941415,0.020932127517578246,-0.06964658772788719,-0.01613064580557485,-0.04707361052661355,53.96206083866432,-20.16878015240311,9.952685631515081,1.357717604521461,-0.08244304302150723,-0.0004543306392897676
7.799999999999922,measure,0.4,0.03899999999999609,0.45,0.3231251290146342,-0.04961561196356404,0.4338881839914744,-0.07687487098536583,-0.08861561196356013,-0.016111816008525626,0.1184147925209747,9.954095949391167,-0.6687939738267196,0.060107238335170184,-2.4921222398388276,0.37863287921972466,-1.9607443301853782,0.1468020483898014,0.06831849780196822,0.0059276627902815696,0.021184352157152923,-0.06915444295129301,-0.015984572008827597,-0.0468076578453873,54.16063961901237,-20.170471728630393,9.953177299254133,1.3590827204191442,-0.08244419702949511,-0.00045415896443243937
7.819999999999921,measure,0.4,0.039999999999996094,0.45,0.32311238870139675,-0.0491845803602276,0.43385104629818527,-0.07688761129860328,-0.0891845803602237,-0.01614895370181474,0.11885446079511555,9.973120142920592,-0.6674225972621043,0.060231092936213364,-2.4916938321662165,0.3772595934702458,-1.9610611174150556,0.14587119670017024,0.0685688282307616,0.0061927300521590675,0.021420383630558183,-0.068664287473943,-0.015839361483875776,-0.046542584481558624,54.35913518662927,-20.17336460806514,9.953034512046962,1.360305803159371,-0.08245110436777997,-0.00045399354704004843
7.839999999999921,measure,0.4,0.040999999999996095,0.45,0.32310211451563076,-0.04875408079361042,0.4338139386264081,-0.07689788548436927,-0.08975408079360651,-0.01618606137359191,0.11929404173663537,9.992112705948102,-0.666046217082714,0.06036049464187307,-2.491260365811834,0.375896085140616,-1.9613750141438744,0.14494568474432762,0.06881900896951366,0.006470085282985334,0.021673317719112087,-0.0681754164814895,-0.015694836440936298,-0.04627559779213062,54.55751128089697,-20.17528180519408,9.953553110283943,1.3616555966135553,-0.08245203073703905,-0.00045382294934853294
7.85999999999992,measure,0.4,0.04199999999999604,0.45,0.323094405199544,-0.048324173530569337,0.4337768610081036,-0.076905594800456,-0.09032417353056538,-0.016223138991896424,0.11973352527317487,10.011078345799397,-0.6646648352135647,0.0604951940068386,-2.49082216349966,0.37454230788541903,-1.9616860391262692,0.14402549139552298,0.06906909345747055,0.006734968248276562,0.021910115608703016,-0.06768886275984812,-0.015551249119733596,-0.04600966744023213,54.75581142784666,-20.17839796630401,9.953436908415348,1.3628620719858107,-0.08245875395589779,-0.0004536600199097451
7.87999999999992,measure,0.4,0.04299999999999604,0.45,0.3230891631694323,-0.04789476487731251,0.43373981407437917,-0.07691083683056771,-0.09089476487730855,-0.01626018592562084,0.12017291188289968,10.030013214828303,-0.663278455126626,0.0606354359401495,-2.490378888458661,0.37319824265248486,-1.9619942049835664,0.14311065688005659,0.06931900434693287,0.007012096665544967,0.022163752049945497,-0.06720326164670808,-0.01540829286486338,-0.04574172577331924,54.95397448601258,-20.180540797953494,9.953982604372012,1.364196845275318,-0.08245945326545,-0.00045349047707891194
7.8999999999999195,measure,0.4,0.04399999999999599,0.45,0.32308648775642423,-0.04746591499283907,0.43370279818326746,-0.07691351224357579,-0.09146591499283506,-0.016297201816732554,0.12061219158184018,10.048921989594424,-0.6618870785298295,0.060780971249353,-2.489930862269234,0.3718638365872868,-1.962299531932808,0.1422011565413851,0.069568829839824,0.007276765460175018,0.02240130947134615,-0.06672030325990445,-0.015266347462084667,-0.045475016933574405,55.152068861238504,-20.183880125533115,9.95389318661113,1.3653870334995328,-0.08246599249096578,-0.00045333003706078895
7.919999999999919,measure,0.4,0.04499999999999599,0.45,0.3230862804493571,-0.04703753022408605,0.4336658136454256,-0.07691371955064291,-0.09203753022408204,-0.016334186354574398,0.12105136458846603,10.067800840805898,-0.6604907093732749,0.060932043974114704,-2.489477749461229,0.37053907725544594,-1.9626020315047594,0.14129703260474777,0.06981845782773109,0.007553636238085226,0.02265564040025943,-0.06623796659204288,-0.015124978597569793,-0.04520619683186711,55.350008534174194,-20.18624858026432,9.954466153026008,1.3667070874183256,-0.08246646534925375,-0.00045316152656450824
7.939999999999919,measure,0.4,0.04599999999999599,0.45,0.3230886411626877,-0.046609670605024606,0.43362886114441473,-0.07691135883731232,-0.0926096706050206,-0.016371138855585277,0.12149042100182668,10.08665441544674,-0.6590893491479111,0.06108840520108964,-2.489019870467278,0.3692239053443751,-1.9629017253527443,0.14039825689537172,0.07006801126819334,0.007818061348747013,0.02289394969753544,-0.06575859555354147,-0.014984692399248316,-0.04493878546880226,55.54788678431174,-20.189810935661995,9.954403723697306,1.36788130733598,-0.08247282073357105,-0.00045300357675749636
7.959999999999918,measure,0.4,0.046999999999995934,0.45,0.32309347046547887,-0.0461822425398003,0.43359194066826984,-0.07690652953452115,-0.09318224253979623,-0.016408059331730174,0.12192936078247586,10.10547890193699,-0.6576830022818547,0.06125029808200687,-2.488556891136825,0.3679183150151207,-1.9631986239153252,0.13950487367500408,0.07031734330281507,0.008094644045861087,0.02314896652265615,-0.06527951646272208,-0.014844928129043448,-0.04466916101838151,55.74559272316843,-20.192404977038656,9.955004138615175,1.3691869410891617,-0.08247306777627401,-0.0004528360759186185
7.979999999999918,measure,0.4,0.047999999999995935,0.45,0.32310086884955663,-0.04575530592039788,0.4335550532254541,-0.07689913115044339,-0.09375530592039381,-0.016444946774545888,0.12236817410723007,10.124278918848807,-0.6562716700492626,0.061417474008672264,-2.4880891307506223,0.36662224054881415,-1.9634927502558617,0.13861685126314188,0.07056661162960712,0.00835879633326964,0.02338801931014909,-0.06480372331532674,-0.014706317026825537,-0.04440112059311011,55.94324449195403,-20.19619019826953,9.954968907372052,1.370345510053186,-0.0824792394958568,-0.0004526806164553477
7.999999999999917,measure,0.4,0.04899999999999588,0.45,0.3231107359720603,-0.04532876722448835,0.43351819847935574,-0.07688926402793972,-0.09432876722448423,-0.016481801520644268,0.12280686068056242,10.143050671685055,-0.6548553573560826,0.061590175226791395,-2.4876162564955258,0.36533568267700844,-1.9637841137196548,0.1377342359940227,0.07081563465900079,0.008635060905956638,0.02364371275481794,-0.06432789359028462,-0.01456817318965732,-0.044130763455959315,56.14070634756999,-20.199009764927332,9.955596953933414,1.3716370211582516,-0.08247926138382025,-0.00045251410248082005
8.019999999999918,measure,0.4,0.04999999999999588,0.45,0.3231231728958703,-0.044902686185335855,0.4334813777626382,-0.07687682710412974,-0.09490268618533174,-0.016518622237361835,0.12324541075192405,10.161798751745604,-0.6534340652599567,0.06176815345914191,-2.487138586496365,0.3640585693270596,-1.9640727387539447,0.13685699269480292,0.0710646048062913,0.00889891161752567,0.023883499958026584,-0.06385566749744205,-0.014431251714497289,-0.043862164960989186,56.338121275273465,-20.203017666795123,9.955589135532746,1.3727802549285202,-0.08248524963775049,-0.00045236113288242
8.039999999999917,measure,0.4,0.05099999999999588,0.45,0.32313807837421543,-0.04447696937029037,0.43344459041216454,-0.07686192162578459,-0.09547696937028625,-0.016555409587835468,0.12368382377159846,10.180519380996786,-0.6520077991444051,0.061951650027797275,-2.4866557892943524,0.3627909077736383,-1.964358633610271,0.13598516980660053,0.07131330577758084,0.009174828432768185,0.02413986010063538,-0.06338307767106476,-0.014294742816317594,-0.043591144410119353,56.53532869760229,-20.206062672528446,9.956245001764684,1.3740579391227181,-0.08248504705489787,-0.00045219558290471133
8.059999999999917,measure,0.4,0.05199999999999588,0.45,0.3231555540343681,-0.044051676337396664,0.43340783808401584,-0.07684444596563195,-0.09605167633739255,-0.01659216191598417,0.12412209005666307,10.199217124580557,-0.6505765598509199,0.062140417012089236,-2.4861681818544317,0.36153261964355576,-1.964641824093702,0.13511872867848443,0.0715619646742626,0.009438349214597856,0.024380371996026235,-0.06291440650412643,-0.014159524171552097,-0.043322056405804554,56.73249642048318,-20.210293046761173,9.956264815842113,1.3751861517671027,-0.08249085206322793,-0.0004520451021083286
8.079999999999917,measure,0.4,0.05299999999999583,0.45,0.3231754977338192,-0.04362671375967331,0.4333711197868001,-0.07682450226618082,-0.09662671375966914,-0.016628880213199915,0.12456020880515739,10.21788822032112,-0.649140353240261,0.06233469479333082,-2.485675434088248,0.36028371872482157,-1.9649223173620496,0.13425771989123714,0.07181033053294528,0.009713889062079243,0.024637388309180573,-0.06244504593670851,-0.014024663417379735,-0.043050439362364565,56.92943905804455,-20.21356338062335,9.956948694449853,1.3764503029198436,-0.08249042571453026,-0.00045188049323162307
8.099999999999916,measure,0.4,0.05399999999999583,0.45,0.323198011657236,-0.043202141003693725,0.4333344374991602,-0.07680198834276403,-0.09720214100368955,-0.016665562500839837,0.12499817039690063,10.236537208289972,-0.6476991799382213,0.06253423583273632,-2.4851778617969895,0.3590441203976532,-1.9652001405522723,0.13340210133093938,0.07205866510198286,0.009977051970275047,0.024878614562937683,-0.06197991635841818,-0.013891159511138501,-0.04278092801488718,57.12634920783249,-20.218015996019584,9.956996365295275,1.3775638067201366,-0.0824960477166618,-0.00045173249960970326
8.119999999999916,measure,0.4,0.05499999999999583,0.45,0.3232229927746953,-0.04277786486396917,0.4332977898998642,-0.07677700722530473,-0.097777864863965,-0.016702210100135784,0.12543597377969118,10.255160341576207,-0.646253046282396,0.06273927955421355,-2.4846751362779593,0.3578138449313111,-1.9654752997289981,0.1325519257492136,0.07230668279126518,0.01025218607386162,0.0251362759515196,-0.06151377331710579,-0.013757958836287451,-0.04250877908628931,57.323016707184784,-20.221511522431218,9.957708453453154,1.3788147167503428,-0.08249539832618272,-0.0004515688089509239
8.139999999999915,measure,0.4,0.055999999999995775,0.45,0.323250543820938,-0.042353944499606694,0.43326117928918667,-0.07674945617906204,-0.09835394449960247,-0.01673882071081334,0.1258736093913311,10.273762136244317,-0.6448019526834146,0.06294957882591888,-2.4841675721648167,0.3565928015140866,-1.9657478233352639,0.13170714758506305,0.07255467994907122,0.010514963585266629,0.025378205657144215,-0.06105217086122278,-0.013626180313281692,-0.042238908207527515,57.519658910583914,-20.226186125015374,9.957784209786839,1.3799138221133045,-0.08250083757930204,-0.0004514233003432033
8.159999999999915,measure,0.4,0.056999999999995776,0.45,0.3232805608871,-0.04193028684226785,0.4332246040146151,-0.07671943911290002,-0.09893028684226363,-0.01677539598538491,0.12631107593143603,10.292338860065245,-0.6433459059552299,0.06316537209819495,-2.483654842154912,0.35538101686217416,-1.966017716343541,0.13086782179052003,0.07280233640923164,0.010789663613803593,0.025636500495239106,-0.06058923259562223,-0.013494650413862275,-0.041966289727151,57.71604091582001,-20.22990668388892,9.958524708933158,1.3811517809120413,-0.08249996588820743,-0.0004512605050633559
8.179999999999914,measure,0.4,0.05799999999999572,0.45,0.3233131472503611,-0.04150695082786475,0.43318806669705356,-0.07668685274963893,-0.09950695082786047,-0.016811933302946447,0.12674836389115943,10.310895006135667,-0.6418849062939284,0.06338641267091705,-2.483137259710709,0.35417839402731743,-1.96628500847727,0.13003389937421203,0.07304998306507617,0.011052028636104945,0.025879122210148826,-0.060131141742835376,-0.013364606686446345,-0.0416961208154,57.91240479403887,-20.23480299707778,9.958628783685066,1.3822367962854303,-0.08250522266573625,-0.000451117478800988
8.199999999999914,measure,0.4,0.05899999999999572,0.45,0.3233481981315326,-0.041083843540698675,0.43315156535141486,-0.07665180186846743,-0.1000838435406944,-0.016848434648585153,0.12718547172404807,10.329426856337033,-0.6404189609892712,0.06361293800518923,-2.48261449894317,0.35298496613618163,-1.9665497036182549,0.12920543751654723,0.07329726523285658,0.0113262667136095,0.02613803837693563,-0.05967139455679035,-0.013234757049240762,-0.04142309288323951,58.10849094630387,-20.23874840395397,9.959397899316272,1.3834620916430858,-0.08250412943040306,-0.0004509555561418039
8.219999999999914,measure,0.4,0.05999999999999572,0.45,0.3233858173422971,-0.040661023678035105,0.4331151029181593,-0.07661418265770292,-0.10066102367803083,-0.01688489708184071,0.127622389970104,10.34793888181388,-0.6389480700235051,0.06384470185708466,-2.482086872140013,0.35180063016004426,-1.9668118327448127,0.12838238381324762,0.0735445482883073,0.0115881925947715,0.02638134015787542,-0.05921679880686945,-0.013106456327889772,-0.04115268516498042,58.30456611460879,-20.24386612873422,9.959530529404622,1.384533323435832,-0.0825092040205306,-0.000450815009063812
8.239999999999913,measure,0.4,0.06099999999999567,0.45,0.3234258992418967,-0.04023839849213465,0.43307867707847303,-0.07657410075810334,-0.10123839849213032,-0.016921322921526982,0.12805911683897453,10.36642737799803,-0.6374722411615784,0.06408194068328314,-2.4815540548385675,0.3506254255975093,-1.9670713986500061,0.12756479769946547,0.0737914430963312,0.011861941309924472,0.02664086507227396,-0.0587602281267462,-0.012978295259668513,-0.04087930568910852,58.500346051640015,-20.248036174926987,9.96032847087026,1.3857462409732553,-0.08250789001071862,-0.0004506539363787485
8.259999999999913,measure,0.4,0.06199999999999567,0.45,0.3234685481682894,-0.039816026426448034,0.43304229109123243,-0.07653145183171062,-0.1018160264264437,-0.016957708908767577,0.12849564291513632,10.384896795072823,-0.635991474172684,0.06432440872022452,-2.4810163581483753,0.34945924339616635,-1.9673284335416605,0.12675262337622942,0.07403834944472089,0.012123401847068636,0.026884834509609733,-0.05830911006714864,-0.012851744582719272,-0.04060871616180184,58.6961221189316,-20.25337499003896,9.960489896982457,1.3868039934803806,-0.0825127827149057,-0.0004505158648612827
8.279999999999912,measure,0.4,0.06299999999999562,0.45,0.3235136576280386,-0.03939381491634493,0.43300594230288725,-0.07648634237196145,-0.10239381491634054,-0.016994057697112763,0.12893196616656208,10.403343441472275,-0.6345057772962651,0.064572341405468,-2.4804734590450974,0.3483021293860405,-1.967582939126436,0.12594592255821688,0.07428484382094072,0.012396634262174263,0.027144955163884994,-0.05785570050629268,-0.01272527923876379,-0.04033504090062711,58.891585474619866,-20.25776944279322,9.961316877283744,1.3880048165851429,-0.08251124871192009,-0.000450355619642644
8.299999999999912,measure,0.4,0.06399999999999562,0.45,0.32356133247687163,-0.03897182213658487,0.43296963428952034,-0.07643866752312839,-0.10297182213658049,-0.017030365710479667,0.12936807721795826,10.421771747385494,-0.6330151500893277,0.06482549347966496,-2.479925667456801,0.3471539685484963,-1.9678349488164677,0.12514463607070445,0.07453136034686693,0.012657603709848074,0.02738957941481319,-0.05740804187721001,-0.012600484501586622,-0.04006432437562124,59.08705204303373,-20.263329004926327,9.961507343659134,1.3890493919165163,-0.08251595984351848,-0.00045022001960751644
8.319999999999911,measure,0.4,0.06499999999999562,0.45,0.3236114653776918,-0.03854995572062357,0.4329333640619787,-0.07638853462230821,-0.10354995572061919,-0.017066635938021324,0.12980397379790318,10.440178033711883,-0.631519601265047,0.06508409934704701,-2.479372661808661,0.3460148130025549,-1.96808446323474,0.12434882793109694,0.07477744121403344,0.012930293369102381,0.0276502824070209,-0.05695777729706921,-0.012475720913613776,-0.03979040698037484,59.28218844700525,-20.26794760758737,9.962363579248063,1.3902384016827063,-0.0825142066383987,-0.00045006057951874935
8.339999999999911,measure,0.4,0.06599999999999556,0.45,0.32366416169522344,-0.038128273559952616,0.4328971355122774,-0.07633583830477658,-0.10412827355994818,-0.017102864487722635,0.1302396465672178,10.458566711590317,-0.6300191301691894,0.06534791427598581,-2.478814750844108,0.34488454182149464,-1.9683315169726805,0.1235584356085611,0.07502355479288272,0.013190746446939927,0.027895548227648767,-0.056513559053010996,-0.012352686897022062,-0.03951961612679234,59.47733511153342,-20.273727551582787,9.962583333462204,1.3912700996960645,-0.0825187365212632,-0.0004499274464586185
8.35999999999991,measure,0.4,0.06699999999999556,0.45,0.323719313257854,-0.03770668350091684,0.43286094531493224,-0.076280686742146,-0.1047066835009124,-0.017139054685067767,0.13067509301742009,10.476934113858588,-0.6285137459878285,0.06561717162366834,-2.478251614448249,0.34376321336907906,-1.968576109572692,0.12277352544487184,0.07526920906804371,0.013462867384126404,0.02815681979296508,-0.05606642262078034,-0.012229630000567445,-0.03924550818446311,59.67213418875115,-20.278570023774375,9.963469044041943,1.392447574867968,-0.08251676491310449,-0.00044976878935269185
8.37999999999991,measure,0.4,0.06799999999999551,0.45,0.3237770259302754,-0.03728524313746949,0.43282479767655363,-0.07622297406972461,-0.105285243137465,-0.01717520232344638,0.1311103038414615,10.495284633527573,-0.6270034478565176,0.06589162720934688,-2.477683560176864,0.34265070086930244,-1.9688182767806661,0.12199403157340978,0.07551490656554538,0.013722779283926916,0.02840271356925311,-0.05562562498882971,-0.012108360398714886,-0.03897469357310287,59.8669505368851,-20.284569962836272,9.963718336792475,1.3934666931055364,-0.08252111388025606,-0.00044963811834931
8.39999999999991,measure,0.4,0.06899999999999551,0.45,0.3238371907156236,-0.03686386054347149,0.4327886889347381,-0.07616280928437641,-0.105863860543467,-0.017211311065261914,0.1315452762961868,10.513614614858195,-0.6254882454333264,0.0661715133299369,-2.4771102693846605,0.34154706888466607,-1.9690580170618621,0.12122002268041267,0.07576012115956399,0.013994306029500745,0.028664539610174834,-0.05518159923181925,-0.011987014059803422,-0.03870044464985597,60.0614019072696,-20.28963600064841,9.964633745120771,1.3946329100252046,-0.08251892467448155,-0.00044948022229545975
8.41999999999991,measure,0.4,0.06999999999999551,0.45,0.3238999139692852,-0.036442593001379545,0.43275262360928995,-0.07610008603071483,-0.10644259300137505,-0.017247376390710056,0.1319800011028239,10.531928433631824,-0.623968137644699,0.06645658637837211,-2.476532048436904,0.3404521848493333,-1.9692953672920095,0.1204514295844745,0.0760053894313663,0.014253652421760873,0.028911047387833004,-0.05474420176663698,-0.011867511507365577,-0.03842965479690845,60.255877518663056,-20.295855526562267,9.964912830016317,1.395639743654211,-0.0825230930667898,-0.0004493520080201606
8.439999999999909,measure,0.4,0.07099999999999546,0.45,0.3239650858785239,-0.03602134882702018,0.43271659770043525,-0.07603491412147612,-0.10702134882701564,-0.017283402299564765,0.13241447528598455,10.550222445027247,-0.6224431346197298,0.06674707757855945,-2.4759485801668375,0.3393661194768655,-1.9695303248629823,0.1196883233348567,0.07625015124846352,0.01452456000936723,0.02917341350332185,-0.054303268623390716,-0.011747878548644484,-0.03815531248088978,60.44997079672987,-20.301144802749782,9.96585816171021,1.3967949762124663,-0.08252068707352346,-0.0004491948513307936
8.459999999999908,measure,0.4,0.07199999999999546,0.45,0.3240328132799161,-0.035600184977713584,0.4326806160397127,-0.0759671867200839,-0.10760018497770904,-0.017319383960287316,0.13284868959144894,10.568501008474549,-0.6209132350769351,0.06704274391954397,-2.4753601697465055,0.3382887344716831,-1.9697629277559328,0.11893063145700489,0.07649497713973567,0.014783317049225586,0.02942052101659976,-0.05386925025911924,-0.011630144647524114,-0.03788459389259047,60.6440952428797,-20.30758348610896,9.966167295060364,1.3977898179687749,-0.08252467523847727,-0.000449069088077294
8.479999999999908,measure,0.4,0.0729999999999954,0.45,0.32410298555434336,-0.03517901002552298,0.4326446742896621,-0.07589701444565666,-0.10817901002551839,-0.017355325710337932,0.13328264081408855,10.5867604895749,-0.6193784496153941,0.067343815539976,-2.474766501495904,0.33722010664913343,-1.9699931722934083,0.11817842738025722,0.07673927307704932,0.01505358102160116,0.029683412530074293,-0.0534313911274832,-0.011512226873775294,-0.03761020383738356,60.83782003739322,-20.31309565029824,9.967142778402692,1.3989343375595436,-0.08252205327089282,-0.0004489126493194603
8.499999999999908,measure,0.4,0.0739999999999954,0.45,0.32417571000984524,-0.03475788058931399,0.4326087775920368,-0.07582428999015478,-0.1087578805893094,-0.017391222407963203,0.13371631972064146,10.605005232263261,-0.6178387767469521,0.06765005004706057,-2.4741678793913153,0.33616009204460284,-1.9702210975377892,0.11743163535918161,0.07698364342210362,0.015311725354228659,0.029931105229451308,-0.05300073022652997,-0.011396262219043937,-0.03733960105378023,61.03158288133745,-20.31975304073661,9.967482219011078,1.3999174776949626,-0.08252586156133342,-0.0004487893310056554
8.519999999999907,measure,0.4,0.0749999999999954,0.45,0.32425087523051666,-0.03433670551147701,0.4325729212715096,-0.07574912476948337,-0.10933670551147241,-0.01742707872849042,0.13414972287878274,10.62323161207873,-0.6162942275395666,0.06796167648243219,-2.473563989247,0.3351087735244284,-1.9704466987466327,0.11669033121876109,0.0772274603692735,0.015581321768580994,0.030194507215784934,-0.052565926008720225,-0.011280060442173875,-0.03706520702102629,61.22492879497996,-20.325487719640808,9.968488084760072,1.4010515531727976,-0.08252302443413038,-0.0004486335890175764
8.539999999999907,measure,0.4,0.07599999999999535,0.45,0.3243285889859264,-0.033915541059433965,0.4325371107784722,-0.0756714110140736,-0.10991554105942931,-0.017462889221527833,0.13458284107274338,10.641443958296831,-0.6147448002997425,0.06827845309311317,-2.472955133841107,0.33406600151627486,-1.9706700160395847,0.11595443596556874,0.07747136199120555,0.01583883053404895,0.030442770294648612,-0.0521386004076774,-0.011165864647598635,-0.0367947626596171,61.41831959101221,-20.332363346072626,9.968858093718886,1.4020232794052632,-0.0825266532070853,-0.0004485127092004413
8.559999999999906,measure,0.4,0.07699999999999535,0.45,0.32440873907307843,-0.033494296359809564,0.4325013410996813,-0.07559126092692159,-0.11049429635980491,-0.01749865890031871,0.13501567064559594,10.659638655918856,-0.6131905065631432,0.06860060781244968,-2.4723410004889868,0.3330318648852262,-1.9708910436138067,0.1152240278343296,0.07771468682996506,0.01610773596682584,0.03070666760601463,-0.05170683155243419,-0.011051378711107108,-0.03652040656195742,61.61127622006567,-20.338320143715734,9.96989457491891,1.4031471770459374,-0.08252360173495783,-0.000448357643119211
8.579999999999906,measure,0.4,0.0779999999999953,0.45,0.3244914337129385,-0.03307302731592436,0.43246561799253597,-0.07550856628706154,-0.11107302731591966,-0.017534382007464044,0.1354482023957287,10.677820020376906,-0.6116313444323369,0.06892789954853798,-2.4717218907684617,0.3320062085131228,-1.971109822622489,0.11449902460709564,0.07795810654031787,0.0163645868044146,0.030955486026259315,-0.051282818605168146,-0.010938950434114619,-0.03625016136169765,61.80428451346254,-20.345413514580745,9.970295415406998,1.4041077745128567,-0.08252705135047014,-0.0004482391950093455
8.599999999999905,measure,0.4,0.0789999999999953,0.45,0.32457655992521084,-0.032651643352361315,0.43242993610595865,-0.07542344007478918,-0.11165164335235661,-0.017570063894041366,0.13588043244425538,10.69598444566869,-0.6100673259094547,0.06926055511564957,-2.4710974935021204,0.33098912721017815,-1.9713263462072288,0.11377950694099392,0.07820092614411124,0.016632778355579664,0.031219863317062283,-0.05085406514723262,-0.01082617923699204,-0.03597588330508599,61.99684144750312,-20.35159201252888,9.97136274720324,1.4052217579768906,-0.08252378634658128,-0.0004480847842744627
8.619999999999905,measure,0.4,0.0799999999999953,0.45,0.3246642263719413,-0.03223019999601734,0.4323943015026699,-0.07533577362805871,-0.11223019999601264,-0.017605698497330124,0.13631235160051342,10.714136234178325,-0.6084984488946037,0.06959833410380122,-2.470468109065446,0.32998046037487266,-1.9715406565312894,0.11306538941761005,0.07844385074254663,0.01688894940758235,0.03146922183371518,-0.050433341765275023,-0.0107155162030283,-0.03570587616919401,62.18945677426544,-20.358902616044155,9.971794684285804,1.4061715091913327,-0.08252705716658124,-0.0004479687607409277
8.639999999999905,measure,0.4,0.08099999999999524,0.45,0.32475431930541715,-0.03180860698297204,0.43235870849396985,-0.07524568069458287,-0.11280860698296728,-0.017641291506030166,0.1367439557663498,10.732271788443658,-0.6069247258550807,0.06994146219788741,-2.4698334277937577,0.32898030870763023,-1.971752745685753,0.11235675512771248,0.07868615197614941,0.017156404704309916,0.03173406358441228,-0.05000758336212268,-0.010604457723184886,-0.035431714494878266,62.38160359586762,-20.36530237364453,9.972893103739843,1.4072758394902034,-0.08252357944114565,-0.00044781498511709374
8.659999999999904,measure,0.4,0.08199999999999524,0.45,0.3248469478182716,-0.03138691945171512,0.4323231634461627,-0.07515305218172841,-0.11338691945171037,-0.01767683655383734,0.1371752357589712,10.750395398577842,-0.6053461544900779,0.07028969969027406,-2.4691937488583724,0.32798850618658143,-1.9719626568207462,0.11165351547703647,0.07892856825014159,0.017411874619332492,0.03198394676926899,-0.04959012605244142,-0.010495556749660953,-0.03516198253380029,62.5738154824718,-20.372829678060988,9.973356404171813,1.4082150242998503,-0.082526671828367,-0.00044770137869916795
8.679999999999904,measure,0.4,0.08299999999999519,0.45,0.32494199740534346,-0.030965047463173856,0.43228766033326355,-0.07505800259465656,-0.11396504746316904,-0.017712339666736465,0.13760618726369717,10.768503475211148,-0.6037627477306918,0.0706432711266581,-2.4685487641121875,0.3270051593462104,-1.9721703809820843,0.11095575599984256,0.07917033796930047,0.01767857181920171,0.03224923730925002,-0.04916734201855274,-0.01038620806690725,-0.034887973859695484,62.76554176692242,-20.37945023268808,9.974486150079631,1.409309959764606,-0.08252298218724116,-0.0004475482182838054
8.699999999999903,measure,0.4,0.08399999999999519,0.45,0.3250395775791993,-0.030543045755789366,0.4322522058233742,-0.0749604224208007,-0.11454304575578456,-0.01774779417662581,0.13803680110264982,10.786600296944059,-0.6021745030768151,0.07100193752175671,-2.4678987715207183,0.32603009680783424,-1.9723759622838166,0.11026338495117644,0.07941223269383664,0.017933319754930913,0.03249962957344929,-0.048753126918806455,-0.010279065086613935,-0.03461855243330608,62.9573397300818,-20.387193686552138,9.974981082110256,1.410238855313279,-0.08252589650415151,-0.00044743702119992004
8.719999999999903,measure,0.4,0.08499999999999519,0.45,0.32513957308727826,-0.030120824728499224,0.4322167935536878,-0.07486042691272177,-0.11512082472849441,-0.017783206446312205,0.13846707274740752,10.804682282060488,-0.6005814339219169,0.07136592227272873,-2.4672434644586594,0.32506343088268486,-1.972579390731919,0.10957649031728045,0.07965345774491292,0.01819923754860085,0.032765353102941805,-0.04833329625746858,-0.010171422405116464,-0.03434473169479945,63.14863504510095,-20.39403455386047,9.976142394824636,1.4113246515659599,-0.08252199574743041,-0.0004472844564353982
8.739999999999903,measure,0.4,0.08599999999999514,0.45,0.3252420938512746,-0.029698438708397917,0.43218143049226604,-0.0747579061487254,-0.11569843870839305,-0.017818569507733972,0.13889699302217945,10.822753698388233,-0.5989835375682727,0.07173498713621092,-2.466583139684285,0.3241049848993042,-1.9727807113817035,0.10889497722819425,0.07989481768220731,0.01845324317410959,0.033016238718710476,-0.04792229916903186,-0.010066032489227505,-0.03407565445431048,63.34000859153568,-20.401993586280994,9.9766692280063,1.412243532257505,-0.08252473235523479,-0.0004471756605978995
8.759999999999902,measure,0.4,0.08699999999999514,0.45,0.3253470238813523,-0.02927579844540587,0.43214610994006664,-0.07465297611864774,-0.11627579844540101,-0.017853890059933375,0.13932655718763418,10.84081097143477,-0.5973808278702362,0.0721093543519602,-2.4659174920976907,0.32315487688726713,-1.9729799132048962,0.1082189361292975,0.08013548490182962,0.01871836078746389,0.033282379329721674,-0.04750540060185595,-0.009960091159636532,-0.03380205494483678,63.530862497003525,-20.40905426046391,9.977862349260306,1.4133204421848917,-0.08252062127593425,-0.00044702367227909736
8.779999999999902,measure,0.4,0.08799999999999508,0.45,0.3254544734973879,-0.02885295784431946,0.43211083916322923,-0.07454552650261215,-0.11685295784431454,-0.01788916083677078,0.13975575606736437,10.858858358978367,-0.5957733019342153,0.07248878643766102,-2.465246817248668,0.3222129249468594,-1.9731770421757007,0.10754826905182181,0.08037629680104144,0.018971604285041015,0.03353374245115064,-0.04709759702038724,-0.009856448540226393,-0.03353335387378436,63.72180112321557,-20.41722828138201,9.978421354260133,1.414229579649823,-0.08252318053353724,-0.00044691726929462026
8.799999999999901,measure,0.4,0.08899999999999508,0.45,0.32556432598246565,-0.028429828018823627,0.4320756111271828,-0.07443567401753437,-0.11742982801881871,-0.01792438887281722,0.14018458471400466,10.876892293326746,-0.5941609740739,0.07287350446727872,-2.464570811565718,0.32127925276656777,-1.973372086237327,0.10688306890613113,0.08061639301576617,0.019235901480885362,0.03380028414749576,-0.04668360901458148,-0.009752203081319542,-0.03326000728453462,63.91220317090453,-20.424508235436225,9.979646526992067,1.415297853378855,-0.08251885991630509,-0.00044676583858672047
8.8199999999999,measure,0.4,0.08999999999999508,0.45,0.3256766920435695,-0.02800646244081273,0.4320404333942168,-0.0743233079564305,-0.11800646244080781,-0.017959566605783184,0.14061303394795147,10.894917022915768,-0.5925438412016454,0.07326327173822593,-2.463889769389112,0.3203536732833977,-1.9735650922607952,0.10622323465134041,0.08085664361272878,0.019488363547360613,0.034052108830297405,-0.0462789741585024,-0.009650301173414534,-0.03299171273953538,64.10269636295884,-20.432896635900015,9.980237975404915,1.416197516442803,-0.08252124217934795,-0.0004466618197657016
8.8399999999999,measure,0.4,0.09099999999999503,0.45,0.32579145424696604,-0.027582772600324573,0.43200529859505643,-0.07420854575303398,-0.1185827726003196,-0.01799470140494358,0.1410410986167235,10.912928986438354,-0.5909219180888714,0.07365830815075845,-2.4632033886781763,0.31943631578435555,-1.9737560471666626,0.10556886166737904,0.08109615563870111,0.019751820626626393,0.03431903554678597,-0.04586787495210625,-0.009547745293365394,-0.03271864919806874,64.2926360962681,-20.440395321896325,9.981495443590672,1.4172574013190085,-0.08251671279919282,-0.0004465109281946967
8.8599999999999,measure,0.4,0.09199999999999503,0.45,0.32590872367555357,-0.027158811526096616,0.4319702145861702,-0.07409127632444645,-0.11915881152609165,-0.018029785413829824,0.14146876953506332,10.930932423677552,-0.5892952014557583,0.07405837780024457,-2.462511962562828,0.31852698810857377,-1.9739449987009976,0.10491984586841199,0.08133583165565351,0.020003482474306142,0.0345713057674205,-0.045466383789089085,-0.009447576716751633,-0.03245078994835208,64.4826733295772,-20.44899747433996,9.982119607757607,1.4181478559736822,-0.08251891841912391,-0.0004464092845655357
8.8799999999999,measure,0.4,0.09299999999999498,0.45,0.326028382189103,-0.026734491096915294,0.431935173664521,-0.073971617810897,-0.11973449109691027,-0.01806482633547901,0.14189604134833542,10.948923779304813,-0.5876637065297928,0.07446369940577963,-2.461815190535066,0.3176258250802904,-1.974131932767678,0.10427628510726161,0.08157474629827254,0.02026608027675283,0.0348386013880861,-0.04505815141416689,-0.009346703334021902,-0.032178038057518725,64.67214028326963,-20.456714323698872,9.983409616239552,1.4191995965406954,-0.08251418104017749,-0.0004462589140441743
8.899999999999899,measure,0.4,0.09399999999999498,0.45,0.3261505412351281,-0.026309863888455673,0.43190018397874413,-0.07384945876487192,-0.12030986388845065,-0.018099816021255877,0.14232290486329088,10.966907285123998,-0.5860274298409209,0.07487403787845627,-2.461113364513831,0.3167326295065791,-1.9743168979663681,0.10363807228077425,0.0818138344435922,0.020516923633832503,0.035091301061770594,-0.04465977868556544,-0.009248259934501908,-0.03191064132436819,64.86171102237977,-20.465529582222803,9.984066769066928,1.4200811059166432,-0.08251621036333742,-0.00044615963634906785
8.919999999999899,measure,0.4,0.09499999999999498,0.45,0.3262750819772821,-0.025884842180453393,0.4318652374930971,-0.07372491802271791,-0.12088484218044837,-0.018134762506902935,0.14274935452614193,10.984879391385693,-0.5843863870709775,0.07528961074922286,-2.460406185525085,0.31584754168678875,-1.9744998791903365,0.10300530771677954,0.08205213849717592,0.02077864353832952,0.03535894943729949,-0.04425439098951641,-0.009149061198419163,-0.0316382281997352,65.05069472231877,-20.473464005994096,9.985389563390939,1.4211249438983666,-0.08251126573768504,-0.00044600976917485644
8.939999999999898,measure,0.4,0.09599999999999492,0.45,0.32640211621629817,-0.025459478085966464,0.4318303426463276,-0.07359788378370186,-0.12145947808596139,-0.01816965735367243,0.14317538113343117,11.002844322573466,-0.5827405745616752,0.07571018376220176,-2.4596939442763777,0.3149703594621294,-1.974680925871713,0.10237788132288055,0.08229062546511372,0.021028650648945334,0.03561206243535836,-0.04385911123296732,-0.00905233406882474,-0.031371319694949655,65.23978842069722,-20.482491706649608,9.986079978174383,1.4219977682398888,-0.08251311910441475,-0.0004459128478829077
8.959999999999898,measure,0.4,0.09699999999999492,0.45,0.32653152443014033,-0.02503368429768474,0.4317954910711554,-0.07346847556985969,-0.12203368429767966,-0.01820450892884462,0.14360097893526075,11.020798534123145,-0.5810900084474239,0.07613597325366783,-2.4589763433283838,0.3141012285441683,-1.9748600218993075,0.10175589590285111,0.08252830571256556,0.021289474573303938,0.035880047399701125,-0.04345654589805802,-0.00895480137972259,-0.03109927100147164,65.42827838358387,-20.49064309579777,9.987435804426717,1.423033942523916,-0.08250796797088726,-0.0004457634667378446
8.979999999999897,measure,0.4,0.09799999999999487,0.45,0.32666341876128036,-0.0246075124568451,0.43176069149435164,-0.07333658123871967,-0.12260751245683997,-0.018239308505648366,0.14402613871586545,11.03874624384388,-0.5794346848837643,0.07656674581761011,-2.4582536721770625,0.3132399418748005,-1.9750372175169169,0.10113923840355095,0.08276617818298208,0.021538628197113708,0.036133557566053805,-0.043064333468390524,-0.008859780880469851,-0.030832874965008365,65.61688448340614,-20.499882556874283,9.988159754677877,1.4238983391657523,-0.08250964571466676,-0.0004456688920542176
8.999999999999897,measure,0.4,0.09899999999999487,0.45,0.32679767901246776,-0.024180875680900382,0.4317259352183755,-0.07320232098753227,-0.12318087568089525,-0.01827406478162452,0.14445085453231796,11.056683911969214,-0.5777746204558554,0.07700271658955979,-2.4575256349180177,0.31238665051420794,-1.97521249561511,0.10052801410448305,0.08300322139544734,0.021798538597484002,0.03640186295223556,-0.042664568029626086,-0.008763904909656959,-0.030561214953395414,65.8048702165127,-20.50825028256623,9.989548859325797,1.4249270857887495,-0.08250428879778532,-0.0004455199800141446
9.019999999999897,measure,0.4,0.09999999999999487,0.45,0.32693441765635656,-0.023753825130412437,0.43169123125589265,-0.07306558234364346,-0.12375382513040731,-0.018308768744107362,0.14487511715456308,11.074615750264048,-0.5761098111351844,0.07744365302973746,-2.456792519835636,0.31154114257184834,-1.9753859072288908,0.09992210702067872,0.08324046603354579,0.022046822008883683,0.0366557541190868,-0.04227539711798031,-0.00867058068904534,-0.030295354190216367,65.99297814844743,-20.517700804879887,9.990306618601247,1.4257833091345335,-0.08250579124439074,-0.000445427741879383
9.039999999999896,measure,0.4,0.10099999999999482,0.45,0.3270735138309964,-0.023326274359208615,0.43165657058048656,-0.0729264861690036,-0.12432627435920343,-0.018343429419513446,0.1452989204497627,11.092538223379796,-0.5744402739557829,0.07788976906731179,-2.4560540325601514,0.31070357439226226,-1.9755574342568578,0.09932162490603225,0.0834768589700756,0.02230580187871672,0.036924363774225054,-0.04187840897930523,-0.008576351398343581,-0.03002410573232364,66.18044914935007,-20.52628421877902,9.991729248337597,1.4268048612693032,-0.08250022925322649,-0.0004452792824209545
9.059999999999896,measure,0.4,0.10199999999999482,0.45,0.32721508032760327,-0.02289827403867266,0.43162196248855594,-0.07278491967239675,-0.12489827403866748,-0.018378037511444067,0.14572225517170453,11.110455537654133,-0.5727660047072604,0.07834083304462396,-2.4553104601646107,0.30987372931964563,-1.9757271285051095,0.09872644887305383,0.08371346242612732,0.022553198865608155,0.03717861977704135,-0.041492253630832136,-0.008484712412577805,-0.029758801648920915,66.36804833234146,-20.535945085964084,9.992521090073033,1.4276531627718103,-0.08250155671993084,-0.00044518937052174775
9.079999999999895,measure,0.4,0.10299999999999482,0.45,0.3273589956300784,-0.022469738170420167,0.431587397626298,-0.0726410043699216,-0.12546973817041499,-0.018412602373702014,0.14614511500079472,11.128364161781086,-0.5710870208705938,0.07879705767930902,-2.4545615098130775,0.30905176891804764,-1.975894970886581,0.09813668914760883,0.08394919183332722,0.022811231734253062,0.03744751757665817,-0.0410980200799002,-0.008392119073570284,-0.029487986272250303,66.55499408864725,-20.54474352052354,9.993977491662156,1.4286677507157033,-0.08249579034701673,-0.0004450413475153565
9.099999999999895,measure,0.4,0.10399999999999476,0.45,0.32750537283652364,-0.022040716928502693,0.43155288557164867,-0.07249462716347638,-0.12604071692849744,-0.01844711442835134,0.14656749067291067,11.14626829727635,-0.5694033180557458,0.07925821221123903,-2.4538074673677097,0.3082374718338514,-1.9760610139587076,0.09755222396937159,0.08418514074240133,0.023057726596500648,0.03770212226838398,-0.04071485420981115,-0.008302153606329955,-0.029223258911862164,66.7420739296941,-20.554613999324623,9.994803689008075,1.4295083788586913,-0.08249694314181459,-0.0004449537512887618
9.119999999999894,measure,0.4,0.10499999999999476,0.45,0.3276540897872743,-0.021611124773540005,0.43151841664501017,-0.07234591021272574,-0.12661112477353476,-0.01848158335498984,0.14698937568489362,11.164164416506384,-0.5677149141886643,0.07972450814178657,-2.453048041525111,0.30743100478522567,-1.976225237655097,0.09697316603270409,0.08442019335407898,0.0233147965273766,0.03797129212994751,-0.04032335243128846,-0.008211184819468425,-0.028952896833375315,66.9284839187639,-20.563626768088284,9.99629410913543,1.4305162300234238,-0.08249097306218797,-0.0004448061490074742
9.139999999999894,measure,0.4,0.10599999999999471,0.45,0.32780525987559733,-0.021181011374445946,0.4314840007036285,-0.07219474012440269,-0.12718101137444066,-0.018515999296371488,0.1474107607530701,11.182056716757364,-0.5660218047019492,0.0801957156232831,-2.452283516937221,0.3066321417884328,-1.9763876952651231,0.09639939073448828,0.08465547433575674,0.023560374074827133,0.03822622939449502,-0.0399431498396429,-0.008122880501302313,-0.028688764910790504,67.11503381269327,-20.573706108655166,9.997154934797045,1.4313494303049246,-0.08249195148298025,-0.0004447208576495998
9.159999999999894,measure,0.4,0.10699999999999471,0.45,0.32795876030887094,-0.020750291661861542,0.43144962774380285,-0.07204123969112908,-0.12775029166185625,-0.018550372256197156,0.14783163919394096,11.199941673704318,-0.5643240079644979,0.08067204493654738,-2.451513603831415,0.30584105464988864,-1.9765483657494145,0.09583101323308582,0.08488983687256321,0.023816465663213514,0.038495655290304256,-0.039554356927208476,-0.008033524214563869,-0.0284188750701225,67.3008975013587,-20.58293250655873,9.998679619923324,1.4323507692081878,-0.08248577835311625,-0.00044457366076649553
9.179999999999893,measure,0.4,0.10799999999999471,0.45,0.32811470476377286,-0.020319014792104656,0.43141530789983284,-0.07188529523622716,-0.12831901479209937,-0.018584692100167166,0.1482520017027513,11.217823480983053,-0.5626215192338848,0.08115326716081533,-2.4507385856503063,0.3050575128236425,-1.976707303110254,0.09526790611297876,0.08512443653065153,0.024061111213397667,0.038750909055427725,-0.03917709131230765,-0.007946868041974873,-0.028155356005352586,67.48690683059444,-20.59321994274118,9.99957534600408,1.4331767841254663,-0.0824865826870028,-0.00044449066322952693
9.199999999999893,measure,0.4,0.10899999999999466,0.45,0.32827296982535326,-0.019887096176656835,0.4313810308457025,-0.07172703017464677,-0.1288870961766515,-0.018618969154297504,0.14867184141892098,11.235698617218546,-0.5609143573198907,0.08163959135249252,-2.449958174149811,0.30428169313805414,-1.9768644853416413,0.09471018699104045,0.08535809569970848,0.024316209583859542,0.03902057502476415,-0.03879098427941954,-0.00785911156936401,-0.027885956096915642,67.67221367486881,-20.602659246415588,10.001134542219116,1.4341718323831398,-0.08248020714387683,-0.0004443438568225754
9.219999999999892,measure,0.4,0.10999999999999466,0.45,0.32843366944192104,-0.019454584452127152,0.4313468069904798,-0.07156633055807898,-0.12945458445212182,-0.01865319300952023,0.149091149015192,11.253571272966056,-0.5592025173074519,0.08213078953167886,-2.449172651564328,0.30351336055305417,-1.9770199671401136,0.09415772567006811,0.08559200062194312,0.024559908959317388,0.039276129274148974,-0.038416629249998044,-0.007774089923617498,-0.02762306604861665,67.85767180919363,-20.61315399605891,10.002065440066934,1.4349909014189521,-0.08248083766644618,-0.00044426314182913294
9.239999999999892,measure,0.4,0.1109999999999946,0.45,0.3285966795868437,-0.019021395521456833,0.43131262568771706,-0.07140332041315633,-0.13002139552145142,-0.018687374312282956,0.14950991745719394,11.271437929443998,-0.5574860184451225,0.08262706952693533,-2.448381731175631,0.30275269685226547,-1.977173725539383,0.0936106422190051,0.08582494311646821,0.024813999762822867,0.03954601943485656,-0.03803318503943561,-0.007687919963470894,-0.02735417255315024,68.04241125397503,-20.622805464135645,10.003659392950699,1.4359798777393387,-0.0824742603265861,-0.00044411671137553925
9.259999999999891,measure,0.4,0.1119999999999946,0.45,0.3287621144682661,-0.01858757749477849,0.4312784976189397,-0.07123788553173394,-0.1305875774947731,-0.018721502381060295,0.14992813739385227,11.289302774686483,-0.5557648556476383,0.08312820431269861,-2.447585694011237,0.3019994625697522,-1.9773258159119653,0.09306880368998949,0.08605813987420864,0.02505673928816428,0.03980185821970805,-0.03766171412566338,-0.007604518629110416,-0.027091926450780745,68.22730755028581,-20.633506729377636,10.00462573300803,1.4367922373494941,-0.08247471730114941,-0.00044403826742017705
9.279999999999891,measure,0.4,0.1129999999999946,0.45,0.32892984945853176,-0.018153046776914428,0.43124441181924317,-0.07107015054146826,-0.13115304677690903,-0.018755588180756844,0.15034580162032857,11.307162292154525,-0.5540390486001758,0.08363440048667446,-2.4467842548756558,0.30125384437739045,-1.977476214337605,0.09253233259666413,0.0862903523731268,0.02530980869879207,0.04007195677907343,-0.03728090961808681,-0.007519921281985783,-0.02682355466626782,68.41146902905378,-20.643369602798444,10.006254687491957,1.4377753575280634,-0.08246793875970626,-0.00044389219879990014
9.29999999999989,measure,0.4,0.11399999999999455,0.45,0.32909999901381937,-0.01771785094509397,0.43121037924027367,-0.07090000098618066,-0.13171785094508853,-0.018789620759726344,0.15076290076052304,11.325020667908372,-0.552308592049755,0.0841454319906212,-2.445977693591076,0.30051559845175924,-1.977624976846908,0.0920010932718328,0.08652282752104203,0.025551575197337084,0.04032806422897394,-0.03691229628156142,-0.007438125465156373,-0.02656196624156635,68.59579283110963,-20.65427657036612,10.00725673914987,1.4385812411305439,-0.08246822243668377,-0.00044381601414869966
9.31999999999989,measure,0.4,0.11499999999999455,0.45,0.32927243791611316,-0.017281906916243192,0.43117638860073476,-0.07072756208388686,-0.13228190691623776,-0.01882361139926525,0.15117942744248244,11.3428743873053,-0.5505735061159832,0.08466150418879519,-2.445165726481196,0.29978491628570186,-1.9777720785719415,0.09147521066557424,0.08675429668858832,0.02580360990869896,0.04059835549402006,-0.036534108302867414,-0.007355086251671565,-0.026294130312928116,68.77936576561216,-20.664350072690908,10.00892093938236,1.439558718046328,-0.08246124326655269,-0.00044367029364541675
9.33999999999989,measure,0.4,0.1159999999999945,0.45,0.3294472808578267,-0.016845261728601804,0.43114245112003385,-0.07055271914217331,-0.1328452617285963,-0.018857548879966157,0.1515953722639776,11.360727634970976,-0.5488337853806966,0.08518239200277318,-2.444348632164651,0.29906154976679306,-1.9779175761839043,0.09095454642295121,0.08698603676433174,0.02604439069889985,0.040854715827253966,-0.036168325945440026,-0.007274880598145035,-0.026033212131150837,68.96310640377382,-20.675461914197687,10.009958970836793,1.44035835601119,-0.08246135388277678,-0.0004435963563519745
9.35999999999989,measure,0.4,0.1169999999999945,0.45,0.3296244020412528,-0.016407832821223656,0.43110855520263375,-0.0703755979587472,-0.13340783282121815,-0.018891444797366264,0.15201072768932214,11.378576897813458,-0.5470894503957038,0.08570829956117786,-2.443526128480362,0.29834569514132475,-1.9780614438734345,0.0904392279213606,0.08721674924964148,0.026295377920233776,0.04112518421443553,-0.03579273127341474,-0.007193384476513096,-0.025765925079530887,69.14608020370763,-20.685745251914764,10.0116586600513,1.4413303996235647,-0.0824541746337409,-0.00044345097063711427
9.379999999999889,measure,0.4,0.1179999999999945,0.45,0.3298039163832531,-0.01596966668761028,0.4310747123333213,-0.0701960836167469,-0.1339696666876048,-0.018925287666678725,0.15242548428915614,11.396426359554228,-0.5453404955802335,0.08623900277741317,-2.442698492845408,0.29763710007641947,-1.9782037389352232,0.08992911414997837,0.08744774077351727,0.026535160811765962,0.04138178174770796,-0.035429753245265413,-0.007114753089426774,-0.025505688569111767,69.3292269946693,-20.697061124156164,10.012732938164563,1.442124019264567,-0.08245411241177647,-0.0004433792685424368
9.399999999999888,measure,0.4,0.11899999999999444,0.45,0.32998569751709445,-0.01553068129876993,0.43104091060455585,-0.07001430248290558,-0.1345306812987644,-0.018959089395444162,0.15283963436747014,11.414272508312113,-0.5435869419160292,0.08677470454268792,-2.441865444609567,0.2969359655041159,-1.9783444346246783,0.08942433490356842,0.08767768321021055,0.026785088263737346,0.04165241179205913,-0.035056728615177946,-0.007034784472758315,-0.0252389623204975,69.51159105735138,-20.70755348699432,10.014468358552142,1.4430908366117994,-0.08244673360968877,-0.00044323420468986557
9.419999999999888,measure,0.4,0.11999999999999444,0.45,0.33016986057231934,-0.015090922598051587,0.4310071617641004,-0.06983013942768068,-0.13509092259804603,-0.01899283823589959,0.15325316846687262,11.432119527424177,-0.5418287836623327,0.08731518177375412,-2.4410272599905736,0.296242034939679,-1.9784835888432837,0.08892474654751842,0.08790791268482745,0.027023861553310522,0.041909230949662236,-0.034696528221843624,-0.006957710930269053,-0.02497941780250024,69.69413330386438,-20.719072532244613,10.015579148716608,1.4438786621788278,-0.08244649875725313,-0.000443164725423416
9.439999999999888,measure,0.4,0.12099999999999439,0.45,0.3303562786238281,-0.014650309098047098,0.43097345359472816,-0.06964372137617192,-0.1356503090980415,-0.01902654640527185,0.153666078734469,11.449963905882315,-0.5400660422285212,0.08786063612302498,-2.440183659844305,0.2955555139330538,-1.9786211739173574,0.08843048128321389,0.0881370716905761,0.027272717463543053,0.042180007313408395,-0.034326050331260564,-0.006879253703684108,-0.024713263215226756,69.87587701389364,-20.72977309348471,10.017350541300319,1.444840457376979,-0.08243892090319206,-0.0004430199708947641
9.459999999999887,measure,0.4,0.12199999999999439,0.45,0.3305450670021072,-0.01420888618687123,0.43093979810475896,-0.06945493299789285,-0.1362088861868656,-0.019060201895241047,0.15407835568403383,11.46780982715207,-0.5382987117165113,0.08841084552163386,-2.4393349191915883,0.2948761419162554,-1.9787572483388824,0.08794139288457739,0.08836652560049096,0.027510469930444068,0.042437032635839554,-0.03396860083991983,-0.006803721076253228,-0.02445441993182464,70.05780400448057,-20.741494439792874,10.018498107305753,1.445622710049522,-0.08243851361252923,-0.00044295270188455214
9.479999999999887,measure,0.4,0.12299999999999439,0.45,0.330736098234338,-0.013766572928131618,0.4309061827696764,-0.069263901765662,-0.136766572928126,-0.019093817230323606,0.15448999130925176,11.485653780762476,-0.5365268139609797,0.08896601038220847,-2.4384807603892598,0.29420412898919934,-1.9788917835111575,0.08745761594809863,0.0885948877765805,0.02775824302873015,0.04270794011643242,-0.03360064635280191,-0.006726758613748767,-0.02418884682393794,70.23891673339259,-20.752402356580323,10.020305711819457,1.4465796842926042,-0.08243073718200396,-0.00044280824453872807
9.499999999999886,measure,0.4,0.12399999999999434,0.45,0.3309294878402506,-0.013323414149956234,0.4308726198559183,-0.06907051215974941,-0.13732341414995058,-0.019127380144081718,0.1549009760943589,11.503499950812975,-0.5347503429092211,0.08952590966081095,-2.437621457263889,0.29353921056924315,-1.9790248385007818,0.08697900168876616,0.08882355258793263,0.027994963930123767,0.04296515626854359,-0.03324592099780914,-0.006652749481214863,-0.023930712966623933,70.4202177420541,-20.76432511806404,10.021490315725014,1.4473565821744874,-0.08243015762927708,-0.0004427431730106403
9.519999999999886,measure,0.4,0.12499999999999434,0.45,0.3311251078099418,-0.012879329476205348,0.4308390965341518,-0.06887489219005821,-0.13787932947619969,-0.0191609034658482,0.1553113018831087,11.52134482703601,-0.532969320818845,0.09009074252967937,-2.4367567336677642,0.29288160123828544,-1.9791563837940291,0.08650568708593463,0.08905110451880838,0.028241643443420957,0.04323617980623143,-0.032880466547886386,-0.00657726466236909,-0.023665730141576493,70.60068884796591,-20.775439531721027,10.023334370493505,1.4483089337351038,-0.08242218307151392,-0.00044259900107994875
9.539999999999885,measure,0.4,0.12599999999999428,0.45,0.3313230738407309,-0.012434363170593321,0.4308056253264796,-0.06867692615926912,-0.1384343631705876,-0.01919437467352042,0.15572095912958964,11.53919259466222,-0.5311837414852661,0.09066028897986726,-2.4358868622360683,0.2922310324675747,-1.9792864790166451,0.08603752082837887,0.08927896667894235,0.028477322509394484,0.043493571584799155,-0.0325284385355369,-0.006504761130804402,-0.023408312877788155,70.78135313387835,-20.787562808860713,10.024556272501801,1.4490806918500319,-0.08242143141621493,-0.0004425361140712814
9.559999999999885,measure,0.4,0.12699999999999428,0.45,0.33152325739624317,-0.011988435426274452,0.4307721931012994,-0.06847674260375686,-0.13898843542626874,-0.019227806898700628,0.1561299395311385,11.557039743296256,-0.5293936275866311,0.09123474694299837,-2.4350115683106743,0.29158772325299315,-1.97941509374379,0.08557464226536453,0.08950569493175095,0.02872289815655549,0.043764696269688486,-0.03216546072907673,-0.0064307363572427105,-0.023143928150717426,70.96117196112637,-20.798882845198204,10.026437014326369,1.4500286160811322,-0.08241325915339813,-0.000442392216177292
9.579999999999885,measure,0.4,0.12799999999999429,0.45,0.33172577433978584,-0.011541589938445201,0.4307388126339095,-0.06827422566021418,-0.1395415899384395,-0.019261187366090504,0.15653823351118118,11.574890459790886,-0.5275989727692546,0.09181389745469774,-2.4341311233384624,0.29095140118815765,-1.9795422881453022,0.08511689759234954,0.08973274086882596,0.028957525584969217,0.0440222486105953,-0.03181610324177464,-0.006359720075612765,-0.02288723365074956,71.14118876833132,-20.811205725128772,10.027696472662447,1.4507954463693853,-0.08241233553779308,-0.00044233150053440105
9.599999999999884,measure,0.4,0.12899999999999423,0.45,0.3319304956191047,-0.011093747478402624,0.43070547049305663,-0.06806950438089532,-0.14009374747839687,-0.01929452950694338,0.156945832624176,11.59274123329286,-0.5257998001293958,0.09239793720612234,-2.4332452541446776,0.29032228961496376,-1.9796680308910475,0.0846644285148877,0.08995863199294084,0.02920198757122971,0.044293459689244315,-0.031455578659695546,-0.006287137287260827,-0.02262345387309192,71.32034464709976,-20.822730494759796,10.029614136708236,1.4517391357066751,-0.08240396596434744,-0.000442187865672598
9.619999999999884,measure,0.4,0.12999999999999423,0.45,0.3321375372519546,-0.010644951169039643,0.43067217970475424,-0.06786246274804542,-0.14064495116903386,-0.019327820295245768,0.15735272726246305,11.610596252760716,-0.523996103167085,0.09298664828656793,-2.4323542309911956,0.289700112317773,-1.9797923826803243,0.0842170787681801,0.09018484811553733,0.029435554022279375,0.04455115767410375,-0.031108864859539998,-0.006217589463836969,-0.02236748733538008,71.49970320418595,-20.83525205156178,10.030911407501128,1.4525012470224206,-0.08240287051292068,-0.0004421293080501291
9.639999999999883,measure,0.4,0.13099999999999418,0.45,0.33234676968076504,-0.010195122368450951,0.4306389265407836,-0.06765323031923498,-0.14119512236844511,-0.019361073459216394,0.1577589088411834,11.62845200655394,-0.5221879053942434,0.0935802261472388,-2.431457782180082,0.28908509691659123,-1.9799153112834238,0.08377499239980095,0.09040988864207722,0.02967889303354332,0.044822440555683456,-0.030750770059088276,-0.00614643015497906,-0.02210431841895802,71.67818545012915,-20.846980650211528,10.032866227188277,1.45344089098745,-0.08239430399480852,-0.00044198592559066205
9.659999999999883,measure,0.4,0.13199999999999418,0.45,0.332558309066268,-0.009744303623756778,0.4306057242753809,-0.06744169093373203,-0.14174430362375096,-0.019394275724619103,0.15816436772125914,11.646312686216627,-0.5203752001674676,0.09417845393972245,-2.4305561767917205,0.2884769634547752,-1.9800368779148936,0.08333801071788557,0.09063526133878723,0.029911389624182636,0.04508026941807754,-0.03040667309080085,-0.0060783315734912685,-0.021849084095768835,71.85687496990654,-20.85969994520043,10.03420156435629,1.4541984890972603,-0.08239303681371903,-0.0004419295124752625
9.679999999999882,measure,0.4,0.13299999999999418,0.45,0.33277202535610884,-0.009292416888313046,0.4305725588861143,-0.06722797464389119,-0.14229241688830724,-0.019427441113885724,0.1585690951820972,11.664174778992647,-0.5185580114118651,0.09478152587614412,-2.4296491445981196,0.28787594376264364,-1.9801570494510652,0.08290628009715272,0.09085943778012943,0.030153596821083945,0.04535160968005246,-0.030050984606578693,-0.006008576808582831,-0.021586531036642986,72.03467288376328,-20.87163145401706,10.036193771254078,1.45513427430128,-0.08238427368777997,-0.0004417863721472449
9.699999999999882,measure,0.4,0.13399999999999412,0.45,0.3329880348426022,-0.00883950413030915,0.4305394438929398,-0.06701196515739782,-0.14283950413030327,-0.019460556107060212,0.15897308155295747,11.682042479483277,-0.5167363323434823,0.09538922617852873,-2.4287369535018932,0.28728175421064317,-1.9802758876079496,0.08247963945199675,0.09108395341913976,0.030385015119229978,0.04560955481133061,-0.029709477600024303,-0.005941907844216887,-0.02133203225779793,72.21268256293042,-20.8845475360302,10.037567426394242,1.4558875618832252,-0.08238283486435581,-0.00044173208984065165
9.719999999999882,measure,0.4,0.13499999999999412,0.45,0.33320620698910625,-0.008385487906636,0.4305063649820289,-0.06679379301089378,-0.14338548790663014,-0.019493635017971134,0.1593763179811178,11.699912273489856,-0.5149101872981139,0.09600174782114905,-2.427819334737798,0.28669463077174745,-1.9803933583734206,0.08205823746881415,0.0913072522684186,0.030626082131016263,0.045880938204761565,-0.02935617194478593,-0.0058735382735476405,-0.02107009915913022,72.38978543013246,-20.89668102189392,10.039597250117742,1.4568196720313358,-0.08237387543764094,-0.00044158918174202685
9.739999999999881,measure,0.4,0.13599999999999407,0.45,0.3334266582082075,-0.007930409603701935,0.4304733359165438,-0.06657334179179253,-0.14393040960369602,-0.019526664083456213,0.15977879476401954,11.717788359138348,-0.5130795693541721,0.09661887610414091,-2.4268965550346095,0.2861142862114068,-1.9805095239515922,0.0816419107016923,0.09153089719708978,0.030856414149592854,0.04613898515941925,-0.02901722801703471,-0.005808278908584103,-0.02081633835609214,72.56710444893784,-20.909792927575964,10.041009472397871,1.4575688486749736,-0.08237226503981931,-0.0004415370163749245
9.75999999999988,measure,0.4,0.13699999999999407,0.45,0.3336492574894356,-0.007474192390018133,0.4304403420941355,-0.06635074251056444,-0.1444741923900122,-0.019559657905864503,0.16018050292043637,11.735667220460613,-0.5112445032556182,0.09724080276549708,-2.4259683470823328,0.2855409605777689,-1.9806243494472662,0.08123081013268385,0.09175330492769283,0.031096333067808655,0.04641039761383381,-0.02866628168189435,-0.005741274783698272,-0.020555028450422452,72.74350153921213,-20.92212744340802,10.043077140509313,1.4584974645715336,-0.0823631095890047,-0.00044139433095805123
9.77999999999988,measure,0.4,0.13799999999999407,0.45,0.3338741213544272,-0.007016877067665003,0.4304073975186541,-0.06612587864557284,-0.1450168770676591,-0.019592602481345922,0.16058143271592024,11.753553059569759,-0.5094049819461757,0.09786731419066926,-2.4250349764400427,0.2849743630989945,-1.9807378975397278,0.08082476998909188,0.09197606547212567,0.03132557125860879,0.04666853211450082,-0.028329873938719496,-0.005677404623087156,-0.020302007179598194,72.92011906110913,-20.935434197494125,10.044528176564478,1.4592427267788126,-0.08236132766486165,-0.0004413442685002643
9.79999999999988,measure,0.4,0.13899999999999402,0.45,0.3341011183293005,-0.006558387424672227,0.43037448730216404,-0.06589888167069952,-0.14555838742466626,-0.019625512697835967,0.16098157504438518,11.771442358400913,-0.507561030575432,0.09849860088328177,-2.4240961772451945,0.2844147378311329,-1.9808501324559666,0.08042394353208031,0.09219756853718257,0.031564334630625766,0.046939959742403684,-0.027981263393079808,-0.0056117458119374726,-0.02004132285057893,73.09579962807581,-20.947968782563457,10.046633914475963,1.4601680263326065,-0.0823519764355765,-0.00044120179656261145
9.81999999999988,measure,0.4,0.13999999999999402,0.45,0.33433036503361974,-0.006098763676544883,0.4303416256866771,-0.06566963496638029,-0.1460987636765389,-0.0196583743133229,0.1613809201395057,11.789339323512106,-0.5057126419553963,0.09913445032084169,-2.4231522138915063,0.28386179053252714,-1.9809611173379376,0.08002816269576746,0.09241943100178324,0.03179247187799552,0.04719816768441275,-0.02764736493029007,-0.0055492440985482625,-0.01978904181564252,73.27170479937323,-20.96146939816034,10.048124008307296,1.4609095675191024,-0.08235002301285893,-0.000441153822819295
9.839999999999879,measure,0.4,0.14099999999999396,0.45,0.3345617295404615,-0.005637930238544128,0.43030879750165985,-0.06543827045953854,-0.1466379302385381,-0.019691202498340166,0.1617794587740011,11.807240434414334,-0.5038598416387233,0.09977505177484891,-2.4222028219557985,0.2833157692000982,-1.9810708155399481,0.07963758300338662,0.09264001583364795,0.03203007270036146,0.04746959678537865,-0.027301066621447483,-0.0054849101005264135,-0.019528984619041918,73.44665808013941,-20.974203078388182,10.050268039188204,1.461831725749812,-0.08234047621911551,-0.0004410115554989635
9.859999999999879,measure,0.4,0.14199999999999396,0.45,0.334795328556297,-0.005175926737648023,0.4302760172247554,-0.06520467144370301,-0.147175926737642,-0.01972398277524462,0.16217718114976337,11.82514990256532,-0.5020026223087096,0.10042019382114445,-2.4212482646709783,0.2827763761895852,-1.981179290654551,0.07925203412953387,0.092860966500685,0.03225710231477689,0.04772786424099979,-0.026969650525650497,-0.005423755730135528,-0.01927744369263759,73.62184002964865,-20.987896557252288,10.051797432066332,1.4625697362471386,-0.08233835130471763,-0.00044096565611907636
9.879999999999878,measure,0.4,0.14299999999999397,0.45,0.3350310297114837,-0.004712678223878025,0.4302432694058751,-0.06496897028851634,-0.147712678223872,-0.019756730594124916,0.16257407792199868,11.843064204723628,-0.5001410099185013,0.10107006450167354,-2.420288279044869,0.2822438633720238,-1.981286505168367,0.07887167384199295,0.09308061951041828,0.03249353402645443,0.04799928130544975,-0.026625640878068485,-0.005360725690809983,-0.01901801437704605,73.79605524439903,-21.00082834551499,10.053979976752862,1.463488925291774,-0.08232860912834225,-0.00044082358489684614
9.899999999999878,measure,0.4,0.1439999999999939,0.45,0.33526894978849053,-0.00424822373402417,0.43021056875575725,-0.06473105021150949,-0.14824822373401808,-0.01978943124424276,0.1629701392609918,11.860987557696488,-0.49827499702570976,0.10172445349643311,-2.419323127154313,0.28171792976747867,-1.981392523112905,0.07849632958954403,0.09330064463957599,0.03271944973797873,0.048257594527804634,-0.02629668022725686,-0.00530089722690035,-0.01876721262244606,73.97050308307712,-21.014713678328306,10.05554890712454,1.4642235923503983,-0.08232631270785568,-0.000440779745376485
9.919999999999877,measure,0.4,0.1449999999999939,0.45,0.33550895598522495,-0.0037824889602157546,0.43017789954785135,-0.06449104401477507,-0.14878248896020968,-0.01982210045214866,0.1633653557081355,11.878916435161466,-0.4964046099813813,0.10238354762070152,-2.4183525474295045,0.281198831054646,-1.9814973061119558,0.07812616136656184,0.09351935221642166,0.0329547062134205,0.04852898624044168,-0.025954935641634588,-0.00523914995254468,-0.018508411149109533,74.14396943466248,-21.027842574760577,10.057770184032528,1.4651399814703676,-0.08231637529791741,-0.00044063786205741657
9.939999999999877,measure,0.4,0.14599999999999386,0.45,0.3357511651493607,-0.0033155123476800302,0.43014527672345326,-0.06424883485063931,-0.14931551234767387,-0.01985472327654675,0.16375971740236156,11.896855059722451,-0.49452984122049426,0.1030471376640011,-2.4173768007961645,0.28068626298453686,-1.9816009186247732,0.07776099442975014,0.09373843804435317,0.03317950216497904,0.04878733166699881,-0.0256284035054558,-0.005180625640863638,-0.018258346840584645,74.31767225525428,-21.041918741404206,10.059378887429563,1.4658714892629814,-0.08231390733519259,-0.0004405960677411596
9.959999999999877,measure,0.4,0.14699999999999386,0.45,0.3359954440565692,-0.0028472202378221068,0.43011268428269006,-0.0640045559434308,-0.14984722023781596,-0.01988731571730995,0.1641532147749664,11.91479990164605,-0.49265071748939,0.10371540921814304,-2.4163956270979674,0.2801804849773861,-1.981703321417029,0.07740099098169191,0.09395618655521275,0.033413577707097186,0.04905868490984777,-0.02528890035753555,-0.005120139612791238,-0.018000172402911067,74.49037892878029,-21.055243733695548,10.061639112469724,1.466785244851565,-0.08230377480748502,-0.0004404543644587191
9.979999999999876,measure,0.4,0.14799999999999386,0.45,0.33624190960905875,-0.0023776504832129786,0.430080137394876,-0.06375809039094127,-0.15037765048320684,-0.019919862605124017,0.16454583793385955,11.932755189776042,-0.49076723110348813,0.10438815418709721,-2.415409286114655,0.27968118958144045,-1.9818045793649415,0.07704597412077234,0.09417431929509285,0.03363724844770833,0.049317049165615266,-0.024964769797285062,-0.005062897395621771,-0.017750843045978668,74.66332580545979,-21.0695097035193,10.06328782142254,1.4675137744772622,-0.08230113524414609,-0.0004404146005450695
9.999999999999876,measure,0.4,0.1489999999999938,0.45,0.3364904281704199,-0.0019067300815235194,0.4300476197900009,-0.06350957182958011,-0.15090673008151734,-0.01995238020999912,0.164937577203974,11.950717390637356,-0.488879409201808,0.10506555694271165,-2.414417519094239,0.2791886398927109,-1.9819046523806259,0.07669610823900871,0.09439109508400745,0.03387013778072223,0.049588351020808254,-0.024627484436477023,-0.00500365078422379,-0.017493294088181385,74.8352619678749,-21.083029767213127,10.065587207920808,1.4684250600677546,-0.08229080768062719,-0.0004402730697474211
10.019999999999875,measure,0.4,0.1499999999999938,0.45,0.33674111668685297,-0.0014344962918525356,0.43001514686285663,-0.06325888331314705,-0.15143449629184635,-0.019984853137143377,0.16532842266260442,11.968690739754214,-0.4869872439833064,0.10574741050788325,-2.413420584675814,0.27870252532261286,-1.9820036057469146,0.07635121431021594,0.09460826092507985,0.03409267825858013,0.04984672092124414,-0.024305728504903992,-0.004947668314439281,-0.01724469643963896,75.00744195588618,-21.097484499303352,10.067276151875262,1.4691507895567892,-0.08228799643566384,-0.0004402353213042729
10.039999999999875,measure,0.4,0.15099999999999375,0.45,0.33699384111996294,-0.0009608767749510472,0.4299827020765247,-0.06300615888003708,-0.1519608767749448,-0.020017297923475286,0.1657183645320687,11.986671699577245,-0.4850907629770523,0.10643389803829913,-2.412418225502344,0.2782231125775582,-1.9821013985267757,0.07601145889671447,0.094824050312706,0.03432437652079408,0.05011795867349773,-0.023970637252731873,-0.004889638993055249,-0.016987770675073573,75.17859675557187,-21.111198598089405,10.069614910493558,1.4700597658306291,-0.0822774738839869,-0.00044009395573641873
10.059999999999874,measure,0.4,0.15199999999999375,0.45,0.3372487184495336,-0.0004859081959017325,0.42995030104873516,-0.06275128155046644,-0.15248590819589547,-0.02004969895126485,0.16610739285952725,12.00466451275021,-0.48318995826865546,0.10712481367982557,-2.411410699077802,0.2777500879976875,-1.9821980963997343,0.07567666088148844,0.09504023541984227,0.03454578207632184,0.050376321227114426,-0.023651228993535976,-0.0048348936479298285,-0.016739900761301142,75.34999889087312,-21.125841041533477,10.071344315730318,1.4707828701496335,-0.08227449085330418,-0.0004400582076930729
10.079999999999874,measure,0.4,0.15299999999999375,0.45,0.33750561424521475,-9.518885176959535e-06,0.42991792697892817,-0.062494385754785275,-0.15300951888517073,-0.020082073021071845,0.16649549776844716,12.022665637314212,-0.48128485777459673,0.10782033937608104,-2.410397749430485,0.2772837218348492,-1.9822936575838623,0.07534698897767741,0.09525502470293779,0.034776284812773554,0.0506474823658591,-0.023318308141916107,-0.004778059206395449,-0.01648359519055122,75.52036145723784,-21.139748127540948,10.073722654391137,1.4716896949449911,-0.08226377332628566,-0.00043991700041270607
10.099999999999874,measure,0.4,0.1539999999999937,0.45,0.3377646455101053,0.0004682550864333196,0.42988559570523394,-0.0622353544898947,-0.15353174491356036,-0.020114404294766075,0.16688266927640727,12.040679323468188,-0.4793754534702729,0.10852027039951165,-2.4093796329349555,0.27682369742306395,-1.9823881481458843,0.07502226001114731,0.095470215216191,0.034996551171530575,0.050905824776474276,-0.023001220589261732,-0.0047245281011018625,-0.016236448326505126,75.69097475614757,-21.154577221687937,10.07549274394856,1.4724103460025586,-0.08226061838229773,-0.000439883237563379
10.119999999999873,measure,0.4,0.1549999999999937,0.45,0.33802567743186374,0.0009474847122655367,0.4298532901667577,-0.061974322568136286,-0.15405251528772818,-0.020146709833242293,0.16726889741180215,12.0587020245084,-0.4774617736569308,0.10922478748604349,-2.4083560949950003,0.2763702884950889,-1.9824815254630663,0.0747026448260603,0.0956839906671018,0.03522585432659196,0.051176896997763205,-0.02267044639875395,-0.004668865859100176,-0.015980759254350753,75.86053419922376,-21.168676235773745,10.077910867763627,1.4733151743235324,-0.0822497058574507,-0.000439742181916938
10.139999999999873,measure,0.4,0.15599999999999364,0.45,0.33828882702677915,0.0014281345158366904,0.42982102641949355,-0.061711172973220874,-0.15457186548415697,-0.020178973580506465,0.1676541721632536,12.076737998623118,-0.4755438102029053,0.10993368703788665,-2.4073273908616692,0.27592317544355893,-1.9825738559802666,0.07438795822483027,0.09589817270127428,0.035444977592158436,0.05143520666654305,-0.022355652576497055,-0.00461652586001613,-0.015734330061501323,76.03034765807205,-21.18369091049268,10.079721861364263,1.4740335409766474,-0.08224637884867335,-0.00043971038893519075
10.159999999999872,measure,0.4,0.15699999999999364,0.45,0.3385539591104143,0.0019102748079910803,0.42978878714555313,-0.06144604088958572,-0.15508972519200256,-0.02021121285444688,0.16803848346787492,12.094783694024246,-0.47362159179155666,0.11064714858792804,-2.406293267304176,0.2754826354180726,-1.9826650962378707,0.07407837316254602,0.09611092056743395,0.035673077502069536,0.05170617787466337,-0.02202700127431485,-0.004562012880208417,-0.015479253114212676,76.19909306812052,-21.197980782527118,10.082179972564735,1.4749365250026203,-0.08223527126775099,-0.0004395694785599225
10.179999999999872,measure,0.4,0.15799999999999365,0.45,0.33882119070227446,0.0023938707063091424,0.4297565886162619,-0.06117880929772557,-0.1556061292936845,-0.020243411383738086,0.16842182128602454,12.112843377321798,-0.47169511018732374,0.11136496967090574,-2.405253978456138,0.27504834593417155,-1.982755313050229,0.07377370245178577,0.09632408021164596,0.035891054148885236,0.05196444240188736,-0.02171447419505436,-0.004510840617905324,-0.01523353553801225,76.3680956629063,-21.213179958461424,10.084032086544696,1.4756527730633526,-0.08223177201837906,-0.0004395396399895588
10.199999999999871,measure,0.4,0.1589999999999936,0.45,0.3390903862556499,0.002878991833008493,0.42972441326011207,-0.06090961374435011,-0.1561210081669851,-0.02027558673988794,0.1688041754673399,12.130913491302918,-0.4697643944530221,0.11208732862159036,-2.404209272441924,0.27462058749470847,-1.9828444621246037,0.07347412113820523,0.09653578671508364,0.036117947534230775,0.05223530071069993,-0.021387921973153486,-0.00445745371874585,-0.014979065679026876,76.53601611002814,-21.227659607611045,10.086530384413292,1.476554062158084,-0.08222046928692275,-0.0004393988687927085
10.219999999999871,measure,0.4,0.1599999999999936,0.45,0.339361662783442,0.003365603899237485,0.4296922775612322,-0.060638337216558036,-0.1566343961007561,-0.020307722438767828,0.16918553594467703,12.148998311430518,-0.467829436252375,0.11281402410959727,-2.40315940228398,0.27419903480196156,-1.982932610636618,0.07317944007808708,0.09674791003235449,0.03633477440034581,0.05249350789719405,-0.021077634637344685,-0.004407425600718495,-0.014734053005907851,76.70419679608386,-21.243042196429485,10.088423831654614,1.4772683544007883,-0.08221679759643027,-0.0004393709690665732
10.23999999999987,measure,0.4,0.16099999999999354,0.45,0.3396348843864192,0.003853775832616743,0.42966016369789894,-0.06036511561358082,-0.15714622416737678,-0.020339836302101066,0.16956589248401543,12.167094274722562,-0.4658902650249908,0.11354523327676681,-2.402104117451355,0.2737839716489559,-1.9830197134639977,0.07288983638704304,0.09695856136920947,0.03656045835847706,0.05276424163124759,-0.020753157650281497,-0.004355141368982815,-0.014480184552202124,76.87128132984051,-21.25771053143817,10.090962512463767,1.4781680951229144,-0.082205299583308,-0.0004392303312302009
10.25999999999987,measure,0.4,0.16199999999999354,0.45,0.3399101680612185,0.004343473937119188,0.4296280883645217,-0.060089831938781535,-0.15765652606287434,-0.0203719116354783,0.16994523499153638,12.185205665924732,-0.46394687233706977,0.11428075592953268,-2.401043669861761,0.2733750699880544,-1.9831058381358402,0.07260511899852132,0.0971696343960511,0.03677613263829386,0.05302237947967337,-0.020445083045074752,-0.004306233592124339,-0.014235869426085923,77.03862904150645,-21.273275436083438,10.092897502329917,1.4788805912916985,-0.0822014552260875,-0.00043920435466359223
10.27999999999987,measure,0.4,0.16299999999999354,0.45,0.3401873775657614,0.004834766439959476,0.42959603349259434,-0.05981262243423863,-0.15816523356003406,-0.02040396650740567,0.17032355315339168,12.203328915939705,-0.4619992880023476,0.11502076802224716,-2.3999778103182594,0.2729726168398944,-1.9831909387037459,0.07232546707725068,0.09737921673610943,0.03700060463572358,0.05329297717508674,-0.02012265740799926,-0.004255028395278086,-0.013982596063531888,77.20486669055168,-21.28813135554764,10.095476759279492,1.4797789274043696,-0.0821897617630764,-0.00043906384463294687
10.29999999999987,measure,0.4,0.16399999999999348,0.45,0.34046662987092324,0.005327620236950381,0.4295640159842898,-0.05953337012907678,-0.1586723797630431,-0.02043598401571023,0.1707008368499797,12.221468319224986,-0.46004750349270496,0.11576507049970138,-2.3989067896404404,0.27257628146977186,-1.9832750830429067,0.0720506876672075,0.09758922548213217,0.03721512387271117,0.05355103389095134,-0.019816768506126566,-0.004207216958042177,-0.013738970502159189,77.37137034086066,-21.30387747047958,10.097453497554232,1.480489784221269,-0.082185744488027,-0.0004390397754346692
10.319999999999869,measure,0.4,0.16499999999999349,0.45,0.340747788401376,0.005822102849250985,0.4295320175277781,-0.05925221159862404,-0.1591778971507425,-0.020467982472221924,0.17107707569146618,12.239620300217684,-0.45809154899333754,0.11651383813445092,-2.39783035995452,0.27218635406392044,-1.9833582243820318,0.07178096196120227,0.09779772496837173,0.03743838173747717,0.0538214842960194,-0.01949637029256991,-0.004157066956251988,-0.013486285300261306,77.53675011258463,-21.318919863122158,10.10007352071266,1.481386856702573,-0.08217385536941531,-0.0004388993879025898
10.339999999999868,measure,0.4,0.16599999999999343,0.45,0.3410309700929053,0.006318181763291561,0.42950005523048534,-0.05896902990709474,-0.15968181823670186,-0.020499944769514666,0.17145225953342252,12.257789163515701,-0.4561314158850194,0.11726687301078792,-2.3967487709887516,0.2718025012628983,-1.9834404309354428,0.07151609514699157,0.09800665541590879,0.03765174381684995,0.054079448288418874,-0.01919264005110826,-0.00411032767054891,-0.013243340710534774,77.70239859296017,-21.33484607455859,10.102092209541187,1.482096227875703,-0.08216966489957009,-0.0004388772101780866
10.359999999999868,measure,0.4,0.16699999999999343,0.45,0.3413160380464506,0.006815923788682274,0.4294681105407394,-0.05868396195354941,-0.16018407621131114,-0.0205318894592606,0.17182637791388164,12.27597132673811,-0.45416713472173803,0.11802434872540549,-2.3956617761814702,0.2714250163570788,-1.9835216551120114,0.0712562704242417,0.09821405816406721,0.03787378573087824,0.054349740364067735,-0.018874245290976786,-0.0040612088284269505,-0.012991236137493936,77.86690947314791,-21.35007381949805,10.10475318579034,1.4829921749290407,-0.08215757988173021,-0.00043873694008975724
10.379999999999868,measure,0.4,0.16799999999999343,0.45,0.34160310915355246,0.007315297001017629,0.42943620076871747,-0.05839689084644756,-0.1606847029989758,-0.020563799231282542,0.17219942066460464,12.294171105050633,-0.4521986967963818,0.1187860685028514,-2.3945696241765444,0.27105356342407666,-1.9836019654586368,0.07100129115763046,0.09842189626781193,0.03808598887229566,0.054607600246286,-0.01857264665010682,-0.004015517331263947,-0.01274896333056167,78.03169165311549,-21.366179005651556,10.106814023623986,1.4837002111615245,-0.08215321591390735,-0.0004387166378335746
10.399999999999867,measure,0.4,0.16899999999999338,0.45,0.3418920462008549,0.007816367493019519,0.4294043071264093,-0.05810795379914513,-0.16118363250697387,-0.0205956928735907,0.17257137725535504,12.31238490889739,-0.45022613302906234,0.11955220477012622,-2.393472069713219,0.27068843879752835,-1.983681313567224,0.07075134253229122,0.09862818836597423,0.038306813363741296,0.05487772316627194,-0.018256231327414118,-0.0039674054293563224,-0.012497431266962091,78.19532260562158,-21.381590972669404,10.109516136605594,1.4845951682264418,-0.08214093471488988,-0.00043857648037387044
10.419999999999867,measure,0.4,0.16999999999999338,0.45,0.342182966026673,0.008319103927766622,0.42937244712424844,-0.05781703397332705,-0.16168089607222674,-0.020627552875751576,0.17294223749516185,12.330617064440064,-0.4482494346280095,0.12032256189240534,-2.3923693603580967,0.27032930405334615,-1.9837597683111063,0.07050622612282516,0.09883492005264252,0.03851785611395576,0.05513546775610631,-0.01795673720910902,-0.003922737194122336,-0.012255820473303012,78.35922733253723,-21.397874003981094,10.111619318149053,1.4853020172252824,-0.08213639691930934,-0.00043855803749030114
10.439999999999866,measure,0.4,0.17099999999999332,0.45,0.34247573111270935,0.008823571675904668,0.42934060174140865,-0.057524268887290675,-0.16217642832408866,-0.020659398258591366,0.17331199078939308,12.348863974587877,-0.44626863287679247,0.12109731113339614,-2.391261252139956,0.2699764585081473,-1.9838372804679085,0.07026612907830497,0.0990400875608499,0.03873746204954026,0.05540541090702057,-0.017642277259942617,-0.0038756078401113456,-0.012004852226009145,78.52196729897831,-21.413469053782975,10.114362748213711,1.4861961169880904,-0.08212391921849246,-0.00043841798807033646
10.459999999999866,measure,0.4,0.17199999999999332,0.45,0.34277045823525465,0.009329739986095417,0.429308788686095,-0.05722954176474537,-0.1626702600138979,-0.020691211313905,0.17368062692548225,12.36712997692645,-0.4442837189022152,0.12187625799889847,-2.390147991555417,0.2696295612968151,-1.9839139192316608,0.07003085121610884,0.0992456987288631,0.03894734327511613,0.05566302922694554,-0.017344860566608413,-0.0038319381876110166,-0.011763893109806191,78.68498339777413,-21.429928793150772,10.116508464374693,1.4869019234735674,-0.08211920723842758,-0.0004384013883752874
10.479999999999865,measure,0.4,0.17299999999999333,0.45,0.34306700958034037,0.009837673501869162,0.42927698870820585,-0.05693299041965966,-0.16316232649812418,-0.020723011291794158,0.17404813524828516,12.385411466466072,-0.44229472434864026,0.12265957259594838,-2.389029335911256,0.2692889146592741,-1.983989634568205,0.0698005816275988,0.09944972767874752,0.03916572985249575,0.055932782208051784,-0.017032331877046843,-0.0037857668272162424,-0.01151347942550208,78.8468212972413,-21.44570577762663,10.119293388533736,1.487795295878199,-0.08210653267610706,-0.0004382614426250743
10.499999999999865,measure,0.4,0.17399999999999327,0.45,0.3433655018536171,0.010347342055354605,0.4292452197112415,-0.05663449814638294,-0.16365265794463868,-0.02075478028875849,0.17441450552483356,12.403712792643136,-0.44030164026468144,0.12344706157059814,-2.3879055306415524,0.2689541753494684,-1.9840644959869325,0.06957511840563835,0.0996542041979412,0.03937444873248733,0.056190263485185694,-0.016736965490285593,-0.0037430709363704085,-0.011273161098023126,79.00893757019166,-21.46234108063171,10.121481826376296,1.4885002015935158,-0.08210164612750986,-0.0004382466698360579
10.519999999999865,measure,0.4,0.17499999999999327,0.45,0.34366579695462973,0.010858809558073057,0.4292134622193792,-0.05633420304537029,-0.16414119044192022,-0.020786537780620784,0.17477972704336422,12.422030342201865,-0.43830449865283366,0.12423889388005024,-2.3867763343193915,0.2686256484715832,-1.9841384526442116,0.06935465256211817,0.09985708059238763,0.03959161547260541,0.05645981610804696,-0.016426343894259406,-0.003697832863961728,-0.0110232921760086,79.16986229898404,-21.478298843111247,10.124308418256154,1.4893929738528882,-0.0820887743045652,-0.0004381068236080504
10.539999999999864,measure,0.4,0.17599999999999322,0.45,0.343968011509961,0.011372046423293009,0.42918173432895,-0.05603198849003904,-0.1646279535767002,-0.020818265671049996,0.17514378955175786,12.440368476858657,-0.4363032904867587,0.12503487730987575,-2.3856419913239124,0.2683029884581138,-1.984211574359857,0.06913898049792272,0.10006040830374788,0.039799171491275084,0.056717149773948136,-0.016133000673470625,-0.00365608578226206,-0.010783603209772862,79.33106752549293,-21.495108558239764,10.126539760956003,1.4900971175739588,-0.0820837127757291,-0.0004380938613641515
10.559999999999864,measure,0.4,0.17699999999999322,0.45,0.34427200714176726,0.011887115825777061,0.4291500163419781,-0.05572799285823277,-0.16511288417421616,-0.02084998365802193,0.17550668228553334,12.458723574718775,-0.43429804812442696,0.12583517967449132,-2.384502261482674,0.2679865032190965,-1.9842838094828807,0.06892829512363209,0.10026211811658634,0.04001511823077795,0.05698649206190723,-0.015824261950864362,-0.0036117561511887935,-0.010534268714531614,79.49106795687563,-21.51124593374177,10.129408190753422,1.490989414180571,-0.08207064325325716,-0.0004379541107082307
10.579999999999863,measure,0.4,0.17799999999999322,0.45,0.3445779003893267,0.012403988757402215,0.4291183265451697,-0.05542209961067335,-0.165596011242591,-0.02088167345483033,0.175868394974725,12.47710001020678,-0.43228876246778675,0.12663960989789855,-2.383357388127631,0.2676758449244575,-1.9843552281389771,0.06872239118051224,0.1004642828320118,0.04022151117036152,0.05724366775214283,-0.01553291473194958,-0.0035709328048213764,-0.010295197155992683,79.65135089328749,-21.528228902601768,10.13168261755543,1.491692931726242,-0.08206540630449013,-0.00043794294256525694
10.599999999999863,measure,0.4,0.17899999999999316,0.45,0.3448855526064163,0.012922727651562813,0.4290866450219738,-0.05511444739358373,-0.16607727234843034,-0.02091335497802621,0.17622891680604447,12.495494152413766,-0.4302754662276319,0.127448334658979,-2.3822071323288387,0.2673713242323265,-1.9844257778717251,0.06852146345591349,0.10066481200774285,0.04043623805402231,0.057512789939613854,-0.015226034606549699,-0.0035274866374025555,-0.010046386229937424,79.81041587727438,-21.54454471808397,10.134593051997719,1.4925848744637864,-0.0820521386034174,-0.00043780328373951415
10.619999999999862,measure,0.4,0.17999999999999317,0.45,0.3451950802369676,0.013443304076013463,0.4290549902470305,-0.05480491976303242,-0.1665566959239797,-0.020945009752969534,0.1765882374930376,12.513910388902055,-0.42825815023743496,0.12826116401872917,-2.381051736378974,0.2670725911083142,-1.9844955291085447,0.06832530506366352,0.10086579950984757,0.040641467987507895,0.05776979749323509,-0.014936656200614372,-0.003487561840979713,-0.009807919612498349,79.96976525671064,-21.561699775620284,10.13691073817679,1.4932878987059992,-0.08204672576666727,-0.00043779389317055804
10.639999999999862,measure,0.4,0.1809999999999931,0.45,0.34550634437530026,0.013965779718308965,0.4290233420888005,-0.054493655624699766,-0.16703422028168413,-0.020976657911199514,0.17694634617752647,12.532345079367339,-0.426236847558167,0.129078263527943,-2.3798909625784774,0.2667799589015492,-1.9845644285893098,0.06813411264592176,0.1010651339633981,0.040854975460691716,0.05803869002483952,-0.014631610338249612,-0.0034449740382551156,-0.009559620887088142,80.12788361987448,-21.5781928502218,10.139863340481472,1.494179606660325,-0.08203325936747738,-0.00043765432261427296
10.659999999999862,measure,0.4,0.1819999999999931,0.45,0.3458194613621522,0.014490126719156518,0.4289917192074262,-0.05418053863784783,-0.1675098732808366,-0.02100828079257383,0.17730323255797928,12.550802624940275,-0.42421154895806024,0.12989944438283585,-2.3787250521888046,0.2664930754309426,-1.984632547039399,0.06794767772105112,0.10126493000533769,0.04105904274464215,0.05829551948364735,-0.014344173530331265,-0.00340592250445786,-0.00932174624353208,80.28628815209761,-21.595518824925932,10.142224457305558,1.4948822675347275,-0.08202767014604309,-0.0004376466930284314
10.679999999999861,measure,0.4,0.1829999999999931,0.45,0.34613429204121815,0.015016406015935124,0.4289601012599748,-0.05386570795878187,-0.167983593984058,-0.02103989874002521,0.17765888573525426,12.569279375536707,-0.422182287845623,0.13072487101375238,-2.37755376872854,0.26621225668020154,-1.9846998303965109,0.06776619876401917,0.10146305562186034,0.04127133154582615,0.058564173013226674,-0.014040937537052836,-0.003364167855587165,-0.009073947851597835,80.44344869741032,-21.612187970206715,10.145219387144241,1.4957738571051937,-0.08201400448835894,-0.0004375072073677525
10.69999999999986,measure,0.4,0.18399999999999306,0.45,0.34645095264239734,0.01554459031919185,0.42892850708967234,-0.053549047357602686,-0.1684554096808012,-0.02107149291032767,0.17801329539420177,12.587779746286365,-0.4201490549270789,0.13155435575001767,-2.376377352436122,0.2659371483785046,-1.9847663496805952,0.06758946572950031,0.1016616459272058,0.04147423681326516,0.05882081462091317,-0.013755415084848212,-0.0033259642042111014,-0.008836651725943027,80.60089706871673,-21.629683684322504,10.14762410183971,1.496476281621883,-0.08200823835650653,-0.0004375013220967259
10.71999999999986,measure,0.4,0.18499999999999306,0.45,0.3467693037675006,0.016074739811925767,0.4288969161457908,-0.05323069623249943,-0.1689252601880673,-0.021103083854209226,0.17836645059865,12.606300076935819,-0.4181118839558406,0.1323880619093498,-2.3751955680359145,0.2656680690884026,-1.9848320500285064,0.06741767890325176,0.10185854856191356,0.041685307966606355,0.05908922001035967,-0.013453964505098679,-0.003285017395563906,-0.00858934131242754,80.75708857542017,-21.6465277044993,10.150661515302719,1.4973678665325891,-0.08199437283883068,-0.00043736191812920964
10.73999999999986,measure,0.4,0.185999999999993,0.45,0.3470894615281452,0.01660682777122796,0.42886534745223526,-0.05291053847185484,-0.16939317222876504,-0.021134652547764754,0.17871834102134126,12.624844797046247,-0.41607076557934947,0.13322580295174863,-2.3740086547516848,0.26540466250564615,-1.984897002751756,0.06725062670781744,0.10205591882455566,0.04188705211994173,0.05934566421148639,-0.013170329137823586,-0.003247636162485008,-0.008352609771716195,80.91356944856508,-21.66419197422523,10.153109991021742,1.4980701787866733,-0.08198842924150529,-0.0004373577604398155
10.75999999999986,measure,0.4,0.186999999999993,0.45,0.3474112862929095,0.017140913621644042,0.42883378025408536,-0.052588713707090506,-0.16985908637834896,-0.02116621974591465,0.17906895569301254,12.643410235800207,-0.4140257338932975,0.13406774109030678,-2.3728163785010956,0.2651472497165898,-1.9849611521874855,0.06708851121772022,0.10225158430259862,0.042096906927907296,0.05961381252946561,-0.012870639452816088,-0.003207471786471945,-0.008105774504860795,81.06878067207514,-21.681209666402683,10.15619004058558,1.4989618700977454,-0.0819743632208551,-0.000437218435133618
10.779999999999859,measure,0.4,0.187999999999993,0.45,0.34773489404789065,0.017676971203335015,0.42880223375353205,-0.05226510595210937,-0.170323028796658,-0.021197766246467964,0.17941828427585718,12.662000837625344,-0.41197677948956346,0.13491369091294556,-2.371618977501729,0.26489547243919065,-1.9850245699361284,0.06693111935470569,0.10244772018670288,0.04229749113193872,0.05987004996833093,-0.012588863869958803,-0.003170887432149365,-0.007869593150726653,81.22428268623011,-21.69904130209031,10.158682436376449,1.49966419128054,-0.08196824157331929,-0.00043721598823505577
10.799999999999859,measure,0.4,0.18899999999999295,0.45,0.348060144936994,0.018215059178446576,0.4287706869950659,-0.051939855063006024,-0.17078494082154638,-0.021229313004934136,0.17976631577146657,12.680612920740492,-0.40992393680350164,0.1357638135363054,-2.3704162188519518,0.26464965422926917,-1.9850871995360415,0.06677865496005314,0.10264213430309065,0.04250613116799157,0.060137932488872656,-0.01229091049607468,-0.003131479995654639,-0.0076232197326276405,81.37850235807647,-21.716231456488963,10.161805270872865,1.5005560973992247,-0.08195397436492385,-0.0004370767387092307
10.819999999999858,measure,0.4,0.18999999999999295,0.45,0.3483871548137668,0.01875515194656459,0.4287391593567865,-0.051612845186233214,-0.17124484805342838,-0.021260840643213486,0.18011303983308918,12.699250944874576,-0.4078671963746399,0.13661792467316428,-2.3692083397717876,0.26440943488194224,-1.9851491128743097,0.06663090348581525,0.1028370214430869,0.04270555684294443,0.06039395400820604,-0.012010967366346888,-0.0030956669134142765,-0.007387573711894663,81.53301412882206,-21.734229262836706,10.164341741651738,1.501258545809225,-0.08194767405247565,-0.00043707598574448375
10.839999999999858,measure,0.4,0.1909999999999929,0.45,0.3487157836059095,0.019297307403612025,0.42870762968619835,-0.05128421639409053,-0.17170269259638088,-0.021292370313801656,0.18045844543712336,12.717911216878564,-0.40580659297538674,0.13747618435205067,-2.3679951085276043,0.2641751403688718,-1.9852102526912294,0.06648807051803886,0.10303016996265961,0.04291298394431916,0.06066156220915966,-0.011714725653522922,-0.0030569908459800303,-0.007141648388819654,81.68623095662485,-21.751590663015268,10.1675075062391,1.5021507725013237,-0.08193320492944983,-0.00043693680927879217
10.859999999999857,measure,0.4,0.1919999999999929,0.45,0.3490461470275986,0.019841500504788293,0.4286761175349449,-0.0509538529724014,-0.17215849949520462,-0.021323882465055122,0.18080252222952242,12.736598212220182,-0.403742117096121,0.13833840940723077,-2.366776761350629,0.2639464086165968,-1.985270691158628,0.0663499400699449,0.10322379396328693,0.04311125275900475,0.06091735884876,-0.011436587613748744,-0.0030219233699295125,-0.0069065224046984605,81.83974107598141,-21.76975343925897,10.170088202764457,1.502853463555231,-0.08192672530708785,-0.0004369377333390632
10.879999999999857,measure,0.4,0.1929999999999929,0.45,0.34937810479870546,0.020387788376093376,0.42864460155714507,-0.050621895201294564,-0.17261221162389953,-0.021355398442854945,0.18114525916544938,12.755308225972826,-0.4016738038437063,0.13920475878762123,-2.365553067662426,0.26372356795971325,-1.9853303702192617,0.06621671945040165,0.10341566262073336,0.043317469019523505,0.061184684410139675,-0.011142032844176862,-0.0029839530316879523,-0.006661030977161755,81.99194374346729,-21.78728486233462,10.173297038900147,1.50374611395591,-0.08191205350014678,-0.0004367986273497784
10.899999999999856,measure,0.4,0.19399999999999284,0.45,0.3497117724874287,0.020936146524367386,0.42861310147563825,-0.05028822751257134,-0.17306385347562547,-0.021386898524361764,0.18148664588525584,12.774045749781706,-0.39960164366256373,0.14007505044531157,-2.3643242627143195,0.2635062545097469,-1.9853893623281473,0.06608819126441717,0.10360800905713041,0.04351458288451766,0.06144024740532386,-0.010865672498316393,-0.0029496054442806766,-0.006426409299223948,82.14444077996305,-21.805611402433378,10.17592210774916,1.504449160200054,-0.08190539389221103,-0.00043680121147040597
10.919999999999856,measure,0.4,0.19499999999999285,0.45,0.35004700961409374,0.021486631302105777,0.4285815957547543,-0.04995299038590628,-0.17351336869788708,-0.021418404245245715,0.1818266713268329,12.792807066528276,-0.3975256719914226,0.14094944225826217,-2.3630901170701684,0.2632947989120481,-1.9854476086308148,0.06596456452178158,0.10379858355705696,0.0437195906475294,0.06170728220755708,-0.010572779884940002,-0.002912315133379332,-0.006181337131779476,82.29561794702171,-21.82331161929623,10.179174153164727,1.50534233482518,-0.0818905185893526,-0.0004366621735183134
10.939999999999856,measure,0.4,0.1959999999999928,0.45,0.35038393159452685,0.02203921876366209,0.4285501042861931,-0.04961606840547317,-0.17396078123633069,-0.0214498957138069,0.18216532512666697,12.811596684475985,-0.3954458792319245,0.14182775329243152,-2.3618508650104175,0.26308883551598694,-1.9855051818642702,0.06584562044965074,0.103989637974904,0.043915551708467726,0.0619626029875371,-0.010298169803058175,-0.0028786616727699797,-0.005947203606542162,82.4470904458042,-21.841800712115372,10.181843736710896,1.5060458459464947,-0.08188367828927749,-0.0004366664006859519
10.959999999999855,measure,0.4,0.1969999999999928,0.45,0.3507223977576999,0.022593964484562114,0.4285186053480875,-0.0492776022423001,-0.17440603551543069,-0.02148139465191251,0.18250259620934497,12.830410873894106,-0.3933623011520852,0.1427101403636283,-2.3606062782282256,0.26288869722621855,-1.985562022376923,0.06573156973691224,0.10417890399196249,0.04411935355983939,0.062229339109589374,-0.010006914488419312,-0.0028420256326379995,-0.005702535636924809,82.59723074858836,-21.8596684876386,10.18513912538845,1.5069396427033839,-0.08186859863544857,-0.00043652742844921006
10.979999999999855,measure,0.4,0.1979999999999928,0.45,0.351062523360889,0.023150845062395245,0.42848711899867853,-0.04893747663911102,-0.17484915493759756,-0.021512881001321482,0.18283847420926636,12.849254160107414,-0.39127492811393166,0.14359642364744404,-2.3593565900423106,0.2626940166821004,-1.9856182031869154,0.06562219226296503,0.10436865190767738,0.04431416419078637,0.062484409295749034,-0.009734027205907318,-0.0028090404996164026,-0.005468873697360759,82.74766723157641,-21.87831891712701,10.187853361782564,1.5076437255408732,-0.08186157690542534,-0.00043653328161043226
10.999999999999854,measure,0.4,0.19899999999999274,0.45,0.3514041675498107,0.023709915292366962,0.42845562333348564,-0.048595832450189336,-0.17529008470762578,-0.021544376666514375,0.18317294804168585,12.868122800347114,-0.3891837962121968,0.14448675890648413,-2.3581015732620467,0.26250512899688133,-1.9856736638454342,0.0655177003740393,0.10455659508674489,0.044516762952004144,0.06275083901319023,-0.009444384260955091,-0.0027730329259367907,-0.005224594446286808,82.89675928264685,-21.896353010374717,10.19119222393302,1.5085382397393015,-0.08184629200227568,-0.000436394372896433
11.019999999999854,measure,0.4,0.19999999999999274,0.45,0.3517474454172314,0.02427115231088061,0.42842413857498785,-0.048252554582768614,-0.17572884768911212,-0.021575861425012166,0.1835060073407341,12.887021337444585,-0.38708889577244204,0.14538096742146273,-2.356841460253701,0.26232166515133,-1.985728477651245,0.06541787263161108,0.10474502198773789,0.04471042574892966,0.06300565041728455,-0.009173192277567436,-0.0027406902905371994,-0.004991387121410552,83.04614824872885,-21.915163555740328,10.193951247084442,1.5092429982952067,-0.08183908807289061,-0.00043640183494658615
11.039999999999853,exit,0.4,0.20099499999999276,0.45,0.3520922159336197,0.02483461012958177,0.42839264263966775,-0.0479077840663803,-0.176160389870411,-0.021607357360332258,0.18383284969108005,12.9059460151623,-0.38499115656188787,0.14627505734405694,-2.3555853124287127,0.26216395062166,-1.985778282839543,0.06533117652025441,0.1048869605277089,0.044704496129710725,0.06280739124941682,-0.00788572648349904,-0.0024902594148957435,-0.004334805567833472,83.16050386796881,-21.941957873823256,10.192781316051416,1.5109388062168871,-0.08183504284335151,-0.0004346991703796906
11.059999999999853,exit,0.4,0.20197999999999283,0.45,0.35243857797256034,0.025401230221078812,0.42836196085547584,-0.04756142202743968,-0.176578769778914,-0.021638039144524168,0.18414764603417252,12.924769339053208,-0.3828905777647539,0.14716678519312193,-2.3543380837511028,0.2620421441762447,-1.9858209054620977,0.06526176105174887,0.10502893985669867,0.04458639245324947,0.06236143388049998,-0.006090322270761943,-0.002131131127732606,-0.003470773425277015,83.27307652472008,-21.96525092518334,10.193281404908761,1.5120079661294368,-0.08183469222101039,-0.0004339576355351267
11.079999999999853,exit,0.4,0.2029549999999929,0.45,0.3527864193697445,0.025971713299710437,0.4283325011774096,-0.04721358063025555,-0.17698328670028246,-0.021667498822590392,0.18444968547653037,12.943419785837838,-0.3807873075740345,0.14805529194518913,-2.3531014891006508,0.26195938341004266,-1.9858558520265261,0.06521156755111913,0.10516350953596755,0.044425337603359434,0.06182973252260839,-0.0041380383101041395,-0.001747328221424415,-0.0025096750314869097,83.38006827090119,-21.985580710005188,10.195495897101106,1.5128527377459509,-0.0818321238563481,-0.0004329201806006931
11.099999999999852,exit,0.4,0.20391999999999294,0.45,0.35313562443487945,0.02654626244885825,0.42830442644259464,-0.046864375565120575,-0.1773737375511347,-0.021695573557405368,0.1847387625322641,12.961849984784463,-0.37868145920228613,0.14893998426054775,-2.351876100545016,0.2619135129565604,-1.9858838652336763,0.06518073184941771,0.10529241858742011,0.04423461576793069,0.06126942778171993,-0.002293522674111874,-0.001400660357506665,-0.001541785085071436,83.4825096155036,-22.005275533005403,10.197709843398878,1.5132285709283084,-0.08184260718283494,-0.00043171821743355834
11.119999999999852,exit,0.4,0.20487499999999298,0.45,0.35348565119145503,0.02712492514396926,0.4282776856930157,-0.04651434880854499,-0.17775007485602373,-0.02172231430698429,0.18501495262614978,12.980006179213829,-0.37657319622553637,0.1498208330216729,-2.350661334382179,0.26190071352352673,-1.9859061005449483,0.0651690603167978,0.10541314883748731,0.04404243805625757,0.06073830814186383,-0.0006399716516844332,-0.001111765563597033,-0.0005835766309956943,83.57856374556565,-22.023714389131488,10.200706011128498,1.5136101117705731,-0.08184827638536009,-0.00043025847750033635
11.139999999999851,exit,0.4,0.205819999999993,0.45,0.3538360855560573,0.027707570038953674,0.42825217648334013,-0.046163914443942744,-0.17811242996103932,-0.02174782351665988,0.1852784729296029,12.997843466198608,-0.374462647893698,0.15069768507637674,-2.3494566797147183,0.26191605146366453,-1.9859239175833048,0.06517574464731439,0.10552741659191874,0.04384260273519208,0.06023273337303266,0.0007668970068893653,-0.0008908519178259908,0.0003342165258296986,83.66942888775803,-22.042323017678182,10.20338714012265,1.5138043010323095,-0.08185907835510667,-0.00042899788625776984
11.159999999999851,exit,0.4,0.20675499999999308,0.45,0.3541863245231079,0.02829407827056455,0.4282277367841486,-0.045813675476892135,-0.17846092172942854,-0.021772263215851406,0.18552957955743749,13.015316401674637,-0.3723499763436383,0.1515706446129596,-2.3482613338875415,0.26195550793130284,-1.9859384288721322,0.06520022528427206,0.10563357750298263,0.04364797682914285,0.05976729135883687,0.0019728233819167286,-0.0007255644413775709,0.0012240318478834986,83.75392754630299,-22.06031296545421,10.206540428461585,1.5141552657443034,-0.0818610956642912,-0.0004278738258878369
11.17999999999985,exit,0.4,0.2076799999999932,0.45,0.3545360020430144,0.02888428007127078,0.42820424362108145,-0.045463997956985636,-0.17879571992872242,-0.021795756378918563,0.1857685107094098,13.03239427280648,-0.3702353136609569,0.15243964245988614,-2.3470748797932632,0.26201562795680317,-1.9859505402546223,0.06524178763030355,0.1057331341340711,0.043449892346327006,0.059322704713916506,0.0030060012750157544,-0.0006055691245061903,0.0020781173015745964,83.83313093474614,-22.078575227599824,10.209421491996169,1.514473048006964,-0.08186323039655286,-0.000427134218857368
11.19999999999985,exit,0.4,0.2085949999999932,0.45,0.35488471460385884,0.029478064008915096,0.4281815801089153,-0.04511528539614118,-0.1791169359910781,-0.021818419891084684,0.18599545473411688,13.049052342326135,-0.36811881022321724,0.15330471678573995,-2.345896912002823,0.26209427095258375,-1.9859608077981508,0.06530000723374946,0.10582517188698266,0.04325371629268992,0.05889838952203033,0.0039321497890301045,-0.0005133771764305474,0.002910980172295362,83.90640573116588,-22.096529641387203,10.212558378073393,1.5149388788395002,-0.08185802416044899,-0.0004266349807657858
11.21999999999985,exit,0.4,0.2094999999999933,0.45,0.3552322561705883,0.03007531616916999,0.4281596799406906,-0.04476774382941173,-0.17942468383082333,-0.021840320059309415,0.18621054652102773,13.065278920015277,-0.36600059933994505,0.15416581262424114,-2.3447273015178145,0.26219007780948556,-1.9859695554331787,0.06537448642869158,0.1059105441636092,0.04305479192505967,0.05848052425041565,0.004790342845089241,-0.00043738175139433833,0.0037239597471056883,83.9743613565189,-22.114590252645392,10.215575798671104,1.5154273610993587,-0.0818511929821733,-0.00042642177067946183
11.23999999999985,exit,0.4,0.21039499999999328,0.45,0.3555784504159729,0.030675965207421205,0.4281384982348936,-0.04442154958402711,-0.17971903479257206,-0.021861501765106428,0.18641386963862333,13.081068390480446,-0.36388081733146355,0.15502286484650465,-2.343566041954604,0.2623024085710557,-1.985976910140005,0.0654649373641032,0.1059891004240762,0.042852611113176155,0.0580629781605282,0.005616538078507551,-0.00036773534132287134,0.004522546770581497,84.0369173448054,-22.13258486898578,10.218615041935088,1.5159665982438941,-0.08184164365819105,-0.00042638709009634734
11.259999999999849,exit,0.4,0.21127999999999336,0.45,0.3559231909837203,0.03127995611329539,0.42811801506729996,-0.04407680901627975,-0.18000004388669796,-0.02188198493270005,0.18660547193709434,13.096421030973513,-0.36175960231020887,0.15587584885321837,-2.3424131473698258,0.26243122697208465,-1.985982845313066,0.06557122476949073,0.10606075106273491,0.0426492003356861,0.057644729238898844,0.006440920051447469,-0.00029675865303754965,0.005314370269375985,84.09400015098771,-22.15040898054312,10.221750465890281,1.5165629933954619,-0.08182915769789262,-0.0004264434506172782
11.279999999999848,exit,0.4,0.21215499999999343,0.45,0.35626645680103275,0.03188723802229045,0.42809823425701315,-0.04373354319896727,-0.18026776197770297,-0.021901765742986856,0.18678537456622876,13.111341914730232,-0.3596370768558901,0.15672459976739042,-2.3412688647500466,0.2625764459554665,-1.9859873267419215,0.06569307135595953,0.10612627271593879,0.042437545708602385,0.05721413098896659,0.007260949169090154,-0.0002240714427757097,0.0060923293234396575,84.14619367795923,-22.16843314469309,10.224638226214214,1.517088448887051,-0.08181932605195179,-0.00042662001498591177
11.299999999999848,exit,0.4,0.2130199999999935,0.45,0.35660814347570124,0.03249779344544179,0.42807915040423083,-0.04339185652429878,-0.1805222065545517,-0.021920849595769176,0.18695358760652306,13.125834247645214,-0.3575133883147522,0.1575691534559881,-2.340133181708717,0.2627385584299743,-1.9859902024650553,0.06583051854776986,0.10618442705689433,0.042227684429883235,0.05678415206646073,0.008105623725389312,-0.00014378615669172166,0.006872359590516566,84.19259201146453,-22.185955336900484,10.227893553948432,1.5177289899016986,-0.08180399756424578,-0.00042671512884005086
11.319999999999848,exit,0.4,0.21387499999999354,0.45,0.3569483192258563,0.03311156687390764,0.4280607904792421,-0.04305168077414373,-0.1807634331260859,-0.021939209520757896,0.18711011433752966,13.139906863964967,-0.3553886504599371,0.15840930569608455,-2.3390064191099893,0.262917506942304,-1.9859914307703188,0.06598327976077782,0.10623689274075525,0.042007612004822545,0.05633812993638622,0.008947425616485212,-6.14152631723423e-05,0.007638060650398223,84.23441623057175,-22.203880208489533,10.230697035792252,1.5182120313523602,-0.08179506310595491,-0.0004269154137226403
11.339999999999847,exit,0.4,0.21471999999999358,0.45,0.3572868602592265,0.03372855178179722,0.428043148460457,-0.04271313974077351,-0.18099144821819635,-0.02195685153954302,0.1872549597852202,13.15356173694518,-0.35326301209018474,0.1592450846397333,-2.3378885653974057,0.26311370344777707,-1.985990886376228,0.06615139936238391,0.10628191848761873,0.041788947182437065,0.055892685629187575,0.009809825273653228,2.7219704541642107e-05,0.008405980080304753,84.270407718107,-22.22123561355898,10.233918390506714,1.518812557623887,-0.08178043774253325,-0.000426978269524661
11.359999999999847,exit,0.4,0.21555499999999367,0.45,0.3576238226151281,0.034348690961927865,0.42802624885207624,-0.04237617738487193,-0.1812063090380658,-0.02197375114792377,0.18738813352094635,13.16680603726709,-0.3511365920676792,0.16007634758852657,-2.3367798381349933,0.2633270989362782,-1.9859885414313476,0.06633467887974076,0.10632100112527507,0.0415631474396634,0.05543636312061916,0.010669774425057541,0.00011724724400848667,0.00916397586784226,84.30162992850559,-22.238848801724938,10.236807451132494,1.5192881232354363,-0.08177072943843891,-0.00042709879725683336
11.379999999999846,exit,0.4,0.21637999999999374,0.45,0.35795911774489997,0.034971962114573873,0.4280100898271748,-0.042040882255100054,-0.18140803788541987,-0.0219899101728252,0.1875096481241273,13.179641291232459,-0.3490095246186972,0.16090299911856787,-2.3356803722042296,0.26355764803456816,-1.985984376316818,0.06653297396567924,0.1063533724491013,0.041332576502064615,0.054973296538180665,0.011527454914496511,0.00020825572648879506,0.00991475429692375,84.32756041909634,-22.256269052455078,10.239772183933677,1.5197683203443035,-0.0817602197939745,-0.00042716886678943397
11.399999999999846,exit,0.4,0.21719499999999375,0.45,0.3582926850789616,0.03559832659649975,0.42799467290253645,-0.04170731492103841,-0.181596673403494,-0.022005327097463556,0.18761952544925675,13.192069320430617,-0.34688194479855666,0.1617249967853552,-2.3345902241023575,0.26380538633264267,-1.9859783605978896,0.06674622052252924,0.10637899100702669,0.041099883339367156,0.05450740509360916,0.012386914903725964,0.00030078594642062007,0.010662327842499566,84.34813774837855,-22.273484505931627,10.24281984834265,1.5202591339324925,-0.08174863930281347,-0.00042719447729306064
11.419999999999845,exit,0.4,0.21799999999999387,0.45,0.35862450203854157,0.03622773597078258,0.42798000547133186,-0.04137549796145845,-0.1817722640292113,-0.022019994528668152,0.1877177880780256,13.204092549073087,-0.34475396916914197,0.16254212395635428,-2.3335096833946496,0.2640698829999588,-1.9859705596668513,0.0669740942866117,0.10639878147073512,0.04085635854995362,0.05402703538540308,0.013224833365806219,0.0003900465519152518,0.011393688204123092,84.36405940585685,-22.290956823340576,10.245532447020222,1.5206254476644245,-0.08174192614642939,-0.00042729212641419694
11.439999999999845,exit,0.4,0.21879499999999386,0.45,0.3589543996596355,0.0368601715562543,0.4279660682848729,-0.04104560034036453,-0.18193482844373957,-0.02203393171512713,0.18780446548200277,13.215708191017775,-0.3426257509113684,0.16335445620794933,-2.332438634449623,0.2643513987127625,-1.9859609043193216,0.06721670763385516,0.1064109128886799,0.040616612579752805,0.05355244725134305,0.014075785640184184,0.00048276737648331137,0.01213066736217268,84.3739770336588,-22.307730510209105,10.248776386489045,1.5211514494889253,-0.0817275571832253,-0.00042723720364255726
11.459999999999845,exit,0.4,0.21957999999999395,0.45,0.3592824463997004,0.037495558304585765,0.4279528839704303,-0.040717553600299605,-0.1820844416954082,-0.022047116029569713,0.1878795848514231,13.226920985227187,-0.3404974035487187,0.16416183440577803,-2.3313772929430576,0.264649655007948,-1.9859494306408332,0.06747383925763857,0.106417368132483,0.04036890989143501,0.0530670753282632,0.014912814759275821,0.0005736839244248943,0.012856581189170498,84.37931851851515,-22.324882097441904,10.251568987296928,1.5215199343309957,-0.08171952591990646,-0.0004272984907365777
11.479999999999844,exit,0.4,0.22035499999999403,0.45,0.3596085209309048,0.038133869381785666,0.42794044160726324,-0.04039147906909524,-0.18222113061820835,-0.022059558392736767,0.1879431726390982,13.237729095950055,-0.33836906157547075,0.16496416194820002,-2.3303257799121604,0.2649644820714095,-1.985936155611137,0.06774534975068604,0.10641709866239724,0.04011637712109922,0.0525756515448614,0.015741353173072417,0.0006637514848044676,0.013575524652373263,84.37936837789866,-22.341800184391296,10.25446924338107,1.5219093969742628,-0.08170994013725463,-0.0004273237949107738
11.499999999999844,exit,0.4,0.2211199999999941,0.45,0.35993255002717306,0.038775059227921974,0.4279287382186654,-0.04006744997282696,-0.18234494077207214,-0.022071261781334617,0.1879952620922019,13.24813224297201,-0.33624085947450105,0.16576140152560578,-2.3292841398078274,0.2652958802147851,-1.9859210615909872,0.06803119983805403,0.10641010504848392,0.039861978870288105,0.05208200521663733,0.01656990716878218,0.0007547010074924862,0.014292504368399928,84.37408595670837,-22.358491977663824,10.257466265409498,1.5223199433432795,-0.08169880139588215,-0.00042732087812858994
11.519999999999843,exit,0.4,0.22187499999999416,0.45,0.36025451141140213,0.039419074153723734,0.4279177801904147,-0.03974548858859789,-0.18245592584627043,-0.0220822198095853,0.18803588266946533,13.258131628391277,-0.33411291377208435,0.16655335715695083,-2.3282526375604986,0.2656434650425809,-1.9859042067388595,0.06833111356777768,0.10639728512083628,0.03959778156725185,0.05157511236643302,0.017379241389790454,0.0008427426063898538,0.014995686486183076,84.36415012482149,-22.37539872541069,10.260155116537689,1.5226187822625556,-0.08169198666780814,-0.0004273997124625943
11.539999999999843,exit,0.4,0.2226199999999942,0.45,0.36057425288391737,0.04006588789203599,0.42790755065255,-0.039425747116082654,-0.18255411210795822,-0.022092449347450027,0.18806506773283527,13.267724099490461,-0.3319853704100709,0.1673400488949674,-2.327231240236812,0.26600739337466617,-1.985885541210662,0.06864514564948163,0.10637716810067266,0.03933458690082842,0.05106986618433521,0.018196416604262848,0.0009332764098794918,0.01570160408519673,84.34848381606092,-22.391754674426547,10.263236279161372,1.5230352432193772,-0.08167933273595994,-0.0004273704398208393
11.559999999999842,exit,0.4,0.22335499999999425,0.45,0.3608918020457664,0.0407154336713681,0.4278980651324557,-0.03910819795423365,-0.18263956632862616,-0.022101934867544304,0.18808284839619302,13.276912398071651,-0.32985834916743295,0.16812136857602936,-2.326220101551102,0.2663875474915033,-1.98586506740472,0.0689731707151312,0.10635106213189975,0.03906598405309864,0.05055693428549784,0.01900770584185593,0.0010236902970948757,0.016401253282479062,84.32801876306762,-22.40826069207154,10.26606109792609,1.5233589485050807,-0.08167017524634711,-0.00042741175033986223
11.579999999999842,exit,0.4,0.22407999999999434,0.45,0.3612070839800542,0.04136767222966489,0.4278893210933311,-0.03879291601994583,-0.18271232777032945,-0.0221106789066689,0.18808925321319314,13.285695693547149,-0.327731971856804,0.16889713679778787,-2.3252194678292297,0.2667836000364144,-1.9858428308913694,0.06931494414017887,0.10631886553144712,0.03878841108792534,0.05003168609361806,0.019802627245554125,0.0011118256675271916,0.017088671252383652,84.3027290554411,-22.424796546824812,10.268740652554277,1.5236222874448782,-0.08166306607495197,-0.00042748861398260365
11.599999999999842,exit,0.4,0.22479499999999442,0.45,0.36151996244998663,0.042022570875265876,0.4278813044193333,-0.03848003755001339,-0.18277242912472855,-0.022118695580666703,0.1880843184111705,13.294071150172986,-0.3256063844536768,0.1696673986541077,-2.324229278032843,0.2671958029390916,-1.9858187609179265,0.06967057323108435,0.10627937015636298,0.03851309281599256,0.04950948981934129,0.020610145133863188,0.0012034986721368571,0.017781454545273773,84.27169715447313,-22.440760480947596,10.271826272651028,1.5240087146233212,-0.08164984993697941,-0.00042745206424600526
11.619999999999841,exit,0.4,0.22549999999999448,0.45,0.36183048976511484,0.04268005885003451,0.4278740352599193,-0.038169510234885184,-0.18281994114995997,-0.022125964740080717,0.18806807466799125,13.302042044953044,-0.3234817010315712,0.17043201249791745,-2.323249737205542,0.26762397163410073,-1.985792872056456,0.07003988917994543,0.10623417110527927,0.038230692190486436,0.048977041365036555,0.02140843475045454,0.0012944430735253752,0.018465797443054162,84.23608206337866,-22.45698739862232,10.274543330040288,1.5242648654977584,-0.08164180239287683,-0.00042751613453648283
11.63999999999984,exit,0.4,0.22619499999999448,0.45,0.3621385652033728,0.0433401015599794,0.4278675062319235,-0.037861434796627236,-0.18285489844001507,-0.022132493768076522,0.18804055256449717,13.30960641503496,-0.3213580489848607,0.1711908470107128,-2.3222810282834137,0.2680679051932212,-1.9857651841287924,0.07042272584746392,0.10618260233552594,0.03794172563976777,0.04843544610643077,0.022196677956023467,0.0013843963831790878,0.019141833375924736,84.1954423456151,-22.473072855879884,10.277266599989712,1.5245098705564881,-0.08163360452162507,-0.00042757270359728653
11.65999999999984,exit,0.4,0.22687999999999459,0.45,0.36244409360790236,0.04400265593428485,0.4278617102688225,-0.03755590639209766,-0.18287734406570974,-0.022138289731177485,0.18800178975127216,13.316762506029656,-0.3192355670710669,0.1719439136473659,-2.3213231406849912,0.2685277839327487,-1.9857356397372474,0.0708191470352175,0.10612409568969004,0.037653331832654346,0.047894379921110015,0.022993936976372868,0.0014772195772538095,0.019821059387678336,84.14932232387385,-22.488748225318556,10.280240928224728,1.5248275489730796,-0.08162152004156108,-0.00042755731114383754
11.67999999999984,exit,0.4,0.22755499999999468,0.45,0.3627471010879245,0.04466765702711299,0.4278566625000549,-0.037252898912075505,-0.18288734297288167,-0.022143337499945126,0.18795181854047127,13.32351242346668,-0.3171143701832614,0.17269106763970757,-2.3203762845294267,0.26900340659102956,-1.9857042569769323,0.07122897865559702,0.10605984439027547,0.03735769961708435,0.047342807778234804,0.023781132914044666,0.001569138015752347,0.02049158101897636,84.09860208605268,-22.504618304769906,10.28290258736898,1.5250322908713403,-0.08161383371508128,-0.00042762661481845436
11.69999999999984,exit,0.4,0.2282199999999947,0.45,0.36304748398660275,0.04533506779925391,0.42785235435999747,-0.036952516013397274,-0.18288493220074079,-0.022147645640002545,0.18789067319370872,13.329853849156653,-0.3149945866293959,0.17343219902238255,-2.319440615742537,0.2694946288121735,-1.9856710439240575,0.07165209121172846,0.10598917769327458,0.037056569133749516,0.04678343934448207,0.02456111105719793,0.0016606526437383635,0.02115562780657153,84.04282093535878,-22.52029245818078,10.285614852122414,1.5252412968143334,-0.08160529826107724,-0.0004276764877968629
11.719999999999839,exit,0.4,0.22887499999999478,0.45,0.36334516574871084,0.046004840141773765,0.4278487816889529,-0.03665483425128918,-0.18287015985822103,-0.022151218311047105,0.18781839290448757,13.335785375436323,-0.3128763523696284,0.1741673144348596,-2.318516133765002,0.27000162933071786,-1.9856359424458172,0.07208854735081521,0.10591171298837485,0.036755770623852574,0.04622409887675428,0.025350025927217617,0.0017550739120094985,0.021822806954337963,83.98166336193395,-22.53560478355587,10.288528010656437,1.5255072387969708,-0.0815935604187558,-0.00042766840954470454
11.739999999999839,exit,0.4,0.22951999999999484,0.45,0.36364017017388567,0.04667690951472374,0.42784595885838334,-0.036359829826114354,-0.1828430904852711,-0.022154041141616676,0.18773501139130513,13.341308774789212,-0.31075978227598217,0.1748962780093884,-2.3176030391586377,0.27052423197226727,-1.9855989650091466,0.07253818889072812,0.10582850468231078,0.036448178726439136,0.045654730318207805,0.02613013207747131,0.0018488718335331984,0.022482076995645525,83.91591172266541,-22.551078277820707,10.291152303360152,1.5256678094630958,-0.08158588507262979,-0.00042773881882100795
11.759999999999838,exit,0.4,0.23015499999999495,0.45,0.363932401756055,0.04735123577290765,0.4278438782477694,-0.03606759824394501,-0.1828037642270873,-0.022156121752230584,0.1876405648834463,13.346421760855641,-0.3086450015226325,0.17561896562400192,-2.316701510100665,0.2710622579726345,-1.985560126048043,0.07300086584237521,0.10573903766748274,0.036134380730676145,0.045076452898629826,0.026901300018362335,0.00194194805517726,0.023133847582354674,83.84521754477797,-22.566397656195598,10.293782290942508,1.525817942928729,-0.08157800648430452,-0.00042780200883912965
11.779999999999838,exit,0.4,0.230779999999995,0.45,0.36422177269150374,0.048027771649267886,0.4278425330798841,-0.03577822730849628,-0.1827522283507271,-0.022157466920115887,0.18753509500040455,13.351122322725722,-0.30653214778376187,0.17633540307621756,-2.3158115215515505,0.2716159408037552,-1.9855193555183477,0.07347667483695275,0.1056426869435341,0.035821872610782325,0.0444994274557233,0.027684141556032497,0.002038526484766218,0.023790449728876773,83.76908814165783,-22.58128310947879,10.296675871212887,1.526046158721617,-0.0815659553663308,-0.0004277890317055909
11.799999999999837,exit,0.4,0.23139499999999502,0.45,0.36450832439016834,0.0487064484617189,0.4278419405359905,-0.035491675609831685,-0.18268855153827612,-0.022158059464009505,0.18741863701339168,13.355412602286757,-0.30442133511385305,0.17704547326905754,-2.314933252012343,0.2721851621478076,-1.9854766532278967,0.07396549111283368,0.1055406334954406,0.03550350964199858,0.04391347696038234,0.02846106720262079,0.0021351145225548666,0.024440813794046373,83.68839213813106,-22.596325430206136,10.299277044937384,1.5261681527916662,-0.08155800712604355,-0.0004278564594326524
11.819999999999837,exit,0.4,0.23199999999999515,0.45,0.3647919785101243,0.04938722258250267,0.4278420956788386,-0.03520802148987573,-0.1826127774174925,-0.022157904321161437,0.18729122771039744,13.359290647316989,-0.30231268147488055,0.17774900224875675,-2.3140669510534333,0.2727696115031144,-1.9854320598559625,0.0744670846469566,0.10543268194862611,0.035176448984960564,0.04331504794548019,0.029222467765339953,0.0022296685967093787,0.0250796767061462,83.60302770388623,-22.611347210436907,10.301752596636232,1.5262357067767756,-0.08155182204245771,-0.0004279528417051653
11.839999999999836,exit,0.4,0.23259499999999522,0.45,0.3650726051956949,0.05007005285950757,0.42784298328892456,-0.03492739480430512,-0.18252494714048764,-0.02215701671107545,0.18715291241652768,13.362752845060085,-0.3002063308662675,0.1784460583417338,-2.313212535134108,0.27336963273794446,-1.9853854823809423,0.0749816215627944,0.1053175304306511,0.0348528046488517,0.04272079596624837,0.03000106174150298,0.002328873751006937,0.025726845791890003,83.51200284464711,-22.625744025919467,10.304667609051858,1.5264399460517755,-0.08153879923187723,-0.0004279220919433911
11.859999999999836,exit,0.4,0.23317999999999528,0.45,0.36535028315695006,0.050754862252570226,0.4278446269445997,-0.03464971684304996,-0.18242513774742505,-0.02215537305540033,0.1870037280769945,13.365802391563244,-0.2981023957292928,0.17913655298446068,-2.312370148338108,0.27398519928331655,-1.985336900635108,0.07550902879990429,0.10519675684873542,0.034524732136344286,0.042119339800000044,0.030778327268603512,0.002429087291709378,0.026370361855494222,83.41645993544131,-22.640321436736492,10.307260029922213,1.5265289777739333,-0.08153028709486804,-0.00042798210009801184
11.879999999999836,exit,0.4,0.23375499999999538,0.45,0.36562496033254044,0.05144160344312131,0.4278470262053751,-0.034375039667459584,-0.18231339655687406,-0.022152973794624886,0.1868437105288502,13.368437966582798,-0.29600099308732736,0.1798203323097333,-2.31154001643095,0.2746160597393893,-1.985286342474625,0.0760491102707366,0.10507013209827151,0.034188966263630945,0.04150659535791851,0.03154302280363864,0.0025279080241474025,0.02700407354161576,83.3162872285898,-22.65489069753092,10.309708906569687,1.5265571057261536,-0.08152382091185155,-0.0004280754620371958
11.899999999999835,exit,0.4,0.23431999999999542,0.45,0.3658965248636939,0.052130231864631046,0.42785016852537017,-0.03410347513630613,-0.18218976813536436,-0.022149831474629844,0.1866729055432121,13.370656318821723,-0.29390225440376133,0.18049736060073376,-2.3107221998237804,0.27526227072864584,-1.985233773323111,0.07660186131241432,0.10493693417830185,0.033851414550023086,0.04089083035846626,0.03231054946282668,0.002628457575707932,0.027637552083886036,83.21092964980333,-22.66908190130375,10.312361761129312,1.5266423870215333,-0.08151406623908916,-0.00042810542086887254
11.919999999999835,exit,0.4,0.2348749999999955,0.45,0.3661649661810289,0.052820684446894646,0.42785406008622107,-0.03383503381897113,-0.18205431555310086,-0.022145939913778945,0.18649135631364702,13.372457492121596,-0.29180630459055057,0.1811676206668589,-2.3099167408396446,0.2759239741778972,-1.9851791392403066,0.0771673187358139,0.10479749066053876,0.033513003306257255,0.040272949206777924,0.03308517246256947,0.0027317041402098083,0.02827287116997858,83.1006068087096,-22.683094690861296,10.31502559918217,1.5267232050086308,-0.0815038150367485,-0.00042813102400096614
11.939999999999834,exit,0.4,0.23541999999999558,0.45,0.3664302926387954,0.05351289956280768,0.4278587108463045,-0.033569707361204626,-0.18190710043718789,-0.02214128915369551,0.1862991012516422,13.3738420131002,-0.28971325805085757,0.18183099910141523,-2.3091238154828746,0.27660104940975194,-1.9851224398484508,0.07774535967006607,0.10465232698465125,0.03316892172781589,0.039646267838490214,0.0338537615927372,0.002834969592795369,0.02890204671260858,82.98572878452917,-22.697158155556245,10.317483112363107,1.5267247417809082,-0.08149644005058045,-0.0004282114246777326
11.959999999999834,exit,0.4,0.23595499999999564,0.45,0.3666924295160144,0.05420682851274168,0.42786411486724896,-0.03330757048398564,-0.18174817148725397,-0.022135885132751054,0.1860961834673573,13.374807615572688,-0.2876232314096229,0.18248734662989108,-2.3083436442054754,0.2772932502432249,-1.9850637017115544,0.07833579318304149,0.1045013320617331,0.032817376423791886,0.03900856386996546,0.034610041673646424,0.0029369068448156393,0.02952167564877034,82.86623182289665,-22.711148782363704,10.319850914703995,1.5266844436137448,-0.08149023533455418,-0.0004283109665644373
11.979999999999833,exit,0.4,0.2364799999999957,0.45,0.3669512692521578,0.05490242346829281,0.42787025952319235,-0.0330487307478422,-0.18157757653170287,-0.022129740476807658,0.1858826520058842,13.3753509720253,-0.2855363624094597,0.18313671199182638,-2.3075761758351088,0.27800088428493935,-1.9850028368648756,0.07893876064357713,0.10434345000816149,0.03246826809676528,0.03837341851834169,0.03538170208572443,0.003043242333949687,0.030148373026782523,82.7413132653329,-22.724594808221653,10.322573546224938,1.526754013318312,-0.08147833334816068,-0.00042830602388626
11.999999999999833,exit,0.4,0.23699499999999574,0.45,0.36720687758121395,0.05559960981605416,0.42787716487106564,-0.03279312241878607,-0.18139539018394157,-0.02212283512893437,0.18565854758696113,13.375474397773798,-0.2834527647185867,0.1837790394315121,-2.306821513814765,0.2787240191072457,-1.984939804272449,0.07955424402135484,0.10417988454364745,0.03211637198428713,0.03773310101718564,0.03615674111531735,0.003151629621322314,0.03077416888888559,82.61184215931313,-22.738104668768322,10.325069477010127,1.526739958504617,-0.08146950540198969,-0.00042836504381470013
12.019999999999833,exit,0.4,0.23749999999999583,0.45,0.3674592330821001,0.05629833313402757,0.4278848348559957,-0.03254076691789992,-0.18120166686596825,-0.0221151651440043,0.18542390923491234,13.375177158777825,-0.28137255319867016,0.1844142100696612,-2.306079842852054,0.27946251149487356,-1.9848746078332187,0.08018210760914657,0.10401057599582855,0.03175853190745461,0.03708354813555623,0.036924619381392625,0.0032598219615253532,0.03139317938958614,82.47782030539344,-22.75159221750901,10.327421494168409,1.5266653413562323,-0.08146268662897617,-0.00042845788168594575
12.039999999999832,exit,0.4,0.23799499999999596,0.45,0.36770825669140783,0.05699854264594117,0.42789326170647835,-0.03229174330859219,-0.18099645735405478,-0.022106738293521666,0.18517878425620046,13.37445663212629,-0.2792958435880759,0.18504208471385616,-2.305351371441045,0.280216139107542,-1.984807268866779,0.08082217549847441,0.10383548052971345,0.0313937322097485,0.03642357055043736,0.03768138063342332,0.003366948321986445,0.03200339446639217,82.3392118734312,-22.764970741033338,10.32971123499589,1.5265580783453334,-0.08145659818056593,-0.00042856117194070304
12.059999999999832,exit,0.4,0.23847999999999592,0.45,0.3679538501539415,0.05770018746317417,0.4279024336036701,-0.032046149846058525,-0.18077981253682174,-0.022097566396329926,0.18492322401863065,13.373309554889463,-0.27722277270442636,0.18566272718032434,-2.304636030354907,0.2809852591376285,-1.9847376880540146,0.08147461748411962,0.1036535441824763,0.0310321233234086,0.03576705430689282,0.03845600150432565,0.0034790406382208677,0.032622099282260696,82.19521836731596,-22.77778988480482,10.332364617731107,1.5265644853057654,-0.08144460000369659,-0.00042855693599949934
12.079999999999831,exit,0.4,0.23895499999999603,0.45,0.36819609443319423,0.05840319105283992,0.42791237278530336,-0.03180390556680579,-0.1805518089471561,-0.022087627214696648,0.1846572700961651,13.37173847475744,-0.275153451248126,0.18627608205952484,-2.3039339256556906,0.2817699454177342,-1.9846658221626476,0.08213941744106414,0.10346607281501848,0.030667743960024554,0.03510523496081508,0.0392343140052848,0.0035932945683503047,0.03323999784722605,82.04678613742891,-22.790696959023467,10.334760886735022,1.5264767906425727,-0.08143613910320767,-0.00042862547913568184
12.099999999999831,exit,0.4,0.23941999999999614,0.45,0.36843496990883917,0.059107498551514155,0.42792308274154656,-0.03156503009116085,-0.180312501448482,-0.022076917258453455,0.1843809631683849,13.36974245404858,-0.27308799317554633,0.1868820412248752,-2.303245229480689,0.2825700832817235,-1.9845916686873872,0.0828164565463781,0.10327290362898349,0.03029795826751759,0.03443480875008231,0.040006893199464905,0.0037076737630216553,0.033851955265698536,81.89384299195189,-22.803555549140214,10.337031410457579,1.5263342017782762,-0.08142941026579413,-0.00042872193505283634
12.11999999999983,exit,0.4,0.23987499999999623,0.45,0.36867040775198395,0.05981305656206541,0.427934556694721,-0.03132959224801607,-0.1800619434379308,-0.022065443305278987,0.18409435247538156,13.367318956816815,-0.2710265129446918,0.1874804802089389,-2.3025701325542904,0.2833854904300177,-1.9845152401861426,0.08350558260410455,0.1030740115427248,0.029921949203185413,0.03375484631993022,0.04077035741471065,0.00382142506223397,0.0344563028863226,81.73636325766772,-22.8162924147535,10.33924540069554,1.5261607870503802,-0.08142330430129588,-0.00042882674917985465
12.13999999999983,exit,0.4,0.24031999999999631,0.45,0.3689023233644131,0.06051981138305423,0.4279467844393729,-0.031097676635586935,-0.17980018861694208,-0.022053215560627115,0.18379749082994296,13.36446491325269,-0.26896913916981036,0.1880714098315378,-2.301908640547252,0.2842163769221645,-1.9844364670485628,0.08420687661082804,0.10286868874407382,0.029546481129945425,0.03307460035191137,0.04154432460734055,0.003938656878983742,0.03506470033617413,81.57381081374736,-22.828601558860644,10.341692975889172,1.5260571672724967,-0.08141324244591391,-0.0004288602771462388
12.15999999999983,exit,0.4,0.24075499999999628,0.45,0.3691307526828725,0.06122769289808672,0.4279597788063073,-0.030869247317127535,-0.17952730710190956,-0.0220402211936927,0.18349042420643163,13.36118114251856,-0.26691598802118965,0.1886548138886344,-2.301260805135202,0.2850629178588126,-1.984355284814934,0.08492038553058259,0.10265755743103505,0.029170202854829536,0.03239177060251335,0.04232704683240518,0.0040591116814377454,0.035675445987727566,81.40662860839659,-22.84080800501944,10.344059387217397,1.5259184008391915,-0.08140401367744565,-0.0004289156985539562
12.17999999999983,exit,0.4,0.2411799999999964,0.45,0.36935571121210636,0.06193663910365388,0.4279735490172634,-0.03064428878789366,-0.17924336089634252,-0.02202645098273659,0.18317319510132266,13.357467644330415,-0.26486717116036007,0.18923061170419936,-2.300626765493513,0.2859250920104352,-1.9842716702841792,0.0856460411775543,0.10244084304147863,0.028789890778248933,0.03170198208445579,0.04310870758113065,0.00418072653774026,0.03628278234858533,81.23501137247047,-22.852985119971194,10.34627448654977,1.5257173937731319,-0.0813968363464733,-0.0004290083343507665
12.199999999999829,exit,0.4,0.2415949999999965,0.45,0.3695771566774049,0.06264659402021487,0.4279880927093251,-0.030422843322595094,-0.17894840597978162,-0.022011907290674926,0.1828458516376819,13.35332248971052,-0.26282280136833763,0.18979869887805814,-2.300006689059967,0.286802784401435,-1.984185620949758,0.08638372715391192,0.10221848960112317,0.028404358692939287,0.03100382167729845,0.04388461954998936,0.00430246672105772,0.036884298817881314,81.05892532798907,-22.865050511793335,10.348417135145397,1.5254798134734697,-0.08139052051514191,-0.00042911337861329963
12.219999999999828,exit,0.4,0.2419999999999966,0.45,0.36979502402763537,0.06335750163679128,0.42800340257665,-0.030204975972364656,-0.17864249836320534,-0.02199659742335003,0.18250844663506366,13.348742991161759,-0.2607829916662666,0.1903589670432625,-2.299400747829427,0.2876958655425627,-1.9840971373374123,0.0871333195453535,0.10199048510355035,0.02801340826021795,0.03029706152699227,0.044654057056387586,0.0044241806172784,0.03747961957207934,80.87835899690009,-22.876963015872697,10.350525189979232,1.5252200280438317,-0.08138440802116181,-0.0004292222709220087
12.239999999999828,exit,0.4,0.2423949999999967,0.45,0.37000924498776344,0.06406930533913263,0.42801947055047945,-0.02999075501223658,-0.17832569466086406,-0.02198052944952056,0.1821610343552236,13.343726346320663,-0.2587478722755296,0.19091147816040133,-2.2988088823121227,0.2886047137261872,-1.9840061128684239,0.0878949927080594,0.10175596953685048,0.027625555856941292,0.029593275865233738,0.045442409181223595,0.00455122344942761,0.038083658135294726,80.69266180471008,-22.88837190518157,10.352932557537665,1.5250534177822768,-0.081373230100689,-0.000429241535148334
12.259999999999827,exit,0.4,0.24277999999999667,0.45,0.370219904546582,0.06478193001535304,0.42803631812876425,-0.029780095453418032,-0.17799806998464363,-0.021963681871235763,0.18180365872229753,13.338274649502921,-0.2567175511525387,0.1914561961154849,-2.298231177840096,0.2895294694690529,-1.983912488525275,0.08866876469987416,0.1015160561495461,0.02723589775417791,0.02888522360134739,0.046237787143286614,0.004681217157444238,0.03868859959073794,80.50264202747553,-22.899815001034852,10.355119372970988,1.5248038788602334,-0.08136503874868992,-0.0004293223669491891
12.279999999999827,exit,0.4,0.2431549999999968,0.45,0.3704270039374533,0.06549531744972784,0.4280539509871254,-0.029572996062546708,-0.17765968255026895,-0.021946049012874613,0.18143636340946992,13.33238709532083,-0.2546921390141643,0.19199304245058166,-2.2976677721731953,0.29047011337401074,-1.9838162403079571,0.0894545681369631,0.10127060691871761,0.02684231675483848,0.028170283345021415,0.04703219524789129,0.004812410865890386,0.03929017185444765,80.30823870078657,-22.911178614354228,10.357196093061736,1.524504233871606,-0.08135830603187202,-0.0004294255569289671
12.299999999999827,exit,0.4,0.2435199999999969,0.45,0.370630503955492,0.06620940983170209,0.42807236609560484,-0.029369496044508003,-0.1773105901682948,-0.021927633904395172,0.18105919974522852,13.326061557971896,-0.25267174678889753,0.19252192495389747,-2.297118817967785,0.29142656205949036,-1.983717358743836,0.09025230563233456,0.10101961126334015,0.026444125165790103,0.02744771027052794,0.04782243427398115,0.004944078206056825,0.039886874768572646,80.10943813328576,-22.922405694539222,10.359217342942742,1.5241733915266242,-0.08135214757416018,-0.00042953524049973036
12.319999999999826,exit,0.4,0.24387499999999696,0.45,0.3708303514028225,0.06692414890413427,0.42809155717795494,-0.029169648597177522,-0.17695085109586267,-0.02190844282204507,0.1806722224630001,13.319295421318358,-0.2506564855002987,0.19304275096867507,-2.296584468075967,0.29239873020775414,-1.9836158346197128,0.0910618790232316,0.10076306442994172,0.0260413007388804,0.026717494590891646,0.0486084074131903,0.005076206206158522,0.0404786695448515,79.90623615311961,-22.9334678359444,10.361208951639322,1.523821877048264,-0.08134608237618404,-0.0004296470967379883
12.339999999999826,exit,0.4,0.2442199999999971,0.45,0.37102649316915215,0.06763947578814476,0.42811151784143653,-0.028973506830847873,-0.17658052421185233,-0.021888482158563483,0.18027548718618264,13.312086056346212,-0.248646475657462,0.1935555248736103,-2.2960647445475297,0.2933868326525404,-1.9835115947236697,0.09188336347067673,0.1005004921418333,0.02563869524676095,0.02598617642186686,0.049405122239312094,0.0052119948021535365,0.04107422237225666,79.69827402129413,-22.944168367611187,10.363358065737403,1.523515129134809,-0.08133711480528244,-0.0004297096529595982
12.359999999999825,exit,0.4,0.24455499999999708,0.45,0.37121896493708345,0.06835532197090766,0.4281322589814812,-0.02878103506291657,-0.17619967802908942,-0.021867741018518794,0.1798690429565372,13.30443363729302,-0.24664183039207535,0.19406024984774922,-2.2955596782383614,0.2943911151908519,-1.9834045576928119,0.09271684131071772,0.1002322632693334,0.025236248706945765,0.02525331545841524,0.05021412691557785,0.005351851542887225,0.04167389200204966,79.485812251289,-22.95470340845038,10.365472633542165,1.5231881687582773,-0.08132822420355143,-0.000429779502875283
12.379999999999825,exit,0.4,0.24487999999999716,0.45,0.37140780419755237,0.06907162292591333,0.4281537920594398,-0.02859219580244765,-0.1758083770740838,-0.02184620794056019,0.1794529350877576,13.29633825079657,-0.24464265733682772,0.19455687550537648,-2.295069373586413,0.29541165983855344,-1.983294676796555,0.09356229841371541,0.099958652762382,0.024831282881362434,0.024515232597403118,0.05102723238507458,0.005494044812845297,0.04227285514988437,79.26907313616184,-22.96517676784405,10.367452363230136,1.5228039207612383,-0.08132109156195086,-0.00042988113083756736
12.399999999999824,exit,0.4,0.24519499999999728,0.45,0.37159300000448214,0.06978831918857192,0.42817611868346006,-0.02840699999551788,-0.17540668081142535,-0.02182388131653995,0.17902721334407523,13.28779835197198,-0.24264906498066824,0.1950453304965983,-2.2945939595626133,0.2964484597012073,-1.9831819251989795,0.09441967619470305,0.09967961780797421,0.02442274956109127,0.02377070118998801,0.05183999313269327,0.005637579878768697,0.042868889049382256,79.04803484282904,-22.975522854206336,10.369360830209464,1.5223825997435334,-0.08131476554775738,-0.0004299933430362791
12.419999999999824,exit,0.4,0.2454999999999974,0.45,0.3717745206037115,0.07050535101370436,0.4281992357380458,-0.0282254793962885,-0.17499464898629302,-0.02180076426195421,0.17859193202211435,13.278811691226863,-0.24066116181716596,0.19552553852461316,-2.294133570043674,0.29750148228056633,-1.983066281854927,0.0952889046820168,0.0993951581751145,0.024010401400743103,0.023019475946955293,0.05265112896794969,0.005782167202629017,0.043461424365687305,78.82269532914502,-22.98570886683629,10.371228954766334,1.521935715424402,-0.08130870868644667,-0.0004301088201463495
12.439999999999824,exit,0.4,0.2457949999999975,0.45,0.3719523292533424,0.07122265814405111,0.4282231387863663,-0.02804767074665765,-0.1745723418559464,-0.021776861213633703,0.17814714721179284,13.26937582494422,-0.2386790561804108,0.19599742563011255,-2.2936883365024516,0.2985707082056233,-1.9829477224770427,0.09616991949569584,0.0991052818377576,0.023594355274969635,0.02226167706111535,0.05346129625284849,0.005927968894213821,0.044050740683952164,78.5930604932782,-22.995718640453013,10.373070808664005,1.5214693607504992,-0.0813026414702485,-0.0004302260403631795
12.459999999999823,exit,0.4,0.24607999999999747,0.45,0.37212639239106604,0.0719401799873367,0.4282478239558677,-0.02787360760893398,-0.17413982001266076,-0.02175217604413232,0.1776929151030891,13.259488388312036,-0.2367028596158841,0.19646095636937927,-2.2932583400468984,0.29965624857997913,-1.982826194335527,0.09706272786538685,0.0988098282263348,0.023176536963336325,0.021499822777665913,0.05427701871778999,0.006076407075780918,0.044640418484550755,78.35900921198947,-23.005478334966792,10.374955735008912,1.5210081807350841,-0.08129543085856646,-0.0004303265052463031
12.479999999999823,exit,0.4,0.2463549999999976,0.45,0.37229671312895674,0.07265785277472508,0.42827329461170544,-0.027703286871043287,-0.17369714722527252,-0.021726705388294576,0.17722928873266705,13.249148138959974,-0.23473268741641573,0.19691616195510858,-2.292843574594574,0.3007584346884017,-1.982701597184562,0.09796745999735429,0.09850860997341893,0.022760279286465776,0.02073827261622197,0.05510930542112785,0.006229857548248155,0.045236606598372225,78.12039366432323,-23.01493101783067,10.376936279844378,1.5205705198937236,-0.08128622917649822,-0.00043039530407329267
12.499999999999822,exit,0.4,0.24661999999999767,0.45,0.37246335681971665,0.07337560839543099,0.4282995663381181,-0.02753664318028337,-0.17324439160456667,-0.0217004336618819,0.17675631462889363,13.238355681466317,-0.2327686437655417,0.19736301576412393,-2.29244411718831,0.30187743876480516,-1.9825738637931902,0.09888414725199583,0.09820218254370139,0.022342690450766898,0.01997287031322237,0.055950203820173044,0.006386669568590301,0.04583436273207695,77.87762657163896,-23.024325400500278,10.3787706693772,1.520072001110158,-0.0812789026326902,-0.00043050014196523677
12.519999999999822,exit,0.4,0.2468749999999978,0.45,0.37262633755477054,0.07409338645270977,0.4283266445536329,-0.027373662445229485,-0.17278161354728802,-0.021673355446367115,0.17627404151483655,13.22710985986971,-0.23081083406960376,0.19780146648573366,-2.292060074301832,0.30301332942406917,-1.9824429500905167,0.09981276853160713,0.09789048479689699,0.021922536080486745,0.01920214432389187,0.05679453296320109,0.006545685133674526,0.04643106398056465,77.63068327867468,-23.03359448059392,10.380524405097738,1.5195324234562577,-0.08127251307727329,-0.0004306174168286483
12.539999999999822,exit,0.4,0.2471199999999979,0.45,0.37278564486182436,0.0748111262005845,0.4283545290732929,-0.02721435513817566,-0.1723088737994134,-0.0216454709267071,0.1757825233840038,13.21540869510533,-0.22885936362762396,0.19823145493090424,-2.29169156023374,0.3041661325079915,-1.982308821849019,0.10075328405211786,0.0975735220989899,0.02149942225852938,0.018425703404608258,0.05764015419611838,0.0067064120748890855,0.04702577602553645,77.37956524385419,-23.042704680445798,10.38222989836725,1.5189632582550963,-0.08126651496950574,-0.0004307383303279672
12.559999999999821,exit,0.4,0.24735499999999788,0.45,0.3729412597623438,0.07552876639906499,0.428383217507293,-0.027058740237656198,-0.1718262336009329,-0.021616782492706987,0.17528181668977624,13.203249887227114,-0.22691433752637272,0.19865292182841476,-2.2913386888627585,0.3053358707596756,-1.9821714454573964,0.10170565315049694,0.09725130506256252,0.021073344875526038,0.017643568549079554,0.05848691258420509,0.006868819581126126,0.047618454918953994,77.12428056777915,-23.051639340996477,10.383902478190812,1.5183708916456036,-0.08126061039390764,-0.0004308609524756148
12.57999999999982,exit,0.4,0.24757999999999802,0.45,0.3730931633823197,0.07624624545573928,0.4284127072438413,-0.02690683661768034,-0.17133375454425875,-0.021587292756158727,0.1747719786222693,13.190631102274596,-0.2249758604907088,0.19906581121720074,-2.291001570927601,0.3065225863106321,-1.9820307825902719,0.10266984302068646,0.09692385178319617,0.020644469439298863,0.016855896757873124,0.05933577754782413,0.007033143356231895,0.048209493509476,76.86484325039439,-23.06039037193536,10.385548661873482,1.5177584455327826,-0.08125465412537529,-0.00043098544091430165
12.59999999999982,exit,0.4,0.2477949999999981,0.45,0.37324134118533625,0.07696350172424118,0.428442996491911,-0.02675865881466377,-0.17083149827575692,-0.021557003508089034,0.17425306604174082,13.177550110384987,-0.22304403679326618,0.19947007171073264,-2.2906803132281137,0.30772635002910526,-1.9818867880153677,0.10364583208546292,0.09659118487213104,0.02021302467659556,0.016062884974353396,0.06018818592365669,0.007199728745205588,0.04879945323882293,76.60127102176858,-23.068953946269833,10.387170534330437,1.5171270169586433,-0.08124859173617567,-0.0004311120748763924
12.61999999999982,exit,0.4,0.24799999999999822,0.45,0.3733857846213677,0.0776804736887788,0.4284740846937488,-0.026614215378632344,-0.17031952631121944,-0.021525915306251198,0.17372513500605,13.164004831422613,-0.22111897020044746,0.19986565676911947,-2.2903750183456792,0.30894726227592595,-1.9817394094929794,0.10463361041658842,0.09625332964093572,0.01977925291934128,0.015264744121719877,0.06104561234103523,0.007368926119411322,0.04938891655627473,76.33358384374834,-23.077328330699256,10.38876802905264,1.5164765179953852,-0.08124241963912555,-0.0004312406911602482
12.63999999999982,exit,0.4,0.24819499999999833,0.45,0.37352649132843857,0.0783971000096597,0.42850597255133316,-0.026473508671561452,-0.16979789999033862,-0.021494027448666853,0.17318824070495178,13.149993327309843,-0.21920077256948078,0.2002526051259988,-2.2900856741117455,0.31018569092419257,-1.9815885376811733,0.10563332168417501,0.09590988154833435,0.019347417843966718,0.014467211696686154,0.061921432413330535,0.007543590590308422,0.0499855633793297,76.06147690605933,-23.085352103222576,10.390495186230357,1.5158599651792772,-0.08123368456825576,-0.00043132612292313445
12.659999999999819,exit,0.4,0.24837999999999832,0.45,0.37366353763252547,0.0791133129022874,0.4285386760959674,-0.026336462367474556,-0.16926668709771092,-0.021461323904032603,0.17264243115405198,13.135515963244377,-0.217289543874155,0.20063090579826934,-2.289812340824689,0.3114418708493634,-1.981434090747009,0.106645025901571,0.0955614347662892,0.0189150336135276,0.013666664352821085,0.06280899625854301,0.007722346708211092,0.050585210869799724,75.78538372535621,-23.093295526043935,10.392089499615805,1.51518601893371,-0.08122658061753414,-0.0004314429260446843
12.679999999999819,exit,0.4,0.24855499999999842,0.45,0.3737969558308122,0.07982905179178405,0.4285722026463226,-0.02620304416918784,-0.16872594820821435,-0.02142779735367739,0.17208775558395695,13.120571578392779,-0.21538538514673747,0.20100052561239587,-2.2895551051182266,0.3127159414362069,-1.981276008261258,0.107668735378239,0.09520793637087722,0.018480990706326618,0.012861785323124741,0.06370352934217507,0.007904124287547169,0.051185473833399886,75.50528741310653,-23.10110276829112,10.393605624665765,1.5144707908411221,-0.08122033757571198,-0.00043157059042125186
12.699999999999818,exit,0.4,0.24871999999999855,0.45,0.37392675587911695,0.08054425559242867,0.42860655431141653,-0.026073244120883077,-0.16817574440756988,-0.02139344568858348,0.1715242682084894,13.10515826285141,-0.21348839715059584,0.20136142339962437,-2.289314061438095,0.3140079966024001,-1.9811142403013533,0.10870444301658062,0.09484939980708089,0.018044889361425367,0.012052184006561755,0.06460275830965818,0.00808839799523614,0.05178538191708164,75.22119587066132,-23.108745830739444,10.395070905058823,1.5137237279748879,-0.08121449784055627,-0.000431701434278578
12.719999999999818,exit,0.4,0.24887499999999863,0.45,0.374052938818135,0.08125886275449129,0.42864173082214874,-0.025947061181865017,-0.16761613724550734,-0.021358269177851275,0.1709520257597252,13.08927376620268,-0.21159868031711532,0.20171355665008917,-2.289089304923202,0.3153181187322955,-1.980948739556746,0.10975213743075146,0.09448584167402652,0.017606662523239416,0.01123782574466072,0.06550610649476866,0.008275037230366846,0.05238472070854158,74.93312204213781,-23.116210778175386,10.3964985789639,1.5129502444247995,-0.08120880363917646,-0.0004318339254837326
12.739999999999817,exit,0.4,0.24901999999999874,0.45,0.37417550415616363,0.08197281142985724,0.42867773124579384,-0.025824495843836393,-0.1670471885701415,-0.021322268754206175,0.17037108598469206,13.07291573982697,-0.20971633461895509,0.20205688447991177,-2.288880929107478,0.316646399371673,-1.980779456410067,0.11081181072084163,0.09411728490801108,0.017166391491129553,0.01041879078621186,0.06641403196887617,0.008464157333953703,0.05298366450450874,74.64108381518493,-23.123490799809122,10.39789454545679,1.5121531279614688,-0.08120312181815327,-0.000431968466059569
12.759999999999817,exit,0.4,0.24915499999999874,0.45,0.3742944536915321,0.08268603977685225,0.4287145549532906,-0.02570554630846794,-0.1664689602231465,-0.021285445046709428,0.1697815066478938,13.05608186078336,-0.20784145949243468,0.20239136880725428,-2.288689025328203,0.3179929493145005,-1.9806063365412074,0.1118834618517341,0.09374375632601978,0.016724216367126205,0.009595188963742363,0.06732749714137531,0.008655993442979173,0.05358255654462371,74.34510227833849,-23.13058262433149,10.399260968839211,1.5113335032686703,-0.0811973945861442,-0.0004321056113362953
12.779999999999816,exit,0.4,0.2492799999999989,0.45,0.37440979319937284,0.08339848616634976,0.42875220206803516,-0.02559020680062718,-0.16588151383364913,-0.02124779793196485,0.16918334502190102,13.038769881174135,-0.20597415378926393,0.2027169746883802,-2.2885136825920043,0.31935790140460724,-1.9804293203031098,0.11296709756314575,0.09336528515853774,0.01628029405629615,0.008767136809925666,0.06824760450533573,0.0088508119048779,0.05418178557058269,74.0452005080626,-23.137484710446913,10.400598160535377,1.510491486999884,-0.08119160774580876,-0.0004322455059005822
12.799999999999816,exit,0.4,0.24939499999999898,0.45,0.3745215328873206,0.0841100892637935,0.4287906735827058,-0.025478467112679426,-0.1652849107362055,-0.021209326417294228,0.16857665772746427,13.020977632929622,-0.20411451574899572,0.20303367027521818,-2.2883549874916427,0.32074140902544457,-1.980248343148319,0.11406273199666088,0.09298190201340954,0.015834779341898655,0.00793475501808106,0.06917538104186616,0.009048857739533695,0.05478172167575643,73.74140272279317,-23.144196355970458,10.401905568732214,1.509626637380485,-0.08118576998889272,-0.00043238788524862116
12.819999999999816,exit,0.4,0.2494999999999991,0.45,0.3746296871959215,0.08482078801786717,0.42882997128646905,-0.025370312804078532,-0.16467921198213192,-0.021170028713530964,0.16796150078683048,13.002703009457711,-0.20226264298400662,0.20334142661207108,-2.288213024109243,0.32214364256526345,-1.980063336538829,0.11517038575205042,0.09259363824945502,0.015387816842645539,0.007098169119990533,0.07011167699094512,0.009250330474503677,0.055382687769476864,73.43373376523145,-23.150717269555724,10.403182295006209,1.5087382526102642,-0.08117989980287608,-0.00043253226726837086
12.839999999999815,exit,0.4,0.24959499999999923,0.45,0.37473427430418216,0.08553052159988028,0.4288700976043308,-0.025265725695817864,-0.16406447840011895,-0.021129902395669198,0.16733792977950313,12.983943938553008,-0.20041863247097158,0.20364021737109844,-2.2880878739469384,0.32356478539713873,-1.979874228955738,0.11629008477962699,0.09220052565175249,0.014939537951367791,0.006257508115219533,0.07105714159376425,0.009455379154541574,0.05598495137882834,73.12221882994282,-23.15704736746053,10.40442735743751,1.5078255564696366,-0.0811740177041147,-0.00043267815005418406
12.859999999999815,exit,0.4,0.24967999999999924,0.45,0.3748353155546762,0.08623922933046863,0.4289110554149167,-0.025164684445323826,-0.1634407706695306,-0.021088944585083313,0.16670600002398095,12.964698355280154,-0.198582580544839,0.20393001857131762,-2.2879796159320933,0.32500503026370736,-1.979680946789209,0.11742185932216538,0.09180259630662897,0.014490060010959321,0.005412900742263081,0.07201224332843241,0.009664108326452077,0.05658872712691981,72.80688335467813,-23.163186675384118,10.40563981680787,1.5068878020458043,-0.08116814212885534,-0.00043282514598229436
12.879999999999814,exit,0.4,0.24975499999999934,0.45,0.37493283491413065,0.08694685061688737,0.42895284788459087,-0.02506716508586937,-0.16280814938311197,-0.02104715211540914,0.16606576674066542,12.94496417925057,-0.19675458289300568,0.20421080830143762,-2.2878883265191767,0.3264645764684837,-1.9794834150130582,0.11856574300173969,0.09139988259166561,0.014039486505999559,0.004564470645824253,0.07297731023881678,0.00987658880752931,0.05719418397871592,72.48775300714793,-23.16913527743276,10.406818829197931,1.5059243193041052,-0.08116228771228955,-0.0004329730419494202
12.899999999999814,exit,0.4,0.24981999999999943,0.45,0.3750268585214069,0.08765332491176364,0.4289954783352044,-0.02497314147859314,-0.1621666750882358,-0.021004521664795606,0.1654172851755527,12.924739297778594,-0.19493473454862323,0.2044825664563289,-2.2878140798840154,0.3279436279538622,-1.9792815576294944,0.11972177207848161,0.09099241721912314,0.013587907744564231,0.003712331758065203,0.07395257426892587,0.010092869178193166,0.05780145383709605,72.16485371715873,-23.174893285898168,10.4079636600371,1.5049345272016708,-0.08115646500308472,-0.00043312180186506986
12.919999999999813,exit,0.4,0.24987499999999951,0.45,0.3751174143359205,0.08835859169517891,0.42903895014929916,-0.024882585664079526,-0.1615164083048206,-0.020961049850700852,0.16476061068065798,12.904021554652816,-0.19312312988275937,0.20474527449233995,-2.2877569481889086,0.3294423921644329,-1.979075297914509,0.12088998487226721,0.0905802332931932,0.013135401800553139,0.002856584755335885,0.07493821052853175,0.010312985749276108,0.05841063968928001,71.83821172159759,-23.18046082086103,10.409073679228337,1.503917925979226,-0.08115068093234652,-0.0004332715343623233
12.939999999999813,exit,0.4,0.24991999999999964,0.45,0.375204531878479,0.08906259047666235,0.42908326670896,-0.024795468121521003,-0.1608574095233373,-0.02091673329103999,0.16409579875637434,12.882808743395879,-0.1913198625955736,0.20499891520436592,-2.287717001890133,0.33096107951589404,-1.978864558512948,0.12207042132241608,0.0901633643592889,0.012682035601298602,0.0019973149387839005,0.07593436757305837,0.010536970078049216,0.0590218225074433,71.50785360410185,-23.18583799549144,10.410148348260472,1.502874080549308,-0.08114493958459151,-0.0004334224462021266
12.959999999999813,exit,0.4,0.24995499999999965,0.45,0.375288242047324,0.08976526081139581,0.4291284313611251,-0.024711757952675995,-0.16018973918860385,-0.020871568638874904,0.16342290506496276,12.861098603643013,-0.1895250257068489,0.20524347252608327,-2.287694310060133,0.3324999032781238,-1.9786492614338806,0.12326312265640982,0.08974184443623455,0.012227866085868327,0.0011345915000094673,0.0769411881114884,0.010764853953367442,0.05963506669968678,71.17380632156468,-23.191024905613887,10.411187205188382,1.5018026018982211,-0.08113924299773881,-0.0004335747956177127
12.979999999999812,exit,0.4,0.24997999999999976,0.45,0.37536857699023646,0.0904665423246847,0.4291744474015251,-0.024631423009763564,-0.15951345767531505,-0.020825552598474906,0.16274198542494275,12.838888819377953,-0.18773871154624516,0.2054789313535901,-2.287688940701934,0.33405907970582305,-1.9784293279894112,0.12446813114055646,0.08931570803018693,0.011772941375341626,0.00026846790993980156,0.07795882138496173,0.01099667222346884,0.06025042420733258,70.83609721616558,-23.196021622917076,10.412189850412439,1.5007031303269478,-0.08113359185147864,-0.0004337288538714518
12.999999999999812,exit,0.4,0.2499949999999999,0.45,0.375445570015555,0.09116637473963908,0.4292213180703322,-0.024554429984445014,-0.15882862526036085,-0.020778681929667808,0.1620530957948396,12.816177018040893,-0.18596101174357932,0.20570527739173045,-2.2877009610402252,0.3356388282899441,-1.9782046787091239,0.125685489890152,0.08888499013329215,0.011317301907017597,-0.0006010169145795199,0.07898742920605378,0.011232464014365935,0.06086793747977653,70.49475401512366,-23.200828191284486,10.413155934489861,1.4995753221858832,-0.08112798599133847,-0.00043388487806280416
13.019999999999811,exit,0.4,0.25,0.45,0.3755192555285772,0.09186469790435661,0.42926904655415427,-0.024480744471422844,-0.1581353020956434,-0.020730953445845746,0.16135629225267084,12.792960769835437,-0.18419201721934556,0.2059224970216474,-2.2877304377802594,0.33723937204420196,-1.9779752332513743,0.12691524272186616,0.08844972621168773,0.010860981495847655,-0.001473837001699885,0.08002718771289037,0.011472272887481429,0.06148764158570868,70.14980482175801,-23.205444625631245,10.414085148268882,1.498418840391374,-0.08112242478853508,-0.00043404309503043475
13.03999999999981,end_hold,0.4,0.25,0.45,0.3755896689836621,0.09256145181625805,0.4293176359906621,-0.02441033101633794,-0.15743854818374195,-0.020682364009337928,0.16065653082133444,12.769237586846533,-0.1824309312413307,0.20613569793795314,-2.2877664633838073,0.33884028529729987,-1.9777453987334286,0.1281498065446528,0.08805429890074315,0.010660045815287783,-0.0018012801773921055,0.08004566265489495,0.011491725897278208,0.061728191139331645,69.83471626597982,-23.19915628179777,10.420662342548004,1.4965434947719323,-0.08109106215496563,-0.00043550451217844394
13.05999999999981,end_hold,0.4,0.25,0.45,0.3756574444033952,0.09325578897646274,0.4293661631576424,-0.02434255559660481,-0.15674421102353725,-0.02063383684235759,0.15995956653230217,12.745220108691488,-0.1806778371096546,0.20634736391667025,-2.28780359664107,0.3404305664127316,-1.9775175209081735,0.1293850679490308,0.08765470658380449,0.010583298935855202,-0.001856662863145862,0.079514055771588,0.011393891262753827,0.06176307021889947,69.51804356037525,-23.198157868609538,10.424290916295103,1.4949754852279966,-0.08107356176439556,-0.00043630231711992576
13.07999999999981,end_hold,0.4,0.25,0.45,0.37572283181506155,0.09394709428588408,0.42941412624347747,-0.02427716818493847,-0.15605290571411592,-0.020585873756522544,0.15926603051252966,12.721018845315088,-0.17893271125345087,0.20655863376075306,-2.287839537366352,0.3420065034755781,-1.977292275895058,0.13061912112425433,0.087256292810187,0.010563492204141206,-0.0017970362640944689,0.07879685314232328,0.011262250655779987,0.06170265876117681,69.2020911587492,-23.20002875856378,10.426480718076952,1.4937066765802933,-0.08105669061730172,-0.0004373708926810383
13.09999999999981,end_hold,0.4,0.25,0.45,0.3757860842885453,0.09463515219085034,0.4294613409417388,-0.024213915711454703,-0.15536484780914966,-0.02053865905826119,0.1585761210420824,12.696699975255743,-0.1771955223334981,0.20676994001925345,-2.287873665690402,0.3435685984111115,-1.9770693736814806,0.1318511727550504,0.08685944599763752,0.010565312925019105,-0.0017064162025129364,0.07810474677666827,0.011145110678865906,0.061602581539802755,68.88736248013444,-23.20341170051847,10.427973695039489,1.4926540868689706,-0.08103829366435084,-0.00043878163610021337
13.11999999999981,end_hold,0.4,0.25,0.45,0.37584750613559686,0.09531994687519325,0.42950781117243697,-0.024152493864403157,-0.15468005312480676,-0.02049218882756304,0.1578898084029098,12.67230987494904,-0.17546622996202288,0.2069813630065585,-2.2879061937538214,0.3451194472655348,-1.9768480608126677,0.1330809930749687,0.08646461857376213,0.010571149365252745,-0.001626403170963234,0.0775424427211654,0.011065643440640456,0.0614910159959149,68.57421548679973,-23.207551490113943,10.429118553618954,1.4917126980907,-0.08101957525555423,-0.00044034751913882026
13.139999999999809,end_hold,0.4,0.25,0.45,0.37590742670146415,0.09600156190838022,0.4295536371422099,-0.02409257329853587,-0.15399843809161978,-0.020446362857790112,0.15720694888240846,12.647883276779007,-0.17374479027030554,0.20719282195904365,-2.2879376762544967,0.34666233152948106,-1.9766274553765675,0.13430861258795004,0.08607198458586758,0.010572947624257858,-0.0015741250337702193,0.07714421319731397,0.011030271805017207,0.06138097564906706,68.26280048740036,-23.21203309312621,10.430080938368643,1.4907976509320071,-0.0810021679887643,-0.0004418675904440004
13.159999999999808,end_hold,0.4,0.25,0.45,0.3759661585213453,0.09668011669390747,0.42959895347108673,-0.024033841478654727,-0.15331988330609253,-0.02040104652891328,0.15652736135477982,12.623446072568232,-0.17203115897935503,0.20740417588766885,-2.2879687434416547,0.3482003937856444,-1.9764067409269366,0.13553416111533634,0.08568156454752528,0.01056769643125987,-0.0015533593578879136,0.0769031128081648,0.011035722481542143,0.06127742636931429,67.9531406617738,-23.21663471284372,10.430940629632884,1.4898539318931645,-0.08098718727829769,-0.0004432048202103948
13.179999999999808,end_hold,0.4,0.25,0.45,0.3760239664131804,0.0973557310506385,0.4296438923711785,-0.0239760335868196,-0.1526442689493615,-0.020356107628821507,0.15585087150041052,12.599016544927801,-0.17032529315813394,0.20761527407787936,-2.2879999696787148,0.34973623601584264,-1.9761852574423713,0.13675778695210677,0.08529329106105413,0.010554909510525396,-0.0015613118530068781,0.0767921115099132,0.011074174228264717,0.061181291838521855,67.64518645763344,-23.221244039889772,10.431738355761995,1.4888536657683467,-0.08097506002209473,-0.0004442961961160434
13.199999999999807,end_hold,0.4,0.25,0.45,0.3760810530732541,0.09802850809534193,0.42968856517510146,-0.0239189469267459,-0.15197149190465808,-0.020311434824898555,0.15517733326249086,12.57460643549751,-0.16862715198681436,0.20782597890492627,-2.2880318218274844,0.3512717948135758,-1.9759625250867536,0.13797962088244423,0.08490705856597956,0.010535241352345725,-0.0015926074384867003,0.07677793988665832,0.011136617780878648,0.061091696516872684,67.33885578103975,-23.225809812086585,10.432497198586761,1.4877888538080988,-0.08096566911805887,-0.0004451363654557612
13.219999999999807,end_hold,0.4,0.25,0.45,0.37613755848374636,0.09869852845470466,0.42973305602883277,-0.023862441516253663,-0.15130147154529533,-0.02026694397116724,0.15450663553653246,12.550222165180728,-0.16693669688650323,0.20803617390973567,-2.2880646515435084,0.3528083769674966,-1.9757382296688224,0.13919976430957828,0.08452275501555698,0.01050975024046979,-0.0016414858011883095,0.07682910769604026,0.011214770896560375,0.06100717135670303,67.03405995028093,-23.23031360266912,10.433231918350211,1.4866637494917538,-0.08095857425611819,-0.0004457554466331991
13.239999999999807,end_hold,0.4,0.25,0.45,0.3761935680629287,0.09936585082677409,0.4297774227454831,-0.023806431937071326,-0.15063414917322593,-0.020222577254516927,0.15383870036350086,12.525866137176815,-0.1652538912958751,0.20824576451353832,-2.2880987088990716,0.3543467715996005,-1.9755121905643915,0.14041828932126865,0.0841402795314075,0.010479530190132496,-0.001702867778155783,0.07691973160519355,0.011301955221539454,0.060926250584517956,66.73071834912611,-23.234753474565963,10.433952788287487,1.485488646550709,-0.08095320640564532,-0.00044619976488730626
13.259999999999806,end_hold,0.4,0.25,0.45,0.3762491248229953,0.10003051555103346,0.4298217011837724,-0.02375087517700475,-0.14996948444896654,-0.020178298816227624,0.15317347707968065,12.501537973599419,-0.16357870029417484,0.2084546754989604,-2.2881341638128156,0.3558873845048199,-1.975284324443413,0.14163524372700823,0.08375955008501178,0.010445549271103596,-0.0017727456872051546,0.07703064526096974,0.011393306048918774,0.0608477202869786,66.42876498135163,-23.23913471970931,10.434667122975812,1.4842755613073977,-0.08094900301397612,-0.00044651827172816115
13.279999999999806,end_hold,0.4,0.25,0.45,0.3763042420943491,0.10069254910992655,0.4298659107645713,-0.023695757905650927,-0.14930745089007347,-0.020134089235428698,0.15251093529106405,12.477235570966137,-0.16191109019722041,0.20866284747172673,-2.288171127835264,0.35743036364034003,-1.9750546122763242,0.14285065731480323,0.08338050484772204,0.010408598638315615,-0.001848201122416994,0.07714895677600786,0.011485608354442204,0.06077067938975089,66.12814983256544,-23.243464853478997,10.43537995244628,1.4830356552667077,-0.08094548411107377,-0.00044675456127504787
13.299999999999805,end_hold,0.4,0.25,0.45,0.37635891476693273,0.10135196840424016,0.42991005973793234,-0.023641085233067294,-0.14864803159575984,-0.020089940262067674,0.15185105830393353,12.452955920568524,-0.16025102819616988,0.2088702333983906,-2.288209672749471,0.3589757013016775,-1.9748230729451375,0.14406454752114128,0.08300310005252758,0.010369296333192998,-0.0019272457103531565,0.07726688306687438,0.011576966559337156,0.06069451031690262,65.8288373319187,-23.247751137622384,10.436094443108432,1.4817779959348185,-0.08094228252999404,-0.00044694327269336875
13.319999999999805,end_hold,0.4,0.25,0.45,0.3764131281266656,0.10200878426798463,0.42995414953213157,-0.023586871873334414,-0.14799121573201537,-0.020045850467868442,0.15119383776989442,12.428695691256106,-0.1585984820689437,0.209076795678843,-2.2882498448103106,0.36052330915338043,-1.9745897441594458,0.14527692383535826,0.08262730636130891,0.010328114022620327,-0.002008603041979727,0.07738039258514637,0.011666439284586383,0.06061881571084853,65.53080353536531,-23.2519995587535,10.436812271127994,1.4805092169670775,-0.080939144070616,-0.00044710943555611614
13.339999999999804,end_hold,0.4,0.25,0.45,0.37646686413310804,0.10266300407560816,0.42999817798325685,-0.023533135866891985,-0.14733699592439184,-0.020001822016743165,0.15053926974628026,12.404451604588441,-0.1569534199691776,0.20928250386935573,-2.288291674742406,0.36207306825935426,-1.9743546699344428,0.14648779086273456,0.08225310498830446,0.010285409525636549,-0.0020914966047719946,0.07748795529869225,0.011753711250149826,0.060543351368815355,65.23403305775729,-23.256214595300882,10.437533988231179,1.4792337019253183,-0.08093591131345175,-0.00044726949530441134
13.359999999999804,end_hold,0.4,0.25,0.45,0.37652010542541636,0.10331463350764147,0.4300421415116432,-0.02347989457458366,-0.14668536649235853,-0.019957858488356794,0.14988735206038023,12.380220646932704,-0.15531581028400188,0.20948733300514003,-2.2883351842146027,0.36362485896151564,-1.9741178932679242,0.14769715024911056,0.08188048425878648,0.010241456789215002,-0.002175473609836329,0.07758953510806796,0.01183883332593147,0.060467969318799906,64.93851631931548,-23.260399366207224,10.438259364278595,1.4779540132590447,-0.08093250108006406,-0.0004474330803553232
13.379999999999804,end_hold,0.4,0.25,0.45,0.3765728375373834,0.10396367763604616,0.43008603643731397,-0.023427162462616613,-0.14603632236395384,-0.019913963562686043,0.14923808272493472,12.356000164936688,-0.15368562154627494,0.20969126240642957,-2.2883803896831116,0.3651785760894297,-1.9738794525455012,0.1489050017592129,0.08150943688634663,0.01019647006447764,-0.0022602734254428382,0.07768585639570519,0.011922036121144177,0.060392575505117035,64.64424734982684,-23.264555924024954,10.438987683119112,1.476671384105459,-0.08092888184868946,-0.0004476049009628086
13.399999999999803,end_hold,0.4,0.25,0.45,0.376625049834204,0.10461014151285043,0.43012985966133604,-0.02337495016579605,-0.14538985848714958,-0.019870140338663966,0.14859145911944277,12.331787885227772,-0.15206282238612465,0.20989427484195747,-2.2884273044399204,0.366734134474914,-1.973639380371226,0.15011134379100757,0.08113995800751433,0.01015062177639417,-0.0023457378404331823,0.07777791927421418,0.012003608713763596,0.06031710158973414,64.35122219261902,-23.268685564103084,10.43971797721217,1.4753861690609442,-0.08092505445897095,-0.0004477864398222727
13.419999999999803,end_hold,0.4,0.25,0.45,0.37667673562511633,0.10525403042851063,0.4301736089233541,-0.02332326437488369,-0.14474596957148939,-0.01982639107664591,0.14794747767844962,12.30758189040683,-0.15044738150848613,0.21009635593952905,-2.288475939545579,0.3682914687377835,-1.9733977038023753,0.15131617355509103,0.08077204388192516,0.010104054878578891,-0.002431755282931324,0.07786671314347493,0.012083828442535572,0.060241488204173306,64.0594378414413,-23.272789089561766,10.440449198128517,1.4740982067076591,-0.08092103735540897,-0.00044797728856749326
13.439999999999802,end_hold,0.4,0.25,0.45,0.3767278918090349,0.10589534997242289,0.43021728280543403,-0.023272108190965146,-0.1441046500275771,-0.01978271719456598,0.14730613388050967,12.283380574205331,-0.14883926768621322,0.21029749375834103,-2.288526304143247,0.3698505302027911,-1.9731544452630263,0.15251948708417318,0.08040569111364561,0.010056890940599016,-0.0025182298833864767,0.0779530732503786,0.012162926967447408,0.060165676454107336,63.76889159800686,-23.27686701181161,10.441180328868239,1.4728070829955944,-0.08091685634051116,-0.00044817610699451893
13.459999999999802,end_hold,0.4,0.25,0.45,0.3767785183077027,0.10653410599087468,0.4302608806064178,-0.02322148169229732,-0.14346589400912532,-0.019739119393582194,0.14666742238908195,12.259182590625166,-0.14723844976132933,0.2104976784627341,-2.2885784054851253,0.3714112828201028,-1.9729096236691888,0.15372127917948372,0.08004089624419494,0.010009235219653231,-0.0026050670938989225,0.07803763086558549,0.012241079691880869,0.060089604765527424,63.47958073169447,-23.280919687874707,10.44191044877796,1.471512304804885,-0.08091253815263595,-0.0004483812490843034
13.479999999999801,end_hold,0.4,0.25,0.45,0.3768286174506339,0.10717030450477513,0.43030440216910637,-0.023171382549366126,-0.14282969549522487,-0.01969559783089364,0.14603133724794837,12.234986805599497,-0.14564489664958016,0.21069690205806815,-2.2886322488705186,0.37297369918310236,-1.9726632554982522,0.15492154335532682,0.07967765558745842,0.00996117976670321,-0.0026921692696674324,0.07812081814998001,0.012318408546830875,0.06001320879215494,63.19150233739809,-23.28494740549236,10.442638763303899,1.470213401893771,-0.08090810694934591,-0.0004485911274845428
13.499999999999801,end_hold,0.4,0.25,0.45,0.376878193405585,0.10780395162368364,0.4303478477090537,-0.02312180659441504,-0.14219604837631636,-0.0196521522909463,0.14539787207416682,12.210792255288478,-0.14405857734546135,0.21089515816512824,-2.2886878375999613,0.3745377571815794,-1.9724153556760669,0.15612027181093854,0.07931596520594116,0.009912805353005039,-0.002779436472142356,0.07820289992385254,0.012394991109266779,0.059936422780585995,62.904653310296254,-23.288950429771557,10.443364610010047,1.468909977191708,-0.08090358279657475,-0.0004488043916548688
13.5199999999998,end_hold,0.4,0.25,0.45,0.3769272516982888,0.10843505347433968,0.4303912176695086,-0.023072748301711243,-0.14156494652566032,-0.019608782330491403,0.14476702022039334,12.186598112257547,-0.14247946092631175,0.21109244182018194,-2.288745172987878,0.37610343746829,-1.972165938244509,0.15731745543851824,0.0789558209574793,0.009864182752684957,-0.002866769395825548,0.07828401433553195,0.012470871577897705,0.059859181378985736,62.61903037985268,-23.29292902419803,10.444087450295063,1.4676017232686793,-0.08089898140838564,-0.0004490199853798612
13.5399999999998,end_hold,0.4,0.25,0.45,0.37697579883303733,0.10906361615008892,0.430434512611102,-0.023024201166962688,-0.14093638384991108,-0.019565487388898017,0.14413877489708093,12.162403659177215,-0.1409075165549737,0.21128874929445646,-2.288804254439955,0.3776707217091834,-1.9719150168228696,0.15851308386501925,0.07859721856690317,0.009815373713725395,-0.0029540726038717008,0.07836421204466962,0.012546071081962781,0.059781421325050474,62.33463016573588,-23.29688345632885,10.444806853869457,1.4662884190530128,-0.08089431456874815,-0.00044923713472009566
13.5599999999998,end_hold,0.4,0.25,0.45,0.37702384200740785,0.10968964568082948,0.4304777331355484,-0.022976157992592172,-0.14031035431917052,-0.01952226686445163,0.14351312925582313,12.138208268906444,-0.13934271348104074,0.21148407793048735,-2.2888650795832635,0.37923959148745845,-1.9716626048997898,0.1597071455201183,0.0782401536966472,0.009766431801544004,-0.0030412571654200335,0.07844348891375108,0.012620596153987406,0.05970308275495256,62.05144923408177,-23.300813995602518,10.445522480802255,1.4649699168556929,-0.0808895908464716,-0.00044945530254442536
13.5799999999998,end_hold,0.4,0.25,0.45,0.3770713889058576,0.11031314801984687,0.43052087983800247,-0.022928611094142404,-0.13968685198015313,-0.019479120161997543,0.1428900764403084,12.114011389594719,-0.1377850210409642,0.21167842599451095,-2.2889276444306748,0.38081002770040084,-1.9714087159987632,0.16089962772148592,0.07788462200382662,0.00971740320118027,-0.0031282423705629543,0.07852181064711855,0.012694445051329521,0.059624110068379976,61.769484143572264,-23.304720908122686,10.44623406408588,1.4636461262315332,-0.08088481636253717,-0.00044967413271007834
13.599999999999799,end_hold,0.4,0.25,0.45,0.37711844755457297,0.11093412904288122,0.430563953281166,-0.022881552445427056,-0.13906587095711878,-0.019436046718834032,0.14226960961298635,12.089812533515316,-0.13623440865736597,0.21187179254462155,-2.288991943561325,0.382382010295935,-1.971153363757073,0.16209051676925137,0.07753061917991261,0.009668327505530136,-0.003214956532505073,0.07859912977670883,0.012767612084508185,0.05954445238827269,61.48873147785728,-23.308604451236825,10.446941394267348,1.4623169984542501,-0.08087999548015715,-0.0004498933970950793
13.619999999999798,end_hold,0.4,0.25,0.45,0.3771650262211118,0.11155259455500857,0.4306069539844595,-0.022834973778888212,-0.13844740544499143,-0.019393046015540538,0.14165172196515377,12.0656112685591,-0.13469084583788654,0.21206417731435653,-2.2890579703022476,0.38395551822226076,-1.9708965619506025,0.16327979804314138,0.0771781409739715,0.009619238486750068,-0.0033013370461386785,0.07867539631628971,0.012840090323524078,0.05946406369450006,61.209187864852424,-23.31246486929134,10.447644306742804,1.4609825134345944,-0.08087513136259925,-0.00045011295175266357
13.639999999999798,end_hold,0.4,0.25,0.45,0.3772111333451673,0.11216855030173198,0.4306498824226726,-0.022788866654832707,-0.13783144969826802,-0.019350117577327408,0.1410364067168273,12.041407211567254,-0.13315430217383428,0.21225558061107477,-2.289125716900694,0.3855305294957213,-1.9706383244885115,0.16446745609768423,0.07682718320261359,0.009570164835912484,-0.003387329922333718,0.07875056367302742,0.012911873104553152,0.05938290272714225,60.93084998533083,-23.316302391018453,10.448342671723136,1.4596426696600635,-0.08087022638981622,-0.00045033270384644674
13.659999999999798,end_hold,0.4,0.25,0.45,0.37725677749000114,0.11278200198165556,0.43069273902985866,-0.022743222509998884,-0.13721799801834444,-0.01930726097014135,0.14042365711115362,12.017200022921678,-0.1316247473388252,0.21244600322816554,-2.289195174680811,0.387107021321821,-1.970378665394052,0.16565347475248104,0.07647774175045399,0.009521130854538408,-0.003472889005831147,0.07882459130498622,0.012982954722973415,0.05930093273984078,60.6537145737842,-23.320117228486005,10.44903638656777,1.4582974770200332,-0.08086528244903424,-0.00045055258880408264
13.679999999999797,end_hold,0.4,0.25,0.45,0.3773019673070892,0.1133929552590216,0.4307355242055569,-0.02269803269291082,-0.1366070447409784,-0.019264475794443126,0.13981346640659048,11.992989401999607,-0.13010215108753412,0.21263544636987236,-2.28926633418171,0.3886849702287022,-1.970117598781592,0.16683783717586917,0.07612981256455369,0.009472157085340533,-0.0035579750449522,0.07889744534405779,0.01305333062300246,0.05921812116940574,60.37777841433761,-23.32390957729369,10.44972537005558,1.4569469520393707,-0.0808603011248633,-0.0004507725557832288
13.699999999999797,end_hold,0.4,0.25,0.45,0.37734671150897847,0.11400141577512046,0.4307782383214994,-0.02265328849102155,-0.13599858422487954,-0.019221761678500593,0.13920582786885818,11.968775083242422,-0.1285864832546209,0.21282391158737143,-2.2893391852763934,0.39026435219053324,-1.9698551388353527,0.16802052596127492,0.07578339164566057,0.009423260874954053,-0.003642554734165852,0.07896909809155307,0.013122997311960753,0.05913443927028764,60.10303833397685,-23.327679617629627,10.450409558152117,1.4555911149436784,-0.08085528381538067,-0.0004509925593340885
13.719999999999796,end_hold,0.4,0.25,0.45,0.37739101884721604,0.11460738915811643,0.43082088172777344,-0.02260898115278398,-0.1353926108418836,-0.01917911827222657,0.13860073476374046,11.944556832688443,-0.1270777137538559,0.21301140072470537,-2.289413717272531,0.3918451427306252,-1.9695912997923164,0.1692015231961633,0.0754384750382498,0.009374456866697122,-0.0037265998068668703,0.0790395270045994,0.013191952151817428,0.05904986174441865,59.8294911947281,-23.331427515828246,10.4510889008813,1.4542299880102294,-0.08085023179791387,-0.0004512125553143378
13.739999999999796,end_hold,0.4,0.25,0.45,0.37743489809350483,0.11521088103118209,0.43086345475797977,-0.02256510190649519,-0.1347891189688179,-0.019136545242020242,0.13799818035119357,11.92033444488006,-0.12557581257744213,0.21319791587321635,-2.2894899189969484,0.3934273170017831,-1.9693260959298748,0.1703808105238951,0.07509505882068922,0.00932575742554834,-0.0038100862208801933,0.07910871355789273,0.013260193122080217,0.05896436638658919,59.55713388587013,-23.335153426143073,10.451763359983394,1.4528635947544202,-0.08084514626288516,-0.00045143249942923005
13.759999999999796,end_hold,0.4,0.25,0.45,0.37747835802308727,0.11581189701904238,0.43090595773326557,-0.022521641976912754,-0.13418810298095762,-0.019094042266734446,0.13739815788083976,11.896107740095703,-0.12408074979551642,0.21338345933322375,-2.289567778866026,0.39501084984563345,-1.9690595415577914,0.17155836919902015,0.07475313909628542,0.009277173000369843,-0.0038929934538652292,0.07917664219251981,0.013327718604170202,0.058877933756253775,59.28596331680067,-23.338857492530398,10.452432907120583,1.4514919596128542,-0.08084002832943457,-0.0004516523472204502
13.779999999999795,end_hold,0.4,0.25,0.45,0.3775214073998625,0.11641044275313189,0.4309483909653205,-0.022478592600137515,-0.1335895572468681,-0.019051609034679506,0.1368006605887102,11.871876561871689,-0.1225924955558057,0.2135680335818231,-2.2896472849442135,0.3965957158345685,-1.9687916510136034,0.17273418013659975,0.0744127119855356,0.009228712429967732,-0.0039753039093808,0.07924329944675203,0.013394527209400424,0.058790546878979666,59.01597641085016,-23.34253985031579,10.45309752245793,1.4501151078879864,-0.08083487905152079,-0.00045187205473903435
13.799999999999795,end_hold,0.4,0.25,0.45,0.3775640549630188,0.11700652387560029,0.43099075475850285,-0.02243594503698121,-0.1329934761243997,-0.019009245241497164,0.13620568169501998,11.847640774796059,-0.12111102008341197,0.2137516412458266,-2.289728424992713,0.39818188930041076,-1.9685224386605062,0.17390822395618405,0.07407377361968635,0.009180383200175184,-0.004057002424960039,0.07930867329211441,0.013460617654857726,0.05870219097921479,58.74717010011711,-23.346200627675024,10.453757193503161,1.4487330658051416,-0.08082969942029637,-0.0004520915793774002
13.819999999999794,end_hold,0.4,0.25,0.45,0.3776063094150879,0.11760014604239687,0.4310330494112951,-0.02239369058491214,-0.13239985395760312,-0.0189669505887049,0.13561321440273358,11.823400262549786,-0.11963629368070203,0.21393428507900764,-2.2898111865100916,0.39976934435357087,-1.9682519188868584,0.1750804810210275,0.07373632013549687,0.009132191659051403,-0.004138075868941159,0.07937275265800386,0.013525988682391415,0.05861285324217209,58.4795413212709,-23.349839946904464,10.45441191412986,1.447345860594195,-0.08082449036564078,-0.0004523108806229275
13.839999999999794,end_hold,0.4,0.25,0.45,0.37764817941137174,0.11819131492563556,0.43107527521726935,-0.02235182058862828,-0.13180868507436444,-0.018924724782730662,0.13502325189670597,11.799154926178444,-0.11816828672728058,0.21411596794294266,-2.289895556766327,0.40135805489580073,-1.9679801061066167,0.17625093147308704,0.07340034767107226,0.00908414319675104,-0.004218512811762874,0.07943552711149365,0.013590639012081596,0.05852252260297781,58.21308701220136,-23.35345792548383,10.455061683736359,1.4459535205537124,-0.08081925275832191,-0.00045252992059891537
13.859999999999793,end_hold,0.4,0.25,0.45,0.3776896735506844,0.11878003621540525,0.4311174324657099,-0.02231032644931563,-0.13121996378459475,-0.01888256753429013,0.1344357873432235,11.774904682575954,-0.11670696968002914,0.2142966927908602,-2.2899815228314884,0.40294799462888975,-1.9677070147602023,0.17741955526429434,0.07306585236257228,0.009036242395876512,-0.004298303258072909,0.07949698665445074,0.013654567320724583,0.05843118956036575,57.94780410937427,-23.35705467694985,10.455706506511454,1.4445560750806157,-0.08081398741326146,-0.0004527486643730776
13.879999999999793,end_hold,0.4,0.25,0.45,0.377730800367343,0.11936631562115699,0.4311595214420151,-0.022269199632657,-0.130633684378843,-0.01884047855798493,0.13385081388980866,11.75064946315712,-0.11525231307319665,0.21447646265400624,-2.2900690716000427,0.40453913706095834,-1.9674326593154583,0.17858633218452885,0.0727328303416245,0.0089884931573027,-0.004377438427724329,0.07955712160342998,0.013717772237201374,0.05833884601172493,57.68368954575355,-23.360630311606723,10.456346390788926,1.4431535546646186,-0.08080869509368652,-0.0004529670800726758
13.899999999999793,end_hold,0.4,0.25,0.45,0.37777156832431247,0.11995015887276775,0.4312015424279547,-0.022228431675687554,-0.13004984112723225,-0.01879845757204529,0.1332683246651921,11.72638921269812,-0.11380428751853079,0.21465528063011974,-2.2901581898115584,0.40613145551144797,-1.9671570542685017,0.1797512418866861,0.07240127773329331,0.008940898805674955,-0.00445591057578142,0.07961592252448017,0.013780252347829222,0.0582454851078627,57.42074024916834,-23.364184937100294,10.456981348479784,1.4417459908546475,-0.0808033765160393,-0.00045318513882632765
13.919999999999792,end_hold,0.4,0.25,0.45,0.37781198580739855,0.12053157172135373,0.43124349570184445,-0.02218801419260147,-0.12946842827864627,-0.018756504298155563,0.1326883127793883,11.702123888332153,-0.11236286370544128,0.21483314987368074,-2.2902488640684293,0.40772492311547953,-1.9668802141443578,0.1809142639091653,0.07207119065447579,0.008893462178050114,-0.004533712843538653,0.07967338020157946,0.013842006207203949,0.058151101123959624,57.158953141024796,-23.367718658882524,10.457611394574457,1.4403334162054777,-0.08079803235504612,-0.0004534028146195748
13.939999999999792,end_hold,0.4,0.25,0.45,0.37785206112037484,0.12111055993988906,0.4312853815386722,-0.022147938879625184,-0.12888944006011094,-0.018714618461327825,0.13211077132383117,11.677853458672727,-0.11092801240118884,0.2150100735876516,-2.290341080851116,0.40931951282796114,-1.966602153497339,0.18207537769609194,0.07174256521262218,0.008846185698542003,-0.004610839134351608,0.0797294856240803,0.013903032350931727,0.058055689346333365,56.89832513528118,-23.371231580586937,10.458236546707402,1.438915864213568,-0.08079266324890083,-0.00045362008405519776
13.959999999999791,end_hold,0.4,0.25,0.45,0.377891802480932,0.12168712932367039,0.4313272002101956,-0.022108197519068007,-0.12831287067632963,-0.018672799789804406,0.13153569337154358,11.653577903052513,-0.10949970445109453,0.2151860550164776,-2.2904348265313055,0.4109151974276339,-1.9663228869111666,0.1832345626155364,0.0714153975047154,0.008799071441301286,-0.004687284009466202,0.07978422998363612,0.013963329308620834,0.057959245972222656,56.63885313762803,-23.374723804334806,10.45885682477908,1.4374933692491596,-0.08078726980405442,-0.00045383692610244386
13.97999999999979,end_hold,0.4,0.25,0.45,0.3779312180173332,0.12226128569065525,0.4313689519850248,-0.02206878198266682,-0.12773871430934475,-0.018631048014975227,0.1309630719773295,11.629297210863307,-0.10807791077876566,0.21536109744015247,-2.2905300873833077,0.41251194952112963,-1.9660424289988532,0.18439179797595673,0.07108968361644301,0.00875212118374233,-0.004763042600105485,0.07983760467478788,0.01402289561566984,0.05786176802101718,56.38053404482625,-23.37819543098613,10.45947225062952,1.4360659664895201,-0.08078185259972166,-0.00045405332183991263
13.99999999999979,end_hold,0.4,0.25,0.45,0.3779703157656808,0.12283303488169918,0.43141063712869715,-0.022029684234319225,-0.12716696511830083,-0.01858936287130286,0.1303929001779772,11.605011380980356,-0.10666260238633508,0.21553520416918415,-2.2906268495939677,0.414109741547054,-1.9657607944023796,0.18554706304108817,0.07076541962152891,0.008705336451584327,-0.00483811053300261,0.07988960129621869,0.014081729823675929,0.057763253256572486,56.12336474417058,-23.381646560346404,10.460082847756796,1.434633691856573,-0.080776412191816,-0.0004542692541939829
14.01999999999979,end_hold,0.4,0.25,0.45,0.3780091036677008,0.12340238276070652,0.43145225590374375,-0.021990896332299226,-0.12659761723929347,-0.018547744096256258,0.1298251709924728,11.580720421262614,-0.10525375035471135,0.2157083785403241,-2.2907250992713095,0.4157085457800772,-1.9654779977921963,0.18670033704345212,0.07044260158118679,0.008658718556997352,-0.004912483867100294,0.07994021165116069,0.014139830509159113,0.05766370011819696,55.86734211305378,-23.385077291338828,10.460688641076285,1.4331965819605432,-0.08077094911642531,-0.0004544847077140404
