0.0000000000 0.0000000000 1.0000000000 2276.0000000000
0.0000000000 1.0000000000 0.0000000000 900.0000000000
-1.0000000000 0.0000000000 0.0000000000 1880.0000000000
0.0000000000 0.0000000000 0.0000000000 1.0000000000

0.0000000000 0.0000000000 1.0000000000 2276.0000000000
0.0000000000 1.0000000000 0.0000000000 899.6000000000
-1.0000000000 0.0000000000 0.0000000000 1880.0000000000
0.0000000000 0.0000000000 0.0000000000 1.0000000000

0.0000000000 0.0000000000 1.0000000000 2276.0000000000
0.0000000000 1.0000000000 0.0000000000 899.2000000000
-1.0000000000 0.0000000000 0.0000000000 1880.0000000000
0.0000000000 0.0000000000 0.0000000000 1.0000000000

0.0000000000 0.0000000000 1.0000000000 2276.0000000000
0.0000000000 1.0000000000 0.0000000000 898.8000000000
-1.0000000000 0.0000000000 0.0000000000 1880.0000000000
0.0000000000 0.0000000000 0.0000000000 1.0000000000

0.0000000000 0.0000000000 1.0000000000 2276.0000000000
0.0000000000 1.0000000000 0.0000000000 898.4000000000
-1.0000000000 0.0000000000 0.0000000000 1880.0000000000
0.0000000000 0.0000000000 0.0000000000 1.0000000000

0.0000000000 0.0000000000 1.0000000000 2276.0000000000
0.0000000000 1.0000000000 0.0000000000 898.0000000000
-1.0000000000 0.0000000000 0.0000000000 1880.0000000000
0.0000000000 0.0000000000 0.0000000000 1.0000000000

0.0000000000 0.0000000000 1.0000000000 2276.0000000000
0.0000000000 1.0000000000 0.0000000000 897.6000000000
-1.0000000000 0.0000000000 0.0000000000 1880.0000000000
0.0000000000 0.0000000000 0.0000000000 1.0000000000

0.0000000000 0.0000000000 1.0000000000 2276.0000000000
0.0000000000 1.0000000000 0.0000000000 897.2000000000
-1.0000000000 0.0000000000 0.0000000000 1880.0000000000
0.0000000000 0.0000000000 0.0000000000 1.0000000000

0.0000000000 0.0000000000 1.0000000000 2276.0000000000
0.0000000000 1.0000000000 0.0000000000 896.8000000000
-1.0000000000 0.0000000000 0.0000000000 1880.0000000000
0.0000000000 0.0000000000 0.0000000000 1.0000000000

0.0000000000 0.0000000000 1.0000000000 2276.0000000000
0.0000000000 1.0000000000 0.0000000000 896.4000000000
-1.0000000000 0.0000000000 0.0000000000 1880.0000000000
0.0000000000 0.0000000000 0.0000000000 1.0000000000

0.0000000000 0.0000000000 1.0000000000 2276.0000000000
0.0000000000 1.0000000000 0.0000000000 896.0000000000
-1.0000000000 0.0000000000 0.0000000000 1880.0000000000
0.0000000000 0.0000000000 0.0000000000 1.0000000000

0.0000000000 0.0000000000 1.0000000000 2276.0000000000
0.0000000000 1.0000000000 0.0000000000 895.6000000000
-1.0000000000 0.0000000000 0.0000000000 1880.0000000000
0.0000000000 0.0000000000 0.0000000000 1.0000000000

0.0000000000 0.0000000000 1.0000000000 2276.0000000000
0.0000000000 1.0000000000 0.0000000000 895.2000000000
-1.0000000000 0.0000000000 0.0000000000 1880.0000000000
0.0000000000 0.0000000000 0.0000000000 1.0000000000

0.0000000000 0.0000000000 1.0000000000 2276.0000000000
0.0000000000 1.0000000000 0.0000000000 894.8000000000
-1.0000000000 0.0000000000 0.0000000000 1880.0000000000
0.0000000000 0.0000000000 0.0000000000 1.0000000000

0.0000000000 0.0000000000 1.0000000000 2276.0000000000
0.0000000000 1.0000000000 0.0000000000 894.4000000000
-1.0000000000 0.0000000000 0.0000000000 1880.0000000000
0.0000000000 0.0000000000 0.0000000000 1.0000000000

0.0000000000 0.0000000000 1.0000000000 2276.0000000000
0.0000000000 1.0000000000 0.0000000000 894.0000000000
-1.0000000000 0.0000000000 0.0000000000 1880.0000000000
0.0000000000 0.0000000000 0.0000000000 1.0000000000

0.0000000000 0.0000000000 1.0000000000 2276.0000000000
0.0000000000 1.0000000000 0.0000000000 893.6000000000
-1.0000000000 0.0000000000 0.0000000000 1880.0000000000
0.0000000000 0.0000000000 0.0000000000 1.0000000000

0.0000000000 0.0000000000 1.0000000000 2276.0000000000
0.0000000000 1.0000000000 0.0000000000 893.2000000000
-1.0000000000 0.0000000000 0.0000000000 1880.0000000000
0.0000000000 0.0000000000 0.0000000000 1.0000000000

0.0000000000 0.0000000000 1.0000000000 2276.0000000000
0.0000000000 1.0000000000 0.0000000000 892.8000000000
-1.0000000000 0.0000000000 0.0000000000 1880.0000000000
0.0000000000 0.0000000000 0.0000000000 1.0000000000

0.0000000000 0.0000000000 1.0000000000 2276.0000000000
0.0000000000 1.0000000000 0.0000000000 892.4000000000
-1.0000000000 0.0000000000 0.0000000000 1880.0000000000
0.0000000000 0.0000000000 0.0000000000 1.0000000000

0.0000000000 0.0000000000 1.0000000000 2276.0000000000
0.0000000000 1.0000000000 0.0000000000 892.0000000000
-1.0000000000 0.0000000000 0.0000000000 1880.0000000000
0.0000000000 0.0000000000 0.0000000000 1.0000000000

0.0000000000 0.0000000000 1.0000000000 2276.0000000000
0.0000000000 1.0000000000 0.0000000000 891.6000000000
-1.0000000000 0.0000000000 0.0000000000 1880.0000000000
0.0000000000 0.0000000000 0.0000000000 1.0000000000

0.0000000000 0.0000000000 1.0000000000 2276.0000000000
0.0000000000 1.0000000000 0.0000000000 891.2000000000
-1.0000000000 0.0000000000 0.0000000000 1880.0000000000
0.0000000000 0.0000000000 0.0000000000 1.0000000000

0.0000000000 0.0000000000 1.0000000000 2276.0000000000
0.0000000000 1.0000000000 0.0000000000 890.8000000000
-1.0000000000 0.0000000000 0.0000000000 1880.0000000000
0.0000000000 0.0000000000 0.0000000000 1.0000000000

0.0000000000 0.0000000000 1.0000000000 2276.0000000000
0.0000000000 1.0000000000 0.0000000000 890.4000000000
-1.0000000000 0.0000000000 0.0000000000 1880.0000000000
0.0000000000 0.0000000000 0.0000000000 1.0000000000

0.0000000000 0.0000000000 1.0000000000 2276.0000000000
0.0000000000 1.0000000000 0.0000000000 890.0000000000
-1.0000000000 0.0000000000 0.0000000000 1880.0000000000
0.0000000000 0.0000000000 0.0000000000 1.0000000000

0.0000000000 0.0000000000 1.0000000000 2276.0000000000
0.0000000000 1.0000000000 0.0000000000 889.6000000000
-1.0000000000 0.0000000000 0.0000000000 1880.0000000000
0.0000000000 0.0000000000 0.0000000000 1.0000000000

0.0000000000 0.0000000000 1.0000000000 2276.0000000000
0.0000000000 1.0000000000 0.0000000000 889.2000000000
-1.0000000000 0.0000000000 0.0000000000 1880.0000000000
0.0000000000 0.0000000000 0.0000000000 1.0000000000

0.0000000000 0.0000000000 1.0000000000 2276.0000000000
0.0000000000 1.0000000000 0.0000000000 888.8000000000
-1.0000000000 0.0000000000 0.0000000000 1880.0000000000
0.0000000000 0.0000000000 0.0000000000 1.0000000000

0.0000000000 0.0000000000 1.0000000000 2276.0000000000
0.0000000000 1.0000000000 0.0000000000 888.4000000000
-1.0000000000 0.0000000000 0.0000000000 1880.0000000000
0.0000000000 0.0000000000 0.0000000000 1.0000000000

0.0000000000 0.0000000000 1.0000000000 2276.0000000000
0.0000000000 1.0000000000 0.0000000000 888.0000000000
-1.0000000000 0.0000000000 0.0000000000 1880.0000000000
0.0000000000 0.0000000000 0.0000000000 1.0000000000

0.0000000000 0.0000000000 1.0000000000 2276.0000000000
0.0000000000 1.0000000000 0.0000000000 887.6000000000
-1.0000000000 0.0000000000 0.0000000000 1880.0000000000
0.0000000000 0.0000000000 0.0000000000 1.0000000000

0.0000000000 0.0000000000 1.0000000000 2276.0000000000
0.0000000000 1.0000000000 0.0000000000 887.2000000000
-1.0000000000 0.0000000000 0.0000000000 1880.0000000000
0.0000000000 0.0000000000 0.0000000000 1.0000000000

0.0000000000 0.0000000000 1.0000000000 2276.0000000000
0.0000000000 1.0000000000 0.0000000000 886.8000000000
-1.0000000000 0.0000000000 0.0000000000 1880.0000000000
0.0000000000 0.0000000000 0.0000000000 1.0000000000

0.0000000000 0.0000000000 1.0000000000 2276.0000000000
0.0000000000 1.0000000000 0.0000000000 886.4000000000
-1.0000000000 0.0000000000 0.0000000000 1880.0000000000
0.0000000000 0.0000000000 0.0000000000 1.0000000000

0.0000000000 0.0000000000 1.0000000000 2276.0000000000
0.0000000000 1.0000000000 0.0000000000 886.0000000000
-1.0000000000 0.0000000000 0.0000000000 1880.0000000000
0.0000000000 0.0000000000 0.0000000000 1.0000000000

0.0000000000 0.0000000000 1.0000000000 2276.0000000000
0.0000000000 1.0000000000 0.0000000000 885.6000000000
-1.0000000000 0.0000000000 0.0000000000 1880.0000000000
0.0000000000 0.0000000000 0.0000000000 1.0000000000

0.0000000000 0.0000000000 1.0000000000 2276.0000000000
0.0000000000 1.0000000000 0.0000000000 885.2000000000
-1.0000000000 0.0000000000 0.0000000000 1880.0000000000
0.0000000000 0.0000000000 0.0000000000 1.0000000000

0.0000000000 0.0000000000 1.0000000000 2276.0000000000
0.0000000000 1.0000000000 0.0000000000 884.8000000000
-1.0000000000 0.0000000000 0.0000000000 1880.0000000000
0.0000000000 0.0000000000 0.0000000000 1.0000000000

0.0000000000 0.0000000000 1.0000000000 2276.0000000000
0.0000000000 1.0000000000 0.0000000000 884.4000000000
-1.0000000000 0.0000000000 0.0000000000 1880.0000000000
0.0000000000 0.0000000000 0.0000000000 1.0000000000

0.0000000000 0.0000000000 1.0000000000 2276.0000000000
0.0000000000 1.0000000000 0.0000000000 884.0000000000
-1.0000000000 0.0000000000 0.0000000000 1880.0000000000
0.0000000000 0.0000000000 0.0000000000 1.0000000000

0.0000000000 0.0000000000 1.0000000000 2276.0000000000
0.0000000000 1.0000000000 0.0000000000 883.6000000000
-1.0000000000 0.0000000000 0.0000000000 1880.0000000000
0.0000000000 0.0000000000 0.0000000000 1.0000000000

0.0000000000 0.0000000000 1.0000000000 2276.0000000000
0.0000000000 1.0000000000 0.0000000000 883.2000000000
-1.0000000000 0.0000000000 0.0000000000 1880.0000000000
0.0000000000 0.0000000000 0.0000000000 1.0000000000

0.0000000000 0.0000000000 1.0000000000 2276.0000000000
0.0000000000 1.0000000000 0.0000000000 882.8000000000
-1.0000000000 0.0000000000 0.0000000000 1880.0000000000
0.0000000000 0.0000000000 0.0000000000 1.0000000000

0.0000000000 0.0000000000 1.0000000000 2276.0000000000
0.0000000000 1.0000000000 0.0000000000 882.4000000000
-1.0000000000 0.0000000000 0.0000000000 1880.0000000000
0.0000000000 0.0000000000 0.0000000000 1.0000000000

0.0000000000 0.0000000000 1.0000000000 2276.0000000000
0.0000000000 1.0000000000 0.0000000000 882.0000000000
-1.0000000000 0.0000000000 0.0000000000 1880.0000000000
0.0000000000 0.0000000000 0.0000000000 1.0000000000

0.0000000000 0.0000000000 1.0000000000 2276.0000000000
0.0000000000 1.0000000000 0.0000000000 881.6000000000
-1.0000000000 0.0000000000 0.0000000000 1880.0000000000
0.0000000000 0.0000000000 0.0000000000 1.0000000000

0.0000000000 0.0000000000 1.0000000000 2276.0000000000
0.0000000000 1.0000000000 0.0000000000 881.2000000000
-1.0000000000 0.0000000000 0.0000000000 1880.0000000000
0.0000000000 0.0000000000 0.0000000000 1.0000000000

0.0000000000 0.0000000000 1.0000000000 2276.0000000000
0.0000000000 1.0000000000 0.0000000000 880.8000000000
-1.0000000000 0.0000000000 0.0000000000 1880.0000000000
0.0000000000 0.0000000000 0.0000000000 1.0000000000

0.0000000000 0.0000000000 1.0000000000 2276.0000000000
0.0000000000 1.0000000000 0.0000000000 880.4000000000
-1.0000000000 0.0000000000 0.0000000000 1880.0000000000
0.0000000000 0.0000000000 0.0000000000 1.0000000000

0.0000000000 0.0000000000 1.0000000000 2276.0000000000
0.0000000000 1.0000000000 0.0000000000 880.0000000000
-1.0000000000 0.0000000000 0.0000000000 1880.0000000000
0.0000000000 0.0000000000 0.0000000000 1.0000000000

0.0000000000 0.0000000000 1.0000000000 2276.0000000000
0.0000000000 1.0000000000 0.0000000000 879.6000000000
-1.0000000000 0.0000000000 0.0000000000 1880.0000000000
0.0000000000 0.0000000000 0.0000000000 1.0000000000

0.0000000000 0.0000000000 1.0000000000 2276.0000000000
0.0000000000 1.0000000000 0.0000000000 879.2000000000
-1.0000000000 0.0000000000 0.0000000000 1880.0000000000
0.0000000000 0.0000000000 0.0000000000 1.0000000000

0.0000000000 0.0000000000 1.0000000000 2276.0000000000
0.0000000000 1.0000000000 0.0000000000 878.8000000000
-1.0000000000 0.0000000000 0.0000000000 1880.0000000000
0.0000000000 0.0000000000 0.0000000000 1.0000000000

0.0000000000 0.0000000000 1.0000000000 2276.0000000000
0.0000000000 1.0000000000 0.0000000000 878.4000000000
-1.0000000000 0.0000000000 0.0000000000 1880.0000000000
0.0000000000 0.0000000000 0.0000000000 1.0000000000

0.0000000000 0.0000000000 1.0000000000 2276.0000000000
0.0000000000 1.0000000000 0.0000000000 878.0000000000
-1.0000000000 0.0000000000 0.0000000000 1880.0000000000
0.0000000000 0.0000000000 0.0000000000 1.0000000000

0.0000000000 0.0000000000 1.0000000000 2276.0000000000
0.0000000000 1.0000000000 0.0000000000 877.6000000000
-1.0000000000 0.0000000000 0.0000000000 1880.0000000000
0.0000000000 0.0000000000 0.0000000000 1.0000000000

0.0000000000 0.0000000000 1.0000000000 2276.0000000000
0.0000000000 1.0000000000 0.0000000000 877.2000000000
-1.0000000000 0.0000000000 0.0000000000 1880.0000000000
0.0000000000 0.0000000000 0.0000000000 1.0000000000

0.0000000000 0.0000000000 1.0000000000 2276.0000000000
0.0000000000 1.0000000000 0.0000000000 876.8000000000
-1.0000000000 0.0000000000 0.0000000000 1880.0000000000
0.0000000000 0.0000000000 0.0000000000 1.0000000000

0.0000000000 0.0000000000 1.0000000000 2276.0000000000
0.0000000000 1.0000000000 0.0000000000 876.4000000000
-1.0000000000 0.0000000000 0.0000000000 1880.0000000000
0.0000000000 0.0000000000 0.0000000000 1.0000000000

0.0000000000 0.0000000000 1.0000000000 2276.0000000000
0.0000000000 1.0000000000 0.0000000000 876.0000000000
-1.0000000000 0.0000000000 0.0000000000 1880.0000000000
0.0000000000 0.0000000000 0.0000000000 1.0000000000

0.0000000000 0.0000000000 1.0000000000 2276.0000000000
0.0000000000 1.0000000000 0.0000000000 875.6000000000
-1.0000000000 0.0000000000 0.0000000000 1880.0000000000
0.0000000000 0.0000000000 0.0000000000 1.0000000000

0.0000000000 0.0000000000 1.0000000000 2276.0000000000
0.0000000000 1.0000000000 0.0000000000 875.2000000000
-1.0000000000 0.0000000000 0.0000000000 1880.0000000000
0.0000000000 0.0000000000 0.0000000000 1.0000000000

0.0000000000 0.0000000000 1.0000000000 2276.0000000000
0.0000000000 1.0000000000 0.0000000000 874.8000000000
-1.0000000000 0.0000000000 0.0000000000 1880.0000000000
0.0000000000 0.0000000000 0.0000000000 1.0000000000

0.0000000000 0.0000000000 1.0000000000 2276.0000000000
0.0000000000 1.0000000000 0.0000000000 874.4000000000
-1.0000000000 0.0000000000 0.0000000000 1880.0000000000
0.0000000000 0.0000000000 0.0000000000 1.0000000000

0.0000000000 0.0000000000 1.0000000000 2276.0000000000
0.0000000000 1.0000000000 0.0000000000 874.0000000000
-1.0000000000 0.0000000000 0.0000000000 1880.0000000000
0.0000000000 0.0000000000 0.0000000000 1.0000000000

0.0000000000 0.0000000000 1.0000000000 2276.0000000000
0.0000000000 1.0000000000 0.0000000000 873.6000000000
-1.0000000000 0.0000000000 0.0000000000 1880.0000000000
0.0000000000 0.0000000000 0.0000000000 1.0000000000

0.0000000000 0.0000000000 1.0000000000 2276.0000000000
0.0000000000 1.0000000000 0.0000000000 873.2000000000
-1.0000000000 0.0000000000 0.0000000000 1880.0000000000
0.0000000000 0.0000000000 0.0000000000 1.0000000000

0.0000000000 0.0000000000 1.0000000000 2276.0000000000
0.0000000000 1.0000000000 0.0000000000 872.8000000000
-1.0000000000 0.0000000000 0.0000000000 1880.0000000000
0.0000000000 0.0000000000 0.0000000000 1.0000000000

0.0000000000 0.0000000000 1.0000000000 2276.0000000000
0.0000000000 1.0000000000 0.0000000000 872.4000000000
-1.0000000000 0.0000000000 0.0000000000 1880.0000000000
0.0000000000 0.0000000000 0.0000000000 1.0000000000

0.0000000000 0.0000000000 1.0000000000 2276.0000000000
0.0000000000 1.0000000000 0.0000000000 872.0000000000
-1.0000000000 0.0000000000 0.0000000000 1880.0000000000
0.0000000000 0.0000000000 0.0000000000 1.0000000000

0.0000000000 0.0000000000 1.0000000000 2276.0000000000
0.0000000000 1.0000000000 0.0000000000 871.6000000000
-1.0000000000 0.0000000000 0.0000000000 1880.0000000000
0.0000000000 0.0000000000 0.0000000000 1.0000000000

0.0000000000 0.0000000000 1.0000000000 2276.0000000000
0.0000000000 1.0000000000 0.0000000000 871.2000000000
-1.0000000000 0.0000000000 0.0000000000 1880.0000000000
0.0000000000 0.0000000000 0.0000000000 1.0000000000

0.0000000000 0.0000000000 1.0000000000 2276.0000000000
0.0000000000 1.0000000000 0.0000000000 870.8000000000
-1.0000000000 0.0000000000 0.0000000000 1880.0000000000
0.0000000000 0.0000000000 0.0000000000 1.0000000000

0.0000000000 0.0000000000 1.0000000000 2276.0000000000
0.0000000000 1.0000000000 0.0000000000 870.4000000000
-1.0000000000 0.0000000000 0.0000000000 1880.0000000000
0.0000000000 0.0000000000 0.0000000000 1.0000000000

0.0000000000 0.0000000000 1.0000000000 2276.0000000000
0.0000000000 1.0000000000 0.0000000000 870.0000000000
-1.0000000000 0.0000000000 0.0000000000 1880.0000000000
0.0000000000 0.0000000000 0.0000000000 1.0000000000

0.0000000000 0.0000000000 1.0000000000 2276.0000000000
0.0000000000 1.0000000000 0.0000000000 869.6000000000
-1.0000000000 0.0000000000 0.0000000000 1880.0000000000
0.0000000000 0.0000000000 0.0000000000 1.0000000000

0.0000000000 0.0000000000 1.0000000000 2276.0000000000
0.0000000000 1.0000000000 0.0000000000 869.2000000000
-1.0000000000 0.0000000000 0.0000000000 1880.0000000000
0.0000000000 0.0000000000 0.0000000000 1.0000000000

0.0000000000 0.0000000000 1.0000000000 2276.0000000000
0.0000000000 1.0000000000 0.0000000000 868.8000000000
-1.0000000000 0.0000000000 0.0000000000 1880.0000000000
0.0000000000 0.0000000000 0.0000000000 1.0000000000

0.0000000000 0.0000000000 1.0000000000 2276.0000000000
0.0000000000 1.0000000000 0.0000000000 868.4000000000
-1.0000000000 0.0000000000 0.0000000000 1880.0000000000
0.0000000000 0.0000000000 0.0000000000 1.0000000000

0.0000000000 0.0000000000 1.0000000000 2276.0000000000
0.0000000000 1.0000000000 0.0000000000 868.0000000000
-1.0000000000 0.0000000000 0.0000000000 1880.0000000000
0.0000000000 0.0000000000 0.0000000000 1.0000000000

0.0000000000 0.0000000000 1.0000000000 2276.0000000000
0.0000000000 1.0000000000 0.0000000000 867.6000000000
-1.0000000000 0.0000000000 0.0000000000 1880.0000000000
0.0000000000 0.0000000000 0.0000000000 1.0000000000

0.0000000000 0.0000000000 1.0000000000 2276.0000000000
0.0000000000 1.0000000000 0.0000000000 867.2000000000
-1.0000000000 0.0000000000 0.0000000000 1880.0000000000
0.0000000000 0.0000000000 0.0000000000 1.0000000000

0.0000000000 0.0000000000 1.0000000000 2276.0000000000
0.0000000000 1.0000000000 0.0000000000 866.8000000000
-1.0000000000 0.0000000000 0.0000000000 1880.0000000000
0.0000000000 0.0000000000 0.0000000000 1.0000000000

0.0000000000 0.0000000000 1.0000000000 2276.0000000000
0.0000000000 1.0000000000 0.0000000000 866.4000000000
-1.0000000000 0.0000000000 0.0000000000 1880.0000000000
0.0000000000 0.0000000000 0.0000000000 1.0000000000

0.0000000000 0.0000000000 1.0000000000 2276.0000000000
0.0000000000 1.0000000000 0.0000000000 866.0000000000
-1.0000000000 0.0000000000 0.0000000000 1880.0000000000
0.0000000000 0.0000000000 0.0000000000 1.0000000000

0.0000000000 0.0000000000 1.0000000000 2276.0000000000
0.0000000000 1.0000000000 0.0000000000 865.6000000000
-1.0000000000 0.0000000000 0.0000000000 1880.0000000000
0.0000000000 0.0000000000 0.0000000000 1.0000000000

0.0000000000 0.0000000000 1.0000000000 2276.0000000000
0.0000000000 1.0000000000 0.0000000000 865.2000000000
-1.0000000000 0.0000000000 0.0000000000 1880.0000000000
0.0000000000 0.0000000000 0.0000000000 1.0000000000

0.0000000000 0.0000000000 1.0000000000 2276.0000000000
0.0000000000 1.0000000000 0.0000000000 864.8000000000
-1.0000000000 0.0000000000 0.0000000000 1880.0000000000
0.0000000000 0.0000000000 0.0000000000 1.0000000000

0.0000000000 0.0000000000 1.0000000000 2276.0000000000
0.0000000000 1.0000000000 0.0000000000 864.4000000000
-1.0000000000 0.0000000000 0.0000000000 1880.0000000000
0.0000000000 0.0000000000 0.0000000000 1.0000000000

0.0000000000 0.0000000000 1.0000000000 2276.0000000000
0.0000000000 1.0000000000 0.0000000000 864.0000000000
-1.0000000000 0.0000000000 0.0000000000 1880.0000000000
0.0000000000 0.0000000000 0.0000000000 1.0000000000

0.0000000000 0.0000000000 1.0000000000 2276.0000000000
0.0000000000 1.0000000000 0.0000000000 863.6000000000
-1.0000000000 0.0000000000 0.0000000000 1880.0000000000
0.0000000000 0.0000000000 0.0000000000 1.0000000000

0.0000000000 0.0000000000 1.0000000000 2276.0000000000
0.0000000000 1.0000000000 0.0000000000 863.2000000000
-1.0000000000 0.0000000000 0.0000000000 1880.0000000000
0.0000000000 0.0000000000 0.0000000000 1.0000000000

0.0000000000 0.0000000000 1.0000000000 2276.0000000000
0.0000000000 1.0000000000 0.0000000000 862.8000000000
-1.0000000000 0.0000000000 0.0000000000 1880.0000000000
0.0000000000 0.0000000000 0.0000000000 1.0000000000

0.0000000000 0.0000000000 1.0000000000 2276.0000000000
0.0000000000 1.0000000000 0.0000000000 862.4000000000
-1.0000000000 0.0000000000 0.0000000000 1880.0000000000
0.0000000000 0.0000000000 0.0000000000 1.0000000000

0.0000000000 0.0000000000 1.0000000000 2276.0000000000
0.0000000000 1.0000000000 0.0000000000 862.0000000000
-1.0000000000 0.0000000000 0.0000000000 1880.0000000000
0.0000000000 0.0000000000 0.0000000000 1.0000000000

0.0000000000 0.0000000000 1.0000000000 2276.0000000000
0.0000000000 1.0000000000 0.0000000000 861.6000000000
-1.0000000000 0.0000000000 0.0000000000 1880.0000000000
0.0000000000 0.0000000000 0.0000000000 1.0000000000

0.0000000000 0.0000000000 1.0000000000 2276.0000000000
0.0000000000 1.0000000000 0.0000000000 861.2000000000
-1.0000000000 0.0000000000 0.0000000000 1880.0000000000
0.0000000000 0.0000000000 0.0000000000 1.0000000000

0.0000000000 0.0000000000 1.0000000000 2276.0000000000
0.0000000000 1.0000000000 0.0000000000 860.8000000000
-1.0000000000 0.0000000000 0.0000000000 1880.0000000000
0.0000000000 0.0000000000 0.0000000000 1.0000000000

0.0000000000 0.0000000000 1.0000000000 2276.0000000000
0.0000000000 1.0000000000 0.0000000000 860.4000000000
-1.0000000000 0.0000000000 0.0000000000 1880.0000000000
0.0000000000 0.0000000000 0.0000000000 1.0000000000

0.0000000000 0.0000000000 1.0000000000 2276.0000000000
0.0000000000 1.0000000000 0.0000000000 860.0000000000
-1.0000000000 0.0000000000 0.0000000000 1880.0000000000
0.0000000000 0.0000000000 0.0000000000 1.0000000000

0.0000000000 0.0000000000 1.0000000000 2276.0000000000
0.0000000000 1.0000000000 0.0000000000 859.6000000000
-1.0000000000 0.0000000000 0.0000000000 1880.0000000000
0.0000000000 0.0000000000 0.0000000000 1.0000000000

0.0000000000 0.0000000000 1.0000000000 2276.0000000000
0.0000000000 1.0000000000 0.0000000000 859.2000000000
-1.0000000000 0.0000000000 0.0000000000 1880.0000000000
0.0000000000 0.0000000000 0.0000000000 1.0000000000

0.0000000000 0.0000000000 1.0000000000 2276.0000000000
0.0000000000 1.0000000000 0.0000000000 858.8000000000
-1.0000000000 0.0000000000 0.0000000000 1880.0000000000
0.0000000000 0.0000000000 0.0000000000 1.0000000000

0.0000000000 0.0000000000 1.0000000000 2276.0000000000
0.0000000000 1.0000000000 0.0000000000 858.4000000000
-1.0000000000 0.0000000000 0.0000000000 1880.0000000000
0.0000000000 0.0000000000 0.0000000000 1.0000000000

0.0000000000 0.0000000000 1.0000000000 2276.0000000000
0.0000000000 1.0000000000 0.0000000000 858.0000000000
-1.0000000000 0.0000000000 0.0000000000 1880.0000000000
0.0000000000 0.0000000000 0.0000000000 1.0000000000

0.0000000000 0.0000000000 1.0000000000 2276.0000000000
0.0000000000 1.0000000000 0.0000000000 857.6000000000
-1.0000000000 0.0000000000 0.0000000000 1880.0000000000
0.0000000000 0.0000000000 0.0000000000 1.0000000000

0.0000000000 0.0000000000 1.0000000000 2276.0000000000
0.0000000000 1.0000000000 0.0000000000 857.2000000000
-1.0000000000 0.0000000000 0.0000000000 1880.0000000000
0.0000000000 0.0000000000 0.0000000000 1.0000000000

0.0000000000 0.0000000000 1.0000000000 2276.0000000000
0.0000000000 1.0000000000 0.0000000000 856.8000000000
-1.0000000000 0.0000000000 0.0000000000 1880.0000000000
0.0000000000 0.0000000000 0.0000000000 1.0000000000

0.0000000000 0.0000000000 1.0000000000 2276.0000000000
0.0000000000 1.0000000000 0.0000000000 856.4000000000
-1.0000000000 0.0000000000 0.0000000000 1880.0000000000
0.0000000000 0.0000000000 0.0000000000 1.0000000000

0.0000000000 0.0000000000 1.0000000000 2276.0000000000
0.0000000000 1.0000000000 0.0000000000 856.0000000000
-1.0000000000 0.0000000000 0.0000000000 1880.0000000000
0.0000000000 0.0000000000 0.0000000000 1.0000000000

0.0000000000 0.0000000000 1.0000000000 2276.0000000000
0.0000000000 1.0000000000 0.0000000000 855.6000000000
-1.0000000000 0.0000000000 0.0000000000 1880.0000000000
0.0000000000 0.0000000000 0.0000000000 1.0000000000

0.0000000000 0.0000000000 1.0000000000 2276.0000000000
0.0000000000 1.0000000000 0.0000000000 855.2000000000
-1.0000000000 0.0000000000 0.0000000000 1880.0000000000
0.0000000000 0.0000000000 0.0000000000 1.0000000000

0.0000000000 0.0000000000 1.0000000000 2276.0000000000
0.0000000000 1.0000000000 0.0000000000 854.8000000000
-1.0000000000 0.0000000000 0.0000000000 1880.0000000000
0.0000000000 0.0000000000 0.0000000000 1.0000000000

0.0000000000 0.0000000000 1.0000000000 2276.0000000000
0.0000000000 1.0000000000 0.0000000000 854.4000000000
-1.0000000000 0.0000000000 0.0000000000 1880.0000000000
0.0000000000 0.0000000000 0.0000000000 1.0000000000

0.0000000000 0.0000000000 1.0000000000 2276.0000000000
0.0000000000 1.0000000000 0.0000000000 854.0000000000
-1.0000000000 0.0000000000 0.0000000000 1880.0000000000
0.0000000000 0.0000000000 0.0000000000 1.0000000000

0.0000000000 0.0000000000 1.0000000000 2276.0000000000
0.0000000000 1.0000000000 0.0000000000 853.6000000000
-1.0000000000 0.0000000000 0.0000000000 1880.0000000000
0.0000000000 0.0000000000 0.0000000000 1.0000000000

0.0000000000 0.0000000000 1.0000000000 2276.0000000000
0.0000000000 1.0000000000 0.0000000000 853.2000000000
-1.0000000000 0.0000000000 0.0000000000 1880.0000000000
0.0000000000 0.0000000000 0.0000000000 1.0000000000

0.0000000000 0.0000000000 1.0000000000 2276.0000000000
0.0000000000 1.0000000000 0.0000000000 852.8000000000
-1.0000000000 0.0000000000 0.0000000000 1880.0000000000
0.0000000000 0.0000000000 0.0000000000 1.0000000000

0.0000000000 0.0000000000 1.0000000000 2276.0000000000
0.0000000000 1.0000000000 0.0000000000 852.4000000000
-1.0000000000 0.0000000000 0.0000000000 1880.0000000000
0.0000000000 0.0000000000 0.0000000000 1.0000000000

0.0000000000 0.0000000000 1.0000000000 2276.0000000000
0.0000000000 1.0000000000 0.0000000000 852.0000000000
-1.0000000000 0.0000000000 0.0000000000 1880.0000000000
0.0000000000 0.0000000000 0.0000000000 1.0000000000

0.0000000000 0.0000000000 1.0000000000 2276.0000000000
0.0000000000 1.0000000000 0.0000000000 851.6000000000
-1.0000000000 0.0000000000 0.0000000000 1880.0000000000
0.0000000000 0.0000000000 0.0000000000 1.0000000000

0.0000000000 0.0000000000 1.0000000000 2276.0000000000
0.0000000000 1.0000000000 0.0000000000 851.2000000000
-1.0000000000 0.0000000000 0.0000000000 1880.0000000000
0.0000000000 0.0000000000 0.0000000000 1.0000000000

0.0000000000 0.0000000000 1.0000000000 2276.0000000000
0.0000000000 1.0000000000 0.0000000000 850.8000000000
-1.0000000000 0.0000000000 0.0000000000 1880.0000000000
0.0000000000 0.0000000000 0.0000000000 1.0000000000

0.0000000000 0.0000000000 1.0000000000 2276.0000000000
0.0000000000 1.0000000000 0.0000000000 850.4000000000
-1.0000000000 0.0000000000 0.0000000000 1880.0000000000
0.0000000000 0.0000000000 0.0000000000 1.0000000000

0.0000000000 0.0000000000 1.0000000000 2276.0000000000
0.0000000000 1.0000000000 0.0000000000 850.0000000000
-1.0000000000 0.0000000000 0.0000000000 1880.0000000000
0.0000000000 0.0000000000 0.0000000000 1.0000000000

0.0000000000 0.0000000000 1.0000000000 2276.0000000000
0.0000000000 1.0000000000 0.0000000000 849.6000000000
-1.0000000000 0.0000000000 0.0000000000 1880.0000000000
0.0000000000 0.0000000000 0.0000000000 1.0000000000

0.0000000000 0.0000000000 1.0000000000 2276.0000000000
0.0000000000 1.0000000000 0.0000000000 849.2000000000
-1.0000000000 0.0000000000 0.0000000000 1880.0000000000
0.0000000000 0.0000000000 0.0000000000 1.0000000000

0.0000000000 0.0000000000 1.0000000000 2276.0000000000
0.0000000000 1.0000000000 0.0000000000 848.8000000000
-1.0000000000 0.0000000000 0.0000000000 1880.0000000000
0.0000000000 0.0000000000 0.0000000000 1.0000000000

0.0000000000 0.0000000000 1.0000000000 2276.0000000000
0.0000000000 1.0000000000 0.0000000000 848.4000000000
-1.0000000000 0.0000000000 0.0000000000 1880.0000000000
0.0000000000 0.0000000000 0.0000000000 1.0000000000

0.0000000000 0.0000000000 1.0000000000 2276.0000000000
0.0000000000 1.0000000000 0.0000000000 848.0000000000
-1.0000000000 0.0000000000 0.0000000000 1880.0000000000
0.0000000000 0.0000000000 0.0000000000 1.0000000000

0.0000000000 0.0000000000 1.0000000000 2276.0000000000
0.0000000000 1.0000000000 0.0000000000 847.6000000000
-1.0000000000 0.0000000000 0.0000000000 1880.0000000000
0.0000000000 0.0000000000 0.0000000000 1.0000000000

0.0000000000 0.0000000000 1.0000000000 2276.0000000000
0.0000000000 1.0000000000 0.0000000000 847.2000000000
-1.0000000000 0.0000000000 0.0000000000 1880.0000000000
0.0000000000 0.0000000000 0.0000000000 1.0000000000

0.0000000000 0.0000000000 1.0000000000 2276.0000000000
0.0000000000 1.0000000000 0.0000000000 846.8000000000
-1.0000000000 0.0000000000 0.0000000000 1880.0000000000
0.0000000000 0.0000000000 0.0000000000 1.0000000000

0.0000000000 0.0000000000 1.0000000000 2276.0000000000
0.0000000000 1.0000000000 0.0000000000 846.4000000000
-1.0000000000 0.0000000000 0.0000000000 1880.0000000000
0.0000000000 0.0000000000 0.0000000000 1.0000000000

0.0000000000 0.0000000000 1.0000000000 2276.0000000000
0.0000000000 1.0000000000 0.0000000000 846.0000000000
-1.0000000000 0.0000000000 0.0000000000 1880.0000000000
0.0000000000 0.0000000000 0.0000000000 1.0000000000

0.0000000000 0.0000000000 1.0000000000 2276.0000000000
0.0000000000 1.0000000000 0.0000000000 845.6000000000
-1.0000000000 0.0000000000 0.0000000000 1880.0000000000
0.0000000000 0.0000000000 0.0000000000 1.0000000000

0.0000000000 0.0000000000 1.0000000000 2276.0000000000
0.0000000000 1.0000000000 0.0000000000 845.2000000000
-1.0000000000 0.0000000000 0.0000000000 1880.0000000000
0.0000000000 0.0000000000 0.0000000000 1.0000000000

0.0000000000 0.0000000000 1.0000000000 2276.0000000000
0.0000000000 1.0000000000 0.0000000000 844.8000000000
-1.0000000000 0.0000000000 0.0000000000 1880.0000000000
0.0000000000 0.0000000000 0.0000000000 1.0000000000

0.0000000000 0.0000000000 1.0000000000 2276.0000000000
0.0000000000 1.0000000000 0.0000000000 844.4000000000
-1.0000000000 0.0000000000 0.0000000000 1880.0000000000
0.0000000000 0.0000000000 0.0000000000 1.0000000000

0.0000000000 0.0000000000 1.0000000000 2276.0000000000
0.0000000000 1.0000000000 0.0000000000 844.0000000000
-1.0000000000 0.0000000000 0.0000000000 1880.0000000000
0.0000000000 0.0000000000 0.0000000000 1.0000000000

0.0000000000 0.0000000000 1.0000000000 2276.0000000000
0.0000000000 1.0000000000 0.0000000000 843.6000000000
-1.0000000000 0.0000000000 0.0000000000 1880.0000000000
0.0000000000 0.0000000000 0.0000000000 1.0000000000

0.0000000000 0.0000000000 1.0000000000 2276.0000000000
0.0000000000 1.0000000000 0.0000000000 843.2000000000
-1.0000000000 0.0000000000 0.0000000000 1880.0000000000
0.0000000000 0.0000000000 0.0000000000 1.0000000000

0.0000000000 0.0000000000 1.0000000000 2276.0000000000
0.0000000000 1.0000000000 0.0000000000 842.8000000000
-1.0000000000 0.0000000000 0.0000000000 1880.0000000000
0.0000000000 0.0000000000 0.0000000000 1.0000000000

0.0000000000 0.0000000000 1.0000000000 2276.0000000000
0.0000000000 1.0000000000 0.0000000000 842.4000000000
-1.0000000000 0.0000000000 0.0000000000 1880.0000000000
0.0000000000 0.0000000000 0.0000000000 1.0000000000

0.0000000000 0.0000000000 1.0000000000 2276.0000000000
0.0000000000 1.0000000000 0.0000000000 842.0000000000
-1.0000000000 0.0000000000 0.0000000000 1880.0000000000
0.0000000000 0.0000000000 0.0000000000 1.0000000000

0.0000000000 0.0000000000 1.0000000000 2276.0000000000
0.0000000000 1.0000000000 0.0000000000 841.6000000000
-1.0000000000 0.0000000000 0.0000000000 1880.0000000000
0.0000000000 0.0000000000 0.0000000000 1.0000000000

0.0000000000 0.0000000000 1.0000000000 2276.0000000000
0.0000000000 1.0000000000 0.0000000000 841.2000000000
-1.0000000000 0.0000000000 0.0000000000 1880.0000000000
0.0000000000 0.0000000000 0.0000000000 1.0000000000

0.0000000000 0.0000000000 1.0000000000 2276.0000000000
0.0000000000 1.0000000000 0.0000000000 840.8000000000
-1.0000000000 0.0000000000 0.0000000000 1880.0000000000
0.0000000000 0.0000000000 0.0000000000 1.0000000000

0.0000000000 0.0000000000 1.0000000000 2276.0000000000
0.0000000000 1.0000000000 0.0000000000 840.4000000000
-1.0000000000 0.0000000000 0.0000000000 1880.0000000000
0.0000000000 0.0000000000 0.0000000000 1.0000000000

0.0000000000 0.0000000000 1.0000000000 2276.0000000000
0.0000000000 1.0000000000 0.0000000000 840.0000000000
-1.0000000000 0.0000000000 0.0000000000 1880.0000000000
0.0000000000 0.0000000000 0.0000000000 1.0000000000

0.0000000000 0.0000000000 1.0000000000 2276.0000000000
0.0000000000 1.0000000000 0.0000000000 839.6000000000
-1.0000000000 0.0000000000 0.0000000000 1880.0000000000
0.0000000000 0.0000000000 0.0000000000 1.0000000000

0.0000000000 0.0000000000 1.0000000000 2276.0000000000
0.0000000000 1.0000000000 0.0000000000 839.2000000000
-1.0000000000 0.0000000000 0.0000000000 1880.0000000000
0.0000000000 0.0000000000 0.0000000000 1.0000000000

0.0000000000 0.0000000000 1.0000000000 2276.0000000000
0.0000000000 1.0000000000 0.0000000000 838.8000000000
-1.0000000000 0.0000000000 0.0000000000 1880.0000000000
0.0000000000 0.0000000000 0.0000000000 1.0000000000

0.0000000000 0.0000000000 1.0000000000 2276.0000000000
0.0000000000 1.0000000000 0.0000000000 838.4000000000
-1.0000000000 0.0000000000 0.0000000000 1880.0000000000
0.0000000000 0.0000000000 0.0000000000 1.0000000000

0.0000000000 0.0000000000 1.0000000000 2276.0000000000
0.0000000000 1.0000000000 0.0000000000 838.0000000000
-1.0000000000 0.0000000000 0.0000000000 1880.0000000000
0.0000000000 0.0000000000 0.0000000000 1.0000000000

0.0000000000 0.0000000000 1.0000000000 2276.0000000000
0.0000000000 1.0000000000 0.0000000000 837.6000000000
-1.0000000000 0.0000000000 0.0000000000 1880.0000000000
0.0000000000 0.0000000000 0.0000000000 1.0000000000

0.0000000000 0.0000000000 1.0000000000 2276.0000000000
0.0000000000 1.0000000000 0.0000000000 837.2000000000
-1.0000000000 0.0000000000 0.0000000000 1880.0000000000
0.0000000000 0.0000000000 0.0000000000 1.0000000000

0.0000000000 0.0000000000 1.0000000000 2276.0000000000
0.0000000000 1.0000000000 0.0000000000 836.8000000000
-1.0000000000 0.0000000000 0.0000000000 1880.0000000000
0.0000000000 0.0000000000 0.0000000000 1.0000000000

0.0000000000 0.0000000000 1.0000000000 2276.0000000000
0.0000000000 1.0000000000 0.0000000000 836.4000000000
-1.0000000000 0.0000000000 0.0000000000 1880.0000000000
0.0000000000 0.0000000000 0.0000000000 1.0000000000

0.0000000000 0.0000000000 1.0000000000 2276.0000000000
0.0000000000 1.0000000000 0.0000000000 836.0000000000
-1.0000000000 0.0000000000 0.0000000000 1880.0000000000
0.0000000000 0.0000000000 0.0000000000 1.0000000000

0.0000000000 0.0000000000 1.0000000000 2276.0000000000
0.0000000000 1.0000000000 0.0000000000 835.6000000000
-1.0000000000 0.0000000000 0.0000000000 1880.0000000000
0.0000000000 0.0000000000 0.0000000000 1.0000000000

0.0000000000 0.0000000000 1.0000000000 2276.0000000000
0.0000000000 1.0000000000 0.0000000000 835.2000000000
-1.0000000000 0.0000000000 0.0000000000 1880.0000000000
0.0000000000 0.0000000000 0.0000000000 1.0000000000

0.0000000000 0.0000000000 1.0000000000 2276.0000000000
0.0000000000 1.0000000000 0.0000000000 834.8000000000
-1.0000000000 0.0000000000 0.0000000000 1880.0000000000
0.0000000000 0.0000000000 0.0000000000 1.0000000000

0.0000000000 0.0000000000 1.0000000000 2276.0000000000
0.0000000000 1.0000000000 0.0000000000 834.4000000000
-1.0000000000 0.0000000000 0.0000000000 1880.0000000000
0.0000000000 0.0000000000 0.0000000000 1.0000000000

0.0000000000 0.0000000000 1.0000000000 2276.0000000000
0.0000000000 1.0000000000 0.0000000000 834.0000000000
-1.0000000000 0.0000000000 0.0000000000 1880.0000000000
0.0000000000 0.0000000000 0.0000000000 1.0000000000

0.0000000000 0.0000000000 1.0000000000 2276.0000000000
0.0000000000 1.0000000000 0.0000000000 833.6000000000
-1.0000000000 0.0000000000 0.0000000000 1880.0000000000
0.0000000000 0.0000000000 0.0000000000 1.0000000000

0.0000000000 0.0000000000 1.0000000000 2276.0000000000
0.0000000000 1.0000000000 0.0000000000 833.2000000000
-1.0000000000 0.0000000000 0.0000000000 1880.0000000000
0.0000000000 0.0000000000 0.0000000000 1.0000000000

0.0000000000 0.0000000000 1.0000000000 2276.0000000000
0.0000000000 1.0000000000 0.0000000000 832.8000000000
-1.0000000000 0.0000000000 0.0000000000 1880.0000000000
0.0000000000 0.0000000000 0.0000000000 1.0000000000

0.0000000000 0.0000000000 1.0000000000 2276.0000000000
0.0000000000 1.0000000000 0.0000000000 832.4000000000
-1.0000000000 0.0000000000 0.0000000000 1880.0000000000
0.0000000000 0.0000000000 0.0000000000 1.0000000000

0.0000000000 0.0000000000 1.0000000000 2276.0000000000
0.0000000000 1.0000000000 0.0000000000 832.0000000000
-1.0000000000 0.0000000000 0.0000000000 1880.0000000000
0.0000000000 0.0000000000 0.0000000000 1.0000000000

0.0000000000 0.0000000000 1.0000000000 2276.0000000000
0.0000000000 1.0000000000 0.0000000000 831.6000000000
-1.0000000000 0.0000000000 0.0000000000 1880.0000000000
0.0000000000 0.0000000000 0.0000000000 1.0000000000

0.0000000000 0.0000000000 1.0000000000 2276.0000000000
0.0000000000 1.0000000000 0.0000000000 831.2000000000
-1.0000000000 0.0000000000 0.0000000000 1880.0000000000
0.0000000000 0.0000000000 0.0000000000 1.0000000000

0.0000000000 0.0000000000 1.0000000000 2276.0000000000
0.0000000000 1.0000000000 0.0000000000 830.8000000000
-1.0000000000 0.0000000000 0.0000000000 1880.0000000000
0.0000000000 0.0000000000 0.0000000000 1.0000000000

0.0000000000 0.0000000000 1.0000000000 2276.0000000000
0.0000000000 1.0000000000 0.0000000000 830.4000000000
-1.0000000000 0.0000000000 0.0000000000 1880.0000000000
0.0000000000 0.0000000000 0.0000000000 1.0000000000

0.0000000000 0.0000000000 1.0000000000 2276.0000000000
0.0000000000 1.0000000000 0.0000000000 830.0000000000
-1.0000000000 0.0000000000 0.0000000000 1880.0000000000
0.0000000000 0.0000000000 0.0000000000 1.0000000000

0.0000000000 0.0000000000 1.0000000000 2276.0000000000
0.0000000000 1.0000000000 0.0000000000 829.6000000000
-1.0000000000 0.0000000000 0.0000000000 1880.0000000000
0.0000000000 0.0000000000 0.0000000000 1.0000000000

0.0000000000 0.0000000000 1.0000000000 2276.0000000000
0.0000000000 1.0000000000 0.0000000000 829.2000000000
-1.0000000000 0.0000000000 0.0000000000 1880.0000000000
0.0000000000 0.0000000000 0.0000000000 1.0000000000

0.0000000000 0.0000000000 1.0000000000 2276.0000000000
0.0000000000 1.0000000000 0.0000000000 828.8000000000
-1.0000000000 0.0000000000 0.0000000000 1880.0000000000
0.0000000000 0.0000000000 0.0000000000 1.0000000000

0.0000000000 0.0000000000 1.0000000000 2276.0000000000
0.0000000000 1.0000000000 0.0000000000 828.4000000000
-1.0000000000 0.0000000000 0.0000000000 1880.0000000000
0.0000000000 0.0000000000 0.0000000000 1.0000000000

0.0000000000 0.0000000000 1.0000000000 2276.0000000000
0.0000000000 1.0000000000 0.0000000000 828.0000000000
-1.0000000000 0.0000000000 0.0000000000 1880.0000000000
0.0000000000 0.0000000000 0.0000000000 1.0000000000

0.0000000000 0.0000000000 1.0000000000 2276.0000000000
0.0000000000 1.0000000000 0.0000000000 827.6000000000
-1.0000000000 0.0000000000 0.0000000000 1880.0000000000
0.0000000000 0.0000000000 0.0000000000 1.0000000000

0.0000000000 0.0000000000 1.0000000000 2276.0000000000
0.0000000000 1.0000000000 0.0000000000 827.2000000000
-1.0000000000 0.0000000000 0.0000000000 1880.0000000000
0.0000000000 0.0000000000 0.0000000000 1.0000000000

0.0000000000 0.0000000000 1.0000000000 2276.0000000000
0.0000000000 1.0000000000 0.0000000000 826.8000000000
-1.0000000000 0.0000000000 0.0000000000 1880.0000000000
0.0000000000 0.0000000000 0.0000000000 1.0000000000

0.0000000000 0.0000000000 1.0000000000 2276.0000000000
0.0000000000 1.0000000000 0.0000000000 826.4000000000
-1.0000000000 0.0000000000 0.0000000000 1880.0000000000
0.0000000000 0.0000000000 0.0000000000 1.0000000000

0.0000000000 0.0000000000 1.0000000000 2276.0000000000
0.0000000000 1.0000000000 0.0000000000 826.0000000000
-1.0000000000 0.0000000000 0.0000000000 1880.0000000000
0.0000000000 0.0000000000 0.0000000000 1.0000000000

0.0000000000 0.0000000000 1.0000000000 2276.0000000000
0.0000000000 1.0000000000 0.0000000000 825.6000000000
-1.0000000000 0.0000000000 0.0000000000 1880.0000000000
0.0000000000 0.0000000000 0.0000000000 1.0000000000

0.0000000000 0.0000000000 1.0000000000 2276.0000000000
0.0000000000 1.0000000000 0.0000000000 825.2000000000
-1.0000000000 0.0000000000 0.0000000000 1880.0000000000
0.0000000000 0.0000000000 0.0000000000 1.0000000000

0.0000000000 0.0000000000 1.0000000000 2276.0000000000
0.0000000000 1.0000000000 0.0000000000 824.8000000000
-1.0000000000 0.0000000000 0.0000000000 1880.0000000000
0.0000000000 0.0000000000 0.0000000000 1.0000000000

0.0000000000 0.0000000000 1.0000000000 2276.0000000000
0.0000000000 1.0000000000 0.0000000000 824.4000000000
-1.0000000000 0.0000000000 0.0000000000 1880.0000000000
0.0000000000 0.0000000000 0.0000000000 1.0000000000

0.0000000000 0.0000000000 1.0000000000 2276.0000000000
0.0000000000 1.0000000000 0.0000000000 824.0000000000
-1.0000000000 0.0000000000 0.0000000000 1880.0000000000
0.0000000000 0.0000000000 0.0000000000 1.0000000000

0.0000000000 0.0000000000 1.0000000000 2276.0000000000
0.0000000000 1.0000000000 0.0000000000 823.6000000000
-1.0000000000 0.0000000000 0.0000000000 1880.0000000000
0.0000000000 0.0000000000 0.0000000000 1.0000000000

0.0000000000 0.0000000000 1.0000000000 2276.0000000000
0.0000000000 1.0000000000 0.0000000000 823.2000000000
-1.0000000000 0.0000000000 0.0000000000 1880.0000000000
0.0000000000 0.0000000000 0.0000000000 1.0000000000

0.0000000000 0.0000000000 1.0000000000 2276.0000000000
0.0000000000 1.0000000000 0.0000000000 822.8000000000
-1.0000000000 0.0000000000 0.0000000000 1880.0000000000
0.0000000000 0.0000000000 0.0000000000 1.0000000000

0.0000000000 0.0000000000 1.0000000000 2276.0000000000
0.0000000000 1.0000000000 0.0000000000 822.4000000000
-1.0000000000 0.0000000000 0.0000000000 1880.0000000000
0.0000000000 0.0000000000 0.0000000000 1.0000000000

0.0000000000 0.0000000000 1.0000000000 2276.0000000000
0.0000000000 1.0000000000 0.0000000000 822.0000000000
-1.0000000000 0.0000000000 0.0000000000 1880.0000000000
0.0000000000 0.0000000000 0.0000000000 1.0000000000

0.0000000000 0.0000000000 1.0000000000 2276.0000000000
0.0000000000 1.0000000000 0.0000000000 821.6000000000
-1.0000000000 0.0000000000 0.0000000000 1880.0000000000
0.0000000000 0.0000000000 0.0000000000 1.0000000000

0.0000000000 0.0000000000 1.0000000000 2276.0000000000
0.0000000000 1.0000000000 0.0000000000 821.2000000000
-1.0000000000 0.0000000000 0.0000000000 1880.0000000000
0.0000000000 0.0000000000 0.0000000000 1.0000000000

0.0000000000 0.0000000000 1.0000000000 2276.0000000000
0.0000000000 1.0000000000 0.0000000000 820.8000000000
-1.0000000000 0.0000000000 0.0000000000 1880.0000000000
0.0000000000 0.0000000000 0.0000000000 1.0000000000

0.0000000000 0.0000000000 1.0000000000 2276.0000000000
0.0000000000 1.0000000000 0.0000000000 820.4000000000
-1.0000000000 0.0000000000 0.0000000000 1880.0000000000
0.0000000000 0.0000000000 0.0000000000 1.0000000000

0.0000000000 0.0000000000 1.0000000000 2276.0000000000
0.0000000000 1.0000000000 0.0000000000 820.0000000000
-1.0000000000 0.0000000000 0.0000000000 1880.0000000000
0.0000000000 0.0000000000 0.0000000000 1.0000000000

0.0000000000 0.0000000000 1.0000000000 2276.0000000000
0.0000000000 1.0000000000 0.0000000000 819.6000000000
-1.0000000000 0.0000000000 0.0000000000 1880.0000000000
0.0000000000 0.0000000000 0.0000000000 1.0000000000

0.0000000000 0.0000000000 1.0000000000 2276.0000000000
0.0000000000 1.0000000000 0.0000000000 819.2000000000
-1.0000000000 0.0000000000 0.0000000000 1880.0000000000
0.0000000000 0.0000000000 0.0000000000 1.0000000000

0.0000000000 0.0000000000 1.0000000000 2276.0000000000
0.0000000000 1.0000000000 0.0000000000 818.8000000000
-1.0000000000 0.0000000000 0.0000000000 1880.0000000000
0.0000000000 0.0000000000 0.0000000000 1.0000000000

0.0000000000 0.0000000000 1.0000000000 2276.0000000000
0.0000000000 1.0000000000 0.0000000000 818.4000000000
-1.0000000000 0.0000000000 0.0000000000 1880.0000000000
0.0000000000 0.0000000000 0.0000000000 1.0000000000

0.0000000000 0.0000000000 1.0000000000 2276.0000000000
0.0000000000 1.0000000000 0.0000000000 818.0000000000
-1.0000000000 0.0000000000 0.0000000000 1880.0000000000
0.0000000000 0.0000000000 0.0000000000 1.0000000000

0.0000000000 0.0000000000 1.0000000000 2276.0000000000
0.0000000000 1.0000000000 0.0000000000 817.6000000000
-1.0000000000 0.0000000000 0.0000000000 1880.0000000000
0.0000000000 0.0000000000 0.0000000000 1.0000000000

0.0000000000 0.0000000000 1.0000000000 2276.0000000000
0.0000000000 1.0000000000 0.0000000000 817.2000000000
-1.0000000000 0.0000000000 0.0000000000 1880.0000000000
0.0000000000 0.0000000000 0.0000000000 1.0000000000

0.0000000000 0.0000000000 1.0000000000 2276.0000000000
0.0000000000 1.0000000000 0.0000000000 816.8000000000
-1.0000000000 0.0000000000 0.0000000000 1880.0000000000
0.0000000000 0.0000000000 0.0000000000 1.0000000000

0.0000000000 0.0000000000 1.0000000000 2276.0000000000
0.0000000000 1.0000000000 0.0000000000 816.4000000000
-1.0000000000 0.0000000000 0.0000000000 1880.0000000000
0.0000000000 0.0000000000 0.0000000000 1.0000000000

0.0000000000 0.0000000000 1.0000000000 2276.0000000000
0.0000000000 1.0000000000 0.0000000000 816.0000000000
-1.0000000000 0.0000000000 0.0000000000 1880.0000000000
0.0000000000 0.0000000000 0.0000000000 1.0000000000

0.0000000000 0.0000000000 1.0000000000 2276.0000000000
0.0000000000 1.0000000000 0.0000000000 815.6000000000
-1.0000000000 0.0000000000 0.0000000000 1880.0000000000
0.0000000000 0.0000000000 0.0000000000 1.0000000000

0.0000000000 0.0000000000 1.0000000000 2276.0000000000
0.0000000000 1.0000000000 0.0000000000 815.2000000000
-1.0000000000 0.0000000000 0.0000000000 1880.0000000000
0.0000000000 0.0000000000 0.0000000000 1.0000000000

0.0000000000 0.0000000000 1.0000000000 2276.0000000000
0.0000000000 1.0000000000 0.0000000000 814.8000000000
-1.0000000000 0.0000000000 0.0000000000 1880.0000000000
0.0000000000 0.0000000000 0.0000000000 1.0000000000

0.0000000000 0.0000000000 1.0000000000 2276.0000000000
0.0000000000 1.0000000000 0.0000000000 814.4000000000
-1.0000000000 0.0000000000 0.0000000000 1880.0000000000
0.0000000000 0.0000000000 0.0000000000 1.0000000000

0.0000000000 0.0000000000 1.0000000000 2276.0000000000
0.0000000000 1.0000000000 0.0000000000 814.0000000000
-1.0000000000 0.0000000000 0.0000000000 1880.0000000000
0.0000000000 0.0000000000 0.0000000000 1.0000000000

0.0000000000 0.0000000000 1.0000000000 2276.0000000000
0.0000000000 1.0000000000 0.0000000000 813.6000000000
-1.0000000000 0.0000000000 0.0000000000 1880.0000000000
0.0000000000 0.0000000000 0.0000000000 1.0000000000

0.0000000000 0.0000000000 1.0000000000 2276.0000000000
0.0000000000 1.0000000000 0.0000000000 813.2000000000
-1.0000000000 0.0000000000 0.0000000000 1880.0000000000
0.0000000000 0.0000000000 0.0000000000 1.0000000000

0.0000000000 0.0000000000 1.0000000000 2276.0000000000
0.0000000000 1.0000000000 0.0000000000 812.8000000000
-1.0000000000 0.0000000000 0.0000000000 1880.0000000000
0.0000000000 0.0000000000 0.0000000000 1.0000000000

0.0000000000 0.0000000000 1.0000000000 2276.0000000000
0.0000000000 1.0000000000 0.0000000000 812.4000000000
-1.0000000000 0.0000000000 0.0000000000 1880.0000000000
0.0000000000 0.0000000000 0.0000000000 1.0000000000

0.0000000000 0.0000000000 1.0000000000 2276.0000000000
0.0000000000 1.0000000000 0.0000000000 812.0000000000
-1.0000000000 0.0000000000 0.0000000000 1880.0000000000
0.0000000000 0.0000000000 0.0000000000 1.0000000000

0.0000000000 0.0000000000 1.0000000000 2276.0000000000
0.0000000000 1.0000000000 0.0000000000 811.6000000000
-1.0000000000 0.0000000000 0.0000000000 1880.0000000000
0.0000000000 0.0000000000 0.0000000000 1.0000000000

0.0000000000 0.0000000000 1.0000000000 2276.0000000000
0.0000000000 1.0000000000 0.0000000000 811.2000000000
-1.0000000000 0.0000000000 0.0000000000 1880.0000000000
0.0000000000 0.0000000000 0.0000000000 1.0000000000

0.0000000000 0.0000000000 1.0000000000 2276.0000000000
0.0000000000 1.0000000000 0.0000000000 810.8000000000
-1.0000000000 0.0000000000 0.0000000000 1880.0000000000
0.0000000000 0.0000000000 0.0000000000 1.0000000000

0.0000000000 0.0000000000 1.0000000000 2276.0000000000
0.0000000000 1.0000000000 0.0000000000 810.4000000000
-1.0000000000 0.0000000000 0.0000000000 1880.0000000000
0.0000000000 0.0000000000 0.0000000000 1.0000000000

0.0000000000 0.0000000000 1.0000000000 2276.0000000000
0.0000000000 1.0000000000 0.0000000000 810.0000000000
-1.0000000000 0.0000000000 0.0000000000 1880.0000000000
0.0000000000 0.0000000000 0.0000000000 1.0000000000

0.0000000000 0.0000000000 1.0000000000 2276.0000000000
0.0000000000 1.0000000000 0.0000000000 809.6000000000
-1.0000000000 0.0000000000 0.0000000000 1880.0000000000
0.0000000000 0.0000000000 0.0000000000 1.0000000000

0.0000000000 0.0000000000 1.0000000000 2276.0000000000
0.0000000000 1.0000000000 0.0000000000 809.2000000000
-1.0000000000 0.0000000000 0.0000000000 1880.0000000000
0.0000000000 0.0000000000 0.0000000000 1.0000000000

0.0000000000 0.0000000000 1.0000000000 2276.0000000000
0.0000000000 1.0000000000 0.0000000000 808.8000000000
-1.0000000000 0.0000000000 0.0000000000 1880.0000000000
0.0000000000 0.0000000000 0.0000000000 1.0000000000

0.0000000000 0.0000000000 1.0000000000 2276.0000000000
0.0000000000 1.0000000000 0.0000000000 808.4000000000
-1.0000000000 0.0000000000 0.0000000000 1880.0000000000
0.0000000000 0.0000000000 0.0000000000 1.0000000000

0.0000000000 0.0000000000 1.0000000000 2276.0000000000
0.0000000000 1.0000000000 0.0000000000 808.0000000000
-1.0000000000 0.0000000000 0.0000000000 1880.0000000000
0.0000000000 0.0000000000 0.0000000000 1.0000000000

0.0000000000 0.0000000000 1.0000000000 2276.0000000000
0.0000000000 1.0000000000 0.0000000000 807.6000000000
-1.0000000000 0.0000000000 0.0000000000 1880.0000000000
0.0000000000 0.0000000000 0.0000000000 1.0000000000

0.0000000000 0.0000000000 1.0000000000 2276.0000000000
0.0000000000 1.0000000000 0.0000000000 807.2000000000
-1.0000000000 0.0000000000 0.0000000000 1880.0000000000
0.0000000000 0.0000000000 0.0000000000 1.0000000000

0.0000000000 0.0000000000 1.0000000000 2276.0000000000
0.0000000000 1.0000000000 0.0000000000 806.8000000000
-1.0000000000 0.0000000000 0.0000000000 1880.0000000000
0.0000000000 0.0000000000 0.0000000000 1.0000000000

0.0000000000 0.0000000000 1.0000000000 2276.0000000000
0.0000000000 1.0000000000 0.0000000000 806.4000000000
-1.0000000000 0.0000000000 0.0000000000 1880.0000000000
0.0000000000 0.0000000000 0.0000000000 1.0000000000

0.0000000000 0.0000000000 1.0000000000 2276.0000000000
0.0000000000 1.0000000000 0.0000000000 806.0000000000
-1.0000000000 0.0000000000 0.0000000000 1880.0000000000
0.0000000000 0.0000000000 0.0000000000 1.0000000000

0.0000000000 0.0000000000 1.0000000000 2276.0000000000
0.0000000000 1.0000000000 0.0000000000 805.6000000000
-1.0000000000 0.0000000000 0.0000000000 1880.0000000000
0.0000000000 0.0000000000 0.0000000000 1.0000000000

0.0000000000 0.0000000000 1.0000000000 2276.0000000000
0.0000000000 1.0000000000 0.0000000000 805.2000000000
-1.0000000000 0.0000000000 0.0000000000 1880.0000000000
0.0000000000 0.0000000000 0.0000000000 1.0000000000

0.0000000000 0.0000000000 1.0000000000 2276.0000000000
0.0000000000 1.0000000000 0.0000000000 804.8000000000
-1.0000000000 0.0000000000 0.0000000000 1880.0000000000
0.0000000000 0.0000000000 0.0000000000 1.0000000000

0.0000000000 0.0000000000 1.0000000000 2276.0000000000
0.0000000000 1.0000000000 0.0000000000 804.4000000000
-1.0000000000 0.0000000000 0.0000000000 1880.0000000000
0.0000000000 0.0000000000 0.0000000000 1.0000000000

0.0000000000 0.0000000000 1.0000000000 2276.0000000000
0.0000000000 1.0000000000 0.0000000000 804.0000000000
-1.0000000000 0.0000000000 0.0000000000 1880.0000000000
0.0000000000 0.0000000000 0.0000000000 1.0000000000

0.0000000000 0.0000000000 1.0000000000 2276.0000000000
0.0000000000 1.0000000000 0.0000000000 803.6000000000
-1.0000000000 0.0000000000 0.0000000000 1880.0000000000
0.0000000000 0.0000000000 0.0000000000 1.0000000000

0.0000000000 0.0000000000 1.0000000000 2276.0000000000
0.0000000000 1.0000000000 0.0000000000 803.2000000000
-1.0000000000 0.0000000000 0.0000000000 1880.0000000000
0.0000000000 0.0000000000 0.0000000000 1.0000000000

0.0000000000 0.0000000000 1.0000000000 2276.0000000000
0.0000000000 1.0000000000 0.0000000000 802.8000000000
-1.0000000000 0.0000000000 0.0000000000 1880.0000000000
0.0000000000 0.0000000000 0.0000000000 1.0000000000

0.0000000000 0.0000000000 1.0000000000 2276.0000000000
0.0000000000 1.0000000000 0.0000000000 802.4000000000
-1.0000000000 0.0000000000 0.0000000000 1880.0000000000
0.0000000000 0.0000000000 0.0000000000 1.0000000000

0.0000000000 0.0000000000 1.0000000000 2276.0000000000
0.0000000000 1.0000000000 0.0000000000 802.0000000000
-1.0000000000 0.0000000000 0.0000000000 1880.0000000000
0.0000000000 0.0000000000 0.0000000000 1.0000000000

0.0000000000 0.0000000000 1.0000000000 2276.0000000000
0.0000000000 1.0000000000 0.0000000000 801.6000000000
-1.0000000000 0.0000000000 0.0000000000 1880.0000000000
0.0000000000 0.0000000000 0.0000000000 1.0000000000

0.0000000000 0.0000000000 1.0000000000 2276.0000000000
0.0000000000 1.0000000000 0.0000000000 801.2000000000
-1.0000000000 0.0000000000 0.0000000000 1880.0000000000
0.0000000000 0.0000000000 0.0000000000 1.0000000000

0.0000000000 0.0000000000 1.0000000000 2276.0000000000
0.0000000000 1.0000000000 0.0000000000 800.8000000000
-1.0000000000 0.0000000000 0.0000000000 1880.0000000000
0.0000000000 0.0000000000 0.0000000000 1.0000000000

0.0000000000 0.0000000000 1.0000000000 2276.0000000000
0.0000000000 1.0000000000 0.0000000000 800.4000000000
-1.0000000000 0.0000000000 0.0000000000 1880.0000000000
0.0000000000 0.0000000000 0.0000000000 1.0000000000

0.0000000000 0.0000000000 1.0000000000 2276.0000000000
0.0000000000 1.0000000000 0.0000000000 800.0000000000
-1.0000000000 0.0000000000 0.0000000000 1880.0000000000
0.0000000000 0.0000000000 0.0000000000 1.0000000000

0.0000000000 0.0000000000 1.0000000000 2276.0000000000
0.0000000000 1.0000000000 0.0000000000 799.6000000000
-1.0000000000 0.0000000000 0.0000000000 1880.0000000000
0.0000000000 0.0000000000 0.0000000000 1.0000000000

0.0000000000 0.0000000000 1.0000000000 2276.0000000000
0.0000000000 1.0000000000 0.0000000000 799.2000000000
-1.0000000000 0.0000000000 0.0000000000 1880.0000000000
0.0000000000 0.0000000000 0.0000000000 1.0000000000

0.0000000000 0.0000000000 1.0000000000 2276.0000000000
0.0000000000 1.0000000000 0.0000000000 798.8000000000
-1.0000000000 0.0000000000 0.0000000000 1880.0000000000
0.0000000000 0.0000000000 0.0000000000 1.0000000000

0.0000000000 0.0000000000 1.0000000000 2276.0000000000
0.0000000000 1.0000000000 0.0000000000 798.4000000000
-1.0000000000 0.0000000000 0.0000000000 1880.0000000000
0.0000000000 0.0000000000 0.0000000000 1.0000000000

0.0000000000 0.0000000000 1.0000000000 2276.0000000000
0.0000000000 1.0000000000 0.0000000000 798.0000000000
-1.0000000000 0.0000000000 0.0000000000 1880.0000000000
0.0000000000 0.0000000000 0.0000000000 1.0000000000

0.0000000000 0.0000000000 1.0000000000 2276.0000000000
0.0000000000 1.0000000000 0.0000000000 797.6000000000
-1.0000000000 0.0000000000 0.0000000000 1880.0000000000
0.0000000000 0.0000000000 0.0000000000 1.0000000000

0.0000000000 0.0000000000 1.0000000000 2276.0000000000
0.0000000000 1.0000000000 0.0000000000 797.2000000000
-1.0000000000 0.0000000000 0.0000000000 1880.0000000000
0.0000000000 0.0000000000 0.0000000000 1.0000000000

0.0000000000 0.0000000000 1.0000000000 2276.0000000000
0.0000000000 1.0000000000 0.0000000000 796.8000000000
-1.0000000000 0.0000000000 0.0000000000 1880.0000000000
0.0000000000 0.0000000000 0.0000000000 1.0000000000

0.0000000000 0.0000000000 1.0000000000 2276.0000000000
0.0000000000 1.0000000000 0.0000000000 796.4000000000
-1.0000000000 0.0000000000 0.0000000000 1880.0000000000
0.0000000000 0.0000000000 0.0000000000 1.0000000000

0.0000000000 0.0000000000 1.0000000000 2276.0000000000
0.0000000000 1.0000000000 0.0000000000 796.0000000000
-1.0000000000 0.0000000000 0.0000000000 1880.0000000000
0.0000000000 0.0000000000 0.0000000000 1.0000000000

0.0000000000 0.0000000000 1.0000000000 2276.0000000000
0.0000000000 1.0000000000 0.0000000000 795.6000000000
-1.0000000000 0.0000000000 0.0000000000 1880.0000000000
0.0000000000 0.0000000000 0.0000000000 1.0000000000

0.0000000000 0.0000000000 1.0000000000 2276.0000000000
0.0000000000 1.0000000000 0.0000000000 795.2000000000
-1.0000000000 0.0000000000 0.0000000000 1880.0000000000
0.0000000000 0.0000000000 0.0000000000 1.0000000000

0.0000000000 0.0000000000 1.0000000000 2276.0000000000
0.0000000000 1.0000000000 0.0000000000 794.8000000000
-1.0000000000 0.0000000000 0.0000000000 1880.0000000000
0.0000000000 0.0000000000 0.0000000000 1.0000000000

0.0000000000 0.0000000000 1.0000000000 2276.0000000000
0.0000000000 1.0000000000 0.0000000000 794.4000000000
-1.0000000000 0.0000000000 0.0000000000 1880.0000000000
0.0000000000 0.0000000000 0.0000000000 1.0000000000

0.0000000000 0.0000000000 1.0000000000 2276.0000000000
0.0000000000 1.0000000000 0.0000000000 794.0000000000
-1.0000000000 0.0000000000 0.0000000000 1880.0000000000
0.0000000000 0.0000000000 0.0000000000 1.0000000000

0.0000000000 0.0000000000 1.0000000000 2276.0000000000
0.0000000000 1.0000000000 0.0000000000 793.6000000000
-1.0000000000 0.0000000000 0.0000000000 1880.0000000000
0.0000000000 0.0000000000 0.0000000000 1.0000000000

0.0000000000 0.0000000000 1.0000000000 2276.0000000000
0.0000000000 1.0000000000 0.0000000000 793.2000000000
-1.0000000000 0.0000000000 0.0000000000 1880.0000000000
0.0000000000 0.0000000000 0.0000000000 1.0000000000

0.0000000000 0.0000000000 1.0000000000 2276.0000000000
0.0000000000 1.0000000000 0.0000000000 792.8000000000
-1.0000000000 0.0000000000 0.0000000000 1880.0000000000
0.0000000000 0.0000000000 0.0000000000 1.0000000000

0.0000000000 0.0000000000 1.0000000000 2276.0000000000
0.0000000000 1.0000000000 0.0000000000 792.4000000000
-1.0000000000 0.0000000000 0.0000000000 1880.0000000000
0.0000000000 0.0000000000 0.0000000000 1.0000000000

0.0000000000 0.0000000000 1.0000000000 2276.0000000000
0.0000000000 1.0000000000 0.0000000000 792.0000000000
-1.0000000000 0.0000000000 0.0000000000 1880.0000000000
0.0000000000 0.0000000000 0.0000000000 1.0000000000

0.0000000000 0.0000000000 1.0000000000 2276.0000000000
0.0000000000 1.0000000000 0.0000000000 791.6000000000
-1.0000000000 0.0000000000 0.0000000000 1880.0000000000
0.0000000000 0.0000000000 0.0000000000 1.0000000000

0.0000000000 0.0000000000 1.0000000000 2276.0000000000
0.0000000000 1.0000000000 0.0000000000 791.2000000000
-1.0000000000 0.0000000000 0.0000000000 1880.0000000000
0.0000000000 0.0000000000 0.0000000000 1.0000000000

0.0000000000 0.0000000000 1.0000000000 2276.0000000000
0.0000000000 1.0000000000 0.0000000000 790.8000000000
-1.0000000000 0.0000000000 0.0000000000 1880.0000000000
0.0000000000 0.0000000000 0.0000000000 1.0000000000

0.0000000000 0.0000000000 1.0000000000 2276.0000000000
0.0000000000 1.0000000000 0.0000000000 790.4000000000
-1.0000000000 0.0000000000 0.0000000000 1880.0000000000
0.0000000000 0.0000000000 0.0000000000 1.0000000000

0.0000000000 0.0000000000 1.0000000000 2276.0000000000
0.0000000000 1.0000000000 0.0000000000 790.0000000000
-1.0000000000 0.0000000000 0.0000000000 1880.0000000000
0.0000000000 0.0000000000 0.0000000000 1.0000000000

0.0000000000 0.0000000000 1.0000000000 2276.0000000000
0.0000000000 1.0000000000 0.0000000000 789.6000000000
-1.0000000000 0.0000000000 0.0000000000 1880.0000000000
0.0000000000 0.0000000000 0.0000000000 1.0000000000

0.0000000000 0.0000000000 1.0000000000 2276.0000000000
0.0000000000 1.0000000000 0.0000000000 789.2000000000
-1.0000000000 0.0000000000 0.0000000000 1880.0000000000
0.0000000000 0.0000000000 0.0000000000 1.0000000000

0.0000000000 0.0000000000 1.0000000000 2276.0000000000
0.0000000000 1.0000000000 0.0000000000 788.8000000000
-1.0000000000 0.0000000000 0.0000000000 1880.0000000000
0.0000000000 0.0000000000 0.0000000000 1.0000000000

0.0000000000 0.0000000000 1.0000000000 2276.0000000000
0.0000000000 1.0000000000 0.0000000000 788.4000000000
-1.0000000000 0.0000000000 0.0000000000 1880.0000000000
0.0000000000 0.0000000000 0.0000000000 1.0000000000

0.0000000000 0.0000000000 1.0000000000 2276.0000000000
0.0000000000 1.0000000000 0.0000000000 788.0000000000
-1.0000000000 0.0000000000 0.0000000000 1880.0000000000
0.0000000000 0.0000000000 0.0000000000 1.0000000000

0.0000000000 0.0000000000 1.0000000000 2276.0000000000
0.0000000000 1.0000000000 0.0000000000 787.6000000000
-1.0000000000 0.0000000000 0.0000000000 1880.0000000000
0.0000000000 0.0000000000 0.0000000000 1.0000000000

0.0000000000 0.0000000000 1.0000000000 2276.0000000000
0.0000000000 1.0000000000 0.0000000000 787.2000000000
-1.0000000000 0.0000000000 0.0000000000 1880.0000000000
0.0000000000 0.0000000000 0.0000000000 1.0000000000

0.0000000000 0.0000000000 1.0000000000 2276.0000000000
0.0000000000 1.0000000000 0.0000000000 786.8000000000
-1.0000000000 0.0000000000 0.0000000000 1880.0000000000
0.0000000000 0.0000000000 0.0000000000 1.0000000000

0.0000000000 0.0000000000 1.0000000000 2276.0000000000
0.0000000000 1.0000000000 0.0000000000 786.4000000000
-1.0000000000 0.0000000000 0.0000000000 1880.0000000000
0.0000000000 0.0000000000 0.0000000000 1.0000000000

0.0000000000 0.0000000000 1.0000000000 2276.0000000000
0.0000000000 1.0000000000 0.0000000000 786.0000000000
-1.0000000000 0.0000000000 0.0000000000 1880.0000000000
0.0000000000 0.0000000000 0.0000000000 1.0000000000

0.0000000000 0.0000000000 1.0000000000 2276.0000000000
0.0000000000 1.0000000000 0.0000000000 785.6000000000
-1.0000000000 0.0000000000 0.0000000000 1880.0000000000
0.0000000000 0.0000000000 0.0000000000 1.0000000000

0.0000000000 0.0000000000 1.0000000000 2276.0000000000
0.0000000000 1.0000000000 0.0000000000 785.2000000000
-1.0000000000 0.0000000000 0.0000000000 1880.0000000000
0.0000000000 0.0000000000 0.0000000000 1.0000000000

0.0000000000 0.0000000000 1.0000000000 2276.0000000000
0.0000000000 1.0000000000 0.0000000000 784.8000000000
-1.0000000000 0.0000000000 0.0000000000 1880.0000000000
0.0000000000 0.0000000000 0.0000000000 1.0000000000

0.0000000000 0.0000000000 1.0000000000 2276.0000000000
0.0000000000 1.0000000000 0.0000000000 784.4000000000
-1.0000000000 0.0000000000 0.0000000000 1880.0000000000
0.0000000000 0.0000000000 0.0000000000 1.0000000000

0.0000000000 0.0000000000 1.0000000000 2276.0000000000
0.0000000000 1.0000000000 0.0000000000 784.0000000000
-1.0000000000 0.0000000000 0.0000000000 1880.0000000000
0.0000000000 0.0000000000 0.0000000000 1.0000000000

0.0000000000 0.0000000000 1.0000000000 2276.0000000000
0.0000000000 1.0000000000 0.0000000000 783.6000000000
-1.0000000000 0.0000000000 0.0000000000 1880.0000000000
0.0000000000 0.0000000000 0.0000000000 1.0000000000

0.0000000000 0.0000000000 1.0000000000 2276.0000000000
0.0000000000 1.0000000000 0.0000000000 783.2000000000
-1.0000000000 0.0000000000 0.0000000000 1880.0000000000
0.0000000000 0.0000000000 0.0000000000 1.0000000000

0.0000000000 0.0000000000 1.0000000000 2276.0000000000
0.0000000000 1.0000000000 0.0000000000 782.8000000000
-1.0000000000 0.0000000000 0.0000000000 1880.0000000000
0.0000000000 0.0000000000 0.0000000000 1.0000000000

0.0000000000 0.0000000000 1.0000000000 2276.0000000000
0.0000000000 1.0000000000 0.0000000000 782.4000000000
-1.0000000000 0.0000000000 0.0000000000 1880.0000000000
0.0000000000 0.0000000000 0.0000000000 1.0000000000

0.0000000000 0.0000000000 1.0000000000 2276.0000000000
0.0000000000 1.0000000000 0.0000000000 782.0000000000
-1.0000000000 0.0000000000 0.0000000000 1880.0000000000
0.0000000000 0.0000000000 0.0000000000 1.0000000000

0.0000000000 0.0000000000 1.0000000000 2276.0000000000
0.0000000000 1.0000000000 0.0000000000 781.6000000000
-1.0000000000 0.0000000000 0.0000000000 1880.0000000000
0.0000000000 0.0000000000 0.0000000000 1.0000000000

0.0000000000 0.0000000000 1.0000000000 2276.0000000000
0.0000000000 1.0000000000 0.0000000000 781.2000000000
-1.0000000000 0.0000000000 0.0000000000 1880.0000000000
0.0000000000 0.0000000000 0.0000000000 1.0000000000

0.0000000000 0.0000000000 1.0000000000 2276.0000000000
0.0000000000 1.0000000000 0.0000000000 780.8000000000
-1.0000000000 0.0000000000 0.0000000000 1880.0000000000
0.0000000000 0.0000000000 0.0000000000 1.0000000000

0.0000000000 0.0000000000 1.0000000000 2276.0000000000
0.0000000000 1.0000000000 0.0000000000 780.4000000000
-1.0000000000 0.0000000000 0.0000000000 1880.0000000000
0.0000000000 0.0000000000 0.0000000000 1.0000000000

0.0000000000 0.0000000000 1.0000000000 2276.0000000000
0.0000000000 1.0000000000 0.0000000000 780.0000000000
-1.0000000000 0.0000000000 0.0000000000 1880.0000000000
0.0000000000 0.0000000000 0.0000000000 1.0000000000

0.0000000000 0.0000000000 1.0000000000 2276.0000000000
0.0000000000 1.0000000000 0.0000000000 779.6000000000
-1.0000000000 0.0000000000 0.0000000000 1880.0000000000
0.0000000000 0.0000000000 0.0000000000 1.0000000000

0.0000000000 0.0000000000 1.0000000000 2276.0000000000
0.0000000000 1.0000000000 0.0000000000 779.2000000000
-1.0000000000 0.0000000000 0.0000000000 1880.0000000000
0.0000000000 0.0000000000 0.0000000000 1.0000000000

0.0000000000 0.0000000000 1.0000000000 2276.0000000000
0.0000000000 1.0000000000 0.0000000000 778.8000000000
-1.0000000000 0.0000000000 0.0000000000 1880.0000000000
0.0000000000 0.0000000000 0.0000000000 1.0000000000

0.0000000000 0.0000000000 1.0000000000 2276.0000000000
0.0000000000 1.0000000000 0.0000000000 778.4000000000
-1.0000000000 0.0000000000 0.0000000000 1880.0000000000
0.0000000000 0.0000000000 0.0000000000 1.0000000000

0.0000000000 0.0000000000 1.0000000000 2276.0000000000
0.0000000000 1.0000000000 0.0000000000 778.0000000000
-1.0000000000 0.0000000000 0.0000000000 1880.0000000000
0.0000000000 0.0000000000 0.0000000000 1.0000000000

0.0000000000 0.0000000000 1.0000000000 2276.0000000000
0.0000000000 1.0000000000 0.0000000000 777.6000000000
-1.0000000000 0.0000000000 0.0000000000 1880.0000000000
0.0000000000 0.0000000000 0.0000000000 1.0000000000

0.0000000000 0.0000000000 1.0000000000 2276.0000000000
0.0000000000 1.0000000000 0.0000000000 777.2000000000
-1.0000000000 0.0000000000 0.0000000000 1880.0000000000
0.0000000000 0.0000000000 0.0000000000 1.0000000000

0.0000000000 0.0000000000 1.0000000000 2276.0000000000
0.0000000000 1.0000000000 0.0000000000 776.8000000000
-1.0000000000 0.0000000000 0.0000000000 1880.0000000000
0.0000000000 0.0000000000 0.0000000000 1.0000000000

0.0000000000 0.0000000000 1.0000000000 2276.0000000000
0.0000000000 1.0000000000 0.0000000000 776.4000000000
-1.0000000000 0.0000000000 0.0000000000 1880.0000000000
0.0000000000 0.0000000000 0.0000000000 1.0000000000

0.0000000000 0.0000000000 1.0000000000 2276.0000000000
0.0000000000 1.0000000000 0.0000000000 776.0000000000
-1.0000000000 0.0000000000 0.0000000000 1880.0000000000
0.0000000000 0.0000000000 0.0000000000 1.0000000000

0.0000000000 0.0000000000 1.0000000000 2276.0000000000
0.0000000000 1.0000000000 0.0000000000 775.6000000000
-1.0000000000 0.0000000000 0.0000000000 1880.0000000000
0.0000000000 0.0000000000 0.0000000000 1.0000000000

0.0000000000 0.0000000000 1.0000000000 2276.0000000000
0.0000000000 1.0000000000 0.0000000000 775.2000000000
-1.0000000000 0.0000000000 0.0000000000 1880.0000000000
0.0000000000 0.0000000000 0.0000000000 1.0000000000

0.0000000000 0.0000000000 1.0000000000 2276.0000000000
0.0000000000 1.0000000000 0.0000000000 774.8000000000
-1.0000000000 0.0000000000 0.0000000000 1880.0000000000
0.0000000000 0.0000000000 0.0000000000 1.0000000000

0.0000000000 0.0000000000 1.0000000000 2276.0000000000
0.0000000000 1.0000000000 0.0000000000 774.4000000000
-1.0000000000 0.0000000000 0.0000000000 1880.0000000000
0.0000000000 0.0000000000 0.0000000000 1.0000000000

0.0000000000 0.0000000000 1.0000000000 2276.0000000000
0.0000000000 1.0000000000 0.0000000000 774.0000000000
-1.0000000000 0.0000000000 0.0000000000 1880.0000000000
0.0000000000 0.0000000000 0.0000000000 1.0000000000

0.0000000000 0.0000000000 1.0000000000 2276.0000000000
0.0000000000 1.0000000000 0.0000000000 773.6000000000
-1.0000000000 0.0000000000 0.0000000000 1880.0000000000
0.0000000000 0.0000000000 0.0000000000 1.0000000000

0.0000000000 0.0000000000 1.0000000000 2276.0000000000
0.0000000000 1.0000000000 0.0000000000 773.2000000000
-1.0000000000 0.0000000000 0.0000000000 1880.0000000000
0.0000000000 0.0000000000 0.0000000000 1.0000000000

0.0000000000 0.0000000000 1.0000000000 2276.0000000000
0.0000000000 1.0000000000 0.0000000000 772.8000000000
-1.0000000000 0.0000000000 0.0000000000 1880.0000000000
0.0000000000 0.0000000000 0.0000000000 1.0000000000

0.0000000000 0.0000000000 1.0000000000 2276.0000000000
0.0000000000 1.0000000000 0.0000000000 772.4000000000
-1.0000000000 0.0000000000 0.0000000000 1880.0000000000
0.0000000000 0.0000000000 0.0000000000 1.0000000000

0.0000000000 0.0000000000 1.0000000000 2276.0000000000
0.0000000000 1.0000000000 0.0000000000 772.0000000000
-1.0000000000 0.0000000000 0.0000000000 1880.0000000000
0.0000000000 0.0000000000 0.0000000000 1.0000000000

0.0000000000 0.0000000000 1.0000000000 2276.0000000000
0.0000000000 1.0000000000 0.0000000000 771.6000000000
-1.0000000000 0.0000000000 0.0000000000 1880.0000000000
0.0000000000 0.0000000000 0.0000000000 1.0000000000

0.0000000000 0.0000000000 1.0000000000 2276.0000000000
0.0000000000 1.0000000000 0.0000000000 771.2000000000
-1.0000000000 0.0000000000 0.0000000000 1880.0000000000
0.0000000000 0.0000000000 0.0000000000 1.0000000000

0.0000000000 0.0000000000 1.0000000000 2276.0000000000
0.0000000000 1.0000000000 0.0000000000 770.8000000000
-1.0000000000 0.0000000000 0.0000000000 1880.0000000000
0.0000000000 0.0000000000 0.0000000000 1.0000000000

0.0000000000 0.0000000000 1.0000000000 2276.0000000000
0.0000000000 1.0000000000 0.0000000000 770.4000000000
-1.0000000000 0.0000000000 0.0000000000 1880.0000000000
0.0000000000 0.0000000000 0.0000000000 1.0000000000

0.0000000000 0.0000000000 1.0000000000 2276.0000000000
0.0000000000 1.0000000000 0.0000000000 770.0000000000
-1.0000000000 0.0000000000 0.0000000000 1880.0000000000
0.0000000000 0.0000000000 0.0000000000 1.0000000000

0.0000000000 0.0000000000 1.0000000000 2276.0000000000
0.0000000000 1.0000000000 0.0000000000 769.6000000000
-1.0000000000 0.0000000000 0.0000000000 1880.0000000000
0.0000000000 0.0000000000 0.0000000000 1.0000000000

0.0000000000 0.0000000000 1.0000000000 2276.0000000000
0.0000000000 1.0000000000 0.0000000000 769.2000000000
-1.0000000000 0.0000000000 0.0000000000 1880.0000000000
0.0000000000 0.0000000000 0.0000000000 1.0000000000

0.0000000000 0.0000000000 1.0000000000 2276.0000000000
0.0000000000 1.0000000000 0.0000000000 768.8000000000
-1.0000000000 0.0000000000 0.0000000000 1880.0000000000
0.0000000000 0.0000000000 0.0000000000 1.0000000000

0.0000000000 0.0000000000 1.0000000000 2276.0000000000
0.0000000000 1.0000000000 0.0000000000 768.4000000000
-1.0000000000 0.0000000000 0.0000000000 1880.0000000000
0.0000000000 0.0000000000 0.0000000000 1.0000000000

0.0000000000 0.0000000000 1.0000000000 2276.0000000000
0.0000000000 1.0000000000 0.0000000000 768.0000000000
-1.0000000000 0.0000000000 0.0000000000 1880.0000000000
0.0000000000 0.0000000000 0.0000000000 1.0000000000

0.0000000000 0.0000000000 1.0000000000 2276.0000000000
0.0000000000 1.0000000000 0.0000000000 767.6000000000
-1.0000000000 0.0000000000 0.0000000000 1880.0000000000
0.0000000000 0.0000000000 0.0000000000 1.0000000000

0.0000000000 0.0000000000 1.0000000000 2276.0000000000
0.0000000000 1.0000000000 0.0000000000 767.2000000000
-1.0000000000 0.0000000000 0.0000000000 1880.0000000000
0.0000000000 0.0000000000 0.0000000000 1.0000000000

0.0000000000 0.0000000000 1.0000000000 2276.0000000000
0.0000000000 1.0000000000 0.0000000000 766.8000000000
-1.0000000000 0.0000000000 0.0000000000 1880.0000000000
0.0000000000 0.0000000000 0.0000000000 1.0000000000

0.0000000000 0.0000000000 1.0000000000 2276.0000000000
0.0000000000 1.0000000000 0.0000000000 766.4000000000
-1.0000000000 0.0000000000 0.0000000000 1880.0000000000
0.0000000000 0.0000000000 0.0000000000 1.0000000000

0.0000000000 0.0000000000 1.0000000000 2276.0000000000
0.0000000000 1.0000000000 0.0000000000 766.0000000000
-1.0000000000 0.0000000000 0.0000000000 1880.0000000000
0.0000000000 0.0000000000 0.0000000000 1.0000000000

0.0000000000 0.0000000000 1.0000000000 2276.0000000000
0.0000000000 1.0000000000 0.0000000000 765.6000000000
-1.0000000000 0.0000000000 0.0000000000 1880.0000000000
0.0000000000 0.0000000000 0.0000000000 1.0000000000

0.0000000000 0.0000000000 1.0000000000 2276.0000000000
0.0000000000 1.0000000000 0.0000000000 765.2000000000
-1.0000000000 0.0000000000 0.0000000000 1880.0000000000
0.0000000000 0.0000000000 0.0000000000 1.0000000000

0.0000000000 0.0000000000 1.0000000000 2276.0000000000
0.0000000000 1.0000000000 0.0000000000 764.8000000000
-1.0000000000 0.0000000000 0.0000000000 1880.0000000000
0.0000000000 0.0000000000 0.0000000000 1.0000000000

0.0000000000 0.0000000000 1.0000000000 2276.0000000000
0.0000000000 1.0000000000 0.0000000000 764.4000000000
-1.0000000000 0.0000000000 0.0000000000 1880.0000000000
0.0000000000 0.0000000000 0.0000000000 1.0000000000

0.0000000000 0.0000000000 1.0000000000 2276.0000000000
0.0000000000 1.0000000000 0.0000000000 764.0000000000
-1.0000000000 0.0000000000 0.0000000000 1880.0000000000
0.0000000000 0.0000000000 0.0000000000 1.0000000000

0.0000000000 0.0000000000 1.0000000000 2276.0000000000
0.0000000000 1.0000000000 0.0000000000 763.6000000000
-1.0000000000 0.0000000000 0.0000000000 1880.0000000000
0.0000000000 0.0000000000 0.0000000000 1.0000000000

0.0000000000 0.0000000000 1.0000000000 2276.0000000000
0.0000000000 1.0000000000 0.0000000000 763.2000000000
-1.0000000000 0.0000000000 0.0000000000 1880.0000000000
0.0000000000 0.0000000000 0.0000000000 1.0000000000

0.0000000000 0.0000000000 1.0000000000 2276.0000000000
0.0000000000 1.0000000000 0.0000000000 762.8000000000
-1.0000000000 0.0000000000 0.0000000000 1880.0000000000
0.0000000000 0.0000000000 0.0000000000 1.0000000000

0.0000000000 0.0000000000 1.0000000000 2276.0000000000
0.0000000000 1.0000000000 0.0000000000 762.4000000000
-1.0000000000 0.0000000000 0.0000000000 1880.0000000000
0.0000000000 0.0000000000 0.0000000000 1.0000000000

0.0000000000 0.0000000000 1.0000000000 2276.0000000000
0.0000000000 1.0000000000 0.0000000000 762.0000000000
-1.0000000000 0.0000000000 0.0000000000 1880.0000000000
0.0000000000 0.0000000000 0.0000000000 1.0000000000

0.0000000000 0.0000000000 1.0000000000 2276.0000000000
0.0000000000 1.0000000000 0.0000000000 761.6000000000
-1.0000000000 0.0000000000 0.0000000000 1880.0000000000
0.0000000000 0.0000000000 0.0000000000 1.0000000000

0.0000000000 0.0000000000 1.0000000000 2276.0000000000
0.0000000000 1.0000000000 0.0000000000 761.2000000000
-1.0000000000 0.0000000000 0.0000000000 1880.0000000000
0.0000000000 0.0000000000 0.0000000000 1.0000000000

0.0000000000 0.0000000000 1.0000000000 2276.0000000000
0.0000000000 1.0000000000 0.0000000000 760.8000000000
-1.0000000000 0.0000000000 0.0000000000 1880.0000000000
0.0000000000 0.0000000000 0.0000000000 1.0000000000

0.0000000000 0.0000000000 1.0000000000 2276.0000000000
0.0000000000 1.0000000000 0.0000000000 760.4000000000
-1.0000000000 0.0000000000 0.0000000000 1880.0000000000
0.0000000000 0.0000000000 0.0000000000 1.0000000000

0.0000000000 0.0000000000 1.0000000000 2276.0000000000
0.0000000000 1.0000000000 0.0000000000 760.0000000000
-1.0000000000 0.0000000000 0.0000000000 1880.0000000000
0.0000000000 0.0000000000 0.0000000000 1.0000000000

0.0000000000 0.0000000000 1.0000000000 2276.0000000000
0.0000000000 1.0000000000 0.0000000000 759.6000000000
-1.0000000000 0.0000000000 0.0000000000 1880.0000000000
0.0000000000 0.0000000000 0.0000000000 1.0000000000

0.0000000000 0.0000000000 1.0000000000 2276.0000000000
0.0000000000 1.0000000000 0.0000000000 759.2000000000
-1.0000000000 0.0000000000 0.0000000000 1880.0000000000
0.0000000000 0.0000000000 0.0000000000 1.0000000000

0.0000000000 0.0000000000 1.0000000000 2276.0000000000
0.0000000000 1.0000000000 0.0000000000 758.8000000000
-1.0000000000 0.0000000000 0.0000000000 1880.0000000000
0.0000000000 0.0000000000 0.0000000000 1.0000000000

0.0000000000 0.0000000000 1.0000000000 2276.0000000000
0.0000000000 1.0000000000 0.0000000000 758.4000000000
-1.0000000000 0.0000000000 0.0000000000 1880.0000000000
0.0000000000 0.0000000000 0.0000000000 1.0000000000

0.0000000000 0.0000000000 1.0000000000 2276.0000000000
0.0000000000 1.0000000000 0.0000000000 758.0000000000
-1.0000000000 0.0000000000 0.0000000000 1880.0000000000
0.0000000000 0.0000000000 0.0000000000 1.0000000000

0.0000000000 0.0000000000 1.0000000000 2276.0000000000
0.0000000000 1.0000000000 0.0000000000 757.6000000000
-1.0000000000 0.0000000000 0.0000000000 1880.0000000000
0.0000000000 0.0000000000 0.0000000000 1.0000000000

0.0000000000 0.0000000000 1.0000000000 2276.0000000000
0.0000000000 1.0000000000 0.0000000000 757.2000000000
-1.0000000000 0.0000000000 0.0000000000 1880.0000000000
0.0000000000 0.0000000000 0.0000000000 1.0000000000

0.0000000000 0.0000000000 1.0000000000 2276.0000000000
0.0000000000 1.0000000000 0.0000000000 756.8000000000
-1.0000000000 0.0000000000 0.0000000000 1880.0000000000
0.0000000000 0.0000000000 0.0000000000 1.0000000000

0.0000000000 0.0000000000 1.0000000000 2276.0000000000
0.0000000000 1.0000000000 0.0000000000 756.4000000000
-1.0000000000 0.0000000000 0.0000000000 1880.0000000000
0.0000000000 0.0000000000 0.0000000000 1.0000000000

0.0000000000 0.0000000000 1.0000000000 2276.0000000000
0.0000000000 1.0000000000 0.0000000000 756.0000000000
-1.0000000000 0.0000000000 0.0000000000 1880.0000000000
0.0000000000 0.0000000000 0.0000000000 1.0000000000

0.0000000000 0.0000000000 1.0000000000 2276.0000000000
0.0000000000 1.0000000000 0.0000000000 755.6000000000
-1.0000000000 0.0000000000 0.0000000000 1880.0000000000
0.0000000000 0.0000000000 0.0000000000 1.0000000000

0.0000000000 0.0000000000 1.0000000000 2276.0000000000
0.0000000000 1.0000000000 0.0000000000 755.2000000000
-1.0000000000 0.0000000000 0.0000000000 1880.0000000000
0.0000000000 0.0000000000 0.0000000000 1.0000000000

0.0000000000 0.0000000000 1.0000000000 2276.0000000000
0.0000000000 1.0000000000 0.0000000000 754.8000000000
-1.0000000000 0.0000000000 0.0000000000 1880.0000000000
0.0000000000 0.0000000000 0.0000000000 1.0000000000

0.0000000000 0.0000000000 1.0000000000 2276.0000000000
0.0000000000 1.0000000000 0.0000000000 754.4000000000
-1.0000000000 0.0000000000 0.0000000000 1880.0000000000
0.0000000000 0.0000000000 0.0000000000 1.0000000000

0.0000000000 0.0000000000 1.0000000000 2276.0000000000
0.0000000000 1.0000000000 0.0000000000 754.0000000000
-1.0000000000 0.0000000000 0.0000000000 1880.0000000000
0.0000000000 0.0000000000 0.0000000000 1.0000000000

0.0000000000 0.0000000000 1.0000000000 2276.0000000000
0.0000000000 1.0000000000 0.0000000000 753.6000000000
-1.0000000000 0.0000000000 0.0000000000 1880.0000000000
0.0000000000 0.0000000000 0.0000000000 1.0000000000

0.0000000000 0.0000000000 1.0000000000 2276.0000000000
0.0000000000 1.0000000000 0.0000000000 753.2000000000
-1.0000000000 0.0000000000 0.0000000000 1880.0000000000
0.0000000000 0.0000000000 0.0000000000 1.0000000000

0.0000000000 0.0000000000 1.0000000000 2276.0000000000
0.0000000000 1.0000000000 0.0000000000 752.8000000000
-1.0000000000 0.0000000000 0.0000000000 1880.0000000000
0.0000000000 0.0000000000 0.0000000000 1.0000000000

0.0000000000 0.0000000000 1.0000000000 2276.0000000000
0.0000000000 1.0000000000 0.0000000000 752.4000000000
-1.0000000000 0.0000000000 0.0000000000 1880.0000000000
0.0000000000 0.0000000000 0.0000000000 1.0000000000

0.0000000000 0.0000000000 1.0000000000 2276.0000000000
0.0000000000 1.0000000000 0.0000000000 752.0000000000
-1.0000000000 0.0000000000 0.0000000000 1880.0000000000
0.0000000000 0.0000000000 0.0000000000 1.0000000000

0.0000000000 0.0000000000 1.0000000000 2276.0000000000
0.0000000000 1.0000000000 0.0000000000 751.6000000000
-1.0000000000 0.0000000000 0.0000000000 1880.0000000000
0.0000000000 0.0000000000 0.0000000000 1.0000000000

0.0000000000 0.0000000000 1.0000000000 2276.0000000000
0.0000000000 1.0000000000 0.0000000000 751.2000000000
-1.0000000000 0.0000000000 0.0000000000 1880.0000000000
0.0000000000 0.0000000000 0.0000000000 1.0000000000

0.0000000000 0.0000000000 1.0000000000 2276.0000000000
0.0000000000 1.0000000000 0.0000000000 750.8000000000
-1.0000000000 0.0000000000 0.0000000000 1880.0000000000
0.0000000000 0.0000000000 0.0000000000 1.0000000000

0.0000000000 0.0000000000 1.0000000000 2276.0000000000
0.0000000000 1.0000000000 0.0000000000 750.4000000000
-1.0000000000 0.0000000000 0.0000000000 1880.0000000000
0.0000000000 0.0000000000 0.0000000000 1.0000000000

0.0000000000 0.0000000000 1.0000000000 2276.0000000000
0.0000000000 1.0000000000 0.0000000000 750.0000000000
-1.0000000000 0.0000000000 0.0000000000 1880.0000000000
0.0000000000 0.0000000000 0.0000000000 1.0000000000

0.0000000000 0.0000000000 1.0000000000 2276.0000000000
0.0000000000 1.0000000000 0.0000000000 749.6000000000
-1.0000000000 0.0000000000 0.0000000000 1880.0000000000
0.0000000000 0.0000000000 0.0000000000 1.0000000000

0.0000000000 0.0000000000 1.0000000000 2276.0000000000
0.0000000000 1.0000000000 0.0000000000 749.2000000000
-1.0000000000 0.0000000000 0.0000000000 1880.0000000000
0.0000000000 0.0000000000 0.0000000000 1.0000000000

0.0000000000 0.0000000000 1.0000000000 2276.0000000000
0.0000000000 1.0000000000 0.0000000000 748.8000000000
-1.0000000000 0.0000000000 0.0000000000 1880.0000000000
0.0000000000 0.0000000000 0.0000000000 1.0000000000

0.0000000000 0.0000000000 1.0000000000 2276.0000000000
0.0000000000 1.0000000000 0.0000000000 748.4000000000
-1.0000000000 0.0000000000 0.0000000000 1880.0000000000
0.0000000000 0.0000000000 0.0000000000 1.0000000000

0.0000000000 0.0000000000 1.0000000000 2276.0000000000
0.0000000000 1.0000000000 0.0000000000 748.0000000000
-1.0000000000 0.0000000000 0.0000000000 1880.0000000000
0.0000000000 0.0000000000 0.0000000000 1.0000000000

0.0000000000 0.0000000000 1.0000000000 2276.0000000000
0.0000000000 1.0000000000 0.0000000000 747.6000000000
-1.0000000000 0.0000000000 0.0000000000 1880.0000000000
0.0000000000 0.0000000000 0.0000000000 1.0000000000

0.0000000000 0.0000000000 1.0000000000 2276.0000000000
0.0000000000 1.0000000000 0.0000000000 747.2000000000
-1.0000000000 0.0000000000 0.0000000000 1880.0000000000
0.0000000000 0.0000000000 0.0000000000 1.0000000000

0.0000000000 0.0000000000 1.0000000000 2276.0000000000
0.0000000000 1.0000000000 0.0000000000 746.8000000000
-1.0000000000 0.0000000000 0.0000000000 1880.0000000000
0.0000000000 0.0000000000 0.0000000000 1.0000000000

0.0000000000 0.0000000000 1.0000000000 2276.0000000000
0.0000000000 1.0000000000 0.0000000000 746.4000000000
-1.0000000000 0.0000000000 0.0000000000 1880.0000000000
0.0000000000 0.0000000000 0.0000000000 1.0000000000

0.0000000000 0.0000000000 1.0000000000 2276.0000000000
0.0000000000 1.0000000000 0.0000000000 746.0000000000
-1.0000000000 0.0000000000 0.0000000000 1880.0000000000
0.0000000000 0.0000000000 0.0000000000 1.0000000000

0.0000000000 0.0000000000 1.0000000000 2276.0000000000
0.0000000000 1.0000000000 0.0000000000 745.6000000000
-1.0000000000 0.0000000000 0.0000000000 1880.0000000000
0.0000000000 0.0000000000 0.0000000000 1.0000000000

0.0000000000 0.0000000000 1.0000000000 2276.0000000000
0.0000000000 1.0000000000 0.0000000000 745.2000000000
-1.0000000000 0.0000000000 0.0000000000 1880.0000000000
0.0000000000 0.0000000000 0.0000000000 1.0000000000

0.0000000000 0.0000000000 1.0000000000 2276.0000000000
0.0000000000 1.0000000000 0.0000000000 744.8000000000
-1.0000000000 0.0000000000 0.0000000000 1880.0000000000
0.0000000000 0.0000000000 0.0000000000 1.0000000000

0.0000000000 0.0000000000 1.0000000000 2276.0000000000
0.0000000000 1.0000000000 0.0000000000 744.4000000000
-1.0000000000 0.0000000000 0.0000000000 1880.0000000000
0.0000000000 0.0000000000 0.0000000000 1.0000000000

0.0000000000 0.0000000000 1.0000000000 2276.0000000000
0.0000000000 1.0000000000 0.0000000000 744.0000000000
-1.0000000000 0.0000000000 0.0000000000 1880.0000000000
0.0000000000 0.0000000000 0.0000000000 1.0000000000

0.0000000000 0.0000000000 1.0000000000 2276.0000000000
0.0000000000 1.0000000000 0.0000000000 743.6000000000
-1.0000000000 0.0000000000 0.0000000000 1880.0000000000
0.0000000000 0.0000000000 0.0000000000 1.0000000000

0.0000000000 0.0000000000 1.0000000000 2276.0000000000
0.0000000000 1.0000000000 0.0000000000 743.2000000000
-1.0000000000 0.0000000000 0.0000000000 1880.0000000000
0.0000000000 0.0000000000 0.0000000000 1.0000000000

0.0000000000 0.0000000000 1.0000000000 2276.0000000000
0.0000000000 1.0000000000 0.0000000000 742.8000000000
-1.0000000000 0.0000000000 0.0000000000 1880.0000000000
0.0000000000 0.0000000000 0.0000000000 1.0000000000

0.0000000000 0.0000000000 1.0000000000 2276.0000000000
0.0000000000 1.0000000000 0.0000000000 742.4000000000
-1.0000000000 0.0000000000 0.0000000000 1880.0000000000
0.0000000000 0.0000000000 0.0000000000 1.0000000000

0.0000000000 0.0000000000 1.0000000000 2276.0000000000
0.0000000000 1.0000000000 0.0000000000 742.0000000000
-1.0000000000 0.0000000000 0.0000000000 1880.0000000000
0.0000000000 0.0000000000 0.0000000000 1.0000000000

0.0000000000 0.0000000000 1.0000000000 2276.0000000000
0.0000000000 1.0000000000 0.0000000000 741.6000000000
-1.0000000000 0.0000000000 0.0000000000 1880.0000000000
0.0000000000 0.0000000000 0.0000000000 1.0000000000

0.0000000000 0.0000000000 1.0000000000 2276.0000000000
0.0000000000 1.0000000000 0.0000000000 741.2000000000
-1.0000000000 0.0000000000 0.0000000000 1880.0000000000
0.0000000000 0.0000000000 0.0000000000 1.0000000000

0.0000000000 0.0000000000 1.0000000000 2276.0000000000
0.0000000000 1.0000000000 0.0000000000 740.8000000000
-1.0000000000 0.0000000000 0.0000000000 1880.0000000000
0.0000000000 0.0000000000 0.0000000000 1.0000000000

0.0000000000 0.0000000000 1.0000000000 2276.0000000000
0.0000000000 1.0000000000 0.0000000000 740.4000000000
-1.0000000000 0.0000000000 0.0000000000 1880.0000000000
0.0000000000 0.0000000000 0.0000000000 1.0000000000

0.0000000000 0.0000000000 1.0000000000 2276.0000000000
0.0000000000 1.0000000000 0.0000000000 740.0000000000
-1.0000000000 0.0000000000 0.0000000000 1880.0000000000
0.0000000000 0.0000000000 0.0000000000 1.0000000000

0.0000000000 0.0000000000 1.0000000000 2276.0000000000
0.0000000000 1.0000000000 0.0000000000 739.6000000000
-1.0000000000 0.0000000000 0.0000000000 1880.0000000000
0.0000000000 0.0000000000 0.0000000000 1.0000000000

0.0000000000 0.0000000000 1.0000000000 2276.0000000000
0.0000000000 1.0000000000 0.0000000000 739.2000000000
-1.0000000000 0.0000000000 0.0000000000 1880.0000000000
0.0000000000 0.0000000000 0.0000000000 1.0000000000

0.0000000000 0.0000000000 1.0000000000 2276.0000000000
0.0000000000 1.0000000000 0.0000000000 738.8000000000
-1.0000000000 0.0000000000 0.0000000000 1880.0000000000
0.0000000000 0.0000000000 0.0000000000 1.0000000000

0.0000000000 0.0000000000 1.0000000000 2276.0000000000
0.0000000000 1.0000000000 0.0000000000 738.4000000000
-1.0000000000 0.0000000000 0.0000000000 1880.0000000000
0.0000000000 0.0000000000 0.0000000000 1.0000000000

0.0000000000 0.0000000000 1.0000000000 2276.0000000000
0.0000000000 1.0000000000 0.0000000000 738.0000000000
-1.0000000000 0.0000000000 0.0000000000 1880.0000000000
0.0000000000 0.0000000000 0.0000000000 1.0000000000

0.0000000000 0.0000000000 1.0000000000 2276.0000000000
0.0000000000 1.0000000000 0.0000000000 737.6000000000
-1.0000000000 0.0000000000 0.0000000000 1880.0000000000
0.0000000000 0.0000000000 0.0000000000 1.0000000000

0.0000000000 0.0000000000 1.0000000000 2276.0000000000
0.0000000000 1.0000000000 0.0000000000 737.2000000000
-1.0000000000 0.0000000000 0.0000000000 1880.0000000000
0.0000000000 0.0000000000 0.0000000000 1.0000000000

0.0000000000 0.0000000000 1.0000000000 2276.0000000000
0.0000000000 1.0000000000 0.0000000000 736.8000000000
-1.0000000000 0.0000000000 0.0000000000 1880.0000000000
0.0000000000 0.0000000000 0.0000000000 1.0000000000

0.0000000000 0.0000000000 1.0000000000 2276.0000000000
0.0000000000 1.0000000000 0.0000000000 736.4000000000
-1.0000000000 0.0000000000 0.0000000000 1880.0000000000
0.0000000000 0.0000000000 0.0000000000 1.0000000000

0.0000000000 0.0000000000 1.0000000000 2276.0000000000
0.0000000000 1.0000000000 0.0000000000 736.0000000000
-1.0000000000 0.0000000000 0.0000000000 1880.0000000000
0.0000000000 0.0000000000 0.0000000000 1.0000000000

0.0000000000 0.0000000000 1.0000000000 2276.0000000000
0.0000000000 1.0000000000 0.0000000000 735.6000000000
-1.0000000000 0.0000000000 0.0000000000 1880.0000000000
0.0000000000 0.0000000000 0.0000000000 1.0000000000

0.0000000000 0.0000000000 1.0000000000 2276.0000000000
0.0000000000 1.0000000000 0.0000000000 735.2000000000
-1.0000000000 0.0000000000 0.0000000000 1880.0000000000
0.0000000000 0.0000000000 0.0000000000 1.0000000000

0.0000000000 0.0000000000 1.0000000000 2276.0000000000
0.0000000000 1.0000000000 0.0000000000 734.8000000000
-1.0000000000 0.0000000000 0.0000000000 1880.0000000000
0.0000000000 0.0000000000 0.0000000000 1.0000000000

0.0000000000 0.0000000000 1.0000000000 2276.0000000000
0.0000000000 1.0000000000 0.0000000000 734.4000000000
-1.0000000000 0.0000000000 0.0000000000 1880.0000000000
0.0000000000 0.0000000000 0.0000000000 1.0000000000

0.0000000000 0.0000000000 1.0000000000 2276.0000000000
0.0000000000 1.0000000000 0.0000000000 734.0000000000
-1.0000000000 0.0000000000 0.0000000000 1880.0000000000
0.0000000000 0.0000000000 0.0000000000 1.0000000000

0.0000000000 0.0000000000 1.0000000000 2276.0000000000
0.0000000000 1.0000000000 0.0000000000 733.6000000000
-1.0000000000 0.0000000000 0.0000000000 1880.0000000000
0.0000000000 0.0000000000 0.0000000000 1.0000000000

0.0000000000 0.0000000000 1.0000000000 2276.0000000000
0.0000000000 1.0000000000 0.0000000000 733.2000000000
-1.0000000000 0.0000000000 0.0000000000 1880.0000000000
0.0000000000 0.0000000000 0.0000000000 1.0000000000

0.0000000000 0.0000000000 1.0000000000 2276.0000000000
0.0000000000 1.0000000000 0.0000000000 732.8000000000
-1.0000000000 0.0000000000 0.0000000000 1880.0000000000
0.0000000000 0.0000000000 0.0000000000 1.0000000000

0.0000000000 0.0000000000 1.0000000000 2276.0000000000
0.0000000000 1.0000000000 0.0000000000 732.4000000000
-1.0000000000 0.0000000000 0.0000000000 1880.0000000000
0.0000000000 0.0000000000 0.0000000000 1.0000000000

0.0000000000 0.0000000000 1.0000000000 2276.0000000000
0.0000000000 1.0000000000 0.0000000000 732.0000000000
-1.0000000000 0.0000000000 0.0000000000 1880.0000000000
0.0000000000 0.0000000000 0.0000000000 1.0000000000

0.0000000000 0.0000000000 1.0000000000 2276.0000000000
0.0000000000 1.0000000000 0.0000000000 731.6000000000
-1.0000000000 0.0000000000 0.0000000000 1880.0000000000
0.0000000000 0.0000000000 0.0000000000 1.0000000000

0.0000000000 0.0000000000 1.0000000000 2276.0000000000
0.0000000000 1.0000000000 0.0000000000 731.2000000000
-1.0000000000 0.0000000000 0.0000000000 1880.0000000000
0.0000000000 0.0000000000 0.0000000000 1.0000000000

0.0000000000 0.0000000000 1.0000000000 2276.0000000000
0.0000000000 1.0000000000 0.0000000000 730.8000000000
-1.0000000000 0.0000000000 0.0000000000 1880.0000000000
0.0000000000 0.0000000000 0.0000000000 1.0000000000

0.0000000000 0.0000000000 1.0000000000 2276.0000000000
0.0000000000 1.0000000000 0.0000000000 730.4000000000
-1.0000000000 0.0000000000 0.0000000000 1880.0000000000
0.0000000000 0.0000000000 0.0000000000 1.0000000000

0.0000000000 0.0000000000 1.0000000000 2276.0000000000
0.0000000000 1.0000000000 0.0000000000 730.0000000000
-1.0000000000 0.0000000000 0.0000000000 1880.0000000000
0.0000000000 0.0000000000 0.0000000000 1.0000000000

0.0000000000 0.0000000000 1.0000000000 2276.0000000000
0.0000000000 1.0000000000 0.0000000000 729.6000000000
-1.0000000000 0.0000000000 0.0000000000 1880.0000000000
0.0000000000 0.0000000000 0.0000000000 1.0000000000

0.0000000000 0.0000000000 1.0000000000 2276.0000000000
0.0000000000 1.0000000000 0.0000000000 729.2000000000
-1.0000000000 0.0000000000 0.0000000000 1880.0000000000
0.0000000000 0.0000000000 0.0000000000 1.0000000000

0.0000000000 0.0000000000 1.0000000000 2276.0000000000
0.0000000000 1.0000000000 0.0000000000 728.8000000000
-1.0000000000 0.0000000000 0.0000000000 1880.0000000000
0.0000000000 0.0000000000 0.0000000000 1.0000000000

0.0000000000 0.0000000000 1.0000000000 2276.0000000000
0.0000000000 1.0000000000 0.0000000000 728.4000000000
-1.0000000000 0.0000000000 0.0000000000 1880.0000000000
0.0000000000 0.0000000000 0.0000000000 1.0000000000

0.0000000000 0.0000000000 1.0000000000 2276.0000000000
0.0000000000 1.0000000000 0.0000000000 728.0000000000
-1.0000000000 0.0000000000 0.0000000000 1880.0000000000
0.0000000000 0.0000000000 0.0000000000 1.0000000000

0.0000000000 0.0000000000 1.0000000000 2276.0000000000
0.0000000000 1.0000000000 0.0000000000 727.6000000000
-1.0000000000 0.0000000000 0.0000000000 1880.0000000000
0.0000000000 0.0000000000 0.0000000000 1.0000000000

0.0000000000 0.0000000000 1.0000000000 2276.0000000000
0.0000000000 1.0000000000 0.0000000000 727.2000000000
-1.0000000000 0.0000000000 0.0000000000 1880.0000000000
0.0000000000 0.0000000000 0.0000000000 1.0000000000

0.0000000000 0.0000000000 1.0000000000 2276.0000000000
0.0000000000 1.0000000000 0.0000000000 726.8000000000
-1.0000000000 0.0000000000 0.0000000000 1880.0000000000
0.0000000000 0.0000000000 0.0000000000 1.0000000000

0.0000000000 0.0000000000 1.0000000000 2276.0000000000
0.0000000000 1.0000000000 0.0000000000 726.4000000000
-1.0000000000 0.0000000000 0.0000000000 1880.0000000000
0.0000000000 0.0000000000 0.0000000000 1.0000000000

0.0000000000 0.0000000000 1.0000000000 2276.0000000000
0.0000000000 1.0000000000 0.0000000000 726.0000000000
-1.0000000000 0.0000000000 0.0000000000 1880.0000000000
0.0000000000 0.0000000000 0.0000000000 1.0000000000

0.0000000000 0.0000000000 1.0000000000 2276.0000000000
0.0000000000 1.0000000000 0.0000000000 725.6000000000
-1.0000000000 0.0000000000 0.0000000000 1880.0000000000
0.0000000000 0.0000000000 0.0000000000 1.0000000000

0.0000000000 0.0000000000 1.0000000000 2276.0000000000
0.0000000000 1.0000000000 0.0000000000 725.2000000000
-1.0000000000 0.0000000000 0.0000000000 1880.0000000000
0.0000000000 0.0000000000 0.0000000000 1.0000000000

0.0000000000 0.0000000000 1.0000000000 2276.0000000000
0.0000000000 1.0000000000 0.0000000000 724.8000000000
-1.0000000000 0.0000000000 0.0000000000 1880.0000000000
0.0000000000 0.0000000000 0.0000000000 1.0000000000

0.0000000000 0.0000000000 1.0000000000 2276.0000000000
0.0000000000 1.0000000000 0.0000000000 724.4000000000
-1.0000000000 0.0000000000 0.0000000000 1880.0000000000
0.0000000000 0.0000000000 0.0000000000 1.0000000000

0.0000000000 0.0000000000 1.0000000000 2276.0000000000
0.0000000000 1.0000000000 0.0000000000 724.0000000000
-1.0000000000 0.0000000000 0.0000000000 1880.0000000000
0.0000000000 0.0000000000 0.0000000000 1.0000000000

0.0000000000 0.0000000000 1.0000000000 2276.0000000000
0.0000000000 1.0000000000 0.0000000000 723.6000000000
-1.0000000000 0.0000000000 0.0000000000 1880.0000000000
0.0000000000 0.0000000000 0.0000000000 1.0000000000

0.0000000000 0.0000000000 1.0000000000 2276.0000000000
0.0000000000 1.0000000000 0.0000000000 723.2000000000
-1.0000000000 0.0000000000 0.0000000000 1880.0000000000
0.0000000000 0.0000000000 0.0000000000 1.0000000000

0.0000000000 0.0000000000 1.0000000000 2276.0000000000
0.0000000000 1.0000000000 0.0000000000 722.8000000000
-1.0000000000 0.0000000000 0.0000000000 1880.0000000000
0.0000000000 0.0000000000 0.0000000000 1.0000000000

0.0000000000 0.0000000000 1.0000000000 2276.0000000000
0.0000000000 1.0000000000 0.0000000000 722.4000000000
-1.0000000000 0.0000000000 0.0000000000 1880.0000000000
0.0000000000 0.0000000000 0.0000000000 1.0000000000

0.0000000000 0.0000000000 1.0000000000 2276.0000000000
0.0000000000 1.0000000000 0.0000000000 722.0000000000
-1.0000000000 0.0000000000 0.0000000000 1880.0000000000
0.0000000000 0.0000000000 0.0000000000 1.0000000000

0.0000000000 0.0000000000 1.0000000000 2276.0000000000
0.0000000000 1.0000000000 0.0000000000 721.6000000000
-1.0000000000 0.0000000000 0.0000000000 1880.0000000000
0.0000000000 0.0000000000 0.0000000000 1.0000000000

0.0000000000 0.0000000000 1.0000000000 2276.0000000000
0.0000000000 1.0000000000 0.0000000000 721.2000000000
-1.0000000000 0.0000000000 0.0000000000 1880.0000000000
0.0000000000 0.0000000000 0.0000000000 1.0000000000

0.0000000000 0.0000000000 1.0000000000 2276.0000000000
0.0000000000 1.0000000000 0.0000000000 720.8000000000
-1.0000000000 0.0000000000 0.0000000000 1880.0000000000
0.0000000000 0.0000000000 0.0000000000 1.0000000000

0.0000000000 0.0000000000 1.0000000000 2276.0000000000
0.0000000000 1.0000000000 0.0000000000 720.4000000000
-1.0000000000 0.0000000000 0.0000000000 1880.0000000000
0.0000000000 0.0000000000 0.0000000000 1.0000000000

0.0000000000 0.0000000000 1.0000000000 2276.0000000000
0.0000000000 1.0000000000 0.0000000000 720.0000000000
-1.0000000000 0.0000000000 0.0000000000 1880.0000000000
0.0000000000 0.0000000000 0.0000000000 1.0000000000

0.0000000000 0.0000000000 1.0000000000 2276.0000000000
0.0000000000 1.0000000000 0.0000000000 719.6000000000
-1.0000000000 0.0000000000 0.0000000000 1880.0000000000
0.0000000000 0.0000000000 0.0000000000 1.0000000000

0.0000000000 0.0000000000 1.0000000000 2276.0000000000
0.0000000000 1.0000000000 0.0000000000 719.2000000000
-1.0000000000 0.0000000000 0.0000000000 1880.0000000000
0.0000000000 0.0000000000 0.0000000000 1.0000000000

0.0000000000 0.0000000000 1.0000000000 2276.0000000000
0.0000000000 1.0000000000 0.0000000000 718.8000000000
-1.0000000000 0.0000000000 0.0000000000 1880.0000000000
0.0000000000 0.0000000000 0.0000000000 1.0000000000

0.0000000000 0.0000000000 1.0000000000 2276.0000000000
0.0000000000 1.0000000000 0.0000000000 718.4000000000
-1.0000000000 0.0000000000 0.0000000000 1880.0000000000
0.0000000000 0.0000000000 0.0000000000 1.0000000000

0.0000000000 0.0000000000 1.0000000000 2276.0000000000
0.0000000000 1.0000000000 0.0000000000 718.0000000000
-1.0000000000 0.0000000000 0.0000000000 1880.0000000000
0.0000000000 0.0000000000 0.0000000000 1.0000000000

0.0000000000 0.0000000000 1.0000000000 2276.0000000000
0.0000000000 1.0000000000 0.0000000000 717.6000000000
-1.0000000000 0.0000000000 0.0000000000 1880.0000000000
0.0000000000 0.0000000000 0.0000000000 1.0000000000

0.0000000000 0.0000000000 1.0000000000 2276.0000000000
0.0000000000 1.0000000000 0.0000000000 717.2000000000
-1.0000000000 0.0000000000 0.0000000000 1880.0000000000
0.0000000000 0.0000000000 0.0000000000 1.0000000000

0.0000000000 0.0000000000 1.0000000000 2276.0000000000
0.0000000000 1.0000000000 0.0000000000 716.8000000000
-1.0000000000 0.0000000000 0.0000000000 1880.0000000000
0.0000000000 0.0000000000 0.0000000000 1.0000000000

0.0000000000 0.0000000000 1.0000000000 2276.0000000000
0.0000000000 1.0000000000 0.0000000000 716.4000000000
-1.0000000000 0.0000000000 0.0000000000 1880.0000000000
0.0000000000 0.0000000000 0.0000000000 1.0000000000

0.0000000000 0.0000000000 1.0000000000 2276.0000000000
0.0000000000 1.0000000000 0.0000000000 716.0000000000
-1.0000000000 0.0000000000 0.0000000000 1880.0000000000
0.0000000000 0.0000000000 0.0000000000 1.0000000000

0.0000000000 0.0000000000 1.0000000000 2276.0000000000
0.0000000000 1.0000000000 0.0000000000 715.6000000000
-1.0000000000 0.0000000000 0.0000000000 1880.0000000000
0.0000000000 0.0000000000 0.0000000000 1.0000000000

0.0000000000 0.0000000000 1.0000000000 2276.0000000000
0.0000000000 1.0000000000 0.0000000000 715.2000000000
-1.0000000000 0.0000000000 0.0000000000 1880.0000000000
0.0000000000 0.0000000000 0.0000000000 1.0000000000

0.0000000000 0.0000000000 1.0000000000 2276.0000000000
0.0000000000 1.0000000000 0.0000000000 714.8000000000
-1.0000000000 0.0000000000 0.0000000000 1880.0000000000
0.0000000000 0.0000000000 0.0000000000 1.0000000000

0.0000000000 0.0000000000 1.0000000000 2276.0000000000
0.0000000000 1.0000000000 0.0000000000 714.4000000000
-1.0000000000 0.0000000000 0.0000000000 1880.0000000000
0.0000000000 0.0000000000 0.0000000000 1.0000000000

0.0000000000 0.0000000000 1.0000000000 2276.0000000000
0.0000000000 1.0000000000 0.0000000000 714.0000000000
-1.0000000000 0.0000000000 0.0000000000 1880.0000000000
0.0000000000 0.0000000000 0.0000000000 1.0000000000

0.0000000000 0.0000000000 1.0000000000 2276.0000000000
0.0000000000 1.0000000000 0.0000000000 713.6000000000
-1.0000000000 0.0000000000 0.0000000000 1880.0000000000
0.0000000000 0.0000000000 0.0000000000 1.0000000000

0.0000000000 0.0000000000 1.0000000000 2276.0000000000
0.0000000000 1.0000000000 0.0000000000 713.2000000000
-1.0000000000 0.0000000000 0.0000000000 1880.0000000000
0.0000000000 0.0000000000 0.0000000000 1.0000000000

0.0000000000 0.0000000000 1.0000000000 2276.0000000000
0.0000000000 1.0000000000 0.0000000000 712.8000000000
-1.0000000000 0.0000000000 0.0000000000 1880.0000000000
0.0000000000 0.0000000000 0.0000000000 1.0000000000

0.0000000000 0.0000000000 1.0000000000 2276.0000000000
0.0000000000 1.0000000000 0.0000000000 712.4000000000
-1.0000000000 0.0000000000 0.0000000000 1880.0000000000
0.0000000000 0.0000000000 0.0000000000 1.0000000000

0.0000000000 0.0000000000 1.0000000000 2276.0000000000
0.0000000000 1.0000000000 0.0000000000 712.0000000000
-1.0000000000 0.0000000000 0.0000000000 1880.0000000000
0.0000000000 0.0000000000 0.0000000000 1.0000000000

0.0000000000 0.0000000000 1.0000000000 2276.0000000000
0.0000000000 1.0000000000 0.0000000000 711.6000000000
-1.0000000000 0.0000000000 0.0000000000 1880.0000000000
0.0000000000 0.0000000000 0.0000000000 1.0000000000

0.0000000000 0.0000000000 1.0000000000 2276.0000000000
0.0000000000 1.0000000000 0.0000000000 711.2000000000
-1.0000000000 0.0000000000 0.0000000000 1880.0000000000
0.0000000000 0.0000000000 0.0000000000 1.0000000000

0.0000000000 0.0000000000 1.0000000000 2276.0000000000
0.0000000000 1.0000000000 0.0000000000 710.8000000000
-1.0000000000 0.0000000000 0.0000000000 1880.0000000000
0.0000000000 0.0000000000 0.0000000000 1.0000000000

0.0000000000 0.0000000000 1.0000000000 2276.0000000000
0.0000000000 1.0000000000 0.0000000000 710.4000000000
-1.0000000000 0.0000000000 0.0000000000 1880.0000000000
0.0000000000 0.0000000000 0.0000000000 1.0000000000

0.0000000000 0.0000000000 1.0000000000 2276.0000000000
0.0000000000 1.0000000000 0.0000000000 710.0000000000
-1.0000000000 0.0000000000 0.0000000000 1880.0000000000
0.0000000000 0.0000000000 0.0000000000 1.0000000000

0.0000000000 0.0000000000 1.0000000000 2276.0000000000
0.0000000000 1.0000000000 0.0000000000 709.6000000000
-1.0000000000 0.0000000000 0.0000000000 1880.0000000000
0.0000000000 0.0000000000 0.0000000000 1.0000000000

0.0000000000 0.0000000000 1.0000000000 2276.0000000000
0.0000000000 1.0000000000 0.0000000000 709.2000000000
-1.0000000000 0.0000000000 0.0000000000 1880.0000000000
0.0000000000 0.0000000000 0.0000000000 1.0000000000

0.0000000000 0.0000000000 1.0000000000 2276.0000000000
0.0000000000 1.0000000000 0.0000000000 708.8000000000
-1.0000000000 0.0000000000 0.0000000000 1880.0000000000
0.0000000000 0.0000000000 0.0000000000 1.0000000000

0.0000000000 0.0000000000 1.0000000000 2276.0000000000
0.0000000000 1.0000000000 0.0000000000 708.4000000000
-1.0000000000 0.0000000000 0.0000000000 1880.0000000000
0.0000000000 0.0000000000 0.0000000000 1.0000000000

0.0000000000 0.0000000000 1.0000000000 2276.0000000000
0.0000000000 1.0000000000 0.0000000000 708.0000000000
-1.0000000000 0.0000000000 0.0000000000 1880.0000000000
0.0000000000 0.0000000000 0.0000000000 1.0000000000

0.0000000000 0.0000000000 1.0000000000 2276.0000000000
0.0000000000 1.0000000000 0.0000000000 707.6000000000
-1.0000000000 0.0000000000 0.0000000000 1880.0000000000
0.0000000000 0.0000000000 0.0000000000 1.0000000000

0.0000000000 0.0000000000 1.0000000000 2276.0000000000
0.0000000000 1.0000000000 0.0000000000 707.2000000000
-1.0000000000 0.0000000000 0.0000000000 1880.0000000000
0.0000000000 0.0000000000 0.0000000000 1.0000000000

0.0000000000 0.0000000000 1.0000000000 2276.0000000000
0.0000000000 1.0000000000 0.0000000000 706.8000000000
-1.0000000000 0.0000000000 0.0000000000 1880.0000000000
0.0000000000 0.0000000000 0.0000000000 1.0000000000

0.0000000000 0.0000000000 1.0000000000 2276.0000000000
0.0000000000 1.0000000000 0.0000000000 706.4000000000
-1.0000000000 0.0000000000 0.0000000000 1880.0000000000
0.0000000000 0.0000000000 0.0000000000 1.0000000000

0.0000000000 0.0000000000 1.0000000000 2276.0000000000
0.0000000000 1.0000000000 0.0000000000 706.0000000000
-1.0000000000 0.0000000000 0.0000000000 1880.0000000000
0.0000000000 0.0000000000 0.0000000000 1.0000000000

0.0000000000 0.0000000000 1.0000000000 2276.0000000000
0.0000000000 1.0000000000 0.0000000000 705.6000000000
-1.0000000000 0.0000000000 0.0000000000 1880.0000000000
0.0000000000 0.0000000000 0.0000000000 1.0000000000

0.0000000000 0.0000000000 1.0000000000 2276.0000000000
0.0000000000 1.0000000000 0.0000000000 705.2000000000
-1.0000000000 0.0000000000 0.0000000000 1880.0000000000
0.0000000000 0.0000000000 0.0000000000 1.0000000000

0.0000000000 0.0000000000 1.0000000000 2276.0000000000
0.0000000000 1.0000000000 0.0000000000 704.8000000000
-1.0000000000 0.0000000000 0.0000000000 1880.0000000000
0.0000000000 0.0000000000 0.0000000000 1.0000000000

0.0000000000 0.0000000000 1.0000000000 2276.0000000000
0.0000000000 1.0000000000 0.0000000000 704.4000000000
-1.0000000000 0.0000000000 0.0000000000 1880.0000000000
0.0000000000 0.0000000000 0.0000000000 1.0000000000

0.0000000000 0.0000000000 1.0000000000 2276.0000000000
0.0000000000 1.0000000000 0.0000000000 704.0000000000
-1.0000000000 0.0000000000 0.0000000000 1880.0000000000
0.0000000000 0.0000000000 0.0000000000 1.0000000000

0.0000000000 0.0000000000 1.0000000000 2276.0000000000
0.0000000000 1.0000000000 0.0000000000 703.6000000000
-1.0000000000 0.0000000000 0.0000000000 1880.0000000000
0.0000000000 0.0000000000 0.0000000000 1.0000000000

0.0000000000 0.0000000000 1.0000000000 2276.0000000000
0.0000000000 1.0000000000 0.0000000000 703.2000000000
-1.0000000000 0.0000000000 0.0000000000 1880.0000000000
0.0000000000 0.0000000000 0.0000000000 1.0000000000

0.0000000000 0.0000000000 1.0000000000 2276.0000000000
0.0000000000 1.0000000000 0.0000000000 702.8000000000
-1.0000000000 0.0000000000 0.0000000000 1880.0000000000
0.0000000000 0.0000000000 0.0000000000 1.0000000000

0.0000000000 0.0000000000 1.0000000000 2276.0000000000
0.0000000000 1.0000000000 0.0000000000 702.4000000000
-1.0000000000 0.0000000000 0.0000000000 1880.0000000000
0.0000000000 0.0000000000 0.0000000000 1.0000000000

0.0000000000 0.0000000000 1.0000000000 2276.0000000000
0.0000000000 1.0000000000 0.0000000000 702.0000000000
-1.0000000000 0.0000000000 0.0000000000 1880.0000000000
0.0000000000 0.0000000000 0.0000000000 1.0000000000

0.0000000000 0.0000000000 1.0000000000 2276.0000000000
0.0000000000 1.0000000000 0.0000000000 701.6000000000
-1.0000000000 0.0000000000 0.0000000000 1880.0000000000
0.0000000000 0.0000000000 0.0000000000 1.0000000000

0.0000000000 0.0000000000 1.0000000000 2276.0000000000
0.0000000000 1.0000000000 0.0000000000 701.2000000000
-1.0000000000 0.0000000000 0.0000000000 1880.0000000000
0.0000000000 0.0000000000 0.0000000000 1.0000000000

0.0000000000 0.0000000000 1.0000000000 2276.0000000000
0.0000000000 1.0000000000 0.0000000000 700.8000000000
-1.0000000000 0.0000000000 0.0000000000 1880.0000000000
0.0000000000 0.0000000000 0.0000000000 1.0000000000

0.0000000000 0.0000000000 1.0000000000 2276.0000000000
0.0000000000 1.0000000000 0.0000000000 700.4000000000
-1.0000000000 0.0000000000 0.0000000000 1880.0000000000
0.0000000000 0.0000000000 0.0000000000 1.0000000000

0.0000000000 0.0000000000 1.0000000000 2276.0000000000
0.0000000000 1.0000000000 0.0000000000 700.0000000000
-1.0000000000 0.0000000000 0.0000000000 1880.0000000000
0.0000000000 0.0000000000 0.0000000000 1.0000000000

0.0000000000 0.0000000000 1.0000000000 2276.0000000000
0.0000000000 1.0000000000 0.0000000000 699.6000000000
-1.0000000000 0.0000000000 0.0000000000 1880.0000000000
0.0000000000 0.0000000000 0.0000000000 1.0000000000

0.0000000000 0.0000000000 1.0000000000 2276.0000000000
0.0000000000 1.0000000000 0.0000000000 699.2000000000
-1.0000000000 0.0000000000 0.0000000000 1880.0000000000
0.0000000000 0.0000000000 0.0000000000 1.0000000000

0.0000000000 0.0000000000 1.0000000000 2276.0000000000
0.0000000000 1.0000000000 0.0000000000 698.8000000000
-1.0000000000 0.0000000000 0.0000000000 1880.0000000000
0.0000000000 0.0000000000 0.0000000000 1.0000000000

0.0000000000 0.0000000000 1.0000000000 2276.0000000000
0.0000000000 1.0000000000 0.0000000000 698.4000000000
-1.0000000000 0.0000000000 0.0000000000 1880.0000000000
0.0000000000 0.0000000000 0.0000000000 1.0000000000

0.0000000000 0.0000000000 1.0000000000 2276.0000000000
0.0000000000 1.0000000000 0.0000000000 698.0000000000
-1.0000000000 0.0000000000 0.0000000000 1880.0000000000
0.0000000000 0.0000000000 0.0000000000 1.0000000000

0.0000000000 0.0000000000 1.0000000000 2276.0000000000
0.0000000000 1.0000000000 0.0000000000 697.6000000000
-1.0000000000 0.0000000000 0.0000000000 1880.0000000000
0.0000000000 0.0000000000 0.0000000000 1.0000000000

0.0000000000 0.0000000000 1.0000000000 2276.0000000000
0.0000000000 1.0000000000 0.0000000000 697.2000000000
-1.0000000000 0.0000000000 0.0000000000 1880.0000000000
0.0000000000 0.0000000000 0.0000000000 1.0000000000

0.0000000000 0.0000000000 1.0000000000 2276.0000000000
0.0000000000 1.0000000000 0.0000000000 696.8000000000
-1.0000000000 0.0000000000 0.0000000000 1880.0000000000
0.0000000000 0.0000000000 0.0000000000 1.0000000000

0.0000000000 0.0000000000 1.0000000000 2276.0000000000
0.0000000000 1.0000000000 0.0000000000 696.4000000000
-1.0000000000 0.0000000000 0.0000000000 1880.0000000000
0.0000000000 0.0000000000 0.0000000000 1.0000000000

0.0000000000 0.0000000000 1.0000000000 2276.0000000000
0.0000000000 1.0000000000 0.0000000000 696.0000000000
-1.0000000000 0.0000000000 0.0000000000 1880.0000000000
0.0000000000 0.0000000000 0.0000000000 1.0000000000

0.0000000000 0.0000000000 1.0000000000 2276.0000000000
0.0000000000 1.0000000000 0.0000000000 695.6000000000
-1.0000000000 0.0000000000 0.0000000000 1880.0000000000
0.0000000000 0.0000000000 0.0000000000 1.0000000000

0.0000000000 0.0000000000 1.0000000000 2276.0000000000
0.0000000000 1.0000000000 0.0000000000 695.2000000000
-1.0000000000 0.0000000000 0.0000000000 1880.0000000000
0.0000000000 0.0000000000 0.0000000000 1.0000000000

0.0000000000 0.0000000000 1.0000000000 2276.0000000000
0.0000000000 1.0000000000 0.0000000000 694.8000000000
-1.0000000000 0.0000000000 0.0000000000 1880.0000000000
0.0000000000 0.0000000000 0.0000000000 1.0000000000

0.0000000000 0.0000000000 1.0000000000 2276.0000000000
0.0000000000 1.0000000000 0.0000000000 694.4000000000
-1.0000000000 0.0000000000 0.0000000000 1880.0000000000
0.0000000000 0.0000000000 0.0000000000 1.0000000000

0.0000000000 0.0000000000 1.0000000000 2276.0000000000
0.0000000000 1.0000000000 0.0000000000 694.0000000000
-1.0000000000 0.0000000000 0.0000000000 1880.0000000000
0.0000000000 0.0000000000 0.0000000000 1.0000000000

0.0000000000 0.0000000000 1.0000000000 2276.0000000000
0.0000000000 1.0000000000 0.0000000000 693.6000000000
-1.0000000000 0.0000000000 0.0000000000 1880.0000000000
0.0000000000 0.0000000000 0.0000000000 1.0000000000

0.0000000000 0.0000000000 1.0000000000 2276.0000000000
0.0000000000 1.0000000000 0.0000000000 693.2000000000
-1.0000000000 0.0000000000 0.0000000000 1880.0000000000
0.0000000000 0.0000000000 0.0000000000 1.0000000000

0.0000000000 0.0000000000 1.0000000000 2276.0000000000
0.0000000000 1.0000000000 0.0000000000 692.8000000000
-1.0000000000 0.0000000000 0.0000000000 1880.0000000000
0.0000000000 0.0000000000 0.0000000000 1.0000000000

0.0000000000 0.0000000000 1.0000000000 2276.0000000000
0.0000000000 1.0000000000 0.0000000000 692.4000000000
-1.0000000000 0.0000000000 0.0000000000 1880.0000000000
0.0000000000 0.0000000000 0.0000000000 1.0000000000

0.0000000000 0.0000000000 1.0000000000 2276.0000000000
0.0000000000 1.0000000000 0.0000000000 692.0000000000
-1.0000000000 0.0000000000 0.0000000000 1880.0000000000
0.0000000000 0.0000000000 0.0000000000 1.0000000000

0.0000000000 0.0000000000 1.0000000000 2276.0000000000
0.0000000000 1.0000000000 0.0000000000 691.6000000000
-1.0000000000 0.0000000000 0.0000000000 1880.0000000000
0.0000000000 0.0000000000 0.0000000000 1.0000000000

0.0000000000 0.0000000000 1.0000000000 2276.0000000000
0.0000000000 1.0000000000 0.0000000000 691.2000000000
-1.0000000000 0.0000000000 0.0000000000 1880.0000000000
0.0000000000 0.0000000000 0.0000000000 1.0000000000

0.0000000000 0.0000000000 1.0000000000 2276.0000000000
0.0000000000 1.0000000000 0.0000000000 690.8000000000
-1.0000000000 0.0000000000 0.0000000000 1880.0000000000
0.0000000000 0.0000000000 0.0000000000 1.0000000000

0.0000000000 0.0000000000 1.0000000000 2276.0000000000
0.0000000000 1.0000000000 0.0000000000 690.4000000000
-1.0000000000 0.0000000000 0.0000000000 1880.0000000000
0.0000000000 0.0000000000 0.0000000000 1.0000000000

0.0000000000 0.0000000000 1.0000000000 2276.0000000000
0.0000000000 1.0000000000 0.0000000000 690.0000000000
-1.0000000000 0.0000000000 0.0000000000 1880.0000000000
0.0000000000 0.0000000000 0.0000000000 1.0000000000

0.0000000000 0.0000000000 1.0000000000 2276.0000000000
0.0000000000 1.0000000000 0.0000000000 689.6000000000
-1.0000000000 0.0000000000 0.0000000000 1880.0000000000
0.0000000000 0.0000000000 0.0000000000 1.0000000000

0.0000000000 0.0000000000 1.0000000000 2276.0000000000
0.0000000000 1.0000000000 0.0000000000 689.2000000000
-1.0000000000 0.0000000000 0.0000000000 1880.0000000000
0.0000000000 0.0000000000 0.0000000000 1.0000000000

0.0000000000 0.0000000000 1.0000000000 2276.0000000000
0.0000000000 1.0000000000 0.0000000000 688.8000000000
-1.0000000000 0.0000000000 0.0000000000 1880.0000000000
0.0000000000 0.0000000000 0.0000000000 1.0000000000

0.0000000000 0.0000000000 1.0000000000 2276.0000000000
0.0000000000 1.0000000000 0.0000000000 688.4000000000
-1.0000000000 0.0000000000 0.0000000000 1880.0000000000
0.0000000000 0.0000000000 0.0000000000 1.0000000000

0.0000000000 0.0000000000 1.0000000000 2276.0000000000
0.0000000000 1.0000000000 0.0000000000 688.0000000000
-1.0000000000 0.0000000000 0.0000000000 1880.0000000000
0.0000000000 0.0000000000 0.0000000000 1.0000000000

0.0000000000 0.0000000000 1.0000000000 2276.0000000000
0.0000000000 1.0000000000 0.0000000000 687.6000000000
-1.0000000000 0.0000000000 0.0000000000 1880.0000000000
0.0000000000 0.0000000000 0.0000000000 1.0000000000

0.0000000000 0.0000000000 1.0000000000 2276.0000000000
0.0000000000 1.0000000000 0.0000000000 687.2000000000
-1.0000000000 0.0000000000 0.0000000000 1880.0000000000
0.0000000000 0.0000000000 0.0000000000 1.0000000000

0.0000000000 0.0000000000 1.0000000000 2276.0000000000
0.0000000000 1.0000000000 0.0000000000 686.8000000000
-1.0000000000 0.0000000000 0.0000000000 1880.0000000000
0.0000000000 0.0000000000 0.0000000000 1.0000000000

0.0000000000 0.0000000000 1.0000000000 2276.0000000000
0.0000000000 1.0000000000 0.0000000000 686.4000000000
-1.0000000000 0.0000000000 0.0000000000 1880.0000000000
0.0000000000 0.0000000000 0.0000000000 1.0000000000

0.0000000000 0.0000000000 1.0000000000 2276.0000000000
0.0000000000 1.0000000000 0.0000000000 686.0000000000
-1.0000000000 0.0000000000 0.0000000000 1880.0000000000
0.0000000000 0.0000000000 0.0000000000 1.0000000000

0.0000000000 0.0000000000 1.0000000000 2276.0000000000
0.0000000000 1.0000000000 0.0000000000 685.6000000000
-1.0000000000 0.0000000000 0.0000000000 1880.0000000000
0.0000000000 0.0000000000 0.0000000000 1.0000000000

0.0000000000 0.0000000000 1.0000000000 2276.0000000000
0.0000000000 1.0000000000 0.0000000000 685.2000000000
-1.0000000000 0.0000000000 0.0000000000 1880.0000000000
0.0000000000 0.0000000000 0.0000000000 1.0000000000

0.0000000000 0.0000000000 1.0000000000 2276.0000000000
0.0000000000 1.0000000000 0.0000000000 684.8000000000
-1.0000000000 0.0000000000 0.0000000000 1880.0000000000
0.0000000000 0.0000000000 0.0000000000 1.0000000000

0.0000000000 0.0000000000 1.0000000000 2276.0000000000
0.0000000000 1.0000000000 0.0000000000 684.4000000000
-1.0000000000 0.0000000000 0.0000000000 1880.0000000000
0.0000000000 0.0000000000 0.0000000000 1.0000000000

0.0000000000 0.0000000000 1.0000000000 2276.0000000000
0.0000000000 1.0000000000 0.0000000000 684.0000000000
-1.0000000000 0.0000000000 0.0000000000 1880.0000000000
0.0000000000 0.0000000000 0.0000000000 1.0000000000

0.0000000000 0.0000000000 1.0000000000 2276.0000000000
0.0000000000 1.0000000000 0.0000000000 683.6000000000
-1.0000000000 0.0000000000 0.0000000000 1880.0000000000
0.0000000000 0.0000000000 0.0000000000 1.0000000000

0.0000000000 0.0000000000 1.0000000000 2276.0000000000
0.0000000000 1.0000000000 0.0000000000 683.2000000000
-1.0000000000 0.0000000000 0.0000000000 1880.0000000000
0.0000000000 0.0000000000 0.0000000000 1.0000000000

0.0000000000 0.0000000000 1.0000000000 2276.0000000000
0.0000000000 1.0000000000 0.0000000000 682.8000000000
-1.0000000000 0.0000000000 0.0000000000 1880.0000000000
0.0000000000 0.0000000000 0.0000000000 1.0000000000

0.0000000000 0.0000000000 1.0000000000 2276.0000000000
0.0000000000 1.0000000000 0.0000000000 682.4000000000
-1.0000000000 0.0000000000 0.0000000000 1880.0000000000
0.0000000000 0.0000000000 0.0000000000 1.0000000000

0.0000000000 0.0000000000 1.0000000000 2276.0000000000
0.0000000000 1.0000000000 0.0000000000 682.0000000000
-1.0000000000 0.0000000000 0.0000000000 1880.0000000000
0.0000000000 0.0000000000 0.0000000000 1.0000000000

0.0000000000 0.0000000000 1.0000000000 2276.0000000000
0.0000000000 1.0000000000 0.0000000000 681.6000000000
-1.0000000000 0.0000000000 0.0000000000 1880.0000000000
0.0000000000 0.0000000000 0.0000000000 1.0000000000

0.0000000000 0.0000000000 1.0000000000 2276.0000000000
0.0000000000 1.0000000000 0.0000000000 681.2000000000
-1.0000000000 0.0000000000 0.0000000000 1880.0000000000
0.0000000000 0.0000000000 0.0000000000 1.0000000000

0.0000000000 0.0000000000 1.0000000000 2276.0000000000
0.0000000000 1.0000000000 0.0000000000 680.8000000000
-1.0000000000 0.0000000000 0.0000000000 1880.0000000000
0.0000000000 0.0000000000 0.0000000000 1.0000000000

0.0000000000 0.0000000000 1.0000000000 2276.0000000000
0.0000000000 1.0000000000 0.0000000000 680.4000000000
-1.0000000000 0.0000000000 0.0000000000 1880.0000000000
0.0000000000 0.0000000000 0.0000000000 1.0000000000

0.0000000000 0.0000000000 1.0000000000 2276.0000000000
0.0000000000 1.0000000000 0.0000000000 680.0000000000
-1.0000000000 0.0000000000 0.0000000000 1880.0000000000
0.0000000000 0.0000000000 0.0000000000 1.0000000000

0.0000000000 0.0000000000 1.0000000000 2276.0000000000
0.0000000000 1.0000000000 0.0000000000 679.6000000000
-1.0000000000 0.0000000000 0.0000000000 1880.0000000000
0.0000000000 0.0000000000 0.0000000000 1.0000000000

0.0000000000 0.0000000000 1.0000000000 2276.0000000000
0.0000000000 1.0000000000 0.0000000000 679.2000000000
-1.0000000000 0.0000000000 0.0000000000 1880.0000000000
0.0000000000 0.0000000000 0.0000000000 1.0000000000

0.0000000000 0.0000000000 1.0000000000 2276.0000000000
0.0000000000 1.0000000000 0.0000000000 678.8000000000
-1.0000000000 0.0000000000 0.0000000000 1880.0000000000
0.0000000000 0.0000000000 0.0000000000 1.0000000000

0.0000000000 0.0000000000 1.0000000000 2276.0000000000
0.0000000000 1.0000000000 0.0000000000 678.4000000000
-1.0000000000 0.0000000000 0.0000000000 1880.0000000000
0.0000000000 0.0000000000 0.0000000000 1.0000000000

0.0000000000 0.0000000000 1.0000000000 2276.0000000000
0.0000000000 1.0000000000 0.0000000000 678.0000000000
-1.0000000000 0.0000000000 0.0000000000 1880.0000000000
0.0000000000 0.0000000000 0.0000000000 1.0000000000

0.0000000000 0.0000000000 1.0000000000 2276.0000000000
0.0000000000 1.0000000000 0.0000000000 677.6000000000
-1.0000000000 0.0000000000 0.0000000000 1880.0000000000
0.0000000000 0.0000000000 0.0000000000 1.0000000000

0.0000000000 0.0000000000 1.0000000000 2276.0000000000
0.0000000000 1.0000000000 0.0000000000 677.2000000000
-1.0000000000 0.0000000000 0.0000000000 1880.0000000000
0.0000000000 0.0000000000 0.0000000000 1.0000000000

0.0000000000 0.0000000000 1.0000000000 2276.0000000000
0.0000000000 1.0000000000 0.0000000000 676.8000000000
-1.0000000000 0.0000000000 0.0000000000 1880.0000000000
0.0000000000 0.0000000000 0.0000000000 1.0000000000

0.0000000000 0.0000000000 1.0000000000 2276.0000000000
0.0000000000 1.0000000000 0.0000000000 676.4000000000
-1.0000000000 0.0000000000 0.0000000000 1880.0000000000
0.0000000000 0.0000000000 0.0000000000 1.0000000000

0.0000000000 0.0000000000 1.0000000000 2276.0000000000
0.0000000000 1.0000000000 0.0000000000 676.0000000000
-1.0000000000 0.0000000000 0.0000000000 1880.0000000000
0.0000000000 0.0000000000 0.0000000000 1.0000000000

0.0000000000 0.0000000000 1.0000000000 2276.0000000000
0.0000000000 1.0000000000 0.0000000000 675.6000000000
-1.0000000000 0.0000000000 0.0000000000 1880.0000000000
0.0000000000 0.0000000000 0.0000000000 1.0000000000

0.0000000000 0.0000000000 1.0000000000 2276.0000000000
0.0000000000 1.0000000000 0.0000000000 675.2000000000
-1.0000000000 0.0000000000 0.0000000000 1880.0000000000
0.0000000000 0.0000000000 0.0000000000 1.0000000000

0.0000000000 0.0000000000 1.0000000000 2276.0000000000
0.0000000000 1.0000000000 0.0000000000 674.8000000000
-1.0000000000 0.0000000000 0.0000000000 1880.0000000000
0.0000000000 0.0000000000 0.0000000000 1.0000000000

0.0000000000 0.0000000000 1.0000000000 2276.0000000000
0.0000000000 1.0000000000 0.0000000000 674.4000000000
-1.0000000000 0.0000000000 0.0000000000 1880.0000000000
0.0000000000 0.0000000000 0.0000000000 1.0000000000

0.0000000000 0.0000000000 1.0000000000 2276.0000000000
0.0000000000 1.0000000000 0.0000000000 674.0000000000
-1.0000000000 0.0000000000 0.0000000000 1880.0000000000
0.0000000000 0.0000000000 0.0000000000 1.0000000000

0.0000000000 0.0000000000 1.0000000000 2276.0000000000
0.0000000000 1.0000000000 0.0000000000 673.6000000000
-1.0000000000 0.0000000000 0.0000000000 1880.0000000000
0.0000000000 0.0000000000 0.0000000000 1.0000000000

0.0000000000 0.0000000000 1.0000000000 2276.0000000000
0.0000000000 1.0000000000 0.0000000000 673.2000000000
-1.0000000000 0.0000000000 0.0000000000 1880.0000000000
0.0000000000 0.0000000000 0.0000000000 1.0000000000

0.0000000000 0.0000000000 1.0000000000 2276.0000000000
0.0000000000 1.0000000000 0.0000000000 672.8000000000
-1.0000000000 0.0000000000 0.0000000000 1880.0000000000
0.0000000000 0.0000000000 0.0000000000 1.0000000000

0.0000000000 0.0000000000 1.0000000000 2276.0000000000
0.0000000000 1.0000000000 0.0000000000 672.4000000000
-1.0000000000 0.0000000000 0.0000000000 1880.0000000000
0.0000000000 0.0000000000 0.0000000000 1.0000000000

0.0000000000 0.0000000000 1.0000000000 2276.0000000000
0.0000000000 1.0000000000 0.0000000000 672.0000000000
-1.0000000000 0.0000000000 0.0000000000 1880.0000000000
0.0000000000 0.0000000000 0.0000000000 1.0000000000

0.0000000000 0.0000000000 1.0000000000 2276.0000000000
0.0000000000 1.0000000000 0.0000000000 671.6000000000
-1.0000000000 0.0000000000 0.0000000000 1880.0000000000
0.0000000000 0.0000000000 0.0000000000 1.0000000000

0.0000000000 0.0000000000 1.0000000000 2276.0000000000
0.0000000000 1.0000000000 0.0000000000 671.2000000000
-1.0000000000 0.0000000000 0.0000000000 1880.0000000000
0.0000000000 0.0000000000 0.0000000000 1.0000000000

0.0000000000 0.0000000000 1.0000000000 2276.0000000000
0.0000000000 1.0000000000 0.0000000000 670.8000000000
-1.0000000000 0.0000000000 0.0000000000 1880.0000000000
0.0000000000 0.0000000000 0.0000000000 1.0000000000

0.0000000000 0.0000000000 1.0000000000 2276.0000000000
0.0000000000 1.0000000000 0.0000000000 670.4000000000
-1.0000000000 0.0000000000 0.0000000000 1880.0000000000
0.0000000000 0.0000000000 0.0000000000 1.0000000000

0.0000000000 0.0000000000 1.0000000000 2276.0000000000
0.0000000000 1.0000000000 0.0000000000 670.0000000000
-1.0000000000 0.0000000000 0.0000000000 1880.0000000000
0.0000000000 0.0000000000 0.0000000000 1.0000000000

0.0000000000 0.0000000000 1.0000000000 2276.0000000000
0.0000000000 1.0000000000 0.0000000000 669.6000000000
-1.0000000000 0.0000000000 0.0000000000 1880.0000000000
0.0000000000 0.0000000000 0.0000000000 1.0000000000

0.0000000000 0.0000000000 1.0000000000 2276.0000000000
0.0000000000 1.0000000000 0.0000000000 669.2000000000
-1.0000000000 0.0000000000 0.0000000000 1880.0000000000
0.0000000000 0.0000000000 0.0000000000 1.0000000000

0.0000000000 0.0000000000 1.0000000000 2276.0000000000
0.0000000000 1.0000000000 0.0000000000 668.8000000000
-1.0000000000 0.0000000000 0.0000000000 1880.0000000000
0.0000000000 0.0000000000 0.0000000000 1.0000000000

0.0000000000 0.0000000000 1.0000000000 2276.0000000000
0.0000000000 1.0000000000 0.0000000000 668.4000000000
-1.0000000000 0.0000000000 0.0000000000 1880.0000000000
0.0000000000 0.0000000000 0.0000000000 1.0000000000

0.0000000000 0.0000000000 1.0000000000 2276.0000000000
0.0000000000 1.0000000000 0.0000000000 668.0000000000
-1.0000000000 0.0000000000 0.0000000000 1880.0000000000
0.0000000000 0.0000000000 0.0000000000 1.0000000000

0.0000000000 0.0000000000 1.0000000000 2276.0000000000
0.0000000000 1.0000000000 0.0000000000 667.6000000000
-1.0000000000 0.0000000000 0.0000000000 1880.0000000000
0.0000000000 0.0000000000 0.0000000000 1.0000000000

0.0000000000 0.0000000000 1.0000000000 2276.0000000000
0.0000000000 1.0000000000 0.0000000000 667.2000000000
-1.0000000000 0.0000000000 0.0000000000 1880.0000000000
0.0000000000 0.0000000000 0.0000000000 1.0000000000

0.0000000000 0.0000000000 1.0000000000 2276.0000000000
0.0000000000 1.0000000000 0.0000000000 666.8000000000
-1.0000000000 0.0000000000 0.0000000000 1880.0000000000
0.0000000000 0.0000000000 0.0000000000 1.0000000000

0.0000000000 0.0000000000 1.0000000000 2276.0000000000
0.0000000000 1.0000000000 0.0000000000 666.4000000000
-1.0000000000 0.0000000000 0.0000000000 1880.0000000000
0.0000000000 0.0000000000 0.0000000000 1.0000000000

0.0000000000 0.0000000000 1.0000000000 2276.0000000000
0.0000000000 1.0000000000 0.0000000000 666.0000000000
-1.0000000000 0.0000000000 0.0000000000 1880.0000000000
0.0000000000 0.0000000000 0.0000000000 1.0000000000

0.0000000000 0.0000000000 1.0000000000 2276.0000000000
0.0000000000 1.0000000000 0.0000000000 665.6000000000
-1.0000000000 0.0000000000 0.0000000000 1880.0000000000
0.0000000000 0.0000000000 0.0000000000 1.0000000000

0.0000000000 0.0000000000 1.0000000000 2276.0000000000
0.0000000000 1.0000000000 0.0000000000 665.2000000000
-1.0000000000 0.0000000000 0.0000000000 1880.0000000000
0.0000000000 0.0000000000 0.0000000000 1.0000000000

0.0000000000 0.0000000000 1.0000000000 2276.0000000000
0.0000000000 1.0000000000 0.0000000000 664.8000000000
-1.0000000000 0.0000000000 0.0000000000 1880.0000000000
0.0000000000 0.0000000000 0.0000000000 1.0000000000

0.0000000000 0.0000000000 1.0000000000 2276.0000000000
0.0000000000 1.0000000000 0.0000000000 664.4000000000
-1.0000000000 0.0000000000 0.0000000000 1880.0000000000
0.0000000000 0.0000000000 0.0000000000 1.0000000000

0.0000000000 0.0000000000 1.0000000000 2276.0000000000
0.0000000000 1.0000000000 0.0000000000 664.0000000000
-1.0000000000 0.0000000000 0.0000000000 1880.0000000000
0.0000000000 0.0000000000 0.0000000000 1.0000000000

0.0000000000 0.0000000000 1.0000000000 2276.0000000000
0.0000000000 1.0000000000 0.0000000000 663.6000000000
-1.0000000000 0.0000000000 0.0000000000 1880.0000000000
0.0000000000 0.0000000000 0.0000000000 1.0000000000

0.0000000000 0.0000000000 1.0000000000 2276.0000000000
0.0000000000 1.0000000000 0.0000000000 663.2000000000
-1.0000000000 0.0000000000 0.0000000000 1880.0000000000
0.0000000000 0.0000000000 0.0000000000 1.0000000000

0.0000000000 0.0000000000 1.0000000000 2276.0000000000
0.0000000000 1.0000000000 0.0000000000 662.8000000000
-1.0000000000 0.0000000000 0.0000000000 1880.0000000000
0.0000000000 0.0000000000 0.0000000000 1.0000000000

0.0000000000 0.0000000000 1.0000000000 2276.0000000000
0.0000000000 1.0000000000 0.0000000000 662.4000000000
-1.0000000000 0.0000000000 0.0000000000 1880.0000000000
0.0000000000 0.0000000000 0.0000000000 1.0000000000

0.0000000000 0.0000000000 1.0000000000 2276.0000000000
0.0000000000 1.0000000000 0.0000000000 662.0000000000
-1.0000000000 0.0000000000 0.0000000000 1880.0000000000
0.0000000000 0.0000000000 0.0000000000 1.0000000000

0.0000000000 0.0000000000 1.0000000000 2276.0000000000
0.0000000000 1.0000000000 0.0000000000 661.6000000000
-1.0000000000 0.0000000000 0.0000000000 1880.0000000000
0.0000000000 0.0000000000 0.0000000000 1.0000000000

0.0000000000 0.0000000000 1.0000000000 2276.0000000000
0.0000000000 1.0000000000 0.0000000000 661.2000000000
-1.0000000000 0.0000000000 0.0000000000 1880.0000000000
0.0000000000 0.0000000000 0.0000000000 1.0000000000

0.0000000000 0.0000000000 1.0000000000 2276.0000000000
0.0000000000 1.0000000000 0.0000000000 660.8000000000
-1.0000000000 0.0000000000 0.0000000000 1880.0000000000
0.0000000000 0.0000000000 0.0000000000 1.0000000000

0.0000000000 0.0000000000 1.0000000000 2276.0000000000
0.0000000000 1.0000000000 0.0000000000 660.4000000000
-1.0000000000 0.0000000000 0.0000000000 1880.0000000000
0.0000000000 0.0000000000 0.0000000000 1.0000000000

0.0000000000 0.0000000000 1.0000000000 2276.0000000000
0.0000000000 1.0000000000 0.0000000000 660.0000000000
-1.0000000000 0.0000000000 0.0000000000 1880.0000000000
0.0000000000 0.0000000000 0.0000000000 1.0000000000

0.0000000000 0.0000000000 1.0000000000 2276.0000000000
0.0000000000 1.0000000000 0.0000000000 659.6000000000
-1.0000000000 0.0000000000 0.0000000000 1880.0000000000
0.0000000000 0.0000000000 0.0000000000 1.0000000000

0.0000000000 0.0000000000 1.0000000000 2276.0000000000
0.0000000000 1.0000000000 0.0000000000 659.2000000000
-1.0000000000 0.0000000000 0.0000000000 1880.0000000000
0.0000000000 0.0000000000 0.0000000000 1.0000000000

0.0000000000 0.0000000000 1.0000000000 2276.0000000000
0.0000000000 1.0000000000 0.0000000000 658.8000000000
-1.0000000000 0.0000000000 0.0000000000 1880.0000000000
0.0000000000 0.0000000000 0.0000000000 1.0000000000

0.0000000000 0.0000000000 1.0000000000 2276.0000000000
0.0000000000 1.0000000000 0.0000000000 658.4000000000
-1.0000000000 0.0000000000 0.0000000000 1880.0000000000
0.0000000000 0.0000000000 0.0000000000 1.0000000000

0.0000000000 0.0000000000 1.0000000000 2276.0000000000
0.0000000000 1.0000000000 0.0000000000 658.0000000000
-1.0000000000 0.0000000000 0.0000000000 1880.0000000000
0.0000000000 0.0000000000 0.0000000000 1.0000000000

0.0000000000 0.0000000000 1.0000000000 2276.0000000000
0.0000000000 1.0000000000 0.0000000000 657.6000000000
-1.0000000000 0.0000000000 0.0000000000 1880.0000000000
0.0000000000 0.0000000000 0.0000000000 1.0000000000

0.0000000000 0.0000000000 1.0000000000 2276.0000000000
0.0000000000 1.0000000000 0.0000000000 657.2000000000
-1.0000000000 0.0000000000 0.0000000000 1880.0000000000
0.0000000000 0.0000000000 0.0000000000 1.0000000000

0.0000000000 0.0000000000 1.0000000000 2276.0000000000
0.0000000000 1.0000000000 0.0000000000 656.8000000000
-1.0000000000 0.0000000000 0.0000000000 1880.0000000000
0.0000000000 0.0000000000 0.0000000000 1.0000000000

0.0000000000 0.0000000000 1.0000000000 2276.0000000000
0.0000000000 1.0000000000 0.0000000000 656.4000000000
-1.0000000000 0.0000000000 0.0000000000 1880.0000000000
0.0000000000 0.0000000000 0.0000000000 1.0000000000

0.0000000000 0.0000000000 1.0000000000 2276.0000000000
0.0000000000 1.0000000000 0.0000000000 656.0000000000
-1.0000000000 0.0000000000 0.0000000000 1880.0000000000
0.0000000000 0.0000000000 0.0000000000 1.0000000000

0.0000000000 0.0000000000 1.0000000000 2276.0000000000
0.0000000000 1.0000000000 0.0000000000 655.6000000000
-1.0000000000 0.0000000000 0.0000000000 1880.0000000000
0.0000000000 0.0000000000 0.0000000000 1.0000000000

0.0000000000 0.0000000000 1.0000000000 2276.0000000000
0.0000000000 1.0000000000 0.0000000000 655.2000000000
-1.0000000000 0.0000000000 0.0000000000 1880.0000000000
0.0000000000 0.0000000000 0.0000000000 1.0000000000

0.0000000000 0.0000000000 1.0000000000 2276.0000000000
0.0000000000 1.0000000000 0.0000000000 654.8000000000
-1.0000000000 0.0000000000 0.0000000000 1880.0000000000
0.0000000000 0.0000000000 0.0000000000 1.0000000000

0.0000000000 0.0000000000 1.0000000000 2276.0000000000
0.0000000000 1.0000000000 0.0000000000 654.4000000000
-1.0000000000 0.0000000000 0.0000000000 1880.0000000000
0.0000000000 0.0000000000 0.0000000000 1.0000000000

0.0000000000 0.0000000000 1.0000000000 2276.0000000000
0.0000000000 1.0000000000 0.0000000000 654.0000000000
-1.0000000000 0.0000000000 0.0000000000 1880.0000000000
0.0000000000 0.0000000000 0.0000000000 1.0000000000

0.0000000000 0.0000000000 1.0000000000 2276.0000000000
0.0000000000 1.0000000000 0.0000000000 653.6000000000
-1.0000000000 0.0000000000 0.0000000000 1880.0000000000
0.0000000000 0.0000000000 0.0000000000 1.0000000000

0.0000000000 0.0000000000 1.0000000000 2276.0000000000
0.0000000000 1.0000000000 0.0000000000 653.2000000000
-1.0000000000 0.0000000000 0.0000000000 1880.0000000000
0.0000000000 0.0000000000 0.0000000000 1.0000000000

0.0000000000 0.0000000000 1.0000000000 2276.0000000000
0.0000000000 1.0000000000 0.0000000000 652.8000000000
-1.0000000000 0.0000000000 0.0000000000 1880.0000000000
0.0000000000 0.0000000000 0.0000000000 1.0000000000

0.0000000000 0.0000000000 1.0000000000 2276.0000000000
0.0000000000 1.0000000000 0.0000000000 652.4000000000
-1.0000000000 0.0000000000 0.0000000000 1880.0000000000
0.0000000000 0.0000000000 0.0000000000 1.0000000000

0.0000000000 0.0000000000 1.0000000000 2276.0000000000
0.0000000000 1.0000000000 0.0000000000 652.0000000000
-1.0000000000 0.0000000000 0.0000000000 1880.0000000000
0.0000000000 0.0000000000 0.0000000000 1.0000000000

0.0000000000 0.0000000000 1.0000000000 2276.0000000000
0.0000000000 1.0000000000 0.0000000000 651.6000000000
-1.0000000000 0.0000000000 0.0000000000 1880.0000000000
0.0000000000 0.0000000000 0.0000000000 1.0000000000

0.0000000000 0.0000000000 1.0000000000 2276.0000000000
0.0000000000 1.0000000000 0.0000000000 651.2000000000
-1.0000000000 0.0000000000 0.0000000000 1880.0000000000
0.0000000000 0.0000000000 0.0000000000 1.0000000000

0.0000000000 0.0000000000 1.0000000000 2276.0000000000
0.0000000000 1.0000000000 0.0000000000 650.8000000000
-1.0000000000 0.0000000000 0.0000000000 1880.0000000000
0.0000000000 0.0000000000 0.0000000000 1.0000000000

0.0000000000 0.0000000000 1.0000000000 2276.0000000000
0.0000000000 1.0000000000 0.0000000000 650.4000000000
-1.0000000000 0.0000000000 0.0000000000 1880.0000000000
0.0000000000 0.0000000000 0.0000000000 1.0000000000

0.0000000000 0.0000000000 1.0000000000 2276.0000000000
0.0000000000 1.0000000000 0.0000000000 650.0000000000
-1.0000000000 0.0000000000 0.0000000000 1880.0000000000
0.0000000000 0.0000000000 0.0000000000 1.0000000000

0.0000000000 0.0000000000 1.0000000000 2276.0000000000
0.0000000000 1.0000000000 0.0000000000 649.6000000000
-1.0000000000 0.0000000000 0.0000000000 1880.0000000000
0.0000000000 0.0000000000 0.0000000000 1.0000000000

0.0000000000 0.0000000000 1.0000000000 2276.0000000000
0.0000000000 1.0000000000 0.0000000000 649.2000000000
-1.0000000000 0.0000000000 0.0000000000 1880.0000000000
0.0000000000 0.0000000000 0.0000000000 1.0000000000

0.0000000000 0.0000000000 1.0000000000 2276.0000000000
0.0000000000 1.0000000000 0.0000000000 648.8000000000
-1.0000000000 0.0000000000 0.0000000000 1880.0000000000
0.0000000000 0.0000000000 0.0000000000 1.0000000000

0.0000000000 0.0000000000 1.0000000000 2276.0000000000
0.0000000000 1.0000000000 0.0000000000 648.4000000000
-1.0000000000 0.0000000000 0.0000000000 1880.0000000000
0.0000000000 0.0000000000 0.0000000000 1.0000000000

0.0000000000 0.0000000000 1.0000000000 2276.0000000000
0.0000000000 1.0000000000 0.0000000000 648.0000000000
-1.0000000000 0.0000000000 0.0000000000 1880.0000000000
0.0000000000 0.0000000000 0.0000000000 1.0000000000

0.0000000000 0.0000000000 1.0000000000 2276.0000000000
0.0000000000 1.0000000000 0.0000000000 647.6000000000
-1.0000000000 0.0000000000 0.0000000000 1880.0000000000
0.0000000000 0.0000000000 0.0000000000 1.0000000000

0.0000000000 0.0000000000 1.0000000000 2276.0000000000
0.0000000000 1.0000000000 0.0000000000 647.2000000000
-1.0000000000 0.0000000000 0.0000000000 1880.0000000000
0.0000000000 0.0000000000 0.0000000000 1.0000000000

0.0000000000 0.0000000000 1.0000000000 2276.0000000000
0.0000000000 1.0000000000 0.0000000000 646.8000000000
-1.0000000000 0.0000000000 0.0000000000 1880.0000000000
0.0000000000 0.0000000000 0.0000000000 1.0000000000

0.0000000000 0.0000000000 1.0000000000 2276.0000000000
0.0000000000 1.0000000000 0.0000000000 646.4000000000
-1.0000000000 0.0000000000 0.0000000000 1880.0000000000
0.0000000000 0.0000000000 0.0000000000 1.0000000000

0.0000000000 0.0000000000 1.0000000000 2276.0000000000
0.0000000000 1.0000000000 0.0000000000 646.0000000000
-1.0000000000 0.0000000000 0.0000000000 1880.0000000000
0.0000000000 0.0000000000 0.0000000000 1.0000000000

0.0000000000 0.0000000000 1.0000000000 2276.0000000000
0.0000000000 1.0000000000 0.0000000000 645.6000000000
-1.0000000000 0.0000000000 0.0000000000 1880.0000000000
0.0000000000 0.0000000000 0.0000000000 1.0000000000

0.0000000000 0.0000000000 1.0000000000 2276.0000000000
0.0000000000 1.0000000000 0.0000000000 645.2000000000
-1.0000000000 0.0000000000 0.0000000000 1880.0000000000
0.0000000000 0.0000000000 0.0000000000 1.0000000000

0.0000000000 0.0000000000 1.0000000000 2276.0000000000
0.0000000000 1.0000000000 0.0000000000 644.8000000000
-1.0000000000 0.0000000000 0.0000000000 1880.0000000000
0.0000000000 0.0000000000 0.0000000000 1.0000000000

0.0000000000 0.0000000000 1.0000000000 2276.0000000000
0.0000000000 1.0000000000 0.0000000000 644.4000000000
-1.0000000000 0.0000000000 0.0000000000 1880.0000000000
0.0000000000 0.0000000000 0.0000000000 1.0000000000

0.0000000000 0.0000000000 1.0000000000 2276.0000000000
0.0000000000 1.0000000000 0.0000000000 644.0000000000
-1.0000000000 0.0000000000 0.0000000000 1880.0000000000
0.0000000000 0.0000000000 0.0000000000 1.0000000000

0.0000000000 0.0000000000 1.0000000000 2276.0000000000
0.0000000000 1.0000000000 0.0000000000 643.6000000000
-1.0000000000 0.0000000000 0.0000000000 1880.0000000000
0.0000000000 0.0000000000 0.0000000000 1.0000000000

0.0000000000 0.0000000000 1.0000000000 2276.0000000000
0.0000000000 1.0000000000 0.0000000000 643.2000000000
-1.0000000000 0.0000000000 0.0000000000 1880.0000000000
0.0000000000 0.0000000000 0.0000000000 1.0000000000

0.0000000000 0.0000000000 1.0000000000 2276.0000000000
0.0000000000 1.0000000000 0.0000000000 642.8000000000
-1.0000000000 0.0000000000 0.0000000000 1880.0000000000
0.0000000000 0.0000000000 0.0000000000 1.0000000000

0.0000000000 0.0000000000 1.0000000000 2276.0000000000
0.0000000000 1.0000000000 0.0000000000 642.4000000000
-1.0000000000 0.0000000000 0.0000000000 1880.0000000000
0.0000000000 0.0000000000 0.0000000000 1.0000000000

0.0000000000 0.0000000000 1.0000000000 2276.0000000000
0.0000000000 1.0000000000 0.0000000000 642.0000000000
-1.0000000000 0.0000000000 0.0000000000 1880.0000000000
0.0000000000 0.0000000000 0.0000000000 1.0000000000

0.0000000000 0.0000000000 1.0000000000 2276.0000000000
0.0000000000 1.0000000000 0.0000000000 641.6000000000
-1.0000000000 0.0000000000 0.0000000000 1880.0000000000
0.0000000000 0.0000000000 0.0000000000 1.0000000000

0.0000000000 0.0000000000 1.0000000000 2276.0000000000
0.0000000000 1.0000000000 0.0000000000 641.2000000000
-1.0000000000 0.0000000000 0.0000000000 1880.0000000000
0.0000000000 0.0000000000 0.0000000000 1.0000000000

0.0000000000 0.0000000000 1.0000000000 2276.0000000000
0.0000000000 1.0000000000 0.0000000000 640.8000000000
-1.0000000000 0.0000000000 0.0000000000 1880.0000000000
0.0000000000 0.0000000000 0.0000000000 1.0000000000

0.0000000000 0.0000000000 1.0000000000 2276.0000000000
0.0000000000 1.0000000000 0.0000000000 640.4000000000
-1.0000000000 0.0000000000 0.0000000000 1880.0000000000
0.0000000000 0.0000000000 0.0000000000 1.0000000000

0.0000000000 0.0000000000 1.0000000000 2276.0000000000
0.0000000000 1.0000000000 0.0000000000 640.0000000000
-1.0000000000 0.0000000000 0.0000000000 1880.0000000000
0.0000000000 0.0000000000 0.0000000000 1.0000000000

0.0000000000 0.0000000000 1.0000000000 2276.0000000000
0.0000000000 1.0000000000 0.0000000000 639.6000000000
-1.0000000000 0.0000000000 0.0000000000 1880.0000000000
0.0000000000 0.0000000000 0.0000000000 1.0000000000

0.0000000000 0.0000000000 1.0000000000 2276.0000000000
0.0000000000 1.0000000000 0.0000000000 639.2000000000
-1.0000000000 0.0000000000 0.0000000000 1880.0000000000
0.0000000000 0.0000000000 0.0000000000 1.0000000000

0.0000000000 0.0000000000 1.0000000000 2276.0000000000
0.0000000000 1.0000000000 0.0000000000 638.8000000000
-1.0000000000 0.0000000000 0.0000000000 1880.0000000000
0.0000000000 0.0000000000 0.0000000000 1.0000000000

0.0000000000 0.0000000000 1.0000000000 2276.0000000000
0.0000000000 1.0000000000 0.0000000000 638.4000000000
-1.0000000000 0.0000000000 0.0000000000 1880.0000000000
0.0000000000 0.0000000000 0.0000000000 1.0000000000

0.0000000000 0.0000000000 1.0000000000 2276.0000000000
0.0000000000 1.0000000000 0.0000000000 638.0000000000
-1.0000000000 0.0000000000 0.0000000000 1880.0000000000
0.0000000000 0.0000000000 0.0000000000 1.0000000000

0.0000000000 0.0000000000 1.0000000000 2276.0000000000
0.0000000000 1.0000000000 0.0000000000 637.6000000000
-1.0000000000 0.0000000000 0.0000000000 1880.0000000000
0.0000000000 0.0000000000 0.0000000000 1.0000000000

0.0000000000 0.0000000000 1.0000000000 2276.0000000000
0.0000000000 1.0000000000 0.0000000000 637.2000000000
-1.0000000000 0.0000000000 0.0000000000 1880.0000000000
0.0000000000 0.0000000000 0.0000000000 1.0000000000

0.0000000000 0.0000000000 1.0000000000 2276.0000000000
0.0000000000 1.0000000000 0.0000000000 636.8000000000
-1.0000000000 0.0000000000 0.0000000000 1880.0000000000
0.0000000000 0.0000000000 0.0000000000 1.0000000000

0.0000000000 0.0000000000 1.0000000000 2276.0000000000
0.0000000000 1.0000000000 0.0000000000 636.4000000000
-1.0000000000 0.0000000000 0.0000000000 1880.0000000000
0.0000000000 0.0000000000 0.0000000000 1.0000000000

0.0000000000 0.0000000000 1.0000000000 2276.0000000000
0.0000000000 1.0000000000 0.0000000000 636.0000000000
-1.0000000000 0.0000000000 0.0000000000 1880.0000000000
0.0000000000 0.0000000000 0.0000000000 1.0000000000

0.0000000000 0.0000000000 1.0000000000 2276.0000000000
0.0000000000 1.0000000000 0.0000000000 635.6000000000
-1.0000000000 0.0000000000 0.0000000000 1880.0000000000
0.0000000000 0.0000000000 0.0000000000 1.0000000000

0.0000000000 0.0000000000 1.0000000000 2276.0000000000
0.0000000000 1.0000000000 0.0000000000 635.2000000000
-1.0000000000 0.0000000000 0.0000000000 1880.0000000000
0.0000000000 0.0000000000 0.0000000000 1.0000000000

0.0000000000 0.0000000000 1.0000000000 2276.0000000000
0.0000000000 1.0000000000 0.0000000000 634.8000000000
-1.0000000000 0.0000000000 0.0000000000 1880.0000000000
0.0000000000 0.0000000000 0.0000000000 1.0000000000

0.0000000000 0.0000000000 1.0000000000 2276.0000000000
0.0000000000 1.0000000000 0.0000000000 634.4000000000
-1.0000000000 0.0000000000 0.0000000000 1880.0000000000
0.0000000000 0.0000000000 0.0000000000 1.0000000000

0.0000000000 0.0000000000 1.0000000000 2276.0000000000
0.0000000000 1.0000000000 0.0000000000 634.0000000000
-1.0000000000 0.0000000000 0.0000000000 1880.0000000000
0.0000000000 0.0000000000 0.0000000000 1.0000000000

0.0000000000 0.0000000000 1.0000000000 2276.0000000000
0.0000000000 1.0000000000 0.0000000000 633.6000000000
-1.0000000000 0.0000000000 0.0000000000 1880.0000000000
0.0000000000 0.0000000000 0.0000000000 1.0000000000

0.0000000000 0.0000000000 1.0000000000 2276.0000000000
0.0000000000 1.0000000000 0.0000000000 633.2000000000
-1.0000000000 0.0000000000 0.0000000000 1880.0000000000
0.0000000000 0.0000000000 0.0000000000 1.0000000000

0.0000000000 0.0000000000 1.0000000000 2276.0000000000
0.0000000000 1.0000000000 0.0000000000 632.8000000000
-1.0000000000 0.0000000000 0.0000000000 1880.0000000000
0.0000000000 0.0000000000 0.0000000000 1.0000000000

0.0000000000 0.0000000000 1.0000000000 2276.0000000000
0.0000000000 1.0000000000 0.0000000000 632.4000000000
-1.0000000000 0.0000000000 0.0000000000 1880.0000000000
0.0000000000 0.0000000000 0.0000000000 1.0000000000

0.0000000000 0.0000000000 1.0000000000 2276.0000000000
0.0000000000 1.0000000000 0.0000000000 632.0000000000
-1.0000000000 0.0000000000 0.0000000000 1880.0000000000
0.0000000000 0.0000000000 0.0000000000 1.0000000000

0.0000000000 0.0000000000 1.0000000000 2276.0000000000
0.0000000000 1.0000000000 0.0000000000 631.6000000000
-1.0000000000 0.0000000000 0.0000000000 1880.0000000000
0.0000000000 0.0000000000 0.0000000000 1.0000000000

0.0000000000 0.0000000000 1.0000000000 2276.0000000000
0.0000000000 1.0000000000 0.0000000000 631.2000000000
-1.0000000000 0.0000000000 0.0000000000 1880.0000000000
0.0000000000 0.0000000000 0.0000000000 1.0000000000

0.0000000000 0.0000000000 1.0000000000 2276.0000000000
0.0000000000 1.0000000000 0.0000000000 630.8000000000
-1.0000000000 0.0000000000 0.0000000000 1880.0000000000
0.0000000000 0.0000000000 0.0000000000 1.0000000000

0.0000000000 0.0000000000 1.0000000000 2276.0000000000
0.0000000000 1.0000000000 0.0000000000 630.4000000000
-1.0000000000 0.0000000000 0.0000000000 1880.0000000000
0.0000000000 0.0000000000 0.0000000000 1.0000000000

0.0000000000 0.0000000000 1.0000000000 2276.0000000000
0.0000000000 1.0000000000 0.0000000000 630.0000000000
-1.0000000000 0.0000000000 0.0000000000 1880.0000000000
0.0000000000 0.0000000000 0.0000000000 1.0000000000

0.0000000000 0.0000000000 1.0000000000 2276.0000000000
0.0000000000 1.0000000000 0.0000000000 629.6000000000
-1.0000000000 0.0000000000 0.0000000000 1880.0000000000
0.0000000000 0.0000000000 0.0000000000 1.0000000000

0.0000000000 0.0000000000 1.0000000000 2276.0000000000
0.0000000000 1.0000000000 0.0000000000 629.2000000000
-1.0000000000 0.0000000000 0.0000000000 1880.0000000000
0.0000000000 0.0000000000 0.0000000000 1.0000000000

0.0000000000 0.0000000000 1.0000000000 2276.0000000000
0.0000000000 1.0000000000 0.0000000000 628.8000000000
-1.0000000000 0.0000000000 0.0000000000 1880.0000000000
0.0000000000 0.0000000000 0.0000000000 1.0000000000

0.0000000000 0.0000000000 1.0000000000 2276.0000000000
0.0000000000 1.0000000000 0.0000000000 628.4000000000
-1.0000000000 0.0000000000 0.0000000000 1880.0000000000
0.0000000000 0.0000000000 0.0000000000 1.0000000000

0.0000000000 0.0000000000 1.0000000000 2276.0000000000
0.0000000000 1.0000000000 0.0000000000 628.0000000000
-1.0000000000 0.0000000000 0.0000000000 1880.0000000000
0.0000000000 0.0000000000 0.0000000000 1.0000000000

0.0000000000 0.0000000000 1.0000000000 2276.0000000000
0.0000000000 1.0000000000 0.0000000000 627.6000000000
-1.0000000000 0.0000000000 0.0000000000 1880.0000000000
0.0000000000 0.0000000000 0.0000000000 1.0000000000

0.0000000000 0.0000000000 1.0000000000 2276.0000000000
0.0000000000 1.0000000000 0.0000000000 627.2000000000
-1.0000000000 0.0000000000 0.0000000000 1880.0000000000
0.0000000000 0.0000000000 0.0000000000 1.0000000000

0.0000000000 0.0000000000 1.0000000000 2276.0000000000
0.0000000000 1.0000000000 0.0000000000 626.8000000000
-1.0000000000 0.0000000000 0.0000000000 1880.0000000000
0.0000000000 0.0000000000 0.0000000000 1.0000000000

0.0000000000 0.0000000000 1.0000000000 2276.0000000000
0.0000000000 1.0000000000 0.0000000000 626.4000000000
-1.0000000000 0.0000000000 0.0000000000 1880.0000000000
0.0000000000 0.0000000000 0.0000000000 1.0000000000

0.0000000000 0.0000000000 1.0000000000 2276.0000000000
0.0000000000 1.0000000000 0.0000000000 626.0000000000
-1.0000000000 0.0000000000 0.0000000000 1880.0000000000
0.0000000000 0.0000000000 0.0000000000 1.0000000000

0.0000000000 0.0000000000 1.0000000000 2276.0000000000
0.0000000000 1.0000000000 0.0000000000 625.6000000000
-1.0000000000 0.0000000000 0.0000000000 1880.0000000000
0.0000000000 0.0000000000 0.0000000000 1.0000000000

0.0000000000 0.0000000000 1.0000000000 2276.0000000000
0.0000000000 1.0000000000 0.0000000000 625.2000000000
-1.0000000000 0.0000000000 0.0000000000 1880.0000000000
0.0000000000 0.0000000000 0.0000000000 1.0000000000

0.0000000000 0.0000000000 1.0000000000 2276.0000000000
0.0000000000 1.0000000000 0.0000000000 624.8000000000
-1.0000000000 0.0000000000 0.0000000000 1880.0000000000
0.0000000000 0.0000000000 0.0000000000 1.0000000000

0.0000000000 0.0000000000 1.0000000000 2276.0000000000
0.0000000000 1.0000000000 0.0000000000 624.4000000000
-1.0000000000 0.0000000000 0.0000000000 1880.0000000000
0.0000000000 0.0000000000 0.0000000000 1.0000000000

0.0000000000 0.0000000000 1.0000000000 2276.0000000000
0.0000000000 1.0000000000 0.0000000000 624.0000000000
-1.0000000000 0.0000000000 0.0000000000 1880.0000000000
0.0000000000 0.0000000000 0.0000000000 1.0000000000

0.0000000000 0.0000000000 1.0000000000 2276.0000000000
0.0000000000 1.0000000000 0.0000000000 623.6000000000
-1.0000000000 0.0000000000 0.0000000000 1880.0000000000
0.0000000000 0.0000000000 0.0000000000 1.0000000000

0.0000000000 0.0000000000 1.0000000000 2276.0000000000
0.0000000000 1.0000000000 0.0000000000 623.2000000000
-1.0000000000 0.0000000000 0.0000000000 1880.0000000000
0.0000000000 0.0000000000 0.0000000000 1.0000000000

0.0000000000 0.0000000000 1.0000000000 2276.0000000000
0.0000000000 1.0000000000 0.0000000000 622.8000000000
-1.0000000000 0.0000000000 0.0000000000 1880.0000000000
0.0000000000 0.0000000000 0.0000000000 1.0000000000

0.0000000000 0.0000000000 1.0000000000 2276.0000000000
0.0000000000 1.0000000000 0.0000000000 622.4000000000
-1.0000000000 0.0000000000 0.0000000000 1880.0000000000
0.0000000000 0.0000000000 0.0000000000 1.0000000000

0.0000000000 0.0000000000 1.0000000000 2276.0000000000
0.0000000000 1.0000000000 0.0000000000 622.0000000000
-1.0000000000 0.0000000000 0.0000000000 1880.0000000000
0.0000000000 0.0000000000 0.0000000000 1.0000000000

0.0000000000 0.0000000000 1.0000000000 2276.0000000000
0.0000000000 1.0000000000 0.0000000000 621.6000000000
-1.0000000000 0.0000000000 0.0000000000 1880.0000000000
0.0000000000 0.0000000000 0.0000000000 1.0000000000

0.0000000000 0.0000000000 1.0000000000 2276.0000000000
0.0000000000 1.0000000000 0.0000000000 621.2000000000
-1.0000000000 0.0000000000 0.0000000000 1880.0000000000
0.0000000000 0.0000000000 0.0000000000 1.0000000000

0.0000000000 0.0000000000 1.0000000000 2276.0000000000
0.0000000000 1.0000000000 0.0000000000 620.8000000000
-1.0000000000 0.0000000000 0.0000000000 1880.0000000000
0.0000000000 0.0000000000 0.0000000000 1.0000000000

0.0000000000 0.0000000000 1.0000000000 2276.0000000000
0.0000000000 1.0000000000 0.0000000000 620.4000000000
-1.0000000000 0.0000000000 0.0000000000 1880.0000000000
0.0000000000 0.0000000000 0.0000000000 1.0000000000

0.0000000000 0.0000000000 1.0000000000 2276.0000000000
0.0000000000 1.0000000000 0.0000000000 620.0000000000
-1.0000000000 0.0000000000 0.0000000000 1880.0000000000
0.0000000000 0.0000000000 0.0000000000 1.0000000000

0.0000000000 0.0000000000 1.0000000000 2276.0000000000
0.0000000000 1.0000000000 0.0000000000 619.6000000000
-1.0000000000 0.0000000000 0.0000000000 1880.0000000000
0.0000000000 0.0000000000 0.0000000000 1.0000000000

0.0000000000 0.0000000000 1.0000000000 2276.0000000000
0.0000000000 1.0000000000 0.0000000000 619.2000000000
-1.0000000000 0.0000000000 0.0000000000 1880.0000000000
0.0000000000 0.0000000000 0.0000000000 1.0000000000

0.0000000000 0.0000000000 1.0000000000 2276.0000000000
0.0000000000 1.0000000000 0.0000000000 618.8000000000
-1.0000000000 0.0000000000 0.0000000000 1880.0000000000
0.0000000000 0.0000000000 0.0000000000 1.0000000000

0.0000000000 0.0000000000 1.0000000000 2276.0000000000
0.0000000000 1.0000000000 0.0000000000 618.4000000000
-1.0000000000 0.0000000000 0.0000000000 1880.0000000000
0.0000000000 0.0000000000 0.0000000000 1.0000000000

0.0000000000 0.0000000000 1.0000000000 2276.0000000000
0.0000000000 1.0000000000 0.0000000000 618.0000000000
-1.0000000000 0.0000000000 0.0000000000 1880.0000000000
0.0000000000 0.0000000000 0.0000000000 1.0000000000

0.0000000000 0.0000000000 1.0000000000 2276.0000000000
0.0000000000 1.0000000000 0.0000000000 617.6000000000
-1.0000000000 0.0000000000 0.0000000000 1880.0000000000
0.0000000000 0.0000000000 0.0000000000 1.0000000000

0.0000000000 0.0000000000 1.0000000000 2276.0000000000
0.0000000000 1.0000000000 0.0000000000 617.2000000000
-1.0000000000 0.0000000000 0.0000000000 1880.0000000000
0.0000000000 0.0000000000 0.0000000000 1.0000000000

0.0000000000 0.0000000000 1.0000000000 2276.0000000000
0.0000000000 1.0000000000 0.0000000000 616.8000000000
-1.0000000000 0.0000000000 0.0000000000 1880.0000000000
0.0000000000 0.0000000000 0.0000000000 1.0000000000

0.0000000000 0.0000000000 1.0000000000 2276.0000000000
0.0000000000 1.0000000000 0.0000000000 616.4000000000
-1.0000000000 0.0000000000 0.0000000000 1880.0000000000
0.0000000000 0.0000000000 0.0000000000 1.0000000000

0.0000000000 0.0000000000 1.0000000000 2276.0000000000
0.0000000000 1.0000000000 0.0000000000 616.0000000000
-1.0000000000 0.0000000000 0.0000000000 1880.0000000000
0.0000000000 0.0000000000 0.0000000000 1.0000000000

0.0000000000 0.0000000000 1.0000000000 2276.0000000000
0.0000000000 1.0000000000 0.0000000000 615.6000000000
-1.0000000000 0.0000000000 0.0000000000 1880.0000000000
0.0000000000 0.0000000000 0.0000000000 1.0000000000

0.0000000000 0.0000000000 1.0000000000 2276.0000000000
0.0000000000 1.0000000000 0.0000000000 615.2000000000
-1.0000000000 0.0000000000 0.0000000000 1880.0000000000
0.0000000000 0.0000000000 0.0000000000 1.0000000000

0.0000000000 0.0000000000 1.0000000000 2276.0000000000
0.0000000000 1.0000000000 0.0000000000 614.8000000000
-1.0000000000 0.0000000000 0.0000000000 1880.0000000000
0.0000000000 0.0000000000 0.0000000000 1.0000000000

0.0000000000 0.0000000000 1.0000000000 2276.0000000000
0.0000000000 1.0000000000 0.0000000000 614.4000000000
-1.0000000000 0.0000000000 0.0000000000 1880.0000000000
0.0000000000 0.0000000000 0.0000000000 1.0000000000

0.0000000000 0.0000000000 1.0000000000 2276.0000000000
0.0000000000 1.0000000000 0.0000000000 614.0000000000
-1.0000000000 0.0000000000 0.0000000000 1880.0000000000
0.0000000000 0.0000000000 0.0000000000 1.0000000000

0.0000000000 0.0000000000 1.0000000000 2276.0000000000
0.0000000000 1.0000000000 0.0000000000 613.6000000000
-1.0000000000 0.0000000000 0.0000000000 1880.0000000000
0.0000000000 0.0000000000 0.0000000000 1.0000000000

0.0000000000 0.0000000000 1.0000000000 2276.0000000000
0.0000000000 1.0000000000 0.0000000000 613.2000000000
-1.0000000000 0.0000000000 0.0000000000 1880.0000000000
0.0000000000 0.0000000000 0.0000000000 1.0000000000

0.0000000000 0.0000000000 1.0000000000 2276.0000000000
0.0000000000 1.0000000000 0.0000000000 612.8000000000
-1.0000000000 0.0000000000 0.0000000000 1880.0000000000
0.0000000000 0.0000000000 0.0000000000 1.0000000000

0.0000000000 0.0000000000 1.0000000000 2276.0000000000
0.0000000000 1.0000000000 0.0000000000 612.4000000000
-1.0000000000 0.0000000000 0.0000000000 1880.0000000000
0.0000000000 0.0000000000 0.0000000000 1.0000000000

0.0000000000 0.0000000000 1.0000000000 2276.0000000000
0.0000000000 1.0000000000 0.0000000000 612.0000000000
-1.0000000000 0.0000000000 0.0000000000 1880.0000000000
0.0000000000 0.0000000000 0.0000000000 1.0000000000

0.0000000000 0.0000000000 1.0000000000 2276.0000000000
0.0000000000 1.0000000000 0.0000000000 611.6000000000
-1.0000000000 0.0000000000 0.0000000000 1880.0000000000
0.0000000000 0.0000000000 0.0000000000 1.0000000000

0.0000000000 0.0000000000 1.0000000000 2276.0000000000
0.0000000000 1.0000000000 0.0000000000 611.2000000000
-1.0000000000 0.0000000000 0.0000000000 1880.0000000000
0.0000000000 0.0000000000 0.0000000000 1.0000000000

0.0000000000 0.0000000000 1.0000000000 2276.0000000000
0.0000000000 1.0000000000 0.0000000000 610.8000000000
-1.0000000000 0.0000000000 0.0000000000 1880.0000000000
0.0000000000 0.0000000000 0.0000000000 1.0000000000

0.0000000000 0.0000000000 1.0000000000 2276.0000000000
0.0000000000 1.0000000000 0.0000000000 610.4000000000
-1.0000000000 0.0000000000 0.0000000000 1880.0000000000
0.0000000000 0.0000000000 0.0000000000 1.0000000000

0.0000000000 0.0000000000 1.0000000000 2276.0000000000
0.0000000000 1.0000000000 0.0000000000 610.0000000000
-1.0000000000 0.0000000000 0.0000000000 1880.0000000000
0.0000000000 0.0000000000 0.0000000000 1.0000000000

0.0000000000 0.0000000000 1.0000000000 2276.0000000000
0.0000000000 1.0000000000 0.0000000000 609.6000000000
-1.0000000000 0.0000000000 0.0000000000 1880.0000000000
0.0000000000 0.0000000000 0.0000000000 1.0000000000

0.0000000000 0.0000000000 1.0000000000 2276.0000000000
0.0000000000 1.0000000000 0.0000000000 609.2000000000
-1.0000000000 0.0000000000 0.0000000000 1880.0000000000
0.0000000000 0.0000000000 0.0000000000 1.0000000000

0.0000000000 0.0000000000 1.0000000000 2276.0000000000
0.0000000000 1.0000000000 0.0000000000 608.8000000000
-1.0000000000 0.0000000000 0.0000000000 1880.0000000000
0.0000000000 0.0000000000 0.0000000000 1.0000000000

0.0000000000 0.0000000000 1.0000000000 2276.0000000000
0.0000000000 1.0000000000 0.0000000000 608.4000000000
-1.0000000000 0.0000000000 0.0000000000 1880.0000000000
0.0000000000 0.0000000000 0.0000000000 1.0000000000

0.0000000000 0.0000000000 1.0000000000 2276.0000000000
0.0000000000 1.0000000000 0.0000000000 608.0000000000
-1.0000000000 0.0000000000 0.0000000000 1880.0000000000
0.0000000000 0.0000000000 0.0000000000 1.0000000000

0.0000000000 0.0000000000 1.0000000000 2276.0000000000
0.0000000000 1.0000000000 0.0000000000 607.6000000000
-1.0000000000 0.0000000000 0.0000000000 1880.0000000000
0.0000000000 0.0000000000 0.0000000000 1.0000000000

0.0000000000 0.0000000000 1.0000000000 2276.0000000000
0.0000000000 1.0000000000 0.0000000000 607.2000000000
-1.0000000000 0.0000000000 0.0000000000 1880.0000000000
0.0000000000 0.0000000000 0.0000000000 1.0000000000

0.0000000000 0.0000000000 1.0000000000 2276.0000000000
0.0000000000 1.0000000000 0.0000000000 606.8000000000
-1.0000000000 0.0000000000 0.0000000000 1880.0000000000
0.0000000000 0.0000000000 0.0000000000 1.0000000000

0.0000000000 0.0000000000 1.0000000000 2276.0000000000
0.0000000000 1.0000000000 0.0000000000 606.4000000000
-1.0000000000 0.0000000000 0.0000000000 1880.0000000000
0.0000000000 0.0000000000 0.0000000000 1.0000000000

0.0000000000 0.0000000000 1.0000000000 2276.0000000000
0.0000000000 1.0000000000 0.0000000000 606.0000000000
-1.0000000000 0.0000000000 0.0000000000 1880.0000000000
0.0000000000 0.0000000000 0.0000000000 1.0000000000

0.0000000000 0.0000000000 1.0000000000 2276.0000000000
0.0000000000 1.0000000000 0.0000000000 605.6000000000
-1.0000000000 0.0000000000 0.0000000000 1880.0000000000
0.0000000000 0.0000000000 0.0000000000 1.0000000000

0.0000000000 0.0000000000 1.0000000000 2276.0000000000
0.0000000000 1.0000000000 0.0000000000 605.2000000000
-1.0000000000 0.0000000000 0.0000000000 1880.0000000000
0.0000000000 0.0000000000 0.0000000000 1.0000000000

0.0000000000 0.0000000000 1.0000000000 2276.0000000000
0.0000000000 1.0000000000 0.0000000000 604.8000000000
-1.0000000000 0.0000000000 0.0000000000 1880.0000000000
0.0000000000 0.0000000000 0.0000000000 1.0000000000

0.0000000000 0.0000000000 1.0000000000 2276.0000000000
0.0000000000 1.0000000000 0.0000000000 604.4000000000
-1.0000000000 0.0000000000 0.0000000000 1880.0000000000
0.0000000000 0.0000000000 0.0000000000 1.0000000000

0.0000000000 0.0000000000 1.0000000000 2276.0000000000
0.0000000000 1.0000000000 0.0000000000 604.0000000000
-1.0000000000 0.0000000000 0.0000000000 1880.0000000000
0.0000000000 0.0000000000 0.0000000000 1.0000000000

0.0000000000 0.0000000000 1.0000000000 2276.0000000000
0.0000000000 1.0000000000 0.0000000000 603.6000000000
-1.0000000000 0.0000000000 0.0000000000 1880.0000000000
0.0000000000 0.0000000000 0.0000000000 1.0000000000

0.0000000000 0.0000000000 1.0000000000 2276.0000000000
0.0000000000 1.0000000000 0.0000000000 603.2000000000
-1.0000000000 0.0000000000 0.0000000000 1880.0000000000
0.0000000000 0.0000000000 0.0000000000 1.0000000000

0.0000000000 0.0000000000 1.0000000000 2276.0000000000
0.0000000000 1.0000000000 0.0000000000 602.8000000000
-1.0000000000 0.0000000000 0.0000000000 1880.0000000000
0.0000000000 0.0000000000 0.0000000000 1.0000000000

0.0000000000 0.0000000000 1.0000000000 2276.0000000000
0.0000000000 1.0000000000 0.0000000000 602.4000000000
-1.0000000000 0.0000000000 0.0000000000 1880.0000000000
0.0000000000 0.0000000000 0.0000000000 1.0000000000

0.0000000000 0.0000000000 1.0000000000 2276.0000000000
0.0000000000 1.0000000000 0.0000000000 602.0000000000
-1.0000000000 0.0000000000 0.0000000000 1880.0000000000
0.0000000000 0.0000000000 0.0000000000 1.0000000000

0.0000000000 0.0000000000 1.0000000000 2276.0000000000
0.0000000000 1.0000000000 0.0000000000 601.6000000000
-1.0000000000 0.0000000000 0.0000000000 1880.0000000000
0.0000000000 0.0000000000 0.0000000000 1.0000000000

0.0000000000 0.0000000000 1.0000000000 2276.0000000000
0.0000000000 1.0000000000 0.0000000000 601.2000000000
-1.0000000000 0.0000000000 0.0000000000 1880.0000000000
0.0000000000 0.0000000000 0.0000000000 1.0000000000

0.0000000000 0.0000000000 1.0000000000 2276.0000000000
0.0000000000 1.0000000000 0.0000000000 600.8000000000
-1.0000000000 0.0000000000 0.0000000000 1880.0000000000
0.0000000000 0.0000000000 0.0000000000 1.0000000000

0.0000000000 0.0000000000 1.0000000000 2276.0000000000
0.0000000000 1.0000000000 0.0000000000 600.4000000000
-1.0000000000 0.0000000000 0.0000000000 1880.0000000000
0.0000000000 0.0000000000 0.0000000000 1.0000000000

0.0000000000 0.0000000000 1.0000000000 2276.0000000000
0.0000000000 1.0000000000 0.0000000000 600.0000000000
-1.0000000000 0.0000000000 0.0000000000 1880.0000000000
0.0000000000 0.0000000000 0.0000000000 1.0000000000

0.0000000000 0.0000000000 1.0000000000 2276.0000000000
0.0000000000 1.0000000000 0.0000000000 599.6000000000
-1.0000000000 0.0000000000 0.0000000000 1880.0000000000
0.0000000000 0.0000000000 0.0000000000 1.0000000000

0.0000000000 0.0000000000 1.0000000000 2276.0000000000
0.0000000000 1.0000000000 0.0000000000 599.2000000000
-1.0000000000 0.0000000000 0.0000000000 1880.0000000000
0.0000000000 0.0000000000 0.0000000000 1.0000000000

0.0000000000 0.0000000000 1.0000000000 2276.0000000000
0.0000000000 1.0000000000 0.0000000000 598.8000000000
-1.0000000000 0.0000000000 0.0000000000 1880.0000000000
0.0000000000 0.0000000000 0.0000000000 1.0000000000

0.0000000000 0.0000000000 1.0000000000 2276.0000000000
0.0000000000 1.0000000000 0.0000000000 598.4000000000
-1.0000000000 0.0000000000 0.0000000000 1880.0000000000
0.0000000000 0.0000000000 0.0000000000 1.0000000000

0.0000000000 0.0000000000 1.0000000000 2276.0000000000
0.0000000000 1.0000000000 0.0000000000 598.0000000000
-1.0000000000 0.0000000000 0.0000000000 1880.0000000000
0.0000000000 0.0000000000 0.0000000000 1.0000000000

0.0000000000 0.0000000000 1.0000000000 2276.0000000000
0.0000000000 1.0000000000 0.0000000000 597.6000000000
-1.0000000000 0.0000000000 0.0000000000 1880.0000000000
0.0000000000 0.0000000000 0.0000000000 1.0000000000

0.0000000000 0.0000000000 1.0000000000 2276.0000000000
0.0000000000 1.0000000000 0.0000000000 597.2000000000
-1.0000000000 0.0000000000 0.0000000000 1880.0000000000
0.0000000000 0.0000000000 0.0000000000 1.0000000000

0.0000000000 0.0000000000 1.0000000000 2276.0000000000
0.0000000000 1.0000000000 0.0000000000 596.8000000000
-1.0000000000 0.0000000000 0.0000000000 1880.0000000000
0.0000000000 0.0000000000 0.0000000000 1.0000000000

0.0000000000 0.0000000000 1.0000000000 2276.0000000000
0.0000000000 1.0000000000 0.0000000000 596.4000000000
-1.0000000000 0.0000000000 0.0000000000 1880.0000000000
0.0000000000 0.0000000000 0.0000000000 1.0000000000

0.0000000000 0.0000000000 1.0000000000 2276.0000000000
0.0000000000 1.0000000000 0.0000000000 596.0000000000
-1.0000000000 0.0000000000 0.0000000000 1880.0000000000
0.0000000000 0.0000000000 0.0000000000 1.0000000000

0.0000000000 0.0000000000 1.0000000000 2276.0000000000
0.0000000000 1.0000000000 0.0000000000 595.6000000000
-1.0000000000 0.0000000000 0.0000000000 1880.0000000000
0.0000000000 0.0000000000 0.0000000000 1.0000000000

0.0000000000 0.0000000000 1.0000000000 2276.0000000000
0.0000000000 1.0000000000 0.0000000000 595.2000000000
-1.0000000000 0.0000000000 0.0000000000 1880.0000000000
0.0000000000 0.0000000000 0.0000000000 1.0000000000

0.0000000000 0.0000000000 1.0000000000 2276.0000000000
0.0000000000 1.0000000000 0.0000000000 594.8000000000
-1.0000000000 0.0000000000 0.0000000000 1880.0000000000
0.0000000000 0.0000000000 0.0000000000 1.0000000000

0.0000000000 0.0000000000 1.0000000000 2276.0000000000
0.0000000000 1.0000000000 0.0000000000 594.4000000000
-1.0000000000 0.0000000000 0.0000000000 1880.0000000000
0.0000000000 0.0000000000 0.0000000000 1.0000000000

0.0000000000 0.0000000000 1.0000000000 2276.0000000000
0.0000000000 1.0000000000 0.0000000000 594.0000000000
-1.0000000000 0.0000000000 0.0000000000 1880.0000000000
0.0000000000 0.0000000000 0.0000000000 1.0000000000

0.0000000000 0.0000000000 1.0000000000 2276.0000000000
0.0000000000 1.0000000000 0.0000000000 593.6000000000
-1.0000000000 0.0000000000 0.0000000000 1880.0000000000
0.0000000000 0.0000000000 0.0000000000 1.0000000000

0.0000000000 0.0000000000 1.0000000000 2276.0000000000
0.0000000000 1.0000000000 0.0000000000 593.2000000000
-1.0000000000 0.0000000000 0.0000000000 1880.0000000000
0.0000000000 0.0000000000 0.0000000000 1.0000000000

0.0000000000 0.0000000000 1.0000000000 2276.0000000000
0.0000000000 1.0000000000 0.0000000000 592.8000000000
-1.0000000000 0.0000000000 0.0000000000 1880.0000000000
0.0000000000 0.0000000000 0.0000000000 1.0000000000

0.0000000000 0.0000000000 1.0000000000 2276.0000000000
0.0000000000 1.0000000000 0.0000000000 592.4000000000
-1.0000000000 0.0000000000 0.0000000000 1880.0000000000
0.0000000000 0.0000000000 0.0000000000 1.0000000000

0.0000000000 0.0000000000 1.0000000000 2276.0000000000
0.0000000000 1.0000000000 0.0000000000 592.0000000000
-1.0000000000 0.0000000000 0.0000000000 1880.0000000000
0.0000000000 0.0000000000 0.0000000000 1.0000000000

0.0000000000 0.0000000000 1.0000000000 2276.0000000000
0.0000000000 1.0000000000 0.0000000000 591.6000000000
-1.0000000000 0.0000000000 0.0000000000 1880.0000000000
0.0000000000 0.0000000000 0.0000000000 1.0000000000

0.0000000000 0.0000000000 1.0000000000 2276.0000000000
0.0000000000 1.0000000000 0.0000000000 591.2000000000
-1.0000000000 0.0000000000 0.0000000000 1880.0000000000
0.0000000000 0.0000000000 0.0000000000 1.0000000000

0.0000000000 0.0000000000 1.0000000000 2276.0000000000
0.0000000000 1.0000000000 0.0000000000 590.8000000000
-1.0000000000 0.0000000000 0.0000000000 1880.0000000000
0.0000000000 0.0000000000 0.0000000000 1.0000000000

0.0000000000 0.0000000000 1.0000000000 2276.0000000000
0.0000000000 1.0000000000 0.0000000000 590.4000000000
-1.0000000000 0.0000000000 0.0000000000 1880.0000000000
0.0000000000 0.0000000000 0.0000000000 1.0000000000

0.0000000000 0.0000000000 1.0000000000 2276.0000000000
0.0000000000 1.0000000000 0.0000000000 590.0000000000
-1.0000000000 0.0000000000 0.0000000000 1880.0000000000
0.0000000000 0.0000000000 0.0000000000 1.0000000000

0.0000000000 0.0000000000 1.0000000000 2276.0000000000
0.0000000000 1.0000000000 0.0000000000 589.6000000000
-1.0000000000 0.0000000000 0.0000000000 1880.0000000000
0.0000000000 0.0000000000 0.0000000000 1.0000000000

0.0000000000 0.0000000000 1.0000000000 2276.0000000000
0.0000000000 1.0000000000 0.0000000000 589.2000000000
-1.0000000000 0.0000000000 0.0000000000 1880.0000000000
0.0000000000 0.0000000000 0.0000000000 1.0000000000

0.0000000000 0.0000000000 1.0000000000 2276.0000000000
0.0000000000 1.0000000000 0.0000000000 588.8000000000
-1.0000000000 0.0000000000 0.0000000000 1880.0000000000
0.0000000000 0.0000000000 0.0000000000 1.0000000000

0.0000000000 0.0000000000 1.0000000000 2276.0000000000
0.0000000000 1.0000000000 0.0000000000 588.4000000000
-1.0000000000 0.0000000000 0.0000000000 1880.0000000000
0.0000000000 0.0000000000 0.0000000000 1.0000000000

0.0000000000 0.0000000000 1.0000000000 2276.0000000000
0.0000000000 1.0000000000 0.0000000000 588.0000000000
-1.0000000000 0.0000000000 0.0000000000 1880.0000000000
0.0000000000 0.0000000000 0.0000000000 1.0000000000

0.0000000000 0.0000000000 1.0000000000 2276.0000000000
0.0000000000 1.0000000000 0.0000000000 587.6000000000
-1.0000000000 0.0000000000 0.0000000000 1880.0000000000
0.0000000000 0.0000000000 0.0000000000 1.0000000000

0.0000000000 0.0000000000 1.0000000000 2276.0000000000
0.0000000000 1.0000000000 0.0000000000 587.2000000000
-1.0000000000 0.0000000000 0.0000000000 1880.0000000000
0.0000000000 0.0000000000 0.0000000000 1.0000000000

0.0000000000 0.0000000000 1.0000000000 2276.0000000000
0.0000000000 1.0000000000 0.0000000000 586.8000000000
-1.0000000000 0.0000000000 0.0000000000 1880.0000000000
0.0000000000 0.0000000000 0.0000000000 1.0000000000

0.0000000000 0.0000000000 1.0000000000 2276.0000000000
0.0000000000 1.0000000000 0.0000000000 586.4000000000
-1.0000000000 0.0000000000 0.0000000000 1880.0000000000
0.0000000000 0.0000000000 0.0000000000 1.0000000000

0.0000000000 0.0000000000 1.0000000000 2276.0000000000
0.0000000000 1.0000000000 0.0000000000 586.0000000000
-1.0000000000 0.0000000000 0.0000000000 1880.0000000000
0.0000000000 0.0000000000 0.0000000000 1.0000000000

0.0000000000 0.0000000000 1.0000000000 2276.0000000000
0.0000000000 1.0000000000 0.0000000000 585.6000000000
-1.0000000000 0.0000000000 0.0000000000 1880.0000000000
0.0000000000 0.0000000000 0.0000000000 1.0000000000

0.0000000000 0.0000000000 1.0000000000 2276.0000000000
0.0000000000 1.0000000000 0.0000000000 585.2000000000
-1.0000000000 0.0000000000 0.0000000000 1880.0000000000
0.0000000000 0.0000000000 0.0000000000 1.0000000000

0.0000000000 0.0000000000 1.0000000000 2276.0000000000
0.0000000000 1.0000000000 0.0000000000 584.8000000000
-1.0000000000 0.0000000000 0.0000000000 1880.0000000000
0.0000000000 0.0000000000 0.0000000000 1.0000000000

0.0000000000 0.0000000000 1.0000000000 2276.0000000000
0.0000000000 1.0000000000 0.0000000000 584.4000000000
-1.0000000000 0.0000000000 0.0000000000 1880.0000000000
0.0000000000 0.0000000000 0.0000000000 1.0000000000

0.0000000000 0.0000000000 1.0000000000 2276.0000000000
0.0000000000 1.0000000000 0.0000000000 584.0000000000
-1.0000000000 0.0000000000 0.0000000000 1880.0000000000
0.0000000000 0.0000000000 0.0000000000 1.0000000000

0.0000000000 0.0000000000 1.0000000000 2276.0000000000
0.0000000000 1.0000000000 0.0000000000 583.6000000000
-1.0000000000 0.0000000000 0.0000000000 1880.0000000000
0.0000000000 0.0000000000 0.0000000000 1.0000000000

0.0000000000 0.0000000000 1.0000000000 2276.0000000000
0.0000000000 1.0000000000 0.0000000000 583.2000000000
-1.0000000000 0.0000000000 0.0000000000 1880.0000000000
0.0000000000 0.0000000000 0.0000000000 1.0000000000

0.0000000000 0.0000000000 1.0000000000 2276.0000000000
0.0000000000 1.0000000000 0.0000000000 582.8000000000
-1.0000000000 0.0000000000 0.0000000000 1880.0000000000
0.0000000000 0.0000000000 0.0000000000 1.0000000000

0.0000000000 0.0000000000 1.0000000000 2276.0000000000
0.0000000000 1.0000000000 0.0000000000 582.4000000000
-1.0000000000 0.0000000000 0.0000000000 1880.0000000000
0.0000000000 0.0000000000 0.0000000000 1.0000000000

0.0000000000 0.0000000000 1.0000000000 2276.0000000000
0.0000000000 1.0000000000 0.0000000000 582.0000000000
-1.0000000000 0.0000000000 0.0000000000 1880.0000000000
0.0000000000 0.0000000000 0.0000000000 1.0000000000

0.0000000000 0.0000000000 1.0000000000 2276.0000000000
0.0000000000 1.0000000000 0.0000000000 581.6000000000
-1.0000000000 0.0000000000 0.0000000000 1880.0000000000
0.0000000000 0.0000000000 0.0000000000 1.0000000000

0.0000000000 0.0000000000 1.0000000000 2276.0000000000
0.0000000000 1.0000000000 0.0000000000 581.2000000000
-1.0000000000 0.0000000000 0.0000000000 1880.0000000000
0.0000000000 0.0000000000 0.0000000000 1.0000000000

0.0000000000 0.0000000000 1.0000000000 2276.0000000000
0.0000000000 1.0000000000 0.0000000000 580.8000000000
-1.0000000000 0.0000000000 0.0000000000 1880.0000000000
0.0000000000 0.0000000000 0.0000000000 1.0000000000

0.0000000000 0.0000000000 1.0000000000 2276.0000000000
0.0000000000 1.0000000000 0.0000000000 580.4000000000
-1.0000000000 0.0000000000 0.0000000000 1880.0000000000
0.0000000000 0.0000000000 0.0000000000 1.0000000000

0.0000000000 0.0000000000 1.0000000000 2276.0000000000
0.0000000000 1.0000000000 0.0000000000 580.0000000000
-1.0000000000 0.0000000000 0.0000000000 1880.0000000000
0.0000000000 0.0000000000 0.0000000000 1.0000000000

0.0000000000 0.0000000000 1.0000000000 2276.0000000000
0.0000000000 1.0000000000 0.0000000000 579.6000000000
-1.0000000000 0.0000000000 0.0000000000 1880.0000000000
0.0000000000 0.0000000000 0.0000000000 1.0000000000

0.0000000000 0.0000000000 1.0000000000 2276.0000000000
0.0000000000 1.0000000000 0.0000000000 579.2000000000
-1.0000000000 0.0000000000 0.0000000000 1880.0000000000
0.0000000000 0.0000000000 0.0000000000 1.0000000000

0.0000000000 0.0000000000 1.0000000000 2276.0000000000
0.0000000000 1.0000000000 0.0000000000 578.8000000000
-1.0000000000 0.0000000000 0.0000000000 1880.0000000000
0.0000000000 0.0000000000 0.0000000000 1.0000000000

0.0000000000 0.0000000000 1.0000000000 2276.0000000000
0.0000000000 1.0000000000 0.0000000000 578.4000000000
-1.0000000000 0.0000000000 0.0000000000 1880.0000000000
0.0000000000 0.0000000000 0.0000000000 1.0000000000

0.0000000000 0.0000000000 1.0000000000 2276.0000000000
0.0000000000 1.0000000000 0.0000000000 578.0000000000
-1.0000000000 0.0000000000 0.0000000000 1880.0000000000
0.0000000000 0.0000000000 0.0000000000 1.0000000000

0.0000000000 0.0000000000 1.0000000000 2276.0000000000
0.0000000000 1.0000000000 0.0000000000 577.6000000000
-1.0000000000 0.0000000000 0.0000000000 1880.0000000000
0.0000000000 0.0000000000 0.0000000000 1.0000000000

0.0000000000 0.0000000000 1.0000000000 2276.0000000000
0.0000000000 1.0000000000 0.0000000000 577.2000000000
-1.0000000000 0.0000000000 0.0000000000 1880.0000000000
0.0000000000 0.0000000000 0.0000000000 1.0000000000

0.0000000000 0.0000000000 1.0000000000 2276.0000000000
0.0000000000 1.0000000000 0.0000000000 576.8000000000
-1.0000000000 0.0000000000 0.0000000000 1880.0000000000
0.0000000000 0.0000000000 0.0000000000 1.0000000000

0.0000000000 0.0000000000 1.0000000000 2276.0000000000
0.0000000000 1.0000000000 0.0000000000 576.4000000000
-1.0000000000 0.0000000000 0.0000000000 1880.0000000000
0.0000000000 0.0000000000 0.0000000000 1.0000000000

0.0000000000 0.0000000000 1.0000000000 2276.0000000000
0.0000000000 1.0000000000 0.0000000000 576.0000000000
-1.0000000000 0.0000000000 0.0000000000 1880.0000000000
0.0000000000 0.0000000000 0.0000000000 1.0000000000

0.0000000000 0.0000000000 1.0000000000 2276.0000000000
0.0000000000 1.0000000000 0.0000000000 575.6000000000
-1.0000000000 0.0000000000 0.0000000000 1880.0000000000
0.0000000000 0.0000000000 0.0000000000 1.0000000000

0.0000000000 0.0000000000 1.0000000000 2276.0000000000
0.0000000000 1.0000000000 0.0000000000 575.2000000000
-1.0000000000 0.0000000000 0.0000000000 1880.0000000000
0.0000000000 0.0000000000 0.0000000000 1.0000000000

0.0000000000 0.0000000000 1.0000000000 2276.0000000000
0.0000000000 1.0000000000 0.0000000000 574.8000000000
-1.0000000000 0.0000000000 0.0000000000 1880.0000000000
0.0000000000 0.0000000000 0.0000000000 1.0000000000

0.0000000000 0.0000000000 1.0000000000 2276.0000000000
0.0000000000 1.0000000000 0.0000000000 574.4000000000
-1.0000000000 0.0000000000 0.0000000000 1880.0000000000
0.0000000000 0.0000000000 0.0000000000 1.0000000000

0.0000000000 0.0000000000 1.0000000000 2276.0000000000
0.0000000000 1.0000000000 0.0000000000 574.0000000000
-1.0000000000 0.0000000000 0.0000000000 1880.0000000000
0.0000000000 0.0000000000 0.0000000000 1.0000000000

0.0000000000 0.0000000000 1.0000000000 2276.0000000000
0.0000000000 1.0000000000 0.0000000000 573.6000000000
-1.0000000000 0.0000000000 0.0000000000 1880.0000000000
0.0000000000 0.0000000000 0.0000000000 1.0000000000

0.0000000000 0.0000000000 1.0000000000 2276.0000000000
0.0000000000 1.0000000000 0.0000000000 573.2000000000
-1.0000000000 0.0000000000 0.0000000000 1880.0000000000
0.0000000000 0.0000000000 0.0000000000 1.0000000000

0.0000000000 0.0000000000 1.0000000000 2276.0000000000
0.0000000000 1.0000000000 0.0000000000 572.8000000000
-1.0000000000 0.0000000000 0.0000000000 1880.0000000000
0.0000000000 0.0000000000 0.0000000000 1.0000000000

0.0000000000 0.0000000000 1.0000000000 2276.0000000000
0.0000000000 1.0000000000 0.0000000000 572.4000000000
-1.0000000000 0.0000000000 0.0000000000 1880.0000000000
0.0000000000 0.0000000000 0.0000000000 1.0000000000

0.0000000000 0.0000000000 1.0000000000 2276.0000000000
0.0000000000 1.0000000000 0.0000000000 572.0000000000
-1.0000000000 0.0000000000 0.0000000000 1880.0000000000
0.0000000000 0.0000000000 0.0000000000 1.0000000000

0.0000000000 0.0000000000 1.0000000000 2276.0000000000
0.0000000000 1.0000000000 0.0000000000 571.6000000000
-1.0000000000 0.0000000000 0.0000000000 1880.0000000000
0.0000000000 0.0000000000 0.0000000000 1.0000000000

0.0000000000 0.0000000000 1.0000000000 2276.0000000000
0.0000000000 1.0000000000 0.0000000000 571.2000000000
-1.0000000000 0.0000000000 0.0000000000 1880.0000000000
0.0000000000 0.0000000000 0.0000000000 1.0000000000

0.0000000000 0.0000000000 1.0000000000 2276.0000000000
0.0000000000 1.0000000000 0.0000000000 570.8000000000
-1.0000000000 0.0000000000 0.0000000000 1880.0000000000
0.0000000000 0.0000000000 0.0000000000 1.0000000000

0.0000000000 0.0000000000 1.0000000000 2276.0000000000
0.0000000000 1.0000000000 0.0000000000 570.4000000000
-1.0000000000 0.0000000000 0.0000000000 1880.0000000000
0.0000000000 0.0000000000 0.0000000000 1.0000000000

0.0000000000 0.0000000000 1.0000000000 2276.0000000000
0.0000000000 1.0000000000 0.0000000000 570.0000000000
-1.0000000000 0.0000000000 0.0000000000 1880.0000000000
0.0000000000 0.0000000000 0.0000000000 1.0000000000

0.0000000000 0.0000000000 1.0000000000 2276.0000000000
0.0000000000 1.0000000000 0.0000000000 569.6000000000
-1.0000000000 0.0000000000 0.0000000000 1880.0000000000
0.0000000000 0.0000000000 0.0000000000 1.0000000000

0.0000000000 0.0000000000 1.0000000000 2276.0000000000
0.0000000000 1.0000000000 0.0000000000 569.2000000000
-1.0000000000 0.0000000000 0.0000000000 1880.0000000000
0.0000000000 0.0000000000 0.0000000000 1.0000000000

0.0000000000 0.0000000000 1.0000000000 2276.0000000000
0.0000000000 1.0000000000 0.0000000000 568.8000000000
-1.0000000000 0.0000000000 0.0000000000 1880.0000000000
0.0000000000 0.0000000000 0.0000000000 1.0000000000

0.0000000000 0.0000000000 1.0000000000 2276.0000000000
0.0000000000 1.0000000000 0.0000000000 568.4000000000
-1.0000000000 0.0000000000 0.0000000000 1880.0000000000
0.0000000000 0.0000000000 0.0000000000 1.0000000000

0.0000000000 0.0000000000 1.0000000000 2276.0000000000
0.0000000000 1.0000000000 0.0000000000 568.0000000000
-1.0000000000 0.0000000000 0.0000000000 1880.0000000000
0.0000000000 0.0000000000 0.0000000000 1.0000000000

0.0000000000 0.0000000000 1.0000000000 2276.0000000000
0.0000000000 1.0000000000 0.0000000000 567.6000000000
-1.0000000000 0.0000000000 0.0000000000 1880.0000000000
0.0000000000 0.0000000000 0.0000000000 1.0000000000

0.0000000000 0.0000000000 1.0000000000 2276.0000000000
0.0000000000 1.0000000000 0.0000000000 567.2000000000
-1.0000000000 0.0000000000 0.0000000000 1880.0000000000
0.0000000000 0.0000000000 0.0000000000 1.0000000000

0.0000000000 0.0000000000 1.0000000000 2276.0000000000
0.0000000000 1.0000000000 0.0000000000 566.8000000000
-1.0000000000 0.0000000000 0.0000000000 1880.0000000000
0.0000000000 0.0000000000 0.0000000000 1.0000000000

0.0000000000 0.0000000000 1.0000000000 2276.0000000000
0.0000000000 1.0000000000 0.0000000000 566.4000000000
-1.0000000000 0.0000000000 0.0000000000 1880.0000000000
0.0000000000 0.0000000000 0.0000000000 1.0000000000

0.0000000000 0.0000000000 1.0000000000 2276.0000000000
0.0000000000 1.0000000000 0.0000000000 566.0000000000
-1.0000000000 0.0000000000 0.0000000000 1880.0000000000
0.0000000000 0.0000000000 0.0000000000 1.0000000000

0.0000000000 0.0000000000 1.0000000000 2276.0000000000
0.0000000000 1.0000000000 0.0000000000 565.6000000000
-1.0000000000 0.0000000000 0.0000000000 1880.0000000000
0.0000000000 0.0000000000 0.0000000000 1.0000000000

0.0000000000 0.0000000000 1.0000000000 2276.0000000000
0.0000000000 1.0000000000 0.0000000000 565.2000000000
-1.0000000000 0.0000000000 0.0000000000 1880.0000000000
0.0000000000 0.0000000000 0.0000000000 1.0000000000

0.0000000000 0.0000000000 1.0000000000 2276.0000000000
0.0000000000 1.0000000000 0.0000000000 564.8000000000
-1.0000000000 0.0000000000 0.0000000000 1880.0000000000
0.0000000000 0.0000000000 0.0000000000 1.0000000000

0.0000000000 0.0000000000 1.0000000000 2276.0000000000
0.0000000000 1.0000000000 0.0000000000 564.4000000000
-1.0000000000 0.0000000000 0.0000000000 1880.0000000000
0.0000000000 0.0000000000 0.0000000000 1.0000000000

0.0000000000 0.0000000000 1.0000000000 2276.0000000000
0.0000000000 1.0000000000 0.0000000000 564.0000000000
-1.0000000000 0.0000000000 0.0000000000 1880.0000000000
0.0000000000 0.0000000000 0.0000000000 1.0000000000

0.0000000000 0.0000000000 1.0000000000 2276.0000000000
0.0000000000 1.0000000000 0.0000000000 563.6000000000
-1.0000000000 0.0000000000 0.0000000000 1880.0000000000
0.0000000000 0.0000000000 0.0000000000 1.0000000000

0.0000000000 0.0000000000 1.0000000000 2276.0000000000
0.0000000000 1.0000000000 0.0000000000 563.2000000000
-1.0000000000 0.0000000000 0.0000000000 1880.0000000000
0.0000000000 0.0000000000 0.0000000000 1.0000000000

0.0000000000 0.0000000000 1.0000000000 2276.0000000000
0.0000000000 1.0000000000 0.0000000000 562.8000000000
-1.0000000000 0.0000000000 0.0000000000 1880.0000000000
0.0000000000 0.0000000000 0.0000000000 1.0000000000

0.0000000000 0.0000000000 1.0000000000 2276.0000000000
0.0000000000 1.0000000000 0.0000000000 562.4000000000
-1.0000000000 0.0000000000 0.0000000000 1880.0000000000
0.0000000000 0.0000000000 0.0000000000 1.0000000000

0.0000000000 0.0000000000 1.0000000000 2276.0000000000
0.0000000000 1.0000000000 0.0000000000 562.0000000000
-1.0000000000 0.0000000000 0.0000000000 1880.0000000000
0.0000000000 0.0000000000 0.0000000000 1.0000000000

0.0000000000 0.0000000000 1.0000000000 2276.0000000000
0.0000000000 1.0000000000 0.0000000000 561.6000000000
-1.0000000000 0.0000000000 0.0000000000 1880.0000000000
0.0000000000 0.0000000000 0.0000000000 1.0000000000

0.0000000000 0.0000000000 1.0000000000 2276.0000000000
0.0000000000 1.0000000000 0.0000000000 561.2000000000
-1.0000000000 0.0000000000 0.0000000000 1880.0000000000
0.0000000000 0.0000000000 0.0000000000 1.0000000000

0.0000000000 0.0000000000 1.0000000000 2276.0000000000
0.0000000000 1.0000000000 0.0000000000 560.8000000000
-1.0000000000 0.0000000000 0.0000000000 1880.0000000000
0.0000000000 0.0000000000 0.0000000000 1.0000000000

0.0000000000 0.0000000000 1.0000000000 2276.0000000000
0.0000000000 1.0000000000 0.0000000000 560.4000000000
-1.0000000000 0.0000000000 0.0000000000 1880.0000000000
0.0000000000 0.0000000000 0.0000000000 1.0000000000

0.0000000000 0.0000000000 1.0000000000 2276.0000000000
0.0000000000 1.0000000000 0.0000000000 560.0000000000
-1.0000000000 0.0000000000 0.0000000000 1880.0000000000
0.0000000000 0.0000000000 0.0000000000 1.0000000000

0.0000000000 0.0000000000 1.0000000000 2276.0000000000
0.0000000000 1.0000000000 0.0000000000 559.6000000000
-1.0000000000 0.0000000000 0.0000000000 1880.0000000000
0.0000000000 0.0000000000 0.0000000000 1.0000000000

0.0000000000 0.0000000000 1.0000000000 2276.0000000000
0.0000000000 1.0000000000 0.0000000000 559.2000000000
-1.0000000000 0.0000000000 0.0000000000 1880.0000000000
0.0000000000 0.0000000000 0.0000000000 1.0000000000

0.0000000000 0.0000000000 1.0000000000 2276.0000000000
0.0000000000 1.0000000000 0.0000000000 558.8000000000
-1.0000000000 0.0000000000 0.0000000000 1880.0000000000
0.0000000000 0.0000000000 0.0000000000 1.0000000000

0.0000000000 0.0000000000 1.0000000000 2276.0000000000
0.0000000000 1.0000000000 0.0000000000 558.4000000000
-1.0000000000 0.0000000000 0.0000000000 1880.0000000000
0.0000000000 0.0000000000 0.0000000000 1.0000000000

0.0000000000 0.0000000000 1.0000000000 2276.0000000000
0.0000000000 1.0000000000 0.0000000000 558.0000000000
-1.0000000000 0.0000000000 0.0000000000 1880.0000000000
0.0000000000 0.0000000000 0.0000000000 1.0000000000

0.0000000000 0.0000000000 1.0000000000 2276.0000000000
0.0000000000 1.0000000000 0.0000000000 557.6000000000
-1.0000000000 0.0000000000 0.0000000000 1880.0000000000
0.0000000000 0.0000000000 0.0000000000 1.0000000000

0.0000000000 0.0000000000 1.0000000000 2276.0000000000
0.0000000000 1.0000000000 0.0000000000 557.2000000000
-1.0000000000 0.0000000000 0.0000000000 1880.0000000000
0.0000000000 0.0000000000 0.0000000000 1.0000000000

0.0000000000 0.0000000000 1.0000000000 2276.0000000000
0.0000000000 1.0000000000 0.0000000000 556.8000000000
-1.0000000000 0.0000000000 0.0000000000 1880.0000000000
0.0000000000 0.0000000000 0.0000000000 1.0000000000

0.0000000000 0.0000000000 1.0000000000 2276.0000000000
0.0000000000 1.0000000000 0.0000000000 556.4000000000
-1.0000000000 0.0000000000 0.0000000000 1880.0000000000
0.0000000000 0.0000000000 0.0000000000 1.0000000000

0.0000000000 0.0000000000 1.0000000000 2276.0000000000
0.0000000000 1.0000000000 0.0000000000 556.0000000000
-1.0000000000 0.0000000000 0.0000000000 1880.0000000000
0.0000000000 0.0000000000 0.0000000000 1.0000000000

0.0000000000 0.0000000000 1.0000000000 2276.0000000000
0.0000000000 1.0000000000 0.0000000000 555.6000000000
-1.0000000000 0.0000000000 0.0000000000 1880.0000000000
0.0000000000 0.0000000000 0.0000000000 1.0000000000

0.0000000000 0.0000000000 1.0000000000 2276.0000000000
0.0000000000 1.0000000000 0.0000000000 555.2000000000
-1.0000000000 0.0000000000 0.0000000000 1880.0000000000
0.0000000000 0.0000000000 0.0000000000 1.0000000000

0.0000000000 0.0000000000 1.0000000000 2276.0000000000
0.0000000000 1.0000000000 0.0000000000 554.8000000000
-1.0000000000 0.0000000000 0.0000000000 1880.0000000000
0.0000000000 0.0000000000 0.0000000000 1.0000000000

0.0000000000 0.0000000000 1.0000000000 2276.0000000000
0.0000000000 1.0000000000 0.0000000000 554.4000000000
-1.0000000000 0.0000000000 0.0000000000 1880.0000000000
0.0000000000 0.0000000000 0.0000000000 1.0000000000

0.0000000000 0.0000000000 1.0000000000 2276.0000000000
0.0000000000 1.0000000000 0.0000000000 554.0000000000
-1.0000000000 0.0000000000 0.0000000000 1880.0000000000
0.0000000000 0.0000000000 0.0000000000 1.0000000000

0.0000000000 0.0000000000 1.0000000000 2276.0000000000
0.0000000000 1.0000000000 0.0000000000 553.6000000000
-1.0000000000 0.0000000000 0.0000000000 1880.0000000000
0.0000000000 0.0000000000 0.0000000000 1.0000000000

0.0000000000 0.0000000000 1.0000000000 2276.0000000000
0.0000000000 1.0000000000 0.0000000000 553.2000000000
-1.0000000000 0.0000000000 0.0000000000 1880.0000000000
0.0000000000 0.0000000000 0.0000000000 1.0000000000

0.0000000000 0.0000000000 1.0000000000 2276.0000000000
0.0000000000 1.0000000000 0.0000000000 552.8000000000
-1.0000000000 0.0000000000 0.0000000000 1880.0000000000
0.0000000000 0.0000000000 0.0000000000 1.0000000000

0.0000000000 0.0000000000 1.0000000000 2276.0000000000
0.0000000000 1.0000000000 0.0000000000 552.4000000000
-1.0000000000 0.0000000000 0.0000000000 1880.0000000000
0.0000000000 0.0000000000 0.0000000000 1.0000000000

0.0000000000 0.0000000000 1.0000000000 2276.0000000000
0.0000000000 1.0000000000 0.0000000000 552.0000000000
-1.0000000000 0.0000000000 0.0000000000 1880.0000000000
0.0000000000 0.0000000000 0.0000000000 1.0000000000

0.0000000000 0.0000000000 1.0000000000 2276.0000000000
0.0000000000 1.0000000000 0.0000000000 551.6000000000
-1.0000000000 0.0000000000 0.0000000000 1880.0000000000
0.0000000000 0.0000000000 0.0000000000 1.0000000000

0.0000000000 0.0000000000 1.0000000000 2276.0000000000
0.0000000000 1.0000000000 0.0000000000 551.2000000000
-1.0000000000 0.0000000000 0.0000000000 1880.0000000000
0.0000000000 0.0000000000 0.0000000000 1.0000000000

0.0000000000 0.0000000000 1.0000000000 2276.0000000000
0.0000000000 1.0000000000 0.0000000000 550.8000000000
-1.0000000000 0.0000000000 0.0000000000 1880.0000000000
0.0000000000 0.0000000000 0.0000000000 1.0000000000

0.0000000000 0.0000000000 1.0000000000 2276.0000000000
0.0000000000 1.0000000000 0.0000000000 550.4000000000
-1.0000000000 0.0000000000 0.0000000000 1880.0000000000
0.0000000000 0.0000000000 0.0000000000 1.0000000000

0.0000000000 0.0000000000 1.0000000000 2276.0000000000
0.0000000000 1.0000000000 0.0000000000 550.0000000000
-1.0000000000 0.0000000000 0.0000000000 1880.0000000000
0.0000000000 0.0000000000 0.0000000000 1.0000000000

0.0000000000 0.0000000000 1.0000000000 2276.0000000000
0.0000000000 1.0000000000 0.0000000000 549.6000000000
-1.0000000000 0.0000000000 0.0000000000 1880.0000000000
0.0000000000 0.0000000000 0.0000000000 1.0000000000

0.0000000000 0.0000000000 1.0000000000 2276.0000000000
0.0000000000 1.0000000000 0.0000000000 549.2000000000
-1.0000000000 0.0000000000 0.0000000000 1880.0000000000
0.0000000000 0.0000000000 0.0000000000 1.0000000000

0.0000000000 0.0000000000 1.0000000000 2276.0000000000
0.0000000000 1.0000000000 0.0000000000 548.8000000000
-1.0000000000 0.0000000000 0.0000000000 1880.0000000000
0.0000000000 0.0000000000 0.0000000000 1.0000000000

0.0000000000 0.0000000000 1.0000000000 2276.0000000000
0.0000000000 1.0000000000 0.0000000000 548.4000000000
-1.0000000000 0.0000000000 0.0000000000 1880.0000000000
0.0000000000 0.0000000000 0.0000000000 1.0000000000

0.0000000000 0.0000000000 1.0000000000 2276.0000000000
0.0000000000 1.0000000000 0.0000000000 548.0000000000
-1.0000000000 0.0000000000 0.0000000000 1880.0000000000
0.0000000000 0.0000000000 0.0000000000 1.0000000000

0.0000000000 0.0000000000 1.0000000000 2276.0000000000
0.0000000000 1.0000000000 0.0000000000 547.6000000000
-1.0000000000 0.0000000000 0.0000000000 1880.0000000000
0.0000000000 0.0000000000 0.0000000000 1.0000000000

0.0000000000 0.0000000000 1.0000000000 2276.0000000000
0.0000000000 1.0000000000 0.0000000000 547.2000000000
-1.0000000000 0.0000000000 0.0000000000 1880.0000000000
0.0000000000 0.0000000000 0.0000000000 1.0000000000

0.0000000000 0.0000000000 1.0000000000 2276.0000000000
0.0000000000 1.0000000000 0.0000000000 546.8000000000
-1.0000000000 0.0000000000 0.0000000000 1880.0000000000
0.0000000000 0.0000000000 0.0000000000 1.0000000000

0.0000000000 0.0000000000 1.0000000000 2276.0000000000
0.0000000000 1.0000000000 0.0000000000 546.4000000000
-1.0000000000 0.0000000000 0.0000000000 1880.0000000000
0.0000000000 0.0000000000 0.0000000000 1.0000000000

0.0000000000 0.0000000000 1.0000000000 2276.0000000000
0.0000000000 1.0000000000 0.0000000000 546.0000000000
-1.0000000000 0.0000000000 0.0000000000 1880.0000000000
0.0000000000 0.0000000000 0.0000000000 1.0000000000

0.0000000000 0.0000000000 1.0000000000 2276.0000000000
0.0000000000 1.0000000000 0.0000000000 545.6000000000
-1.0000000000 0.0000000000 0.0000000000 1880.0000000000
0.0000000000 0.0000000000 0.0000000000 1.0000000000

0.0000000000 0.0000000000 1.0000000000 2276.0000000000
0.0000000000 1.0000000000 0.0000000000 545.2000000000
-1.0000000000 0.0000000000 0.0000000000 1880.0000000000
0.0000000000 0.0000000000 0.0000000000 1.0000000000

0.0000000000 0.0000000000 1.0000000000 2276.0000000000
0.0000000000 1.0000000000 0.0000000000 544.8000000000
-1.0000000000 0.0000000000 0.0000000000 1880.0000000000
0.0000000000 0.0000000000 0.0000000000 1.0000000000

0.0000000000 0.0000000000 1.0000000000 2276.0000000000
0.0000000000 1.0000000000 0.0000000000 544.4000000000
-1.0000000000 0.0000000000 0.0000000000 1880.0000000000
0.0000000000 0.0000000000 0.0000000000 1.0000000000

0.0000000000 0.0000000000 1.0000000000 2276.0000000000
0.0000000000 1.0000000000 0.0000000000 544.0000000000
-1.0000000000 0.0000000000 0.0000000000 1880.0000000000
0.0000000000 0.0000000000 0.0000000000 1.0000000000

0.0000000000 0.0000000000 1.0000000000 2276.0000000000
0.0000000000 1.0000000000 0.0000000000 543.6000000000
-1.0000000000 0.0000000000 0.0000000000 1880.0000000000
0.0000000000 0.0000000000 0.0000000000 1.0000000000

0.0000000000 0.0000000000 1.0000000000 2276.0000000000
0.0000000000 1.0000000000 0.0000000000 543.2000000000
-1.0000000000 0.0000000000 0.0000000000 1880.0000000000
0.0000000000 0.0000000000 0.0000000000 1.0000000000

0.0000000000 0.0000000000 1.0000000000 2276.0000000000
0.0000000000 1.0000000000 0.0000000000 542.8000000000
-1.0000000000 0.0000000000 0.0000000000 1880.0000000000
0.0000000000 0.0000000000 0.0000000000 1.0000000000

0.0000000000 0.0000000000 1.0000000000 2276.0000000000
0.0000000000 1.0000000000 0.0000000000 542.4000000000
-1.0000000000 0.0000000000 0.0000000000 1880.0000000000
0.0000000000 0.0000000000 0.0000000000 1.0000000000

0.0000000000 0.0000000000 1.0000000000 2276.0000000000
0.0000000000 1.0000000000 0.0000000000 542.0000000000
-1.0000000000 0.0000000000 0.0000000000 1880.0000000000
0.0000000000 0.0000000000 0.0000000000 1.0000000000

0.0000000000 0.0000000000 1.0000000000 2276.0000000000
0.0000000000 1.0000000000 0.0000000000 541.6000000000
-1.0000000000 0.0000000000 0.0000000000 1880.0000000000
0.0000000000 0.0000000000 0.0000000000 1.0000000000

0.0000000000 0.0000000000 1.0000000000 2276.0000000000
0.0000000000 1.0000000000 0.0000000000 541.2000000000
-1.0000000000 0.0000000000 0.0000000000 1880.0000000000
0.0000000000 0.0000000000 0.0000000000 1.0000000000

0.0000000000 0.0000000000 1.0000000000 2276.0000000000
0.0000000000 1.0000000000 0.0000000000 540.8000000000
-1.0000000000 0.0000000000 0.0000000000 1880.0000000000
0.0000000000 0.0000000000 0.0000000000 1.0000000000

0.0000000000 0.0000000000 1.0000000000 2276.0000000000
0.0000000000 1.0000000000 0.0000000000 540.4000000000
-1.0000000000 0.0000000000 0.0000000000 1880.0000000000
0.0000000000 0.0000000000 0.0000000000 1.0000000000

0.0000000000 0.0000000000 1.0000000000 2276.0000000000
0.0000000000 1.0000000000 0.0000000000 540.0000000000
-1.0000000000 0.0000000000 0.0000000000 1880.0000000000
0.0000000000 0.0000000000 0.0000000000 1.0000000000

0.0000000000 0.0000000000 1.0000000000 2276.0000000000
0.0000000000 1.0000000000 0.0000000000 539.6000000000
-1.0000000000 0.0000000000 0.0000000000 1880.0000000000
0.0000000000 0.0000000000 0.0000000000 1.0000000000

0.0000000000 0.0000000000 1.0000000000 2276.0000000000
0.0000000000 1.0000000000 0.0000000000 539.2000000000
-1.0000000000 0.0000000000 0.0000000000 1880.0000000000
0.0000000000 0.0000000000 0.0000000000 1.0000000000

0.0000000000 0.0000000000 1.0000000000 2276.0000000000
0.0000000000 1.0000000000 0.0000000000 538.8000000000
-1.0000000000 0.0000000000 0.0000000000 1880.0000000000
0.0000000000 0.0000000000 0.0000000000 1.0000000000

0.0000000000 0.0000000000 1.0000000000 2276.0000000000
0.0000000000 1.0000000000 0.0000000000 538.4000000000
-1.0000000000 0.0000000000 0.0000000000 1880.0000000000
0.0000000000 0.0000000000 0.0000000000 1.0000000000

0.0000000000 0.0000000000 1.0000000000 2276.0000000000
0.0000000000 1.0000000000 0.0000000000 538.0000000000
-1.0000000000 0.0000000000 0.0000000000 1880.0000000000
0.0000000000 0.0000000000 0.0000000000 1.0000000000

0.0000000000 0.0000000000 1.0000000000 2276.0000000000
0.0000000000 1.0000000000 0.0000000000 537.6000000000
-1.0000000000 0.0000000000 0.0000000000 1880.0000000000
0.0000000000 0.0000000000 0.0000000000 1.0000000000

0.0000000000 0.0000000000 1.0000000000 2276.0000000000
0.0000000000 1.0000000000 0.0000000000 537.2000000000
-1.0000000000 0.0000000000 0.0000000000 1880.0000000000
0.0000000000 0.0000000000 0.0000000000 1.0000000000

0.0000000000 0.0000000000 1.0000000000 2276.0000000000
0.0000000000 1.0000000000 0.0000000000 536.8000000000
-1.0000000000 0.0000000000 0.0000000000 1880.0000000000
0.0000000000 0.0000000000 0.0000000000 1.0000000000

0.0000000000 0.0000000000 1.0000000000 2276.0000000000
0.0000000000 1.0000000000 0.0000000000 536.4000000000
-1.0000000000 0.0000000000 0.0000000000 1880.0000000000
0.0000000000 0.0000000000 0.0000000000 1.0000000000

0.0000000000 0.0000000000 1.0000000000 2276.0000000000
0.0000000000 1.0000000000 0.0000000000 536.0000000000
-1.0000000000 0.0000000000 0.0000000000 1880.0000000000
0.0000000000 0.0000000000 0.0000000000 1.0000000000

0.0000000000 0.0000000000 1.0000000000 2276.0000000000
0.0000000000 1.0000000000 0.0000000000 535.6000000000
-1.0000000000 0.0000000000 0.0000000000 1880.0000000000
0.0000000000 0.0000000000 0.0000000000 1.0000000000

0.0000000000 0.0000000000 1.0000000000 2276.0000000000
0.0000000000 1.0000000000 0.0000000000 535.2000000000
-1.0000000000 0.0000000000 0.0000000000 1880.0000000000
0.0000000000 0.0000000000 0.0000000000 1.0000000000

0.0000000000 0.0000000000 1.0000000000 2276.0000000000
0.0000000000 1.0000000000 0.0000000000 534.8000000000
-1.0000000000 0.0000000000 0.0000000000 1880.0000000000
0.0000000000 0.0000000000 0.0000000000 1.0000000000

0.0000000000 0.0000000000 1.0000000000 2276.0000000000
0.0000000000 1.0000000000 0.0000000000 534.4000000000
-1.0000000000 0.0000000000 0.0000000000 1880.0000000000
0.0000000000 0.0000000000 0.0000000000 1.0000000000

0.0000000000 0.0000000000 1.0000000000 2276.0000000000
0.0000000000 1.0000000000 0.0000000000 534.0000000000
-1.0000000000 0.0000000000 0.0000000000 1880.0000000000
0.0000000000 0.0000000000 0.0000000000 1.0000000000

0.0000000000 0.0000000000 1.0000000000 2276.0000000000
0.0000000000 1.0000000000 0.0000000000 533.6000000000
-1.0000000000 0.0000000000 0.0000000000 1880.0000000000
0.0000000000 0.0000000000 0.0000000000 1.0000000000

0.0000000000 0.0000000000 1.0000000000 2276.0000000000
0.0000000000 1.0000000000 0.0000000000 533.2000000000
-1.0000000000 0.0000000000 0.0000000000 1880.0000000000
0.0000000000 0.0000000000 0.0000000000 1.0000000000

0.0000000000 0.0000000000 1.0000000000 2276.0000000000
0.0000000000 1.0000000000 0.0000000000 532.8000000000
-1.0000000000 0.0000000000 0.0000000000 1880.0000000000
0.0000000000 0.0000000000 0.0000000000 1.0000000000

0.0000000000 0.0000000000 1.0000000000 2276.0000000000
0.0000000000 1.0000000000 0.0000000000 532.4000000000
-1.0000000000 0.0000000000 0.0000000000 1880.0000000000
0.0000000000 0.0000000000 0.0000000000 1.0000000000

0.0000000000 0.0000000000 1.0000000000 2276.0000000000
0.0000000000 1.0000000000 0.0000000000 532.0000000000
-1.0000000000 0.0000000000 0.0000000000 1880.0000000000
0.0000000000 0.0000000000 0.0000000000 1.0000000000

0.0000000000 0.0000000000 1.0000000000 2276.0000000000
0.0000000000 1.0000000000 0.0000000000 531.6000000000
-1.0000000000 0.0000000000 0.0000000000 1880.0000000000
0.0000000000 0.0000000000 0.0000000000 1.0000000000

0.0000000000 0.0000000000 1.0000000000 2276.0000000000
0.0000000000 1.0000000000 0.0000000000 531.2000000000
-1.0000000000 0.0000000000 0.0000000000 1880.0000000000
0.0000000000 0.0000000000 0.0000000000 1.0000000000

0.0000000000 0.0000000000 1.0000000000 2276.0000000000
0.0000000000 1.0000000000 0.0000000000 530.8000000000
-1.0000000000 0.0000000000 0.0000000000 1880.0000000000
0.0000000000 0.0000000000 0.0000000000 1.0000000000

0.0000000000 0.0000000000 1.0000000000 2276.0000000000
0.0000000000 1.0000000000 0.0000000000 530.4000000000
-1.0000000000 0.0000000000 0.0000000000 1880.0000000000
0.0000000000 0.0000000000 0.0000000000 1.0000000000

0.0000000000 0.0000000000 1.0000000000 2276.0000000000
0.0000000000 1.0000000000 0.0000000000 530.0000000000
-1.0000000000 0.0000000000 0.0000000000 1880.0000000000
0.0000000000 0.0000000000 0.0000000000 1.0000000000

0.0000000000 0.0000000000 1.0000000000 2276.0000000000
0.0000000000 1.0000000000 0.0000000000 529.6000000000
-1.0000000000 0.0000000000 0.0000000000 1880.0000000000
0.0000000000 0.0000000000 0.0000000000 1.0000000000

0.0000000000 0.0000000000 1.0000000000 2276.0000000000
0.0000000000 1.0000000000 0.0000000000 529.2000000000
-1.0000000000 0.0000000000 0.0000000000 1880.0000000000
0.0000000000 0.0000000000 0.0000000000 1.0000000000

0.0000000000 0.0000000000 1.0000000000 2276.0000000000
0.0000000000 1.0000000000 0.0000000000 528.8000000000
-1.0000000000 0.0000000000 0.0000000000 1880.0000000000
0.0000000000 0.0000000000 0.0000000000 1.0000000000

0.0000000000 0.0000000000 1.0000000000 2276.0000000000
0.0000000000 1.0000000000 0.0000000000 528.4000000000
-1.0000000000 0.0000000000 0.0000000000 1880.0000000000
0.0000000000 0.0000000000 0.0000000000 1.0000000000

0.0000000000 0.0000000000 1.0000000000 2276.0000000000
0.0000000000 1.0000000000 0.0000000000 528.0000000000
-1.0000000000 0.0000000000 0.0000000000 1880.0000000000
0.0000000000 0.0000000000 0.0000000000 1.0000000000

0.0000000000 0.0000000000 1.0000000000 2276.0000000000
0.0000000000 1.0000000000 0.0000000000 527.6000000000
-1.0000000000 0.0000000000 0.0000000000 1880.0000000000
0.0000000000 0.0000000000 0.0000000000 1.0000000000

0.0000000000 0.0000000000 1.0000000000 2276.0000000000
0.0000000000 1.0000000000 0.0000000000 527.2000000000
-1.0000000000 0.0000000000 0.0000000000 1880.0000000000
0.0000000000 0.0000000000 0.0000000000 1.0000000000

0.0000000000 0.0000000000 1.0000000000 2276.0000000000
0.0000000000 1.0000000000 0.0000000000 526.8000000000
-1.0000000000 0.0000000000 0.0000000000 1880.0000000000
0.0000000000 0.0000000000 0.0000000000 1.0000000000

0.0000000000 0.0000000000 1.0000000000 2276.0000000000
0.0000000000 1.0000000000 0.0000000000 526.4000000000
-1.0000000000 0.0000000000 0.0000000000 1880.0000000000
0.0000000000 0.0000000000 0.0000000000 1.0000000000

0.0000000000 0.0000000000 1.0000000000 2276.0000000000
0.0000000000 1.0000000000 0.0000000000 526.0000000000
-1.0000000000 0.0000000000 0.0000000000 1880.0000000000
0.0000000000 0.0000000000 0.0000000000 1.0000000000

0.0000000000 0.0000000000 1.0000000000 2276.0000000000
0.0000000000 1.0000000000 0.0000000000 525.6000000000
-1.0000000000 0.0000000000 0.0000000000 1880.0000000000
0.0000000000 0.0000000000 0.0000000000 1.0000000000

0.0000000000 0.0000000000 1.0000000000 2276.0000000000
0.0000000000 1.0000000000 0.0000000000 525.2000000000
-1.0000000000 0.0000000000 0.0000000000 1880.0000000000
0.0000000000 0.0000000000 0.0000000000 1.0000000000

0.0000000000 0.0000000000 1.0000000000 2276.0000000000
0.0000000000 1.0000000000 0.0000000000 524.8000000000
-1.0000000000 0.0000000000 0.0000000000 1880.0000000000
0.0000000000 0.0000000000 0.0000000000 1.0000000000

0.0000000000 0.0000000000 1.0000000000 2276.0000000000
0.0000000000 1.0000000000 0.0000000000 524.4000000000
-1.0000000000 0.0000000000 0.0000000000 1880.0000000000
0.0000000000 0.0000000000 0.0000000000 1.0000000000

0.0000000000 0.0000000000 1.0000000000 2276.0000000000
0.0000000000 1.0000000000 0.0000000000 524.0000000000
-1.0000000000 0.0000000000 0.0000000000 1880.0000000000
0.0000000000 0.0000000000 0.0000000000 1.0000000000

0.0000000000 0.0000000000 1.0000000000 2276.0000000000
0.0000000000 1.0000000000 0.0000000000 523.6000000000
-1.0000000000 0.0000000000 0.0000000000 1880.0000000000
0.0000000000 0.0000000000 0.0000000000 1.0000000000

0.0000000000 0.0000000000 1.0000000000 2276.0000000000
0.0000000000 1.0000000000 0.0000000000 523.2000000000
-1.0000000000 0.0000000000 0.0000000000 1880.0000000000
0.0000000000 0.0000000000 0.0000000000 1.0000000000

0.0000000000 0.0000000000 1.0000000000 2276.0000000000
0.0000000000 1.0000000000 0.0000000000 522.8000000000
-1.0000000000 0.0000000000 0.0000000000 1880.0000000000
0.0000000000 0.0000000000 0.0000000000 1.0000000000

0.0000000000 0.0000000000 1.0000000000 2276.0000000000
0.0000000000 1.0000000000 0.0000000000 522.4000000000
-1.0000000000 0.0000000000 0.0000000000 1880.0000000000
0.0000000000 0.0000000000 0.0000000000 1.0000000000

0.0000000000 0.0000000000 1.0000000000 2276.0000000000
0.0000000000 1.0000000000 0.0000000000 522.0000000000
-1.0000000000 0.0000000000 0.0000000000 1880.0000000000
0.0000000000 0.0000000000 0.0000000000 1.0000000000

0.0000000000 0.0000000000 1.0000000000 2276.0000000000
0.0000000000 1.0000000000 0.0000000000 521.6000000000
-1.0000000000 0.0000000000 0.0000000000 1880.0000000000
0.0000000000 0.0000000000 0.0000000000 1.0000000000

0.0000000000 0.0000000000 1.0000000000 2276.0000000000
0.0000000000 1.0000000000 0.0000000000 521.2000000000
-1.0000000000 0.0000000000 0.0000000000 1880.0000000000
0.0000000000 0.0000000000 0.0000000000 1.0000000000

0.0000000000 0.0000000000 1.0000000000 2276.0000000000
0.0000000000 1.0000000000 0.0000000000 520.8000000000
-1.0000000000 0.0000000000 0.0000000000 1880.0000000000
0.0000000000 0.0000000000 0.0000000000 1.0000000000

0.0000000000 0.0000000000 1.0000000000 2276.0000000000
0.0000000000 1.0000000000 0.0000000000 520.4000000000
-1.0000000000 0.0000000000 0.0000000000 1880.0000000000
0.0000000000 0.0000000000 0.0000000000 1.0000000000

0.0000000000 0.0000000000 1.0000000000 2276.0000000000
0.0000000000 1.0000000000 0.0000000000 520.0000000000
-1.0000000000 0.0000000000 0.0000000000 1880.0000000000
0.0000000000 0.0000000000 0.0000000000 1.0000000000

0.0000000000 0.0000000000 1.0000000000 2276.0000000000
0.0000000000 1.0000000000 0.0000000000 519.6000000000
-1.0000000000 0.0000000000 0.0000000000 1880.0000000000
0.0000000000 0.0000000000 0.0000000000 1.0000000000

0.0000000000 0.0000000000 1.0000000000 2276.0000000000
0.0000000000 1.0000000000 0.0000000000 519.2000000000
-1.0000000000 0.0000000000 0.0000000000 1880.0000000000
0.0000000000 0.0000000000 0.0000000000 1.0000000000

0.0000000000 0.0000000000 1.0000000000 2276.0000000000
0.0000000000 1.0000000000 0.0000000000 518.8000000000
-1.0000000000 0.0000000000 0.0000000000 1880.0000000000
0.0000000000 0.0000000000 0.0000000000 1.0000000000

0.0000000000 0.0000000000 1.0000000000 2276.0000000000
0.0000000000 1.0000000000 0.0000000000 518.4000000000
-1.0000000000 0.0000000000 0.0000000000 1880.0000000000
0.0000000000 0.0000000000 0.0000000000 1.0000000000

0.0000000000 0.0000000000 1.0000000000 2276.0000000000
0.0000000000 1.0000000000 0.0000000000 518.0000000000
-1.0000000000 0.0000000000 0.0000000000 1880.0000000000
0.0000000000 0.0000000000 0.0000000000 1.0000000000

0.0000000000 0.0000000000 1.0000000000 2276.0000000000
0.0000000000 1.0000000000 0.0000000000 517.6000000000
-1.0000000000 0.0000000000 0.0000000000 1880.0000000000
0.0000000000 0.0000000000 0.0000000000 1.0000000000

0.0000000000 0.0000000000 1.0000000000 2276.0000000000
0.0000000000 1.0000000000 0.0000000000 517.2000000000
-1.0000000000 0.0000000000 0.0000000000 1880.0000000000
0.0000000000 0.0000000000 0.0000000000 1.0000000000

0.0000000000 0.0000000000 1.0000000000 2276.0000000000
0.0000000000 1.0000000000 0.0000000000 516.8000000000
-1.0000000000 0.0000000000 0.0000000000 1880.0000000000
0.0000000000 0.0000000000 0.0000000000 1.0000000000

0.0000000000 0.0000000000 1.0000000000 2276.0000000000
0.0000000000 1.0000000000 0.0000000000 516.4000000000
-1.0000000000 0.0000000000 0.0000000000 1880.0000000000
0.0000000000 0.0000000000 0.0000000000 1.0000000000

0.0000000000 0.0000000000 1.0000000000 2276.0000000000
0.0000000000 1.0000000000 0.0000000000 516.0000000000
-1.0000000000 0.0000000000 0.0000000000 1880.0000000000
0.0000000000 0.0000000000 0.0000000000 1.0000000000

0.0000000000 0.0000000000 1.0000000000 2276.0000000000
0.0000000000 1.0000000000 0.0000000000 515.6000000000
-1.0000000000 0.0000000000 0.0000000000 1880.0000000000
0.0000000000 0.0000000000 0.0000000000 1.0000000000

0.0000000000 0.0000000000 1.0000000000 2276.0000000000
0.0000000000 1.0000000000 0.0000000000 515.2000000000
-1.0000000000 0.0000000000 0.0000000000 1880.0000000000
0.0000000000 0.0000000000 0.0000000000 1.0000000000

0.0000000000 0.0000000000 1.0000000000 2276.0000000000
0.0000000000 1.0000000000 0.0000000000 514.8000000000
-1.0000000000 0.0000000000 0.0000000000 1880.0000000000
0.0000000000 0.0000000000 0.0000000000 1.0000000000

0.0000000000 0.0000000000 1.0000000000 2276.0000000000
0.0000000000 1.0000000000 0.0000000000 514.4000000000
-1.0000000000 0.0000000000 0.0000000000 1880.0000000000
0.0000000000 0.0000000000 0.0000000000 1.0000000000

0.0000000000 0.0000000000 1.0000000000 2276.0000000000
0.0000000000 1.0000000000 0.0000000000 514.0000000000
-1.0000000000 0.0000000000 0.0000000000 1880.0000000000
0.0000000000 0.0000000000 0.0000000000 1.0000000000

0.0000000000 0.0000000000 1.0000000000 2276.0000000000
0.0000000000 1.0000000000 0.0000000000 513.6000000000
-1.0000000000 0.0000000000 0.0000000000 1880.0000000000
0.0000000000 0.0000000000 0.0000000000 1.0000000000

0.0000000000 0.0000000000 1.0000000000 2276.0000000000
0.0000000000 1.0000000000 0.0000000000 513.2000000000
-1.0000000000 0.0000000000 0.0000000000 1880.0000000000
0.0000000000 0.0000000000 0.0000000000 1.0000000000

0.0000000000 0.0000000000 1.0000000000 2276.0000000000
0.0000000000 1.0000000000 0.0000000000 512.8000000000
-1.0000000000 0.0000000000 0.0000000000 1880.0000000000
0.0000000000 0.0000000000 0.0000000000 1.0000000000

0.0000000000 0.0000000000 1.0000000000 2276.0000000000
0.0000000000 1.0000000000 0.0000000000 512.4000000000
-1.0000000000 0.0000000000 0.0000000000 1880.0000000000
0.0000000000 0.0000000000 0.0000000000 1.0000000000

0.0000000000 0.0000000000 1.0000000000 2276.0000000000
0.0000000000 1.0000000000 0.0000000000 512.0000000000
-1.0000000000 0.0000000000 0.0000000000 1880.0000000000
0.0000000000 0.0000000000 0.0000000000 1.0000000000

0.0000000000 0.0000000000 1.0000000000 2276.0000000000
0.0000000000 1.0000000000 0.0000000000 511.6000000000
-1.0000000000 0.0000000000 0.0000000000 1880.0000000000
0.0000000000 0.0000000000 0.0000000000 1.0000000000

0.0000000000 0.0000000000 1.0000000000 2276.0000000000
0.0000000000 1.0000000000 0.0000000000 511.2000000000
-1.0000000000 0.0000000000 0.0000000000 1880.0000000000
0.0000000000 0.0000000000 0.0000000000 1.0000000000

0.0000000000 0.0000000000 1.0000000000 2276.0000000000
0.0000000000 1.0000000000 0.0000000000 510.8000000000
-1.0000000000 0.0000000000 0.0000000000 1880.0000000000
0.0000000000 0.0000000000 0.0000000000 1.0000000000

0.0000000000 0.0000000000 1.0000000000 2276.0000000000
0.0000000000 1.0000000000 0.0000000000 510.4000000000
-1.0000000000 0.0000000000 0.0000000000 1880.0000000000
0.0000000000 0.0000000000 0.0000000000 1.0000000000

0.0000000000 0.0000000000 1.0000000000 2276.0000000000
0.0000000000 1.0000000000 0.0000000000 510.0000000000
-1.0000000000 0.0000000000 0.0000000000 1880.0000000000
0.0000000000 0.0000000000 0.0000000000 1.0000000000

0.0000000000 0.0000000000 1.0000000000 2276.0000000000
0.0000000000 1.0000000000 0.0000000000 509.6000000000
-1.0000000000 0.0000000000 0.0000000000 1880.0000000000
0.0000000000 0.0000000000 0.0000000000 1.0000000000

0.0000000000 0.0000000000 1.0000000000 2276.0000000000
0.0000000000 1.0000000000 0.0000000000 509.2000000000
-1.0000000000 0.0000000000 0.0000000000 1880.0000000000
0.0000000000 0.0000000000 0.0000000000 1.0000000000

0.0000000000 0.0000000000 1.0000000000 2276.0000000000
0.0000000000 1.0000000000 0.0000000000 508.8000000000
-1.0000000000 0.0000000000 0.0000000000 1880.0000000000
0.0000000000 0.0000000000 0.0000000000 1.0000000000

0.0000000000 0.0000000000 1.0000000000 2276.0000000000
0.0000000000 1.0000000000 0.0000000000 508.4000000000
-1.0000000000 0.0000000000 0.0000000000 1880.0000000000
0.0000000000 0.0000000000 0.0000000000 1.0000000000

0.0000000000 0.0000000000 1.0000000000 2276.0000000000
0.0000000000 1.0000000000 0.0000000000 508.0000000000
-1.0000000000 0.0000000000 0.0000000000 1880.0000000000
0.0000000000 0.0000000000 0.0000000000 1.0000000000

0.0000000000 0.0000000000 1.0000000000 2276.0000000000
0.0000000000 1.0000000000 0.0000000000 507.6000000000
-1.0000000000 0.0000000000 0.0000000000 1880.0000000000
0.0000000000 0.0000000000 0.0000000000 1.0000000000

0.0000000000 0.0000000000 1.0000000000 2276.0000000000
0.0000000000 1.0000000000 0.0000000000 507.2000000000
-1.0000000000 0.0000000000 0.0000000000 1880.0000000000
0.0000000000 0.0000000000 0.0000000000 1.0000000000

0.0000000000 0.0000000000 1.0000000000 2276.0000000000
0.0000000000 1.0000000000 0.0000000000 506.8000000000
-1.0000000000 0.0000000000 0.0000000000 1880.0000000000
0.0000000000 0.0000000000 0.0000000000 1.0000000000

0.0000000000 0.0000000000 1.0000000000 2276.0000000000
0.0000000000 1.0000000000 0.0000000000 506.4000000000
-1.0000000000 0.0000000000 0.0000000000 1880.0000000000
0.0000000000 0.0000000000 0.0000000000 1.0000000000

0.0000000000 0.0000000000 1.0000000000 2276.0000000000
0.0000000000 1.0000000000 0.0000000000 506.0000000000
-1.0000000000 0.0000000000 0.0000000000 1880.0000000000
0.0000000000 0.0000000000 0.0000000000 1.0000000000

0.0000000000 0.0000000000 1.0000000000 2276.0000000000
0.0000000000 1.0000000000 0.0000000000 505.6000000000
-1.0000000000 0.0000000000 0.0000000000 1880.0000000000
0.0000000000 0.0000000000 0.0000000000 1.0000000000

0.0000000000 0.0000000000 1.0000000000 2276.0000000000
0.0000000000 1.0000000000 0.0000000000 505.2000000000
-1.0000000000 0.0000000000 0.0000000000 1880.0000000000
0.0000000000 0.0000000000 0.0000000000 1.0000000000

0.0000000000 0.0000000000 1.0000000000 2276.0000000000
0.0000000000 1.0000000000 0.0000000000 504.8000000000
-1.0000000000 0.0000000000 0.0000000000 1880.0000000000
0.0000000000 0.0000000000 0.0000000000 1.0000000000

0.0000000000 0.0000000000 1.0000000000 2276.0000000000
0.0000000000 1.0000000000 0.0000000000 504.4000000000
-1.0000000000 0.0000000000 0.0000000000 1880.0000000000
0.0000000000 0.0000000000 0.0000000000 1.0000000000

0.0000000000 0.0000000000 1.0000000000 2276.0000000000
0.0000000000 1.0000000000 0.0000000000 504.0000000000
-1.0000000000 0.0000000000 0.0000000000 1880.0000000000
0.0000000000 0.0000000000 0.0000000000 1.0000000000

0.0000000000 0.0000000000 1.0000000000 2276.0000000000
0.0000000000 1.0000000000 0.0000000000 503.6000000000
-1.0000000000 0.0000000000 0.0000000000 1880.0000000000
0.0000000000 0.0000000000 0.0000000000 1.0000000000

0.0000000000 0.0000000000 1.0000000000 2276.0000000000
0.0000000000 1.0000000000 0.0000000000 503.2000000000
-1.0000000000 0.0000000000 0.0000000000 1880.0000000000
0.0000000000 0.0000000000 0.0000000000 1.0000000000

0.0000000000 0.0000000000 1.0000000000 2276.0000000000
0.0000000000 1.0000000000 0.0000000000 502.8000000000
-1.0000000000 0.0000000000 0.0000000000 1880.0000000000
0.0000000000 0.0000000000 0.0000000000 1.0000000000

0.0000000000 0.0000000000 1.0000000000 2276.0000000000
0.0000000000 1.0000000000 0.0000000000 502.4000000000
-1.0000000000 0.0000000000 0.0000000000 1880.0000000000
0.0000000000 0.0000000000 0.0000000000 1.0000000000

0.0000000000 0.0000000000 1.0000000000 2276.0000000000
0.0000000000 1.0000000000 0.0000000000 502.0000000000
-1.0000000000 0.0000000000 0.0000000000 1880.0000000000
0.0000000000 0.0000000000 0.0000000000 1.0000000000

0.0000000000 0.0000000000 1.0000000000 2276.0000000000
0.0000000000 1.0000000000 0.0000000000 501.6000000000
-1.0000000000 0.0000000000 0.0000000000 1880.0000000000
0.0000000000 0.0000000000 0.0000000000 1.0000000000

0.0000000000 0.0000000000 1.0000000000 2276.0000000000
0.0000000000 1.0000000000 0.0000000000 501.2000000000
-1.0000000000 0.0000000000 0.0000000000 1880.0000000000
0.0000000000 0.0000000000 0.0000000000 1.0000000000

0.0000000000 0.0000000000 1.0000000000 2276.0000000000
0.0000000000 1.0000000000 0.0000000000 500.8000000000
-1.0000000000 0.0000000000 0.0000000000 1880.0000000000
0.0000000000 0.0000000000 0.0000000000 1.0000000000

0.0000000000 0.0000000000 1.0000000000 2276.0000000000
0.0000000000 1.0000000000 0.0000000000 500.4000000000
-1.0000000000 0.0000000000 0.0000000000 1880.0000000000
0.0000000000 0.0000000000 0.0000000000 1.0000000000

0.0000000000 0.0000000000 1.0000000000 2276.0000000000
0.0000000000 1.0000000000 0.0000000000 500.0000000000
-1.0000000000 0.0000000000 0.0000000000 1880.0000000000
0.0000000000 0.0000000000 0.0000000000 1.0000000000

0.0000000000 0.0000000000 1.0000000000 2276.0000000000
0.0000000000 1.0000000000 0.0000000000 499.6000000000
-1.0000000000 0.0000000000 0.0000000000 1880.0000000000
0.0000000000 0.0000000000 0.0000000000 1.0000000000

0.0000000000 0.0000000000 1.0000000000 2276.0000000000
0.0000000000 1.0000000000 0.0000000000 499.2000000000
-1.0000000000 0.0000000000 0.0000000000 1880.0000000000
0.0000000000 0.0000000000 0.0000000000 1.0000000000

0.0000000000 0.0000000000 1.0000000000 2276.0000000000
0.0000000000 1.0000000000 0.0000000000 498.8000000000
-1.0000000000 0.0000000000 0.0000000000 1880.0000000000
0.0000000000 0.0000000000 0.0000000000 1.0000000000

0.0000000000 0.0000000000 1.0000000000 2276.0000000000
0.0000000000 1.0000000000 0.0000000000 498.4000000000
-1.0000000000 0.0000000000 0.0000000000 1880.0000000000
0.0000000000 0.0000000000 0.0000000000 1.0000000000

0.0000000000 0.0000000000 1.0000000000 2276.0000000000
0.0000000000 1.0000000000 0.0000000000 498.0000000000
-1.0000000000 0.0000000000 0.0000000000 1880.0000000000
0.0000000000 0.0000000000 0.0000000000 1.0000000000

0.0000000000 0.0000000000 1.0000000000 2276.0000000000
0.0000000000 1.0000000000 0.0000000000 497.6000000000
-1.0000000000 0.0000000000 0.0000000000 1880.0000000000
0.0000000000 0.0000000000 0.0000000000 1.0000000000

0.0000000000 0.0000000000 1.0000000000 2276.0000000000
0.0000000000 1.0000000000 0.0000000000 497.2000000000
-1.0000000000 0.0000000000 0.0000000000 1880.0000000000
0.0000000000 0.0000000000 0.0000000000 1.0000000000

0.0000000000 0.0000000000 1.0000000000 2276.0000000000
0.0000000000 1.0000000000 0.0000000000 496.8000000000
-1.0000000000 0.0000000000 0.0000000000 1880.0000000000
0.0000000000 0.0000000000 0.0000000000 1.0000000000

0.0000000000 0.0000000000 1.0000000000 2276.0000000000
0.0000000000 1.0000000000 0.0000000000 496.4000000000
-1.0000000000 0.0000000000 0.0000000000 1880.0000000000
0.0000000000 0.0000000000 0.0000000000 1.0000000000

0.0000000000 0.0000000000 1.0000000000 2276.0000000000
0.0000000000 1.0000000000 0.0000000000 496.0000000000
-1.0000000000 0.0000000000 0.0000000000 1880.0000000000
0.0000000000 0.0000000000 0.0000000000 1.0000000000

0.0000000000 0.0000000000 1.0000000000 2276.0000000000
0.0000000000 1.0000000000 0.0000000000 495.6000000000
-1.0000000000 0.0000000000 0.0000000000 1880.0000000000
0.0000000000 0.0000000000 0.0000000000 1.0000000000

0.0000000000 0.0000000000 1.0000000000 2276.0000000000
0.0000000000 1.0000000000 0.0000000000 495.2000000000
-1.0000000000 0.0000000000 0.0000000000 1880.0000000000
0.0000000000 0.0000000000 0.0000000000 1.0000000000

0.0000000000 0.0000000000 1.0000000000 2276.0000000000
0.0000000000 1.0000000000 0.0000000000 494.8000000000
-1.0000000000 0.0000000000 0.0000000000 1880.0000000000
0.0000000000 0.0000000000 0.0000000000 1.0000000000

0.0000000000 0.0000000000 1.0000000000 2276.0000000000
0.0000000000 1.0000000000 0.0000000000 494.4000000000
-1.0000000000 0.0000000000 0.0000000000 1880.0000000000
0.0000000000 0.0000000000 0.0000000000 1.0000000000

0.0000000000 0.0000000000 1.0000000000 2276.0000000000
0.0000000000 1.0000000000 0.0000000000 494.0000000000
-1.0000000000 0.0000000000 0.0000000000 1880.0000000000
0.0000000000 0.0000000000 0.0000000000 1.0000000000

0.0000000000 0.0000000000 1.0000000000 2276.0000000000
0.0000000000 1.0000000000 0.0000000000 493.6000000000
-1.0000000000 0.0000000000 0.0000000000 1880.0000000000
0.0000000000 0.0000000000 0.0000000000 1.0000000000

0.0000000000 0.0000000000 1.0000000000 2276.0000000000
0.0000000000 1.0000000000 0.0000000000 493.2000000000
-1.0000000000 0.0000000000 0.0000000000 1880.0000000000
0.0000000000 0.0000000000 0.0000000000 1.0000000000

0.0000000000 0.0000000000 1.0000000000 2276.0000000000
0.0000000000 1.0000000000 0.0000000000 492.8000000000
-1.0000000000 0.0000000000 0.0000000000 1880.0000000000
0.0000000000 0.0000000000 0.0000000000 1.0000000000

0.0000000000 0.0000000000 1.0000000000 2276.0000000000
0.0000000000 1.0000000000 0.0000000000 492.4000000000
-1.0000000000 0.0000000000 0.0000000000 1880.0000000000
0.0000000000 0.0000000000 0.0000000000 1.0000000000

0.0000000000 0.0000000000 1.0000000000 2276.0000000000
0.0000000000 1.0000000000 0.0000000000 492.0000000000
-1.0000000000 0.0000000000 0.0000000000 1880.0000000000
0.0000000000 0.0000000000 0.0000000000 1.0000000000

0.0000000000 0.0000000000 1.0000000000 2276.0000000000
0.0000000000 1.0000000000 0.0000000000 491.6000000000
-1.0000000000 0.0000000000 0.0000000000 1880.0000000000
0.0000000000 0.0000000000 0.0000000000 1.0000000000

0.0000000000 0.0000000000 1.0000000000 2276.0000000000
0.0000000000 1.0000000000 0.0000000000 491.2000000000
-1.0000000000 0.0000000000 0.0000000000 1880.0000000000
0.0000000000 0.0000000000 0.0000000000 1.0000000000

0.0000000000 0.0000000000 1.0000000000 2276.0000000000
0.0000000000 1.0000000000 0.0000000000 490.8000000000
-1.0000000000 0.0000000000 0.0000000000 1880.0000000000
0.0000000000 0.0000000000 0.0000000000 1.0000000000

0.0000000000 0.0000000000 1.0000000000 2276.0000000000
0.0000000000 1.0000000000 0.0000000000 490.4000000000
-1.0000000000 0.0000000000 0.0000000000 1880.0000000000
0.0000000000 0.0000000000 0.0000000000 1.0000000000

0.0000000000 0.0000000000 1.0000000000 2276.0000000000
0.0000000000 1.0000000000 0.0000000000 490.0000000000
-1.0000000000 0.0000000000 0.0000000000 1880.0000000000
0.0000000000 0.0000000000 0.0000000000 1.0000000000

0.0000000000 0.0000000000 1.0000000000 2276.0000000000
0.0000000000 1.0000000000 0.0000000000 489.6000000000
-1.0000000000 0.0000000000 0.0000000000 1880.0000000000
0.0000000000 0.0000000000 0.0000000000 1.0000000000

0.0000000000 0.0000000000 1.0000000000 2276.0000000000
0.0000000000 1.0000000000 0.0000000000 489.2000000000
-1.0000000000 0.0000000000 0.0000000000 1880.0000000000
0.0000000000 0.0000000000 0.0000000000 1.0000000000

0.0000000000 0.0000000000 1.0000000000 2276.0000000000
0.0000000000 1.0000000000 0.0000000000 488.8000000000
-1.0000000000 0.0000000000 0.0000000000 1880.0000000000
0.0000000000 0.0000000000 0.0000000000 1.0000000000

0.0000000000 0.0000000000 1.0000000000 2276.0000000000
0.0000000000 1.0000000000 0.0000000000 488.4000000000
-1.0000000000 0.0000000000 0.0000000000 1880.0000000000
0.0000000000 0.0000000000 0.0000000000 1.0000000000

0.0000000000 0.0000000000 1.0000000000 2276.0000000000
0.0000000000 1.0000000000 0.0000000000 488.0000000000
-1.0000000000 0.0000000000 0.0000000000 1880.0000000000
0.0000000000 0.0000000000 0.0000000000 1.0000000000

0.0000000000 0.0000000000 1.0000000000 2276.0000000000
0.0000000000 1.0000000000 0.0000000000 487.6000000000
-1.0000000000 0.0000000000 0.0000000000 1880.0000000000
0.0000000000 0.0000000000 0.0000000000 1.0000000000

0.0000000000 0.0000000000 1.0000000000 2276.0000000000
0.0000000000 1.0000000000 0.0000000000 487.2000000000
-1.0000000000 0.0000000000 0.0000000000 1880.0000000000
0.0000000000 0.0000000000 0.0000000000 1.0000000000

0.0000000000 0.0000000000 1.0000000000 2276.0000000000
0.0000000000 1.0000000000 0.0000000000 486.8000000000
-1.0000000000 0.0000000000 0.0000000000 1880.0000000000
0.0000000000 0.0000000000 0.0000000000 1.0000000000

0.0000000000 0.0000000000 1.0000000000 2276.0000000000
0.0000000000 1.0000000000 0.0000000000 486.4000000000
-1.0000000000 0.0000000000 0.0000000000 1880.0000000000
0.0000000000 0.0000000000 0.0000000000 1.0000000000

0.0000000000 0.0000000000 1.0000000000 2276.0000000000
0.0000000000 1.0000000000 0.0000000000 486.0000000000
-1.0000000000 0.0000000000 0.0000000000 1880.0000000000
0.0000000000 0.0000000000 0.0000000000 1.0000000000

0.0000000000 0.0000000000 1.0000000000 2276.0000000000
0.0000000000 1.0000000000 0.0000000000 485.6000000000
-1.0000000000 0.0000000000 0.0000000000 1880.0000000000
0.0000000000 0.0000000000 0.0000000000 1.0000000000

0.0000000000 0.0000000000 1.0000000000 2276.0000000000
0.0000000000 1.0000000000 0.0000000000 485.2000000000
-1.0000000000 0.0000000000 0.0000000000 1880.0000000000
0.0000000000 0.0000000000 0.0000000000 1.0000000000

0.0000000000 0.0000000000 1.0000000000 2276.0000000000
0.0000000000 1.0000000000 0.0000000000 484.8000000000
-1.0000000000 0.0000000000 0.0000000000 1880.0000000000
0.0000000000 0.0000000000 0.0000000000 1.0000000000

0.0000000000 0.0000000000 1.0000000000 2276.0000000000
0.0000000000 1.0000000000 0.0000000000 484.4000000000
-1.0000000000 0.0000000000 0.0000000000 1880.0000000000
0.0000000000 0.0000000000 0.0000000000 1.0000000000

0.0000000000 0.0000000000 1.0000000000 2276.0000000000
0.0000000000 1.0000000000 0.0000000000 484.0000000000
-1.0000000000 0.0000000000 0.0000000000 1880.0000000000
0.0000000000 0.0000000000 0.0000000000 1.0000000000

0.0000000000 0.0000000000 1.0000000000 2276.0000000000
0.0000000000 1.0000000000 0.0000000000 483.6000000000
-1.0000000000 0.0000000000 0.0000000000 1880.0000000000
0.0000000000 0.0000000000 0.0000000000 1.0000000000

0.0000000000 0.0000000000 1.0000000000 2276.0000000000
0.0000000000 1.0000000000 0.0000000000 483.2000000000
-1.0000000000 0.0000000000 0.0000000000 1880.0000000000
0.0000000000 0.0000000000 0.0000000000 1.0000000000

0.0000000000 0.0000000000 1.0000000000 2276.0000000000
0.0000000000 1.0000000000 0.0000000000 482.8000000000
-1.0000000000 0.0000000000 0.0000000000 1880.0000000000
0.0000000000 0.0000000000 0.0000000000 1.0000000000

0.0000000000 0.0000000000 1.0000000000 2276.0000000000
0.0000000000 1.0000000000 0.0000000000 482.4000000000
-1.0000000000 0.0000000000 0.0000000000 1880.0000000000
0.0000000000 0.0000000000 0.0000000000 1.0000000000

0.0000000000 0.0000000000 1.0000000000 2276.0000000000
0.0000000000 1.0000000000 0.0000000000 482.0000000000
-1.0000000000 0.0000000000 0.0000000000 1880.0000000000
0.0000000000 0.0000000000 0.0000000000 1.0000000000

0.0000000000 0.0000000000 1.0000000000 2276.0000000000
0.0000000000 1.0000000000 0.0000000000 481.6000000000
-1.0000000000 0.0000000000 0.0000000000 1880.0000000000
0.0000000000 0.0000000000 0.0000000000 1.0000000000

0.0000000000 0.0000000000 1.0000000000 2276.0000000000
0.0000000000 1.0000000000 0.0000000000 481.2000000000
-1.0000000000 0.0000000000 0.0000000000 1880.0000000000
0.0000000000 0.0000000000 0.0000000000 1.0000000000

0.0000000000 0.0000000000 1.0000000000 2276.0000000000
0.0000000000 1.0000000000 0.0000000000 480.8000000000
-1.0000000000 0.0000000000 0.0000000000 1880.0000000000
0.0000000000 0.0000000000 0.0000000000 1.0000000000

0.0000000000 0.0000000000 1.0000000000 2276.0000000000
0.0000000000 1.0000000000 0.0000000000 480.4000000000
-1.0000000000 0.0000000000 0.0000000000 1880.0000000000
0.0000000000 0.0000000000 0.0000000000 1.0000000000

0.0000000000 0.0000000000 1.0000000000 2276.0000000000
0.0000000000 1.0000000000 0.0000000000 480.0000000000
-1.0000000000 0.0000000000 0.0000000000 1880.0000000000
0.0000000000 0.0000000000 0.0000000000 1.0000000000

0.0000000000 0.0000000000 1.0000000000 2276.0000000000
0.0000000000 1.0000000000 0.0000000000 479.6000000000
-1.0000000000 0.0000000000 0.0000000000 1880.0000000000
0.0000000000 0.0000000000 0.0000000000 1.0000000000

0.0000000000 0.0000000000 1.0000000000 2276.0000000000
0.0000000000 1.0000000000 0.0000000000 479.2000000000
-1.0000000000 0.0000000000 0.0000000000 1880.0000000000
0.0000000000 0.0000000000 0.0000000000 1.0000000000

0.0000000000 0.0000000000 1.0000000000 2276.0000000000
0.0000000000 1.0000000000 0.0000000000 478.8000000000
-1.0000000000 0.0000000000 0.0000000000 1880.0000000000
0.0000000000 0.0000000000 0.0000000000 1.0000000000

0.0000000000 0.0000000000 1.0000000000 2276.0000000000
0.0000000000 1.0000000000 0.0000000000 478.4000000000
-1.0000000000 0.0000000000 0.0000000000 1880.0000000000
0.0000000000 0.0000000000 0.0000000000 1.0000000000

0.0000000000 0.0000000000 1.0000000000 2276.0000000000
0.0000000000 1.0000000000 0.0000000000 478.0000000000
-1.0000000000 0.0000000000 0.0000000000 1880.0000000000
0.0000000000 0.0000000000 0.0000000000 1.0000000000

0.0000000000 0.0000000000 1.0000000000 2276.0000000000
0.0000000000 1.0000000000 0.0000000000 477.6000000000
-1.0000000000 0.0000000000 0.0000000000 1880.0000000000
0.0000000000 0.0000000000 0.0000000000 1.0000000000

0.0000000000 0.0000000000 1.0000000000 2276.0000000000
0.0000000000 1.0000000000 0.0000000000 477.2000000000
-1.0000000000 0.0000000000 0.0000000000 1880.0000000000
0.0000000000 0.0000000000 0.0000000000 1.0000000000

0.0000000000 0.0000000000 1.0000000000 2276.0000000000
0.0000000000 1.0000000000 0.0000000000 476.8000000000
-1.0000000000 0.0000000000 0.0000000000 1880.0000000000
0.0000000000 0.0000000000 0.0000000000 1.0000000000

0.0000000000 0.0000000000 1.0000000000 2276.0000000000
0.0000000000 1.0000000000 0.0000000000 476.4000000000
-1.0000000000 0.0000000000 0.0000000000 1880.0000000000
0.0000000000 0.0000000000 0.0000000000 1.0000000000

0.0000000000 0.0000000000 1.0000000000 2276.0000000000
0.0000000000 1.0000000000 0.0000000000 476.0000000000
-1.0000000000 0.0000000000 0.0000000000 1880.0000000000
0.0000000000 0.0000000000 0.0000000000 1.0000000000

0.0000000000 0.0000000000 1.0000000000 2276.0000000000
0.0000000000 1.0000000000 0.0000000000 475.6000000000
-1.0000000000 0.0000000000 0.0000000000 1880.0000000000
0.0000000000 0.0000000000 0.0000000000 1.0000000000

0.0000000000 0.0000000000 1.0000000000 2276.0000000000
0.0000000000 1.0000000000 0.0000000000 475.2000000000
-1.0000000000 0.0000000000 0.0000000000 1880.0000000000
0.0000000000 0.0000000000 0.0000000000 1.0000000000

0.0000000000 0.0000000000 1.0000000000 2276.0000000000
0.0000000000 1.0000000000 0.0000000000 474.8000000000
-1.0000000000 0.0000000000 0.0000000000 1880.0000000000
0.0000000000 0.0000000000 0.0000000000 1.0000000000

0.0000000000 0.0000000000 1.0000000000 2276.0000000000
0.0000000000 1.0000000000 0.0000000000 474.4000000000
-1.0000000000 0.0000000000 0.0000000000 1880.0000000000
0.0000000000 0.0000000000 0.0000000000 1.0000000000

0.0000000000 0.0000000000 1.0000000000 2276.0000000000
0.0000000000 1.0000000000 0.0000000000 474.0000000000
-1.0000000000 0.0000000000 0.0000000000 1880.0000000000
0.0000000000 0.0000000000 0.0000000000 1.0000000000

0.0000000000 0.0000000000 1.0000000000 2276.0000000000
0.0000000000 1.0000000000 0.0000000000 473.6000000000
-1.0000000000 0.0000000000 0.0000000000 1880.0000000000
0.0000000000 0.0000000000 0.0000000000 1.0000000000

0.0000000000 0.0000000000 1.0000000000 2276.0000000000
0.0000000000 1.0000000000 0.0000000000 473.2000000000
-1.0000000000 0.0000000000 0.0000000000 1880.0000000000
0.0000000000 0.0000000000 0.0000000000 1.0000000000

0.0000000000 0.0000000000 1.0000000000 2276.0000000000
0.0000000000 1.0000000000 0.0000000000 472.8000000000
-1.0000000000 0.0000000000 0.0000000000 1880.0000000000
0.0000000000 0.0000000000 0.0000000000 1.0000000000

0.0000000000 0.0000000000 1.0000000000 2276.0000000000
0.0000000000 1.0000000000 0.0000000000 472.4000000000
-1.0000000000 0.0000000000 0.0000000000 1880.0000000000
0.0000000000 0.0000000000 0.0000000000 1.0000000000

0.0000000000 0.0000000000 1.0000000000 2276.0000000000
0.0000000000 1.0000000000 0.0000000000 472.0000000000
-1.0000000000 0.0000000000 0.0000000000 1880.0000000000
0.0000000000 0.0000000000 0.0000000000 1.0000000000

0.0000000000 0.0000000000 1.0000000000 2276.0000000000
0.0000000000 1.0000000000 0.0000000000 471.6000000000
-1.0000000000 0.0000000000 0.0000000000 1880.0000000000
0.0000000000 0.0000000000 0.0000000000 1.0000000000

0.0000000000 0.0000000000 1.0000000000 2276.0000000000
0.0000000000 1.0000000000 0.0000000000 471.2000000000
-1.0000000000 0.0000000000 0.0000000000 1880.0000000000
0.0000000000 0.0000000000 0.0000000000 1.0000000000

0.0000000000 0.0000000000 1.0000000000 2276.0000000000
0.0000000000 1.0000000000 0.0000000000 470.8000000000
-1.0000000000 0.0000000000 0.0000000000 1880.0000000000
0.0000000000 0.0000000000 0.0000000000 1.0000000000

0.0000000000 0.0000000000 1.0000000000 2276.0000000000
0.0000000000 1.0000000000 0.0000000000 470.4000000000
-1.0000000000 0.0000000000 0.0000000000 1880.0000000000
0.0000000000 0.0000000000 0.0000000000 1.0000000000

0.0000000000 0.0000000000 1.0000000000 2276.0000000000
0.0000000000 1.0000000000 0.0000000000 470.0000000000
-1.0000000000 0.0000000000 0.0000000000 1880.0000000000
0.0000000000 0.0000000000 0.0000000000 1.0000000000

0.0000000000 0.0000000000 1.0000000000 2276.0000000000
0.0000000000 1.0000000000 0.0000000000 469.6000000000
-1.0000000000 0.0000000000 0.0000000000 1880.0000000000
0.0000000000 0.0000000000 0.0000000000 1.0000000000

0.0000000000 0.0000000000 1.0000000000 2276.0000000000
0.0000000000 1.0000000000 0.0000000000 469.2000000000
-1.0000000000 0.0000000000 0.0000000000 1880.0000000000
0.0000000000 0.0000000000 0.0000000000 1.0000000000

0.0000000000 0.0000000000 1.0000000000 2276.0000000000
0.0000000000 1.0000000000 0.0000000000 468.8000000000
-1.0000000000 0.0000000000 0.0000000000 1880.0000000000
0.0000000000 0.0000000000 0.0000000000 1.0000000000

0.0000000000 0.0000000000 1.0000000000 2276.0000000000
0.0000000000 1.0000000000 0.0000000000 468.4000000000
-1.0000000000 0.0000000000 0.0000000000 1880.0000000000
0.0000000000 0.0000000000 0.0000000000 1.0000000000

0.0000000000 0.0000000000 1.0000000000 2276.0000000000
0.0000000000 1.0000000000 0.0000000000 468.0000000000
-1.0000000000 0.0000000000 0.0000000000 1880.0000000000
0.0000000000 0.0000000000 0.0000000000 1.0000000000

0.0000000000 0.0000000000 1.0000000000 2276.0000000000
0.0000000000 1.0000000000 0.0000000000 467.6000000000
-1.0000000000 0.0000000000 0.0000000000 1880.0000000000
0.0000000000 0.0000000000 0.0000000000 1.0000000000

0.0000000000 0.0000000000 1.0000000000 2276.0000000000
0.0000000000 1.0000000000 0.0000000000 467.2000000000
-1.0000000000 0.0000000000 0.0000000000 1880.0000000000
0.0000000000 0.0000000000 0.0000000000 1.0000000000

0.0000000000 0.0000000000 1.0000000000 2276.0000000000
0.0000000000 1.0000000000 0.0000000000 466.8000000000
-1.0000000000 0.0000000000 0.0000000000 1880.0000000000
0.0000000000 0.0000000000 0.0000000000 1.0000000000

0.0000000000 0.0000000000 1.0000000000 2276.0000000000
0.0000000000 1.0000000000 0.0000000000 466.4000000000
-1.0000000000 0.0000000000 0.0000000000 1880.0000000000
0.0000000000 0.0000000000 0.0000000000 1.0000000000

0.0000000000 0.0000000000 1.0000000000 2276.0000000000
0.0000000000 1.0000000000 0.0000000000 466.0000000000
-1.0000000000 0.0000000000 0.0000000000 1880.0000000000
0.0000000000 0.0000000000 0.0000000000 1.0000000000

0.0000000000 0.0000000000 1.0000000000 2276.0000000000
0.0000000000 1.0000000000 0.0000000000 465.6000000000
-1.0000000000 0.0000000000 0.0000000000 1880.0000000000
0.0000000000 0.0000000000 0.0000000000 1.0000000000

0.0000000000 0.0000000000 1.0000000000 2276.0000000000
0.0000000000 1.0000000000 0.0000000000 465.2000000000
-1.0000000000 0.0000000000 0.0000000000 1880.0000000000
0.0000000000 0.0000000000 0.0000000000 1.0000000000

0.0000000000 0.0000000000 1.0000000000 2276.0000000000
0.0000000000 1.0000000000 0.0000000000 464.8000000000
-1.0000000000 0.0000000000 0.0000000000 1880.0000000000
0.0000000000 0.0000000000 0.0000000000 1.0000000000

0.0000000000 0.0000000000 1.0000000000 2276.0000000000
0.0000000000 1.0000000000 0.0000000000 464.4000000000
-1.0000000000 0.0000000000 0.0000000000 1880.0000000000
0.0000000000 0.0000000000 0.0000000000 1.0000000000

0.0000000000 0.0000000000 1.0000000000 2276.0000000000
0.0000000000 1.0000000000 0.0000000000 464.0000000000
-1.0000000000 0.0000000000 0.0000000000 1880.0000000000
0.0000000000 0.0000000000 0.0000000000 1.0000000000

0.0000000000 0.0000000000 1.0000000000 2276.0000000000
0.0000000000 1.0000000000 0.0000000000 463.6000000000
-1.0000000000 0.0000000000 0.0000000000 1880.0000000000
0.0000000000 0.0000000000 0.0000000000 1.0000000000

0.0000000000 0.0000000000 1.0000000000 2276.0000000000
0.0000000000 1.0000000000 0.0000000000 463.2000000000
-1.0000000000 0.0000000000 0.0000000000 1880.0000000000
0.0000000000 0.0000000000 0.0000000000 1.0000000000

0.0000000000 0.0000000000 1.0000000000 2276.0000000000
0.0000000000 1.0000000000 0.0000000000 462.8000000000
-1.0000000000 0.0000000000 0.0000000000 1880.0000000000
0.0000000000 0.0000000000 0.0000000000 1.0000000000

0.0000000000 0.0000000000 1.0000000000 2276.0000000000
0.0000000000 1.0000000000 0.0000000000 462.4000000000
-1.0000000000 0.0000000000 0.0000000000 1880.0000000000
0.0000000000 0.0000000000 0.0000000000 1.0000000000

0.0000000000 0.0000000000 1.0000000000 2276.0000000000
0.0000000000 1.0000000000 0.0000000000 462.0000000000
-1.0000000000 0.0000000000 0.0000000000 1880.0000000000
0.0000000000 0.0000000000 0.0000000000 1.0000000000

0.0000000000 0.0000000000 1.0000000000 2276.0000000000
0.0000000000 1.0000000000 0.0000000000 461.6000000000
-1.0000000000 0.0000000000 0.0000000000 1880.0000000000
0.0000000000 0.0000000000 0.0000000000 1.0000000000

0.0000000000 0.0000000000 1.0000000000 2276.0000000000
0.0000000000 1.0000000000 0.0000000000 461.2000000000
-1.0000000000 0.0000000000 0.0000000000 1880.0000000000
0.0000000000 0.0000000000 0.0000000000 1.0000000000

0.0000000000 0.0000000000 1.0000000000 2276.0000000000
0.0000000000 1.0000000000 0.0000000000 460.8000000000
-1.0000000000 0.0000000000 0.0000000000 1880.0000000000
0.0000000000 0.0000000000 0.0000000000 1.0000000000

0.0000000000 0.0000000000 1.0000000000 2276.0000000000
0.0000000000 1.0000000000 0.0000000000 460.4000000000
-1.0000000000 0.0000000000 0.0000000000 1880.0000000000
0.0000000000 0.0000000000 0.0000000000 1.0000000000

0.0000000000 0.0000000000 1.0000000000 2276.0000000000
0.0000000000 1.0000000000 0.0000000000 460.0000000000
-1.0000000000 0.0000000000 0.0000000000 1880.0000000000
0.0000000000 0.0000000000 0.0000000000 1.0000000000

0.0000000000 0.0000000000 1.0000000000 2276.0000000000
0.0000000000 1.0000000000 0.0000000000 459.6000000000
-1.0000000000 0.0000000000 0.0000000000 1880.0000000000
0.0000000000 0.0000000000 0.0000000000 1.0000000000

0.0000000000 0.0000000000 1.0000000000 2276.0000000000
0.0000000000 1.0000000000 0.0000000000 459.2000000000
-1.0000000000 0.0000000000 0.0000000000 1880.0000000000
0.0000000000 0.0000000000 0.0000000000 1.0000000000

0.0000000000 0.0000000000 1.0000000000 2276.0000000000
0.0000000000 1.0000000000 0.0000000000 458.8000000000
-1.0000000000 0.0000000000 0.0000000000 1880.0000000000
0.0000000000 0.0000000000 0.0000000000 1.0000000000

0.0000000000 0.0000000000 1.0000000000 2276.0000000000
0.0000000000 1.0000000000 0.0000000000 458.4000000000
-1.0000000000 0.0000000000 0.0000000000 1880.0000000000
0.0000000000 0.0000000000 0.0000000000 1.0000000000

0.0000000000 0.0000000000 1.0000000000 2276.0000000000
0.0000000000 1.0000000000 0.0000000000 458.0000000000
-1.0000000000 0.0000000000 0.0000000000 1880.0000000000
0.0000000000 0.0000000000 0.0000000000 1.0000000000

0.0000000000 0.0000000000 1.0000000000 2276.0000000000
0.0000000000 1.0000000000 0.0000000000 457.6000000000
-1.0000000000 0.0000000000 0.0000000000 1880.0000000000
0.0000000000 0.0000000000 0.0000000000 1.0000000000

0.0000000000 0.0000000000 1.0000000000 2276.0000000000
0.0000000000 1.0000000000 0.0000000000 457.2000000000
-1.0000000000 0.0000000000 0.0000000000 1880.0000000000
0.0000000000 0.0000000000 0.0000000000 1.0000000000

0.0000000000 0.0000000000 1.0000000000 2276.0000000000
0.0000000000 1.0000000000 0.0000000000 456.8000000000
-1.0000000000 0.0000000000 0.0000000000 1880.0000000000
0.0000000000 0.0000000000 0.0000000000 1.0000000000

0.0000000000 0.0000000000 1.0000000000 2276.0000000000
0.0000000000 1.0000000000 0.0000000000 456.4000000000
-1.0000000000 0.0000000000 0.0000000000 1880.0000000000
0.0000000000 0.0000000000 0.0000000000 1.0000000000

0.0000000000 0.0000000000 1.0000000000 2276.0000000000
0.0000000000 1.0000000000 0.0000000000 456.0000000000
-1.0000000000 0.0000000000 0.0000000000 1880.0000000000
0.0000000000 0.0000000000 0.0000000000 1.0000000000

0.0000000000 0.0000000000 1.0000000000 2276.0000000000
0.0000000000 1.0000000000 0.0000000000 455.6000000000
-1.0000000000 0.0000000000 0.0000000000 1880.0000000000
0.0000000000 0.0000000000 0.0000000000 1.0000000000

0.0000000000 0.0000000000 1.0000000000 2276.0000000000
0.0000000000 1.0000000000 0.0000000000 455.2000000000
-1.0000000000 0.0000000000 0.0000000000 1880.0000000000
0.0000000000 0.0000000000 0.0000000000 1.0000000000

0.0000000000 0.0000000000 1.0000000000 2276.0000000000
0.0000000000 1.0000000000 0.0000000000 454.8000000000
-1.0000000000 0.0000000000 0.0000000000 1880.0000000000
0.0000000000 0.0000000000 0.0000000000 1.0000000000

0.0000000000 0.0000000000 1.0000000000 2276.0000000000
0.0000000000 1.0000000000 0.0000000000 454.4000000000
-1.0000000000 0.0000000000 0.0000000000 1880.0000000000
0.0000000000 0.0000000000 0.0000000000 1.0000000000

0.0000000000 0.0000000000 1.0000000000 2276.0000000000
0.0000000000 1.0000000000 0.0000000000 454.0000000000
-1.0000000000 0.0000000000 0.0000000000 1880.0000000000
0.0000000000 0.0000000000 0.0000000000 1.0000000000

0.0000000000 0.0000000000 1.0000000000 2276.0000000000
0.0000000000 1.0000000000 0.0000000000 453.6000000000
-1.0000000000 0.0000000000 0.0000000000 1880.0000000000
0.0000000000 0.0000000000 0.0000000000 1.0000000000

0.0000000000 0.0000000000 1.0000000000 2276.0000000000
0.0000000000 1.0000000000 0.0000000000 453.2000000000
-1.0000000000 0.0000000000 0.0000000000 1880.0000000000
0.0000000000 0.0000000000 0.0000000000 1.0000000000

0.0000000000 0.0000000000 1.0000000000 2276.0000000000
0.0000000000 1.0000000000 0.0000000000 452.8000000000
-1.0000000000 0.0000000000 0.0000000000 1880.0000000000
0.0000000000 0.0000000000 0.0000000000 1.0000000000

0.0000000000 0.0000000000 1.0000000000 2276.0000000000
0.0000000000 1.0000000000 0.0000000000 452.4000000000
-1.0000000000 0.0000000000 0.0000000000 1880.0000000000
0.0000000000 0.0000000000 0.0000000000 1.0000000000

0.0000000000 0.0000000000 1.0000000000 2276.0000000000
0.0000000000 1.0000000000 0.0000000000 452.0000000000
-1.0000000000 0.0000000000 0.0000000000 1880.0000000000
0.0000000000 0.0000000000 0.0000000000 1.0000000000

0.0000000000 0.0000000000 1.0000000000 2276.0000000000
0.0000000000 1.0000000000 0.0000000000 451.6000000000
-1.0000000000 0.0000000000 0.0000000000 1880.0000000000
0.0000000000 0.0000000000 0.0000000000 1.0000000000

0.0000000000 0.0000000000 1.0000000000 2276.0000000000
0.0000000000 1.0000000000 0.0000000000 451.2000000000
-1.0000000000 0.0000000000 0.0000000000 1880.0000000000
0.0000000000 0.0000000000 0.0000000000 1.0000000000

0.0000000000 0.0000000000 1.0000000000 2276.0000000000
0.0000000000 1.0000000000 0.0000000000 450.8000000000
-1.0000000000 0.0000000000 0.0000000000 1880.0000000000
0.0000000000 0.0000000000 0.0000000000 1.0000000000

0.0000000000 0.0000000000 1.0000000000 2276.0000000000
0.0000000000 1.0000000000 0.0000000000 450.4000000000
-1.0000000000 0.0000000000 0.0000000000 1880.0000000000
0.0000000000 0.0000000000 0.0000000000 1.0000000000

0.0000000000 0.0000000000 1.0000000000 2276.0000000000
0.0000000000 1.0000000000 0.0000000000 450.0000000000
-1.0000000000 0.0000000000 0.0000000000 1880.0000000000
0.0000000000 0.0000000000 0.0000000000 1.0000000000

0.0000000000 0.0000000000 1.0000000000 2276.0000000000
0.0000000000 1.0000000000 0.0000000000 449.6000000000
-1.0000000000 0.0000000000 0.0000000000 1880.0000000000
0.0000000000 0.0000000000 0.0000000000 1.0000000000

0.0000000000 0.0000000000 1.0000000000 2276.0000000000
0.0000000000 1.0000000000 0.0000000000 449.2000000000
-1.0000000000 0.0000000000 0.0000000000 1880.0000000000
0.0000000000 0.0000000000 0.0000000000 1.0000000000

0.0000000000 0.0000000000 1.0000000000 2276.0000000000
0.0000000000 1.0000000000 0.0000000000 448.8000000000
-1.0000000000 0.0000000000 0.0000000000 1880.0000000000
0.0000000000 0.0000000000 0.0000000000 1.0000000000

0.0000000000 0.0000000000 1.0000000000 2276.0000000000
0.0000000000 1.0000000000 0.0000000000 448.4000000000
-1.0000000000 0.0000000000 0.0000000000 1880.0000000000
0.0000000000 0.0000000000 0.0000000000 1.0000000000

0.0000000000 0.0000000000 1.0000000000 2276.0000000000
0.0000000000 1.0000000000 0.0000000000 448.0000000000
-1.0000000000 0.0000000000 0.0000000000 1880.0000000000
0.0000000000 0.0000000000 0.0000000000 1.0000000000

0.0000000000 0.0000000000 1.0000000000 2276.0000000000
0.0000000000 1.0000000000 0.0000000000 447.6000000000
-1.0000000000 0.0000000000 0.0000000000 1880.0000000000
0.0000000000 0.0000000000 0.0000000000 1.0000000000

0.0000000000 0.0000000000 1.0000000000 2276.0000000000
0.0000000000 1.0000000000 0.0000000000 447.2000000000
-1.0000000000 0.0000000000 0.0000000000 1880.0000000000
0.0000000000 0.0000000000 0.0000000000 1.0000000000

0.0000000000 0.0000000000 1.0000000000 2276.0000000000
0.0000000000 1.0000000000 0.0000000000 446.8000000000
-1.0000000000 0.0000000000 0.0000000000 1880.0000000000
0.0000000000 0.0000000000 0.0000000000 1.0000000000

0.0000000000 0.0000000000 1.0000000000 2276.0000000000
0.0000000000 1.0000000000 0.0000000000 446.4000000000
-1.0000000000 0.0000000000 0.0000000000 1880.0000000000
0.0000000000 0.0000000000 0.0000000000 1.0000000000

0.0000000000 0.0000000000 1.0000000000 2276.0000000000
0.0000000000 1.0000000000 0.0000000000 446.0000000000
-1.0000000000 0.0000000000 0.0000000000 1880.0000000000
0.0000000000 0.0000000000 0.0000000000 1.0000000000

0.0000000000 0.0000000000 1.0000000000 2276.0000000000
0.0000000000 1.0000000000 0.0000000000 445.6000000000
-1.0000000000 0.0000000000 0.0000000000 1880.0000000000
0.0000000000 0.0000000000 0.0000000000 1.0000000000

0.0000000000 0.0000000000 1.0000000000 2276.0000000000
0.0000000000 1.0000000000 0.0000000000 445.2000000000
-1.0000000000 0.0000000000 0.0000000000 1880.0000000000
0.0000000000 0.0000000000 0.0000000000 1.0000000000

0.0000000000 0.0000000000 1.0000000000 2276.0000000000
0.0000000000 1.0000000000 0.0000000000 444.8000000000
-1.0000000000 0.0000000000 0.0000000000 1880.0000000000
0.0000000000 0.0000000000 0.0000000000 1.0000000000

0.0000000000 0.0000000000 1.0000000000 2276.0000000000
0.0000000000 1.0000000000 0.0000000000 444.4000000000
-1.0000000000 0.0000000000 0.0000000000 1880.0000000000
0.0000000000 0.0000000000 0.0000000000 1.0000000000

0.0000000000 0.0000000000 1.0000000000 2276.0000000000
0.0000000000 1.0000000000 0.0000000000 444.0000000000
-1.0000000000 0.0000000000 0.0000000000 1880.0000000000
0.0000000000 0.0000000000 0.0000000000 1.0000000000

0.0000000000 0.0000000000 1.0000000000 2276.0000000000
0.0000000000 1.0000000000 0.0000000000 443.6000000000
-1.0000000000 0.0000000000 0.0000000000 1880.0000000000
0.0000000000 0.0000000000 0.0000000000 1.0000000000

0.0000000000 0.0000000000 1.0000000000 2276.0000000000
0.0000000000 1.0000000000 0.0000000000 443.2000000000
-1.0000000000 0.0000000000 0.0000000000 1880.0000000000
0.0000000000 0.0000000000 0.0000000000 1.0000000000

0.0000000000 0.0000000000 1.0000000000 2276.0000000000
0.0000000000 1.0000000000 0.0000000000 442.8000000000
-1.0000000000 0.0000000000 0.0000000000 1880.0000000000
0.0000000000 0.0000000000 0.0000000000 1.0000000000

0.0000000000 0.0000000000 1.0000000000 2276.0000000000
0.0000000000 1.0000000000 0.0000000000 442.4000000000
-1.0000000000 0.0000000000 0.0000000000 1880.0000000000
0.0000000000 0.0000000000 0.0000000000 1.0000000000

0.0000000000 0.0000000000 1.0000000000 2276.0000000000
0.0000000000 1.0000000000 0.0000000000 442.0000000000
-1.0000000000 0.0000000000 0.0000000000 1880.0000000000
0.0000000000 0.0000000000 0.0000000000 1.0000000000

0.0000000000 0.0000000000 1.0000000000 2276.0000000000
0.0000000000 1.0000000000 0.0000000000 441.6000000000
-1.0000000000 0.0000000000 0.0000000000 1880.0000000000
0.0000000000 0.0000000000 0.0000000000 1.0000000000

0.0000000000 0.0000000000 1.0000000000 2276.0000000000
0.0000000000 1.0000000000 0.0000000000 441.2000000000
-1.0000000000 0.0000000000 0.0000000000 1880.0000000000
0.0000000000 0.0000000000 0.0000000000 1.0000000000

0.0000000000 0.0000000000 1.0000000000 2276.0000000000
0.0000000000 1.0000000000 0.0000000000 440.8000000000
-1.0000000000 0.0000000000 0.0000000000 1880.0000000000
0.0000000000 0.0000000000 0.0000000000 1.0000000000

0.0000000000 0.0000000000 1.0000000000 2276.0000000000
0.0000000000 1.0000000000 0.0000000000 440.4000000000
-1.0000000000 0.0000000000 0.0000000000 1880.0000000000
0.0000000000 0.0000000000 0.0000000000 1.0000000000

0.0000000000 0.0000000000 1.0000000000 2276.0000000000
0.0000000000 1.0000000000 0.0000000000 440.0000000000
-1.0000000000 0.0000000000 0.0000000000 1880.0000000000
0.0000000000 0.0000000000 0.0000000000 1.0000000000

0.0000000000 0.0000000000 1.0000000000 2276.0000000000
0.0000000000 1.0000000000 0.0000000000 439.6000000000
-1.0000000000 0.0000000000 0.0000000000 1880.0000000000
0.0000000000 0.0000000000 0.0000000000 1.0000000000

0.0000000000 0.0000000000 1.0000000000 2276.0000000000
0.0000000000 1.0000000000 0.0000000000 439.2000000000
-1.0000000000 0.0000000000 0.0000000000 1880.0000000000
0.0000000000 0.0000000000 0.0000000000 1.0000000000

0.0000000000 0.0000000000 1.0000000000 2276.0000000000
0.0000000000 1.0000000000 0.0000000000 438.8000000000
-1.0000000000 0.0000000000 0.0000000000 1880.0000000000
0.0000000000 0.0000000000 0.0000000000 1.0000000000

0.0000000000 0.0000000000 1.0000000000 2276.0000000000
0.0000000000 1.0000000000 0.0000000000 438.4000000000
-1.0000000000 0.0000000000 0.0000000000 1880.0000000000
0.0000000000 0.0000000000 0.0000000000 1.0000000000

0.0000000000 0.0000000000 1.0000000000 2276.0000000000
0.0000000000 1.0000000000 0.0000000000 438.0000000000
-1.0000000000 0.0000000000 0.0000000000 1880.0000000000
0.0000000000 0.0000000000 0.0000000000 1.0000000000

0.0000000000 0.0000000000 1.0000000000 2276.0000000000
0.0000000000 1.0000000000 0.0000000000 437.6000000000
-1.0000000000 0.0000000000 0.0000000000 1880.0000000000
0.0000000000 0.0000000000 0.0000000000 1.0000000000

0.0000000000 0.0000000000 1.0000000000 2276.0000000000
0.0000000000 1.0000000000 0.0000000000 437.2000000000
-1.0000000000 0.0000000000 0.0000000000 1880.0000000000
0.0000000000 0.0000000000 0.0000000000 1.0000000000

0.0000000000 0.0000000000 1.0000000000 2276.0000000000
0.0000000000 1.0000000000 0.0000000000 436.8000000000
-1.0000000000 0.0000000000 0.0000000000 1880.0000000000
0.0000000000 0.0000000000 0.0000000000 1.0000000000

0.0000000000 0.0000000000 1.0000000000 2276.0000000000
0.0000000000 1.0000000000 0.0000000000 436.4000000000
-1.0000000000 0.0000000000 0.0000000000 1880.0000000000
0.0000000000 0.0000000000 0.0000000000 1.0000000000

0.0000000000 0.0000000000 1.0000000000 2276.0000000000
0.0000000000 1.0000000000 0.0000000000 436.0000000000
-1.0000000000 0.0000000000 0.0000000000 1880.0000000000
0.0000000000 0.0000000000 0.0000000000 1.0000000000

0.0000000000 0.0000000000 1.0000000000 2276.0000000000
0.0000000000 1.0000000000 0.0000000000 435.6000000000
-1.0000000000 0.0000000000 0.0000000000 1880.0000000000
0.0000000000 0.0000000000 0.0000000000 1.0000000000

0.0000000000 0.0000000000 1.0000000000 2276.0000000000
0.0000000000 1.0000000000 0.0000000000 435.2000000000
-1.0000000000 0.0000000000 0.0000000000 1880.0000000000
0.0000000000 0.0000000000 0.0000000000 1.0000000000

0.0000000000 0.0000000000 1.0000000000 2276.0000000000
0.0000000000 1.0000000000 0.0000000000 434.8000000000
-1.0000000000 0.0000000000 0.0000000000 1880.0000000000
0.0000000000 0.0000000000 0.0000000000 1.0000000000

0.0000000000 0.0000000000 1.0000000000 2276.0000000000
0.0000000000 1.0000000000 0.0000000000 434.4000000000
-1.0000000000 0.0000000000 0.0000000000 1880.0000000000
0.0000000000 0.0000000000 0.0000000000 1.0000000000

0.0000000000 0.0000000000 1.0000000000 2276.0000000000
0.0000000000 1.0000000000 0.0000000000 434.0000000000
-1.0000000000 0.0000000000 0.0000000000 1880.0000000000
0.0000000000 0.0000000000 0.0000000000 1.0000000000

0.0000000000 0.0000000000 1.0000000000 2276.0000000000
0.0000000000 1.0000000000 0.0000000000 433.6000000000
-1.0000000000 0.0000000000 0.0000000000 1880.0000000000
0.0000000000 0.0000000000 0.0000000000 1.0000000000

0.0000000000 0.0000000000 1.0000000000 2276.0000000000
0.0000000000 1.0000000000 0.0000000000 433.2000000000
-1.0000000000 0.0000000000 0.0000000000 1880.0000000000
0.0000000000 0.0000000000 0.0000000000 1.0000000000

0.0000000000 0.0000000000 1.0000000000 2276.0000000000
0.0000000000 1.0000000000 0.0000000000 432.8000000000
-1.0000000000 0.0000000000 0.0000000000 1880.0000000000
0.0000000000 0.0000000000 0.0000000000 1.0000000000

0.0000000000 0.0000000000 1.0000000000 2276.0000000000
0.0000000000 1.0000000000 0.0000000000 432.4000000000
-1.0000000000 0.0000000000 0.0000000000 1880.0000000000
0.0000000000 0.0000000000 0.0000000000 1.0000000000

0.0000000000 0.0000000000 1.0000000000 2276.0000000000
0.0000000000 1.0000000000 0.0000000000 432.0000000000
-1.0000000000 0.0000000000 0.0000000000 1880.0000000000
0.0000000000 0.0000000000 0.0000000000 1.0000000000

0.0000000000 0.0000000000 1.0000000000 2276.0000000000
0.0000000000 1.0000000000 0.0000000000 431.6000000000
-1.0000000000 0.0000000000 0.0000000000 1880.0000000000
0.0000000000 0.0000000000 0.0000000000 1.0000000000

0.0000000000 0.0000000000 1.0000000000 2276.0000000000
0.0000000000 1.0000000000 0.0000000000 431.2000000000
-1.0000000000 0.0000000000 0.0000000000 1880.0000000000
0.0000000000 0.0000000000 0.0000000000 1.0000000000

0.0000000000 0.0000000000 1.0000000000 2276.0000000000
0.0000000000 1.0000000000 0.0000000000 430.8000000000
-1.0000000000 0.0000000000 0.0000000000 1880.0000000000
0.0000000000 0.0000000000 0.0000000000 1.0000000000

0.0000000000 0.0000000000 1.0000000000 2276.0000000000
0.0000000000 1.0000000000 0.0000000000 430.4000000000
-1.0000000000 0.0000000000 0.0000000000 1880.0000000000
0.0000000000 0.0000000000 0.0000000000 1.0000000000

0.0000000000 0.0000000000 1.0000000000 2276.0000000000
0.0000000000 1.0000000000 0.0000000000 430.0000000000
-1.0000000000 0.0000000000 0.0000000000 1880.0000000000
0.0000000000 0.0000000000 0.0000000000 1.0000000000

0.0000000000 0.0000000000 1.0000000000 2276.0000000000
0.0000000000 1.0000000000 0.0000000000 429.6000000000
-1.0000000000 0.0000000000 0.0000000000 1880.0000000000
0.0000000000 0.0000000000 0.0000000000 1.0000000000

0.0000000000 0.0000000000 1.0000000000 2276.0000000000
0.0000000000 1.0000000000 0.0000000000 429.2000000000
-1.0000000000 0.0000000000 0.0000000000 1880.0000000000
0.0000000000 0.0000000000 0.0000000000 1.0000000000

0.0000000000 0.0000000000 1.0000000000 2276.0000000000
0.0000000000 1.0000000000 0.0000000000 428.8000000000
-1.0000000000 0.0000000000 0.0000000000 1880.0000000000
0.0000000000 0.0000000000 0.0000000000 1.0000000000

0.0000000000 0.0000000000 1.0000000000 2276.0000000000
0.0000000000 1.0000000000 0.0000000000 428.4000000000
-1.0000000000 0.0000000000 0.0000000000 1880.0000000000
0.0000000000 0.0000000000 0.0000000000 1.0000000000

0.0000000000 0.0000000000 1.0000000000 2276.0000000000
0.0000000000 1.0000000000 0.0000000000 428.0000000000
-1.0000000000 0.0000000000 0.0000000000 1880.0000000000
0.0000000000 0.0000000000 0.0000000000 1.0000000000

0.0000000000 0.0000000000 1.0000000000 2276.0000000000
0.0000000000 1.0000000000 0.0000000000 427.6000000000
-1.0000000000 0.0000000000 0.0000000000 1880.0000000000
0.0000000000 0.0000000000 0.0000000000 1.0000000000

0.0000000000 0.0000000000 1.0000000000 2276.0000000000
0.0000000000 1.0000000000 0.0000000000 427.2000000000
-1.0000000000 0.0000000000 0.0000000000 1880.0000000000
0.0000000000 0.0000000000 0.0000000000 1.0000000000

0.0000000000 0.0000000000 1.0000000000 2276.0000000000
0.0000000000 1.0000000000 0.0000000000 426.8000000000
-1.0000000000 0.0000000000 0.0000000000 1880.0000000000
0.0000000000 0.0000000000 0.0000000000 1.0000000000

0.0000000000 0.0000000000 1.0000000000 2276.0000000000
0.0000000000 1.0000000000 0.0000000000 426.4000000000
-1.0000000000 0.0000000000 0.0000000000 1880.0000000000
0.0000000000 0.0000000000 0.0000000000 1.0000000000

0.0000000000 0.0000000000 1.0000000000 2276.0000000000
0.0000000000 1.0000000000 0.0000000000 426.0000000000
-1.0000000000 0.0000000000 0.0000000000 1880.0000000000
0.0000000000 0.0000000000 0.0000000000 1.0000000000

0.0000000000 0.0000000000 1.0000000000 2276.0000000000
0.0000000000 1.0000000000 0.0000000000 425.6000000000
-1.0000000000 0.0000000000 0.0000000000 1880.0000000000
0.0000000000 0.0000000000 0.0000000000 1.0000000000

0.0000000000 0.0000000000 1.0000000000 2276.0000000000
0.0000000000 1.0000000000 0.0000000000 425.2000000000
-1.0000000000 0.0000000000 0.0000000000 1880.0000000000
0.0000000000 0.0000000000 0.0000000000 1.0000000000

0.0000000000 0.0000000000 1.0000000000 2276.0000000000
0.0000000000 1.0000000000 0.0000000000 424.8000000000
-1.0000000000 0.0000000000 0.0000000000 1880.0000000000
0.0000000000 0.0000000000 0.0000000000 1.0000000000

0.0000000000 0.0000000000 1.0000000000 2276.0000000000
0.0000000000 1.0000000000 0.0000000000 424.4000000000
-1.0000000000 0.0000000000 0.0000000000 1880.0000000000
0.0000000000 0.0000000000 0.0000000000 1.0000000000

0.0000000000 0.0000000000 1.0000000000 2276.0000000000
0.0000000000 1.0000000000 0.0000000000 424.0000000000
-1.0000000000 0.0000000000 0.0000000000 1880.0000000000
0.0000000000 0.0000000000 0.0000000000 1.0000000000

0.0000000000 0.0000000000 1.0000000000 2276.0000000000
0.0000000000 1.0000000000 0.0000000000 423.6000000000
-1.0000000000 0.0000000000 0.0000000000 1880.0000000000
0.0000000000 0.0000000000 0.0000000000 1.0000000000

0.0000000000 0.0000000000 1.0000000000 2276.0000000000
0.0000000000 1.0000000000 0.0000000000 423.2000000000
-1.0000000000 0.0000000000 0.0000000000 1880.0000000000
0.0000000000 0.0000000000 0.0000000000 1.0000000000

0.0000000000 0.0000000000 1.0000000000 2276.0000000000
0.0000000000 1.0000000000 0.0000000000 422.8000000000
-1.0000000000 0.0000000000 0.0000000000 1880.0000000000
0.0000000000 0.0000000000 0.0000000000 1.0000000000

0.0000000000 0.0000000000 1.0000000000 2276.0000000000
0.0000000000 1.0000000000 0.0000000000 422.4000000000
-1.0000000000 0.0000000000 0.0000000000 1880.0000000000
0.0000000000 0.0000000000 0.0000000000 1.0000000000

0.0000000000 0.0000000000 1.0000000000 2276.0000000000
0.0000000000 1.0000000000 0.0000000000 422.0000000000
-1.0000000000 0.0000000000 0.0000000000 1880.0000000000
0.0000000000 0.0000000000 0.0000000000 1.0000000000

0.0000000000 0.0000000000 1.0000000000 2276.0000000000
0.0000000000 1.0000000000 0.0000000000 421.6000000000
-1.0000000000 0.0000000000 0.0000000000 1880.0000000000
0.0000000000 0.0000000000 0.0000000000 1.0000000000

0.0000000000 0.0000000000 1.0000000000 2276.0000000000
0.0000000000 1.0000000000 0.0000000000 421.2000000000
-1.0000000000 0.0000000000 0.0000000000 1880.0000000000
0.0000000000 0.0000000000 0.0000000000 1.0000000000

0.0000000000 0.0000000000 1.0000000000 2276.0000000000
0.0000000000 1.0000000000 0.0000000000 420.8000000000
-1.0000000000 0.0000000000 0.0000000000 1880.0000000000
0.0000000000 0.0000000000 0.0000000000 1.0000000000

0.0000000000 0.0000000000 1.0000000000 2276.0000000000
0.0000000000 1.0000000000 0.0000000000 420.4000000000
-1.0000000000 0.0000000000 0.0000000000 1880.0000000000
0.0000000000 0.0000000000 0.0000000000 1.0000000000

0.0000000000 0.0000000000 1.0000000000 2276.0000000000
0.0000000000 1.0000000000 0.0000000000 420.0000000000
-1.0000000000 0.0000000000 0.0000000000 1880.0000000000
0.0000000000 0.0000000000 0.0000000000 1.0000000000

0.0000000000 0.0000000000 1.0000000000 2276.0000000000
0.0000000000 1.0000000000 0.0000000000 419.6000000000
-1.0000000000 0.0000000000 0.0000000000 1880.0000000000
0.0000000000 0.0000000000 0.0000000000 1.0000000000

0.0000000000 0.0000000000 1.0000000000 2276.0000000000
0.0000000000 1.0000000000 0.0000000000 419.2000000000
-1.0000000000 0.0000000000 0.0000000000 1880.0000000000
0.0000000000 0.0000000000 0.0000000000 1.0000000000

0.0000000000 0.0000000000 1.0000000000 2276.0000000000
0.0000000000 1.0000000000 0.0000000000 418.8000000000
-1.0000000000 0.0000000000 0.0000000000 1880.0000000000
0.0000000000 0.0000000000 0.0000000000 1.0000000000

0.0000000000 0.0000000000 1.0000000000 2276.0000000000
0.0000000000 1.0000000000 0.0000000000 418.4000000000
-1.0000000000 0.0000000000 0.0000000000 1880.0000000000
0.0000000000 0.0000000000 0.0000000000 1.0000000000

0.0000000000 0.0000000000 1.0000000000 2276.0000000000
0.0000000000 1.0000000000 0.0000000000 418.0000000000
-1.0000000000 0.0000000000 0.0000000000 1880.0000000000
0.0000000000 0.0000000000 0.0000000000 1.0000000000

0.0000000000 0.0000000000 1.0000000000 2276.0000000000
0.0000000000 1.0000000000 0.0000000000 417.6000000000
-1.0000000000 0.0000000000 0.0000000000 1880.0000000000
0.0000000000 0.0000000000 0.0000000000 1.0000000000

0.0000000000 0.0000000000 1.0000000000 2276.0000000000
0.0000000000 1.0000000000 0.0000000000 417.2000000000
-1.0000000000 0.0000000000 0.0000000000 1880.0000000000
0.0000000000 0.0000000000 0.0000000000 1.0000000000

0.0000000000 0.0000000000 1.0000000000 2276.0000000000
0.0000000000 1.0000000000 0.0000000000 416.8000000000
-1.0000000000 0.0000000000 0.0000000000 1880.0000000000
0.0000000000 0.0000000000 0.0000000000 1.0000000000

0.0000000000 0.0000000000 1.0000000000 2276.0000000000
0.0000000000 1.0000000000 0.0000000000 416.4000000000
-1.0000000000 0.0000000000 0.0000000000 1880.0000000000
0.0000000000 0.0000000000 0.0000000000 1.0000000000

0.0000000000 0.0000000000 1.0000000000 2276.0000000000
0.0000000000 1.0000000000 0.0000000000 416.0000000000
-1.0000000000 0.0000000000 0.0000000000 1880.0000000000
0.0000000000 0.0000000000 0.0000000000 1.0000000000

0.0000000000 0.0000000000 1.0000000000 2276.0000000000
0.0000000000 1.0000000000 0.0000000000 415.6000000000
-1.0000000000 0.0000000000 0.0000000000 1880.0000000000
0.0000000000 0.0000000000 0.0000000000 1.0000000000

0.0000000000 0.0000000000 1.0000000000 2276.0000000000
0.0000000000 1.0000000000 0.0000000000 415.2000000000
-1.0000000000 0.0000000000 0.0000000000 1880.0000000000
0.0000000000 0.0000000000 0.0000000000 1.0000000000

0.0000000000 0.0000000000 1.0000000000 2276.0000000000
0.0000000000 1.0000000000 0.0000000000 414.8000000000
-1.0000000000 0.0000000000 0.0000000000 1880.0000000000
0.0000000000 0.0000000000 0.0000000000 1.0000000000

0.0000000000 0.0000000000 1.0000000000 2276.0000000000
0.0000000000 1.0000000000 0.0000000000 414.4000000000
-1.0000000000 0.0000000000 0.0000000000 1880.0000000000
0.0000000000 0.0000000000 0.0000000000 1.0000000000

0.0000000000 0.0000000000 1.0000000000 2276.0000000000
0.0000000000 1.0000000000 0.0000000000 414.0000000000
-1.0000000000 0.0000000000 0.0000000000 1880.0000000000
0.0000000000 0.0000000000 0.0000000000 1.0000000000

0.0000000000 0.0000000000 1.0000000000 2276.0000000000
0.0000000000 1.0000000000 0.0000000000 413.6000000000
-1.0000000000 0.0000000000 0.0000000000 1880.0000000000
0.0000000000 0.0000000000 0.0000000000 1.0000000000

0.0000000000 0.0000000000 1.0000000000 2276.0000000000
0.0000000000 1.0000000000 0.0000000000 413.2000000000
-1.0000000000 0.0000000000 0.0000000000 1880.0000000000
0.0000000000 0.0000000000 0.0000000000 1.0000000000

0.0000000000 0.0000000000 1.0000000000 2276.0000000000
0.0000000000 1.0000000000 0.0000000000 412.8000000000
-1.0000000000 0.0000000000 0.0000000000 1880.0000000000
0.0000000000 0.0000000000 0.0000000000 1.0000000000

0.0000000000 0.0000000000 1.0000000000 2276.0000000000
0.0000000000 1.0000000000 0.0000000000 412.4000000000
-1.0000000000 0.0000000000 0.0000000000 1880.0000000000
0.0000000000 0.0000000000 0.0000000000 1.0000000000

0.0000000000 0.0000000000 1.0000000000 2276.0000000000
0.0000000000 1.0000000000 0.0000000000 412.0000000000
-1.0000000000 0.0000000000 0.0000000000 1880.0000000000
0.0000000000 0.0000000000 0.0000000000 1.0000000000

0.0000000000 0.0000000000 1.0000000000 2276.0000000000
0.0000000000 1.0000000000 0.0000000000 411.6000000000
-1.0000000000 0.0000000000 0.0000000000 1880.0000000000
0.0000000000 0.0000000000 0.0000000000 1.0000000000

0.0000000000 0.0000000000 1.0000000000 2276.0000000000
0.0000000000 1.0000000000 0.0000000000 411.2000000000
-1.0000000000 0.0000000000 0.0000000000 1880.0000000000
0.0000000000 0.0000000000 0.0000000000 1.0000000000

0.0000000000 0.0000000000 1.0000000000 2276.0000000000
0.0000000000 1.0000000000 0.0000000000 410.8000000000
-1.0000000000 0.0000000000 0.0000000000 1880.0000000000
0.0000000000 0.0000000000 0.0000000000 1.0000000000

0.0000000000 0.0000000000 1.0000000000 2276.0000000000
0.0000000000 1.0000000000 0.0000000000 410.4000000000
-1.0000000000 0.0000000000 0.0000000000 1880.0000000000
0.0000000000 0.0000000000 0.0000000000 1.0000000000

0.0000000000 0.0000000000 1.0000000000 2276.0000000000
0.0000000000 1.0000000000 0.0000000000 410.0000000000
-1.0000000000 0.0000000000 0.0000000000 1880.0000000000
0.0000000000 0.0000000000 0.0000000000 1.0000000000

0.0000000000 0.0000000000 1.0000000000 2276.0000000000
0.0000000000 1.0000000000 0.0000000000 409.6000000000
-1.0000000000 0.0000000000 0.0000000000 1880.0000000000
0.0000000000 0.0000000000 0.0000000000 1.0000000000

0.0000000000 0.0000000000 1.0000000000 2276.0000000000
0.0000000000 1.0000000000 0.0000000000 409.2000000000
-1.0000000000 0.0000000000 0.0000000000 1880.0000000000
0.0000000000 0.0000000000 0.0000000000 1.0000000000

0.0000000000 0.0000000000 1.0000000000 2276.0000000000
0.0000000000 1.0000000000 0.0000000000 408.8000000000
-1.0000000000 0.0000000000 0.0000000000 1880.0000000000
0.0000000000 0.0000000000 0.0000000000 1.0000000000

0.0000000000 0.0000000000 1.0000000000 2276.0000000000
0.0000000000 1.0000000000 0.0000000000 408.4000000000
-1.0000000000 0.0000000000 0.0000000000 1880.0000000000
0.0000000000 0.0000000000 0.0000000000 1.0000000000

0.0000000000 0.0000000000 1.0000000000 2276.0000000000
0.0000000000 1.0000000000 0.0000000000 408.0000000000
-1.0000000000 0.0000000000 0.0000000000 1880.0000000000
0.0000000000 0.0000000000 0.0000000000 1.0000000000

0.0000000000 0.0000000000 1.0000000000 2276.0000000000
0.0000000000 1.0000000000 0.0000000000 407.6000000000
-1.0000000000 0.0000000000 0.0000000000 1880.0000000000
0.0000000000 0.0000000000 0.0000000000 1.0000000000

0.0000000000 0.0000000000 1.0000000000 2276.0000000000
0.0000000000 1.0000000000 0.0000000000 407.2000000000
-1.0000000000 0.0000000000 0.0000000000 1880.0000000000
0.0000000000 0.0000000000 0.0000000000 1.0000000000

0.0000000000 0.0000000000 1.0000000000 2276.0000000000
0.0000000000 1.0000000000 0.0000000000 406.8000000000
-1.0000000000 0.0000000000 0.0000000000 1880.0000000000
0.0000000000 0.0000000000 0.0000000000 1.0000000000

0.0000000000 0.0000000000 1.0000000000 2276.0000000000
0.0000000000 1.0000000000 0.0000000000 406.4000000000
-1.0000000000 0.0000000000 0.0000000000 1880.0000000000
0.0000000000 0.0000000000 0.0000000000 1.0000000000

0.0000000000 0.0000000000 1.0000000000 2276.0000000000
0.0000000000 1.0000000000 0.0000000000 406.0000000000
-1.0000000000 0.0000000000 0.0000000000 1880.0000000000
0.0000000000 0.0000000000 0.0000000000 1.0000000000

0.0000000000 0.0000000000 1.0000000000 2276.0000000000
0.0000000000 1.0000000000 0.0000000000 405.6000000000
-1.0000000000 0.0000000000 0.0000000000 1880.0000000000
0.0000000000 0.0000000000 0.0000000000 1.0000000000

0.0000000000 0.0000000000 1.0000000000 2276.0000000000
0.0000000000 1.0000000000 0.0000000000 405.2000000000
-1.0000000000 0.0000000000 0.0000000000 1880.0000000000
0.0000000000 0.0000000000 0.0000000000 1.0000000000

0.0000000000 0.0000000000 1.0000000000 2276.0000000000
0.0000000000 1.0000000000 0.0000000000 404.8000000000
-1.0000000000 0.0000000000 0.0000000000 1880.0000000000
0.0000000000 0.0000000000 0.0000000000 1.0000000000

0.0000000000 0.0000000000 1.0000000000 2276.0000000000
0.0000000000 1.0000000000 0.0000000000 404.4000000000
-1.0000000000 0.0000000000 0.0000000000 1880.0000000000
0.0000000000 0.0000000000 0.0000000000 1.0000000000

0.0000000000 0.0000000000 1.0000000000 2276.0000000000
0.0000000000 1.0000000000 0.0000000000 404.0000000000
-1.0000000000 0.0000000000 0.0000000000 1880.0000000000
0.0000000000 0.0000000000 0.0000000000 1.0000000000

0.0000000000 0.0000000000 1.0000000000 2276.0000000000
0.0000000000 1.0000000000 0.0000000000 403.6000000000
-1.0000000000 0.0000000000 0.0000000000 1880.0000000000
0.0000000000 0.0000000000 0.0000000000 1.0000000000

0.0000000000 0.0000000000 1.0000000000 2276.0000000000
0.0000000000 1.0000000000 0.0000000000 403.2000000000
-1.0000000000 0.0000000000 0.0000000000 1880.0000000000
0.0000000000 0.0000000000 0.0000000000 1.0000000000

0.0000000000 0.0000000000 1.0000000000 2276.0000000000
0.0000000000 1.0000000000 0.0000000000 402.8000000000
-1.0000000000 0.0000000000 0.0000000000 1880.0000000000
0.0000000000 0.0000000000 0.0000000000 1.0000000000

0.0000000000 0.0000000000 1.0000000000 2276.0000000000
0.0000000000 1.0000000000 0.0000000000 402.4000000000
-1.0000000000 0.0000000000 0.0000000000 1880.0000000000
0.0000000000 0.0000000000 0.0000000000 1.0000000000

0.0000000000 0.0000000000 1.0000000000 2276.0000000000
0.0000000000 1.0000000000 0.0000000000 402.0000000000
-1.0000000000 0.0000000000 0.0000000000 1880.0000000000
0.0000000000 0.0000000000 0.0000000000 1.0000000000

0.0000000000 0.0000000000 1.0000000000 2276.0000000000
0.0000000000 1.0000000000 0.0000000000 401.6000000000
-1.0000000000 0.0000000000 0.0000000000 1880.0000000000
0.0000000000 0.0000000000 0.0000000000 1.0000000000

0.0000000000 0.0000000000 1.0000000000 2276.0000000000
0.0000000000 1.0000000000 0.0000000000 401.2000000000
-1.0000000000 0.0000000000 0.0000000000 1880.0000000000
0.0000000000 0.0000000000 0.0000000000 1.0000000000

0.0000000000 0.0000000000 1.0000000000 2276.0000000000
0.0000000000 1.0000000000 0.0000000000 400.8000000000
-1.0000000000 0.0000000000 0.0000000000 1880.0000000000
0.0000000000 0.0000000000 0.0000000000 1.0000000000

0.0000000000 0.0000000000 1.0000000000 2276.0000000000
0.0000000000 1.0000000000 0.0000000000 400.4000000000
-1.0000000000 0.0000000000 0.0000000000 1880.0000000000
0.0000000000 0.0000000000 0.0000000000 1.0000000000

0.0000000000 0.0000000000 1.0000000000 2276.0000000000
0.0000000000 1.0000000000 0.0000000000 400.0000000000
-1.0000000000 0.0000000000 0.0000000000 1880.0000000000
0.0000000000 0.0000000000 0.0000000000 1.0000000000

0.0000000000 0.0000000000 1.0000000000 2276.0000000000
0.0000000000 1.0000000000 0.0000000000 399.6000000000
-1.0000000000 0.0000000000 0.0000000000 1880.0000000000
0.0000000000 0.0000000000 0.0000000000 1.0000000000

0.0000000000 0.0000000000 1.0000000000 2276.0000000000
0.0000000000 1.0000000000 0.0000000000 399.2000000000
-1.0000000000 0.0000000000 0.0000000000 1880.0000000000
0.0000000000 0.0000000000 0.0000000000 1.0000000000

0.0000000000 0.0000000000 1.0000000000 2276.0000000000
0.0000000000 1.0000000000 0.0000000000 398.8000000000
-1.0000000000 0.0000000000 0.0000000000 1880.0000000000
0.0000000000 0.0000000000 0.0000000000 1.0000000000

0.0000000000 0.0000000000 1.0000000000 2276.0000000000
0.0000000000 1.0000000000 0.0000000000 398.4000000000
-1.0000000000 0.0000000000 0.0000000000 1880.0000000000
0.0000000000 0.0000000000 0.0000000000 1.0000000000

0.0000000000 0.0000000000 1.0000000000 2276.0000000000
0.0000000000 1.0000000000 0.0000000000 398.0000000000
-1.0000000000 0.0000000000 0.0000000000 1880.0000000000
0.0000000000 0.0000000000 0.0000000000 1.0000000000

0.0000000000 0.0000000000 1.0000000000 2276.0000000000
0.0000000000 1.0000000000 0.0000000000 397.6000000000
-1.0000000000 0.0000000000 0.0000000000 1880.0000000000
0.0000000000 0.0000000000 0.0000000000 1.0000000000

0.0000000000 0.0000000000 1.0000000000 2276.0000000000
0.0000000000 1.0000000000 0.0000000000 397.2000000000
-1.0000000000 0.0000000000 0.0000000000 1880.0000000000
0.0000000000 0.0000000000 0.0000000000 1.0000000000

0.0000000000 0.0000000000 1.0000000000 2276.0000000000
0.0000000000 1.0000000000 0.0000000000 396.8000000000
-1.0000000000 0.0000000000 0.0000000000 1880.0000000000
0.0000000000 0.0000000000 0.0000000000 1.0000000000

0.0000000000 0.0000000000 1.0000000000 2276.0000000000
0.0000000000 1.0000000000 0.0000000000 396.4000000000
-1.0000000000 0.0000000000 0.0000000000 1880.0000000000
0.0000000000 0.0000000000 0.0000000000 1.0000000000

0.0000000000 0.0000000000 1.0000000000 2276.0000000000
0.0000000000 1.0000000000 0.0000000000 396.0000000000
-1.0000000000 0.0000000000 0.0000000000 1880.0000000000
0.0000000000 0.0000000000 0.0000000000 1.0000000000

0.0000000000 0.0000000000 1.0000000000 2276.0000000000
0.0000000000 1.0000000000 0.0000000000 395.6000000000
-1.0000000000 0.0000000000 0.0000000000 1880.0000000000
0.0000000000 0.0000000000 0.0000000000 1.0000000000

0.0000000000 0.0000000000 1.0000000000 2276.0000000000
0.0000000000 1.0000000000 0.0000000000 395.2000000000
-1.0000000000 0.0000000000 0.0000000000 1880.0000000000
0.0000000000 0.0000000000 0.0000000000 1.0000000000

0.0000000000 0.0000000000 1.0000000000 2276.0000000000
0.0000000000 1.0000000000 0.0000000000 394.8000000000
-1.0000000000 0.0000000000 0.0000000000 1880.0000000000
0.0000000000 0.0000000000 0.0000000000 1.0000000000

0.0000000000 0.0000000000 1.0000000000 2276.0000000000
0.0000000000 1.0000000000 0.0000000000 394.4000000000
-1.0000000000 0.0000000000 0.0000000000 1880.0000000000
0.0000000000 0.0000000000 0.0000000000 1.0000000000

0.0000000000 0.0000000000 1.0000000000 2276.0000000000
0.0000000000 1.0000000000 0.0000000000 394.0000000000
-1.0000000000 0.0000000000 0.0000000000 1880.0000000000
0.0000000000 0.0000000000 0.0000000000 1.0000000000

0.0000000000 0.0000000000 1.0000000000 2276.0000000000
0.0000000000 1.0000000000 0.0000000000 393.6000000000
-1.0000000000 0.0000000000 0.0000000000 1880.0000000000
0.0000000000 0.0000000000 0.0000000000 1.0000000000

0.0000000000 0.0000000000 1.0000000000 2276.0000000000
0.0000000000 1.0000000000 0.0000000000 393.2000000000
-1.0000000000 0.0000000000 0.0000000000 1880.0000000000
0.0000000000 0.0000000000 0.0000000000 1.0000000000

0.0000000000 0.0000000000 1.0000000000 2276.0000000000
0.0000000000 1.0000000000 0.0000000000 392.8000000000
-1.0000000000 0.0000000000 0.0000000000 1880.0000000000
0.0000000000 0.0000000000 0.0000000000 1.0000000000

0.0000000000 0.0000000000 1.0000000000 2276.0000000000
0.0000000000 1.0000000000 0.0000000000 392.4000000000
-1.0000000000 0.0000000000 0.0000000000 1880.0000000000
0.0000000000 0.0000000000 0.0000000000 1.0000000000

0.0000000000 0.0000000000 1.0000000000 2276.0000000000
0.0000000000 1.0000000000 0.0000000000 392.0000000000
-1.0000000000 0.0000000000 0.0000000000 1880.0000000000
0.0000000000 0.0000000000 0.0000000000 1.0000000000

0.0000000000 0.0000000000 1.0000000000 2276.0000000000
0.0000000000 1.0000000000 0.0000000000 391.6000000000
-1.0000000000 0.0000000000 0.0000000000 1880.0000000000
0.0000000000 0.0000000000 0.0000000000 1.0000000000

0.0000000000 0.0000000000 1.0000000000 2276.0000000000
0.0000000000 1.0000000000 0.0000000000 391.2000000000
-1.0000000000 0.0000000000 0.0000000000 1880.0000000000
0.0000000000 0.0000000000 0.0000000000 1.0000000000

0.0000000000 0.0000000000 1.0000000000 2276.0000000000
0.0000000000 1.0000000000 0.0000000000 390.8000000000
-1.0000000000 0.0000000000 0.0000000000 1880.0000000000
0.0000000000 0.0000000000 0.0000000000 1.0000000000

0.0000000000 0.0000000000 1.0000000000 2276.0000000000
0.0000000000 1.0000000000 0.0000000000 390.4000000000
-1.0000000000 0.0000000000 0.0000000000 1880.0000000000
0.0000000000 0.0000000000 0.0000000000 1.0000000000

0.0000000000 0.0000000000 1.0000000000 2276.0000000000
0.0000000000 1.0000000000 0.0000000000 390.0000000000
-1.0000000000 0.0000000000 0.0000000000 1880.0000000000
0.0000000000 0.0000000000 0.0000000000 1.0000000000

0.0000000000 0.0000000000 1.0000000000 2276.0000000000
0.0000000000 1.0000000000 0.0000000000 389.6000000000
-1.0000000000 0.0000000000 0.0000000000 1880.0000000000
0.0000000000 0.0000000000 0.0000000000 1.0000000000

0.0000000000 0.0000000000 1.0000000000 2276.0000000000
0.0000000000 1.0000000000 0.0000000000 389.2000000000
-1.0000000000 0.0000000000 0.0000000000 1880.0000000000
0.0000000000 0.0000000000 0.0000000000 1.0000000000

0.0000000000 0.0000000000 1.0000000000 2276.0000000000
0.0000000000 1.0000000000 0.0000000000 388.8000000000
-1.0000000000 0.0000000000 0.0000000000 1880.0000000000
0.0000000000 0.0000000000 0.0000000000 1.0000000000

0.0000000000 0.0000000000 1.0000000000 2276.0000000000
0.0000000000 1.0000000000 0.0000000000 388.4000000000
-1.0000000000 0.0000000000 0.0000000000 1880.0000000000
0.0000000000 0.0000000000 0.0000000000 1.0000000000

0.0000000000 0.0000000000 1.0000000000 2276.0000000000
0.0000000000 1.0000000000 0.0000000000 388.0000000000
-1.0000000000 0.0000000000 0.0000000000 1880.0000000000
0.0000000000 0.0000000000 0.0000000000 1.0000000000

0.0000000000 0.0000000000 1.0000000000 2276.0000000000
0.0000000000 1.0000000000 0.0000000000 387.6000000000
-1.0000000000 0.0000000000 0.0000000000 1880.0000000000
0.0000000000 0.0000000000 0.0000000000 1.0000000000

0.0000000000 0.0000000000 1.0000000000 2276.0000000000
0.0000000000 1.0000000000 0.0000000000 387.2000000000
-1.0000000000 0.0000000000 0.0000000000 1880.0000000000
0.0000000000 0.0000000000 0.0000000000 1.0000000000

0.0000000000 0.0000000000 1.0000000000 2276.0000000000
0.0000000000 1.0000000000 0.0000000000 386.8000000000
-1.0000000000 0.0000000000 0.0000000000 1880.0000000000
0.0000000000 0.0000000000 0.0000000000 1.0000000000

0.0000000000 0.0000000000 1.0000000000 2276.0000000000
0.0000000000 1.0000000000 0.0000000000 386.4000000000
-1.0000000000 0.0000000000 0.0000000000 1880.0000000000
0.0000000000 0.0000000000 0.0000000000 1.0000000000

0.0000000000 0.0000000000 1.0000000000 2276.0000000000
0.0000000000 1.0000000000 0.0000000000 386.0000000000
-1.0000000000 0.0000000000 0.0000000000 1880.0000000000
0.0000000000 0.0000000000 0.0000000000 1.0000000000

0.0000000000 0.0000000000 1.0000000000 2276.0000000000
0.0000000000 1.0000000000 0.0000000000 385.6000000000
-1.0000000000 0.0000000000 0.0000000000 1880.0000000000
0.0000000000 0.0000000000 0.0000000000 1.0000000000

0.0000000000 0.0000000000 1.0000000000 2276.0000000000
0.0000000000 1.0000000000 0.0000000000 385.2000000000
-1.0000000000 0.0000000000 0.0000000000 1880.0000000000
0.0000000000 0.0000000000 0.0000000000 1.0000000000

0.0000000000 0.0000000000 1.0000000000 2276.0000000000
0.0000000000 1.0000000000 0.0000000000 384.8000000000
-1.0000000000 0.0000000000 0.0000000000 1880.0000000000
0.0000000000 0.0000000000 0.0000000000 1.0000000000

0.0000000000 0.0000000000 1.0000000000 2276.0000000000
0.0000000000 1.0000000000 0.0000000000 384.4000000000
-1.0000000000 0.0000000000 0.0000000000 1880.0000000000
0.0000000000 0.0000000000 0.0000000000 1.0000000000

0.0000000000 0.0000000000 1.0000000000 2276.0000000000
0.0000000000 1.0000000000 0.0000000000 384.0000000000
-1.0000000000 0.0000000000 0.0000000000 1880.0000000000
0.0000000000 0.0000000000 0.0000000000 1.0000000000

0.0000000000 0.0000000000 1.0000000000 2276.0000000000
0.0000000000 1.0000000000 0.0000000000 383.6000000000
-1.0000000000 0.0000000000 0.0000000000 1880.0000000000
0.0000000000 0.0000000000 0.0000000000 1.0000000000

0.0000000000 0.0000000000 1.0000000000 2276.0000000000
0.0000000000 1.0000000000 0.0000000000 383.2000000000
-1.0000000000 0.0000000000 0.0000000000 1880.0000000000
0.0000000000 0.0000000000 0.0000000000 1.0000000000

0.0000000000 0.0000000000 1.0000000000 2276.0000000000
0.0000000000 1.0000000000 0.0000000000 382.8000000000
-1.0000000000 0.0000000000 0.0000000000 1880.0000000000
0.0000000000 0.0000000000 0.0000000000 1.0000000000

0.0000000000 0.0000000000 1.0000000000 2276.0000000000
0.0000000000 1.0000000000 0.0000000000 382.4000000000
-1.0000000000 0.0000000000 0.0000000000 1880.0000000000
0.0000000000 0.0000000000 0.0000000000 1.0000000000

0.0000000000 0.0000000000 1.0000000000 2276.0000000000
0.0000000000 1.0000000000 0.0000000000 382.0000000000
-1.0000000000 0.0000000000 0.0000000000 1880.0000000000
0.0000000000 0.0000000000 0.0000000000 1.0000000000

0.0000000000 0.0000000000 1.0000000000 2276.0000000000
0.0000000000 1.0000000000 0.0000000000 381.6000000000
-1.0000000000 0.0000000000 0.0000000000 1880.0000000000
0.0000000000 0.0000000000 0.0000000000 1.0000000000

0.0000000000 0.0000000000 1.0000000000 2276.0000000000
0.0000000000 1.0000000000 0.0000000000 381.2000000000
-1.0000000000 0.0000000000 0.0000000000 1880.0000000000
0.0000000000 0.0000000000 0.0000000000 1.0000000000

0.0000000000 0.0000000000 1.0000000000 2276.0000000000
0.0000000000 1.0000000000 0.0000000000 380.8000000000
-1.0000000000 0.0000000000 0.0000000000 1880.0000000000
0.0000000000 0.0000000000 0.0000000000 1.0000000000

0.0000000000 0.0000000000 1.0000000000 2276.0000000000
0.0000000000 1.0000000000 0.0000000000 380.4000000000
-1.0000000000 0.0000000000 0.0000000000 1880.0000000000
0.0000000000 0.0000000000 0.0000000000 1.0000000000

0.0000000000 0.0000000000 1.0000000000 2276.0000000000
0.0000000000 1.0000000000 0.0000000000 380.0000000000
-1.0000000000 0.0000000000 0.0000000000 1880.0000000000
0.0000000000 0.0000000000 0.0000000000 1.0000000000

0.0000000000 0.0000000000 1.0000000000 2276.0000000000
0.0000000000 1.0000000000 0.0000000000 379.6000000000
-1.0000000000 0.0000000000 0.0000000000 1880.0000000000
0.0000000000 0.0000000000 0.0000000000 1.0000000000

0.0000000000 0.0000000000 1.0000000000 2276.0000000000
0.0000000000 1.0000000000 0.0000000000 379.2000000000
-1.0000000000 0.0000000000 0.0000000000 1880.0000000000
0.0000000000 0.0000000000 0.0000000000 1.0000000000

0.0000000000 0.0000000000 1.0000000000 2276.0000000000
0.0000000000 1.0000000000 0.0000000000 378.8000000000
-1.0000000000 0.0000000000 0.0000000000 1880.0000000000
0.0000000000 0.0000000000 0.0000000000 1.0000000000

0.0000000000 0.0000000000 1.0000000000 2276.0000000000
0.0000000000 1.0000000000 0.0000000000 378.4000000000
-1.0000000000 0.0000000000 0.0000000000 1880.0000000000
0.0000000000 0.0000000000 0.0000000000 1.0000000000

0.0000000000 0.0000000000 1.0000000000 2276.0000000000
0.0000000000 1.0000000000 0.0000000000 378.0000000000
-1.0000000000 0.0000000000 0.0000000000 1880.0000000000
0.0000000000 0.0000000000 0.0000000000 1.0000000000

0.0000000000 0.0000000000 1.0000000000 2276.0000000000
0.0000000000 1.0000000000 0.0000000000 377.6000000000
-1.0000000000 0.0000000000 0.0000000000 1880.0000000000
0.0000000000 0.0000000000 0.0000000000 1.0000000000

0.0000000000 0.0000000000 1.0000000000 2276.0000000000
0.0000000000 1.0000000000 0.0000000000 377.2000000000
-1.0000000000 0.0000000000 0.0000000000 1880.0000000000
0.0000000000 0.0000000000 0.0000000000 1.0000000000

0.0000000000 0.0000000000 1.0000000000 2276.0000000000
0.0000000000 1.0000000000 0.0000000000 376.8000000000
-1.0000000000 0.0000000000 0.0000000000 1880.0000000000
0.0000000000 0.0000000000 0.0000000000 1.0000000000

0.0000000000 0.0000000000 1.0000000000 2276.0000000000
0.0000000000 1.0000000000 0.0000000000 376.4000000000
-1.0000000000 0.0000000000 0.0000000000 1880.0000000000
0.0000000000 0.0000000000 0.0000000000 1.0000000000

0.0000000000 0.0000000000 1.0000000000 2276.0000000000
0.0000000000 1.0000000000 0.0000000000 376.0000000000
-1.0000000000 0.0000000000 0.0000000000 1880.0000000000
0.0000000000 0.0000000000 0.0000000000 1.0000000000

0.0000000000 0.0000000000 1.0000000000 2276.0000000000
0.0000000000 1.0000000000 0.0000000000 375.6000000000
-1.0000000000 0.0000000000 0.0000000000 1880.0000000000
0.0000000000 0.0000000000 0.0000000000 1.0000000000

0.0000000000 0.0000000000 1.0000000000 2276.0000000000
0.0000000000 1.0000000000 0.0000000000 375.2000000000
-1.0000000000 0.0000000000 0.0000000000 1880.0000000000
0.0000000000 0.0000000000 0.0000000000 1.0000000000

0.0000000000 0.0000000000 1.0000000000 2276.0000000000
0.0000000000 1.0000000000 0.0000000000 374.8000000000
-1.0000000000 0.0000000000 0.0000000000 1880.0000000000
0.0000000000 0.0000000000 0.0000000000 1.0000000000

0.0000000000 0.0000000000 1.0000000000 2276.0000000000
0.0000000000 1.0000000000 0.0000000000 374.4000000000
-1.0000000000 0.0000000000 0.0000000000 1880.0000000000
0.0000000000 0.0000000000 0.0000000000 1.0000000000

0.0000000000 0.0000000000 1.0000000000 2276.0000000000
0.0000000000 1.0000000000 0.0000000000 374.0000000000
-1.0000000000 0.0000000000 0.0000000000 1880.0000000000
0.0000000000 0.0000000000 0.0000000000 1.0000000000

0.0000000000 0.0000000000 1.0000000000 2276.0000000000
0.0000000000 1.0000000000 0.0000000000 373.6000000000
-1.0000000000 0.0000000000 0.0000000000 1880.0000000000
0.0000000000 0.0000000000 0.0000000000 1.0000000000

0.0000000000 0.0000000000 1.0000000000 2276.0000000000
0.0000000000 1.0000000000 0.0000000000 373.2000000000
-1.0000000000 0.0000000000 0.0000000000 1880.0000000000
0.0000000000 0.0000000000 0.0000000000 1.0000000000

0.0000000000 0.0000000000 1.0000000000 2276.0000000000
0.0000000000 1.0000000000 0.0000000000 372.8000000000
-1.0000000000 0.0000000000 0.0000000000 1880.0000000000
0.0000000000 0.0000000000 0.0000000000 1.0000000000

0.0000000000 0.0000000000 1.0000000000 2276.0000000000
0.0000000000 1.0000000000 0.0000000000 372.4000000000
-1.0000000000 0.0000000000 0.0000000000 1880.0000000000
0.0000000000 0.0000000000 0.0000000000 1.0000000000

0.0000000000 0.0000000000 1.0000000000 2276.0000000000
0.0000000000 1.0000000000 0.0000000000 372.0000000000
-1.0000000000 0.0000000000 0.0000000000 1880.0000000000
0.0000000000 0.0000000000 0.0000000000 1.0000000000

0.0000000000 0.0000000000 1.0000000000 2276.0000000000
0.0000000000 1.0000000000 0.0000000000 371.6000000000
-1.0000000000 0.0000000000 0.0000000000 1880.0000000000
0.0000000000 0.0000000000 0.0000000000 1.0000000000

0.0000000000 0.0000000000 1.0000000000 2276.0000000000
0.0000000000 1.0000000000 0.0000000000 371.2000000000
-1.0000000000 0.0000000000 0.0000000000 1880.0000000000
0.0000000000 0.0000000000 0.0000000000 1.0000000000

0.0000000000 0.0000000000 1.0000000000 2276.0000000000
0.0000000000 1.0000000000 0.0000000000 370.8000000000
-1.0000000000 0.0000000000 0.0000000000 1880.0000000000
0.0000000000 0.0000000000 0.0000000000 1.0000000000

0.0000000000 0.0000000000 1.0000000000 2276.0000000000
0.0000000000 1.0000000000 0.0000000000 370.4000000000
-1.0000000000 0.0000000000 0.0000000000 1880.0000000000
0.0000000000 0.0000000000 0.0000000000 1.0000000000

0.0000000000 0.0000000000 1.0000000000 2276.0000000000
0.0000000000 1.0000000000 0.0000000000 370.0000000000
-1.0000000000 0.0000000000 0.0000000000 1880.0000000000
0.0000000000 0.0000000000 0.0000000000 1.0000000000

0.0000000000 0.0000000000 1.0000000000 2276.0000000000
0.0000000000 1.0000000000 0.0000000000 369.6000000000
-1.0000000000 0.0000000000 0.0000000000 1880.0000000000
0.0000000000 0.0000000000 0.0000000000 1.0000000000

0.0000000000 0.0000000000 1.0000000000 2276.0000000000
0.0000000000 1.0000000000 0.0000000000 369.2000000000
-1.0000000000 0.0000000000 0.0000000000 1880.0000000000
0.0000000000 0.0000000000 0.0000000000 1.0000000000

0.0000000000 0.0000000000 1.0000000000 2276.0000000000
0.0000000000 1.0000000000 0.0000000000 368.8000000000
-1.0000000000 0.0000000000 0.0000000000 1880.0000000000
0.0000000000 0.0000000000 0.0000000000 1.0000000000

0.0000000000 0.0000000000 1.0000000000 2276.0000000000
0.0000000000 1.0000000000 0.0000000000 368.4000000000
-1.0000000000 0.0000000000 0.0000000000 1880.0000000000
0.0000000000 0.0000000000 0.0000000000 1.0000000000

0.0000000000 0.0000000000 1.0000000000 2276.0000000000
0.0000000000 1.0000000000 0.0000000000 368.0000000000
-1.0000000000 0.0000000000 0.0000000000 1880.0000000000
0.0000000000 0.0000000000 0.0000000000 1.0000000000

0.0000000000 0.0000000000 1.0000000000 2276.0000000000
0.0000000000 1.0000000000 0.0000000000 367.6000000000
-1.0000000000 0.0000000000 0.0000000000 1880.0000000000
0.0000000000 0.0000000000 0.0000000000 1.0000000000

0.0000000000 0.0000000000 1.0000000000 2276.0000000000
0.0000000000 1.0000000000 0.0000000000 367.2000000000
-1.0000000000 0.0000000000 0.0000000000 1880.0000000000
0.0000000000 0.0000000000 0.0000000000 1.0000000000

0.0000000000 0.0000000000 1.0000000000 2276.0000000000
0.0000000000 1.0000000000 0.0000000000 366.8000000000
-1.0000000000 0.0000000000 0.0000000000 1880.0000000000
0.0000000000 0.0000000000 0.0000000000 1.0000000000

0.0000000000 0.0000000000 1.0000000000 2276.0000000000
0.0000000000 1.0000000000 0.0000000000 366.4000000000
-1.0000000000 0.0000000000 0.0000000000 1880.0000000000
0.0000000000 0.0000000000 0.0000000000 1.0000000000

0.0000000000 0.0000000000 1.0000000000 2276.0000000000
0.0000000000 1.0000000000 0.0000000000 366.0000000000
-1.0000000000 0.0000000000 0.0000000000 1880.0000000000
0.0000000000 0.0000000000 0.0000000000 1.0000000000

0.0000000000 0.0000000000 1.0000000000 2276.0000000000
0.0000000000 1.0000000000 0.0000000000 365.6000000000
-1.0000000000 0.0000000000 0.0000000000 1880.0000000000
0.0000000000 0.0000000000 0.0000000000 1.0000000000

0.0000000000 0.0000000000 1.0000000000 2276.0000000000
0.0000000000 1.0000000000 0.0000000000 365.2000000000
-1.0000000000 0.0000000000 0.0000000000 1880.0000000000
0.0000000000 0.0000000000 0.0000000000 1.0000000000

0.0000000000 0.0000000000 1.0000000000 2276.0000000000
0.0000000000 1.0000000000 0.0000000000 364.8000000000
-1.0000000000 0.0000000000 0.0000000000 1880.0000000000
0.0000000000 0.0000000000 0.0000000000 1.0000000000

0.0000000000 0.0000000000 1.0000000000 2276.0000000000
0.0000000000 1.0000000000 0.0000000000 364.4000000000
-1.0000000000 0.0000000000 0.0000000000 1880.0000000000
0.0000000000 0.0000000000 0.0000000000 1.0000000000

0.0000000000 0.0000000000 1.0000000000 2276.0000000000
0.0000000000 1.0000000000 0.0000000000 364.0000000000
-1.0000000000 0.0000000000 0.0000000000 1880.0000000000
0.0000000000 0.0000000000 0.0000000000 1.0000000000

0.0000000000 0.0000000000 1.0000000000 2276.0000000000
0.0000000000 1.0000000000 0.0000000000 363.6000000000
-1.0000000000 0.0000000000 0.0000000000 1880.0000000000
0.0000000000 0.0000000000 0.0000000000 1.0000000000

0.0000000000 0.0000000000 1.0000000000 2276.0000000000
0.0000000000 1.0000000000 0.0000000000 363.2000000000
-1.0000000000 0.0000000000 0.0000000000 1880.0000000000
0.0000000000 0.0000000000 0.0000000000 1.0000000000

0.0000000000 0.0000000000 1.0000000000 2276.0000000000
0.0000000000 1.0000000000 0.0000000000 362.8000000000
-1.0000000000 0.0000000000 0.0000000000 1880.0000000000
0.0000000000 0.0000000000 0.0000000000 1.0000000000

0.0000000000 0.0000000000 1.0000000000 2276.0000000000
0.0000000000 1.0000000000 0.0000000000 362.4000000000
-1.0000000000 0.0000000000 0.0000000000 1880.0000000000
0.0000000000 0.0000000000 0.0000000000 1.0000000000

0.0000000000 0.0000000000 1.0000000000 2276.0000000000
0.0000000000 1.0000000000 0.0000000000 362.0000000000
-1.0000000000 0.0000000000 0.0000000000 1880.0000000000
0.0000000000 0.0000000000 0.0000000000 1.0000000000

0.0000000000 0.0000000000 1.0000000000 2276.0000000000
0.0000000000 1.0000000000 0.0000000000 361.6000000000
-1.0000000000 0.0000000000 0.0000000000 1880.0000000000
0.0000000000 0.0000000000 0.0000000000 1.0000000000

0.0000000000 0.0000000000 1.0000000000 2276.0000000000
0.0000000000 1.0000000000 0.0000000000 361.2000000000
-1.0000000000 0.0000000000 0.0000000000 1880.0000000000
0.0000000000 0.0000000000 0.0000000000 1.0000000000

0.0000000000 0.0000000000 1.0000000000 2276.0000000000
0.0000000000 1.0000000000 0.0000000000 360.8000000000
-1.0000000000 0.0000000000 0.0000000000 1880.0000000000
0.0000000000 0.0000000000 0.0000000000 1.0000000000

0.0000000000 0.0000000000 1.0000000000 2276.0000000000
0.0000000000 1.0000000000 0.0000000000 360.4000000000
-1.0000000000 0.0000000000 0.0000000000 1880.0000000000
0.0000000000 0.0000000000 0.0000000000 1.0000000000

0.0000000000 0.0000000000 1.0000000000 2276.0000000000
0.0000000000 1.0000000000 0.0000000000 360.0000000000
-1.0000000000 0.0000000000 0.0000000000 1880.0000000000
0.0000000000 0.0000000000 0.0000000000 1.0000000000

0.0000000000 0.0000000000 1.0000000000 2276.0000000000
0.0000000000 1.0000000000 0.0000000000 359.6000000000
-1.0000000000 0.0000000000 0.0000000000 1880.0000000000
0.0000000000 0.0000000000 0.0000000000 1.0000000000

0.0000000000 0.0000000000 1.0000000000 2276.0000000000
0.0000000000 1.0000000000 0.0000000000 359.2000000000
-1.0000000000 0.0000000000 0.0000000000 1880.0000000000
0.0000000000 0.0000000000 0.0000000000 1.0000000000

0.0000000000 0.0000000000 1.0000000000 2276.0000000000
0.0000000000 1.0000000000 0.0000000000 358.8000000000
-1.0000000000 0.0000000000 0.0000000000 1880.0000000000
0.0000000000 0.0000000000 0.0000000000 1.0000000000

0.0000000000 0.0000000000 1.0000000000 2276.0000000000
0.0000000000 1.0000000000 0.0000000000 358.4000000000
-1.0000000000 0.0000000000 0.0000000000 1880.0000000000
0.0000000000 0.0000000000 0.0000000000 1.0000000000

0.0000000000 0.0000000000 1.0000000000 2276.0000000000
0.0000000000 1.0000000000 0.0000000000 358.0000000000
-1.0000000000 0.0000000000 0.0000000000 1880.0000000000
0.0000000000 0.0000000000 0.0000000000 1.0000000000

0.0000000000 0.0000000000 1.0000000000 2276.0000000000
0.0000000000 1.0000000000 0.0000000000 357.6000000000
-1.0000000000 0.0000000000 0.0000000000 1880.0000000000
0.0000000000 0.0000000000 0.0000000000 1.0000000000

0.0000000000 0.0000000000 1.0000000000 2276.0000000000
0.0000000000 1.0000000000 0.0000000000 357.2000000000
-1.0000000000 0.0000000000 0.0000000000 1880.0000000000
0.0000000000 0.0000000000 0.0000000000 1.0000000000

0.0000000000 0.0000000000 1.0000000000 2276.0000000000
0.0000000000 1.0000000000 0.0000000000 356.8000000000
-1.0000000000 0.0000000000 0.0000000000 1880.0000000000
0.0000000000 0.0000000000 0.0000000000 1.0000000000

0.0000000000 0.0000000000 1.0000000000 2276.0000000000
0.0000000000 1.0000000000 0.0000000000 356.4000000000
-1.0000000000 0.0000000000 0.0000000000 1880.0000000000
0.0000000000 0.0000000000 0.0000000000 1.0000000000

0.0000000000 0.0000000000 1.0000000000 2276.0000000000
0.0000000000 1.0000000000 0.0000000000 356.0000000000
-1.0000000000 0.0000000000 0.0000000000 1880.0000000000
0.0000000000 0.0000000000 0.0000000000 1.0000000000

0.0000000000 0.0000000000 1.0000000000 2276.0000000000
0.0000000000 1.0000000000 0.0000000000 355.6000000000
-1.0000000000 0.0000000000 0.0000000000 1880.0000000000
0.0000000000 0.0000000000 0.0000000000 1.0000000000

0.0000000000 0.0000000000 1.0000000000 2276.0000000000
0.0000000000 1.0000000000 0.0000000000 355.2000000000
-1.0000000000 0.0000000000 0.0000000000 1880.0000000000
0.0000000000 0.0000000000 0.0000000000 1.0000000000

0.0000000000 0.0000000000 1.0000000000 2276.0000000000
0.0000000000 1.0000000000 0.0000000000 354.8000000000
-1.0000000000 0.0000000000 0.0000000000 1880.0000000000
0.0000000000 0.0000000000 0.0000000000 1.0000000000

0.0000000000 0.0000000000 1.0000000000 2276.0000000000
0.0000000000 1.0000000000 0.0000000000 354.4000000000
-1.0000000000 0.0000000000 0.0000000000 1880.0000000000
0.0000000000 0.0000000000 0.0000000000 1.0000000000

0.0000000000 0.0000000000 1.0000000000 2276.0000000000
0.0000000000 1.0000000000 0.0000000000 354.0000000000
-1.0000000000 0.0000000000 0.0000000000 1880.0000000000
0.0000000000 0.0000000000 0.0000000000 1.0000000000

0.0000000000 0.0000000000 1.0000000000 2276.0000000000
0.0000000000 1.0000000000 0.0000000000 353.6000000000
-1.0000000000 0.0000000000 0.0000000000 1880.0000000000
0.0000000000 0.0000000000 0.0000000000 1.0000000000

0.0000000000 0.0000000000 1.0000000000 2276.0000000000
0.0000000000 1.0000000000 0.0000000000 353.2000000000
-1.0000000000 0.0000000000 0.0000000000 1880.0000000000
0.0000000000 0.0000000000 0.0000000000 1.0000000000

0.0000000000 0.0000000000 1.0000000000 2276.0000000000
0.0000000000 1.0000000000 0.0000000000 352.8000000000
-1.0000000000 0.0000000000 0.0000000000 1880.0000000000
0.0000000000 0.0000000000 0.0000000000 1.0000000000

0.0000000000 0.0000000000 1.0000000000 2276.0000000000
0.0000000000 1.0000000000 0.0000000000 352.4000000000
-1.0000000000 0.0000000000 0.0000000000 1880.0000000000
0.0000000000 0.0000000000 0.0000000000 1.0000000000

0.0000000000 0.0000000000 1.0000000000 2276.0000000000
0.0000000000 1.0000000000 0.0000000000 352.0000000000
-1.0000000000 0.0000000000 0.0000000000 1880.0000000000
0.0000000000 0.0000000000 0.0000000000 1.0000000000

0.0000000000 0.0000000000 1.0000000000 2276.0000000000
0.0000000000 1.0000000000 0.0000000000 351.6000000000
-1.0000000000 0.0000000000 0.0000000000 1880.0000000000
0.0000000000 0.0000000000 0.0000000000 1.0000000000

0.0000000000 0.0000000000 1.0000000000 2276.0000000000
0.0000000000 1.0000000000 0.0000000000 351.2000000000
-1.0000000000 0.0000000000 0.0000000000 1880.0000000000
0.0000000000 0.0000000000 0.0000000000 1.0000000000

0.0000000000 0.0000000000 1.0000000000 2276.0000000000
0.0000000000 1.0000000000 0.0000000000 350.8000000000
-1.0000000000 0.0000000000 0.0000000000 1880.0000000000
0.0000000000 0.0000000000 0.0000000000 1.0000000000

0.0000000000 0.0000000000 1.0000000000 2276.0000000000
0.0000000000 1.0000000000 0.0000000000 350.4000000000
-1.0000000000 0.0000000000 0.0000000000 1880.0000000000
0.0000000000 0.0000000000 0.0000000000 1.0000000000

0.0000000000 0.0000000000 1.0000000000 2276.0000000000
0.0000000000 1.0000000000 0.0000000000 350.0000000000
-1.0000000000 0.0000000000 0.0000000000 1880.0000000000
0.0000000000 0.0000000000 0.0000000000 1.0000000000

0.0000000000 0.0000000000 1.0000000000 2276.0000000000
0.0000000000 1.0000000000 0.0000000000 349.6000000000
-1.0000000000 0.0000000000 0.0000000000 1880.0000000000
0.0000000000 0.0000000000 0.0000000000 1.0000000000

0.0000000000 0.0000000000 1.0000000000 2276.0000000000
0.0000000000 1.0000000000 0.0000000000 349.2000000000
-1.0000000000 0.0000000000 0.0000000000 1880.0000000000
0.0000000000 0.0000000000 0.0000000000 1.0000000000

0.0000000000 0.0000000000 1.0000000000 2276.0000000000
0.0000000000 1.0000000000 0.0000000000 348.8000000000
-1.0000000000 0.0000000000 0.0000000000 1880.0000000000
0.0000000000 0.0000000000 0.0000000000 1.0000000000

0.0000000000 0.0000000000 1.0000000000 2276.0000000000
0.0000000000 1.0000000000 0.0000000000 348.4000000000
-1.0000000000 0.0000000000 0.0000000000 1880.0000000000
0.0000000000 0.0000000000 0.0000000000 1.0000000000

0.0000000000 0.0000000000 1.0000000000 2276.0000000000
0.0000000000 1.0000000000 0.0000000000 348.0000000000
-1.0000000000 0.0000000000 0.0000000000 1880.0000000000
0.0000000000 0.0000000000 0.0000000000 1.0000000000

0.0000000000 0.0000000000 1.0000000000 2276.0000000000
0.0000000000 1.0000000000 0.0000000000 347.6000000000
-1.0000000000 0.0000000000 0.0000000000 1880.0000000000
0.0000000000 0.0000000000 0.0000000000 1.0000000000

0.0000000000 0.0000000000 1.0000000000 2276.0000000000
0.0000000000 1.0000000000 0.0000000000 347.2000000000
-1.0000000000 0.0000000000 0.0000000000 1880.0000000000
0.0000000000 0.0000000000 0.0000000000 1.0000000000

0.0000000000 0.0000000000 1.0000000000 2276.0000000000
0.0000000000 1.0000000000 0.0000000000 346.8000000000
-1.0000000000 0.0000000000 0.0000000000 1880.0000000000
0.0000000000 0.0000000000 0.0000000000 1.0000000000

0.0000000000 0.0000000000 1.0000000000 2276.0000000000
0.0000000000 1.0000000000 0.0000000000 346.4000000000
-1.0000000000 0.0000000000 0.0000000000 1880.0000000000
0.0000000000 0.0000000000 0.0000000000 1.0000000000

0.0000000000 0.0000000000 1.0000000000 2276.0000000000
0.0000000000 1.0000000000 0.0000000000 346.0000000000
-1.0000000000 0.0000000000 0.0000000000 1880.0000000000
0.0000000000 0.0000000000 0.0000000000 1.0000000000

0.0000000000 0.0000000000 1.0000000000 2276.0000000000
0.0000000000 1.0000000000 0.0000000000 345.6000000000
-1.0000000000 0.0000000000 0.0000000000 1880.0000000000
0.0000000000 0.0000000000 0.0000000000 1.0000000000

0.0000000000 0.0000000000 1.0000000000 2276.0000000000
0.0000000000 1.0000000000 0.0000000000 345.2000000000
-1.0000000000 0.0000000000 0.0000000000 1880.0000000000
0.0000000000 0.0000000000 0.0000000000 1.0000000000

0.0000000000 0.0000000000 1.0000000000 2276.0000000000
0.0000000000 1.0000000000 0.0000000000 344.8000000000
-1.0000000000 0.0000000000 0.0000000000 1880.0000000000
0.0000000000 0.0000000000 0.0000000000 1.0000000000

0.0000000000 0.0000000000 1.0000000000 2276.0000000000
0.0000000000 1.0000000000 0.0000000000 344.4000000000
-1.0000000000 0.0000000000 0.0000000000 1880.0000000000
0.0000000000 0.0000000000 0.0000000000 1.0000000000

0.0000000000 0.0000000000 1.0000000000 2276.0000000000
0.0000000000 1.0000000000 0.0000000000 344.0000000000
-1.0000000000 0.0000000000 0.0000000000 1880.0000000000
0.0000000000 0.0000000000 0.0000000000 1.0000000000

0.0000000000 0.0000000000 1.0000000000 2276.0000000000
0.0000000000 1.0000000000 0.0000000000 343.6000000000
-1.0000000000 0.0000000000 0.0000000000 1880.0000000000
0.0000000000 0.0000000000 0.0000000000 1.0000000000

0.0000000000 0.0000000000 1.0000000000 2276.0000000000
0.0000000000 1.0000000000 0.0000000000 343.2000000000
-1.0000000000 0.0000000000 0.0000000000 1880.0000000000
0.0000000000 0.0000000000 0.0000000000 1.0000000000

0.0000000000 0.0000000000 1.0000000000 2276.0000000000
0.0000000000 1.0000000000 0.0000000000 342.8000000000
-1.0000000000 0.0000000000 0.0000000000 1880.0000000000
0.0000000000 0.0000000000 0.0000000000 1.0000000000

0.0000000000 0.0000000000 1.0000000000 2276.0000000000
0.0000000000 1.0000000000 0.0000000000 342.4000000000
-1.0000000000 0.0000000000 0.0000000000 1880.0000000000
0.0000000000 0.0000000000 0.0000000000 1.0000000000

0.0000000000 0.0000000000 1.0000000000 2276.0000000000
0.0000000000 1.0000000000 0.0000000000 342.0000000000
-1.0000000000 0.0000000000 0.0000000000 1880.0000000000
0.0000000000 0.0000000000 0.0000000000 1.0000000000

0.0000000000 0.0000000000 1.0000000000 2276.0000000000
0.0000000000 1.0000000000 0.0000000000 341.6000000000
-1.0000000000 0.0000000000 0.0000000000 1880.0000000000
0.0000000000 0.0000000000 0.0000000000 1.0000000000

0.0000000000 0.0000000000 1.0000000000 2276.0000000000
0.0000000000 1.0000000000 0.0000000000 341.2000000000
-1.0000000000 0.0000000000 0.0000000000 1880.0000000000
0.0000000000 0.0000000000 0.0000000000 1.0000000000

0.0000000000 0.0000000000 1.0000000000 2276.0000000000
0.0000000000 1.0000000000 0.0000000000 340.8000000000
-1.0000000000 0.0000000000 0.0000000000 1880.0000000000
0.0000000000 0.0000000000 0.0000000000 1.0000000000

0.0000000000 0.0000000000 1.0000000000 2276.0000000000
0.0000000000 1.0000000000 0.0000000000 340.4000000000
-1.0000000000 0.0000000000 0.0000000000 1880.0000000000
0.0000000000 0.0000000000 0.0000000000 1.0000000000

0.0000000000 0.0000000000 1.0000000000 2276.0000000000
0.0000000000 1.0000000000 0.0000000000 340.0000000000
-1.0000000000 0.0000000000 0.0000000000 1880.0000000000
0.0000000000 0.0000000000 0.0000000000 1.0000000000

0.0000000000 0.0000000000 1.0000000000 2276.0000000000
0.0000000000 1.0000000000 0.0000000000 339.6000000000
-1.0000000000 0.0000000000 0.0000000000 1880.0000000000
0.0000000000 0.0000000000 0.0000000000 1.0000000000

0.0000000000 0.0000000000 1.0000000000 2276.0000000000
0.0000000000 1.0000000000 0.0000000000 339.2000000000
-1.0000000000 0.0000000000 0.0000000000 1880.0000000000
0.0000000000 0.0000000000 0.0000000000 1.0000000000

0.0000000000 0.0000000000 1.0000000000 2276.0000000000
0.0000000000 1.0000000000 0.0000000000 338.8000000000
-1.0000000000 0.0000000000 0.0000000000 1880.0000000000
0.0000000000 0.0000000000 0.0000000000 1.0000000000

0.0000000000 0.0000000000 1.0000000000 2276.0000000000
0.0000000000 1.0000000000 0.0000000000 338.4000000000
-1.0000000000 0.0000000000 0.0000000000 1880.0000000000
0.0000000000 0.0000000000 0.0000000000 1.0000000000

0.0000000000 0.0000000000 1.0000000000 2276.0000000000
0.0000000000 1.0000000000 0.0000000000 338.0000000000
-1.0000000000 0.0000000000 0.0000000000 1880.0000000000
0.0000000000 0.0000000000 0.0000000000 1.0000000000

0.0000000000 0.0000000000 1.0000000000 2276.0000000000
0.0000000000 1.0000000000 0.0000000000 337.6000000000
-1.0000000000 0.0000000000 0.0000000000 1880.0000000000
0.0000000000 0.0000000000 0.0000000000 1.0000000000

0.0000000000 0.0000000000 1.0000000000 2276.0000000000
0.0000000000 1.0000000000 0.0000000000 337.2000000000
-1.0000000000 0.0000000000 0.0000000000 1880.0000000000
0.0000000000 0.0000000000 0.0000000000 1.0000000000

0.0000000000 0.0000000000 1.0000000000 2276.0000000000
0.0000000000 1.0000000000 0.0000000000 336.8000000000
-1.0000000000 0.0000000000 0.0000000000 1880.0000000000
0.0000000000 0.0000000000 0.0000000000 1.0000000000

0.0000000000 0.0000000000 1.0000000000 2276.0000000000
0.0000000000 1.0000000000 0.0000000000 336.4000000000
-1.0000000000 0.0000000000 0.0000000000 1880.0000000000
0.0000000000 0.0000000000 0.0000000000 1.0000000000

0.0000000000 0.0000000000 1.0000000000 2276.0000000000
0.0000000000 1.0000000000 0.0000000000 336.0000000000
-1.0000000000 0.0000000000 0.0000000000 1880.0000000000
0.0000000000 0.0000000000 0.0000000000 1.0000000000

0.0000000000 0.0000000000 1.0000000000 2276.0000000000
0.0000000000 1.0000000000 0.0000000000 335.6000000000
-1.0000000000 0.0000000000 0.0000000000 1880.0000000000
0.0000000000 0.0000000000 0.0000000000 1.0000000000

0.0000000000 0.0000000000 1.0000000000 2276.0000000000
0.0000000000 1.0000000000 0.0000000000 335.2000000000
-1.0000000000 0.0000000000 0.0000000000 1880.0000000000
0.0000000000 0.0000000000 0.0000000000 1.0000000000

0.0000000000 0.0000000000 1.0000000000 2276.0000000000
0.0000000000 1.0000000000 0.0000000000 334.8000000000
-1.0000000000 0.0000000000 0.0000000000 1880.0000000000
0.0000000000 0.0000000000 0.0000000000 1.0000000000

0.0000000000 0.0000000000 1.0000000000 2276.0000000000
0.0000000000 1.0000000000 0.0000000000 334.4000000000
-1.0000000000 0.0000000000 0.0000000000 1880.0000000000
0.0000000000 0.0000000000 0.0000000000 1.0000000000

0.0000000000 0.0000000000 1.0000000000 2276.0000000000
0.0000000000 1.0000000000 0.0000000000 334.0000000000
-1.0000000000 0.0000000000 0.0000000000 1880.0000000000
0.0000000000 0.0000000000 0.0000000000 1.0000000000

0.0000000000 0.0000000000 1.0000000000 2276.0000000000
0.0000000000 1.0000000000 0.0000000000 333.6000000000
-1.0000000000 0.0000000000 0.0000000000 1880.0000000000
0.0000000000 0.0000000000 0.0000000000 1.0000000000

0.0000000000 0.0000000000 1.0000000000 2276.0000000000
0.0000000000 1.0000000000 0.0000000000 333.2000000000
-1.0000000000 0.0000000000 0.0000000000 1880.0000000000
0.0000000000 0.0000000000 0.0000000000 1.0000000000

0.0000000000 0.0000000000 1.0000000000 2276.0000000000
0.0000000000 1.0000000000 0.0000000000 332.8000000000
-1.0000000000 0.0000000000 0.0000000000 1880.0000000000
0.0000000000 0.0000000000 0.0000000000 1.0000000000

0.0000000000 0.0000000000 1.0000000000 2276.0000000000
0.0000000000 1.0000000000 0.0000000000 332.4000000000
-1.0000000000 0.0000000000 0.0000000000 1880.0000000000
0.0000000000 0.0000000000 0.0000000000 1.0000000000

0.0000000000 0.0000000000 1.0000000000 2276.0000000000
0.0000000000 1.0000000000 0.0000000000 332.0000000000
-1.0000000000 0.0000000000 0.0000000000 1880.0000000000
0.0000000000 0.0000000000 0.0000000000 1.0000000000

0.0000000000 0.0000000000 1.0000000000 2276.0000000000
0.0000000000 1.0000000000 0.0000000000 331.6000000000
-1.0000000000 0.0000000000 0.0000000000 1880.0000000000
0.0000000000 0.0000000000 0.0000000000 1.0000000000

0.0000000000 0.0000000000 1.0000000000 2276.0000000000
0.0000000000 1.0000000000 0.0000000000 331.2000000000
-1.0000000000 0.0000000000 0.0000000000 1880.0000000000
0.0000000000 0.0000000000 0.0000000000 1.0000000000

0.0000000000 0.0000000000 1.0000000000 2276.0000000000
0.0000000000 1.0000000000 0.0000000000 330.8000000000
-1.0000000000 0.0000000000 0.0000000000 1880.0000000000
0.0000000000 0.0000000000 0.0000000000 1.0000000000

0.0000000000 0.0000000000 1.0000000000 2276.0000000000
0.0000000000 1.0000000000 0.0000000000 330.4000000000
-1.0000000000 0.0000000000 0.0000000000 1880.0000000000
0.0000000000 0.0000000000 0.0000000000 1.0000000000

0.0000000000 0.0000000000 1.0000000000 2276.0000000000
0.0000000000 1.0000000000 0.0000000000 330.0000000000
-1.0000000000 0.0000000000 0.0000000000 1880.0000000000
0.0000000000 0.0000000000 0.0000000000 1.0000000000

0.0000000000 0.0000000000 1.0000000000 2276.0000000000
0.0000000000 1.0000000000 0.0000000000 329.6000000000
-1.0000000000 0.0000000000 0.0000000000 1880.0000000000
0.0000000000 0.0000000000 0.0000000000 1.0000000000

0.0000000000 0.0000000000 1.0000000000 2276.0000000000
0.0000000000 1.0000000000 0.0000000000 329.2000000000
-1.0000000000 0.0000000000 0.0000000000 1880.0000000000
0.0000000000 0.0000000000 0.0000000000 1.0000000000

0.0000000000 0.0000000000 1.0000000000 2276.0000000000
0.0000000000 1.0000000000 0.0000000000 328.8000000000
-1.0000000000 0.0000000000 0.0000000000 1880.0000000000
0.0000000000 0.0000000000 0.0000000000 1.0000000000

0.0000000000 0.0000000000 1.0000000000 2276.0000000000
0.0000000000 1.0000000000 0.0000000000 328.4000000000
-1.0000000000 0.0000000000 0.0000000000 1880.0000000000
0.0000000000 0.0000000000 0.0000000000 1.0000000000

0.0000000000 0.0000000000 1.0000000000 2276.0000000000
0.0000000000 1.0000000000 0.0000000000 328.0000000000
-1.0000000000 0.0000000000 0.0000000000 1880.0000000000
0.0000000000 0.0000000000 0.0000000000 1.0000000000

0.0000000000 0.0000000000 1.0000000000 2276.0000000000
0.0000000000 1.0000000000 0.0000000000 327.6000000000
-1.0000000000 0.0000000000 0.0000000000 1880.0000000000
0.0000000000 0.0000000000 0.0000000000 1.0000000000

0.0000000000 0.0000000000 1.0000000000 2276.0000000000
0.0000000000 1.0000000000 0.0000000000 327.2000000000
-1.0000000000 0.0000000000 0.0000000000 1880.0000000000
0.0000000000 0.0000000000 0.0000000000 1.0000000000

0.0000000000 0.0000000000 1.0000000000 2276.0000000000
0.0000000000 1.0000000000 0.0000000000 326.8000000000
-1.0000000000 0.0000000000 0.0000000000 1880.0000000000
0.0000000000 0.0000000000 0.0000000000 1.0000000000

0.0000000000 0.0000000000 1.0000000000 2276.0000000000
0.0000000000 1.0000000000 0.0000000000 326.4000000000
-1.0000000000 0.0000000000 0.0000000000 1880.0000000000
0.0000000000 0.0000000000 0.0000000000 1.0000000000

0.0000000000 0.0000000000 1.0000000000 2276.0000000000
0.0000000000 1.0000000000 0.0000000000 326.0000000000
-1.0000000000 0.0000000000 0.0000000000 1880.0000000000
0.0000000000 0.0000000000 0.0000000000 1.0000000000

0.0000000000 0.0000000000 1.0000000000 2276.0000000000
0.0000000000 1.0000000000 0.0000000000 325.6000000000
-1.0000000000 0.0000000000 0.0000000000 1880.0000000000
0.0000000000 0.0000000000 0.0000000000 1.0000000000

0.0000000000 0.0000000000 1.0000000000 2276.0000000000
0.0000000000 1.0000000000 0.0000000000 325.2000000000
-1.0000000000 0.0000000000 0.0000000000 1880.0000000000
0.0000000000 0.0000000000 0.0000000000 1.0000000000

0.0000000000 0.0000000000 1.0000000000 2276.0000000000
0.0000000000 1.0000000000 0.0000000000 324.8000000000
-1.0000000000 0.0000000000 0.0000000000 1880.0000000000
0.0000000000 0.0000000000 0.0000000000 1.0000000000

0.0000000000 0.0000000000 1.0000000000 2276.0000000000
0.0000000000 1.0000000000 0.0000000000 324.4000000000
-1.0000000000 0.0000000000 0.0000000000 1880.0000000000
0.0000000000 0.0000000000 0.0000000000 1.0000000000

0.0000000000 0.0000000000 1.0000000000 2276.0000000000
0.0000000000 1.0000000000 0.0000000000 324.0000000000
-1.0000000000 0.0000000000 0.0000000000 1880.0000000000
0.0000000000 0.0000000000 0.0000000000 1.0000000000

0.0000000000 0.0000000000 1.0000000000 2276.0000000000
0.0000000000 1.0000000000 0.0000000000 323.6000000000
-1.0000000000 0.0000000000 0.0000000000 1880.0000000000
0.0000000000 0.0000000000 0.0000000000 1.0000000000

0.0000000000 0.0000000000 1.0000000000 2276.0000000000
0.0000000000 1.0000000000 0.0000000000 323.2000000000
-1.0000000000 0.0000000000 0.0000000000 1880.0000000000
0.0000000000 0.0000000000 0.0000000000 1.0000000000

0.0000000000 0.0000000000 1.0000000000 2276.0000000000
0.0000000000 1.0000000000 0.0000000000 322.8000000000
-1.0000000000 0.0000000000 0.0000000000 1880.0000000000
0.0000000000 0.0000000000 0.0000000000 1.0000000000

0.0000000000 0.0000000000 1.0000000000 2276.0000000000
0.0000000000 1.0000000000 0.0000000000 322.4000000000
-1.0000000000 0.0000000000 0.0000000000 1880.0000000000
0.0000000000 0.0000000000 0.0000000000 1.0000000000

0.0000000000 0.0000000000 1.0000000000 2276.0000000000
0.0000000000 1.0000000000 0.0000000000 322.0000000000
-1.0000000000 0.0000000000 0.0000000000 1880.0000000000
0.0000000000 0.0000000000 0.0000000000 1.0000000000

0.0000000000 0.0000000000 1.0000000000 2276.0000000000
0.0000000000 1.0000000000 0.0000000000 321.6000000000
-1.0000000000 0.0000000000 0.0000000000 1880.0000000000
0.0000000000 0.0000000000 0.0000000000 1.0000000000

0.0000000000 0.0000000000 1.0000000000 2276.0000000000
0.0000000000 1.0000000000 0.0000000000 321.2000000000
-1.0000000000 0.0000000000 0.0000000000 1880.0000000000
0.0000000000 0.0000000000 0.0000000000 1.0000000000

0.0000000000 0.0000000000 1.0000000000 2276.0000000000
0.0000000000 1.0000000000 0.0000000000 320.8000000000
-1.0000000000 0.0000000000 0.0000000000 1880.0000000000
0.0000000000 0.0000000000 0.0000000000 1.0000000000

0.0000000000 0.0000000000 1.0000000000 2276.0000000000
0.0000000000 1.0000000000 0.0000000000 320.4000000000
-1.0000000000 0.0000000000 0.0000000000 1880.0000000000
0.0000000000 0.0000000000 0.0000000000 1.0000000000

0.0000000000 0.0000000000 1.0000000000 2276.0000000000
0.0000000000 1.0000000000 0.0000000000 320.0000000000
-1.0000000000 0.0000000000 0.0000000000 1880.0000000000
0.0000000000 0.0000000000 0.0000000000 1.0000000000

0.0000000000 0.0000000000 1.0000000000 2276.0000000000
0.0000000000 1.0000000000 0.0000000000 319.6000000000
-1.0000000000 0.0000000000 0.0000000000 1880.0000000000
0.0000000000 0.0000000000 0.0000000000 1.0000000000

0.0000000000 0.0000000000 1.0000000000 2276.0000000000
0.0000000000 1.0000000000 0.0000000000 319.2000000000
-1.0000000000 0.0000000000 0.0000000000 1880.0000000000
0.0000000000 0.0000000000 0.0000000000 1.0000000000

0.0000000000 0.0000000000 1.0000000000 2276.0000000000
0.0000000000 1.0000000000 0.0000000000 318.8000000000
-1.0000000000 0.0000000000 0.0000000000 1880.0000000000
0.0000000000 0.0000000000 0.0000000000 1.0000000000

0.0000000000 0.0000000000 1.0000000000 2276.0000000000
0.0000000000 1.0000000000 0.0000000000 318.4000000000
-1.0000000000 0.0000000000 0.0000000000 1880.0000000000
0.0000000000 0.0000000000 0.0000000000 1.0000000000

0.0000000000 0.0000000000 1.0000000000 2276.0000000000
0.0000000000 1.0000000000 0.0000000000 318.0000000000
-1.0000000000 0.0000000000 0.0000000000 1880.0000000000
0.0000000000 0.0000000000 0.0000000000 1.0000000000

0.0000000000 0.0000000000 1.0000000000 2276.0000000000
0.0000000000 1.0000000000 0.0000000000 317.6000000000
-1.0000000000 0.0000000000 0.0000000000 1880.0000000000
0.0000000000 0.0000000000 0.0000000000 1.0000000000

0.0000000000 0.0000000000 1.0000000000 2276.0000000000
0.0000000000 1.0000000000 0.0000000000 317.2000000000
-1.0000000000 0.0000000000 0.0000000000 1880.0000000000
0.0000000000 0.0000000000 0.0000000000 1.0000000000

0.0000000000 0.0000000000 1.0000000000 2276.0000000000
0.0000000000 1.0000000000 0.0000000000 316.8000000000
-1.0000000000 0.0000000000 0.0000000000 1880.0000000000
0.0000000000 0.0000000000 0.0000000000 1.0000000000

0.0000000000 0.0000000000 1.0000000000 2276.0000000000
0.0000000000 1.0000000000 0.0000000000 316.4000000000
-1.0000000000 0.0000000000 0.0000000000 1880.0000000000
0.0000000000 0.0000000000 0.0000000000 1.0000000000

0.0000000000 0.0000000000 1.0000000000 2276.0000000000
0.0000000000 1.0000000000 0.0000000000 316.0000000000
-1.0000000000 0.0000000000 0.0000000000 1880.0000000000
0.0000000000 0.0000000000 0.0000000000 1.0000000000

0.0000000000 0.0000000000 1.0000000000 2276.0000000000
0.0000000000 1.0000000000 0.0000000000 315.6000000000
-1.0000000000 0.0000000000 0.0000000000 1880.0000000000
0.0000000000 0.0000000000 0.0000000000 1.0000000000

0.0000000000 0.0000000000 1.0000000000 2276.0000000000
0.0000000000 1.0000000000 0.0000000000 315.2000000000
-1.0000000000 0.0000000000 0.0000000000 1880.0000000000
0.0000000000 0.0000000000 0.0000000000 1.0000000000

0.0000000000 0.0000000000 1.0000000000 2276.0000000000
0.0000000000 1.0000000000 0.0000000000 314.8000000000
-1.0000000000 0.0000000000 0.0000000000 1880.0000000000
0.0000000000 0.0000000000 0.0000000000 1.0000000000

0.0000000000 0.0000000000 1.0000000000 2276.0000000000
0.0000000000 1.0000000000 0.0000000000 314.4000000000
-1.0000000000 0.0000000000 0.0000000000 1880.0000000000
0.0000000000 0.0000000000 0.0000000000 1.0000000000

0.0000000000 0.0000000000 1.0000000000 2276.0000000000
0.0000000000 1.0000000000 0.0000000000 314.0000000000
-1.0000000000 0.0000000000 0.0000000000 1880.0000000000
0.0000000000 0.0000000000 0.0000000000 1.0000000000

0.0000000000 0.0000000000 1.0000000000 2276.0000000000
0.0000000000 1.0000000000 0.0000000000 313.6000000000
-1.0000000000 0.0000000000 0.0000000000 1880.0000000000
0.0000000000 0.0000000000 0.0000000000 1.0000000000

0.0000000000 0.0000000000 1.0000000000 2276.0000000000
0.0000000000 1.0000000000 0.0000000000 313.2000000000
-1.0000000000 0.0000000000 0.0000000000 1880.0000000000
0.0000000000 0.0000000000 0.0000000000 1.0000000000

0.0000000000 0.0000000000 1.0000000000 2276.0000000000
0.0000000000 1.0000000000 0.0000000000 312.8000000000
-1.0000000000 0.0000000000 0.0000000000 1880.0000000000
0.0000000000 0.0000000000 0.0000000000 1.0000000000

0.0000000000 0.0000000000 1.0000000000 2276.0000000000
0.0000000000 1.0000000000 0.0000000000 312.4000000000
-1.0000000000 0.0000000000 0.0000000000 1880.0000000000
0.0000000000 0.0000000000 0.0000000000 1.0000000000

0.0000000000 0.0000000000 1.0000000000 2276.0000000000
0.0000000000 1.0000000000 0.0000000000 312.0000000000
-1.0000000000 0.0000000000 0.0000000000 1880.0000000000
0.0000000000 0.0000000000 0.0000000000 1.0000000000

0.0000000000 0.0000000000 1.0000000000 2276.0000000000
0.0000000000 1.0000000000 0.0000000000 311.6000000000
-1.0000000000 0.0000000000 0.0000000000 1880.0000000000
0.0000000000 0.0000000000 0.0000000000 1.0000000000

0.0000000000 0.0000000000 1.0000000000 2276.0000000000
0.0000000000 1.0000000000 0.0000000000 311.2000000000
-1.0000000000 0.0000000000 0.0000000000 1880.0000000000
0.0000000000 0.0000000000 0.0000000000 1.0000000000

0.0000000000 0.0000000000 1.0000000000 2276.0000000000
0.0000000000 1.0000000000 0.0000000000 310.8000000000
-1.0000000000 0.0000000000 0.0000000000 1880.0000000000
0.0000000000 0.0000000000 0.0000000000 1.0000000000

0.0000000000 0.0000000000 1.0000000000 2276.0000000000
0.0000000000 1.0000000000 0.0000000000 310.4000000000
-1.0000000000 0.0000000000 0.0000000000 1880.0000000000
0.0000000000 0.0000000000 0.0000000000 1.0000000000

0.0000000000 0.0000000000 1.0000000000 2276.0000000000
0.0000000000 1.0000000000 0.0000000000 310.0000000000
-1.0000000000 0.0000000000 0.0000000000 1880.0000000000
0.0000000000 0.0000000000 0.0000000000 1.0000000000

0.0000000000 0.0000000000 1.0000000000 2276.0000000000
0.0000000000 1.0000000000 0.0000000000 309.6000000000
-1.0000000000 0.0000000000 0.0000000000 1880.0000000000
0.0000000000 0.0000000000 0.0000000000 1.0000000000

0.0000000000 0.0000000000 1.0000000000 2276.0000000000
0.0000000000 1.0000000000 0.0000000000 309.2000000000
-1.0000000000 0.0000000000 0.0000000000 1880.0000000000
0.0000000000 0.0000000000 0.0000000000 1.0000000000

0.0000000000 0.0000000000 1.0000000000 2276.0000000000
0.0000000000 1.0000000000 0.0000000000 308.8000000000
-1.0000000000 0.0000000000 0.0000000000 1880.0000000000
0.0000000000 0.0000000000 0.0000000000 1.0000000000

0.0000000000 0.0000000000 1.0000000000 2276.0000000000
0.0000000000 1.0000000000 0.0000000000 308.4000000000
-1.0000000000 0.0000000000 0.0000000000 1880.0000000000
0.0000000000 0.0000000000 0.0000000000 1.0000000000

0.0000000000 0.0000000000 1.0000000000 2276.0000000000
0.0000000000 1.0000000000 0.0000000000 308.0000000000
-1.0000000000 0.0000000000 0.0000000000 1880.0000000000
0.0000000000 0.0000000000 0.0000000000 1.0000000000

0.0000000000 0.0000000000 1.0000000000 2276.0000000000
0.0000000000 1.0000000000 0.0000000000 307.6000000000
-1.0000000000 0.0000000000 0.0000000000 1880.0000000000
0.0000000000 0.0000000000 0.0000000000 1.0000000000

0.0000000000 0.0000000000 1.0000000000 2276.0000000000
0.0000000000 1.0000000000 0.0000000000 307.2000000000
-1.0000000000 0.0000000000 0.0000000000 1880.0000000000
0.0000000000 0.0000000000 0.0000000000 1.0000000000

0.0000000000 0.0000000000 1.0000000000 2276.0000000000
0.0000000000 1.0000000000 0.0000000000 306.8000000000
-1.0000000000 0.0000000000 0.0000000000 1880.0000000000
0.0000000000 0.0000000000 0.0000000000 1.0000000000

0.0000000000 0.0000000000 1.0000000000 2276.0000000000
0.0000000000 1.0000000000 0.0000000000 306.4000000000
-1.0000000000 0.0000000000 0.0000000000 1880.0000000000
0.0000000000 0.0000000000 0.0000000000 1.0000000000

0.0000000000 0.0000000000 1.0000000000 2276.0000000000
0.0000000000 1.0000000000 0.0000000000 306.0000000000
-1.0000000000 0.0000000000 0.0000000000 1880.0000000000
0.0000000000 0.0000000000 0.0000000000 1.0000000000

0.0000000000 0.0000000000 1.0000000000 2276.0000000000
0.0000000000 1.0000000000 0.0000000000 305.6000000000
-1.0000000000 0.0000000000 0.0000000000 1880.0000000000
0.0000000000 0.0000000000 0.0000000000 1.0000000000

0.0000000000 0.0000000000 1.0000000000 2276.0000000000
0.0000000000 1.0000000000 0.0000000000 305.2000000000
-1.0000000000 0.0000000000 0.0000000000 1880.0000000000
0.0000000000 0.0000000000 0.0000000000 1.0000000000

0.0000000000 0.0000000000 1.0000000000 2276.0000000000
0.0000000000 1.0000000000 0.0000000000 304.8000000000
-1.0000000000 0.0000000000 0.0000000000 1880.0000000000
0.0000000000 0.0000000000 0.0000000000 1.0000000000

0.0000000000 0.0000000000 1.0000000000 2276.0000000000
0.0000000000 1.0000000000 0.0000000000 304.4000000000
-1.0000000000 0.0000000000 0.0000000000 1880.0000000000
0.0000000000 0.0000000000 0.0000000000 1.0000000000

0.0000000000 0.0000000000 1.0000000000 2276.0000000000
0.0000000000 1.0000000000 0.0000000000 304.0000000000
-1.0000000000 0.0000000000 0.0000000000 1880.0000000000
0.0000000000 0.0000000000 0.0000000000 1.0000000000

0.0000000000 0.0000000000 1.0000000000 2276.0000000000
0.0000000000 1.0000000000 0.0000000000 303.6000000000
-1.0000000000 0.0000000000 0.0000000000 1880.0000000000
0.0000000000 0.0000000000 0.0000000000 1.0000000000

0.0000000000 0.0000000000 1.0000000000 2276.0000000000
0.0000000000 1.0000000000 0.0000000000 303.2000000000
-1.0000000000 0.0000000000 0.0000000000 1880.0000000000
0.0000000000 0.0000000000 0.0000000000 1.0000000000

0.0000000000 0.0000000000 1.0000000000 2276.0000000000
0.0000000000 1.0000000000 0.0000000000 302.8000000000
-1.0000000000 0.0000000000 0.0000000000 1880.0000000000
0.0000000000 0.0000000000 0.0000000000 1.0000000000

0.0000000000 0.0000000000 1.0000000000 2276.0000000000
0.0000000000 1.0000000000 0.0000000000 302.4000000000
-1.0000000000 0.0000000000 0.0000000000 1880.0000000000
0.0000000000 0.0000000000 0.0000000000 1.0000000000

0.0000000000 0.0000000000 1.0000000000 2276.0000000000
0.0000000000 1.0000000000 0.0000000000 302.0000000000
-1.0000000000 0.0000000000 0.0000000000 1880.0000000000
0.0000000000 0.0000000000 0.0000000000 1.0000000000

0.0000000000 0.0000000000 1.0000000000 2276.0000000000
0.0000000000 1.0000000000 0.0000000000 301.6000000000
-1.0000000000 0.0000000000 0.0000000000 1880.0000000000
0.0000000000 0.0000000000 0.0000000000 1.0000000000

0.0000000000 0.0000000000 1.0000000000 2276.0000000000
0.0000000000 1.0000000000 0.0000000000 301.2000000000
-1.0000000000 0.0000000000 0.0000000000 1880.0000000000
0.0000000000 0.0000000000 0.0000000000 1.0000000000

0.0000000000 0.0000000000 1.0000000000 2276.0000000000
0.0000000000 1.0000000000 0.0000000000 300.8000000000
-1.0000000000 0.0000000000 0.0000000000 1880.0000000000
0.0000000000 0.0000000000 0.0000000000 1.0000000000

0.0000000000 0.0000000000 1.0000000000 2276.0000000000
0.0000000000 1.0000000000 0.0000000000 300.4000000000
-1.0000000000 0.0000000000 0.0000000000 1880.0000000000
0.0000000000 0.0000000000 0.0000000000 1.0000000000

0.0000000000 0.0000000000 1.0000000000 2276.0000000000
0.0000000000 1.0000000000 0.0000000000 300.0000000000
-1.0000000000 0.0000000000 0.0000000000 1880.0000000000
0.0000000000 0.0000000000 0.0000000000 1.0000000000

0.0000000000 0.0000000000 1.0000000000 2276.0000000000
0.0000000000 1.0000000000 0.0000000000 299.6000000000
-1.0000000000 0.0000000000 0.0000000000 1880.0000000000
0.0000000000 0.0000000000 0.0000000000 1.0000000000

0.0000000000 0.0000000000 1.0000000000 2276.0000000000
0.0000000000 1.0000000000 0.0000000000 299.2000000000
-1.0000000000 0.0000000000 0.0000000000 1880.0000000000
0.0000000000 0.0000000000 0.0000000000 1.0000000000

0.0000000000 0.0000000000 1.0000000000 2276.0000000000
0.0000000000 1.0000000000 0.0000000000 298.8000000000
-1.0000000000 0.0000000000 0.0000000000 1880.0000000000
0.0000000000 0.0000000000 0.0000000000 1.0000000000

0.0000000000 0.0000000000 1.0000000000 2276.0000000000
0.0000000000 1.0000000000 0.0000000000 298.4000000000
-1.0000000000 0.0000000000 0.0000000000 1880.0000000000
0.0000000000 0.0000000000 0.0000000000 1.0000000000

0.0000000000 0.0000000000 1.0000000000 2276.0000000000
0.0000000000 1.0000000000 0.0000000000 298.0000000000
-1.0000000000 0.0000000000 0.0000000000 1880.0000000000
0.0000000000 0.0000000000 0.0000000000 1.0000000000

0.0000000000 0.0000000000 1.0000000000 2276.0000000000
0.0000000000 1.0000000000 0.0000000000 297.6000000000
-1.0000000000 0.0000000000 0.0000000000 1880.0000000000
0.0000000000 0.0000000000 0.0000000000 1.0000000000

0.0000000000 0.0000000000 1.0000000000 2276.0000000000
0.0000000000 1.0000000000 0.0000000000 297.2000000000
-1.0000000000 0.0000000000 0.0000000000 1880.0000000000
0.0000000000 0.0000000000 0.0000000000 1.0000000000

0.0000000000 0.0000000000 1.0000000000 2276.0000000000
0.0000000000 1.0000000000 0.0000000000 296.8000000000
-1.0000000000 0.0000000000 0.0000000000 1880.0000000000
0.0000000000 0.0000000000 0.0000000000 1.0000000000

0.0000000000 0.0000000000 1.0000000000 2276.0000000000
0.0000000000 1.0000000000 0.0000000000 296.4000000000
-1.0000000000 0.0000000000 0.0000000000 1880.0000000000
0.0000000000 0.0000000000 0.0000000000 1.0000000000

0.0000000000 0.0000000000 1.0000000000 2276.0000000000
0.0000000000 1.0000000000 0.0000000000 296.0000000000
-1.0000000000 0.0000000000 0.0000000000 1880.0000000000
0.0000000000 0.0000000000 0.0000000000 1.0000000000

0.0000000000 0.0000000000 1.0000000000 2276.0000000000
0.0000000000 1.0000000000 0.0000000000 295.6000000000
-1.0000000000 0.0000000000 0.0000000000 1880.0000000000
0.0000000000 0.0000000000 0.0000000000 1.0000000000

0.0000000000 0.0000000000 1.0000000000 2276.0000000000
0.0000000000 1.0000000000 0.0000000000 295.2000000000
-1.0000000000 0.0000000000 0.0000000000 1880.0000000000
0.0000000000 0.0000000000 0.0000000000 1.0000000000

0.0000000000 0.0000000000 1.0000000000 2276.0000000000
0.0000000000 1.0000000000 0.0000000000 294.8000000000
-1.0000000000 0.0000000000 0.0000000000 1880.0000000000
0.0000000000 0.0000000000 0.0000000000 1.0000000000

0.0000000000 0.0000000000 1.0000000000 2276.0000000000
0.0000000000 1.0000000000 0.0000000000 294.4000000000
-1.0000000000 0.0000000000 0.0000000000 1880.0000000000
0.0000000000 0.0000000000 0.0000000000 1.0000000000

0.0000000000 0.0000000000 1.0000000000 2276.0000000000
0.0000000000 1.0000000000 0.0000000000 294.0000000000
-1.0000000000 0.0000000000 0.0000000000 1880.0000000000
0.0000000000 0.0000000000 0.0000000000 1.0000000000

0.0000000000 0.0000000000 1.0000000000 2276.0000000000
0.0000000000 1.0000000000 0.0000000000 293.6000000000
-1.0000000000 0.0000000000 0.0000000000 1880.0000000000
0.0000000000 0.0000000000 0.0000000000 1.0000000000

0.0000000000 0.0000000000 1.0000000000 2276.0000000000
0.0000000000 1.0000000000 0.0000000000 293.2000000000
-1.0000000000 0.0000000000 0.0000000000 1880.0000000000
0.0000000000 0.0000000000 0.0000000000 1.0000000000

0.0000000000 0.0000000000 1.0000000000 2276.0000000000
0.0000000000 1.0000000000 0.0000000000 292.8000000000
-1.0000000000 0.0000000000 0.0000000000 1880.0000000000
0.0000000000 0.0000000000 0.0000000000 1.0000000000

0.0000000000 0.0000000000 1.0000000000 2276.0000000000
0.0000000000 1.0000000000 0.0000000000 292.4000000000
-1.0000000000 0.0000000000 0.0000000000 1880.0000000000
0.0000000000 0.0000000000 0.0000000000 1.0000000000

0.0000000000 0.0000000000 1.0000000000 2276.0000000000
0.0000000000 1.0000000000 0.0000000000 292.0000000000
-1.0000000000 0.0000000000 0.0000000000 1880.0000000000
0.0000000000 0.0000000000 0.0000000000 1.0000000000

0.0000000000 0.0000000000 1.0000000000 2276.0000000000
0.0000000000 1.0000000000 0.0000000000 291.6000000000
-1.0000000000 0.0000000000 0.0000000000 1880.0000000000
0.0000000000 0.0000000000 0.0000000000 1.0000000000

0.0000000000 0.0000000000 1.0000000000 2276.0000000000
0.0000000000 1.0000000000 0.0000000000 291.2000000000
-1.0000000000 0.0000000000 0.0000000000 1880.0000000000
0.0000000000 0.0000000000 0.0000000000 1.0000000000

0.0000000000 0.0000000000 1.0000000000 2276.0000000000
0.0000000000 1.0000000000 0.0000000000 290.8000000000
-1.0000000000 0.0000000000 0.0000000000 1880.0000000000
0.0000000000 0.0000000000 0.0000000000 1.0000000000

0.0000000000 0.0000000000 1.0000000000 2276.0000000000
0.0000000000 1.0000000000 0.0000000000 290.4000000000
-1.0000000000 0.0000000000 0.0000000000 1880.0000000000
0.0000000000 0.0000000000 0.0000000000 1.0000000000

0.0000000000 0.0000000000 1.0000000000 2276.0000000000
0.0000000000 1.0000000000 0.0000000000 290.0000000000
-1.0000000000 0.0000000000 0.0000000000 1880.0000000000
0.0000000000 0.0000000000 0.0000000000 1.0000000000

0.0000000000 0.0000000000 1.0000000000 2276.0000000000
0.0000000000 1.0000000000 0.0000000000 289.6000000000
-1.0000000000 0.0000000000 0.0000000000 1880.0000000000
0.0000000000 0.0000000000 0.0000000000 1.0000000000

0.0000000000 0.0000000000 1.0000000000 2276.0000000000
0.0000000000 1.0000000000 0.0000000000 289.2000000000
-1.0000000000 0.0000000000 0.0000000000 1880.0000000000
0.0000000000 0.0000000000 0.0000000000 1.0000000000

0.0000000000 0.0000000000 1.0000000000 2276.0000000000
0.0000000000 1.0000000000 0.0000000000 288.8000000000
-1.0000000000 0.0000000000 0.0000000000 1880.0000000000
0.0000000000 0.0000000000 0.0000000000 1.0000000000

0.0000000000 0.0000000000 1.0000000000 2276.0000000000
0.0000000000 1.0000000000 0.0000000000 288.4000000000
-1.0000000000 0.0000000000 0.0000000000 1880.0000000000
0.0000000000 0.0000000000 0.0000000000 1.0000000000

0.0000000000 0.0000000000 1.0000000000 2276.0000000000
0.0000000000 1.0000000000 0.0000000000 288.0000000000
-1.0000000000 0.0000000000 0.0000000000 1880.0000000000
0.0000000000 0.0000000000 0.0000000000 1.0000000000

0.0000000000 0.0000000000 1.0000000000 2276.0000000000
0.0000000000 1.0000000000 0.0000000000 287.6000000000
-1.0000000000 0.0000000000 0.0000000000 1880.0000000000
0.0000000000 0.0000000000 0.0000000000 1.0000000000

0.0000000000 0.0000000000 1.0000000000 2276.0000000000
0.0000000000 1.0000000000 0.0000000000 287.2000000000
-1.0000000000 0.0000000000 0.0000000000 1880.0000000000
0.0000000000 0.0000000000 0.0000000000 1.0000000000

0.0000000000 0.0000000000 1.0000000000 2276.0000000000
0.0000000000 1.0000000000 0.0000000000 286.8000000000
-1.0000000000 0.0000000000 0.0000000000 1880.0000000000
0.0000000000 0.0000000000 0.0000000000 1.0000000000

0.0000000000 0.0000000000 1.0000000000 2276.0000000000
0.0000000000 1.0000000000 0.0000000000 286.4000000000
-1.0000000000 0.0000000000 0.0000000000 1880.0000000000
0.0000000000 0.0000000000 0.0000000000 1.0000000000

0.0000000000 0.0000000000 1.0000000000 2276.0000000000
0.0000000000 1.0000000000 0.0000000000 286.0000000000
-1.0000000000 0.0000000000 0.0000000000 1880.0000000000
0.0000000000 0.0000000000 0.0000000000 1.0000000000

0.0000000000 0.0000000000 1.0000000000 2276.0000000000
0.0000000000 1.0000000000 0.0000000000 285.6000000000
-1.0000000000 0.0000000000 0.0000000000 1880.0000000000
0.0000000000 0.0000000000 0.0000000000 1.0000000000

0.0000000000 0.0000000000 1.0000000000 2276.0000000000
0.0000000000 1.0000000000 0.0000000000 285.2000000000
-1.0000000000 0.0000000000 0.0000000000 1880.0000000000
0.0000000000 0.0000000000 0.0000000000 1.0000000000

0.0000000000 0.0000000000 1.0000000000 2276.0000000000
0.0000000000 1.0000000000 0.0000000000 284.8000000000
-1.0000000000 0.0000000000 0.0000000000 1880.0000000000
0.0000000000 0.0000000000 0.0000000000 1.0000000000

0.0000000000 0.0000000000 1.0000000000 2276.0000000000
0.0000000000 1.0000000000 0.0000000000 284.4000000000
-1.0000000000 0.0000000000 0.0000000000 1880.0000000000
0.0000000000 0.0000000000 0.0000000000 1.0000000000

0.0000000000 0.0000000000 1.0000000000 2276.0000000000
0.0000000000 1.0000000000 0.0000000000 284.0000000000
-1.0000000000 0.0000000000 0.0000000000 1880.0000000000
0.0000000000 0.0000000000 0.0000000000 1.0000000000

0.0000000000 0.0000000000 1.0000000000 2276.0000000000
0.0000000000 1.0000000000 0.0000000000 283.6000000000
-1.0000000000 0.0000000000 0.0000000000 1880.0000000000
0.0000000000 0.0000000000 0.0000000000 1.0000000000

0.0000000000 0.0000000000 1.0000000000 2276.0000000000
0.0000000000 1.0000000000 0.0000000000 283.2000000000
-1.0000000000 0.0000000000 0.0000000000 1880.0000000000
0.0000000000 0.0000000000 0.0000000000 1.0000000000

0.0000000000 0.0000000000 1.0000000000 2276.0000000000
0.0000000000 1.0000000000 0.0000000000 282.8000000000
-1.0000000000 0.0000000000 0.0000000000 1880.0000000000
0.0000000000 0.0000000000 0.0000000000 1.0000000000

0.0000000000 0.0000000000 1.0000000000 2276.0000000000
0.0000000000 1.0000000000 0.0000000000 282.4000000000
-1.0000000000 0.0000000000 0.0000000000 1880.0000000000
0.0000000000 0.0000000000 0.0000000000 1.0000000000

0.0000000000 0.0000000000 1.0000000000 2276.0000000000
0.0000000000 1.0000000000 0.0000000000 282.0000000000
-1.0000000000 0.0000000000 0.0000000000 1880.0000000000
0.0000000000 0.0000000000 0.0000000000 1.0000000000

0.0000000000 0.0000000000 1.0000000000 2276.0000000000
0.0000000000 1.0000000000 0.0000000000 281.6000000000
-1.0000000000 0.0000000000 0.0000000000 1880.0000000000
0.0000000000 0.0000000000 0.0000000000 1.0000000000

0.0000000000 0.0000000000 1.0000000000 2276.0000000000
0.0000000000 1.0000000000 0.0000000000 281.2000000000
-1.0000000000 0.0000000000 0.0000000000 1880.0000000000
0.0000000000 0.0000000000 0.0000000000 1.0000000000

0.0000000000 0.0000000000 1.0000000000 2276.0000000000
0.0000000000 1.0000000000 0.0000000000 280.8000000000
-1.0000000000 0.0000000000 0.0000000000 1880.0000000000
0.0000000000 0.0000000000 0.0000000000 1.0000000000

0.0000000000 0.0000000000 1.0000000000 2276.0000000000
0.0000000000 1.0000000000 0.0000000000 280.4000000000
-1.0000000000 0.0000000000 0.0000000000 1880.0000000000
0.0000000000 0.0000000000 0.0000000000 1.0000000000

0.0000000000 0.0000000000 1.0000000000 2276.0000000000
0.0000000000 1.0000000000 0.0000000000 280.0000000000
-1.0000000000 0.0000000000 0.0000000000 1880.0000000000
0.0000000000 0.0000000000 0.0000000000 1.0000000000

0.0000000000 0.0000000000 1.0000000000 2276.0000000000
0.0000000000 1.0000000000 0.0000000000 279.6000000000
-1.0000000000 0.0000000000 0.0000000000 1880.0000000000
0.0000000000 0.0000000000 0.0000000000 1.0000000000

0.0000000000 0.0000000000 1.0000000000 2276.0000000000
0.0000000000 1.0000000000 0.0000000000 279.2000000000
-1.0000000000 0.0000000000 0.0000000000 1880.0000000000
0.0000000000 0.0000000000 0.0000000000 1.0000000000

0.0000000000 0.0000000000 1.0000000000 2276.0000000000
0.0000000000 1.0000000000 0.0000000000 278.8000000000
-1.0000000000 0.0000000000 0.0000000000 1880.0000000000
0.0000000000 0.0000000000 0.0000000000 1.0000000000

0.0000000000 0.0000000000 1.0000000000 2276.0000000000
0.0000000000 1.0000000000 0.0000000000 278.4000000000
-1.0000000000 0.0000000000 0.0000000000 1880.0000000000
0.0000000000 0.0000000000 0.0000000000 1.0000000000

0.0000000000 0.0000000000 1.0000000000 2276.0000000000
0.0000000000 1.0000000000 0.0000000000 278.0000000000
-1.0000000000 0.0000000000 0.0000000000 1880.0000000000
0.0000000000 0.0000000000 0.0000000000 1.0000000000

0.0000000000 0.0000000000 1.0000000000 2276.0000000000
0.0000000000 1.0000000000 0.0000000000 277.6000000000
-1.0000000000 0.0000000000 0.0000000000 1880.0000000000
0.0000000000 0.0000000000 0.0000000000 1.0000000000

0.0000000000 0.0000000000 1.0000000000 2276.0000000000
0.0000000000 1.0000000000 0.0000000000 277.2000000000
-1.0000000000 0.0000000000 0.0000000000 1880.0000000000
0.0000000000 0.0000000000 0.0000000000 1.0000000000

0.0000000000 0.0000000000 1.0000000000 2276.0000000000
0.0000000000 1.0000000000 0.0000000000 276.8000000000
-1.0000000000 0.0000000000 0.0000000000 1880.0000000000
0.0000000000 0.0000000000 0.0000000000 1.0000000000

0.0000000000 0.0000000000 1.0000000000 2276.0000000000
0.0000000000 1.0000000000 0.0000000000 276.4000000000
-1.0000000000 0.0000000000 0.0000000000 1880.0000000000
0.0000000000 0.0000000000 0.0000000000 1.0000000000

0.0000000000 0.0000000000 1.0000000000 2276.0000000000
0.0000000000 1.0000000000 0.0000000000 276.0000000000
-1.0000000000 0.0000000000 0.0000000000 1880.0000000000
0.0000000000 0.0000000000 0.0000000000 1.0000000000

0.0000000000 0.0000000000 1.0000000000 2276.0000000000
0.0000000000 1.0000000000 0.0000000000 275.6000000000
-1.0000000000 0.0000000000 0.0000000000 1880.0000000000
0.0000000000 0.0000000000 0.0000000000 1.0000000000

0.0000000000 0.0000000000 1.0000000000 2276.0000000000
0.0000000000 1.0000000000 0.0000000000 275.2000000000
-1.0000000000 0.0000000000 0.0000000000 1880.0000000000
0.0000000000 0.0000000000 0.0000000000 1.0000000000

0.0000000000 0.0000000000 1.0000000000 2276.0000000000
0.0000000000 1.0000000000 0.0000000000 274.8000000000
-1.0000000000 0.0000000000 0.0000000000 1880.0000000000
0.0000000000 0.0000000000 0.0000000000 1.0000000000

0.0000000000 0.0000000000 1.0000000000 2276.0000000000
0.0000000000 1.0000000000 0.0000000000 274.4000000000
-1.0000000000 0.0000000000 0.0000000000 1880.0000000000
0.0000000000 0.0000000000 0.0000000000 1.0000000000

0.0000000000 0.0000000000 1.0000000000 2276.0000000000
0.0000000000 1.0000000000 0.0000000000 274.0000000000
-1.0000000000 0.0000000000 0.0000000000 1880.0000000000
0.0000000000 0.0000000000 0.0000000000 1.0000000000

0.0000000000 0.0000000000 1.0000000000 2276.0000000000
0.0000000000 1.0000000000 0.0000000000 273.6000000000
-1.0000000000 0.0000000000 0.0000000000 1880.0000000000
0.0000000000 0.0000000000 0.0000000000 1.0000000000

0.0000000000 0.0000000000 1.0000000000 2276.0000000000
0.0000000000 1.0000000000 0.0000000000 273.2000000000
-1.0000000000 0.0000000000 0.0000000000 1880.0000000000
0.0000000000 0.0000000000 0.0000000000 1.0000000000

0.0000000000 0.0000000000 1.0000000000 2276.0000000000
0.0000000000 1.0000000000 0.0000000000 272.8000000000
-1.0000000000 0.0000000000 0.0000000000 1880.0000000000
0.0000000000 0.0000000000 0.0000000000 1.0000000000

0.0000000000 0.0000000000 1.0000000000 2276.0000000000
0.0000000000 1.0000000000 0.0000000000 272.4000000000
-1.0000000000 0.0000000000 0.0000000000 1880.0000000000
0.0000000000 0.0000000000 0.0000000000 1.0000000000

0.0000000000 0.0000000000 1.0000000000 2276.0000000000
0.0000000000 1.0000000000 0.0000000000 272.0000000000
-1.0000000000 0.0000000000 0.0000000000 1880.0000000000
0.0000000000 0.0000000000 0.0000000000 1.0000000000

0.0000000000 0.0000000000 1.0000000000 2276.0000000000
0.0000000000 1.0000000000 0.0000000000 271.6000000000
-1.0000000000 0.0000000000 0.0000000000 1880.0000000000
0.0000000000 0.0000000000 0.0000000000 1.0000000000

0.0000000000 0.0000000000 1.0000000000 2276.0000000000
0.0000000000 1.0000000000 0.0000000000 271.2000000000
-1.0000000000 0.0000000000 0.0000000000 1880.0000000000
0.0000000000 0.0000000000 0.0000000000 1.0000000000

0.0000000000 0.0000000000 1.0000000000 2276.0000000000
0.0000000000 1.0000000000 0.0000000000 270.8000000000
-1.0000000000 0.0000000000 0.0000000000 1880.0000000000
0.0000000000 0.0000000000 0.0000000000 1.0000000000

0.0000000000 0.0000000000 1.0000000000 2276.0000000000
0.0000000000 1.0000000000 0.0000000000 270.4000000000
-1.0000000000 0.0000000000 0.0000000000 1880.0000000000
0.0000000000 0.0000000000 0.0000000000 1.0000000000

0.0000000000 0.0000000000 1.0000000000 2276.0000000000
0.0000000000 1.0000000000 0.0000000000 270.0000000000
-1.0000000000 0.0000000000 0.0000000000 1880.0000000000
0.0000000000 0.0000000000 0.0000000000 1.0000000000

0.0000000000 0.0000000000 1.0000000000 2276.0000000000
0.0000000000 1.0000000000 0.0000000000 269.6000000000
-1.0000000000 0.0000000000 0.0000000000 1880.0000000000
0.0000000000 0.0000000000 0.0000000000 1.0000000000

0.0000000000 0.0000000000 1.0000000000 2276.0000000000
0.0000000000 1.0000000000 0.0000000000 269.2000000000
-1.0000000000 0.0000000000 0.0000000000 1880.0000000000
0.0000000000 0.0000000000 0.0000000000 1.0000000000

0.0000000000 0.0000000000 1.0000000000 2276.0000000000
0.0000000000 1.0000000000 0.0000000000 268.8000000000
-1.0000000000 0.0000000000 0.0000000000 1880.0000000000
0.0000000000 0.0000000000 0.0000000000 1.0000000000

0.0000000000 0.0000000000 1.0000000000 2276.0000000000
0.0000000000 1.0000000000 0.0000000000 268.4000000000
-1.0000000000 0.0000000000 0.0000000000 1880.0000000000
0.0000000000 0.0000000000 0.0000000000 1.0000000000

0.0000000000 0.0000000000 1.0000000000 2276.0000000000
0.0000000000 1.0000000000 0.0000000000 268.0000000000
-1.0000000000 0.0000000000 0.0000000000 1880.0000000000
0.0000000000 0.0000000000 0.0000000000 1.0000000000

0.0000000000 0.0000000000 1.0000000000 2276.0000000000
0.0000000000 1.0000000000 0.0000000000 267.6000000000
-1.0000000000 0.0000000000 0.0000000000 1880.0000000000
0.0000000000 0.0000000000 0.0000000000 1.0000000000

0.0000000000 0.0000000000 1.0000000000 2276.0000000000
0.0000000000 1.0000000000 0.0000000000 267.2000000000
-1.0000000000 0.0000000000 0.0000000000 1880.0000000000
0.0000000000 0.0000000000 0.0000000000 1.0000000000

0.0000000000 0.0000000000 1.0000000000 2276.0000000000
0.0000000000 1.0000000000 0.0000000000 266.8000000000
-1.0000000000 0.0000000000 0.0000000000 1880.0000000000
0.0000000000 0.0000000000 0.0000000000 1.0000000000

0.0000000000 0.0000000000 1.0000000000 2276.0000000000
0.0000000000 1.0000000000 0.0000000000 266.4000000000
-1.0000000000 0.0000000000 0.0000000000 1880.0000000000
0.0000000000 0.0000000000 0.0000000000 1.0000000000

0.0000000000 0.0000000000 1.0000000000 2276.0000000000
0.0000000000 1.0000000000 0.0000000000 266.0000000000
-1.0000000000 0.0000000000 0.0000000000 1880.0000000000
0.0000000000 0.0000000000 0.0000000000 1.0000000000

0.0000000000 0.0000000000 1.0000000000 2276.0000000000
0.0000000000 1.0000000000 0.0000000000 265.6000000000
-1.0000000000 0.0000000000 0.0000000000 1880.0000000000
0.0000000000 0.0000000000 0.0000000000 1.0000000000

0.0000000000 0.0000000000 1.0000000000 2276.0000000000
0.0000000000 1.0000000000 0.0000000000 265.2000000000
-1.0000000000 0.0000000000 0.0000000000 1880.0000000000
0.0000000000 0.0000000000 0.0000000000 1.0000000000

0.0000000000 0.0000000000 1.0000000000 2276.0000000000
0.0000000000 1.0000000000 0.0000000000 264.8000000000
-1.0000000000 0.0000000000 0.0000000000 1880.0000000000
0.0000000000 0.0000000000 0.0000000000 1.0000000000

0.0000000000 0.0000000000 1.0000000000 2276.0000000000
0.0000000000 1.0000000000 0.0000000000 264.4000000000
-1.0000000000 0.0000000000 0.0000000000 1880.0000000000
0.0000000000 0.0000000000 0.0000000000 1.0000000000

0.0000000000 0.0000000000 1.0000000000 2276.0000000000
0.0000000000 1.0000000000 0.0000000000 264.0000000000
-1.0000000000 0.0000000000 0.0000000000 1880.0000000000
0.0000000000 0.0000000000 0.0000000000 1.0000000000

0.0000000000 0.0000000000 1.0000000000 2276.0000000000
0.0000000000 1.0000000000 0.0000000000 263.6000000000
-1.0000000000 0.0000000000 0.0000000000 1880.0000000000
0.0000000000 0.0000000000 0.0000000000 1.0000000000

0.0000000000 0.0000000000 1.0000000000 2276.0000000000
0.0000000000 1.0000000000 0.0000000000 263.2000000000
-1.0000000000 0.0000000000 0.0000000000 1880.0000000000
0.0000000000 0.0000000000 0.0000000000 1.0000000000

0.0000000000 0.0000000000 1.0000000000 2276.0000000000
0.0000000000 1.0000000000 0.0000000000 262.8000000000
-1.0000000000 0.0000000000 0.0000000000 1880.0000000000
0.0000000000 0.0000000000 0.0000000000 1.0000000000

0.0000000000 0.0000000000 1.0000000000 2276.0000000000
0.0000000000 1.0000000000 0.0000000000 262.4000000000
-1.0000000000 0.0000000000 0.0000000000 1880.0000000000
0.0000000000 0.0000000000 0.0000000000 1.0000000000

0.0000000000 0.0000000000 1.0000000000 2276.0000000000
0.0000000000 1.0000000000 0.0000000000 262.0000000000
-1.0000000000 0.0000000000 0.0000000000 1880.0000000000
0.0000000000 0.0000000000 0.0000000000 1.0000000000

0.0000000000 0.0000000000 1.0000000000 2276.0000000000
0.0000000000 1.0000000000 0.0000000000 261.6000000000
-1.0000000000 0.0000000000 0.0000000000 1880.0000000000
0.0000000000 0.0000000000 0.0000000000 1.0000000000

0.0000000000 0.0000000000 1.0000000000 2276.0000000000
0.0000000000 1.0000000000 0.0000000000 261.2000000000
-1.0000000000 0.0000000000 0.0000000000 1880.0000000000
0.0000000000 0.0000000000 0.0000000000 1.0000000000

0.0000000000 0.0000000000 1.0000000000 2276.0000000000
0.0000000000 1.0000000000 0.0000000000 260.8000000000
-1.0000000000 0.0000000000 0.0000000000 1880.0000000000
0.0000000000 0.0000000000 0.0000000000 1.0000000000

0.0000000000 0.0000000000 1.0000000000 2276.0000000000
0.0000000000 1.0000000000 0.0000000000 260.4000000000
-1.0000000000 0.0000000000 0.0000000000 1880.0000000000
0.0000000000 0.0000000000 0.0000000000 1.0000000000

0.0000000000 0.0000000000 1.0000000000 2276.0000000000
0.0000000000 1.0000000000 0.0000000000 260.0000000000
-1.0000000000 0.0000000000 0.0000000000 1880.0000000000
0.0000000000 0.0000000000 0.0000000000 1.0000000000

0.0000000000 0.0000000000 1.0000000000 2276.0000000000
0.0000000000 1.0000000000 0.0000000000 259.6000000000
-1.0000000000 0.0000000000 0.0000000000 1880.0000000000
0.0000000000 0.0000000000 0.0000000000 1.0000000000

0.0000000000 0.0000000000 1.0000000000 2276.0000000000
0.0000000000 1.0000000000 0.0000000000 259.2000000000
-1.0000000000 0.0000000000 0.0000000000 1880.0000000000
0.0000000000 0.0000000000 0.0000000000 1.0000000000

0.0000000000 0.0000000000 1.0000000000 2276.0000000000
0.0000000000 1.0000000000 0.0000000000 258.8000000000
-1.0000000000 0.0000000000 0.0000000000 1880.0000000000
0.0000000000 0.0000000000 0.0000000000 1.0000000000

0.0000000000 0.0000000000 1.0000000000 2276.0000000000
0.0000000000 1.0000000000 0.0000000000 258.4000000000
-1.0000000000 0.0000000000 0.0000000000 1880.0000000000
0.0000000000 0.0000000000 0.0000000000 1.0000000000

0.0000000000 0.0000000000 1.0000000000 2276.0000000000
0.0000000000 1.0000000000 0.0000000000 258.0000000000
-1.0000000000 0.0000000000 0.0000000000 1880.0000000000
0.0000000000 0.0000000000 0.0000000000 1.0000000000

0.0000000000 0.0000000000 1.0000000000 2276.0000000000
0.0000000000 1.0000000000 0.0000000000 257.6000000000
-1.0000000000 0.0000000000 0.0000000000 1880.0000000000
0.0000000000 0.0000000000 0.0000000000 1.0000000000

0.0000000000 0.0000000000 1.0000000000 2276.0000000000
0.0000000000 1.0000000000 0.0000000000 257.2000000000
-1.0000000000 0.0000000000 0.0000000000 1880.0000000000
0.0000000000 0.0000000000 0.0000000000 1.0000000000

0.0000000000 0.0000000000 1.0000000000 2276.0000000000
0.0000000000 1.0000000000 0.0000000000 256.8000000000
-1.0000000000 0.0000000000 0.0000000000 1880.0000000000
0.0000000000 0.0000000000 0.0000000000 1.0000000000

0.0000000000 0.0000000000 1.0000000000 2276.0000000000
0.0000000000 1.0000000000 0.0000000000 256.4000000000
-1.0000000000 0.0000000000 0.0000000000 1880.0000000000
0.0000000000 0.0000000000 0.0000000000 1.0000000000

0.0000000000 0.0000000000 1.0000000000 2276.0000000000
0.0000000000 1.0000000000 0.0000000000 256.0000000000
-1.0000000000 0.0000000000 0.0000000000 1880.0000000000
0.0000000000 0.0000000000 0.0000000000 1.0000000000

0.0000000000 0.0000000000 1.0000000000 2276.0000000000
0.0000000000 1.0000000000 0.0000000000 255.6000000000
-1.0000000000 0.0000000000 0.0000000000 1880.0000000000
0.0000000000 0.0000000000 0.0000000000 1.0000000000

0.0000000000 0.0000000000 1.0000000000 2276.0000000000
0.0000000000 1.0000000000 0.0000000000 255.2000000000
-1.0000000000 0.0000000000 0.0000000000 1880.0000000000
0.0000000000 0.0000000000 0.0000000000 1.0000000000

0.0000000000 0.0000000000 1.0000000000 2276.0000000000
0.0000000000 1.0000000000 0.0000000000 254.8000000000
-1.0000000000 0.0000000000 0.0000000000 1880.0000000000
0.0000000000 0.0000000000 0.0000000000 1.0000000000

0.0000000000 0.0000000000 1.0000000000 2276.0000000000
0.0000000000 1.0000000000 0.0000000000 254.4000000000
-1.0000000000 0.0000000000 0.0000000000 1880.0000000000
0.0000000000 0.0000000000 0.0000000000 1.0000000000

0.0000000000 0.0000000000 1.0000000000 2276.0000000000
0.0000000000 1.0000000000 0.0000000000 254.0000000000
-1.0000000000 0.0000000000 0.0000000000 1880.0000000000
0.0000000000 0.0000000000 0.0000000000 1.0000000000

0.0000000000 0.0000000000 1.0000000000 2276.0000000000
0.0000000000 1.0000000000 0.0000000000 253.6000000000
-1.0000000000 0.0000000000 0.0000000000 1880.0000000000
0.0000000000 0.0000000000 0.0000000000 1.0000000000

0.0000000000 0.0000000000 1.0000000000 2276.0000000000
0.0000000000 1.0000000000 0.0000000000 253.2000000000
-1.0000000000 0.0000000000 0.0000000000 1880.0000000000
0.0000000000 0.0000000000 0.0000000000 1.0000000000

0.0000000000 0.0000000000 1.0000000000 2276.0000000000
0.0000000000 1.0000000000 0.0000000000 252.8000000000
-1.0000000000 0.0000000000 0.0000000000 1880.0000000000
0.0000000000 0.0000000000 0.0000000000 1.0000000000

0.0000000000 0.0000000000 1.0000000000 2276.0000000000
0.0000000000 1.0000000000 0.0000000000 252.4000000000
-1.0000000000 0.0000000000 0.0000000000 1880.0000000000
0.0000000000 0.0000000000 0.0000000000 1.0000000000

0.0000000000 0.0000000000 1.0000000000 2276.0000000000
0.0000000000 1.0000000000 0.0000000000 252.0000000000
-1.0000000000 0.0000000000 0.0000000000 1880.0000000000
0.0000000000 0.0000000000 0.0000000000 1.0000000000

0.0000000000 0.0000000000 1.0000000000 2276.0000000000
0.0000000000 1.0000000000 0.0000000000 251.6000000000
-1.0000000000 0.0000000000 0.0000000000 1880.0000000000
0.0000000000 0.0000000000 0.0000000000 1.0000000000

0.0000000000 0.0000000000 1.0000000000 2276.0000000000
0.0000000000 1.0000000000 0.0000000000 251.2000000000
-1.0000000000 0.0000000000 0.0000000000 1880.0000000000
0.0000000000 0.0000000000 0.0000000000 1.0000000000

0.0000000000 0.0000000000 1.0000000000 2276.0000000000
0.0000000000 1.0000000000 0.0000000000 250.8000000000
-1.0000000000 0.0000000000 0.0000000000 1880.0000000000
0.0000000000 0.0000000000 0.0000000000 1.0000000000

0.0000000000 0.0000000000 1.0000000000 2276.0000000000
0.0000000000 1.0000000000 0.0000000000 250.4000000000
-1.0000000000 0.0000000000 0.0000000000 1880.0000000000
0.0000000000 0.0000000000 0.0000000000 1.0000000000

0.0000000000 0.0000000000 1.0000000000 2276.0000000000
0.0000000000 1.0000000000 0.0000000000 250.0000000000
-1.0000000000 0.0000000000 0.0000000000 1880.0000000000
0.0000000000 0.0000000000 0.0000000000 1.0000000000

0.0000000000 0.0000000000 1.0000000000 2276.0000000000
0.0000000000 1.0000000000 0.0000000000 249.6000000000
-1.0000000000 0.0000000000 0.0000000000 1880.0000000000
0.0000000000 0.0000000000 0.0000000000 1.0000000000

0.0000000000 0.0000000000 1.0000000000 2276.0000000000
0.0000000000 1.0000000000 0.0000000000 249.2000000000
-1.0000000000 0.0000000000 0.0000000000 1880.0000000000
0.0000000000 0.0000000000 0.0000000000 1.0000000000

0.0000000000 0.0000000000 1.0000000000 2276.0000000000
0.0000000000 1.0000000000 0.0000000000 248.8000000000
-1.0000000000 0.0000000000 0.0000000000 1880.0000000000
0.0000000000 0.0000000000 0.0000000000 1.0000000000

0.0000000000 0.0000000000 1.0000000000 2276.0000000000
0.0000000000 1.0000000000 0.0000000000 248.4000000000
-1.0000000000 0.0000000000 0.0000000000 1880.0000000000
0.0000000000 0.0000000000 0.0000000000 1.0000000000

0.0000000000 0.0000000000 1.0000000000 2276.0000000000
0.0000000000 1.0000000000 0.0000000000 248.0000000000
-1.0000000000 0.0000000000 0.0000000000 1880.0000000000
0.0000000000 0.0000000000 0.0000000000 1.0000000000

0.0000000000 0.0000000000 1.0000000000 2276.0000000000
0.0000000000 1.0000000000 0.0000000000 247.6000000000
-1.0000000000 0.0000000000 0.0000000000 1880.0000000000
0.0000000000 0.0000000000 0.0000000000 1.0000000000

0.0000000000 0.0000000000 1.0000000000 2276.0000000000
0.0000000000 1.0000000000 0.0000000000 247.2000000000
-1.0000000000 0.0000000000 0.0000000000 1880.0000000000
0.0000000000 0.0000000000 0.0000000000 1.0000000000

0.0000000000 0.0000000000 1.0000000000 2276.0000000000
0.0000000000 1.0000000000 0.0000000000 246.8000000000
-1.0000000000 0.0000000000 0.0000000000 1880.0000000000
0.0000000000 0.0000000000 0.0000000000 1.0000000000

0.0000000000 0.0000000000 1.0000000000 2276.0000000000
0.0000000000 1.0000000000 0.0000000000 246.4000000000
-1.0000000000 0.0000000000 0.0000000000 1880.0000000000
0.0000000000 0.0000000000 0.0000000000 1.0000000000

0.0000000000 0.0000000000 1.0000000000 2276.0000000000
0.0000000000 1.0000000000 0.0000000000 246.0000000000
-1.0000000000 0.0000000000 0.0000000000 1880.0000000000
0.0000000000 0.0000000000 0.0000000000 1.0000000000

0.0000000000 0.0000000000 1.0000000000 2276.0000000000
0.0000000000 1.0000000000 0.0000000000 245.6000000000
-1.0000000000 0.0000000000 0.0000000000 1880.0000000000
0.0000000000 0.0000000000 0.0000000000 1.0000000000

0.0000000000 0.0000000000 1.0000000000 2276.0000000000
0.0000000000 1.0000000000 0.0000000000 245.2000000000
-1.0000000000 0.0000000000 0.0000000000 1880.0000000000
0.0000000000 0.0000000000 0.0000000000 1.0000000000

0.0000000000 0.0000000000 1.0000000000 2276.0000000000
0.0000000000 1.0000000000 0.0000000000 244.8000000000
-1.0000000000 0.0000000000 0.0000000000 1880.0000000000
0.0000000000 0.0000000000 0.0000000000 1.0000000000

0.0000000000 0.0000000000 1.0000000000 2276.0000000000
0.0000000000 1.0000000000 0.0000000000 244.4000000000
-1.0000000000 0.0000000000 0.0000000000 1880.0000000000
0.0000000000 0.0000000000 0.0000000000 1.0000000000

0.0000000000 0.0000000000 1.0000000000 2276.0000000000
0.0000000000 1.0000000000 0.0000000000 244.0000000000
-1.0000000000 0.0000000000 0.0000000000 1880.0000000000
0.0000000000 0.0000000000 0.0000000000 1.0000000000

0.0000000000 0.0000000000 1.0000000000 2276.0000000000
0.0000000000 1.0000000000 0.0000000000 243.6000000000
-1.0000000000 0.0000000000 0.0000000000 1880.0000000000
0.0000000000 0.0000000000 0.0000000000 1.0000000000

0.0000000000 0.0000000000 1.0000000000 2276.0000000000
0.0000000000 1.0000000000 0.0000000000 243.2000000000
-1.0000000000 0.0000000000 0.0000000000 1880.0000000000
0.0000000000 0.0000000000 0.0000000000 1.0000000000

0.0000000000 0.0000000000 1.0000000000 2276.0000000000
0.0000000000 1.0000000000 0.0000000000 242.8000000000
-1.0000000000 0.0000000000 0.0000000000 1880.0000000000
0.0000000000 0.0000000000 0.0000000000 1.0000000000

0.0000000000 0.0000000000 1.0000000000 2276.0000000000
0.0000000000 1.0000000000 0.0000000000 242.4000000000
-1.0000000000 0.0000000000 0.0000000000 1880.0000000000
0.0000000000 0.0000000000 0.0000000000 1.0000000000

0.0000000000 0.0000000000 1.0000000000 2276.0000000000
0.0000000000 1.0000000000 0.0000000000 242.0000000000
-1.0000000000 0.0000000000 0.0000000000 1880.0000000000
0.0000000000 0.0000000000 0.0000000000 1.0000000000

0.0000000000 0.0000000000 1.0000000000 2276.0000000000
0.0000000000 1.0000000000 0.0000000000 241.6000000000
-1.0000000000 0.0000000000 0.0000000000 1880.0000000000
0.0000000000 0.0000000000 0.0000000000 1.0000000000

0.0000000000 0.0000000000 1.0000000000 2276.0000000000
0.0000000000 1.0000000000 0.0000000000 241.2000000000
-1.0000000000 0.0000000000 0.0000000000 1880.0000000000
0.0000000000 0.0000000000 0.0000000000 1.0000000000

0.0000000000 0.0000000000 1.0000000000 2276.0000000000
0.0000000000 1.0000000000 0.0000000000 240.8000000000
-1.0000000000 0.0000000000 0.0000000000 1880.0000000000
0.0000000000 0.0000000000 0.0000000000 1.0000000000

0.0000000000 0.0000000000 1.0000000000 2276.0000000000
0.0000000000 1.0000000000 0.0000000000 240.4000000000
-1.0000000000 0.0000000000 0.0000000000 1880.0000000000
0.0000000000 0.0000000000 0.0000000000 1.0000000000

0.0000000000 0.0000000000 1.0000000000 2276.0000000000
0.0000000000 1.0000000000 0.0000000000 240.0000000000
-1.0000000000 0.0000000000 0.0000000000 1880.0000000000
0.0000000000 0.0000000000 0.0000000000 1.0000000000

0.0000000000 0.0000000000 1.0000000000 2276.0000000000
0.0000000000 1.0000000000 0.0000000000 239.6000000000
-1.0000000000 0.0000000000 0.0000000000 1880.0000000000
0.0000000000 0.0000000000 0.0000000000 1.0000000000

0.0000000000 0.0000000000 1.0000000000 2276.0000000000
0.0000000000 1.0000000000 0.0000000000 239.2000000000
-1.0000000000 0.0000000000 0.0000000000 1880.0000000000
0.0000000000 0.0000000000 0.0000000000 1.0000000000

0.0000000000 0.0000000000 1.0000000000 2276.0000000000
0.0000000000 1.0000000000 0.0000000000 238.8000000000
-1.0000000000 0.0000000000 0.0000000000 1880.0000000000
0.0000000000 0.0000000000 0.0000000000 1.0000000000

0.0000000000 0.0000000000 1.0000000000 2276.0000000000
0.0000000000 1.0000000000 0.0000000000 238.4000000000
-1.0000000000 0.0000000000 0.0000000000 1880.0000000000
0.0000000000 0.0000000000 0.0000000000 1.0000000000

0.0000000000 0.0000000000 1.0000000000 2276.0000000000
0.0000000000 1.0000000000 0.0000000000 238.0000000000
-1.0000000000 0.0000000000 0.0000000000 1880.0000000000
0.0000000000 0.0000000000 0.0000000000 1.0000000000

0.0000000000 0.0000000000 1.0000000000 2276.0000000000
0.0000000000 1.0000000000 0.0000000000 237.6000000000
-1.0000000000 0.0000000000 0.0000000000 1880.0000000000
0.0000000000 0.0000000000 0.0000000000 1.0000000000

0.0000000000 0.0000000000 1.0000000000 2276.0000000000
0.0000000000 1.0000000000 0.0000000000 237.2000000000
-1.0000000000 0.0000000000 0.0000000000 1880.0000000000
0.0000000000 0.0000000000 0.0000000000 1.0000000000

0.0000000000 0.0000000000 1.0000000000 2276.0000000000
0.0000000000 1.0000000000 0.0000000000 236.8000000000
-1.0000000000 0.0000000000 0.0000000000 1880.0000000000
0.0000000000 0.0000000000 0.0000000000 1.0000000000

0.0000000000 0.0000000000 1.0000000000 2276.0000000000
0.0000000000 1.0000000000 0.0000000000 236.4000000000
-1.0000000000 0.0000000000 0.0000000000 1880.0000000000
0.0000000000 0.0000000000 0.0000000000 1.0000000000

0.0000000000 0.0000000000 1.0000000000 2276.0000000000
0.0000000000 1.0000000000 0.0000000000 236.0000000000
-1.0000000000 0.0000000000 0.0000000000 1880.0000000000
0.0000000000 0.0000000000 0.0000000000 1.0000000000

0.0000000000 0.0000000000 1.0000000000 2276.0000000000
0.0000000000 1.0000000000 0.0000000000 235.6000000000
-1.0000000000 0.0000000000 0.0000000000 1880.0000000000
0.0000000000 0.0000000000 0.0000000000 1.0000000000

0.0000000000 0.0000000000 1.0000000000 2276.0000000000
0.0000000000 1.0000000000 0.0000000000 235.2000000000
-1.0000000000 0.0000000000 0.0000000000 1880.0000000000
0.0000000000 0.0000000000 0.0000000000 1.0000000000

0.0000000000 0.0000000000 1.0000000000 2276.0000000000
0.0000000000 1.0000000000 0.0000000000 234.8000000000
-1.0000000000 0.0000000000 0.0000000000 1880.0000000000
0.0000000000 0.0000000000 0.0000000000 1.0000000000

0.0000000000 0.0000000000 1.0000000000 2276.0000000000
0.0000000000 1.0000000000 0.0000000000 234.4000000000
-1.0000000000 0.0000000000 0.0000000000 1880.0000000000
0.0000000000 0.0000000000 0.0000000000 1.0000000000

0.0000000000 0.0000000000 1.0000000000 2276.0000000000
0.0000000000 1.0000000000 0.0000000000 234.0000000000
-1.0000000000 0.0000000000 0.0000000000 1880.0000000000
0.0000000000 0.0000000000 0.0000000000 1.0000000000

0.0000000000 0.0000000000 1.0000000000 2276.0000000000
0.0000000000 1.0000000000 0.0000000000 233.6000000000
-1.0000000000 0.0000000000 0.0000000000 1880.0000000000
0.0000000000 0.0000000000 0.0000000000 1.0000000000

0.0000000000 0.0000000000 1.0000000000 2276.0000000000
0.0000000000 1.0000000000 0.0000000000 233.2000000000
-1.0000000000 0.0000000000 0.0000000000 1880.0000000000
0.0000000000 0.0000000000 0.0000000000 1.0000000000

0.0000000000 0.0000000000 1.0000000000 2276.0000000000
0.0000000000 1.0000000000 0.0000000000 232.8000000000
-1.0000000000 0.0000000000 0.0000000000 1880.0000000000
0.0000000000 0.0000000000 0.0000000000 1.0000000000

0.0000000000 0.0000000000 1.0000000000 2276.0000000000
0.0000000000 1.0000000000 0.0000000000 232.4000000000
-1.0000000000 0.0000000000 0.0000000000 1880.0000000000
0.0000000000 0.0000000000 0.0000000000 1.0000000000

0.0000000000 0.0000000000 1.0000000000 2276.0000000000
0.0000000000 1.0000000000 0.0000000000 232.0000000000
-1.0000000000 0.0000000000 0.0000000000 1880.0000000000
0.0000000000 0.0000000000 0.0000000000 1.0000000000

0.0000000000 0.0000000000 1.0000000000 2276.0000000000
0.0000000000 1.0000000000 0.0000000000 231.6000000000
-1.0000000000 0.0000000000 0.0000000000 1880.0000000000
0.0000000000 0.0000000000 0.0000000000 1.0000000000

0.0000000000 0.0000000000 1.0000000000 2276.0000000000
0.0000000000 1.0000000000 0.0000000000 231.2000000000
-1.0000000000 0.0000000000 0.0000000000 1880.0000000000
0.0000000000 0.0000000000 0.0000000000 1.0000000000

0.0000000000 0.0000000000 1.0000000000 2276.0000000000
0.0000000000 1.0000000000 0.0000000000 230.8000000000
-1.0000000000 0.0000000000 0.0000000000 1880.0000000000
0.0000000000 0.0000000000 0.0000000000 1.0000000000

0.0000000000 0.0000000000 1.0000000000 2276.0000000000
0.0000000000 1.0000000000 0.0000000000 230.4000000000
-1.0000000000 0.0000000000 0.0000000000 1880.0000000000
0.0000000000 0.0000000000 0.0000000000 1.0000000000

0.0000000000 0.0000000000 1.0000000000 2276.0000000000
0.0000000000 1.0000000000 0.0000000000 230.0000000000
-1.0000000000 0.0000000000 0.0000000000 1880.0000000000
0.0000000000 0.0000000000 0.0000000000 1.0000000000

0.0000000000 0.0000000000 1.0000000000 2276.0000000000
0.0000000000 1.0000000000 0.0000000000 229.6000000000
-1.0000000000 0.0000000000 0.0000000000 1880.0000000000
0.0000000000 0.0000000000 0.0000000000 1.0000000000

0.0000000000 0.0000000000 1.0000000000 2276.0000000000
0.0000000000 1.0000000000 0.0000000000 229.2000000000
-1.0000000000 0.0000000000 0.0000000000 1880.0000000000
0.0000000000 0.0000000000 0.0000000000 1.0000000000

0.0000000000 0.0000000000 1.0000000000 2276.0000000000
0.0000000000 1.0000000000 0.0000000000 228.8000000000
-1.0000000000 0.0000000000 0.0000000000 1880.0000000000
0.0000000000 0.0000000000 0.0000000000 1.0000000000

0.0000000000 0.0000000000 1.0000000000 2276.0000000000
0.0000000000 1.0000000000 0.0000000000 228.4000000000
-1.0000000000 0.0000000000 0.0000000000 1880.0000000000
0.0000000000 0.0000000000 0.0000000000 1.0000000000

0.0000000000 0.0000000000 1.0000000000 2276.0000000000
0.0000000000 1.0000000000 0.0000000000 228.0000000000
-1.0000000000 0.0000000000 0.0000000000 1880.0000000000
0.0000000000 0.0000000000 0.0000000000 1.0000000000

0.0000000000 0.0000000000 1.0000000000 2276.0000000000
0.0000000000 1.0000000000 0.0000000000 227.6000000000
-1.0000000000 0.0000000000 0.0000000000 1880.0000000000
0.0000000000 0.0000000000 0.0000000000 1.0000000000

0.0000000000 0.0000000000 1.0000000000 2276.0000000000
0.0000000000 1.0000000000 0.0000000000 227.2000000000
-1.0000000000 0.0000000000 0.0000000000 1880.0000000000
0.0000000000 0.0000000000 0.0000000000 1.0000000000

0.0000000000 0.0000000000 1.0000000000 2276.0000000000
0.0000000000 1.0000000000 0.0000000000 226.8000000000
-1.0000000000 0.0000000000 0.0000000000 1880.0000000000
0.0000000000 0.0000000000 0.0000000000 1.0000000000

0.0000000000 0.0000000000 1.0000000000 2276.0000000000
0.0000000000 1.0000000000 0.0000000000 226.4000000000
-1.0000000000 0.0000000000 0.0000000000 1880.0000000000
0.0000000000 0.0000000000 0.0000000000 1.0000000000

0.0000000000 0.0000000000 1.0000000000 2276.0000000000
0.0000000000 1.0000000000 0.0000000000 226.0000000000
-1.0000000000 0.0000000000 0.0000000000 1880.0000000000
0.0000000000 0.0000000000 0.0000000000 1.0000000000

0.0000000000 0.0000000000 1.0000000000 2276.0000000000
0.0000000000 1.0000000000 0.0000000000 225.6000000000
-1.0000000000 0.0000000000 0.0000000000 1880.0000000000
0.0000000000 0.0000000000 0.0000000000 1.0000000000

0.0000000000 0.0000000000 1.0000000000 2276.0000000000
0.0000000000 1.0000000000 0.0000000000 225.2000000000
-1.0000000000 0.0000000000 0.0000000000 1880.0000000000
0.0000000000 0.0000000000 0.0000000000 1.0000000000

0.0000000000 0.0000000000 1.0000000000 2276.0000000000
0.0000000000 1.0000000000 0.0000000000 224.8000000000
-1.0000000000 0.0000000000 0.0000000000 1880.0000000000
0.0000000000 0.0000000000 0.0000000000 1.0000000000

0.0000000000 0.0000000000 1.0000000000 2276.0000000000
0.0000000000 1.0000000000 0.0000000000 224.4000000000
-1.0000000000 0.0000000000 0.0000000000 1880.0000000000
0.0000000000 0.0000000000 0.0000000000 1.0000000000

0.0000000000 0.0000000000 1.0000000000 2276.0000000000
0.0000000000 1.0000000000 0.0000000000 224.0000000000
-1.0000000000 0.0000000000 0.0000000000 1880.0000000000
0.0000000000 0.0000000000 0.0000000000 1.0000000000

0.0000000000 0.0000000000 1.0000000000 2276.0000000000
0.0000000000 1.0000000000 0.0000000000 223.6000000000
-1.0000000000 0.0000000000 0.0000000000 1880.0000000000
0.0000000000 0.0000000000 0.0000000000 1.0000000000

0.0000000000 0.0000000000 1.0000000000 2276.0000000000
0.0000000000 1.0000000000 0.0000000000 223.2000000000
-1.0000000000 0.0000000000 0.0000000000 1880.0000000000
0.0000000000 0.0000000000 0.0000000000 1.0000000000

0.0000000000 0.0000000000 1.0000000000 2276.0000000000
0.0000000000 1.0000000000 0.0000000000 222.8000000000
-1.0000000000 0.0000000000 0.0000000000 1880.0000000000
0.0000000000 0.0000000000 0.0000000000 1.0000000000

0.0000000000 0.0000000000 1.0000000000 2276.0000000000
0.0000000000 1.0000000000 0.0000000000 222.4000000000
-1.0000000000 0.0000000000 0.0000000000 1880.0000000000
0.0000000000 0.0000000000 0.0000000000 1.0000000000

0.0000000000 0.0000000000 1.0000000000 2276.0000000000
0.0000000000 1.0000000000 0.0000000000 222.0000000000
-1.0000000000 0.0000000000 0.0000000000 1880.0000000000
0.0000000000 0.0000000000 0.0000000000 1.0000000000

0.0000000000 0.0000000000 1.0000000000 2276.0000000000
0.0000000000 1.0000000000 0.0000000000 221.6000000000
-1.0000000000 0.0000000000 0.0000000000 1880.0000000000
0.0000000000 0.0000000000 0.0000000000 1.0000000000

0.0000000000 0.0000000000 1.0000000000 2276.0000000000
0.0000000000 1.0000000000 0.0000000000 221.2000000000
-1.0000000000 0.0000000000 0.0000000000 1880.0000000000
0.0000000000 0.0000000000 0.0000000000 1.0000000000

0.0000000000 0.0000000000 1.0000000000 2276.0000000000
0.0000000000 1.0000000000 0.0000000000 220.8000000000
-1.0000000000 0.0000000000 0.0000000000 1880.0000000000
0.0000000000 0.0000000000 0.0000000000 1.0000000000

0.0000000000 0.0000000000 1.0000000000 2276.0000000000
0.0000000000 1.0000000000 0.0000000000 220.4000000000
-1.0000000000 0.0000000000 0.0000000000 1880.0000000000
0.0000000000 0.0000000000 0.0000000000 1.0000000000

0.0000000000 0.0000000000 1.0000000000 2276.0000000000
0.0000000000 1.0000000000 0.0000000000 220.0000000000
-1.0000000000 0.0000000000 0.0000000000 1880.0000000000
0.0000000000 0.0000000000 0.0000000000 1.0000000000

0.0000000000 0.0000000000 1.0000000000 2276.0000000000
0.0000000000 1.0000000000 0.0000000000 219.6000000000
-1.0000000000 0.0000000000 0.0000000000 1880.0000000000
0.0000000000 0.0000000000 0.0000000000 1.0000000000

0.0000000000 0.0000000000 1.0000000000 2276.0000000000
0.0000000000 1.0000000000 0.0000000000 219.2000000000
-1.0000000000 0.0000000000 0.0000000000 1880.0000000000
0.0000000000 0.0000000000 0.0000000000 1.0000000000

0.0000000000 0.0000000000 1.0000000000 2276.0000000000
0.0000000000 1.0000000000 0.0000000000 218.8000000000
-1.0000000000 0.0000000000 0.0000000000 1880.0000000000
0.0000000000 0.0000000000 0.0000000000 1.0000000000

0.0000000000 0.0000000000 1.0000000000 2276.0000000000
0.0000000000 1.0000000000 0.0000000000 218.4000000000
-1.0000000000 0.0000000000 0.0000000000 1880.0000000000
0.0000000000 0.0000000000 0.0000000000 1.0000000000

0.0000000000 0.0000000000 1.0000000000 2276.0000000000
0.0000000000 1.0000000000 0.0000000000 218.0000000000
-1.0000000000 0.0000000000 0.0000000000 1880.0000000000
0.0000000000 0.0000000000 0.0000000000 1.0000000000

0.0000000000 0.0000000000 1.0000000000 2276.0000000000
0.0000000000 1.0000000000 0.0000000000 217.6000000000
-1.0000000000 0.0000000000 0.0000000000 1880.0000000000
0.0000000000 0.0000000000 0.0000000000 1.0000000000

0.0000000000 0.0000000000 1.0000000000 2276.0000000000
0.0000000000 1.0000000000 0.0000000000 217.2000000000
-1.0000000000 0.0000000000 0.0000000000 1880.0000000000
0.0000000000 0.0000000000 0.0000000000 1.0000000000

0.0000000000 0.0000000000 1.0000000000 2276.0000000000
0.0000000000 1.0000000000 0.0000000000 216.8000000000
-1.0000000000 0.0000000000 0.0000000000 1880.0000000000
0.0000000000 0.0000000000 0.0000000000 1.0000000000

0.0000000000 0.0000000000 1.0000000000 2276.0000000000
0.0000000000 1.0000000000 0.0000000000 216.4000000000
-1.0000000000 0.0000000000 0.0000000000 1880.0000000000
0.0000000000 0.0000000000 0.0000000000 1.0000000000

0.0000000000 0.0000000000 1.0000000000 2276.0000000000
0.0000000000 1.0000000000 0.0000000000 216.0000000000
-1.0000000000 0.0000000000 0.0000000000 1880.0000000000
0.0000000000 0.0000000000 0.0000000000 1.0000000000

0.0000000000 0.0000000000 1.0000000000 2276.0000000000
0.0000000000 1.0000000000 0.0000000000 215.6000000000
-1.0000000000 0.0000000000 0.0000000000 1880.0000000000
0.0000000000 0.0000000000 0.0000000000 1.0000000000

0.0000000000 0.0000000000 1.0000000000 2276.0000000000
0.0000000000 1.0000000000 0.0000000000 215.2000000000
-1.0000000000 0.0000000000 0.0000000000 1880.0000000000
0.0000000000 0.0000000000 0.0000000000 1.0000000000

0.0000000000 0.0000000000 1.0000000000 2276.0000000000
0.0000000000 1.0000000000 0.0000000000 214.8000000000
-1.0000000000 0.0000000000 0.0000000000 1880.0000000000
0.0000000000 0.0000000000 0.0000000000 1.0000000000

0.0000000000 0.0000000000 1.0000000000 2276.0000000000
0.0000000000 1.0000000000 0.0000000000 214.4000000000
-1.0000000000 0.0000000000 0.0000000000 1880.0000000000
0.0000000000 0.0000000000 0.0000000000 1.0000000000

0.0000000000 0.0000000000 1.0000000000 2276.0000000000
0.0000000000 1.0000000000 0.0000000000 214.0000000000
-1.0000000000 0.0000000000 0.0000000000 1880.0000000000
0.0000000000 0.0000000000 0.0000000000 1.0000000000

0.0000000000 0.0000000000 1.0000000000 2276.0000000000
0.0000000000 1.0000000000 0.0000000000 213.6000000000
-1.0000000000 0.0000000000 0.0000000000 1880.0000000000
0.0000000000 0.0000000000 0.0000000000 1.0000000000

0.0000000000 0.0000000000 1.0000000000 2276.0000000000
0.0000000000 1.0000000000 0.0000000000 213.2000000000
-1.0000000000 0.0000000000 0.0000000000 1880.0000000000
0.0000000000 0.0000000000 0.0000000000 1.0000000000

0.0000000000 0.0000000000 1.0000000000 2276.0000000000
0.0000000000 1.0000000000 0.0000000000 212.8000000000
-1.0000000000 0.0000000000 0.0000000000 1880.0000000000
0.0000000000 0.0000000000 0.0000000000 1.0000000000

0.0000000000 0.0000000000 1.0000000000 2276.0000000000
0.0000000000 1.0000000000 0.0000000000 212.4000000000
-1.0000000000 0.0000000000 0.0000000000 1880.0000000000
0.0000000000 0.0000000000 0.0000000000 1.0000000000

0.0000000000 0.0000000000 1.0000000000 2276.0000000000
0.0000000000 1.0000000000 0.0000000000 212.0000000000
-1.0000000000 0.0000000000 0.0000000000 1880.0000000000
0.0000000000 0.0000000000 0.0000000000 1.0000000000

0.0000000000 0.0000000000 1.0000000000 2276.0000000000
0.0000000000 1.0000000000 0.0000000000 211.6000000000
-1.0000000000 0.0000000000 0.0000000000 1880.0000000000
0.0000000000 0.0000000000 0.0000000000 1.0000000000

0.0000000000 0.0000000000 1.0000000000 2276.0000000000
0.0000000000 1.0000000000 0.0000000000 211.2000000000
-1.0000000000 0.0000000000 0.0000000000 1880.0000000000
0.0000000000 0.0000000000 0.0000000000 1.0000000000

0.0000000000 0.0000000000 1.0000000000 2276.0000000000
0.0000000000 1.0000000000 0.0000000000 210.8000000000
-1.0000000000 0.0000000000 0.0000000000 1880.0000000000
0.0000000000 0.0000000000 0.0000000000 1.0000000000

0.0000000000 0.0000000000 1.0000000000 2276.0000000000
0.0000000000 1.0000000000 0.0000000000 210.4000000000
-1.0000000000 0.0000000000 0.0000000000 1880.0000000000
0.0000000000 0.0000000000 0.0000000000 1.0000000000

0.0000000000 0.0000000000 1.0000000000 2276.0000000000
0.0000000000 1.0000000000 0.0000000000 210.0000000000
-1.0000000000 0.0000000000 0.0000000000 1880.0000000000
0.0000000000 0.0000000000 0.0000000000 1.0000000000

0.0000000000 0.0000000000 1.0000000000 2276.0000000000
0.0000000000 1.0000000000 0.0000000000 209.6000000000
-1.0000000000 0.0000000000 0.0000000000 1880.0000000000
0.0000000000 0.0000000000 0.0000000000 1.0000000000

0.0000000000 0.0000000000 1.0000000000 2276.0000000000
0.0000000000 1.0000000000 0.0000000000 209.2000000000
-1.0000000000 0.0000000000 0.0000000000 1880.0000000000
0.0000000000 0.0000000000 0.0000000000 1.0000000000

0.0000000000 0.0000000000 1.0000000000 2276.0000000000
0.0000000000 1.0000000000 0.0000000000 208.8000000000
-1.0000000000 0.0000000000 0.0000000000 1880.0000000000
0.0000000000 0.0000000000 0.0000000000 1.0000000000

0.0000000000 0.0000000000 1.0000000000 2276.0000000000
0.0000000000 1.0000000000 0.0000000000 208.4000000000
-1.0000000000 0.0000000000 0.0000000000 1880.0000000000
0.0000000000 0.0000000000 0.0000000000 1.0000000000

0.0000000000 0.0000000000 1.0000000000 2276.0000000000
0.0000000000 1.0000000000 0.0000000000 208.0000000000
-1.0000000000 0.0000000000 0.0000000000 1880.0000000000
0.0000000000 0.0000000000 0.0000000000 1.0000000000

0.0000000000 0.0000000000 1.0000000000 2276.0000000000
0.0000000000 1.0000000000 0.0000000000 207.6000000000
-1.0000000000 0.0000000000 0.0000000000 1880.0000000000
0.0000000000 0.0000000000 0.0000000000 1.0000000000

0.0000000000 0.0000000000 1.0000000000 2276.0000000000
0.0000000000 1.0000000000 0.0000000000 207.2000000000
-1.0000000000 0.0000000000 0.0000000000 1880.0000000000
0.0000000000 0.0000000000 0.0000000000 1.0000000000

0.0000000000 0.0000000000 1.0000000000 2276.0000000000
0.0000000000 1.0000000000 0.0000000000 206.8000000000
-1.0000000000 0.0000000000 0.0000000000 1880.0000000000
0.0000000000 0.0000000000 0.0000000000 1.0000000000

0.0000000000 0.0000000000 1.0000000000 2276.0000000000
0.0000000000 1.0000000000 0.0000000000 206.4000000000
-1.0000000000 0.0000000000 0.0000000000 1880.0000000000
0.0000000000 0.0000000000 0.0000000000 1.0000000000

0.0000000000 0.0000000000 1.0000000000 2276.0000000000
0.0000000000 1.0000000000 0.0000000000 206.0000000000
-1.0000000000 0.0000000000 0.0000000000 1880.0000000000
0.0000000000 0.0000000000 0.0000000000 1.0000000000

0.0000000000 0.0000000000 1.0000000000 2276.0000000000
0.0000000000 1.0000000000 0.0000000000 205.6000000000
-1.0000000000 0.0000000000 0.0000000000 1880.0000000000
0.0000000000 0.0000000000 0.0000000000 1.0000000000

0.0000000000 0.0000000000 1.0000000000 2276.0000000000
0.0000000000 1.0000000000 0.0000000000 205.2000000000
-1.0000000000 0.0000000000 0.0000000000 1880.0000000000
0.0000000000 0.0000000000 0.0000000000 1.0000000000

0.0000000000 0.0000000000 1.0000000000 2276.0000000000
0.0000000000 1.0000000000 0.0000000000 204.8000000000
-1.0000000000 0.0000000000 0.0000000000 1880.0000000000
0.0000000000 0.0000000000 0.0000000000 1.0000000000

0.0000000000 0.0000000000 1.0000000000 2276.0000000000
0.0000000000 1.0000000000 0.0000000000 204.4000000000
-1.0000000000 0.0000000000 0.0000000000 1880.0000000000
0.0000000000 0.0000000000 0.0000000000 1.0000000000

0.0000000000 0.0000000000 1.0000000000 2276.0000000000
0.0000000000 1.0000000000 0.0000000000 204.0000000000
-1.0000000000 0.0000000000 0.0000000000 1880.0000000000
0.0000000000 0.0000000000 0.0000000000 1.0000000000

0.0000000000 0.0000000000 1.0000000000 2276.0000000000
0.0000000000 1.0000000000 0.0000000000 203.6000000000
-1.0000000000 0.0000000000 0.0000000000 1880.0000000000
0.0000000000 0.0000000000 0.0000000000 1.0000000000

0.0000000000 0.0000000000 1.0000000000 2276.0000000000
0.0000000000 1.0000000000 0.0000000000 203.2000000000
-1.0000000000 0.0000000000 0.0000000000 1880.0000000000
0.0000000000 0.0000000000 0.0000000000 1.0000000000

0.0000000000 0.0000000000 1.0000000000 2276.0000000000
0.0000000000 1.0000000000 0.0000000000 202.8000000000
-1.0000000000 0.0000000000 0.0000000000 1880.0000000000
0.0000000000 0.0000000000 0.0000000000 1.0000000000

0.0000000000 0.0000000000 1.0000000000 2276.0000000000
0.0000000000 1.0000000000 0.0000000000 202.4000000000
-1.0000000000 0.0000000000 0.0000000000 1880.0000000000
0.0000000000 0.0000000000 0.0000000000 1.0000000000

0.0000000000 0.0000000000 1.0000000000 2276.0000000000
0.0000000000 1.0000000000 0.0000000000 202.0000000000
-1.0000000000 0.0000000000 0.0000000000 1880.0000000000
0.0000000000 0.0000000000 0.0000000000 1.0000000000

0.0000000000 0.0000000000 1.0000000000 2276.0000000000
0.0000000000 1.0000000000 0.0000000000 201.6000000000
-1.0000000000 0.0000000000 0.0000000000 1880.0000000000
0.0000000000 0.0000000000 0.0000000000 1.0000000000

0.0000000000 0.0000000000 1.0000000000 2276.0000000000
0.0000000000 1.0000000000 0.0000000000 201.2000000000
-1.0000000000 0.0000000000 0.0000000000 1880.0000000000
0.0000000000 0.0000000000 0.0000000000 1.0000000000

0.0000000000 0.0000000000 1.0000000000 2276.0000000000
0.0000000000 1.0000000000 0.0000000000 200.8000000000
-1.0000000000 0.0000000000 0.0000000000 1880.0000000000
0.0000000000 0.0000000000 0.0000000000 1.0000000000

0.0000000000 0.0000000000 1.0000000000 2276.0000000000
0.0000000000 1.0000000000 0.0000000000 200.4000000000
-1.0000000000 0.0000000000 0.0000000000 1880.0000000000
0.0000000000 0.0000000000 0.0000000000 1.0000000000

0.0000000000 0.0000000000 1.0000000000 2276.0000000000
0.0000000000 1.0000000000 0.0000000000 200.0000000000
-1.0000000000 0.0000000000 0.0000000000 1880.0000000000
0.0000000000 0.0000000000 0.0000000000 1.0000000000

0.0000000000 0.0000000000 1.0000000000 2276.0000000000
0.0000000000 1.0000000000 0.0000000000 199.6000000000
-1.0000000000 0.0000000000 0.0000000000 1880.0000000000
0.0000000000 0.0000000000 0.0000000000 1.0000000000

0.0000000000 0.0000000000 1.0000000000 2276.0000000000
0.0000000000 1.0000000000 0.0000000000 199.2000000000
-1.0000000000 0.0000000000 0.0000000000 1880.0000000000
0.0000000000 0.0000000000 0.0000000000 1.0000000000

0.0000000000 0.0000000000 1.0000000000 2276.0000000000
0.0000000000 1.0000000000 0.0000000000 198.8000000000
-1.0000000000 0.0000000000 0.0000000000 1880.0000000000
0.0000000000 0.0000000000 0.0000000000 1.0000000000

0.0000000000 0.0000000000 1.0000000000 2276.0000000000
0.0000000000 1.0000000000 0.0000000000 198.4000000000
-1.0000000000 0.0000000000 0.0000000000 1880.0000000000
0.0000000000 0.0000000000 0.0000000000 1.0000000000

0.0000000000 0.0000000000 1.0000000000 2276.0000000000
0.0000000000 1.0000000000 0.0000000000 198.0000000000
-1.0000000000 0.0000000000 0.0000000000 1880.0000000000
0.0000000000 0.0000000000 0.0000000000 1.0000000000

0.0000000000 0.0000000000 1.0000000000 2276.0000000000
0.0000000000 1.0000000000 0.0000000000 197.6000000000
-1.0000000000 0.0000000000 0.0000000000 1880.0000000000
0.0000000000 0.0000000000 0.0000000000 1.0000000000

0.0000000000 0.0000000000 1.0000000000 2276.0000000000
0.0000000000 1.0000000000 0.0000000000 197.2000000000
-1.0000000000 0.0000000000 0.0000000000 1880.0000000000
0.0000000000 0.0000000000 0.0000000000 1.0000000000

0.0000000000 0.0000000000 1.0000000000 2276.0000000000
0.0000000000 1.0000000000 0.0000000000 196.8000000000
-1.0000000000 0.0000000000 0.0000000000 1880.0000000000
0.0000000000 0.0000000000 0.0000000000 1.0000000000

0.0000000000 0.0000000000 1.0000000000 2276.0000000000
0.0000000000 1.0000000000 0.0000000000 196.4000000000
-1.0000000000 0.0000000000 0.0000000000 1880.0000000000
0.0000000000 0.0000000000 0.0000000000 1.0000000000

0.0000000000 0.0000000000 1.0000000000 2276.0000000000
0.0000000000 1.0000000000 0.0000000000 196.0000000000
-1.0000000000 0.0000000000 0.0000000000 1880.0000000000
0.0000000000 0.0000000000 0.0000000000 1.0000000000

0.0000000000 0.0000000000 1.0000000000 2276.0000000000
0.0000000000 1.0000000000 0.0000000000 195.6000000000
-1.0000000000 0.0000000000 0.0000000000 1880.0000000000
0.0000000000 0.0000000000 0.0000000000 1.0000000000

0.0000000000 0.0000000000 1.0000000000 2276.0000000000
0.0000000000 1.0000000000 0.0000000000 195.2000000000
-1.0000000000 0.0000000000 0.0000000000 1880.0000000000
0.0000000000 0.0000000000 0.0000000000 1.0000000000

0.0000000000 0.0000000000 1.0000000000 2276.0000000000
0.0000000000 1.0000000000 0.0000000000 194.8000000000
-1.0000000000 0.0000000000 0.0000000000 1880.0000000000
0.0000000000 0.0000000000 0.0000000000 1.0000000000

0.0000000000 0.0000000000 1.0000000000 2276.0000000000
0.0000000000 1.0000000000 0.0000000000 194.4000000000
-1.0000000000 0.0000000000 0.0000000000 1880.0000000000
0.0000000000 0.0000000000 0.0000000000 1.0000000000

0.0000000000 0.0000000000 1.0000000000 2276.0000000000
0.0000000000 1.0000000000 0.0000000000 194.0000000000
-1.0000000000 0.0000000000 0.0000000000 1880.0000000000
0.0000000000 0.0000000000 0.0000000000 1.0000000000

0.0000000000 0.0000000000 1.0000000000 2276.0000000000
0.0000000000 1.0000000000 0.0000000000 193.6000000000
-1.0000000000 0.0000000000 0.0000000000 1880.0000000000
0.0000000000 0.0000000000 0.0000000000 1.0000000000

0.0000000000 0.0000000000 1.0000000000 2276.0000000000
0.0000000000 1.0000000000 0.0000000000 193.2000000000
-1.0000000000 0.0000000000 0.0000000000 1880.0000000000
0.0000000000 0.0000000000 0.0000000000 1.0000000000

0.0000000000 0.0000000000 1.0000000000 2276.0000000000
0.0000000000 1.0000000000 0.0000000000 192.8000000000
-1.0000000000 0.0000000000 0.0000000000 1880.0000000000
0.0000000000 0.0000000000 0.0000000000 1.0000000000

0.0000000000 0.0000000000 1.0000000000 2276.0000000000
0.0000000000 1.0000000000 0.0000000000 192.4000000000
-1.0000000000 0.0000000000 0.0000000000 1880.0000000000
0.0000000000 0.0000000000 0.0000000000 1.0000000000

0.0000000000 0.0000000000 1.0000000000 2276.0000000000
0.0000000000 1.0000000000 0.0000000000 192.0000000000
-1.0000000000 0.0000000000 0.0000000000 1880.0000000000
0.0000000000 0.0000000000 0.0000000000 1.0000000000

0.0000000000 0.0000000000 1.0000000000 2276.0000000000
0.0000000000 1.0000000000 0.0000000000 191.6000000000
-1.0000000000 0.0000000000 0.0000000000 1880.0000000000
0.0000000000 0.0000000000 0.0000000000 1.0000000000

0.0000000000 0.0000000000 1.0000000000 2276.0000000000
0.0000000000 1.0000000000 0.0000000000 191.2000000000
-1.0000000000 0.0000000000 0.0000000000 1880.0000000000
0.0000000000 0.0000000000 0.0000000000 1.0000000000

0.0000000000 0.0000000000 1.0000000000 2276.0000000000
0.0000000000 1.0000000000 0.0000000000 190.8000000000
-1.0000000000 0.0000000000 0.0000000000 1880.0000000000
0.0000000000 0.0000000000 0.0000000000 1.0000000000

0.0000000000 0.0000000000 1.0000000000 2276.0000000000
0.0000000000 1.0000000000 0.0000000000 190.4000000000
-1.0000000000 0.0000000000 0.0000000000 1880.0000000000
0.0000000000 0.0000000000 0.0000000000 1.0000000000

0.0000000000 0.0000000000 1.0000000000 2276.0000000000
0.0000000000 1.0000000000 0.0000000000 190.0000000000
-1.0000000000 0.0000000000 0.0000000000 1880.0000000000
0.0000000000 0.0000000000 0.0000000000 1.0000000000

0.0000000000 0.0000000000 1.0000000000 2276.0000000000
0.0000000000 1.0000000000 0.0000000000 189.6000000000
-1.0000000000 0.0000000000 0.0000000000 1880.0000000000
0.0000000000 0.0000000000 0.0000000000 1.0000000000

0.0000000000 0.0000000000 1.0000000000 2276.0000000000
0.0000000000 1.0000000000 0.0000000000 189.2000000000
-1.0000000000 0.0000000000 0.0000000000 1880.0000000000
0.0000000000 0.0000000000 0.0000000000 1.0000000000

0.0000000000 0.0000000000 1.0000000000 2276.0000000000
0.0000000000 1.0000000000 0.0000000000 188.8000000000
-1.0000000000 0.0000000000 0.0000000000 1880.0000000000
0.0000000000 0.0000000000 0.0000000000 1.0000000000

0.0000000000 0.0000000000 1.0000000000 2276.0000000000
0.0000000000 1.0000000000 0.0000000000 188.4000000000
-1.0000000000 0.0000000000 0.0000000000 1880.0000000000
0.0000000000 0.0000000000 0.0000000000 1.0000000000

0.0000000000 0.0000000000 1.0000000000 2276.0000000000
0.0000000000 1.0000000000 0.0000000000 188.0000000000
-1.0000000000 0.0000000000 0.0000000000 1880.0000000000
0.0000000000 0.0000000000 0.0000000000 1.0000000000

0.0000000000 0.0000000000 1.0000000000 2276.0000000000
0.0000000000 1.0000000000 0.0000000000 187.6000000000
-1.0000000000 0.0000000000 0.0000000000 1880.0000000000
0.0000000000 0.0000000000 0.0000000000 1.0000000000

0.0000000000 0.0000000000 1.0000000000 2276.0000000000
0.0000000000 1.0000000000 0.0000000000 187.2000000000
-1.0000000000 0.0000000000 0.0000000000 1880.0000000000
0.0000000000 0.0000000000 0.0000000000 1.0000000000

0.0000000000 0.0000000000 1.0000000000 2276.0000000000
0.0000000000 1.0000000000 0.0000000000 186.8000000000
-1.0000000000 0.0000000000 0.0000000000 1880.0000000000
0.0000000000 0.0000000000 0.0000000000 1.0000000000

0.0000000000 0.0000000000 1.0000000000 2276.0000000000
0.0000000000 1.0000000000 0.0000000000 186.4000000000
-1.0000000000 0.0000000000 0.0000000000 1880.0000000000
0.0000000000 0.0000000000 0.0000000000 1.0000000000

0.0000000000 0.0000000000 1.0000000000 2276.0000000000
0.0000000000 1.0000000000 0.0000000000 186.0000000000
-1.0000000000 0.0000000000 0.0000000000 1880.0000000000
0.0000000000 0.0000000000 0.0000000000 1.0000000000

0.0000000000 0.0000000000 1.0000000000 2276.0000000000
0.0000000000 1.0000000000 0.0000000000 185.6000000000
-1.0000000000 0.0000000000 0.0000000000 1880.0000000000
0.0000000000 0.0000000000 0.0000000000 1.0000000000

0.0000000000 0.0000000000 1.0000000000 2276.0000000000
0.0000000000 1.0000000000 0.0000000000 185.2000000000
-1.0000000000 0.0000000000 0.0000000000 1880.0000000000
0.0000000000 0.0000000000 0.0000000000 1.0000000000

0.0000000000 0.0000000000 1.0000000000 2276.0000000000
0.0000000000 1.0000000000 0.0000000000 184.8000000000
-1.0000000000 0.0000000000 0.0000000000 1880.0000000000
0.0000000000 0.0000000000 0.0000000000 1.0000000000

0.0000000000 0.0000000000 1.0000000000 2276.0000000000
0.0000000000 1.0000000000 0.0000000000 184.4000000000
-1.0000000000 0.0000000000 0.0000000000 1880.0000000000
0.0000000000 0.0000000000 0.0000000000 1.0000000000

0.0000000000 0.0000000000 1.0000000000 2276.0000000000
0.0000000000 1.0000000000 0.0000000000 184.0000000000
-1.0000000000 0.0000000000 0.0000000000 1880.0000000000
0.0000000000 0.0000000000 0.0000000000 1.0000000000

0.0000000000 0.0000000000 1.0000000000 2276.0000000000
0.0000000000 1.0000000000 0.0000000000 183.6000000000
-1.0000000000 0.0000000000 0.0000000000 1880.0000000000
0.0000000000 0.0000000000 0.0000000000 1.0000000000

0.0000000000 0.0000000000 1.0000000000 2276.0000000000
0.0000000000 1.0000000000 0.0000000000 183.2000000000
-1.0000000000 0.0000000000 0.0000000000 1880.0000000000
0.0000000000 0.0000000000 0.0000000000 1.0000000000

0.0000000000 0.0000000000 1.0000000000 2276.0000000000
0.0000000000 1.0000000000 0.0000000000 182.8000000000
-1.0000000000 0.0000000000 0.0000000000 1880.0000000000
0.0000000000 0.0000000000 0.0000000000 1.0000000000

0.0000000000 0.0000000000 1.0000000000 2276.0000000000
0.0000000000 1.0000000000 0.0000000000 182.4000000000
-1.0000000000 0.0000000000 0.0000000000 1880.0000000000
0.0000000000 0.0000000000 0.0000000000 1.0000000000

0.0000000000 0.0000000000 1.0000000000 2276.0000000000
0.0000000000 1.0000000000 0.0000000000 182.0000000000
-1.0000000000 0.0000000000 0.0000000000 1880.0000000000
0.0000000000 0.0000000000 0.0000000000 1.0000000000

0.0000000000 0.0000000000 1.0000000000 2276.0000000000
0.0000000000 1.0000000000 0.0000000000 181.6000000000
-1.0000000000 0.0000000000 0.0000000000 1880.0000000000
0.0000000000 0.0000000000 0.0000000000 1.0000000000

0.0000000000 0.0000000000 1.0000000000 2276.0000000000
0.0000000000 1.0000000000 0.0000000000 181.2000000000
-1.0000000000 0.0000000000 0.0000000000 1880.0000000000
0.0000000000 0.0000000000 0.0000000000 1.0000000000

0.0000000000 0.0000000000 1.0000000000 2276.0000000000
0.0000000000 1.0000000000 0.0000000000 180.8000000000
-1.0000000000 0.0000000000 0.0000000000 1880.0000000000
0.0000000000 0.0000000000 0.0000000000 1.0000000000

0.0000000000 0.0000000000 1.0000000000 2276.0000000000
0.0000000000 1.0000000000 0.0000000000 180.4000000000
-1.0000000000 0.0000000000 0.0000000000 1880.0000000000
0.0000000000 0.0000000000 0.0000000000 1.0000000000

0.0000000000 0.0000000000 1.0000000000 2276.0000000000
0.0000000000 1.0000000000 0.0000000000 180.0000000000
-1.0000000000 0.0000000000 0.0000000000 1880.0000000000
0.0000000000 0.0000000000 0.0000000000 1.0000000000

0.0000000000 0.0000000000 1.0000000000 2276.0000000000
0.0000000000 1.0000000000 0.0000000000 179.6000000000
-1.0000000000 0.0000000000 0.0000000000 1880.0000000000
0.0000000000 0.0000000000 0.0000000000 1.0000000000

0.0000000000 0.0000000000 1.0000000000 2276.0000000000
0.0000000000 1.0000000000 0.0000000000 179.2000000000
-1.0000000000 0.0000000000 0.0000000000 1880.0000000000
0.0000000000 0.0000000000 0.0000000000 1.0000000000

0.0000000000 0.0000000000 1.0000000000 2276.0000000000
0.0000000000 1.0000000000 0.0000000000 178.8000000000
-1.0000000000 0.0000000000 0.0000000000 1880.0000000000
0.0000000000 0.0000000000 0.0000000000 1.0000000000

0.0000000000 0.0000000000 1.0000000000 2276.0000000000
0.0000000000 1.0000000000 0.0000000000 178.4000000000
-1.0000000000 0.0000000000 0.0000000000 1880.0000000000
0.0000000000 0.0000000000 0.0000000000 1.0000000000

0.0000000000 0.0000000000 1.0000000000 2276.0000000000
0.0000000000 1.0000000000 0.0000000000 178.0000000000
-1.0000000000 0.0000000000 0.0000000000 1880.0000000000
0.0000000000 0.0000000000 0.0000000000 1.0000000000

0.0000000000 0.0000000000 1.0000000000 2276.0000000000
0.0000000000 1.0000000000 0.0000000000 177.6000000000
-1.0000000000 0.0000000000 0.0000000000 1880.0000000000
0.0000000000 0.0000000000 0.0000000000 1.0000000000

0.0000000000 0.0000000000 1.0000000000 2276.0000000000
0.0000000000 1.0000000000 0.0000000000 177.2000000000
-1.0000000000 0.0000000000 0.0000000000 1880.0000000000
0.0000000000 0.0000000000 0.0000000000 1.0000000000

0.0000000000 0.0000000000 1.0000000000 2276.0000000000
0.0000000000 1.0000000000 0.0000000000 176.8000000000
-1.0000000000 0.0000000000 0.0000000000 1880.0000000000
0.0000000000 0.0000000000 0.0000000000 1.0000000000

0.0000000000 0.0000000000 1.0000000000 2276.0000000000
0.0000000000 1.0000000000 0.0000000000 176.4000000000
-1.0000000000 0.0000000000 0.0000000000 1880.0000000000
0.0000000000 0.0000000000 0.0000000000 1.0000000000

0.0000000000 0.0000000000 1.0000000000 2276.0000000000
0.0000000000 1.0000000000 0.0000000000 176.0000000000
-1.0000000000 0.0000000000 0.0000000000 1880.0000000000
0.0000000000 0.0000000000 0.0000000000 1.0000000000

0.0000000000 0.0000000000 1.0000000000 2276.0000000000
0.0000000000 1.0000000000 0.0000000000 175.6000000000
-1.0000000000 0.0000000000 0.0000000000 1880.0000000000
0.0000000000 0.0000000000 0.0000000000 1.0000000000

0.0000000000 0.0000000000 1.0000000000 2276.0000000000
0.0000000000 1.0000000000 0.0000000000 175.2000000000
-1.0000000000 0.0000000000 0.0000000000 1880.0000000000
0.0000000000 0.0000000000 0.0000000000 1.0000000000

0.0000000000 0.0000000000 1.0000000000 2276.0000000000
0.0000000000 1.0000000000 0.0000000000 174.8000000000
-1.0000000000 0.0000000000 0.0000000000 1880.0000000000
0.0000000000 0.0000000000 0.0000000000 1.0000000000

0.0000000000 0.0000000000 1.0000000000 2276.0000000000
0.0000000000 1.0000000000 0.0000000000 174.4000000000
-1.0000000000 0.0000000000 0.0000000000 1880.0000000000
0.0000000000 0.0000000000 0.0000000000 1.0000000000

0.0000000000 0.0000000000 1.0000000000 2276.0000000000
0.0000000000 1.0000000000 0.0000000000 174.0000000000
-1.0000000000 0.0000000000 0.0000000000 1880.0000000000
0.0000000000 0.0000000000 0.0000000000 1.0000000000

0.0000000000 0.0000000000 1.0000000000 2276.0000000000
0.0000000000 1.0000000000 0.0000000000 173.6000000000
-1.0000000000 0.0000000000 0.0000000000 1880.0000000000
0.0000000000 0.0000000000 0.0000000000 1.0000000000

0.0000000000 0.0000000000 1.0000000000 2276.0000000000
0.0000000000 1.0000000000 0.0000000000 173.2000000000
-1.0000000000 0.0000000000 0.0000000000 1880.0000000000
0.0000000000 0.0000000000 0.0000000000 1.0000000000

0.0000000000 0.0000000000 1.0000000000 2276.0000000000
0.0000000000 1.0000000000 0.0000000000 172.8000000000
-1.0000000000 0.0000000000 0.0000000000 1880.0000000000
0.0000000000 0.0000000000 0.0000000000 1.0000000000

0.0000000000 0.0000000000 1.0000000000 2276.0000000000
0.0000000000 1.0000000000 0.0000000000 172.4000000000
-1.0000000000 0.0000000000 0.0000000000 1880.0000000000
0.0000000000 0.0000000000 0.0000000000 1.0000000000

0.0000000000 0.0000000000 1.0000000000 2276.0000000000
0.0000000000 1.0000000000 0.0000000000 172.0000000000
-1.0000000000 0.0000000000 0.0000000000 1880.0000000000
0.0000000000 0.0000000000 0.0000000000 1.0000000000

0.0000000000 0.0000000000 1.0000000000 2276.0000000000
0.0000000000 1.0000000000 0.0000000000 171.6000000000
-1.0000000000 0.0000000000 0.0000000000 1880.0000000000
0.0000000000 0.0000000000 0.0000000000 1.0000000000

0.0000000000 0.0000000000 1.0000000000 2276.0000000000
0.0000000000 1.0000000000 0.0000000000 171.2000000000
-1.0000000000 0.0000000000 0.0000000000 1880.0000000000
0.0000000000 0.0000000000 0.0000000000 1.0000000000

0.0000000000 0.0000000000 1.0000000000 2276.0000000000
0.0000000000 1.0000000000 0.0000000000 170.8000000000
-1.0000000000 0.0000000000 0.0000000000 1880.0000000000
0.0000000000 0.0000000000 0.0000000000 1.0000000000

0.0000000000 0.0000000000 1.0000000000 2276.0000000000
0.0000000000 1.0000000000 0.0000000000 170.4000000000
-1.0000000000 0.0000000000 0.0000000000 1880.0000000000
0.0000000000 0.0000000000 0.0000000000 1.0000000000

0.0000000000 0.0000000000 1.0000000000 2276.0000000000
0.0000000000 1.0000000000 0.0000000000 170.0000000000
-1.0000000000 0.0000000000 0.0000000000 1880.0000000000
0.0000000000 0.0000000000 0.0000000000 1.0000000000

0.0000000000 0.0000000000 1.0000000000 2276.0000000000
0.0000000000 1.0000000000 0.0000000000 169.6000000000
-1.0000000000 0.0000000000 0.0000000000 1880.0000000000
0.0000000000 0.0000000000 0.0000000000 1.0000000000

0.0000000000 0.0000000000 1.0000000000 2276.0000000000
0.0000000000 1.0000000000 0.0000000000 169.2000000000
-1.0000000000 0.0000000000 0.0000000000 1880.0000000000
0.0000000000 0.0000000000 0.0000000000 1.0000000000

0.0000000000 0.0000000000 1.0000000000 2276.0000000000
0.0000000000 1.0000000000 0.0000000000 168.8000000000
-1.0000000000 0.0000000000 0.0000000000 1880.0000000000
0.0000000000 0.0000000000 0.0000000000 1.0000000000

0.0000000000 0.0000000000 1.0000000000 2276.0000000000
0.0000000000 1.0000000000 0.0000000000 168.4000000000
-1.0000000000 0.0000000000 0.0000000000 1880.0000000000
0.0000000000 0.0000000000 0.0000000000 1.0000000000

0.0000000000 0.0000000000 1.0000000000 2276.0000000000
0.0000000000 1.0000000000 0.0000000000 168.0000000000
-1.0000000000 0.0000000000 0.0000000000 1880.0000000000
0.0000000000 0.0000000000 0.0000000000 1.0000000000

0.0000000000 0.0000000000 1.0000000000 2276.0000000000
0.0000000000 1.0000000000 0.0000000000 167.6000000000
-1.0000000000 0.0000000000 0.0000000000 1880.0000000000
0.0000000000 0.0000000000 0.0000000000 1.0000000000

0.0000000000 0.0000000000 1.0000000000 2276.0000000000
0.0000000000 1.0000000000 0.0000000000 167.2000000000
-1.0000000000 0.0000000000 0.0000000000 1880.0000000000
0.0000000000 0.0000000000 0.0000000000 1.0000000000

0.0000000000 0.0000000000 1.0000000000 2276.0000000000
0.0000000000 1.0000000000 0.0000000000 166.8000000000
-1.0000000000 0.0000000000 0.0000000000 1880.0000000000
0.0000000000 0.0000000000 0.0000000000 1.0000000000

0.0000000000 0.0000000000 1.0000000000 2276.0000000000
0.0000000000 1.0000000000 0.0000000000 166.4000000000
-1.0000000000 0.0000000000 0.0000000000 1880.0000000000
0.0000000000 0.0000000000 0.0000000000 1.0000000000

0.0000000000 0.0000000000 1.0000000000 2276.0000000000
0.0000000000 1.0000000000 0.0000000000 166.0000000000
-1.0000000000 0.0000000000 0.0000000000 1880.0000000000
0.0000000000 0.0000000000 0.0000000000 1.0000000000

0.0000000000 0.0000000000 1.0000000000 2276.0000000000
0.0000000000 1.0000000000 0.0000000000 165.6000000000
-1.0000000000 0.0000000000 0.0000000000 1880.0000000000
0.0000000000 0.0000000000 0.0000000000 1.0000000000

0.0000000000 0.0000000000 1.0000000000 2276.0000000000
0.0000000000 1.0000000000 0.0000000000 165.2000000000
-1.0000000000 0.0000000000 0.0000000000 1880.0000000000
0.0000000000 0.0000000000 0.0000000000 1.0000000000

0.0000000000 0.0000000000 1.0000000000 2276.0000000000
0.0000000000 1.0000000000 0.0000000000 164.8000000000
-1.0000000000 0.0000000000 0.0000000000 1880.0000000000
0.0000000000 0.0000000000 0.0000000000 1.0000000000

0.0000000000 0.0000000000 1.0000000000 2276.0000000000
0.0000000000 1.0000000000 0.0000000000 164.4000000000
-1.0000000000 0.0000000000 0.0000000000 1880.0000000000
0.0000000000 0.0000000000 0.0000000000 1.0000000000

0.0000000000 0.0000000000 1.0000000000 2276.0000000000
0.0000000000 1.0000000000 0.0000000000 164.0000000000
-1.0000000000 0.0000000000 0.0000000000 1880.0000000000
0.0000000000 0.0000000000 0.0000000000 1.0000000000

0.0000000000 0.0000000000 1.0000000000 2276.0000000000
0.0000000000 1.0000000000 0.0000000000 163.6000000000
-1.0000000000 0.0000000000 0.0000000000 1880.0000000000
0.0000000000 0.0000000000 0.0000000000 1.0000000000

0.0000000000 0.0000000000 1.0000000000 2276.0000000000
0.0000000000 1.0000000000 0.0000000000 163.2000000000
-1.0000000000 0.0000000000 0.0000000000 1880.0000000000
0.0000000000 0.0000000000 0.0000000000 1.0000000000

0.0000000000 0.0000000000 1.0000000000 2276.0000000000
0.0000000000 1.0000000000 0.0000000000 162.8000000000
-1.0000000000 0.0000000000 0.0000000000 1880.0000000000
0.0000000000 0.0000000000 0.0000000000 1.0000000000

0.0000000000 0.0000000000 1.0000000000 2276.0000000000
0.0000000000 1.0000000000 0.0000000000 162.4000000000
-1.0000000000 0.0000000000 0.0000000000 1880.0000000000
0.0000000000 0.0000000000 0.0000000000 1.0000000000

0.0000000000 0.0000000000 1.0000000000 2276.0000000000
0.0000000000 1.0000000000 0.0000000000 162.0000000000
-1.0000000000 0.0000000000 0.0000000000 1880.0000000000
0.0000000000 0.0000000000 0.0000000000 1.0000000000

0.0000000000 0.0000000000 1.0000000000 2276.0000000000
0.0000000000 1.0000000000 0.0000000000 161.6000000000
-1.0000000000 0.0000000000 0.0000000000 1880.0000000000
0.0000000000 0.0000000000 0.0000000000 1.0000000000

0.0000000000 0.0000000000 1.0000000000 2276.0000000000
0.0000000000 1.0000000000 0.0000000000 161.2000000000
-1.0000000000 0.0000000000 0.0000000000 1880.0000000000
0.0000000000 0.0000000000 0.0000000000 1.0000000000

0.0000000000 0.0000000000 1.0000000000 2276.0000000000
0.0000000000 1.0000000000 0.0000000000 160.8000000000
-1.0000000000 0.0000000000 0.0000000000 1880.0000000000
0.0000000000 0.0000000000 0.0000000000 1.0000000000

0.0000000000 0.0000000000 1.0000000000 2276.0000000000
0.0000000000 1.0000000000 0.0000000000 160.4000000000
-1.0000000000 0.0000000000 0.0000000000 1880.0000000000
0.0000000000 0.0000000000 0.0000000000 1.0000000000

0.0000000000 0.0000000000 1.0000000000 2276.0000000000
0.0000000000 1.0000000000 0.0000000000 160.0000000000
-1.0000000000 0.0000000000 0.0000000000 1880.0000000000
0.0000000000 0.0000000000 0.0000000000 1.0000000000

0.0000000000 0.0000000000 1.0000000000 2276.0000000000
0.0000000000 1.0000000000 0.0000000000 159.6000000000
-1.0000000000 0.0000000000 0.0000000000 1880.0000000000
0.0000000000 0.0000000000 0.0000000000 1.0000000000

0.0000000000 0.0000000000 1.0000000000 2276.0000000000
0.0000000000 1.0000000000 0.0000000000 159.2000000000
-1.0000000000 0.0000000000 0.0000000000 1880.0000000000
0.0000000000 0.0000000000 0.0000000000 1.0000000000

0.0000000000 0.0000000000 1.0000000000 2276.0000000000
0.0000000000 1.0000000000 0.0000000000 158.8000000000
-1.0000000000 0.0000000000 0.0000000000 1880.0000000000
0.0000000000 0.0000000000 0.0000000000 1.0000000000

0.0000000000 0.0000000000 1.0000000000 2276.0000000000
0.0000000000 1.0000000000 0.0000000000 158.4000000000
-1.0000000000 0.0000000000 0.0000000000 1880.0000000000
0.0000000000 0.0000000000 0.0000000000 1.0000000000

0.0000000000 0.0000000000 1.0000000000 2276.0000000000
0.0000000000 1.0000000000 0.0000000000 158.0000000000
-1.0000000000 0.0000000000 0.0000000000 1880.0000000000
0.0000000000 0.0000000000 0.0000000000 1.0000000000

0.0000000000 0.0000000000 1.0000000000 2276.0000000000
0.0000000000 1.0000000000 0.0000000000 157.6000000000
-1.0000000000 0.0000000000 0.0000000000 1880.0000000000
0.0000000000 0.0000000000 0.0000000000 1.0000000000

0.0000000000 0.0000000000 1.0000000000 2276.0000000000
0.0000000000 1.0000000000 0.0000000000 157.2000000000
-1.0000000000 0.0000000000 0.0000000000 1880.0000000000
0.0000000000 0.0000000000 0.0000000000 1.0000000000

0.0000000000 0.0000000000 1.0000000000 2276.0000000000
0.0000000000 1.0000000000 0.0000000000 156.8000000000
-1.0000000000 0.0000000000 0.0000000000 1880.0000000000
0.0000000000 0.0000000000 0.0000000000 1.0000000000

0.0000000000 0.0000000000 1.0000000000 2276.0000000000
0.0000000000 1.0000000000 0.0000000000 156.4000000000
-1.0000000000 0.0000000000 0.0000000000 1880.0000000000
0.0000000000 0.0000000000 0.0000000000 1.0000000000

0.0000000000 0.0000000000 1.0000000000 2276.0000000000
0.0000000000 1.0000000000 0.0000000000 156.0000000000
-1.0000000000 0.0000000000 0.0000000000 1880.0000000000
0.0000000000 0.0000000000 0.0000000000 1.0000000000

0.0000000000 0.0000000000 1.0000000000 2276.0000000000
0.0000000000 1.0000000000 0.0000000000 155.6000000000
-1.0000000000 0.0000000000 0.0000000000 1880.0000000000
0.0000000000 0.0000000000 0.0000000000 1.0000000000

0.0000000000 0.0000000000 1.0000000000 2276.0000000000
0.0000000000 1.0000000000 0.0000000000 155.2000000000
-1.0000000000 0.0000000000 0.0000000000 1880.0000000000
0.0000000000 0.0000000000 0.0000000000 1.0000000000

0.0000000000 0.0000000000 1.0000000000 2276.0000000000
0.0000000000 1.0000000000 0.0000000000 154.8000000000
-1.0000000000 0.0000000000 0.0000000000 1880.0000000000
0.0000000000 0.0000000000 0.0000000000 1.0000000000

0.0000000000 0.0000000000 1.0000000000 2276.0000000000
0.0000000000 1.0000000000 0.0000000000 154.4000000000
-1.0000000000 0.0000000000 0.0000000000 1880.0000000000
0.0000000000 0.0000000000 0.0000000000 1.0000000000

0.0000000000 0.0000000000 1.0000000000 2276.0000000000
0.0000000000 1.0000000000 0.0000000000 154.0000000000
-1.0000000000 0.0000000000 0.0000000000 1880.0000000000
0.0000000000 0.0000000000 0.0000000000 1.0000000000

0.0000000000 0.0000000000 1.0000000000 2276.0000000000
0.0000000000 1.0000000000 0.0000000000 153.6000000000
-1.0000000000 0.0000000000 0.0000000000 1880.0000000000
0.0000000000 0.0000000000 0.0000000000 1.0000000000

0.0000000000 0.0000000000 1.0000000000 2276.0000000000
0.0000000000 1.0000000000 0.0000000000 153.2000000000
-1.0000000000 0.0000000000 0.0000000000 1880.0000000000
0.0000000000 0.0000000000 0.0000000000 1.0000000000

0.0000000000 0.0000000000 1.0000000000 2276.0000000000
0.0000000000 1.0000000000 0.0000000000 152.8000000000
-1.0000000000 0.0000000000 0.0000000000 1880.0000000000
0.0000000000 0.0000000000 0.0000000000 1.0000000000

0.0000000000 0.0000000000 1.0000000000 2276.0000000000
0.0000000000 1.0000000000 0.0000000000 152.4000000000
-1.0000000000 0.0000000000 0.0000000000 1880.0000000000
0.0000000000 0.0000000000 0.0000000000 1.0000000000

0.0000000000 0.0000000000 1.0000000000 2276.0000000000
0.0000000000 1.0000000000 0.0000000000 152.0000000000
-1.0000000000 0.0000000000 0.0000000000 1880.0000000000
0.0000000000 0.0000000000 0.0000000000 1.0000000000

0.0000000000 0.0000000000 1.0000000000 2276.0000000000
0.0000000000 1.0000000000 0.0000000000 151.6000000000
-1.0000000000 0.0000000000 0.0000000000 1880.0000000000
0.0000000000 0.0000000000 0.0000000000 1.0000000000

0.0000000000 0.0000000000 1.0000000000 2276.0000000000
0.0000000000 1.0000000000 0.0000000000 151.2000000000
-1.0000000000 0.0000000000 0.0000000000 1880.0000000000
0.0000000000 0.0000000000 0.0000000000 1.0000000000

0.0000000000 0.0000000000 1.0000000000 2276.0000000000
0.0000000000 1.0000000000 0.0000000000 150.8000000000
-1.0000000000 0.0000000000 0.0000000000 1880.0000000000
0.0000000000 0.0000000000 0.0000000000 1.0000000000

0.0000000000 0.0000000000 1.0000000000 2276.0000000000
0.0000000000 1.0000000000 0.0000000000 150.4000000000
-1.0000000000 0.0000000000 0.0000000000 1880.0000000000
0.0000000000 0.0000000000 0.0000000000 1.0000000000

0.0000000000 0.0000000000 1.0000000000 2276.0000000000
0.0000000000 1.0000000000 0.0000000000 150.0000000000
-1.0000000000 0.0000000000 0.0000000000 1880.0000000000
0.0000000000 0.0000000000 0.0000000000 1.0000000000

0.0000000000 0.0000000000 1.0000000000 2276.0000000000
0.0000000000 1.0000000000 0.0000000000 149.6000000000
-1.0000000000 0.0000000000 0.0000000000 1880.0000000000
0.0000000000 0.0000000000 0.0000000000 1.0000000000

0.0000000000 0.0000000000 1.0000000000 2276.0000000000
0.0000000000 1.0000000000 0.0000000000 149.2000000000
-1.0000000000 0.0000000000 0.0000000000 1880.0000000000
0.0000000000 0.0000000000 0.0000000000 1.0000000000

0.0000000000 0.0000000000 1.0000000000 2276.0000000000
0.0000000000 1.0000000000 0.0000000000 148.8000000000
-1.0000000000 0.0000000000 0.0000000000 1880.0000000000
0.0000000000 0.0000000000 0.0000000000 1.0000000000

0.0000000000 0.0000000000 1.0000000000 2276.0000000000
0.0000000000 1.0000000000 0.0000000000 148.4000000000
-1.0000000000 0.0000000000 0.0000000000 1880.0000000000
0.0000000000 0.0000000000 0.0000000000 1.0000000000

0.0000000000 0.0000000000 1.0000000000 2276.0000000000
0.0000000000 1.0000000000 0.0000000000 148.0000000000
-1.0000000000 0.0000000000 0.0000000000 1880.0000000000
0.0000000000 0.0000000000 0.0000000000 1.0000000000

0.0000000000 0.0000000000 1.0000000000 2276.0000000000
0.0000000000 1.0000000000 0.0000000000 147.6000000000
-1.0000000000 0.0000000000 0.0000000000 1880.0000000000
0.0000000000 0.0000000000 0.0000000000 1.0000000000

0.0000000000 0.0000000000 1.0000000000 2276.0000000000
0.0000000000 1.0000000000 0.0000000000 147.2000000000
-1.0000000000 0.0000000000 0.0000000000 1880.0000000000
0.0000000000 0.0000000000 0.0000000000 1.0000000000

0.0000000000 0.0000000000 1.0000000000 2276.0000000000
0.0000000000 1.0000000000 0.0000000000 146.8000000000
-1.0000000000 0.0000000000 0.0000000000 1880.0000000000
0.0000000000 0.0000000000 0.0000000000 1.0000000000

0.0000000000 0.0000000000 1.0000000000 2276.0000000000
0.0000000000 1.0000000000 0.0000000000 146.4000000000
-1.0000000000 0.0000000000 0.0000000000 1880.0000000000
0.0000000000 0.0000000000 0.0000000000 1.0000000000

0.0000000000 0.0000000000 1.0000000000 2276.0000000000
0.0000000000 1.0000000000 0.0000000000 146.0000000000
-1.0000000000 0.0000000000 0.0000000000 1880.0000000000
0.0000000000 0.0000000000 0.0000000000 1.0000000000

0.0000000000 0.0000000000 1.0000000000 2276.0000000000
0.0000000000 1.0000000000 0.0000000000 145.6000000000
-1.0000000000 0.0000000000 0.0000000000 1880.0000000000
0.0000000000 0.0000000000 0.0000000000 1.0000000000

0.0000000000 0.0000000000 1.0000000000 2276.0000000000
0.0000000000 1.0000000000 0.0000000000 145.2000000000
-1.0000000000 0.0000000000 0.0000000000 1880.0000000000
0.0000000000 0.0000000000 0.0000000000 1.0000000000

0.0000000000 0.0000000000 1.0000000000 2276.0000000000
0.0000000000 1.0000000000 0.0000000000 144.8000000000
-1.0000000000 0.0000000000 0.0000000000 1880.0000000000
0.0000000000 0.0000000000 0.0000000000 1.0000000000

0.0000000000 0.0000000000 1.0000000000 2276.0000000000
0.0000000000 1.0000000000 0.0000000000 144.4000000000
-1.0000000000 0.0000000000 0.0000000000 1880.0000000000
0.0000000000 0.0000000000 0.0000000000 1.0000000000

0.0000000000 0.0000000000 1.0000000000 2276.0000000000
0.0000000000 1.0000000000 0.0000000000 144.0000000000
-1.0000000000 0.0000000000 0.0000000000 1880.0000000000
0.0000000000 0.0000000000 0.0000000000 1.0000000000

0.0000000000 0.0000000000 1.0000000000 2276.0000000000
0.0000000000 1.0000000000 0.0000000000 143.6000000000
-1.0000000000 0.0000000000 0.0000000000 1880.0000000000
0.0000000000 0.0000000000 0.0000000000 1.0000000000

0.0000000000 0.0000000000 1.0000000000 2276.0000000000
0.0000000000 1.0000000000 0.0000000000 143.2000000000
-1.0000000000 0.0000000000 0.0000000000 1880.0000000000
0.0000000000 0.0000000000 0.0000000000 1.0000000000

0.0000000000 0.0000000000 1.0000000000 2276.0000000000
0.0000000000 1.0000000000 0.0000000000 142.8000000000
-1.0000000000 0.0000000000 0.0000000000 1880.0000000000
0.0000000000 0.0000000000 0.0000000000 1.0000000000

0.0000000000 0.0000000000 1.0000000000 2276.0000000000
0.0000000000 1.0000000000 0.0000000000 142.4000000000
-1.0000000000 0.0000000000 0.0000000000 1880.0000000000
0.0000000000 0.0000000000 0.0000000000 1.0000000000

0.0000000000 0.0000000000 1.0000000000 2276.0000000000
0.0000000000 1.0000000000 0.0000000000 142.0000000000
-1.0000000000 0.0000000000 0.0000000000 1880.0000000000
0.0000000000 0.0000000000 0.0000000000 1.0000000000

0.0000000000 0.0000000000 1.0000000000 2276.0000000000
0.0000000000 1.0000000000 0.0000000000 141.6000000000
-1.0000000000 0.0000000000 0.0000000000 1880.0000000000
0.0000000000 0.0000000000 0.0000000000 1.0000000000

0.0000000000 0.0000000000 1.0000000000 2276.0000000000
0.0000000000 1.0000000000 0.0000000000 141.2000000000
-1.0000000000 0.0000000000 0.0000000000 1880.0000000000
0.0000000000 0.0000000000 0.0000000000 1.0000000000

0.0000000000 0.0000000000 1.0000000000 2276.0000000000
0.0000000000 1.0000000000 0.0000000000 140.8000000000
-1.0000000000 0.0000000000 0.0000000000 1880.0000000000
0.0000000000 0.0000000000 0.0000000000 1.0000000000

0.0000000000 0.0000000000 1.0000000000 2276.0000000000
0.0000000000 1.0000000000 0.0000000000 140.4000000000
-1.0000000000 0.0000000000 0.0000000000 1880.0000000000
0.0000000000 0.0000000000 0.0000000000 1.0000000000

0.0000000000 0.0000000000 1.0000000000 2276.0000000000
0.0000000000 1.0000000000 0.0000000000 140.0000000000
-1.0000000000 0.0000000000 0.0000000000 1880.0000000000
0.0000000000 0.0000000000 0.0000000000 1.0000000000

0.0000000000 0.0000000000 1.0000000000 2276.0000000000
0.0000000000 1.0000000000 0.0000000000 139.6000000000
-1.0000000000 0.0000000000 0.0000000000 1880.0000000000
0.0000000000 0.0000000000 0.0000000000 1.0000000000

0.0000000000 0.0000000000 1.0000000000 2276.0000000000
0.0000000000 1.0000000000 0.0000000000 139.2000000000
-1.0000000000 0.0000000000 0.0000000000 1880.0000000000
0.0000000000 0.0000000000 0.0000000000 1.0000000000

0.0000000000 0.0000000000 1.0000000000 2276.0000000000
0.0000000000 1.0000000000 0.0000000000 138.8000000000
-1.0000000000 0.0000000000 0.0000000000 1880.0000000000
0.0000000000 0.0000000000 0.0000000000 1.0000000000

0.0000000000 0.0000000000 1.0000000000 2276.0000000000
0.0000000000 1.0000000000 0.0000000000 138.4000000000
-1.0000000000 0.0000000000 0.0000000000 1880.0000000000
0.0000000000 0.0000000000 0.0000000000 1.0000000000

0.0000000000 0.0000000000 1.0000000000 2276.0000000000
0.0000000000 1.0000000000 0.0000000000 138.0000000000
-1.0000000000 0.0000000000 0.0000000000 1880.0000000000
0.0000000000 0.0000000000 0.0000000000 1.0000000000

0.0000000000 0.0000000000 1.0000000000 2276.0000000000
0.0000000000 1.0000000000 0.0000000000 137.6000000000
-1.0000000000 0.0000000000 0.0000000000 1880.0000000000
0.0000000000 0.0000000000 0.0000000000 1.0000000000

0.0000000000 0.0000000000 1.0000000000 2276.0000000000
0.0000000000 1.0000000000 0.0000000000 137.2000000000
-1.0000000000 0.0000000000 0.0000000000 1880.0000000000
0.0000000000 0.0000000000 0.0000000000 1.0000000000

0.0000000000 0.0000000000 1.0000000000 2276.0000000000
0.0000000000 1.0000000000 0.0000000000 136.8000000000
-1.0000000000 0.0000000000 0.0000000000 1880.0000000000
0.0000000000 0.0000000000 0.0000000000 1.0000000000

0.0000000000 0.0000000000 1.0000000000 2276.0000000000
0.0000000000 1.0000000000 0.0000000000 136.4000000000
-1.0000000000 0.0000000000 0.0000000000 1880.0000000000
0.0000000000 0.0000000000 0.0000000000 1.0000000000

0.0000000000 0.0000000000 1.0000000000 2276.0000000000
0.0000000000 1.0000000000 0.0000000000 136.0000000000
-1.0000000000 0.0000000000 0.0000000000 1880.0000000000
0.0000000000 0.0000000000 0.0000000000 1.0000000000

0.0000000000 0.0000000000 1.0000000000 2276.0000000000
0.0000000000 1.0000000000 0.0000000000 135.6000000000
-1.0000000000 0.0000000000 0.0000000000 1880.0000000000
0.0000000000 0.0000000000 0.0000000000 1.0000000000

0.0000000000 0.0000000000 1.0000000000 2276.0000000000
0.0000000000 1.0000000000 0.0000000000 135.2000000000
-1.0000000000 0.0000000000 0.0000000000 1880.0000000000
0.0000000000 0.0000000000 0.0000000000 1.0000000000

0.0000000000 0.0000000000 1.0000000000 2276.0000000000
0.0000000000 1.0000000000 0.0000000000 134.8000000000
-1.0000000000 0.0000000000 0.0000000000 1880.0000000000
0.0000000000 0.0000000000 0.0000000000 1.0000000000

0.0000000000 0.0000000000 1.0000000000 2276.0000000000
0.0000000000 1.0000000000 0.0000000000 134.4000000000
-1.0000000000 0.0000000000 0.0000000000 1880.0000000000
0.0000000000 0.0000000000 0.0000000000 1.0000000000

0.0000000000 0.0000000000 1.0000000000 2276.0000000000
0.0000000000 1.0000000000 0.0000000000 134.0000000000
-1.0000000000 0.0000000000 0.0000000000 1880.0000000000
0.0000000000 0.0000000000 0.0000000000 1.0000000000

0.0000000000 0.0000000000 1.0000000000 2276.0000000000
0.0000000000 1.0000000000 0.0000000000 133.6000000000
-1.0000000000 0.0000000000 0.0000000000 1880.0000000000
0.0000000000 0.0000000000 0.0000000000 1.0000000000

0.0000000000 0.0000000000 1.0000000000 2276.0000000000
0.0000000000 1.0000000000 0.0000000000 133.2000000000
-1.0000000000 0.0000000000 0.0000000000 1880.0000000000
0.0000000000 0.0000000000 0.0000000000 1.0000000000

0.0000000000 0.0000000000 1.0000000000 2276.0000000000
0.0000000000 1.0000000000 0.0000000000 132.8000000000
-1.0000000000 0.0000000000 0.0000000000 1880.0000000000
0.0000000000 0.0000000000 0.0000000000 1.0000000000

0.0000000000 0.0000000000 1.0000000000 2276.0000000000
0.0000000000 1.0000000000 0.0000000000 132.4000000000
-1.0000000000 0.0000000000 0.0000000000 1880.0000000000
0.0000000000 0.0000000000 0.0000000000 1.0000000000

0.0000000000 0.0000000000 1.0000000000 2276.0000000000
0.0000000000 1.0000000000 0.0000000000 132.0000000000
-1.0000000000 0.0000000000 0.0000000000 1880.0000000000
0.0000000000 0.0000000000 0.0000000000 1.0000000000

0.0000000000 0.0000000000 1.0000000000 2276.0000000000
0.0000000000 1.0000000000 0.0000000000 131.6000000000
-1.0000000000 0.0000000000 0.0000000000 1880.0000000000
0.0000000000 0.0000000000 0.0000000000 1.0000000000

0.0000000000 0.0000000000 1.0000000000 2276.0000000000
0.0000000000 1.0000000000 0.0000000000 131.2000000000
-1.0000000000 0.0000000000 0.0000000000 1880.0000000000
0.0000000000 0.0000000000 0.0000000000 1.0000000000

0.0000000000 0.0000000000 1.0000000000 2276.0000000000
0.0000000000 1.0000000000 0.0000000000 130.8000000000
-1.0000000000 0.0000000000 0.0000000000 1880.0000000000
0.0000000000 0.0000000000 0.0000000000 1.0000000000

0.0000000000 0.0000000000 1.0000000000 2276.0000000000
0.0000000000 1.0000000000 0.0000000000 130.4000000000
-1.0000000000 0.0000000000 0.0000000000 1880.0000000000
0.0000000000 0.0000000000 0.0000000000 1.0000000000

0.0000000000 0.0000000000 1.0000000000 2276.0000000000
0.0000000000 1.0000000000 0.0000000000 130.0000000000
-1.0000000000 0.0000000000 0.0000000000 1880.0000000000
0.0000000000 0.0000000000 0.0000000000 1.0000000000

0.0000000000 0.0000000000 1.0000000000 2276.0000000000
0.0000000000 1.0000000000 0.0000000000 129.6000000000
-1.0000000000 0.0000000000 0.0000000000 1880.0000000000
0.0000000000 0.0000000000 0.0000000000 1.0000000000

0.0000000000 0.0000000000 1.0000000000 2276.0000000000
0.0000000000 1.0000000000 0.0000000000 129.2000000000
-1.0000000000 0.0000000000 0.0000000000 1880.0000000000
0.0000000000 0.0000000000 0.0000000000 1.0000000000

0.0000000000 0.0000000000 1.0000000000 2276.0000000000
0.0000000000 1.0000000000 0.0000000000 128.8000000000
-1.0000000000 0.0000000000 0.0000000000 1880.0000000000
0.0000000000 0.0000000000 0.0000000000 1.0000000000

0.0000000000 0.0000000000 1.0000000000 2276.0000000000
0.0000000000 1.0000000000 0.0000000000 128.4000000000
-1.0000000000 0.0000000000 0.0000000000 1880.0000000000
0.0000000000 0.0000000000 0.0000000000 1.0000000000

0.0000000000 0.0000000000 1.0000000000 2276.0000000000
0.0000000000 1.0000000000 0.0000000000 128.0000000000
-1.0000000000 0.0000000000 0.0000000000 1880.0000000000
0.0000000000 0.0000000000 0.0000000000 1.0000000000

0.0000000000 0.0000000000 1.0000000000 2276.0000000000
0.0000000000 1.0000000000 0.0000000000 127.6000000000
-1.0000000000 0.0000000000 0.0000000000 1880.0000000000
0.0000000000 0.0000000000 0.0000000000 1.0000000000

0.0000000000 0.0000000000 1.0000000000 2276.0000000000
0.0000000000 1.0000000000 0.0000000000 127.2000000000
-1.0000000000 0.0000000000 0.0000000000 1880.0000000000
0.0000000000 0.0000000000 0.0000000000 1.0000000000

0.0000000000 0.0000000000 1.0000000000 2276.0000000000
0.0000000000 1.0000000000 0.0000000000 126.8000000000
-1.0000000000 0.0000000000 0.0000000000 1880.0000000000
0.0000000000 0.0000000000 0.0000000000 1.0000000000

0.0000000000 0.0000000000 1.0000000000 2276.0000000000
0.0000000000 1.0000000000 0.0000000000 126.4000000000
-1.0000000000 0.0000000000 0.0000000000 1880.0000000000
0.0000000000 0.0000000000 0.0000000000 1.0000000000

0.0000000000 0.0000000000 1.0000000000 2276.0000000000
0.0000000000 1.0000000000 0.0000000000 126.0000000000
-1.0000000000 0.0000000000 0.0000000000 1880.0000000000
0.0000000000 0.0000000000 0.0000000000 1.0000000000

0.0000000000 0.0000000000 1.0000000000 2276.0000000000
0.0000000000 1.0000000000 0.0000000000 125.6000000000
-1.0000000000 0.0000000000 0.0000000000 1880.0000000000
0.0000000000 0.0000000000 0.0000000000 1.0000000000

0.0000000000 0.0000000000 1.0000000000 2276.0000000000
0.0000000000 1.0000000000 0.0000000000 125.2000000000
-1.0000000000 0.0000000000 0.0000000000 1880.0000000000
0.0000000000 0.0000000000 0.0000000000 1.0000000000

0.0000000000 0.0000000000 1.0000000000 2276.0000000000
0.0000000000 1.0000000000 0.0000000000 124.8000000000
-1.0000000000 0.0000000000 0.0000000000 1880.0000000000
0.0000000000 0.0000000000 0.0000000000 1.0000000000

0.0000000000 0.0000000000 1.0000000000 2276.0000000000
0.0000000000 1.0000000000 0.0000000000 124.4000000000
-1.0000000000 0.0000000000 0.0000000000 1880.0000000000
0.0000000000 0.0000000000 0.0000000000 1.0000000000

0.0000000000 0.0000000000 1.0000000000 2276.0000000000
0.0000000000 1.0000000000 0.0000000000 124.0000000000
-1.0000000000 0.0000000000 0.0000000000 1880.0000000000
0.0000000000 0.0000000000 0.0000000000 1.0000000000

0.0000000000 0.0000000000 1.0000000000 2276.0000000000
0.0000000000 1.0000000000 0.0000000000 123.6000000000
-1.0000000000 0.0000000000 0.0000000000 1880.0000000000
0.0000000000 0.0000000000 0.0000000000 1.0000000000

0.0000000000 0.0000000000 1.0000000000 2276.0000000000
0.0000000000 1.0000000000 0.0000000000 123.2000000000
-1.0000000000 0.0000000000 0.0000000000 1880.0000000000
0.0000000000 0.0000000000 0.0000000000 1.0000000000

0.0000000000 0.0000000000 1.0000000000 2276.0000000000
0.0000000000 1.0000000000 0.0000000000 122.8000000000
-1.0000000000 0.0000000000 0.0000000000 1880.0000000000
0.0000000000 0.0000000000 0.0000000000 1.0000000000

0.0000000000 0.0000000000 1.0000000000 2276.0000000000
0.0000000000 1.0000000000 0.0000000000 122.4000000000
-1.0000000000 0.0000000000 0.0000000000 1880.0000000000
0.0000000000 0.0000000000 0.0000000000 1.0000000000

0.0000000000 0.0000000000 1.0000000000 2276.0000000000
0.0000000000 1.0000000000 0.0000000000 122.0000000000
-1.0000000000 0.0000000000 0.0000000000 1880.0000000000
0.0000000000 0.0000000000 0.0000000000 1.0000000000

0.0000000000 0.0000000000 1.0000000000 2276.0000000000
0.0000000000 1.0000000000 0.0000000000 121.6000000000
-1.0000000000 0.0000000000 0.0000000000 1880.0000000000
0.0000000000 0.0000000000 0.0000000000 1.0000000000

0.0000000000 0.0000000000 1.0000000000 2276.0000000000
0.0000000000 1.0000000000 0.0000000000 121.2000000000
-1.0000000000 0.0000000000 0.0000000000 1880.0000000000
0.0000000000 0.0000000000 0.0000000000 1.0000000000

0.0000000000 0.0000000000 1.0000000000 2276.0000000000
0.0000000000 1.0000000000 0.0000000000 120.8000000000
-1.0000000000 0.0000000000 0.0000000000 1880.0000000000
0.0000000000 0.0000000000 0.0000000000 1.0000000000

0.0000000000 0.0000000000 1.0000000000 2276.0000000000
0.0000000000 1.0000000000 0.0000000000 120.4000000000
-1.0000000000 0.0000000000 0.0000000000 1880.0000000000
0.0000000000 0.0000000000 0.0000000000 1.0000000000

0.0000000000 0.0000000000 1.0000000000 2276.0000000000
0.0000000000 1.0000000000 0.0000000000 120.0000000000
-1.0000000000 0.0000000000 0.0000000000 1880.0000000000
0.0000000000 0.0000000000 0.0000000000 1.0000000000

0.0000000000 0.0000000000 1.0000000000 2276.0000000000
0.0000000000 1.0000000000 0.0000000000 119.6000000000
-1.0000000000 0.0000000000 0.0000000000 1880.0000000000
0.0000000000 0.0000000000 0.0000000000 1.0000000000

0.0000000000 0.0000000000 1.0000000000 2276.0000000000
0.0000000000 1.0000000000 0.0000000000 119.2000000000
-1.0000000000 0.0000000000 0.0000000000 1880.0000000000
0.0000000000 0.0000000000 0.0000000000 1.0000000000

0.0000000000 0.0000000000 1.0000000000 2276.0000000000
0.0000000000 1.0000000000 0.0000000000 118.8000000000
-1.0000000000 0.0000000000 0.0000000000 1880.0000000000
0.0000000000 0.0000000000 0.0000000000 1.0000000000

0.0000000000 0.0000000000 1.0000000000 2276.0000000000
0.0000000000 1.0000000000 0.0000000000 118.4000000000
-1.0000000000 0.0000000000 0.0000000000 1880.0000000000
0.0000000000 0.0000000000 0.0000000000 1.0000000000

0.0000000000 0.0000000000 1.0000000000 2276.0000000000
0.0000000000 1.0000000000 0.0000000000 118.0000000000
-1.0000000000 0.0000000000 0.0000000000 1880.0000000000
0.0000000000 0.0000000000 0.0000000000 1.0000000000

0.0000000000 0.0000000000 1.0000000000 2276.0000000000
0.0000000000 1.0000000000 0.0000000000 117.6000000000
-1.0000000000 0.0000000000 0.0000000000 1880.0000000000
0.0000000000 0.0000000000 0.0000000000 1.0000000000

0.0000000000 0.0000000000 1.0000000000 2276.0000000000
0.0000000000 1.0000000000 0.0000000000 117.2000000000
-1.0000000000 0.0000000000 0.0000000000 1880.0000000000
0.0000000000 0.0000000000 0.0000000000 1.0000000000

0.0000000000 0.0000000000 1.0000000000 2276.0000000000
0.0000000000 1.0000000000 0.0000000000 116.8000000000
-1.0000000000 0.0000000000 0.0000000000 1880.0000000000
0.0000000000 0.0000000000 0.0000000000 1.0000000000

0.0000000000 0.0000000000 1.0000000000 2276.0000000000
0.0000000000 1.0000000000 0.0000000000 116.4000000000
-1.0000000000 0.0000000000 0.0000000000 1880.0000000000
0.0000000000 0.0000000000 0.0000000000 1.0000000000

0.0000000000 0.0000000000 1.0000000000 2276.0000000000
0.0000000000 1.0000000000 0.0000000000 116.0000000000
-1.0000000000 0.0000000000 0.0000000000 1880.0000000000
0.0000000000 0.0000000000 0.0000000000 1.0000000000

0.0000000000 0.0000000000 1.0000000000 2276.0000000000
0.0000000000 1.0000000000 0.0000000000 115.6000000000
-1.0000000000 0.0000000000 0.0000000000 1880.0000000000
0.0000000000 0.0000000000 0.0000000000 1.0000000000

0.0000000000 0.0000000000 1.0000000000 2276.0000000000
0.0000000000 1.0000000000 0.0000000000 115.2000000000
-1.0000000000 0.0000000000 0.0000000000 1880.0000000000
0.0000000000 0.0000000000 0.0000000000 1.0000000000

0.0000000000 0.0000000000 1.0000000000 2276.0000000000
0.0000000000 1.0000000000 0.0000000000 114.8000000000
-1.0000000000 0.0000000000 0.0000000000 1880.0000000000
0.0000000000 0.0000000000 0.0000000000 1.0000000000

0.0000000000 0.0000000000 1.0000000000 2276.0000000000
0.0000000000 1.0000000000 0.0000000000 114.4000000000
-1.0000000000 0.0000000000 0.0000000000 1880.0000000000
0.0000000000 0.0000000000 0.0000000000 1.0000000000

0.0000000000 0.0000000000 1.0000000000 2276.0000000000
0.0000000000 1.0000000000 0.0000000000 114.0000000000
-1.0000000000 0.0000000000 0.0000000000 1880.0000000000
0.0000000000 0.0000000000 0.0000000000 1.0000000000

0.0000000000 0.0000000000 1.0000000000 2276.0000000000
0.0000000000 1.0000000000 0.0000000000 113.6000000000
-1.0000000000 0.0000000000 0.0000000000 1880.0000000000
0.0000000000 0.0000000000 0.0000000000 1.0000000000

0.0000000000 0.0000000000 1.0000000000 2276.0000000000
0.0000000000 1.0000000000 0.0000000000 113.2000000000
-1.0000000000 0.0000000000 0.0000000000 1880.0000000000
0.0000000000 0.0000000000 0.0000000000 1.0000000000

0.0000000000 0.0000000000 1.0000000000 2276.0000000000
0.0000000000 1.0000000000 0.0000000000 112.8000000000
-1.0000000000 0.0000000000 0.0000000000 1880.0000000000
0.0000000000 0.0000000000 0.0000000000 1.0000000000

0.0000000000 0.0000000000 1.0000000000 2276.0000000000
0.0000000000 1.0000000000 0.0000000000 112.4000000000
-1.0000000000 0.0000000000 0.0000000000 1880.0000000000
0.0000000000 0.0000000000 0.0000000000 1.0000000000

0.0000000000 0.0000000000 1.0000000000 2276.0000000000
0.0000000000 1.0000000000 0.0000000000 112.0000000000
-1.0000000000 0.0000000000 0.0000000000 1880.0000000000
0.0000000000 0.0000000000 0.0000000000 1.0000000000

0.0000000000 0.0000000000 1.0000000000 2276.0000000000
0.0000000000 1.0000000000 0.0000000000 111.6000000000
-1.0000000000 0.0000000000 0.0000000000 1880.0000000000
0.0000000000 0.0000000000 0.0000000000 1.0000000000

0.0000000000 0.0000000000 1.0000000000 2276.0000000000
0.0000000000 1.0000000000 0.0000000000 111.2000000000
-1.0000000000 0.0000000000 0.0000000000 1880.0000000000
0.0000000000 0.0000000000 0.0000000000 1.0000000000

0.0000000000 0.0000000000 1.0000000000 2276.0000000000
0.0000000000 1.0000000000 0.0000000000 110.8000000000
-1.0000000000 0.0000000000 0.0000000000 1880.0000000000
0.0000000000 0.0000000000 0.0000000000 1.0000000000

0.0000000000 0.0000000000 1.0000000000 2276.0000000000
0.0000000000 1.0000000000 0.0000000000 110.4000000000
-1.0000000000 0.0000000000 0.0000000000 1880.0000000000
0.0000000000 0.0000000000 0.0000000000 1.0000000000

0.0000000000 0.0000000000 1.0000000000 2276.0000000000
0.0000000000 1.0000000000 0.0000000000 110.0000000000
-1.0000000000 0.0000000000 0.0000000000 1880.0000000000
0.0000000000 0.0000000000 0.0000000000 1.0000000000

0.0000000000 0.0000000000 1.0000000000 2276.0000000000
0.0000000000 1.0000000000 0.0000000000 109.6000000000
-1.0000000000 0.0000000000 0.0000000000 1880.0000000000
0.0000000000 0.0000000000 0.0000000000 1.0000000000

0.0000000000 0.0000000000 1.0000000000 2276.0000000000
0.0000000000 1.0000000000 0.0000000000 109.2000000000
-1.0000000000 0.0000000000 0.0000000000 1880.0000000000
0.0000000000 0.0000000000 0.0000000000 1.0000000000

0.0000000000 0.0000000000 1.0000000000 2276.0000000000
0.0000000000 1.0000000000 0.0000000000 108.8000000000
-1.0000000000 0.0000000000 0.0000000000 1880.0000000000
0.0000000000 0.0000000000 0.0000000000 1.0000000000

0.0000000000 0.0000000000 1.0000000000 2276.0000000000
0.0000000000 1.0000000000 0.0000000000 108.4000000000
-1.0000000000 0.0000000000 0.0000000000 1880.0000000000
0.0000000000 0.0000000000 0.0000000000 1.0000000000

0.0000000000 0.0000000000 1.0000000000 2276.0000000000
0.0000000000 1.0000000000 0.0000000000 108.0000000000
-1.0000000000 0.0000000000 0.0000000000 1880.0000000000
0.0000000000 0.0000000000 0.0000000000 1.0000000000

0.0000000000 0.0000000000 1.0000000000 2276.0000000000
0.0000000000 1.0000000000 0.0000000000 107.6000000000
-1.0000000000 0.0000000000 0.0000000000 1880.0000000000
0.0000000000 0.0000000000 0.0000000000 1.0000000000

0.0000000000 0.0000000000 1.0000000000 2276.0000000000
0.0000000000 1.0000000000 0.0000000000 107.2000000000
-1.0000000000 0.0000000000 0.0000000000 1880.0000000000
0.0000000000 0.0000000000 0.0000000000 1.0000000000

0.0000000000 0.0000000000 1.0000000000 2276.0000000000
0.0000000000 1.0000000000 0.0000000000 106.8000000000
-1.0000000000 0.0000000000 0.0000000000 1880.0000000000
0.0000000000 0.0000000000 0.0000000000 1.0000000000

0.0000000000 0.0000000000 1.0000000000 2276.0000000000
0.0000000000 1.0000000000 0.0000000000 106.4000000000
-1.0000000000 0.0000000000 0.0000000000 1880.0000000000
0.0000000000 0.0000000000 0.0000000000 1.0000000000

0.0000000000 0.0000000000 1.0000000000 2276.0000000000
0.0000000000 1.0000000000 0.0000000000 106.0000000000
-1.0000000000 0.0000000000 0.0000000000 1880.0000000000
0.0000000000 0.0000000000 0.0000000000 1.0000000000

0.0000000000 0.0000000000 1.0000000000 2276.0000000000
0.0000000000 1.0000000000 0.0000000000 105.6000000000
-1.0000000000 0.0000000000 0.0000000000 1880.0000000000
0.0000000000 0.0000000000 0.0000000000 1.0000000000

0.0000000000 0.0000000000 1.0000000000 2276.0000000000
0.0000000000 1.0000000000 0.0000000000 105.2000000000
-1.0000000000 0.0000000000 0.0000000000 1880.0000000000
0.0000000000 0.0000000000 0.0000000000 1.0000000000

0.0000000000 0.0000000000 1.0000000000 2276.0000000000
0.0000000000 1.0000000000 0.0000000000 104.8000000000
-1.0000000000 0.0000000000 0.0000000000 1880.0000000000
0.0000000000 0.0000000000 0.0000000000 1.0000000000

0.0000000000 0.0000000000 1.0000000000 2276.0000000000
0.0000000000 1.0000000000 0.0000000000 104.4000000000
-1.0000000000 0.0000000000 0.0000000000 1880.0000000000
0.0000000000 0.0000000000 0.0000000000 1.0000000000

0.0000000000 0.0000000000 1.0000000000 2276.0000000000
0.0000000000 1.0000000000 0.0000000000 104.0000000000
-1.0000000000 0.0000000000 0.0000000000 1880.0000000000
0.0000000000 0.0000000000 0.0000000000 1.0000000000

0.0000000000 0.0000000000 1.0000000000 2276.0000000000
0.0000000000 1.0000000000 0.0000000000 103.6000000000
-1.0000000000 0.0000000000 0.0000000000 1880.0000000000
0.0000000000 0.0000000000 0.0000000000 1.0000000000

0.0000000000 0.0000000000 1.0000000000 2276.0000000000
0.0000000000 1.0000000000 0.0000000000 103.2000000000
-1.0000000000 0.0000000000 0.0000000000 1880.0000000000
0.0000000000 0.0000000000 0.0000000000 1.0000000000

0.0000000000 0.0000000000 1.0000000000 2276.0000000000
0.0000000000 1.0000000000 0.0000000000 102.8000000000
-1.0000000000 0.0000000000 0.0000000000 1880.0000000000
0.0000000000 0.0000000000 0.0000000000 1.0000000000

0.0000000000 0.0000000000 1.0000000000 2276.0000000000
0.0000000000 1.0000000000 0.0000000000 102.4000000000
-1.0000000000 0.0000000000 0.0000000000 1880.0000000000
0.0000000000 0.0000000000 0.0000000000 1.0000000000

0.0000000000 0.0000000000 1.0000000000 2276.0000000000
0.0000000000 1.0000000000 0.0000000000 102.0000000000
-1.0000000000 0.0000000000 0.0000000000 1880.0000000000
0.0000000000 0.0000000000 0.0000000000 1.0000000000

0.0000000000 0.0000000000 1.0000000000 2276.0000000000
0.0000000000 1.0000000000 0.0000000000 101.6000000000
-1.0000000000 0.0000000000 0.0000000000 1880.0000000000
0.0000000000 0.0000000000 0.0000000000 1.0000000000

0.0000000000 0.0000000000 1.0000000000 2276.0000000000
0.0000000000 1.0000000000 0.0000000000 101.2000000000
-1.0000000000 0.0000000000 0.0000000000 1880.0000000000
0.0000000000 0.0000000000 0.0000000000 1.0000000000

0.0000000000 0.0000000000 1.0000000000 2276.0000000000
0.0000000000 1.0000000000 0.0000000000 100.8000000000
-1.0000000000 0.0000000000 0.0000000000 1880.0000000000
0.0000000000 0.0000000000 0.0000000000 1.0000000000

0.0000000000 0.0000000000 1.0000000000 2276.0000000000
0.0000000000 1.0000000000 0.0000000000 100.4000000000
-1.0000000000 0.0000000000 0.0000000000 1880.0000000000
0.0000000000 0.0000000000 0.0000000000 1.0000000000

0.0000000000 0.0000000000 1.0000000000 2276.0000000000
0.0000000000 1.0000000000 0.0000000000 100.0000000000
-1.0000000000 0.0000000000 0.0000000000 1880.0000000000
0.0000000000 0.0000000000 0.0000000000 1.0000000000

0.0000000000 0.0000000000 1.0000000000 2276.0000000000
0.0000000000 1.0000000000 0.0000000000 99.6000000000
-1.0000000000 0.0000000000 0.0000000000 1880.0000000000
0.0000000000 0.0000000000 0.0000000000 1.0000000000

0.0000000000 0.0000000000 1.0000000000 2276.0000000000
0.0000000000 1.0000000000 0.0000000000 99.2000000000
-1.0000000000 0.0000000000 0.0000000000 1880.0000000000
0.0000000000 0.0000000000 0.0000000000 1.0000000000

0.0000000000 0.0000000000 1.0000000000 2276.0000000000
0.0000000000 1.0000000000 0.0000000000 98.8000000000
-1.0000000000 0.0000000000 0.0000000000 1880.0000000000
0.0000000000 0.0000000000 0.0000000000 1.0000000000

0.0000000000 0.0000000000 1.0000000000 2276.0000000000
0.0000000000 1.0000000000 0.0000000000 98.4000000000
-1.0000000000 0.0000000000 0.0000000000 1880.0000000000
0.0000000000 0.0000000000 0.0000000000 1.0000000000

0.0000000000 0.0000000000 1.0000000000 2276.0000000000
0.0000000000 1.0000000000 0.0000000000 98.0000000000
-1.0000000000 0.0000000000 0.0000000000 1880.0000000000
0.0000000000 0.0000000000 0.0000000000 1.0000000000

0.0000000000 0.0000000000 1.0000000000 2276.0000000000
0.0000000000 1.0000000000 0.0000000000 97.6000000000
-1.0000000000 0.0000000000 0.0000000000 1880.0000000000
0.0000000000 0.0000000000 0.0000000000 1.0000000000

0.0000000000 0.0000000000 1.0000000000 2276.0000000000
0.0000000000 1.0000000000 0.0000000000 97.2000000000
-1.0000000000 0.0000000000 0.0000000000 1880.0000000000
0.0000000000 0.0000000000 0.0000000000 1.0000000000

0.0000000000 0.0000000000 1.0000000000 2276.0000000000
0.0000000000 1.0000000000 0.0000000000 96.8000000000
-1.0000000000 0.0000000000 0.0000000000 1880.0000000000
0.0000000000 0.0000000000 0.0000000000 1.0000000000

0.0000000000 0.0000000000 1.0000000000 2276.0000000000
0.0000000000 1.0000000000 0.0000000000 96.4000000000
-1.0000000000 0.0000000000 0.0000000000 1880.0000000000
0.0000000000 0.0000000000 0.0000000000 1.0000000000

0.0000000000 0.0000000000 1.0000000000 2276.0000000000
0.0000000000 1.0000000000 0.0000000000 96.0000000000
-1.0000000000 0.0000000000 0.0000000000 1880.0000000000
0.0000000000 0.0000000000 0.0000000000 1.0000000000

0.0000000000 0.0000000000 1.0000000000 2276.0000000000
0.0000000000 1.0000000000 0.0000000000 95.6000000000
-1.0000000000 0.0000000000 0.0000000000 1880.0000000000
0.0000000000 0.0000000000 0.0000000000 1.0000000000

0.0000000000 0.0000000000 1.0000000000 2276.0000000000
0.0000000000 1.0000000000 0.0000000000 95.2000000000
-1.0000000000 0.0000000000 0.0000000000 1880.0000000000
0.0000000000 0.0000000000 0.0000000000 1.0000000000

0.0000000000 0.0000000000 1.0000000000 2276.0000000000
0.0000000000 1.0000000000 0.0000000000 94.8000000000
-1.0000000000 0.0000000000 0.0000000000 1880.0000000000
0.0000000000 0.0000000000 0.0000000000 1.0000000000

0.0000000000 0.0000000000 1.0000000000 2276.0000000000
0.0000000000 1.0000000000 0.0000000000 94.4000000000
-1.0000000000 0.0000000000 0.0000000000 1880.0000000000
0.0000000000 0.0000000000 0.0000000000 1.0000000000

0.0000000000 0.0000000000 1.0000000000 2276.0000000000
0.0000000000 1.0000000000 0.0000000000 94.0000000000
-1.0000000000 0.0000000000 0.0000000000 1880.0000000000
0.0000000000 0.0000000000 0.0000000000 1.0000000000

0.0000000000 0.0000000000 1.0000000000 2276.0000000000
0.0000000000 1.0000000000 0.0000000000 93.6000000000
-1.0000000000 0.0000000000 0.0000000000 1880.0000000000
0.0000000000 0.0000000000 0.0000000000 1.0000000000

0.0000000000 0.0000000000 1.0000000000 2276.0000000000
0.0000000000 1.0000000000 0.0000000000 93.2000000000
-1.0000000000 0.0000000000 0.0000000000 1880.0000000000
0.0000000000 0.0000000000 0.0000000000 1.0000000000

0.0000000000 0.0000000000 1.0000000000 2276.0000000000
0.0000000000 1.0000000000 0.0000000000 92.8000000000
-1.0000000000 0.0000000000 0.0000000000 1880.0000000000
0.0000000000 0.0000000000 0.0000000000 1.0000000000

0.0000000000 0.0000000000 1.0000000000 2276.0000000000
0.0000000000 1.0000000000 0.0000000000 92.4000000000
-1.0000000000 0.0000000000 0.0000000000 1880.0000000000
0.0000000000 0.0000000000 0.0000000000 1.0000000000

0.0000000000 0.0000000000 1.0000000000 2276.0000000000
0.0000000000 1.0000000000 0.0000000000 92.0000000000
-1.0000000000 0.0000000000 0.0000000000 1880.0000000000
0.0000000000 0.0000000000 0.0000000000 1.0000000000

0.0000000000 0.0000000000 1.0000000000 2276.0000000000
0.0000000000 1.0000000000 0.0000000000 91.6000000000
-1.0000000000 0.0000000000 0.0000000000 1880.0000000000
0.0000000000 0.0000000000 0.0000000000 1.0000000000

0.0000000000 0.0000000000 1.0000000000 2276.0000000000
0.0000000000 1.0000000000 0.0000000000 91.2000000000
-1.0000000000 0.0000000000 0.0000000000 1880.0000000000
0.0000000000 0.0000000000 0.0000000000 1.0000000000

0.0000000000 0.0000000000 1.0000000000 2276.0000000000
0.0000000000 1.0000000000 0.0000000000 90.8000000000
-1.0000000000 0.0000000000 0.0000000000 1880.0000000000
0.0000000000 0.0000000000 0.0000000000 1.0000000000

0.0000000000 0.0000000000 1.0000000000 2276.0000000000
0.0000000000 1.0000000000 0.0000000000 90.4000000000
-1.0000000000 0.0000000000 0.0000000000 1880.0000000000
0.0000000000 0.0000000000 0.0000000000 1.0000000000

0.0000000000 0.0000000000 1.0000000000 2276.0000000000
0.0000000000 1.0000000000 0.0000000000 90.0000000000
-1.0000000000 0.0000000000 0.0000000000 1880.0000000000
0.0000000000 0.0000000000 0.0000000000 1.0000000000

0.0000000000 0.0000000000 1.0000000000 2276.0000000000
0.0000000000 1.0000000000 0.0000000000 89.6000000000
-1.0000000000 0.0000000000 0.0000000000 1880.0000000000
0.0000000000 0.0000000000 0.0000000000 1.0000000000

0.0000000000 0.0000000000 1.0000000000 2276.0000000000
0.0000000000 1.0000000000 0.0000000000 89.2000000000
-1.0000000000 0.0000000000 0.0000000000 1880.0000000000
0.0000000000 0.0000000000 0.0000000000 1.0000000000

0.0000000000 0.0000000000 1.0000000000 2276.0000000000
0.0000000000 1.0000000000 0.0000000000 88.8000000000
-1.0000000000 0.0000000000 0.0000000000 1880.0000000000
0.0000000000 0.0000000000 0.0000000000 1.0000000000

0.0000000000 0.0000000000 1.0000000000 2276.0000000000
0.0000000000 1.0000000000 0.0000000000 88.4000000000
-1.0000000000 0.0000000000 0.0000000000 1880.0000000000
0.0000000000 0.0000000000 0.0000000000 1.0000000000

0.0000000000 0.0000000000 1.0000000000 2276.0000000000
0.0000000000 1.0000000000 0.0000000000 88.0000000000
-1.0000000000 0.0000000000 0.0000000000 1880.0000000000
0.0000000000 0.0000000000 0.0000000000 1.0000000000

0.0000000000 0.0000000000 1.0000000000 2276.0000000000
0.0000000000 1.0000000000 0.0000000000 87.6000000000
-1.0000000000 0.0000000000 0.0000000000 1880.0000000000
0.0000000000 0.0000000000 0.0000000000 1.0000000000

0.0000000000 0.0000000000 1.0000000000 2276.0000000000
0.0000000000 1.0000000000 0.0000000000 87.2000000000
-1.0000000000 0.0000000000 0.0000000000 1880.0000000000
0.0000000000 0.0000000000 0.0000000000 1.0000000000

0.0000000000 0.0000000000 1.0000000000 2276.0000000000
0.0000000000 1.0000000000 0.0000000000 86.8000000000
-1.0000000000 0.0000000000 0.0000000000 1880.0000000000
0.0000000000 0.0000000000 0.0000000000 1.0000000000

0.0000000000 0.0000000000 1.0000000000 2276.0000000000
0.0000000000 1.0000000000 0.0000000000 86.4000000000
-1.0000000000 0.0000000000 0.0000000000 1880.0000000000
0.0000000000 0.0000000000 0.0000000000 1.0000000000

0.0000000000 0.0000000000 1.0000000000 2276.0000000000
0.0000000000 1.0000000000 0.0000000000 86.0000000000
-1.0000000000 0.0000000000 0.0000000000 1880.0000000000
0.0000000000 0.0000000000 0.0000000000 1.0000000000

0.0000000000 0.0000000000 1.0000000000 2276.0000000000
0.0000000000 1.0000000000 0.0000000000 85.6000000000
-1.0000000000 0.0000000000 0.0000000000 1880.0000000000
0.0000000000 0.0000000000 0.0000000000 1.0000000000

0.0000000000 0.0000000000 1.0000000000 2276.0000000000
0.0000000000 1.0000000000 0.0000000000 85.2000000000
-1.0000000000 0.0000000000 0.0000000000 1880.0000000000
0.0000000000 0.0000000000 0.0000000000 1.0000000000

0.0000000000 0.0000000000 1.0000000000 2276.0000000000
0.0000000000 1.0000000000 0.0000000000 84.8000000000
-1.0000000000 0.0000000000 0.0000000000 1880.0000000000
0.0000000000 0.0000000000 0.0000000000 1.0000000000

0.0000000000 0.0000000000 1.0000000000 2276.0000000000
0.0000000000 1.0000000000 0.0000000000 84.4000000000
-1.0000000000 0.0000000000 0.0000000000 1880.0000000000
0.0000000000 0.0000000000 0.0000000000 1.0000000000

0.0000000000 0.0000000000 1.0000000000 2276.0000000000
0.0000000000 1.0000000000 0.0000000000 84.0000000000
-1.0000000000 0.0000000000 0.0000000000 1880.0000000000
0.0000000000 0.0000000000 0.0000000000 1.0000000000

0.0000000000 0.0000000000 1.0000000000 2276.0000000000
0.0000000000 1.0000000000 0.0000000000 83.6000000000
-1.0000000000 0.0000000000 0.0000000000 1880.0000000000
0.0000000000 0.0000000000 0.0000000000 1.0000000000

0.0000000000 0.0000000000 1.0000000000 2276.0000000000
0.0000000000 1.0000000000 0.0000000000 83.2000000000
-1.0000000000 0.0000000000 0.0000000000 1880.0000000000
0.0000000000 0.0000000000 0.0000000000 1.0000000000

0.0000000000 0.0000000000 1.0000000000 2276.0000000000
0.0000000000 1.0000000000 0.0000000000 82.8000000000
-1.0000000000 0.0000000000 0.0000000000 1880.0000000000
0.0000000000 0.0000000000 0.0000000000 1.0000000000

0.0000000000 0.0000000000 1.0000000000 2276.0000000000
0.0000000000 1.0000000000 0.0000000000 82.4000000000
-1.0000000000 0.0000000000 0.0000000000 1880.0000000000
0.0000000000 0.0000000000 0.0000000000 1.0000000000

0.0000000000 0.0000000000 1.0000000000 2276.0000000000
0.0000000000 1.0000000000 0.0000000000 82.0000000000
-1.0000000000 0.0000000000 0.0000000000 1880.0000000000
0.0000000000 0.0000000000 0.0000000000 1.0000000000

0.0000000000 0.0000000000 1.0000000000 2276.0000000000
0.0000000000 1.0000000000 0.0000000000 81.6000000000
-1.0000000000 0.0000000000 0.0000000000 1880.0000000000
0.0000000000 0.0000000000 0.0000000000 1.0000000000

0.0000000000 0.0000000000 1.0000000000 2276.0000000000
0.0000000000 1.0000000000 0.0000000000 81.2000000000
-1.0000000000 0.0000000000 0.0000000000 1880.0000000000
0.0000000000 0.0000000000 0.0000000000 1.0000000000

0.0000000000 0.0000000000 1.0000000000 2276.0000000000
0.0000000000 1.0000000000 0.0000000000 80.8000000000
-1.0000000000 0.0000000000 0.0000000000 1880.0000000000
0.0000000000 0.0000000000 0.0000000000 1.0000000000

0.0000000000 0.0000000000 1.0000000000 2276.0000000000
0.0000000000 1.0000000000 0.0000000000 80.4000000000
-1.0000000000 0.0000000000 0.0000000000 1880.0000000000
0.0000000000 0.0000000000 0.0000000000 1.0000000000

0.0000000000 0.0000000000 1.0000000000 2276.0000000000
0.0000000000 1.0000000000 0.0000000000 80.0000000000
-1.0000000000 0.0000000000 0.0000000000 1880.0000000000
0.0000000000 0.0000000000 0.0000000000 1.0000000000

0.0000000000 0.0000000000 1.0000000000 2276.0000000000
0.0000000000 1.0000000000 0.0000000000 79.6000000000
-1.0000000000 0.0000000000 0.0000000000 1880.0000000000
0.0000000000 0.0000000000 0.0000000000 1.0000000000

0.0000000000 0.0000000000 1.0000000000 2276.0000000000
0.0000000000 1.0000000000 0.0000000000 79.2000000000
-1.0000000000 0.0000000000 0.0000000000 1880.0000000000
0.0000000000 0.0000000000 0.0000000000 1.0000000000

0.0000000000 0.0000000000 1.0000000000 2276.0000000000
0.0000000000 1.0000000000 0.0000000000 78.8000000000
-1.0000000000 0.0000000000 0.0000000000 1880.0000000000
0.0000000000 0.0000000000 0.0000000000 1.0000000000

0.0000000000 0.0000000000 1.0000000000 2276.0000000000
0.0000000000 1.0000000000 0.0000000000 78.4000000000
-1.0000000000 0.0000000000 0.0000000000 1880.0000000000
0.0000000000 0.0000000000 0.0000000000 1.0000000000

0.0000000000 0.0000000000 1.0000000000 2276.0000000000
0.0000000000 1.0000000000 0.0000000000 78.0000000000
-1.0000000000 0.0000000000 0.0000000000 1880.0000000000
0.0000000000 0.0000000000 0.0000000000 1.0000000000

0.0000000000 0.0000000000 1.0000000000 2276.0000000000
0.0000000000 1.0000000000 0.0000000000 77.6000000000
-1.0000000000 0.0000000000 0.0000000000 1880.0000000000
0.0000000000 0.0000000000 0.0000000000 1.0000000000

0.0000000000 0.0000000000 1.0000000000 2276.0000000000
0.0000000000 1.0000000000 0.0000000000 77.2000000000
-1.0000000000 0.0000000000 0.0000000000 1880.0000000000
0.0000000000 0.0000000000 0.0000000000 1.0000000000

0.0000000000 0.0000000000 1.0000000000 2276.0000000000
0.0000000000 1.0000000000 0.0000000000 76.8000000000
-1.0000000000 0.0000000000 0.0000000000 1880.0000000000
0.0000000000 0.0000000000 0.0000000000 1.0000000000

0.0000000000 0.0000000000 1.0000000000 2276.0000000000
0.0000000000 1.0000000000 0.0000000000 76.4000000000
-1.0000000000 0.0000000000 0.0000000000 1880.0000000000
0.0000000000 0.0000000000 0.0000000000 1.0000000000

0.0000000000 0.0000000000 1.0000000000 2276.0000000000
0.0000000000 1.0000000000 0.0000000000 76.0000000000
-1.0000000000 0.0000000000 0.0000000000 1880.0000000000
0.0000000000 0.0000000000 0.0000000000 1.0000000000

0.0000000000 0.0000000000 1.0000000000 2276.0000000000
0.0000000000 1.0000000000 0.0000000000 75.6000000000
-1.0000000000 0.0000000000 0.0000000000 1880.0000000000
0.0000000000 0.0000000000 0.0000000000 1.0000000000

0.0000000000 0.0000000000 1.0000000000 2276.0000000000
0.0000000000 1.0000000000 0.0000000000 75.2000000000
-1.0000000000 0.0000000000 0.0000000000 1880.0000000000
0.0000000000 0.0000000000 0.0000000000 1.0000000000

0.0000000000 0.0000000000 1.0000000000 2276.0000000000
0.0000000000 1.0000000000 0.0000000000 74.8000000000
-1.0000000000 0.0000000000 0.0000000000 1880.0000000000
0.0000000000 0.0000000000 0.0000000000 1.0000000000

0.0000000000 0.0000000000 1.0000000000 2276.0000000000
0.0000000000 1.0000000000 0.0000000000 74.4000000000
-1.0000000000 0.0000000000 0.0000000000 1880.0000000000
0.0000000000 0.0000000000 0.0000000000 1.0000000000

0.0000000000 0.0000000000 1.0000000000 2276.0000000000
0.0000000000 1.0000000000 0.0000000000 74.0000000000
-1.0000000000 0.0000000000 0.0000000000 1880.0000000000
0.0000000000 0.0000000000 0.0000000000 1.0000000000

0.0000000000 0.0000000000 1.0000000000 2276.0000000000
0.0000000000 1.0000000000 0.0000000000 73.6000000000
-1.0000000000 0.0000000000 0.0000000000 1880.0000000000
0.0000000000 0.0000000000 0.0000000000 1.0000000000

0.0000000000 0.0000000000 1.0000000000 2276.0000000000
0.0000000000 1.0000000000 0.0000000000 73.2000000000
-1.0000000000 0.0000000000 0.0000000000 1880.0000000000
0.0000000000 0.0000000000 0.0000000000 1.0000000000

0.0000000000 0.0000000000 1.0000000000 2276.0000000000
0.0000000000 1.0000000000 0.0000000000 72.8000000000
-1.0000000000 0.0000000000 0.0000000000 1880.0000000000
0.0000000000 0.0000000000 0.0000000000 1.0000000000

0.0000000000 0.0000000000 1.0000000000 2276.0000000000
0.0000000000 1.0000000000 0.0000000000 72.4000000000
-1.0000000000 0.0000000000 0.0000000000 1880.0000000000
0.0000000000 0.0000000000 0.0000000000 1.0000000000

0.0000000000 0.0000000000 1.0000000000 2276.0000000000
0.0000000000 1.0000000000 0.0000000000 72.0000000000
-1.0000000000 0.0000000000 0.0000000000 1880.0000000000
0.0000000000 0.0000000000 0.0000000000 1.0000000000

0.0000000000 0.0000000000 1.0000000000 2276.0000000000
0.0000000000 1.0000000000 0.0000000000 71.6000000000
-1.0000000000 0.0000000000 0.0000000000 1880.0000000000
0.0000000000 0.0000000000 0.0000000000 1.0000000000

0.0000000000 0.0000000000 1.0000000000 2276.0000000000
0.0000000000 1.0000000000 0.0000000000 71.2000000000
-1.0000000000 0.0000000000 0.0000000000 1880.0000000000
0.0000000000 0.0000000000 0.0000000000 1.0000000000

0.0000000000 0.0000000000 1.0000000000 2276.0000000000
0.0000000000 1.0000000000 0.0000000000 70.8000000000
-1.0000000000 0.0000000000 0.0000000000 1880.0000000000
0.0000000000 0.0000000000 0.0000000000 1.0000000000

0.0000000000 0.0000000000 1.0000000000 2276.0000000000
0.0000000000 1.0000000000 0.0000000000 70.4000000000
-1.0000000000 0.0000000000 0.0000000000 1880.0000000000
0.0000000000 0.0000000000 0.0000000000 1.0000000000

0.0000000000 0.0000000000 1.0000000000 2276.0000000000
0.0000000000 1.0000000000 0.0000000000 70.0000000000
-1.0000000000 0.0000000000 0.0000000000 1880.0000000000
0.0000000000 0.0000000000 0.0000000000 1.0000000000

0.0000000000 0.0000000000 1.0000000000 2276.0000000000
0.0000000000 1.0000000000 0.0000000000 69.6000000000
-1.0000000000 0.0000000000 0.0000000000 1880.0000000000
0.0000000000 0.0000000000 0.0000000000 1.0000000000

0.0000000000 0.0000000000 1.0000000000 2276.0000000000
0.0000000000 1.0000000000 0.0000000000 69.2000000000
-1.0000000000 0.0000000000 0.0000000000 1880.0000000000
0.0000000000 0.0000000000 0.0000000000 1.0000000000

0.0000000000 0.0000000000 1.0000000000 2276.0000000000
0.0000000000 1.0000000000 0.0000000000 68.8000000000
-1.0000000000 0.0000000000 0.0000000000 1880.0000000000
0.0000000000 0.0000000000 0.0000000000 1.0000000000

0.0000000000 0.0000000000 1.0000000000 2276.0000000000
0.0000000000 1.0000000000 0.0000000000 68.4000000000
-1.0000000000 0.0000000000 0.0000000000 1880.0000000000
0.0000000000 0.0000000000 0.0000000000 1.0000000000

0.0000000000 0.0000000000 1.0000000000 2276.0000000000
0.0000000000 1.0000000000 0.0000000000 68.0000000000
-1.0000000000 0.0000000000 0.0000000000 1880.0000000000
0.0000000000 0.0000000000 0.0000000000 1.0000000000

0.0000000000 0.0000000000 1.0000000000 2276.0000000000
0.0000000000 1.0000000000 0.0000000000 67.6000000000
-1.0000000000 0.0000000000 0.0000000000 1880.0000000000
0.0000000000 0.0000000000 0.0000000000 1.0000000000

0.0000000000 0.0000000000 1.0000000000 2276.0000000000
0.0000000000 1.0000000000 0.0000000000 67.2000000000
-1.0000000000 0.0000000000 0.0000000000 1880.0000000000
0.0000000000 0.0000000000 0.0000000000 1.0000000000

0.0000000000 0.0000000000 1.0000000000 2276.0000000000
0.0000000000 1.0000000000 0.0000000000 66.8000000000
-1.0000000000 0.0000000000 0.0000000000 1880.0000000000
0.0000000000 0.0000000000 0.0000000000 1.0000000000

0.0000000000 0.0000000000 1.0000000000 2276.0000000000
0.0000000000 1.0000000000 0.0000000000 66.4000000000
-1.0000000000 0.0000000000 0.0000000000 1880.0000000000
0.0000000000 0.0000000000 0.0000000000 1.0000000000

0.0000000000 0.0000000000 1.0000000000 2276.0000000000
0.0000000000 1.0000000000 0.0000000000 66.0000000000
-1.0000000000 0.0000000000 0.0000000000 1880.0000000000
0.0000000000 0.0000000000 0.0000000000 1.0000000000

0.0000000000 0.0000000000 1.0000000000 2276.0000000000
0.0000000000 1.0000000000 0.0000000000 65.6000000000
-1.0000000000 0.0000000000 0.0000000000 1880.0000000000
0.0000000000 0.0000000000 0.0000000000 1.0000000000

0.0000000000 0.0000000000 1.0000000000 2276.0000000000
0.0000000000 1.0000000000 0.0000000000 65.2000000000
-1.0000000000 0.0000000000 0.0000000000 1880.0000000000
0.0000000000 0.0000000000 0.0000000000 1.0000000000

0.0000000000 0.0000000000 1.0000000000 2276.0000000000
0.0000000000 1.0000000000 0.0000000000 64.8000000000
-1.0000000000 0.0000000000 0.0000000000 1880.0000000000
0.0000000000 0.0000000000 0.0000000000 1.0000000000

0.0000000000 0.0000000000 1.0000000000 2276.0000000000
0.0000000000 1.0000000000 0.0000000000 64.4000000000
-1.0000000000 0.0000000000 0.0000000000 1880.0000000000
0.0000000000 0.0000000000 0.0000000000 1.0000000000

0.0000000000 0.0000000000 1.0000000000 2276.0000000000
0.0000000000 1.0000000000 0.0000000000 64.0000000000
-1.0000000000 0.0000000000 0.0000000000 1880.0000000000
0.0000000000 0.0000000000 0.0000000000 1.0000000000

0.0000000000 0.0000000000 1.0000000000 2276.0000000000
0.0000000000 1.0000000000 0.0000000000 63.6000000000
-1.0000000000 0.0000000000 0.0000000000 1880.0000000000
0.0000000000 0.0000000000 0.0000000000 1.0000000000

0.0000000000 0.0000000000 1.0000000000 2276.0000000000
0.0000000000 1.0000000000 0.0000000000 63.2000000000
-1.0000000000 0.0000000000 0.0000000000 1880.0000000000
0.0000000000 0.0000000000 0.0000000000 1.0000000000

0.0000000000 0.0000000000 1.0000000000 2276.0000000000
0.0000000000 1.0000000000 0.0000000000 62.8000000000
-1.0000000000 0.0000000000 0.0000000000 1880.0000000000
0.0000000000 0.0000000000 0.0000000000 1.0000000000

0.0000000000 0.0000000000 1.0000000000 2276.0000000000
0.0000000000 1.0000000000 0.0000000000 62.4000000000
-1.0000000000 0.0000000000 0.0000000000 1880.0000000000
0.0000000000 0.0000000000 0.0000000000 1.0000000000

0.0000000000 0.0000000000 1.0000000000 2276.0000000000
0.0000000000 1.0000000000 0.0000000000 62.0000000000
-1.0000000000 0.0000000000 0.0000000000 1880.0000000000
0.0000000000 0.0000000000 0.0000000000 1.0000000000

0.0000000000 0.0000000000 1.0000000000 2276.0000000000
0.0000000000 1.0000000000 0.0000000000 61.6000000000
-1.0000000000 0.0000000000 0.0000000000 1880.0000000000
0.0000000000 0.0000000000 0.0000000000 1.0000000000

0.0000000000 0.0000000000 1.0000000000 2276.0000000000
0.0000000000 1.0000000000 0.0000000000 61.2000000000
-1.0000000000 0.0000000000 0.0000000000 1880.0000000000
0.0000000000 0.0000000000 0.0000000000 1.0000000000

0.0000000000 0.0000000000 1.0000000000 2276.0000000000
0.0000000000 1.0000000000 0.0000000000 60.8000000000
-1.0000000000 0.0000000000 0.0000000000 1880.0000000000
0.0000000000 0.0000000000 0.0000000000 1.0000000000

0.0000000000 0.0000000000 1.0000000000 2276.0000000000
0.0000000000 1.0000000000 0.0000000000 60.4000000000
-1.0000000000 0.0000000000 0.0000000000 1880.0000000000
0.0000000000 0.0000000000 0.0000000000 1.0000000000

0.0000000000 0.0000000000 1.0000000000 2276.0000000000
0.0000000000 1.0000000000 0.0000000000 60.0000000000
-1.0000000000 0.0000000000 0.0000000000 1880.0000000000
0.0000000000 0.0000000000 0.0000000000 1.0000000000

0.0000000000 0.0000000000 1.0000000000 2276.0000000000
0.0000000000 1.0000000000 0.0000000000 59.6000000000
-1.0000000000 0.0000000000 0.0000000000 1880.0000000000
0.0000000000 0.0000000000 0.0000000000 1.0000000000

0.0000000000 0.0000000000 1.0000000000 2276.0000000000
0.0000000000 1.0000000000 0.0000000000 59.2000000000
-1.0000000000 0.0000000000 0.0000000000 1880.0000000000
0.0000000000 0.0000000000 0.0000000000 1.0000000000

0.0000000000 0.0000000000 1.0000000000 2276.0000000000
0.0000000000 1.0000000000 0.0000000000 58.8000000000
-1.0000000000 0.0000000000 0.0000000000 1880.0000000000
0.0000000000 0.0000000000 0.0000000000 1.0000000000

0.0000000000 0.0000000000 1.0000000000 2276.0000000000
0.0000000000 1.0000000000 0.0000000000 58.4000000000
-1.0000000000 0.0000000000 0.0000000000 1880.0000000000
0.0000000000 0.0000000000 0.0000000000 1.0000000000

0.0000000000 0.0000000000 1.0000000000 2276.0000000000
0.0000000000 1.0000000000 0.0000000000 58.0000000000
-1.0000000000 0.0000000000 0.0000000000 1880.0000000000
0.0000000000 0.0000000000 0.0000000000 1.0000000000

0.0000000000 0.0000000000 1.0000000000 2276.0000000000
0.0000000000 1.0000000000 0.0000000000 57.6000000000
-1.0000000000 0.0000000000 0.0000000000 1880.0000000000
0.0000000000 0.0000000000 0.0000000000 1.0000000000

0.0000000000 0.0000000000 1.0000000000 2276.0000000000
0.0000000000 1.0000000000 0.0000000000 57.2000000000
-1.0000000000 0.0000000000 0.0000000000 1880.0000000000
0.0000000000 0.0000000000 0.0000000000 1.0000000000

0.0000000000 0.0000000000 1.0000000000 2276.0000000000
0.0000000000 1.0000000000 0.0000000000 56.8000000000
-1.0000000000 0.0000000000 0.0000000000 1880.0000000000
0.0000000000 0.0000000000 0.0000000000 1.0000000000

0.0000000000 0.0000000000 1.0000000000 2276.0000000000
0.0000000000 1.0000000000 0.0000000000 56.4000000000
-1.0000000000 0.0000000000 0.0000000000 1880.0000000000
0.0000000000 0.0000000000 0.0000000000 1.0000000000

0.0000000000 0.0000000000 1.0000000000 2276.0000000000
0.0000000000 1.0000000000 0.0000000000 56.0000000000
-1.0000000000 0.0000000000 0.0000000000 1880.0000000000
0.0000000000 0.0000000000 0.0000000000 1.0000000000

0.0000000000 0.0000000000 1.0000000000 2276.0000000000
0.0000000000 1.0000000000 0.0000000000 55.6000000000
-1.0000000000 0.0000000000 0.0000000000 1880.0000000000
0.0000000000 0.0000000000 0.0000000000 1.0000000000

0.0000000000 0.0000000000 1.0000000000 2276.0000000000
0.0000000000 1.0000000000 0.0000000000 55.2000000000
-1.0000000000 0.0000000000 0.0000000000 1880.0000000000
0.0000000000 0.0000000000 0.0000000000 1.0000000000

0.0000000000 0.0000000000 1.0000000000 2276.0000000000
0.0000000000 1.0000000000 0.0000000000 54.8000000000
-1.0000000000 0.0000000000 0.0000000000 1880.0000000000
0.0000000000 0.0000000000 0.0000000000 1.0000000000

0.0000000000 0.0000000000 1.0000000000 2276.0000000000
0.0000000000 1.0000000000 0.0000000000 54.4000000000
-1.0000000000 0.0000000000 0.0000000000 1880.0000000000
0.0000000000 0.0000000000 0.0000000000 1.0000000000

0.0000000000 0.0000000000 1.0000000000 2276.0000000000
0.0000000000 1.0000000000 0.0000000000 54.0000000000
-1.0000000000 0.0000000000 0.0000000000 1880.0000000000
0.0000000000 0.0000000000 0.0000000000 1.0000000000

0.0000000000 0.0000000000 1.0000000000 2276.0000000000
0.0000000000 1.0000000000 0.0000000000 53.6000000000
-1.0000000000 0.0000000000 0.0000000000 1880.0000000000
0.0000000000 0.0000000000 0.0000000000 1.0000000000

0.0000000000 0.0000000000 1.0000000000 2276.0000000000
0.0000000000 1.0000000000 0.0000000000 53.2000000000
-1.0000000000 0.0000000000 0.0000000000 1880.0000000000
0.0000000000 0.0000000000 0.0000000000 1.0000000000

0.0000000000 0.0000000000 1.0000000000 2276.0000000000
0.0000000000 1.0000000000 0.0000000000 52.8000000000
-1.0000000000 0.0000000000 0.0000000000 1880.0000000000
0.0000000000 0.0000000000 0.0000000000 1.0000000000

0.0000000000 0.0000000000 1.0000000000 2276.0000000000
0.0000000000 1.0000000000 0.0000000000 52.4000000000
-1.0000000000 0.0000000000 0.0000000000 1880.0000000000
0.0000000000 0.0000000000 0.0000000000 1.0000000000

0.0000000000 0.0000000000 1.0000000000 2276.0000000000
0.0000000000 1.0000000000 0.0000000000 52.0000000000
-1.0000000000 0.0000000000 0.0000000000 1880.0000000000
0.0000000000 0.0000000000 0.0000000000 1.0000000000

0.0000000000 0.0000000000 1.0000000000 2276.0000000000
0.0000000000 1.0000000000 0.0000000000 51.6000000000
-1.0000000000 0.0000000000 0.0000000000 1880.0000000000
0.0000000000 0.0000000000 0.0000000000 1.0000000000

0.0000000000 0.0000000000 1.0000000000 2276.0000000000
0.0000000000 1.0000000000 0.0000000000 51.2000000000
-1.0000000000 0.0000000000 0.0000000000 1880.0000000000
0.0000000000 0.0000000000 0.0000000000 1.0000000000

0.0000000000 0.0000000000 1.0000000000 2276.0000000000
0.0000000000 1.0000000000 0.0000000000 50.8000000000
-1.0000000000 0.0000000000 0.0000000000 1880.0000000000
0.0000000000 0.0000000000 0.0000000000 1.0000000000

0.0000000000 0.0000000000 1.0000000000 2276.0000000000
0.0000000000 1.0000000000 0.0000000000 50.4000000000
-1.0000000000 0.0000000000 0.0000000000 1880.0000000000
0.0000000000 0.0000000000 0.0000000000 1.0000000000

0.0000000000 0.0000000000 1.0000000000 2276.0000000000
0.0000000000 1.0000000000 0.0000000000 50.0000000000
-1.0000000000 0.0000000000 0.0000000000 1880.0000000000
0.0000000000 0.0000000000 0.0000000000 1.0000000000

0.0000000000 0.0000000000 1.0000000000 2276.0000000000
0.0000000000 1.0000000000 0.0000000000 49.6000000000
-1.0000000000 0.0000000000 0.0000000000 1880.0000000000
0.0000000000 0.0000000000 0.0000000000 1.0000000000

0.0000000000 0.0000000000 1.0000000000 2276.0000000000
0.0000000000 1.0000000000 0.0000000000 49.2000000000
-1.0000000000 0.0000000000 0.0000000000 1880.0000000000
0.0000000000 0.0000000000 0.0000000000 1.0000000000

0.0000000000 0.0000000000 1.0000000000 2276.0000000000
0.0000000000 1.0000000000 0.0000000000 48.8000000000
-1.0000000000 0.0000000000 0.0000000000 1880.0000000000
0.0000000000 0.0000000000 0.0000000000 1.0000000000

0.0000000000 0.0000000000 1.0000000000 2276.0000000000
0.0000000000 1.0000000000 0.0000000000 48.4000000000
-1.0000000000 0.0000000000 0.0000000000 1880.0000000000
0.0000000000 0.0000000000 0.0000000000 1.0000000000

0.0000000000 0.0000000000 1.0000000000 2276.0000000000
0.0000000000 1.0000000000 0.0000000000 48.0000000000
-1.0000000000 0.0000000000 0.0000000000 1880.0000000000
0.0000000000 0.0000000000 0.0000000000 1.0000000000

0.0000000000 0.0000000000 1.0000000000 2276.0000000000
0.0000000000 1.0000000000 0.0000000000 47.6000000000
-1.0000000000 0.0000000000 0.0000000000 1880.0000000000
0.0000000000 0.0000000000 0.0000000000 1.0000000000

0.0000000000 0.0000000000 1.0000000000 2276.0000000000
0.0000000000 1.0000000000 0.0000000000 47.2000000000
-1.0000000000 0.0000000000 0.0000000000 1880.0000000000
0.0000000000 0.0000000000 0.0000000000 1.0000000000

0.0000000000 0.0000000000 1.0000000000 2276.0000000000
0.0000000000 1.0000000000 0.0000000000 46.8000000000
-1.0000000000 0.0000000000 0.0000000000 1880.0000000000
0.0000000000 0.0000000000 0.0000000000 1.0000000000

0.0000000000 0.0000000000 1.0000000000 2276.0000000000
0.0000000000 1.0000000000 0.0000000000 46.4000000000
-1.0000000000 0.0000000000 0.0000000000 1880.0000000000
0.0000000000 0.0000000000 0.0000000000 1.0000000000

0.0000000000 0.0000000000 1.0000000000 2276.0000000000
0.0000000000 1.0000000000 0.0000000000 46.0000000000
-1.0000000000 0.0000000000 0.0000000000 1880.0000000000
0.0000000000 0.0000000000 0.0000000000 1.0000000000

0.0000000000 0.0000000000 1.0000000000 2276.0000000000
0.0000000000 1.0000000000 0.0000000000 45.6000000000
-1.0000000000 0.0000000000 0.0000000000 1880.0000000000
0.0000000000 0.0000000000 0.0000000000 1.0000000000

0.0000000000 0.0000000000 1.0000000000 2276.0000000000
0.0000000000 1.0000000000 0.0000000000 45.2000000000
-1.0000000000 0.0000000000 0.0000000000 1880.0000000000
0.0000000000 0.0000000000 0.0000000000 1.0000000000

0.0000000000 0.0000000000 1.0000000000 2276.0000000000
0.0000000000 1.0000000000 0.0000000000 44.8000000000
-1.0000000000 0.0000000000 0.0000000000 1880.0000000000
0.0000000000 0.0000000000 0.0000000000 1.0000000000

0.0000000000 0.0000000000 1.0000000000 2276.0000000000
0.0000000000 1.0000000000 0.0000000000 44.4000000000
-1.0000000000 0.0000000000 0.0000000000 1880.0000000000
0.0000000000 0.0000000000 0.0000000000 1.0000000000

0.0000000000 0.0000000000 1.0000000000 2276.0000000000
0.0000000000 1.0000000000 0.0000000000 44.0000000000
-1.0000000000 0.0000000000 0.0000000000 1880.0000000000
0.0000000000 0.0000000000 0.0000000000 1.0000000000

0.0000000000 0.0000000000 1.0000000000 2276.0000000000
0.0000000000 1.0000000000 0.0000000000 43.6000000000
-1.0000000000 0.0000000000 0.0000000000 1880.0000000000
0.0000000000 0.0000000000 0.0000000000 1.0000000000

0.0000000000 0.0000000000 1.0000000000 2276.0000000000
0.0000000000 1.0000000000 0.0000000000 43.2000000000
-1.0000000000 0.0000000000 0.0000000000 1880.0000000000
0.0000000000 0.0000000000 0.0000000000 1.0000000000

0.0000000000 0.0000000000 1.0000000000 2276.0000000000
0.0000000000 1.0000000000 0.0000000000 42.8000000000
-1.0000000000 0.0000000000 0.0000000000 1880.0000000000
0.0000000000 0.0000000000 0.0000000000 1.0000000000

0.0000000000 0.0000000000 1.0000000000 2276.0000000000
0.0000000000 1.0000000000 0.0000000000 42.4000000000
-1.0000000000 0.0000000000 0.0000000000 1880.0000000000
0.0000000000 0.0000000000 0.0000000000 1.0000000000

0.0000000000 0.0000000000 1.0000000000 2276.0000000000
0.0000000000 1.0000000000 0.0000000000 42.0000000000
-1.0000000000 0.0000000000 0.0000000000 1880.0000000000
0.0000000000 0.0000000000 0.0000000000 1.0000000000

0.0000000000 0.0000000000 1.0000000000 2276.0000000000
0.0000000000 1.0000000000 0.0000000000 41.6000000000
-1.0000000000 0.0000000000 0.0000000000 1880.0000000000
0.0000000000 0.0000000000 0.0000000000 1.0000000000

0.0000000000 0.0000000000 1.0000000000 2276.0000000000
0.0000000000 1.0000000000 0.0000000000 41.2000000000
-1.0000000000 0.0000000000 0.0000000000 1880.0000000000
0.0000000000 0.0000000000 0.0000000000 1.0000000000

0.0000000000 0.0000000000 1.0000000000 2276.0000000000
0.0000000000 1.0000000000 0.0000000000 40.8000000000
-1.0000000000 0.0000000000 0.0000000000 1880.0000000000
0.0000000000 0.0000000000 0.0000000000 1.0000000000

0.0000000000 0.0000000000 1.0000000000 2276.0000000000
0.0000000000 1.0000000000 0.0000000000 40.4000000000
-1.0000000000 0.0000000000 0.0000000000 1880.0000000000
0.0000000000 0.0000000000 0.0000000000 1.0000000000

0.0000000000 0.0000000000 1.0000000000 2276.0000000000
0.0000000000 1.0000000000 0.0000000000 40.0000000000
-1.0000000000 0.0000000000 0.0000000000 1880.0000000000
0.0000000000 0.0000000000 0.0000000000 1.0000000000

0.0000000000 0.0000000000 1.0000000000 2276.0000000000
0.0000000000 1.0000000000 0.0000000000 39.6000000000
-1.0000000000 0.0000000000 0.0000000000 1880.0000000000
0.0000000000 0.0000000000 0.0000000000 1.0000000000

0.0000000000 0.0000000000 1.0000000000 2276.0000000000
0.0000000000 1.0000000000 0.0000000000 39.2000000000
-1.0000000000 0.0000000000 0.0000000000 1880.0000000000
0.0000000000 0.0000000000 0.0000000000 1.0000000000

0.0000000000 0.0000000000 1.0000000000 2276.0000000000
0.0000000000 1.0000000000 0.0000000000 38.8000000000
-1.0000000000 0.0000000000 0.0000000000 1880.0000000000
0.0000000000 0.0000000000 0.0000000000 1.0000000000

0.0000000000 0.0000000000 1.0000000000 2276.0000000000
0.0000000000 1.0000000000 0.0000000000 38.4000000000
-1.0000000000 0.0000000000 0.0000000000 1880.0000000000
0.0000000000 0.0000000000 0.0000000000 1.0000000000

0.0000000000 0.0000000000 1.0000000000 2276.0000000000
0.0000000000 1.0000000000 0.0000000000 38.0000000000
-1.0000000000 0.0000000000 0.0000000000 1880.0000000000
0.0000000000 0.0000000000 0.0000000000 1.0000000000

0.0000000000 0.0000000000 1.0000000000 2276.0000000000
0.0000000000 1.0000000000 0.0000000000 37.6000000000
-1.0000000000 0.0000000000 0.0000000000 1880.0000000000
0.0000000000 0.0000000000 0.0000000000 1.0000000000

0.0000000000 0.0000000000 1.0000000000 2276.0000000000
0.0000000000 1.0000000000 0.0000000000 37.2000000000
-1.0000000000 0.0000000000 0.0000000000 1880.0000000000
0.0000000000 0.0000000000 0.0000000000 1.0000000000

0.0000000000 0.0000000000 1.0000000000 2276.0000000000
0.0000000000 1.0000000000 0.0000000000 36.8000000000
-1.0000000000 0.0000000000 0.0000000000 1880.0000000000
0.0000000000 0.0000000000 0.0000000000 1.0000000000

0.0000000000 0.0000000000 1.0000000000 2276.0000000000
0.0000000000 1.0000000000 0.0000000000 36.4000000000
-1.0000000000 0.0000000000 0.0000000000 1880.0000000000
0.0000000000 0.0000000000 0.0000000000 1.0000000000

0.0000000000 0.0000000000 1.0000000000 2276.0000000000
0.0000000000 1.0000000000 0.0000000000 36.0000000000
-1.0000000000 0.0000000000 0.0000000000 1880.0000000000
0.0000000000 0.0000000000 0.0000000000 1.0000000000

0.0000000000 0.0000000000 1.0000000000 2276.0000000000
0.0000000000 1.0000000000 0.0000000000 35.6000000000
-1.0000000000 0.0000000000 0.0000000000 1880.0000000000
0.0000000000 0.0000000000 0.0000000000 1.0000000000

0.0000000000 0.0000000000 1.0000000000 2276.0000000000
0.0000000000 1.0000000000 0.0000000000 35.2000000000
-1.0000000000 0.0000000000 0.0000000000 1880.0000000000
0.0000000000 0.0000000000 0.0000000000 1.0000000000

0.0000000000 0.0000000000 1.0000000000 2276.0000000000
0.0000000000 1.0000000000 0.0000000000 34.8000000000
-1.0000000000 0.0000000000 0.0000000000 1880.0000000000
0.0000000000 0.0000000000 0.0000000000 1.0000000000

0.0000000000 0.0000000000 1.0000000000 2276.0000000000
0.0000000000 1.0000000000 0.0000000000 34.4000000000
-1.0000000000 0.0000000000 0.0000000000 1880.0000000000
0.0000000000 0.0000000000 0.0000000000 1.0000000000

0.0000000000 0.0000000000 1.0000000000 2276.0000000000
0.0000000000 1.0000000000 0.0000000000 34.0000000000
-1.0000000000 0.0000000000 0.0000000000 1880.0000000000
0.0000000000 0.0000000000 0.0000000000 1.0000000000

0.0000000000 0.0000000000 1.0000000000 2276.0000000000
0.0000000000 1.0000000000 0.0000000000 33.6000000000
-1.0000000000 0.0000000000 0.0000000000 1880.0000000000
0.0000000000 0.0000000000 0.0000000000 1.0000000000

0.0000000000 0.0000000000 1.0000000000 2276.0000000000
0.0000000000 1.0000000000 0.0000000000 33.2000000000
-1.0000000000 0.0000000000 0.0000000000 1880.0000000000
0.0000000000 0.0000000000 0.0000000000 1.0000000000

0.0000000000 0.0000000000 1.0000000000 2276.0000000000
0.0000000000 1.0000000000 0.0000000000 32.8000000000
-1.0000000000 0.0000000000 0.0000000000 1880.0000000000
0.0000000000 0.0000000000 0.0000000000 1.0000000000

0.0000000000 0.0000000000 1.0000000000 2276.0000000000
0.0000000000 1.0000000000 0.0000000000 32.4000000000
-1.0000000000 0.0000000000 0.0000000000 1880.0000000000
0.0000000000 0.0000000000 0.0000000000 1.0000000000

0.0000000000 0.0000000000 1.0000000000 2276.0000000000
0.0000000000 1.0000000000 0.0000000000 32.0000000000
-1.0000000000 0.0000000000 0.0000000000 1880.0000000000
0.0000000000 0.0000000000 0.0000000000 1.0000000000

0.0000000000 0.0000000000 1.0000000000 2276.0000000000
0.0000000000 1.0000000000 0.0000000000 31.6000000000
-1.0000000000 0.0000000000 0.0000000000 1880.0000000000
0.0000000000 0.0000000000 0.0000000000 1.0000000000

0.0000000000 0.0000000000 1.0000000000 2276.0000000000
0.0000000000 1.0000000000 0.0000000000 31.2000000000
-1.0000000000 0.0000000000 0.0000000000 1880.0000000000
0.0000000000 0.0000000000 0.0000000000 1.0000000000

0.0000000000 0.0000000000 1.0000000000 2276.0000000000
0.0000000000 1.0000000000 0.0000000000 30.8000000000
-1.0000000000 0.0000000000 0.0000000000 1880.0000000000
0.0000000000 0.0000000000 0.0000000000 1.0000000000

0.0000000000 0.0000000000 1.0000000000 2276.0000000000
0.0000000000 1.0000000000 0.0000000000 30.4000000000
-1.0000000000 0.0000000000 0.0000000000 1880.0000000000
0.0000000000 0.0000000000 0.0000000000 1.0000000000

0.0000000000 0.0000000000 1.0000000000 2276.0000000000
0.0000000000 1.0000000000 0.0000000000 30.0000000000
-1.0000000000 0.0000000000 0.0000000000 1880.0000000000
0.0000000000 0.0000000000 0.0000000000 1.0000000000

0.0000000000 0.0000000000 1.0000000000 2276.0000000000
0.0000000000 1.0000000000 0.0000000000 29.6000000000
-1.0000000000 0.0000000000 0.0000000000 1880.0000000000
0.0000000000 0.0000000000 0.0000000000 1.0000000000

0.0000000000 0.0000000000 1.0000000000 2276.0000000000
0.0000000000 1.0000000000 0.0000000000 29.2000000000
-1.0000000000 0.0000000000 0.0000000000 1880.0000000000
0.0000000000 0.0000000000 0.0000000000 1.0000000000

0.0000000000 0.0000000000 1.0000000000 2276.0000000000
0.0000000000 1.0000000000 0.0000000000 28.8000000000
-1.0000000000 0.0000000000 0.0000000000 1880.0000000000
0.0000000000 0.0000000000 0.0000000000 1.0000000000

0.0000000000 0.0000000000 1.0000000000 2276.0000000000
0.0000000000 1.0000000000 0.0000000000 28.4000000000
-1.0000000000 0.0000000000 0.0000000000 1880.0000000000
0.0000000000 0.0000000000 0.0000000000 1.0000000000

0.0000000000 0.0000000000 1.0000000000 2276.0000000000
0.0000000000 1.0000000000 0.0000000000 28.0000000000
-1.0000000000 0.0000000000 0.0000000000 1880.0000000000
0.0000000000 0.0000000000 0.0000000000 1.0000000000

0.0000000000 0.0000000000 1.0000000000 2276.0000000000
0.0000000000 1.0000000000 0.0000000000 27.6000000000
-1.0000000000 0.0000000000 0.0000000000 1880.0000000000
0.0000000000 0.0000000000 0.0000000000 1.0000000000

0.0000000000 0.0000000000 1.0000000000 2276.0000000000
0.0000000000 1.0000000000 0.0000000000 27.2000000000
-1.0000000000 0.0000000000 0.0000000000 1880.0000000000
0.0000000000 0.0000000000 0.0000000000 1.0000000000

0.0000000000 0.0000000000 1.0000000000 2276.0000000000
0.0000000000 1.0000000000 0.0000000000 26.8000000000
-1.0000000000 0.0000000000 0.0000000000 1880.0000000000
0.0000000000 0.0000000000 0.0000000000 1.0000000000

0.0000000000 0.0000000000 1.0000000000 2276.0000000000
0.0000000000 1.0000000000 0.0000000000 26.4000000000
-1.0000000000 0.0000000000 0.0000000000 1880.0000000000
0.0000000000 0.0000000000 0.0000000000 1.0000000000

0.0000000000 0.0000000000 1.0000000000 2276.0000000000
0.0000000000 1.0000000000 0.0000000000 26.0000000000
-1.0000000000 0.0000000000 0.0000000000 1880.0000000000
0.0000000000 0.0000000000 0.0000000000 1.0000000000

0.0000000000 0.0000000000 1.0000000000 2276.0000000000
0.0000000000 1.0000000000 0.0000000000 25.6000000000
-1.0000000000 0.0000000000 0.0000000000 1880.0000000000
0.0000000000 0.0000000000 0.0000000000 1.0000000000

0.0000000000 0.0000000000 1.0000000000 2276.0000000000
0.0000000000 1.0000000000 0.0000000000 25.2000000000
-1.0000000000 0.0000000000 0.0000000000 1880.0000000000
0.0000000000 0.0000000000 0.0000000000 1.0000000000

0.0000000000 0.0000000000 1.0000000000 2276.0000000000
0.0000000000 1.0000000000 0.0000000000 24.8000000000
-1.0000000000 0.0000000000 0.0000000000 1880.0000000000
0.0000000000 0.0000000000 0.0000000000 1.0000000000

0.0000000000 0.0000000000 1.0000000000 2276.0000000000
0.0000000000 1.0000000000 0.0000000000 24.4000000000
-1.0000000000 0.0000000000 0.0000000000 1880.0000000000
0.0000000000 0.0000000000 0.0000000000 1.0000000000

0.0000000000 0.0000000000 1.0000000000 2276.0000000000
0.0000000000 1.0000000000 0.0000000000 24.0000000000
-1.0000000000 0.0000000000 0.0000000000 1880.0000000000
0.0000000000 0.0000000000 0.0000000000 1.0000000000

0.0000000000 0.0000000000 1.0000000000 2276.0000000000
0.0000000000 1.0000000000 0.0000000000 23.6000000000
-1.0000000000 0.0000000000 0.0000000000 1880.0000000000
0.0000000000 0.0000000000 0.0000000000 1.0000000000

0.0000000000 0.0000000000 1.0000000000 2276.0000000000
0.0000000000 1.0000000000 0.0000000000 23.2000000000
-1.0000000000 0.0000000000 0.0000000000 1880.0000000000
0.0000000000 0.0000000000 0.0000000000 1.0000000000

0.0000000000 0.0000000000 1.0000000000 2276.0000000000
0.0000000000 1.0000000000 0.0000000000 22.8000000000
-1.0000000000 0.0000000000 0.0000000000 1880.0000000000
0.0000000000 0.0000000000 0.0000000000 1.0000000000

0.0000000000 0.0000000000 1.0000000000 2276.0000000000
0.0000000000 1.0000000000 0.0000000000 22.4000000000
-1.0000000000 0.0000000000 0.0000000000 1880.0000000000
0.0000000000 0.0000000000 0.0000000000 1.0000000000

0.0000000000 0.0000000000 1.0000000000 2276.0000000000
0.0000000000 1.0000000000 0.0000000000 22.0000000000
-1.0000000000 0.0000000000 0.0000000000 1880.0000000000
0.0000000000 0.0000000000 0.0000000000 1.0000000000

0.0000000000 0.0000000000 1.0000000000 2276.0000000000
0.0000000000 1.0000000000 0.0000000000 21.6000000000
-1.0000000000 0.0000000000 0.0000000000 1880.0000000000
0.0000000000 0.0000000000 0.0000000000 1.0000000000

0.0000000000 0.0000000000 1.0000000000 2276.0000000000
0.0000000000 1.0000000000 0.0000000000 21.2000000000
-1.0000000000 0.0000000000 0.0000000000 1880.0000000000
0.0000000000 0.0000000000 0.0000000000 1.0000000000

0.0000000000 0.0000000000 1.0000000000 2276.0000000000
0.0000000000 1.0000000000 0.0000000000 20.8000000000
-1.0000000000 0.0000000000 0.0000000000 1880.0000000000
0.0000000000 0.0000000000 0.0000000000 1.0000000000

0.0000000000 0.0000000000 1.0000000000 2276.0000000000
0.0000000000 1.0000000000 0.0000000000 20.4000000000
-1.0000000000 0.0000000000 0.0000000000 1880.0000000000
0.0000000000 0.0000000000 0.0000000000 1.0000000000

0.0000000000 0.0000000000 1.0000000000 2276.0000000000
0.0000000000 1.0000000000 0.0000000000 20.0000000000
-1.0000000000 0.0000000000 0.0000000000 1880.0000000000
0.0000000000 0.0000000000 0.0000000000 1.0000000000

0.0000000000 0.0000000000 1.0000000000 2276.0000000000
0.0000000000 1.0000000000 0.0000000000 19.6000000000
-1.0000000000 0.0000000000 0.0000000000 1880.0000000000
0.0000000000 0.0000000000 0.0000000000 1.0000000000

0.0000000000 0.0000000000 1.0000000000 2276.0000000000
0.0000000000 1.0000000000 0.0000000000 19.2000000000
-1.0000000000 0.0000000000 0.0000000000 1880.0000000000
0.0000000000 0.0000000000 0.0000000000 1.0000000000

0.0000000000 0.0000000000 1.0000000000 2276.0000000000
0.0000000000 1.0000000000 0.0000000000 18.8000000000
-1.0000000000 0.0000000000 0.0000000000 1880.0000000000
0.0000000000 0.0000000000 0.0000000000 1.0000000000

0.0000000000 0.0000000000 1.0000000000 2276.0000000000
0.0000000000 1.0000000000 0.0000000000 18.4000000000
-1.0000000000 0.0000000000 0.0000000000 1880.0000000000
0.0000000000 0.0000000000 0.0000000000 1.0000000000

0.0000000000 0.0000000000 1.0000000000 2276.0000000000
0.0000000000 1.0000000000 0.0000000000 18.0000000000
-1.0000000000 0.0000000000 0.0000000000 1880.0000000000
0.0000000000 0.0000000000 0.0000000000 1.0000000000

0.0000000000 0.0000000000 1.0000000000 2276.0000000000
0.0000000000 1.0000000000 0.0000000000 17.6000000000
-1.0000000000 0.0000000000 0.0000000000 1880.0000000000
0.0000000000 0.0000000000 0.0000000000 1.0000000000

0.0000000000 0.0000000000 1.0000000000 2276.0000000000
0.0000000000 1.0000000000 0.0000000000 17.2000000000
-1.0000000000 0.0000000000 0.0000000000 1880.0000000000
0.0000000000 0.0000000000 0.0000000000 1.0000000000

0.0000000000 0.0000000000 1.0000000000 2276.0000000000
0.0000000000 1.0000000000 0.0000000000 16.8000000000
-1.0000000000 0.0000000000 0.0000000000 1880.0000000000
0.0000000000 0.0000000000 0.0000000000 1.0000000000

0.0000000000 0.0000000000 1.0000000000 2276.0000000000
0.0000000000 1.0000000000 0.0000000000 16.4000000000
-1.0000000000 0.0000000000 0.0000000000 1880.0000000000
0.0000000000 0.0000000000 0.0000000000 1.0000000000

0.0000000000 0.0000000000 1.0000000000 2276.0000000000
0.0000000000 1.0000000000 0.0000000000 16.0000000000
-1.0000000000 0.0000000000 0.0000000000 1880.0000000000
0.0000000000 0.0000000000 0.0000000000 1.0000000000

0.0000000000 0.0000000000 1.0000000000 2276.0000000000
0.0000000000 1.0000000000 0.0000000000 15.6000000000
-1.0000000000 0.0000000000 0.0000000000 1880.0000000000
0.0000000000 0.0000000000 0.0000000000 1.0000000000

0.0000000000 0.0000000000 1.0000000000 2276.0000000000
0.0000000000 1.0000000000 0.0000000000 15.2000000000
-1.0000000000 0.0000000000 0.0000000000 1880.0000000000
0.0000000000 0.0000000000 0.0000000000 1.0000000000

0.0000000000 0.0000000000 1.0000000000 2276.0000000000
0.0000000000 1.0000000000 0.0000000000 14.8000000000
-1.0000000000 0.0000000000 0.0000000000 1880.0000000000
0.0000000000 0.0000000000 0.0000000000 1.0000000000

0.0000000000 0.0000000000 1.0000000000 2276.0000000000
0.0000000000 1.0000000000 0.0000000000 14.4000000000
-1.0000000000 0.0000000000 0.0000000000 1880.0000000000
0.0000000000 0.0000000000 0.0000000000 1.0000000000

0.0000000000 0.0000000000 1.0000000000 2276.0000000000
0.0000000000 1.0000000000 0.0000000000 14.0000000000
-1.0000000000 0.0000000000 0.0000000000 1880.0000000000
0.0000000000 0.0000000000 0.0000000000 1.0000000000

0.0000000000 0.0000000000 1.0000000000 2276.0000000000
0.0000000000 1.0000000000 0.0000000000 13.6000000000
-1.0000000000 0.0000000000 0.0000000000 1880.0000000000
0.0000000000 0.0000000000 0.0000000000 1.0000000000

0.0000000000 0.0000000000 1.0000000000 2276.0000000000
0.0000000000 1.0000000000 0.0000000000 13.2000000000
-1.0000000000 0.0000000000 0.0000000000 1880.0000000000
0.0000000000 0.0000000000 0.0000000000 1.0000000000

0.0000000000 0.0000000000 1.0000000000 2276.0000000000
0.0000000000 1.0000000000 0.0000000000 12.8000000000
-1.0000000000 0.0000000000 0.0000000000 1880.0000000000
0.0000000000 0.0000000000 0.0000000000 1.0000000000

0.0000000000 0.0000000000 1.0000000000 2276.0000000000
0.0000000000 1.0000000000 0.0000000000 12.4000000000
-1.0000000000 0.0000000000 0.0000000000 1880.0000000000
0.0000000000 0.0000000000 0.0000000000 1.0000000000

0.0000000000 0.0000000000 1.0000000000 2276.0000000000
0.0000000000 1.0000000000 0.0000000000 12.0000000000
-1.0000000000 0.0000000000 0.0000000000 1880.0000000000
0.0000000000 0.0000000000 0.0000000000 1.0000000000

0.0000000000 0.0000000000 1.0000000000 2276.0000000000
0.0000000000 1.0000000000 0.0000000000 11.6000000000
-1.0000000000 0.0000000000 0.0000000000 1880.0000000000
0.0000000000 0.0000000000 0.0000000000 1.0000000000

0.0000000000 0.0000000000 1.0000000000 2276.0000000000
0.0000000000 1.0000000000 0.0000000000 11.2000000000
-1.0000000000 0.0000000000 0.0000000000 1880.0000000000
0.0000000000 0.0000000000 0.0000000000 1.0000000000

0.0000000000 0.0000000000 1.0000000000 2276.0000000000
0.0000000000 1.0000000000 0.0000000000 10.8000000000
-1.0000000000 0.0000000000 0.0000000000 1880.0000000000
0.0000000000 0.0000000000 0.0000000000 1.0000000000

0.0000000000 0.0000000000 1.0000000000 2276.0000000000
0.0000000000 1.0000000000 0.0000000000 10.4000000000
-1.0000000000 0.0000000000 0.0000000000 1880.0000000000
0.0000000000 0.0000000000 0.0000000000 1.0000000000

0.0000000000 0.0000000000 1.0000000000 2276.0000000000
0.0000000000 1.0000000000 0.0000000000 10.0000000000
-1.0000000000 0.0000000000 0.0000000000 1880.0000000000
0.0000000000 0.0000000000 0.0000000000 1.0000000000

0.0000000000 0.0000000000 1.0000000000 2276.0000000000
0.0000000000 1.0000000000 0.0000000000 9.6000000000
-1.0000000000 0.0000000000 0.0000000000 1880.0000000000
0.0000000000 0.0000000000 0.0000000000 1.0000000000

0.0000000000 0.0000000000 1.0000000000 2276.0000000000
0.0000000000 1.0000000000 0.0000000000 9.2000000000
-1.0000000000 0.0000000000 0.0000000000 1880.0000000000
0.0000000000 0.0000000000 0.0000000000 1.0000000000

0.0000000000 0.0000000000 1.0000000000 2276.0000000000
0.0000000000 1.0000000000 0.0000000000 8.8000000000
-1.0000000000 0.0000000000 0.0000000000 1880.0000000000
0.0000000000 0.0000000000 0.0000000000 1.0000000000

0.0000000000 0.0000000000 1.0000000000 2276.0000000000
0.0000000000 1.0000000000 0.0000000000 8.4000000000
-1.0000000000 0.0000000000 0.0000000000 1880.0000000000
0.0000000000 0.0000000000 0.0000000000 1.0000000000

0.0000000000 0.0000000000 1.0000000000 2276.0000000000
0.0000000000 1.0000000000 0.0000000000 8.0000000000
-1.0000000000 0.0000000000 0.0000000000 1880.0000000000
0.0000000000 0.0000000000 0.0000000000 1.0000000000

0.0000000000 0.0000000000 1.0000000000 2276.0000000000
0.0000000000 1.0000000000 0.0000000000 7.6000000000
-1.0000000000 0.0000000000 0.0000000000 1880.0000000000
0.0000000000 0.0000000000 0.0000000000 1.0000000000

0.0000000000 0.0000000000 1.0000000000 2276.0000000000
0.0000000000 1.0000000000 0.0000000000 7.2000000000
-1.0000000000 0.0000000000 0.0000000000 1880.0000000000
0.0000000000 0.0000000000 0.0000000000 1.0000000000

0.0000000000 0.0000000000 1.0000000000 2276.0000000000
0.0000000000 1.0000000000 0.0000000000 6.8000000000
-1.0000000000 0.0000000000 0.0000000000 1880.0000000000
0.0000000000 0.0000000000 0.0000000000 1.0000000000

0.0000000000 0.0000000000 1.0000000000 2276.0000000000
0.0000000000 1.0000000000 0.0000000000 6.4000000000
-1.0000000000 0.0000000000 0.0000000000 1880.0000000000
0.0000000000 0.0000000000 0.0000000000 1.0000000000

0.0000000000 0.0000000000 1.0000000000 2276.0000000000
0.0000000000 1.0000000000 0.0000000000 6.0000000000
-1.0000000000 0.0000000000 0.0000000000 1880.0000000000
0.0000000000 0.0000000000 0.0000000000 1.0000000000

0.0000000000 0.0000000000 1.0000000000 2276.0000000000
0.0000000000 1.0000000000 0.0000000000 5.6000000000
-1.0000000000 0.0000000000 0.0000000000 1880.0000000000
0.0000000000 0.0000000000 0.0000000000 1.0000000000

0.0000000000 0.0000000000 1.0000000000 2276.0000000000
0.0000000000 1.0000000000 0.0000000000 5.2000000000
-1.0000000000 0.0000000000 0.0000000000 1880.0000000000
0.0000000000 0.0000000000 0.0000000000 1.0000000000

0.0000000000 0.0000000000 1.0000000000 2276.0000000000
0.0000000000 1.0000000000 0.0000000000 4.8000000000
-1.0000000000 0.0000000000 0.0000000000 1880.0000000000
0.0000000000 0.0000000000 0.0000000000 1.0000000000

0.0000000000 0.0000000000 1.0000000000 2276.0000000000
0.0000000000 1.0000000000 0.0000000000 4.4000000000
-1.0000000000 0.0000000000 0.0000000000 1880.0000000000
0.0000000000 0.0000000000 0.0000000000 1.0000000000

0.0000000000 0.0000000000 1.0000000000 2276.0000000000
0.0000000000 1.0000000000 0.0000000000 4.0000000000
-1.0000000000 0.0000000000 0.0000000000 1880.0000000000
0.0000000000 0.0000000000 0.0000000000 1.0000000000

0.0000000000 0.0000000000 1.0000000000 2276.0000000000
0.0000000000 1.0000000000 0.0000000000 3.6000000000
-1.0000000000 0.0000000000 0.0000000000 1880.0000000000
0.0000000000 0.0000000000 0.0000000000 1.0000000000

0.0000000000 0.0000000000 1.0000000000 2276.0000000000
0.0000000000 1.0000000000 0.0000000000 3.2000000000
-1.0000000000 0.0000000000 0.0000000000 1880.0000000000
0.0000000000 0.0000000000 0.0000000000 1.0000000000

0.0000000000 0.0000000000 1.0000000000 2276.0000000000
0.0000000000 1.0000000000 0.0000000000 2.8000000000
-1.0000000000 0.0000000000 0.0000000000 1880.0000000000
0.0000000000 0.0000000000 0.0000000000 1.0000000000

0.0000000000 0.0000000000 1.0000000000 2276.0000000000
0.0000000000 1.0000000000 0.0000000000 2.4000000000
-1.0000000000 0.0000000000 0.0000000000 1880.0000000000
0.0000000000 0.0000000000 0.0000000000 1.0000000000

0.0000000000 0.0000000000 1.0000000000 2276.0000000000
0.0000000000 1.0000000000 0.0000000000 2.0000000000
-1.0000000000 0.0000000000 0.0000000000 1880.0000000000
0.0000000000 0.0000000000 0.0000000000 1.0000000000

0.0000000000 0.0000000000 1.0000000000 2276.0000000000
0.0000000000 1.0000000000 0.0000000000 1.6000000000
-1.0000000000 0.0000000000 0.0000000000 1880.0000000000
0.0000000000 0.0000000000 0.0000000000 1.0000000000

0.0000000000 0.0000000000 1.0000000000 2276.0000000000
0.0000000000 1.0000000000 0.0000000000 1.2000000000
-1.0000000000 0.0000000000 0.0000000000 1880.0000000000
0.0000000000 0.0000000000 0.0000000000 1.0000000000

0.0000000000 0.0000000000 1.0000000000 2276.0000000000
0.0000000000 1.0000000000 0.0000000000 0.8000000000
-1.0000000000 0.0000000000 0.0000000000 1880.0000000000
0.0000000000 0.0000000000 0.0000000000 1.0000000000

0.0000000000 0.0000000000 1.0000000000 2276.0000000000
0.0000000000 1.0000000000 0.0000000000 0.4000000000
-1.0000000000 0.0000000000 0.0000000000 1880.0000000000
0.0000000000 0.0000000000 0.0000000000 1.0000000000

0.0000000000 0.0000000000 1.0000000000 2276.0000000000
0.0000000000 1.0000000000 0.0000000000 0.0000000000
-1.0000000000 0.0000000000 0.0000000000 1880.0000000000
0.0000000000 0.0000000000 0.0000000000 1.0000000000

0.0000000000 0.0000000000 1.0000000000 2276.0000000000
0.0000000000 1.0000000000 0.0000000000 -0.4000000000
-1.0000000000 0.0000000000 0.0000000000 1880.0000000000
0.0000000000 0.0000000000 0.0000000000 1.0000000000

0.0000000000 0.0000000000 1.0000000000 2276.0000000000
0.0000000000 1.0000000000 0.0000000000 -0.8000000000
-1.0000000000 0.0000000000 0.0000000000 1880.0000000000
0.0000000000 0.0000000000 0.0000000000 1.0000000000

0.0000000000 0.0000000000 1.0000000000 2276.0000000000
0.0000000000 1.0000000000 0.0000000000 -1.2000000000
-1.0000000000 0.0000000000 0.0000000000 1880.0000000000
0.0000000000 0.0000000000 0.0000000000 1.0000000000

0.0000000000 0.0000000000 1.0000000000 2276.0000000000
0.0000000000 1.0000000000 0.0000000000 -1.6000000000
-1.0000000000 0.0000000000 0.0000000000 1880.0000000000
0.0000000000 0.0000000000 0.0000000000 1.0000000000

0.0000000000 0.0000000000 1.0000000000 2276.0000000000
0.0000000000 1.0000000000 0.0000000000 -2.0000000000
-1.0000000000 0.0000000000 0.0000000000 1880.0000000000
0.0000000000 0.0000000000 0.0000000000 1.0000000000

0.0000000000 0.0000000000 1.0000000000 2276.0000000000
0.0000000000 1.0000000000 0.0000000000 -2.4000000000
-1.0000000000 0.0000000000 0.0000000000 1880.0000000000
0.0000000000 0.0000000000 0.0000000000 1.0000000000

0.0000000000 0.0000000000 1.0000000000 2276.0000000000
0.0000000000 1.0000000000 0.0000000000 -2.8000000000
-1.0000000000 0.0000000000 0.0000000000 1880.0000000000
0.0000000000 0.0000000000 0.0000000000 1.0000000000

0.0000000000 0.0000000000 1.0000000000 2276.0000000000
0.0000000000 1.0000000000 0.0000000000 -3.2000000000
-1.0000000000 0.0000000000 0.0000000000 1880.0000000000
0.0000000000 0.0000000000 0.0000000000 1.0000000000

0.0000000000 0.0000000000 1.0000000000 2276.0000000000
0.0000000000 1.0000000000 0.0000000000 -3.6000000000
-1.0000000000 0.0000000000 0.0000000000 1880.0000000000
0.0000000000 0.0000000000 0.0000000000 1.0000000000

0.0000000000 0.0000000000 1.0000000000 2276.0000000000
0.0000000000 1.0000000000 0.0000000000 -4.0000000000
-1.0000000000 0.0000000000 0.0000000000 1880.0000000000
0.0000000000 0.0000000000 0.0000000000 1.0000000000

0.0000000000 0.0000000000 1.0000000000 2276.0000000000
0.0000000000 1.0000000000 0.0000000000 -4.4000000000
-1.0000000000 0.0000000000 0.0000000000 1880.0000000000
0.0000000000 0.0000000000 0.0000000000 1.0000000000

0.0000000000 0.0000000000 1.0000000000 2276.0000000000
0.0000000000 1.0000000000 0.0000000000 -4.8000000000
-1.0000000000 0.0000000000 0.0000000000 1880.0000000000
0.0000000000 0.0000000000 0.0000000000 1.0000000000

0.0000000000 0.0000000000 1.0000000000 2276.0000000000
0.0000000000 1.0000000000 0.0000000000 -5.2000000000
-1.0000000000 0.0000000000 0.0000000000 1880.0000000000
0.0000000000 0.0000000000 0.0000000000 1.0000000000

0.0000000000 0.0000000000 1.0000000000 2276.0000000000
0.0000000000 1.0000000000 0.0000000000 -5.6000000000
-1.0000000000 0.0000000000 0.0000000000 1880.0000000000
0.0000000000 0.0000000000 0.0000000000 1.0000000000

0.0000000000 0.0000000000 1.0000000000 2276.0000000000
0.0000000000 1.0000000000 0.0000000000 -6.0000000000
-1.0000000000 0.0000000000 0.0000000000 1880.0000000000
0.0000000000 0.0000000000 0.0000000000 1.0000000000

0.0000000000 0.0000000000 1.0000000000 2276.0000000000
0.0000000000 1.0000000000 0.0000000000 -6.4000000000
-1.0000000000 0.0000000000 0.0000000000 1880.0000000000
0.0000000000 0.0000000000 0.0000000000 1.0000000000

0.0000000000 0.0000000000 1.0000000000 2276.0000000000
0.0000000000 1.0000000000 0.0000000000 -6.8000000000
-1.0000000000 0.0000000000 0.0000000000 1880.0000000000
0.0000000000 0.0000000000 0.0000000000 1.0000000000

0.0000000000 0.0000000000 1.0000000000 2276.0000000000
0.0000000000 1.0000000000 0.0000000000 -7.2000000000
-1.0000000000 0.0000000000 0.0000000000 1880.0000000000
0.0000000000 0.0000000000 0.0000000000 1.0000000000

0.0000000000 0.0000000000 1.0000000000 2276.0000000000
0.0000000000 1.0000000000 0.0000000000 -7.6000000000
-1.0000000000 0.0000000000 0.0000000000 1880.0000000000
0.0000000000 0.0000000000 0.0000000000 1.0000000000

0.0000000000 0.0000000000 1.0000000000 2276.0000000000
0.0000000000 1.0000000000 0.0000000000 -8.0000000000
-1.0000000000 0.0000000000 0.0000000000 1880.0000000000
0.0000000000 0.0000000000 0.0000000000 1.0000000000

0.0000000000 0.0000000000 1.0000000000 2276.0000000000
0.0000000000 1.0000000000 0.0000000000 -8.4000000000
-1.0000000000 0.0000000000 0.0000000000 1880.0000000000
0.0000000000 0.0000000000 0.0000000000 1.0000000000

0.0000000000 0.0000000000 1.0000000000 2276.0000000000
0.0000000000 1.0000000000 0.0000000000 -8.8000000000
-1.0000000000 0.0000000000 0.0000000000 1880.0000000000
0.0000000000 0.0000000000 0.0000000000 1.0000000000

0.0000000000 0.0000000000 1.0000000000 2276.0000000000
0.0000000000 1.0000000000 0.0000000000 -9.2000000000
-1.0000000000 0.0000000000 0.0000000000 1880.0000000000
0.0000000000 0.0000000000 0.0000000000 1.0000000000

0.0000000000 0.0000000000 1.0000000000 2276.0000000000
0.0000000000 1.0000000000 0.0000000000 -9.6000000000
-1.0000000000 0.0000000000 0.0000000000 1880.0000000000
0.0000000000 0.0000000000 0.0000000000 1.0000000000

0.0000000000 0.0000000000 1.0000000000 2276.0000000000
0.0000000000 1.0000000000 0.0000000000 -10.0000000000
-1.0000000000 0.0000000000 0.0000000000 1880.0000000000
0.0000000000 0.0000000000 0.0000000000 1.0000000000

0.0000000000 0.0000000000 1.0000000000 2276.0000000000
0.0000000000 1.0000000000 0.0000000000 -10.4000000000
-1.0000000000 0.0000000000 0.0000000000 1880.0000000000
0.0000000000 0.0000000000 0.0000000000 1.0000000000

0.0000000000 0.0000000000 1.0000000000 2276.0000000000
0.0000000000 1.0000000000 0.0000000000 -10.8000000000
-1.0000000000 0.0000000000 0.0000000000 1880.0000000000
0.0000000000 0.0000000000 0.0000000000 1.0000000000

0.0000000000 0.0000000000 1.0000000000 2276.0000000000
0.0000000000 1.0000000000 0.0000000000 -11.2000000000
-1.0000000000 0.0000000000 0.0000000000 1880.0000000000
0.0000000000 0.0000000000 0.0000000000 1.0000000000

0.0000000000 0.0000000000 1.0000000000 2276.0000000000
0.0000000000 1.0000000000 0.0000000000 -11.6000000000
-1.0000000000 0.0000000000 0.0000000000 1880.0000000000
0.0000000000 0.0000000000 0.0000000000 1.0000000000

0.0000000000 0.0000000000 1.0000000000 2276.0000000000
0.0000000000 1.0000000000 0.0000000000 -12.0000000000
-1.0000000000 0.0000000000 0.0000000000 1880.0000000000
0.0000000000 0.0000000000 0.0000000000 1.0000000000

0.0000000000 0.0000000000 1.0000000000 2276.0000000000
0.0000000000 1.0000000000 0.0000000000 -12.4000000000
-1.0000000000 0.0000000000 0.0000000000 1880.0000000000
0.0000000000 0.0000000000 0.0000000000 1.0000000000

0.0000000000 0.0000000000 1.0000000000 2276.0000000000
0.0000000000 1.0000000000 0.0000000000 -12.8000000000
-1.0000000000 0.0000000000 0.0000000000 1880.0000000000
0.0000000000 0.0000000000 0.0000000000 1.0000000000

0.0000000000 0.0000000000 1.0000000000 2276.0000000000
0.0000000000 1.0000000000 0.0000000000 -13.2000000000
-1.0000000000 0.0000000000 0.0000000000 1880.0000000000
0.0000000000 0.0000000000 0.0000000000 1.0000000000

0.0000000000 0.0000000000 1.0000000000 2276.0000000000
0.0000000000 1.0000000000 0.0000000000 -13.6000000000
-1.0000000000 0.0000000000 0.0000000000 1880.0000000000
0.0000000000 0.0000000000 0.0000000000 1.0000000000

0.0000000000 0.0000000000 1.0000000000 2276.0000000000
0.0000000000 1.0000000000 0.0000000000 -14.0000000000
-1.0000000000 0.0000000000 0.0000000000 1880.0000000000
0.0000000000 0.0000000000 0.0000000000 1.0000000000

0.0000000000 0.0000000000 1.0000000000 2276.0000000000
0.0000000000 1.0000000000 0.0000000000 -14.4000000000
-1.0000000000 0.0000000000 0.0000000000 1880.0000000000
0.0000000000 0.0000000000 0.0000000000 1.0000000000

0.0000000000 0.0000000000 1.0000000000 2276.0000000000
0.0000000000 1.0000000000 0.0000000000 -14.8000000000
-1.0000000000 0.0000000000 0.0000000000 1880.0000000000
0.0000000000 0.0000000000 0.0000000000 1.0000000000

0.0000000000 0.0000000000 1.0000000000 2276.0000000000
0.0000000000 1.0000000000 0.0000000000 -15.2000000000
-1.0000000000 0.0000000000 0.0000000000 1880.0000000000
0.0000000000 0.0000000000 0.0000000000 1.0000000000

0.0000000000 0.0000000000 1.0000000000 2276.0000000000
0.0000000000 1.0000000000 0.0000000000 -15.6000000000
-1.0000000000 0.0000000000 0.0000000000 1880.0000000000
0.0000000000 0.0000000000 0.0000000000 1.0000000000

0.0000000000 0.0000000000 1.0000000000 2276.0000000000
0.0000000000 1.0000000000 0.0000000000 -16.0000000000
-1.0000000000 0.0000000000 0.0000000000 1880.0000000000
0.0000000000 0.0000000000 0.0000000000 1.0000000000

0.0000000000 0.0000000000 1.0000000000 2276.0000000000
0.0000000000 1.0000000000 0.0000000000 -16.4000000000
-1.0000000000 0.0000000000 0.0000000000 1880.0000000000
0.0000000000 0.0000000000 0.0000000000 1.0000000000

0.0000000000 0.0000000000 1.0000000000 2276.0000000000
0.0000000000 1.0000000000 0.0000000000 -16.8000000000
-1.0000000000 0.0000000000 0.0000000000 1880.0000000000
0.0000000000 0.0000000000 0.0000000000 1.0000000000

0.0000000000 0.0000000000 1.0000000000 2276.0000000000
0.0000000000 1.0000000000 0.0000000000 -17.2000000000
-1.0000000000 0.0000000000 0.0000000000 1880.0000000000
0.0000000000 0.0000000000 0.0000000000 1.0000000000

0.0000000000 0.0000000000 1.0000000000 2276.0000000000
0.0000000000 1.0000000000 0.0000000000 -17.6000000000
-1.0000000000 0.0000000000 0.0000000000 1880.0000000000
0.0000000000 0.0000000000 0.0000000000 1.0000000000

0.0000000000 0.0000000000 1.0000000000 2276.0000000000
0.0000000000 1.0000000000 0.0000000000 -18.0000000000
-1.0000000000 0.0000000000 0.0000000000 1880.0000000000
0.0000000000 0.0000000000 0.0000000000 1.0000000000

0.0000000000 0.0000000000 1.0000000000 2276.0000000000
0.0000000000 1.0000000000 0.0000000000 -18.4000000000
-1.0000000000 0.0000000000 0.0000000000 1880.0000000000
0.0000000000 0.0000000000 0.0000000000 1.0000000000

0.0000000000 0.0000000000 1.0000000000 2276.0000000000
0.0000000000 1.0000000000 0.0000000000 -18.8000000000
-1.0000000000 0.0000000000 0.0000000000 1880.0000000000
0.0000000000 0.0000000000 0.0000000000 1.0000000000

0.0000000000 0.0000000000 1.0000000000 2276.0000000000
0.0000000000 1.0000000000 0.0000000000 -19.2000000000
-1.0000000000 0.0000000000 0.0000000000 1880.0000000000
0.0000000000 0.0000000000 0.0000000000 1.0000000000

0.0000000000 0.0000000000 1.0000000000 2276.0000000000
0.0000000000 1.0000000000 0.0000000000 -19.6000000000
-1.0000000000 0.0000000000 0.0000000000 1880.0000000000
0.0000000000 0.0000000000 0.0000000000 1.0000000000

0.0000000000 0.0000000000 1.0000000000 2276.0000000000
0.0000000000 1.0000000000 0.0000000000 -20.0000000000
-1.0000000000 0.0000000000 0.0000000000 1880.0000000000
0.0000000000 0.0000000000 0.0000000000 1.0000000000

0.0000000000 0.0000000000 1.0000000000 2276.0000000000
0.0000000000 1.0000000000 0.0000000000 -20.4000000000
-1.0000000000 0.0000000000 0.0000000000 1880.0000000000
0.0000000000 0.0000000000 0.0000000000 1.0000000000

0.0000000000 0.0000000000 1.0000000000 2276.0000000000
0.0000000000 1.0000000000 0.0000000000 -20.8000000000
-1.0000000000 0.0000000000 0.0000000000 1880.0000000000
0.0000000000 0.0000000000 0.0000000000 1.0000000000

0.0000000000 0.0000000000 1.0000000000 2276.0000000000
0.0000000000 1.0000000000 0.0000000000 -21.2000000000
-1.0000000000 0.0000000000 0.0000000000 1880.0000000000
0.0000000000 0.0000000000 0.0000000000 1.0000000000

0.0000000000 0.0000000000 1.0000000000 2276.0000000000
0.0000000000 1.0000000000 0.0000000000 -21.6000000000
-1.0000000000 0.0000000000 0.0000000000 1880.0000000000
0.0000000000 0.0000000000 0.0000000000 1.0000000000

0.0000000000 0.0000000000 1.0000000000 2276.0000000000
0.0000000000 1.0000000000 0.0000000000 -22.0000000000
-1.0000000000 0.0000000000 0.0000000000 1880.0000000000
0.0000000000 0.0000000000 0.0000000000 1.0000000000

0.0000000000 0.0000000000 1.0000000000 2276.0000000000
0.0000000000 1.0000000000 0.0000000000 -22.4000000000
-1.0000000000 0.0000000000 0.0000000000 1880.0000000000
0.0000000000 0.0000000000 0.0000000000 1.0000000000

0.0000000000 0.0000000000 1.0000000000 2276.0000000000
0.0000000000 1.0000000000 0.0000000000 -22.8000000000
-1.0000000000 0.0000000000 0.0000000000 1880.0000000000
0.0000000000 0.0000000000 0.0000000000 1.0000000000

0.0000000000 0.0000000000 1.0000000000 2276.0000000000
0.0000000000 1.0000000000 0.0000000000 -23.2000000000
-1.0000000000 0.0000000000 0.0000000000 1880.0000000000
0.0000000000 0.0000000000 0.0000000000 1.0000000000

0.0000000000 0.0000000000 1.0000000000 2276.0000000000
0.0000000000 1.0000000000 0.0000000000 -23.6000000000
-1.0000000000 0.0000000000 0.0000000000 1880.0000000000
0.0000000000 0.0000000000 0.0000000000 1.0000000000

0.0000000000 0.0000000000 1.0000000000 2276.0000000000
0.0000000000 1.0000000000 0.0000000000 -24.0000000000
-1.0000000000 0.0000000000 0.0000000000 1880.0000000000
0.0000000000 0.0000000000 0.0000000000 1.0000000000

0.0000000000 0.0000000000 1.0000000000 2276.0000000000
0.0000000000 1.0000000000 0.0000000000 -24.4000000000
-1.0000000000 0.0000000000 0.0000000000 1880.0000000000
0.0000000000 0.0000000000 0.0000000000 1.0000000000

0.0000000000 0.0000000000 1.0000000000 2276.0000000000
0.0000000000 1.0000000000 0.0000000000 -24.8000000000
-1.0000000000 0.0000000000 0.0000000000 1880.0000000000
0.0000000000 0.0000000000 0.0000000000 1.0000000000

0.0000000000 0.0000000000 1.0000000000 2276.0000000000
0.0000000000 1.0000000000 0.0000000000 -25.2000000000
-1.0000000000 0.0000000000 0.0000000000 1880.0000000000
0.0000000000 0.0000000000 0.0000000000 1.0000000000

0.0000000000 0.0000000000 1.0000000000 2276.0000000000
0.0000000000 1.0000000000 0.0000000000 -25.6000000000
-1.0000000000 0.0000000000 0.0000000000 1880.0000000000
0.0000000000 0.0000000000 0.0000000000 1.0000000000

0.0000000000 0.0000000000 1.0000000000 2276.0000000000
0.0000000000 1.0000000000 0.0000000000 -26.0000000000
-1.0000000000 0.0000000000 0.0000000000 1880.0000000000
0.0000000000 0.0000000000 0.0000000000 1.0000000000

0.0000000000 0.0000000000 1.0000000000 2276.0000000000
0.0000000000 1.0000000000 0.0000000000 -26.4000000000
-1.0000000000 0.0000000000 0.0000000000 1880.0000000000
0.0000000000 0.0000000000 0.0000000000 1.0000000000

0.0000000000 0.0000000000 1.0000000000 2276.0000000000
0.0000000000 1.0000000000 0.0000000000 -26.8000000000
-1.0000000000 0.0000000000 0.0000000000 1880.0000000000
0.0000000000 0.0000000000 0.0000000000 1.0000000000

0.0000000000 0.0000000000 1.0000000000 2276.0000000000
0.0000000000 1.0000000000 0.0000000000 -27.2000000000
-1.0000000000 0.0000000000 0.0000000000 1880.0000000000
0.0000000000 0.0000000000 0.0000000000 1.0000000000

0.0000000000 0.0000000000 1.0000000000 2276.0000000000
0.0000000000 1.0000000000 0.0000000000 -27.6000000000
-1.0000000000 0.0000000000 0.0000000000 1880.0000000000
0.0000000000 0.0000000000 0.0000000000 1.0000000000

0.0000000000 0.0000000000 1.0000000000 2276.0000000000
0.0000000000 1.0000000000 0.0000000000 -28.0000000000
-1.0000000000 0.0000000000 0.0000000000 1880.0000000000
0.0000000000 0.0000000000 0.0000000000 1.0000000000

0.0000000000 0.0000000000 1.0000000000 2276.0000000000
0.0000000000 1.0000000000 0.0000000000 -28.4000000000
-1.0000000000 0.0000000000 0.0000000000 1880.0000000000
0.0000000000 0.0000000000 0.0000000000 1.0000000000

0.0000000000 0.0000000000 1.0000000000 2276.0000000000
0.0000000000 1.0000000000 0.0000000000 -28.8000000000
-1.0000000000 0.0000000000 0.0000000000 1880.0000000000
0.0000000000 0.0000000000 0.0000000000 1.0000000000

0.0000000000 0.0000000000 1.0000000000 2276.0000000000
0.0000000000 1.0000000000 0.0000000000 -29.2000000000
-1.0000000000 0.0000000000 0.0000000000 1880.0000000000
0.0000000000 0.0000000000 0.0000000000 1.0000000000

0.0000000000 0.0000000000 1.0000000000 2276.0000000000
0.0000000000 1.0000000000 0.0000000000 -29.6000000000
-1.0000000000 0.0000000000 0.0000000000 1880.0000000000
0.0000000000 0.0000000000 0.0000000000 1.0000000000

0.0000000000 0.0000000000 1.0000000000 2276.0000000000
0.0000000000 1.0000000000 0.0000000000 -30.0000000000
-1.0000000000 0.0000000000 0.0000000000 1880.0000000000
0.0000000000 0.0000000000 0.0000000000 1.0000000000

0.0000000000 0.0000000000 1.0000000000 2276.0000000000
0.0000000000 1.0000000000 0.0000000000 -30.4000000000
-1.0000000000 0.0000000000 0.0000000000 1880.0000000000
0.0000000000 0.0000000000 0.0000000000 1.0000000000

0.0000000000 0.0000000000 1.0000000000 2276.0000000000
0.0000000000 1.0000000000 0.0000000000 -30.8000000000
-1.0000000000 0.0000000000 0.0000000000 1880.0000000000
0.0000000000 0.0000000000 0.0000000000 1.0000000000

0.0000000000 0.0000000000 1.0000000000 2276.0000000000
0.0000000000 1.0000000000 0.0000000000 -31.2000000000
-1.0000000000 0.0000000000 0.0000000000 1880.0000000000
0.0000000000 0.0000000000 0.0000000000 1.0000000000

0.0000000000 0.0000000000 1.0000000000 2276.0000000000
0.0000000000 1.0000000000 0.0000000000 -31.6000000000
-1.0000000000 0.0000000000 0.0000000000 1880.0000000000
0.0000000000 0.0000000000 0.0000000000 1.0000000000

0.0000000000 0.0000000000 1.0000000000 2276.0000000000
0.0000000000 1.0000000000 0.0000000000 -32.0000000000
-1.0000000000 0.0000000000 0.0000000000 1880.0000000000
0.0000000000 0.0000000000 0.0000000000 1.0000000000

0.0000000000 0.0000000000 1.0000000000 2276.0000000000
0.0000000000 1.0000000000 0.0000000000 -32.4000000000
-1.0000000000 0.0000000000 0.0000000000 1880.0000000000
0.0000000000 0.0000000000 0.0000000000 1.0000000000

0.0000000000 0.0000000000 1.0000000000 2276.0000000000
0.0000000000 1.0000000000 0.0000000000 -32.8000000000
-1.0000000000 0.0000000000 0.0000000000 1880.0000000000
0.0000000000 0.0000000000 0.0000000000 1.0000000000

0.0000000000 0.0000000000 1.0000000000 2276.0000000000
0.0000000000 1.0000000000 0.0000000000 -33.2000000000
-1.0000000000 0.0000000000 0.0000000000 1880.0000000000
0.0000000000 0.0000000000 0.0000000000 1.0000000000

0.0000000000 0.0000000000 1.0000000000 2276.0000000000
0.0000000000 1.0000000000 0.0000000000 -33.6000000000
-1.0000000000 0.0000000000 0.0000000000 1880.0000000000
0.0000000000 0.0000000000 0.0000000000 1.0000000000

0.0000000000 0.0000000000 1.0000000000 2276.0000000000
0.0000000000 1.0000000000 0.0000000000 -34.0000000000
-1.0000000000 0.0000000000 0.0000000000 1880.0000000000
0.0000000000 0.0000000000 0.0000000000 1.0000000000

0.0000000000 0.0000000000 1.0000000000 2276.0000000000
0.0000000000 1.0000000000 0.0000000000 -34.4000000000
-1.0000000000 0.0000000000 0.0000000000 1880.0000000000
0.0000000000 0.0000000000 0.0000000000 1.0000000000

0.0000000000 0.0000000000 1.0000000000 2276.0000000000
0.0000000000 1.0000000000 0.0000000000 -34.8000000000
-1.0000000000 0.0000000000 0.0000000000 1880.0000000000
0.0000000000 0.0000000000 0.0000000000 1.0000000000

0.0000000000 0.0000000000 1.0000000000 2276.0000000000
0.0000000000 1.0000000000 0.0000000000 -35.2000000000
-1.0000000000 0.0000000000 0.0000000000 1880.0000000000
0.0000000000 0.0000000000 0.0000000000 1.0000000000

0.0000000000 0.0000000000 1.0000000000 2276.0000000000
0.0000000000 1.0000000000 0.0000000000 -35.6000000000
-1.0000000000 0.0000000000 0.0000000000 1880.0000000000
0.0000000000 0.0000000000 0.0000000000 1.0000000000

0.0000000000 0.0000000000 1.0000000000 2276.0000000000
0.0000000000 1.0000000000 0.0000000000 -36.0000000000
-1.0000000000 0.0000000000 0.0000000000 1880.0000000000
0.0000000000 0.0000000000 0.0000000000 1.0000000000

0.0000000000 0.0000000000 1.0000000000 2276.0000000000
0.0000000000 1.0000000000 0.0000000000 -36.4000000000
-1.0000000000 0.0000000000 0.0000000000 1880.0000000000
0.0000000000 0.0000000000 0.0000000000 1.0000000000

0.0000000000 0.0000000000 1.0000000000 2276.0000000000
0.0000000000 1.0000000000 0.0000000000 -36.8000000000
-1.0000000000 0.0000000000 0.0000000000 1880.0000000000
0.0000000000 0.0000000000 0.0000000000 1.0000000000

0.0000000000 0.0000000000 1.0000000000 2276.0000000000
0.0000000000 1.0000000000 0.0000000000 -37.2000000000
-1.0000000000 0.0000000000 0.0000000000 1880.0000000000
0.0000000000 0.0000000000 0.0000000000 1.0000000000

0.0000000000 0.0000000000 1.0000000000 2276.0000000000
0.0000000000 1.0000000000 0.0000000000 -37.6000000000
-1.0000000000 0.0000000000 0.0000000000 1880.0000000000
0.0000000000 0.0000000000 0.0000000000 1.0000000000

0.0000000000 0.0000000000 1.0000000000 2276.0000000000
0.0000000000 1.0000000000 0.0000000000 -38.0000000000
-1.0000000000 0.0000000000 0.0000000000 1880.0000000000
0.0000000000 0.0000000000 0.0000000000 1.0000000000

0.0000000000 0.0000000000 1.0000000000 2276.0000000000
0.0000000000 1.0000000000 0.0000000000 -38.4000000000
-1.0000000000 0.0000000000 0.0000000000 1880.0000000000
0.0000000000 0.0000000000 0.0000000000 1.0000000000

0.0000000000 0.0000000000 1.0000000000 2276.0000000000
0.0000000000 1.0000000000 0.0000000000 -38.8000000000
-1.0000000000 0.0000000000 0.0000000000 1880.0000000000
0.0000000000 0.0000000000 0.0000000000 1.0000000000

0.0000000000 0.0000000000 1.0000000000 2276.0000000000
0.0000000000 1.0000000000 0.0000000000 -39.2000000000
-1.0000000000 0.0000000000 0.0000000000 1880.0000000000
0.0000000000 0.0000000000 0.0000000000 1.0000000000

0.0000000000 0.0000000000 1.0000000000 2276.0000000000
0.0000000000 1.0000000000 0.0000000000 -39.6000000000
-1.0000000000 0.0000000000 0.0000000000 1880.0000000000
0.0000000000 0.0000000000 0.0000000000 1.0000000000

0.0000000000 0.0000000000 1.0000000000 2276.0000000000
0.0000000000 1.0000000000 0.0000000000 -40.0000000000
-1.0000000000 0.0000000000 0.0000000000 1880.0000000000
0.0000000000 0.0000000000 0.0000000000 1.0000000000

0.0000000000 0.0000000000 1.0000000000 2276.0000000000
0.0000000000 1.0000000000 0.0000000000 -40.4000000000
-1.0000000000 0.0000000000 0.0000000000 1880.0000000000
0.0000000000 0.0000000000 0.0000000000 1.0000000000

0.0000000000 0.0000000000 1.0000000000 2276.0000000000
0.0000000000 1.0000000000 0.0000000000 -40.8000000000
-1.0000000000 0.0000000000 0.0000000000 1880.0000000000
0.0000000000 0.0000000000 0.0000000000 1.0000000000

0.0000000000 0.0000000000 1.0000000000 2276.0000000000
0.0000000000 1.0000000000 0.0000000000 -41.2000000000
-1.0000000000 0.0000000000 0.0000000000 1880.0000000000
0.0000000000 0.0000000000 0.0000000000 1.0000000000

0.0000000000 0.0000000000 1.0000000000 2276.0000000000
0.0000000000 1.0000000000 0.0000000000 -41.6000000000
-1.0000000000 0.0000000000 0.0000000000 1880.0000000000
0.0000000000 0.0000000000 0.0000000000 1.0000000000

0.0000000000 0.0000000000 1.0000000000 2276.0000000000
0.0000000000 1.0000000000 0.0000000000 -42.0000000000
-1.0000000000 0.0000000000 0.0000000000 1880.0000000000
0.0000000000 0.0000000000 0.0000000000 1.0000000000

0.0000000000 0.0000000000 1.0000000000 2276.0000000000
0.0000000000 1.0000000000 0.0000000000 -42.4000000000
-1.0000000000 0.0000000000 0.0000000000 1880.0000000000
0.0000000000 0.0000000000 0.0000000000 1.0000000000

0.0000000000 0.0000000000 1.0000000000 2276.0000000000
0.0000000000 1.0000000000 0.0000000000 -42.8000000000
-1.0000000000 0.0000000000 0.0000000000 1880.0000000000
0.0000000000 0.0000000000 0.0000000000 1.0000000000

0.0000000000 0.0000000000 1.0000000000 2276.0000000000
0.0000000000 1.0000000000 0.0000000000 -43.2000000000
-1.0000000000 0.0000000000 0.0000000000 1880.0000000000
0.0000000000 0.0000000000 0.0000000000 1.0000000000

0.0000000000 0.0000000000 1.0000000000 2276.0000000000
0.0000000000 1.0000000000 0.0000000000 -43.6000000000
-1.0000000000 0.0000000000 0.0000000000 1880.0000000000
0.0000000000 0.0000000000 0.0000000000 1.0000000000

0.0000000000 0.0000000000 1.0000000000 2276.0000000000
0.0000000000 1.0000000000 0.0000000000 -44.0000000000
-1.0000000000 0.0000000000 0.0000000000 1880.0000000000
0.0000000000 0.0000000000 0.0000000000 1.0000000000

0.0000000000 0.0000000000 1.0000000000 2276.0000000000
0.0000000000 1.0000000000 0.0000000000 -44.4000000000
-1.0000000000 0.0000000000 0.0000000000 1880.0000000000
0.0000000000 0.0000000000 0.0000000000 1.0000000000

0.0000000000 0.0000000000 1.0000000000 2276.0000000000
0.0000000000 1.0000000000 0.0000000000 -44.8000000000
-1.0000000000 0.0000000000 0.0000000000 1880.0000000000
0.0000000000 0.0000000000 0.0000000000 1.0000000000

0.0000000000 0.0000000000 1.0000000000 2276.0000000000
0.0000000000 1.0000000000 0.0000000000 -45.2000000000
-1.0000000000 0.0000000000 0.0000000000 1880.0000000000
0.0000000000 0.0000000000 0.0000000000 1.0000000000

0.0000000000 0.0000000000 1.0000000000 2276.0000000000
0.0000000000 1.0000000000 0.0000000000 -45.6000000000
-1.0000000000 0.0000000000 0.0000000000 1880.0000000000
0.0000000000 0.0000000000 0.0000000000 1.0000000000

0.0000000000 0.0000000000 1.0000000000 2276.0000000000
0.0000000000 1.0000000000 0.0000000000 -46.0000000000
-1.0000000000 0.0000000000 0.0000000000 1880.0000000000
0.0000000000 0.0000000000 0.0000000000 1.0000000000

0.0000000000 0.0000000000 1.0000000000 2276.0000000000
0.0000000000 1.0000000000 0.0000000000 -46.4000000000
-1.0000000000 0.0000000000 0.0000000000 1880.0000000000
0.0000000000 0.0000000000 0.0000000000 1.0000000000

0.0000000000 0.0000000000 1.0000000000 2276.0000000000
0.0000000000 1.0000000000 0.0000000000 -46.8000000000
-1.0000000000 0.0000000000 0.0000000000 1880.0000000000
0.0000000000 0.0000000000 0.0000000000 1.0000000000

0.0000000000 0.0000000000 1.0000000000 2276.0000000000
0.0000000000 1.0000000000 0.0000000000 -47.2000000000
-1.0000000000 0.0000000000 0.0000000000 1880.0000000000
0.0000000000 0.0000000000 0.0000000000 1.0000000000

0.0000000000 0.0000000000 1.0000000000 2276.0000000000
0.0000000000 1.0000000000 0.0000000000 -47.6000000000
-1.0000000000 0.0000000000 0.0000000000 1880.0000000000
0.0000000000 0.0000000000 0.0000000000 1.0000000000

0.0000000000 0.0000000000 1.0000000000 2276.0000000000
0.0000000000 1.0000000000 0.0000000000 -48.0000000000
-1.0000000000 0.0000000000 0.0000000000 1880.0000000000
0.0000000000 0.0000000000 0.0000000000 1.0000000000

0.0000000000 0.0000000000 1.0000000000 2276.0000000000
0.0000000000 1.0000000000 0.0000000000 -48.4000000000
-1.0000000000 0.0000000000 0.0000000000 1880.0000000000
0.0000000000 0.0000000000 0.0000000000 1.0000000000

0.0000000000 0.0000000000 1.0000000000 2276.0000000000
0.0000000000 1.0000000000 0.0000000000 -48.8000000000
-1.0000000000 0.0000000000 0.0000000000 1880.0000000000
0.0000000000 0.0000000000 0.0000000000 1.0000000000

0.0000000000 0.0000000000 1.0000000000 2276.0000000000
0.0000000000 1.0000000000 0.0000000000 -49.2000000000
-1.0000000000 0.0000000000 0.0000000000 1880.0000000000
0.0000000000 0.0000000000 0.0000000000 1.0000000000

0.0000000000 0.0000000000 1.0000000000 2276.0000000000
0.0000000000 1.0000000000 0.0000000000 -49.6000000000
-1.0000000000 0.0000000000 0.0000000000 1880.0000000000
0.0000000000 0.0000000000 0.0000000000 1.0000000000

0.0000000000 0.0000000000 1.0000000000 2276.0000000000
0.0000000000 1.0000000000 0.0000000000 -50.0000000000
-1.0000000000 0.0000000000 0.0000000000 1880.0000000000
0.0000000000 0.0000000000 0.0000000000 1.0000000000

0.0000000000 0.0000000000 1.0000000000 2276.0000000000
0.0000000000 1.0000000000 0.0000000000 -50.4000000000
-1.0000000000 0.0000000000 0.0000000000 1880.0000000000
0.0000000000 0.0000000000 0.0000000000 1.0000000000

0.0000000000 0.0000000000 1.0000000000 2276.0000000000
0.0000000000 1.0000000000 0.0000000000 -50.8000000000
-1.0000000000 0.0000000000 0.0000000000 1880.0000000000
0.0000000000 0.0000000000 0.0000000000 1.0000000000

0.0000000000 0.0000000000 1.0000000000 2276.0000000000
0.0000000000 1.0000000000 0.0000000000 -51.2000000000
-1.0000000000 0.0000000000 0.0000000000 1880.0000000000
0.0000000000 0.0000000000 0.0000000000 1.0000000000

0.0000000000 0.0000000000 1.0000000000 2276.0000000000
0.0000000000 1.0000000000 0.0000000000 -51.6000000000
-1.0000000000 0.0000000000 0.0000000000 1880.0000000000
0.0000000000 0.0000000000 0.0000000000 1.0000000000

0.0000000000 0.0000000000 1.0000000000 2276.0000000000
0.0000000000 1.0000000000 0.0000000000 -52.0000000000
-1.0000000000 0.0000000000 0.0000000000 1880.0000000000
0.0000000000 0.0000000000 0.0000000000 1.0000000000

0.0000000000 0.0000000000 1.0000000000 2276.0000000000
0.0000000000 1.0000000000 0.0000000000 -52.4000000000
-1.0000000000 0.0000000000 0.0000000000 1880.0000000000
0.0000000000 0.0000000000 0.0000000000 1.0000000000

0.0000000000 0.0000000000 1.0000000000 2276.0000000000
0.0000000000 1.0000000000 0.0000000000 -52.8000000000
-1.0000000000 0.0000000000 0.0000000000 1880.0000000000
0.0000000000 0.0000000000 0.0000000000 1.0000000000

0.0000000000 0.0000000000 1.0000000000 2276.0000000000
0.0000000000 1.0000000000 0.0000000000 -53.2000000000
-1.0000000000 0.0000000000 0.0000000000 1880.0000000000
0.0000000000 0.0000000000 0.0000000000 1.0000000000

0.0000000000 0.0000000000 1.0000000000 2276.0000000000
0.0000000000 1.0000000000 0.0000000000 -53.6000000000
-1.0000000000 0.0000000000 0.0000000000 1880.0000000000
0.0000000000 0.0000000000 0.0000000000 1.0000000000

0.0000000000 0.0000000000 1.0000000000 2276.0000000000
0.0000000000 1.0000000000 0.0000000000 -54.0000000000
-1.0000000000 0.0000000000 0.0000000000 1880.0000000000
0.0000000000 0.0000000000 0.0000000000 1.0000000000

0.0000000000 0.0000000000 1.0000000000 2276.0000000000
0.0000000000 1.0000000000 0.0000000000 -54.4000000000
-1.0000000000 0.0000000000 0.0000000000 1880.0000000000
0.0000000000 0.0000000000 0.0000000000 1.0000000000

0.0000000000 0.0000000000 1.0000000000 2276.0000000000
0.0000000000 1.0000000000 0.0000000000 -54.8000000000
-1.0000000000 0.0000000000 0.0000000000 1880.0000000000
0.0000000000 0.0000000000 0.0000000000 1.0000000000

0.0000000000 0.0000000000 1.0000000000 2276.0000000000
0.0000000000 1.0000000000 0.0000000000 -55.2000000000
-1.0000000000 0.0000000000 0.0000000000 1880.0000000000
0.0000000000 0.0000000000 0.0000000000 1.0000000000

0.0000000000 0.0000000000 1.0000000000 2276.0000000000
0.0000000000 1.0000000000 0.0000000000 -55.6000000000
-1.0000000000 0.0000000000 0.0000000000 1880.0000000000
0.0000000000 0.0000000000 0.0000000000 1.0000000000

0.0000000000 0.0000000000 1.0000000000 2276.0000000000
0.0000000000 1.0000000000 0.0000000000 -56.0000000000
-1.0000000000 0.0000000000 0.0000000000 1880.0000000000
0.0000000000 0.0000000000 0.0000000000 1.0000000000

0.0000000000 0.0000000000 1.0000000000 2276.0000000000
0.0000000000 1.0000000000 0.0000000000 -56.4000000000
-1.0000000000 0.0000000000 0.0000000000 1880.0000000000
0.0000000000 0.0000000000 0.0000000000 1.0000000000

0.0000000000 0.0000000000 1.0000000000 2276.0000000000
0.0000000000 1.0000000000 0.0000000000 -56.8000000000
-1.0000000000 0.0000000000 0.0000000000 1880.0000000000
0.0000000000 0.0000000000 0.0000000000 1.0000000000

0.0000000000 0.0000000000 1.0000000000 2276.0000000000
0.0000000000 1.0000000000 0.0000000000 -57.2000000000
-1.0000000000 0.0000000000 0.0000000000 1880.0000000000
0.0000000000 0.0000000000 0.0000000000 1.0000000000

0.0000000000 0.0000000000 1.0000000000 2276.0000000000
0.0000000000 1.0000000000 0.0000000000 -57.6000000000
-1.0000000000 0.0000000000 0.0000000000 1880.0000000000
0.0000000000 0.0000000000 0.0000000000 1.0000000000

0.0000000000 0.0000000000 1.0000000000 2276.0000000000
0.0000000000 1.0000000000 0.0000000000 -58.0000000000
-1.0000000000 0.0000000000 0.0000000000 1880.0000000000
0.0000000000 0.0000000000 0.0000000000 1.0000000000

0.0000000000 0.0000000000 1.0000000000 2276.0000000000
0.0000000000 1.0000000000 0.0000000000 -58.4000000000
-1.0000000000 0.0000000000 0.0000000000 1880.0000000000
0.0000000000 0.0000000000 0.0000000000 1.0000000000

0.0000000000 0.0000000000 1.0000000000 2276.0000000000
0.0000000000 1.0000000000 0.0000000000 -58.8000000000
-1.0000000000 0.0000000000 0.0000000000 1880.0000000000
0.0000000000 0.0000000000 0.0000000000 1.0000000000

0.0000000000 0.0000000000 1.0000000000 2276.0000000000
0.0000000000 1.0000000000 0.0000000000 -59.2000000000
-1.0000000000 0.0000000000 0.0000000000 1880.0000000000
0.0000000000 0.0000000000 0.0000000000 1.0000000000

0.0000000000 0.0000000000 1.0000000000 2276.0000000000
0.0000000000 1.0000000000 0.0000000000 -59.6000000000
-1.0000000000 0.0000000000 0.0000000000 1880.0000000000
0.0000000000 0.0000000000 0.0000000000 1.0000000000

0.0000000000 0.0000000000 1.0000000000 2276.0000000000
0.0000000000 1.0000000000 0.0000000000 -60.0000000000
-1.0000000000 0.0000000000 0.0000000000 1880.0000000000
0.0000000000 0.0000000000 0.0000000000 1.0000000000

0.0000000000 0.0000000000 1.0000000000 2276.0000000000
0.0000000000 1.0000000000 0.0000000000 -60.4000000000
-1.0000000000 0.0000000000 0.0000000000 1880.0000000000
0.0000000000 0.0000000000 0.0000000000 1.0000000000

0.0000000000 0.0000000000 1.0000000000 2276.0000000000
0.0000000000 1.0000000000 0.0000000000 -60.8000000000
-1.0000000000 0.0000000000 0.0000000000 1880.0000000000
0.0000000000 0.0000000000 0.0000000000 1.0000000000

0.0000000000 0.0000000000 1.0000000000 2276.0000000000
0.0000000000 1.0000000000 0.0000000000 -61.2000000000
-1.0000000000 0.0000000000 0.0000000000 1880.0000000000
0.0000000000 0.0000000000 0.0000000000 1.0000000000

0.0000000000 0.0000000000 1.0000000000 2276.0000000000
0.0000000000 1.0000000000 0.0000000000 -61.6000000000
-1.0000000000 0.0000000000 0.0000000000 1880.0000000000
0.0000000000 0.0000000000 0.0000000000 1.0000000000

0.0000000000 0.0000000000 1.0000000000 2276.0000000000
0.0000000000 1.0000000000 0.0000000000 -62.0000000000
-1.0000000000 0.0000000000 0.0000000000 1880.0000000000
0.0000000000 0.0000000000 0.0000000000 1.0000000000

0.0000000000 0.0000000000 1.0000000000 2276.0000000000
0.0000000000 1.0000000000 0.0000000000 -62.4000000000
-1.0000000000 0.0000000000 0.0000000000 1880.0000000000
0.0000000000 0.0000000000 0.0000000000 1.0000000000

0.0000000000 0.0000000000 1.0000000000 2276.0000000000
0.0000000000 1.0000000000 0.0000000000 -62.8000000000
-1.0000000000 0.0000000000 0.0000000000 1880.0000000000
0.0000000000 0.0000000000 0.0000000000 1.0000000000

0.0000000000 0.0000000000 1.0000000000 2276.0000000000
0.0000000000 1.0000000000 0.0000000000 -63.2000000000
-1.0000000000 0.0000000000 0.0000000000 1880.0000000000
0.0000000000 0.0000000000 0.0000000000 1.0000000000

0.0000000000 0.0000000000 1.0000000000 2276.0000000000
0.0000000000 1.0000000000 0.0000000000 -63.6000000000
-1.0000000000 0.0000000000 0.0000000000 1880.0000000000
0.0000000000 0.0000000000 0.0000000000 1.0000000000

0.0000000000 0.0000000000 1.0000000000 2276.0000000000
0.0000000000 1.0000000000 0.0000000000 -64.0000000000
-1.0000000000 0.0000000000 0.0000000000 1880.0000000000
0.0000000000 0.0000000000 0.0000000000 1.0000000000

0.0000000000 0.0000000000 1.0000000000 2276.0000000000
0.0000000000 1.0000000000 0.0000000000 -64.4000000000
-1.0000000000 0.0000000000 0.0000000000 1880.0000000000
0.0000000000 0.0000000000 0.0000000000 1.0000000000

0.0000000000 0.0000000000 1.0000000000 2276.0000000000
0.0000000000 1.0000000000 0.0000000000 -64.8000000000
-1.0000000000 0.0000000000 0.0000000000 1880.0000000000
0.0000000000 0.0000000000 0.0000000000 1.0000000000

0.0000000000 0.0000000000 1.0000000000 2276.0000000000
0.0000000000 1.0000000000 0.0000000000 -65.2000000000
-1.0000000000 0.0000000000 0.0000000000 1880.0000000000
0.0000000000 0.0000000000 0.0000000000 1.0000000000

0.0000000000 0.0000000000 1.0000000000 2276.0000000000
0.0000000000 1.0000000000 0.0000000000 -65.6000000000
-1.0000000000 0.0000000000 0.0000000000 1880.0000000000
0.0000000000 0.0000000000 0.0000000000 1.0000000000

0.0000000000 0.0000000000 1.0000000000 2276.0000000000
0.0000000000 1.0000000000 0.0000000000 -66.0000000000
-1.0000000000 0.0000000000 0.0000000000 1880.0000000000
0.0000000000 0.0000000000 0.0000000000 1.0000000000

0.0000000000 0.0000000000 1.0000000000 2276.0000000000
0.0000000000 1.0000000000 0.0000000000 -66.4000000000
-1.0000000000 0.0000000000 0.0000000000 1880.0000000000
0.0000000000 0.0000000000 0.0000000000 1.0000000000

0.0000000000 0.0000000000 1.0000000000 2276.0000000000
0.0000000000 1.0000000000 0.0000000000 -66.8000000000
-1.0000000000 0.0000000000 0.0000000000 1880.0000000000
0.0000000000 0.0000000000 0.0000000000 1.0000000000

0.0000000000 0.0000000000 1.0000000000 2276.0000000000
0.0000000000 1.0000000000 0.0000000000 -67.2000000000
-1.0000000000 0.0000000000 0.0000000000 1880.0000000000
0.0000000000 0.0000000000 0.0000000000 1.0000000000

0.0000000000 0.0000000000 1.0000000000 2276.0000000000
0.0000000000 1.0000000000 0.0000000000 -67.6000000000
-1.0000000000 0.0000000000 0.0000000000 1880.0000000000
0.0000000000 0.0000000000 0.0000000000 1.0000000000

0.0000000000 0.0000000000 1.0000000000 2276.0000000000
0.0000000000 1.0000000000 0.0000000000 -68.0000000000
-1.0000000000 0.0000000000 0.0000000000 1880.0000000000
0.0000000000 0.0000000000 0.0000000000 1.0000000000

0.0000000000 0.0000000000 1.0000000000 2276.0000000000
0.0000000000 1.0000000000 0.0000000000 -68.4000000000
-1.0000000000 0.0000000000 0.0000000000 1880.0000000000
0.0000000000 0.0000000000 0.0000000000 1.0000000000

0.0000000000 0.0000000000 1.0000000000 2276.0000000000
0.0000000000 1.0000000000 0.0000000000 -68.8000000000
-1.0000000000 0.0000000000 0.0000000000 1880.0000000000
0.0000000000 0.0000000000 0.0000000000 1.0000000000

0.0000000000 0.0000000000 1.0000000000 2276.0000000000
0.0000000000 1.0000000000 0.0000000000 -69.2000000000
-1.0000000000 0.0000000000 0.0000000000 1880.0000000000
0.0000000000 0.0000000000 0.0000000000 1.0000000000

0.0000000000 0.0000000000 1.0000000000 2276.0000000000
0.0000000000 1.0000000000 0.0000000000 -69.6000000000
-1.0000000000 0.0000000000 0.0000000000 1880.0000000000
0.0000000000 0.0000000000 0.0000000000 1.0000000000

0.0000000000 0.0000000000 1.0000000000 2276.0000000000
0.0000000000 1.0000000000 0.0000000000 -70.0000000000
-1.0000000000 0.0000000000 0.0000000000 1880.0000000000
0.0000000000 0.0000000000 0.0000000000 1.0000000000

0.0000000000 0.0000000000 1.0000000000 2276.0000000000
0.0000000000 1.0000000000 0.0000000000 -70.4000000000
-1.0000000000 0.0000000000 0.0000000000 1880.0000000000
0.0000000000 0.0000000000 0.0000000000 1.0000000000

0.0000000000 0.0000000000 1.0000000000 2276.0000000000
0.0000000000 1.0000000000 0.0000000000 -70.8000000000
-1.0000000000 0.0000000000 0.0000000000 1880.0000000000
0.0000000000 0.0000000000 0.0000000000 1.0000000000

0.0000000000 0.0000000000 1.0000000000 2276.0000000000
0.0000000000 1.0000000000 0.0000000000 -71.2000000000
-1.0000000000 0.0000000000 0.0000000000 1880.0000000000
0.0000000000 0.0000000000 0.0000000000 1.0000000000

0.0000000000 0.0000000000 1.0000000000 2276.0000000000
0.0000000000 1.0000000000 0.0000000000 -71.6000000000
-1.0000000000 0.0000000000 0.0000000000 1880.0000000000
0.0000000000 0.0000000000 0.0000000000 1.0000000000

0.0000000000 0.0000000000 1.0000000000 2276.0000000000
0.0000000000 1.0000000000 0.0000000000 -72.0000000000
-1.0000000000 0.0000000000 0.0000000000 1880.0000000000
0.0000000000 0.0000000000 0.0000000000 1.0000000000

0.0000000000 0.0000000000 1.0000000000 2276.0000000000
0.0000000000 1.0000000000 0.0000000000 -72.4000000000
-1.0000000000 0.0000000000 0.0000000000 1880.0000000000
0.0000000000 0.0000000000 0.0000000000 1.0000000000

0.0000000000 0.0000000000 1.0000000000 2276.0000000000
0.0000000000 1.0000000000 0.0000000000 -72.8000000000
-1.0000000000 0.0000000000 0.0000000000 1880.0000000000
0.0000000000 0.0000000000 0.0000000000 1.0000000000

0.0000000000 0.0000000000 1.0000000000 2276.0000000000
0.0000000000 1.0000000000 0.0000000000 -73.2000000000
-1.0000000000 0.0000000000 0.0000000000 1880.0000000000
0.0000000000 0.0000000000 0.0000000000 1.0000000000

0.0000000000 0.0000000000 1.0000000000 2276.0000000000
0.0000000000 1.0000000000 0.0000000000 -73.6000000000
-1.0000000000 0.0000000000 0.0000000000 1880.0000000000
0.0000000000 0.0000000000 0.0000000000 1.0000000000

0.0000000000 0.0000000000 1.0000000000 2276.0000000000
0.0000000000 1.0000000000 0.0000000000 -74.0000000000
-1.0000000000 0.0000000000 0.0000000000 1880.0000000000
0.0000000000 0.0000000000 0.0000000000 1.0000000000

0.0000000000 0.0000000000 1.0000000000 2276.0000000000
0.0000000000 1.0000000000 0.0000000000 -74.4000000000
-1.0000000000 0.0000000000 0.0000000000 1880.0000000000
0.0000000000 0.0000000000 0.0000000000 1.0000000000

0.0000000000 0.0000000000 1.0000000000 2276.0000000000
0.0000000000 1.0000000000 0.0000000000 -74.8000000000
-1.0000000000 0.0000000000 0.0000000000 1880.0000000000
0.0000000000 0.0000000000 0.0000000000 1.0000000000

0.0000000000 0.0000000000 1.0000000000 2276.0000000000
0.0000000000 1.0000000000 0.0000000000 -75.2000000000
-1.0000000000 0.0000000000 0.0000000000 1880.0000000000
0.0000000000 0.0000000000 0.0000000000 1.0000000000

0.0000000000 0.0000000000 1.0000000000 2276.0000000000
0.0000000000 1.0000000000 0.0000000000 -75.6000000000
-1.0000000000 0.0000000000 0.0000000000 1880.0000000000
0.0000000000 0.0000000000 0.0000000000 1.0000000000

0.0000000000 0.0000000000 1.0000000000 2276.0000000000
0.0000000000 1.0000000000 0.0000000000 -76.0000000000
-1.0000000000 0.0000000000 0.0000000000 1880.0000000000
0.0000000000 0.0000000000 0.0000000000 1.0000000000

0.0000000000 0.0000000000 1.0000000000 2276.0000000000
0.0000000000 1.0000000000 0.0000000000 -76.4000000000
-1.0000000000 0.0000000000 0.0000000000 1880.0000000000
0.0000000000 0.0000000000 0.0000000000 1.0000000000

0.0000000000 0.0000000000 1.0000000000 2276.0000000000
0.0000000000 1.0000000000 0.0000000000 -76.8000000000
-1.0000000000 0.0000000000 0.0000000000 1880.0000000000
0.0000000000 0.0000000000 0.0000000000 1.0000000000

0.0000000000 0.0000000000 1.0000000000 2276.0000000000
0.0000000000 1.0000000000 0.0000000000 -77.2000000000
-1.0000000000 0.0000000000 0.0000000000 1880.0000000000
0.0000000000 0.0000000000 0.0000000000 1.0000000000

0.0000000000 0.0000000000 1.0000000000 2276.0000000000
0.0000000000 1.0000000000 0.0000000000 -77.6000000000
-1.0000000000 0.0000000000 0.0000000000 1880.0000000000
0.0000000000 0.0000000000 0.0000000000 1.0000000000

0.0000000000 0.0000000000 1.0000000000 2276.0000000000
0.0000000000 1.0000000000 0.0000000000 -78.0000000000
-1.0000000000 0.0000000000 0.0000000000 1880.0000000000
0.0000000000 0.0000000000 0.0000000000 1.0000000000

0.0000000000 0.0000000000 1.0000000000 2276.0000000000
0.0000000000 1.0000000000 0.0000000000 -78.4000000000
-1.0000000000 0.0000000000 0.0000000000 1880.0000000000
0.0000000000 0.0000000000 0.0000000000 1.0000000000

0.0000000000 0.0000000000 1.0000000000 2276.0000000000
0.0000000000 1.0000000000 0.0000000000 -78.8000000000
-1.0000000000 0.0000000000 0.0000000000 1880.0000000000
0.0000000000 0.0000000000 0.0000000000 1.0000000000

0.0000000000 0.0000000000 1.0000000000 2276.0000000000
0.0000000000 1.0000000000 0.0000000000 -79.2000000000
-1.0000000000 0.0000000000 0.0000000000 1880.0000000000
0.0000000000 0.0000000000 0.0000000000 1.0000000000

0.0000000000 0.0000000000 1.0000000000 2276.0000000000
0.0000000000 1.0000000000 0.0000000000 -79.6000000000
-1.0000000000 0.0000000000 0.0000000000 1880.0000000000
0.0000000000 0.0000000000 0.0000000000 1.0000000000

0.0000000000 0.0000000000 1.0000000000 2276.0000000000
0.0000000000 1.0000000000 0.0000000000 -80.0000000000
-1.0000000000 0.0000000000 0.0000000000 1880.0000000000
0.0000000000 0.0000000000 0.0000000000 1.0000000000

0.0000000000 0.0000000000 1.0000000000 2276.0000000000
0.0000000000 1.0000000000 0.0000000000 -80.4000000000
-1.0000000000 0.0000000000 0.0000000000 1880.0000000000
0.0000000000 0.0000000000 0.0000000000 1.0000000000

0.0000000000 0.0000000000 1.0000000000 2276.0000000000
0.0000000000 1.0000000000 0.0000000000 -80.8000000000
-1.0000000000 0.0000000000 0.0000000000 1880.0000000000
0.0000000000 0.0000000000 0.0000000000 1.0000000000

0.0000000000 0.0000000000 1.0000000000 2276.0000000000
0.0000000000 1.0000000000 0.0000000000 -81.2000000000
-1.0000000000 0.0000000000 0.0000000000 1880.0000000000
0.0000000000 0.0000000000 0.0000000000 1.0000000000

0.0000000000 0.0000000000 1.0000000000 2276.0000000000
0.0000000000 1.0000000000 0.0000000000 -81.6000000000
-1.0000000000 0.0000000000 0.0000000000 1880.0000000000
0.0000000000 0.0000000000 0.0000000000 1.0000000000

0.0000000000 0.0000000000 1.0000000000 2276.0000000000
0.0000000000 1.0000000000 0.0000000000 -82.0000000000
-1.0000000000 0.0000000000 0.0000000000 1880.0000000000
0.0000000000 0.0000000000 0.0000000000 1.0000000000

0.0000000000 0.0000000000 1.0000000000 2276.0000000000
0.0000000000 1.0000000000 0.0000000000 -82.4000000000
-1.0000000000 0.0000000000 0.0000000000 1880.0000000000
0.0000000000 0.0000000000 0.0000000000 1.0000000000

0.0000000000 0.0000000000 1.0000000000 2276.0000000000
0.0000000000 1.0000000000 0.0000000000 -82.8000000000
-1.0000000000 0.0000000000 0.0000000000 1880.0000000000
0.0000000000 0.0000000000 0.0000000000 1.0000000000

0.0000000000 0.0000000000 1.0000000000 2276.0000000000
0.0000000000 1.0000000000 0.0000000000 -83.2000000000
-1.0000000000 0.0000000000 0.0000000000 1880.0000000000
0.0000000000 0.0000000000 0.0000000000 1.0000000000

0.0000000000 0.0000000000 1.0000000000 2276.0000000000
0.0000000000 1.0000000000 0.0000000000 -83.6000000000
-1.0000000000 0.0000000000 0.0000000000 1880.0000000000
0.0000000000 0.0000000000 0.0000000000 1.0000000000

0.0000000000 0.0000000000 1.0000000000 2276.0000000000
0.0000000000 1.0000000000 0.0000000000 -84.0000000000
-1.0000000000 0.0000000000 0.0000000000 1880.0000000000
0.0000000000 0.0000000000 0.0000000000 1.0000000000

0.0000000000 0.0000000000 1.0000000000 2276.0000000000
0.0000000000 1.0000000000 0.0000000000 -84.4000000000
-1.0000000000 0.0000000000 0.0000000000 1880.0000000000
0.0000000000 0.0000000000 0.0000000000 1.0000000000

0.0000000000 0.0000000000 1.0000000000 2276.0000000000
0.0000000000 1.0000000000 0.0000000000 -84.8000000000
-1.0000000000 0.0000000000 0.0000000000 1880.0000000000
0.0000000000 0.0000000000 0.0000000000 1.0000000000

0.0000000000 0.0000000000 1.0000000000 2276.0000000000
0.0000000000 1.0000000000 0.0000000000 -85.2000000000
-1.0000000000 0.0000000000 0.0000000000 1880.0000000000
0.0000000000 0.0000000000 0.0000000000 1.0000000000

0.0000000000 0.0000000000 1.0000000000 2276.0000000000
0.0000000000 1.0000000000 0.0000000000 -85.6000000000
-1.0000000000 0.0000000000 0.0000000000 1880.0000000000
0.0000000000 0.0000000000 0.0000000000 1.0000000000

0.0000000000 0.0000000000 1.0000000000 2276.0000000000
0.0000000000 1.0000000000 0.0000000000 -86.0000000000
-1.0000000000 0.0000000000 0.0000000000 1880.0000000000
0.0000000000 0.0000000000 0.0000000000 1.0000000000

0.0000000000 0.0000000000 1.0000000000 2276.0000000000
0.0000000000 1.0000000000 0.0000000000 -86.4000000000
-1.0000000000 0.0000000000 0.0000000000 1880.0000000000
0.0000000000 0.0000000000 0.0000000000 1.0000000000

0.0000000000 0.0000000000 1.0000000000 2276.0000000000
0.0000000000 1.0000000000 0.0000000000 -86.8000000000
-1.0000000000 0.0000000000 0.0000000000 1880.0000000000
0.0000000000 0.0000000000 0.0000000000 1.0000000000

0.0000000000 0.0000000000 1.0000000000 2276.0000000000
0.0000000000 1.0000000000 0.0000000000 -87.2000000000
-1.0000000000 0.0000000000 0.0000000000 1880.0000000000
0.0000000000 0.0000000000 0.0000000000 1.0000000000

0.0000000000 0.0000000000 1.0000000000 2276.0000000000
0.0000000000 1.0000000000 0.0000000000 -87.6000000000
-1.0000000000 0.0000000000 0.0000000000 1880.0000000000
0.0000000000 0.0000000000 0.0000000000 1.0000000000

0.0000000000 0.0000000000 1.0000000000 2276.0000000000
0.0000000000 1.0000000000 0.0000000000 -88.0000000000
-1.0000000000 0.0000000000 0.0000000000 1880.0000000000
0.0000000000 0.0000000000 0.0000000000 1.0000000000

0.0000000000 0.0000000000 1.0000000000 2276.0000000000
0.0000000000 1.0000000000 0.0000000000 -88.4000000000
-1.0000000000 0.0000000000 0.0000000000 1880.0000000000
0.0000000000 0.0000000000 0.0000000000 1.0000000000

0.0000000000 0.0000000000 1.0000000000 2276.0000000000
0.0000000000 1.0000000000 0.0000000000 -88.8000000000
-1.0000000000 0.0000000000 0.0000000000 1880.0000000000
0.0000000000 0.0000000000 0.0000000000 1.0000000000

0.0000000000 0.0000000000 1.0000000000 2276.0000000000
0.0000000000 1.0000000000 0.0000000000 -89.2000000000
-1.0000000000 0.0000000000 0.0000000000 1880.0000000000
0.0000000000 0.0000000000 0.0000000000 1.0000000000

0.0000000000 0.0000000000 1.0000000000 2276.0000000000
0.0000000000 1.0000000000 0.0000000000 -89.6000000000
-1.0000000000 0.0000000000 0.0000000000 1880.0000000000
0.0000000000 0.0000000000 0.0000000000 1.0000000000

0.0000000000 0.0000000000 1.0000000000 2276.0000000000
0.0000000000 1.0000000000 0.0000000000 -90.0000000000
-1.0000000000 0.0000000000 0.0000000000 1880.0000000000
0.0000000000 0.0000000000 0.0000000000 1.0000000000

0.0000000000 0.0000000000 1.0000000000 2276.0000000000
0.0000000000 1.0000000000 0.0000000000 -90.4000000000
-1.0000000000 0.0000000000 0.0000000000 1880.0000000000
0.0000000000 0.0000000000 0.0000000000 1.0000000000

0.0000000000 0.0000000000 1.0000000000 2276.0000000000
0.0000000000 1.0000000000 0.0000000000 -90.8000000000
-1.0000000000 0.0000000000 0.0000000000 1880.0000000000
0.0000000000 0.0000000000 0.0000000000 1.0000000000

0.0000000000 0.0000000000 1.0000000000 2276.0000000000
0.0000000000 1.0000000000 0.0000000000 -91.2000000000
-1.0000000000 0.0000000000 0.0000000000 1880.0000000000
0.0000000000 0.0000000000 0.0000000000 1.0000000000

0.0000000000 0.0000000000 1.0000000000 2276.0000000000
0.0000000000 1.0000000000 0.0000000000 -91.6000000000
-1.0000000000 0.0000000000 0.0000000000 1880.0000000000
0.0000000000 0.0000000000 0.0000000000 1.0000000000

0.0000000000 0.0000000000 1.0000000000 2276.0000000000
0.0000000000 1.0000000000 0.0000000000 -92.0000000000
-1.0000000000 0.0000000000 0.0000000000 1880.0000000000
0.0000000000 0.0000000000 0.0000000000 1.0000000000

0.0000000000 0.0000000000 1.0000000000 2276.0000000000
0.0000000000 1.0000000000 0.0000000000 -92.4000000000
-1.0000000000 0.0000000000 0.0000000000 1880.0000000000
0.0000000000 0.0000000000 0.0000000000 1.0000000000

0.0000000000 0.0000000000 1.0000000000 2276.0000000000
0.0000000000 1.0000000000 0.0000000000 -92.8000000000
-1.0000000000 0.0000000000 0.0000000000 1880.0000000000
0.0000000000 0.0000000000 0.0000000000 1.0000000000

0.0000000000 0.0000000000 1.0000000000 2276.0000000000
0.0000000000 1.0000000000 0.0000000000 -93.2000000000
-1.0000000000 0.0000000000 0.0000000000 1880.0000000000
0.0000000000 0.0000000000 0.0000000000 1.0000000000

0.0000000000 0.0000000000 1.0000000000 2276.0000000000
0.0000000000 1.0000000000 0.0000000000 -93.6000000000
-1.0000000000 0.0000000000 0.0000000000 1880.0000000000
0.0000000000 0.0000000000 0.0000000000 1.0000000000

0.0000000000 0.0000000000 1.0000000000 2276.0000000000
0.0000000000 1.0000000000 0.0000000000 -94.0000000000
-1.0000000000 0.0000000000 0.0000000000 1880.0000000000
0.0000000000 0.0000000000 0.0000000000 1.0000000000

0.0000000000 0.0000000000 1.0000000000 2276.0000000000
0.0000000000 1.0000000000 0.0000000000 -94.4000000000
-1.0000000000 0.0000000000 0.0000000000 1880.0000000000
0.0000000000 0.0000000000 0.0000000000 1.0000000000

0.0000000000 0.0000000000 1.0000000000 2276.0000000000
0.0000000000 1.0000000000 0.0000000000 -94.8000000000
-1.0000000000 0.0000000000 0.0000000000 1880.0000000000
0.0000000000 0.0000000000 0.0000000000 1.0000000000

0.0000000000 0.0000000000 1.0000000000 2276.0000000000
0.0000000000 1.0000000000 0.0000000000 -95.2000000000
-1.0000000000 0.0000000000 0.0000000000 1880.0000000000
0.0000000000 0.0000000000 0.0000000000 1.0000000000

0.0000000000 0.0000000000 1.0000000000 2276.0000000000
0.0000000000 1.0000000000 0.0000000000 -95.6000000000
-1.0000000000 0.0000000000 0.0000000000 1880.0000000000
0.0000000000 0.0000000000 0.0000000000 1.0000000000

0.0000000000 0.0000000000 1.0000000000 2276.0000000000
0.0000000000 1.0000000000 0.0000000000 -96.0000000000
-1.0000000000 0.0000000000 0.0000000000 1880.0000000000
0.0000000000 0.0000000000 0.0000000000 1.0000000000

0.0000000000 0.0000000000 1.0000000000 2276.0000000000
0.0000000000 1.0000000000 0.0000000000 -96.4000000000
-1.0000000000 0.0000000000 0.0000000000 1880.0000000000
0.0000000000 0.0000000000 0.0000000000 1.0000000000

0.0000000000 0.0000000000 1.0000000000 2276.0000000000
0.0000000000 1.0000000000 0.0000000000 -96.8000000000
-1.0000000000 0.0000000000 0.0000000000 1880.0000000000
0.0000000000 0.0000000000 0.0000000000 1.0000000000

0.0000000000 0.0000000000 1.0000000000 2276.0000000000
0.0000000000 1.0000000000 0.0000000000 -97.2000000000
-1.0000000000 0.0000000000 0.0000000000 1880.0000000000
0.0000000000 0.0000000000 0.0000000000 1.0000000000

0.0000000000 0.0000000000 1.0000000000 2276.0000000000
0.0000000000 1.0000000000 0.0000000000 -97.6000000000
-1.0000000000 0.0000000000 0.0000000000 1880.0000000000
0.0000000000 0.0000000000 0.0000000000 1.0000000000

0.0000000000 0.0000000000 1.0000000000 2276.0000000000
0.0000000000 1.0000000000 0.0000000000 -98.0000000000
-1.0000000000 0.0000000000 0.0000000000 1880.0000000000
0.0000000000 0.0000000000 0.0000000000 1.0000000000

0.0000000000 0.0000000000 1.0000000000 2276.0000000000
0.0000000000 1.0000000000 0.0000000000 -98.4000000000
-1.0000000000 0.0000000000 0.0000000000 1880.0000000000
0.0000000000 0.0000000000 0.0000000000 1.0000000000

0.0000000000 0.0000000000 1.0000000000 2276.0000000000
0.0000000000 1.0000000000 0.0000000000 -98.8000000000
-1.0000000000 0.0000000000 0.0000000000 1880.0000000000
0.0000000000 0.0000000000 0.0000000000 1.0000000000

0.0000000000 0.0000000000 1.0000000000 2276.0000000000
0.0000000000 1.0000000000 0.0000000000 -99.2000000000
-1.0000000000 0.0000000000 0.0000000000 1880.0000000000
0.0000000000 0.0000000000 0.0000000000 1.0000000000

0.0000000000 0.0000000000 1.0000000000 2276.0000000000
0.0000000000 1.0000000000 0.0000000000 -99.6000000000
-1.0000000000 0.0000000000 0.0000000000 1880.0000000000
0.0000000000 0.0000000000 0.0000000000 1.0000000000

0.0000000000 0.0000000000 1.0000000000 2276.0000000000
0.0000000000 1.0000000000 0.0000000000 -100.0000000000
-1.0000000000 0.0000000000 0.0000000000 1880.0000000000
0.0000000000 0.0000000000 0.0000000000 1.0000000000

0.0000000000 0.0000000000 1.0000000000 2276.0000000000
0.0000000000 1.0000000000 0.0000000000 -100.4000000000
-1.0000000000 0.0000000000 0.0000000000 1880.0000000000
0.0000000000 0.0000000000 0.0000000000 1.0000000000

0.0000000000 0.0000000000 1.0000000000 2276.0000000000
0.0000000000 1.0000000000 0.0000000000 -100.8000000000
-1.0000000000 0.0000000000 0.0000000000 1880.0000000000
0.0000000000 0.0000000000 0.0000000000 1.0000000000

0.0000000000 0.0000000000 1.0000000000 2276.0000000000
0.0000000000 1.0000000000 0.0000000000 -101.2000000000
-1.0000000000 0.0000000000 0.0000000000 1880.0000000000
0.0000000000 0.0000000000 0.0000000000 1.0000000000

0.0000000000 0.0000000000 1.0000000000 2276.0000000000
0.0000000000 1.0000000000 0.0000000000 -101.6000000000
-1.0000000000 0.0000000000 0.0000000000 1880.0000000000
0.0000000000 0.0000000000 0.0000000000 1.0000000000

0.0000000000 0.0000000000 1.0000000000 2276.0000000000
0.0000000000 1.0000000000 0.0000000000 -102.0000000000
-1.0000000000 0.0000000000 0.0000000000 1880.0000000000
0.0000000000 0.0000000000 0.0000000000 1.0000000000

0.0000000000 0.0000000000 1.0000000000 2276.0000000000
0.0000000000 1.0000000000 0.0000000000 -102.4000000000
-1.0000000000 0.0000000000 0.0000000000 1880.0000000000
0.0000000000 0.0000000000 0.0000000000 1.0000000000

0.0000000000 0.0000000000 1.0000000000 2276.0000000000
0.0000000000 1.0000000000 0.0000000000 -102.8000000000
-1.0000000000 0.0000000000 0.0000000000 1880.0000000000
0.0000000000 0.0000000000 0.0000000000 1.0000000000

0.0000000000 0.0000000000 1.0000000000 2276.0000000000
0.0000000000 1.0000000000 0.0000000000 -103.2000000000
-1.0000000000 0.0000000000 0.0000000000 1880.0000000000
0.0000000000 0.0000000000 0.0000000000 1.0000000000

0.0000000000 0.0000000000 1.0000000000 2276.0000000000
0.0000000000 1.0000000000 0.0000000000 -103.6000000000
-1.0000000000 0.0000000000 0.0000000000 1880.0000000000
0.0000000000 0.0000000000 0.0000000000 1.0000000000

0.0000000000 0.0000000000 1.0000000000 2276.0000000000
0.0000000000 1.0000000000 0.0000000000 -104.0000000000
-1.0000000000 0.0000000000 0.0000000000 1880.0000000000
0.0000000000 0.0000000000 0.0000000000 1.0000000000

0.0000000000 0.0000000000 1.0000000000 2276.0000000000
0.0000000000 1.0000000000 0.0000000000 -104.4000000000
-1.0000000000 0.0000000000 0.0000000000 1880.0000000000
0.0000000000 0.0000000000 0.0000000000 1.0000000000

0.0000000000 0.0000000000 1.0000000000 2276.0000000000
0.0000000000 1.0000000000 0.0000000000 -104.8000000000
-1.0000000000 0.0000000000 0.0000000000 1880.0000000000
0.0000000000 0.0000000000 0.0000000000 1.0000000000

0.0000000000 0.0000000000 1.0000000000 2276.0000000000
0.0000000000 1.0000000000 0.0000000000 -105.2000000000
-1.0000000000 0.0000000000 0.0000000000 1880.0000000000
0.0000000000 0.0000000000 0.0000000000 1.0000000000

0.0000000000 0.0000000000 1.0000000000 2276.0000000000
0.0000000000 1.0000000000 0.0000000000 -105.6000000000
-1.0000000000 0.0000000000 0.0000000000 1880.0000000000
0.0000000000 0.0000000000 0.0000000000 1.0000000000

0.0000000000 0.0000000000 1.0000000000 2276.0000000000
0.0000000000 1.0000000000 0.0000000000 -106.0000000000
-1.0000000000 0.0000000000 0.0000000000 1880.0000000000
0.0000000000 0.0000000000 0.0000000000 1.0000000000

0.0000000000 0.0000000000 1.0000000000 2276.0000000000
0.0000000000 1.0000000000 0.0000000000 -106.4000000000
-1.0000000000 0.0000000000 0.0000000000 1880.0000000000
0.0000000000 0.0000000000 0.0000000000 1.0000000000

0.0000000000 0.0000000000 1.0000000000 2276.0000000000
0.0000000000 1.0000000000 0.0000000000 -106.8000000000
-1.0000000000 0.0000000000 0.0000000000 1880.0000000000
0.0000000000 0.0000000000 0.0000000000 1.0000000000

0.0000000000 0.0000000000 1.0000000000 2276.0000000000
0.0000000000 1.0000000000 0.0000000000 -107.2000000000
-1.0000000000 0.0000000000 0.0000000000 1880.0000000000
0.0000000000 0.0000000000 0.0000000000 1.0000000000

0.0000000000 0.0000000000 1.0000000000 2276.0000000000
0.0000000000 1.0000000000 0.0000000000 -107.6000000000
-1.0000000000 0.0000000000 0.0000000000 1880.0000000000
0.0000000000 0.0000000000 0.0000000000 1.0000000000

0.0000000000 0.0000000000 1.0000000000 2276.0000000000
0.0000000000 1.0000000000 0.0000000000 -108.0000000000
-1.0000000000 0.0000000000 0.0000000000 1880.0000000000
0.0000000000 0.0000000000 0.0000000000 1.0000000000

0.0000000000 0.0000000000 1.0000000000 2276.0000000000
0.0000000000 1.0000000000 0.0000000000 -108.4000000000
-1.0000000000 0.0000000000 0.0000000000 1880.0000000000
0.0000000000 0.0000000000 0.0000000000 1.0000000000

0.0000000000 0.0000000000 1.0000000000 2276.0000000000
0.0000000000 1.0000000000 0.0000000000 -108.8000000000
-1.0000000000 0.0000000000 0.0000000000 1880.0000000000
0.0000000000 0.0000000000 0.0000000000 1.0000000000

0.0000000000 0.0000000000 1.0000000000 2276.0000000000
0.0000000000 1.0000000000 0.0000000000 -109.2000000000
-1.0000000000 0.0000000000 0.0000000000 1880.0000000000
0.0000000000 0.0000000000 0.0000000000 1.0000000000

0.0000000000 0.0000000000 1.0000000000 2276.0000000000
0.0000000000 1.0000000000 0.0000000000 -109.6000000000
-1.0000000000 0.0000000000 0.0000000000 1880.0000000000
0.0000000000 0.0000000000 0.0000000000 1.0000000000

0.0000000000 0.0000000000 1.0000000000 2276.0000000000
0.0000000000 1.0000000000 0.0000000000 -110.0000000000
-1.0000000000 0.0000000000 0.0000000000 1880.0000000000
0.0000000000 0.0000000000 0.0000000000 1.0000000000

0.0000000000 0.0000000000 1.0000000000 2276.0000000000
0.0000000000 1.0000000000 0.0000000000 -110.4000000000
-1.0000000000 0.0000000000 0.0000000000 1880.0000000000
0.0000000000 0.0000000000 0.0000000000 1.0000000000

0.0000000000 0.0000000000 1.0000000000 2276.0000000000
0.0000000000 1.0000000000 0.0000000000 -110.8000000000
-1.0000000000 0.0000000000 0.0000000000 1880.0000000000
0.0000000000 0.0000000000 0.0000000000 1.0000000000

0.0000000000 0.0000000000 1.0000000000 2276.0000000000
0.0000000000 1.0000000000 0.0000000000 -111.2000000000
-1.0000000000 0.0000000000 0.0000000000 1880.0000000000
0.0000000000 0.0000000000 0.0000000000 1.0000000000

0.0000000000 0.0000000000 1.0000000000 2276.0000000000
0.0000000000 1.0000000000 0.0000000000 -111.6000000000
-1.0000000000 0.0000000000 0.0000000000 1880.0000000000
0.0000000000 0.0000000000 0.0000000000 1.0000000000

0.0000000000 0.0000000000 1.0000000000 2276.0000000000
0.0000000000 1.0000000000 0.0000000000 -112.0000000000
-1.0000000000 0.0000000000 0.0000000000 1880.0000000000
0.0000000000 0.0000000000 0.0000000000 1.0000000000

0.0000000000 0.0000000000 1.0000000000 2276.0000000000
0.0000000000 1.0000000000 0.0000000000 -112.4000000000
-1.0000000000 0.0000000000 0.0000000000 1880.0000000000
0.0000000000 0.0000000000 0.0000000000 1.0000000000

0.0000000000 0.0000000000 1.0000000000 2276.0000000000
0.0000000000 1.0000000000 0.0000000000 -112.8000000000
-1.0000000000 0.0000000000 0.0000000000 1880.0000000000
0.0000000000 0.0000000000 0.0000000000 1.0000000000

0.0000000000 0.0000000000 1.0000000000 2276.0000000000
0.0000000000 1.0000000000 0.0000000000 -113.2000000000
-1.0000000000 0.0000000000 0.0000000000 1880.0000000000
0.0000000000 0.0000000000 0.0000000000 1.0000000000

0.0000000000 0.0000000000 1.0000000000 2276.0000000000
0.0000000000 1.0000000000 0.0000000000 -113.6000000000
-1.0000000000 0.0000000000 0.0000000000 1880.0000000000
0.0000000000 0.0000000000 0.0000000000 1.0000000000

0.0000000000 0.0000000000 1.0000000000 2276.0000000000
0.0000000000 1.0000000000 0.0000000000 -114.0000000000
-1.0000000000 0.0000000000 0.0000000000 1880.0000000000
0.0000000000 0.0000000000 0.0000000000 1.0000000000

0.0000000000 0.0000000000 1.0000000000 2276.0000000000
0.0000000000 1.0000000000 0.0000000000 -114.4000000000
-1.0000000000 0.0000000000 0.0000000000 1880.0000000000
0.0000000000 0.0000000000 0.0000000000 1.0000000000

0.0000000000 0.0000000000 1.0000000000 2276.0000000000
0.0000000000 1.0000000000 0.0000000000 -114.8000000000
-1.0000000000 0.0000000000 0.0000000000 1880.0000000000
0.0000000000 0.0000000000 0.0000000000 1.0000000000

0.0000000000 0.0000000000 1.0000000000 2276.0000000000
0.0000000000 1.0000000000 0.0000000000 -115.2000000000
-1.0000000000 0.0000000000 0.0000000000 1880.0000000000
0.0000000000 0.0000000000 0.0000000000 1.0000000000

0.0000000000 0.0000000000 1.0000000000 2276.0000000000
0.0000000000 1.0000000000 0.0000000000 -115.6000000000
-1.0000000000 0.0000000000 0.0000000000 1880.0000000000
0.0000000000 0.0000000000 0.0000000000 1.0000000000

0.0000000000 0.0000000000 1.0000000000 2276.0000000000
0.0000000000 1.0000000000 0.0000000000 -116.0000000000
-1.0000000000 0.0000000000 0.0000000000 1880.0000000000
0.0000000000 0.0000000000 0.0000000000 1.0000000000

0.0000000000 0.0000000000 1.0000000000 2276.0000000000
0.0000000000 1.0000000000 0.0000000000 -116.4000000000
-1.0000000000 0.0000000000 0.0000000000 1880.0000000000
0.0000000000 0.0000000000 0.0000000000 1.0000000000

0.0000000000 0.0000000000 1.0000000000 2276.0000000000
0.0000000000 1.0000000000 0.0000000000 -116.8000000000
-1.0000000000 0.0000000000 0.0000000000 1880.0000000000
0.0000000000 0.0000000000 0.0000000000 1.0000000000

0.0000000000 0.0000000000 1.0000000000 2276.0000000000
0.0000000000 1.0000000000 0.0000000000 -117.2000000000
-1.0000000000 0.0000000000 0.0000000000 1880.0000000000
0.0000000000 0.0000000000 0.0000000000 1.0000000000

0.0000000000 0.0000000000 1.0000000000 2276.0000000000
0.0000000000 1.0000000000 0.0000000000 -117.6000000000
-1.0000000000 0.0000000000 0.0000000000 1880.0000000000
0.0000000000 0.0000000000 0.0000000000 1.0000000000

0.0000000000 0.0000000000 1.0000000000 2276.0000000000
0.0000000000 1.0000000000 0.0000000000 -118.0000000000
-1.0000000000 0.0000000000 0.0000000000 1880.0000000000
0.0000000000 0.0000000000 0.0000000000 1.0000000000

0.0000000000 0.0000000000 1.0000000000 2276.0000000000
0.0000000000 1.0000000000 0.0000000000 -118.4000000000
-1.0000000000 0.0000000000 0.0000000000 1880.0000000000
0.0000000000 0.0000000000 0.0000000000 1.0000000000

0.0000000000 0.0000000000 1.0000000000 2276.0000000000
0.0000000000 1.0000000000 0.0000000000 -118.8000000000
-1.0000000000 0.0000000000 0.0000000000 1880.0000000000
0.0000000000 0.0000000000 0.0000000000 1.0000000000

0.0000000000 0.0000000000 1.0000000000 2276.0000000000
0.0000000000 1.0000000000 0.0000000000 -119.2000000000
-1.0000000000 0.0000000000 0.0000000000 1880.0000000000
0.0000000000 0.0000000000 0.0000000000 1.0000000000

0.0000000000 0.0000000000 1.0000000000 2276.0000000000
0.0000000000 1.0000000000 0.0000000000 -119.6000000000
-1.0000000000 0.0000000000 0.0000000000 1880.0000000000
0.0000000000 0.0000000000 0.0000000000 1.0000000000

0.0000000000 0.0000000000 1.0000000000 2276.0000000000
0.0000000000 1.0000000000 0.0000000000 -120.0000000000
-1.0000000000 0.0000000000 0.0000000000 1880.0000000000
0.0000000000 0.0000000000 0.0000000000 1.0000000000

0.0000000000 0.0000000000 1.0000000000 2276.0000000000
0.0000000000 1.0000000000 0.0000000000 -120.4000000000
-1.0000000000 0.0000000000 0.0000000000 1880.0000000000
0.0000000000 0.0000000000 0.0000000000 1.0000000000

0.0000000000 0.0000000000 1.0000000000 2276.0000000000
0.0000000000 1.0000000000 0.0000000000 -120.8000000000
-1.0000000000 0.0000000000 0.0000000000 1880.0000000000
0.0000000000 0.0000000000 0.0000000000 1.0000000000

0.0000000000 0.0000000000 1.0000000000 2276.0000000000
0.0000000000 1.0000000000 0.0000000000 -121.2000000000
-1.0000000000 0.0000000000 0.0000000000 1880.0000000000
0.0000000000 0.0000000000 0.0000000000 1.0000000000

0.0000000000 0.0000000000 1.0000000000 2276.0000000000
0.0000000000 1.0000000000 0.0000000000 -121.6000000000
-1.0000000000 0.0000000000 0.0000000000 1880.0000000000
0.0000000000 0.0000000000 0.0000000000 1.0000000000

0.0000000000 0.0000000000 1.0000000000 2276.0000000000
0.0000000000 1.0000000000 0.0000000000 -122.0000000000
-1.0000000000 0.0000000000 0.0000000000 1880.0000000000
0.0000000000 0.0000000000 0.0000000000 1.0000000000

0.0000000000 0.0000000000 1.0000000000 2276.0000000000
0.0000000000 1.0000000000 0.0000000000 -122.4000000000
-1.0000000000 0.0000000000 0.0000000000 1880.0000000000
0.0000000000 0.0000000000 0.0000000000 1.0000000000

0.0000000000 0.0000000000 1.0000000000 2276.0000000000
0.0000000000 1.0000000000 0.0000000000 -122.8000000000
-1.0000000000 0.0000000000 0.0000000000 1880.0000000000
0.0000000000 0.0000000000 0.0000000000 1.0000000000

0.0000000000 0.0000000000 1.0000000000 2276.0000000000
0.0000000000 1.0000000000 0.0000000000 -123.2000000000
-1.0000000000 0.0000000000 0.0000000000 1880.0000000000
0.0000000000 0.0000000000 0.0000000000 1.0000000000

0.0000000000 0.0000000000 1.0000000000 2276.0000000000
0.0000000000 1.0000000000 0.0000000000 -123.6000000000
-1.0000000000 0.0000000000 0.0000000000 1880.0000000000
0.0000000000 0.0000000000 0.0000000000 1.0000000000

0.0000000000 0.0000000000 1.0000000000 2276.0000000000
0.0000000000 1.0000000000 0.0000000000 -124.0000000000
-1.0000000000 0.0000000000 0.0000000000 1880.0000000000
0.0000000000 0.0000000000 0.0000000000 1.0000000000

0.0000000000 0.0000000000 1.0000000000 2276.0000000000
0.0000000000 1.0000000000 0.0000000000 -124.4000000000
-1.0000000000 0.0000000000 0.0000000000 1880.0000000000
0.0000000000 0.0000000000 0.0000000000 1.0000000000

0.0000000000 0.0000000000 1.0000000000 2276.0000000000
0.0000000000 1.0000000000 0.0000000000 -124.8000000000
-1.0000000000 0.0000000000 0.0000000000 1880.0000000000
0.0000000000 0.0000000000 0.0000000000 1.0000000000

0.0000000000 0.0000000000 1.0000000000 2276.0000000000
0.0000000000 1.0000000000 0.0000000000 -125.2000000000
-1.0000000000 0.0000000000 0.0000000000 1880.0000000000
0.0000000000 0.0000000000 0.0000000000 1.0000000000

0.0000000000 0.0000000000 1.0000000000 2276.0000000000
0.0000000000 1.0000000000 0.0000000000 -125.6000000000
-1.0000000000 0.0000000000 0.0000000000 1880.0000000000
0.0000000000 0.0000000000 0.0000000000 1.0000000000

0.0000000000 0.0000000000 1.0000000000 2276.0000000000
0.0000000000 1.0000000000 0.0000000000 -126.0000000000
-1.0000000000 0.0000000000 0.0000000000 1880.0000000000
0.0000000000 0.0000000000 0.0000000000 1.0000000000

0.0000000000 0.0000000000 1.0000000000 2276.0000000000
0.0000000000 1.0000000000 0.0000000000 -126.4000000000
-1.0000000000 0.0000000000 0.0000000000 1880.0000000000
0.0000000000 0.0000000000 0.0000000000 1.0000000000

0.0000000000 0.0000000000 1.0000000000 2276.0000000000
0.0000000000 1.0000000000 0.0000000000 -126.8000000000
-1.0000000000 0.0000000000 0.0000000000 1880.0000000000
0.0000000000 0.0000000000 0.0000000000 1.0000000000

0.0000000000 0.0000000000 1.0000000000 2276.0000000000
0.0000000000 1.0000000000 0.0000000000 -127.2000000000
-1.0000000000 0.0000000000 0.0000000000 1880.0000000000
0.0000000000 0.0000000000 0.0000000000 1.0000000000

0.0000000000 0.0000000000 1.0000000000 2276.0000000000
0.0000000000 1.0000000000 0.0000000000 -127.6000000000
-1.0000000000 0.0000000000 0.0000000000 1880.0000000000
0.0000000000 0.0000000000 0.0000000000 1.0000000000

0.0000000000 0.0000000000 1.0000000000 2276.0000000000
0.0000000000 1.0000000000 0.0000000000 -128.0000000000
-1.0000000000 0.0000000000 0.0000000000 1880.0000000000
0.0000000000 0.0000000000 0.0000000000 1.0000000000

0.0000000000 0.0000000000 1.0000000000 2276.0000000000
0.0000000000 1.0000000000 0.0000000000 -128.4000000000
-1.0000000000 0.0000000000 0.0000000000 1880.0000000000
0.0000000000 0.0000000000 0.0000000000 1.0000000000

0.0000000000 0.0000000000 1.0000000000 2276.0000000000
0.0000000000 1.0000000000 0.0000000000 -128.8000000000
-1.0000000000 0.0000000000 0.0000000000 1880.0000000000
0.0000000000 0.0000000000 0.0000000000 1.0000000000

0.0000000000 0.0000000000 1.0000000000 2276.0000000000
0.0000000000 1.0000000000 0.0000000000 -129.2000000000
-1.0000000000 0.0000000000 0.0000000000 1880.0000000000
0.0000000000 0.0000000000 0.0000000000 1.0000000000

0.0000000000 0.0000000000 1.0000000000 2276.0000000000
0.0000000000 1.0000000000 0.0000000000 -129.6000000000
-1.0000000000 0.0000000000 0.0000000000 1880.0000000000
0.0000000000 0.0000000000 0.0000000000 1.0000000000

0.0000000000 0.0000000000 1.0000000000 2276.0000000000
0.0000000000 1.0000000000 0.0000000000 -130.0000000000
-1.0000000000 0.0000000000 0.0000000000 1880.0000000000
0.0000000000 0.0000000000 0.0000000000 1.0000000000

0.0000000000 0.0000000000 1.0000000000 2276.0000000000
0.0000000000 1.0000000000 0.0000000000 -130.4000000000
-1.0000000000 0.0000000000 0.0000000000 1880.0000000000
0.0000000000 0.0000000000 0.0000000000 1.0000000000

0.0000000000 0.0000000000 1.0000000000 2276.0000000000
0.0000000000 1.0000000000 0.0000000000 -130.8000000000
-1.0000000000 0.0000000000 0.0000000000 1880.0000000000
0.0000000000 0.0000000000 0.0000000000 1.0000000000

0.0000000000 0.0000000000 1.0000000000 2276.0000000000
0.0000000000 1.0000000000 0.0000000000 -131.2000000000
-1.0000000000 0.0000000000 0.0000000000 1880.0000000000
0.0000000000 0.0000000000 0.0000000000 1.0000000000

0.0000000000 0.0000000000 1.0000000000 2276.0000000000
0.0000000000 1.0000000000 0.0000000000 -131.6000000000
-1.0000000000 0.0000000000 0.0000000000 1880.0000000000
0.0000000000 0.0000000000 0.0000000000 1.0000000000

0.0000000000 0.0000000000 1.0000000000 2276.0000000000
0.0000000000 1.0000000000 0.0000000000 -132.0000000000
-1.0000000000 0.0000000000 0.0000000000 1880.0000000000
0.0000000000 0.0000000000 0.0000000000 1.0000000000

0.0000000000 0.0000000000 1.0000000000 2276.0000000000
0.0000000000 1.0000000000 0.0000000000 -132.4000000000
-1.0000000000 0.0000000000 0.0000000000 1880.0000000000
0.0000000000 0.0000000000 0.0000000000 1.0000000000

0.0000000000 0.0000000000 1.0000000000 2276.0000000000
0.0000000000 1.0000000000 0.0000000000 -132.8000000000
-1.0000000000 0.0000000000 0.0000000000 1880.0000000000
0.0000000000 0.0000000000 0.0000000000 1.0000000000

0.0000000000 0.0000000000 1.0000000000 2276.0000000000
0.0000000000 1.0000000000 0.0000000000 -133.2000000000
-1.0000000000 0.0000000000 0.0000000000 1880.0000000000
0.0000000000 0.0000000000 0.0000000000 1.0000000000

0.0000000000 0.0000000000 1.0000000000 2276.0000000000
0.0000000000 1.0000000000 0.0000000000 -133.6000000000
-1.0000000000 0.0000000000 0.0000000000 1880.0000000000
0.0000000000 0.0000000000 0.0000000000 1.0000000000

0.0000000000 0.0000000000 1.0000000000 2276.0000000000
0.0000000000 1.0000000000 0.0000000000 -134.0000000000
-1.0000000000 0.0000000000 0.0000000000 1880.0000000000
0.0000000000 0.0000000000 0.0000000000 1.0000000000

0.0000000000 0.0000000000 1.0000000000 2276.0000000000
0.0000000000 1.0000000000 0.0000000000 -134.4000000000
-1.0000000000 0.0000000000 0.0000000000 1880.0000000000
0.0000000000 0.0000000000 0.0000000000 1.0000000000

0.0000000000 0.0000000000 1.0000000000 2276.0000000000
0.0000000000 1.0000000000 0.0000000000 -134.8000000000
-1.0000000000 0.0000000000 0.0000000000 1880.0000000000
0.0000000000 0.0000000000 0.0000000000 1.0000000000

0.0000000000 0.0000000000 1.0000000000 2276.0000000000
0.0000000000 1.0000000000 0.0000000000 -135.2000000000
-1.0000000000 0.0000000000 0.0000000000 1880.0000000000
0.0000000000 0.0000000000 0.0000000000 1.0000000000

0.0000000000 0.0000000000 1.0000000000 2276.0000000000
0.0000000000 1.0000000000 0.0000000000 -135.6000000000
-1.0000000000 0.0000000000 0.0000000000 1880.0000000000
0.0000000000 0.0000000000 0.0000000000 1.0000000000

0.0000000000 0.0000000000 1.0000000000 2276.0000000000
0.0000000000 1.0000000000 0.0000000000 -136.0000000000
-1.0000000000 0.0000000000 0.0000000000 1880.0000000000
0.0000000000 0.0000000000 0.0000000000 1.0000000000

0.0000000000 0.0000000000 1.0000000000 2276.0000000000
0.0000000000 1.0000000000 0.0000000000 -136.4000000000
-1.0000000000 0.0000000000 0.0000000000 1880.0000000000
0.0000000000 0.0000000000 0.0000000000 1.0000000000

0.0000000000 0.0000000000 1.0000000000 2276.0000000000
0.0000000000 1.0000000000 0.0000000000 -136.8000000000
-1.0000000000 0.0000000000 0.0000000000 1880.0000000000
0.0000000000 0.0000000000 0.0000000000 1.0000000000

0.0000000000 0.0000000000 1.0000000000 2276.0000000000
0.0000000000 1.0000000000 0.0000000000 -137.2000000000
-1.0000000000 0.0000000000 0.0000000000 1880.0000000000
0.0000000000 0.0000000000 0.0000000000 1.0000000000

0.0000000000 0.0000000000 1.0000000000 2276.0000000000
0.0000000000 1.0000000000 0.0000000000 -137.6000000000
-1.0000000000 0.0000000000 0.0000000000 1880.0000000000
0.0000000000 0.0000000000 0.0000000000 1.0000000000

0.0000000000 0.0000000000 1.0000000000 2276.0000000000
0.0000000000 1.0000000000 0.0000000000 -138.0000000000
-1.0000000000 0.0000000000 0.0000000000 1880.0000000000
0.0000000000 0.0000000000 0.0000000000 1.0000000000

0.0000000000 0.0000000000 1.0000000000 2276.0000000000
0.0000000000 1.0000000000 0.0000000000 -138.4000000000
-1.0000000000 0.0000000000 0.0000000000 1880.0000000000
0.0000000000 0.0000000000 0.0000000000 1.0000000000

0.0000000000 0.0000000000 1.0000000000 2276.0000000000
0.0000000000 1.0000000000 0.0000000000 -138.8000000000
-1.0000000000 0.0000000000 0.0000000000 1880.0000000000
0.0000000000 0.0000000000 0.0000000000 1.0000000000

0.0000000000 0.0000000000 1.0000000000 2276.0000000000
0.0000000000 1.0000000000 0.0000000000 -139.2000000000
-1.0000000000 0.0000000000 0.0000000000 1880.0000000000
0.0000000000 0.0000000000 0.0000000000 1.0000000000

0.0000000000 0.0000000000 1.0000000000 2276.0000000000
0.0000000000 1.0000000000 0.0000000000 -139.6000000000
-1.0000000000 0.0000000000 0.0000000000 1880.0000000000
0.0000000000 0.0000000000 0.0000000000 1.0000000000

0.0000000000 0.0000000000 1.0000000000 2276.0000000000
0.0000000000 1.0000000000 0.0000000000 -140.0000000000
-1.0000000000 0.0000000000 0.0000000000 1880.0000000000
0.0000000000 0.0000000000 0.0000000000 1.0000000000

0.0000000000 0.0000000000 1.0000000000 2276.0000000000
0.0000000000 1.0000000000 0.0000000000 -140.4000000000
-1.0000000000 0.0000000000 0.0000000000 1880.0000000000
0.0000000000 0.0000000000 0.0000000000 1.0000000000

0.0000000000 0.0000000000 1.0000000000 2276.0000000000
0.0000000000 1.0000000000 0.0000000000 -140.8000000000
-1.0000000000 0.0000000000 0.0000000000 1880.0000000000
0.0000000000 0.0000000000 0.0000000000 1.0000000000

0.0000000000 0.0000000000 1.0000000000 2276.0000000000
0.0000000000 1.0000000000 0.0000000000 -141.2000000000
-1.0000000000 0.0000000000 0.0000000000 1880.0000000000
0.0000000000 0.0000000000 0.0000000000 1.0000000000

0.0000000000 0.0000000000 1.0000000000 2276.0000000000
0.0000000000 1.0000000000 0.0000000000 -141.6000000000
-1.0000000000 0.0000000000 0.0000000000 1880.0000000000
0.0000000000 0.0000000000 0.0000000000 1.0000000000

0.0000000000 0.0000000000 1.0000000000 2276.0000000000
0.0000000000 1.0000000000 0.0000000000 -142.0000000000
-1.0000000000 0.0000000000 0.0000000000 1880.0000000000
0.0000000000 0.0000000000 0.0000000000 1.0000000000

0.0000000000 0.0000000000 1.0000000000 2276.0000000000
0.0000000000 1.0000000000 0.0000000000 -142.4000000000
-1.0000000000 0.0000000000 0.0000000000 1880.0000000000
0.0000000000 0.0000000000 0.0000000000 1.0000000000

0.0000000000 0.0000000000 1.0000000000 2276.0000000000
0.0000000000 1.0000000000 0.0000000000 -142.8000000000
-1.0000000000 0.0000000000 0.0000000000 1880.0000000000
0.0000000000 0.0000000000 0.0000000000 1.0000000000

0.0000000000 0.0000000000 1.0000000000 2276.0000000000
0.0000000000 1.0000000000 0.0000000000 -143.2000000000
-1.0000000000 0.0000000000 0.0000000000 1880.0000000000
0.0000000000 0.0000000000 0.0000000000 1.0000000000

0.0000000000 0.0000000000 1.0000000000 2276.0000000000
0.0000000000 1.0000000000 0.0000000000 -143.6000000000
-1.0000000000 0.0000000000 0.0000000000 1880.0000000000
0.0000000000 0.0000000000 0.0000000000 1.0000000000

0.0000000000 0.0000000000 1.0000000000 2276.0000000000
0.0000000000 1.0000000000 0.0000000000 -144.0000000000
-1.0000000000 0.0000000000 0.0000000000 1880.0000000000
0.0000000000 0.0000000000 0.0000000000 1.0000000000

0.0000000000 0.0000000000 1.0000000000 2276.0000000000
0.0000000000 1.0000000000 0.0000000000 -144.4000000000
-1.0000000000 0.0000000000 0.0000000000 1880.0000000000
0.0000000000 0.0000000000 0.0000000000 1.0000000000

0.0000000000 0.0000000000 1.0000000000 2276.0000000000
0.0000000000 1.0000000000 0.0000000000 -144.8000000000
-1.0000000000 0.0000000000 0.0000000000 1880.0000000000
0.0000000000 0.0000000000 0.0000000000 1.0000000000

0.0000000000 0.0000000000 1.0000000000 2276.0000000000
0.0000000000 1.0000000000 0.0000000000 -145.2000000000
-1.0000000000 0.0000000000 0.0000000000 1880.0000000000
0.0000000000 0.0000000000 0.0000000000 1.0000000000

0.0000000000 0.0000000000 1.0000000000 2276.0000000000
0.0000000000 1.0000000000 0.0000000000 -145.6000000000
-1.0000000000 0.0000000000 0.0000000000 1880.0000000000
0.0000000000 0.0000000000 0.0000000000 1.0000000000

0.0000000000 0.0000000000 1.0000000000 2276.0000000000
0.0000000000 1.0000000000 0.0000000000 -146.0000000000
-1.0000000000 0.0000000000 0.0000000000 1880.0000000000
0.0000000000 0.0000000000 0.0000000000 1.0000000000

0.0000000000 0.0000000000 1.0000000000 2276.0000000000
0.0000000000 1.0000000000 0.0000000000 -146.4000000000
-1.0000000000 0.0000000000 0.0000000000 1880.0000000000
0.0000000000 0.0000000000 0.0000000000 1.0000000000

0.0000000000 0.0000000000 1.0000000000 2276.0000000000
0.0000000000 1.0000000000 0.0000000000 -146.8000000000
-1.0000000000 0.0000000000 0.0000000000 1880.0000000000
0.0000000000 0.0000000000 0.0000000000 1.0000000000

0.0000000000 0.0000000000 1.0000000000 2276.0000000000
0.0000000000 1.0000000000 0.0000000000 -147.2000000000
-1.0000000000 0.0000000000 0.0000000000 1880.0000000000
0.0000000000 0.0000000000 0.0000000000 1.0000000000

0.0000000000 0.0000000000 1.0000000000 2276.0000000000
0.0000000000 1.0000000000 0.0000000000 -147.6000000000
-1.0000000000 0.0000000000 0.0000000000 1880.0000000000
0.0000000000 0.0000000000 0.0000000000 1.0000000000

0.0000000000 0.0000000000 1.0000000000 2276.0000000000
0.0000000000 1.0000000000 0.0000000000 -148.0000000000
-1.0000000000 0.0000000000 0.0000000000 1880.0000000000
0.0000000000 0.0000000000 0.0000000000 1.0000000000

0.0000000000 0.0000000000 1.0000000000 2276.0000000000
0.0000000000 1.0000000000 0.0000000000 -148.4000000000
-1.0000000000 0.0000000000 0.0000000000 1880.0000000000
0.0000000000 0.0000000000 0.0000000000 1.0000000000

0.0000000000 0.0000000000 1.0000000000 2276.0000000000
0.0000000000 1.0000000000 0.0000000000 -148.8000000000
-1.0000000000 0.0000000000 0.0000000000 1880.0000000000
0.0000000000 0.0000000000 0.0000000000 1.0000000000

0.0000000000 0.0000000000 1.0000000000 2276.0000000000
0.0000000000 1.0000000000 0.0000000000 -149.2000000000
-1.0000000000 0.0000000000 0.0000000000 1880.0000000000
0.0000000000 0.0000000000 0.0000000000 1.0000000000

0.0000000000 0.0000000000 1.0000000000 2276.0000000000
0.0000000000 1.0000000000 0.0000000000 -149.6000000000
-1.0000000000 0.0000000000 0.0000000000 1880.0000000000
0.0000000000 0.0000000000 0.0000000000 1.0000000000

0.0000000000 0.0000000000 1.0000000000 2276.0000000000
0.0000000000 1.0000000000 0.0000000000 -150.0000000000
-1.0000000000 0.0000000000 0.0000000000 1880.0000000000
0.0000000000 0.0000000000 0.0000000000 1.0000000000

0.0000000000 0.0000000000 1.0000000000 2276.0000000000
0.0000000000 1.0000000000 0.0000000000 -150.4000000000
-1.0000000000 0.0000000000 0.0000000000 1880.0000000000
0.0000000000 0.0000000000 0.0000000000 1.0000000000

0.0000000000 0.0000000000 1.0000000000 2276.0000000000
0.0000000000 1.0000000000 0.0000000000 -150.8000000000
-1.0000000000 0.0000000000 0.0000000000 1880.0000000000
0.0000000000 0.0000000000 0.0000000000 1.0000000000

0.0000000000 0.0000000000 1.0000000000 2276.0000000000
0.0000000000 1.0000000000 0.0000000000 -151.2000000000
-1.0000000000 0.0000000000 0.0000000000 1880.0000000000
0.0000000000 0.0000000000 0.0000000000 1.0000000000

0.0000000000 0.0000000000 1.0000000000 2276.0000000000
0.0000000000 1.0000000000 0.0000000000 -151.6000000000
-1.0000000000 0.0000000000 0.0000000000 1880.0000000000
0.0000000000 0.0000000000 0.0000000000 1.0000000000

0.0000000000 0.0000000000 1.0000000000 2276.0000000000
0.0000000000 1.0000000000 0.0000000000 -152.0000000000
-1.0000000000 0.0000000000 0.0000000000 1880.0000000000
0.0000000000 0.0000000000 0.0000000000 1.0000000000

0.0000000000 0.0000000000 1.0000000000 2276.0000000000
0.0000000000 1.0000000000 0.0000000000 -152.4000000000
-1.0000000000 0.0000000000 0.0000000000 1880.0000000000
0.0000000000 0.0000000000 0.0000000000 1.0000000000

0.0000000000 0.0000000000 1.0000000000 2276.0000000000
0.0000000000 1.0000000000 0.0000000000 -152.8000000000
-1.0000000000 0.0000000000 0.0000000000 1880.0000000000
0.0000000000 0.0000000000 0.0000000000 1.0000000000

0.0000000000 0.0000000000 1.0000000000 2276.0000000000
0.0000000000 1.0000000000 0.0000000000 -153.2000000000
-1.0000000000 0.0000000000 0.0000000000 1880.0000000000
0.0000000000 0.0000000000 0.0000000000 1.0000000000

0.0000000000 0.0000000000 1.0000000000 2276.0000000000
0.0000000000 1.0000000000 0.0000000000 -153.6000000000
-1.0000000000 0.0000000000 0.0000000000 1880.0000000000
0.0000000000 0.0000000000 0.0000000000 1.0000000000

0.0000000000 0.0000000000 1.0000000000 2276.0000000000
0.0000000000 1.0000000000 0.0000000000 -154.0000000000
-1.0000000000 0.0000000000 0.0000000000 1880.0000000000
0.0000000000 0.0000000000 0.0000000000 1.0000000000

0.0000000000 0.0000000000 1.0000000000 2276.0000000000
0.0000000000 1.0000000000 0.0000000000 -154.4000000000
-1.0000000000 0.0000000000 0.0000000000 1880.0000000000
0.0000000000 0.0000000000 0.0000000000 1.0000000000

0.0000000000 0.0000000000 1.0000000000 2276.0000000000
0.0000000000 1.0000000000 0.0000000000 -154.8000000000
-1.0000000000 0.0000000000 0.0000000000 1880.0000000000
0.0000000000 0.0000000000 0.0000000000 1.0000000000

0.0000000000 0.0000000000 1.0000000000 2276.0000000000
0.0000000000 1.0000000000 0.0000000000 -155.2000000000
-1.0000000000 0.0000000000 0.0000000000 1880.0000000000
0.0000000000 0.0000000000 0.0000000000 1.0000000000

0.0000000000 0.0000000000 1.0000000000 2276.0000000000
0.0000000000 1.0000000000 0.0000000000 -155.6000000000
-1.0000000000 0.0000000000 0.0000000000 1880.0000000000
0.0000000000 0.0000000000 0.0000000000 1.0000000000

0.0000000000 0.0000000000 1.0000000000 2276.0000000000
0.0000000000 1.0000000000 0.0000000000 -156.0000000000
-1.0000000000 0.0000000000 0.0000000000 1880.0000000000
0.0000000000 0.0000000000 0.0000000000 1.0000000000

0.0000000000 0.0000000000 1.0000000000 2276.0000000000
0.0000000000 1.0000000000 0.0000000000 -156.4000000000
-1.0000000000 0.0000000000 0.0000000000 1880.0000000000
0.0000000000 0.0000000000 0.0000000000 1.0000000000

0.0000000000 0.0000000000 1.0000000000 2276.0000000000
0.0000000000 1.0000000000 0.0000000000 -156.8000000000
-1.0000000000 0.0000000000 0.0000000000 1880.0000000000
0.0000000000 0.0000000000 0.0000000000 1.0000000000

0.0000000000 0.0000000000 1.0000000000 2276.0000000000
0.0000000000 1.0000000000 0.0000000000 -157.2000000000
-1.0000000000 0.0000000000 0.0000000000 1880.0000000000
0.0000000000 0.0000000000 0.0000000000 1.0000000000

0.0000000000 0.0000000000 1.0000000000 2276.0000000000
0.0000000000 1.0000000000 0.0000000000 -157.6000000000
-1.0000000000 0.0000000000 0.0000000000 1880.0000000000
0.0000000000 0.0000000000 0.0000000000 1.0000000000

0.0000000000 0.0000000000 1.0000000000 2276.0000000000
0.0000000000 1.0000000000 0.0000000000 -158.0000000000
-1.0000000000 0.0000000000 0.0000000000 1880.0000000000
0.0000000000 0.0000000000 0.0000000000 1.0000000000

0.0000000000 0.0000000000 1.0000000000 2276.0000000000
0.0000000000 1.0000000000 0.0000000000 -158.4000000000
-1.0000000000 0.0000000000 0.0000000000 1880.0000000000
0.0000000000 0.0000000000 0.0000000000 1.0000000000

0.0000000000 0.0000000000 1.0000000000 2276.0000000000
0.0000000000 1.0000000000 0.0000000000 -158.8000000000
-1.0000000000 0.0000000000 0.0000000000 1880.0000000000
0.0000000000 0.0000000000 0.0000000000 1.0000000000

0.0000000000 0.0000000000 1.0000000000 2276.0000000000
0.0000000000 1.0000000000 0.0000000000 -159.2000000000
-1.0000000000 0.0000000000 0.0000000000 1880.0000000000
0.0000000000 0.0000000000 0.0000000000 1.0000000000

0.0000000000 0.0000000000 1.0000000000 2276.0000000000
0.0000000000 1.0000000000 0.0000000000 -159.6000000000
-1.0000000000 0.0000000000 0.0000000000 1880.0000000000
0.0000000000 0.0000000000 0.0000000000 1.0000000000

0.0000000000 0.0000000000 1.0000000000 2276.0000000000
0.0000000000 1.0000000000 0.0000000000 -160.0000000000
-1.0000000000 0.0000000000 0.0000000000 1880.0000000000
0.0000000000 0.0000000000 0.0000000000 1.0000000000

0.0000000000 0.0000000000 1.0000000000 2276.0000000000
0.0000000000 1.0000000000 0.0000000000 -160.4000000000
-1.0000000000 0.0000000000 0.0000000000 1880.0000000000
0.0000000000 0.0000000000 0.0000000000 1.0000000000

0.0000000000 0.0000000000 1.0000000000 2276.0000000000
0.0000000000 1.0000000000 0.0000000000 -160.8000000000
-1.0000000000 0.0000000000 0.0000000000 1880.0000000000
0.0000000000 0.0000000000 0.0000000000 1.0000000000

0.0000000000 0.0000000000 1.0000000000 2276.0000000000
0.0000000000 1.0000000000 0.0000000000 -161.2000000000
-1.0000000000 0.0000000000 0.0000000000 1880.0000000000
0.0000000000 0.0000000000 0.0000000000 1.0000000000

0.0000000000 0.0000000000 1.0000000000 2276.0000000000
0.0000000000 1.0000000000 0.0000000000 -161.6000000000
-1.0000000000 0.0000000000 0.0000000000 1880.0000000000
0.0000000000 0.0000000000 0.0000000000 1.0000000000

0.0000000000 0.0000000000 1.0000000000 2276.0000000000
0.0000000000 1.0000000000 0.0000000000 -162.0000000000
-1.0000000000 0.0000000000 0.0000000000 1880.0000000000
0.0000000000 0.0000000000 0.0000000000 1.0000000000

0.0000000000 0.0000000000 1.0000000000 2276.0000000000
0.0000000000 1.0000000000 0.0000000000 -162.4000000000
-1.0000000000 0.0000000000 0.0000000000 1880.0000000000
0.0000000000 0.0000000000 0.0000000000 1.0000000000

0.0000000000 0.0000000000 1.0000000000 2276.0000000000
0.0000000000 1.0000000000 0.0000000000 -162.8000000000
-1.0000000000 0.0000000000 0.0000000000 1880.0000000000
0.0000000000 0.0000000000 0.0000000000 1.0000000000

0.0000000000 0.0000000000 1.0000000000 2276.0000000000
0.0000000000 1.0000000000 0.0000000000 -163.2000000000
-1.0000000000 0.0000000000 0.0000000000 1880.0000000000
0.0000000000 0.0000000000 0.0000000000 1.0000000000

0.0000000000 0.0000000000 1.0000000000 2276.0000000000
0.0000000000 1.0000000000 0.0000000000 -163.6000000000
-1.0000000000 0.0000000000 0.0000000000 1880.0000000000
0.0000000000 0.0000000000 0.0000000000 1.0000000000

0.0000000000 0.0000000000 1.0000000000 2276.0000000000
0.0000000000 1.0000000000 0.0000000000 -164.0000000000
-1.0000000000 0.0000000000 0.0000000000 1880.0000000000
0.0000000000 0.0000000000 0.0000000000 1.0000000000

0.0000000000 0.0000000000 1.0000000000 2276.0000000000
0.0000000000 1.0000000000 0.0000000000 -164.4000000000
-1.0000000000 0.0000000000 0.0000000000 1880.0000000000
0.0000000000 0.0000000000 0.0000000000 1.0000000000

0.0000000000 0.0000000000 1.0000000000 2276.0000000000
0.0000000000 1.0000000000 0.0000000000 -164.8000000000
-1.0000000000 0.0000000000 0.0000000000 1880.0000000000
0.0000000000 0.0000000000 0.0000000000 1.0000000000

0.0000000000 0.0000000000 1.0000000000 2276.0000000000
0.0000000000 1.0000000000 0.0000000000 -165.2000000000
-1.0000000000 0.0000000000 0.0000000000 1880.0000000000
0.0000000000 0.0000000000 0.0000000000 1.0000000000

0.0000000000 0.0000000000 1.0000000000 2276.0000000000
0.0000000000 1.0000000000 0.0000000000 -165.6000000000
-1.0000000000 0.0000000000 0.0000000000 1880.0000000000
0.0000000000 0.0000000000 0.0000000000 1.0000000000

0.0000000000 0.0000000000 1.0000000000 2276.0000000000
0.0000000000 1.0000000000 0.0000000000 -166.0000000000
-1.0000000000 0.0000000000 0.0000000000 1880.0000000000
0.0000000000 0.0000000000 0.0000000000 1.0000000000

0.0000000000 0.0000000000 1.0000000000 2276.0000000000
0.0000000000 1.0000000000 0.0000000000 -166.4000000000
-1.0000000000 0.0000000000 0.0000000000 1880.0000000000
0.0000000000 0.0000000000 0.0000000000 1.0000000000

0.0000000000 0.0000000000 1.0000000000 2276.0000000000
0.0000000000 1.0000000000 0.0000000000 -166.8000000000
-1.0000000000 0.0000000000 0.0000000000 1880.0000000000
0.0000000000 0.0000000000 0.0000000000 1.0000000000

0.0000000000 0.0000000000 1.0000000000 2276.0000000000
0.0000000000 1.0000000000 0.0000000000 -167.2000000000
-1.0000000000 0.0000000000 0.0000000000 1880.0000000000
0.0000000000 0.0000000000 0.0000000000 1.0000000000

0.0000000000 0.0000000000 1.0000000000 2276.0000000000
0.0000000000 1.0000000000 0.0000000000 -167.6000000000
-1.0000000000 0.0000000000 0.0000000000 1880.0000000000
0.0000000000 0.0000000000 0.0000000000 1.0000000000

0.0000000000 0.0000000000 1.0000000000 2276.0000000000
0.0000000000 1.0000000000 0.0000000000 -168.0000000000
-1.0000000000 0.0000000000 0.0000000000 1880.0000000000
0.0000000000 0.0000000000 0.0000000000 1.0000000000

0.0000000000 0.0000000000 1.0000000000 2276.0000000000
0.0000000000 1.0000000000 0.0000000000 -168.4000000000
-1.0000000000 0.0000000000 0.0000000000 1880.0000000000
0.0000000000 0.0000000000 0.0000000000 1.0000000000

0.0000000000 0.0000000000 1.0000000000 2276.0000000000
0.0000000000 1.0000000000 0.0000000000 -168.8000000000
-1.0000000000 0.0000000000 0.0000000000 1880.0000000000
0.0000000000 0.0000000000 0.0000000000 1.0000000000

0.0000000000 0.0000000000 1.0000000000 2276.0000000000
0.0000000000 1.0000000000 0.0000000000 -169.2000000000
-1.0000000000 0.0000000000 0.0000000000 1880.0000000000
0.0000000000 0.0000000000 0.0000000000 1.0000000000

0.0000000000 0.0000000000 1.0000000000 2276.0000000000
0.0000000000 1.0000000000 0.0000000000 -169.6000000000
-1.0000000000 0.0000000000 0.0000000000 1880.0000000000
0.0000000000 0.0000000000 0.0000000000 1.0000000000

0.0000000000 0.0000000000 1.0000000000 2276.0000000000
0.0000000000 1.0000000000 0.0000000000 -170.0000000000
-1.0000000000 0.0000000000 0.0000000000 1880.0000000000
0.0000000000 0.0000000000 0.0000000000 1.0000000000

0.0000000000 0.0000000000 1.0000000000 2276.0000000000
0.0000000000 1.0000000000 0.0000000000 -170.4000000000
-1.0000000000 0.0000000000 0.0000000000 1880.0000000000
0.0000000000 0.0000000000 0.0000000000 1.0000000000

0.0000000000 0.0000000000 1.0000000000 2276.0000000000
0.0000000000 1.0000000000 0.0000000000 -170.8000000000
-1.0000000000 0.0000000000 0.0000000000 1880.0000000000
0.0000000000 0.0000000000 0.0000000000 1.0000000000

0.0000000000 0.0000000000 1.0000000000 2276.0000000000
0.0000000000 1.0000000000 0.0000000000 -171.2000000000
-1.0000000000 0.0000000000 0.0000000000 1880.0000000000
0.0000000000 0.0000000000 0.0000000000 1.0000000000

0.0000000000 0.0000000000 1.0000000000 2276.0000000000
0.0000000000 1.0000000000 0.0000000000 -171.6000000000
-1.0000000000 0.0000000000 0.0000000000 1880.0000000000
0.0000000000 0.0000000000 0.0000000000 1.0000000000

0.0000000000 0.0000000000 1.0000000000 2276.0000000000
0.0000000000 1.0000000000 0.0000000000 -172.0000000000
-1.0000000000 0.0000000000 0.0000000000 1880.0000000000
0.0000000000 0.0000000000 0.0000000000 1.0000000000

0.0000000000 0.0000000000 1.0000000000 2276.0000000000
0.0000000000 1.0000000000 0.0000000000 -172.4000000000
-1.0000000000 0.0000000000 0.0000000000 1880.0000000000
0.0000000000 0.0000000000 0.0000000000 1.0000000000

0.0000000000 0.0000000000 1.0000000000 2276.0000000000
0.0000000000 1.0000000000 0.0000000000 -172.8000000000
-1.0000000000 0.0000000000 0.0000000000 1880.0000000000
0.0000000000 0.0000000000 0.0000000000 1.0000000000

0.0000000000 0.0000000000 1.0000000000 2276.0000000000
0.0000000000 1.0000000000 0.0000000000 -173.2000000000
-1.0000000000 0.0000000000 0.0000000000 1880.0000000000
0.0000000000 0.0000000000 0.0000000000 1.0000000000

0.0000000000 0.0000000000 1.0000000000 2276.0000000000
0.0000000000 1.0000000000 0.0000000000 -173.6000000000
-1.0000000000 0.0000000000 0.0000000000 1880.0000000000
0.0000000000 0.0000000000 0.0000000000 1.0000000000

0.0000000000 0.0000000000 1.0000000000 2276.0000000000
0.0000000000 1.0000000000 0.0000000000 -174.0000000000
-1.0000000000 0.0000000000 0.0000000000 1880.0000000000
0.0000000000 0.0000000000 0.0000000000 1.0000000000

0.0000000000 0.0000000000 1.0000000000 2276.0000000000
0.0000000000 1.0000000000 0.0000000000 -174.4000000000
-1.0000000000 0.0000000000 0.0000000000 1880.0000000000
0.0000000000 0.0000000000 0.0000000000 1.0000000000

0.0000000000 0.0000000000 1.0000000000 2276.0000000000
0.0000000000 1.0000000000 0.0000000000 -174.8000000000
-1.0000000000 0.0000000000 0.0000000000 1880.0000000000
0.0000000000 0.0000000000 0.0000000000 1.0000000000

0.0000000000 0.0000000000 1.0000000000 2276.0000000000
0.0000000000 1.0000000000 0.0000000000 -175.2000000000
-1.0000000000 0.0000000000 0.0000000000 1880.0000000000
0.0000000000 0.0000000000 0.0000000000 1.0000000000

0.0000000000 0.0000000000 1.0000000000 2276.0000000000
0.0000000000 1.0000000000 0.0000000000 -175.6000000000
-1.0000000000 0.0000000000 0.0000000000 1880.0000000000
0.0000000000 0.0000000000 0.0000000000 1.0000000000

0.0000000000 0.0000000000 1.0000000000 2276.0000000000
0.0000000000 1.0000000000 0.0000000000 -176.0000000000
-1.0000000000 0.0000000000 0.0000000000 1880.0000000000
0.0000000000 0.0000000000 0.0000000000 1.0000000000

0.0000000000 0.0000000000 1.0000000000 2276.0000000000
0.0000000000 1.0000000000 0.0000000000 -176.4000000000
-1.0000000000 0.0000000000 0.0000000000 1880.0000000000
0.0000000000 0.0000000000 0.0000000000 1.0000000000

0.0000000000 0.0000000000 1.0000000000 2276.0000000000
0.0000000000 1.0000000000 0.0000000000 -176.8000000000
-1.0000000000 0.0000000000 0.0000000000 1880.0000000000
0.0000000000 0.0000000000 0.0000000000 1.0000000000

0.0000000000 0.0000000000 1.0000000000 2276.0000000000
0.0000000000 1.0000000000 0.0000000000 -177.2000000000
-1.0000000000 0.0000000000 0.0000000000 1880.0000000000
0.0000000000 0.0000000000 0.0000000000 1.0000000000

0.0000000000 0.0000000000 1.0000000000 2276.0000000000
0.0000000000 1.0000000000 0.0000000000 -177.6000000000
-1.0000000000 0.0000000000 0.0000000000 1880.0000000000
0.0000000000 0.0000000000 0.0000000000 1.0000000000

0.0000000000 0.0000000000 1.0000000000 2276.0000000000
0.0000000000 1.0000000000 0.0000000000 -178.0000000000
-1.0000000000 0.0000000000 0.0000000000 1880.0000000000
0.0000000000 0.0000000000 0.0000000000 1.0000000000

0.0000000000 0.0000000000 1.0000000000 2276.0000000000
0.0000000000 1.0000000000 0.0000000000 -178.4000000000
-1.0000000000 0.0000000000 0.0000000000 1880.0000000000
0.0000000000 0.0000000000 0.0000000000 1.0000000000

0.0000000000 0.0000000000 1.0000000000 2276.0000000000
0.0000000000 1.0000000000 0.0000000000 -178.8000000000
-1.0000000000 0.0000000000 0.0000000000 1880.0000000000
0.0000000000 0.0000000000 0.0000000000 1.0000000000

0.0000000000 0.0000000000 1.0000000000 2276.0000000000
0.0000000000 1.0000000000 0.0000000000 -179.2000000000
-1.0000000000 0.0000000000 0.0000000000 1880.0000000000
0.0000000000 0.0000000000 0.0000000000 1.0000000000

0.0000000000 0.0000000000 1.0000000000 2276.0000000000
0.0000000000 1.0000000000 0.0000000000 -179.6000000000
-1.0000000000 0.0000000000 0.0000000000 1880.0000000000
0.0000000000 0.0000000000 0.0000000000 1.0000000000

0.0000000000 0.0000000000 1.0000000000 2276.0000000000
0.0000000000 1.0000000000 0.0000000000 -180.0000000000
-1.0000000000 0.0000000000 0.0000000000 1880.0000000000
0.0000000000 0.0000000000 0.0000000000 1.0000000000

0.0000000000 0.0000000000 1.0000000000 2276.0000000000
0.0000000000 1.0000000000 0.0000000000 -180.4000000000
-1.0000000000 0.0000000000 0.0000000000 1880.0000000000
0.0000000000 0.0000000000 0.0000000000 1.0000000000

0.0000000000 0.0000000000 1.0000000000 2276.0000000000
0.0000000000 1.0000000000 0.0000000000 -180.8000000000
-1.0000000000 0.0000000000 0.0000000000 1880.0000000000
0.0000000000 0.0000000000 0.0000000000 1.0000000000

0.0000000000 0.0000000000 1.0000000000 2276.0000000000
0.0000000000 1.0000000000 0.0000000000 -181.2000000000
-1.0000000000 0.0000000000 0.0000000000 1880.0000000000
0.0000000000 0.0000000000 0.0000000000 1.0000000000

0.0000000000 0.0000000000 1.0000000000 2276.0000000000
0.0000000000 1.0000000000 0.0000000000 -181.6000000000
-1.0000000000 0.0000000000 0.0000000000 1880.0000000000
0.0000000000 0.0000000000 0.0000000000 1.0000000000

0.0000000000 0.0000000000 1.0000000000 2276.0000000000
0.0000000000 1.0000000000 0.0000000000 -182.0000000000
-1.0000000000 0.0000000000 0.0000000000 1880.0000000000
0.0000000000 0.0000000000 0.0000000000 1.0000000000

0.0000000000 0.0000000000 1.0000000000 2276.0000000000
0.0000000000 1.0000000000 0.0000000000 -182.4000000000
-1.0000000000 0.0000000000 0.0000000000 1880.0000000000
0.0000000000 0.0000000000 0.0000000000 1.0000000000

0.0000000000 0.0000000000 1.0000000000 2276.0000000000
0.0000000000 1.0000000000 0.0000000000 -182.8000000000
-1.0000000000 0.0000000000 0.0000000000 1880.0000000000
0.0000000000 0.0000000000 0.0000000000 1.0000000000

0.0000000000 0.0000000000 1.0000000000 2276.0000000000
0.0000000000 1.0000000000 0.0000000000 -183.2000000000
-1.0000000000 0.0000000000 0.0000000000 1880.0000000000
0.0000000000 0.0000000000 0.0000000000 1.0000000000

0.0000000000 0.0000000000 1.0000000000 2276.0000000000
0.0000000000 1.0000000000 0.0000000000 -183.6000000000
-1.0000000000 0.0000000000 0.0000000000 1880.0000000000
0.0000000000 0.0000000000 0.0000000000 1.0000000000

0.0000000000 0.0000000000 1.0000000000 2276.0000000000
0.0000000000 1.0000000000 0.0000000000 -184.0000000000
-1.0000000000 0.0000000000 0.0000000000 1880.0000000000
0.0000000000 0.0000000000 0.0000000000 1.0000000000

0.0000000000 0.0000000000 1.0000000000 2276.0000000000
0.0000000000 1.0000000000 0.0000000000 -184.4000000000
-1.0000000000 0.0000000000 0.0000000000 1880.0000000000
0.0000000000 0.0000000000 0.0000000000 1.0000000000

0.0000000000 0.0000000000 1.0000000000 2276.0000000000
0.0000000000 1.0000000000 0.0000000000 -184.8000000000
-1.0000000000 0.0000000000 0.0000000000 1880.0000000000
0.0000000000 0.0000000000 0.0000000000 1.0000000000

0.0000000000 0.0000000000 1.0000000000 2276.0000000000
0.0000000000 1.0000000000 0.0000000000 -185.2000000000
-1.0000000000 0.0000000000 0.0000000000 1880.0000000000
0.0000000000 0.0000000000 0.0000000000 1.0000000000

0.0000000000 0.0000000000 1.0000000000 2276.0000000000
0.0000000000 1.0000000000 0.0000000000 -185.6000000000
-1.0000000000 0.0000000000 0.0000000000 1880.0000000000
0.0000000000 0.0000000000 0.0000000000 1.0000000000

0.0000000000 0.0000000000 1.0000000000 2276.0000000000
0.0000000000 1.0000000000 0.0000000000 -186.0000000000
-1.0000000000 0.0000000000 0.0000000000 1880.0000000000
0.0000000000 0.0000000000 0.0000000000 1.0000000000

0.0000000000 0.0000000000 1.0000000000 2276.0000000000
0.0000000000 1.0000000000 0.0000000000 -186.4000000000
-1.0000000000 0.0000000000 0.0000000000 1880.0000000000
0.0000000000 0.0000000000 0.0000000000 1.0000000000

0.0000000000 0.0000000000 1.0000000000 2276.0000000000
0.0000000000 1.0000000000 0.0000000000 -186.8000000000
-1.0000000000 0.0000000000 0.0000000000 1880.0000000000
0.0000000000 0.0000000000 0.0000000000 1.0000000000

0.0000000000 0.0000000000 1.0000000000 2276.0000000000
0.0000000000 1.0000000000 0.0000000000 -187.2000000000
-1.0000000000 0.0000000000 0.0000000000 1880.0000000000
0.0000000000 0.0000000000 0.0000000000 1.0000000000

0.0000000000 0.0000000000 1.0000000000 2276.0000000000
0.0000000000 1.0000000000 0.0000000000 -187.6000000000
-1.0000000000 0.0000000000 0.0000000000 1880.0000000000
0.0000000000 0.0000000000 0.0000000000 1.0000000000

0.0000000000 0.0000000000 1.0000000000 2276.0000000000
0.0000000000 1.0000000000 0.0000000000 -188.0000000000
-1.0000000000 0.0000000000 0.0000000000 1880.0000000000
0.0000000000 0.0000000000 0.0000000000 1.0000000000

0.0000000000 0.0000000000 1.0000000000 2276.0000000000
0.0000000000 1.0000000000 0.0000000000 -188.4000000000
-1.0000000000 0.0000000000 0.0000000000 1880.0000000000
0.0000000000 0.0000000000 0.0000000000 1.0000000000

0.0000000000 0.0000000000 1.0000000000 2276.0000000000
0.0000000000 1.0000000000 0.0000000000 -188.8000000000
-1.0000000000 0.0000000000 0.0000000000 1880.0000000000
0.0000000000 0.0000000000 0.0000000000 1.0000000000

0.0000000000 0.0000000000 1.0000000000 2276.0000000000
0.0000000000 1.0000000000 0.0000000000 -189.2000000000
-1.0000000000 0.0000000000 0.0000000000 1880.0000000000
0.0000000000 0.0000000000 0.0000000000 1.0000000000

0.0000000000 0.0000000000 1.0000000000 2276.0000000000
0.0000000000 1.0000000000 0.0000000000 -189.6000000000
-1.0000000000 0.0000000000 0.0000000000 1880.0000000000
0.0000000000 0.0000000000 0.0000000000 1.0000000000

0.0000000000 0.0000000000 1.0000000000 2276.0000000000
0.0000000000 1.0000000000 0.0000000000 -190.0000000000
-1.0000000000 0.0000000000 0.0000000000 1880.0000000000
0.0000000000 0.0000000000 0.0000000000 1.0000000000

0.0000000000 0.0000000000 1.0000000000 2276.0000000000
0.0000000000 1.0000000000 0.0000000000 -190.4000000000
-1.0000000000 0.0000000000 0.0000000000 1880.0000000000
0.0000000000 0.0000000000 0.0000000000 1.0000000000

0.0000000000 0.0000000000 1.0000000000 2276.0000000000
0.0000000000 1.0000000000 0.0000000000 -190.8000000000
-1.0000000000 0.0000000000 0.0000000000 1880.0000000000
0.0000000000 0.0000000000 0.0000000000 1.0000000000

0.0000000000 0.0000000000 1.0000000000 2276.0000000000
0.0000000000 1.0000000000 0.0000000000 -191.2000000000
-1.0000000000 0.0000000000 0.0000000000 1880.0000000000
0.0000000000 0.0000000000 0.0000000000 1.0000000000

0.0000000000 0.0000000000 1.0000000000 2276.0000000000
0.0000000000 1.0000000000 0.0000000000 -191.6000000000
-1.0000000000 0.0000000000 0.0000000000 1880.0000000000
0.0000000000 0.0000000000 0.0000000000 1.0000000000

0.0000000000 0.0000000000 1.0000000000 2276.0000000000
0.0000000000 1.0000000000 0.0000000000 -192.0000000000
-1.0000000000 0.0000000000 0.0000000000 1880.0000000000
0.0000000000 0.0000000000 0.0000000000 1.0000000000

0.0000000000 0.0000000000 1.0000000000 2276.0000000000
0.0000000000 1.0000000000 0.0000000000 -192.4000000000
-1.0000000000 0.0000000000 0.0000000000 1880.0000000000
0.0000000000 0.0000000000 0.0000000000 1.0000000000

0.0000000000 0.0000000000 1.0000000000 2276.0000000000
0.0000000000 1.0000000000 0.0000000000 -192.8000000000
-1.0000000000 0.0000000000 0.0000000000 1880.0000000000
0.0000000000 0.0000000000 0.0000000000 1.0000000000

0.0000000000 0.0000000000 1.0000000000 2276.0000000000
0.0000000000 1.0000000000 0.0000000000 -193.2000000000
-1.0000000000 0.0000000000 0.0000000000 1880.0000000000
0.0000000000 0.0000000000 0.0000000000 1.0000000000

0.0000000000 0.0000000000 1.0000000000 2276.0000000000
0.0000000000 1.0000000000 0.0000000000 -193.6000000000
-1.0000000000 0.0000000000 0.0000000000 1880.0000000000
0.0000000000 0.0000000000 0.0000000000 1.0000000000

0.0000000000 0.0000000000 1.0000000000 2276.0000000000
0.0000000000 1.0000000000 0.0000000000 -194.0000000000
-1.0000000000 0.0000000000 0.0000000000 1880.0000000000
0.0000000000 0.0000000000 0.0000000000 1.0000000000

0.0000000000 0.0000000000 1.0000000000 2276.0000000000
0.0000000000 1.0000000000 0.0000000000 -194.4000000000
-1.0000000000 0.0000000000 0.0000000000 1880.0000000000
0.0000000000 0.0000000000 0.0000000000 1.0000000000

0.0000000000 0.0000000000 1.0000000000 2276.0000000000
0.0000000000 1.0000000000 0.0000000000 -194.8000000000
-1.0000000000 0.0000000000 0.0000000000 1880.0000000000
0.0000000000 0.0000000000 0.0000000000 1.0000000000

0.0000000000 0.0000000000 1.0000000000 2276.0000000000
0.0000000000 1.0000000000 0.0000000000 -195.2000000000
-1.0000000000 0.0000000000 0.0000000000 1880.0000000000
0.0000000000 0.0000000000 0.0000000000 1.0000000000

0.0000000000 0.0000000000 1.0000000000 2276.0000000000
0.0000000000 1.0000000000 0.0000000000 -195.6000000000
-1.0000000000 0.0000000000 0.0000000000 1880.0000000000
0.0000000000 0.0000000000 0.0000000000 1.0000000000

0.0000000000 0.0000000000 1.0000000000 2276.0000000000
0.0000000000 1.0000000000 0.0000000000 -196.0000000000
-1.0000000000 0.0000000000 0.0000000000 1880.0000000000
0.0000000000 0.0000000000 0.0000000000 1.0000000000

0.0000000000 0.0000000000 1.0000000000 2276.0000000000
0.0000000000 1.0000000000 0.0000000000 -196.4000000000
-1.0000000000 0.0000000000 0.0000000000 1880.0000000000
0.0000000000 0.0000000000 0.0000000000 1.0000000000

0.0000000000 0.0000000000 1.0000000000 2276.0000000000
0.0000000000 1.0000000000 0.0000000000 -196.8000000000
-1.0000000000 0.0000000000 0.0000000000 1880.0000000000
0.0000000000 0.0000000000 0.0000000000 1.0000000000

0.0000000000 0.0000000000 1.0000000000 2276.0000000000
0.0000000000 1.0000000000 0.0000000000 -197.2000000000
-1.0000000000 0.0000000000 0.0000000000 1880.0000000000
0.0000000000 0.0000000000 0.0000000000 1.0000000000

0.0000000000 0.0000000000 1.0000000000 2276.0000000000
0.0000000000 1.0000000000 0.0000000000 -197.6000000000
-1.0000000000 0.0000000000 0.0000000000 1880.0000000000
0.0000000000 0.0000000000 0.0000000000 1.0000000000

0.0000000000 0.0000000000 1.0000000000 2276.0000000000
0.0000000000 1.0000000000 0.0000000000 -198.0000000000
-1.0000000000 0.0000000000 0.0000000000 1880.0000000000
0.0000000000 0.0000000000 0.0000000000 1.0000000000

0.0000000000 0.0000000000 1.0000000000 2276.0000000000
0.0000000000 1.0000000000 0.0000000000 -198.4000000000
-1.0000000000 0.0000000000 0.0000000000 1880.0000000000
0.0000000000 0.0000000000 0.0000000000 1.0000000000

0.0000000000 0.0000000000 1.0000000000 2276.0000000000
0.0000000000 1.0000000000 0.0000000000 -198.8000000000
-1.0000000000 0.0000000000 0.0000000000 1880.0000000000
0.0000000000 0.0000000000 0.0000000000 1.0000000000

0.0000000000 0.0000000000 1.0000000000 2276.0000000000
0.0000000000 1.0000000000 0.0000000000 -199.2000000000
-1.0000000000 0.0000000000 0.0000000000 1880.0000000000
0.0000000000 0.0000000000 0.0000000000 1.0000000000

0.0000000000 0.0000000000 1.0000000000 2276.0000000000
0.0000000000 1.0000000000 0.0000000000 -199.6000000000
-1.0000000000 0.0000000000 0.0000000000 1880.0000000000
0.0000000000 0.0000000000 0.0000000000 1.0000000000

0.0000000000 0.0000000000 1.0000000000 2276.0000000000
0.0000000000 1.0000000000 0.0000000000 -200.0000000000
-1.0000000000 0.0000000000 0.0000000000 1880.0000000000
0.0000000000 0.0000000000 0.0000000000 1.0000000000

0.0000000000 0.0000000000 1.0000000000 2276.0000000000
0.0000000000 1.0000000000 0.0000000000 -200.4000000000
-1.0000000000 0.0000000000 0.0000000000 1880.0000000000
0.0000000000 0.0000000000 0.0000000000 1.0000000000

0.0000000000 0.0000000000 1.0000000000 2276.0000000000
0.0000000000 1.0000000000 0.0000000000 -200.8000000000
-1.0000000000 0.0000000000 0.0000000000 1880.0000000000
0.0000000000 0.0000000000 0.0000000000 1.0000000000

0.0000000000 0.0000000000 1.0000000000 2276.0000000000
0.0000000000 1.0000000000 0.0000000000 -201.2000000000
-1.0000000000 0.0000000000 0.0000000000 1880.0000000000
0.0000000000 0.0000000000 0.0000000000 1.0000000000

0.0000000000 0.0000000000 1.0000000000 2276.0000000000
0.0000000000 1.0000000000 0.0000000000 -201.6000000000
-1.0000000000 0.0000000000 0.0000000000 1880.0000000000
0.0000000000 0.0000000000 0.0000000000 1.0000000000

0.0000000000 0.0000000000 1.0000000000 2276.0000000000
0.0000000000 1.0000000000 0.0000000000 -202.0000000000
-1.0000000000 0.0000000000 0.0000000000 1880.0000000000
0.0000000000 0.0000000000 0.0000000000 1.0000000000

0.0000000000 0.0000000000 1.0000000000 2276.0000000000
0.0000000000 1.0000000000 0.0000000000 -202.4000000000
-1.0000000000 0.0000000000 0.0000000000 1880.0000000000
0.0000000000 0.0000000000 0.0000000000 1.0000000000

0.0000000000 0.0000000000 1.0000000000 2276.0000000000
0.0000000000 1.0000000000 0.0000000000 -202.8000000000
-1.0000000000 0.0000000000 0.0000000000 1880.0000000000
0.0000000000 0.0000000000 0.0000000000 1.0000000000

0.0000000000 0.0000000000 1.0000000000 2276.0000000000
0.0000000000 1.0000000000 0.0000000000 -203.2000000000
-1.0000000000 0.0000000000 0.0000000000 1880.0000000000
0.0000000000 0.0000000000 0.0000000000 1.0000000000

0.0000000000 0.0000000000 1.0000000000 2276.0000000000
0.0000000000 1.0000000000 0.0000000000 -203.6000000000
-1.0000000000 0.0000000000 0.0000000000 1880.0000000000
0.0000000000 0.0000000000 0.0000000000 1.0000000000

0.0000000000 0.0000000000 1.0000000000 2276.0000000000
0.0000000000 1.0000000000 0.0000000000 -204.0000000000
-1.0000000000 0.0000000000 0.0000000000 1880.0000000000
0.0000000000 0.0000000000 0.0000000000 1.0000000000

0.0000000000 0.0000000000 1.0000000000 2276.0000000000
0.0000000000 1.0000000000 0.0000000000 -204.4000000000
-1.0000000000 0.0000000000 0.0000000000 1880.0000000000
0.0000000000 0.0000000000 0.0000000000 1.0000000000

0.0000000000 0.0000000000 1.0000000000 2276.0000000000
0.0000000000 1.0000000000 0.0000000000 -204.8000000000
-1.0000000000 0.0000000000 0.0000000000 1880.0000000000
0.0000000000 0.0000000000 0.0000000000 1.0000000000

0.0000000000 0.0000000000 1.0000000000 2276.0000000000
0.0000000000 1.0000000000 0.0000000000 -205.2000000000
-1.0000000000 0.0000000000 0.0000000000 1880.0000000000
0.0000000000 0.0000000000 0.0000000000 1.0000000000

0.0000000000 0.0000000000 1.0000000000 2276.0000000000
0.0000000000 1.0000000000 0.0000000000 -205.6000000000
-1.0000000000 0.0000000000 0.0000000000 1880.0000000000
0.0000000000 0.0000000000 0.0000000000 1.0000000000

0.0000000000 0.0000000000 1.0000000000 2276.0000000000
0.0000000000 1.0000000000 0.0000000000 -206.0000000000
-1.0000000000 0.0000000000 0.0000000000 1880.0000000000
0.0000000000 0.0000000000 0.0000000000 1.0000000000

0.0000000000 0.0000000000 1.0000000000 2276.0000000000
0.0000000000 1.0000000000 0.0000000000 -206.4000000000
-1.0000000000 0.0000000000 0.0000000000 1880.0000000000
0.0000000000 0.0000000000 0.0000000000 1.0000000000

0.0000000000 0.0000000000 1.0000000000 2276.0000000000
0.0000000000 1.0000000000 0.0000000000 -206.8000000000
-1.0000000000 0.0000000000 0.0000000000 1880.0000000000
0.0000000000 0.0000000000 0.0000000000 1.0000000000

0.0000000000 0.0000000000 1.0000000000 2276.0000000000
0.0000000000 1.0000000000 0.0000000000 -207.2000000000
-1.0000000000 0.0000000000 0.0000000000 1880.0000000000
0.0000000000 0.0000000000 0.0000000000 1.0000000000

0.0000000000 0.0000000000 1.0000000000 2276.0000000000
0.0000000000 1.0000000000 0.0000000000 -207.6000000000
-1.0000000000 0.0000000000 0.0000000000 1880.0000000000
0.0000000000 0.0000000000 0.0000000000 1.0000000000

0.0000000000 0.0000000000 1.0000000000 2276.0000000000
0.0000000000 1.0000000000 0.0000000000 -208.0000000000
-1.0000000000 0.0000000000 0.0000000000 1880.0000000000
0.0000000000 0.0000000000 0.0000000000 1.0000000000

0.0000000000 0.0000000000 1.0000000000 2276.0000000000
0.0000000000 1.0000000000 0.0000000000 -208.4000000000
-1.0000000000 0.0000000000 0.0000000000 1880.0000000000
0.0000000000 0.0000000000 0.0000000000 1.0000000000

0.0000000000 0.0000000000 1.0000000000 2276.0000000000
0.0000000000 1.0000000000 0.0000000000 -208.8000000000
-1.0000000000 0.0000000000 0.0000000000 1880.0000000000
0.0000000000 0.0000000000 0.0000000000 1.0000000000

0.0000000000 0.0000000000 1.0000000000 2276.0000000000
0.0000000000 1.0000000000 0.0000000000 -209.2000000000
-1.0000000000 0.0000000000 0.0000000000 1880.0000000000
0.0000000000 0.0000000000 0.0000000000 1.0000000000

0.0000000000 0.0000000000 1.0000000000 2276.0000000000
0.0000000000 1.0000000000 0.0000000000 -209.6000000000
-1.0000000000 0.0000000000 0.0000000000 1880.0000000000
0.0000000000 0.0000000000 0.0000000000 1.0000000000

0.0000000000 0.0000000000 1.0000000000 2276.0000000000
0.0000000000 1.0000000000 0.0000000000 -210.0000000000
-1.0000000000 0.0000000000 0.0000000000 1880.0000000000
0.0000000000 0.0000000000 0.0000000000 1.0000000000

0.0000000000 0.0000000000 1.0000000000 2276.0000000000
0.0000000000 1.0000000000 0.0000000000 -210.4000000000
-1.0000000000 0.0000000000 0.0000000000 1880.0000000000
0.0000000000 0.0000000000 0.0000000000 1.0000000000

0.0000000000 0.0000000000 1.0000000000 2276.0000000000
0.0000000000 1.0000000000 0.0000000000 -210.8000000000
-1.0000000000 0.0000000000 0.0000000000 1880.0000000000
0.0000000000 0.0000000000 0.0000000000 1.0000000000

0.0000000000 0.0000000000 1.0000000000 2276.0000000000
0.0000000000 1.0000000000 0.0000000000 -211.2000000000
-1.0000000000 0.0000000000 0.0000000000 1880.0000000000
0.0000000000 0.0000000000 0.0000000000 1.0000000000

0.0000000000 0.0000000000 1.0000000000 2276.0000000000
0.0000000000 1.0000000000 0.0000000000 -211.6000000000
-1.0000000000 0.0000000000 0.0000000000 1880.0000000000
0.0000000000 0.0000000000 0.0000000000 1.0000000000

0.0000000000 0.0000000000 1.0000000000 2276.0000000000
0.0000000000 1.0000000000 0.0000000000 -212.0000000000
-1.0000000000 0.0000000000 0.0000000000 1880.0000000000
0.0000000000 0.0000000000 0.0000000000 1.0000000000

0.0000000000 0.0000000000 1.0000000000 2276.0000000000
0.0000000000 1.0000000000 0.0000000000 -212.4000000000
-1.0000000000 0.0000000000 0.0000000000 1880.0000000000
0.0000000000 0.0000000000 0.0000000000 1.0000000000

0.0000000000 0.0000000000 1.0000000000 2276.0000000000
0.0000000000 1.0000000000 0.0000000000 -212.8000000000
-1.0000000000 0.0000000000 0.0000000000 1880.0000000000
0.0000000000 0.0000000000 0.0000000000 1.0000000000

0.0000000000 0.0000000000 1.0000000000 2276.0000000000
0.0000000000 1.0000000000 0.0000000000 -213.2000000000
-1.0000000000 0.0000000000 0.0000000000 1880.0000000000
0.0000000000 0.0000000000 0.0000000000 1.0000000000

0.0000000000 0.0000000000 1.0000000000 2276.0000000000
0.0000000000 1.0000000000 0.0000000000 -213.6000000000
-1.0000000000 0.0000000000 0.0000000000 1880.0000000000
0.0000000000 0.0000000000 0.0000000000 1.0000000000

0.0000000000 0.0000000000 1.0000000000 2276.0000000000
0.0000000000 1.0000000000 0.0000000000 -214.0000000000
-1.0000000000 0.0000000000 0.0000000000 1880.0000000000
0.0000000000 0.0000000000 0.0000000000 1.0000000000

0.0000000000 0.0000000000 1.0000000000 2276.0000000000
0.0000000000 1.0000000000 0.0000000000 -214.4000000000
-1.0000000000 0.0000000000 0.0000000000 1880.0000000000
0.0000000000 0.0000000000 0.0000000000 1.0000000000

0.0000000000 0.0000000000 1.0000000000 2276.0000000000
0.0000000000 1.0000000000 0.0000000000 -214.8000000000
-1.0000000000 0.0000000000 0.0000000000 1880.0000000000
0.0000000000 0.0000000000 0.0000000000 1.0000000000

0.0000000000 0.0000000000 1.0000000000 2276.0000000000
0.0000000000 1.0000000000 0.0000000000 -215.2000000000
-1.0000000000 0.0000000000 0.0000000000 1880.0000000000
0.0000000000 0.0000000000 0.0000000000 1.0000000000

0.0000000000 0.0000000000 1.0000000000 2276.0000000000
0.0000000000 1.0000000000 0.0000000000 -215.6000000000
-1.0000000000 0.0000000000 0.0000000000 1880.0000000000
0.0000000000 0.0000000000 0.0000000000 1.0000000000

0.0000000000 0.0000000000 1.0000000000 2276.0000000000
0.0000000000 1.0000000000 0.0000000000 -216.0000000000
-1.0000000000 0.0000000000 0.0000000000 1880.0000000000
0.0000000000 0.0000000000 0.0000000000 1.0000000000

0.0000000000 0.0000000000 1.0000000000 2276.0000000000
0.0000000000 1.0000000000 0.0000000000 -216.4000000000
-1.0000000000 0.0000000000 0.0000000000 1880.0000000000
0.0000000000 0.0000000000 0.0000000000 1.0000000000

0.0000000000 0.0000000000 1.0000000000 2276.0000000000
0.0000000000 1.0000000000 0.0000000000 -216.8000000000
-1.0000000000 0.0000000000 0.0000000000 1880.0000000000
0.0000000000 0.0000000000 0.0000000000 1.0000000000

0.0000000000 0.0000000000 1.0000000000 2276.0000000000
0.0000000000 1.0000000000 0.0000000000 -217.2000000000
-1.0000000000 0.0000000000 0.0000000000 1880.0000000000
0.0000000000 0.0000000000 0.0000000000 1.0000000000

0.0000000000 0.0000000000 1.0000000000 2276.0000000000
0.0000000000 1.0000000000 0.0000000000 -217.6000000000
-1.0000000000 0.0000000000 0.0000000000 1880.0000000000
0.0000000000 0.0000000000 0.0000000000 1.0000000000

0.0000000000 0.0000000000 1.0000000000 2276.0000000000
0.0000000000 1.0000000000 0.0000000000 -218.0000000000
-1.0000000000 0.0000000000 0.0000000000 1880.0000000000
0.0000000000 0.0000000000 0.0000000000 1.0000000000

0.0000000000 0.0000000000 1.0000000000 2276.0000000000
0.0000000000 1.0000000000 0.0000000000 -218.4000000000
-1.0000000000 0.0000000000 0.0000000000 1880.0000000000
0.0000000000 0.0000000000 0.0000000000 1.0000000000

0.0000000000 0.0000000000 1.0000000000 2276.0000000000
0.0000000000 1.0000000000 0.0000000000 -218.8000000000
-1.0000000000 0.0000000000 0.0000000000 1880.0000000000
0.0000000000 0.0000000000 0.0000000000 1.0000000000

0.0000000000 0.0000000000 1.0000000000 2276.0000000000
0.0000000000 1.0000000000 0.0000000000 -219.2000000000
-1.0000000000 0.0000000000 0.0000000000 1880.0000000000
0.0000000000 0.0000000000 0.0000000000 1.0000000000

0.0000000000 0.0000000000 1.0000000000 2276.0000000000
0.0000000000 1.0000000000 0.0000000000 -219.6000000000
-1.0000000000 0.0000000000 0.0000000000 1880.0000000000
0.0000000000 0.0000000000 0.0000000000 1.0000000000

0.0000000000 0.0000000000 1.0000000000 2276.0000000000
0.0000000000 1.0000000000 0.0000000000 -220.0000000000
-1.0000000000 0.0000000000 0.0000000000 1880.0000000000
0.0000000000 0.0000000000 0.0000000000 1.0000000000

0.0000000000 0.0000000000 1.0000000000 2276.0000000000
0.0000000000 1.0000000000 0.0000000000 -220.4000000000
-1.0000000000 0.0000000000 0.0000000000 1880.0000000000
0.0000000000 0.0000000000 0.0000000000 1.0000000000

0.0000000000 0.0000000000 1.0000000000 2276.0000000000
0.0000000000 1.0000000000 0.0000000000 -220.8000000000
-1.0000000000 0.0000000000 0.0000000000 1880.0000000000
0.0000000000 0.0000000000 0.0000000000 1.0000000000

0.0000000000 0.0000000000 1.0000000000 2276.0000000000
0.0000000000 1.0000000000 0.0000000000 -221.2000000000
-1.0000000000 0.0000000000 0.0000000000 1880.0000000000
0.0000000000 0.0000000000 0.0000000000 1.0000000000

0.0000000000 0.0000000000 1.0000000000 2276.0000000000
0.0000000000 1.0000000000 0.0000000000 -221.6000000000
-1.0000000000 0.0000000000 0.0000000000 1880.0000000000
0.0000000000 0.0000000000 0.0000000000 1.0000000000

0.0000000000 0.0000000000 1.0000000000 2276.0000000000
0.0000000000 1.0000000000 0.0000000000 -222.0000000000
-1.0000000000 0.0000000000 0.0000000000 1880.0000000000
0.0000000000 0.0000000000 0.0000000000 1.0000000000

0.0000000000 0.0000000000 1.0000000000 2276.0000000000
0.0000000000 1.0000000000 0.0000000000 -222.4000000000
-1.0000000000 0.0000000000 0.0000000000 1880.0000000000
0.0000000000 0.0000000000 0.0000000000 1.0000000000

0.0000000000 0.0000000000 1.0000000000 2276.0000000000
0.0000000000 1.0000000000 0.0000000000 -222.8000000000
-1.0000000000 0.0000000000 0.0000000000 1880.0000000000
0.0000000000 0.0000000000 0.0000000000 1.0000000000

0.0000000000 0.0000000000 1.0000000000 2276.0000000000
0.0000000000 1.0000000000 0.0000000000 -223.2000000000
-1.0000000000 0.0000000000 0.0000000000 1880.0000000000
0.0000000000 0.0000000000 0.0000000000 1.0000000000

0.0000000000 0.0000000000 1.0000000000 2276.0000000000
0.0000000000 1.0000000000 0.0000000000 -223.6000000000
-1.0000000000 0.0000000000 0.0000000000 1880.0000000000
0.0000000000 0.0000000000 0.0000000000 1.0000000000

0.0000000000 0.0000000000 1.0000000000 2276.0000000000
0.0000000000 1.0000000000 0.0000000000 -224.0000000000
-1.0000000000 0.0000000000 0.0000000000 1880.0000000000
0.0000000000 0.0000000000 0.0000000000 1.0000000000

0.0000000000 0.0000000000 1.0000000000 2276.0000000000
0.0000000000 1.0000000000 0.0000000000 -224.4000000000
-1.0000000000 0.0000000000 0.0000000000 1880.0000000000
0.0000000000 0.0000000000 0.0000000000 1.0000000000

0.0000000000 0.0000000000 1.0000000000 2276.0000000000
0.0000000000 1.0000000000 0.0000000000 -224.8000000000
-1.0000000000 0.0000000000 0.0000000000 1880.0000000000
0.0000000000 0.0000000000 0.0000000000 1.0000000000

0.0000000000 0.0000000000 1.0000000000 2276.0000000000
0.0000000000 1.0000000000 0.0000000000 -225.2000000000
-1.0000000000 0.0000000000 0.0000000000 1880.0000000000
0.0000000000 0.0000000000 0.0000000000 1.0000000000

0.0000000000 0.0000000000 1.0000000000 2276.0000000000
0.0000000000 1.0000000000 0.0000000000 -225.6000000000
-1.0000000000 0.0000000000 0.0000000000 1880.0000000000
0.0000000000 0.0000000000 0.0000000000 1.0000000000

0.0000000000 0.0000000000 1.0000000000 2276.0000000000
0.0000000000 1.0000000000 0.0000000000 -226.0000000000
-1.0000000000 0.0000000000 0.0000000000 1880.0000000000
0.0000000000 0.0000000000 0.0000000000 1.0000000000

0.0000000000 0.0000000000 1.0000000000 2276.0000000000
0.0000000000 1.0000000000 0.0000000000 -226.4000000000
-1.0000000000 0.0000000000 0.0000000000 1880.0000000000
0.0000000000 0.0000000000 0.0000000000 1.0000000000

0.0000000000 0.0000000000 1.0000000000 2276.0000000000
0.0000000000 1.0000000000 0.0000000000 -226.8000000000
-1.0000000000 0.0000000000 0.0000000000 1880.0000000000
0.0000000000 0.0000000000 0.0000000000 1.0000000000

0.0000000000 0.0000000000 1.0000000000 2276.0000000000
0.0000000000 1.0000000000 0.0000000000 -227.2000000000
-1.0000000000 0.0000000000 0.0000000000 1880.0000000000
0.0000000000 0.0000000000 0.0000000000 1.0000000000

0.0000000000 0.0000000000 1.0000000000 2276.0000000000
0.0000000000 1.0000000000 0.0000000000 -227.6000000000
-1.0000000000 0.0000000000 0.0000000000 1880.0000000000
0.0000000000 0.0000000000 0.0000000000 1.0000000000

0.0000000000 0.0000000000 1.0000000000 2276.0000000000
0.0000000000 1.0000000000 0.0000000000 -228.0000000000
-1.0000000000 0.0000000000 0.0000000000 1880.0000000000
0.0000000000 0.0000000000 0.0000000000 1.0000000000

0.0000000000 0.0000000000 1.0000000000 2276.0000000000
0.0000000000 1.0000000000 0.0000000000 -228.4000000000
-1.0000000000 0.0000000000 0.0000000000 1880.0000000000
0.0000000000 0.0000000000 0.0000000000 1.0000000000

0.0000000000 0.0000000000 1.0000000000 2276.0000000000
0.0000000000 1.0000000000 0.0000000000 -228.8000000000
-1.0000000000 0.0000000000 0.0000000000 1880.0000000000
0.0000000000 0.0000000000 0.0000000000 1.0000000000

0.0000000000 0.0000000000 1.0000000000 2276.0000000000
0.0000000000 1.0000000000 0.0000000000 -229.2000000000
-1.0000000000 0.0000000000 0.0000000000 1880.0000000000
0.0000000000 0.0000000000 0.0000000000 1.0000000000

0.0000000000 0.0000000000 1.0000000000 2276.0000000000
0.0000000000 1.0000000000 0.0000000000 -229.6000000000
-1.0000000000 0.0000000000 0.0000000000 1880.0000000000
0.0000000000 0.0000000000 0.0000000000 1.0000000000

0.0000000000 0.0000000000 1.0000000000 2276.0000000000
0.0000000000 1.0000000000 0.0000000000 -230.0000000000
-1.0000000000 0.0000000000 0.0000000000 1880.0000000000
0.0000000000 0.0000000000 0.0000000000 1.0000000000

0.0000000000 0.0000000000 1.0000000000 2276.0000000000
0.0000000000 1.0000000000 0.0000000000 -230.4000000000
-1.0000000000 0.0000000000 0.0000000000 1880.0000000000
0.0000000000 0.0000000000 0.0000000000 1.0000000000

0.0000000000 0.0000000000 1.0000000000 2276.0000000000
0.0000000000 1.0000000000 0.0000000000 -230.8000000000
-1.0000000000 0.0000000000 0.0000000000 1880.0000000000
0.0000000000 0.0000000000 0.0000000000 1.0000000000

0.0000000000 0.0000000000 1.0000000000 2276.0000000000
0.0000000000 1.0000000000 0.0000000000 -231.2000000000
-1.0000000000 0.0000000000 0.0000000000 1880.0000000000
0.0000000000 0.0000000000 0.0000000000 1.0000000000

0.0000000000 0.0000000000 1.0000000000 2276.0000000000
0.0000000000 1.0000000000 0.0000000000 -231.6000000000
-1.0000000000 0.0000000000 0.0000000000 1880.0000000000
0.0000000000 0.0000000000 0.0000000000 1.0000000000

0.0000000000 0.0000000000 1.0000000000 2276.0000000000
0.0000000000 1.0000000000 0.0000000000 -232.0000000000
-1.0000000000 0.0000000000 0.0000000000 1880.0000000000
0.0000000000 0.0000000000 0.0000000000 1.0000000000

0.0000000000 0.0000000000 1.0000000000 2276.0000000000
0.0000000000 1.0000000000 0.0000000000 -232.4000000000
-1.0000000000 0.0000000000 0.0000000000 1880.0000000000
0.0000000000 0.0000000000 0.0000000000 1.0000000000

0.0000000000 0.0000000000 1.0000000000 2276.0000000000
0.0000000000 1.0000000000 0.0000000000 -232.8000000000
-1.0000000000 0.0000000000 0.0000000000 1880.0000000000
0.0000000000 0.0000000000 0.0000000000 1.0000000000

0.0000000000 0.0000000000 1.0000000000 2276.0000000000
0.0000000000 1.0000000000 0.0000000000 -233.2000000000
-1.0000000000 0.0000000000 0.0000000000 1880.0000000000
0.0000000000 0.0000000000 0.0000000000 1.0000000000

0.0000000000 0.0000000000 1.0000000000 2276.0000000000
0.0000000000 1.0000000000 0.0000000000 -233.6000000000
-1.0000000000 0.0000000000 0.0000000000 1880.0000000000
0.0000000000 0.0000000000 0.0000000000 1.0000000000

0.0000000000 0.0000000000 1.0000000000 2276.0000000000
0.0000000000 1.0000000000 0.0000000000 -234.0000000000
-1.0000000000 0.0000000000 0.0000000000 1880.0000000000
0.0000000000 0.0000000000 0.0000000000 1.0000000000

0.0000000000 0.0000000000 1.0000000000 2276.0000000000
0.0000000000 1.0000000000 0.0000000000 -234.4000000000
-1.0000000000 0.0000000000 0.0000000000 1880.0000000000
0.0000000000 0.0000000000 0.0000000000 1.0000000000

0.0000000000 0.0000000000 1.0000000000 2276.0000000000
0.0000000000 1.0000000000 0.0000000000 -234.8000000000
-1.0000000000 0.0000000000 0.0000000000 1880.0000000000
0.0000000000 0.0000000000 0.0000000000 1.0000000000

0.0000000000 0.0000000000 1.0000000000 2276.0000000000
0.0000000000 1.0000000000 0.0000000000 -235.2000000000
-1.0000000000 0.0000000000 0.0000000000 1880.0000000000
0.0000000000 0.0000000000 0.0000000000 1.0000000000

0.0000000000 0.0000000000 1.0000000000 2276.0000000000
0.0000000000 1.0000000000 0.0000000000 -235.6000000000
-1.0000000000 0.0000000000 0.0000000000 1880.0000000000
0.0000000000 0.0000000000 0.0000000000 1.0000000000

0.0000000000 0.0000000000 1.0000000000 2276.0000000000
0.0000000000 1.0000000000 0.0000000000 -236.0000000000
-1.0000000000 0.0000000000 0.0000000000 1880.0000000000
0.0000000000 0.0000000000 0.0000000000 1.0000000000

0.0000000000 0.0000000000 1.0000000000 2276.0000000000
0.0000000000 1.0000000000 0.0000000000 -236.4000000000
-1.0000000000 0.0000000000 0.0000000000 1880.0000000000
0.0000000000 0.0000000000 0.0000000000 1.0000000000

0.0000000000 0.0000000000 1.0000000000 2276.0000000000
0.0000000000 1.0000000000 0.0000000000 -236.8000000000
-1.0000000000 0.0000000000 0.0000000000 1880.0000000000
0.0000000000 0.0000000000 0.0000000000 1.0000000000

0.0000000000 0.0000000000 1.0000000000 2276.0000000000
0.0000000000 1.0000000000 0.0000000000 -237.2000000000
-1.0000000000 0.0000000000 0.0000000000 1880.0000000000
0.0000000000 0.0000000000 0.0000000000 1.0000000000

0.0000000000 0.0000000000 1.0000000000 2276.0000000000
0.0000000000 1.0000000000 0.0000000000 -237.6000000000
-1.0000000000 0.0000000000 0.0000000000 1880.0000000000
0.0000000000 0.0000000000 0.0000000000 1.0000000000

0.0000000000 0.0000000000 1.0000000000 2276.0000000000
0.0000000000 1.0000000000 0.0000000000 -238.0000000000
-1.0000000000 0.0000000000 0.0000000000 1880.0000000000
0.0000000000 0.0000000000 0.0000000000 1.0000000000

0.0000000000 0.0000000000 1.0000000000 2276.0000000000
0.0000000000 1.0000000000 0.0000000000 -238.4000000000
-1.0000000000 0.0000000000 0.0000000000 1880.0000000000
0.0000000000 0.0000000000 0.0000000000 1.0000000000

0.0000000000 0.0000000000 1.0000000000 2276.0000000000
0.0000000000 1.0000000000 0.0000000000 -238.8000000000
-1.0000000000 0.0000000000 0.0000000000 1880.0000000000
0.0000000000 0.0000000000 0.0000000000 1.0000000000

0.0000000000 0.0000000000 1.0000000000 2276.0000000000
0.0000000000 1.0000000000 0.0000000000 -239.2000000000
-1.0000000000 0.0000000000 0.0000000000 1880.0000000000
0.0000000000 0.0000000000 0.0000000000 1.0000000000

0.0000000000 0.0000000000 1.0000000000 2276.0000000000
0.0000000000 1.0000000000 0.0000000000 -239.6000000000
-1.0000000000 0.0000000000 0.0000000000 1880.0000000000
0.0000000000 0.0000000000 0.0000000000 1.0000000000

0.0000000000 0.0000000000 1.0000000000 2276.0000000000
0.0000000000 1.0000000000 0.0000000000 -240.0000000000
-1.0000000000 0.0000000000 0.0000000000 1880.0000000000
0.0000000000 0.0000000000 0.0000000000 1.0000000000

0.0000000000 0.0000000000 1.0000000000 2276.0000000000
0.0000000000 1.0000000000 0.0000000000 -240.4000000000
-1.0000000000 0.0000000000 0.0000000000 1880.0000000000
0.0000000000 0.0000000000 0.0000000000 1.0000000000

0.0000000000 0.0000000000 1.0000000000 2276.0000000000
0.0000000000 1.0000000000 0.0000000000 -240.8000000000
-1.0000000000 0.0000000000 0.0000000000 1880.0000000000
0.0000000000 0.0000000000 0.0000000000 1.0000000000

0.0000000000 0.0000000000 1.0000000000 2276.0000000000
0.0000000000 1.0000000000 0.0000000000 -241.2000000000
-1.0000000000 0.0000000000 0.0000000000 1880.0000000000
0.0000000000 0.0000000000 0.0000000000 1.0000000000

0.0000000000 0.0000000000 1.0000000000 2276.0000000000
0.0000000000 1.0000000000 0.0000000000 -241.6000000000
-1.0000000000 0.0000000000 0.0000000000 1880.0000000000
0.0000000000 0.0000000000 0.0000000000 1.0000000000

0.0000000000 0.0000000000 1.0000000000 2276.0000000000
0.0000000000 1.0000000000 0.0000000000 -242.0000000000
-1.0000000000 0.0000000000 0.0000000000 1880.0000000000
0.0000000000 0.0000000000 0.0000000000 1.0000000000

0.0000000000 0.0000000000 1.0000000000 2276.0000000000
0.0000000000 1.0000000000 0.0000000000 -242.4000000000
-1.0000000000 0.0000000000 0.0000000000 1880.0000000000
0.0000000000 0.0000000000 0.0000000000 1.0000000000

0.0000000000 0.0000000000 1.0000000000 2276.0000000000
0.0000000000 1.0000000000 0.0000000000 -242.8000000000
-1.0000000000 0.0000000000 0.0000000000 1880.0000000000
0.0000000000 0.0000000000 0.0000000000 1.0000000000

0.0000000000 0.0000000000 1.0000000000 2276.0000000000
0.0000000000 1.0000000000 0.0000000000 -243.2000000000
-1.0000000000 0.0000000000 0.0000000000 1880.0000000000
0.0000000000 0.0000000000 0.0000000000 1.0000000000

0.0000000000 0.0000000000 1.0000000000 2276.0000000000
0.0000000000 1.0000000000 0.0000000000 -243.6000000000
-1.0000000000 0.0000000000 0.0000000000 1880.0000000000
0.0000000000 0.0000000000 0.0000000000 1.0000000000

0.0000000000 0.0000000000 1.0000000000 2276.0000000000
0.0000000000 1.0000000000 0.0000000000 -244.0000000000
-1.0000000000 0.0000000000 0.0000000000 1880.0000000000
0.0000000000 0.0000000000 0.0000000000 1.0000000000

0.0000000000 0.0000000000 1.0000000000 2276.0000000000
0.0000000000 1.0000000000 0.0000000000 -244.4000000000
-1.0000000000 0.0000000000 0.0000000000 1880.0000000000
0.0000000000 0.0000000000 0.0000000000 1.0000000000

0.0000000000 0.0000000000 1.0000000000 2276.0000000000
0.0000000000 1.0000000000 0.0000000000 -244.8000000000
-1.0000000000 0.0000000000 0.0000000000 1880.0000000000
0.0000000000 0.0000000000 0.0000000000 1.0000000000

0.0000000000 0.0000000000 1.0000000000 2276.0000000000
0.0000000000 1.0000000000 0.0000000000 -245.2000000000
-1.0000000000 0.0000000000 0.0000000000 1880.0000000000
0.0000000000 0.0000000000 0.0000000000 1.0000000000

0.0000000000 0.0000000000 1.0000000000 2276.0000000000
0.0000000000 1.0000000000 0.0000000000 -245.6000000000
-1.0000000000 0.0000000000 0.0000000000 1880.0000000000
0.0000000000 0.0000000000 0.0000000000 1.0000000000

0.0000000000 0.0000000000 1.0000000000 2276.0000000000
0.0000000000 1.0000000000 0.0000000000 -246.0000000000
-1.0000000000 0.0000000000 0.0000000000 1880.0000000000
0.0000000000 0.0000000000 0.0000000000 1.0000000000

0.0000000000 0.0000000000 1.0000000000 2276.0000000000
0.0000000000 1.0000000000 0.0000000000 -246.4000000000
-1.0000000000 0.0000000000 0.0000000000 1880.0000000000
0.0000000000 0.0000000000 0.0000000000 1.0000000000

0.0000000000 0.0000000000 1.0000000000 2276.0000000000
0.0000000000 1.0000000000 0.0000000000 -246.8000000000
-1.0000000000 0.0000000000 0.0000000000 1880.0000000000
0.0000000000 0.0000000000 0.0000000000 1.0000000000

0.0000000000 0.0000000000 1.0000000000 2276.0000000000
0.0000000000 1.0000000000 0.0000000000 -247.2000000000
-1.0000000000 0.0000000000 0.0000000000 1880.0000000000
0.0000000000 0.0000000000 0.0000000000 1.0000000000

0.0000000000 0.0000000000 1.0000000000 2276.0000000000
0.0000000000 1.0000000000 0.0000000000 -247.6000000000
-1.0000000000 0.0000000000 0.0000000000 1880.0000000000
0.0000000000 0.0000000000 0.0000000000 1.0000000000

0.0000000000 0.0000000000 1.0000000000 2276.0000000000
0.0000000000 1.0000000000 0.0000000000 -248.0000000000
-1.0000000000 0.0000000000 0.0000000000 1880.0000000000
0.0000000000 0.0000000000 0.0000000000 1.0000000000

0.0000000000 0.0000000000 1.0000000000 2276.0000000000
0.0000000000 1.0000000000 0.0000000000 -248.4000000000
-1.0000000000 0.0000000000 0.0000000000 1880.0000000000
0.0000000000 0.0000000000 0.0000000000 1.0000000000

0.0000000000 0.0000000000 1.0000000000 2276.0000000000
0.0000000000 1.0000000000 0.0000000000 -248.8000000000
-1.0000000000 0.0000000000 0.0000000000 1880.0000000000
0.0000000000 0.0000000000 0.0000000000 1.0000000000

0.0000000000 0.0000000000 1.0000000000 2276.0000000000
0.0000000000 1.0000000000 0.0000000000 -249.2000000000
-1.0000000000 0.0000000000 0.0000000000 1880.0000000000
0.0000000000 0.0000000000 0.0000000000 1.0000000000

0.0000000000 0.0000000000 1.0000000000 2276.0000000000
0.0000000000 1.0000000000 0.0000000000 -249.6000000000
-1.0000000000 0.0000000000 0.0000000000 1880.0000000000
0.0000000000 0.0000000000 0.0000000000 1.0000000000

0.0000000000 0.0000000000 1.0000000000 2276.0000000000
0.0000000000 1.0000000000 0.0000000000 -250.0000000000
-1.0000000000 0.0000000000 0.0000000000 1880.0000000000
0.0000000000 0.0000000000 0.0000000000 1.0000000000

0.0000000000 0.0000000000 1.0000000000 2276.0000000000
0.0000000000 1.0000000000 0.0000000000 -250.4000000000
-1.0000000000 0.0000000000 0.0000000000 1880.0000000000
0.0000000000 0.0000000000 0.0000000000 1.0000000000

0.0000000000 0.0000000000 1.0000000000 2276.0000000000
0.0000000000 1.0000000000 0.0000000000 -250.8000000000
-1.0000000000 0.0000000000 0.0000000000 1880.0000000000
0.0000000000 0.0000000000 0.0000000000 1.0000000000

0.0000000000 0.0000000000 1.0000000000 2276.0000000000
0.0000000000 1.0000000000 0.0000000000 -251.2000000000
-1.0000000000 0.0000000000 0.0000000000 1880.0000000000
0.0000000000 0.0000000000 0.0000000000 1.0000000000

0.0000000000 0.0000000000 1.0000000000 2276.0000000000
0.0000000000 1.0000000000 0.0000000000 -251.6000000000
-1.0000000000 0.0000000000 0.0000000000 1880.0000000000
0.0000000000 0.0000000000 0.0000000000 1.0000000000

0.0000000000 0.0000000000 1.0000000000 2276.0000000000
0.0000000000 1.0000000000 0.0000000000 -252.0000000000
-1.0000000000 0.0000000000 0.0000000000 1880.0000000000
0.0000000000 0.0000000000 0.0000000000 1.0000000000

0.0000000000 0.0000000000 1.0000000000 2276.0000000000
0.0000000000 1.0000000000 0.0000000000 -252.4000000000
-1.0000000000 0.0000000000 0.0000000000 1880.0000000000
0.0000000000 0.0000000000 0.0000000000 1.0000000000

0.0000000000 0.0000000000 1.0000000000 2276.0000000000
0.0000000000 1.0000000000 0.0000000000 -252.8000000000
-1.0000000000 0.0000000000 0.0000000000 1880.0000000000
0.0000000000 0.0000000000 0.0000000000 1.0000000000

0.0000000000 0.0000000000 1.0000000000 2276.0000000000
0.0000000000 1.0000000000 0.0000000000 -253.2000000000
-1.0000000000 0.0000000000 0.0000000000 1880.0000000000
0.0000000000 0.0000000000 0.0000000000 1.0000000000

0.0000000000 0.0000000000 1.0000000000 2276.0000000000
0.0000000000 1.0000000000 0.0000000000 -253.6000000000
-1.0000000000 0.0000000000 0.0000000000 1880.0000000000
0.0000000000 0.0000000000 0.0000000000 1.0000000000

0.0000000000 0.0000000000 1.0000000000 2276.0000000000
0.0000000000 1.0000000000 0.0000000000 -254.0000000000
-1.0000000000 0.0000000000 0.0000000000 1880.0000000000
0.0000000000 0.0000000000 0.0000000000 1.0000000000

0.0000000000 0.0000000000 1.0000000000 2276.0000000000
0.0000000000 1.0000000000 0.0000000000 -254.4000000000
-1.0000000000 0.0000000000 0.0000000000 1880.0000000000
0.0000000000 0.0000000000 0.0000000000 1.0000000000

0.0000000000 0.0000000000 1.0000000000 2276.0000000000
0.0000000000 1.0000000000 0.0000000000 -254.8000000000
-1.0000000000 0.0000000000 0.0000000000 1880.0000000000
0.0000000000 0.0000000000 0.0000000000 1.0000000000

0.0000000000 0.0000000000 1.0000000000 2276.0000000000
0.0000000000 1.0000000000 0.0000000000 -255.2000000000
-1.0000000000 0.0000000000 0.0000000000 1880.0000000000
0.0000000000 0.0000000000 0.0000000000 1.0000000000

0.0000000000 0.0000000000 1.0000000000 2276.0000000000
0.0000000000 1.0000000000 0.0000000000 -255.6000000000
-1.0000000000 0.0000000000 0.0000000000 1880.0000000000
0.0000000000 0.0000000000 0.0000000000 1.0000000000

0.0000000000 0.0000000000 1.0000000000 2276.0000000000
0.0000000000 1.0000000000 0.0000000000 -256.0000000000
-1.0000000000 0.0000000000 0.0000000000 1880.0000000000
0.0000000000 0.0000000000 0.0000000000 1.0000000000

0.0000000000 0.0000000000 1.0000000000 2276.0000000000
0.0000000000 1.0000000000 0.0000000000 -256.4000000000
-1.0000000000 0.0000000000 0.0000000000 1880.0000000000
0.0000000000 0.0000000000 0.0000000000 1.0000000000

0.0000000000 0.0000000000 1.0000000000 2276.0000000000
0.0000000000 1.0000000000 0.0000000000 -256.8000000000
-1.0000000000 0.0000000000 0.0000000000 1880.0000000000
0.0000000000 0.0000000000 0.0000000000 1.0000000000

0.0000000000 0.0000000000 1.0000000000 2276.0000000000
0.0000000000 1.0000000000 0.0000000000 -257.2000000000
-1.0000000000 0.0000000000 0.0000000000 1880.0000000000
0.0000000000 0.0000000000 0.0000000000 1.0000000000

0.0000000000 0.0000000000 1.0000000000 2276.0000000000
0.0000000000 1.0000000000 0.0000000000 -257.6000000000
-1.0000000000 0.0000000000 0.0000000000 1880.0000000000
0.0000000000 0.0000000000 0.0000000000 1.0000000000

0.0000000000 0.0000000000 1.0000000000 2276.0000000000
0.0000000000 1.0000000000 0.0000000000 -258.0000000000
-1.0000000000 0.0000000000 0.0000000000 1880.0000000000
0.0000000000 0.0000000000 0.0000000000 1.0000000000

0.0000000000 0.0000000000 1.0000000000 2276.0000000000
0.0000000000 1.0000000000 0.0000000000 -258.4000000000
-1.0000000000 0.0000000000 0.0000000000 1880.0000000000
0.0000000000 0.0000000000 0.0000000000 1.0000000000

0.0000000000 0.0000000000 1.0000000000 2276.0000000000
0.0000000000 1.0000000000 0.0000000000 -258.8000000000
-1.0000000000 0.0000000000 0.0000000000 1880.0000000000
0.0000000000 0.0000000000 0.0000000000 1.0000000000

0.0000000000 0.0000000000 1.0000000000 2276.0000000000
0.0000000000 1.0000000000 0.0000000000 -259.2000000000
-1.0000000000 0.0000000000 0.0000000000 1880.0000000000
0.0000000000 0.0000000000 0.0000000000 1.0000000000

0.0000000000 0.0000000000 1.0000000000 2276.0000000000
0.0000000000 1.0000000000 0.0000000000 -259.6000000000
-1.0000000000 0.0000000000 0.0000000000 1880.0000000000
0.0000000000 0.0000000000 0.0000000000 1.0000000000

0.0000000000 0.0000000000 1.0000000000 2276.0000000000
0.0000000000 1.0000000000 0.0000000000 -260.0000000000
-1.0000000000 0.0000000000 0.0000000000 1880.0000000000
0.0000000000 0.0000000000 0.0000000000 1.0000000000

0.0000000000 0.0000000000 1.0000000000 2276.0000000000
0.0000000000 1.0000000000 0.0000000000 -260.4000000000
-1.0000000000 0.0000000000 0.0000000000 1880.0000000000
0.0000000000 0.0000000000 0.0000000000 1.0000000000

0.0000000000 0.0000000000 1.0000000000 2276.0000000000
0.0000000000 1.0000000000 0.0000000000 -260.8000000000
-1.0000000000 0.0000000000 0.0000000000 1880.0000000000
0.0000000000 0.0000000000 0.0000000000 1.0000000000

0.0000000000 0.0000000000 1.0000000000 2276.0000000000
0.0000000000 1.0000000000 0.0000000000 -261.2000000000
-1.0000000000 0.0000000000 0.0000000000 1880.0000000000
0.0000000000 0.0000000000 0.0000000000 1.0000000000

0.0000000000 0.0000000000 1.0000000000 2276.0000000000
0.0000000000 1.0000000000 0.0000000000 -261.6000000000
-1.0000000000 0.0000000000 0.0000000000 1880.0000000000
0.0000000000 0.0000000000 0.0000000000 1.0000000000

0.0000000000 0.0000000000 1.0000000000 2276.0000000000
0.0000000000 1.0000000000 0.0000000000 -262.0000000000
-1.0000000000 0.0000000000 0.0000000000 1880.0000000000
0.0000000000 0.0000000000 0.0000000000 1.0000000000

0.0000000000 0.0000000000 1.0000000000 2276.0000000000
0.0000000000 1.0000000000 0.0000000000 -262.4000000000
-1.0000000000 0.0000000000 0.0000000000 1880.0000000000
0.0000000000 0.0000000000 0.0000000000 1.0000000000

0.0000000000 0.0000000000 1.0000000000 2276.0000000000
0.0000000000 1.0000000000 0.0000000000 -262.8000000000
-1.0000000000 0.0000000000 0.0000000000 1880.0000000000
0.0000000000 0.0000000000 0.0000000000 1.0000000000

0.0000000000 0.0000000000 1.0000000000 2276.0000000000
0.0000000000 1.0000000000 0.0000000000 -263.2000000000
-1.0000000000 0.0000000000 0.0000000000 1880.0000000000
0.0000000000 0.0000000000 0.0000000000 1.0000000000

0.0000000000 0.0000000000 1.0000000000 2276.0000000000
0.0000000000 1.0000000000 0.0000000000 -263.6000000000
-1.0000000000 0.0000000000 0.0000000000 1880.0000000000
0.0000000000 0.0000000000 0.0000000000 1.0000000000

0.0000000000 0.0000000000 1.0000000000 2276.0000000000
0.0000000000 1.0000000000 0.0000000000 -264.0000000000
-1.0000000000 0.0000000000 0.0000000000 1880.0000000000
0.0000000000 0.0000000000 0.0000000000 1.0000000000

0.0000000000 0.0000000000 1.0000000000 2276.0000000000
0.0000000000 1.0000000000 0.0000000000 -264.4000000000
-1.0000000000 0.0000000000 0.0000000000 1880.0000000000
0.0000000000 0.0000000000 0.0000000000 1.0000000000

0.0000000000 0.0000000000 1.0000000000 2276.0000000000
0.0000000000 1.0000000000 0.0000000000 -264.8000000000
-1.0000000000 0.0000000000 0.0000000000 1880.0000000000
0.0000000000 0.0000000000 0.0000000000 1.0000000000

0.0000000000 0.0000000000 1.0000000000 2276.0000000000
0.0000000000 1.0000000000 0.0000000000 -265.2000000000
-1.0000000000 0.0000000000 0.0000000000 1880.0000000000
0.0000000000 0.0000000000 0.0000000000 1.0000000000

0.0000000000 0.0000000000 1.0000000000 2276.0000000000
0.0000000000 1.0000000000 0.0000000000 -265.6000000000
-1.0000000000 0.0000000000 0.0000000000 1880.0000000000
0.0000000000 0.0000000000 0.0000000000 1.0000000000

0.0000000000 0.0000000000 1.0000000000 2276.0000000000
0.0000000000 1.0000000000 0.0000000000 -266.0000000000
-1.0000000000 0.0000000000 0.0000000000 1880.0000000000
0.0000000000 0.0000000000 0.0000000000 1.0000000000

0.0000000000 0.0000000000 1.0000000000 2276.0000000000
0.0000000000 1.0000000000 0.0000000000 -266.4000000000
-1.0000000000 0.0000000000 0.0000000000 1880.0000000000
0.0000000000 0.0000000000 0.0000000000 1.0000000000

0.0000000000 0.0000000000 1.0000000000 2276.0000000000
0.0000000000 1.0000000000 0.0000000000 -266.8000000000
-1.0000000000 0.0000000000 0.0000000000 1880.0000000000
0.0000000000 0.0000000000 0.0000000000 1.0000000000

0.0000000000 0.0000000000 1.0000000000 2276.0000000000
0.0000000000 1.0000000000 0.0000000000 -267.2000000000
-1.0000000000 0.0000000000 0.0000000000 1880.0000000000
0.0000000000 0.0000000000 0.0000000000 1.0000000000

0.0000000000 0.0000000000 1.0000000000 2276.0000000000
0.0000000000 1.0000000000 0.0000000000 -267.6000000000
-1.0000000000 0.0000000000 0.0000000000 1880.0000000000
0.0000000000 0.0000000000 0.0000000000 1.0000000000

0.0000000000 0.0000000000 1.0000000000 2276.0000000000
0.0000000000 1.0000000000 0.0000000000 -268.0000000000
-1.0000000000 0.0000000000 0.0000000000 1880.0000000000
0.0000000000 0.0000000000 0.0000000000 1.0000000000

0.0000000000 0.0000000000 1.0000000000 2276.0000000000
0.0000000000 1.0000000000 0.0000000000 -268.4000000000
-1.0000000000 0.0000000000 0.0000000000 1880.0000000000
0.0000000000 0.0000000000 0.0000000000 1.0000000000

0.0000000000 0.0000000000 1.0000000000 2276.0000000000
0.0000000000 1.0000000000 0.0000000000 -268.8000000000
-1.0000000000 0.0000000000 0.0000000000 1880.0000000000
0.0000000000 0.0000000000 0.0000000000 1.0000000000

0.0000000000 0.0000000000 1.0000000000 2276.0000000000
0.0000000000 1.0000000000 0.0000000000 -269.2000000000
-1.0000000000 0.0000000000 0.0000000000 1880.0000000000
0.0000000000 0.0000000000 0.0000000000 1.0000000000

0.0000000000 0.0000000000 1.0000000000 2276.0000000000
0.0000000000 1.0000000000 0.0000000000 -269.6000000000
-1.0000000000 0.0000000000 0.0000000000 1880.0000000000
0.0000000000 0.0000000000 0.0000000000 1.0000000000

0.0000000000 0.0000000000 1.0000000000 2276.0000000000
0.0000000000 1.0000000000 0.0000000000 -270.0000000000
-1.0000000000 0.0000000000 0.0000000000 1880.0000000000
0.0000000000 0.0000000000 0.0000000000 1.0000000000

0.0000000000 0.0000000000 1.0000000000 2276.0000000000
0.0000000000 1.0000000000 0.0000000000 -270.4000000000
-1.0000000000 0.0000000000 0.0000000000 1880.0000000000
0.0000000000 0.0000000000 0.0000000000 1.0000000000

0.0000000000 0.0000000000 1.0000000000 2276.0000000000
0.0000000000 1.0000000000 0.0000000000 -270.8000000000
-1.0000000000 0.0000000000 0.0000000000 1880.0000000000
0.0000000000 0.0000000000 0.0000000000 1.0000000000

0.0000000000 0.0000000000 1.0000000000 2276.0000000000
0.0000000000 1.0000000000 0.0000000000 -271.2000000000
-1.0000000000 0.0000000000 0.0000000000 1880.0000000000
0.0000000000 0.0000000000 0.0000000000 1.0000000000

0.0000000000 0.0000000000 1.0000000000 2276.0000000000
0.0000000000 1.0000000000 0.0000000000 -271.6000000000
-1.0000000000 0.0000000000 0.0000000000 1880.0000000000
0.0000000000 0.0000000000 0.0000000000 1.0000000000

0.0000000000 0.0000000000 1.0000000000 2276.0000000000
0.0000000000 1.0000000000 0.0000000000 -272.0000000000
-1.0000000000 0.0000000000 0.0000000000 1880.0000000000
0.0000000000 0.0000000000 0.0000000000 1.0000000000

0.0000000000 0.0000000000 1.0000000000 2276.0000000000
0.0000000000 1.0000000000 0.0000000000 -272.4000000000
-1.0000000000 0.0000000000 0.0000000000 1880.0000000000
0.0000000000 0.0000000000 0.0000000000 1.0000000000

0.0000000000 0.0000000000 1.0000000000 2276.0000000000
0.0000000000 1.0000000000 0.0000000000 -272.8000000000
-1.0000000000 0.0000000000 0.0000000000 1880.0000000000
0.0000000000 0.0000000000 0.0000000000 1.0000000000

0.0000000000 0.0000000000 1.0000000000 2276.0000000000
0.0000000000 1.0000000000 0.0000000000 -273.2000000000
-1.0000000000 0.0000000000 0.0000000000 1880.0000000000
0.0000000000 0.0000000000 0.0000000000 1.0000000000

0.0000000000 0.0000000000 1.0000000000 2276.0000000000
0.0000000000 1.0000000000 0.0000000000 -273.6000000000
-1.0000000000 0.0000000000 0.0000000000 1880.0000000000
0.0000000000 0.0000000000 0.0000000000 1.0000000000

0.0000000000 0.0000000000 1.0000000000 2276.0000000000
0.0000000000 1.0000000000 0.0000000000 -274.0000000000
-1.0000000000 0.0000000000 0.0000000000 1880.0000000000
0.0000000000 0.0000000000 0.0000000000 1.0000000000

0.0000000000 0.0000000000 1.0000000000 2276.0000000000
0.0000000000 1.0000000000 0.0000000000 -274.4000000000
-1.0000000000 0.0000000000 0.0000000000 1880.0000000000
0.0000000000 0.0000000000 0.0000000000 1.0000000000

0.0000000000 0.0000000000 1.0000000000 2276.0000000000
0.0000000000 1.0000000000 0.0000000000 -274.8000000000
-1.0000000000 0.0000000000 0.0000000000 1880.0000000000
0.0000000000 0.0000000000 0.0000000000 1.0000000000

0.0000000000 0.0000000000 1.0000000000 2276.0000000000
0.0000000000 1.0000000000 0.0000000000 -275.2000000000
-1.0000000000 0.0000000000 0.0000000000 1880.0000000000
0.0000000000 0.0000000000 0.0000000000 1.0000000000

0.0000000000 0.0000000000 1.0000000000 2276.0000000000
0.0000000000 1.0000000000 0.0000000000 -275.6000000000
-1.0000000000 0.0000000000 0.0000000000 1880.0000000000
0.0000000000 0.0000000000 0.0000000000 1.0000000000

0.0000000000 0.0000000000 1.0000000000 2276.0000000000
0.0000000000 1.0000000000 0.0000000000 -276.0000000000
-1.0000000000 0.0000000000 0.0000000000 1880.0000000000
0.0000000000 0.0000000000 0.0000000000 1.0000000000

0.0000000000 0.0000000000 1.0000000000 2276.0000000000
0.0000000000 1.0000000000 0.0000000000 -276.4000000000
-1.0000000000 0.0000000000 0.0000000000 1880.0000000000
0.0000000000 0.0000000000 0.0000000000 1.0000000000

0.0000000000 0.0000000000 1.0000000000 2276.0000000000
0.0000000000 1.0000000000 0.0000000000 -276.8000000000
-1.0000000000 0.0000000000 0.0000000000 1880.0000000000
0.0000000000 0.0000000000 0.0000000000 1.0000000000

0.0000000000 0.0000000000 1.0000000000 2276.0000000000
0.0000000000 1.0000000000 0.0000000000 -277.2000000000
-1.0000000000 0.0000000000 0.0000000000 1880.0000000000
0.0000000000 0.0000000000 0.0000000000 1.0000000000

0.0000000000 0.0000000000 1.0000000000 2276.0000000000
0.0000000000 1.0000000000 0.0000000000 -277.6000000000
-1.0000000000 0.0000000000 0.0000000000 1880.0000000000
0.0000000000 0.0000000000 0.0000000000 1.0000000000

0.0000000000 0.0000000000 1.0000000000 2276.0000000000
0.0000000000 1.0000000000 0.0000000000 -278.0000000000
-1.0000000000 0.0000000000 0.0000000000 1880.0000000000
0.0000000000 0.0000000000 0.0000000000 1.0000000000

0.0000000000 0.0000000000 1.0000000000 2276.0000000000
0.0000000000 1.0000000000 0.0000000000 -278.4000000000
-1.0000000000 0.0000000000 0.0000000000 1880.0000000000
0.0000000000 0.0000000000 0.0000000000 1.0000000000

0.0000000000 0.0000000000 1.0000000000 2276.0000000000
0.0000000000 1.0000000000 0.0000000000 -278.8000000000
-1.0000000000 0.0000000000 0.0000000000 1880.0000000000
0.0000000000 0.0000000000 0.0000000000 1.0000000000

0.0000000000 0.0000000000 1.0000000000 2276.0000000000
0.0000000000 1.0000000000 0.0000000000 -279.2000000000
-1.0000000000 0.0000000000 0.0000000000 1880.0000000000
0.0000000000 0.0000000000 0.0000000000 1.0000000000

0.0000000000 0.0000000000 1.0000000000 2276.0000000000
0.0000000000 1.0000000000 0.0000000000 -279.6000000000
-1.0000000000 0.0000000000 0.0000000000 1880.0000000000
0.0000000000 0.0000000000 0.0000000000 1.0000000000

0.0000000000 0.0000000000 1.0000000000 2276.0000000000
0.0000000000 1.0000000000 0.0000000000 -280.0000000000
-1.0000000000 0.0000000000 0.0000000000 1880.0000000000
0.0000000000 0.0000000000 0.0000000000 1.0000000000

0.0000000000 0.0000000000 1.0000000000 2276.0000000000
0.0000000000 1.0000000000 0.0000000000 -280.4000000000
-1.0000000000 0.0000000000 0.0000000000 1880.0000000000
0.0000000000 0.0000000000 0.0000000000 1.0000000000

0.0000000000 0.0000000000 1.0000000000 2276.0000000000
0.0000000000 1.0000000000 0.0000000000 -280.8000000000
-1.0000000000 0.0000000000 0.0000000000 1880.0000000000
0.0000000000 0.0000000000 0.0000000000 1.0000000000

0.0000000000 0.0000000000 1.0000000000 2276.0000000000
0.0000000000 1.0000000000 0.0000000000 -281.2000000000
-1.0000000000 0.0000000000 0.0000000000 1880.0000000000
0.0000000000 0.0000000000 0.0000000000 1.0000000000

0.0000000000 0.0000000000 1.0000000000 2276.0000000000
0.0000000000 1.0000000000 0.0000000000 -281.6000000000
-1.0000000000 0.0000000000 0.0000000000 1880.0000000000
0.0000000000 0.0000000000 0.0000000000 1.0000000000

0.0000000000 0.0000000000 1.0000000000 2276.0000000000
0.0000000000 1.0000000000 0.0000000000 -282.0000000000
-1.0000000000 0.0000000000 0.0000000000 1880.0000000000
0.0000000000 0.0000000000 0.0000000000 1.0000000000

0.0000000000 0.0000000000 1.0000000000 2276.0000000000
0.0000000000 1.0000000000 0.0000000000 -282.4000000000
-1.0000000000 0.0000000000 0.0000000000 1880.0000000000
0.0000000000 0.0000000000 0.0000000000 1.0000000000

0.0000000000 0.0000000000 1.0000000000 2276.0000000000
0.0000000000 1.0000000000 0.0000000000 -282.8000000000
-1.0000000000 0.0000000000 0.0000000000 1880.0000000000
0.0000000000 0.0000000000 0.0000000000 1.0000000000

0.0000000000 0.0000000000 1.0000000000 2276.0000000000
0.0000000000 1.0000000000 0.0000000000 -283.2000000000
-1.0000000000 0.0000000000 0.0000000000 1880.0000000000
0.0000000000 0.0000000000 0.0000000000 1.0000000000

0.0000000000 0.0000000000 1.0000000000 2276.0000000000
0.0000000000 1.0000000000 0.0000000000 -283.6000000000
-1.0000000000 0.0000000000 0.0000000000 1880.0000000000
0.0000000000 0.0000000000 0.0000000000 1.0000000000

0.0000000000 0.0000000000 1.0000000000 2276.0000000000
0.0000000000 1.0000000000 0.0000000000 -284.0000000000
-1.0000000000 0.0000000000 0.0000000000 1880.0000000000
0.0000000000 0.0000000000 0.0000000000 1.0000000000

0.0000000000 0.0000000000 1.0000000000 2276.0000000000
0.0000000000 1.0000000000 0.0000000000 -284.4000000000
-1.0000000000 0.0000000000 0.0000000000 1880.0000000000
0.0000000000 0.0000000000 0.0000000000 1.0000000000

0.0000000000 0.0000000000 1.0000000000 2276.0000000000
0.0000000000 1.0000000000 0.0000000000 -284.8000000000
-1.0000000000 0.0000000000 0.0000000000 1880.0000000000
0.0000000000 0.0000000000 0.0000000000 1.0000000000

0.0000000000 0.0000000000 1.0000000000 2276.0000000000
0.0000000000 1.0000000000 0.0000000000 -285.2000000000
-1.0000000000 0.0000000000 0.0000000000 1880.0000000000
0.0000000000 0.0000000000 0.0000000000 1.0000000000

0.0000000000 0.0000000000 1.0000000000 2276.0000000000
0.0000000000 1.0000000000 0.0000000000 -285.6000000000
-1.0000000000 0.0000000000 0.0000000000 1880.0000000000
0.0000000000 0.0000000000 0.0000000000 1.0000000000

0.0000000000 0.0000000000 1.0000000000 2276.0000000000
0.0000000000 1.0000000000 0.0000000000 -286.0000000000
-1.0000000000 0.0000000000 0.0000000000 1880.0000000000
0.0000000000 0.0000000000 0.0000000000 1.0000000000

0.0000000000 0.0000000000 1.0000000000 2276.0000000000
0.0000000000 1.0000000000 0.0000000000 -286.4000000000
-1.0000000000 0.0000000000 0.0000000000 1880.0000000000
0.0000000000 0.0000000000 0.0000000000 1.0000000000

0.0000000000 0.0000000000 1.0000000000 2276.0000000000
0.0000000000 1.0000000000 0.0000000000 -286.8000000000
-1.0000000000 0.0000000000 0.0000000000 1880.0000000000
0.0000000000 0.0000000000 0.0000000000 1.0000000000

0.0000000000 0.0000000000 1.0000000000 2276.0000000000
0.0000000000 1.0000000000 0.0000000000 -287.2000000000
-1.0000000000 0.0000000000 0.0000000000 1880.0000000000
0.0000000000 0.0000000000 0.0000000000 1.0000000000

0.0000000000 0.0000000000 1.0000000000 2276.0000000000
0.0000000000 1.0000000000 0.0000000000 -287.6000000000
-1.0000000000 0.0000000000 0.0000000000 1880.0000000000
0.0000000000 0.0000000000 0.0000000000 1.0000000000

0.0000000000 0.0000000000 1.0000000000 2276.0000000000
0.0000000000 1.0000000000 0.0000000000 -288.0000000000
-1.0000000000 0.0000000000 0.0000000000 1880.0000000000
0.0000000000 0.0000000000 0.0000000000 1.0000000000

0.0000000000 0.0000000000 1.0000000000 2276.0000000000
0.0000000000 1.0000000000 0.0000000000 -288.4000000000
-1.0000000000 0.0000000000 0.0000000000 1880.0000000000
0.0000000000 0.0000000000 0.0000000000 1.0000000000

0.0000000000 0.0000000000 1.0000000000 2276.0000000000
0.0000000000 1.0000000000 0.0000000000 -288.8000000000
-1.0000000000 0.0000000000 0.0000000000 1880.0000000000
0.0000000000 0.0000000000 0.0000000000 1.0000000000

0.0000000000 0.0000000000 1.0000000000 2276.0000000000
0.0000000000 1.0000000000 0.0000000000 -289.2000000000
-1.0000000000 0.0000000000 0.0000000000 1880.0000000000
0.0000000000 0.0000000000 0.0000000000 1.0000000000

0.0000000000 0.0000000000 1.0000000000 2276.0000000000
0.0000000000 1.0000000000 0.0000000000 -289.6000000000
-1.0000000000 0.0000000000 0.0000000000 1880.0000000000
0.0000000000 0.0000000000 0.0000000000 1.0000000000

0.0000000000 0.0000000000 1.0000000000 2276.0000000000
0.0000000000 1.0000000000 0.0000000000 -290.0000000000
-1.0000000000 0.0000000000 0.0000000000 1880.0000000000
0.0000000000 0.0000000000 0.0000000000 1.0000000000

0.0000000000 0.0000000000 1.0000000000 2276.0000000000
0.0000000000 1.0000000000 0.0000000000 -290.4000000000
-1.0000000000 0.0000000000 0.0000000000 1880.0000000000
0.0000000000 0.0000000000 0.0000000000 1.0000000000

0.0000000000 0.0000000000 1.0000000000 2276.0000000000
0.0000000000 1.0000000000 0.0000000000 -290.8000000000
-1.0000000000 0.0000000000 0.0000000000 1880.0000000000
0.0000000000 0.0000000000 0.0000000000 1.0000000000

0.0000000000 0.0000000000 1.0000000000 2276.0000000000
0.0000000000 1.0000000000 0.0000000000 -291.2000000000
-1.0000000000 0.0000000000 0.0000000000 1880.0000000000
0.0000000000 0.0000000000 0.0000000000 1.0000000000

0.0000000000 0.0000000000 1.0000000000 2276.0000000000
0.0000000000 1.0000000000 0.0000000000 -291.6000000000
-1.0000000000 0.0000000000 0.0000000000 1880.0000000000
0.0000000000 0.0000000000 0.0000000000 1.0000000000

0.0000000000 0.0000000000 1.0000000000 2276.0000000000
0.0000000000 1.0000000000 0.0000000000 -292.0000000000
-1.0000000000 0.0000000000 0.0000000000 1880.0000000000
0.0000000000 0.0000000000 0.0000000000 1.0000000000

0.0000000000 0.0000000000 1.0000000000 2276.0000000000
0.0000000000 1.0000000000 0.0000000000 -292.4000000000
-1.0000000000 0.0000000000 0.0000000000 1880.0000000000
0.0000000000 0.0000000000 0.0000000000 1.0000000000

0.0000000000 0.0000000000 1.0000000000 2276.0000000000
0.0000000000 1.0000000000 0.0000000000 -292.8000000000
-1.0000000000 0.0000000000 0.0000000000 1880.0000000000
0.0000000000 0.0000000000 0.0000000000 1.0000000000

0.0000000000 0.0000000000 1.0000000000 2276.0000000000
0.0000000000 1.0000000000 0.0000000000 -293.2000000000
-1.0000000000 0.0000000000 0.0000000000 1880.0000000000
0.0000000000 0.0000000000 0.0000000000 1.0000000000

0.0000000000 0.0000000000 1.0000000000 2276.0000000000
0.0000000000 1.0000000000 0.0000000000 -293.6000000000
-1.0000000000 0.0000000000 0.0000000000 1880.0000000000
0.0000000000 0.0000000000 0.0000000000 1.0000000000

0.0000000000 0.0000000000 1.0000000000 2276.0000000000
0.0000000000 1.0000000000 0.0000000000 -294.0000000000
-1.0000000000 0.0000000000 0.0000000000 1880.0000000000
0.0000000000 0.0000000000 0.0000000000 1.0000000000

0.0000000000 0.0000000000 1.0000000000 2276.0000000000
0.0000000000 1.0000000000 0.0000000000 -294.4000000000
-1.0000000000 0.0000000000 0.0000000000 1880.0000000000
0.0000000000 0.0000000000 0.0000000000 1.0000000000

0.0000000000 0.0000000000 1.0000000000 2276.0000000000
0.0000000000 1.0000000000 0.0000000000 -294.8000000000
-1.0000000000 0.0000000000 0.0000000000 1880.0000000000
0.0000000000 0.0000000000 0.0000000000 1.0000000000

0.0000000000 0.0000000000 1.0000000000 2276.0000000000
0.0000000000 1.0000000000 0.0000000000 -295.2000000000
-1.0000000000 0.0000000000 0.0000000000 1880.0000000000
0.0000000000 0.0000000000 0.0000000000 1.0000000000

0.0000000000 0.0000000000 1.0000000000 2276.0000000000
0.0000000000 1.0000000000 0.0000000000 -295.6000000000
-1.0000000000 0.0000000000 0.0000000000 1880.0000000000
0.0000000000 0.0000000000 0.0000000000 1.0000000000

0.0000000000 0.0000000000 1.0000000000 2276.0000000000
0.0000000000 1.0000000000 0.0000000000 -296.0000000000
-1.0000000000 0.0000000000 0.0000000000 1880.0000000000
0.0000000000 0.0000000000 0.0000000000 1.0000000000

0.0000000000 0.0000000000 1.0000000000 2276.0000000000
0.0000000000 1.0000000000 0.0000000000 -296.4000000000
-1.0000000000 0.0000000000 0.0000000000 1880.0000000000
0.0000000000 0.0000000000 0.0000000000 1.0000000000

0.0000000000 0.0000000000 1.0000000000 2276.0000000000
0.0000000000 1.0000000000 0.0000000000 -296.8000000000
-1.0000000000 0.0000000000 0.0000000000 1880.0000000000
0.0000000000 0.0000000000 0.0000000000 1.0000000000

0.0000000000 0.0000000000 1.0000000000 2276.0000000000
0.0000000000 1.0000000000 0.0000000000 -297.2000000000
-1.0000000000 0.0000000000 0.0000000000 1880.0000000000
0.0000000000 0.0000000000 0.0000000000 1.0000000000

0.0000000000 0.0000000000 1.0000000000 2276.0000000000
0.0000000000 1.0000000000 0.0000000000 -297.6000000000
-1.0000000000 0.0000000000 0.0000000000 1880.0000000000
0.0000000000 0.0000000000 0.0000000000 1.0000000000

0.0000000000 0.0000000000 1.0000000000 2276.0000000000
0.0000000000 1.0000000000 0.0000000000 -298.0000000000
-1.0000000000 0.0000000000 0.0000000000 1880.0000000000
0.0000000000 0.0000000000 0.0000000000 1.0000000000

0.0000000000 0.0000000000 1.0000000000 2276.0000000000
0.0000000000 1.0000000000 0.0000000000 -298.4000000000
-1.0000000000 0.0000000000 0.0000000000 1880.0000000000
0.0000000000 0.0000000000 0.0000000000 1.0000000000

0.0000000000 0.0000000000 1.0000000000 2276.0000000000
0.0000000000 1.0000000000 0.0000000000 -298.8000000000
-1.0000000000 0.0000000000 0.0000000000 1880.0000000000
0.0000000000 0.0000000000 0.0000000000 1.0000000000

0.0000000000 0.0000000000 1.0000000000 2276.0000000000
0.0000000000 1.0000000000 0.0000000000 -299.2000000000
-1.0000000000 0.0000000000 0.0000000000 1880.0000000000
0.0000000000 0.0000000000 0.0000000000 1.0000000000

0.0000000000 0.0000000000 1.0000000000 2276.0000000000
0.0000000000 1.0000000000 0.0000000000 -299.6000000000
-1.0000000000 0.0000000000 0.0000000000 1880.0000000000
0.0000000000 0.0000000000 0.0000000000 1.0000000000

0.0000000000 0.0000000000 1.0000000000 2276.0000000000
0.0000000000 1.0000000000 0.0000000000 -300.0000000000
-1.0000000000 0.0000000000 0.0000000000 1880.0000000000
0.0000000000 0.0000000000 0.0000000000 1.0000000000

0.0000000000 0.0000000000 1.0000000000 2276.0000000000
0.0000000000 1.0000000000 0.0000000000 -300.4000000000
-1.0000000000 0.0000000000 0.0000000000 1880.0000000000
0.0000000000 0.0000000000 0.0000000000 1.0000000000

0.0000000000 0.0000000000 1.0000000000 2276.0000000000
0.0000000000 1.0000000000 0.0000000000 -300.8000000000
-1.0000000000 0.0000000000 0.0000000000 1880.0000000000
0.0000000000 0.0000000000 0.0000000000 1.0000000000

0.0000000000 0.0000000000 1.0000000000 2276.0000000000
0.0000000000 1.0000000000 0.0000000000 -301.2000000000
-1.0000000000 0.0000000000 0.0000000000 1880.0000000000
0.0000000000 0.0000000000 0.0000000000 1.0000000000

0.0000000000 0.0000000000 1.0000000000 2276.0000000000
0.0000000000 1.0000000000 0.0000000000 -301.6000000000
-1.0000000000 0.0000000000 0.0000000000 1880.0000000000
0.0000000000 0.0000000000 0.0000000000 1.0000000000

0.0000000000 0.0000000000 1.0000000000 2276.0000000000
0.0000000000 1.0000000000 0.0000000000 -302.0000000000
-1.0000000000 0.0000000000 0.0000000000 1880.0000000000
0.0000000000 0.0000000000 0.0000000000 1.0000000000

0.0000000000 0.0000000000 1.0000000000 2276.0000000000
0.0000000000 1.0000000000 0.0000000000 -302.4000000000
-1.0000000000 0.0000000000 0.0000000000 1880.0000000000
0.0000000000 0.0000000000 0.0000000000 1.0000000000

0.0000000000 0.0000000000 1.0000000000 2276.0000000000
0.0000000000 1.0000000000 0.0000000000 -302.8000000000
-1.0000000000 0.0000000000 0.0000000000 1880.0000000000
0.0000000000 0.0000000000 0.0000000000 1.0000000000

0.0000000000 0.0000000000 1.0000000000 2276.0000000000
0.0000000000 1.0000000000 0.0000000000 -303.2000000000
-1.0000000000 0.0000000000 0.0000000000 1880.0000000000
0.0000000000 0.0000000000 0.0000000000 1.0000000000

0.0000000000 0.0000000000 1.0000000000 2276.0000000000
0.0000000000 1.0000000000 0.0000000000 -303.6000000000
-1.0000000000 0.0000000000 0.0000000000 1880.0000000000
0.0000000000 0.0000000000 0.0000000000 1.0000000000

0.0000000000 0.0000000000 1.0000000000 2276.0000000000
0.0000000000 1.0000000000 0.0000000000 -304.0000000000
-1.0000000000 0.0000000000 0.0000000000 1880.0000000000
0.0000000000 0.0000000000 0.0000000000 1.0000000000

0.0000000000 0.0000000000 1.0000000000 2276.0000000000
0.0000000000 1.0000000000 0.0000000000 -304.4000000000
-1.0000000000 0.0000000000 0.0000000000 1880.0000000000
0.0000000000 0.0000000000 0.0000000000 1.0000000000

0.0000000000 0.0000000000 1.0000000000 2276.0000000000
0.0000000000 1.0000000000 0.0000000000 -304.8000000000
-1.0000000000 0.0000000000 0.0000000000 1880.0000000000
0.0000000000 0.0000000000 0.0000000000 1.0000000000

0.0000000000 0.0000000000 1.0000000000 2276.0000000000
0.0000000000 1.0000000000 0.0000000000 -305.2000000000
-1.0000000000 0.0000000000 0.0000000000 1880.0000000000
0.0000000000 0.0000000000 0.0000000000 1.0000000000

0.0000000000 0.0000000000 1.0000000000 2276.0000000000
0.0000000000 1.0000000000 0.0000000000 -305.6000000000
-1.0000000000 0.0000000000 0.0000000000 1880.0000000000
0.0000000000 0.0000000000 0.0000000000 1.0000000000

0.0000000000 0.0000000000 1.0000000000 2276.0000000000
0.0000000000 1.0000000000 0.0000000000 -306.0000000000
-1.0000000000 0.0000000000 0.0000000000 1880.0000000000
0.0000000000 0.0000000000 0.0000000000 1.0000000000

0.0000000000 0.0000000000 1.0000000000 2276.0000000000
0.0000000000 1.0000000000 0.0000000000 -306.4000000000
-1.0000000000 0.0000000000 0.0000000000 1880.0000000000
0.0000000000 0.0000000000 0.0000000000 1.0000000000

0.0000000000 0.0000000000 1.0000000000 2276.0000000000
0.0000000000 1.0000000000 0.0000000000 -306.8000000000
-1.0000000000 0.0000000000 0.0000000000 1880.0000000000
0.0000000000 0.0000000000 0.0000000000 1.0000000000

0.0000000000 0.0000000000 1.0000000000 2276.0000000000
0.0000000000 1.0000000000 0.0000000000 -307.2000000000
-1.0000000000 0.0000000000 0.0000000000 1880.0000000000
0.0000000000 0.0000000000 0.0000000000 1.0000000000

0.0000000000 0.0000000000 1.0000000000 2276.0000000000
0.0000000000 1.0000000000 0.0000000000 -307.6000000000
-1.0000000000 0.0000000000 0.0000000000 1880.0000000000
0.0000000000 0.0000000000 0.0000000000 1.0000000000

0.0000000000 0.0000000000 1.0000000000 2276.0000000000
0.0000000000 1.0000000000 0.0000000000 -308.0000000000
-1.0000000000 0.0000000000 0.0000000000 1880.0000000000
0.0000000000 0.0000000000 0.0000000000 1.0000000000

0.0000000000 0.0000000000 1.0000000000 2276.0000000000
0.0000000000 1.0000000000 0.0000000000 -308.4000000000
-1.0000000000 0.0000000000 0.0000000000 1880.0000000000
0.0000000000 0.0000000000 0.0000000000 1.0000000000

0.0000000000 0.0000000000 1.0000000000 2276.0000000000
0.0000000000 1.0000000000 0.0000000000 -308.8000000000
-1.0000000000 0.0000000000 0.0000000000 1880.0000000000
0.0000000000 0.0000000000 0.0000000000 1.0000000000

0.0000000000 0.0000000000 1.0000000000 2276.0000000000
0.0000000000 1.0000000000 0.0000000000 -309.2000000000
-1.0000000000 0.0000000000 0.0000000000 1880.0000000000
0.0000000000 0.0000000000 0.0000000000 1.0000000000

0.0000000000 0.0000000000 1.0000000000 2276.0000000000
0.0000000000 1.0000000000 0.0000000000 -309.6000000000
-1.0000000000 0.0000000000 0.0000000000 1880.0000000000
0.0000000000 0.0000000000 0.0000000000 1.0000000000

0.0000000000 0.0000000000 1.0000000000 2276.0000000000
0.0000000000 1.0000000000 0.0000000000 -310.0000000000
-1.0000000000 0.0000000000 0.0000000000 1880.0000000000
0.0000000000 0.0000000000 0.0000000000 1.0000000000

0.0000000000 0.0000000000 1.0000000000 2276.0000000000
0.0000000000 1.0000000000 0.0000000000 -310.4000000000
-1.0000000000 0.0000000000 0.0000000000 1880.0000000000
0.0000000000 0.0000000000 0.0000000000 1.0000000000

0.0000000000 0.0000000000 1.0000000000 2276.0000000000
0.0000000000 1.0000000000 0.0000000000 -310.8000000000
-1.0000000000 0.0000000000 0.0000000000 1880.0000000000
0.0000000000 0.0000000000 0.0000000000 1.0000000000

0.0000000000 0.0000000000 1.0000000000 2276.0000000000
0.0000000000 1.0000000000 0.0000000000 -311.2000000000
-1.0000000000 0.0000000000 0.0000000000 1880.0000000000
0.0000000000 0.0000000000 0.0000000000 1.0000000000

0.0000000000 0.0000000000 1.0000000000 2276.0000000000
0.0000000000 1.0000000000 0.0000000000 -311.6000000000
-1.0000000000 0.0000000000 0.0000000000 1880.0000000000
0.0000000000 0.0000000000 0.0000000000 1.0000000000

0.0000000000 0.0000000000 1.0000000000 2276.0000000000
0.0000000000 1.0000000000 0.0000000000 -312.0000000000
-1.0000000000 0.0000000000 0.0000000000 1880.0000000000
0.0000000000 0.0000000000 0.0000000000 1.0000000000

0.0000000000 0.0000000000 1.0000000000 2276.0000000000
0.0000000000 1.0000000000 0.0000000000 -312.4000000000
-1.0000000000 0.0000000000 0.0000000000 1880.0000000000
0.0000000000 0.0000000000 0.0000000000 1.0000000000

0.0000000000 0.0000000000 1.0000000000 2276.0000000000
0.0000000000 1.0000000000 0.0000000000 -312.8000000000
-1.0000000000 0.0000000000 0.0000000000 1880.0000000000
0.0000000000 0.0000000000 0.0000000000 1.0000000000

0.0000000000 0.0000000000 1.0000000000 2276.0000000000
0.0000000000 1.0000000000 0.0000000000 -313.2000000000
-1.0000000000 0.0000000000 0.0000000000 1880.0000000000
0.0000000000 0.0000000000 0.0000000000 1.0000000000

0.0000000000 0.0000000000 1.0000000000 2276.0000000000
0.0000000000 1.0000000000 0.0000000000 -313.6000000000
-1.0000000000 0.0000000000 0.0000000000 1880.0000000000
0.0000000000 0.0000000000 0.0000000000 1.0000000000

0.0000000000 0.0000000000 1.0000000000 2276.0000000000
0.0000000000 1.0000000000 0.0000000000 -314.0000000000
-1.0000000000 0.0000000000 0.0000000000 1880.0000000000
0.0000000000 0.0000000000 0.0000000000 1.0000000000

0.0000000000 0.0000000000 1.0000000000 2276.0000000000
0.0000000000 1.0000000000 0.0000000000 -314.4000000000
-1.0000000000 0.0000000000 0.0000000000 1880.0000000000
0.0000000000 0.0000000000 0.0000000000 1.0000000000

0.0000000000 0.0000000000 1.0000000000 2276.0000000000
0.0000000000 1.0000000000 0.0000000000 -314.8000000000
-1.0000000000 0.0000000000 0.0000000000 1880.0000000000
0.0000000000 0.0000000000 0.0000000000 1.0000000000

0.0000000000 0.0000000000 1.0000000000 2276.0000000000
0.0000000000 1.0000000000 0.0000000000 -315.2000000000
-1.0000000000 0.0000000000 0.0000000000 1880.0000000000
0.0000000000 0.0000000000 0.0000000000 1.0000000000

0.0000000000 0.0000000000 1.0000000000 2276.0000000000
0.0000000000 1.0000000000 0.0000000000 -315.6000000000
-1.0000000000 0.0000000000 0.0000000000 1880.0000000000
0.0000000000 0.0000000000 0.0000000000 1.0000000000

0.0000000000 0.0000000000 1.0000000000 2276.0000000000
0.0000000000 1.0000000000 0.0000000000 -316.0000000000
-1.0000000000 0.0000000000 0.0000000000 1880.0000000000
0.0000000000 0.0000000000 0.0000000000 1.0000000000

0.0000000000 0.0000000000 1.0000000000 2276.0000000000
0.0000000000 1.0000000000 0.0000000000 -316.4000000000
-1.0000000000 0.0000000000 0.0000000000 1880.0000000000
0.0000000000 0.0000000000 0.0000000000 1.0000000000

0.0000000000 0.0000000000 1.0000000000 2276.0000000000
0.0000000000 1.0000000000 0.0000000000 -316.8000000000
-1.0000000000 0.0000000000 0.0000000000 1880.0000000000
0.0000000000 0.0000000000 0.0000000000 1.0000000000

0.0000000000 0.0000000000 1.0000000000 2276.0000000000
0.0000000000 1.0000000000 0.0000000000 -317.2000000000
-1.0000000000 0.0000000000 0.0000000000 1880.0000000000
0.0000000000 0.0000000000 0.0000000000 1.0000000000

0.0000000000 0.0000000000 1.0000000000 2276.0000000000
0.0000000000 1.0000000000 0.0000000000 -317.6000000000
-1.0000000000 0.0000000000 0.0000000000 1880.0000000000
0.0000000000 0.0000000000 0.0000000000 1.0000000000

0.0000000000 0.0000000000 1.0000000000 2276.0000000000
0.0000000000 1.0000000000 0.0000000000 -318.0000000000
-1.0000000000 0.0000000000 0.0000000000 1880.0000000000
0.0000000000 0.0000000000 0.0000000000 1.0000000000

0.0000000000 0.0000000000 1.0000000000 2276.0000000000
0.0000000000 1.0000000000 0.0000000000 -318.4000000000
-1.0000000000 0.0000000000 0.0000000000 1880.0000000000
0.0000000000 0.0000000000 0.0000000000 1.0000000000

0.0000000000 0.0000000000 1.0000000000 2276.0000000000
0.0000000000 1.0000000000 0.0000000000 -318.8000000000
-1.0000000000 0.0000000000 0.0000000000 1880.0000000000
0.0000000000 0.0000000000 0.0000000000 1.0000000000

0.0000000000 0.0000000000 1.0000000000 2276.0000000000
0.0000000000 1.0000000000 0.0000000000 -319.2000000000
-1.0000000000 0.0000000000 0.0000000000 1880.0000000000
0.0000000000 0.0000000000 0.0000000000 1.0000000000

0.0000000000 0.0000000000 1.0000000000 2276.0000000000
0.0000000000 1.0000000000 0.0000000000 -319.6000000000
-1.0000000000 0.0000000000 0.0000000000 1880.0000000000
0.0000000000 0.0000000000 0.0000000000 1.0000000000

0.0000000000 0.0000000000 1.0000000000 2276.0000000000
0.0000000000 1.0000000000 0.0000000000 -320.0000000000
-1.0000000000 0.0000000000 0.0000000000 1880.0000000000
0.0000000000 0.0000000000 0.0000000000 1.0000000000

0.0000000000 0.0000000000 1.0000000000 2276.0000000000
0.0000000000 1.0000000000 0.0000000000 -320.4000000000
-1.0000000000 0.0000000000 0.0000000000 1880.0000000000
0.0000000000 0.0000000000 0.0000000000 1.0000000000

0.0000000000 0.0000000000 1.0000000000 2276.0000000000
0.0000000000 1.0000000000 0.0000000000 -320.8000000000
-1.0000000000 0.0000000000 0.0000000000 1880.0000000000
0.0000000000 0.0000000000 0.0000000000 1.0000000000

0.0000000000 0.0000000000 1.0000000000 2276.0000000000
0.0000000000 1.0000000000 0.0000000000 -321.2000000000
-1.0000000000 0.0000000000 0.0000000000 1880.0000000000
0.0000000000 0.0000000000 0.0000000000 1.0000000000

0.0000000000 0.0000000000 1.0000000000 2276.0000000000
0.0000000000 1.0000000000 0.0000000000 -321.6000000000
-1.0000000000 0.0000000000 0.0000000000 1880.0000000000
0.0000000000 0.0000000000 0.0000000000 1.0000000000

0.0000000000 0.0000000000 1.0000000000 2276.0000000000
0.0000000000 1.0000000000 0.0000000000 -322.0000000000
-1.0000000000 0.0000000000 0.0000000000 1880.0000000000
0.0000000000 0.0000000000 0.0000000000 1.0000000000

0.0000000000 0.0000000000 1.0000000000 2276.0000000000
0.0000000000 1.0000000000 0.0000000000 -322.4000000000
-1.0000000000 0.0000000000 0.0000000000 1880.0000000000
0.0000000000 0.0000000000 0.0000000000 1.0000000000

0.0000000000 0.0000000000 1.0000000000 2276.0000000000
0.0000000000 1.0000000000 0.0000000000 -322.8000000000
-1.0000000000 0.0000000000 0.0000000000 1880.0000000000
0.0000000000 0.0000000000 0.0000000000 1.0000000000

0.0000000000 0.0000000000 1.0000000000 2276.0000000000
0.0000000000 1.0000000000 0.0000000000 -323.2000000000
-1.0000000000 0.0000000000 0.0000000000 1880.0000000000
0.0000000000 0.0000000000 0.0000000000 1.0000000000

0.0000000000 0.0000000000 1.0000000000 2276.0000000000
0.0000000000 1.0000000000 0.0000000000 -323.6000000000
-1.0000000000 0.0000000000 0.0000000000 1880.0000000000
0.0000000000 0.0000000000 0.0000000000 1.0000000000

0.0000000000 0.0000000000 1.0000000000 2276.0000000000
0.0000000000 1.0000000000 0.0000000000 -324.0000000000
-1.0000000000 0.0000000000 0.0000000000 1880.0000000000
0.0000000000 0.0000000000 0.0000000000 1.0000000000

0.0000000000 0.0000000000 1.0000000000 2276.0000000000
0.0000000000 1.0000000000 0.0000000000 -324.4000000000
-1.0000000000 0.0000000000 0.0000000000 1880.0000000000
0.0000000000 0.0000000000 0.0000000000 1.0000000000

0.0000000000 0.0000000000 1.0000000000 2276.0000000000
0.0000000000 1.0000000000 0.0000000000 -324.8000000000
-1.0000000000 0.0000000000 0.0000000000 1880.0000000000
0.0000000000 0.0000000000 0.0000000000 1.0000000000

0.0000000000 0.0000000000 1.0000000000 2276.0000000000
0.0000000000 1.0000000000 0.0000000000 -325.2000000000
-1.0000000000 0.0000000000 0.0000000000 1880.0000000000
0.0000000000 0.0000000000 0.0000000000 1.0000000000

0.0000000000 0.0000000000 1.0000000000 2276.0000000000
0.0000000000 1.0000000000 0.0000000000 -325.6000000000
-1.0000000000 0.0000000000 0.0000000000 1880.0000000000
0.0000000000 0.0000000000 0.0000000000 1.0000000000

0.0000000000 0.0000000000 1.0000000000 2276.0000000000
0.0000000000 1.0000000000 0.0000000000 -326.0000000000
-1.0000000000 0.0000000000 0.0000000000 1880.0000000000
0.0000000000 0.0000000000 0.0000000000 1.0000000000

0.0000000000 0.0000000000 1.0000000000 2276.0000000000
0.0000000000 1.0000000000 0.0000000000 -326.4000000000
-1.0000000000 0.0000000000 0.0000000000 1880.0000000000
0.0000000000 0.0000000000 0.0000000000 1.0000000000

0.0000000000 0.0000000000 1.0000000000 2276.0000000000
0.0000000000 1.0000000000 0.0000000000 -326.8000000000
-1.0000000000 0.0000000000 0.0000000000 1880.0000000000
0.0000000000 0.0000000000 0.0000000000 1.0000000000

0.0000000000 0.0000000000 1.0000000000 2276.0000000000
0.0000000000 1.0000000000 0.0000000000 -327.2000000000
-1.0000000000 0.0000000000 0.0000000000 1880.0000000000
0.0000000000 0.0000000000 0.0000000000 1.0000000000

0.0000000000 0.0000000000 1.0000000000 2276.0000000000
0.0000000000 1.0000000000 0.0000000000 -327.6000000000
-1.0000000000 0.0000000000 0.0000000000 1880.0000000000
0.0000000000 0.0000000000 0.0000000000 1.0000000000

0.0000000000 0.0000000000 1.0000000000 2276.0000000000
0.0000000000 1.0000000000 0.0000000000 -328.0000000000
-1.0000000000 0.0000000000 0.0000000000 1880.0000000000
0.0000000000 0.0000000000 0.0000000000 1.0000000000

0.0000000000 0.0000000000 1.0000000000 2276.0000000000
0.0000000000 1.0000000000 0.0000000000 -328.4000000000
-1.0000000000 0.0000000000 0.0000000000 1880.0000000000
0.0000000000 0.0000000000 0.0000000000 1.0000000000

0.0000000000 0.0000000000 1.0000000000 2276.0000000000
0.0000000000 1.0000000000 0.0000000000 -328.8000000000
-1.0000000000 0.0000000000 0.0000000000 1880.0000000000
0.0000000000 0.0000000000 0.0000000000 1.0000000000

0.0000000000 0.0000000000 1.0000000000 2276.0000000000
0.0000000000 1.0000000000 0.0000000000 -329.2000000000
-1.0000000000 0.0000000000 0.0000000000 1880.0000000000
0.0000000000 0.0000000000 0.0000000000 1.0000000000

0.0000000000 0.0000000000 1.0000000000 2276.0000000000
0.0000000000 1.0000000000 0.0000000000 -329.6000000000
-1.0000000000 0.0000000000 0.0000000000 1880.0000000000
0.0000000000 0.0000000000 0.0000000000 1.0000000000

0.0000000000 0.0000000000 1.0000000000 2276.0000000000
0.0000000000 1.0000000000 0.0000000000 -330.0000000000
-1.0000000000 0.0000000000 0.0000000000 1880.0000000000
0.0000000000 0.0000000000 0.0000000000 1.0000000000

0.0000000000 0.0000000000 1.0000000000 2276.0000000000
0.0000000000 1.0000000000 0.0000000000 -330.4000000000
-1.0000000000 0.0000000000 0.0000000000 1880.0000000000
0.0000000000 0.0000000000 0.0000000000 1.0000000000

0.0000000000 0.0000000000 1.0000000000 2276.0000000000
0.0000000000 1.0000000000 0.0000000000 -330.8000000000
-1.0000000000 0.0000000000 0.0000000000 1880.0000000000
0.0000000000 0.0000000000 0.0000000000 1.0000000000

0.0000000000 0.0000000000 1.0000000000 2276.0000000000
0.0000000000 1.0000000000 0.0000000000 -331.2000000000
-1.0000000000 0.0000000000 0.0000000000 1880.0000000000
0.0000000000 0.0000000000 0.0000000000 1.0000000000

0.0000000000 0.0000000000 1.0000000000 2276.0000000000
0.0000000000 1.0000000000 0.0000000000 -331.6000000000
-1.0000000000 0.0000000000 0.0000000000 1880.0000000000
0.0000000000 0.0000000000 0.0000000000 1.0000000000

0.0000000000 0.0000000000 1.0000000000 2276.0000000000
0.0000000000 1.0000000000 0.0000000000 -332.0000000000
-1.0000000000 0.0000000000 0.0000000000 1880.0000000000
0.0000000000 0.0000000000 0.0000000000 1.0000000000

0.0000000000 0.0000000000 1.0000000000 2276.0000000000
0.0000000000 1.0000000000 0.0000000000 -332.4000000000
-1.0000000000 0.0000000000 0.0000000000 1880.0000000000
0.0000000000 0.0000000000 0.0000000000 1.0000000000

0.0000000000 0.0000000000 1.0000000000 2276.0000000000
0.0000000000 1.0000000000 0.0000000000 -332.8000000000
-1.0000000000 0.0000000000 0.0000000000 1880.0000000000
0.0000000000 0.0000000000 0.0000000000 1.0000000000

0.0000000000 0.0000000000 1.0000000000 2276.0000000000
0.0000000000 1.0000000000 0.0000000000 -333.2000000000
-1.0000000000 0.0000000000 0.0000000000 1880.0000000000
0.0000000000 0.0000000000 0.0000000000 1.0000000000

0.0000000000 0.0000000000 1.0000000000 2276.0000000000
0.0000000000 1.0000000000 0.0000000000 -333.6000000000
-1.0000000000 0.0000000000 0.0000000000 1880.0000000000
0.0000000000 0.0000000000 0.0000000000 1.0000000000

0.0000000000 0.0000000000 1.0000000000 2276.0000000000
0.0000000000 1.0000000000 0.0000000000 -334.0000000000
-1.0000000000 0.0000000000 0.0000000000 1880.0000000000
0.0000000000 0.0000000000 0.0000000000 1.0000000000

0.0000000000 0.0000000000 1.0000000000 2276.0000000000
0.0000000000 1.0000000000 0.0000000000 -334.4000000000
-1.0000000000 0.0000000000 0.0000000000 1880.0000000000
0.0000000000 0.0000000000 0.0000000000 1.0000000000

0.0000000000 0.0000000000 1.0000000000 2276.0000000000
0.0000000000 1.0000000000 0.0000000000 -334.8000000000
-1.0000000000 0.0000000000 0.0000000000 1880.0000000000
0.0000000000 0.0000000000 0.0000000000 1.0000000000

0.0000000000 0.0000000000 1.0000000000 2276.0000000000
0.0000000000 1.0000000000 0.0000000000 -335.2000000000
-1.0000000000 0.0000000000 0.0000000000 1880.0000000000
0.0000000000 0.0000000000 0.0000000000 1.0000000000

0.0000000000 0.0000000000 1.0000000000 2276.0000000000
0.0000000000 1.0000000000 0.0000000000 -335.6000000000
-1.0000000000 0.0000000000 0.0000000000 1880.0000000000
0.0000000000 0.0000000000 0.0000000000 1.0000000000

0.0000000000 0.0000000000 1.0000000000 2276.0000000000
0.0000000000 1.0000000000 0.0000000000 -336.0000000000
-1.0000000000 0.0000000000 0.0000000000 1880.0000000000
0.0000000000 0.0000000000 0.0000000000 1.0000000000

0.0000000000 0.0000000000 1.0000000000 2276.0000000000
0.0000000000 1.0000000000 0.0000000000 -336.4000000000
-1.0000000000 0.0000000000 0.0000000000 1880.0000000000
0.0000000000 0.0000000000 0.0000000000 1.0000000000

0.0000000000 0.0000000000 1.0000000000 2276.0000000000
0.0000000000 1.0000000000 0.0000000000 -336.8000000000
-1.0000000000 0.0000000000 0.0000000000 1880.0000000000
0.0000000000 0.0000000000 0.0000000000 1.0000000000

0.0000000000 0.0000000000 1.0000000000 2276.0000000000
0.0000000000 1.0000000000 0.0000000000 -337.2000000000
-1.0000000000 0.0000000000 0.0000000000 1880.0000000000
0.0000000000 0.0000000000 0.0000000000 1.0000000000

0.0000000000 0.0000000000 1.0000000000 2276.0000000000
0.0000000000 1.0000000000 0.0000000000 -337.6000000000
-1.0000000000 0.0000000000 0.0000000000 1880.0000000000
0.0000000000 0.0000000000 0.0000000000 1.0000000000

0.0000000000 0.0000000000 1.0000000000 2276.0000000000
0.0000000000 1.0000000000 0.0000000000 -338.0000000000
-1.0000000000 0.0000000000 0.0000000000 1880.0000000000
0.0000000000 0.0000000000 0.0000000000 1.0000000000

0.0000000000 0.0000000000 1.0000000000 2276.0000000000
0.0000000000 1.0000000000 0.0000000000 -338.4000000000
-1.0000000000 0.0000000000 0.0000000000 1880.0000000000
0.0000000000 0.0000000000 0.0000000000 1.0000000000

0.0000000000 0.0000000000 1.0000000000 2276.0000000000
0.0000000000 1.0000000000 0.0000000000 -338.8000000000
-1.0000000000 0.0000000000 0.0000000000 1880.0000000000
0.0000000000 0.0000000000 0.0000000000 1.0000000000

0.0000000000 0.0000000000 1.0000000000 2276.0000000000
0.0000000000 1.0000000000 0.0000000000 -339.2000000000
-1.0000000000 0.0000000000 0.0000000000 1880.0000000000
0.0000000000 0.0000000000 0.0000000000 1.0000000000

0.0000000000 0.0000000000 1.0000000000 2276.0000000000
0.0000000000 1.0000000000 0.0000000000 -339.6000000000
-1.0000000000 0.0000000000 0.0000000000 1880.0000000000
0.0000000000 0.0000000000 0.0000000000 1.0000000000

0.0000000000 0.0000000000 1.0000000000 2276.0000000000
0.0000000000 1.0000000000 0.0000000000 -340.0000000000
-1.0000000000 0.0000000000 0.0000000000 1880.0000000000
0.0000000000 0.0000000000 0.0000000000 1.0000000000

0.0000000000 0.0000000000 1.0000000000 2276.0000000000
0.0000000000 1.0000000000 0.0000000000 -340.4000000000
-1.0000000000 0.0000000000 0.0000000000 1880.0000000000
0.0000000000 0.0000000000 0.0000000000 1.0000000000

0.0000000000 0.0000000000 1.0000000000 2276.0000000000
0.0000000000 1.0000000000 0.0000000000 -340.8000000000
-1.0000000000 0.0000000000 0.0000000000 1880.0000000000
0.0000000000 0.0000000000 0.0000000000 1.0000000000

0.0000000000 0.0000000000 1.0000000000 2276.0000000000
0.0000000000 1.0000000000 0.0000000000 -341.2000000000
-1.0000000000 0.0000000000 0.0000000000 1880.0000000000
0.0000000000 0.0000000000 0.0000000000 1.0000000000

0.0000000000 0.0000000000 1.0000000000 2276.0000000000
0.0000000000 1.0000000000 0.0000000000 -341.6000000000
-1.0000000000 0.0000000000 0.0000000000 1880.0000000000
0.0000000000 0.0000000000 0.0000000000 1.0000000000

0.0000000000 0.0000000000 1.0000000000 2276.0000000000
0.0000000000 1.0000000000 0.0000000000 -342.0000000000
-1.0000000000 0.0000000000 0.0000000000 1880.0000000000
0.0000000000 0.0000000000 0.0000000000 1.0000000000

0.0000000000 0.0000000000 1.0000000000 2276.0000000000
0.0000000000 1.0000000000 0.0000000000 -342.4000000000
-1.0000000000 0.0000000000 0.0000000000 1880.0000000000
0.0000000000 0.0000000000 0.0000000000 1.0000000000

0.0000000000 0.0000000000 1.0000000000 2276.0000000000
0.0000000000 1.0000000000 0.0000000000 -342.8000000000
-1.0000000000 0.0000000000 0.0000000000 1880.0000000000
0.0000000000 0.0000000000 0.0000000000 1.0000000000

0.0000000000 0.0000000000 1.0000000000 2276.0000000000
0.0000000000 1.0000000000 0.0000000000 -343.2000000000
-1.0000000000 0.0000000000 0.0000000000 1880.0000000000
0.0000000000 0.0000000000 0.0000000000 1.0000000000

0.0000000000 0.0000000000 1.0000000000 2276.0000000000
0.0000000000 1.0000000000 0.0000000000 -343.6000000000
-1.0000000000 0.0000000000 0.0000000000 1880.0000000000
0.0000000000 0.0000000000 0.0000000000 1.0000000000

0.0000000000 0.0000000000 1.0000000000 2276.0000000000
0.0000000000 1.0000000000 0.0000000000 -344.0000000000
-1.0000000000 0.0000000000 0.0000000000 1880.0000000000
0.0000000000 0.0000000000 0.0000000000 1.0000000000

0.0000000000 0.0000000000 1.0000000000 2276.0000000000
0.0000000000 1.0000000000 0.0000000000 -344.4000000000
-1.0000000000 0.0000000000 0.0000000000 1880.0000000000
0.0000000000 0.0000000000 0.0000000000 1.0000000000

0.0000000000 0.0000000000 1.0000000000 2276.0000000000
0.0000000000 1.0000000000 0.0000000000 -344.8000000000
-1.0000000000 0.0000000000 0.0000000000 1880.0000000000
0.0000000000 0.0000000000 0.0000000000 1.0000000000

0.0000000000 0.0000000000 1.0000000000 2276.0000000000
0.0000000000 1.0000000000 0.0000000000 -345.2000000000
-1.0000000000 0.0000000000 0.0000000000 1880.0000000000
0.0000000000 0.0000000000 0.0000000000 1.0000000000

0.0000000000 0.0000000000 1.0000000000 2276.0000000000
0.0000000000 1.0000000000 0.0000000000 -345.6000000000
-1.0000000000 0.0000000000 0.0000000000 1880.0000000000
0.0000000000 0.0000000000 0.0000000000 1.0000000000

0.0000000000 0.0000000000 1.0000000000 2276.0000000000
0.0000000000 1.0000000000 0.0000000000 -346.0000000000
-1.0000000000 0.0000000000 0.0000000000 1880.0000000000
0.0000000000 0.0000000000 0.0000000000 1.0000000000

0.0000000000 0.0000000000 1.0000000000 2276.0000000000
0.0000000000 1.0000000000 0.0000000000 -346.4000000000
-1.0000000000 0.0000000000 0.0000000000 1880.0000000000
0.0000000000 0.0000000000 0.0000000000 1.0000000000

0.0000000000 0.0000000000 1.0000000000 2276.0000000000
0.0000000000 1.0000000000 0.0000000000 -346.8000000000
-1.0000000000 0.0000000000 0.0000000000 1880.0000000000
0.0000000000 0.0000000000 0.0000000000 1.0000000000

0.0000000000 0.0000000000 1.0000000000 2276.0000000000
0.0000000000 1.0000000000 0.0000000000 -347.2000000000
-1.0000000000 0.0000000000 0.0000000000 1880.0000000000
0.0000000000 0.0000000000 0.0000000000 1.0000000000

0.0000000000 0.0000000000 1.0000000000 2276.0000000000
0.0000000000 1.0000000000 0.0000000000 -347.6000000000
-1.0000000000 0.0000000000 0.0000000000 1880.0000000000
0.0000000000 0.0000000000 0.0000000000 1.0000000000

0.0000000000 0.0000000000 1.0000000000 2276.0000000000
0.0000000000 1.0000000000 0.0000000000 -348.0000000000
-1.0000000000 0.0000000000 0.0000000000 1880.0000000000
0.0000000000 0.0000000000 0.0000000000 1.0000000000

0.0000000000 0.0000000000 1.0000000000 2276.0000000000
0.0000000000 1.0000000000 0.0000000000 -348.4000000000
-1.0000000000 0.0000000000 0.0000000000 1880.0000000000
0.0000000000 0.0000000000 0.0000000000 1.0000000000

0.0000000000 0.0000000000 1.0000000000 2276.0000000000
0.0000000000 1.0000000000 0.0000000000 -348.8000000000
-1.0000000000 0.0000000000 0.0000000000 1880.0000000000
0.0000000000 0.0000000000 0.0000000000 1.0000000000

0.0000000000 0.0000000000 1.0000000000 2276.0000000000
0.0000000000 1.0000000000 0.0000000000 -349.2000000000
-1.0000000000 0.0000000000 0.0000000000 1880.0000000000
0.0000000000 0.0000000000 0.0000000000 1.0000000000

0.0000000000 0.0000000000 1.0000000000 2276.0000000000
0.0000000000 1.0000000000 0.0000000000 -349.6000000000
-1.0000000000 0.0000000000 0.0000000000 1880.0000000000
0.0000000000 0.0000000000 0.0000000000 1.0000000000

0.0000000000 0.0000000000 1.0000000000 2276.0000000000
0.0000000000 1.0000000000 0.0000000000 -350.0000000000
-1.0000000000 0.0000000000 0.0000000000 1880.0000000000
0.0000000000 0.0000000000 0.0000000000 1.0000000000

0.0000000000 0.0000000000 1.0000000000 2276.0000000000
0.0000000000 1.0000000000 0.0000000000 -350.4000000000
-1.0000000000 0.0000000000 0.0000000000 1880.0000000000
0.0000000000 0.0000000000 0.0000000000 1.0000000000

0.0000000000 0.0000000000 1.0000000000 2276.0000000000
0.0000000000 1.0000000000 0.0000000000 -350.8000000000
-1.0000000000 0.0000000000 0.0000000000 1880.0000000000
0.0000000000 0.0000000000 0.0000000000 1.0000000000

0.0000000000 0.0000000000 1.0000000000 2276.0000000000
0.0000000000 1.0000000000 0.0000000000 -351.2000000000
-1.0000000000 0.0000000000 0.0000000000 1880.0000000000
0.0000000000 0.0000000000 0.0000000000 1.0000000000

0.0000000000 0.0000000000 1.0000000000 2276.0000000000
0.0000000000 1.0000000000 0.0000000000 -351.6000000000
-1.0000000000 0.0000000000 0.0000000000 1880.0000000000
0.0000000000 0.0000000000 0.0000000000 1.0000000000

0.0000000000 0.0000000000 1.0000000000 2276.0000000000
0.0000000000 1.0000000000 0.0000000000 -352.0000000000
-1.0000000000 0.0000000000 0.0000000000 1880.0000000000
0.0000000000 0.0000000000 0.0000000000 1.0000000000

0.0000000000 0.0000000000 1.0000000000 2276.0000000000
0.0000000000 1.0000000000 0.0000000000 -352.4000000000
-1.0000000000 0.0000000000 0.0000000000 1880.0000000000
0.0000000000 0.0000000000 0.0000000000 1.0000000000

0.0000000000 0.0000000000 1.0000000000 2276.0000000000
0.0000000000 1.0000000000 0.0000000000 -352.8000000000
-1.0000000000 0.0000000000 0.0000000000 1880.0000000000
0.0000000000 0.0000000000 0.0000000000 1.0000000000

0.0000000000 0.0000000000 1.0000000000 2276.0000000000
0.0000000000 1.0000000000 0.0000000000 -353.2000000000
-1.0000000000 0.0000000000 0.0000000000 1880.0000000000
0.0000000000 0.0000000000 0.0000000000 1.0000000000

0.0000000000 0.0000000000 1.0000000000 2276.0000000000
0.0000000000 1.0000000000 0.0000000000 -353.6000000000
-1.0000000000 0.0000000000 0.0000000000 1880.0000000000
0.0000000000 0.0000000000 0.0000000000 1.0000000000

0.0000000000 0.0000000000 1.0000000000 2276.0000000000
0.0000000000 1.0000000000 0.0000000000 -354.0000000000
-1.0000000000 0.0000000000 0.0000000000 1880.0000000000
0.0000000000 0.0000000000 0.0000000000 1.0000000000

0.0000000000 0.0000000000 1.0000000000 2276.0000000000
0.0000000000 1.0000000000 0.0000000000 -354.4000000000
-1.0000000000 0.0000000000 0.0000000000 1880.0000000000
0.0000000000 0.0000000000 0.0000000000 1.0000000000

0.0000000000 0.0000000000 1.0000000000 2276.0000000000
0.0000000000 1.0000000000 0.0000000000 -354.8000000000
-1.0000000000 0.0000000000 0.0000000000 1880.0000000000
0.0000000000 0.0000000000 0.0000000000 1.0000000000

0.0000000000 0.0000000000 1.0000000000 2276.0000000000
0.0000000000 1.0000000000 0.0000000000 -355.2000000000
-1.0000000000 0.0000000000 0.0000000000 1880.0000000000
0.0000000000 0.0000000000 0.0000000000 1.0000000000

0.0000000000 0.0000000000 1.0000000000 2276.0000000000
0.0000000000 1.0000000000 0.0000000000 -355.6000000000
-1.0000000000 0.0000000000 0.0000000000 1880.0000000000
0.0000000000 0.0000000000 0.0000000000 1.0000000000

0.0000000000 0.0000000000 1.0000000000 2276.0000000000
0.0000000000 1.0000000000 0.0000000000 -356.0000000000
-1.0000000000 0.0000000000 0.0000000000 1880.0000000000
0.0000000000 0.0000000000 0.0000000000 1.0000000000

0.0000000000 0.0000000000 1.0000000000 2276.0000000000
0.0000000000 1.0000000000 0.0000000000 -356.4000000000
-1.0000000000 0.0000000000 0.0000000000 1880.0000000000
0.0000000000 0.0000000000 0.0000000000 1.0000000000

0.0000000000 0.0000000000 1.0000000000 2276.0000000000
0.0000000000 1.0000000000 0.0000000000 -356.8000000000
-1.0000000000 0.0000000000 0.0000000000 1880.0000000000
0.0000000000 0.0000000000 0.0000000000 1.0000000000

0.0000000000 0.0000000000 1.0000000000 2276.0000000000
0.0000000000 1.0000000000 0.0000000000 -357.2000000000
-1.0000000000 0.0000000000 0.0000000000 1880.0000000000
0.0000000000 0.0000000000 0.0000000000 1.0000000000

0.0000000000 0.0000000000 1.0000000000 2276.0000000000
0.0000000000 1.0000000000 0.0000000000 -357.6000000000
-1.0000000000 0.0000000000 0.0000000000 1880.0000000000
0.0000000000 0.0000000000 0.0000000000 1.0000000000

0.0000000000 0.0000000000 1.0000000000 2276.0000000000
0.0000000000 1.0000000000 0.0000000000 -358.0000000000
-1.0000000000 0.0000000000 0.0000000000 1880.0000000000
0.0000000000 0.0000000000 0.0000000000 1.0000000000

0.0000000000 0.0000000000 1.0000000000 2276.0000000000
0.0000000000 1.0000000000 0.0000000000 -358.4000000000
-1.0000000000 0.0000000000 0.0000000000 1880.0000000000
0.0000000000 0.0000000000 0.0000000000 1.0000000000

0.0000000000 0.0000000000 1.0000000000 2276.0000000000
0.0000000000 1.0000000000 0.0000000000 -358.8000000000
-1.0000000000 0.0000000000 0.0000000000 1880.0000000000
0.0000000000 0.0000000000 0.0000000000 1.0000000000

0.0000000000 0.0000000000 1.0000000000 2276.0000000000
0.0000000000 1.0000000000 0.0000000000 -359.2000000000
-1.0000000000 0.0000000000 0.0000000000 1880.0000000000
0.0000000000 0.0000000000 0.0000000000 1.0000000000

0.0000000000 0.0000000000 1.0000000000 2276.0000000000
0.0000000000 1.0000000000 0.0000000000 -359.6000000000
-1.0000000000 0.0000000000 0.0000000000 1880.0000000000
0.0000000000 0.0000000000 0.0000000000 1.0000000000

0.0000000000 0.0000000000 1.0000000000 2276.0000000000
0.0000000000 1.0000000000 0.0000000000 -360.0000000000
-1.0000000000 0.0000000000 0.0000000000 1880.0000000000
0.0000000000 0.0000000000 0.0000000000 1.0000000000

0.0000000000 0.0000000000 1.0000000000 2276.0000000000
0.0000000000 1.0000000000 0.0000000000 -360.4000000000
-1.0000000000 0.0000000000 0.0000000000 1880.0000000000
0.0000000000 0.0000000000 0.0000000000 1.0000000000

0.0000000000 0.0000000000 1.0000000000 2276.0000000000
0.0000000000 1.0000000000 0.0000000000 -360.8000000000
-1.0000000000 0.0000000000 0.0000000000 1880.0000000000
0.0000000000 0.0000000000 0.0000000000 1.0000000000

0.0000000000 0.0000000000 1.0000000000 2276.0000000000
0.0000000000 1.0000000000 0.0000000000 -361.2000000000
-1.0000000000 0.0000000000 0.0000000000 1880.0000000000
0.0000000000 0.0000000000 0.0000000000 1.0000000000

0.0000000000 0.0000000000 1.0000000000 2276.0000000000
0.0000000000 1.0000000000 0.0000000000 -361.6000000000
-1.0000000000 0.0000000000 0.0000000000 1880.0000000000
0.0000000000 0.0000000000 0.0000000000 1.0000000000

0.0000000000 0.0000000000 1.0000000000 2276.0000000000
0.0000000000 1.0000000000 0.0000000000 -362.0000000000
-1.0000000000 0.0000000000 0.0000000000 1880.0000000000
0.0000000000 0.0000000000 0.0000000000 1.0000000000

0.0000000000 0.0000000000 1.0000000000 2276.0000000000
0.0000000000 1.0000000000 0.0000000000 -362.4000000000
-1.0000000000 0.0000000000 0.0000000000 1880.0000000000
0.0000000000 0.0000000000 0.0000000000 1.0000000000

0.0000000000 0.0000000000 1.0000000000 2276.0000000000
0.0000000000 1.0000000000 0.0000000000 -362.8000000000
-1.0000000000 0.0000000000 0.0000000000 1880.0000000000
0.0000000000 0.0000000000 0.0000000000 1.0000000000

0.0000000000 0.0000000000 1.0000000000 2276.0000000000
0.0000000000 1.0000000000 0.0000000000 -363.2000000000
-1.0000000000 0.0000000000 0.0000000000 1880.0000000000
0.0000000000 0.0000000000 0.0000000000 1.0000000000

0.0000000000 0.0000000000 1.0000000000 2276.0000000000
0.0000000000 1.0000000000 0.0000000000 -363.6000000000
-1.0000000000 0.0000000000 0.0000000000 1880.0000000000
0.0000000000 0.0000000000 0.0000000000 1.0000000000

0.0000000000 0.0000000000 1.0000000000 2276.0000000000
0.0000000000 1.0000000000 0.0000000000 -364.0000000000
-1.0000000000 0.0000000000 0.0000000000 1880.0000000000
0.0000000000 0.0000000000 0.0000000000 1.0000000000

0.0000000000 0.0000000000 1.0000000000 2276.0000000000
0.0000000000 1.0000000000 0.0000000000 -364.4000000000
-1.0000000000 0.0000000000 0.0000000000 1880.0000000000
0.0000000000 0.0000000000 0.0000000000 1.0000000000

0.0000000000 0.0000000000 1.0000000000 2276.0000000000
0.0000000000 1.0000000000 0.0000000000 -364.8000000000
-1.0000000000 0.0000000000 0.0000000000 1880.0000000000
0.0000000000 0.0000000000 0.0000000000 1.0000000000

0.0000000000 0.0000000000 1.0000000000 2276.0000000000
0.0000000000 1.0000000000 0.0000000000 -365.2000000000
-1.0000000000 0.0000000000 0.0000000000 1880.0000000000
0.0000000000 0.0000000000 0.0000000000 1.0000000000

0.0000000000 0.0000000000 1.0000000000 2276.0000000000
0.0000000000 1.0000000000 0.0000000000 -365.6000000000
-1.0000000000 0.0000000000 0.0000000000 1880.0000000000
0.0000000000 0.0000000000 0.0000000000 1.0000000000

0.0000000000 0.0000000000 1.0000000000 2276.0000000000
0.0000000000 1.0000000000 0.0000000000 -366.0000000000
-1.0000000000 0.0000000000 0.0000000000 1880.0000000000
0.0000000000 0.0000000000 0.0000000000 1.0000000000

0.0000000000 0.0000000000 1.0000000000 2276.0000000000
0.0000000000 1.0000000000 0.0000000000 -366.4000000000
-1.0000000000 0.0000000000 0.0000000000 1880.0000000000
0.0000000000 0.0000000000 0.0000000000 1.0000000000

0.0000000000 0.0000000000 1.0000000000 2276.0000000000
0.0000000000 1.0000000000 0.0000000000 -366.8000000000
-1.0000000000 0.0000000000 0.0000000000 1880.0000000000
0.0000000000 0.0000000000 0.0000000000 1.0000000000

0.0000000000 0.0000000000 1.0000000000 2276.0000000000
0.0000000000 1.0000000000 0.0000000000 -367.2000000000
-1.0000000000 0.0000000000 0.0000000000 1880.0000000000
0.0000000000 0.0000000000 0.0000000000 1.0000000000

0.0000000000 0.0000000000 1.0000000000 2276.0000000000
0.0000000000 1.0000000000 0.0000000000 -367.6000000000
-1.0000000000 0.0000000000 0.0000000000 1880.0000000000
0.0000000000 0.0000000000 0.0000000000 1.0000000000

0.0000000000 0.0000000000 1.0000000000 2276.0000000000
0.0000000000 1.0000000000 0.0000000000 -368.0000000000
-1.0000000000 0.0000000000 0.0000000000 1880.0000000000
0.0000000000 0.0000000000 0.0000000000 1.0000000000

0.0000000000 0.0000000000 1.0000000000 2276.0000000000
0.0000000000 1.0000000000 0.0000000000 -368.4000000000
-1.0000000000 0.0000000000 0.0000000000 1880.0000000000
0.0000000000 0.0000000000 0.0000000000 1.0000000000

0.0000000000 0.0000000000 1.0000000000 2276.0000000000
0.0000000000 1.0000000000 0.0000000000 -368.8000000000
-1.0000000000 0.0000000000 0.0000000000 1880.0000000000
0.0000000000 0.0000000000 0.0000000000 1.0000000000

0.0000000000 0.0000000000 1.0000000000 2276.0000000000
0.0000000000 1.0000000000 0.0000000000 -369.2000000000
-1.0000000000 0.0000000000 0.0000000000 1880.0000000000
0.0000000000 0.0000000000 0.0000000000 1.0000000000

0.0000000000 0.0000000000 1.0000000000 2276.0000000000
0.0000000000 1.0000000000 0.0000000000 -369.6000000000
-1.0000000000 0.0000000000 0.0000000000 1880.0000000000
0.0000000000 0.0000000000 0.0000000000 1.0000000000

0.0000000000 0.0000000000 1.0000000000 2276.0000000000
0.0000000000 1.0000000000 0.0000000000 -370.0000000000
-1.0000000000 0.0000000000 0.0000000000 1880.0000000000
0.0000000000 0.0000000000 0.0000000000 1.0000000000

0.0000000000 0.0000000000 1.0000000000 2276.0000000000
0.0000000000 1.0000000000 0.0000000000 -370.4000000000
-1.0000000000 0.0000000000 0.0000000000 1880.0000000000
0.0000000000 0.0000000000 0.0000000000 1.0000000000

0.0000000000 0.0000000000 1.0000000000 2276.0000000000
0.0000000000 1.0000000000 0.0000000000 -370.8000000000
-1.0000000000 0.0000000000 0.0000000000 1880.0000000000
0.0000000000 0.0000000000 0.0000000000 1.0000000000

0.0000000000 0.0000000000 1.0000000000 2276.0000000000
0.0000000000 1.0000000000 0.0000000000 -371.2000000000
-1.0000000000 0.0000000000 0.0000000000 1880.0000000000
0.0000000000 0.0000000000 0.0000000000 1.0000000000

0.0000000000 0.0000000000 1.0000000000 2276.0000000000
0.0000000000 1.0000000000 0.0000000000 -371.6000000000
-1.0000000000 0.0000000000 0.0000000000 1880.0000000000
0.0000000000 0.0000000000 0.0000000000 1.0000000000

0.0000000000 0.0000000000 1.0000000000 2276.0000000000
0.0000000000 1.0000000000 0.0000000000 -372.0000000000
-1.0000000000 0.0000000000 0.0000000000 1880.0000000000
0.0000000000 0.0000000000 0.0000000000 1.0000000000

0.0000000000 0.0000000000 1.0000000000 2276.0000000000
0.0000000000 1.0000000000 0.0000000000 -372.4000000000
-1.0000000000 0.0000000000 0.0000000000 1880.0000000000
0.0000000000 0.0000000000 0.0000000000 1.0000000000

0.0000000000 0.0000000000 1.0000000000 2276.0000000000
0.0000000000 1.0000000000 0.0000000000 -372.8000000000
-1.0000000000 0.0000000000 0.0000000000 1880.0000000000
0.0000000000 0.0000000000 0.0000000000 1.0000000000

0.0000000000 0.0000000000 1.0000000000 2276.0000000000
0.0000000000 1.0000000000 0.0000000000 -373.2000000000
-1.0000000000 0.0000000000 0.0000000000 1880.0000000000
0.0000000000 0.0000000000 0.0000000000 1.0000000000

0.0000000000 0.0000000000 1.0000000000 2276.0000000000
0.0000000000 1.0000000000 0.0000000000 -373.6000000000
-1.0000000000 0.0000000000 0.0000000000 1880.0000000000
0.0000000000 0.0000000000 0.0000000000 1.0000000000

0.0000000000 0.0000000000 1.0000000000 2276.0000000000
0.0000000000 1.0000000000 0.0000000000 -374.0000000000
-1.0000000000 0.0000000000 0.0000000000 1880.0000000000
0.0000000000 0.0000000000 0.0000000000 1.0000000000

0.0000000000 0.0000000000 1.0000000000 2276.0000000000
0.0000000000 1.0000000000 0.0000000000 -374.4000000000
-1.0000000000 0.0000000000 0.0000000000 1880.0000000000
0.0000000000 0.0000000000 0.0000000000 1.0000000000

0.0000000000 0.0000000000 1.0000000000 2276.0000000000
0.0000000000 1.0000000000 0.0000000000 -374.8000000000
-1.0000000000 0.0000000000 0.0000000000 1880.0000000000
0.0000000000 0.0000000000 0.0000000000 1.0000000000

0.0000000000 0.0000000000 1.0000000000 2276.0000000000
0.0000000000 1.0000000000 0.0000000000 -375.2000000000
-1.0000000000 0.0000000000 0.0000000000 1880.0000000000
0.0000000000 0.0000000000 0.0000000000 1.0000000000

0.0000000000 0.0000000000 1.0000000000 2276.0000000000
0.0000000000 1.0000000000 0.0000000000 -375.6000000000
-1.0000000000 0.0000000000 0.0000000000 1880.0000000000
0.0000000000 0.0000000000 0.0000000000 1.0000000000

0.0000000000 0.0000000000 1.0000000000 2276.0000000000
0.0000000000 1.0000000000 0.0000000000 -376.0000000000
-1.0000000000 0.0000000000 0.0000000000 1880.0000000000
0.0000000000 0.0000000000 0.0000000000 1.0000000000

0.0000000000 0.0000000000 1.0000000000 2276.0000000000
0.0000000000 1.0000000000 0.0000000000 -376.4000000000
-1.0000000000 0.0000000000 0.0000000000 1880.0000000000
0.0000000000 0.0000000000 0.0000000000 1.0000000000

0.0000000000 0.0000000000 1.0000000000 2276.0000000000
0.0000000000 1.0000000000 0.0000000000 -376.8000000000
-1.0000000000 0.0000000000 0.0000000000 1880.0000000000
0.0000000000 0.0000000000 0.0000000000 1.0000000000

0.0000000000 0.0000000000 1.0000000000 2276.0000000000
0.0000000000 1.0000000000 0.0000000000 -377.2000000000
-1.0000000000 0.0000000000 0.0000000000 1880.0000000000
0.0000000000 0.0000000000 0.0000000000 1.0000000000

0.0000000000 0.0000000000 1.0000000000 2276.0000000000
0.0000000000 1.0000000000 0.0000000000 -377.6000000000
-1.0000000000 0.0000000000 0.0000000000 1880.0000000000
0.0000000000 0.0000000000 0.0000000000 1.0000000000

0.0000000000 0.0000000000 1.0000000000 2276.0000000000
0.0000000000 1.0000000000 0.0000000000 -378.0000000000
-1.0000000000 0.0000000000 0.0000000000 1880.0000000000
0.0000000000 0.0000000000 0.0000000000 1.0000000000

0.0000000000 0.0000000000 1.0000000000 2276.0000000000
0.0000000000 1.0000000000 0.0000000000 -378.4000000000
-1.0000000000 0.0000000000 0.0000000000 1880.0000000000
0.0000000000 0.0000000000 0.0000000000 1.0000000000

0.0000000000 0.0000000000 1.0000000000 2276.0000000000
0.0000000000 1.0000000000 0.0000000000 -378.8000000000
-1.0000000000 0.0000000000 0.0000000000 1880.0000000000
0.0000000000 0.0000000000 0.0000000000 1.0000000000

0.0000000000 0.0000000000 1.0000000000 2276.0000000000
0.0000000000 1.0000000000 0.0000000000 -379.2000000000
-1.0000000000 0.0000000000 0.0000000000 1880.0000000000
0.0000000000 0.0000000000 0.0000000000 1.0000000000

0.0000000000 0.0000000000 1.0000000000 2276.0000000000
0.0000000000 1.0000000000 0.0000000000 -379.6000000000
-1.0000000000 0.0000000000 0.0000000000 1880.0000000000
0.0000000000 0.0000000000 0.0000000000 1.0000000000

0.0000000000 0.0000000000 1.0000000000 2276.0000000000
0.0000000000 1.0000000000 0.0000000000 -380.0000000000
-1.0000000000 0.0000000000 0.0000000000 1880.0000000000
0.0000000000 0.0000000000 0.0000000000 1.0000000000

0.0000000000 0.0000000000 1.0000000000 2276.0000000000
0.0000000000 1.0000000000 0.0000000000 -380.4000000000
-1.0000000000 0.0000000000 0.0000000000 1880.0000000000
0.0000000000 0.0000000000 0.0000000000 1.0000000000

0.0000000000 0.0000000000 1.0000000000 2276.0000000000
0.0000000000 1.0000000000 0.0000000000 -380.8000000000
-1.0000000000 0.0000000000 0.0000000000 1880.0000000000
0.0000000000 0.0000000000 0.0000000000 1.0000000000

0.0000000000 0.0000000000 1.0000000000 2276.0000000000
0.0000000000 1.0000000000 0.0000000000 -381.2000000000
-1.0000000000 0.0000000000 0.0000000000 1880.0000000000
0.0000000000 0.0000000000 0.0000000000 1.0000000000

0.0000000000 0.0000000000 1.0000000000 2276.0000000000
0.0000000000 1.0000000000 0.0000000000 -381.6000000000
-1.0000000000 0.0000000000 0.0000000000 1880.0000000000
0.0000000000 0.0000000000 0.0000000000 1.0000000000

0.0000000000 0.0000000000 1.0000000000 2276.0000000000
0.0000000000 1.0000000000 0.0000000000 -382.0000000000
-1.0000000000 0.0000000000 0.0000000000 1880.0000000000
0.0000000000 0.0000000000 0.0000000000 1.0000000000

0.0000000000 0.0000000000 1.0000000000 2276.0000000000
0.0000000000 1.0000000000 0.0000000000 -382.4000000000
-1.0000000000 0.0000000000 0.0000000000 1880.0000000000
0.0000000000 0.0000000000 0.0000000000 1.0000000000

0.0000000000 0.0000000000 1.0000000000 2276.0000000000
0.0000000000 1.0000000000 0.0000000000 -382.8000000000
-1.0000000000 0.0000000000 0.0000000000 1880.0000000000
0.0000000000 0.0000000000 0.0000000000 1.0000000000

0.0000000000 0.0000000000 1.0000000000 2276.0000000000
0.0000000000 1.0000000000 0.0000000000 -383.2000000000
-1.0000000000 0.0000000000 0.0000000000 1880.0000000000
0.0000000000 0.0000000000 0.0000000000 1.0000000000

0.0000000000 0.0000000000 1.0000000000 2276.0000000000
0.0000000000 1.0000000000 0.0000000000 -383.6000000000
-1.0000000000 0.0000000000 0.0000000000 1880.0000000000
0.0000000000 0.0000000000 0.0000000000 1.0000000000

0.0000000000 0.0000000000 1.0000000000 2276.0000000000
0.0000000000 1.0000000000 0.0000000000 -384.0000000000
-1.0000000000 0.0000000000 0.0000000000 1880.0000000000
0.0000000000 0.0000000000 0.0000000000 1.0000000000

0.0000000000 0.0000000000 1.0000000000 2276.0000000000
0.0000000000 1.0000000000 0.0000000000 -384.4000000000
-1.0000000000 0.0000000000 0.0000000000 1880.0000000000
0.0000000000 0.0000000000 0.0000000000 1.0000000000

0.0000000000 0.0000000000 1.0000000000 2276.0000000000
0.0000000000 1.0000000000 0.0000000000 -384.8000000000
-1.0000000000 0.0000000000 0.0000000000 1880.0000000000
0.0000000000 0.0000000000 0.0000000000 1.0000000000

0.0000000000 0.0000000000 1.0000000000 2276.0000000000
0.0000000000 1.0000000000 0.0000000000 -385.2000000000
-1.0000000000 0.0000000000 0.0000000000 1880.0000000000
0.0000000000 0.0000000000 0.0000000000 1.0000000000

0.0000000000 0.0000000000 1.0000000000 2276.0000000000
0.0000000000 1.0000000000 0.0000000000 -385.6000000000
-1.0000000000 0.0000000000 0.0000000000 1880.0000000000
0.0000000000 0.0000000000 0.0000000000 1.0000000000

0.0000000000 0.0000000000 1.0000000000 2276.0000000000
0.0000000000 1.0000000000 0.0000000000 -386.0000000000
-1.0000000000 0.0000000000 0.0000000000 1880.0000000000
0.0000000000 0.0000000000 0.0000000000 1.0000000000

0.0000000000 0.0000000000 1.0000000000 2276.0000000000
0.0000000000 1.0000000000 0.0000000000 -386.4000000000
-1.0000000000 0.0000000000 0.0000000000 1880.0000000000
0.0000000000 0.0000000000 0.0000000000 1.0000000000

0.0000000000 0.0000000000 1.0000000000 2276.0000000000
0.0000000000 1.0000000000 0.0000000000 -386.8000000000
-1.0000000000 0.0000000000 0.0000000000 1880.0000000000
0.0000000000 0.0000000000 0.0000000000 1.0000000000

0.0000000000 0.0000000000 1.0000000000 2276.0000000000
0.0000000000 1.0000000000 0.0000000000 -387.2000000000
-1.0000000000 0.0000000000 0.0000000000 1880.0000000000
0.0000000000 0.0000000000 0.0000000000 1.0000000000

0.0000000000 0.0000000000 1.0000000000 2276.0000000000
0.0000000000 1.0000000000 0.0000000000 -387.6000000000
-1.0000000000 0.0000000000 0.0000000000 1880.0000000000
0.0000000000 0.0000000000 0.0000000000 1.0000000000

0.0000000000 0.0000000000 1.0000000000 2276.0000000000
0.0000000000 1.0000000000 0.0000000000 -388.0000000000
-1.0000000000 0.0000000000 0.0000000000 1880.0000000000
0.0000000000 0.0000000000 0.0000000000 1.0000000000

0.0000000000 0.0000000000 1.0000000000 2276.0000000000
0.0000000000 1.0000000000 0.0000000000 -388.4000000000
-1.0000000000 0.0000000000 0.0000000000 1880.0000000000
0.0000000000 0.0000000000 0.0000000000 1.0000000000

0.0000000000 0.0000000000 1.0000000000 2276.0000000000
0.0000000000 1.0000000000 0.0000000000 -388.8000000000
-1.0000000000 0.0000000000 0.0000000000 1880.0000000000
0.0000000000 0.0000000000 0.0000000000 1.0000000000

0.0000000000 0.0000000000 1.0000000000 2276.0000000000
0.0000000000 1.0000000000 0.0000000000 -389.2000000000
-1.0000000000 0.0000000000 0.0000000000 1880.0000000000
0.0000000000 0.0000000000 0.0000000000 1.0000000000

0.0000000000 0.0000000000 1.0000000000 2276.0000000000
0.0000000000 1.0000000000 0.0000000000 -389.6000000000
-1.0000000000 0.0000000000 0.0000000000 1880.0000000000
0.0000000000 0.0000000000 0.0000000000 1.0000000000

0.0000000000 0.0000000000 1.0000000000 2276.0000000000
0.0000000000 1.0000000000 0.0000000000 -390.0000000000
-1.0000000000 0.0000000000 0.0000000000 1880.0000000000
0.0000000000 0.0000000000 0.0000000000 1.0000000000

0.0000000000 0.0000000000 1.0000000000 2276.0000000000
0.0000000000 1.0000000000 0.0000000000 -390.4000000000
-1.0000000000 0.0000000000 0.0000000000 1880.0000000000
0.0000000000 0.0000000000 0.0000000000 1.0000000000

0.0000000000 0.0000000000 1.0000000000 2276.0000000000
0.0000000000 1.0000000000 0.0000000000 -390.8000000000
-1.0000000000 0.0000000000 0.0000000000 1880.0000000000
0.0000000000 0.0000000000 0.0000000000 1.0000000000

0.0000000000 0.0000000000 1.0000000000 2276.0000000000
0.0000000000 1.0000000000 0.0000000000 -391.2000000000
-1.0000000000 0.0000000000 0.0000000000 1880.0000000000
0.0000000000 0.0000000000 0.0000000000 1.0000000000

0.0000000000 0.0000000000 1.0000000000 2276.0000000000
0.0000000000 1.0000000000 0.0000000000 -391.6000000000
-1.0000000000 0.0000000000 0.0000000000 1880.0000000000
0.0000000000 0.0000000000 0.0000000000 1.0000000000

0.0000000000 0.0000000000 1.0000000000 2276.0000000000
0.0000000000 1.0000000000 0.0000000000 -392.0000000000
-1.0000000000 0.0000000000 0.0000000000 1880.0000000000
0.0000000000 0.0000000000 0.0000000000 1.0000000000

0.0000000000 0.0000000000 1.0000000000 2276.0000000000
0.0000000000 1.0000000000 0.0000000000 -392.4000000000
-1.0000000000 0.0000000000 0.0000000000 1880.0000000000
0.0000000000 0.0000000000 0.0000000000 1.0000000000

0.0000000000 0.0000000000 1.0000000000 2276.0000000000
0.0000000000 1.0000000000 0.0000000000 -392.8000000000
-1.0000000000 0.0000000000 0.0000000000 1880.0000000000
0.0000000000 0.0000000000 0.0000000000 1.0000000000

0.0000000000 0.0000000000 1.0000000000 2276.0000000000
0.0000000000 1.0000000000 0.0000000000 -393.2000000000
-1.0000000000 0.0000000000 0.0000000000 1880.0000000000
0.0000000000 0.0000000000 0.0000000000 1.0000000000

0.0000000000 0.0000000000 1.0000000000 2276.0000000000
0.0000000000 1.0000000000 0.0000000000 -393.6000000000
-1.0000000000 0.0000000000 0.0000000000 1880.0000000000
0.0000000000 0.0000000000 0.0000000000 1.0000000000

0.0000000000 0.0000000000 1.0000000000 2276.0000000000
0.0000000000 1.0000000000 0.0000000000 -394.0000000000
-1.0000000000 0.0000000000 0.0000000000 1880.0000000000
0.0000000000 0.0000000000 0.0000000000 1.0000000000

0.0000000000 0.0000000000 1.0000000000 2276.0000000000
0.0000000000 1.0000000000 0.0000000000 -394.4000000000
-1.0000000000 0.0000000000 0.0000000000 1880.0000000000
0.0000000000 0.0000000000 0.0000000000 1.0000000000

0.0000000000 0.0000000000 1.0000000000 2276.0000000000
0.0000000000 1.0000000000 0.0000000000 -394.8000000000
-1.0000000000 0.0000000000 0.0000000000 1880.0000000000
0.0000000000 0.0000000000 0.0000000000 1.0000000000

0.0000000000 0.0000000000 1.0000000000 2276.0000000000
0.0000000000 1.0000000000 0.0000000000 -395.2000000000
-1.0000000000 0.0000000000 0.0000000000 1880.0000000000
0.0000000000 0.0000000000 0.0000000000 1.0000000000

0.0000000000 0.0000000000 1.0000000000 2276.0000000000
0.0000000000 1.0000000000 0.0000000000 -395.6000000000
-1.0000000000 0.0000000000 0.0000000000 1880.0000000000
0.0000000000 0.0000000000 0.0000000000 1.0000000000

0.0000000000 0.0000000000 1.0000000000 2276.0000000000
0.0000000000 1.0000000000 0.0000000000 -396.0000000000
-1.0000000000 0.0000000000 0.0000000000 1880.0000000000
0.0000000000 0.0000000000 0.0000000000 1.0000000000

0.0000000000 0.0000000000 1.0000000000 2276.0000000000
0.0000000000 1.0000000000 0.0000000000 -396.4000000000
-1.0000000000 0.0000000000 0.0000000000 1880.0000000000
0.0000000000 0.0000000000 0.0000000000 1.0000000000

0.0000000000 0.0000000000 1.0000000000 2276.0000000000
0.0000000000 1.0000000000 0.0000000000 -396.8000000000
-1.0000000000 0.0000000000 0.0000000000 1880.0000000000
0.0000000000 0.0000000000 0.0000000000 1.0000000000

0.0000000000 0.0000000000 1.0000000000 2276.0000000000
0.0000000000 1.0000000000 0.0000000000 -397.2000000000
-1.0000000000 0.0000000000 0.0000000000 1880.0000000000
0.0000000000 0.0000000000 0.0000000000 1.0000000000

0.0000000000 0.0000000000 1.0000000000 2276.0000000000
0.0000000000 1.0000000000 0.0000000000 -397.6000000000
-1.0000000000 0.0000000000 0.0000000000 1880.0000000000
0.0000000000 0.0000000000 0.0000000000 1.0000000000

0.0000000000 0.0000000000 1.0000000000 2276.0000000000
0.0000000000 1.0000000000 0.0000000000 -398.0000000000
-1.0000000000 0.0000000000 0.0000000000 1880.0000000000
0.0000000000 0.0000000000 0.0000000000 1.0000000000

0.0000000000 0.0000000000 1.0000000000 2276.0000000000
0.0000000000 1.0000000000 0.0000000000 -398.4000000000
-1.0000000000 0.0000000000 0.0000000000 1880.0000000000
0.0000000000 0.0000000000 0.0000000000 1.0000000000

0.0000000000 0.0000000000 1.0000000000 2276.0000000000
0.0000000000 1.0000000000 0.0000000000 -398.8000000000
-1.0000000000 0.0000000000 0.0000000000 1880.0000000000
0.0000000000 0.0000000000 0.0000000000 1.0000000000

0.0000000000 0.0000000000 1.0000000000 2276.0000000000
0.0000000000 1.0000000000 0.0000000000 -399.2000000000
-1.0000000000 0.0000000000 0.0000000000 1880.0000000000
0.0000000000 0.0000000000 0.0000000000 1.0000000000

0.0000000000 0.0000000000 1.0000000000 2276.0000000000
0.0000000000 1.0000000000 0.0000000000 -399.6000000000
-1.0000000000 0.0000000000 0.0000000000 1880.0000000000
0.0000000000 0.0000000000 0.0000000000 1.0000000000

0.0000000000 0.0000000000 1.0000000000 2276.0000000000
0.0000000000 1.0000000000 0.0000000000 -400.0000000000
-1.0000000000 0.0000000000 0.0000000000 1880.0000000000
0.0000000000 0.0000000000 0.0000000000 1.0000000000

0.0000000000 0.0000000000 1.0000000000 2276.0000000000
0.0000000000 1.0000000000 0.0000000000 -400.4000000000
-1.0000000000 0.0000000000 0.0000000000 1880.0000000000
0.0000000000 0.0000000000 0.0000000000 1.0000000000

0.0000000000 0.0000000000 1.0000000000 2276.0000000000
0.0000000000 1.0000000000 0.0000000000 -400.8000000000
-1.0000000000 0.0000000000 0.0000000000 1880.0000000000
0.0000000000 0.0000000000 0.0000000000 1.0000000000

0.0000000000 0.0000000000 1.0000000000 2276.0000000000
0.0000000000 1.0000000000 0.0000000000 -401.2000000000
-1.0000000000 0.0000000000 0.0000000000 1880.0000000000
0.0000000000 0.0000000000 0.0000000000 1.0000000000

0.0000000000 0.0000000000 1.0000000000 2276.0000000000
0.0000000000 1.0000000000 0.0000000000 -401.6000000000
-1.0000000000 0.0000000000 0.0000000000 1880.0000000000
0.0000000000 0.0000000000 0.0000000000 1.0000000000

0.0000000000 0.0000000000 1.0000000000 2276.0000000000
0.0000000000 1.0000000000 0.0000000000 -402.0000000000
-1.0000000000 0.0000000000 0.0000000000 1880.0000000000
0.0000000000 0.0000000000 0.0000000000 1.0000000000

0.0000000000 0.0000000000 1.0000000000 2276.0000000000
0.0000000000 1.0000000000 0.0000000000 -402.4000000000
-1.0000000000 0.0000000000 0.0000000000 1880.0000000000
0.0000000000 0.0000000000 0.0000000000 1.0000000000

0.0000000000 0.0000000000 1.0000000000 2276.0000000000
0.0000000000 1.0000000000 0.0000000000 -402.8000000000
-1.0000000000 0.0000000000 0.0000000000 1880.0000000000
0.0000000000 0.0000000000 0.0000000000 1.0000000000

0.0000000000 0.0000000000 1.0000000000 2276.0000000000
0.0000000000 1.0000000000 0.0000000000 -403.2000000000
-1.0000000000 0.0000000000 0.0000000000 1880.0000000000
0.0000000000 0.0000000000 0.0000000000 1.0000000000

0.0000000000 0.0000000000 1.0000000000 2276.0000000000
0.0000000000 1.0000000000 0.0000000000 -403.6000000000
-1.0000000000 0.0000000000 0.0000000000 1880.0000000000
0.0000000000 0.0000000000 0.0000000000 1.0000000000

0.0000000000 0.0000000000 1.0000000000 2276.0000000000
0.0000000000 1.0000000000 0.0000000000 -404.0000000000
-1.0000000000 0.0000000000 0.0000000000 1880.0000000000
0.0000000000 0.0000000000 0.0000000000 1.0000000000

0.0000000000 0.0000000000 1.0000000000 2276.0000000000
0.0000000000 1.0000000000 0.0000000000 -404.4000000000
-1.0000000000 0.0000000000 0.0000000000 1880.0000000000
0.0000000000 0.0000000000 0.0000000000 1.0000000000

0.0000000000 0.0000000000 1.0000000000 2276.0000000000
0.0000000000 1.0000000000 0.0000000000 -404.8000000000
-1.0000000000 0.0000000000 0.0000000000 1880.0000000000
0.0000000000 0.0000000000 0.0000000000 1.0000000000

0.0000000000 0.0000000000 1.0000000000 2276.0000000000
0.0000000000 1.0000000000 0.0000000000 -405.2000000000
-1.0000000000 0.0000000000 0.0000000000 1880.0000000000
0.0000000000 0.0000000000 0.0000000000 1.0000000000

0.0000000000 0.0000000000 1.0000000000 2276.0000000000
0.0000000000 1.0000000000 0.0000000000 -405.6000000000
-1.0000000000 0.0000000000 0.0000000000 1880.0000000000
0.0000000000 0.0000000000 0.0000000000 1.0000000000

0.0000000000 0.0000000000 1.0000000000 2276.0000000000
0.0000000000 1.0000000000 0.0000000000 -406.0000000000
-1.0000000000 0.0000000000 0.0000000000 1880.0000000000
0.0000000000 0.0000000000 0.0000000000 1.0000000000

0.0000000000 0.0000000000 1.0000000000 2276.0000000000
0.0000000000 1.0000000000 0.0000000000 -406.4000000000
-1.0000000000 0.0000000000 0.0000000000 1880.0000000000
0.0000000000 0.0000000000 0.0000000000 1.0000000000

0.0000000000 0.0000000000 1.0000000000 2276.0000000000
0.0000000000 1.0000000000 0.0000000000 -406.8000000000
-1.0000000000 0.0000000000 0.0000000000 1880.0000000000
0.0000000000 0.0000000000 0.0000000000 1.0000000000

0.0000000000 0.0000000000 1.0000000000 2276.0000000000
0.0000000000 1.0000000000 0.0000000000 -407.2000000000
-1.0000000000 0.0000000000 0.0000000000 1880.0000000000
0.0000000000 0.0000000000 0.0000000000 1.0000000000

0.0000000000 0.0000000000 1.0000000000 2276.0000000000
0.0000000000 1.0000000000 0.0000000000 -407.6000000000
-1.0000000000 0.0000000000 0.0000000000 1880.0000000000
0.0000000000 0.0000000000 0.0000000000 1.0000000000

0.0000000000 0.0000000000 1.0000000000 2276.0000000000
0.0000000000 1.0000000000 0.0000000000 -408.0000000000
-1.0000000000 0.0000000000 0.0000000000 1880.0000000000
0.0000000000 0.0000000000 0.0000000000 1.0000000000

0.0000000000 0.0000000000 1.0000000000 2276.0000000000
0.0000000000 1.0000000000 0.0000000000 -408.4000000000
-1.0000000000 0.0000000000 0.0000000000 1880.0000000000
0.0000000000 0.0000000000 0.0000000000 1.0000000000

0.0000000000 0.0000000000 1.0000000000 2276.0000000000
0.0000000000 1.0000000000 0.0000000000 -408.8000000000
-1.0000000000 0.0000000000 0.0000000000 1880.0000000000
0.0000000000 0.0000000000 0.0000000000 1.0000000000

0.0000000000 0.0000000000 1.0000000000 2276.0000000000
0.0000000000 1.0000000000 0.0000000000 -409.2000000000
-1.0000000000 0.0000000000 0.0000000000 1880.0000000000
0.0000000000 0.0000000000 0.0000000000 1.0000000000

0.0000000000 0.0000000000 1.0000000000 2276.0000000000
0.0000000000 1.0000000000 0.0000000000 -409.6000000000
-1.0000000000 0.0000000000 0.0000000000 1880.0000000000
0.0000000000 0.0000000000 0.0000000000 1.0000000000

0.0000000000 0.0000000000 1.0000000000 2276.0000000000
0.0000000000 1.0000000000 0.0000000000 -410.0000000000
-1.0000000000 0.0000000000 0.0000000000 1880.0000000000
0.0000000000 0.0000000000 0.0000000000 1.0000000000

0.0000000000 0.0000000000 1.0000000000 2276.0000000000
0.0000000000 1.0000000000 0.0000000000 -410.4000000000
-1.0000000000 0.0000000000 0.0000000000 1880.0000000000
0.0000000000 0.0000000000 0.0000000000 1.0000000000

0.0000000000 0.0000000000 1.0000000000 2276.0000000000
0.0000000000 1.0000000000 0.0000000000 -410.8000000000
-1.0000000000 0.0000000000 0.0000000000 1880.0000000000
0.0000000000 0.0000000000 0.0000000000 1.0000000000

0.0000000000 0.0000000000 1.0000000000 2276.0000000000
0.0000000000 1.0000000000 0.0000000000 -411.2000000000
-1.0000000000 0.0000000000 0.0000000000 1880.0000000000
0.0000000000 0.0000000000 0.0000000000 1.0000000000

0.0000000000 0.0000000000 1.0000000000 2276.0000000000
0.0000000000 1.0000000000 0.0000000000 -411.6000000000
-1.0000000000 0.0000000000 0.0000000000 1880.0000000000
0.0000000000 0.0000000000 0.0000000000 1.0000000000

0.0000000000 0.0000000000 1.0000000000 2276.0000000000
0.0000000000 1.0000000000 0.0000000000 -412.0000000000
-1.0000000000 0.0000000000 0.0000000000 1880.0000000000
0.0000000000 0.0000000000 0.0000000000 1.0000000000

0.0000000000 0.0000000000 1.0000000000 2276.0000000000
0.0000000000 1.0000000000 0.0000000000 -412.4000000000
-1.0000000000 0.0000000000 0.0000000000 1880.0000000000
0.0000000000 0.0000000000 0.0000000000 1.0000000000

0.0000000000 0.0000000000 1.0000000000 2276.0000000000
0.0000000000 1.0000000000 0.0000000000 -412.8000000000
-1.0000000000 0.0000000000 0.0000000000 1880.0000000000
0.0000000000 0.0000000000 0.0000000000 1.0000000000

0.0000000000 0.0000000000 1.0000000000 2276.0000000000
0.0000000000 1.0000000000 0.0000000000 -413.2000000000
-1.0000000000 0.0000000000 0.0000000000 1880.0000000000
0.0000000000 0.0000000000 0.0000000000 1.0000000000

0.0000000000 0.0000000000 1.0000000000 2276.0000000000
0.0000000000 1.0000000000 0.0000000000 -413.6000000000
-1.0000000000 0.0000000000 0.0000000000 1880.0000000000
0.0000000000 0.0000000000 0.0000000000 1.0000000000

0.0000000000 0.0000000000 1.0000000000 2276.0000000000
0.0000000000 1.0000000000 0.0000000000 -414.0000000000
-1.0000000000 0.0000000000 0.0000000000 1880.0000000000
0.0000000000 0.0000000000 0.0000000000 1.0000000000

0.0000000000 0.0000000000 1.0000000000 2276.0000000000
0.0000000000 1.0000000000 0.0000000000 -414.4000000000
-1.0000000000 0.0000000000 0.0000000000 1880.0000000000
0.0000000000 0.0000000000 0.0000000000 1.0000000000

0.0000000000 0.0000000000 1.0000000000 2276.0000000000
0.0000000000 1.0000000000 0.0000000000 -414.8000000000
-1.0000000000 0.0000000000 0.0000000000 1880.0000000000
0.0000000000 0.0000000000 0.0000000000 1.0000000000

0.0000000000 0.0000000000 1.0000000000 2276.0000000000
0.0000000000 1.0000000000 0.0000000000 -415.2000000000
-1.0000000000 0.0000000000 0.0000000000 1880.0000000000
0.0000000000 0.0000000000 0.0000000000 1.0000000000

0.0000000000 0.0000000000 1.0000000000 2276.0000000000
0.0000000000 1.0000000000 0.0000000000 -415.6000000000
-1.0000000000 0.0000000000 0.0000000000 1880.0000000000
0.0000000000 0.0000000000 0.0000000000 1.0000000000

0.0000000000 0.0000000000 1.0000000000 2276.0000000000
0.0000000000 1.0000000000 0.0000000000 -416.0000000000
-1.0000000000 0.0000000000 0.0000000000 1880.0000000000
0.0000000000 0.0000000000 0.0000000000 1.0000000000

0.0000000000 0.0000000000 1.0000000000 2276.0000000000
0.0000000000 1.0000000000 0.0000000000 -416.4000000000
-1.0000000000 0.0000000000 0.0000000000 1880.0000000000
0.0000000000 0.0000000000 0.0000000000 1.0000000000

0.0000000000 0.0000000000 1.0000000000 2276.0000000000
0.0000000000 1.0000000000 0.0000000000 -416.8000000000
-1.0000000000 0.0000000000 0.0000000000 1880.0000000000
0.0000000000 0.0000000000 0.0000000000 1.0000000000

0.0000000000 0.0000000000 1.0000000000 2276.0000000000
0.0000000000 1.0000000000 0.0000000000 -417.2000000000
-1.0000000000 0.0000000000 0.0000000000 1880.0000000000
0.0000000000 0.0000000000 0.0000000000 1.0000000000

0.0000000000 0.0000000000 1.0000000000 2276.0000000000
0.0000000000 1.0000000000 0.0000000000 -417.6000000000
-1.0000000000 0.0000000000 0.0000000000 1880.0000000000
0.0000000000 0.0000000000 0.0000000000 1.0000000000

0.0000000000 0.0000000000 1.0000000000 2276.0000000000
0.0000000000 1.0000000000 0.0000000000 -418.0000000000
-1.0000000000 0.0000000000 0.0000000000 1880.0000000000
0.0000000000 0.0000000000 0.0000000000 1.0000000000

0.0000000000 0.0000000000 1.0000000000 2276.0000000000
0.0000000000 1.0000000000 0.0000000000 -418.4000000000
-1.0000000000 0.0000000000 0.0000000000 1880.0000000000
0.0000000000 0.0000000000 0.0000000000 1.0000000000

0.0000000000 0.0000000000 1.0000000000 2276.0000000000
0.0000000000 1.0000000000 0.0000000000 -418.8000000000
-1.0000000000 0.0000000000 0.0000000000 1880.0000000000
0.0000000000 0.0000000000 0.0000000000 1.0000000000

0.0000000000 0.0000000000 1.0000000000 2276.0000000000
0.0000000000 1.0000000000 0.0000000000 -419.2000000000
-1.0000000000 0.0000000000 0.0000000000 1880.0000000000
0.0000000000 0.0000000000 0.0000000000 1.0000000000

0.0000000000 0.0000000000 1.0000000000 2276.0000000000
0.0000000000 1.0000000000 0.0000000000 -419.6000000000
-1.0000000000 0.0000000000 0.0000000000 1880.0000000000
0.0000000000 0.0000000000 0.0000000000 1.0000000000

0.0000000000 0.0000000000 1.0000000000 2276.0000000000
0.0000000000 1.0000000000 0.0000000000 -420.0000000000
-1.0000000000 0.0000000000 0.0000000000 1880.0000000000
0.0000000000 0.0000000000 0.0000000000 1.0000000000

0.0000000000 0.0000000000 1.0000000000 2276.0000000000
0.0000000000 1.0000000000 0.0000000000 -420.4000000000
-1.0000000000 0.0000000000 0.0000000000 1880.0000000000
0.0000000000 0.0000000000 0.0000000000 1.0000000000

0.0000000000 0.0000000000 1.0000000000 2276.0000000000
0.0000000000 1.0000000000 0.0000000000 -420.8000000000
-1.0000000000 0.0000000000 0.0000000000 1880.0000000000
0.0000000000 0.0000000000 0.0000000000 1.0000000000

0.0000000000 0.0000000000 1.0000000000 2276.0000000000
0.0000000000 1.0000000000 0.0000000000 -421.2000000000
-1.0000000000 0.0000000000 0.0000000000 1880.0000000000
0.0000000000 0.0000000000 0.0000000000 1.0000000000

0.0000000000 0.0000000000 1.0000000000 2276.0000000000
0.0000000000 1.0000000000 0.0000000000 -421.6000000000
-1.0000000000 0.0000000000 0.0000000000 1880.0000000000
0.0000000000 0.0000000000 0.0000000000 1.0000000000

0.0000000000 0.0000000000 1.0000000000 2276.0000000000
0.0000000000 1.0000000000 0.0000000000 -422.0000000000
-1.0000000000 0.0000000000 0.0000000000 1880.0000000000
0.0000000000 0.0000000000 0.0000000000 1.0000000000

0.0000000000 0.0000000000 1.0000000000 2276.0000000000
0.0000000000 1.0000000000 0.0000000000 -422.4000000000
-1.0000000000 0.0000000000 0.0000000000 1880.0000000000
0.0000000000 0.0000000000 0.0000000000 1.0000000000

0.0000000000 0.0000000000 1.0000000000 2276.0000000000
0.0000000000 1.0000000000 0.0000000000 -422.8000000000
-1.0000000000 0.0000000000 0.0000000000 1880.0000000000
0.0000000000 0.0000000000 0.0000000000 1.0000000000

0.0000000000 0.0000000000 1.0000000000 2276.0000000000
0.0000000000 1.0000000000 0.0000000000 -423.2000000000
-1.0000000000 0.0000000000 0.0000000000 1880.0000000000
0.0000000000 0.0000000000 0.0000000000 1.0000000000

0.0000000000 0.0000000000 1.0000000000 2276.0000000000
0.0000000000 1.0000000000 0.0000000000 -423.6000000000
-1.0000000000 0.0000000000 0.0000000000 1880.0000000000
0.0000000000 0.0000000000 0.0000000000 1.0000000000

0.0000000000 0.0000000000 1.0000000000 2276.0000000000
0.0000000000 1.0000000000 0.0000000000 -424.0000000000
-1.0000000000 0.0000000000 0.0000000000 1880.0000000000
0.0000000000 0.0000000000 0.0000000000 1.0000000000

0.0000000000 0.0000000000 1.0000000000 2276.0000000000
0.0000000000 1.0000000000 0.0000000000 -424.4000000000
-1.0000000000 0.0000000000 0.0000000000 1880.0000000000
0.0000000000 0.0000000000 0.0000000000 1.0000000000

0.0000000000 0.0000000000 1.0000000000 2276.0000000000
0.0000000000 1.0000000000 0.0000000000 -424.8000000000
-1.0000000000 0.0000000000 0.0000000000 1880.0000000000
0.0000000000 0.0000000000 0.0000000000 1.0000000000

0.0000000000 0.0000000000 1.0000000000 2276.0000000000
0.0000000000 1.0000000000 0.0000000000 -425.2000000000
-1.0000000000 0.0000000000 0.0000000000 1880.0000000000
0.0000000000 0.0000000000 0.0000000000 1.0000000000

0.0000000000 0.0000000000 1.0000000000 2276.0000000000
0.0000000000 1.0000000000 0.0000000000 -425.6000000000
-1.0000000000 0.0000000000 0.0000000000 1880.0000000000
0.0000000000 0.0000000000 0.0000000000 1.0000000000

0.0000000000 0.0000000000 1.0000000000 2276.0000000000
0.0000000000 1.0000000000 0.0000000000 -426.0000000000
-1.0000000000 0.0000000000 0.0000000000 1880.0000000000
0.0000000000 0.0000000000 0.0000000000 1.0000000000

0.0000000000 0.0000000000 1.0000000000 2276.0000000000
0.0000000000 1.0000000000 0.0000000000 -426.4000000000
-1.0000000000 0.0000000000 0.0000000000 1880.0000000000
0.0000000000 0.0000000000 0.0000000000 1.0000000000

0.0000000000 0.0000000000 1.0000000000 2276.0000000000
0.0000000000 1.0000000000 0.0000000000 -426.8000000000
-1.0000000000 0.0000000000 0.0000000000 1880.0000000000
0.0000000000 0.0000000000 0.0000000000 1.0000000000

0.0000000000 0.0000000000 1.0000000000 2276.0000000000
0.0000000000 1.0000000000 0.0000000000 -427.2000000000
-1.0000000000 0.0000000000 0.0000000000 1880.0000000000
0.0000000000 0.0000000000 0.0000000000 1.0000000000

0.0000000000 0.0000000000 1.0000000000 2276.0000000000
0.0000000000 1.0000000000 0.0000000000 -427.6000000000
-1.0000000000 0.0000000000 0.0000000000 1880.0000000000
0.0000000000 0.0000000000 0.0000000000 1.0000000000

0.0000000000 0.0000000000 1.0000000000 2276.0000000000
0.0000000000 1.0000000000 0.0000000000 -428.0000000000
-1.0000000000 0.0000000000 0.0000000000 1880.0000000000
0.0000000000 0.0000000000 0.0000000000 1.0000000000

0.0000000000 0.0000000000 1.0000000000 2276.0000000000
0.0000000000 1.0000000000 0.0000000000 -428.4000000000
-1.0000000000 0.0000000000 0.0000000000 1880.0000000000
0.0000000000 0.0000000000 0.0000000000 1.0000000000

0.0000000000 0.0000000000 1.0000000000 2276.0000000000
0.0000000000 1.0000000000 0.0000000000 -428.8000000000
-1.0000000000 0.0000000000 0.0000000000 1880.0000000000
0.0000000000 0.0000000000 0.0000000000 1.0000000000

0.0000000000 0.0000000000 1.0000000000 2276.0000000000
0.0000000000 1.0000000000 0.0000000000 -429.2000000000
-1.0000000000 0.0000000000 0.0000000000 1880.0000000000
0.0000000000 0.0000000000 0.0000000000 1.0000000000

0.0000000000 0.0000000000 1.0000000000 2276.0000000000
0.0000000000 1.0000000000 0.0000000000 -429.6000000000
-1.0000000000 0.0000000000 0.0000000000 1880.0000000000
0.0000000000 0.0000000000 0.0000000000 1.0000000000

0.0000000000 0.0000000000 1.0000000000 2276.0000000000
0.0000000000 1.0000000000 0.0000000000 -430.0000000000
-1.0000000000 0.0000000000 0.0000000000 1880.0000000000
0.0000000000 0.0000000000 0.0000000000 1.0000000000

0.0000000000 0.0000000000 1.0000000000 2276.0000000000
0.0000000000 1.0000000000 0.0000000000 -430.4000000000
-1.0000000000 0.0000000000 0.0000000000 1880.0000000000
0.0000000000 0.0000000000 0.0000000000 1.0000000000

0.0000000000 0.0000000000 1.0000000000 2276.0000000000
0.0000000000 1.0000000000 0.0000000000 -430.8000000000
-1.0000000000 0.0000000000 0.0000000000 1880.0000000000
0.0000000000 0.0000000000 0.0000000000 1.0000000000

0.0000000000 0.0000000000 1.0000000000 2276.0000000000
0.0000000000 1.0000000000 0.0000000000 -431.2000000000
-1.0000000000 0.0000000000 0.0000000000 1880.0000000000
0.0000000000 0.0000000000 0.0000000000 1.0000000000

0.0000000000 0.0000000000 1.0000000000 2276.0000000000
0.0000000000 1.0000000000 0.0000000000 -431.6000000000
-1.0000000000 0.0000000000 0.0000000000 1880.0000000000
0.0000000000 0.0000000000 0.0000000000 1.0000000000

0.0000000000 0.0000000000 1.0000000000 2276.0000000000
0.0000000000 1.0000000000 0.0000000000 -432.0000000000
-1.0000000000 0.0000000000 0.0000000000 1880.0000000000
0.0000000000 0.0000000000 0.0000000000 1.0000000000

0.0000000000 0.0000000000 1.0000000000 2276.0000000000
0.0000000000 1.0000000000 0.0000000000 -432.4000000000
-1.0000000000 0.0000000000 0.0000000000 1880.0000000000
0.0000000000 0.0000000000 0.0000000000 1.0000000000

0.0000000000 0.0000000000 1.0000000000 2276.0000000000
0.0000000000 1.0000000000 0.0000000000 -432.8000000000
-1.0000000000 0.0000000000 0.0000000000 1880.0000000000
0.0000000000 0.0000000000 0.0000000000 1.0000000000

0.0000000000 0.0000000000 1.0000000000 2276.0000000000
0.0000000000 1.0000000000 0.0000000000 -433.2000000000
-1.0000000000 0.0000000000 0.0000000000 1880.0000000000
0.0000000000 0.0000000000 0.0000000000 1.0000000000

0.0000000000 0.0000000000 1.0000000000 2276.0000000000
0.0000000000 1.0000000000 0.0000000000 -433.6000000000
-1.0000000000 0.0000000000 0.0000000000 1880.0000000000
0.0000000000 0.0000000000 0.0000000000 1.0000000000

0.0000000000 0.0000000000 1.0000000000 2276.0000000000
0.0000000000 1.0000000000 0.0000000000 -434.0000000000
-1.0000000000 0.0000000000 0.0000000000 1880.0000000000
0.0000000000 0.0000000000 0.0000000000 1.0000000000

0.0000000000 0.0000000000 1.0000000000 2276.0000000000
0.0000000000 1.0000000000 0.0000000000 -434.4000000000
-1.0000000000 0.0000000000 0.0000000000 1880.0000000000
0.0000000000 0.0000000000 0.0000000000 1.0000000000

0.0000000000 0.0000000000 1.0000000000 2276.0000000000
0.0000000000 1.0000000000 0.0000000000 -434.8000000000
-1.0000000000 0.0000000000 0.0000000000 1880.0000000000
0.0000000000 0.0000000000 0.0000000000 1.0000000000

0.0000000000 0.0000000000 1.0000000000 2276.0000000000
0.0000000000 1.0000000000 0.0000000000 -435.2000000000
-1.0000000000 0.0000000000 0.0000000000 1880.0000000000
0.0000000000 0.0000000000 0.0000000000 1.0000000000

0.0000000000 0.0000000000 1.0000000000 2276.0000000000
0.0000000000 1.0000000000 0.0000000000 -435.6000000000
-1.0000000000 0.0000000000 0.0000000000 1880.0000000000
0.0000000000 0.0000000000 0.0000000000 1.0000000000

0.0000000000 0.0000000000 1.0000000000 2276.0000000000
0.0000000000 1.0000000000 0.0000000000 -436.0000000000
-1.0000000000 0.0000000000 0.0000000000 1880.0000000000
0.0000000000 0.0000000000 0.0000000000 1.0000000000

0.0000000000 0.0000000000 1.0000000000 2276.0000000000
0.0000000000 1.0000000000 0.0000000000 -436.4000000000
-1.0000000000 0.0000000000 0.0000000000 1880.0000000000
0.0000000000 0.0000000000 0.0000000000 1.0000000000

0.0000000000 0.0000000000 1.0000000000 2276.0000000000
0.0000000000 1.0000000000 0.0000000000 -436.8000000000
-1.0000000000 0.0000000000 0.0000000000 1880.0000000000
0.0000000000 0.0000000000 0.0000000000 1.0000000000

0.0000000000 0.0000000000 1.0000000000 2276.0000000000
0.0000000000 1.0000000000 0.0000000000 -437.2000000000
-1.0000000000 0.0000000000 0.0000000000 1880.0000000000
0.0000000000 0.0000000000 0.0000000000 1.0000000000

0.0000000000 0.0000000000 1.0000000000 2276.0000000000
0.0000000000 1.0000000000 0.0000000000 -437.6000000000
-1.0000000000 0.0000000000 0.0000000000 1880.0000000000
0.0000000000 0.0000000000 0.0000000000 1.0000000000

0.0000000000 0.0000000000 1.0000000000 2276.0000000000
0.0000000000 1.0000000000 0.0000000000 -438.0000000000
-1.0000000000 0.0000000000 0.0000000000 1880.0000000000
0.0000000000 0.0000000000 0.0000000000 1.0000000000

0.0000000000 0.0000000000 1.0000000000 2276.0000000000
0.0000000000 1.0000000000 0.0000000000 -438.4000000000
-1.0000000000 0.0000000000 0.0000000000 1880.0000000000
0.0000000000 0.0000000000 0.0000000000 1.0000000000

0.0000000000 0.0000000000 1.0000000000 2276.0000000000
0.0000000000 1.0000000000 0.0000000000 -438.8000000000
-1.0000000000 0.0000000000 0.0000000000 1880.0000000000
0.0000000000 0.0000000000 0.0000000000 1.0000000000

0.0000000000 0.0000000000 1.0000000000 2276.0000000000
0.0000000000 1.0000000000 0.0000000000 -439.2000000000
-1.0000000000 0.0000000000 0.0000000000 1880.0000000000
0.0000000000 0.0000000000 0.0000000000 1.0000000000

0.0000000000 0.0000000000 1.0000000000 2276.0000000000
0.0000000000 1.0000000000 0.0000000000 -439.6000000000
-1.0000000000 0.0000000000 0.0000000000 1880.0000000000
0.0000000000 0.0000000000 0.0000000000 1.0000000000

0.0000000000 0.0000000000 1.0000000000 2276.0000000000
0.0000000000 1.0000000000 0.0000000000 -440.0000000000
-1.0000000000 0.0000000000 0.0000000000 1880.0000000000
0.0000000000 0.0000000000 0.0000000000 1.0000000000

0.0000000000 0.0000000000 1.0000000000 2276.0000000000
0.0000000000 1.0000000000 0.0000000000 -440.4000000000
-1.0000000000 0.0000000000 0.0000000000 1880.0000000000
0.0000000000 0.0000000000 0.0000000000 1.0000000000

0.0000000000 0.0000000000 1.0000000000 2276.0000000000
0.0000000000 1.0000000000 0.0000000000 -440.8000000000
-1.0000000000 0.0000000000 0.0000000000 1880.0000000000
0.0000000000 0.0000000000 0.0000000000 1.0000000000

0.0000000000 0.0000000000 1.0000000000 2276.0000000000
0.0000000000 1.0000000000 0.0000000000 -441.2000000000
-1.0000000000 0.0000000000 0.0000000000 1880.0000000000
0.0000000000 0.0000000000 0.0000000000 1.0000000000

0.0000000000 0.0000000000 1.0000000000 2276.0000000000
0.0000000000 1.0000000000 0.0000000000 -441.6000000000
-1.0000000000 0.0000000000 0.0000000000 1880.0000000000
0.0000000000 0.0000000000 0.0000000000 1.0000000000

0.0000000000 0.0000000000 1.0000000000 2276.0000000000
0.0000000000 1.0000000000 0.0000000000 -442.0000000000
-1.0000000000 0.0000000000 0.0000000000 1880.0000000000
0.0000000000 0.0000000000 0.0000000000 1.0000000000

0.0000000000 0.0000000000 1.0000000000 2276.0000000000
0.0000000000 1.0000000000 0.0000000000 -442.4000000000
-1.0000000000 0.0000000000 0.0000000000 1880.0000000000
0.0000000000 0.0000000000 0.0000000000 1.0000000000

0.0000000000 0.0000000000 1.0000000000 2276.0000000000
0.0000000000 1.0000000000 0.0000000000 -442.8000000000
-1.0000000000 0.0000000000 0.0000000000 1880.0000000000
0.0000000000 0.0000000000 0.0000000000 1.0000000000

0.0000000000 0.0000000000 1.0000000000 2276.0000000000
0.0000000000 1.0000000000 0.0000000000 -443.2000000000
-1.0000000000 0.0000000000 0.0000000000 1880.0000000000
0.0000000000 0.0000000000 0.0000000000 1.0000000000

0.0000000000 0.0000000000 1.0000000000 2276.0000000000
0.0000000000 1.0000000000 0.0000000000 -443.6000000000
-1.0000000000 0.0000000000 0.0000000000 1880.0000000000
0.0000000000 0.0000000000 0.0000000000 1.0000000000

0.0000000000 0.0000000000 1.0000000000 2276.0000000000
0.0000000000 1.0000000000 0.0000000000 -444.0000000000
-1.0000000000 0.0000000000 0.0000000000 1880.0000000000
0.0000000000 0.0000000000 0.0000000000 1.0000000000

0.0000000000 0.0000000000 1.0000000000 2276.0000000000
0.0000000000 1.0000000000 0.0000000000 -444.4000000000
-1.0000000000 0.0000000000 0.0000000000 1880.0000000000
0.0000000000 0.0000000000 0.0000000000 1.0000000000

0.0000000000 0.0000000000 1.0000000000 2276.0000000000
0.0000000000 1.0000000000 0.0000000000 -444.8000000000
-1.0000000000 0.0000000000 0.0000000000 1880.0000000000
0.0000000000 0.0000000000 0.0000000000 1.0000000000

0.0000000000 0.0000000000 1.0000000000 2276.0000000000
0.0000000000 1.0000000000 0.0000000000 -445.2000000000
-1.0000000000 0.0000000000 0.0000000000 1880.0000000000
0.0000000000 0.0000000000 0.0000000000 1.0000000000

0.0000000000 0.0000000000 1.0000000000 2276.0000000000
0.0000000000 1.0000000000 0.0000000000 -445.6000000000
-1.0000000000 0.0000000000 0.0000000000 1880.0000000000
0.0000000000 0.0000000000 0.0000000000 1.0000000000

0.0000000000 0.0000000000 1.0000000000 2276.0000000000
0.0000000000 1.0000000000 0.0000000000 -446.0000000000
-1.0000000000 0.0000000000 0.0000000000 1880.0000000000
0.0000000000 0.0000000000 0.0000000000 1.0000000000

0.0000000000 0.0000000000 1.0000000000 2276.0000000000
0.0000000000 1.0000000000 0.0000000000 -446.4000000000
-1.0000000000 0.0000000000 0.0000000000 1880.0000000000
0.0000000000 0.0000000000 0.0000000000 1.0000000000

0.0000000000 0.0000000000 1.0000000000 2276.0000000000
0.0000000000 1.0000000000 0.0000000000 -446.8000000000
-1.0000000000 0.0000000000 0.0000000000 1880.0000000000
0.0000000000 0.0000000000 0.0000000000 1.0000000000

0.0000000000 0.0000000000 1.0000000000 2276.0000000000
0.0000000000 1.0000000000 0.0000000000 -447.2000000000
-1.0000000000 0.0000000000 0.0000000000 1880.0000000000
0.0000000000 0.0000000000 0.0000000000 1.0000000000

0.0000000000 0.0000000000 1.0000000000 2276.0000000000
0.0000000000 1.0000000000 0.0000000000 -447.6000000000
-1.0000000000 0.0000000000 0.0000000000 1880.0000000000
0.0000000000 0.0000000000 0.0000000000 1.0000000000

0.0000000000 0.0000000000 1.0000000000 2276.0000000000
0.0000000000 1.0000000000 0.0000000000 -448.0000000000
-1.0000000000 0.0000000000 0.0000000000 1880.0000000000
0.0000000000 0.0000000000 0.0000000000 1.0000000000

0.0000000000 0.0000000000 1.0000000000 2276.0000000000
0.0000000000 1.0000000000 0.0000000000 -448.4000000000
-1.0000000000 0.0000000000 0.0000000000 1880.0000000000
0.0000000000 0.0000000000 0.0000000000 1.0000000000

0.0000000000 0.0000000000 1.0000000000 2276.0000000000
0.0000000000 1.0000000000 0.0000000000 -448.8000000000
-1.0000000000 0.0000000000 0.0000000000 1880.0000000000
0.0000000000 0.0000000000 0.0000000000 1.0000000000

0.0000000000 0.0000000000 1.0000000000 2276.0000000000
0.0000000000 1.0000000000 0.0000000000 -449.2000000000
-1.0000000000 0.0000000000 0.0000000000 1880.0000000000
0.0000000000 0.0000000000 0.0000000000 1.0000000000

0.0000000000 0.0000000000 1.0000000000 2276.0000000000
0.0000000000 1.0000000000 0.0000000000 -449.6000000000
-1.0000000000 0.0000000000 0.0000000000 1880.0000000000
0.0000000000 0.0000000000 0.0000000000 1.0000000000

0.0000000000 0.0000000000 1.0000000000 2276.0000000000
0.0000000000 1.0000000000 0.0000000000 -450.0000000000
-1.0000000000 0.0000000000 0.0000000000 1880.0000000000
0.0000000000 0.0000000000 0.0000000000 1.0000000000

0.0000000000 0.0000000000 1.0000000000 2276.0000000000
0.0000000000 1.0000000000 0.0000000000 -450.4000000000
-1.0000000000 0.0000000000 0.0000000000 1880.0000000000
0.0000000000 0.0000000000 0.0000000000 1.0000000000

0.0000000000 0.0000000000 1.0000000000 2276.0000000000
0.0000000000 1.0000000000 0.0000000000 -450.8000000000
-1.0000000000 0.0000000000 0.0000000000 1880.0000000000
0.0000000000 0.0000000000 0.0000000000 1.0000000000

0.0000000000 0.0000000000 1.0000000000 2276.0000000000
0.0000000000 1.0000000000 0.0000000000 -451.2000000000
-1.0000000000 0.0000000000 0.0000000000 1880.0000000000
0.0000000000 0.0000000000 0.0000000000 1.0000000000

0.0000000000 0.0000000000 1.0000000000 2276.0000000000
0.0000000000 1.0000000000 0.0000000000 -451.6000000000
-1.0000000000 0.0000000000 0.0000000000 1880.0000000000
0.0000000000 0.0000000000 0.0000000000 1.0000000000

0.0000000000 0.0000000000 1.0000000000 2276.0000000000
0.0000000000 1.0000000000 0.0000000000 -452.0000000000
-1.0000000000 0.0000000000 0.0000000000 1880.0000000000
0.0000000000 0.0000000000 0.0000000000 1.0000000000

0.0000000000 0.0000000000 1.0000000000 2276.0000000000
0.0000000000 1.0000000000 0.0000000000 -452.4000000000
-1.0000000000 0.0000000000 0.0000000000 1880.0000000000
0.0000000000 0.0000000000 0.0000000000 1.0000000000

0.0000000000 0.0000000000 1.0000000000 2276.0000000000
0.0000000000 1.0000000000 0.0000000000 -452.8000000000
-1.0000000000 0.0000000000 0.0000000000 1880.0000000000
0.0000000000 0.0000000000 0.0000000000 1.0000000000

0.0000000000 0.0000000000 1.0000000000 2276.0000000000
0.0000000000 1.0000000000 0.0000000000 -453.2000000000
-1.0000000000 0.0000000000 0.0000000000 1880.0000000000
0.0000000000 0.0000000000 0.0000000000 1.0000000000

0.0000000000 0.0000000000 1.0000000000 2276.0000000000
0.0000000000 1.0000000000 0.0000000000 -453.6000000000
-1.0000000000 0.0000000000 0.0000000000 1880.0000000000
0.0000000000 0.0000000000 0.0000000000 1.0000000000

0.0000000000 0.0000000000 1.0000000000 2276.0000000000
0.0000000000 1.0000000000 0.0000000000 -454.0000000000
-1.0000000000 0.0000000000 0.0000000000 1880.0000000000
0.0000000000 0.0000000000 0.0000000000 1.0000000000

0.0000000000 0.0000000000 1.0000000000 2276.0000000000
0.0000000000 1.0000000000 0.0000000000 -454.4000000000
-1.0000000000 0.0000000000 0.0000000000 1880.0000000000
0.0000000000 0.0000000000 0.0000000000 1.0000000000

0.0000000000 0.0000000000 1.0000000000 2276.0000000000
0.0000000000 1.0000000000 0.0000000000 -454.8000000000
-1.0000000000 0.0000000000 0.0000000000 1880.0000000000
0.0000000000 0.0000000000 0.0000000000 1.0000000000

0.0000000000 0.0000000000 1.0000000000 2276.0000000000
0.0000000000 1.0000000000 0.0000000000 -455.2000000000
-1.0000000000 0.0000000000 0.0000000000 1880.0000000000
0.0000000000 0.0000000000 0.0000000000 1.0000000000

0.0000000000 0.0000000000 1.0000000000 2276.0000000000
0.0000000000 1.0000000000 0.0000000000 -455.6000000000
-1.0000000000 0.0000000000 0.0000000000 1880.0000000000
0.0000000000 0.0000000000 0.0000000000 1.0000000000

0.0000000000 0.0000000000 1.0000000000 2276.0000000000
0.0000000000 1.0000000000 0.0000000000 -456.0000000000
-1.0000000000 0.0000000000 0.0000000000 1880.0000000000
0.0000000000 0.0000000000 0.0000000000 1.0000000000

0.0000000000 0.0000000000 1.0000000000 2276.0000000000
0.0000000000 1.0000000000 0.0000000000 -456.4000000000
-1.0000000000 0.0000000000 0.0000000000 1880.0000000000
0.0000000000 0.0000000000 0.0000000000 1.0000000000

0.0000000000 0.0000000000 1.0000000000 2276.0000000000
0.0000000000 1.0000000000 0.0000000000 -456.8000000000
-1.0000000000 0.0000000000 0.0000000000 1880.0000000000
0.0000000000 0.0000000000 0.0000000000 1.0000000000

0.0000000000 0.0000000000 1.0000000000 2276.0000000000
0.0000000000 1.0000000000 0.0000000000 -457.2000000000
-1.0000000000 0.0000000000 0.0000000000 1880.0000000000
0.0000000000 0.0000000000 0.0000000000 1.0000000000

0.0000000000 0.0000000000 1.0000000000 2276.0000000000
0.0000000000 1.0000000000 0.0000000000 -457.6000000000
-1.0000000000 0.0000000000 0.0000000000 1880.0000000000
0.0000000000 0.0000000000 0.0000000000 1.0000000000

0.0000000000 0.0000000000 1.0000000000 2276.0000000000
0.0000000000 1.0000000000 0.0000000000 -458.0000000000
-1.0000000000 0.0000000000 0.0000000000 1880.0000000000
0.0000000000 0.0000000000 0.0000000000 1.0000000000

0.0000000000 0.0000000000 1.0000000000 2276.0000000000
0.0000000000 1.0000000000 0.0000000000 -458.4000000000
-1.0000000000 0.0000000000 0.0000000000 1880.0000000000
0.0000000000 0.0000000000 0.0000000000 1.0000000000

0.0000000000 0.0000000000 1.0000000000 2276.0000000000
0.0000000000 1.0000000000 0.0000000000 -458.8000000000
-1.0000000000 0.0000000000 0.0000000000 1880.0000000000
0.0000000000 0.0000000000 0.0000000000 1.0000000000

0.0000000000 0.0000000000 1.0000000000 2276.0000000000
0.0000000000 1.0000000000 0.0000000000 -459.2000000000
-1.0000000000 0.0000000000 0.0000000000 1880.0000000000
0.0000000000 0.0000000000 0.0000000000 1.0000000000

0.0000000000 0.0000000000 1.0000000000 2276.0000000000
0.0000000000 1.0000000000 0.0000000000 -459.6000000000
-1.0000000000 0.0000000000 0.0000000000 1880.0000000000
0.0000000000 0.0000000000 0.0000000000 1.0000000000

0.0000000000 0.0000000000 1.0000000000 2276.0000000000
0.0000000000 1.0000000000 0.0000000000 -460.0000000000
-1.0000000000 0.0000000000 0.0000000000 1880.0000000000
0.0000000000 0.0000000000 0.0000000000 1.0000000000

0.0000000000 0.0000000000 1.0000000000 2276.0000000000
0.0000000000 1.0000000000 0.0000000000 -460.4000000000
-1.0000000000 0.0000000000 0.0000000000 1880.0000000000
0.0000000000 0.0000000000 0.0000000000 1.0000000000

0.0000000000 0.0000000000 1.0000000000 2276.0000000000
0.0000000000 1.0000000000 0.0000000000 -460.8000000000
-1.0000000000 0.0000000000 0.0000000000 1880.0000000000
0.0000000000 0.0000000000 0.0000000000 1.0000000000

0.0000000000 0.0000000000 1.0000000000 2276.0000000000
0.0000000000 1.0000000000 0.0000000000 -461.2000000000
-1.0000000000 0.0000000000 0.0000000000 1880.0000000000
0.0000000000 0.0000000000 0.0000000000 1.0000000000

0.0000000000 0.0000000000 1.0000000000 2276.0000000000
0.0000000000 1.0000000000 0.0000000000 -461.6000000000
-1.0000000000 0.0000000000 0.0000000000 1880.0000000000
0.0000000000 0.0000000000 0.0000000000 1.0000000000

0.0000000000 0.0000000000 1.0000000000 2276.0000000000
0.0000000000 1.0000000000 0.0000000000 -462.0000000000
-1.0000000000 0.0000000000 0.0000000000 1880.0000000000
0.0000000000 0.0000000000 0.0000000000 1.0000000000

0.0000000000 0.0000000000 1.0000000000 2276.0000000000
0.0000000000 1.0000000000 0.0000000000 -462.4000000000
-1.0000000000 0.0000000000 0.0000000000 1880.0000000000
0.0000000000 0.0000000000 0.0000000000 1.0000000000

0.0000000000 0.0000000000 1.0000000000 2276.0000000000
0.0000000000 1.0000000000 0.0000000000 -462.8000000000
-1.0000000000 0.0000000000 0.0000000000 1880.0000000000
0.0000000000 0.0000000000 0.0000000000 1.0000000000

0.0000000000 0.0000000000 1.0000000000 2276.0000000000
0.0000000000 1.0000000000 0.0000000000 -463.2000000000
-1.0000000000 0.0000000000 0.0000000000 1880.0000000000
0.0000000000 0.0000000000 0.0000000000 1.0000000000

0.0000000000 0.0000000000 1.0000000000 2276.0000000000
0.0000000000 1.0000000000 0.0000000000 -463.6000000000
-1.0000000000 0.0000000000 0.0000000000 1880.0000000000
0.0000000000 0.0000000000 0.0000000000 1.0000000000

0.0000000000 0.0000000000 1.0000000000 2276.0000000000
0.0000000000 1.0000000000 0.0000000000 -464.0000000000
-1.0000000000 0.0000000000 0.0000000000 1880.0000000000
0.0000000000 0.0000000000 0.0000000000 1.0000000000

0.0000000000 0.0000000000 1.0000000000 2276.0000000000
0.0000000000 1.0000000000 0.0000000000 -464.4000000000
-1.0000000000 0.0000000000 0.0000000000 1880.0000000000
0.0000000000 0.0000000000 0.0000000000 1.0000000000

0.0000000000 0.0000000000 1.0000000000 2276.0000000000
0.0000000000 1.0000000000 0.0000000000 -464.8000000000
-1.0000000000 0.0000000000 0.0000000000 1880.0000000000
0.0000000000 0.0000000000 0.0000000000 1.0000000000

0.0000000000 0.0000000000 1.0000000000 2276.0000000000
0.0000000000 1.0000000000 0.0000000000 -465.2000000000
-1.0000000000 0.0000000000 0.0000000000 1880.0000000000
0.0000000000 0.0000000000 0.0000000000 1.0000000000

0.0000000000 0.0000000000 1.0000000000 2276.0000000000
0.0000000000 1.0000000000 0.0000000000 -465.6000000000
-1.0000000000 0.0000000000 0.0000000000 1880.0000000000
0.0000000000 0.0000000000 0.0000000000 1.0000000000

0.0000000000 0.0000000000 1.0000000000 2276.0000000000
0.0000000000 1.0000000000 0.0000000000 -466.0000000000
-1.0000000000 0.0000000000 0.0000000000 1880.0000000000
0.0000000000 0.0000000000 0.0000000000 1.0000000000

0.0000000000 0.0000000000 1.0000000000 2276.0000000000
0.0000000000 1.0000000000 0.0000000000 -466.4000000000
-1.0000000000 0.0000000000 0.0000000000 1880.0000000000
0.0000000000 0.0000000000 0.0000000000 1.0000000000

0.0000000000 0.0000000000 1.0000000000 2276.0000000000
0.0000000000 1.0000000000 0.0000000000 -466.8000000000
-1.0000000000 0.0000000000 0.0000000000 1880.0000000000
0.0000000000 0.0000000000 0.0000000000 1.0000000000

0.0000000000 0.0000000000 1.0000000000 2276.0000000000
0.0000000000 1.0000000000 0.0000000000 -467.2000000000
-1.0000000000 0.0000000000 0.0000000000 1880.0000000000
0.0000000000 0.0000000000 0.0000000000 1.0000000000

0.0000000000 0.0000000000 1.0000000000 2276.0000000000
0.0000000000 1.0000000000 0.0000000000 -467.6000000000
-1.0000000000 0.0000000000 0.0000000000 1880.0000000000
0.0000000000 0.0000000000 0.0000000000 1.0000000000

0.0000000000 0.0000000000 1.0000000000 2276.0000000000
0.0000000000 1.0000000000 0.0000000000 -468.0000000000
-1.0000000000 0.0000000000 0.0000000000 1880.0000000000
0.0000000000 0.0000000000 0.0000000000 1.0000000000

0.0000000000 0.0000000000 1.0000000000 2276.0000000000
0.0000000000 1.0000000000 0.0000000000 -468.4000000000
-1.0000000000 0.0000000000 0.0000000000 1880.0000000000
0.0000000000 0.0000000000 0.0000000000 1.0000000000

0.0000000000 0.0000000000 1.0000000000 2276.0000000000
0.0000000000 1.0000000000 0.0000000000 -468.8000000000
-1.0000000000 0.0000000000 0.0000000000 1880.0000000000
0.0000000000 0.0000000000 0.0000000000 1.0000000000

0.0000000000 0.0000000000 1.0000000000 2276.0000000000
0.0000000000 1.0000000000 0.0000000000 -469.2000000000
-1.0000000000 0.0000000000 0.0000000000 1880.0000000000
0.0000000000 0.0000000000 0.0000000000 1.0000000000

0.0000000000 0.0000000000 1.0000000000 2276.0000000000
0.0000000000 1.0000000000 0.0000000000 -469.6000000000
-1.0000000000 0.0000000000 0.0000000000 1880.0000000000
0.0000000000 0.0000000000 0.0000000000 1.0000000000

0.0000000000 0.0000000000 1.0000000000 2276.0000000000
0.0000000000 1.0000000000 0.0000000000 -470.0000000000
-1.0000000000 0.0000000000 0.0000000000 1880.0000000000
0.0000000000 0.0000000000 0.0000000000 1.0000000000

0.0000000000 0.0000000000 1.0000000000 2276.0000000000
0.0000000000 1.0000000000 0.0000000000 -470.4000000000
-1.0000000000 0.0000000000 0.0000000000 1880.0000000000
0.0000000000 0.0000000000 0.0000000000 1.0000000000

0.0000000000 0.0000000000 1.0000000000 2276.0000000000
0.0000000000 1.0000000000 0.0000000000 -470.8000000000
-1.0000000000 0.0000000000 0.0000000000 1880.0000000000
0.0000000000 0.0000000000 0.0000000000 1.0000000000

0.0000000000 0.0000000000 1.0000000000 2276.0000000000
0.0000000000 1.0000000000 0.0000000000 -471.2000000000
-1.0000000000 0.0000000000 0.0000000000 1880.0000000000
0.0000000000 0.0000000000 0.0000000000 1.0000000000

0.0000000000 0.0000000000 1.0000000000 2276.0000000000
0.0000000000 1.0000000000 0.0000000000 -471.6000000000
-1.0000000000 0.0000000000 0.0000000000 1880.0000000000
0.0000000000 0.0000000000 0.0000000000 1.0000000000

0.0000000000 0.0000000000 1.0000000000 2276.0000000000
0.0000000000 1.0000000000 0.0000000000 -472.0000000000
-1.0000000000 0.0000000000 0.0000000000 1880.0000000000
0.0000000000 0.0000000000 0.0000000000 1.0000000000

0.0000000000 0.0000000000 1.0000000000 2276.0000000000
0.0000000000 1.0000000000 0.0000000000 -472.4000000000
-1.0000000000 0.0000000000 0.0000000000 1880.0000000000
0.0000000000 0.0000000000 0.0000000000 1.0000000000

0.0000000000 0.0000000000 1.0000000000 2276.0000000000
0.0000000000 1.0000000000 0.0000000000 -472.8000000000
-1.0000000000 0.0000000000 0.0000000000 1880.0000000000
0.0000000000 0.0000000000 0.0000000000 1.0000000000

0.0000000000 0.0000000000 1.0000000000 2276.0000000000
0.0000000000 1.0000000000 0.0000000000 -473.2000000000
-1.0000000000 0.0000000000 0.0000000000 1880.0000000000
0.0000000000 0.0000000000 0.0000000000 1.0000000000

0.0000000000 0.0000000000 1.0000000000 2276.0000000000
0.0000000000 1.0000000000 0.0000000000 -473.6000000000
-1.0000000000 0.0000000000 0.0000000000 1880.0000000000
0.0000000000 0.0000000000 0.0000000000 1.0000000000

0.0000000000 0.0000000000 1.0000000000 2276.0000000000
0.0000000000 1.0000000000 0.0000000000 -474.0000000000
-1.0000000000 0.0000000000 0.0000000000 1880.0000000000
0.0000000000 0.0000000000 0.0000000000 1.0000000000

0.0000000000 0.0000000000 1.0000000000 2276.0000000000
0.0000000000 1.0000000000 0.0000000000 -474.4000000000
-1.0000000000 0.0000000000 0.0000000000 1880.0000000000
0.0000000000 0.0000000000 0.0000000000 1.0000000000

0.0000000000 0.0000000000 1.0000000000 2276.0000000000
0.0000000000 1.0000000000 0.0000000000 -474.8000000000
-1.0000000000 0.0000000000 0.0000000000 1880.0000000000
0.0000000000 0.0000000000 0.0000000000 1.0000000000

0.0000000000 0.0000000000 1.0000000000 2276.0000000000
0.0000000000 1.0000000000 0.0000000000 -475.2000000000
-1.0000000000 0.0000000000 0.0000000000 1880.0000000000
0.0000000000 0.0000000000 0.0000000000 1.0000000000

0.0000000000 0.0000000000 1.0000000000 2276.0000000000
0.0000000000 1.0000000000 0.0000000000 -475.6000000000
-1.0000000000 0.0000000000 0.0000000000 1880.0000000000
0.0000000000 0.0000000000 0.0000000000 1.0000000000

0.0000000000 0.0000000000 1.0000000000 2276.0000000000
0.0000000000 1.0000000000 0.0000000000 -476.0000000000
-1.0000000000 0.0000000000 0.0000000000 1880.0000000000
0.0000000000 0.0000000000 0.0000000000 1.0000000000

0.0000000000 0.0000000000 1.0000000000 2276.0000000000
0.0000000000 1.0000000000 0.0000000000 -476.4000000000
-1.0000000000 0.0000000000 0.0000000000 1880.0000000000
0.0000000000 0.0000000000 0.0000000000 1.0000000000

0.0000000000 0.0000000000 1.0000000000 2276.0000000000
0.0000000000 1.0000000000 0.0000000000 -476.8000000000
-1.0000000000 0.0000000000 0.0000000000 1880.0000000000
0.0000000000 0.0000000000 0.0000000000 1.0000000000

0.0000000000 0.0000000000 1.0000000000 2276.0000000000
0.0000000000 1.0000000000 0.0000000000 -477.2000000000
-1.0000000000 0.0000000000 0.0000000000 1880.0000000000
0.0000000000 0.0000000000 0.0000000000 1.0000000000

0.0000000000 0.0000000000 1.0000000000 2276.0000000000
0.0000000000 1.0000000000 0.0000000000 -477.6000000000
-1.0000000000 0.0000000000 0.0000000000 1880.0000000000
0.0000000000 0.0000000000 0.0000000000 1.0000000000

0.0000000000 0.0000000000 1.0000000000 2276.0000000000
0.0000000000 1.0000000000 0.0000000000 -478.0000000000
-1.0000000000 0.0000000000 0.0000000000 1880.0000000000
0.0000000000 0.0000000000 0.0000000000 1.0000000000

0.0000000000 0.0000000000 1.0000000000 2276.0000000000
0.0000000000 1.0000000000 0.0000000000 -478.4000000000
-1.0000000000 0.0000000000 0.0000000000 1880.0000000000
0.0000000000 0.0000000000 0.0000000000 1.0000000000

0.0000000000 0.0000000000 1.0000000000 2276.0000000000
0.0000000000 1.0000000000 0.0000000000 -478.8000000000
-1.0000000000 0.0000000000 0.0000000000 1880.0000000000
0.0000000000 0.0000000000 0.0000000000 1.0000000000

0.0000000000 0.0000000000 1.0000000000 2276.0000000000
0.0000000000 1.0000000000 0.0000000000 -479.2000000000
-1.0000000000 0.0000000000 0.0000000000 1880.0000000000
0.0000000000 0.0000000000 0.0000000000 1.0000000000

0.0000000000 0.0000000000 1.0000000000 2276.0000000000
0.0000000000 1.0000000000 0.0000000000 -479.6000000000
-1.0000000000 0.0000000000 0.0000000000 1880.0000000000
0.0000000000 0.0000000000 0.0000000000 1.0000000000

0.0000000000 0.0000000000 1.0000000000 2276.0000000000
0.0000000000 1.0000000000 0.0000000000 -480.0000000000
-1.0000000000 0.0000000000 0.0000000000 1880.0000000000
0.0000000000 0.0000000000 0.0000000000 1.0000000000

0.0000000000 0.0000000000 1.0000000000 2276.0000000000
0.0000000000 1.0000000000 0.0000000000 -480.4000000000
-1.0000000000 0.0000000000 0.0000000000 1880.0000000000
0.0000000000 0.0000000000 0.0000000000 1.0000000000

0.0000000000 0.0000000000 1.0000000000 2276.0000000000
0.0000000000 1.0000000000 0.0000000000 -480.8000000000
-1.0000000000 0.0000000000 0.0000000000 1880.0000000000
0.0000000000 0.0000000000 0.0000000000 1.0000000000

0.0000000000 0.0000000000 1.0000000000 2276.0000000000
0.0000000000 1.0000000000 0.0000000000 -481.2000000000
-1.0000000000 0.0000000000 0.0000000000 1880.0000000000
0.0000000000 0.0000000000 0.0000000000 1.0000000000

0.0000000000 0.0000000000 1.0000000000 2276.0000000000
0.0000000000 1.0000000000 0.0000000000 -481.6000000000
-1.0000000000 0.0000000000 0.0000000000 1880.0000000000
0.0000000000 0.0000000000 0.0000000000 1.0000000000

0.0000000000 0.0000000000 1.0000000000 2276.0000000000
0.0000000000 1.0000000000 0.0000000000 -482.0000000000
-1.0000000000 0.0000000000 0.0000000000 1880.0000000000
0.0000000000 0.0000000000 0.0000000000 1.0000000000

0.0000000000 0.0000000000 1.0000000000 2276.0000000000
0.0000000000 1.0000000000 0.0000000000 -482.4000000000
-1.0000000000 0.0000000000 0.0000000000 1880.0000000000
0.0000000000 0.0000000000 0.0000000000 1.0000000000

0.0000000000 0.0000000000 1.0000000000 2276.0000000000
0.0000000000 1.0000000000 0.0000000000 -482.8000000000
-1.0000000000 0.0000000000 0.0000000000 1880.0000000000
0.0000000000 0.0000000000 0.0000000000 1.0000000000

0.0000000000 0.0000000000 1.0000000000 2276.0000000000
0.0000000000 1.0000000000 0.0000000000 -483.2000000000
-1.0000000000 0.0000000000 0.0000000000 1880.0000000000
0.0000000000 0.0000000000 0.0000000000 1.0000000000

0.0000000000 0.0000000000 1.0000000000 2276.0000000000
0.0000000000 1.0000000000 0.0000000000 -483.6000000000
-1.0000000000 0.0000000000 0.0000000000 1880.0000000000
0.0000000000 0.0000000000 0.0000000000 1.0000000000

0.0000000000 0.0000000000 1.0000000000 2276.0000000000
0.0000000000 1.0000000000 0.0000000000 -484.0000000000
-1.0000000000 0.0000000000 0.0000000000 1880.0000000000
0.0000000000 0.0000000000 0.0000000000 1.0000000000

0.0000000000 0.0000000000 1.0000000000 2276.0000000000
0.0000000000 1.0000000000 0.0000000000 -484.4000000000
-1.0000000000 0.0000000000 0.0000000000 1880.0000000000
0.0000000000 0.0000000000 0.0000000000 1.0000000000

0.0000000000 0.0000000000 1.0000000000 2276.0000000000
0.0000000000 1.0000000000 0.0000000000 -484.8000000000
-1.0000000000 0.0000000000 0.0000000000 1880.0000000000
0.0000000000 0.0000000000 0.0000000000 1.0000000000

0.0000000000 0.0000000000 1.0000000000 2276.0000000000
0.0000000000 1.0000000000 0.0000000000 -485.2000000000
-1.0000000000 0.0000000000 0.0000000000 1880.0000000000
0.0000000000 0.0000000000 0.0000000000 1.0000000000

0.0000000000 0.0000000000 1.0000000000 2276.0000000000
0.0000000000 1.0000000000 0.0000000000 -485.6000000000
-1.0000000000 0.0000000000 0.0000000000 1880.0000000000
0.0000000000 0.0000000000 0.0000000000 1.0000000000

0.0000000000 0.0000000000 1.0000000000 2276.0000000000
0.0000000000 1.0000000000 0.0000000000 -486.0000000000
-1.0000000000 0.0000000000 0.0000000000 1880.0000000000
0.0000000000 0.0000000000 0.0000000000 1.0000000000

0.0000000000 0.0000000000 1.0000000000 2276.0000000000
0.0000000000 1.0000000000 0.0000000000 -486.4000000000
-1.0000000000 0.0000000000 0.0000000000 1880.0000000000
0.0000000000 0.0000000000 0.0000000000 1.0000000000

0.0000000000 0.0000000000 1.0000000000 2276.0000000000
0.0000000000 1.0000000000 0.0000000000 -486.8000000000
-1.0000000000 0.0000000000 0.0000000000 1880.0000000000
0.0000000000 0.0000000000 0.0000000000 1.0000000000

0.0000000000 0.0000000000 1.0000000000 2276.0000000000
0.0000000000 1.0000000000 0.0000000000 -487.2000000000
-1.0000000000 0.0000000000 0.0000000000 1880.0000000000
0.0000000000 0.0000000000 0.0000000000 1.0000000000

0.0000000000 0.0000000000 1.0000000000 2276.0000000000
0.0000000000 1.0000000000 0.0000000000 -487.6000000000
-1.0000000000 0.0000000000 0.0000000000 1880.0000000000
0.0000000000 0.0000000000 0.0000000000 1.0000000000

0.0000000000 0.0000000000 1.0000000000 2276.0000000000
0.0000000000 1.0000000000 0.0000000000 -488.0000000000
-1.0000000000 0.0000000000 0.0000000000 1880.0000000000
0.0000000000 0.0000000000 0.0000000000 1.0000000000

0.0000000000 0.0000000000 1.0000000000 2276.0000000000
0.0000000000 1.0000000000 0.0000000000 -488.4000000000
-1.0000000000 0.0000000000 0.0000000000 1880.0000000000
0.0000000000 0.0000000000 0.0000000000 1.0000000000

0.0000000000 0.0000000000 1.0000000000 2276.0000000000
0.0000000000 1.0000000000 0.0000000000 -488.8000000000
-1.0000000000 0.0000000000 0.0000000000 1880.0000000000
0.0000000000 0.0000000000 0.0000000000 1.0000000000

0.0000000000 0.0000000000 1.0000000000 2276.0000000000
0.0000000000 1.0000000000 0.0000000000 -489.2000000000
-1.0000000000 0.0000000000 0.0000000000 1880.0000000000
0.0000000000 0.0000000000 0.0000000000 1.0000000000

0.0000000000 0.0000000000 1.0000000000 2276.0000000000
0.0000000000 1.0000000000 0.0000000000 -489.6000000000
-1.0000000000 0.0000000000 0.0000000000 1880.0000000000
0.0000000000 0.0000000000 0.0000000000 1.0000000000

0.0000000000 0.0000000000 1.0000000000 2276.0000000000
0.0000000000 1.0000000000 0.0000000000 -490.0000000000
-1.0000000000 0.0000000000 0.0000000000 1880.0000000000
0.0000000000 0.0000000000 0.0000000000 1.0000000000

0.0000000000 0.0000000000 1.0000000000 2276.0000000000
0.0000000000 1.0000000000 0.0000000000 -490.4000000000
-1.0000000000 0.0000000000 0.0000000000 1880.0000000000
0.0000000000 0.0000000000 0.0000000000 1.0000000000

0.0000000000 0.0000000000 1.0000000000 2276.0000000000
0.0000000000 1.0000000000 0.0000000000 -490.8000000000
-1.0000000000 0.0000000000 0.0000000000 1880.0000000000
0.0000000000 0.0000000000 0.0000000000 1.0000000000

0.0000000000 0.0000000000 1.0000000000 2276.0000000000
0.0000000000 1.0000000000 0.0000000000 -491.2000000000
-1.0000000000 0.0000000000 0.0000000000 1880.0000000000
0.0000000000 0.0000000000 0.0000000000 1.0000000000

0.0000000000 0.0000000000 1.0000000000 2276.0000000000
0.0000000000 1.0000000000 0.0000000000 -491.6000000000
-1.0000000000 0.0000000000 0.0000000000 1880.0000000000
0.0000000000 0.0000000000 0.0000000000 1.0000000000

0.0000000000 0.0000000000 1.0000000000 2276.0000000000
0.0000000000 1.0000000000 0.0000000000 -492.0000000000
-1.0000000000 0.0000000000 0.0000000000 1880.0000000000
0.0000000000 0.0000000000 0.0000000000 1.0000000000

0.0000000000 0.0000000000 1.0000000000 2276.0000000000
0.0000000000 1.0000000000 0.0000000000 -492.4000000000
-1.0000000000 0.0000000000 0.0000000000 1880.0000000000
0.0000000000 0.0000000000 0.0000000000 1.0000000000

0.0000000000 0.0000000000 1.0000000000 2276.0000000000
0.0000000000 1.0000000000 0.0000000000 -492.8000000000
-1.0000000000 0.0000000000 0.0000000000 1880.0000000000
0.0000000000 0.0000000000 0.0000000000 1.0000000000

0.0000000000 0.0000000000 1.0000000000 2276.0000000000
0.0000000000 1.0000000000 0.0000000000 -493.2000000000
-1.0000000000 0.0000000000 0.0000000000 1880.0000000000
0.0000000000 0.0000000000 0.0000000000 1.0000000000

0.0000000000 0.0000000000 1.0000000000 2276.0000000000
0.0000000000 1.0000000000 0.0000000000 -493.6000000000
-1.0000000000 0.0000000000 0.0000000000 1880.0000000000
0.0000000000 0.0000000000 0.0000000000 1.0000000000

0.0000000000 0.0000000000 1.0000000000 2276.0000000000
0.0000000000 1.0000000000 0.0000000000 -494.0000000000
-1.0000000000 0.0000000000 0.0000000000 1880.0000000000
0.0000000000 0.0000000000 0.0000000000 1.0000000000

0.0000000000 0.0000000000 1.0000000000 2276.0000000000
0.0000000000 1.0000000000 0.0000000000 -494.4000000000
-1.0000000000 0.0000000000 0.0000000000 1880.0000000000
0.0000000000 0.0000000000 0.0000000000 1.0000000000

0.0000000000 0.0000000000 1.0000000000 2276.0000000000
0.0000000000 1.0000000000 0.0000000000 -494.8000000000
-1.0000000000 0.0000000000 0.0000000000 1880.0000000000
0.0000000000 0.0000000000 0.0000000000 1.0000000000

0.0000000000 0.0000000000 1.0000000000 2276.0000000000
0.0000000000 1.0000000000 0.0000000000 -495.2000000000
-1.0000000000 0.0000000000 0.0000000000 1880.0000000000
0.0000000000 0.0000000000 0.0000000000 1.0000000000

0.0000000000 0.0000000000 1.0000000000 2276.0000000000
0.0000000000 1.0000000000 0.0000000000 -495.6000000000
-1.0000000000 0.0000000000 0.0000000000 1880.0000000000
0.0000000000 0.0000000000 0.0000000000 1.0000000000

0.0000000000 0.0000000000 1.0000000000 2276.0000000000
0.0000000000 1.0000000000 0.0000000000 -496.0000000000
-1.0000000000 0.0000000000 0.0000000000 1880.0000000000
0.0000000000 0.0000000000 0.0000000000 1.0000000000

0.0000000000 0.0000000000 1.0000000000 2276.0000000000
0.0000000000 1.0000000000 0.0000000000 -496.4000000000
-1.0000000000 0.0000000000 0.0000000000 1880.0000000000
0.0000000000 0.0000000000 0.0000000000 1.0000000000

0.0000000000 0.0000000000 1.0000000000 2276.0000000000
0.0000000000 1.0000000000 0.0000000000 -496.8000000000
-1.0000000000 0.0000000000 0.0000000000 1880.0000000000
0.0000000000 0.0000000000 0.0000000000 1.0000000000

0.0000000000 0.0000000000 1.0000000000 2276.0000000000
0.0000000000 1.0000000000 0.0000000000 -497.2000000000
-1.0000000000 0.0000000000 0.0000000000 1880.0000000000
0.0000000000 0.0000000000 0.0000000000 1.0000000000

0.0000000000 0.0000000000 1.0000000000 2276.0000000000
0.0000000000 1.0000000000 0.0000000000 -497.6000000000
-1.0000000000 0.0000000000 0.0000000000 1880.0000000000
0.0000000000 0.0000000000 0.0000000000 1.0000000000

0.0000000000 0.0000000000 1.0000000000 2276.0000000000
0.0000000000 1.0000000000 0.0000000000 -498.0000000000
-1.0000000000 0.0000000000 0.0000000000 1880.0000000000
0.0000000000 0.0000000000 0.0000000000 1.0000000000

0.0000000000 0.0000000000 1.0000000000 2276.0000000000
0.0000000000 1.0000000000 0.0000000000 -498.4000000000
-1.0000000000 0.0000000000 0.0000000000 1880.0000000000
0.0000000000 0.0000000000 0.0000000000 1.0000000000

0.0000000000 0.0000000000 1.0000000000 2276.0000000000
0.0000000000 1.0000000000 0.0000000000 -498.8000000000
-1.0000000000 0.0000000000 0.0000000000 1880.0000000000
0.0000000000 0.0000000000 0.0000000000 1.0000000000

0.0000000000 0.0000000000 1.0000000000 2276.0000000000
0.0000000000 1.0000000000 0.0000000000 -499.2000000000
-1.0000000000 0.0000000000 0.0000000000 1880.0000000000
0.0000000000 0.0000000000 0.0000000000 1.0000000000

0.0000000000 0.0000000000 1.0000000000 2276.0000000000
0.0000000000 1.0000000000 0.0000000000 -499.6000000000
-1.0000000000 0.0000000000 0.0000000000 1880.0000000000
0.0000000000 0.0000000000 0.0000000000 1.0000000000

0.0000000000 0.0000000000 1.0000000000 2276.0000000000
0.0000000000 1.0000000000 0.0000000000 -500.0000000000
-1.0000000000 0.0000000000 0.0000000000 1880.0000000000
0.0000000000 0.0000000000 0.0000000000 1.0000000000

0.0000000000 0.0000000000 1.0000000000 2276.0000000000
0.0000000000 1.0000000000 0.0000000000 -500.4000000000
-1.0000000000 0.0000000000 0.0000000000 1880.0000000000
0.0000000000 0.0000000000 0.0000000000 1.0000000000

0.0000000000 0.0000000000 1.0000000000 2276.0000000000
0.0000000000 1.0000000000 0.0000000000 -500.8000000000
-1.0000000000 0.0000000000 0.0000000000 1880.0000000000
0.0000000000 0.0000000000 0.0000000000 1.0000000000

0.0000000000 0.0000000000 1.0000000000 2276.0000000000
0.0000000000 1.0000000000 0.0000000000 -501.2000000000
-1.0000000000 0.0000000000 0.0000000000 1880.0000000000
0.0000000000 0.0000000000 0.0000000000 1.0000000000

0.0000000000 0.0000000000 1.0000000000 2276.0000000000
0.0000000000 1.0000000000 0.0000000000 -501.6000000000
-1.0000000000 0.0000000000 0.0000000000 1880.0000000000
0.0000000000 0.0000000000 0.0000000000 1.0000000000

0.0000000000 0.0000000000 1.0000000000 2276.0000000000
0.0000000000 1.0000000000 0.0000000000 -502.0000000000
-1.0000000000 0.0000000000 0.0000000000 1880.0000000000
0.0000000000 0.0000000000 0.0000000000 1.0000000000

0.0000000000 0.0000000000 1.0000000000 2276.0000000000
0.0000000000 1.0000000000 0.0000000000 -502.4000000000
-1.0000000000 0.0000000000 0.0000000000 1880.0000000000
0.0000000000 0.0000000000 0.0000000000 1.0000000000

0.0000000000 0.0000000000 1.0000000000 2276.0000000000
0.0000000000 1.0000000000 0.0000000000 -502.8000000000
-1.0000000000 0.0000000000 0.0000000000 1880.0000000000
0.0000000000 0.0000000000 0.0000000000 1.0000000000

0.0000000000 0.0000000000 1.0000000000 2276.0000000000
0.0000000000 1.0000000000 0.0000000000 -503.2000000000
-1.0000000000 0.0000000000 0.0000000000 1880.0000000000
0.0000000000 0.0000000000 0.0000000000 1.0000000000

0.0000000000 0.0000000000 1.0000000000 2276.0000000000
0.0000000000 1.0000000000 0.0000000000 -503.6000000000
-1.0000000000 0.0000000000 0.0000000000 1880.0000000000
0.0000000000 0.0000000000 0.0000000000 1.0000000000

0.0000000000 0.0000000000 1.0000000000 2276.0000000000
0.0000000000 1.0000000000 0.0000000000 -504.0000000000
-1.0000000000 0.0000000000 0.0000000000 1880.0000000000
0.0000000000 0.0000000000 0.0000000000 1.0000000000

0.0000000000 0.0000000000 1.0000000000 2276.0000000000
0.0000000000 1.0000000000 0.0000000000 -504.4000000000
-1.0000000000 0.0000000000 0.0000000000 1880.0000000000
0.0000000000 0.0000000000 0.0000000000 1.0000000000

0.0000000000 0.0000000000 1.0000000000 2276.0000000000
0.0000000000 1.0000000000 0.0000000000 -504.8000000000
-1.0000000000 0.0000000000 0.0000000000 1880.0000000000
0.0000000000 0.0000000000 0.0000000000 1.0000000000

0.0000000000 0.0000000000 1.0000000000 2276.0000000000
0.0000000000 1.0000000000 0.0000000000 -505.2000000000
-1.0000000000 0.0000000000 0.0000000000 1880.0000000000
0.0000000000 0.0000000000 0.0000000000 1.0000000000

0.0000000000 0.0000000000 1.0000000000 2276.0000000000
0.0000000000 1.0000000000 0.0000000000 -505.6000000000
-1.0000000000 0.0000000000 0.0000000000 1880.0000000000
0.0000000000 0.0000000000 0.0000000000 1.0000000000

0.0000000000 0.0000000000 1.0000000000 2276.0000000000
0.0000000000 1.0000000000 0.0000000000 -506.0000000000
-1.0000000000 0.0000000000 0.0000000000 1880.0000000000
0.0000000000 0.0000000000 0.0000000000 1.0000000000

0.0000000000 0.0000000000 1.0000000000 2276.0000000000
0.0000000000 1.0000000000 0.0000000000 -506.4000000000
-1.0000000000 0.0000000000 0.0000000000 1880.0000000000
0.0000000000 0.0000000000 0.0000000000 1.0000000000

0.0000000000 0.0000000000 1.0000000000 2276.0000000000
0.0000000000 1.0000000000 0.0000000000 -506.8000000000
-1.0000000000 0.0000000000 0.0000000000 1880.0000000000
0.0000000000 0.0000000000 0.0000000000 1.0000000000

0.0000000000 0.0000000000 1.0000000000 2276.0000000000
0.0000000000 1.0000000000 0.0000000000 -507.2000000000
-1.0000000000 0.0000000000 0.0000000000 1880.0000000000
0.0000000000 0.0000000000 0.0000000000 1.0000000000

0.0000000000 0.0000000000 1.0000000000 2276.0000000000
0.0000000000 1.0000000000 0.0000000000 -507.6000000000
-1.0000000000 0.0000000000 0.0000000000 1880.0000000000
0.0000000000 0.0000000000 0.0000000000 1.0000000000

0.0000000000 0.0000000000 1.0000000000 2276.0000000000
0.0000000000 1.0000000000 0.0000000000 -508.0000000000
-1.0000000000 0.0000000000 0.0000000000 1880.0000000000
0.0000000000 0.0000000000 0.0000000000 1.0000000000

0.0000000000 0.0000000000 1.0000000000 2276.0000000000
0.0000000000 1.0000000000 0.0000000000 -508.4000000000
-1.0000000000 0.0000000000 0.0000000000 1880.0000000000
0.0000000000 0.0000000000 0.0000000000 1.0000000000

0.0000000000 0.0000000000 1.0000000000 2276.0000000000
0.0000000000 1.0000000000 0.0000000000 -508.8000000000
-1.0000000000 0.0000000000 0.0000000000 1880.0000000000
0.0000000000 0.0000000000 0.0000000000 1.0000000000

0.0000000000 0.0000000000 1.0000000000 2276.0000000000
0.0000000000 1.0000000000 0.0000000000 -509.2000000000
-1.0000000000 0.0000000000 0.0000000000 1880.0000000000
0.0000000000 0.0000000000 0.0000000000 1.0000000000

0.0000000000 0.0000000000 1.0000000000 2276.0000000000
0.0000000000 1.0000000000 0.0000000000 -509.6000000000
-1.0000000000 0.0000000000 0.0000000000 1880.0000000000
0.0000000000 0.0000000000 0.0000000000 1.0000000000

0.0000000000 0.0000000000 1.0000000000 2276.0000000000
0.0000000000 1.0000000000 0.0000000000 -510.0000000000
-1.0000000000 0.0000000000 0.0000000000 1880.0000000000
0.0000000000 0.0000000000 0.0000000000 1.0000000000

0.0000000000 0.0000000000 1.0000000000 2276.0000000000
0.0000000000 1.0000000000 0.0000000000 -510.4000000000
-1.0000000000 0.0000000000 0.0000000000 1880.0000000000
0.0000000000 0.0000000000 0.0000000000 1.0000000000

0.0000000000 0.0000000000 1.0000000000 2276.0000000000
0.0000000000 1.0000000000 0.0000000000 -510.8000000000
-1.0000000000 0.0000000000 0.0000000000 1880.0000000000
0.0000000000 0.0000000000 0.0000000000 1.0000000000

0.0000000000 0.0000000000 1.0000000000 2276.0000000000
0.0000000000 1.0000000000 0.0000000000 -511.2000000000
-1.0000000000 0.0000000000 0.0000000000 1880.0000000000
0.0000000000 0.0000000000 0.0000000000 1.0000000000

0.0000000000 0.0000000000 1.0000000000 2276.0000000000
0.0000000000 1.0000000000 0.0000000000 -511.6000000000
-1.0000000000 0.0000000000 0.0000000000 1880.0000000000
0.0000000000 0.0000000000 0.0000000000 1.0000000000

0.0000000000 0.0000000000 1.0000000000 2276.0000000000
0.0000000000 1.0000000000 0.0000000000 -512.0000000000
-1.0000000000 0.0000000000 0.0000000000 1880.0000000000
0.0000000000 0.0000000000 0.0000000000 1.0000000000

0.0000000000 0.0000000000 1.0000000000 2276.0000000000
0.0000000000 1.0000000000 0.0000000000 -512.4000000000
-1.0000000000 0.0000000000 0.0000000000 1880.0000000000
0.0000000000 0.0000000000 0.0000000000 1.0000000000

0.0000000000 0.0000000000 1.0000000000 2276.0000000000
0.0000000000 1.0000000000 0.0000000000 -512.8000000000
-1.0000000000 0.0000000000 0.0000000000 1880.0000000000
0.0000000000 0.0000000000 0.0000000000 1.0000000000

0.0000000000 0.0000000000 1.0000000000 2276.0000000000
0.0000000000 1.0000000000 0.0000000000 -513.2000000000
-1.0000000000 0.0000000000 0.0000000000 1880.0000000000
0.0000000000 0.0000000000 0.0000000000 1.0000000000

0.0000000000 0.0000000000 1.0000000000 2276.0000000000
0.0000000000 1.0000000000 0.0000000000 -513.6000000000
-1.0000000000 0.0000000000 0.0000000000 1880.0000000000
0.0000000000 0.0000000000 0.0000000000 1.0000000000

0.0000000000 0.0000000000 1.0000000000 2276.0000000000
0.0000000000 1.0000000000 0.0000000000 -514.0000000000
-1.0000000000 0.0000000000 0.0000000000 1880.0000000000
0.0000000000 0.0000000000 0.0000000000 1.0000000000

0.0000000000 0.0000000000 1.0000000000 2276.0000000000
0.0000000000 1.0000000000 0.0000000000 -514.4000000000
-1.0000000000 0.0000000000 0.0000000000 1880.0000000000
0.0000000000 0.0000000000 0.0000000000 1.0000000000

0.0000000000 0.0000000000 1.0000000000 2276.0000000000
0.0000000000 1.0000000000 0.0000000000 -514.8000000000
-1.0000000000 0.0000000000 0.0000000000 1880.0000000000
0.0000000000 0.0000000000 0.0000000000 1.0000000000

0.0000000000 0.0000000000 1.0000000000 2276.0000000000
0.0000000000 1.0000000000 0.0000000000 -515.2000000000
-1.0000000000 0.0000000000 0.0000000000 1880.0000000000
0.0000000000 0.0000000000 0.0000000000 1.0000000000

0.0000000000 0.0000000000 1.0000000000 2276.0000000000
0.0000000000 1.0000000000 0.0000000000 -515.6000000000
-1.0000000000 0.0000000000 0.0000000000 1880.0000000000
0.0000000000 0.0000000000 0.0000000000 1.0000000000

0.0000000000 0.0000000000 1.0000000000 2276.0000000000
0.0000000000 1.0000000000 0.0000000000 -516.0000000000
-1.0000000000 0.0000000000 0.0000000000 1880.0000000000
0.0000000000 0.0000000000 0.0000000000 1.0000000000

0.0000000000 0.0000000000 1.0000000000 2276.0000000000
0.0000000000 1.0000000000 0.0000000000 -516.4000000000
-1.0000000000 0.0000000000 0.0000000000 1880.0000000000
0.0000000000 0.0000000000 0.0000000000 1.0000000000

0.0000000000 0.0000000000 1.0000000000 2276.0000000000
0.0000000000 1.0000000000 0.0000000000 -516.8000000000
-1.0000000000 0.0000000000 0.0000000000 1880.0000000000
0.0000000000 0.0000000000 0.0000000000 1.0000000000

0.0000000000 0.0000000000 1.0000000000 2276.0000000000
0.0000000000 1.0000000000 0.0000000000 -517.2000000000
-1.0000000000 0.0000000000 0.0000000000 1880.0000000000
0.0000000000 0.0000000000 0.0000000000 1.0000000000

0.0000000000 0.0000000000 1.0000000000 2276.0000000000
0.0000000000 1.0000000000 0.0000000000 -517.6000000000
-1.0000000000 0.0000000000 0.0000000000 1880.0000000000
0.0000000000 0.0000000000 0.0000000000 1.0000000000

0.0000000000 0.0000000000 1.0000000000 2276.0000000000
0.0000000000 1.0000000000 0.0000000000 -518.0000000000
-1.0000000000 0.0000000000 0.0000000000 1880.0000000000
0.0000000000 0.0000000000 0.0000000000 1.0000000000

0.0000000000 0.0000000000 1.0000000000 2276.0000000000
0.0000000000 1.0000000000 0.0000000000 -518.4000000000
-1.0000000000 0.0000000000 0.0000000000 1880.0000000000
0.0000000000 0.0000000000 0.0000000000 1.0000000000

0.0000000000 0.0000000000 1.0000000000 2276.0000000000
0.0000000000 1.0000000000 0.0000000000 -518.8000000000
-1.0000000000 0.0000000000 0.0000000000 1880.0000000000
0.0000000000 0.0000000000 0.0000000000 1.0000000000

0.0000000000 0.0000000000 1.0000000000 2276.0000000000
0.0000000000 1.0000000000 0.0000000000 -519.2000000000
-1.0000000000 0.0000000000 0.0000000000 1880.0000000000
0.0000000000 0.0000000000 0.0000000000 1.0000000000

0.0000000000 0.0000000000 1.0000000000 2276.0000000000
0.0000000000 1.0000000000 0.0000000000 -519.6000000000
-1.0000000000 0.0000000000 0.0000000000 1880.0000000000
0.0000000000 0.0000000000 0.0000000000 1.0000000000

0.0000000000 0.0000000000 1.0000000000 2276.0000000000
0.0000000000 1.0000000000 0.0000000000 -520.0000000000
-1.0000000000 0.0000000000 0.0000000000 1880.0000000000
0.0000000000 0.0000000000 0.0000000000 1.0000000000

0.0000000000 0.0000000000 1.0000000000 2276.0000000000
0.0000000000 1.0000000000 0.0000000000 -520.4000000000
-1.0000000000 0.0000000000 0.0000000000 1880.0000000000
0.0000000000 0.0000000000 0.0000000000 1.0000000000

0.0000000000 0.0000000000 1.0000000000 2276.0000000000
0.0000000000 1.0000000000 0.0000000000 -520.8000000000
-1.0000000000 0.0000000000 0.0000000000 1880.0000000000
0.0000000000 0.0000000000 0.0000000000 1.0000000000

0.0000000000 0.0000000000 1.0000000000 2276.0000000000
0.0000000000 1.0000000000 0.0000000000 -521.2000000000
-1.0000000000 0.0000000000 0.0000000000 1880.0000000000
0.0000000000 0.0000000000 0.0000000000 1.0000000000

0.0000000000 0.0000000000 1.0000000000 2276.0000000000
0.0000000000 1.0000000000 0.0000000000 -521.6000000000
-1.0000000000 0.0000000000 0.0000000000 1880.0000000000
0.0000000000 0.0000000000 0.0000000000 1.0000000000

0.0000000000 0.0000000000 1.0000000000 2276.0000000000
0.0000000000 1.0000000000 0.0000000000 -522.0000000000
-1.0000000000 0.0000000000 0.0000000000 1880.0000000000
0.0000000000 0.0000000000 0.0000000000 1.0000000000

0.0000000000 0.0000000000 1.0000000000 2276.0000000000
0.0000000000 1.0000000000 0.0000000000 -522.4000000000
-1.0000000000 0.0000000000 0.0000000000 1880.0000000000
0.0000000000 0.0000000000 0.0000000000 1.0000000000

0.0000000000 0.0000000000 1.0000000000 2276.0000000000
0.0000000000 1.0000000000 0.0000000000 -522.8000000000
-1.0000000000 0.0000000000 0.0000000000 1880.0000000000
0.0000000000 0.0000000000 0.0000000000 1.0000000000

0.0000000000 0.0000000000 1.0000000000 2276.0000000000
0.0000000000 1.0000000000 0.0000000000 -523.2000000000
-1.0000000000 0.0000000000 0.0000000000 1880.0000000000
0.0000000000 0.0000000000 0.0000000000 1.0000000000

0.0000000000 0.0000000000 1.0000000000 2276.0000000000
0.0000000000 1.0000000000 0.0000000000 -523.6000000000
-1.0000000000 0.0000000000 0.0000000000 1880.0000000000
0.0000000000 0.0000000000 0.0000000000 1.0000000000

0.0000000000 0.0000000000 1.0000000000 2276.0000000000
0.0000000000 1.0000000000 0.0000000000 -524.0000000000
-1.0000000000 0.0000000000 0.0000000000 1880.0000000000
0.0000000000 0.0000000000 0.0000000000 1.0000000000

0.0000000000 0.0000000000 1.0000000000 2276.0000000000
0.0000000000 1.0000000000 0.0000000000 -524.4000000000
-1.0000000000 0.0000000000 0.0000000000 1880.0000000000
0.0000000000 0.0000000000 0.0000000000 1.0000000000

0.0000000000 0.0000000000 1.0000000000 2276.0000000000
0.0000000000 1.0000000000 0.0000000000 -524.8000000000
-1.0000000000 0.0000000000 0.0000000000 1880.0000000000
0.0000000000 0.0000000000 0.0000000000 1.0000000000

0.0000000000 0.0000000000 1.0000000000 2276.0000000000
0.0000000000 1.0000000000 0.0000000000 -525.2000000000
-1.0000000000 0.0000000000 0.0000000000 1880.0000000000
0.0000000000 0.0000000000 0.0000000000 1.0000000000

0.0000000000 0.0000000000 1.0000000000 2276.0000000000
0.0000000000 1.0000000000 0.0000000000 -525.6000000000
-1.0000000000 0.0000000000 0.0000000000 1880.0000000000
0.0000000000 0.0000000000 0.0000000000 1.0000000000

0.0000000000 0.0000000000 1.0000000000 2276.0000000000
0.0000000000 1.0000000000 0.0000000000 -526.0000000000
-1.0000000000 0.0000000000 0.0000000000 1880.0000000000
0.0000000000 0.0000000000 0.0000000000 1.0000000000

0.0000000000 0.0000000000 1.0000000000 2276.0000000000
0.0000000000 1.0000000000 0.0000000000 -526.4000000000
-1.0000000000 0.0000000000 0.0000000000 1880.0000000000
0.0000000000 0.0000000000 0.0000000000 1.0000000000

0.0000000000 0.0000000000 1.0000000000 2276.0000000000
0.0000000000 1.0000000000 0.0000000000 -526.8000000000
-1.0000000000 0.0000000000 0.0000000000 1880.0000000000
0.0000000000 0.0000000000 0.0000000000 1.0000000000

0.0000000000 0.0000000000 1.0000000000 2276.0000000000
0.0000000000 1.0000000000 0.0000000000 -527.2000000000
-1.0000000000 0.0000000000 0.0000000000 1880.0000000000
0.0000000000 0.0000000000 0.0000000000 1.0000000000

0.0000000000 0.0000000000 1.0000000000 2276.0000000000
0.0000000000 1.0000000000 0.0000000000 -527.6000000000
-1.0000000000 0.0000000000 0.0000000000 1880.0000000000
0.0000000000 0.0000000000 0.0000000000 1.0000000000

0.0000000000 0.0000000000 1.0000000000 2276.0000000000
0.0000000000 1.0000000000 0.0000000000 -528.0000000000
-1.0000000000 0.0000000000 0.0000000000 1880.0000000000
0.0000000000 0.0000000000 0.0000000000 1.0000000000

0.0000000000 0.0000000000 1.0000000000 2276.0000000000
0.0000000000 1.0000000000 0.0000000000 -528.4000000000
-1.0000000000 0.0000000000 0.0000000000 1880.0000000000
0.0000000000 0.0000000000 0.0000000000 1.0000000000

0.0000000000 0.0000000000 1.0000000000 2276.0000000000
0.0000000000 1.0000000000 0.0000000000 -528.8000000000
-1.0000000000 0.0000000000 0.0000000000 1880.0000000000
0.0000000000 0.0000000000 0.0000000000 1.0000000000

0.0000000000 0.0000000000 1.0000000000 2276.0000000000
0.0000000000 1.0000000000 0.0000000000 -529.2000000000
-1.0000000000 0.0000000000 0.0000000000 1880.0000000000
0.0000000000 0.0000000000 0.0000000000 1.0000000000

0.0000000000 0.0000000000 1.0000000000 2276.0000000000
0.0000000000 1.0000000000 0.0000000000 -529.6000000000
-1.0000000000 0.0000000000 0.0000000000 1880.0000000000
0.0000000000 0.0000000000 0.0000000000 1.0000000000

0.0000000000 0.0000000000 1.0000000000 2276.0000000000
0.0000000000 1.0000000000 0.0000000000 -530.0000000000
-1.0000000000 0.0000000000 0.0000000000 1880.0000000000
0.0000000000 0.0000000000 0.0000000000 1.0000000000

0.0000000000 0.0000000000 1.0000000000 2276.0000000000
0.0000000000 1.0000000000 0.0000000000 -530.4000000000
-1.0000000000 0.0000000000 0.0000000000 1880.0000000000
0.0000000000 0.0000000000 0.0000000000 1.0000000000

0.0000000000 0.0000000000 1.0000000000 2276.0000000000
0.0000000000 1.0000000000 0.0000000000 -530.8000000000
-1.0000000000 0.0000000000 0.0000000000 1880.0000000000
0.0000000000 0.0000000000 0.0000000000 1.0000000000

0.0000000000 0.0000000000 1.0000000000 2276.0000000000
0.0000000000 1.0000000000 0.0000000000 -531.2000000000
-1.0000000000 0.0000000000 0.0000000000 1880.0000000000
0.0000000000 0.0000000000 0.0000000000 1.0000000000

0.0000000000 0.0000000000 1.0000000000 2276.0000000000
0.0000000000 1.0000000000 0.0000000000 -531.6000000000
-1.0000000000 0.0000000000 0.0000000000 1880.0000000000
0.0000000000 0.0000000000 0.0000000000 1.0000000000

0.0000000000 0.0000000000 1.0000000000 2276.0000000000
0.0000000000 1.0000000000 0.0000000000 -532.0000000000
-1.0000000000 0.0000000000 0.0000000000 1880.0000000000
0.0000000000 0.0000000000 0.0000000000 1.0000000000

0.0000000000 0.0000000000 1.0000000000 2276.0000000000
0.0000000000 1.0000000000 0.0000000000 -532.4000000000
-1.0000000000 0.0000000000 0.0000000000 1880.0000000000
0.0000000000 0.0000000000 0.0000000000 1.0000000000

0.0000000000 0.0000000000 1.0000000000 2276.0000000000
0.0000000000 1.0000000000 0.0000000000 -532.8000000000
-1.0000000000 0.0000000000 0.0000000000 1880.0000000000
0.0000000000 0.0000000000 0.0000000000 1.0000000000

0.0000000000 0.0000000000 1.0000000000 2276.0000000000
0.0000000000 1.0000000000 0.0000000000 -533.2000000000
-1.0000000000 0.0000000000 0.0000000000 1880.0000000000
0.0000000000 0.0000000000 0.0000000000 1.0000000000

0.0000000000 0.0000000000 1.0000000000 2276.0000000000
0.0000000000 1.0000000000 0.0000000000 -533.6000000000
-1.0000000000 0.0000000000 0.0000000000 1880.0000000000
0.0000000000 0.0000000000 0.0000000000 1.0000000000

0.0000000000 0.0000000000 1.0000000000 2276.0000000000
0.0000000000 1.0000000000 0.0000000000 -534.0000000000
-1.0000000000 0.0000000000 0.0000000000 1880.0000000000
0.0000000000 0.0000000000 0.0000000000 1.0000000000

0.0000000000 0.0000000000 1.0000000000 2276.0000000000
0.0000000000 1.0000000000 0.0000000000 -534.4000000000
-1.0000000000 0.0000000000 0.0000000000 1880.0000000000
0.0000000000 0.0000000000 0.0000000000 1.0000000000

0.0000000000 0.0000000000 1.0000000000 2276.0000000000
0.0000000000 1.0000000000 0.0000000000 -534.8000000000
-1.0000000000 0.0000000000 0.0000000000 1880.0000000000
0.0000000000 0.0000000000 0.0000000000 1.0000000000

0.0000000000 0.0000000000 1.0000000000 2276.0000000000
0.0000000000 1.0000000000 0.0000000000 -535.2000000000
-1.0000000000 0.0000000000 0.0000000000 1880.0000000000
0.0000000000 0.0000000000 0.0000000000 1.0000000000

0.0000000000 0.0000000000 1.0000000000 2276.0000000000
0.0000000000 1.0000000000 0.0000000000 -535.6000000000
-1.0000000000 0.0000000000 0.0000000000 1880.0000000000
0.0000000000 0.0000000000 0.0000000000 1.0000000000

0.0000000000 0.0000000000 1.0000000000 2276.0000000000
0.0000000000 1.0000000000 0.0000000000 -536.0000000000
-1.0000000000 0.0000000000 0.0000000000 1880.0000000000
0.0000000000 0.0000000000 0.0000000000 1.0000000000

0.0000000000 0.0000000000 1.0000000000 2276.0000000000
0.0000000000 1.0000000000 0.0000000000 -536.4000000000
-1.0000000000 0.0000000000 0.0000000000 1880.0000000000
0.0000000000 0.0000000000 0.0000000000 1.0000000000

0.0000000000 0.0000000000 1.0000000000 2276.0000000000
0.0000000000 1.0000000000 0.0000000000 -536.8000000000
-1.0000000000 0.0000000000 0.0000000000 1880.0000000000
0.0000000000 0.0000000000 0.0000000000 1.0000000000

0.0000000000 0.0000000000 1.0000000000 2276.0000000000
0.0000000000 1.0000000000 0.0000000000 -537.2000000000
-1.0000000000 0.0000000000 0.0000000000 1880.0000000000
0.0000000000 0.0000000000 0.0000000000 1.0000000000

0.0000000000 0.0000000000 1.0000000000 2276.0000000000
0.0000000000 1.0000000000 0.0000000000 -537.6000000000
-1.0000000000 0.0000000000 0.0000000000 1880.0000000000
0.0000000000 0.0000000000 0.0000000000 1.0000000000

0.0000000000 0.0000000000 1.0000000000 2276.0000000000
0.0000000000 1.0000000000 0.0000000000 -538.0000000000
-1.0000000000 0.0000000000 0.0000000000 1880.0000000000
0.0000000000 0.0000000000 0.0000000000 1.0000000000

0.0000000000 0.0000000000 1.0000000000 2276.0000000000
0.0000000000 1.0000000000 0.0000000000 -538.4000000000
-1.0000000000 0.0000000000 0.0000000000 1880.0000000000
0.0000000000 0.0000000000 0.0000000000 1.0000000000

0.0000000000 0.0000000000 1.0000000000 2276.0000000000
0.0000000000 1.0000000000 0.0000000000 -538.8000000000
-1.0000000000 0.0000000000 0.0000000000 1880.0000000000
0.0000000000 0.0000000000 0.0000000000 1.0000000000

0.0000000000 0.0000000000 1.0000000000 2276.0000000000
0.0000000000 1.0000000000 0.0000000000 -539.2000000000
-1.0000000000 0.0000000000 0.0000000000 1880.0000000000
0.0000000000 0.0000000000 0.0000000000 1.0000000000

0.0000000000 0.0000000000 1.0000000000 2276.0000000000
0.0000000000 1.0000000000 0.0000000000 -539.6000000000
-1.0000000000 0.0000000000 0.0000000000 1880.0000000000
0.0000000000 0.0000000000 0.0000000000 1.0000000000

0.0000000000 0.0000000000 1.0000000000 2276.0000000000
0.0000000000 1.0000000000 0.0000000000 -540.0000000000
-1.0000000000 0.0000000000 0.0000000000 1880.0000000000
0.0000000000 0.0000000000 0.0000000000 1.0000000000

0.0000000000 0.0000000000 1.0000000000 2276.0000000000
0.0000000000 1.0000000000 0.0000000000 -540.4000000000
-1.0000000000 0.0000000000 0.0000000000 1880.0000000000
0.0000000000 0.0000000000 0.0000000000 1.0000000000

0.0000000000 0.0000000000 1.0000000000 2276.0000000000
0.0000000000 1.0000000000 0.0000000000 -540.8000000000
-1.0000000000 0.0000000000 0.0000000000 1880.0000000000
0.0000000000 0.0000000000 0.0000000000 1.0000000000

0.0000000000 0.0000000000 1.0000000000 2276.0000000000
0.0000000000 1.0000000000 0.0000000000 -541.2000000000
-1.0000000000 0.0000000000 0.0000000000 1880.0000000000
0.0000000000 0.0000000000 0.0000000000 1.0000000000

0.0000000000 0.0000000000 1.0000000000 2276.0000000000
0.0000000000 1.0000000000 0.0000000000 -541.6000000000
-1.0000000000 0.0000000000 0.0000000000 1880.0000000000
0.0000000000 0.0000000000 0.0000000000 1.0000000000

0.0000000000 0.0000000000 1.0000000000 2276.0000000000
0.0000000000 1.0000000000 0.0000000000 -542.0000000000
-1.0000000000 0.0000000000 0.0000000000 1880.0000000000
0.0000000000 0.0000000000 0.0000000000 1.0000000000

0.0000000000 0.0000000000 1.0000000000 2276.0000000000
0.0000000000 1.0000000000 0.0000000000 -542.4000000000
-1.0000000000 0.0000000000 0.0000000000 1880.0000000000
0.0000000000 0.0000000000 0.0000000000 1.0000000000

0.0000000000 0.0000000000 1.0000000000 2276.0000000000
0.0000000000 1.0000000000 0.0000000000 -542.8000000000
-1.0000000000 0.0000000000 0.0000000000 1880.0000000000
0.0000000000 0.0000000000 0.0000000000 1.0000000000

0.0000000000 0.0000000000 1.0000000000 2276.0000000000
0.0000000000 1.0000000000 0.0000000000 -543.2000000000
-1.0000000000 0.0000000000 0.0000000000 1880.0000000000
0.0000000000 0.0000000000 0.0000000000 1.0000000000

0.0000000000 0.0000000000 1.0000000000 2276.0000000000
0.0000000000 1.0000000000 0.0000000000 -543.6000000000
-1.0000000000 0.0000000000 0.0000000000 1880.0000000000
0.0000000000 0.0000000000 0.0000000000 1.0000000000

0.0000000000 0.0000000000 1.0000000000 2276.0000000000
0.0000000000 1.0000000000 0.0000000000 -544.0000000000
-1.0000000000 0.0000000000 0.0000000000 1880.0000000000
0.0000000000 0.0000000000 0.0000000000 1.0000000000

0.0000000000 0.0000000000 1.0000000000 2276.0000000000
0.0000000000 1.0000000000 0.0000000000 -544.4000000000
-1.0000000000 0.0000000000 0.0000000000 1880.0000000000
0.0000000000 0.0000000000 0.0000000000 1.0000000000

0.0000000000 0.0000000000 1.0000000000 2276.0000000000
0.0000000000 1.0000000000 0.0000000000 -544.8000000000
-1.0000000000 0.0000000000 0.0000000000 1880.0000000000
0.0000000000 0.0000000000 0.0000000000 1.0000000000

0.0000000000 0.0000000000 1.0000000000 2276.0000000000
0.0000000000 1.0000000000 0.0000000000 -545.2000000000
-1.0000000000 0.0000000000 0.0000000000 1880.0000000000
0.0000000000 0.0000000000 0.0000000000 1.0000000000

0.0000000000 0.0000000000 1.0000000000 2276.0000000000
0.0000000000 1.0000000000 0.0000000000 -545.6000000000
-1.0000000000 0.0000000000 0.0000000000 1880.0000000000
0.0000000000 0.0000000000 0.0000000000 1.0000000000

0.0000000000 0.0000000000 1.0000000000 2276.0000000000
0.0000000000 1.0000000000 0.0000000000 -546.0000000000
-1.0000000000 0.0000000000 0.0000000000 1880.0000000000
0.0000000000 0.0000000000 0.0000000000 1.0000000000

0.0000000000 0.0000000000 1.0000000000 2276.0000000000
0.0000000000 1.0000000000 0.0000000000 -546.4000000000
-1.0000000000 0.0000000000 0.0000000000 1880.0000000000
0.0000000000 0.0000000000 0.0000000000 1.0000000000

0.0000000000 0.0000000000 1.0000000000 2276.0000000000
0.0000000000 1.0000000000 0.0000000000 -546.8000000000
-1.0000000000 0.0000000000 0.0000000000 1880.0000000000
0.0000000000 0.0000000000 0.0000000000 1.0000000000

0.0000000000 0.0000000000 1.0000000000 2276.0000000000
0.0000000000 1.0000000000 0.0000000000 -547.2000000000
-1.0000000000 0.0000000000 0.0000000000 1880.0000000000
0.0000000000 0.0000000000 0.0000000000 1.0000000000

0.0000000000 0.0000000000 1.0000000000 2276.0000000000
0.0000000000 1.0000000000 0.0000000000 -547.6000000000
-1.0000000000 0.0000000000 0.0000000000 1880.0000000000
0.0000000000 0.0000000000 0.0000000000 1.0000000000

0.0000000000 0.0000000000 1.0000000000 2276.0000000000
0.0000000000 1.0000000000 0.0000000000 -548.0000000000
-1.0000000000 0.0000000000 0.0000000000 1880.0000000000
0.0000000000 0.0000000000 0.0000000000 1.0000000000

0.0000000000 0.0000000000 1.0000000000 2276.0000000000
0.0000000000 1.0000000000 0.0000000000 -548.4000000000
-1.0000000000 0.0000000000 0.0000000000 1880.0000000000
0.0000000000 0.0000000000 0.0000000000 1.0000000000

0.0000000000 0.0000000000 1.0000000000 2276.0000000000
0.0000000000 1.0000000000 0.0000000000 -548.8000000000
-1.0000000000 0.0000000000 0.0000000000 1880.0000000000
0.0000000000 0.0000000000 0.0000000000 1.0000000000

0.0000000000 0.0000000000 1.0000000000 2276.0000000000
0.0000000000 1.0000000000 0.0000000000 -549.2000000000
-1.0000000000 0.0000000000 0.0000000000 1880.0000000000
0.0000000000 0.0000000000 0.0000000000 1.0000000000

0.0000000000 0.0000000000 1.0000000000 2276.0000000000
0.0000000000 1.0000000000 0.0000000000 -549.6000000000
-1.0000000000 0.0000000000 0.0000000000 1880.0000000000
0.0000000000 0.0000000000 0.0000000000 1.0000000000

0.0000000000 0.0000000000 1.0000000000 2276.0000000000
0.0000000000 1.0000000000 0.0000000000 -550.0000000000
-1.0000000000 0.0000000000 0.0000000000 1880.0000000000
0.0000000000 0.0000000000 0.0000000000 1.0000000000

0.0000000000 0.0000000000 1.0000000000 2276.0000000000
0.0000000000 1.0000000000 0.0000000000 -550.4000000000
-1.0000000000 0.0000000000 0.0000000000 1880.0000000000
0.0000000000 0.0000000000 0.0000000000 1.0000000000

0.0000000000 0.0000000000 1.0000000000 2276.0000000000
0.0000000000 1.0000000000 0.0000000000 -550.8000000000
-1.0000000000 0.0000000000 0.0000000000 1880.0000000000
0.0000000000 0.0000000000 0.0000000000 1.0000000000

0.0000000000 0.0000000000 1.0000000000 2276.0000000000
0.0000000000 1.0000000000 0.0000000000 -551.2000000000
-1.0000000000 0.0000000000 0.0000000000 1880.0000000000
0.0000000000 0.0000000000 0.0000000000 1.0000000000

0.0000000000 0.0000000000 1.0000000000 2276.0000000000
0.0000000000 1.0000000000 0.0000000000 -551.6000000000
-1.0000000000 0.0000000000 0.0000000000 1880.0000000000
0.0000000000 0.0000000000 0.0000000000 1.0000000000

0.0000000000 0.0000000000 1.0000000000 2276.0000000000
0.0000000000 1.0000000000 0.0000000000 -552.0000000000
-1.0000000000 0.0000000000 0.0000000000 1880.0000000000
0.0000000000 0.0000000000 0.0000000000 1.0000000000

0.0000000000 0.0000000000 1.0000000000 2276.0000000000
0.0000000000 1.0000000000 0.0000000000 -552.4000000000
-1.0000000000 0.0000000000 0.0000000000 1880.0000000000
0.0000000000 0.0000000000 0.0000000000 1.0000000000

0.0000000000 0.0000000000 1.0000000000 2276.0000000000
0.0000000000 1.0000000000 0.0000000000 -552.8000000000
-1.0000000000 0.0000000000 0.0000000000 1880.0000000000
0.0000000000 0.0000000000 0.0000000000 1.0000000000

0.0000000000 0.0000000000 1.0000000000 2276.0000000000
0.0000000000 1.0000000000 0.0000000000 -553.2000000000
-1.0000000000 0.0000000000 0.0000000000 1880.0000000000
0.0000000000 0.0000000000 0.0000000000 1.0000000000

0.0000000000 0.0000000000 1.0000000000 2276.0000000000
0.0000000000 1.0000000000 0.0000000000 -553.6000000000
-1.0000000000 0.0000000000 0.0000000000 1880.0000000000
0.0000000000 0.0000000000 0.0000000000 1.0000000000

0.0000000000 0.0000000000 1.0000000000 2276.0000000000
0.0000000000 1.0000000000 0.0000000000 -554.0000000000
-1.0000000000 0.0000000000 0.0000000000 1880.0000000000
0.0000000000 0.0000000000 0.0000000000 1.0000000000

0.0000000000 0.0000000000 1.0000000000 2276.0000000000
0.0000000000 1.0000000000 0.0000000000 -554.4000000000
-1.0000000000 0.0000000000 0.0000000000 1880.0000000000
0.0000000000 0.0000000000 0.0000000000 1.0000000000

0.0000000000 0.0000000000 1.0000000000 2276.0000000000
0.0000000000 1.0000000000 0.0000000000 -554.8000000000
-1.0000000000 0.0000000000 0.0000000000 1880.0000000000
0.0000000000 0.0000000000 0.0000000000 1.0000000000

0.0000000000 0.0000000000 1.0000000000 2276.0000000000
0.0000000000 1.0000000000 0.0000000000 -555.2000000000
-1.0000000000 0.0000000000 0.0000000000 1880.0000000000
0.0000000000 0.0000000000 0.0000000000 1.0000000000

0.0000000000 0.0000000000 1.0000000000 2276.0000000000
0.0000000000 1.0000000000 0.0000000000 -555.6000000000
-1.0000000000 0.0000000000 0.0000000000 1880.0000000000
0.0000000000 0.0000000000 0.0000000000 1.0000000000

0.0000000000 0.0000000000 1.0000000000 2276.0000000000
0.0000000000 1.0000000000 0.0000000000 -556.0000000000
-1.0000000000 0.0000000000 0.0000000000 1880.0000000000
0.0000000000 0.0000000000 0.0000000000 1.0000000000

0.0000000000 0.0000000000 1.0000000000 2276.0000000000
0.0000000000 1.0000000000 0.0000000000 -556.4000000000
-1.0000000000 0.0000000000 0.0000000000 1880.0000000000
0.0000000000 0.0000000000 0.0000000000 1.0000000000

0.0000000000 0.0000000000 1.0000000000 2276.0000000000
0.0000000000 1.0000000000 0.0000000000 -556.8000000000
-1.0000000000 0.0000000000 0.0000000000 1880.0000000000
0.0000000000 0.0000000000 0.0000000000 1.0000000000

0.0000000000 0.0000000000 1.0000000000 2276.0000000000
0.0000000000 1.0000000000 0.0000000000 -557.2000000000
-1.0000000000 0.0000000000 0.0000000000 1880.0000000000
0.0000000000 0.0000000000 0.0000000000 1.0000000000

0.0000000000 0.0000000000 1.0000000000 2276.0000000000
0.0000000000 1.0000000000 0.0000000000 -557.6000000000
-1.0000000000 0.0000000000 0.0000000000 1880.0000000000
0.0000000000 0.0000000000 0.0000000000 1.0000000000

0.0000000000 0.0000000000 1.0000000000 2276.0000000000
0.0000000000 1.0000000000 0.0000000000 -558.0000000000
-1.0000000000 0.0000000000 0.0000000000 1880.0000000000
0.0000000000 0.0000000000 0.0000000000 1.0000000000

0.0000000000 0.0000000000 1.0000000000 2276.0000000000
0.0000000000 1.0000000000 0.0000000000 -558.4000000000
-1.0000000000 0.0000000000 0.0000000000 1880.0000000000
0.0000000000 0.0000000000 0.0000000000 1.0000000000

0.0000000000 0.0000000000 1.0000000000 2276.0000000000
0.0000000000 1.0000000000 0.0000000000 -558.8000000000
-1.0000000000 0.0000000000 0.0000000000 1880.0000000000
0.0000000000 0.0000000000 0.0000000000 1.0000000000

0.0000000000 0.0000000000 1.0000000000 2276.0000000000
0.0000000000 1.0000000000 0.0000000000 -559.2000000000
-1.0000000000 0.0000000000 0.0000000000 1880.0000000000
0.0000000000 0.0000000000 0.0000000000 1.0000000000

0.0000000000 0.0000000000 1.0000000000 2276.0000000000
0.0000000000 1.0000000000 0.0000000000 -559.6000000000
-1.0000000000 0.0000000000 0.0000000000 1880.0000000000
0.0000000000 0.0000000000 0.0000000000 1.0000000000

0.0000000000 0.0000000000 1.0000000000 2276.0000000000
0.0000000000 1.0000000000 0.0000000000 -560.0000000000
-1.0000000000 0.0000000000 0.0000000000 1880.0000000000
0.0000000000 0.0000000000 0.0000000000 1.0000000000

0.0000000000 0.0000000000 1.0000000000 2276.0000000000
0.0000000000 1.0000000000 0.0000000000 -560.4000000000
-1.0000000000 0.0000000000 0.0000000000 1880.0000000000
0.0000000000 0.0000000000 0.0000000000 1.0000000000

0.0000000000 0.0000000000 1.0000000000 2276.0000000000
0.0000000000 1.0000000000 0.0000000000 -560.8000000000
-1.0000000000 0.0000000000 0.0000000000 1880.0000000000
0.0000000000 0.0000000000 0.0000000000 1.0000000000

0.0000000000 0.0000000000 1.0000000000 2276.0000000000
0.0000000000 1.0000000000 0.0000000000 -561.2000000000
-1.0000000000 0.0000000000 0.0000000000 1880.0000000000
0.0000000000 0.0000000000 0.0000000000 1.0000000000

0.0000000000 0.0000000000 1.0000000000 2276.0000000000
0.0000000000 1.0000000000 0.0000000000 -561.6000000000
-1.0000000000 0.0000000000 0.0000000000 1880.0000000000
0.0000000000 0.0000000000 0.0000000000 1.0000000000

0.0000000000 0.0000000000 1.0000000000 2276.0000000000
0.0000000000 1.0000000000 0.0000000000 -562.0000000000
-1.0000000000 0.0000000000 0.0000000000 1880.0000000000
0.0000000000 0.0000000000 0.0000000000 1.0000000000

0.0000000000 0.0000000000 1.0000000000 2276.0000000000
0.0000000000 1.0000000000 0.0000000000 -562.4000000000
-1.0000000000 0.0000000000 0.0000000000 1880.0000000000
0.0000000000 0.0000000000 0.0000000000 1.0000000000

0.0000000000 0.0000000000 1.0000000000 2276.0000000000
0.0000000000 1.0000000000 0.0000000000 -562.8000000000
-1.0000000000 0.0000000000 0.0000000000 1880.0000000000
0.0000000000 0.0000000000 0.0000000000 1.0000000000

0.0000000000 0.0000000000 1.0000000000 2276.0000000000
0.0000000000 1.0000000000 0.0000000000 -563.2000000000
-1.0000000000 0.0000000000 0.0000000000 1880.0000000000
0.0000000000 0.0000000000 0.0000000000 1.0000000000

0.0000000000 0.0000000000 1.0000000000 2276.0000000000
0.0000000000 1.0000000000 0.0000000000 -563.6000000000
-1.0000000000 0.0000000000 0.0000000000 1880.0000000000
0.0000000000 0.0000000000 0.0000000000 1.0000000000

0.0000000000 0.0000000000 1.0000000000 2276.0000000000
0.0000000000 1.0000000000 0.0000000000 -564.0000000000
-1.0000000000 0.0000000000 0.0000000000 1880.0000000000
0.0000000000 0.0000000000 0.0000000000 1.0000000000

0.0000000000 0.0000000000 1.0000000000 2276.0000000000
0.0000000000 1.0000000000 0.0000000000 -564.4000000000
-1.0000000000 0.0000000000 0.0000000000 1880.0000000000
0.0000000000 0.0000000000 0.0000000000 1.0000000000

0.0000000000 0.0000000000 1.0000000000 2276.0000000000
0.0000000000 1.0000000000 0.0000000000 -564.8000000000
-1.0000000000 0.0000000000 0.0000000000 1880.0000000000
0.0000000000 0.0000000000 0.0000000000 1.0000000000

0.0000000000 0.0000000000 1.0000000000 2276.0000000000
0.0000000000 1.0000000000 0.0000000000 -565.2000000000
-1.0000000000 0.0000000000 0.0000000000 1880.0000000000
0.0000000000 0.0000000000 0.0000000000 1.0000000000

0.0000000000 0.0000000000 1.0000000000 2276.0000000000
0.0000000000 1.0000000000 0.0000000000 -565.6000000000
-1.0000000000 0.0000000000 0.0000000000 1880.0000000000
0.0000000000 0.0000000000 0.0000000000 1.0000000000

0.0000000000 0.0000000000 1.0000000000 2276.0000000000
0.0000000000 1.0000000000 0.0000000000 -566.0000000000
-1.0000000000 0.0000000000 0.0000000000 1880.0000000000
0.0000000000 0.0000000000 0.0000000000 1.0000000000

0.0000000000 0.0000000000 1.0000000000 2276.0000000000
0.0000000000 1.0000000000 0.0000000000 -566.4000000000
-1.0000000000 0.0000000000 0.0000000000 1880.0000000000
0.0000000000 0.0000000000 0.0000000000 1.0000000000

0.0000000000 0.0000000000 1.0000000000 2276.0000000000
0.0000000000 1.0000000000 0.0000000000 -566.8000000000
-1.0000000000 0.0000000000 0.0000000000 1880.0000000000
0.0000000000 0.0000000000 0.0000000000 1.0000000000

0.0000000000 0.0000000000 1.0000000000 2276.0000000000
0.0000000000 1.0000000000 0.0000000000 -567.2000000000
-1.0000000000 0.0000000000 0.0000000000 1880.0000000000
0.0000000000 0.0000000000 0.0000000000 1.0000000000

0.0000000000 0.0000000000 1.0000000000 2276.0000000000
0.0000000000 1.0000000000 0.0000000000 -567.6000000000
-1.0000000000 0.0000000000 0.0000000000 1880.0000000000
0.0000000000 0.0000000000 0.0000000000 1.0000000000

0.0000000000 0.0000000000 1.0000000000 2276.0000000000
0.0000000000 1.0000000000 0.0000000000 -568.0000000000
-1.0000000000 0.0000000000 0.0000000000 1880.0000000000
0.0000000000 0.0000000000 0.0000000000 1.0000000000

0.0000000000 0.0000000000 1.0000000000 2276.0000000000
0.0000000000 1.0000000000 0.0000000000 -568.4000000000
-1.0000000000 0.0000000000 0.0000000000 1880.0000000000
0.0000000000 0.0000000000 0.0000000000 1.0000000000

0.0000000000 0.0000000000 1.0000000000 2276.0000000000
0.0000000000 1.0000000000 0.0000000000 -568.8000000000
-1.0000000000 0.0000000000 0.0000000000 1880.0000000000
0.0000000000 0.0000000000 0.0000000000 1.0000000000

0.0000000000 0.0000000000 1.0000000000 2276.0000000000
0.0000000000 1.0000000000 0.0000000000 -569.2000000000
-1.0000000000 0.0000000000 0.0000000000 1880.0000000000
0.0000000000 0.0000000000 0.0000000000 1.0000000000

0.0000000000 0.0000000000 1.0000000000 2276.0000000000
0.0000000000 1.0000000000 0.0000000000 -569.6000000000
-1.0000000000 0.0000000000 0.0000000000 1880.0000000000
0.0000000000 0.0000000000 0.0000000000 1.0000000000

0.0000000000 0.0000000000 1.0000000000 2276.0000000000
0.0000000000 1.0000000000 0.0000000000 -570.0000000000
-1.0000000000 0.0000000000 0.0000000000 1880.0000000000
0.0000000000 0.0000000000 0.0000000000 1.0000000000

0.0000000000 0.0000000000 1.0000000000 2276.0000000000
0.0000000000 1.0000000000 0.0000000000 -570.4000000000
-1.0000000000 0.0000000000 0.0000000000 1880.0000000000
0.0000000000 0.0000000000 0.0000000000 1.0000000000

0.0000000000 0.0000000000 1.0000000000 2276.0000000000
0.0000000000 1.0000000000 0.0000000000 -570.8000000000
-1.0000000000 0.0000000000 0.0000000000 1880.0000000000
0.0000000000 0.0000000000 0.0000000000 1.0000000000

0.0000000000 0.0000000000 1.0000000000 2276.0000000000
0.0000000000 1.0000000000 0.0000000000 -571.2000000000
-1.0000000000 0.0000000000 0.0000000000 1880.0000000000
0.0000000000 0.0000000000 0.0000000000 1.0000000000

0.0000000000 0.0000000000 1.0000000000 2276.0000000000
0.0000000000 1.0000000000 0.0000000000 -571.6000000000
-1.0000000000 0.0000000000 0.0000000000 1880.0000000000
0.0000000000 0.0000000000 0.0000000000 1.0000000000

0.0000000000 0.0000000000 1.0000000000 2276.0000000000
0.0000000000 1.0000000000 0.0000000000 -572.0000000000
-1.0000000000 0.0000000000 0.0000000000 1880.0000000000
0.0000000000 0.0000000000 0.0000000000 1.0000000000

0.0000000000 0.0000000000 1.0000000000 2276.0000000000
0.0000000000 1.0000000000 0.0000000000 -572.4000000000
-1.0000000000 0.0000000000 0.0000000000 1880.0000000000
0.0000000000 0.0000000000 0.0000000000 1.0000000000

0.0000000000 0.0000000000 1.0000000000 2276.0000000000
0.0000000000 1.0000000000 0.0000000000 -572.8000000000
-1.0000000000 0.0000000000 0.0000000000 1880.0000000000
0.0000000000 0.0000000000 0.0000000000 1.0000000000

0.0000000000 0.0000000000 1.0000000000 2276.0000000000
0.0000000000 1.0000000000 0.0000000000 -573.2000000000
-1.0000000000 0.0000000000 0.0000000000 1880.0000000000
0.0000000000 0.0000000000 0.0000000000 1.0000000000

0.0000000000 0.0000000000 1.0000000000 2276.0000000000
0.0000000000 1.0000000000 0.0000000000 -573.6000000000
-1.0000000000 0.0000000000 0.0000000000 1880.0000000000
0.0000000000 0.0000000000 0.0000000000 1.0000000000

0.0000000000 0.0000000000 1.0000000000 2276.0000000000
0.0000000000 1.0000000000 0.0000000000 -574.0000000000
-1.0000000000 0.0000000000 0.0000000000 1880.0000000000
0.0000000000 0.0000000000 0.0000000000 1.0000000000

0.0000000000 0.0000000000 1.0000000000 2276.0000000000
0.0000000000 1.0000000000 0.0000000000 -574.4000000000
-1.0000000000 0.0000000000 0.0000000000 1880.0000000000
0.0000000000 0.0000000000 0.0000000000 1.0000000000

0.0000000000 0.0000000000 1.0000000000 2276.0000000000
0.0000000000 1.0000000000 0.0000000000 -574.8000000000
-1.0000000000 0.0000000000 0.0000000000 1880.0000000000
0.0000000000 0.0000000000 0.0000000000 1.0000000000

0.0000000000 0.0000000000 1.0000000000 2276.0000000000
0.0000000000 1.0000000000 0.0000000000 -575.2000000000
-1.0000000000 0.0000000000 0.0000000000 1880.0000000000
0.0000000000 0.0000000000 0.0000000000 1.0000000000

0.0000000000 0.0000000000 1.0000000000 2276.0000000000
0.0000000000 1.0000000000 0.0000000000 -575.6000000000
-1.0000000000 0.0000000000 0.0000000000 1880.0000000000
0.0000000000 0.0000000000 0.0000000000 1.0000000000

0.0000000000 0.0000000000 1.0000000000 2276.0000000000
0.0000000000 1.0000000000 0.0000000000 -576.0000000000
-1.0000000000 0.0000000000 0.0000000000 1880.0000000000
0.0000000000 0.0000000000 0.0000000000 1.0000000000

0.0000000000 0.0000000000 1.0000000000 2276.0000000000
0.0000000000 1.0000000000 0.0000000000 -576.4000000000
-1.0000000000 0.0000000000 0.0000000000 1880.0000000000
0.0000000000 0.0000000000 0.0000000000 1.0000000000

0.0000000000 0.0000000000 1.0000000000 2276.0000000000
0.0000000000 1.0000000000 0.0000000000 -576.8000000000
-1.0000000000 0.0000000000 0.0000000000 1880.0000000000
0.0000000000 0.0000000000 0.0000000000 1.0000000000

0.0000000000 0.0000000000 1.0000000000 2276.0000000000
0.0000000000 1.0000000000 0.0000000000 -577.2000000000
-1.0000000000 0.0000000000 0.0000000000 1880.0000000000
0.0000000000 0.0000000000 0.0000000000 1.0000000000

0.0000000000 0.0000000000 1.0000000000 2276.0000000000
0.0000000000 1.0000000000 0.0000000000 -577.6000000000
-1.0000000000 0.0000000000 0.0000000000 1880.0000000000
0.0000000000 0.0000000000 0.0000000000 1.0000000000

0.0000000000 0.0000000000 1.0000000000 2276.0000000000
0.0000000000 1.0000000000 0.0000000000 -578.0000000000
-1.0000000000 0.0000000000 0.0000000000 1880.0000000000
0.0000000000 0.0000000000 0.0000000000 1.0000000000

0.0000000000 0.0000000000 1.0000000000 2276.0000000000
0.0000000000 1.0000000000 0.0000000000 -578.4000000000
-1.0000000000 0.0000000000 0.0000000000 1880.0000000000
0.0000000000 0.0000000000 0.0000000000 1.0000000000

0.0000000000 0.0000000000 1.0000000000 2276.0000000000
0.0000000000 1.0000000000 0.0000000000 -578.8000000000
-1.0000000000 0.0000000000 0.0000000000 1880.0000000000
0.0000000000 0.0000000000 0.0000000000 1.0000000000

0.0000000000 0.0000000000 1.0000000000 2276.0000000000
0.0000000000 1.0000000000 0.0000000000 -579.2000000000
-1.0000000000 0.0000000000 0.0000000000 1880.0000000000
0.0000000000 0.0000000000 0.0000000000 1.0000000000

0.0000000000 0.0000000000 1.0000000000 2276.0000000000
0.0000000000 1.0000000000 0.0000000000 -579.6000000000
-1.0000000000 0.0000000000 0.0000000000 1880.0000000000
0.0000000000 0.0000000000 0.0000000000 1.0000000000

0.0000000000 0.0000000000 1.0000000000 2276.0000000000
0.0000000000 1.0000000000 0.0000000000 -580.0000000000
-1.0000000000 0.0000000000 0.0000000000 1880.0000000000
0.0000000000 0.0000000000 0.0000000000 1.0000000000

0.0000000000 0.0000000000 1.0000000000 2276.0000000000
0.0000000000 1.0000000000 0.0000000000 -580.4000000000
-1.0000000000 0.0000000000 0.0000000000 1880.0000000000
0.0000000000 0.0000000000 0.0000000000 1.0000000000

0.0000000000 0.0000000000 1.0000000000 2276.0000000000
0.0000000000 1.0000000000 0.0000000000 -580.8000000000
-1.0000000000 0.0000000000 0.0000000000 1880.0000000000
0.0000000000 0.0000000000 0.0000000000 1.0000000000

0.0000000000 0.0000000000 1.0000000000 2276.0000000000
0.0000000000 1.0000000000 0.0000000000 -581.2000000000
-1.0000000000 0.0000000000 0.0000000000 1880.0000000000
0.0000000000 0.0000000000 0.0000000000 1.0000000000

0.0000000000 0.0000000000 1.0000000000 2276.0000000000
0.0000000000 1.0000000000 0.0000000000 -581.6000000000
-1.0000000000 0.0000000000 0.0000000000 1880.0000000000
0.0000000000 0.0000000000 0.0000000000 1.0000000000

0.0000000000 0.0000000000 1.0000000000 2276.0000000000
0.0000000000 1.0000000000 0.0000000000 -582.0000000000
-1.0000000000 0.0000000000 0.0000000000 1880.0000000000
0.0000000000 0.0000000000 0.0000000000 1.0000000000

0.0000000000 0.0000000000 1.0000000000 2276.0000000000
0.0000000000 1.0000000000 0.0000000000 -582.4000000000
-1.0000000000 0.0000000000 0.0000000000 1880.0000000000
0.0000000000 0.0000000000 0.0000000000 1.0000000000

0.0000000000 0.0000000000 1.0000000000 2276.0000000000
0.0000000000 1.0000000000 0.0000000000 -582.8000000000
-1.0000000000 0.0000000000 0.0000000000 1880.0000000000
0.0000000000 0.0000000000 0.0000000000 1.0000000000

0.0000000000 0.0000000000 1.0000000000 2276.0000000000
0.0000000000 1.0000000000 0.0000000000 -583.2000000000
-1.0000000000 0.0000000000 0.0000000000 1880.0000000000
0.0000000000 0.0000000000 0.0000000000 1.0000000000

0.0000000000 0.0000000000 1.0000000000 2276.0000000000
0.0000000000 1.0000000000 0.0000000000 -583.6000000000
-1.0000000000 0.0000000000 0.0000000000 1880.0000000000
0.0000000000 0.0000000000 0.0000000000 1.0000000000

0.0000000000 0.0000000000 1.0000000000 2276.0000000000
0.0000000000 1.0000000000 0.0000000000 -584.0000000000
-1.0000000000 0.0000000000 0.0000000000 1880.0000000000
0.0000000000 0.0000000000 0.0000000000 1.0000000000

0.0000000000 0.0000000000 1.0000000000 2276.0000000000
0.0000000000 1.0000000000 0.0000000000 -584.4000000000
-1.0000000000 0.0000000000 0.0000000000 1880.0000000000
0.0000000000 0.0000000000 0.0000000000 1.0000000000

0.0000000000 0.0000000000 1.0000000000 2276.0000000000
0.0000000000 1.0000000000 0.0000000000 -584.8000000000
-1.0000000000 0.0000000000 0.0000000000 1880.0000000000
0.0000000000 0.0000000000 0.0000000000 1.0000000000

0.0000000000 0.0000000000 1.0000000000 2276.0000000000
0.0000000000 1.0000000000 0.0000000000 -585.2000000000
-1.0000000000 0.0000000000 0.0000000000 1880.0000000000
0.0000000000 0.0000000000 0.0000000000 1.0000000000

0.0000000000 0.0000000000 1.0000000000 2276.0000000000
0.0000000000 1.0000000000 0.0000000000 -585.6000000000
-1.0000000000 0.0000000000 0.0000000000 1880.0000000000
0.0000000000 0.0000000000 0.0000000000 1.0000000000

0.0000000000 0.0000000000 1.0000000000 2276.0000000000
0.0000000000 1.0000000000 0.0000000000 -586.0000000000
-1.0000000000 0.0000000000 0.0000000000 1880.0000000000
0.0000000000 0.0000000000 0.0000000000 1.0000000000

0.0000000000 0.0000000000 1.0000000000 2276.0000000000
0.0000000000 1.0000000000 0.0000000000 -586.4000000000
-1.0000000000 0.0000000000 0.0000000000 1880.0000000000
0.0000000000 0.0000000000 0.0000000000 1.0000000000

0.0000000000 0.0000000000 1.0000000000 2276.0000000000
0.0000000000 1.0000000000 0.0000000000 -586.8000000000
-1.0000000000 0.0000000000 0.0000000000 1880.0000000000
0.0000000000 0.0000000000 0.0000000000 1.0000000000

0.0000000000 0.0000000000 1.0000000000 2276.0000000000
0.0000000000 1.0000000000 0.0000000000 -587.2000000000
-1.0000000000 0.0000000000 0.0000000000 1880.0000000000
0.0000000000 0.0000000000 0.0000000000 1.0000000000

0.0000000000 0.0000000000 1.0000000000 2276.0000000000
0.0000000000 1.0000000000 0.0000000000 -587.6000000000
-1.0000000000 0.0000000000 0.0000000000 1880.0000000000
0.0000000000 0.0000000000 0.0000000000 1.0000000000

0.0000000000 0.0000000000 1.0000000000 2276.0000000000
0.0000000000 1.0000000000 0.0000000000 -588.0000000000
-1.0000000000 0.0000000000 0.0000000000 1880.0000000000
0.0000000000 0.0000000000 0.0000000000 1.0000000000

0.0000000000 0.0000000000 1.0000000000 2276.0000000000
0.0000000000 1.0000000000 0.0000000000 -588.4000000000
-1.0000000000 0.0000000000 0.0000000000 1880.0000000000
0.0000000000 0.0000000000 0.0000000000 1.0000000000

0.0000000000 0.0000000000 1.0000000000 2276.0000000000
0.0000000000 1.0000000000 0.0000000000 -588.8000000000
-1.0000000000 0.0000000000 0.0000000000 1880.0000000000
0.0000000000 0.0000000000 0.0000000000 1.0000000000

0.0000000000 0.0000000000 1.0000000000 2276.0000000000
0.0000000000 1.0000000000 0.0000000000 -589.2000000000
-1.0000000000 0.0000000000 0.0000000000 1880.0000000000
0.0000000000 0.0000000000 0.0000000000 1.0000000000

0.0000000000 0.0000000000 1.0000000000 2276.0000000000
0.0000000000 1.0000000000 0.0000000000 -589.6000000000
-1.0000000000 0.0000000000 0.0000000000 1880.0000000000
0.0000000000 0.0000000000 0.0000000000 1.0000000000

0.0000000000 0.0000000000 1.0000000000 2276.0000000000
0.0000000000 1.0000000000 0.0000000000 -590.0000000000
-1.0000000000 0.0000000000 0.0000000000 1880.0000000000
0.0000000000 0.0000000000 0.0000000000 1.0000000000

0.0000000000 0.0000000000 1.0000000000 2276.0000000000
0.0000000000 1.0000000000 0.0000000000 -590.4000000000
-1.0000000000 0.0000000000 0.0000000000 1880.0000000000
0.0000000000 0.0000000000 0.0000000000 1.0000000000

0.0000000000 0.0000000000 1.0000000000 2276.0000000000
0.0000000000 1.0000000000 0.0000000000 -590.8000000000
-1.0000000000 0.0000000000 0.0000000000 1880.0000000000
0.0000000000 0.0000000000 0.0000000000 1.0000000000

0.0000000000 0.0000000000 1.0000000000 2276.0000000000
0.0000000000 1.0000000000 0.0000000000 -591.2000000000
-1.0000000000 0.0000000000 0.0000000000 1880.0000000000
0.0000000000 0.0000000000 0.0000000000 1.0000000000

0.0000000000 0.0000000000 1.0000000000 2276.0000000000
0.0000000000 1.0000000000 0.0000000000 -591.6000000000
-1.0000000000 0.0000000000 0.0000000000 1880.0000000000
0.0000000000 0.0000000000 0.0000000000 1.0000000000

0.0000000000 0.0000000000 1.0000000000 2276.0000000000
0.0000000000 1.0000000000 0.0000000000 -592.0000000000
-1.0000000000 0.0000000000 0.0000000000 1880.0000000000
0.0000000000 0.0000000000 0.0000000000 1.0000000000

0.0000000000 0.0000000000 1.0000000000 2276.0000000000
0.0000000000 1.0000000000 0.0000000000 -592.4000000000
-1.0000000000 0.0000000000 0.0000000000 1880.0000000000
0.0000000000 0.0000000000 0.0000000000 1.0000000000

0.0000000000 0.0000000000 1.0000000000 2276.0000000000
0.0000000000 1.0000000000 0.0000000000 -592.8000000000
-1.0000000000 0.0000000000 0.0000000000 1880.0000000000
0.0000000000 0.0000000000 0.0000000000 1.0000000000

0.0000000000 0.0000000000 1.0000000000 2276.0000000000
0.0000000000 1.0000000000 0.0000000000 -593.2000000000
-1.0000000000 0.0000000000 0.0000000000 1880.0000000000
0.0000000000 0.0000000000 0.0000000000 1.0000000000

0.0000000000 0.0000000000 1.0000000000 2276.0000000000
0.0000000000 1.0000000000 0.0000000000 -593.6000000000
-1.0000000000 0.0000000000 0.0000000000 1880.0000000000
0.0000000000 0.0000000000 0.0000000000 1.0000000000

0.0000000000 0.0000000000 1.0000000000 2276.0000000000
0.0000000000 1.0000000000 0.0000000000 -594.0000000000
-1.0000000000 0.0000000000 0.0000000000 1880.0000000000
0.0000000000 0.0000000000 0.0000000000 1.0000000000

0.0000000000 0.0000000000 1.0000000000 2276.0000000000
0.0000000000 1.0000000000 0.0000000000 -594.4000000000
-1.0000000000 0.0000000000 0.0000000000 1880.0000000000
0.0000000000 0.0000000000 0.0000000000 1.0000000000

0.0000000000 0.0000000000 1.0000000000 2276.0000000000
0.0000000000 1.0000000000 0.0000000000 -594.8000000000
-1.0000000000 0.0000000000 0.0000000000 1880.0000000000
0.0000000000 0.0000000000 0.0000000000 1.0000000000

0.0000000000 0.0000000000 1.0000000000 2276.0000000000
0.0000000000 1.0000000000 0.0000000000 -595.2000000000
-1.0000000000 0.0000000000 0.0000000000 1880.0000000000
0.0000000000 0.0000000000 0.0000000000 1.0000000000

0.0000000000 0.0000000000 1.0000000000 2276.0000000000
0.0000000000 1.0000000000 0.0000000000 -595.6000000000
-1.0000000000 0.0000000000 0.0000000000 1880.0000000000
0.0000000000 0.0000000000 0.0000000000 1.0000000000

0.0000000000 0.0000000000 1.0000000000 2276.0000000000
0.0000000000 1.0000000000 0.0000000000 -596.0000000000
-1.0000000000 0.0000000000 0.0000000000 1880.0000000000
0.0000000000 0.0000000000 0.0000000000 1.0000000000

0.0000000000 0.0000000000 1.0000000000 2276.0000000000
0.0000000000 1.0000000000 0.0000000000 -596.4000000000
-1.0000000000 0.0000000000 0.0000000000 1880.0000000000
0.0000000000 0.0000000000 0.0000000000 1.0000000000

0.0000000000 0.0000000000 1.0000000000 2276.0000000000
0.0000000000 1.0000000000 0.0000000000 -596.8000000000
-1.0000000000 0.0000000000 0.0000000000 1880.0000000000
0.0000000000 0.0000000000 0.0000000000 1.0000000000

0.0000000000 0.0000000000 1.0000000000 2276.0000000000
0.0000000000 1.0000000000 0.0000000000 -597.2000000000
-1.0000000000 0.0000000000 0.0000000000 1880.0000000000
0.0000000000 0.0000000000 0.0000000000 1.0000000000

0.0000000000 0.0000000000 1.0000000000 2276.0000000000
0.0000000000 1.0000000000 0.0000000000 -597.6000000000
-1.0000000000 0.0000000000 0.0000000000 1880.0000000000
0.0000000000 0.0000000000 0.0000000000 1.0000000000

0.0000000000 0.0000000000 1.0000000000 2276.0000000000
0.0000000000 1.0000000000 0.0000000000 -598.0000000000
-1.0000000000 0.0000000000 0.0000000000 1880.0000000000
0.0000000000 0.0000000000 0.0000000000 1.0000000000

0.0000000000 0.0000000000 1.0000000000 2276.0000000000
0.0000000000 1.0000000000 0.0000000000 -598.4000000000
-1.0000000000 0.0000000000 0.0000000000 1880.0000000000
0.0000000000 0.0000000000 0.0000000000 1.0000000000

0.0000000000 0.0000000000 1.0000000000 2276.0000000000
0.0000000000 1.0000000000 0.0000000000 -598.8000000000
-1.0000000000 0.0000000000 0.0000000000 1880.0000000000
0.0000000000 0.0000000000 0.0000000000 1.0000000000

0.0000000000 0.0000000000 1.0000000000 2276.0000000000
0.0000000000 1.0000000000 0.0000000000 -599.2000000000
-1.0000000000 0.0000000000 0.0000000000 1880.0000000000
0.0000000000 0.0000000000 0.0000000000 1.0000000000

0.0000000000 0.0000000000 1.0000000000 2276.0000000000
0.0000000000 1.0000000000 0.0000000000 -599.6000000000
-1.0000000000 0.0000000000 0.0000000000 1880.0000000000
0.0000000000 0.0000000000 0.0000000000 1.0000000000

0.0000000000 0.0000000000 1.0000000000 2276.0000000000
0.0000000000 1.0000000000 0.0000000000 -600.0000000000
-1.0000000000 0.0000000000 0.0000000000 1880.0000000000
0.0000000000 0.0000000000 0.0000000000 1.0000000000

0.0000000000 0.0000000000 1.0000000000 2276.0000000000
0.0000000000 1.0000000000 0.0000000000 -600.4000000000
-1.0000000000 0.0000000000 0.0000000000 1880.0000000000
0.0000000000 0.0000000000 0.0000000000 1.0000000000

0.0000000000 0.0000000000 1.0000000000 2276.0000000000
0.0000000000 1.0000000000 0.0000000000 -600.8000000000
-1.0000000000 0.0000000000 0.0000000000 1880.0000000000
0.0000000000 0.0000000000 0.0000000000 1.0000000000

0.0000000000 0.0000000000 1.0000000000 2276.0000000000
0.0000000000 1.0000000000 0.0000000000 -601.2000000000
-1.0000000000 0.0000000000 0.0000000000 1880.0000000000
0.0000000000 0.0000000000 0.0000000000 1.0000000000

0.0000000000 0.0000000000 1.0000000000 2276.0000000000
0.0000000000 1.0000000000 0.0000000000 -601.6000000000
-1.0000000000 0.0000000000 0.0000000000 1880.0000000000
0.0000000000 0.0000000000 0.0000000000 1.0000000000

0.0000000000 0.0000000000 1.0000000000 2276.0000000000
0.0000000000 1.0000000000 0.0000000000 -602.0000000000
-1.0000000000 0.0000000000 0.0000000000 1880.0000000000
0.0000000000 0.0000000000 0.0000000000 1.0000000000

0.0000000000 0.0000000000 1.0000000000 2276.0000000000
0.0000000000 1.0000000000 0.0000000000 -602.4000000000
-1.0000000000 0.0000000000 0.0000000000 1880.0000000000
0.0000000000 0.0000000000 0.0000000000 1.0000000000

0.0000000000 0.0000000000 1.0000000000 2276.0000000000
0.0000000000 1.0000000000 0.0000000000 -602.8000000000
-1.0000000000 0.0000000000 0.0000000000 1880.0000000000
0.0000000000 0.0000000000 0.0000000000 1.0000000000

0.0000000000 0.0000000000 1.0000000000 2276.0000000000
0.0000000000 1.0000000000 0.0000000000 -603.2000000000
-1.0000000000 0.0000000000 0.0000000000 1880.0000000000
0.0000000000 0.0000000000 0.0000000000 1.0000000000

0.0000000000 0.0000000000 1.0000000000 2276.0000000000
0.0000000000 1.0000000000 0.0000000000 -603.6000000000
-1.0000000000 0.0000000000 0.0000000000 1880.0000000000
0.0000000000 0.0000000000 0.0000000000 1.0000000000

0.0000000000 0.0000000000 1.0000000000 2276.0000000000
0.0000000000 1.0000000000 0.0000000000 -604.0000000000
-1.0000000000 0.0000000000 0.0000000000 1880.0000000000
0.0000000000 0.0000000000 0.0000000000 1.0000000000

0.0000000000 0.0000000000 1.0000000000 2276.0000000000
0.0000000000 1.0000000000 0.0000000000 -604.4000000000
-1.0000000000 0.0000000000 0.0000000000 1880.0000000000
0.0000000000 0.0000000000 0.0000000000 1.0000000000

0.0000000000 0.0000000000 1.0000000000 2276.0000000000
0.0000000000 1.0000000000 0.0000000000 -604.8000000000
-1.0000000000 0.0000000000 0.0000000000 1880.0000000000
0.0000000000 0.0000000000 0.0000000000 1.0000000000

0.0000000000 0.0000000000 1.0000000000 2276.0000000000
0.0000000000 1.0000000000 0.0000000000 -605.2000000000
-1.0000000000 0.0000000000 0.0000000000 1880.0000000000
0.0000000000 0.0000000000 0.0000000000 1.0000000000

0.0000000000 0.0000000000 1.0000000000 2276.0000000000
0.0000000000 1.0000000000 0.0000000000 -605.6000000000
-1.0000000000 0.0000000000 0.0000000000 1880.0000000000
0.0000000000 0.0000000000 0.0000000000 1.0000000000

0.0000000000 0.0000000000 1.0000000000 2276.0000000000
0.0000000000 1.0000000000 0.0000000000 -606.0000000000
-1.0000000000 0.0000000000 0.0000000000 1880.0000000000
0.0000000000 0.0000000000 0.0000000000 1.0000000000

0.0000000000 0.0000000000 1.0000000000 2276.0000000000
0.0000000000 1.0000000000 0.0000000000 -606.4000000000
-1.0000000000 0.0000000000 0.0000000000 1880.0000000000
0.0000000000 0.0000000000 0.0000000000 1.0000000000

0.0000000000 0.0000000000 1.0000000000 2276.0000000000
0.0000000000 1.0000000000 0.0000000000 -606.8000000000
-1.0000000000 0.0000000000 0.0000000000 1880.0000000000
0.0000000000 0.0000000000 0.0000000000 1.0000000000

0.0000000000 0.0000000000 1.0000000000 2276.0000000000
0.0000000000 1.0000000000 0.0000000000 -607.2000000000
-1.0000000000 0.0000000000 0.0000000000 1880.0000000000
0.0000000000 0.0000000000 0.0000000000 1.0000000000

0.0000000000 0.0000000000 1.0000000000 2276.0000000000
0.0000000000 1.0000000000 0.0000000000 -607.6000000000
-1.0000000000 0.0000000000 0.0000000000 1880.0000000000
0.0000000000 0.0000000000 0.0000000000 1.0000000000

0.0000000000 0.0000000000 1.0000000000 2276.0000000000
0.0000000000 1.0000000000 0.0000000000 -608.0000000000
-1.0000000000 0.0000000000 0.0000000000 1880.0000000000
0.0000000000 0.0000000000 0.0000000000 1.0000000000

0.0000000000 0.0000000000 1.0000000000 2276.0000000000
0.0000000000 1.0000000000 0.0000000000 -608.4000000000
-1.0000000000 0.0000000000 0.0000000000 1880.0000000000
0.0000000000 0.0000000000 0.0000000000 1.0000000000

0.0000000000 0.0000000000 1.0000000000 2276.0000000000
0.0000000000 1.0000000000 0.0000000000 -608.8000000000
-1.0000000000 0.0000000000 0.0000000000 1880.0000000000
0.0000000000 0.0000000000 0.0000000000 1.0000000000

0.0000000000 0.0000000000 1.0000000000 2276.0000000000
0.0000000000 1.0000000000 0.0000000000 -609.2000000000
-1.0000000000 0.0000000000 0.0000000000 1880.0000000000
0.0000000000 0.0000000000 0.0000000000 1.0000000000

0.0000000000 0.0000000000 1.0000000000 2276.0000000000
0.0000000000 1.0000000000 0.0000000000 -609.6000000000
-1.0000000000 0.0000000000 0.0000000000 1880.0000000000
0.0000000000 0.0000000000 0.0000000000 1.0000000000

0.0000000000 0.0000000000 1.0000000000 2276.0000000000
0.0000000000 1.0000000000 0.0000000000 -610.0000000000
-1.0000000000 0.0000000000 0.0000000000 1880.0000000000
0.0000000000 0.0000000000 0.0000000000 1.0000000000

0.0000000000 0.0000000000 1.0000000000 2276.0000000000
0.0000000000 1.0000000000 0.0000000000 -610.4000000000
-1.0000000000 0.0000000000 0.0000000000 1880.0000000000
0.0000000000 0.0000000000 0.0000000000 1.0000000000

0.0000000000 0.0000000000 1.0000000000 2276.0000000000
0.0000000000 1.0000000000 0.0000000000 -610.8000000000
-1.0000000000 0.0000000000 0.0000000000 1880.0000000000
0.0000000000 0.0000000000 0.0000000000 1.0000000000

0.0000000000 0.0000000000 1.0000000000 2276.0000000000
0.0000000000 1.0000000000 0.0000000000 -611.2000000000
-1.0000000000 0.0000000000 0.0000000000 1880.0000000000
0.0000000000 0.0000000000 0.0000000000 1.0000000000

0.0000000000 0.0000000000 1.0000000000 2276.0000000000
0.0000000000 1.0000000000 0.0000000000 -611.6000000000
-1.0000000000 0.0000000000 0.0000000000 1880.0000000000
0.0000000000 0.0000000000 0.0000000000 1.0000000000

0.0000000000 0.0000000000 1.0000000000 2276.0000000000
0.0000000000 1.0000000000 0.0000000000 -612.0000000000
-1.0000000000 0.0000000000 0.0000000000 1880.0000000000
0.0000000000 0.0000000000 0.0000000000 1.0000000000

0.0000000000 0.0000000000 1.0000000000 2276.0000000000
0.0000000000 1.0000000000 0.0000000000 -612.4000000000
-1.0000000000 0.0000000000 0.0000000000 1880.0000000000
0.0000000000 0.0000000000 0.0000000000 1.0000000000

0.0000000000 0.0000000000 1.0000000000 2276.0000000000
0.0000000000 1.0000000000 0.0000000000 -612.8000000000
-1.0000000000 0.0000000000 0.0000000000 1880.0000000000
0.0000000000 0.0000000000 0.0000000000 1.0000000000

0.0000000000 0.0000000000 1.0000000000 2276.0000000000
0.0000000000 1.0000000000 0.0000000000 -613.2000000000
-1.0000000000 0.0000000000 0.0000000000 1880.0000000000
0.0000000000 0.0000000000 0.0000000000 1.0000000000

0.0000000000 0.0000000000 1.0000000000 2276.0000000000
0.0000000000 1.0000000000 0.0000000000 -613.6000000000
-1.0000000000 0.0000000000 0.0000000000 1880.0000000000
0.0000000000 0.0000000000 0.0000000000 1.0000000000

0.0000000000 0.0000000000 1.0000000000 2276.0000000000
0.0000000000 1.0000000000 0.0000000000 -614.0000000000
-1.0000000000 0.0000000000 0.0000000000 1880.0000000000
0.0000000000 0.0000000000 0.0000000000 1.0000000000

0.0000000000 0.0000000000 1.0000000000 2276.0000000000
0.0000000000 1.0000000000 0.0000000000 -614.4000000000
-1.0000000000 0.0000000000 0.0000000000 1880.0000000000
0.0000000000 0.0000000000 0.0000000000 1.0000000000

0.0000000000 0.0000000000 1.0000000000 2276.0000000000
0.0000000000 1.0000000000 0.0000000000 -614.8000000000
-1.0000000000 0.0000000000 0.0000000000 1880.0000000000
0.0000000000 0.0000000000 0.0000000000 1.0000000000

0.0000000000 0.0000000000 1.0000000000 2276.0000000000
0.0000000000 1.0000000000 0.0000000000 -615.2000000000
-1.0000000000 0.0000000000 0.0000000000 1880.0000000000
0.0000000000 0.0000000000 0.0000000000 1.0000000000

0.0000000000 0.0000000000 1.0000000000 2276.0000000000
0.0000000000 1.0000000000 0.0000000000 -615.6000000000
-1.0000000000 0.0000000000 0.0000000000 1880.0000000000
0.0000000000 0.0000000000 0.0000000000 1.0000000000

0.0000000000 0.0000000000 1.0000000000 2276.0000000000
0.0000000000 1.0000000000 0.0000000000 -616.0000000000
-1.0000000000 0.0000000000 0.0000000000 1880.0000000000
0.0000000000 0.0000000000 0.0000000000 1.0000000000

0.0000000000 0.0000000000 1.0000000000 2276.0000000000
0.0000000000 1.0000000000 0.0000000000 -616.4000000000
-1.0000000000 0.0000000000 0.0000000000 1880.0000000000
0.0000000000 0.0000000000 0.0000000000 1.0000000000

0.0000000000 0.0000000000 1.0000000000 2276.0000000000
0.0000000000 1.0000000000 0.0000000000 -616.8000000000
-1.0000000000 0.0000000000 0.0000000000 1880.0000000000
0.0000000000 0.0000000000 0.0000000000 1.0000000000

0.0000000000 0.0000000000 1.0000000000 2276.0000000000
0.0000000000 1.0000000000 0.0000000000 -617.2000000000
-1.0000000000 0.0000000000 0.0000000000 1880.0000000000
0.0000000000 0.0000000000 0.0000000000 1.0000000000

0.0000000000 0.0000000000 1.0000000000 2276.0000000000
0.0000000000 1.0000000000 0.0000000000 -617.6000000000
-1.0000000000 0.0000000000 0.0000000000 1880.0000000000
0.0000000000 0.0000000000 0.0000000000 1.0000000000

0.0000000000 0.0000000000 1.0000000000 2276.0000000000
0.0000000000 1.0000000000 0.0000000000 -618.0000000000
-1.0000000000 0.0000000000 0.0000000000 1880.0000000000
0.0000000000 0.0000000000 0.0000000000 1.0000000000

0.0000000000 0.0000000000 1.0000000000 2276.0000000000
0.0000000000 1.0000000000 0.0000000000 -618.4000000000
-1.0000000000 0.0000000000 0.0000000000 1880.0000000000
0.0000000000 0.0000000000 0.0000000000 1.0000000000

0.0000000000 0.0000000000 1.0000000000 2276.0000000000
0.0000000000 1.0000000000 0.0000000000 -618.8000000000
-1.0000000000 0.0000000000 0.0000000000 1880.0000000000
0.0000000000 0.0000000000 0.0000000000 1.0000000000

0.0000000000 0.0000000000 1.0000000000 2276.0000000000
0.0000000000 1.0000000000 0.0000000000 -619.2000000000
-1.0000000000 0.0000000000 0.0000000000 1880.0000000000
0.0000000000 0.0000000000 0.0000000000 1.0000000000

0.0000000000 0.0000000000 1.0000000000 2276.0000000000
0.0000000000 1.0000000000 0.0000000000 -619.6000000000
-1.0000000000 0.0000000000 0.0000000000 1880.0000000000
0.0000000000 0.0000000000 0.0000000000 1.0000000000

0.0000000000 0.0000000000 1.0000000000 2276.0000000000
0.0000000000 1.0000000000 0.0000000000 -620.0000000000
-1.0000000000 0.0000000000 0.0000000000 1880.0000000000
0.0000000000 0.0000000000 0.0000000000 1.0000000000

0.0000000000 0.0000000000 1.0000000000 2276.0000000000
0.0000000000 1.0000000000 0.0000000000 -620.4000000000
-1.0000000000 0.0000000000 0.0000000000 1880.0000000000
0.0000000000 0.0000000000 0.0000000000 1.0000000000

0.0000000000 0.0000000000 1.0000000000 2276.0000000000
0.0000000000 1.0000000000 0.0000000000 -620.8000000000
-1.0000000000 0.0000000000 0.0000000000 1880.0000000000
0.0000000000 0.0000000000 0.0000000000 1.0000000000

0.0000000000 0.0000000000 1.0000000000 2276.0000000000
0.0000000000 1.0000000000 0.0000000000 -621.2000000000
-1.0000000000 0.0000000000 0.0000000000 1880.0000000000
0.0000000000 0.0000000000 0.0000000000 1.0000000000

0.0000000000 0.0000000000 1.0000000000 2276.0000000000
0.0000000000 1.0000000000 0.0000000000 -621.6000000000
-1.0000000000 0.0000000000 0.0000000000 1880.0000000000
0.0000000000 0.0000000000 0.0000000000 1.0000000000

0.0000000000 0.0000000000 1.0000000000 2276.0000000000
0.0000000000 1.0000000000 0.0000000000 -622.0000000000
-1.0000000000 0.0000000000 0.0000000000 1880.0000000000
0.0000000000 0.0000000000 0.0000000000 1.0000000000

0.0000000000 0.0000000000 1.0000000000 2276.0000000000
0.0000000000 1.0000000000 0.0000000000 -622.4000000000
-1.0000000000 0.0000000000 0.0000000000 1880.0000000000
0.0000000000 0.0000000000 0.0000000000 1.0000000000

0.0000000000 0.0000000000 1.0000000000 2276.0000000000
0.0000000000 1.0000000000 0.0000000000 -622.8000000000
-1.0000000000 0.0000000000 0.0000000000 1880.0000000000
0.0000000000 0.0000000000 0.0000000000 1.0000000000

0.0000000000 0.0000000000 1.0000000000 2276.0000000000
0.0000000000 1.0000000000 0.0000000000 -623.2000000000
-1.0000000000 0.0000000000 0.0000000000 1880.0000000000
0.0000000000 0.0000000000 0.0000000000 1.0000000000

0.0000000000 0.0000000000 1.0000000000 2276.0000000000
0.0000000000 1.0000000000 0.0000000000 -623.6000000000
-1.0000000000 0.0000000000 0.0000000000 1880.0000000000
0.0000000000 0.0000000000 0.0000000000 1.0000000000

0.0000000000 0.0000000000 1.0000000000 2276.0000000000
0.0000000000 1.0000000000 0.0000000000 -624.0000000000
-1.0000000000 0.0000000000 0.0000000000 1880.0000000000
0.0000000000 0.0000000000 0.0000000000 1.0000000000

0.0000000000 0.0000000000 1.0000000000 2276.0000000000
0.0000000000 1.0000000000 0.0000000000 -624.4000000000
-1.0000000000 0.0000000000 0.0000000000 1880.0000000000
0.0000000000 0.0000000000 0.0000000000 1.0000000000

0.0000000000 0.0000000000 1.0000000000 2276.0000000000
0.0000000000 1.0000000000 0.0000000000 -624.8000000000
-1.0000000000 0.0000000000 0.0000000000 1880.0000000000
0.0000000000 0.0000000000 0.0000000000 1.0000000000

0.0000000000 0.0000000000 1.0000000000 2276.0000000000
0.0000000000 1.0000000000 0.0000000000 -625.2000000000
-1.0000000000 0.0000000000 0.0000000000 1880.0000000000
0.0000000000 0.0000000000 0.0000000000 1.0000000000

0.0000000000 0.0000000000 1.0000000000 2276.0000000000
0.0000000000 1.0000000000 0.0000000000 -625.6000000000
-1.0000000000 0.0000000000 0.0000000000 1880.0000000000
0.0000000000 0.0000000000 0.0000000000 1.0000000000

0.0000000000 0.0000000000 1.0000000000 2276.0000000000
0.0000000000 1.0000000000 0.0000000000 -626.0000000000
-1.0000000000 0.0000000000 0.0000000000 1880.0000000000
0.0000000000 0.0000000000 0.0000000000 1.0000000000

0.0000000000 0.0000000000 1.0000000000 2276.0000000000
0.0000000000 1.0000000000 0.0000000000 -626.4000000000
-1.0000000000 0.0000000000 0.0000000000 1880.0000000000
0.0000000000 0.0000000000 0.0000000000 1.0000000000

0.0000000000 0.0000000000 1.0000000000 2276.0000000000
0.0000000000 1.0000000000 0.0000000000 -626.8000000000
-1.0000000000 0.0000000000 0.0000000000 1880.0000000000
0.0000000000 0.0000000000 0.0000000000 1.0000000000

0.0000000000 0.0000000000 1.0000000000 2276.0000000000
0.0000000000 1.0000000000 0.0000000000 -627.2000000000
-1.0000000000 0.0000000000 0.0000000000 1880.0000000000
0.0000000000 0.0000000000 0.0000000000 1.0000000000

0.0000000000 0.0000000000 1.0000000000 2276.0000000000
0.0000000000 1.0000000000 0.0000000000 -627.6000000000
-1.0000000000 0.0000000000 0.0000000000 1880.0000000000
0.0000000000 0.0000000000 0.0000000000 1.0000000000

0.0000000000 0.0000000000 1.0000000000 2276.0000000000
0.0000000000 1.0000000000 0.0000000000 -628.0000000000
-1.0000000000 0.0000000000 0.0000000000 1880.0000000000
0.0000000000 0.0000000000 0.0000000000 1.0000000000

0.0000000000 0.0000000000 1.0000000000 2276.0000000000
0.0000000000 1.0000000000 0.0000000000 -628.4000000000
-1.0000000000 0.0000000000 0.0000000000 1880.0000000000
0.0000000000 0.0000000000 0.0000000000 1.0000000000

0.0000000000 0.0000000000 1.0000000000 2276.0000000000
0.0000000000 1.0000000000 0.0000000000 -628.8000000000
-1.0000000000 0.0000000000 0.0000000000 1880.0000000000
0.0000000000 0.0000000000 0.0000000000 1.0000000000

0.0000000000 0.0000000000 1.0000000000 2276.0000000000
0.0000000000 1.0000000000 0.0000000000 -629.2000000000
-1.0000000000 0.0000000000 0.0000000000 1880.0000000000
0.0000000000 0.0000000000 0.0000000000 1.0000000000

0.0000000000 0.0000000000 1.0000000000 2276.0000000000
0.0000000000 1.0000000000 0.0000000000 -629.6000000000
-1.0000000000 0.0000000000 0.0000000000 1880.0000000000
0.0000000000 0.0000000000 0.0000000000 1.0000000000

0.0000000000 0.0000000000 1.0000000000 2276.0000000000
0.0000000000 1.0000000000 0.0000000000 -630.0000000000
-1.0000000000 0.0000000000 0.0000000000 1880.0000000000
0.0000000000 0.0000000000 0.0000000000 1.0000000000

0.0000000000 0.0000000000 1.0000000000 2276.0000000000
0.0000000000 1.0000000000 0.0000000000 -630.4000000000
-1.0000000000 0.0000000000 0.0000000000 1880.0000000000
0.0000000000 0.0000000000 0.0000000000 1.0000000000

0.0000000000 0.0000000000 1.0000000000 2276.0000000000
0.0000000000 1.0000000000 0.0000000000 -630.8000000000
-1.0000000000 0.0000000000 0.0000000000 1880.0000000000
0.0000000000 0.0000000000 0.0000000000 1.0000000000

0.0000000000 0.0000000000 1.0000000000 2276.0000000000
0.0000000000 1.0000000000 0.0000000000 -631.2000000000
-1.0000000000 0.0000000000 0.0000000000 1880.0000000000
0.0000000000 0.0000000000 0.0000000000 1.0000000000

0.0000000000 0.0000000000 1.0000000000 2276.0000000000
0.0000000000 1.0000000000 0.0000000000 -631.6000000000
-1.0000000000 0.0000000000 0.0000000000 1880.0000000000
0.0000000000 0.0000000000 0.0000000000 1.0000000000

0.0000000000 0.0000000000 1.0000000000 2276.0000000000
0.0000000000 1.0000000000 0.0000000000 -632.0000000000
-1.0000000000 0.0000000000 0.0000000000 1880.0000000000
0.0000000000 0.0000000000 0.0000000000 1.0000000000

0.0000000000 0.0000000000 1.0000000000 2276.0000000000
0.0000000000 1.0000000000 0.0000000000 -632.4000000000
-1.0000000000 0.0000000000 0.0000000000 1880.0000000000
0.0000000000 0.0000000000 0.0000000000 1.0000000000

0.0000000000 0.0000000000 1.0000000000 2276.0000000000
0.0000000000 1.0000000000 0.0000000000 -632.8000000000
-1.0000000000 0.0000000000 0.0000000000 1880.0000000000
0.0000000000 0.0000000000 0.0000000000 1.0000000000

0.0000000000 0.0000000000 1.0000000000 2276.0000000000
0.0000000000 1.0000000000 0.0000000000 -633.2000000000
-1.0000000000 0.0000000000 0.0000000000 1880.0000000000
0.0000000000 0.0000000000 0.0000000000 1.0000000000

0.0000000000 0.0000000000 1.0000000000 2276.0000000000
0.0000000000 1.0000000000 0.0000000000 -633.6000000000
-1.0000000000 0.0000000000 0.0000000000 1880.0000000000
0.0000000000 0.0000000000 0.0000000000 1.0000000000

0.0000000000 0.0000000000 1.0000000000 2276.0000000000
0.0000000000 1.0000000000 0.0000000000 -634.0000000000
-1.0000000000 0.0000000000 0.0000000000 1880.0000000000
0.0000000000 0.0000000000 0.0000000000 1.0000000000

0.0000000000 0.0000000000 1.0000000000 2276.0000000000
0.0000000000 1.0000000000 0.0000000000 -634.4000000000
-1.0000000000 0.0000000000 0.0000000000 1880.0000000000
0.0000000000 0.0000000000 0.0000000000 1.0000000000

0.0000000000 0.0000000000 1.0000000000 2276.0000000000
0.0000000000 1.0000000000 0.0000000000 -634.8000000000
-1.0000000000 0.0000000000 0.0000000000 1880.0000000000
0.0000000000 0.0000000000 0.0000000000 1.0000000000

0.0000000000 0.0000000000 1.0000000000 2276.0000000000
0.0000000000 1.0000000000 0.0000000000 -635.2000000000
-1.0000000000 0.0000000000 0.0000000000 1880.0000000000
0.0000000000 0.0000000000 0.0000000000 1.0000000000

0.0000000000 0.0000000000 1.0000000000 2276.0000000000
0.0000000000 1.0000000000 0.0000000000 -635.6000000000
-1.0000000000 0.0000000000 0.0000000000 1880.0000000000
0.0000000000 0.0000000000 0.0000000000 1.0000000000

0.0000000000 0.0000000000 1.0000000000 2276.0000000000
0.0000000000 1.0000000000 0.0000000000 -636.0000000000
-1.0000000000 0.0000000000 0.0000000000 1880.0000000000
0.0000000000 0.0000000000 0.0000000000 1.0000000000

0.0000000000 0.0000000000 1.0000000000 2276.0000000000
0.0000000000 1.0000000000 0.0000000000 -636.4000000000
-1.0000000000 0.0000000000 0.0000000000 1880.0000000000
0.0000000000 0.0000000000 0.0000000000 1.0000000000

0.0000000000 0.0000000000 1.0000000000 2276.0000000000
0.0000000000 1.0000000000 0.0000000000 -636.8000000000
-1.0000000000 0.0000000000 0.0000000000 1880.0000000000
0.0000000000 0.0000000000 0.0000000000 1.0000000000

0.0000000000 0.0000000000 1.0000000000 2276.0000000000
0.0000000000 1.0000000000 0.0000000000 -637.2000000000
-1.0000000000 0.0000000000 0.0000000000 1880.0000000000
0.0000000000 0.0000000000 0.0000000000 1.0000000000

0.0000000000 0.0000000000 1.0000000000 2276.0000000000
0.0000000000 1.0000000000 0.0000000000 -637.6000000000
-1.0000000000 0.0000000000 0.0000000000 1880.0000000000
0.0000000000 0.0000000000 0.0000000000 1.0000000000

0.0000000000 0.0000000000 1.0000000000 2276.0000000000
0.0000000000 1.0000000000 0.0000000000 -638.0000000000
-1.0000000000 0.0000000000 0.0000000000 1880.0000000000
0.0000000000 0.0000000000 0.0000000000 1.0000000000

0.0000000000 0.0000000000 1.0000000000 2276.0000000000
0.0000000000 1.0000000000 0.0000000000 -638.4000000000
-1.0000000000 0.0000000000 0.0000000000 1880.0000000000
0.0000000000 0.0000000000 0.0000000000 1.0000000000

0.0000000000 0.0000000000 1.0000000000 2276.0000000000
0.0000000000 1.0000000000 0.0000000000 -638.8000000000
-1.0000000000 0.0000000000 0.0000000000 1880.0000000000
0.0000000000 0.0000000000 0.0000000000 1.0000000000

0.0000000000 0.0000000000 1.0000000000 2276.0000000000
0.0000000000 1.0000000000 0.0000000000 -639.2000000000
-1.0000000000 0.0000000000 0.0000000000 1880.0000000000
0.0000000000 0.0000000000 0.0000000000 1.0000000000

0.0000000000 0.0000000000 1.0000000000 2276.0000000000
0.0000000000 1.0000000000 0.0000000000 -639.6000000000
-1.0000000000 0.0000000000 0.0000000000 1880.0000000000
0.0000000000 0.0000000000 0.0000000000 1.0000000000

0.0000000000 0.0000000000 1.0000000000 2276.0000000000
0.0000000000 1.0000000000 0.0000000000 -640.0000000000
-1.0000000000 0.0000000000 0.0000000000 1880.0000000000
0.0000000000 0.0000000000 0.0000000000 1.0000000000

0.0000000000 0.0000000000 1.0000000000 2276.0000000000
0.0000000000 1.0000000000 0.0000000000 -640.4000000000
-1.0000000000 0.0000000000 0.0000000000 1880.0000000000
0.0000000000 0.0000000000 0.0000000000 1.0000000000

0.0000000000 0.0000000000 1.0000000000 2276.0000000000
0.0000000000 1.0000000000 0.0000000000 -640.8000000000
-1.0000000000 0.0000000000 0.0000000000 1880.0000000000
0.0000000000 0.0000000000 0.0000000000 1.0000000000

0.0000000000 0.0000000000 1.0000000000 2276.0000000000
0.0000000000 1.0000000000 0.0000000000 -641.2000000000
-1.0000000000 0.0000000000 0.0000000000 1880.0000000000
0.0000000000 0.0000000000 0.0000000000 1.0000000000

0.0000000000 0.0000000000 1.0000000000 2276.0000000000
0.0000000000 1.0000000000 0.0000000000 -641.6000000000
-1.0000000000 0.0000000000 0.0000000000 1880.0000000000
0.0000000000 0.0000000000 0.0000000000 1.0000000000

0.0000000000 0.0000000000 1.0000000000 2276.0000000000
0.0000000000 1.0000000000 0.0000000000 -642.0000000000
-1.0000000000 0.0000000000 0.0000000000 1880.0000000000
0.0000000000 0.0000000000 0.0000000000 1.0000000000

0.0000000000 0.0000000000 1.0000000000 2276.0000000000
0.0000000000 1.0000000000 0.0000000000 -642.4000000000
-1.0000000000 0.0000000000 0.0000000000 1880.0000000000
0.0000000000 0.0000000000 0.0000000000 1.0000000000

0.0000000000 0.0000000000 1.0000000000 2276.0000000000
0.0000000000 1.0000000000 0.0000000000 -642.8000000000
-1.0000000000 0.0000000000 0.0000000000 1880.0000000000
0.0000000000 0.0000000000 0.0000000000 1.0000000000

0.0000000000 0.0000000000 1.0000000000 2276.0000000000
0.0000000000 1.0000000000 0.0000000000 -643.2000000000
-1.0000000000 0.0000000000 0.0000000000 1880.0000000000
0.0000000000 0.0000000000 0.0000000000 1.0000000000

0.0000000000 0.0000000000 1.0000000000 2276.0000000000
0.0000000000 1.0000000000 0.0000000000 -643.6000000000
-1.0000000000 0.0000000000 0.0000000000 1880.0000000000
0.0000000000 0.0000000000 0.0000000000 1.0000000000

0.0000000000 0.0000000000 1.0000000000 2276.0000000000
0.0000000000 1.0000000000 0.0000000000 -644.0000000000
-1.0000000000 0.0000000000 0.0000000000 1880.0000000000
0.0000000000 0.0000000000 0.0000000000 1.0000000000

0.0000000000 0.0000000000 1.0000000000 2276.0000000000
0.0000000000 1.0000000000 0.0000000000 -644.4000000000
-1.0000000000 0.0000000000 0.0000000000 1880.0000000000
0.0000000000 0.0000000000 0.0000000000 1.0000000000

0.0000000000 0.0000000000 1.0000000000 2276.0000000000
0.0000000000 1.0000000000 0.0000000000 -644.8000000000
-1.0000000000 0.0000000000 0.0000000000 1880.0000000000
0.0000000000 0.0000000000 0.0000000000 1.0000000000

0.0000000000 0.0000000000 1.0000000000 2276.0000000000
0.0000000000 1.0000000000 0.0000000000 -645.2000000000
-1.0000000000 0.0000000000 0.0000000000 1880.0000000000
0.0000000000 0.0000000000 0.0000000000 1.0000000000

0.0000000000 0.0000000000 1.0000000000 2276.0000000000
0.0000000000 1.0000000000 0.0000000000 -645.6000000000
-1.0000000000 0.0000000000 0.0000000000 1880.0000000000
0.0000000000 0.0000000000 0.0000000000 1.0000000000

0.0000000000 0.0000000000 1.0000000000 2276.0000000000
0.0000000000 1.0000000000 0.0000000000 -646.0000000000
-1.0000000000 0.0000000000 0.0000000000 1880.0000000000
0.0000000000 0.0000000000 0.0000000000 1.0000000000

0.0000000000 0.0000000000 1.0000000000 2276.0000000000
0.0000000000 1.0000000000 0.0000000000 -646.4000000000
-1.0000000000 0.0000000000 0.0000000000 1880.0000000000
0.0000000000 0.0000000000 0.0000000000 1.0000000000

0.0000000000 0.0000000000 1.0000000000 2276.0000000000
0.0000000000 1.0000000000 0.0000000000 -646.8000000000
-1.0000000000 0.0000000000 0.0000000000 1880.0000000000
0.0000000000 0.0000000000 0.0000000000 1.0000000000

0.0000000000 0.0000000000 1.0000000000 2276.0000000000
0.0000000000 1.0000000000 0.0000000000 -647.2000000000
-1.0000000000 0.0000000000 0.0000000000 1880.0000000000
0.0000000000 0.0000000000 0.0000000000 1.0000000000

0.0000000000 0.0000000000 1.0000000000 2276.0000000000
0.0000000000 1.0000000000 0.0000000000 -647.6000000000
-1.0000000000 0.0000000000 0.0000000000 1880.0000000000
0.0000000000 0.0000000000 0.0000000000 1.0000000000

0.0000000000 0.0000000000 1.0000000000 2276.0000000000
0.0000000000 1.0000000000 0.0000000000 -648.0000000000
-1.0000000000 0.0000000000 0.0000000000 1880.0000000000
0.0000000000 0.0000000000 0.0000000000 1.0000000000

0.0000000000 0.0000000000 1.0000000000 2276.0000000000
0.0000000000 1.0000000000 0.0000000000 -648.4000000000
-1.0000000000 0.0000000000 0.0000000000 1880.0000000000
0.0000000000 0.0000000000 0.0000000000 1.0000000000

0.0000000000 0.0000000000 1.0000000000 2276.0000000000
0.0000000000 1.0000000000 0.0000000000 -648.8000000000
-1.0000000000 0.0000000000 0.0000000000 1880.0000000000
0.0000000000 0.0000000000 0.0000000000 1.0000000000

0.0000000000 0.0000000000 1.0000000000 2276.0000000000
0.0000000000 1.0000000000 0.0000000000 -649.2000000000
-1.0000000000 0.0000000000 0.0000000000 1880.0000000000
0.0000000000 0.0000000000 0.0000000000 1.0000000000

0.0000000000 0.0000000000 1.0000000000 2276.0000000000
0.0000000000 1.0000000000 0.0000000000 -649.6000000000
-1.0000000000 0.0000000000 0.0000000000 1880.0000000000
0.0000000000 0.0000000000 0.0000000000 1.0000000000

0.0000000000 0.0000000000 1.0000000000 2276.0000000000
0.0000000000 1.0000000000 0.0000000000 -650.0000000000
-1.0000000000 0.0000000000 0.0000000000 1880.0000000000
0.0000000000 0.0000000000 0.0000000000 1.0000000000

0.0000000000 0.0000000000 1.0000000000 2276.0000000000
0.0000000000 1.0000000000 0.0000000000 -650.4000000000
-1.0000000000 0.0000000000 0.0000000000 1880.0000000000
0.0000000000 0.0000000000 0.0000000000 1.0000000000

0.0000000000 0.0000000000 1.0000000000 2276.0000000000
0.0000000000 1.0000000000 0.0000000000 -650.8000000000
-1.0000000000 0.0000000000 0.0000000000 1880.0000000000
0.0000000000 0.0000000000 0.0000000000 1.0000000000

0.0000000000 0.0000000000 1.0000000000 2276.0000000000
0.0000000000 1.0000000000 0.0000000000 -651.2000000000
-1.0000000000 0.0000000000 0.0000000000 1880.0000000000
0.0000000000 0.0000000000 0.0000000000 1.0000000000

0.0000000000 0.0000000000 1.0000000000 2276.0000000000
0.0000000000 1.0000000000 0.0000000000 -651.6000000000
-1.0000000000 0.0000000000 0.0000000000 1880.0000000000
0.0000000000 0.0000000000 0.0000000000 1.0000000000

0.0000000000 0.0000000000 1.0000000000 2276.0000000000
0.0000000000 1.0000000000 0.0000000000 -652.0000000000
-1.0000000000 0.0000000000 0.0000000000 1880.0000000000
0.0000000000 0.0000000000 0.0000000000 1.0000000000

0.0000000000 0.0000000000 1.0000000000 2276.0000000000
0.0000000000 1.0000000000 0.0000000000 -652.4000000000
-1.0000000000 0.0000000000 0.0000000000 1880.0000000000
0.0000000000 0.0000000000 0.0000000000 1.0000000000

0.0000000000 0.0000000000 1.0000000000 2276.0000000000
0.0000000000 1.0000000000 0.0000000000 -652.8000000000
-1.0000000000 0.0000000000 0.0000000000 1880.0000000000
0.0000000000 0.0000000000 0.0000000000 1.0000000000

0.0000000000 0.0000000000 1.0000000000 2276.0000000000
0.0000000000 1.0000000000 0.0000000000 -653.2000000000
-1.0000000000 0.0000000000 0.0000000000 1880.0000000000
0.0000000000 0.0000000000 0.0000000000 1.0000000000

0.0000000000 0.0000000000 1.0000000000 2276.0000000000
0.0000000000 1.0000000000 0.0000000000 -653.6000000000
-1.0000000000 0.0000000000 0.0000000000 1880.0000000000
0.0000000000 0.0000000000 0.0000000000 1.0000000000

0.0000000000 0.0000000000 1.0000000000 2276.0000000000
0.0000000000 1.0000000000 0.0000000000 -654.0000000000
-1.0000000000 0.0000000000 0.0000000000 1880.0000000000
0.0000000000 0.0000000000 0.0000000000 1.0000000000

0.0000000000 0.0000000000 1.0000000000 2276.0000000000
0.0000000000 1.0000000000 0.0000000000 -654.4000000000
-1.0000000000 0.0000000000 0.0000000000 1880.0000000000
0.0000000000 0.0000000000 0.0000000000 1.0000000000

0.0000000000 0.0000000000 1.0000000000 2276.0000000000
0.0000000000 1.0000000000 0.0000000000 -654.8000000000
-1.0000000000 0.0000000000 0.0000000000 1880.0000000000
0.0000000000 0.0000000000 0.0000000000 1.0000000000

0.0000000000 0.0000000000 1.0000000000 2276.0000000000
0.0000000000 1.0000000000 0.0000000000 -655.2000000000
-1.0000000000 0.0000000000 0.0000000000 1880.0000000000
0.0000000000 0.0000000000 0.0000000000 1.0000000000

0.0000000000 0.0000000000 1.0000000000 2276.0000000000
0.0000000000 1.0000000000 0.0000000000 -655.6000000000
-1.0000000000 0.0000000000 0.0000000000 1880.0000000000
0.0000000000 0.0000000000 0.0000000000 1.0000000000

0.0000000000 0.0000000000 1.0000000000 2276.0000000000
0.0000000000 1.0000000000 0.0000000000 -656.0000000000
-1.0000000000 0.0000000000 0.0000000000 1880.0000000000
0.0000000000 0.0000000000 0.0000000000 1.0000000000

0.0000000000 0.0000000000 1.0000000000 2276.0000000000
0.0000000000 1.0000000000 0.0000000000 -656.4000000000
-1.0000000000 0.0000000000 0.0000000000 1880.0000000000
0.0000000000 0.0000000000 0.0000000000 1.0000000000

0.0000000000 0.0000000000 1.0000000000 2276.0000000000
0.0000000000 1.0000000000 0.0000000000 -656.8000000000
-1.0000000000 0.0000000000 0.0000000000 1880.0000000000
0.0000000000 0.0000000000 0.0000000000 1.0000000000

0.0000000000 0.0000000000 1.0000000000 2276.0000000000
0.0000000000 1.0000000000 0.0000000000 -657.2000000000
-1.0000000000 0.0000000000 0.0000000000 1880.0000000000
0.0000000000 0.0000000000 0.0000000000 1.0000000000

0.0000000000 0.0000000000 1.0000000000 2276.0000000000
0.0000000000 1.0000000000 0.0000000000 -657.6000000000
-1.0000000000 0.0000000000 0.0000000000 1880.0000000000
0.0000000000 0.0000000000 0.0000000000 1.0000000000

0.0000000000 0.0000000000 1.0000000000 2276.0000000000
0.0000000000 1.0000000000 0.0000000000 -658.0000000000
-1.0000000000 0.0000000000 0.0000000000 1880.0000000000
0.0000000000 0.0000000000 0.0000000000 1.0000000000

0.0000000000 0.0000000000 1.0000000000 2276.0000000000
0.0000000000 1.0000000000 0.0000000000 -658.4000000000
-1.0000000000 0.0000000000 0.0000000000 1880.0000000000
0.0000000000 0.0000000000 0.0000000000 1.0000000000

0.0000000000 0.0000000000 1.0000000000 2276.0000000000
0.0000000000 1.0000000000 0.0000000000 -658.8000000000
-1.0000000000 0.0000000000 0.0000000000 1880.0000000000
0.0000000000 0.0000000000 0.0000000000 1.0000000000

0.0000000000 0.0000000000 1.0000000000 2276.0000000000
0.0000000000 1.0000000000 0.0000000000 -659.2000000000
-1.0000000000 0.0000000000 0.0000000000 1880.0000000000
0.0000000000 0.0000000000 0.0000000000 1.0000000000

0.0000000000 0.0000000000 1.0000000000 2276.0000000000
0.0000000000 1.0000000000 0.0000000000 -659.6000000000
-1.0000000000 0.0000000000 0.0000000000 1880.0000000000
0.0000000000 0.0000000000 0.0000000000 1.0000000000

0.0000000000 0.0000000000 1.0000000000 2276.0000000000
0.0000000000 1.0000000000 0.0000000000 -660.0000000000
-1.0000000000 0.0000000000 0.0000000000 1880.0000000000
0.0000000000 0.0000000000 0.0000000000 1.0000000000

0.0000000000 0.0000000000 1.0000000000 2276.0000000000
0.0000000000 1.0000000000 0.0000000000 -660.4000000000
-1.0000000000 0.0000000000 0.0000000000 1880.0000000000
0.0000000000 0.0000000000 0.0000000000 1.0000000000

0.0000000000 0.0000000000 1.0000000000 2276.0000000000
0.0000000000 1.0000000000 0.0000000000 -660.8000000000
-1.0000000000 0.0000000000 0.0000000000 1880.0000000000
0.0000000000 0.0000000000 0.0000000000 1.0000000000

0.0000000000 0.0000000000 1.0000000000 2276.0000000000
0.0000000000 1.0000000000 0.0000000000 -661.2000000000
-1.0000000000 0.0000000000 0.0000000000 1880.0000000000
0.0000000000 0.0000000000 0.0000000000 1.0000000000

0.0000000000 0.0000000000 1.0000000000 2276.0000000000
0.0000000000 1.0000000000 0.0000000000 -661.6000000000
-1.0000000000 0.0000000000 0.0000000000 1880.0000000000
0.0000000000 0.0000000000 0.0000000000 1.0000000000

0.0000000000 0.0000000000 1.0000000000 2276.0000000000
0.0000000000 1.0000000000 0.0000000000 -662.0000000000
-1.0000000000 0.0000000000 0.0000000000 1880.0000000000
0.0000000000 0.0000000000 0.0000000000 1.0000000000

0.0000000000 0.0000000000 1.0000000000 2276.0000000000
0.0000000000 1.0000000000 0.0000000000 -662.4000000000
-1.0000000000 0.0000000000 0.0000000000 1880.0000000000
0.0000000000 0.0000000000 0.0000000000 1.0000000000

0.0000000000 0.0000000000 1.0000000000 2276.0000000000
0.0000000000 1.0000000000 0.0000000000 -662.8000000000
-1.0000000000 0.0000000000 0.0000000000 1880.0000000000
0.0000000000 0.0000000000 0.0000000000 1.0000000000

0.0000000000 0.0000000000 1.0000000000 2276.0000000000
0.0000000000 1.0000000000 0.0000000000 -663.2000000000
-1.0000000000 0.0000000000 0.0000000000 1880.0000000000
0.0000000000 0.0000000000 0.0000000000 1.0000000000

0.0000000000 0.0000000000 1.0000000000 2276.0000000000
0.0000000000 1.0000000000 0.0000000000 -663.6000000000
-1.0000000000 0.0000000000 0.0000000000 1880.0000000000
0.0000000000 0.0000000000 0.0000000000 1.0000000000

0.0000000000 0.0000000000 1.0000000000 2276.0000000000
0.0000000000 1.0000000000 0.0000000000 -664.0000000000
-1.0000000000 0.0000000000 0.0000000000 1880.0000000000
0.0000000000 0.0000000000 0.0000000000 1.0000000000

0.0000000000 0.0000000000 1.0000000000 2276.0000000000
0.0000000000 1.0000000000 0.0000000000 -664.4000000000
-1.0000000000 0.0000000000 0.0000000000 1880.0000000000
0.0000000000 0.0000000000 0.0000000000 1.0000000000

0.0000000000 0.0000000000 1.0000000000 2276.0000000000
0.0000000000 1.0000000000 0.0000000000 -664.8000000000
-1.0000000000 0.0000000000 0.0000000000 1880.0000000000
0.0000000000 0.0000000000 0.0000000000 1.0000000000

0.0000000000 0.0000000000 1.0000000000 2276.0000000000
0.0000000000 1.0000000000 0.0000000000 -665.2000000000
-1.0000000000 0.0000000000 0.0000000000 1880.0000000000
0.0000000000 0.0000000000 0.0000000000 1.0000000000

0.0000000000 0.0000000000 1.0000000000 2276.0000000000
0.0000000000 1.0000000000 0.0000000000 -665.6000000000
-1.0000000000 0.0000000000 0.0000000000 1880.0000000000
0.0000000000 0.0000000000 0.0000000000 1.0000000000

0.0000000000 0.0000000000 1.0000000000 2276.0000000000
0.0000000000 1.0000000000 0.0000000000 -666.0000000000
-1.0000000000 0.0000000000 0.0000000000 1880.0000000000
0.0000000000 0.0000000000 0.0000000000 1.0000000000

0.0000000000 0.0000000000 1.0000000000 2276.0000000000
0.0000000000 1.0000000000 0.0000000000 -666.4000000000
-1.0000000000 0.0000000000 0.0000000000 1880.0000000000
0.0000000000 0.0000000000 0.0000000000 1.0000000000

0.0000000000 0.0000000000 1.0000000000 2276.0000000000
0.0000000000 1.0000000000 0.0000000000 -666.8000000000
-1.0000000000 0.0000000000 0.0000000000 1880.0000000000
0.0000000000 0.0000000000 0.0000000000 1.0000000000

0.0000000000 0.0000000000 1.0000000000 2276.0000000000
0.0000000000 1.0000000000 0.0000000000 -667.2000000000
-1.0000000000 0.0000000000 0.0000000000 1880.0000000000
0.0000000000 0.0000000000 0.0000000000 1.0000000000

0.0000000000 0.0000000000 1.0000000000 2276.0000000000
0.0000000000 1.0000000000 0.0000000000 -667.6000000000
-1.0000000000 0.0000000000 0.0000000000 1880.0000000000
0.0000000000 0.0000000000 0.0000000000 1.0000000000

0.0000000000 0.0000000000 1.0000000000 2276.0000000000
0.0000000000 1.0000000000 0.0000000000 -668.0000000000
-1.0000000000 0.0000000000 0.0000000000 1880.0000000000
0.0000000000 0.0000000000 0.0000000000 1.0000000000

0.0000000000 0.0000000000 1.0000000000 2276.0000000000
0.0000000000 1.0000000000 0.0000000000 -668.4000000000
-1.0000000000 0.0000000000 0.0000000000 1880.0000000000
0.0000000000 0.0000000000 0.0000000000 1.0000000000

0.0000000000 0.0000000000 1.0000000000 2276.0000000000
0.0000000000 1.0000000000 0.0000000000 -668.8000000000
-1.0000000000 0.0000000000 0.0000000000 1880.0000000000
0.0000000000 0.0000000000 0.0000000000 1.0000000000

0.0000000000 0.0000000000 1.0000000000 2276.0000000000
0.0000000000 1.0000000000 0.0000000000 -669.2000000000
-1.0000000000 0.0000000000 0.0000000000 1880.0000000000
0.0000000000 0.0000000000 0.0000000000 1.0000000000

0.0000000000 0.0000000000 1.0000000000 2276.0000000000
0.0000000000 1.0000000000 0.0000000000 -669.6000000000
-1.0000000000 0.0000000000 0.0000000000 1880.0000000000
0.0000000000 0.0000000000 0.0000000000 1.0000000000

0.0000000000 0.0000000000 1.0000000000 2276.0000000000
0.0000000000 1.0000000000 0.0000000000 -670.0000000000
-1.0000000000 0.0000000000 0.0000000000 1880.0000000000
0.0000000000 0.0000000000 0.0000000000 1.0000000000

0.0000000000 0.0000000000 1.0000000000 2276.0000000000
0.0000000000 1.0000000000 0.0000000000 -670.4000000000
-1.0000000000 0.0000000000 0.0000000000 1880.0000000000
0.0000000000 0.0000000000 0.0000000000 1.0000000000

0.0000000000 0.0000000000 1.0000000000 2276.0000000000
0.0000000000 1.0000000000 0.0000000000 -670.8000000000
-1.0000000000 0.0000000000 0.0000000000 1880.0000000000
0.0000000000 0.0000000000 0.0000000000 1.0000000000

0.0000000000 0.0000000000 1.0000000000 2276.0000000000
0.0000000000 1.0000000000 0.0000000000 -671.2000000000
-1.0000000000 0.0000000000 0.0000000000 1880.0000000000
0.0000000000 0.0000000000 0.0000000000 1.0000000000

0.0000000000 0.0000000000 1.0000000000 2276.0000000000
0.0000000000 1.0000000000 0.0000000000 -671.6000000000
-1.0000000000 0.0000000000 0.0000000000 1880.0000000000
0.0000000000 0.0000000000 0.0000000000 1.0000000000

0.0000000000 0.0000000000 1.0000000000 2276.0000000000
0.0000000000 1.0000000000 0.0000000000 -672.0000000000
-1.0000000000 0.0000000000 0.0000000000 1880.0000000000
0.0000000000 0.0000000000 0.0000000000 1.0000000000

0.0000000000 0.0000000000 1.0000000000 2276.0000000000
0.0000000000 1.0000000000 0.0000000000 -672.4000000000
-1.0000000000 0.0000000000 0.0000000000 1880.0000000000
0.0000000000 0.0000000000 0.0000000000 1.0000000000

0.0000000000 0.0000000000 1.0000000000 2276.0000000000
0.0000000000 1.0000000000 0.0000000000 -672.8000000000
-1.0000000000 0.0000000000 0.0000000000 1880.0000000000
0.0000000000 0.0000000000 0.0000000000 1.0000000000

0.0000000000 0.0000000000 1.0000000000 2276.0000000000
0.0000000000 1.0000000000 0.0000000000 -673.2000000000
-1.0000000000 0.0000000000 0.0000000000 1880.0000000000
0.0000000000 0.0000000000 0.0000000000 1.0000000000

0.0000000000 0.0000000000 1.0000000000 2276.0000000000
0.0000000000 1.0000000000 0.0000000000 -673.6000000000
-1.0000000000 0.0000000000 0.0000000000 1880.0000000000
0.0000000000 0.0000000000 0.0000000000 1.0000000000

0.0000000000 0.0000000000 1.0000000000 2276.0000000000
0.0000000000 1.0000000000 0.0000000000 -674.0000000000
-1.0000000000 0.0000000000 0.0000000000 1880.0000000000
0.0000000000 0.0000000000 0.0000000000 1.0000000000

0.0000000000 0.0000000000 1.0000000000 2276.0000000000
0.0000000000 1.0000000000 0.0000000000 -674.4000000000
-1.0000000000 0.0000000000 0.0000000000 1880.0000000000
0.0000000000 0.0000000000 0.0000000000 1.0000000000

0.0000000000 0.0000000000 1.0000000000 2276.0000000000
0.0000000000 1.0000000000 0.0000000000 -674.8000000000
-1.0000000000 0.0000000000 0.0000000000 1880.0000000000
0.0000000000 0.0000000000 0.0000000000 1.0000000000

0.0000000000 0.0000000000 1.0000000000 2276.0000000000
0.0000000000 1.0000000000 0.0000000000 -675.2000000000
-1.0000000000 0.0000000000 0.0000000000 1880.0000000000
0.0000000000 0.0000000000 0.0000000000 1.0000000000

0.0000000000 0.0000000000 1.0000000000 2276.0000000000
0.0000000000 1.0000000000 0.0000000000 -675.6000000000
-1.0000000000 0.0000000000 0.0000000000 1880.0000000000
0.0000000000 0.0000000000 0.0000000000 1.0000000000

0.0000000000 0.0000000000 1.0000000000 2276.0000000000
0.0000000000 1.0000000000 0.0000000000 -676.0000000000
-1.0000000000 0.0000000000 0.0000000000 1880.0000000000
0.0000000000 0.0000000000 0.0000000000 1.0000000000

0.0000000000 0.0000000000 1.0000000000 2276.0000000000
0.0000000000 1.0000000000 0.0000000000 -676.4000000000
-1.0000000000 0.0000000000 0.0000000000 1880.0000000000
0.0000000000 0.0000000000 0.0000000000 1.0000000000

0.0000000000 0.0000000000 1.0000000000 2276.0000000000
0.0000000000 1.0000000000 0.0000000000 -676.8000000000
-1.0000000000 0.0000000000 0.0000000000 1880.0000000000
0.0000000000 0.0000000000 0.0000000000 1.0000000000

0.0000000000 0.0000000000 1.0000000000 2276.0000000000
0.0000000000 1.0000000000 0.0000000000 -677.2000000000
-1.0000000000 0.0000000000 0.0000000000 1880.0000000000
0.0000000000 0.0000000000 0.0000000000 1.0000000000

0.0000000000 0.0000000000 1.0000000000 2276.0000000000
0.0000000000 1.0000000000 0.0000000000 -677.6000000000
-1.0000000000 0.0000000000 0.0000000000 1880.0000000000
0.0000000000 0.0000000000 0.0000000000 1.0000000000

0.0000000000 0.0000000000 1.0000000000 2276.0000000000
0.0000000000 1.0000000000 0.0000000000 -678.0000000000
-1.0000000000 0.0000000000 0.0000000000 1880.0000000000
0.0000000000 0.0000000000 0.0000000000 1.0000000000

0.0000000000 0.0000000000 1.0000000000 2276.0000000000
0.0000000000 1.0000000000 0.0000000000 -678.4000000000
-1.0000000000 0.0000000000 0.0000000000 1880.0000000000
0.0000000000 0.0000000000 0.0000000000 1.0000000000

0.0000000000 0.0000000000 1.0000000000 2276.0000000000
0.0000000000 1.0000000000 0.0000000000 -678.8000000000
-1.0000000000 0.0000000000 0.0000000000 1880.0000000000
0.0000000000 0.0000000000 0.0000000000 1.0000000000

0.0000000000 0.0000000000 1.0000000000 2276.0000000000
0.0000000000 1.0000000000 0.0000000000 -679.2000000000
-1.0000000000 0.0000000000 0.0000000000 1880.0000000000
0.0000000000 0.0000000000 0.0000000000 1.0000000000

0.0000000000 0.0000000000 1.0000000000 2276.0000000000
0.0000000000 1.0000000000 0.0000000000 -679.6000000000
-1.0000000000 0.0000000000 0.0000000000 1880.0000000000
0.0000000000 0.0000000000 0.0000000000 1.0000000000

0.0000000000 0.0000000000 1.0000000000 2276.0000000000
0.0000000000 1.0000000000 0.0000000000 -680.0000000000
-1.0000000000 0.0000000000 0.0000000000 1880.0000000000
0.0000000000 0.0000000000 0.0000000000 1.0000000000

0.0000000000 0.0000000000 1.0000000000 2276.0000000000
0.0000000000 1.0000000000 0.0000000000 -680.4000000000
-1.0000000000 0.0000000000 0.0000000000 1880.0000000000
0.0000000000 0.0000000000 0.0000000000 1.0000000000

0.0000000000 0.0000000000 1.0000000000 2276.0000000000
0.0000000000 1.0000000000 0.0000000000 -680.8000000000
-1.0000000000 0.0000000000 0.0000000000 1880.0000000000
0.0000000000 0.0000000000 0.0000000000 1.0000000000

0.0000000000 0.0000000000 1.0000000000 2276.0000000000
0.0000000000 1.0000000000 0.0000000000 -681.2000000000
-1.0000000000 0.0000000000 0.0000000000 1880.0000000000
0.0000000000 0.0000000000 0.0000000000 1.0000000000

0.0000000000 0.0000000000 1.0000000000 2276.0000000000
0.0000000000 1.0000000000 0.0000000000 -681.6000000000
-1.0000000000 0.0000000000 0.0000000000 1880.0000000000
0.0000000000 0.0000000000 0.0000000000 1.0000000000

0.0000000000 0.0000000000 1.0000000000 2276.0000000000
0.0000000000 1.0000000000 0.0000000000 -682.0000000000
-1.0000000000 0.0000000000 0.0000000000 1880.0000000000
0.0000000000 0.0000000000 0.0000000000 1.0000000000

0.0000000000 0.0000000000 1.0000000000 2276.0000000000
0.0000000000 1.0000000000 0.0000000000 -682.4000000000
-1.0000000000 0.0000000000 0.0000000000 1880.0000000000
0.0000000000 0.0000000000 0.0000000000 1.0000000000

0.0000000000 0.0000000000 1.0000000000 2276.0000000000
0.0000000000 1.0000000000 0.0000000000 -682.8000000000
-1.0000000000 0.0000000000 0.0000000000 1880.0000000000
0.0000000000 0.0000000000 0.0000000000 1.0000000000

0.0000000000 0.0000000000 1.0000000000 2276.0000000000
0.0000000000 1.0000000000 0.0000000000 -683.2000000000
-1.0000000000 0.0000000000 0.0000000000 1880.0000000000
0.0000000000 0.0000000000 0.0000000000 1.0000000000

0.0000000000 0.0000000000 1.0000000000 2276.0000000000
0.0000000000 1.0000000000 0.0000000000 -683.6000000000
-1.0000000000 0.0000000000 0.0000000000 1880.0000000000
0.0000000000 0.0000000000 0.0000000000 1.0000000000

0.0000000000 0.0000000000 1.0000000000 2276.0000000000
0.0000000000 1.0000000000 0.0000000000 -684.0000000000
-1.0000000000 0.0000000000 0.0000000000 1880.0000000000
0.0000000000 0.0000000000 0.0000000000 1.0000000000

0.0000000000 0.0000000000 1.0000000000 2276.0000000000
0.0000000000 1.0000000000 0.0000000000 -684.4000000000
-1.0000000000 0.0000000000 0.0000000000 1880.0000000000
0.0000000000 0.0000000000 0.0000000000 1.0000000000

0.0000000000 0.0000000000 1.0000000000 2276.0000000000
0.0000000000 1.0000000000 0.0000000000 -684.8000000000
-1.0000000000 0.0000000000 0.0000000000 1880.0000000000
0.0000000000 0.0000000000 0.0000000000 1.0000000000

0.0000000000 0.0000000000 1.0000000000 2276.0000000000
0.0000000000 1.0000000000 0.0000000000 -685.2000000000
-1.0000000000 0.0000000000 0.0000000000 1880.0000000000
0.0000000000 0.0000000000 0.0000000000 1.0000000000

0.0000000000 0.0000000000 1.0000000000 2276.0000000000
0.0000000000 1.0000000000 0.0000000000 -685.6000000000
-1.0000000000 0.0000000000 0.0000000000 1880.0000000000
0.0000000000 0.0000000000 0.0000000000 1.0000000000

0.0000000000 0.0000000000 1.0000000000 2276.0000000000
0.0000000000 1.0000000000 0.0000000000 -686.0000000000
-1.0000000000 0.0000000000 0.0000000000 1880.0000000000
0.0000000000 0.0000000000 0.0000000000 1.0000000000

0.0000000000 0.0000000000 1.0000000000 2276.0000000000
0.0000000000 1.0000000000 0.0000000000 -686.4000000000
-1.0000000000 0.0000000000 0.0000000000 1880.0000000000
0.0000000000 0.0000000000 0.0000000000 1.0000000000

0.0000000000 0.0000000000 1.0000000000 2276.0000000000
0.0000000000 1.0000000000 0.0000000000 -686.8000000000
-1.0000000000 0.0000000000 0.0000000000 1880.0000000000
0.0000000000 0.0000000000 0.0000000000 1.0000000000

0.0000000000 0.0000000000 1.0000000000 2276.0000000000
0.0000000000 1.0000000000 0.0000000000 -687.2000000000
-1.0000000000 0.0000000000 0.0000000000 1880.0000000000
0.0000000000 0.0000000000 0.0000000000 1.0000000000

0.0000000000 0.0000000000 1.0000000000 2276.0000000000
0.0000000000 1.0000000000 0.0000000000 -687.6000000000
-1.0000000000 0.0000000000 0.0000000000 1880.0000000000
0.0000000000 0.0000000000 0.0000000000 1.0000000000

0.0000000000 0.0000000000 1.0000000000 2276.0000000000
0.0000000000 1.0000000000 0.0000000000 -688.0000000000
-1.0000000000 0.0000000000 0.0000000000 1880.0000000000
0.0000000000 0.0000000000 0.0000000000 1.0000000000

0.0000000000 0.0000000000 1.0000000000 2276.0000000000
0.0000000000 1.0000000000 0.0000000000 -688.4000000000
-1.0000000000 0.0000000000 0.0000000000 1880.0000000000
0.0000000000 0.0000000000 0.0000000000 1.0000000000

0.0000000000 0.0000000000 1.0000000000 2276.0000000000
0.0000000000 1.0000000000 0.0000000000 -688.8000000000
-1.0000000000 0.0000000000 0.0000000000 1880.0000000000
0.0000000000 0.0000000000 0.0000000000 1.0000000000

0.0000000000 0.0000000000 1.0000000000 2276.0000000000
0.0000000000 1.0000000000 0.0000000000 -689.2000000000
-1.0000000000 0.0000000000 0.0000000000 1880.0000000000
0.0000000000 0.0000000000 0.0000000000 1.0000000000

0.0000000000 0.0000000000 1.0000000000 2276.0000000000
0.0000000000 1.0000000000 0.0000000000 -689.6000000000
-1.0000000000 0.0000000000 0.0000000000 1880.0000000000
0.0000000000 0.0000000000 0.0000000000 1.0000000000

0.0000000000 0.0000000000 1.0000000000 2276.0000000000
0.0000000000 1.0000000000 0.0000000000 -690.0000000000
-1.0000000000 0.0000000000 0.0000000000 1880.0000000000
0.0000000000 0.0000000000 0.0000000000 1.0000000000

0.0000000000 0.0000000000 1.0000000000 2276.0000000000
0.0000000000 1.0000000000 0.0000000000 -690.4000000000
-1.0000000000 0.0000000000 0.0000000000 1880.0000000000
0.0000000000 0.0000000000 0.0000000000 1.0000000000

0.0000000000 0.0000000000 1.0000000000 2276.0000000000
0.0000000000 1.0000000000 0.0000000000 -690.8000000000
-1.0000000000 0.0000000000 0.0000000000 1880.0000000000
0.0000000000 0.0000000000 0.0000000000 1.0000000000

0.0000000000 0.0000000000 1.0000000000 2276.0000000000
0.0000000000 1.0000000000 0.0000000000 -691.2000000000
-1.0000000000 0.0000000000 0.0000000000 1880.0000000000
0.0000000000 0.0000000000 0.0000000000 1.0000000000

0.0000000000 0.0000000000 1.0000000000 2276.0000000000
0.0000000000 1.0000000000 0.0000000000 -691.6000000000
-1.0000000000 0.0000000000 0.0000000000 1880.0000000000
0.0000000000 0.0000000000 0.0000000000 1.0000000000

0.0000000000 0.0000000000 1.0000000000 2276.0000000000
0.0000000000 1.0000000000 0.0000000000 -692.0000000000
-1.0000000000 0.0000000000 0.0000000000 1880.0000000000
0.0000000000 0.0000000000 0.0000000000 1.0000000000

0.0000000000 0.0000000000 1.0000000000 2276.0000000000
0.0000000000 1.0000000000 0.0000000000 -692.4000000000
-1.0000000000 0.0000000000 0.0000000000 1880.0000000000
0.0000000000 0.0000000000 0.0000000000 1.0000000000

0.0000000000 0.0000000000 1.0000000000 2276.0000000000
0.0000000000 1.0000000000 0.0000000000 -692.8000000000
-1.0000000000 0.0000000000 0.0000000000 1880.0000000000
0.0000000000 0.0000000000 0.0000000000 1.0000000000

0.0000000000 0.0000000000 1.0000000000 2276.0000000000
0.0000000000 1.0000000000 0.0000000000 -693.2000000000
-1.0000000000 0.0000000000 0.0000000000 1880.0000000000
0.0000000000 0.0000000000 0.0000000000 1.0000000000

0.0000000000 0.0000000000 1.0000000000 2276.0000000000
0.0000000000 1.0000000000 0.0000000000 -693.6000000000
-1.0000000000 0.0000000000 0.0000000000 1880.0000000000
0.0000000000 0.0000000000 0.0000000000 1.0000000000

0.0000000000 0.0000000000 1.0000000000 2276.0000000000
0.0000000000 1.0000000000 0.0000000000 -694.0000000000
-1.0000000000 0.0000000000 0.0000000000 1880.0000000000
0.0000000000 0.0000000000 0.0000000000 1.0000000000

0.0000000000 0.0000000000 1.0000000000 2276.0000000000
0.0000000000 1.0000000000 0.0000000000 -694.4000000000
-1.0000000000 0.0000000000 0.0000000000 1880.0000000000
0.0000000000 0.0000000000 0.0000000000 1.0000000000

0.0000000000 0.0000000000 1.0000000000 2276.0000000000
0.0000000000 1.0000000000 0.0000000000 -694.8000000000
-1.0000000000 0.0000000000 0.0000000000 1880.0000000000
0.0000000000 0.0000000000 0.0000000000 1.0000000000

0.0000000000 0.0000000000 1.0000000000 2276.0000000000
0.0000000000 1.0000000000 0.0000000000 -695.2000000000
-1.0000000000 0.0000000000 0.0000000000 1880.0000000000
0.0000000000 0.0000000000 0.0000000000 1.0000000000

0.0000000000 0.0000000000 1.0000000000 2276.0000000000
0.0000000000 1.0000000000 0.0000000000 -695.6000000000
-1.0000000000 0.0000000000 0.0000000000 1880.0000000000
0.0000000000 0.0000000000 0.0000000000 1.0000000000

0.0000000000 0.0000000000 1.0000000000 2276.0000000000
0.0000000000 1.0000000000 0.0000000000 -696.0000000000
-1.0000000000 0.0000000000 0.0000000000 1880.0000000000
0.0000000000 0.0000000000 0.0000000000 1.0000000000

0.0000000000 0.0000000000 1.0000000000 2276.0000000000
0.0000000000 1.0000000000 0.0000000000 -696.4000000000
-1.0000000000 0.0000000000 0.0000000000 1880.0000000000
0.0000000000 0.0000000000 0.0000000000 1.0000000000

0.0000000000 0.0000000000 1.0000000000 2276.0000000000
0.0000000000 1.0000000000 0.0000000000 -696.8000000000
-1.0000000000 0.0000000000 0.0000000000 1880.0000000000
0.0000000000 0.0000000000 0.0000000000 1.0000000000

0.0000000000 0.0000000000 1.0000000000 2276.0000000000
0.0000000000 1.0000000000 0.0000000000 -697.2000000000
-1.0000000000 0.0000000000 0.0000000000 1880.0000000000
0.0000000000 0.0000000000 0.0000000000 1.0000000000

0.0000000000 0.0000000000 1.0000000000 2276.0000000000
0.0000000000 1.0000000000 0.0000000000 -697.6000000000
-1.0000000000 0.0000000000 0.0000000000 1880.0000000000
0.0000000000 0.0000000000 0.0000000000 1.0000000000

0.0000000000 0.0000000000 1.0000000000 2276.0000000000
0.0000000000 1.0000000000 0.0000000000 -698.0000000000
-1.0000000000 0.0000000000 0.0000000000 1880.0000000000
0.0000000000 0.0000000000 0.0000000000 1.0000000000

0.0000000000 0.0000000000 1.0000000000 2276.0000000000
0.0000000000 1.0000000000 0.0000000000 -698.4000000000
-1.0000000000 0.0000000000 0.0000000000 1880.0000000000
0.0000000000 0.0000000000 0.0000000000 1.0000000000

0.0000000000 0.0000000000 1.0000000000 2276.0000000000
0.0000000000 1.0000000000 0.0000000000 -698.8000000000
-1.0000000000 0.0000000000 0.0000000000 1880.0000000000
0.0000000000 0.0000000000 0.0000000000 1.0000000000

0.0000000000 0.0000000000 1.0000000000 2276.0000000000
0.0000000000 1.0000000000 0.0000000000 -699.2000000000
-1.0000000000 0.0000000000 0.0000000000 1880.0000000000
0.0000000000 0.0000000000 0.0000000000 1.0000000000

0.0000000000 0.0000000000 1.0000000000 2276.0000000000
0.0000000000 1.0000000000 0.0000000000 -699.6000000000
-1.0000000000 0.0000000000 0.0000000000 1880.0000000000
0.0000000000 0.0000000000 0.0000000000 1.0000000000

0.0000000000 0.0000000000 1.0000000000 2276.0000000000
0.0000000000 1.0000000000 0.0000000000 -700.0000000000
-1.0000000000 0.0000000000 0.0000000000 1880.0000000000
0.0000000000 0.0000000000 0.0000000000 1.0000000000

0.0000000000 0.0000000000 1.0000000000 2276.0000000000
0.0000000000 1.0000000000 0.0000000000 -700.4000000000
-1.0000000000 0.0000000000 0.0000000000 1880.0000000000
0.0000000000 0.0000000000 0.0000000000 1.0000000000

0.0000000000 0.0000000000 1.0000000000 2276.0000000000
0.0000000000 1.0000000000 0.0000000000 -700.8000000000
-1.0000000000 0.0000000000 0.0000000000 1880.0000000000
0.0000000000 0.0000000000 0.0000000000 1.0000000000

0.0000000000 0.0000000000 1.0000000000 2276.0000000000
0.0000000000 1.0000000000 0.0000000000 -701.2000000000
-1.0000000000 0.0000000000 0.0000000000 1880.0000000000
0.0000000000 0.0000000000 0.0000000000 1.0000000000

0.0000000000 0.0000000000 1.0000000000 2276.0000000000
0.0000000000 1.0000000000 0.0000000000 -701.6000000000
-1.0000000000 0.0000000000 0.0000000000 1880.0000000000
0.0000000000 0.0000000000 0.0000000000 1.0000000000

0.0000000000 0.0000000000 1.0000000000 2276.0000000000
0.0000000000 1.0000000000 0.0000000000 -702.0000000000
-1.0000000000 0.0000000000 0.0000000000 1880.0000000000
0.0000000000 0.0000000000 0.0000000000 1.0000000000

0.0000000000 0.0000000000 1.0000000000 2276.0000000000
0.0000000000 1.0000000000 0.0000000000 -702.4000000000
-1.0000000000 0.0000000000 0.0000000000 1880.0000000000
0.0000000000 0.0000000000 0.0000000000 1.0000000000

0.0000000000 0.0000000000 1.0000000000 2276.0000000000
0.0000000000 1.0000000000 0.0000000000 -702.8000000000
-1.0000000000 0.0000000000 0.0000000000 1880.0000000000
0.0000000000 0.0000000000 0.0000000000 1.0000000000

0.0000000000 0.0000000000 1.0000000000 2276.0000000000
0.0000000000 1.0000000000 0.0000000000 -703.2000000000
-1.0000000000 0.0000000000 0.0000000000 1880.0000000000
0.0000000000 0.0000000000 0.0000000000 1.0000000000

0.0000000000 0.0000000000 1.0000000000 2276.0000000000
0.0000000000 1.0000000000 0.0000000000 -703.6000000000
-1.0000000000 0.0000000000 0.0000000000 1880.0000000000
0.0000000000 0.0000000000 0.0000000000 1.0000000000

0.0000000000 0.0000000000 1.0000000000 2276.0000000000
0.0000000000 1.0000000000 0.0000000000 -704.0000000000
-1.0000000000 0.0000000000 0.0000000000 1880.0000000000
0.0000000000 0.0000000000 0.0000000000 1.0000000000

0.0000000000 0.0000000000 1.0000000000 2276.0000000000
0.0000000000 1.0000000000 0.0000000000 -704.4000000000
-1.0000000000 0.0000000000 0.0000000000 1880.0000000000
0.0000000000 0.0000000000 0.0000000000 1.0000000000

0.0000000000 0.0000000000 1.0000000000 2276.0000000000
0.0000000000 1.0000000000 0.0000000000 -704.8000000000
-1.0000000000 0.0000000000 0.0000000000 1880.0000000000
0.0000000000 0.0000000000 0.0000000000 1.0000000000

0.0000000000 0.0000000000 1.0000000000 2276.0000000000
0.0000000000 1.0000000000 0.0000000000 -705.2000000000
-1.0000000000 0.0000000000 0.0000000000 1880.0000000000
0.0000000000 0.0000000000 0.0000000000 1.0000000000

0.0000000000 0.0000000000 1.0000000000 2276.0000000000
0.0000000000 1.0000000000 0.0000000000 -705.6000000000
-1.0000000000 0.0000000000 0.0000000000 1880.0000000000
0.0000000000 0.0000000000 0.0000000000 1.0000000000

0.0000000000 0.0000000000 1.0000000000 2276.0000000000
0.0000000000 1.0000000000 0.0000000000 -706.0000000000
-1.0000000000 0.0000000000 0.0000000000 1880.0000000000
0.0000000000 0.0000000000 0.0000000000 1.0000000000

0.0000000000 0.0000000000 1.0000000000 2276.0000000000
0.0000000000 1.0000000000 0.0000000000 -706.4000000000
-1.0000000000 0.0000000000 0.0000000000 1880.0000000000
0.0000000000 0.0000000000 0.0000000000 1.0000000000

0.0000000000 0.0000000000 1.0000000000 2276.0000000000
0.0000000000 1.0000000000 0.0000000000 -706.8000000000
-1.0000000000 0.0000000000 0.0000000000 1880.0000000000
0.0000000000 0.0000000000 0.0000000000 1.0000000000

0.0000000000 0.0000000000 1.0000000000 2276.0000000000
0.0000000000 1.0000000000 0.0000000000 -707.2000000000
-1.0000000000 0.0000000000 0.0000000000 1880.0000000000
0.0000000000 0.0000000000 0.0000000000 1.0000000000

0.0000000000 0.0000000000 1.0000000000 2276.0000000000
0.0000000000 1.0000000000 0.0000000000 -707.6000000000
-1.0000000000 0.0000000000 0.0000000000 1880.0000000000
0.0000000000 0.0000000000 0.0000000000 1.0000000000

0.0000000000 0.0000000000 1.0000000000 2276.0000000000
0.0000000000 1.0000000000 0.0000000000 -708.0000000000
-1.0000000000 0.0000000000 0.0000000000 1880.0000000000
0.0000000000 0.0000000000 0.0000000000 1.0000000000

0.0000000000 0.0000000000 1.0000000000 2276.0000000000
0.0000000000 1.0000000000 0.0000000000 -708.4000000000
-1.0000000000 0.0000000000 0.0000000000 1880.0000000000
0.0000000000 0.0000000000 0.0000000000 1.0000000000

0.0000000000 0.0000000000 1.0000000000 2276.0000000000
0.0000000000 1.0000000000 0.0000000000 -708.8000000000
-1.0000000000 0.0000000000 0.0000000000 1880.0000000000
0.0000000000 0.0000000000 0.0000000000 1.0000000000

0.0000000000 0.0000000000 1.0000000000 2276.0000000000
0.0000000000 1.0000000000 0.0000000000 -709.2000000000
-1.0000000000 0.0000000000 0.0000000000 1880.0000000000
0.0000000000 0.0000000000 0.0000000000 1.0000000000

0.0000000000 0.0000000000 1.0000000000 2276.0000000000
0.0000000000 1.0000000000 0.0000000000 -709.6000000000
-1.0000000000 0.0000000000 0.0000000000 1880.0000000000
0.0000000000 0.0000000000 0.0000000000 1.0000000000

0.0000000000 0.0000000000 1.0000000000 2276.0000000000
0.0000000000 1.0000000000 0.0000000000 -710.0000000000
-1.0000000000 0.0000000000 0.0000000000 1880.0000000000
0.0000000000 0.0000000000 0.0000000000 1.0000000000

0.0000000000 0.0000000000 1.0000000000 2276.0000000000
0.0000000000 1.0000000000 0.0000000000 -710.4000000000
-1.0000000000 0.0000000000 0.0000000000 1880.0000000000
0.0000000000 0.0000000000 0.0000000000 1.0000000000

0.0000000000 0.0000000000 1.0000000000 2276.0000000000
0.0000000000 1.0000000000 0.0000000000 -710.8000000000
-1.0000000000 0.0000000000 0.0000000000 1880.0000000000
0.0000000000 0.0000000000 0.0000000000 1.0000000000

0.0000000000 0.0000000000 1.0000000000 2276.0000000000
0.0000000000 1.0000000000 0.0000000000 -711.2000000000
-1.0000000000 0.0000000000 0.0000000000 1880.0000000000
0.0000000000 0.0000000000 0.0000000000 1.0000000000

0.0000000000 0.0000000000 1.0000000000 2276.0000000000
0.0000000000 1.0000000000 0.0000000000 -711.6000000000
-1.0000000000 0.0000000000 0.0000000000 1880.0000000000
0.0000000000 0.0000000000 0.0000000000 1.0000000000

0.0000000000 0.0000000000 1.0000000000 2276.0000000000
0.0000000000 1.0000000000 0.0000000000 -712.0000000000
-1.0000000000 0.0000000000 0.0000000000 1880.0000000000
0.0000000000 0.0000000000 0.0000000000 1.0000000000

0.0000000000 0.0000000000 1.0000000000 2276.0000000000
0.0000000000 1.0000000000 0.0000000000 -712.4000000000
-1.0000000000 0.0000000000 0.0000000000 1880.0000000000
0.0000000000 0.0000000000 0.0000000000 1.0000000000

0.0000000000 0.0000000000 1.0000000000 2276.0000000000
0.0000000000 1.0000000000 0.0000000000 -712.8000000000
-1.0000000000 0.0000000000 0.0000000000 1880.0000000000
0.0000000000 0.0000000000 0.0000000000 1.0000000000

0.0000000000 0.0000000000 1.0000000000 2276.0000000000
0.0000000000 1.0000000000 0.0000000000 -713.2000000000
-1.0000000000 0.0000000000 0.0000000000 1880.0000000000
0.0000000000 0.0000000000 0.0000000000 1.0000000000

0.0000000000 0.0000000000 1.0000000000 2276.0000000000
0.0000000000 1.0000000000 0.0000000000 -713.6000000000
-1.0000000000 0.0000000000 0.0000000000 1880.0000000000
0.0000000000 0.0000000000 0.0000000000 1.0000000000

0.0000000000 0.0000000000 1.0000000000 2276.0000000000
0.0000000000 1.0000000000 0.0000000000 -714.0000000000
-1.0000000000 0.0000000000 0.0000000000 1880.0000000000
0.0000000000 0.0000000000 0.0000000000 1.0000000000

0.0000000000 0.0000000000 1.0000000000 2276.0000000000
0.0000000000 1.0000000000 0.0000000000 -714.4000000000
-1.0000000000 0.0000000000 0.0000000000 1880.0000000000
0.0000000000 0.0000000000 0.0000000000 1.0000000000

0.0000000000 0.0000000000 1.0000000000 2276.0000000000
0.0000000000 1.0000000000 0.0000000000 -714.8000000000
-1.0000000000 0.0000000000 0.0000000000 1880.0000000000
0.0000000000 0.0000000000 0.0000000000 1.0000000000

0.0000000000 0.0000000000 1.0000000000 2276.0000000000
0.0000000000 1.0000000000 0.0000000000 -715.2000000000
-1.0000000000 0.0000000000 0.0000000000 1880.0000000000
0.0000000000 0.0000000000 0.0000000000 1.0000000000

0.0000000000 0.0000000000 1.0000000000 2276.0000000000
0.0000000000 1.0000000000 0.0000000000 -715.6000000000
-1.0000000000 0.0000000000 0.0000000000 1880.0000000000
0.0000000000 0.0000000000 0.0000000000 1.0000000000

0.0000000000 0.0000000000 1.0000000000 2276.0000000000
0.0000000000 1.0000000000 0.0000000000 -716.0000000000
-1.0000000000 0.0000000000 0.0000000000 1880.0000000000
0.0000000000 0.0000000000 0.0000000000 1.0000000000

0.0000000000 0.0000000000 1.0000000000 2276.0000000000
0.0000000000 1.0000000000 0.0000000000 -716.4000000000
-1.0000000000 0.0000000000 0.0000000000 1880.0000000000
0.0000000000 0.0000000000 0.0000000000 1.0000000000

0.0000000000 0.0000000000 1.0000000000 2276.0000000000
0.0000000000 1.0000000000 0.0000000000 -716.8000000000
-1.0000000000 0.0000000000 0.0000000000 1880.0000000000
0.0000000000 0.0000000000 0.0000000000 1.0000000000

0.0000000000 0.0000000000 1.0000000000 2276.0000000000
0.0000000000 1.0000000000 0.0000000000 -717.2000000000
-1.0000000000 0.0000000000 0.0000000000 1880.0000000000
0.0000000000 0.0000000000 0.0000000000 1.0000000000

0.0000000000 0.0000000000 1.0000000000 2276.0000000000
0.0000000000 1.0000000000 0.0000000000 -717.6000000000
-1.0000000000 0.0000000000 0.0000000000 1880.0000000000
0.0000000000 0.0000000000 0.0000000000 1.0000000000

0.0000000000 0.0000000000 1.0000000000 2276.0000000000
0.0000000000 1.0000000000 0.0000000000 -718.0000000000
-1.0000000000 0.0000000000 0.0000000000 1880.0000000000
0.0000000000 0.0000000000 0.0000000000 1.0000000000

0.0000000000 0.0000000000 1.0000000000 2276.0000000000
0.0000000000 1.0000000000 0.0000000000 -718.4000000000
-1.0000000000 0.0000000000 0.0000000000 1880.0000000000
0.0000000000 0.0000000000 0.0000000000 1.0000000000

0.0000000000 0.0000000000 1.0000000000 2276.0000000000
0.0000000000 1.0000000000 0.0000000000 -718.8000000000
-1.0000000000 0.0000000000 0.0000000000 1880.0000000000
0.0000000000 0.0000000000 0.0000000000 1.0000000000

0.0000000000 0.0000000000 1.0000000000 2276.0000000000
0.0000000000 1.0000000000 0.0000000000 -719.2000000000
-1.0000000000 0.0000000000 0.0000000000 1880.0000000000
0.0000000000 0.0000000000 0.0000000000 1.0000000000

0.0000000000 0.0000000000 1.0000000000 2276.0000000000
0.0000000000 1.0000000000 0.0000000000 -719.6000000000
-1.0000000000 0.0000000000 0.0000000000 1880.0000000000
0.0000000000 0.0000000000 0.0000000000 1.0000000000

0.0000000000 0.0000000000 1.0000000000 2276.0000000000
0.0000000000 1.0000000000 0.0000000000 -720.0000000000
-1.0000000000 0.0000000000 0.0000000000 1880.0000000000
0.0000000000 0.0000000000 0.0000000000 1.0000000000

0.0000000000 0.0000000000 1.0000000000 2276.0000000000
0.0000000000 1.0000000000 0.0000000000 -720.4000000000
-1.0000000000 0.0000000000 0.0000000000 1880.0000000000
0.0000000000 0.0000000000 0.0000000000 1.0000000000

0.0000000000 0.0000000000 1.0000000000 2276.0000000000
0.0000000000 1.0000000000 0.0000000000 -720.8000000000
-1.0000000000 0.0000000000 0.0000000000 1880.0000000000
0.0000000000 0.0000000000 0.0000000000 1.0000000000

0.0000000000 0.0000000000 1.0000000000 2276.0000000000
0.0000000000 1.0000000000 0.0000000000 -721.2000000000
-1.0000000000 0.0000000000 0.0000000000 1880.0000000000
0.0000000000 0.0000000000 0.0000000000 1.0000000000

0.0000000000 0.0000000000 1.0000000000 2276.0000000000
0.0000000000 1.0000000000 0.0000000000 -721.6000000000
-1.0000000000 0.0000000000 0.0000000000 1880.0000000000
0.0000000000 0.0000000000 0.0000000000 1.0000000000

0.0000000000 0.0000000000 1.0000000000 2276.0000000000
0.0000000000 1.0000000000 0.0000000000 -722.0000000000
-1.0000000000 0.0000000000 0.0000000000 1880.0000000000
0.0000000000 0.0000000000 0.0000000000 1.0000000000

0.0000000000 0.0000000000 1.0000000000 2276.0000000000
0.0000000000 1.0000000000 0.0000000000 -722.4000000000
-1.0000000000 0.0000000000 0.0000000000 1880.0000000000
0.0000000000 0.0000000000 0.0000000000 1.0000000000

0.0000000000 0.0000000000 1.0000000000 2276.0000000000
0.0000000000 1.0000000000 0.0000000000 -722.8000000000
-1.0000000000 0.0000000000 0.0000000000 1880.0000000000
0.0000000000 0.0000000000 0.0000000000 1.0000000000

0.0000000000 0.0000000000 1.0000000000 2276.0000000000
0.0000000000 1.0000000000 0.0000000000 -723.2000000000
-1.0000000000 0.0000000000 0.0000000000 1880.0000000000
0.0000000000 0.0000000000 0.0000000000 1.0000000000

0.0000000000 0.0000000000 1.0000000000 2276.0000000000
0.0000000000 1.0000000000 0.0000000000 -723.6000000000
-1.0000000000 0.0000000000 0.0000000000 1880.0000000000
0.0000000000 0.0000000000 0.0000000000 1.0000000000

0.0000000000 0.0000000000 1.0000000000 2276.0000000000
0.0000000000 1.0000000000 0.0000000000 -724.0000000000
-1.0000000000 0.0000000000 0.0000000000 1880.0000000000
0.0000000000 0.0000000000 0.0000000000 1.0000000000

0.0000000000 0.0000000000 1.0000000000 2276.0000000000
0.0000000000 1.0000000000 0.0000000000 -724.4000000000
-1.0000000000 0.0000000000 0.0000000000 1880.0000000000
0.0000000000 0.0000000000 0.0000000000 1.0000000000

0.0000000000 0.0000000000 1.0000000000 2276.0000000000
0.0000000000 1.0000000000 0.0000000000 -724.8000000000
-1.0000000000 0.0000000000 0.0000000000 1880.0000000000
0.0000000000 0.0000000000 0.0000000000 1.0000000000

0.0000000000 0.0000000000 1.0000000000 2276.0000000000
0.0000000000 1.0000000000 0.0000000000 -725.2000000000
-1.0000000000 0.0000000000 0.0000000000 1880.0000000000
0.0000000000 0.0000000000 0.0000000000 1.0000000000

0.0000000000 0.0000000000 1.0000000000 2276.0000000000
0.0000000000 1.0000000000 0.0000000000 -725.6000000000
-1.0000000000 0.0000000000 0.0000000000 1880.0000000000
0.0000000000 0.0000000000 0.0000000000 1.0000000000

0.0000000000 0.0000000000 1.0000000000 2276.0000000000
0.0000000000 1.0000000000 0.0000000000 -726.0000000000
-1.0000000000 0.0000000000 0.0000000000 1880.0000000000
0.0000000000 0.0000000000 0.0000000000 1.0000000000

0.0000000000 0.0000000000 1.0000000000 2276.0000000000
0.0000000000 1.0000000000 0.0000000000 -726.4000000000
-1.0000000000 0.0000000000 0.0000000000 1880.0000000000
0.0000000000 0.0000000000 0.0000000000 1.0000000000

0.0000000000 0.0000000000 1.0000000000 2276.0000000000
0.0000000000 1.0000000000 0.0000000000 -726.8000000000
-1.0000000000 0.0000000000 0.0000000000 1880.0000000000
0.0000000000 0.0000000000 0.0000000000 1.0000000000

0.0000000000 0.0000000000 1.0000000000 2276.0000000000
0.0000000000 1.0000000000 0.0000000000 -727.2000000000
-1.0000000000 0.0000000000 0.0000000000 1880.0000000000
0.0000000000 0.0000000000 0.0000000000 1.0000000000

0.0000000000 0.0000000000 1.0000000000 2276.0000000000
0.0000000000 1.0000000000 0.0000000000 -727.6000000000
-1.0000000000 0.0000000000 0.0000000000 1880.0000000000
0.0000000000 0.0000000000 0.0000000000 1.0000000000

0.0000000000 0.0000000000 1.0000000000 2276.0000000000
0.0000000000 1.0000000000 0.0000000000 -728.0000000000
-1.0000000000 0.0000000000 0.0000000000 1880.0000000000
0.0000000000 0.0000000000 0.0000000000 1.0000000000

0.0000000000 0.0000000000 1.0000000000 2276.0000000000
0.0000000000 1.0000000000 0.0000000000 -728.4000000000
-1.0000000000 0.0000000000 0.0000000000 1880.0000000000
0.0000000000 0.0000000000 0.0000000000 1.0000000000

0.0000000000 0.0000000000 1.0000000000 2276.0000000000
0.0000000000 1.0000000000 0.0000000000 -728.8000000000
-1.0000000000 0.0000000000 0.0000000000 1880.0000000000
0.0000000000 0.0000000000 0.0000000000 1.0000000000

0.0000000000 0.0000000000 1.0000000000 2276.0000000000
0.0000000000 1.0000000000 0.0000000000 -729.2000000000
-1.0000000000 0.0000000000 0.0000000000 1880.0000000000
0.0000000000 0.0000000000 0.0000000000 1.0000000000

0.0000000000 0.0000000000 1.0000000000 2276.0000000000
0.0000000000 1.0000000000 0.0000000000 -729.6000000000
-1.0000000000 0.0000000000 0.0000000000 1880.0000000000
0.0000000000 0.0000000000 0.0000000000 1.0000000000

0.0000000000 0.0000000000 1.0000000000 2276.0000000000
0.0000000000 1.0000000000 0.0000000000 -730.0000000000
-1.0000000000 0.0000000000 0.0000000000 1880.0000000000
0.0000000000 0.0000000000 0.0000000000 1.0000000000

0.0000000000 0.0000000000 1.0000000000 2276.0000000000
0.0000000000 1.0000000000 0.0000000000 -730.4000000000
-1.0000000000 0.0000000000 0.0000000000 1880.0000000000
0.0000000000 0.0000000000 0.0000000000 1.0000000000

0.0000000000 0.0000000000 1.0000000000 2276.0000000000
0.0000000000 1.0000000000 0.0000000000 -730.8000000000
-1.0000000000 0.0000000000 0.0000000000 1880.0000000000
0.0000000000 0.0000000000 0.0000000000 1.0000000000

0.0000000000 0.0000000000 1.0000000000 2276.0000000000
0.0000000000 1.0000000000 0.0000000000 -731.2000000000
-1.0000000000 0.0000000000 0.0000000000 1880.0000000000
0.0000000000 0.0000000000 0.0000000000 1.0000000000

0.0000000000 0.0000000000 1.0000000000 2276.0000000000
0.0000000000 1.0000000000 0.0000000000 -731.6000000000
-1.0000000000 0.0000000000 0.0000000000 1880.0000000000
0.0000000000 0.0000000000 0.0000000000 1.0000000000

0.0000000000 0.0000000000 1.0000000000 2276.0000000000
0.0000000000 1.0000000000 0.0000000000 -732.0000000000
-1.0000000000 0.0000000000 0.0000000000 1880.0000000000
0.0000000000 0.0000000000 0.0000000000 1.0000000000

0.0000000000 0.0000000000 1.0000000000 2276.0000000000
0.0000000000 1.0000000000 0.0000000000 -732.4000000000
-1.0000000000 0.0000000000 0.0000000000 1880.0000000000
0.0000000000 0.0000000000 0.0000000000 1.0000000000

0.0000000000 0.0000000000 1.0000000000 2276.0000000000
0.0000000000 1.0000000000 0.0000000000 -732.8000000000
-1.0000000000 0.0000000000 0.0000000000 1880.0000000000
0.0000000000 0.0000000000 0.0000000000 1.0000000000

0.0000000000 0.0000000000 1.0000000000 2276.0000000000
0.0000000000 1.0000000000 0.0000000000 -733.2000000000
-1.0000000000 0.0000000000 0.0000000000 1880.0000000000
0.0000000000 0.0000000000 0.0000000000 1.0000000000

0.0000000000 0.0000000000 1.0000000000 2276.0000000000
0.0000000000 1.0000000000 0.0000000000 -733.6000000000
-1.0000000000 0.0000000000 0.0000000000 1880.0000000000
0.0000000000 0.0000000000 0.0000000000 1.0000000000

0.0000000000 0.0000000000 1.0000000000 2276.0000000000
0.0000000000 1.0000000000 0.0000000000 -734.0000000000
-1.0000000000 0.0000000000 0.0000000000 1880.0000000000
0.0000000000 0.0000000000 0.0000000000 1.0000000000

0.0000000000 0.0000000000 1.0000000000 2276.0000000000
0.0000000000 1.0000000000 0.0000000000 -734.4000000000
-1.0000000000 0.0000000000 0.0000000000 1880.0000000000
0.0000000000 0.0000000000 0.0000000000 1.0000000000

0.0000000000 0.0000000000 1.0000000000 2276.0000000000
0.0000000000 1.0000000000 0.0000000000 -734.8000000000
-1.0000000000 0.0000000000 0.0000000000 1880.0000000000
0.0000000000 0.0000000000 0.0000000000 1.0000000000

0.0000000000 0.0000000000 1.0000000000 2276.0000000000
0.0000000000 1.0000000000 0.0000000000 -735.2000000000
-1.0000000000 0.0000000000 0.0000000000 1880.0000000000
0.0000000000 0.0000000000 0.0000000000 1.0000000000

0.0000000000 0.0000000000 1.0000000000 2276.0000000000
0.0000000000 1.0000000000 0.0000000000 -735.6000000000
-1.0000000000 0.0000000000 0.0000000000 1880.0000000000
0.0000000000 0.0000000000 0.0000000000 1.0000000000

0.0000000000 0.0000000000 1.0000000000 2276.0000000000
0.0000000000 1.0000000000 0.0000000000 -736.0000000000
-1.0000000000 0.0000000000 0.0000000000 1880.0000000000
0.0000000000 0.0000000000 0.0000000000 1.0000000000

0.0000000000 0.0000000000 1.0000000000 2276.0000000000
0.0000000000 1.0000000000 0.0000000000 -736.4000000000
-1.0000000000 0.0000000000 0.0000000000 1880.0000000000
0.0000000000 0.0000000000 0.0000000000 1.0000000000

0.0000000000 0.0000000000 1.0000000000 2276.0000000000
0.0000000000 1.0000000000 0.0000000000 -736.8000000000
-1.0000000000 0.0000000000 0.0000000000 1880.0000000000
0.0000000000 0.0000000000 0.0000000000 1.0000000000

0.0000000000 0.0000000000 1.0000000000 2276.0000000000
0.0000000000 1.0000000000 0.0000000000 -737.2000000000
-1.0000000000 0.0000000000 0.0000000000 1880.0000000000
0.0000000000 0.0000000000 0.0000000000 1.0000000000

0.0000000000 0.0000000000 1.0000000000 2276.0000000000
0.0000000000 1.0000000000 0.0000000000 -737.6000000000
-1.0000000000 0.0000000000 0.0000000000 1880.0000000000
0.0000000000 0.0000000000 0.0000000000 1.0000000000

0.0000000000 0.0000000000 1.0000000000 2276.0000000000
0.0000000000 1.0000000000 0.0000000000 -738.0000000000
-1.0000000000 0.0000000000 0.0000000000 1880.0000000000
0.0000000000 0.0000000000 0.0000000000 1.0000000000

0.0000000000 0.0000000000 1.0000000000 2276.0000000000
0.0000000000 1.0000000000 0.0000000000 -738.4000000000
-1.0000000000 0.0000000000 0.0000000000 1880.0000000000
0.0000000000 0.0000000000 0.0000000000 1.0000000000

0.0000000000 0.0000000000 1.0000000000 2276.0000000000
0.0000000000 1.0000000000 0.0000000000 -738.8000000000
-1.0000000000 0.0000000000 0.0000000000 1880.0000000000
0.0000000000 0.0000000000 0.0000000000 1.0000000000

0.0000000000 0.0000000000 1.0000000000 2276.0000000000
0.0000000000 1.0000000000 0.0000000000 -739.2000000000
-1.0000000000 0.0000000000 0.0000000000 1880.0000000000
0.0000000000 0.0000000000 0.0000000000 1.0000000000

0.0000000000 0.0000000000 1.0000000000 2276.0000000000
0.0000000000 1.0000000000 0.0000000000 -739.6000000000
-1.0000000000 0.0000000000 0.0000000000 1880.0000000000
0.0000000000 0.0000000000 0.0000000000 1.0000000000

0.0000000000 0.0000000000 1.0000000000 2276.0000000000
0.0000000000 1.0000000000 0.0000000000 -740.0000000000
-1.0000000000 0.0000000000 0.0000000000 1880.0000000000
0.0000000000 0.0000000000 0.0000000000 1.0000000000

0.0000000000 0.0000000000 1.0000000000 2276.0000000000
0.0000000000 1.0000000000 0.0000000000 -740.4000000000
-1.0000000000 0.0000000000 0.0000000000 1880.0000000000
0.0000000000 0.0000000000 0.0000000000 1.0000000000

0.0000000000 0.0000000000 1.0000000000 2276.0000000000
0.0000000000 1.0000000000 0.0000000000 -740.8000000000
-1.0000000000 0.0000000000 0.0000000000 1880.0000000000
0.0000000000 0.0000000000 0.0000000000 1.0000000000

0.0000000000 0.0000000000 1.0000000000 2276.0000000000
0.0000000000 1.0000000000 0.0000000000 -741.2000000000
-1.0000000000 0.0000000000 0.0000000000 1880.0000000000
0.0000000000 0.0000000000 0.0000000000 1.0000000000

0.0000000000 0.0000000000 1.0000000000 2276.0000000000
0.0000000000 1.0000000000 0.0000000000 -741.6000000000
-1.0000000000 0.0000000000 0.0000000000 1880.0000000000
0.0000000000 0.0000000000 0.0000000000 1.0000000000

0.0000000000 0.0000000000 1.0000000000 2276.0000000000
0.0000000000 1.0000000000 0.0000000000 -742.0000000000
-1.0000000000 0.0000000000 0.0000000000 1880.0000000000
0.0000000000 0.0000000000 0.0000000000 1.0000000000

0.0000000000 0.0000000000 1.0000000000 2276.0000000000
0.0000000000 1.0000000000 0.0000000000 -742.4000000000
-1.0000000000 0.0000000000 0.0000000000 1880.0000000000
0.0000000000 0.0000000000 0.0000000000 1.0000000000

0.0000000000 0.0000000000 1.0000000000 2276.0000000000
0.0000000000 1.0000000000 0.0000000000 -742.8000000000
-1.0000000000 0.0000000000 0.0000000000 1880.0000000000
0.0000000000 0.0000000000 0.0000000000 1.0000000000

0.0000000000 0.0000000000 1.0000000000 2276.0000000000
0.0000000000 1.0000000000 0.0000000000 -743.2000000000
-1.0000000000 0.0000000000 0.0000000000 1880.0000000000
0.0000000000 0.0000000000 0.0000000000 1.0000000000

0.0000000000 0.0000000000 1.0000000000 2276.0000000000
0.0000000000 1.0000000000 0.0000000000 -743.6000000000
-1.0000000000 0.0000000000 0.0000000000 1880.0000000000
0.0000000000 0.0000000000 0.0000000000 1.0000000000

0.0000000000 0.0000000000 1.0000000000 2276.0000000000
0.0000000000 1.0000000000 0.0000000000 -744.0000000000
-1.0000000000 0.0000000000 0.0000000000 1880.0000000000
0.0000000000 0.0000000000 0.0000000000 1.0000000000

0.0000000000 0.0000000000 1.0000000000 2276.0000000000
0.0000000000 1.0000000000 0.0000000000 -744.4000000000
-1.0000000000 0.0000000000 0.0000000000 1880.0000000000
0.0000000000 0.0000000000 0.0000000000 1.0000000000

0.0000000000 0.0000000000 1.0000000000 2276.0000000000
0.0000000000 1.0000000000 0.0000000000 -744.8000000000
-1.0000000000 0.0000000000 0.0000000000 1880.0000000000
0.0000000000 0.0000000000 0.0000000000 1.0000000000

0.0000000000 0.0000000000 1.0000000000 2276.0000000000
0.0000000000 1.0000000000 0.0000000000 -745.2000000000
-1.0000000000 0.0000000000 0.0000000000 1880.0000000000
0.0000000000 0.0000000000 0.0000000000 1.0000000000

0.0000000000 0.0000000000 1.0000000000 2276.0000000000
0.0000000000 1.0000000000 0.0000000000 -745.6000000000
-1.0000000000 0.0000000000 0.0000000000 1880.0000000000
0.0000000000 0.0000000000 0.0000000000 1.0000000000

0.0000000000 0.0000000000 1.0000000000 2276.0000000000
0.0000000000 1.0000000000 0.0000000000 -746.0000000000
-1.0000000000 0.0000000000 0.0000000000 1880.0000000000
0.0000000000 0.0000000000 0.0000000000 1.0000000000

0.0000000000 0.0000000000 1.0000000000 2276.0000000000
0.0000000000 1.0000000000 0.0000000000 -746.4000000000
-1.0000000000 0.0000000000 0.0000000000 1880.0000000000
0.0000000000 0.0000000000 0.0000000000 1.0000000000

0.0000000000 0.0000000000 1.0000000000 2276.0000000000
0.0000000000 1.0000000000 0.0000000000 -746.8000000000
-1.0000000000 0.0000000000 0.0000000000 1880.0000000000
0.0000000000 0.0000000000 0.0000000000 1.0000000000

0.0000000000 0.0000000000 1.0000000000 2276.0000000000
0.0000000000 1.0000000000 0.0000000000 -747.2000000000
-1.0000000000 0.0000000000 0.0000000000 1880.0000000000
0.0000000000 0.0000000000 0.0000000000 1.0000000000

0.0000000000 0.0000000000 1.0000000000 2276.0000000000
0.0000000000 1.0000000000 0.0000000000 -747.6000000000
-1.0000000000 0.0000000000 0.0000000000 1880.0000000000
0.0000000000 0.0000000000 0.0000000000 1.0000000000

0.0000000000 0.0000000000 1.0000000000 2276.0000000000
0.0000000000 1.0000000000 0.0000000000 -748.0000000000
-1.0000000000 0.0000000000 0.0000000000 1880.0000000000
0.0000000000 0.0000000000 0.0000000000 1.0000000000

0.0000000000 0.0000000000 1.0000000000 2276.0000000000
0.0000000000 1.0000000000 0.0000000000 -748.4000000000
-1.0000000000 0.0000000000 0.0000000000 1880.0000000000
0.0000000000 0.0000000000 0.0000000000 1.0000000000

0.0000000000 0.0000000000 1.0000000000 2276.0000000000
0.0000000000 1.0000000000 0.0000000000 -748.8000000000
-1.0000000000 0.0000000000 0.0000000000 1880.0000000000
0.0000000000 0.0000000000 0.0000000000 1.0000000000

0.0000000000 0.0000000000 1.0000000000 2276.0000000000
0.0000000000 1.0000000000 0.0000000000 -749.2000000000
-1.0000000000 0.0000000000 0.0000000000 1880.0000000000
0.0000000000 0.0000000000 0.0000000000 1.0000000000

0.0000000000 0.0000000000 1.0000000000 2276.0000000000
0.0000000000 1.0000000000 0.0000000000 -749.6000000000
-1.0000000000 0.0000000000 0.0000000000 1880.0000000000
0.0000000000 0.0000000000 0.0000000000 1.0000000000

0.0000000000 0.0000000000 1.0000000000 2276.0000000000
0.0000000000 1.0000000000 0.0000000000 -750.0000000000
-1.0000000000 0.0000000000 0.0000000000 1880.0000000000
0.0000000000 0.0000000000 0.0000000000 1.0000000000

0.0000000000 0.0000000000 1.0000000000 2276.0000000000
0.0000000000 1.0000000000 0.0000000000 -750.4000000000
-1.0000000000 0.0000000000 0.0000000000 1880.0000000000
0.0000000000 0.0000000000 0.0000000000 1.0000000000

0.0000000000 0.0000000000 1.0000000000 2276.0000000000
0.0000000000 1.0000000000 0.0000000000 -750.8000000000
-1.0000000000 0.0000000000 0.0000000000 1880.0000000000
0.0000000000 0.0000000000 0.0000000000 1.0000000000

0.0000000000 0.0000000000 1.0000000000 2276.0000000000
0.0000000000 1.0000000000 0.0000000000 -751.2000000000
-1.0000000000 0.0000000000 0.0000000000 1880.0000000000
0.0000000000 0.0000000000 0.0000000000 1.0000000000

0.0000000000 0.0000000000 1.0000000000 2276.0000000000
0.0000000000 1.0000000000 0.0000000000 -751.6000000000
-1.0000000000 0.0000000000 0.0000000000 1880.0000000000
0.0000000000 0.0000000000 0.0000000000 1.0000000000

0.0000000000 0.0000000000 1.0000000000 2276.0000000000
0.0000000000 1.0000000000 0.0000000000 -752.0000000000
-1.0000000000 0.0000000000 0.0000000000 1880.0000000000
0.0000000000 0.0000000000 0.0000000000 1.0000000000

0.0000000000 0.0000000000 1.0000000000 2276.0000000000
0.0000000000 1.0000000000 0.0000000000 -752.4000000000
-1.0000000000 0.0000000000 0.0000000000 1880.0000000000
0.0000000000 0.0000000000 0.0000000000 1.0000000000

0.0000000000 0.0000000000 1.0000000000 2276.0000000000
0.0000000000 1.0000000000 0.0000000000 -752.8000000000
-1.0000000000 0.0000000000 0.0000000000 1880.0000000000
0.0000000000 0.0000000000 0.0000000000 1.0000000000

0.0000000000 0.0000000000 1.0000000000 2276.0000000000
0.0000000000 1.0000000000 0.0000000000 -753.2000000000
-1.0000000000 0.0000000000 0.0000000000 1880.0000000000
0.0000000000 0.0000000000 0.0000000000 1.0000000000

0.0000000000 0.0000000000 1.0000000000 2276.0000000000
0.0000000000 1.0000000000 0.0000000000 -753.6000000000
-1.0000000000 0.0000000000 0.0000000000 1880.0000000000
0.0000000000 0.0000000000 0.0000000000 1.0000000000

0.0000000000 0.0000000000 1.0000000000 2276.0000000000
0.0000000000 1.0000000000 0.0000000000 -754.0000000000
-1.0000000000 0.0000000000 0.0000000000 1880.0000000000
0.0000000000 0.0000000000 0.0000000000 1.0000000000

0.0000000000 0.0000000000 1.0000000000 2276.0000000000
0.0000000000 1.0000000000 0.0000000000 -754.4000000000
-1.0000000000 0.0000000000 0.0000000000 1880.0000000000
0.0000000000 0.0000000000 0.0000000000 1.0000000000

0.0000000000 0.0000000000 1.0000000000 2276.0000000000
0.0000000000 1.0000000000 0.0000000000 -754.8000000000
-1.0000000000 0.0000000000 0.0000000000 1880.0000000000
0.0000000000 0.0000000000 0.0000000000 1.0000000000

0.0000000000 0.0000000000 1.0000000000 2276.0000000000
0.0000000000 1.0000000000 0.0000000000 -755.2000000000
-1.0000000000 0.0000000000 0.0000000000 1880.0000000000
0.0000000000 0.0000000000 0.0000000000 1.0000000000

0.0000000000 0.0000000000 1.0000000000 2276.0000000000
0.0000000000 1.0000000000 0.0000000000 -755.6000000000
-1.0000000000 0.0000000000 0.0000000000 1880.0000000000
0.0000000000 0.0000000000 0.0000000000 1.0000000000

0.0000000000 0.0000000000 1.0000000000 2276.0000000000
0.0000000000 1.0000000000 0.0000000000 -756.0000000000
-1.0000000000 0.0000000000 0.0000000000 1880.0000000000
0.0000000000 0.0000000000 0.0000000000 1.0000000000

0.0000000000 0.0000000000 1.0000000000 2276.0000000000
0.0000000000 1.0000000000 0.0000000000 -756.4000000000
-1.0000000000 0.0000000000 0.0000000000 1880.0000000000
0.0000000000 0.0000000000 0.0000000000 1.0000000000

0.0000000000 0.0000000000 1.0000000000 2276.0000000000
0.0000000000 1.0000000000 0.0000000000 -756.8000000000
-1.0000000000 0.0000000000 0.0000000000 1880.0000000000
0.0000000000 0.0000000000 0.0000000000 1.0000000000

0.0000000000 0.0000000000 1.0000000000 2276.0000000000
0.0000000000 1.0000000000 0.0000000000 -757.2000000000
-1.0000000000 0.0000000000 0.0000000000 1880.0000000000
0.0000000000 0.0000000000 0.0000000000 1.0000000000

0.0000000000 0.0000000000 1.0000000000 2276.0000000000
0.0000000000 1.0000000000 0.0000000000 -757.6000000000
-1.0000000000 0.0000000000 0.0000000000 1880.0000000000
0.0000000000 0.0000000000 0.0000000000 1.0000000000

0.0000000000 0.0000000000 1.0000000000 2276.0000000000
0.0000000000 1.0000000000 0.0000000000 -758.0000000000
-1.0000000000 0.0000000000 0.0000000000 1880.0000000000
0.0000000000 0.0000000000 0.0000000000 1.0000000000

0.0000000000 0.0000000000 1.0000000000 2276.0000000000
0.0000000000 1.0000000000 0.0000000000 -758.4000000000
-1.0000000000 0.0000000000 0.0000000000 1880.0000000000
0.0000000000 0.0000000000 0.0000000000 1.0000000000

0.0000000000 0.0000000000 1.0000000000 2276.0000000000
0.0000000000 1.0000000000 0.0000000000 -758.8000000000
-1.0000000000 0.0000000000 0.0000000000 1880.0000000000
0.0000000000 0.0000000000 0.0000000000 1.0000000000

0.0000000000 0.0000000000 1.0000000000 2276.0000000000
0.0000000000 1.0000000000 0.0000000000 -759.2000000000
-1.0000000000 0.0000000000 0.0000000000 1880.0000000000
0.0000000000 0.0000000000 0.0000000000 1.0000000000

0.0000000000 0.0000000000 1.0000000000 2276.0000000000
0.0000000000 1.0000000000 0.0000000000 -759.6000000000
-1.0000000000 0.0000000000 0.0000000000 1880.0000000000
0.0000000000 0.0000000000 0.0000000000 1.0000000000

0.0000000000 0.0000000000 1.0000000000 2276.0000000000
0.0000000000 1.0000000000 0.0000000000 -760.0000000000
-1.0000000000 0.0000000000 0.0000000000 1880.0000000000
0.0000000000 0.0000000000 0.0000000000 1.0000000000

0.0000000000 0.0000000000 1.0000000000 2276.0000000000
0.0000000000 1.0000000000 0.0000000000 -760.4000000000
-1.0000000000 0.0000000000 0.0000000000 1880.0000000000
0.0000000000 0.0000000000 0.0000000000 1.0000000000

0.0000000000 0.0000000000 1.0000000000 2276.0000000000
0.0000000000 1.0000000000 0.0000000000 -760.8000000000
-1.0000000000 0.0000000000 0.0000000000 1880.0000000000
0.0000000000 0.0000000000 0.0000000000 1.0000000000

0.0000000000 0.0000000000 1.0000000000 2276.0000000000
0.0000000000 1.0000000000 0.0000000000 -761.2000000000
-1.0000000000 0.0000000000 0.0000000000 1880.0000000000
0.0000000000 0.0000000000 0.0000000000 1.0000000000

0.0000000000 0.0000000000 1.0000000000 2276.0000000000
0.0000000000 1.0000000000 0.0000000000 -761.6000000000
-1.0000000000 0.0000000000 0.0000000000 1880.0000000000
0.0000000000 0.0000000000 0.0000000000 1.0000000000

0.0000000000 0.0000000000 1.0000000000 2276.0000000000
0.0000000000 1.0000000000 0.0000000000 -762.0000000000
-1.0000000000 0.0000000000 0.0000000000 1880.0000000000
0.0000000000 0.0000000000 0.0000000000 1.0000000000

0.0000000000 0.0000000000 1.0000000000 2276.0000000000
0.0000000000 1.0000000000 0.0000000000 -762.4000000000
-1.0000000000 0.0000000000 0.0000000000 1880.0000000000
0.0000000000 0.0000000000 0.0000000000 1.0000000000

0.0000000000 0.0000000000 1.0000000000 2276.0000000000
0.0000000000 1.0000000000 0.0000000000 -762.8000000000
-1.0000000000 0.0000000000 0.0000000000 1880.0000000000
0.0000000000 0.0000000000 0.0000000000 1.0000000000

0.0000000000 0.0000000000 1.0000000000 2276.0000000000
0.0000000000 1.0000000000 0.0000000000 -763.2000000000
-1.0000000000 0.0000000000 0.0000000000 1880.0000000000
0.0000000000 0.0000000000 0.0000000000 1.0000000000

0.0000000000 0.0000000000 1.0000000000 2276.0000000000
0.0000000000 1.0000000000 0.0000000000 -763.6000000000
-1.0000000000 0.0000000000 0.0000000000 1880.0000000000
0.0000000000 0.0000000000 0.0000000000 1.0000000000

0.0000000000 0.0000000000 1.0000000000 2276.0000000000
0.0000000000 1.0000000000 0.0000000000 -764.0000000000
-1.0000000000 0.0000000000 0.0000000000 1880.0000000000
0.0000000000 0.0000000000 0.0000000000 1.0000000000

0.0000000000 0.0000000000 1.0000000000 2276.0000000000
0.0000000000 1.0000000000 0.0000000000 -764.4000000000
-1.0000000000 0.0000000000 0.0000000000 1880.0000000000
0.0000000000 0.0000000000 0.0000000000 1.0000000000

0.0000000000 0.0000000000 1.0000000000 2276.0000000000
0.0000000000 1.0000000000 0.0000000000 -764.8000000000
-1.0000000000 0.0000000000 0.0000000000 1880.0000000000
0.0000000000 0.0000000000 0.0000000000 1.0000000000

0.0000000000 0.0000000000 1.0000000000 2276.0000000000
0.0000000000 1.0000000000 0.0000000000 -765.2000000000
-1.0000000000 0.0000000000 0.0000000000 1880.0000000000
0.0000000000 0.0000000000 0.0000000000 1.0000000000

0.0000000000 0.0000000000 1.0000000000 2276.0000000000
0.0000000000 1.0000000000 0.0000000000 -765.6000000000
-1.0000000000 0.0000000000 0.0000000000 1880.0000000000
0.0000000000 0.0000000000 0.0000000000 1.0000000000

0.0000000000 0.0000000000 1.0000000000 2276.0000000000
0.0000000000 1.0000000000 0.0000000000 -766.0000000000
-1.0000000000 0.0000000000 0.0000000000 1880.0000000000
0.0000000000 0.0000000000 0.0000000000 1.0000000000

0.0000000000 0.0000000000 1.0000000000 2276.0000000000
0.0000000000 1.0000000000 0.0000000000 -766.4000000000
-1.0000000000 0.0000000000 0.0000000000 1880.0000000000
0.0000000000 0.0000000000 0.0000000000 1.0000000000

0.0000000000 0.0000000000 1.0000000000 2276.0000000000
0.0000000000 1.0000000000 0.0000000000 -766.8000000000
-1.0000000000 0.0000000000 0.0000000000 1880.0000000000
0.0000000000 0.0000000000 0.0000000000 1.0000000000

0.0000000000 0.0000000000 1.0000000000 2276.0000000000
0.0000000000 1.0000000000 0.0000000000 -767.2000000000
-1.0000000000 0.0000000000 0.0000000000 1880.0000000000
0.0000000000 0.0000000000 0.0000000000 1.0000000000

0.0000000000 0.0000000000 1.0000000000 2276.0000000000
0.0000000000 1.0000000000 0.0000000000 -767.6000000000
-1.0000000000 0.0000000000 0.0000000000 1880.0000000000
0.0000000000 0.0000000000 0.0000000000 1.0000000000

0.0000000000 0.0000000000 1.0000000000 2276.0000000000
0.0000000000 1.0000000000 0.0000000000 -768.0000000000
-1.0000000000 0.0000000000 0.0000000000 1880.0000000000
0.0000000000 0.0000000000 0.0000000000 1.0000000000

0.0000000000 0.0000000000 1.0000000000 2276.0000000000
0.0000000000 1.0000000000 0.0000000000 -768.4000000000
-1.0000000000 0.0000000000 0.0000000000 1880.0000000000
0.0000000000 0.0000000000 0.0000000000 1.0000000000

0.0000000000 0.0000000000 1.0000000000 2276.0000000000
0.0000000000 1.0000000000 0.0000000000 -768.8000000000
-1.0000000000 0.0000000000 0.0000000000 1880.0000000000
0.0000000000 0.0000000000 0.0000000000 1.0000000000

0.0000000000 0.0000000000 1.0000000000 2276.0000000000
0.0000000000 1.0000000000 0.0000000000 -769.2000000000
-1.0000000000 0.0000000000 0.0000000000 1880.0000000000
0.0000000000 0.0000000000 0.0000000000 1.0000000000

0.0000000000 0.0000000000 1.0000000000 2276.0000000000
0.0000000000 1.0000000000 0.0000000000 -769.6000000000
-1.0000000000 0.0000000000 0.0000000000 1880.0000000000
0.0000000000 0.0000000000 0.0000000000 1.0000000000

0.0000000000 0.0000000000 1.0000000000 2276.0000000000
0.0000000000 1.0000000000 0.0000000000 -770.0000000000
-1.0000000000 0.0000000000 0.0000000000 1880.0000000000
0.0000000000 0.0000000000 0.0000000000 1.0000000000

0.0000000000 0.0000000000 1.0000000000 2276.0000000000
0.0000000000 1.0000000000 0.0000000000 -770.4000000000
-1.0000000000 0.0000000000 0.0000000000 1880.0000000000
0.0000000000 0.0000000000 0.0000000000 1.0000000000

0.0000000000 0.0000000000 1.0000000000 2276.0000000000
0.0000000000 1.0000000000 0.0000000000 -770.8000000000
-1.0000000000 0.0000000000 0.0000000000 1880.0000000000
0.0000000000 0.0000000000 0.0000000000 1.0000000000

0.0000000000 0.0000000000 1.0000000000 2276.0000000000
0.0000000000 1.0000000000 0.0000000000 -771.2000000000
-1.0000000000 0.0000000000 0.0000000000 1880.0000000000
0.0000000000 0.0000000000 0.0000000000 1.0000000000

0.0000000000 0.0000000000 1.0000000000 2276.0000000000
0.0000000000 1.0000000000 0.0000000000 -771.6000000000
-1.0000000000 0.0000000000 0.0000000000 1880.0000000000
0.0000000000 0.0000000000 0.0000000000 1.0000000000

0.0000000000 0.0000000000 1.0000000000 2276.0000000000
0.0000000000 1.0000000000 0.0000000000 -772.0000000000
-1.0000000000 0.0000000000 0.0000000000 1880.0000000000
0.0000000000 0.0000000000 0.0000000000 1.0000000000

0.0000000000 0.0000000000 1.0000000000 2276.0000000000
0.0000000000 1.0000000000 0.0000000000 -772.4000000000
-1.0000000000 0.0000000000 0.0000000000 1880.0000000000
0.0000000000 0.0000000000 0.0000000000 1.0000000000

0.0000000000 0.0000000000 1.0000000000 2276.0000000000
0.0000000000 1.0000000000 0.0000000000 -772.8000000000
-1.0000000000 0.0000000000 0.0000000000 1880.0000000000
0.0000000000 0.0000000000 0.0000000000 1.0000000000

0.0000000000 0.0000000000 1.0000000000 2276.0000000000
0.0000000000 1.0000000000 0.0000000000 -773.2000000000
-1.0000000000 0.0000000000 0.0000000000 1880.0000000000
0.0000000000 0.0000000000 0.0000000000 1.0000000000

0.0000000000 0.0000000000 1.0000000000 2276.0000000000
0.0000000000 1.0000000000 0.0000000000 -773.6000000000
-1.0000000000 0.0000000000 0.0000000000 1880.0000000000
0.0000000000 0.0000000000 0.0000000000 1.0000000000

0.0000000000 0.0000000000 1.0000000000 2276.0000000000
0.0000000000 1.0000000000 0.0000000000 -774.0000000000
-1.0000000000 0.0000000000 0.0000000000 1880.0000000000
0.0000000000 0.0000000000 0.0000000000 1.0000000000

0.0000000000 0.0000000000 1.0000000000 2276.0000000000
0.0000000000 1.0000000000 0.0000000000 -774.4000000000
-1.0000000000 0.0000000000 0.0000000000 1880.0000000000
0.0000000000 0.0000000000 0.0000000000 1.0000000000

0.0000000000 0.0000000000 1.0000000000 2276.0000000000
0.0000000000 1.0000000000 0.0000000000 -774.8000000000
-1.0000000000 0.0000000000 0.0000000000 1880.0000000000
0.0000000000 0.0000000000 0.0000000000 1.0000000000

0.0000000000 0.0000000000 1.0000000000 2276.0000000000
0.0000000000 1.0000000000 0.0000000000 -775.2000000000
-1.0000000000 0.0000000000 0.0000000000 1880.0000000000
0.0000000000 0.0000000000 0.0000000000 1.0000000000

0.0000000000 0.0000000000 1.0000000000 2276.0000000000
0.0000000000 1.0000000000 0.0000000000 -775.6000000000
-1.0000000000 0.0000000000 0.0000000000 1880.0000000000
0.0000000000 0.0000000000 0.0000000000 1.0000000000

0.0000000000 0.0000000000 1.0000000000 2276.0000000000
0.0000000000 1.0000000000 0.0000000000 -776.0000000000
-1.0000000000 0.0000000000 0.0000000000 1880.0000000000
0.0000000000 0.0000000000 0.0000000000 1.0000000000

0.0000000000 0.0000000000 1.0000000000 2276.0000000000
0.0000000000 1.0000000000 0.0000000000 -776.4000000000
-1.0000000000 0.0000000000 0.0000000000 1880.0000000000
0.0000000000 0.0000000000 0.0000000000 1.0000000000

0.0000000000 0.0000000000 1.0000000000 2276.0000000000
0.0000000000 1.0000000000 0.0000000000 -776.8000000000
-1.0000000000 0.0000000000 0.0000000000 1880.0000000000
0.0000000000 0.0000000000 0.0000000000 1.0000000000

0.0000000000 0.0000000000 1.0000000000 2276.0000000000
0.0000000000 1.0000000000 0.0000000000 -777.2000000000
-1.0000000000 0.0000000000 0.0000000000 1880.0000000000
0.0000000000 0.0000000000 0.0000000000 1.0000000000

0.0000000000 0.0000000000 1.0000000000 2276.0000000000
0.0000000000 1.0000000000 0.0000000000 -777.6000000000
-1.0000000000 0.0000000000 0.0000000000 1880.0000000000
0.0000000000 0.0000000000 0.0000000000 1.0000000000

0.0000000000 0.0000000000 1.0000000000 2276.0000000000
0.0000000000 1.0000000000 0.0000000000 -778.0000000000
-1.0000000000 0.0000000000 0.0000000000 1880.0000000000
0.0000000000 0.0000000000 0.0000000000 1.0000000000

0.0000000000 0.0000000000 1.0000000000 2276.0000000000
0.0000000000 1.0000000000 0.0000000000 -778.4000000000
-1.0000000000 0.0000000000 0.0000000000 1880.0000000000
0.0000000000 0.0000000000 0.0000000000 1.0000000000

0.0000000000 0.0000000000 1.0000000000 2276.0000000000
0.0000000000 1.0000000000 0.0000000000 -778.8000000000
-1.0000000000 0.0000000000 0.0000000000 1880.0000000000
0.0000000000 0.0000000000 0.0000000000 1.0000000000

0.0000000000 0.0000000000 1.0000000000 2276.0000000000
0.0000000000 1.0000000000 0.0000000000 -779.2000000000
-1.0000000000 0.0000000000 0.0000000000 1880.0000000000
0.0000000000 0.0000000000 0.0000000000 1.0000000000

0.0000000000 0.0000000000 1.0000000000 2276.0000000000
0.0000000000 1.0000000000 0.0000000000 -779.6000000000
-1.0000000000 0.0000000000 0.0000000000 1880.0000000000
0.0000000000 0.0000000000 0.0000000000 1.0000000000

0.0000000000 0.0000000000 1.0000000000 2276.0000000000
0.0000000000 1.0000000000 0.0000000000 -780.0000000000
-1.0000000000 0.0000000000 0.0000000000 1880.0000000000
0.0000000000 0.0000000000 0.0000000000 1.0000000000

0.0000000000 0.0000000000 1.0000000000 2276.0000000000
0.0000000000 1.0000000000 0.0000000000 -780.4000000000
-1.0000000000 0.0000000000 0.0000000000 1880.0000000000
0.0000000000 0.0000000000 0.0000000000 1.0000000000

0.0000000000 0.0000000000 1.0000000000 2276.0000000000
0.0000000000 1.0000000000 0.0000000000 -780.8000000000
-1.0000000000 0.0000000000 0.0000000000 1880.0000000000
0.0000000000 0.0000000000 0.0000000000 1.0000000000

0.0000000000 0.0000000000 1.0000000000 2276.0000000000
0.0000000000 1.0000000000 0.0000000000 -781.2000000000
-1.0000000000 0.0000000000 0.0000000000 1880.0000000000
0.0000000000 0.0000000000 0.0000000000 1.0000000000

0.0000000000 0.0000000000 1.0000000000 2276.0000000000
0.0000000000 1.0000000000 0.0000000000 -781.6000000000
-1.0000000000 0.0000000000 0.0000000000 1880.0000000000
0.0000000000 0.0000000000 0.0000000000 1.0000000000

0.0000000000 0.0000000000 1.0000000000 2276.0000000000
0.0000000000 1.0000000000 0.0000000000 -782.0000000000
-1.0000000000 0.0000000000 0.0000000000 1880.0000000000
0.0000000000 0.0000000000 0.0000000000 1.0000000000

0.0000000000 0.0000000000 1.0000000000 2276.0000000000
0.0000000000 1.0000000000 0.0000000000 -782.4000000000
-1.0000000000 0.0000000000 0.0000000000 1880.0000000000
0.0000000000 0.0000000000 0.0000000000 1.0000000000

0.0000000000 0.0000000000 1.0000000000 2276.0000000000
0.0000000000 1.0000000000 0.0000000000 -782.8000000000
-1.0000000000 0.0000000000 0.0000000000 1880.0000000000
0.0000000000 0.0000000000 0.0000000000 1.0000000000

0.0000000000 0.0000000000 1.0000000000 2276.0000000000
0.0000000000 1.0000000000 0.0000000000 -783.2000000000
-1.0000000000 0.0000000000 0.0000000000 1880.0000000000
0.0000000000 0.0000000000 0.0000000000 1.0000000000

0.0000000000 0.0000000000 1.0000000000 2276.0000000000
0.0000000000 1.0000000000 0.0000000000 -783.6000000000
-1.0000000000 0.0000000000 0.0000000000 1880.0000000000
0.0000000000 0.0000000000 0.0000000000 1.0000000000

0.0000000000 0.0000000000 1.0000000000 2276.0000000000
0.0000000000 1.0000000000 0.0000000000 -784.0000000000
-1.0000000000 0.0000000000 0.0000000000 1880.0000000000
0.0000000000 0.0000000000 0.0000000000 1.0000000000

0.0000000000 0.0000000000 1.0000000000 2276.0000000000
0.0000000000 1.0000000000 0.0000000000 -784.4000000000
-1.0000000000 0.0000000000 0.0000000000 1880.0000000000
0.0000000000 0.0000000000 0.0000000000 1.0000000000

0.0000000000 0.0000000000 1.0000000000 2276.0000000000
0.0000000000 1.0000000000 0.0000000000 -784.8000000000
-1.0000000000 0.0000000000 0.0000000000 1880.0000000000
0.0000000000 0.0000000000 0.0000000000 1.0000000000

0.0000000000 0.0000000000 1.0000000000 2276.0000000000
0.0000000000 1.0000000000 0.0000000000 -785.2000000000
-1.0000000000 0.0000000000 0.0000000000 1880.0000000000
0.0000000000 0.0000000000 0.0000000000 1.0000000000

0.0000000000 0.0000000000 1.0000000000 2276.0000000000
0.0000000000 1.0000000000 0.0000000000 -785.6000000000
-1.0000000000 0.0000000000 0.0000000000 1880.0000000000
0.0000000000 0.0000000000 0.0000000000 1.0000000000

0.0000000000 0.0000000000 1.0000000000 2276.0000000000
0.0000000000 1.0000000000 0.0000000000 -786.0000000000
-1.0000000000 0.0000000000 0.0000000000 1880.0000000000
0.0000000000 0.0000000000 0.0000000000 1.0000000000

0.0000000000 0.0000000000 1.0000000000 2276.0000000000
0.0000000000 1.0000000000 0.0000000000 -786.4000000000
-1.0000000000 0.0000000000 0.0000000000 1880.0000000000
0.0000000000 0.0000000000 0.0000000000 1.0000000000

0.0000000000 0.0000000000 1.0000000000 2276.0000000000
0.0000000000 1.0000000000 0.0000000000 -786.8000000000
-1.0000000000 0.0000000000 0.0000000000 1880.0000000000
0.0000000000 0.0000000000 0.0000000000 1.0000000000

0.0000000000 0.0000000000 1.0000000000 2276.0000000000
0.0000000000 1.0000000000 0.0000000000 -787.2000000000
-1.0000000000 0.0000000000 0.0000000000 1880.0000000000
0.0000000000 0.0000000000 0.0000000000 1.0000000000

0.0000000000 0.0000000000 1.0000000000 2276.0000000000
0.0000000000 1.0000000000 0.0000000000 -787.6000000000
-1.0000000000 0.0000000000 0.0000000000 1880.0000000000
0.0000000000 0.0000000000 0.0000000000 1.0000000000

0.0000000000 0.0000000000 1.0000000000 2276.0000000000
0.0000000000 1.0000000000 0.0000000000 -788.0000000000
-1.0000000000 0.0000000000 0.0000000000 1880.0000000000
0.0000000000 0.0000000000 0.0000000000 1.0000000000

0.0000000000 0.0000000000 1.0000000000 2276.0000000000
0.0000000000 1.0000000000 0.0000000000 -788.4000000000
-1.0000000000 0.0000000000 0.0000000000 1880.0000000000
0.0000000000 0.0000000000 0.0000000000 1.0000000000

0.0000000000 0.0000000000 1.0000000000 2276.0000000000
0.0000000000 1.0000000000 0.0000000000 -788.8000000000
-1.0000000000 0.0000000000 0.0000000000 1880.0000000000
0.0000000000 0.0000000000 0.0000000000 1.0000000000

0.0000000000 0.0000000000 1.0000000000 2276.0000000000
0.0000000000 1.0000000000 0.0000000000 -789.2000000000
-1.0000000000 0.0000000000 0.0000000000 1880.0000000000
0.0000000000 0.0000000000 0.0000000000 1.0000000000

0.0000000000 0.0000000000 1.0000000000 2276.0000000000
0.0000000000 1.0000000000 0.0000000000 -789.6000000000
-1.0000000000 0.0000000000 0.0000000000 1880.0000000000
0.0000000000 0.0000000000 0.0000000000 1.0000000000

0.0000000000 0.0000000000 1.0000000000 2276.0000000000
0.0000000000 1.0000000000 0.0000000000 -790.0000000000
-1.0000000000 0.0000000000 0.0000000000 1880.0000000000
0.0000000000 0.0000000000 0.0000000000 1.0000000000

0.0000000000 0.0000000000 1.0000000000 2276.0000000000
0.0000000000 1.0000000000 0.0000000000 -790.4000000000
-1.0000000000 0.0000000000 0.0000000000 1880.0000000000
0.0000000000 0.0000000000 0.0000000000 1.0000000000

0.0000000000 0.0000000000 1.0000000000 2276.0000000000
0.0000000000 1.0000000000 0.0000000000 -790.8000000000
-1.0000000000 0.0000000000 0.0000000000 1880.0000000000
0.0000000000 0.0000000000 0.0000000000 1.0000000000

0.0000000000 0.0000000000 1.0000000000 2276.0000000000
0.0000000000 1.0000000000 0.0000000000 -791.2000000000
-1.0000000000 0.0000000000 0.0000000000 1880.0000000000
0.0000000000 0.0000000000 0.0000000000 1.0000000000

0.0000000000 0.0000000000 1.0000000000 2276.0000000000
0.0000000000 1.0000000000 0.0000000000 -791.6000000000
-1.0000000000 0.0000000000 0.0000000000 1880.0000000000
0.0000000000 0.0000000000 0.0000000000 1.0000000000

0.0000000000 0.0000000000 1.0000000000 2276.0000000000
0.0000000000 1.0000000000 0.0000000000 -792.0000000000
-1.0000000000 0.0000000000 0.0000000000 1880.0000000000
0.0000000000 0.0000000000 0.0000000000 1.0000000000

0.0000000000 0.0000000000 1.0000000000 2276.0000000000
0.0000000000 1.0000000000 0.0000000000 -792.4000000000
-1.0000000000 0.0000000000 0.0000000000 1880.0000000000
0.0000000000 0.0000000000 0.0000000000 1.0000000000

0.0000000000 0.0000000000 1.0000000000 2276.0000000000
0.0000000000 1.0000000000 0.0000000000 -792.8000000000
-1.0000000000 0.0000000000 0.0000000000 1880.0000000000
0.0000000000 0.0000000000 0.0000000000 1.0000000000

0.0000000000 0.0000000000 1.0000000000 2276.0000000000
0.0000000000 1.0000000000 0.0000000000 -793.2000000000
-1.0000000000 0.0000000000 0.0000000000 1880.0000000000
0.0000000000 0.0000000000 0.0000000000 1.0000000000

0.0000000000 0.0000000000 1.0000000000 2276.0000000000
0.0000000000 1.0000000000 0.0000000000 -793.6000000000
-1.0000000000 0.0000000000 0.0000000000 1880.0000000000
0.0000000000 0.0000000000 0.0000000000 1.0000000000

0.0000000000 0.0000000000 1.0000000000 2276.0000000000
0.0000000000 1.0000000000 0.0000000000 -794.0000000000
-1.0000000000 0.0000000000 0.0000000000 1880.0000000000
0.0000000000 0.0000000000 0.0000000000 1.0000000000

0.0000000000 0.0000000000 1.0000000000 2276.0000000000
0.0000000000 1.0000000000 0.0000000000 -794.4000000000
-1.0000000000 0.0000000000 0.0000000000 1880.0000000000
0.0000000000 0.0000000000 0.0000000000 1.0000000000

0.0000000000 0.0000000000 1.0000000000 2276.0000000000
0.0000000000 1.0000000000 0.0000000000 -794.8000000000
-1.0000000000 0.0000000000 0.0000000000 1880.0000000000
0.0000000000 0.0000000000 0.0000000000 1.0000000000

0.0000000000 0.0000000000 1.0000000000 2276.0000000000
0.0000000000 1.0000000000 0.0000000000 -795.2000000000
-1.0000000000 0.0000000000 0.0000000000 1880.0000000000
0.0000000000 0.0000000000 0.0000000000 1.0000000000

0.0000000000 0.0000000000 1.0000000000 2276.0000000000
0.0000000000 1.0000000000 0.0000000000 -795.6000000000
-1.0000000000 0.0000000000 0.0000000000 1880.0000000000
0.0000000000 0.0000000000 0.0000000000 1.0000000000

0.0000000000 0.0000000000 1.0000000000 2276.0000000000
0.0000000000 1.0000000000 0.0000000000 -796.0000000000
-1.0000000000 0.0000000000 0.0000000000 1880.0000000000
0.0000000000 0.0000000000 0.0000000000 1.0000000000

0.0000000000 0.0000000000 1.0000000000 2276.0000000000
0.0000000000 1.0000000000 0.0000000000 -796.4000000000
-1.0000000000 0.0000000000 0.0000000000 1880.0000000000
0.0000000000 0.0000000000 0.0000000000 1.0000000000

0.0000000000 0.0000000000 1.0000000000 2276.0000000000
0.0000000000 1.0000000000 0.0000000000 -796.8000000000
-1.0000000000 0.0000000000 0.0000000000 1880.0000000000
0.0000000000 0.0000000000 0.0000000000 1.0000000000

0.0000000000 0.0000000000 1.0000000000 2276.0000000000
0.0000000000 1.0000000000 0.0000000000 -797.2000000000
-1.0000000000 0.0000000000 0.0000000000 1880.0000000000
0.0000000000 0.0000000000 0.0000000000 1.0000000000

0.0000000000 0.0000000000 1.0000000000 2276.0000000000
0.0000000000 1.0000000000 0.0000000000 -797.6000000000
-1.0000000000 0.0000000000 0.0000000000 1880.0000000000
0.0000000000 0.0000000000 0.0000000000 1.0000000000

0.0000000000 0.0000000000 1.0000000000 2276.0000000000
0.0000000000 1.0000000000 0.0000000000 -798.0000000000
-1.0000000000 0.0000000000 0.0000000000 1880.0000000000
0.0000000000 0.0000000000 0.0000000000 1.0000000000

0.0000000000 0.0000000000 1.0000000000 2276.0000000000
0.0000000000 1.0000000000 0.0000000000 -798.4000000000
-1.0000000000 0.0000000000 0.0000000000 1880.0000000000
0.0000000000 0.0000000000 0.0000000000 1.0000000000

0.0000000000 0.0000000000 1.0000000000 2276.0000000000
0.0000000000 1.0000000000 0.0000000000 -798.8000000000
-1.0000000000 0.0000000000 0.0000000000 1880.0000000000
0.0000000000 0.0000000000 0.0000000000 1.0000000000

0.0000000000 0.0000000000 1.0000000000 2276.0000000000
0.0000000000 1.0000000000 0.0000000000 -799.2000000000
-1.0000000000 0.0000000000 0.0000000000 1880.0000000000
0.0000000000 0.0000000000 0.0000000000 1.0000000000

0.0000000000 0.0000000000 1.0000000000 2276.0000000000
0.0000000000 1.0000000000 0.0000000000 -799.6000000000
-1.0000000000 0.0000000000 0.0000000000 1880.0000000000
0.0000000000 0.0000000000 0.0000000000 1.0000000000

0.0000000000 0.0000000000 1.0000000000 2276.0000000000
0.0000000000 1.0000000000 0.0000000000 -800.0000000000
-1.0000000000 0.0000000000 0.0000000000 1880.0000000000
0.0000000000 0.0000000000 0.0000000000 1.0000000000

0.0000000000 0.0000000000 1.0000000000 2276.0000000000
0.0000000000 1.0000000000 0.0000000000 -800.4000000000
-1.0000000000 0.0000000000 0.0000000000 1880.0000000000
0.0000000000 0.0000000000 0.0000000000 1.0000000000

0.0000000000 0.0000000000 1.0000000000 2276.0000000000
0.0000000000 1.0000000000 0.0000000000 -800.8000000000
-1.0000000000 0.0000000000 0.0000000000 1880.0000000000
0.0000000000 0.0000000000 0.0000000000 1.0000000000

0.0000000000 0.0000000000 1.0000000000 2276.0000000000
0.0000000000 1.0000000000 0.0000000000 -801.2000000000
-1.0000000000 0.0000000000 0.0000000000 1880.0000000000
0.0000000000 0.0000000000 0.0000000000 1.0000000000

0.0000000000 0.0000000000 1.0000000000 2276.0000000000
0.0000000000 1.0000000000 0.0000000000 -801.6000000000
-1.0000000000 0.0000000000 0.0000000000 1880.0000000000
0.0000000000 0.0000000000 0.0000000000 1.0000000000

0.0000000000 0.0000000000 1.0000000000 2276.0000000000
0.0000000000 1.0000000000 0.0000000000 -802.0000000000
-1.0000000000 0.0000000000 0.0000000000 1880.0000000000
0.0000000000 0.0000000000 0.0000000000 1.0000000000

0.0000000000 0.0000000000 1.0000000000 2276.0000000000
0.0000000000 1.0000000000 0.0000000000 -802.4000000000
-1.0000000000 0.0000000000 0.0000000000 1880.0000000000
0.0000000000 0.0000000000 0.0000000000 1.0000000000

0.0000000000 0.0000000000 1.0000000000 2276.0000000000
0.0000000000 1.0000000000 0.0000000000 -802.8000000000
-1.0000000000 0.0000000000 0.0000000000 1880.0000000000
0.0000000000 0.0000000000 0.0000000000 1.0000000000

0.0000000000 0.0000000000 1.0000000000 2276.0000000000
0.0000000000 1.0000000000 0.0000000000 -803.2000000000
-1.0000000000 0.0000000000 0.0000000000 1880.0000000000
0.0000000000 0.0000000000 0.0000000000 1.0000000000

0.0000000000 0.0000000000 1.0000000000 2276.0000000000
0.0000000000 1.0000000000 0.0000000000 -803.6000000000
-1.0000000000 0.0000000000 0.0000000000 1880.0000000000
0.0000000000 0.0000000000 0.0000000000 1.0000000000

0.0000000000 0.0000000000 1.0000000000 2276.0000000000
0.0000000000 1.0000000000 0.0000000000 -804.0000000000
-1.0000000000 0.0000000000 0.0000000000 1880.0000000000
0.0000000000 0.0000000000 0.0000000000 1.0000000000

0.0000000000 0.0000000000 1.0000000000 2276.0000000000
0.0000000000 1.0000000000 0.0000000000 -804.4000000000
-1.0000000000 0.0000000000 0.0000000000 1880.0000000000
0.0000000000 0.0000000000 0.0000000000 1.0000000000

0.0000000000 0.0000000000 1.0000000000 2276.0000000000
0.0000000000 1.0000000000 0.0000000000 -804.8000000000
-1.0000000000 0.0000000000 0.0000000000 1880.0000000000
0.0000000000 0.0000000000 0.0000000000 1.0000000000

0.0000000000 0.0000000000 1.0000000000 2276.0000000000
0.0000000000 1.0000000000 0.0000000000 -805.2000000000
-1.0000000000 0.0000000000 0.0000000000 1880.0000000000
0.0000000000 0.0000000000 0.0000000000 1.0000000000

0.0000000000 0.0000000000 1.0000000000 2276.0000000000
0.0000000000 1.0000000000 0.0000000000 -805.6000000000
-1.0000000000 0.0000000000 0.0000000000 1880.0000000000
0.0000000000 0.0000000000 0.0000000000 1.0000000000

0.0000000000 0.0000000000 1.0000000000 2276.0000000000
0.0000000000 1.0000000000 0.0000000000 -806.0000000000
-1.0000000000 0.0000000000 0.0000000000 1880.0000000000
0.0000000000 0.0000000000 0.0000000000 1.0000000000

0.0000000000 0.0000000000 1.0000000000 2276.0000000000
0.0000000000 1.0000000000 0.0000000000 -806.4000000000
-1.0000000000 0.0000000000 0.0000000000 1880.0000000000
0.0000000000 0.0000000000 0.0000000000 1.0000000000

0.0000000000 0.0000000000 1.0000000000 2276.0000000000
0.0000000000 1.0000000000 0.0000000000 -806.8000000000
-1.0000000000 0.0000000000 0.0000000000 1880.0000000000
0.0000000000 0.0000000000 0.0000000000 1.0000000000

0.0000000000 0.0000000000 1.0000000000 2276.0000000000
0.0000000000 1.0000000000 0.0000000000 -807.2000000000
-1.0000000000 0.0000000000 0.0000000000 1880.0000000000
0.0000000000 0.0000000000 0.0000000000 1.0000000000

0.0000000000 0.0000000000 1.0000000000 2276.0000000000
0.0000000000 1.0000000000 0.0000000000 -807.6000000000
-1.0000000000 0.0000000000 0.0000000000 1880.0000000000
0.0000000000 0.0000000000 0.0000000000 1.0000000000

0.0000000000 0.0000000000 1.0000000000 2276.0000000000
0.0000000000 1.0000000000 0.0000000000 -808.0000000000
-1.0000000000 0.0000000000 0.0000000000 1880.0000000000
0.0000000000 0.0000000000 0.0000000000 1.0000000000

0.0000000000 0.0000000000 1.0000000000 2276.0000000000
0.0000000000 1.0000000000 0.0000000000 -808.4000000000
-1.0000000000 0.0000000000 0.0000000000 1880.0000000000
0.0000000000 0.0000000000 0.0000000000 1.0000000000

0.0000000000 0.0000000000 1.0000000000 2276.0000000000
0.0000000000 1.0000000000 0.0000000000 -808.8000000000
-1.0000000000 0.0000000000 0.0000000000 1880.0000000000
0.0000000000 0.0000000000 0.0000000000 1.0000000000

0.0000000000 0.0000000000 1.0000000000 2276.0000000000
0.0000000000 1.0000000000 0.0000000000 -809.2000000000
-1.0000000000 0.0000000000 0.0000000000 1880.0000000000
0.0000000000 0.0000000000 0.0000000000 1.0000000000

0.0000000000 0.0000000000 1.0000000000 2276.0000000000
0.0000000000 1.0000000000 0.0000000000 -809.6000000000
-1.0000000000 0.0000000000 0.0000000000 1880.0000000000
0.0000000000 0.0000000000 0.0000000000 1.0000000000

0.0000000000 0.0000000000 1.0000000000 2276.0000000000
0.0000000000 1.0000000000 0.0000000000 -810.0000000000
-1.0000000000 0.0000000000 0.0000000000 1880.0000000000
0.0000000000 0.0000000000 0.0000000000 1.0000000000

0.0000000000 0.0000000000 1.0000000000 2276.0000000000
0.0000000000 1.0000000000 0.0000000000 -810.4000000000
-1.0000000000 0.0000000000 0.0000000000 1880.0000000000
0.0000000000 0.0000000000 0.0000000000 1.0000000000

0.0000000000 0.0000000000 1.0000000000 2276.0000000000
0.0000000000 1.0000000000 0.0000000000 -810.8000000000
-1.0000000000 0.0000000000 0.0000000000 1880.0000000000
0.0000000000 0.0000000000 0.0000000000 1.0000000000

0.0000000000 0.0000000000 1.0000000000 2276.0000000000
0.0000000000 1.0000000000 0.0000000000 -811.2000000000
-1.0000000000 0.0000000000 0.0000000000 1880.0000000000
0.0000000000 0.0000000000 0.0000000000 1.0000000000

0.0000000000 0.0000000000 1.0000000000 2276.0000000000
0.0000000000 1.0000000000 0.0000000000 -811.6000000000
-1.0000000000 0.0000000000 0.0000000000 1880.0000000000
0.0000000000 0.0000000000 0.0000000000 1.0000000000

0.0000000000 0.0000000000 1.0000000000 2276.0000000000
0.0000000000 1.0000000000 0.0000000000 -812.0000000000
-1.0000000000 0.0000000000 0.0000000000 1880.0000000000
0.0000000000 0.0000000000 0.0000000000 1.0000000000

0.0000000000 0.0000000000 1.0000000000 2276.0000000000
0.0000000000 1.0000000000 0.0000000000 -812.4000000000
-1.0000000000 0.0000000000 0.0000000000 1880.0000000000
0.0000000000 0.0000000000 0.0000000000 1.0000000000

0.0000000000 0.0000000000 1.0000000000 2276.0000000000
0.0000000000 1.0000000000 0.0000000000 -812.8000000000
-1.0000000000 0.0000000000 0.0000000000 1880.0000000000
0.0000000000 0.0000000000 0.0000000000 1.0000000000

0.0000000000 0.0000000000 1.0000000000 2276.0000000000
0.0000000000 1.0000000000 0.0000000000 -813.2000000000
-1.0000000000 0.0000000000 0.0000000000 1880.0000000000
0.0000000000 0.0000000000 0.0000000000 1.0000000000

0.0000000000 0.0000000000 1.0000000000 2276.0000000000
0.0000000000 1.0000000000 0.0000000000 -813.6000000000
-1.0000000000 0.0000000000 0.0000000000 1880.0000000000
0.0000000000 0.0000000000 0.0000000000 1.0000000000

0.0000000000 0.0000000000 1.0000000000 2276.0000000000
0.0000000000 1.0000000000 0.0000000000 -814.0000000000
-1.0000000000 0.0000000000 0.0000000000 1880.0000000000
0.0000000000 0.0000000000 0.0000000000 1.0000000000

0.0000000000 0.0000000000 1.0000000000 2276.0000000000
0.0000000000 1.0000000000 0.0000000000 -814.4000000000
-1.0000000000 0.0000000000 0.0000000000 1880.0000000000
0.0000000000 0.0000000000 0.0000000000 1.0000000000

0.0000000000 0.0000000000 1.0000000000 2276.0000000000
0.0000000000 1.0000000000 0.0000000000 -814.8000000000
-1.0000000000 0.0000000000 0.0000000000 1880.0000000000
0.0000000000 0.0000000000 0.0000000000 1.0000000000

0.0000000000 0.0000000000 1.0000000000 2276.0000000000
0.0000000000 1.0000000000 0.0000000000 -815.2000000000
-1.0000000000 0.0000000000 0.0000000000 1880.0000000000
0.0000000000 0.0000000000 0.0000000000 1.0000000000

0.0000000000 0.0000000000 1.0000000000 2276.0000000000
0.0000000000 1.0000000000 0.0000000000 -815.6000000000
-1.0000000000 0.0000000000 0.0000000000 1880.0000000000
0.0000000000 0.0000000000 0.0000000000 1.0000000000

0.0000000000 0.0000000000 1.0000000000 2276.0000000000
0.0000000000 1.0000000000 0.0000000000 -816.0000000000
-1.0000000000 0.0000000000 0.0000000000 1880.0000000000
0.0000000000 0.0000000000 0.0000000000 1.0000000000

0.0000000000 0.0000000000 1.0000000000 2276.0000000000
0.0000000000 1.0000000000 0.0000000000 -816.4000000000
-1.0000000000 0.0000000000 0.0000000000 1880.0000000000
0.0000000000 0.0000000000 0.0000000000 1.0000000000

0.0000000000 0.0000000000 1.0000000000 2276.0000000000
0.0000000000 1.0000000000 0.0000000000 -816.8000000000
-1.0000000000 0.0000000000 0.0000000000 1880.0000000000
0.0000000000 0.0000000000 0.0000000000 1.0000000000

0.0000000000 0.0000000000 1.0000000000 2276.0000000000
0.0000000000 1.0000000000 0.0000000000 -817.2000000000
-1.0000000000 0.0000000000 0.0000000000 1880.0000000000
0.0000000000 0.0000000000 0.0000000000 1.0000000000

0.0000000000 0.0000000000 1.0000000000 2276.0000000000
0.0000000000 1.0000000000 0.0000000000 -817.6000000000
-1.0000000000 0.0000000000 0.0000000000 1880.0000000000
0.0000000000 0.0000000000 0.0000000000 1.0000000000

0.0000000000 0.0000000000 1.0000000000 2276.0000000000
0.0000000000 1.0000000000 0.0000000000 -818.0000000000
-1.0000000000 0.0000000000 0.0000000000 1880.0000000000
0.0000000000 0.0000000000 0.0000000000 1.0000000000

0.0000000000 0.0000000000 1.0000000000 2276.0000000000
0.0000000000 1.0000000000 0.0000000000 -818.4000000000
-1.0000000000 0.0000000000 0.0000000000 1880.0000000000
0.0000000000 0.0000000000 0.0000000000 1.0000000000

0.0000000000 0.0000000000 1.0000000000 2276.0000000000
0.0000000000 1.0000000000 0.0000000000 -818.8000000000
-1.0000000000 0.0000000000 0.0000000000 1880.0000000000
0.0000000000 0.0000000000 0.0000000000 1.0000000000

0.0000000000 0.0000000000 1.0000000000 2276.0000000000
0.0000000000 1.0000000000 0.0000000000 -819.2000000000
-1.0000000000 0.0000000000 0.0000000000 1880.0000000000
0.0000000000 0.0000000000 0.0000000000 1.0000000000

0.0000000000 0.0000000000 1.0000000000 2276.0000000000
0.0000000000 1.0000000000 0.0000000000 -819.6000000000
-1.0000000000 0.0000000000 0.0000000000 1880.0000000000
0.0000000000 0.0000000000 0.0000000000 1.0000000000

0.0000000000 0.0000000000 1.0000000000 2276.0000000000
0.0000000000 1.0000000000 0.0000000000 -820.0000000000
-1.0000000000 0.0000000000 0.0000000000 1880.0000000000
0.0000000000 0.0000000000 0.0000000000 1.0000000000

0.0000000000 0.0000000000 1.0000000000 2276.0000000000
0.0000000000 1.0000000000 0.0000000000 -820.4000000000
-1.0000000000 0.0000000000 0.0000000000 1880.0000000000
0.0000000000 0.0000000000 0.0000000000 1.0000000000

0.0000000000 0.0000000000 1.0000000000 2276.0000000000
0.0000000000 1.0000000000 0.0000000000 -820.8000000000
-1.0000000000 0.0000000000 0.0000000000 1880.0000000000
0.0000000000 0.0000000000 0.0000000000 1.0000000000

0.0000000000 0.0000000000 1.0000000000 2276.0000000000
0.0000000000 1.0000000000 0.0000000000 -821.2000000000
-1.0000000000 0.0000000000 0.0000000000 1880.0000000000
0.0000000000 0.0000000000 0.0000000000 1.0000000000

0.0000000000 0.0000000000 1.0000000000 2276.0000000000
0.0000000000 1.0000000000 0.0000000000 -821.6000000000
-1.0000000000 0.0000000000 0.0000000000 1880.0000000000
0.0000000000 0.0000000000 0.0000000000 1.0000000000

0.0000000000 0.0000000000 1.0000000000 2276.0000000000
0.0000000000 1.0000000000 0.0000000000 -822.0000000000
-1.0000000000 0.0000000000 0.0000000000 1880.0000000000
0.0000000000 0.0000000000 0.0000000000 1.0000000000

0.0000000000 0.0000000000 1.0000000000 2276.0000000000
0.0000000000 1.0000000000 0.0000000000 -822.4000000000
-1.0000000000 0.0000000000 0.0000000000 1880.0000000000
0.0000000000 0.0000000000 0.0000000000 1.0000000000

0.0000000000 0.0000000000 1.0000000000 2276.0000000000
0.0000000000 1.0000000000 0.0000000000 -822.8000000000
-1.0000000000 0.0000000000 0.0000000000 1880.0000000000
0.0000000000 0.0000000000 0.0000000000 1.0000000000

0.0000000000 0.0000000000 1.0000000000 2276.0000000000
0.0000000000 1.0000000000 0.0000000000 -823.2000000000
-1.0000000000 0.0000000000 0.0000000000 1880.0000000000
0.0000000000 0.0000000000 0.0000000000 1.0000000000

0.0000000000 0.0000000000 1.0000000000 2276.0000000000
0.0000000000 1.0000000000 0.0000000000 -823.6000000000
-1.0000000000 0.0000000000 0.0000000000 1880.0000000000
0.0000000000 0.0000000000 0.0000000000 1.0000000000

0.0000000000 0.0000000000 1.0000000000 2276.0000000000
0.0000000000 1.0000000000 0.0000000000 -824.0000000000
-1.0000000000 0.0000000000 0.0000000000 1880.0000000000
0.0000000000 0.0000000000 0.0000000000 1.0000000000

0.0000000000 0.0000000000 1.0000000000 2276.0000000000
0.0000000000 1.0000000000 0.0000000000 -824.4000000000
-1.0000000000 0.0000000000 0.0000000000 1880.0000000000
0.0000000000 0.0000000000 0.0000000000 1.0000000000

0.0000000000 0.0000000000 1.0000000000 2276.0000000000
0.0000000000 1.0000000000 0.0000000000 -824.8000000000
-1.0000000000 0.0000000000 0.0000000000 1880.0000000000
0.0000000000 0.0000000000 0.0000000000 1.0000000000

0.0000000000 0.0000000000 1.0000000000 2276.0000000000
0.0000000000 1.0000000000 0.0000000000 -825.2000000000
-1.0000000000 0.0000000000 0.0000000000 1880.0000000000
0.0000000000 0.0000000000 0.0000000000 1.0000000000

0.0000000000 0.0000000000 1.0000000000 2276.0000000000
0.0000000000 1.0000000000 0.0000000000 -825.6000000000
-1.0000000000 0.0000000000 0.0000000000 1880.0000000000
0.0000000000 0.0000000000 0.0000000000 1.0000000000

0.0000000000 0.0000000000 1.0000000000 2276.0000000000
0.0000000000 1.0000000000 0.0000000000 -826.0000000000
-1.0000000000 0.0000000000 0.0000000000 1880.0000000000
0.0000000000 0.0000000000 0.0000000000 1.0000000000

0.0000000000 0.0000000000 1.0000000000 2276.0000000000
0.0000000000 1.0000000000 0.0000000000 -826.4000000000
-1.0000000000 0.0000000000 0.0000000000 1880.0000000000
0.0000000000 0.0000000000 0.0000000000 1.0000000000

0.0000000000 0.0000000000 1.0000000000 2276.0000000000
0.0000000000 1.0000000000 0.0000000000 -826.8000000000
-1.0000000000 0.0000000000 0.0000000000 1880.0000000000
0.0000000000 0.0000000000 0.0000000000 1.0000000000

0.0000000000 0.0000000000 1.0000000000 2276.0000000000
0.0000000000 1.0000000000 0.0000000000 -827.2000000000
-1.0000000000 0.0000000000 0.0000000000 1880.0000000000
0.0000000000 0.0000000000 0.0000000000 1.0000000000

0.0000000000 0.0000000000 1.0000000000 2276.0000000000
0.0000000000 1.0000000000 0.0000000000 -827.6000000000
-1.0000000000 0.0000000000 0.0000000000 1880.0000000000
0.0000000000 0.0000000000 0.0000000000 1.0000000000

0.0000000000 0.0000000000 1.0000000000 2276.0000000000
0.0000000000 1.0000000000 0.0000000000 -828.0000000000
-1.0000000000 0.0000000000 0.0000000000 1880.0000000000
0.0000000000 0.0000000000 0.0000000000 1.0000000000

0.0000000000 0.0000000000 1.0000000000 2276.0000000000
0.0000000000 1.0000000000 0.0000000000 -828.4000000000
-1.0000000000 0.0000000000 0.0000000000 1880.0000000000
0.0000000000 0.0000000000 0.0000000000 1.0000000000

0.0000000000 0.0000000000 1.0000000000 2276.0000000000
0.0000000000 1.0000000000 0.0000000000 -828.8000000000
-1.0000000000 0.0000000000 0.0000000000 1880.0000000000
0.0000000000 0.0000000000 0.0000000000 1.0000000000

0.0000000000 0.0000000000 1.0000000000 2276.0000000000
0.0000000000 1.0000000000 0.0000000000 -829.2000000000
-1.0000000000 0.0000000000 0.0000000000 1880.0000000000
0.0000000000 0.0000000000 0.0000000000 1.0000000000

0.0000000000 0.0000000000 1.0000000000 2276.0000000000
0.0000000000 1.0000000000 0.0000000000 -829.6000000000
-1.0000000000 0.0000000000 0.0000000000 1880.0000000000
0.0000000000 0.0000000000 0.0000000000 1.0000000000

0.0000000000 0.0000000000 1.0000000000 2276.0000000000
0.0000000000 1.0000000000 0.0000000000 -830.0000000000
-1.0000000000 0.0000000000 0.0000000000 1880.0000000000
0.0000000000 0.0000000000 0.0000000000 1.0000000000

0.0000000000 0.0000000000 1.0000000000 2276.0000000000
0.0000000000 1.0000000000 0.0000000000 -830.4000000000
-1.0000000000 0.0000000000 0.0000000000 1880.0000000000
0.0000000000 0.0000000000 0.0000000000 1.0000000000

0.0000000000 0.0000000000 1.0000000000 2276.0000000000
0.0000000000 1.0000000000 0.0000000000 -830.8000000000
-1.0000000000 0.0000000000 0.0000000000 1880.0000000000
0.0000000000 0.0000000000 0.0000000000 1.0000000000

0.0000000000 0.0000000000 1.0000000000 2276.0000000000
0.0000000000 1.0000000000 0.0000000000 -831.2000000000
-1.0000000000 0.0000000000 0.0000000000 1880.0000000000
0.0000000000 0.0000000000 0.0000000000 1.0000000000

0.0000000000 0.0000000000 1.0000000000 2276.0000000000
0.0000000000 1.0000000000 0.0000000000 -831.6000000000
-1.0000000000 0.0000000000 0.0000000000 1880.0000000000
0.0000000000 0.0000000000 0.0000000000 1.0000000000

0.0000000000 0.0000000000 1.0000000000 2276.0000000000
0.0000000000 1.0000000000 0.0000000000 -832.0000000000
-1.0000000000 0.0000000000 0.0000000000 1880.0000000000
0.0000000000 0.0000000000 0.0000000000 1.0000000000

0.0000000000 0.0000000000 1.0000000000 2276.0000000000
0.0000000000 1.0000000000 0.0000000000 -832.4000000000
-1.0000000000 0.0000000000 0.0000000000 1880.0000000000
0.0000000000 0.0000000000 0.0000000000 1.0000000000

0.0000000000 0.0000000000 1.0000000000 2276.0000000000
0.0000000000 1.0000000000 0.0000000000 -832.8000000000
-1.0000000000 0.0000000000 0.0000000000 1880.0000000000
0.0000000000 0.0000000000 0.0000000000 1.0000000000

0.0000000000 0.0000000000 1.0000000000 2276.0000000000
0.0000000000 1.0000000000 0.0000000000 -833.2000000000
-1.0000000000 0.0000000000 0.0000000000 1880.0000000000
0.0000000000 0.0000000000 0.0000000000 1.0000000000

0.0000000000 0.0000000000 1.0000000000 2276.0000000000
0.0000000000 1.0000000000 0.0000000000 -833.6000000000
-1.0000000000 0.0000000000 0.0000000000 1880.0000000000
0.0000000000 0.0000000000 0.0000000000 1.0000000000

0.0000000000 0.0000000000 1.0000000000 2276.0000000000
0.0000000000 1.0000000000 0.0000000000 -834.0000000000
-1.0000000000 0.0000000000 0.0000000000 1880.0000000000
0.0000000000 0.0000000000 0.0000000000 1.0000000000

0.0000000000 0.0000000000 1.0000000000 2276.0000000000
0.0000000000 1.0000000000 0.0000000000 -834.4000000000
-1.0000000000 0.0000000000 0.0000000000 1880.0000000000
0.0000000000 0.0000000000 0.0000000000 1.0000000000

0.0000000000 0.0000000000 1.0000000000 2276.0000000000
0.0000000000 1.0000000000 0.0000000000 -834.8000000000
-1.0000000000 0.0000000000 0.0000000000 1880.0000000000
0.0000000000 0.0000000000 0.0000000000 1.0000000000

0.0000000000 0.0000000000 1.0000000000 2276.0000000000
0.0000000000 1.0000000000 0.0000000000 -835.2000000000
-1.0000000000 0.0000000000 0.0000000000 1880.0000000000
0.0000000000 0.0000000000 0.0000000000 1.0000000000

0.0000000000 0.0000000000 1.0000000000 2276.0000000000
0.0000000000 1.0000000000 0.0000000000 -835.6000000000
-1.0000000000 0.0000000000 0.0000000000 1880.0000000000
0.0000000000 0.0000000000 0.0000000000 1.0000000000

0.0000000000 0.0000000000 1.0000000000 2276.0000000000
0.0000000000 1.0000000000 0.0000000000 -836.0000000000
-1.0000000000 0.0000000000 0.0000000000 1880.0000000000
0.0000000000 0.0000000000 0.0000000000 1.0000000000

0.0000000000 0.0000000000 1.0000000000 2276.0000000000
0.0000000000 1.0000000000 0.0000000000 -836.4000000000
-1.0000000000 0.0000000000 0.0000000000 1880.0000000000
0.0000000000 0.0000000000 0.0000000000 1.0000000000

0.0000000000 0.0000000000 1.0000000000 2276.0000000000
0.0000000000 1.0000000000 0.0000000000 -836.8000000000
-1.0000000000 0.0000000000 0.0000000000 1880.0000000000
0.0000000000 0.0000000000 0.0000000000 1.0000000000

0.0000000000 0.0000000000 1.0000000000 2276.0000000000
0.0000000000 1.0000000000 0.0000000000 -837.2000000000
-1.0000000000 0.0000000000 0.0000000000 1880.0000000000
0.0000000000 0.0000000000 0.0000000000 1.0000000000

0.0000000000 0.0000000000 1.0000000000 2276.0000000000
0.0000000000 1.0000000000 0.0000000000 -837.6000000000
-1.0000000000 0.0000000000 0.0000000000 1880.0000000000
0.0000000000 0.0000000000 0.0000000000 1.0000000000

0.0000000000 0.0000000000 1.0000000000 2276.0000000000
0.0000000000 1.0000000000 0.0000000000 -838.0000000000
-1.0000000000 0.0000000000 0.0000000000 1880.0000000000
0.0000000000 0.0000000000 0.0000000000 1.0000000000

0.0000000000 0.0000000000 1.0000000000 2276.0000000000
0.0000000000 1.0000000000 0.0000000000 -838.4000000000
-1.0000000000 0.0000000000 0.0000000000 1880.0000000000
0.0000000000 0.0000000000 0.0000000000 1.0000000000

0.0000000000 0.0000000000 1.0000000000 2276.0000000000
0.0000000000 1.0000000000 0.0000000000 -838.8000000000
-1.0000000000 0.0000000000 0.0000000000 1880.0000000000
0.0000000000 0.0000000000 0.0000000000 1.0000000000

0.0000000000 0.0000000000 1.0000000000 2276.0000000000
0.0000000000 1.0000000000 0.0000000000 -839.2000000000
-1.0000000000 0.0000000000 0.0000000000 1880.0000000000
0.0000000000 0.0000000000 0.0000000000 1.0000000000

0.0000000000 0.0000000000 1.0000000000 2276.0000000000
0.0000000000 1.0000000000 0.0000000000 -839.6000000000
-1.0000000000 0.0000000000 0.0000000000 1880.0000000000
0.0000000000 0.0000000000 0.0000000000 1.0000000000

0.0000000000 0.0000000000 1.0000000000 2276.0000000000
0.0000000000 1.0000000000 0.0000000000 -840.0000000000
-1.0000000000 0.0000000000 0.0000000000 1880.0000000000
0.0000000000 0.0000000000 0.0000000000 1.0000000000

0.0000000000 0.0000000000 1.0000000000 2276.0000000000
0.0000000000 1.0000000000 0.0000000000 -840.4000000000
-1.0000000000 0.0000000000 0.0000000000 1880.0000000000
0.0000000000 0.0000000000 0.0000000000 1.0000000000

0.0000000000 0.0000000000 1.0000000000 2276.0000000000
0.0000000000 1.0000000000 0.0000000000 -840.8000000000
-1.0000000000 0.0000000000 0.0000000000 1880.0000000000
0.0000000000 0.0000000000 0.0000000000 1.0000000000

0.0000000000 0.0000000000 1.0000000000 2276.0000000000
0.0000000000 1.0000000000 0.0000000000 -841.2000000000
-1.0000000000 0.0000000000 0.0000000000 1880.0000000000
0.0000000000 0.0000000000 0.0000000000 1.0000000000

0.0000000000 0.0000000000 1.0000000000 2276.0000000000
0.0000000000 1.0000000000 0.0000000000 -841.6000000000
-1.0000000000 0.0000000000 0.0000000000 1880.0000000000
0.0000000000 0.0000000000 0.0000000000 1.0000000000

0.0000000000 0.0000000000 1.0000000000 2276.0000000000
0.0000000000 1.0000000000 0.0000000000 -842.0000000000
-1.0000000000 0.0000000000 0.0000000000 1880.0000000000
0.0000000000 0.0000000000 0.0000000000 1.0000000000

0.0000000000 0.0000000000 1.0000000000 2276.0000000000
0.0000000000 1.0000000000 0.0000000000 -842.4000000000
-1.0000000000 0.0000000000 0.0000000000 1880.0000000000
0.0000000000 0.0000000000 0.0000000000 1.0000000000

0.0000000000 0.0000000000 1.0000000000 2276.0000000000
0.0000000000 1.0000000000 0.0000000000 -842.8000000000
-1.0000000000 0.0000000000 0.0000000000 1880.0000000000
0.0000000000 0.0000000000 0.0000000000 1.0000000000

0.0000000000 0.0000000000 1.0000000000 2276.0000000000
0.0000000000 1.0000000000 0.0000000000 -843.2000000000
-1.0000000000 0.0000000000 0.0000000000 1880.0000000000
0.0000000000 0.0000000000 0.0000000000 1.0000000000

0.0000000000 0.0000000000 1.0000000000 2276.0000000000
0.0000000000 1.0000000000 0.0000000000 -843.6000000000
-1.0000000000 0.0000000000 0.0000000000 1880.0000000000
0.0000000000 0.0000000000 0.0000000000 1.0000000000

0.0000000000 0.0000000000 1.0000000000 2276.0000000000
0.0000000000 1.0000000000 0.0000000000 -844.0000000000
-1.0000000000 0.0000000000 0.0000000000 1880.0000000000
0.0000000000 0.0000000000 0.0000000000 1.0000000000

0.0000000000 0.0000000000 1.0000000000 2276.0000000000
0.0000000000 1.0000000000 0.0000000000 -844.4000000000
-1.0000000000 0.0000000000 0.0000000000 1880.0000000000
0.0000000000 0.0000000000 0.0000000000 1.0000000000

0.0000000000 0.0000000000 1.0000000000 2276.0000000000
0.0000000000 1.0000000000 0.0000000000 -844.8000000000
-1.0000000000 0.0000000000 0.0000000000 1880.0000000000
0.0000000000 0.0000000000 0.0000000000 1.0000000000

0.0000000000 0.0000000000 1.0000000000 2276.0000000000
0.0000000000 1.0000000000 0.0000000000 -845.2000000000
-1.0000000000 0.0000000000 0.0000000000 1880.0000000000
0.0000000000 0.0000000000 0.0000000000 1.0000000000

0.0000000000 0.0000000000 1.0000000000 2276.0000000000
0.0000000000 1.0000000000 0.0000000000 -845.6000000000
-1.0000000000 0.0000000000 0.0000000000 1880.0000000000
0.0000000000 0.0000000000 0.0000000000 1.0000000000

0.0000000000 0.0000000000 1.0000000000 2276.0000000000
0.0000000000 1.0000000000 0.0000000000 -846.0000000000
-1.0000000000 0.0000000000 0.0000000000 1880.0000000000
0.0000000000 0.0000000000 0.0000000000 1.0000000000

0.0000000000 0.0000000000 1.0000000000 2276.0000000000
0.0000000000 1.0000000000 0.0000000000 -846.4000000000
-1.0000000000 0.0000000000 0.0000000000 1880.0000000000
0.0000000000 0.0000000000 0.0000000000 1.0000000000

0.0000000000 0.0000000000 1.0000000000 2276.0000000000
0.0000000000 1.0000000000 0.0000000000 -846.8000000000
-1.0000000000 0.0000000000 0.0000000000 1880.0000000000
0.0000000000 0.0000000000 0.0000000000 1.0000000000

0.0000000000 0.0000000000 1.0000000000 2276.0000000000
0.0000000000 1.0000000000 0.0000000000 -847.2000000000
-1.0000000000 0.0000000000 0.0000000000 1880.0000000000
0.0000000000 0.0000000000 0.0000000000 1.0000000000

0.0000000000 0.0000000000 1.0000000000 2276.0000000000
0.0000000000 1.0000000000 0.0000000000 -847.6000000000
-1.0000000000 0.0000000000 0.0000000000 1880.0000000000
0.0000000000 0.0000000000 0.0000000000 1.0000000000

0.0000000000 0.0000000000 1.0000000000 2276.0000000000
0.0000000000 1.0000000000 0.0000000000 -848.0000000000
-1.0000000000 0.0000000000 0.0000000000 1880.0000000000
0.0000000000 0.0000000000 0.0000000000 1.0000000000

0.0000000000 0.0000000000 1.0000000000 2276.0000000000
0.0000000000 1.0000000000 0.0000000000 -848.4000000000
-1.0000000000 0.0000000000 0.0000000000 1880.0000000000
0.0000000000 0.0000000000 0.0000000000 1.0000000000

0.0000000000 0.0000000000 1.0000000000 2276.0000000000
0.0000000000 1.0000000000 0.0000000000 -848.8000000000
-1.0000000000 0.0000000000 0.0000000000 1880.0000000000
0.0000000000 0.0000000000 0.0000000000 1.0000000000

0.0000000000 0.0000000000 1.0000000000 2276.0000000000
0.0000000000 1.0000000000 0.0000000000 -849.2000000000
-1.0000000000 0.0000000000 0.0000000000 1880.0000000000
0.0000000000 0.0000000000 0.0000000000 1.0000000000

0.0000000000 0.0000000000 1.0000000000 2276.0000000000
0.0000000000 1.0000000000 0.0000000000 -849.6000000000
-1.0000000000 0.0000000000 0.0000000000 1880.0000000000
0.0000000000 0.0000000000 0.0000000000 1.0000000000

0.0000000000 0.0000000000 1.0000000000 2276.0000000000
0.0000000000 1.0000000000 0.0000000000 -850.0000000000
-1.0000000000 0.0000000000 0.0000000000 1880.0000000000
0.0000000000 0.0000000000 0.0000000000 1.0000000000

0.0000000000 0.0000000000 1.0000000000 2276.0000000000
0.0000000000 1.0000000000 0.0000000000 -850.4000000000
-1.0000000000 0.0000000000 0.0000000000 1880.0000000000
0.0000000000 0.0000000000 0.0000000000 1.0000000000

0.0000000000 0.0000000000 1.0000000000 2276.0000000000
0.0000000000 1.0000000000 0.0000000000 -850.8000000000
-1.0000000000 0.0000000000 0.0000000000 1880.0000000000
0.0000000000 0.0000000000 0.0000000000 1.0000000000

0.0000000000 0.0000000000 1.0000000000 2276.0000000000
0.0000000000 1.0000000000 0.0000000000 -851.2000000000
-1.0000000000 0.0000000000 0.0000000000 1880.0000000000
0.0000000000 0.0000000000 0.0000000000 1.0000000000

0.0000000000 0.0000000000 1.0000000000 2276.0000000000
0.0000000000 1.0000000000 0.0000000000 -851.6000000000
-1.0000000000 0.0000000000 0.0000000000 1880.0000000000
0.0000000000 0.0000000000 0.0000000000 1.0000000000

0.0000000000 0.0000000000 1.0000000000 2276.0000000000
0.0000000000 1.0000000000 0.0000000000 -852.0000000000
-1.0000000000 0.0000000000 0.0000000000 1880.0000000000
0.0000000000 0.0000000000 0.0000000000 1.0000000000

0.0000000000 0.0000000000 1.0000000000 2276.0000000000
0.0000000000 1.0000000000 0.0000000000 -852.4000000000
-1.0000000000 0.0000000000 0.0000000000 1880.0000000000
0.0000000000 0.0000000000 0.0000000000 1.0000000000

0.0000000000 0.0000000000 1.0000000000 2276.0000000000
0.0000000000 1.0000000000 0.0000000000 -852.8000000000
-1.0000000000 0.0000000000 0.0000000000 1880.0000000000
0.0000000000 0.0000000000 0.0000000000 1.0000000000

0.0000000000 0.0000000000 1.0000000000 2276.0000000000
0.0000000000 1.0000000000 0.0000000000 -853.2000000000
-1.0000000000 0.0000000000 0.0000000000 1880.0000000000
0.0000000000 0.0000000000 0.0000000000 1.0000000000

0.0000000000 0.0000000000 1.0000000000 2276.0000000000
0.0000000000 1.0000000000 0.0000000000 -853.6000000000
-1.0000000000 0.0000000000 0.0000000000 1880.0000000000
0.0000000000 0.0000000000 0.0000000000 1.0000000000

0.0000000000 0.0000000000 1.0000000000 2276.0000000000
0.0000000000 1.0000000000 0.0000000000 -854.0000000000
-1.0000000000 0.0000000000 0.0000000000 1880.0000000000
0.0000000000 0.0000000000 0.0000000000 1.0000000000

0.0000000000 0.0000000000 1.0000000000 2276.0000000000
0.0000000000 1.0000000000 0.0000000000 -854.4000000000
-1.0000000000 0.0000000000 0.0000000000 1880.0000000000
0.0000000000 0.0000000000 0.0000000000 1.0000000000

0.0000000000 0.0000000000 1.0000000000 2276.0000000000
0.0000000000 1.0000000000 0.0000000000 -854.8000000000
-1.0000000000 0.0000000000 0.0000000000 1880.0000000000
0.0000000000 0.0000000000 0.0000000000 1.0000000000

0.0000000000 0.0000000000 1.0000000000 2276.0000000000
0.0000000000 1.0000000000 0.0000000000 -855.2000000000
-1.0000000000 0.0000000000 0.0000000000 1880.0000000000
0.0000000000 0.0000000000 0.0000000000 1.0000000000

0.0000000000 0.0000000000 1.0000000000 2276.0000000000
0.0000000000 1.0000000000 0.0000000000 -855.6000000000
-1.0000000000 0.0000000000 0.0000000000 1880.0000000000
0.0000000000 0.0000000000 0.0000000000 1.0000000000

0.0000000000 0.0000000000 1.0000000000 2276.0000000000
0.0000000000 1.0000000000 0.0000000000 -856.0000000000
-1.0000000000 0.0000000000 0.0000000000 1880.0000000000
0.0000000000 0.0000000000 0.0000000000 1.0000000000

0.0000000000 0.0000000000 1.0000000000 2276.0000000000
0.0000000000 1.0000000000 0.0000000000 -856.4000000000
-1.0000000000 0.0000000000 0.0000000000 1880.0000000000
0.0000000000 0.0000000000 0.0000000000 1.0000000000

0.0000000000 0.0000000000 1.0000000000 2276.0000000000
0.0000000000 1.0000000000 0.0000000000 -856.8000000000
-1.0000000000 0.0000000000 0.0000000000 1880.0000000000
0.0000000000 0.0000000000 0.0000000000 1.0000000000

0.0000000000 0.0000000000 1.0000000000 2276.0000000000
0.0000000000 1.0000000000 0.0000000000 -857.2000000000
-1.0000000000 0.0000000000 0.0000000000 1880.0000000000
0.0000000000 0.0000000000 0.0000000000 1.0000000000

0.0000000000 0.0000000000 1.0000000000 2276.0000000000
0.0000000000 1.0000000000 0.0000000000 -857.6000000000
-1.0000000000 0.0000000000 0.0000000000 1880.0000000000
0.0000000000 0.0000000000 0.0000000000 1.0000000000

0.0000000000 0.0000000000 1.0000000000 2276.0000000000
0.0000000000 1.0000000000 0.0000000000 -858.0000000000
-1.0000000000 0.0000000000 0.0000000000 1880.0000000000
0.0000000000 0.0000000000 0.0000000000 1.0000000000

0.0000000000 0.0000000000 1.0000000000 2276.0000000000
0.0000000000 1.0000000000 0.0000000000 -858.4000000000
-1.0000000000 0.0000000000 0.0000000000 1880.0000000000
0.0000000000 0.0000000000 0.0000000000 1.0000000000

0.0000000000 0.0000000000 1.0000000000 2276.0000000000
0.0000000000 1.0000000000 0.0000000000 -858.8000000000
-1.0000000000 0.0000000000 0.0000000000 1880.0000000000
0.0000000000 0.0000000000 0.0000000000 1.0000000000

0.0000000000 0.0000000000 1.0000000000 2276.0000000000
0.0000000000 1.0000000000 0.0000000000 -859.2000000000
-1.0000000000 0.0000000000 0.0000000000 1880.0000000000
0.0000000000 0.0000000000 0.0000000000 1.0000000000

0.0000000000 0.0000000000 1.0000000000 2276.0000000000
0.0000000000 1.0000000000 0.0000000000 -859.6000000000
-1.0000000000 0.0000000000 0.0000000000 1880.0000000000
0.0000000000 0.0000000000 0.0000000000 1.0000000000

0.0000000000 0.0000000000 1.0000000000 2276.0000000000
0.0000000000 1.0000000000 0.0000000000 -860.0000000000
-1.0000000000 0.0000000000 0.0000000000 1880.0000000000
0.0000000000 0.0000000000 0.0000000000 1.0000000000

0.0000000000 0.0000000000 1.0000000000 2276.0000000000
0.0000000000 1.0000000000 0.0000000000 -860.4000000000
-1.0000000000 0.0000000000 0.0000000000 1880.0000000000
0.0000000000 0.0000000000 0.0000000000 1.0000000000

0.0000000000 0.0000000000 1.0000000000 2276.0000000000
0.0000000000 1.0000000000 0.0000000000 -860.8000000000
-1.0000000000 0.0000000000 0.0000000000 1880.0000000000
0.0000000000 0.0000000000 0.0000000000 1.0000000000

0.0000000000 0.0000000000 1.0000000000 2276.0000000000
0.0000000000 1.0000000000 0.0000000000 -861.2000000000
-1.0000000000 0.0000000000 0.0000000000 1880.0000000000
0.0000000000 0.0000000000 0.0000000000 1.0000000000

0.0000000000 0.0000000000 1.0000000000 2276.0000000000
0.0000000000 1.0000000000 0.0000000000 -861.6000000000
-1.0000000000 0.0000000000 0.0000000000 1880.0000000000
0.0000000000 0.0000000000 0.0000000000 1.0000000000

0.0000000000 0.0000000000 1.0000000000 2276.0000000000
0.0000000000 1.0000000000 0.0000000000 -862.0000000000
-1.0000000000 0.0000000000 0.0000000000 1880.0000000000
0.0000000000 0.0000000000 0.0000000000 1.0000000000

0.0000000000 0.0000000000 1.0000000000 2276.0000000000
0.0000000000 1.0000000000 0.0000000000 -862.4000000000
-1.0000000000 0.0000000000 0.0000000000 1880.0000000000
0.0000000000 0.0000000000 0.0000000000 1.0000000000

0.0000000000 0.0000000000 1.0000000000 2276.0000000000
0.0000000000 1.0000000000 0.0000000000 -862.8000000000
-1.0000000000 0.0000000000 0.0000000000 1880.0000000000
0.0000000000 0.0000000000 0.0000000000 1.0000000000

0.0000000000 0.0000000000 1.0000000000 2276.0000000000
0.0000000000 1.0000000000 0.0000000000 -863.2000000000
-1.0000000000 0.0000000000 0.0000000000 1880.0000000000
0.0000000000 0.0000000000 0.0000000000 1.0000000000

0.0000000000 0.0000000000 1.0000000000 2276.0000000000
0.0000000000 1.0000000000 0.0000000000 -863.6000000000
-1.0000000000 0.0000000000 0.0000000000 1880.0000000000
0.0000000000 0.0000000000 0.0000000000 1.0000000000

0.0000000000 0.0000000000 1.0000000000 2276.0000000000
0.0000000000 1.0000000000 0.0000000000 -864.0000000000
-1.0000000000 0.0000000000 0.0000000000 1880.0000000000
0.0000000000 0.0000000000 0.0000000000 1.0000000000

0.0000000000 0.0000000000 1.0000000000 2276.0000000000
0.0000000000 1.0000000000 0.0000000000 -864.4000000000
-1.0000000000 0.0000000000 0.0000000000 1880.0000000000
0.0000000000 0.0000000000 0.0000000000 1.0000000000

0.0000000000 0.0000000000 1.0000000000 2276.0000000000
0.0000000000 1.0000000000 0.0000000000 -864.8000000000
-1.0000000000 0.0000000000 0.0000000000 1880.0000000000
0.0000000000 0.0000000000 0.0000000000 1.0000000000

0.0000000000 0.0000000000 1.0000000000 2276.0000000000
0.0000000000 1.0000000000 0.0000000000 -865.2000000000
-1.0000000000 0.0000000000 0.0000000000 1880.0000000000
0.0000000000 0.0000000000 0.0000000000 1.0000000000

0.0000000000 0.0000000000 1.0000000000 2276.0000000000
0.0000000000 1.0000000000 0.0000000000 -865.6000000000
-1.0000000000 0.0000000000 0.0000000000 1880.0000000000
0.0000000000 0.0000000000 0.0000000000 1.0000000000

0.0000000000 0.0000000000 1.0000000000 2276.0000000000
0.0000000000 1.0000000000 0.0000000000 -866.0000000000
-1.0000000000 0.0000000000 0.0000000000 1880.0000000000
0.0000000000 0.0000000000 0.0000000000 1.0000000000

0.0000000000 0.0000000000 1.0000000000 2276.0000000000
0.0000000000 1.0000000000 0.0000000000 -866.4000000000
-1.0000000000 0.0000000000 0.0000000000 1880.0000000000
0.0000000000 0.0000000000 0.0000000000 1.0000000000

0.0000000000 0.0000000000 1.0000000000 2276.0000000000
0.0000000000 1.0000000000 0.0000000000 -866.8000000000
-1.0000000000 0.0000000000 0.0000000000 1880.0000000000
0.0000000000 0.0000000000 0.0000000000 1.0000000000

0.0000000000 0.0000000000 1.0000000000 2276.0000000000
0.0000000000 1.0000000000 0.0000000000 -867.2000000000
-1.0000000000 0.0000000000 0.0000000000 1880.0000000000
0.0000000000 0.0000000000 0.0000000000 1.0000000000

0.0000000000 0.0000000000 1.0000000000 2276.0000000000
0.0000000000 1.0000000000 0.0000000000 -867.6000000000
-1.0000000000 0.0000000000 0.0000000000 1880.0000000000
0.0000000000 0.0000000000 0.0000000000 1.0000000000

0.0000000000 0.0000000000 1.0000000000 2276.0000000000
0.0000000000 1.0000000000 0.0000000000 -868.0000000000
-1.0000000000 0.0000000000 0.0000000000 1880.0000000000
0.0000000000 0.0000000000 0.0000000000 1.0000000000

0.0000000000 0.0000000000 1.0000000000 2276.0000000000
0.0000000000 1.0000000000 0.0000000000 -868.4000000000
-1.0000000000 0.0000000000 0.0000000000 1880.0000000000
0.0000000000 0.0000000000 0.0000000000 1.0000000000

0.0000000000 0.0000000000 1.0000000000 2276.0000000000
0.0000000000 1.0000000000 0.0000000000 -868.8000000000
-1.0000000000 0.0000000000 0.0000000000 1880.0000000000
0.0000000000 0.0000000000 0.0000000000 1.0000000000

0.0000000000 0.0000000000 1.0000000000 2276.0000000000
0.0000000000 1.0000000000 0.0000000000 -869.2000000000
-1.0000000000 0.0000000000 0.0000000000 1880.0000000000
0.0000000000 0.0000000000 0.0000000000 1.0000000000

0.0000000000 0.0000000000 1.0000000000 2276.0000000000
0.0000000000 1.0000000000 0.0000000000 -869.6000000000
-1.0000000000 0.0000000000 0.0000000000 1880.0000000000
0.0000000000 0.0000000000 0.0000000000 1.0000000000

0.0000000000 0.0000000000 1.0000000000 2276.0000000000
0.0000000000 1.0000000000 0.0000000000 -870.0000000000
-1.0000000000 0.0000000000 0.0000000000 1880.0000000000
0.0000000000 0.0000000000 0.0000000000 1.0000000000

0.0000000000 0.0000000000 1.0000000000 2276.0000000000
0.0000000000 1.0000000000 0.0000000000 -870.4000000000
-1.0000000000 0.0000000000 0.0000000000 1880.0000000000
0.0000000000 0.0000000000 0.0000000000 1.0000000000

0.0000000000 0.0000000000 1.0000000000 2276.0000000000
0.0000000000 1.0000000000 0.0000000000 -870.8000000000
-1.0000000000 0.0000000000 0.0000000000 1880.0000000000
0.0000000000 0.0000000000 0.0000000000 1.0000000000

0.0000000000 0.0000000000 1.0000000000 2276.0000000000
0.0000000000 1.0000000000 0.0000000000 -871.2000000000
-1.0000000000 0.0000000000 0.0000000000 1880.0000000000
0.0000000000 0.0000000000 0.0000000000 1.0000000000

0.0000000000 0.0000000000 1.0000000000 2276.0000000000
0.0000000000 1.0000000000 0.0000000000 -871.6000000000
-1.0000000000 0.0000000000 0.0000000000 1880.0000000000
0.0000000000 0.0000000000 0.0000000000 1.0000000000

0.0000000000 0.0000000000 1.0000000000 2276.0000000000
0.0000000000 1.0000000000 0.0000000000 -872.0000000000
-1.0000000000 0.0000000000 0.0000000000 1880.0000000000
0.0000000000 0.0000000000 0.0000000000 1.0000000000

0.0000000000 0.0000000000 1.0000000000 2276.0000000000
0.0000000000 1.0000000000 0.0000000000 -872.4000000000
-1.0000000000 0.0000000000 0.0000000000 1880.0000000000
0.0000000000 0.0000000000 0.0000000000 1.0000000000

0.0000000000 0.0000000000 1.0000000000 2276.0000000000
0.0000000000 1.0000000000 0.0000000000 -872.8000000000
-1.0000000000 0.0000000000 0.0000000000 1880.0000000000
0.0000000000 0.0000000000 0.0000000000 1.0000000000

0.0000000000 0.0000000000 1.0000000000 2276.0000000000
0.0000000000 1.0000000000 0.0000000000 -873.2000000000
-1.0000000000 0.0000000000 0.0000000000 1880.0000000000
0.0000000000 0.0000000000 0.0000000000 1.0000000000

0.0000000000 0.0000000000 1.0000000000 2276.0000000000
0.0000000000 1.0000000000 0.0000000000 -873.6000000000
-1.0000000000 0.0000000000 0.0000000000 1880.0000000000
0.0000000000 0.0000000000 0.0000000000 1.0000000000

0.0000000000 0.0000000000 1.0000000000 2276.0000000000
0.0000000000 1.0000000000 0.0000000000 -874.0000000000
-1.0000000000 0.0000000000 0.0000000000 1880.0000000000
0.0000000000 0.0000000000 0.0000000000 1.0000000000

0.0000000000 0.0000000000 1.0000000000 2276.0000000000
0.0000000000 1.0000000000 0.0000000000 -874.4000000000
-1.0000000000 0.0000000000 0.0000000000 1880.0000000000
0.0000000000 0.0000000000 0.0000000000 1.0000000000

0.0000000000 0.0000000000 1.0000000000 2276.0000000000
0.0000000000 1.0000000000 0.0000000000 -874.8000000000
-1.0000000000 0.0000000000 0.0000000000 1880.0000000000
0.0000000000 0.0000000000 0.0000000000 1.0000000000

0.0000000000 0.0000000000 1.0000000000 2276.0000000000
0.0000000000 1.0000000000 0.0000000000 -875.2000000000
-1.0000000000 0.0000000000 0.0000000000 1880.0000000000
0.0000000000 0.0000000000 0.0000000000 1.0000000000

0.0000000000 0.0000000000 1.0000000000 2276.0000000000
0.0000000000 1.0000000000 0.0000000000 -875.6000000000
-1.0000000000 0.0000000000 0.0000000000 1880.0000000000
0.0000000000 0.0000000000 0.0000000000 1.0000000000

0.0000000000 0.0000000000 1.0000000000 2276.0000000000
0.0000000000 1.0000000000 0.0000000000 -876.0000000000
-1.0000000000 0.0000000000 0.0000000000 1880.0000000000
0.0000000000 0.0000000000 0.0000000000 1.0000000000

0.0000000000 0.0000000000 1.0000000000 2276.0000000000
0.0000000000 1.0000000000 0.0000000000 -876.4000000000
-1.0000000000 0.0000000000 0.0000000000 1880.0000000000
0.0000000000 0.0000000000 0.0000000000 1.0000000000

0.0000000000 0.0000000000 1.0000000000 2276.0000000000
0.0000000000 1.0000000000 0.0000000000 -876.8000000000
-1.0000000000 0.0000000000 0.0000000000 1880.0000000000
0.0000000000 0.0000000000 0.0000000000 1.0000000000

0.0000000000 0.0000000000 1.0000000000 2276.0000000000
0.0000000000 1.0000000000 0.0000000000 -877.2000000000
-1.0000000000 0.0000000000 0.0000000000 1880.0000000000
0.0000000000 0.0000000000 0.0000000000 1.0000000000

0.0000000000 0.0000000000 1.0000000000 2276.0000000000
0.0000000000 1.0000000000 0.0000000000 -877.6000000000
-1.0000000000 0.0000000000 0.0000000000 1880.0000000000
0.0000000000 0.0000000000 0.0000000000 1.0000000000

0.0000000000 0.0000000000 1.0000000000 2276.0000000000
0.0000000000 1.0000000000 0.0000000000 -878.0000000000
-1.0000000000 0.0000000000 0.0000000000 1880.0000000000
0.0000000000 0.0000000000 0.0000000000 1.0000000000

0.0000000000 0.0000000000 1.0000000000 2276.0000000000
0.0000000000 1.0000000000 0.0000000000 -878.4000000000
-1.0000000000 0.0000000000 0.0000000000 1880.0000000000
0.0000000000 0.0000000000 0.0000000000 1.0000000000

0.0000000000 0.0000000000 1.0000000000 2276.0000000000
0.0000000000 1.0000000000 0.0000000000 -878.8000000000
-1.0000000000 0.0000000000 0.0000000000 1880.0000000000
0.0000000000 0.0000000000 0.0000000000 1.0000000000

0.0000000000 0.0000000000 1.0000000000 2276.0000000000
0.0000000000 1.0000000000 0.0000000000 -879.2000000000
-1.0000000000 0.0000000000 0.0000000000 1880.0000000000
0.0000000000 0.0000000000 0.0000000000 1.0000000000

0.0000000000 0.0000000000 1.0000000000 2276.0000000000
0.0000000000 1.0000000000 0.0000000000 -879.6000000000
-1.0000000000 0.0000000000 0.0000000000 1880.0000000000
0.0000000000 0.0000000000 0.0000000000 1.0000000000

0.0000000000 0.0000000000 1.0000000000 2276.0000000000
0.0000000000 1.0000000000 0.0000000000 -880.0000000000
-1.0000000000 0.0000000000 0.0000000000 1880.0000000000
0.0000000000 0.0000000000 0.0000000000 1.0000000000

0.0000000000 0.0000000000 1.0000000000 2276.0000000000
0.0000000000 1.0000000000 0.0000000000 -880.4000000000
-1.0000000000 0.0000000000 0.0000000000 1880.0000000000
0.0000000000 0.0000000000 0.0000000000 1.0000000000

0.0000000000 0.0000000000 1.0000000000 2276.0000000000
0.0000000000 1.0000000000 0.0000000000 -880.8000000000
-1.0000000000 0.0000000000 0.0000000000 1880.0000000000
0.0000000000 0.0000000000 0.0000000000 1.0000000000

0.0000000000 0.0000000000 1.0000000000 2276.0000000000
0.0000000000 1.0000000000 0.0000000000 -881.2000000000
-1.0000000000 0.0000000000 0.0000000000 1880.0000000000
0.0000000000 0.0000000000 0.0000000000 1.0000000000

0.0000000000 0.0000000000 1.0000000000 2276.0000000000
0.0000000000 1.0000000000 0.0000000000 -881.6000000000
-1.0000000000 0.0000000000 0.0000000000 1880.0000000000
0.0000000000 0.0000000000 0.0000000000 1.0000000000

0.0000000000 0.0000000000 1.0000000000 2276.0000000000
0.0000000000 1.0000000000 0.0000000000 -882.0000000000
-1.0000000000 0.0000000000 0.0000000000 1880.0000000000
0.0000000000 0.0000000000 0.0000000000 1.0000000000

0.0000000000 0.0000000000 1.0000000000 2276.0000000000
0.0000000000 1.0000000000 0.0000000000 -882.4000000000
-1.0000000000 0.0000000000 0.0000000000 1880.0000000000
0.0000000000 0.0000000000 0.0000000000 1.0000000000

0.0000000000 0.0000000000 1.0000000000 2276.0000000000
0.0000000000 1.0000000000 0.0000000000 -882.8000000000
-1.0000000000 0.0000000000 0.0000000000 1880.0000000000
0.0000000000 0.0000000000 0.0000000000 1.0000000000

0.0000000000 0.0000000000 1.0000000000 2276.0000000000
0.0000000000 1.0000000000 0.0000000000 -883.2000000000
-1.0000000000 0.0000000000 0.0000000000 1880.0000000000
0.0000000000 0.0000000000 0.0000000000 1.0000000000

0.0000000000 0.0000000000 1.0000000000 2276.0000000000
0.0000000000 1.0000000000 0.0000000000 -883.6000000000
-1.0000000000 0.0000000000 0.0000000000 1880.0000000000
0.0000000000 0.0000000000 0.0000000000 1.0000000000

0.0000000000 0.0000000000 1.0000000000 2276.0000000000
0.0000000000 1.0000000000 0.0000000000 -884.0000000000
-1.0000000000 0.0000000000 0.0000000000 1880.0000000000
0.0000000000 0.0000000000 0.0000000000 1.0000000000

0.0000000000 0.0000000000 1.0000000000 2276.0000000000
0.0000000000 1.0000000000 0.0000000000 -884.4000000000
-1.0000000000 0.0000000000 0.0000000000 1880.0000000000
0.0000000000 0.0000000000 0.0000000000 1.0000000000

0.0000000000 0.0000000000 1.0000000000 2276.0000000000
0.0000000000 1.0000000000 0.0000000000 -884.8000000000
-1.0000000000 0.0000000000 0.0000000000 1880.0000000000
0.0000000000 0.0000000000 0.0000000000 1.0000000000

0.0000000000 0.0000000000 1.0000000000 2276.0000000000
0.0000000000 1.0000000000 0.0000000000 -885.2000000000
-1.0000000000 0.0000000000 0.0000000000 1880.0000000000
0.0000000000 0.0000000000 0.0000000000 1.0000000000

0.0000000000 0.0000000000 1.0000000000 2276.0000000000
0.0000000000 1.0000000000 0.0000000000 -885.6000000000
-1.0000000000 0.0000000000 0.0000000000 1880.0000000000
0.0000000000 0.0000000000 0.0000000000 1.0000000000

0.0000000000 0.0000000000 1.0000000000 2276.0000000000
0.0000000000 1.0000000000 0.0000000000 -886.0000000000
-1.0000000000 0.0000000000 0.0000000000 1880.0000000000
0.0000000000 0.0000000000 0.0000000000 1.0000000000

0.0000000000 0.0000000000 1.0000000000 2276.0000000000
0.0000000000 1.0000000000 0.0000000000 -886.4000000000
-1.0000000000 0.0000000000 0.0000000000 1880.0000000000
0.0000000000 0.0000000000 0.0000000000 1.0000000000

0.0000000000 0.0000000000 1.0000000000 2276.0000000000
0.0000000000 1.0000000000 0.0000000000 -886.8000000000
-1.0000000000 0.0000000000 0.0000000000 1880.0000000000
0.0000000000 0.0000000000 0.0000000000 1.0000000000

0.0000000000 0.0000000000 1.0000000000 2276.0000000000
0.0000000000 1.0000000000 0.0000000000 -887.2000000000
-1.0000000000 0.0000000000 0.0000000000 1880.0000000000
0.0000000000 0.0000000000 0.0000000000 1.0000000000

0.0000000000 0.0000000000 1.0000000000 2276.0000000000
0.0000000000 1.0000000000 0.0000000000 -887.6000000000
-1.0000000000 0.0000000000 0.0000000000 1880.0000000000
0.0000000000 0.0000000000 0.0000000000 1.0000000000

0.0000000000 0.0000000000 1.0000000000 2276.0000000000
0.0000000000 1.0000000000 0.0000000000 -888.0000000000
-1.0000000000 0.0000000000 0.0000000000 1880.0000000000
0.0000000000 0.0000000000 0.0000000000 1.0000000000

0.0000000000 0.0000000000 1.0000000000 2276.0000000000
0.0000000000 1.0000000000 0.0000000000 -888.4000000000
-1.0000000000 0.0000000000 0.0000000000 1880.0000000000
0.0000000000 0.0000000000 0.0000000000 1.0000000000

0.0000000000 0.0000000000 1.0000000000 2276.0000000000
0.0000000000 1.0000000000 0.0000000000 -888.8000000000
-1.0000000000 0.0000000000 0.0000000000 1880.0000000000
0.0000000000 0.0000000000 0.0000000000 1.0000000000

0.0000000000 0.0000000000 1.0000000000 2276.0000000000
0.0000000000 1.0000000000 0.0000000000 -889.2000000000
-1.0000000000 0.0000000000 0.0000000000 1880.0000000000
0.0000000000 0.0000000000 0.0000000000 1.0000000000

0.0000000000 0.0000000000 1.0000000000 2276.0000000000
0.0000000000 1.0000000000 0.0000000000 -889.6000000000
-1.0000000000 0.0000000000 0.0000000000 1880.0000000000
0.0000000000 0.0000000000 0.0000000000 1.0000000000

0.0000000000 0.0000000000 1.0000000000 2276.0000000000
0.0000000000 1.0000000000 0.0000000000 -890.0000000000
-1.0000000000 0.0000000000 0.0000000000 1880.0000000000
0.0000000000 0.0000000000 0.0000000000 1.0000000000

0.0000000000 0.0000000000 1.0000000000 2276.0000000000
0.0000000000 1.0000000000 0.0000000000 -890.4000000000
-1.0000000000 0.0000000000 0.0000000000 1880.0000000000
0.0000000000 0.0000000000 0.0000000000 1.0000000000

0.0000000000 0.0000000000 1.0000000000 2276.0000000000
0.0000000000 1.0000000000 0.0000000000 -890.8000000000
-1.0000000000 0.0000000000 0.0000000000 1880.0000000000
0.0000000000 0.0000000000 0.0000000000 1.0000000000

0.0000000000 0.0000000000 1.0000000000 2276.0000000000
0.0000000000 1.0000000000 0.0000000000 -891.2000000000
-1.0000000000 0.0000000000 0.0000000000 1880.0000000000
0.0000000000 0.0000000000 0.0000000000 1.0000000000

0.0000000000 0.0000000000 1.0000000000 2276.0000000000
0.0000000000 1.0000000000 0.0000000000 -891.6000000000
-1.0000000000 0.0000000000 0.0000000000 1880.0000000000
0.0000000000 0.0000000000 0.0000000000 1.0000000000

0.0000000000 0.0000000000 1.0000000000 2276.0000000000
0.0000000000 1.0000000000 0.0000000000 -892.0000000000
-1.0000000000 0.0000000000 0.0000000000 1880.0000000000
0.0000000000 0.0000000000 0.0000000000 1.0000000000

0.0000000000 0.0000000000 1.0000000000 2276.0000000000
0.0000000000 1.0000000000 0.0000000000 -892.4000000000
-1.0000000000 0.0000000000 0.0000000000 1880.0000000000
0.0000000000 0.0000000000 0.0000000000 1.0000000000

0.0000000000 0.0000000000 1.0000000000 2276.0000000000
0.0000000000 1.0000000000 0.0000000000 -892.8000000000
-1.0000000000 0.0000000000 0.0000000000 1880.0000000000
0.0000000000 0.0000000000 0.0000000000 1.0000000000

0.0000000000 0.0000000000 1.0000000000 2276.0000000000
0.0000000000 1.0000000000 0.0000000000 -893.2000000000
-1.0000000000 0.0000000000 0.0000000000 1880.0000000000
0.0000000000 0.0000000000 0.0000000000 1.0000000000

0.0000000000 0.0000000000 1.0000000000 2276.0000000000
0.0000000000 1.0000000000 0.0000000000 -893.6000000000
-1.0000000000 0.0000000000 0.0000000000 1880.0000000000
0.0000000000 0.0000000000 0.0000000000 1.0000000000

0.0000000000 0.0000000000 1.0000000000 2276.0000000000
0.0000000000 1.0000000000 0.0000000000 -894.0000000000
-1.0000000000 0.0000000000 0.0000000000 1880.0000000000
0.0000000000 0.0000000000 0.0000000000 1.0000000000

0.0000000000 0.0000000000 1.0000000000 2276.0000000000
0.0000000000 1.0000000000 0.0000000000 -894.4000000000
-1.0000000000 0.0000000000 0.0000000000 1880.0000000000
0.0000000000 0.0000000000 0.0000000000 1.0000000000

0.0000000000 0.0000000000 1.0000000000 2276.0000000000
0.0000000000 1.0000000000 0.0000000000 -894.8000000000
-1.0000000000 0.0000000000 0.0000000000 1880.0000000000
0.0000000000 0.0000000000 0.0000000000 1.0000000000

0.0000000000 0.0000000000 1.0000000000 2276.0000000000
0.0000000000 1.0000000000 0.0000000000 -895.2000000000
-1.0000000000 0.0000000000 0.0000000000 1880.0000000000
0.0000000000 0.0000000000 0.0000000000 1.0000000000

0.0000000000 0.0000000000 1.0000000000 2276.0000000000
0.0000000000 1.0000000000 0.0000000000 -895.6000000000
-1.0000000000 0.0000000000 0.0000000000 1880.0000000000
0.0000000000 0.0000000000 0.0000000000 1.0000000000

0.0000000000 0.0000000000 1.0000000000 2276.0000000000
0.0000000000 1.0000000000 0.0000000000 -896.0000000000
-1.0000000000 0.0000000000 0.0000000000 1880.0000000000
0.0000000000 0.0000000000 0.0000000000 1.0000000000

0.0000000000 0.0000000000 1.0000000000 2276.0000000000
0.0000000000 1.0000000000 0.0000000000 -896.4000000000
-1.0000000000 0.0000000000 0.0000000000 1880.0000000000
0.0000000000 0.0000000000 0.0000000000 1.0000000000

0.0000000000 0.0000000000 1.0000000000 2276.0000000000
0.0000000000 1.0000000000 0.0000000000 -896.8000000000
-1.0000000000 0.0000000000 0.0000000000 1880.0000000000
0.0000000000 0.0000000000 0.0000000000 1.0000000000

0.0000000000 0.0000000000 1.0000000000 2276.0000000000
0.0000000000 1.0000000000 0.0000000000 -897.2000000000
-1.0000000000 0.0000000000 0.0000000000 1880.0000000000
0.0000000000 0.0000000000 0.0000000000 1.0000000000

0.0000000000 0.0000000000 1.0000000000 2276.0000000000
0.0000000000 1.0000000000 0.0000000000 -897.6000000000
-1.0000000000 0.0000000000 0.0000000000 1880.0000000000
0.0000000000 0.0000000000 0.0000000000 1.0000000000

0.0000000000 0.0000000000 1.0000000000 2276.0000000000
0.0000000000 1.0000000000 0.0000000000 -898.0000000000
-1.0000000000 0.0000000000 0.0000000000 1880.0000000000
0.0000000000 0.0000000000 0.0000000000 1.0000000000

0.0000000000 0.0000000000 1.0000000000 2276.0000000000
0.0000000000 1.0000000000 0.0000000000 -898.4000000000
-1.0000000000 0.0000000000 0.0000000000 1880.0000000000
0.0000000000 0.0000000000 0.0000000000 1.0000000000

0.0000000000 0.0000000000 1.0000000000 2276.0000000000
0.0000000000 1.0000000000 0.0000000000 -898.8000000000
-1.0000000000 0.0000000000 0.0000000000 1880.0000000000
0.0000000000 0.0000000000 0.0000000000 1.0000000000

0.0000000000 0.0000000000 1.0000000000 2276.0000000000
0.0000000000 1.0000000000 0.0000000000 -899.2000000000
-1.0000000000 0.0000000000 0.0000000000 1880.0000000000
0.0000000000 0.0000000000 0.0000000000 1.0000000000

0.0000000000 0.0000000000 1.0000000000 2276.0000000000
0.0000000000 1.0000000000 0.0000000000 -899.6000000000
-1.0000000000 0.0000000000 0.0000000000 1880.0000000000
0.0000000000 0.0000000000 0.0000000000 1.0000000000

0.0000000000 0.0000000000 1.0000000000 2276.0000000000
0.0000000000 1.0000000000 0.0000000000 -900.0000000000
-1.0000000000 0.0000000000 0.0000000000 1880.0000000000
0.0000000000 0.0000000000 0.0000000000 1.0000000000

