time_s	q1_rad	q2_rad	q3_rad	q4_rad	q5_rad	q6_rad	dq1_rad_s	dq2_rad_s	dq3_rad_s	dq4_rad_s	dq5_rad_s	dq6_rad_s
0.000000000	-0.032523687	0.554170217	0.460085226	-0.038299059	-1.014584428	-3.121364655	0.000000000	0.000000000	0.000000000	0.000000000	0.000000000	0.000000000
0.001000000	-0.032523687	0.554170217	0.460085226	-0.038299059	-1.014584428	-3.121364655	0.000000013	0.000000712	-0.000000563	0.000000019	-0.000000149	-0.000000015
0.002000000	-0.032523687	0.554170219	0.460085225	-0.038299059	-1.014584428	-3.121364655	0.000000052	0.000002848	-0.000002252	0.000000076	-0.000000594	-0.000000059
0.003000000	-0.032523687	0.554170223	0.460085221	-0.038299058	-1.014584429	-3.121364655	0.000000118	0.000006403	-0.000005063	0.000000170	-0.000001337	-0.000000134
0.004000000	-0.032523687	0.554170232	0.460085214	-0.038299058	-1.014584431	-3.121364655	0.000000209	0.000011376	-0.000008996	0.000000303	-0.000002374	-0.000000237
0.005000000	-0.032523687	0.554170246	0.460085203	-0.038299058	-1.014584434	-3.121364655	0.000000326	0.000017763	-0.000014046	0.000000473	-0.000003708	-0.000000370
0.006000000	-0.032523686	0.554170268	0.460085186	-0.038299057	-1.014584438	-3.121364656	0.000000470	0.000025562	-0.000020213	0.000000680	-0.000005335	-0.000000533
0.007000000	-0.032523686	0.554170298	0.460085162	-0.038299056	-1.014584445	-3.121364656	0.000000639	0.000034770	-0.000027494	0.000000925	-0.000007257	-0.000000725
0.008000000	-0.032523685	0.554170338	0.460085130	-0.038299055	-1.014584453	-3.121364657	0.000000834	0.000045383	-0.000035887	0.000001208	-0.000009472	-0.000000947
0.009000000	-0.032523684	0.554170389	0.460085090	-0.038299054	-1.014584464	-3.121364658	0.000001054	0.000057399	-0.000045389	0.000001527	-0.000011980	-0.000001197
0.010000000	-0.032523683	0.554170453	0.460085039	-0.038299052	-1.014584477	-3.121364660	0.000001301	0.000070816	-0.000055998	0.000001884	-0.000014781	-0.000001477
0.011000000	-0.032523681	0.554170531	0.460084977	-0.038299050	-1.014584493	-3.121364661	0.000001573	0.000085630	-0.000067712	0.000002279	-0.000017872	-0.000001786
0.012000000	-0.032523679	0.554170625	0.460084903	-0.038299047	-1.014584513	-3.121364663	0.000001871	0.000101838	-0.000080529	0.000002710	-0.000021255	-0.000002124
0.013000000	-0.032523677	0.554170735	0.460084816	-0.038299044	-1.014584536	-3.121364666	0.000002194	0.000119438	-0.000094446	0.000003179	-0.000024929	-0.000002491
0.014000000	-0.032523675	0.554170864	0.460084714	-0.038299041	-1.014584563	-3.121364669	0.000002543	0.000138426	-0.000109461	0.000003684	-0.000028892	-0.000002888
0.015000000	-0.032523672	0.554171013	0.460084597	-0.038299036	-1.014584594	-3.121364672	0.000002918	0.000158801	-0.000125573	0.000004227	-0.000033145	-0.000003313
0.016000000	-0.032523669	0.554171182	0.460084463	-0.038299032	-1.014584629	-3.121364675	0.000003318	0.000180558	-0.000142778	0.000004806	-0.000037686	-0.000003767
0.017000000	-0.032523665	0.554171374	0.460084311	-0.038299026	-1.014584669	-3.121364680	0.000003744	0.000203696	-0.000161074	0.000005422	-0.000042515	-0.000004250
0.018000000	-0.032523661	0.554171590	0.460084140	-0.038299020	-1.014584714	-3.121364684	0.000004195	0.000228211	-0.000180460	0.000006075	-0.000047631	-0.000004761
0.019000000	-0.032523656	0.554171831	0.460083949	-0.038299014	-1.014584764	-3.121364689	0.000004671	0.000254100	-0.000200932	0.000006765	-0.000053035	-0.000005302
0.020000000	-0.032523651	0.554172099	0.460083738	-0.038299006	-1.014584820	-3.121364695	0.000005173	0.000281361	-0.000222489	0.000007492	-0.000058725	-0.000005871
0.021000000	-0.032523645	0.554172394	0.460083504	-0.038298998	-1.014584882	-3.121364701	0.000005700	0.000309991	-0.000245128	0.000008255	-0.000064700	-0.000006469
0.022000000	-0.032523639	0.554172719	0.460083247	-0.038298989	-1.014584950	-3.121364708	0.000006252	0.000339987	-0.000268848	0.000009055	-0.000070961	-0.000007095
0.023000000	-0.032523632	0.554173075	0.460082966	-0.038298979	-1.014585024	-3.121364716	0.000006830	0.000371346	-0.000293646	0.000009891	-0.000077506	-0.000007751
0.024000000	-0.032523624	0.554173462	0.460082659	-0.038298968	-1.014585105	-3.121364724	0.000007433	0.000404065	-0.000319519	0.000010764	-0.000084334	-0.000008434
0.025000000	-0.032523616	0.554173883	0.460082327	-0.038298957	-1.014585192	-3.121364733	0.000008061	0.000438142	-0.000346465	0.000011674	-0.000091446	-0.000009146
0.026000000	-0.032523608	0.554174339	0.460081966	-0.038298944	-1.014585287	-3.121364743	0.000008715	0.000473573	-0.000374483	0.000012620	-0.000098841	-0.000009887
0.027000000	-0.032523598	0.554174831	0.460081577	-0.038298930	-1.014585390	-3.121364754	0.000009394	0.000510355	-0.000403569	0.000013603	-0.000106518	-0.000010656
0.028000000	-0.032523588	0.554175360	0.460081159	-0.038298916	-1.014585500	-3.121364765	0.000010099	0.000548486	-0.000433722	0.000014622	-0.000114476	-0.000011454
0.029000000	-0.032523577	0.554175928	0.460080709	-0.038298900	-1.014585619	-3.121364777	0.000010828	0.000587964	-0.000464940	0.000015678	-0.000122715	-0.000012280
0.030000000	-0.032523565	0.554176536	0.460080228	-0.038298883	-1.014585746	-3.121364790	0.000011583	0.000628784	-0.000497220	0.000016770	-0.000131234	-0.000013135
0.031000000	-0.032523552	0.554177186	0.460079714	-0.038298865	-1.014585881	-3.121364804	0.000012363	0.000670945	-0.000530559	0.000017899	-0.000140033	-0.000014018
0.032000000	-0.032523539	0.554177879	0.460079167	-0.038298846	-1.014586026	-3.121364819	0.000013169	0.000714443	-0.000564956	0.000019064	-0.000149111	-0.000014929
0.033000000	-0.032523525	0.554178615	0.460078584	-0.038298825	-1.014586179	-3.121364835	0.000014000	0.000759275	-0.000600409	0.000020266	-0.000158467	-0.000015869
0.034000000	-0.032523510	0.554179397	0.460077965	-0.038298804	-1.014586342	-3.121364852	0.000014857	0.000805439	-0.000636915	0.000021504	-0.000168101	-0.000016837
0.035000000	-0.032523494	0.554180226	0.460077310	-0.038298781	-1.014586515	-3.121364870	0.000015739	0.000852932	-0.000674471	0.000022779	-0.000178012	-0.000017833
0.036000000	-0.032523477	0.554181104	0.460076616	-0.038298756	-1.014586698	-3.121364888	0.000016646	0.000901751	-0.000713076	0.000024091	-0.000188200	-0.000018858
0.037000000	-0.032523459	0.554182030	0.460075883	-0.038298730	-1.014586892	-3.121364908	0.000017579	0.000951893	-0.000752728	0.000025439	-0.000198663	-0.000019911
0.038000000	-0.032523440	0.554183008	0.460075110	-0.038298703	-1.014587095	-3.121364929	0.000018538	0.001003355	-0.000793424	0.000026824	-0.000209402	-0.000020993
0.039000000	-0.032523420	0.554184037	0.460074296	-0.038298675	-1.014587310	-3.121364951	0.000019522	0.001056134	-0.000835161	0.000028245	-0.000220416	-0.000022102
0.040000000	-0.032523399	0.554185120	0.460073439	-0.038298645	-1.014587536	-3.121364975	0.000020532	0.001110228	-0.000877939	0.000029704	-0.000231704	-0.000023241
0.041000000	-0.032523377	0.554186258	0.460072539	-0.038298613	-1.014587773	-3.121364999	0.000021568	0.001165634	-0.000921753	0.000031199	-0.000243266	-0.000024407
0.042000000	-0.032523354	0.554187452	0.460071595	-0.038298580	-1.014588022	-3.121365025	0.000022629	0.001222348	-0.000966603	0.000032732	-0.000255100	-0.000025602
0.043000000	-0.032523329	0.554188703	0.460070606	-0.038298545	-1.014588283	-3.121365052	0.000023717	0.001280368	-0.001012486	0.000034301	-0.000267206	-0.000026826
0.044000000	-0.032523304	0.554190013	0.460069570	-0.038298509	-1.014588556	-3.121365080	0.000024830	0.001339691	-0.001059400	0.000035908	-0.000279585	-0.000028078
0.045000000	-0.032523277	0.554191383	0.460068486	-0.038298471	-1.014588842	-3.121365109	0.000025970	0.001400315	-0.001107341	0.000037551	-0.000292234	-0.000029358
0.046000000	-0.032523250	0.554192814	0.460067355	-0.038298431	-1.014589141	-3.121365140	0.000027136	0.001462236	-0.001156310	0.000039232	-0.000305153	-0.000030667
0.047000000	-0.032523221	0.554194307	0.460066173	-0.038298389	-1.014589452	-3.121365172	0.000028328	0.001525451	-0.001206302	0.000040951	-0.000318343	-0.000032004
0.048000000	-0.032523191	0.554195865	0.460064941	-0.038298346	-1.014589777	-3.121365205	0.000029547	0.001589958	-0.001257315	0.000042707	-0.000331801	-0.000033371
0.049000000	-0.032523159	0.554197488	0.460063658	-0.038298301	-1.014590115	-3.121365240	0.000030792	0.001655753	-0.001309348	0.000044500	-0.000345529	-0.000034765
0.050000000	-0.032523127	0.554199177	0.460062322	-0.038298254	-1.014590468	-3.121365276	0.000032064	0.001722835	-0.001362399	0.000046332	-0.000359524	-0.000036189
0.051000000	-0.032523093	0.554200933	0.460060933	-0.038298205	-1.014590834	-3.121365314	0.000033363	0.001791199	-0.001416464	0.000048201	-0.000373786	-0.000037641
0.052000000	-0.032523057	0.554202759	0.460059489	-0.038298155	-1.014591215	-3.121365353	0.000034689	0.001860844	-0.001471542	0.000050109	-0.000388315	-0.000039122
0.053000000	-0.032523020	0.554204655	0.460057989	-0.038298102	-1.014591610	-3.121365394	0.000036041	0.001931765	-0.001527631	0.000052055	-0.000403110	-0.000040632
0.054000000	-0.032522982	0.554206623	0.460056433	-0.038298047	-1.014592021	-3.121365436	0.000037421	0.002003961	-0.001584728	0.000054039	-0.000418170	-0.000042170
0.055000000	-0.032522943	0.554208664	0.460054819	-0.038297991	-1.014592446	-3.121365480	0.000038829	0.002077429	-0.001642830	0.000056062	-0.000433495	-0.000043738
0.056000000	-0.032522902	0.554210778	0.460053147	-0.038297932	-1.014592887	-3.121365525	0.000040264	0.002152166	-0.001701937	0.000058123	-0.000449085	-0.000045335
0.057000000	-0.032522859	0.554212968	0.460051415	-0.038297871	-1.014593344	-3.121365572	0.000041727	0.002228168	-0.001762045	0.000060224	-0.000464937	-0.000046961
0.058000000	-0.032522816	0.554215235	0.460049622	-0.038297808	-1.014593817	-3.121365621	0.000043217	0.002305433	-0.001823153	0.000062363	-0.000481053	-0.000048616
0.059000000	-0.032522770	0.554217579	0.460047768	-0.038297743	-1.014594306	-3.121365671	0.000044736	0.002383958	-0.001885257	0.000064543	-0.000497431	-0.000050301
0.060000000	-0.032522723	0.554220003	0.460045851	-0.038297676	-1.014594811	-3.121365723	0.000046283	0.002463740	-0.001948356	0.000066761	-0.000514071	-0.000052015
0.061000000	-0.032522675	0.554222507	0.460043871	-0.038297606	-1.014595334	-3.121365777	0.000047859	0.002544777	-0.002012448	0.000069020	-0.000530971	-0.000053758
0.062000000	-0.032522625	0.554225093	0.460041826	-0.038297534	-1.014595873	-3.121365833	0.000049464	0.002627065	-0.002077531	0.000071318	-0.000548132	-0.000055532
0.063000000	-0.032522573	0.554227761	0.460039715	-0.038297460	-1.014596429	-3.121365890	0.000051097	0.002710602	-0.002143601	0.000073657	-0.000565552	-0.000057334
0.064000000	-0.032522520	0.554230514	0.460037538	-0.038297384	-1.014597004	-3.121365949	0.000052760	0.002795384	-0.002210657	0.000076037	-0.000583232	-0.000059167
0.065000000	-0.032522465	0.554233352	0.460035293	-0.038297305	-1.014597595	-3.121366010	0.000054452	0.002881409	-0.002278697	0.000078457	-0.000601169	-0.000061030
0.066000000	-0.032522408	0.554236277	0.460032980	-0.038297224	-1.014598205	-3.121366073	0.000056174	0.002968674	-0.002347719	0.000080918	-0.000619365	-0.000062923
0.067000000	-0.032522350	0.554239290	0.460030597	-0.038297140	-1.014598834	-3.121366137	0.000057926	0.003057176	-0.002417719	0.000083421	-0.000637818	-0.000064846
0.068000000	-0.032522290	0.554242392	0.460028144	-0.038297054	-1.014599481	-3.121366204	0.000059708	0.003146913	-0.002488697	0.000085966	-0.000656527	-0.000066799
0.069000000	-0.032522228	0.554245584	0.460025619	-0.038296965	-1.014600147	-3.121366273	0.000061521	0.003237880	-0.002560649	0.000088552	-0.000675491	-0.000068783
0.070000000	-0.032522164	0.554248868	0.460023022	-0.038296874	-1.014600831	-3.121366343	0.000063364	0.003330076	-0.002633574	0.000091181	-0.000694711	-0.000070798
0.071000000	-0.032522099	0.554252244	0.460020352	-0.038296780	-1.014601536	-3.121366416	0.000065239	0.003423498	-0.002707469	0.000093853	-0.000714186	-0.000072844
0.072000000	-0.032522032	0.554255715	0.460017607	-0.038296684	-1.014602260	-3.121366490	0.000067145	0.003518142	-0.002782332	0.000096567	-0.000733914	-0.000074920
0.073000000	-0.032521963	0.554259281	0.460014787	-0.038296585	-1.014603003	-3.121366567	0.000069082	0.003614007	-0.002858161	0.000099325	-0.000753896	-0.000077028
0.074000000	-0.032521892	0.554262943	0.460011890	-0.038296483	-1.014603767	-3.121366645	0.000071052	0.003711088	-0.002934953	0.000102127	-0.000774129	-0.000079167
0.075000000	-0.032521819	0.554266703	0.460008916	-0.038296379	-1.014604551	-3.121366726	0.000073054	0.003809383	-0.003012707	0.000104973	-0.000794615	-0.000081337
0.076000000	-0.032521744	0.554270562	0.460005864	-0.038296271	-1.014605356	-3.121366809	0.000075089	0.003908889	-0.003091420	0.000107863	-0.000815352	-0.000083539
0.077000000	-0.032521667	0.554274521	0.460002733	-0.038296161	-1.014606182	-3.121366894	0.000077157	0.004009604	-0.003171090	0.000110798	-0.000836340	-0.000085773
0.078000000	-0.032521589	0.554278582	0.459999522	-0.038296049	-1.014607029	-3.121366981	0.000079258	0.004111524	-0.003251714	0.000113778	-0.000857577	-0.000088039
0.079000000	-0.032521508	0.554282745	0.459996229	-0.038295933	-1.014607897	-3.121367070	0.000081393	0.004214646	-0.003333291	0.000116805	-0.000879064	-0.000090337
0.080000000	-0.032521426	0.554287011	0.459992855	-0.038295814	-1.014608787	-3.121367162	0.000083562	0.004318969	-0.003415819	0.000119877	-0.000900799	-0.000092667
0.081000000	-0.032521341	0.554291383	0.459989397	-0.038295693	-1.014609699	-3.121367256	0.000085766	0.004424488	-0.003499294	0.000122996	-0.000922782	-0.000095031
0.082000000	-0.032521254	0.554295861	0.459985856	-0.038295569	-1.014610633	-3.121367352	0.000088004	0.004531200	-0.003583715	0.000126161	-0.000945012	-0.000097427
0.083000000	-0.032521165	0.554300446	0.459982229	-0.038295441	-1.014611589	-3.121367450	0.000090278	0.004639104	-0.003669080	0.000129375	-0.000967488	-0.000099856
0.084000000	-0.032521075	0.554305139	0.459978517	-0.038295311	-1.014612568	-3.121367551	0.000092588	0.004748196	-0.003755386	0.000132636	-0.000990211	-0.000102319
0.085000000	-0.032520982	0.554309943	0.459974718	-0.038295178	-1.014613570	-3.121367654	0.000094934	0.004858473	-0.003842631	0.000135946	-0.001013178	-0.000104815
0.086000000	-0.032520886	0.554314857	0.459970832	-0.038295041	-1.014614595	-3.121367760	0.000097317	0.004969932	-0.003930813	0.000139305	-0.001036390	-0.000107344
0.087000000	-0.032520789	0.554319883	0.459966857	-0.038294901	-1.014615643	-3.121367868	0.000099737	0.005082571	-0.004019930	0.000142713	-0.001059846	-0.000109908
0.088000000	-0.032520690	0.554325023	0.459962792	-0.038294759	-1.014616715	-3.121367978	0.000102194	0.005196387	-0.004109979	0.000146171	-0.001083545	-0.000112507
0.089000000	-0.032520588	0.554330276	0.459958637	-0.038294613	-1.014617811	-3.121368091	0.000104689	0.005311376	-0.004200959	0.000149680	-0.001107486	-0.000115139
0.090000000	-0.032520484	0.554335646	0.459954390	-0.038294464	-1.014618930	-3.121368206	0.000107223	0.005427535	-0.004292867	0.000153240	-0.001131669	-0.000117807
0.091000000	-0.032520378	0.554341132	0.459950051	-0.038294311	-1.014620075	-3.121368324	0.000109796	0.005544863	-0.004385700	0.000156851	-0.001156094	-0.000120510
0.092000000	-0.032520269	0.554346736	0.459945619	-0.038294156	-1.014621244	-3.121368444	0.000112409	0.005663355	-0.004479457	0.000160515	-0.001180758	-0.000123248
0.093000000	-0.032520158	0.554352460	0.459941092	-0.038293997	-1.014622437	-3.121368567	0.000115061	0.005783010	-0.004574136	0.000164232	-0.001205662	-0.000126022
0.094000000	-0.032520045	0.554358303	0.459936471	-0.038293834	-1.014623656	-3.121368692	0.000117754	0.005903824	-0.004669734	0.000168002	-0.001230805	-0.000128832
0.095000000	-0.032519930	0.554364268	0.459931753	-0.038293669	-1.014624900	-3.121368820	0.000120488	0.006025794	-0.004766248	0.000171826	-0.001256187	-0.000131678
0.096000000	-0.032519812	0.554370356	0.459926938	-0.038293499	-1.014626170	-3.121368951	0.000123264	0.006148918	-0.004863678	0.000175704	-0.001281806	-0.000134560
0.097000000	-0.032519691	0.554376567	0.459922026	-0.038293327	-1.014627465	-3.121369084	0.000126082	0.006273192	-0.004962020	0.000179639	-0.001307662	-0.000137480
0.098000000	-0.032519569	0.554382903	0.459917015	-0.038293151	-1.014628787	-3.121369220	0.000128943	0.006398613	-0.005061272	0.000183628	-0.001333754	-0.000140436
0.099000000	-0.032519444	0.554389366	0.459911904	-0.038292971	-1.014630134	-3.121369359	0.000131847	0.006525179	-0.005161433	0.000187675	-0.001360081	-0.000143431
0.100000000	-0.032519316	0.554395955	0.459906692	-0.038292788	-1.014631509	-3.121369501	0.000134795	0.006652888	-0.005262500	0.000191779	-0.001386644	-0.000146463
0.101000000	-0.032519186	0.554402673	0.459901379	-0.038292602	-1.014632910	-3.121369645	0.000137788	0.006781735	-0.005364470	0.000195941	-0.001413440	-0.000149533
0.102000000	-0.032519050	0.554409519	0.459895964	-0.038292408	-1.014634337	-3.121369794	0.000140825	0.006911718	-0.005467339	0.000200162	-0.001440472	-0.000152642
0.103000000	-0.032518901	0.554416496	0.459890444	-0.038292198	-1.014635790	-3.121369952	0.000143909	0.007042834	-0.005571100	0.000204442	-0.001467746	-0.000155791
0.104000000	-0.032518749	0.554423605	0.459884820	-0.038291984	-1.014637271	-3.121370113	0.000147039	0.007175080	-0.005675756	0.000208782	-0.001495252	-0.000158979
0.105000000	-0.032518595	0.554430846	0.459879091	-0.038291766	-1.014638779	-3.121370277	0.000150216	0.007308454	-0.005781307	0.000213184	-0.001522990	-0.000162206
0.106000000	-0.032518437	0.554438221	0.459873256	-0.038291544	-1.014640315	-3.121370445	0.000153440	0.007442952	-0.005887751	0.000217647	-0.001550959	-0.000165474
0.107000000	-0.032518277	0.554445731	0.459867315	-0.038291318	-1.014641879	-3.121370615	0.000156713	0.007578571	-0.005995083	0.000222172	-0.001579159	-0.000168782
0.108000000	-0.032518113	0.554453378	0.459861265	-0.038291087	-1.014643471	-3.121370789	0.000160036	0.007715309	-0.006103304	0.000226761	-0.001607588	-0.000172131
0.109000000	-0.032517947	0.554461161	0.459855107	-0.038290853	-1.014645092	-3.121370965	0.000163408	0.007853163	-0.006212410	0.000231414	-0.001636247	-0.000175521
0.110000000	-0.032517778	0.554469084	0.459848839	-0.038290614	-1.014646742	-3.121371145	0.000166830	0.007992129	-0.006322399	0.000236132	-0.001665133	-0.000178953
0.111000000	-0.032517606	0.554477146	0.459842461	-0.038290372	-1.014648421	-3.121371328	0.000170304	0.008132205	-0.006433269	0.000240915	-0.001694248	-0.000182427
0.112000000	-0.032517431	0.554485348	0.459835972	-0.038290125	-1.014650129	-3.121371514	0.000173829	0.008273389	-0.006545018	0.000245765	-0.001723589	-0.000185943
0.113000000	-0.032517252	0.554493692	0.459829370	-0.038289873	-1.014651867	-3.121371703	0.000177408	0.008415676	-0.006657644	0.000250683	-0.001753157	-0.000189503
0.114000000	-0.032517071	0.554502179	0.459822655	-0.038289618	-1.014653635	-3.121371896	0.000181040	0.008559064	-0.006771144	0.000255668	-0.001782950	-0.000193106
0.115000000	-0.032516887	0.554510810	0.459815827	-0.038289358	-1.014655432	-3.121372092	0.000184726	0.008703551	-0.006885516	0.000260723	-0.001812968	-0.000196752
0.116000000	-0.032516699	0.554519587	0.459808883	-0.038289094	-1.014657260	-3.121372291	0.000188467	0.008849133	-0.007000758	0.000265848	-0.001843210	-0.000200443
0.117000000	-0.032516509	0.554528509	0.459801824	-0.038288825	-1.014659118	-3.121372493	0.000192264	0.008995807	-0.007116867	0.000271044	-0.001873676	-0.000204178
0.118000000	-0.032516315	0.554537579	0.459794649	-0.038288552	-1.014661007	-3.121372699	0.000196117	0.009143571	-0.007233842	0.000276312	-0.001904364	-0.000207959
0.119000000	-0.032516118	0.554546797	0.459787356	-0.038288274	-1.014662927	-3.121372908	0.000200028	0.009292421	-0.007351680	0.000281653	-0.001935274	-0.000211786
0.120000000	-0.032515918	0.554556164	0.459779945	-0.038287992	-1.014664877	-3.121373120	0.000203997	0.009442355	-0.007470380	0.000287067	-0.001966406	-0.000215658
0.121000000	-0.032515715	0.554565682	0.459772415	-0.038287706	-1.014666860	-3.121373336	0.000208025	0.009593369	-0.007589938	0.000292556	-0.001997758	-0.000219577
0.122000000	-0.032515508	0.554575352	0.459764765	-0.038287414	-1.014668873	-3.121373556	0.000212114	0.009745461	-0.007710352	0.000298122	-0.002029329	-0.000223544
0.123000000	-0.032515298	0.554585174	0.459756994	-0.038287119	-1.014670919	-3.121373779	0.000216263	0.009898629	-0.007831622	0.000303763	-0.002061120	-0.000227558
0.124000000	-0.032515085	0.554595150	0.459749101	-0.038286818	-1.014672996	-3.121374005	0.000220474	0.010052868	-0.007953743	0.000309483	-0.002093129	-0.000231620
0.125000000	-0.032514869	0.554605281	0.459741086	-0.038286513	-1.014675106	-3.121374235	0.000224747	0.010208176	-0.008076714	0.000315282	-0.002125356	-0.000235731
0.126000000	-0.032514649	0.554615568	0.459732947	-0.038286203	-1.014677249	-3.121374468	0.000229084	0.010364550	-0.008200533	0.000321160	-0.002157800	-0.000239890
0.127000000	-0.032514426	0.554626011	0.459724685	-0.038285889	-1.014679424	-3.121374705	0.000233485	0.010521987	-0.008325198	0.000327120	-0.002190459	-0.000244100
0.128000000	-0.032514200	0.554636613	0.459716297	-0.038285570	-1.014681632	-3.121374946	0.000237952	0.010680485	-0.008450706	0.000333161	-0.002223334	-0.000248360
0.129000000	-0.032513966	0.554647374	0.459707783	-0.038285241	-1.014683872	-3.121375192	0.000242485	0.010840040	-0.008577051	0.000339286	-0.002256428	-0.000252671
0.130000000	-0.032513711	0.554658294	0.459699142	-0.038284887	-1.014686144	-3.121375453	0.000247084	0.011000648	-0.008704211	0.000345495	-0.002289759	-0.000257035
0.131000000	-0.032513453	0.554669374	0.459690374	-0.038284528	-1.014688450	-3.121375718	0.000251752	0.011162307	-0.008832207	0.000351790	-0.002323304	-0.000261451
0.132000000	-0.032513190	0.554680617	0.459681477	-0.038284163	-1.014690789	-3.121375987	0.000256490	0.011325015	-0.008961035	0.000358171	-0.002357062	-0.000265919
0.133000000	-0.032512924	0.554692023	0.459672451	-0.038283793	-1.014693162	-3.121376260	0.000261297	0.011488768	-0.009090695	0.000364639	-0.002391034	-0.000270441
0.134000000	-0.032512654	0.554703594	0.459663295	-0.038283417	-1.014695569	-3.121376536	0.000266175	0.011653564	-0.009221184	0.000371197	-0.002425217	-0.000275017
0.135000000	-0.032512380	0.554715330	0.459654009	-0.038283036	-1.014698011	-3.121376817	0.000271126	0.011819400	-0.009352499	0.000377845	-0.002459612	-0.000279646
0.136000000	-0.032512102	0.554727232	0.459644590	-0.038282650	-1.014700487	-3.121377102	0.000276150	0.011986272	-0.009484639	0.000384584	-0.002494218	-0.000284331
0.137000000	-0.032511820	0.554739302	0.459635039	-0.038282258	-1.014702999	-3.121377390	0.000281248	0.012154179	-0.009617601	0.000391415	-0.002529034	-0.000289072
0.138000000	-0.032511534	0.554751541	0.459625354	-0.038281861	-1.014705545	-3.121377683	0.000286422	0.012323116	-0.009751382	0.000398340	-0.002564060	-0.000293868
0.139000000	-0.032511244	0.554763949	0.459615536	-0.038281458	-1.014708127	-3.121377980	0.000291672	0.012493081	-0.009885981	0.000405360	-0.002599294	-0.000298722
0.140000000	-0.032510951	0.554776527	0.459605582	-0.038281050	-1.014710744	-3.121378280	0.000297000	0.012664071	-0.010021396	0.000412476	-0.002634735	-0.000303633
0.141000000	-0.032510653	0.554789278	0.459595493	-0.038280636	-1.014713396	-3.121378585	0.000302406	0.012836083	-0.010157624	0.000419690	-0.002670384	-0.000308602
0.142000000	-0.032510351	0.554802200	0.459585267	-0.038280217	-1.014716085	-3.121378894	0.000307892	0.013009114	-0.010294662	0.000427002	-0.002706240	-0.000313630
0.143000000	-0.032510045	0.554815297	0.459574903	-0.038279792	-1.014718810	-3.121379208	0.000313459	0.013183161	-0.010432510	0.000434415	-0.002742301	-0.000318718
0.144000000	-0.032509735	0.554828568	0.459564402	-0.038279361	-1.014721571	-3.121379525	0.000319108	0.013358222	-0.010571164	0.000441929	-0.002778567	-0.000323866
0.145000000	-0.032509421	0.554842015	0.459553761	-0.038278925	-1.014724369	-3.121379846	0.000324840	0.013534293	-0.010710622	0.000449545	-0.002815037	-0.000329074
0.146000000	-0.032509103	0.554855638	0.459542980	-0.038278483	-1.014727203	-3.121380172	0.000330657	0.013711371	-0.010850882	0.000457266	-0.002851711	-0.000334345
0.147000000	-0.032508781	0.554869439	0.459532059	-0.038278035	-1.014730075	-3.121380502	0.000336559	0.013889454	-0.010991942	0.000465092	-0.002888587	-0.000339677
0.148000000	-0.032508454	0.554883419	0.459520997	-0.038277581	-1.014732983	-3.121380837	0.000342548	0.014068538	-0.011133800	0.000473025	-0.002925665	-0.000345072
0.149000000	-0.032508095	0.554897577	0.459509791	-0.038277088	-1.014735926	-3.121381193	0.000348623	0.014248615	-0.011276448	0.000481065	-0.002962944	-0.000350531
0.150000000	-0.032507732	0.554911915	0.459498443	-0.038276590	-1.014738906	-3.121381553	0.000354788	0.014429688	-0.011419890	0.000489215	-0.003000423	-0.000356053
0.151000000	-0.032507364	0.554926435	0.459486951	-0.038276084	-1.014741924	-3.121381918	0.000361044	0.014611753	-0.011564122	0.000497476	-0.003038102	-0.000361641
0.152000000	-0.032506991	0.554941137	0.459475314	-0.038275573	-1.014744981	-3.121382288	0.000367390	0.014794807	-0.011709143	0.000505849	-0.003075980	-0.000367294
0.153000000	-0.032506614	0.554956024	0.459463532	-0.038275055	-1.014748075	-3.121382662	0.000373830	0.014978848	-0.011854950	0.000514336	-0.003114056	-0.000373014
0.154000000	-0.032506232	0.554971094	0.459451604	-0.038274531	-1.014751207	-3.121383041	0.000380364	0.015163873	-0.012001541	0.000522939	-0.003152330	-0.000378801
0.155000000	-0.032505846	0.554986351	0.459439528	-0.038274000	-1.014754379	-3.121383425	0.000386993	0.015349878	-0.012148914	0.000531659	-0.003190800	-0.000384657
0.156000000	-0.032505454	0.555001794	0.459427306	-0.038273463	-1.014757589	-3.121383813	0.000393719	0.015536861	-0.012297066	0.000540497	-0.003229466	-0.000390581
0.157000000	-0.032505058	0.555017425	0.459414934	-0.038272919	-1.014760838	-3.121384206	0.000400543	0.015724818	-0.012445996	0.000549455	-0.003268328	-0.000396575
0.158000000	-0.032504657	0.555033245	0.459402413	-0.038272368	-1.014764126	-3.121384603	0.000407467	0.015913748	-0.012595701	0.000558535	-0.003307384	-0.000402639
0.159000000	-0.032504251	0.555049254	0.459389743	-0.038271811	-1.014767453	-3.121385006	0.000414491	0.016103646	-0.012746178	0.000567738	-0.003346633	-0.000408775
0.160000000	-0.032503841	0.555065453	0.459376921	-0.038271248	-1.014770821	-3.121385413	0.000421617	0.016294509	-0.012897426	0.000577065	-0.003386076	-0.000414983
0.161000000	-0.032503425	0.555081844	0.459363948	-0.038270678	-1.014774228	-3.121385825	0.000428846	0.016486336	-0.013049443	0.000586519	-0.003425711	-0.000421263
0.162000000	-0.032503005	0.555098428	0.459350822	-0.038270101	-1.014777675	-3.121386242	0.000436181	0.016679122	-0.013202226	0.000596100	-0.003465537	-0.000427617
0.163000000	-0.032502580	0.555115205	0.459337543	-0.038269517	-1.014781162	-3.121386664	0.000443621	0.016872865	-0.013355773	0.000605811	-0.003505554	-0.000434046
0.164000000	-0.032502127	0.555132175	0.459324110	-0.038268900	-1.014784687	-3.121387105	0.000451169	0.017067557	-0.013510077	0.000615653	-0.003545760	-0.000440549
0.165000000	-0.032501658	0.555149339	0.459310523	-0.038268263	-1.014788251	-3.121387557	0.000458825	0.017263198	-0.013665139	0.000625626	-0.003586154	-0.000447128
0.166000000	-0.032501184	0.555166700	0.459296779	-0.038267618	-1.014791856	-3.121388015	0.000466591	0.017459786	-0.013820958	0.000635734	-0.003626737	-0.000453784
0.167000000	-0.032500704	0.555184257	0.459282880	-0.038266966	-1.014795502	-3.121388478	0.000474470	0.017657318	-0.013977531	0.000645978	-0.003667508	-0.000460518
0.168000000	-0.032500218	0.555202013	0.459268824	-0.038266307	-1.014799189	-3.121388946	0.000482461	0.017855793	-0.014134857	0.000656359	-0.003708465	-0.000467331
0.169000000	-0.032499727	0.555219968	0.459254610	-0.038265640	-1.014802918	-3.121389419	0.000490568	0.018055206	-0.014292934	0.000666880	-0.003749608	-0.000474223
0.170000000	-0.032499231	0.555238123	0.459240238	-0.038264966	-1.014806688	-3.121389898	0.000498790	0.018255555	-0.014451759	0.000677543	-0.003790936	-0.000481195
0.171000000	-0.032498729	0.555256480	0.459225706	-0.038264285	-1.014810500	-3.121390382	0.000507131	0.018456837	-0.014611329	0.000688348	-0.003832449	-0.000488250
0.172000000	-0.032498222	0.555275038	0.459211015	-0.038263596	-1.014814354	-3.121390871	0.000515591	0.018659049	-0.014771643	0.000699298	-0.003874145	-0.000495386
0.173000000	-0.032497709	0.555293799	0.459196163	-0.038262899	-1.014818250	-3.121391366	0.000524172	0.018862188	-0.014932699	0.000710395	-0.003916025	-0.000502606
0.174000000	-0.032497191	0.555312764	0.459181149	-0.038262195	-1.014822188	-3.121391866	0.000532875	0.019066250	-0.015094493	0.000721640	-0.003958086	-0.000509910
0.175000000	-0.032496667	0.555331934	0.459165974	-0.038261483	-1.014826169	-3.121392372	0.000541702	0.019271234	-0.015257025	0.000733035	-0.004000329	-0.000517298
0.176000000	-0.032496137	0.555351309	0.459150635	-0.038260764	-1.014830192	-3.121392882	0.000550655	0.019477135	-0.015420292	0.000744583	-0.004042752	-0.000524773
0.177000000	-0.032495577	0.555370889	0.459135133	-0.038260008	-1.014834255	-3.121393414	0.000559734	0.019683945	-0.015584285	0.000756282	-0.004085354	-0.000532334
0.178000000	-0.032494997	0.555390676	0.459119466	-0.038259227	-1.014838360	-3.121393960	0.000568941	0.019891663	-0.015749006	0.000768137	-0.004128134	-0.000539982
0.179000000	-0.032494410	0.555410671	0.459103634	-0.038258438	-1.014842508	-3.121394512	0.000578278	0.020100289	-0.015914455	0.000780149	-0.004171092	-0.000547719
0.180000000	-0.032493818	0.555430875	0.459087637	-0.038257640	-1.014846700	-3.121395069	0.000587748	0.020309821	-0.016080630	0.000792320	-0.004214227	-0.000555546
0.181000000	-0.032493219	0.555451289	0.459071473	-0.038256834	-1.014850935	-3.121395632	0.000597350	0.020520256	-0.016247527	0.000804653	-0.004257539	-0.000563464
0.182000000	-0.032492614	0.555471915	0.459055141	-0.038256020	-1.014855214	-3.121396202	0.000607088	0.020731591	-0.016415146	0.000817149	-0.004301026	-0.000571473
0.183000000	-0.032492003	0.555492753	0.459038642	-0.038255198	-1.014859537	-3.121396776	0.000616963	0.020943822	-0.016583483	0.000829810	-0.004344689	-0.000579575
0.184000000	-0.032491386	0.555513803	0.459021974	-0.038254367	-1.014863904	-3.121397357	0.000626977	0.021156946	-0.016752537	0.000842638	-0.004388525	-0.000587771
0.185000000	-0.032490762	0.555535068	0.459005137	-0.038253528	-1.014868316	-3.121397944	0.000637130	0.021370962	-0.016922306	0.000855636	-0.004432535	-0.000596062
0.186000000	-0.032490132	0.555556548	0.458988130	-0.038252680	-1.014872772	-3.121398537	0.000647426	0.021585865	-0.017092787	0.000868804	-0.004476718	-0.000604448
0.187000000	-0.032489496	0.555578243	0.458970951	-0.038251824	-1.014877273	-3.121399135	0.000657865	0.021801652	-0.017263977	0.000882146	-0.004521072	-0.000612932
0.188000000	-0.032488845	0.555600154	0.458953602	-0.038250949	-1.014881817	-3.121399745	0.000668450	0.022018319	-0.017435874	0.000895662	-0.004565596	-0.000621512
0.189000000	-0.032488152	0.555622279	0.458936079	-0.038250024	-1.014886403	-3.121400383	0.000679180	0.022235854	-0.017608467	0.000909353	-0.004610289	-0.000630190
0.190000000	-0.032487452	0.555644623	0.458918384	-0.038249090	-1.014891034	-3.121401027	0.000690059	0.022454264	-0.017781764	0.000923224	-0.004655151	-0.000638968
0.191000000	-0.032486746	0.555667186	0.458900515	-0.038248147	-1.014895710	-3.121401677	0.000701088	0.022673547	-0.017955761	0.000937275	-0.004700181	-0.000647847
0.192000000	-0.032486032	0.555689969	0.458882472	-0.038247194	-1.014900432	-3.121402333	0.000712270	0.022893699	-0.018130456	0.000951510	-0.004745379	-0.000656828
0.193000000	-0.032485312	0.555712972	0.458864254	-0.038246233	-1.014905200	-3.121402996	0.000723606	0.023114717	-0.018305848	0.000965930	-0.004790744	-0.000665912
0.194000000	-0.032484584	0.555736198	0.458845860	-0.038245262	-1.014910014	-3.121403666	0.000735098	0.023336598	-0.018481934	0.000980537	-0.004836274	-0.000675101
0.195000000	-0.032483850	0.555759647	0.458827290	-0.038244281	-1.014914874	-3.121404341	0.000746748	0.023559339	-0.018658711	0.000995335	-0.004881970	-0.000684394
0.196000000	-0.032483108	0.555783319	0.458808543	-0.038243292	-1.014919780	-3.121405024	0.000758558	0.023782937	-0.018836178	0.001010324	-0.004927830	-0.000693794
0.197000000	-0.032482360	0.555807215	0.458789618	-0.038242293	-1.014924733	-3.121405712	0.000770529	0.024007390	-0.019014332	0.001025507	-0.004973853	-0.000703302
0.198000000	-0.032481604	0.555831337	0.458770514	-0.038241284	-1.014929732	-3.121406407	0.000782664	0.024232693	-0.019193171	0.001040886	-0.005020040	-0.000712918
0.199000000	-0.032480798	0.555855681	0.458751231	-0.038240215	-1.014934773	-3.121407136	0.000794962	0.024458831	-0.019372682	0.001056460	-0.005066385	-0.000722642
0.200000000	-0.032479979	0.555880252	0.458731768	-0.038239130	-1.014939861	-3.121407874	0.000807426	0.024685812	-0.019552872	0.001072234	-0.005112891	-0.000732476
0.201000000	-0.032479153	0.555905051	0.458712125	-0.038238035	-1.014944995	-3.121408619	0.000820060	0.024913634	-0.019733740	0.001088211	-0.005159557	-0.000742422
0.202000000	-0.032478319	0.555930078	0.458692300	-0.038236931	-1.014950177	-3.121409371	0.000832865	0.025142295	-0.019915283	0.001104393	-0.005206383	-0.000752482
0.203000000	-0.032477478	0.555955335	0.458672294	-0.038235816	-1.014955407	-3.121410130	0.000845843	0.025371792	-0.020097500	0.001120782	-0.005253366	-0.000762655
0.204000000	-0.032476629	0.555980822	0.458652105	-0.038234691	-1.014960684	-3.121410896	0.000858995	0.025602121	-0.020280389	0.001137380	-0.005300508	-0.000772945
0.205000000	-0.032475772	0.556006540	0.458631733	-0.038233555	-1.014966010	-3.121411668	0.000872325	0.025833279	-0.020463946	0.001154190	-0.005347806	-0.000783350
0.206000000	-0.032474908	0.556032491	0.458611177	-0.038232410	-1.014971383	-3.121412448	0.000885833	0.026065264	-0.020648170	0.001171214	-0.005395260	-0.000793874
0.207000000	-0.032474036	0.556058675	0.458590436	-0.038231254	-1.014976804	-3.121413235	0.000899522	0.026298072	-0.020833059	0.001188455	-0.005442869	-0.000804517
0.208000000	-0.032473127	0.556085089	0.458569511	-0.038230055	-1.014982271	-3.121414046	0.000913392	0.026531691	-0.021018602	0.001205912	-0.005490631	-0.000815278
0.209000000	-0.032472187	0.556111736	0.458548399	-0.038228816	-1.014987783	-3.121414879	0.000927446	0.026766119	-0.021204798	0.001223587	-0.005538544	-0.000826159
0.210000000	-0.032471238	0.556138618	0.458527101	-0.038227567	-1.014993344	-3.121415719	0.000941686	0.027001360	-0.021391652	0.001241487	-0.005586610	-0.000837163
0.211000000	-0.032470280	0.556165737	0.458505615	-0.038226306	-1.014998954	-3.121416567	0.000956115	0.027237411	-0.021579160	0.001259611	-0.005634828	-0.000848290
0.212000000	-0.032469315	0.556193093	0.458483942	-0.038225035	-1.015004612	-3.121417423	0.000970735	0.027474271	-0.021767322	0.001277964	-0.005683196	-0.000859543
0.213000000	-0.032468340	0.556220686	0.458462080	-0.038223752	-1.015010320	-3.121418285	0.000985548	0.027711935	-0.021956135	0.001296547	-0.005731714	-0.000870922
0.214000000	-0.032467358	0.556248518	0.458440029	-0.038222458	-1.015016078	-3.121419156	0.001000556	0.027950400	-0.022145595	0.001315363	-0.005780382	-0.000882428
0.215000000	-0.032466367	0.556276590	0.458417789	-0.038221154	-1.015021884	-3.121420033	0.001015761	0.028189664	-0.022335702	0.001334414	-0.005829197	-0.000894063
0.216000000	-0.032465367	0.556304902	0.458395358	-0.038219838	-1.015027741	-3.121420919	0.001031165	0.028429724	-0.022526453	0.001353704	-0.005878160	-0.000905829
0.217000000	-0.032464309	0.556333450	0.458372736	-0.038218452	-1.015033641	-3.121421842	0.001046768	0.028670557	-0.022717831	0.001373229	-0.005927266	-0.000917722
0.218000000	-0.032463236	0.556362240	0.458349922	-0.038217046	-1.015039591	-3.121422778	0.001062573	0.028912176	-0.022909846	0.001392995	-0.005976517	-0.000929747
0.219000000	-0.032462153	0.556391272	0.458326916	-0.038215629	-1.015045591	-3.121423721	0.001078584	0.029154582	-0.023102497	0.001413007	-0.006025913	-0.000941906
0.220000000	-0.032461061	0.556420547	0.458303717	-0.038214200	-1.015051641	-3.121424672	0.001094802	0.029397769	-0.023295784	0.001433267	-0.006075453	-0.000954200
0.221000000	-0.032459960	0.556450067	0.458280324	-0.038212759	-1.015057741	-3.121425631	0.001111231	0.029641737	-0.023489702	0.001453777	-0.006125135	-0.000966631
0.222000000	-0.032458850	0.556479832	0.458256737	-0.038211306	-1.015063892	-3.121426598	0.001127871	0.029886481	-0.023684250	0.001474539	-0.006174960	-0.000979199
0.223000000	-0.032457731	0.556509843	0.458232955	-0.038209841	-1.015070094	-3.121427573	0.001144725	0.030131998	-0.023879427	0.001495557	-0.006224926	-0.000991906
0.224000000	-0.032456602	0.556540101	0.458208978	-0.038208364	-1.015076347	-3.121428557	0.001161796	0.030378286	-0.024075228	0.001516832	-0.006275032	-0.001004754
0.225000000	-0.032455415	0.556570601	0.458184805	-0.038206816	-1.015082646	-3.121429578	0.001179082	0.030625321	-0.024271638	0.001538364	-0.006325274	-0.001017740
0.226000000	-0.032454207	0.556601348	0.458160434	-0.038205244	-1.015088994	-3.121430615	0.001196589	0.030873115	-0.024468664	0.001560157	-0.006375654	-0.001030868
0.227000000	-0.032452989	0.556632344	0.458135867	-0.038203658	-1.015095393	-3.121431660	0.001214318	0.031121671	-0.024666309	0.001582215	-0.006426171	-0.001044140
0.228000000	-0.032451762	0.556663590	0.458111102	-0.038202060	-1.015101844	-3.121432713	0.001232272	0.031370983	-0.024864569	0.001604541	-0.006476826	-0.001057557
0.229000000	-0.032450524	0.556695086	0.458086138	-0.038200448	-1.015108347	-3.121433775	0.001250454	0.031621050	-0.025063444	0.001627139	-0.006527616	-0.001071122
0.230000000	-0.032449277	0.556726834	0.458060974	-0.038198824	-1.015114901	-3.121434846	0.001268866	0.031871868	-0.025262930	0.001650009	-0.006578541	-0.001084835
0.231000000	-0.032448020	0.556758834	0.458035611	-0.038197187	-1.015121508	-3.121435924	0.001287510	0.032123434	-0.025463025	0.001673156	-0.006629600	-0.001098698
0.232000000	-0.032446737	0.556791085	0.458010048	-0.038195519	-1.015128165	-3.121437022	0.001306387	0.032375739	-0.025663722	0.001696580	-0.006680791	-0.001112711
0.233000000	-0.032445395	0.556823584	0.457984284	-0.038193780	-1.015134868	-3.121438157	0.001325497	0.032628765	-0.025865007	0.001720281	-0.006732111	-0.001126873
0.234000000	-0.032444043	0.556856338	0.457958318	-0.038192028	-1.015141624	-3.121439302	0.001344846	0.032882529	-0.026066895	0.001744265	-0.006783563	-0.001141188
0.235000000	-0.032442681	0.556889347	0.457932150	-0.038190262	-1.015148432	-3.121440455	0.001364436	0.033137028	-0.026269381	0.001768536	-0.006835144	-0.001155659
0.236000000	-0.032441308	0.556922612	0.457905779	-0.038188483	-1.015155293	-3.121441617	0.001384270	0.033392259	-0.026472466	0.001793097	-0.006886856	-0.001170286
0.237000000	-0.032439924	0.556956133	0.457879204	-0.038186690	-1.015162207	-3.121442788	0.001404351	0.033648220	-0.026676146	0.001817950	-0.006938696	-0.001185071
0.238000000	-0.032438529	0.556989912	0.457852426	-0.038184883	-1.015169175	-3.121443968	0.001424679	0.033904906	-0.026880418	0.001843098	-0.006990663	-0.001200016
0.239000000	-0.032437117	0.557023948	0.457825443	-0.038183054	-1.015176194	-3.121445162	0.001445258	0.034162312	-0.027085279	0.001868543	-0.007042758	-0.001215121
0.240000000	-0.032435633	0.557058236	0.457798255	-0.038181140	-1.015183259	-3.121446402	0.001466085	0.034420410	-0.027290706	0.001894282	-0.007094973	-0.001230383
0.241000000	-0.032434139	0.557092784	0.457770862	-0.038179211	-1.015190378	-3.121447651	0.001487167	0.034679223	-0.027496719	0.001920325	-0.007147313	-0.001245810
0.242000000	-0.032432632	0.557127592	0.457743262	-0.038177268	-1.015197551	-3.121448910	0.001508508	0.034938750	-0.027703316	0.001946674	-0.007199777	-0.001261401
0.243000000	-0.032431115	0.557162661	0.457715455	-0.038175310	-1.015204777	-3.121450178	0.001530108	0.035198986	-0.027910493	0.001973331	-0.007252365	-0.001277159
0.244000000	-0.032429586	0.557197992	0.457687441	-0.038173337	-1.015212057	-3.121451456	0.001551972	0.035459929	-0.028118249	0.002000300	-0.007305074	-0.001293085
0.245000000	-0.032428046	0.557233585	0.457659218	-0.038171350	-1.015219392	-3.121452743	0.001574101	0.035721575	-0.028326582	0.002027584	-0.007357906	-0.001309181
0.246000000	-0.032426471	0.557269439	0.457630787	-0.038169321	-1.015226777	-3.121454054	0.001596495	0.035983910	-0.028535480	0.002055183	-0.007410855	-0.001325445
0.247000000	-0.032424836	0.557305551	0.457602147	-0.038167220	-1.015234211	-3.121455404	0.001619156	0.036246919	-0.028744932	0.002083097	-0.007463920	-0.001341878
0.248000000	-0.032423190	0.557341928	0.457573297	-0.038165104	-1.015241700	-3.121456764	0.001642089	0.036510622	-0.028954953	0.002111334	-0.007517104	-0.001358485
0.249000000	-0.032421531	0.557378571	0.457544237	-0.038162973	-1.015249243	-3.121458134	0.001665297	0.036775015	-0.029165541	0.002139897	-0.007570405	-0.001375268
0.250000000	-0.032419861	0.557415479	0.457514966	-0.038160826	-1.015256841	-3.121459514	0.001688783	0.037040094	-0.029376694	0.002168789	-0.007623823	-0.001392227
0.251000000	-0.032418178	0.557452654	0.457485483	-0.038158664	-1.015264494	-3.121460903	0.001712549	0.037305858	-0.029588409	0.002198013	-0.007677357	-0.001409365
0.252000000	-0.032416483	0.557490096	0.457455788	-0.038156486	-1.015272202	-3.121462303	0.001736598	0.037572302	-0.029800684	0.002227573	-0.007731005	-0.001426683
0.253000000	-0.032414711	0.557527799	0.457425881	-0.038154216	-1.015279957	-3.121463753	0.001760926	0.037839391	-0.030013491	0.002257462	-0.007784762	-0.001444176
0.254000000	-0.032412916	0.557565770	0.457395761	-0.038151918	-1.015287766	-3.121465219	0.001785541	0.038107150	-0.030226849	0.002287690	-0.007838631	-0.001461852
0.255000000	-0.032411109	0.557604011	0.457365428	-0.038149605	-1.015295630	-3.121466695	0.001810446	0.038375579	-0.030440760	0.002318263	-0.007892611	-0.001479712
0.256000000	-0.032409290	0.557642521	0.457334880	-0.038147275	-1.015303550	-3.121468182	0.001835644	0.038644675	-0.030655221	0.002349182	-0.007946703	-0.001497758
0.257000000	-0.032407457	0.557681303	0.457304117	-0.038144929	-1.015311526	-3.121469679	0.001861137	0.038914436	-0.030870230	0.002380451	-0.008000905	-0.001515991
0.258000000	-0.032405612	0.557720355	0.457273139	-0.038142566	-1.015319558	-3.121471187	0.001886928	0.039184857	-0.031085785	0.002412073	-0.008055216	-0.001534414
0.259000000	-0.032403698	0.557759674	0.457241945	-0.038140122	-1.015327638	-3.121472739	0.001913015	0.039455908	-0.031301860	0.002444043	-0.008109631	-0.001553022
0.260000000	-0.032401748	0.557799263	0.457210535	-0.038137634	-1.015335772	-3.121474316	0.001939402	0.039727601	-0.031518467	0.002476370	-0.008164150	-0.001571821
0.261000000	-0.032399785	0.557839126	0.457178908	-0.038135129	-1.015343962	-3.121475903	0.001966096	0.039999945	-0.031735612	0.002509058	-0.008218776	-0.001590813
0.262000000	-0.032397809	0.557879263	0.457147064	-0.038132607	-1.015352209	-3.121477502	0.001993098	0.040272937	-0.031953293	0.002542112	-0.008273507	-0.001610000
0.263000000	-0.032395819	0.557919674	0.457115001	-0.038130068	-1.015360512	-3.121479112	0.002020410	0.040546573	-0.032171508	0.002575533	-0.008328342	-0.001629384
0.264000000	-0.032393815	0.557960362	0.457082720	-0.038127511	-1.015368872	-3.121480732	0.002048037	0.040820849	-0.032390254	0.002609325	-0.008383281	-0.001648967
0.265000000	-0.032391733	0.558001317	0.457050220	-0.038124862	-1.015377280	-3.121482403	0.002075973	0.041095730	-0.032609501	0.002643483	-0.008438317	-0.001668744
0.266000000	-0.032389620	0.558042548	0.457017501	-0.038122175	-1.015385743	-3.121484095	0.002104227	0.041371235	-0.032829267	0.002678016	-0.008493452	-0.001688721
0.267000000	-0.032387494	0.558084057	0.456984562	-0.038119470	-1.015394263	-3.121485799	0.002132803	0.041647372	-0.033049557	0.002712929	-0.008548687	-0.001708901
0.268000000	-0.032385353	0.558125843	0.456951402	-0.038116746	-1.015402840	-3.121487515	0.002161702	0.041924136	-0.033270369	0.002748226	-0.008604022	-0.001729285
0.269000000	-0.032383197	0.558167908	0.456918020	-0.038114005	-1.015411475	-3.121489241	0.002190929	0.042201524	-0.033491700	0.002783909	-0.008659456	-0.001749877
0.270000000	-0.032381019	0.558210252	0.456884417	-0.038111235	-1.015420165	-3.121490985	0.002220485	0.042479528	-0.033713543	0.002819981	-0.008714987	-0.001770675
0.271000000	-0.032378750	0.558252867	0.456850593	-0.038108358	-1.015428904	-3.121492786	0.002250365	0.042758109	-0.033935868	0.002856435	-0.008770607	-0.001791676
0.272000000	-0.032376467	0.558295763	0.456816546	-0.038105462	-1.015437700	-3.121494600	0.002280581	0.043037303	-0.034158703	0.002893286	-0.008826322	-0.001812888
0.273000000	-0.032374169	0.558338939	0.456782276	-0.038102547	-1.015446554	-3.121496425	0.002311134	0.043317108	-0.034382049	0.002930535	-0.008882132	-0.001834312
0.274000000	-0.032371855	0.558382398	0.456747782	-0.038099613	-1.015455466	-3.121498262	0.002342028	0.043597521	-0.034605901	0.002968187	-0.008938036	-0.001855952
0.275000000	-0.032369527	0.558426140	0.456713063	-0.038096660	-1.015464435	-3.121500111	0.002373266	0.043878538	-0.034830258	0.003006245	-0.008994033	-0.001877808
0.276000000	-0.032367129	0.558470158	0.456678121	-0.038093625	-1.015473456	-3.121502005	0.002404843	0.044160124	-0.035055091	0.003044704	-0.009050115	-0.001899875
0.277000000	-0.032364683	0.558514456	0.456642953	-0.038090531	-1.015482531	-3.121503932	0.002436767	0.044442289	-0.035280409	0.003083570	-0.009106286	-0.001922159
0.278000000	-0.032362221	0.558559039	0.456607560	-0.038087417	-1.015491665	-3.121505871	0.002469041	0.044725048	-0.035506224	0.003122851	-0.009162545	-0.001944664
0.279000000	-0.032359743	0.558603907	0.456571941	-0.038084283	-1.015500856	-3.121507822	0.002501671	0.045008397	-0.035732534	0.003162550	-0.009218894	-0.001967392
0.280000000	-0.032357250	0.558649060	0.456536094	-0.038081129	-1.015510107	-3.121509786	0.002534657	0.045292333	-0.035959336	0.003202672	-0.009275330	-0.001990345
0.281000000	-0.032354711	0.558694496	0.456500021	-0.038077921	-1.015519412	-3.121511780	0.002568000	0.045576836	-0.036186614	0.003243214	-0.009331851	-0.002013520
0.282000000	-0.032352095	0.558740212	0.456463721	-0.038074621	-1.015528768	-3.121513824	0.002601700	0.045861883	-0.036414350	0.003284176	-0.009388450	-0.002036917
0.283000000	-0.032349463	0.558786215	0.456427193	-0.038071301	-1.015538183	-3.121515881	0.002635765	0.046147506	-0.036642570	0.003325569	-0.009445134	-0.002060543
0.284000000	-0.032346815	0.558832506	0.456390436	-0.038067959	-1.015547657	-3.121517951	0.002670198	0.046433703	-0.036871273	0.003367396	-0.009501902	-0.002084400
0.285000000	-0.032344149	0.558879086	0.456353450	-0.038064597	-1.015557190	-3.121520033	0.002705003	0.046720470	-0.037100455	0.003409662	-0.009558753	-0.002108490
0.286000000	-0.032341449	0.558925953	0.456316234	-0.038061192	-1.015566780	-3.121522141	0.002740180	0.047007793	-0.037330106	0.003452367	-0.009615684	-0.002132813
0.287000000	-0.032338657	0.558973100	0.456278790	-0.038057679	-1.015576420	-3.121524306	0.002775725	0.047295633	-0.037560195	0.003495505	-0.009672687	-0.002157363
0.288000000	-0.032335849	0.559020538	0.456241114	-0.038054144	-1.015586120	-3.121526485	0.002811650	0.047584032	-0.037790756	0.003539090	-0.009729770	-0.002182152
0.289000000	-0.032333023	0.559068267	0.456203208	-0.038050587	-1.015595878	-3.121528677	0.002847958	0.047872988	-0.038021787	0.003583128	-0.009786932	-0.002207180
0.290000000	-0.032330180	0.559116288	0.456165070	-0.038047009	-1.015605697	-3.121530883	0.002884652	0.048162496	-0.038253286	0.003627620	-0.009844172	-0.002232450
0.291000000	-0.032327296	0.559164598	0.456126700	-0.038043382	-1.015615572	-3.121533116	0.002921731	0.048452540	-0.038485237	0.003672567	-0.009901485	-0.002257960
0.292000000	-0.032324322	0.559213191	0.456088100	-0.038039648	-1.015625498	-3.121535407	0.002959193	0.048743083	-0.038717614	0.003717963	-0.009958867	-0.002283707
0.293000000	-0.032321330	0.559262078	0.456049266	-0.038035891	-1.015635484	-3.121537713	0.002997050	0.049034168	-0.038950451	0.003763824	-0.010016323	-0.002309700
0.294000000	-0.032318321	0.559311259	0.456010199	-0.038032111	-1.015645530	-3.121540032	0.003035303	0.049325792	-0.039183744	0.003810154	-0.010073852	-0.002335941
0.295000000	-0.032315293	0.559360734	0.455970897	-0.038028309	-1.015655636	-3.121542364	0.003073957	0.049617952	-0.039417492	0.003856955	-0.010131455	-0.002362433
0.296000000	-0.032312206	0.559410500	0.455931363	-0.038024436	-1.015665797	-3.121544736	0.003113009	0.049910617	-0.039651672	0.003904224	-0.010189124	-0.002389171
0.297000000	-0.032309043	0.559460553	0.455891594	-0.038020472	-1.015676011	-3.121547157	0.003152459	0.050203773	-0.039886271	0.003951963	-0.010246857	-0.002416156
0.298000000	-0.032305861	0.559510902	0.455851591	-0.038016485	-1.015686286	-3.121549593	0.003192319	0.050497453	-0.040121316	0.004000183	-0.010304660	-0.002443396
0.299000000	-0.032302660	0.559561548	0.455811351	-0.038012475	-1.015696621	-3.121552043	0.003232590	0.050791654	-0.040356806	0.004048888	-0.010362531	-0.002470894
0.300000000	-0.032299441	0.559612492	0.455770876	-0.038008441	-1.015707017	-3.121554507	0.003273276	0.051086374	-0.040592739	0.004098082	-0.010420470	-0.002498650
0.301000000	-0.032296129	0.559663723	0.455730165	-0.038004297	-1.015717464	-3.121557031	0.003314370	0.051381559	-0.040829071	0.004147756	-0.010478467	-0.002526657
0.302000000	-0.032292770	0.559715249	0.455689219	-0.038000096	-1.015727968	-3.121559586	0.003355882	0.051677236	-0.041065825	0.004197920	-0.010536526	-0.002554923
0.303000000	-0.032289392	0.559767074	0.455648034	-0.037995871	-1.015738534	-3.121562156	0.003397817	0.051973419	-0.041303013	0.004248583	-0.010594649	-0.002583453
0.304000000	-0.032285994	0.559819199	0.455606612	-0.037991621	-1.015749160	-3.121564741	0.003440179	0.052270107	-0.041540633	0.004299749	-0.010652835	-0.002612250
0.305000000	-0.032282559	0.559871622	0.455564951	-0.037987328	-1.015759846	-3.121567351	0.003482968	0.052567283	-0.041778674	0.004351419	-0.010711082	-0.002641311
0.306000000	-0.032279018	0.559924333	0.455523055	-0.037982907	-1.015770581	-3.121570030	0.003526178	0.052864896	-0.042017092	0.004403581	-0.010769380	-0.002670631
0.307000000	-0.032275457	0.559977345	0.455480918	-0.037978461	-1.015781378	-3.121572723	0.003569824	0.053163001	-0.042255935	0.004456257	-0.010827738	-0.002700222
0.308000000	-0.032271875	0.560030658	0.455438542	-0.037973990	-1.015792236	-3.121575432	0.003613909	0.053461596	-0.042495199	0.004509449	-0.010886155	-0.002730086
0.309000000	-0.032268273	0.560084275	0.455395926	-0.037969494	-1.015803156	-3.121578157	0.003658435	0.053760676	-0.042734882	0.004563162	-0.010944630	-0.002760225
0.310000000	-0.032264574	0.560138182	0.455353072	-0.037964883	-1.015814128	-3.121580943	0.003703396	0.054060185	-0.042974938	0.004617383	-0.011003153	-0.002790630
0.311000000	-0.032260824	0.560192389	0.455309978	-0.037960210	-1.015825157	-3.121583763	0.003748800	0.054360152	-0.043215390	0.004672126	-0.011061728	-0.002821309
0.312000000	-0.032257054	0.560246900	0.455266642	-0.037955512	-1.015836248	-3.121586600	0.003794654	0.054660593	-0.043456253	0.004727400	-0.011120359	-0.002852269
0.313000000	-0.032253262	0.560301715	0.455223064	-0.037950787	-1.015847401	-3.121589452	0.003840963	0.054961505	-0.043697525	0.004783207	-0.011179043	-0.002883510
0.314000000	-0.032249408	0.560356828	0.455179245	-0.037945987	-1.015858611	-3.121592345	0.003887722	0.055262856	-0.043939179	0.004839545	-0.011237774	-0.002915030
0.315000000	-0.032245464	0.560412237	0.455135186	-0.037941082	-1.015869874	-3.121595295	0.003934932	0.055564621	-0.044181196	0.004896410	-0.011296550	-0.002946826
0.316000000	-0.032241499	0.560467952	0.455090884	-0.037936149	-1.015881199	-3.121598262	0.003982604	0.055866847	-0.044423614	0.004953820	-0.011355375	-0.002978909
0.317000000	-0.032237512	0.560523973	0.455046338	-0.037931189	-1.015892586	-3.121601245	0.004030743	0.056169530	-0.044666430	0.005011778	-0.011414251	-0.003011281
0.318000000	-0.032233487	0.560580299	0.455001549	-0.037926184	-1.015904034	-3.121604255	0.004079348	0.056472654	-0.044909632	0.005070285	-0.011473173	-0.003043943
0.319000000	-0.032229344	0.560636917	0.454956519	-0.037921038	-1.015915532	-3.121607338	0.004128411	0.056776158	-0.045153169	0.005129328	-0.011532130	-0.003076883
0.320000000	-0.032225179	0.560693844	0.454911244	-0.037915865	-1.015927092	-3.121610439	0.004177949	0.057080106	-0.045397096	0.005188930	-0.011591134	-0.003110118
0.321000000	-0.032220992	0.560751078	0.454865725	-0.037910664	-1.015938714	-3.121613557	0.004227966	0.057384497	-0.045641411	0.005249094	-0.011650183	-0.003143650
0.322000000	-0.032216781	0.560808622	0.454819959	-0.037905435	-1.015950400	-3.121616691	0.004278464	0.057689326	-0.045886110	0.005309825	-0.011709276	-0.003177480
0.323000000	-0.032212434	0.560866457	0.454773952	-0.037900044	-1.015962133	-3.121619912	0.004329428	0.057994505	-0.046131122	0.005371102	-0.011768398	-0.003211593
0.324000000	-0.032208064	0.560924602	0.454727699	-0.037894624	-1.015973929	-3.121623150	0.004380881	0.058300114	-0.046376513	0.005432952	-0.011827562	-0.003246009
0.325000000	-0.032203671	0.560983057	0.454681199	-0.037889176	-1.015985788	-3.121626405	0.004432824	0.058606150	-0.046622281	0.005495379	-0.011886767	-0.003280728
0.326000000	-0.032199254	0.561041823	0.454634452	-0.037883698	-1.015997710	-3.121629678	0.004485260	0.058912610	-0.046868423	0.005558387	-0.011946012	-0.003315753
0.327000000	-0.032194703	0.561100883	0.454587462	-0.037878062	-1.016009680	-3.121633035	0.004538177	0.059219406	-0.047114867	0.005621955	-0.012005281	-0.003351068
0.328000000	-0.032190122	0.561160254	0.454540224	-0.037872389	-1.016021713	-3.121636414	0.004591592	0.059526612	-0.047361676	0.005686110	-0.012064588	-0.003386693
0.329000000	-0.032185517	0.561219936	0.454492738	-0.037866687	-1.016033809	-3.121639810	0.004645510	0.059834231	-0.047608851	0.005750856	-0.012123931	-0.003422628
0.330000000	-0.032180888	0.561279932	0.454445004	-0.037860954	-1.016045969	-3.121643224	0.004699934	0.060142258	-0.047856389	0.005816197	-0.012183309	-0.003458876
0.331000000	-0.032176118	0.561340221	0.454397025	-0.037855055	-1.016058176	-3.121646728	0.004754849	0.060450600	-0.048104214	0.005882111	-0.012242707	-0.003495422
0.332000000	-0.032171321	0.561400824	0.454348798	-0.037849123	-1.016070446	-3.121650250	0.004810276	0.060759340	-0.048352394	0.005948627	-0.012302137	-0.003532283
0.333000000	-0.032166499	0.561461740	0.454300320	-0.037843160	-1.016082780	-3.121653791	0.004866218	0.061068477	-0.048600930	0.006015748	-0.012361600	-0.003569463
0.334000000	-0.032161641	0.561522970	0.454251593	-0.037837153	-1.016095177	-3.121657357	0.004922677	0.061377999	-0.048849810	0.006083477	-0.012421093	-0.003606962
0.335000000	-0.032156648	0.561584496	0.454202621	-0.037830986	-1.016107622	-3.121661009	0.004979639	0.061687824	-0.049098970	0.006151794	-0.012480601	-0.003644766
0.336000000	-0.032151629	0.561646337	0.454153398	-0.037824788	-1.016120131	-3.121664679	0.005037127	0.061998034	-0.049348475	0.006220728	-0.012540138	-0.003682894
0.337000000	-0.032146585	0.561708494	0.454103923	-0.037818558	-1.016132704	-3.121668367	0.005095142	0.062308626	-0.049598325	0.006290282	-0.012599702	-0.003721348
0.338000000	-0.032141480	0.561770961	0.454054199	-0.037812256	-1.016145336	-3.121672096	0.005153683	0.062619569	-0.049848493	0.006360452	-0.012659289	-0.003760124
0.339000000	-0.032136261	0.561833730	0.454004227	-0.037805818	-1.016158020	-3.121675898	0.005212743	0.062930814	-0.050098940	0.006431229	-0.012718890	-0.003799215
0.340000000	-0.032131015	0.561896817	0.453954003	-0.037799347	-1.016170768	-3.121679719	0.005272340	0.063242429	-0.050349724	0.006502638	-0.012778514	-0.003838638
0.341000000	-0.032125743	0.561960220	0.453903526	-0.037792844	-1.016183581	-3.121683559	0.005332478	0.063554411	-0.050600840	0.006574682	-0.012838163	-0.003878394
0.342000000	-0.032120376	0.562023930	0.453852799	-0.037786228	-1.016196448	-3.121687460	0.005393148	0.063866700	-0.050852241	0.006647348	-0.012897824	-0.003918474
0.343000000	-0.032114925	0.562087948	0.453801823	-0.037779512	-1.016209372	-3.121691415	0.005454355	0.064179300	-0.051103930	0.006720644	-0.012957498	-0.003958882
0.344000000	-0.032109447	0.562152285	0.453750592	-0.037772763	-1.016222361	-3.121695390	0.005516112	0.064492256	-0.051355943	0.006794585	-0.013017193	-0.003999629
0.345000000	-0.032103942	0.562216942	0.453699108	-0.037765980	-1.016235413	-3.121699385	0.005578422	0.064805563	-0.051608279	0.006869176	-0.013076907	-0.004040717
0.346000000	-0.032098297	0.562281898	0.453647375	-0.037759032	-1.016248515	-3.121703467	0.005641269	0.065119123	-0.051860857	0.006944393	-0.013136622	-0.004082128
0.347000000	-0.032092608	0.562347171	0.453595389	-0.037752032	-1.016261680	-3.121707580	0.005704672	0.065433013	-0.052113739	0.007020263	-0.013196353	-0.004123882
0.348000000	-0.032086892	0.562412765	0.453543147	-0.037744997	-1.016274909	-3.121711712	0.005768638	0.065747243	-0.052366936	0.007096794	-0.013256098	-0.004165982
0.349000000	-0.032081112	0.562478673	0.453490652	-0.037737887	-1.016288198	-3.121715886	0.005833163	0.066061779	-0.052620418	0.007173981	-0.013315854	-0.004208424
0.350000000	-0.032075210	0.562544886	0.453437907	-0.037730631	-1.016301538	-3.121720139	0.005898240	0.066376566	-0.052874141	0.007251812	-0.013375609	-0.004251200
0.351000000	-0.032069279	0.562611420	0.453384906	-0.037723340	-1.016314944	-3.121724412	0.005963890	0.066691680	-0.053128169	0.007330315	-0.013435376	-0.004294328
0.352000000	-0.032063319	0.562678276	0.453331648	-0.037716013	-1.016328414	-3.121728705	0.006030114	0.067007118	-0.053382499	0.007409493	-0.013495155	-0.004337810
0.353000000	-0.032057233	0.562745437	0.453278140	-0.037708538	-1.016341936	-3.121733078	0.006096900	0.067322793	-0.053637060	0.007489326	-0.013554930	-0.004381630
0.354000000	-0.032051083	0.562812915	0.453224377	-0.037700985	-1.016355518	-3.121737494	0.006164260	0.067638752	-0.053891891	0.007569832	-0.013614708	-0.004425802
0.355000000	-0.032044904	0.562880715	0.453170356	-0.037693397	-1.016369166	-3.121741931	0.006232205	0.067955024	-0.054147016	0.007651025	-0.013674494	-0.004470333
0.356000000	-0.032038661	0.562948833	0.453116080	-0.037685733	-1.016382873	-3.121746409	0.006300732	0.068271575	-0.054402407	0.007732900	-0.013734282	-0.004515220
0.357000000	-0.032032288	0.563017256	0.453061552	-0.037677914	-1.016396632	-3.121750970	0.006369831	0.068588340	-0.054658013	0.007815442	-0.013794060	-0.004560452
0.358000000	-0.032025884	0.563086003	0.453006766	-0.037670058	-1.016410456	-3.121755552	0.006439524	0.068905406	-0.054913903	0.007898682	-0.013853843	-0.004606049
0.359000000	-0.032019451	0.563155075	0.452951721	-0.037662166	-1.016424346	-3.121760156	0.006509815	0.069222768	-0.055170075	0.007982623	-0.013913629	-0.004652013
0.360000000	-0.032012874	0.563224450	0.452896425	-0.037654104	-1.016438285	-3.121764850	0.006580684	0.069540321	-0.055426444	0.008067239	-0.013973400	-0.004698325
0.361000000	-0.032006243	0.563294147	0.452840871	-0.037645977	-1.016452286	-3.121769581	0.006652153	0.069858141	-0.055683071	0.008152557	-0.014033169	-0.004745004
0.362000000	-0.031999580	0.563364169	0.452785058	-0.037637812	-1.016466353	-3.121774334	0.006724229	0.070176245	-0.055939971	0.008238587	-0.014092937	-0.004792055
0.363000000	-0.031992825	0.563434505	0.452728989	-0.037629535	-1.016480476	-3.121779147	0.006796903	0.070494573	-0.056197094	0.008325317	-0.014152695	-0.004839469
0.364000000	-0.031985961	0.563505153	0.452672665	-0.037621131	-1.016494655	-3.121784028	0.006870175	0.070813107	-0.056454428	0.008412745	-0.014212438	-0.004887245
0.365000000	-0.031979066	0.563576128	0.452616081	-0.037612689	-1.016508899	-3.121788932	0.006944064	0.071131913	-0.056712026	0.008500896	-0.014272178	-0.004935399
0.366000000	-0.031972121	0.563647427	0.452559237	-0.037604185	-1.016523206	-3.121793870	0.007018569	0.071450970	-0.056969871	0.008589770	-0.014331910	-0.004983930
0.367000000	-0.031965021	0.563719029	0.452502142	-0.037595500	-1.016537561	-3.121798905	0.007093672	0.071770178	-0.057227882	0.008679341	-0.014391618	-0.005032819
0.368000000	-0.031957890	0.563790959	0.452444785	-0.037586775	-1.016551983	-3.121803963	0.007169401	0.072089646	-0.057486149	0.008769645	-0.014451319	-0.005082092
0.369000000	-0.031950725	0.563863217	0.452387166	-0.037578011	-1.016566470	-3.121809043	0.007245760	0.072409370	-0.057744668	0.008860689	-0.014511011	-0.005131750
0.370000000	-0.031943405	0.563935779	0.452329295	-0.037569062	-1.016581006	-3.121814222	0.007322725	0.072729231	-0.058003341	0.008952438	-0.014570675	-0.005181773
0.371000000	-0.031936032	0.564008666	0.452271163	-0.037560050	-1.016595605	-3.121819436	0.007400321	0.073049320	-0.058262246	0.009044928	-0.014630325	-0.005232180
0.372000000	-0.031928626	0.564081882	0.452212768	-0.037550998	-1.016610270	-3.121824673	0.007478558	0.073369653	-0.058521395	0.009138167	-0.014689964	-0.005282979
0.373000000	-0.031921095	0.564155410	0.452154118	-0.037541797	-1.016624988	-3.121829990	0.007557416	0.073690138	-0.058780711	0.009232132	-0.014749575	-0.005334153
0.374000000	-0.031913477	0.564229256	0.452095209	-0.037532493	-1.016639764	-3.121835362	0.007636908	0.074010808	-0.059040225	0.009326838	-0.014809164	-0.005385711
0.375000000	-0.031905825	0.564303432	0.452036037	-0.037523148	-1.016654607	-3.121840759	0.007717049	0.074331709	-0.059299972	0.009422305	-0.014868738	-0.005437666
0.376000000	-0.031898071	0.564377925	0.451976607	-0.037513682	-1.016669506	-3.121846220	0.007797826	0.074652772	-0.059559898	0.009518515	-0.014928285	-0.005490006
0.377000000	-0.031890204	0.564452733	0.451916919	-0.037504081	-1.016684460	-3.121851754	0.007879241	0.074973981	-0.059819989	0.009615469	-0.014987802	-0.005542731
0.378000000	-0.031882302	0.564527872	0.451856968	-0.037494439	-1.016699480	-3.121857312	0.007961314	0.075295409	-0.060080306	0.009713195	-0.015047300	-0.005595858
0.379000000	-0.031874317	0.564603331	0.451796756	-0.037484696	-1.016714559	-3.121862924	0.008044037	0.075617004	-0.060340806	0.009811681	-0.015106770	-0.005649379
0.380000000	-0.031866196	0.564679102	0.451736287	-0.037474794	-1.016729691	-3.121868622	0.008127402	0.075938711	-0.060601444	0.009910915	-0.015166203	-0.005703285
0.381000000	-0.031858041	0.564755205	0.451675554	-0.037464849	-1.016744889	-3.121874344	0.008211435	0.076260625	-0.060862299	0.010010931	-0.015225614	-0.005757600
0.382000000	-0.031849813	0.564831632	0.451614559	-0.037454819	-1.016760148	-3.121880113	0.008296130	0.076582705	-0.061123338	0.010111722	-0.015284996	-0.005812316
0.383000000	-0.031841435	0.564908368	0.451553309	-0.037444611	-1.016775457	-3.121885976	0.008381473	0.076904869	-0.061384493	0.010213268	-0.015344336	-0.005867420
0.384000000	-0.031833021	0.564985436	0.451491792	-0.037434359	-1.016790832	-3.121891865	0.008467492	0.077227226	-0.061645855	0.010315606	-0.015403649	-0.005922938
0.385000000	-0.031824542	0.565062831	0.451430013	-0.037424028	-1.016806270	-3.121897797	0.008554185	0.077549744	-0.061907398	0.010418733	-0.015462930	-0.005978865
0.386000000	-0.031815903	0.565140533	0.451367978	-0.037413509	-1.016821757	-3.121903829	0.008641532	0.077872323	-0.062169039	0.010522620	-0.015522164	-0.006035182
0.387000000	-0.031807227	0.565218569	0.451305677	-0.037402945	-1.016837310	-3.121909887	0.008729566	0.078195082	-0.062430877	0.010627312	-0.015581368	-0.006091919
0.388000000	-0.031798485	0.565296933	0.451243113	-0.037392303	-1.016852926	-3.121915988	0.008818283	0.078517990	-0.062692887	0.010732803	-0.015640537	-0.006149070
0.389000000	-0.031789581	0.565375603	0.451180292	-0.037381468	-1.016868590	-3.121922191	0.008907661	0.078840942	-0.062954983	0.010839065	-0.015699654	-0.006206616
0.390000000	-0.031780638	0.565454608	0.451117205	-0.037370587	-1.016884320	-3.121928420	0.008997736	0.079164061	-0.063217266	0.010946141	-0.015758738	-0.006264587
0.391000000	-0.031771625	0.565533940	0.451053854	-0.037359622	-1.016900113	-3.121934696	0.009088502	0.079487311	-0.063479708	0.011054026	-0.015817782	-0.006322976
0.392000000	-0.031762450	0.565613580	0.450990247	-0.037348467	-1.016915954	-3.121941073	0.009179939	0.079810592	-0.063742226	0.011162692	-0.015876771	-0.006381767
0.393000000	-0.031753237	0.565693556	0.450926372	-0.037337264	-1.016931862	-3.121947477	0.009272083	0.080134029	-0.064004923	0.011272185	-0.015935724	-0.006440987
0.394000000	-0.031743941	0.565773857	0.450862233	-0.037325964	-1.016947831	-3.121953933	0.009364923	0.080457571	-0.064267759	0.011382492	-0.015994631	-0.006500629
0.395000000	-0.031734493	0.565854468	0.450797838	-0.037314483	-1.016963850	-3.121960486	0.009458446	0.080781141	-0.064530669	0.011493594	-0.016053481	-0.006560679
0.396000000	-0.031725005	0.565935415	0.450733174	-0.037302954	-1.016979935	-3.121967067	0.009552685	0.081104852	-0.064793748	0.011605533	-0.016112291	-0.006621164
0.397000000	-0.031715418	0.566016685	0.450668247	-0.037291307	-1.016996079	-3.121973710	0.009647625	0.081428638	-0.065056941	0.011718293	-0.016171050	-0.006682073
0.398000000	-0.031705691	0.566098268	0.450603061	-0.037279496	-1.017012275	-3.121980442	0.009743261	0.081752452	-0.065320210	0.011831861	-0.016229749	-0.006743398
0.399000000	-0.031695924	0.566180188	0.450537607	-0.037267635	-1.017028537	-3.121987201	0.009839621	0.082076395	-0.065583639	0.011946278	-0.016288405	-0.006805163
0.400000000	-0.031686035	0.566262426	0.450471892	-0.037255630	-1.017044855	-3.121994038	0.009936686	0.082400375	-0.065847152	0.012061517	-0.016347003	-0.006867352
0.401000000	-0.031676026	0.566344983	0.450405915	-0.037243483	-1.017061228	-3.122000951	0.010034461	0.082724390	-0.066110748	0.012177583	-0.016405541	-0.006929967
0.402000000	-0.031665976	0.566427878	0.450339669	-0.037231287	-1.017077668	-3.122007892	0.010132970	0.083048521	-0.066374494	0.012294508	-0.016464032	-0.006993028
0.403000000	-0.031655775	0.566511084	0.450273164	-0.037218912	-1.017094158	-3.122014928	0.010232185	0.083372645	-0.066638289	0.012412255	-0.016522455	-0.007056511
0.404000000	-0.031645480	0.566594616	0.450206395	-0.037206425	-1.017110708	-3.122022025	0.010332125	0.083696818	-0.066902180	0.012530849	-0.016580821	-0.007120430
0.405000000	-0.031635143	0.566678486	0.450139356	-0.037193888	-1.017127324	-3.122029150	0.010432809	0.084021094	-0.067166212	0.012650312	-0.016639135	-0.007184802
0.406000000	-0.031624619	0.566762659	0.450072062	-0.037181130	-1.017143987	-3.122036391	0.010534198	0.084345310	-0.067430250	0.012770595	-0.016697373	-0.007249591
0.407000000	-0.031614034	0.566847167	0.450004500	-0.037168299	-1.017160713	-3.122043673	0.010636331	0.084669598	-0.067694403	0.012891747	-0.016755554	-0.007314831
0.408000000	-0.031603387	0.566932009	0.449936669	-0.037155394	-1.017177504	-3.122050996	0.010739210	0.084993955	-0.067958670	0.013013772	-0.016813678	-0.007380523
0.409000000	-0.031592550	0.567017154	0.449868583	-0.037142265	-1.017194340	-3.122058438	0.010842803	0.085318233	-0.068222929	0.013136626	-0.016871720	-0.007446638
0.410000000	-0.031581670	0.567102638	0.449800226	-0.037129083	-1.017211243	-3.122065909	0.010947154	0.085642592	-0.068487312	0.013260366	-0.016929706	-0.007513212
0.411000000	-0.031570683	0.567188446	0.449731605	-0.037115776	-1.017228203	-3.122073448	0.011052248	0.085966956	-0.068751758	0.013384973	-0.016987623	-0.007580234
0.412000000	-0.031559548	0.567274568	0.449662725	-0.037102294	-1.017245215	-3.122081080	0.011158076	0.086291274	-0.069016224	0.013510434	-0.017045462	-0.007647692
0.413000000	-0.031548369	0.567361029	0.449593572	-0.037088758	-1.017262295	-3.122088742	0.011264671	0.086615658	-0.069280803	0.013636793	-0.017103241	-0.007715617
0.414000000	-0.031537033	0.567447803	0.449524161	-0.037075037	-1.017279424	-3.122096502	0.011372004	0.086939978	-0.069545388	0.013764009	-0.017160939	-0.007783980
0.415000000	-0.031525596	0.567534902	0.449454485	-0.037061196	-1.017296612	-3.122104327	0.011480092	0.087264290	-0.069810027	0.013892107	-0.017218564	-0.007852797
0.416000000	-0.031514114	0.567622342	0.449384536	-0.037047300	-1.017313867	-3.122112183	0.011588958	0.087588657	-0.070074769	0.014021113	-0.017276124	-0.007922086
0.417000000	-0.031502418	0.567710080	0.449314335	-0.037033154	-1.017331164	-3.122120171	0.011698552	0.087912879	-0.070339453	0.014150965	-0.017333591	-0.007991804
0.418000000	-0.031490675	0.567798157	0.449243862	-0.037018949	-1.017348528	-3.122128192	0.011808928	0.088237142	-0.070604231	0.014281730	-0.017390989	-0.008061995
0.419000000	-0.031478828	0.567886561	0.449173123	-0.037004623	-1.017365951	-3.122136279	0.011920071	0.088561379	-0.070869049	0.014413390	-0.017448311	-0.008132647
0.420000000	-0.031466820	0.567975277	0.449102125	-0.036990106	-1.017383423	-3.122144466	0.012031968	0.088885518	-0.071133846	0.014545926	-0.017505543	-0.008203746
0.421000000	-0.031454766	0.568064333	0.449030855	-0.036975533	-1.017400962	-3.122152685	0.012144656	0.089209687	-0.071398730	0.014679388	-0.017562704	-0.008275325
0.422000000	-0.031442543	0.568153699	0.448959326	-0.036960761	-1.017418550	-3.122161010	0.012258100	0.089533738	-0.071663580	0.014813728	-0.017619773	-0.008347353
0.423000000	-0.031430221	0.568243393	0.448887531	-0.036945872	-1.017436197	-3.122169397	0.012372326	0.089857751	-0.071928459	0.014948978	-0.017676760	-0.008419849
0.424000000	-0.031417834	0.568333424	0.448815465	-0.036930904	-1.017453909	-3.122177828	0.012487345	0.090181758	-0.072193397	0.015085157	-0.017733669	-0.008492825
0.425000000	-0.031405242	0.568423756	0.448743145	-0.036915696	-1.017471664	-3.122186386	0.012603118	0.090505592	-0.072458255	0.015222210	-0.017790476	-0.008566245
0.426000000	-0.031392602	0.568514429	0.448670551	-0.036900430	-1.017489486	-3.122194976	0.012719697	0.090829434	-0.072723183	0.015360204	-0.017847207	-0.008640153
0.427000000	-0.031379820	0.568605419	0.448597696	-0.036884997	-1.017507361	-3.122203655	0.012837055	0.091153166	-0.072988084	0.015499105	-0.017903843	-0.008714524
0.428000000	-0.031366907	0.568696730	0.448524578	-0.036869408	-1.017525291	-3.122212417	0.012955198	0.091476797	-0.073252967	0.015638919	-0.017960385	-0.008789364
0.429000000	-0.031353945	0.568788383	0.448451185	-0.036853760	-1.017543287	-3.122221212	0.013074156	0.091800421	-0.073517908	0.015779686	-0.018016848	-0.008864697
0.430000000	-0.031340759	0.568880331	0.448377542	-0.036837849	-1.017561324	-3.122230147	0.013193874	0.092123823	-0.073782731	0.015921333	-0.018073198	-0.008940475
0.431000000	-0.031327520	0.568972621	0.448303624	-0.036821874	-1.017579428	-3.122239116	0.013314412	0.092447205	-0.074047602	0.016063938	-0.018129465	-0.009016749
0.432000000	-0.031314150	0.569065231	0.448229444	-0.036805744	-1.017597586	-3.122248168	0.013435745	0.092770467	-0.074312441	0.016207469	-0.018185633	-0.009093497
0.433000000	-0.031300632	0.569158157	0.448155002	-0.036789439	-1.017615797	-3.122257313	0.013557873	0.093093584	-0.074577225	0.016351923	-0.018241699	-0.009170717
0.434000000	-0.031287064	0.569251426	0.448080285	-0.036773074	-1.017634074	-3.122266492	0.013680829	0.093416672	-0.074842052	0.016497346	-0.018297679	-0.009248438
0.435000000	-0.031273271	0.569344991	0.448005317	-0.036756446	-1.017652392	-3.122275809	0.013804559	0.093739512	-0.075106741	0.016643665	-0.018353540	-0.009326613
0.436000000	-0.031259420	0.569438896	0.447930076	-0.036739747	-1.017670776	-3.122285166	0.013929121	0.094062302	-0.075371456	0.016790956	-0.018409311	-0.009405289
0.437000000	-0.031245431	0.569533121	0.447854572	-0.036722885	-1.017689214	-3.122294609	0.014054491	0.094384940	-0.075636114	0.016939186	-0.018464977	-0.009484446
0.438000000	-0.031231294	0.569627662	0.447778806	-0.036705849	-1.017707704	-3.122304145	0.014180668	0.094707410	-0.075900700	0.017088355	-0.018520534	-0.009564082
0.439000000	-0.031217103	0.569722545	0.447702765	-0.036688747	-1.017726260	-3.122313717	0.014307688	0.095029822	-0.076165308	0.017238508	-0.018575998	-0.009644227
0.440000000	-0.031202678	0.569817721	0.447626475	-0.036671371	-1.017744856	-3.122323434	0.014435490	0.095351950	-0.076429748	0.017389566	-0.018631336	-0.009724829
0.441000000	-0.031188201	0.569913241	0.447549910	-0.036653932	-1.017763518	-3.122333185	0.014564141	0.095674014	-0.076694205	0.017541616	-0.018686579	-0.009805944
0.442000000	-0.031173563	0.570009073	0.447473085	-0.036636303	-1.017782231	-3.122343038	0.014693606	0.095995874	-0.076958563	0.017694611	-0.018741706	-0.009887540
0.443000000	-0.031158795	0.570105227	0.447395996	-0.036618520	-1.017800999	-3.122352972	0.014823897	0.096317562	-0.077222849	0.017848568	-0.018796722	-0.009969629
0.444000000	-0.031143942	0.570201716	0.447318635	-0.036600637	-1.017819828	-3.122362961	0.014955035	0.096639133	-0.077487108	0.018003512	-0.018851633	-0.010052225
0.445000000	-0.031128879	0.570298504	0.447241022	-0.036582507	-1.017838701	-3.122373080	0.015086976	0.096960423	-0.077751205	0.018159386	-0.018906417	-0.010135292
0.446000000	-0.031113763	0.570395636	0.447163133	-0.036564312	-1.017857641	-3.122383235	0.015219780	0.097281625	-0.078015302	0.018316268	-0.018961099	-0.010218880
0.447000000	-0.031098446	0.570493069	0.447084990	-0.036545882	-1.017876624	-3.122393514	0.015353396	0.097602549	-0.078279238	0.018474091	-0.019015653	-0.010302945
0.448000000	-0.031083032	0.570590834	0.447006578	-0.036527336	-1.017895668	-3.122403855	0.015487864	0.097923320	-0.078543120	0.018632908	-0.019070095	-0.010387520
0.449000000	-0.031067488	0.570688921	0.446927901	-0.036508636	-1.017914767	-3.122414278	0.015623175	0.098243891	-0.078806909	0.018792705	-0.019124419	-0.010472596
0.450000000	-0.031051774	0.570787319	0.446848966	-0.036489737	-1.017933915	-3.122424807	0.015759317	0.098564207	-0.079070560	0.018953466	-0.019178616	-0.010558163
0.451000000	-0.031035996	0.570886058	0.446769756	-0.036470761	-1.017953129	-3.122435379	0.015896333	0.098884400	-0.079334181	0.019115246	-0.019232704	-0.010644255
0.452000000	-0.031019979	0.570985087	0.446690298	-0.036451504	-1.017972380	-3.122446097	0.016034157	0.099204239	-0.079597582	0.019277963	-0.019286650	-0.010730819
0.453000000	-0.031003907	0.571084461	0.446610564	-0.036432181	-1.017991699	-3.122456853	0.016172864	0.099523955	-0.079860957	0.019441709	-0.019340487	-0.010817913
0.454000000	-0.030987641	0.571184137	0.446530575	-0.036412630	-1.018011062	-3.122467728	0.016312402	0.099843366	-0.080124151	0.019606419	-0.019394188	-0.010905497
0.455000000	-0.030971263	0.571284142	0.446450318	-0.036392945	-1.018030484	-3.122478675	0.016452806	0.100162571	-0.080387250	0.019772136	-0.019447766	-0.010993596
0.456000000	-0.030954751	0.571384468	0.446369797	-0.036373104	-1.018049961	-3.122489706	0.016594069	0.100481539	-0.080650227	0.019938853	-0.019501216	-0.011082206
0.457000000	-0.030938064	0.571485102	0.446289019	-0.036353055	-1.018069485	-3.122500846	0.016736179	0.100800209	-0.080913033	0.020106552	-0.019554531	-0.011171315
0.458000000	-0.030921301	0.571586075	0.446207967	-0.036332917	-1.018089073	-3.122512035	0.016879176	0.101118708	-0.081175773	0.020275285	-0.019607726	-0.011260956
0.459000000	-0.030904303	0.571687339	0.446126668	-0.036312502	-1.018108700	-3.122523369	0.017023000	0.101436820	-0.081438268	0.020444975	-0.019660771	-0.011351078
0.460000000	-0.030887247	0.571788947	0.446045092	-0.036292017	-1.018128394	-3.122534742	0.017167725	0.101754776	-0.081700709	0.020615715	-0.019713698	-0.011441742
0.461000000	-0.030869972	0.571890849	0.445963266	-0.036271275	-1.018148128	-3.122546251	0.017313287	0.102072355	-0.081962915	0.020787425	-0.019766476	-0.011532896
0.462000000	-0.030852601	0.571993086	0.445881169	-0.036250420	-1.018167923	-3.122557820	0.017459740	0.102389718	-0.082225019	0.020960173	-0.019819126	-0.011624581
0.463000000	-0.030835062	0.572095632	0.445798814	-0.036229366	-1.018187768	-3.122569494	0.017607055	0.102706762	-0.082486936	0.021133921	-0.019871634	-0.011716775
0.464000000	-0.030817375	0.572198495	0.445716197	-0.036208137	-1.018207665	-3.122581261	0.017755245	0.103023509	-0.082748685	0.021308685	-0.019924003	-0.011809486
0.465000000	-0.030799566	0.572301684	0.445633314	-0.036186766	-1.018227618	-3.122593104	0.017904322	0.103339992	-0.083010292	0.021484480	-0.019976235	-0.011902725
0.466000000	-0.030781559	0.572405173	0.445550178	-0.036165160	-1.018247616	-3.122605070	0.018054256	0.103656100	-0.083271667	0.021661270	-0.020028316	-0.011996466
0.467000000	-0.030763476	0.572509002	0.445466767	-0.036143465	-1.018267678	-3.122617086	0.018205102	0.103971995	-0.083532945	0.021839121	-0.020080267	-0.012090753
0.468000000	-0.030745147	0.572613117	0.445383112	-0.036121480	-1.018287776	-3.122629253	0.018356790	0.104287439	-0.083793927	0.022017945	-0.020132056	-0.012185529
0.469000000	-0.030726757	0.572717576	0.445299180	-0.036099422	-1.018307941	-3.122641460	0.018509400	0.104602682	-0.084054823	0.022197846	-0.020183715	-0.012280858
0.470000000	-0.030708130	0.572822323	0.445215002	-0.036077087	-1.018328144	-3.122653813	0.018662861	0.104917476	-0.084315425	0.022378729	-0.020235211	-0.012376682
0.471000000	-0.030689415	0.572927406	0.445130552	-0.036054646	-1.018348409	-3.122666224	0.018817238	0.105232020	-0.084575902	0.022560679	-0.020286570	-0.012473053
0.472000000	-0.030670501	0.573032789	0.445045849	-0.036031972	-1.018368718	-3.122678756	0.018972486	0.105546159	-0.084836122	0.022743638	-0.020337771	-0.012569934
0.473000000	-0.030651458	0.573138495	0.444960882	-0.036009145	-1.018389083	-3.122691371	0.019128637	0.105859981	-0.085096160	0.022927646	-0.020388824	-0.012667350
0.474000000	-0.030632252	0.573244512	0.444875655	-0.035986126	-1.018409497	-3.122704086	0.019285678	0.106173437	-0.085355976	0.023112689	-0.020439724	-0.012765292
0.475000000	-0.030612878	0.573350839	0.444790171	-0.035962910	-1.018429961	-3.122716906	0.019443611	0.106486513	-0.085615559	0.023298764	-0.020490467	-0.012863757
0.476000000	-0.030593375	0.573457488	0.444704422	-0.035939540	-1.018450480	-3.122729807	0.019602454	0.106799259	-0.085874950	0.023485898	-0.020541059	-0.012962762
0.477000000	-0.030573668	0.573564436	0.444618422	-0.035915932	-1.018471042	-3.122742835	0.019762176	0.107111565	-0.086134057	0.023674049	-0.020591486	-0.013062282
0.478000000	-0.030553862	0.573671716	0.444532151	-0.035892206	-1.018491665	-3.122755925	0.019922826	0.107423573	-0.086393001	0.023863280	-0.020641766	-0.013162353
0.479000000	-0.030533820	0.573779282	0.444445636	-0.035868202	-1.018512325	-3.122769161	0.020084345	0.107735085	-0.086651615	0.024053516	-0.020691873	-0.013262930
0.480000000	-0.030513706	0.573887190	0.444358846	-0.035844113	-1.018533051	-3.122782444	0.020246809	0.108046328	-0.086910090	0.024244853	-0.020741834	-0.013364071
0.481000000	-0.030493326	0.573995375	0.444271816	-0.035819711	-1.018553809	-3.122795890	0.020410132	0.108357020	-0.087168191	0.024437181	-0.020791614	-0.013465709
0.482000000	-0.030472880	0.574103903	0.444184510	-0.035795232	-1.018574633	-3.122809378	0.020574408	0.108667444	-0.087426154	0.024630619	-0.020841249	-0.013567917
0.483000000	-0.030452177	0.574212710	0.444096964	-0.035770451	-1.018595491	-3.122823025	0.020739551	0.108977319	-0.087683745	0.024825058	-0.020890701	-0.013670625
0.484000000	-0.030431391	0.574321854	0.444009144	-0.035745570	-1.018616413	-3.122836726	0.020905643	0.109286890	-0.087941168	0.025020602	-0.020940002	-0.013773900
0.485000000	-0.030410368	0.574431284	0.443921081	-0.035720412	-1.018637372	-3.122850572	0.021072615	0.109595930	-0.088198236	0.025217163	-0.020989122	-0.013877686
0.486000000	-0.030389237	0.574541044	0.443832749	-0.035695126	-1.018658390	-3.122864486	0.021240530	0.109904622	-0.088455100	0.025414820	-0.021038083	-0.013982031
0.487000000	-0.030367889	0.574651094	0.443744170	-0.035669585	-1.018679448	-3.122878535	0.021409337	0.110212800	-0.088711622	0.025613510	-0.021086865	-0.014086896
0.488000000	-0.030346412	0.574761467	0.443655327	-0.035643892	-1.018700562	-3.122892664	0.021579082	0.110520589	-0.088967909	0.025813288	-0.021135483	-0.014192315
0.489000000	-0.030324733	0.574872136	0.443566234	-0.035617961	-1.018721720	-3.122906918	0.021749730	0.110827875	-0.089223863	0.026014112	-0.021183922	-0.014298262
0.490000000	-0.030302908	0.574983122	0.443476880	-0.035591858	-1.018742929	-3.122921263	0.021921311	0.111134737	-0.089479552	0.026216018	-0.021232190	-0.014404759
0.491000000	-0.030280893	0.575094407	0.443387274	-0.035565532	-1.018764184	-3.122935726	0.022093805	0.111441104	-0.089734918	0.026418983	-0.021280280	-0.014511790
0.492000000	-0.030258717	0.575206003	0.443297411	-0.035539015	-1.018785489	-3.122950289	0.022267229	0.111747014	-0.089989990	0.026623025	-0.021328194	-0.014619368
0.493000000	-0.030236361	0.575317902	0.443207294	-0.035512288	-1.018806841	-3.122964963	0.022441575	0.112052433	-0.090244743	0.026828135	-0.021375928	-0.014727486
0.494000000	-0.030213831	0.575430107	0.443116922	-0.035485356	-1.018828241	-3.122979746	0.022616847	0.112357366	-0.090499179	0.027034320	-0.021423483	-0.014836147
0.495000000	-0.030191129	0.575542617	0.443026295	-0.035458222	-1.018849689	-3.122994635	0.022793050	0.112661809	-0.090753297	0.027241582	-0.021470858	-0.014945354
0.496000000	-0.030168243	0.575655430	0.442935415	-0.035430870	-1.018871182	-3.123009638	0.022970178	0.112965740	-0.091007078	0.027449916	-0.021518048	-0.015055102
0.497000000	-0.030145190	0.575768550	0.442844280	-0.035403323	-1.018892725	-3.123024744	0.023148242	0.113269178	-0.091260539	0.027659335	-0.021565056	-0.015165399
0.498000000	-0.030121945	0.575881968	0.442752894	-0.035375550	-1.018914312	-3.123039969	0.023327232	0.113572082	-0.091513644	0.027869826	-0.021611877	-0.015276237
0.499000000	-0.030098536	0.575995694	0.442661253	-0.035347584	-1.018935949	-3.123055296	0.023507162	0.113874487	-0.091766425	0.028081407	-0.021658514	-0.015387627
0.500000000	-0.030074930	0.576109717	0.442569362	-0.035319387	-1.018957629	-3.123070745	0.023688019	0.114176340	-0.092018836	0.028294061	-0.021704961	-0.015499558
0.501000000	-0.030051159	0.576224047	0.442477215	-0.035290995	-1.018979359	-3.123086296	0.023869821	0.114477682	-0.092270914	0.028507808	-0.021751221	-0.015612043
0.502000000	-0.030027190	0.576338672	0.442384820	-0.035262371	-1.019001132	-3.123101969	0.024052551	0.114778459	-0.092522611	0.028722631	-0.021797287	-0.015725069
0.503000000	-0.030003053	0.576453604	0.442292170	-0.035233549	-1.019022953	-3.123117747	0.024236227	0.115078709	-0.092773963	0.028938550	-0.021843165	-0.015838650
0.504000000	-0.029978718	0.576568830	0.442199271	-0.035204494	-1.019044818	-3.123133646	0.024420836	0.115378384	-0.093024926	0.029155548	-0.021888847	-0.015952774
0.505000000	-0.029954210	0.576684360	0.442106120	-0.035175236	-1.019066730	-3.123149653	0.024606391	0.115677515	-0.093275529	0.029373643	-0.021934336	-0.016067453
0.506000000	-0.029929506	0.576800186	0.442012720	-0.035145748	-1.019088687	-3.123165780	0.024792884	0.115976063	-0.093525739	0.029592822	-0.021979629	-0.016182678
0.507000000	-0.029904621	0.576916311	0.441919069	-0.035116047	-1.019110689	-3.123182020	0.024980322	0.116274044	-0.093775569	0.029813096	-0.022024725	-0.016298456
0.508000000	-0.029879548	0.577032735	0.441825168	-0.035086124	-1.019132737	-3.123198376	0.025168704	0.116571441	-0.094025006	0.030034463	-0.022069622	-0.016414784
0.509000000	-0.029854281	0.577149453	0.441731019	-0.035055975	-1.019154828	-3.123214851	0.025358029	0.116868242	-0.094274040	0.030256920	-0.022114320	-0.016531662
0.510000000	-0.029828834	0.577266472	0.441636619	-0.035025614	-1.019176966	-3.123231438	0.025548306	0.117164462	-0.094522684	0.030480479	-0.022158818	-0.016649096
0.511000000	-0.029803181	0.577383781	0.441541975	-0.034995010	-1.019199145	-3.123248151	0.025739521	0.117460055	-0.094770899	0.030705123	-0.022203111	-0.016767076
0.512000000	-0.029777359	0.577501394	0.441447077	-0.034964208	-1.019221373	-3.123264970	0.025931696	0.117755074	-0.095018730	0.030930880	-0.022247204	-0.016885617
0.513000000	-0.029751315	0.577619290	0.441351938	-0.034933145	-1.019243639	-3.123281924	0.026124805	0.118049429	-0.095266102	0.031157715	-0.022291087	-0.017004700
0.514000000	-0.029725115	0.577737495	0.441256543	-0.034901899	-1.019265956	-3.123298976	0.026318884	0.118343220	-0.095513100	0.031385675	-0.022334771	-0.017124351
0.515000000	-0.029698674	0.577855975	0.441160912	-0.034870370	-1.019288308	-3.123316175	0.026513889	0.118636308	-0.095759606	0.031614703	-0.022378239	-0.017244537
0.516000000	-0.029672094	0.577974771	0.441065022	-0.034838677	-1.019310714	-3.123333461	0.026709877	0.118928847	-0.096005751	0.031844871	-0.022421509	-0.017365301
0.517000000	-0.029645252	0.578093832	0.440968901	-0.034806677	-1.019333151	-3.123350907	0.026906780	0.119220637	-0.096251367	0.032076094	-0.022464557	-0.017486590
0.518000000	-0.029618290	0.578213216	0.440872517	-0.034774536	-1.019355644	-3.123368429	0.027104681	0.119511899	-0.096496640	0.032308476	-0.022507407	-0.017608468
0.519000000	-0.029591041	0.578332856	0.440775908	-0.034742059	-1.019378165	-3.123386125	0.027303486	0.119802363	-0.096741342	0.032541898	-0.022550029	-0.017730863
0.520000000	-0.029563690	0.578452824	0.440679032	-0.034709461	-1.019400746	-3.123403886	0.027503302	0.120092316	-0.096985716	0.032776493	-0.022592454	-0.017853855
0.521000000	-0.029536034	0.578573040	0.440581937	-0.034676506	-1.019423350	-3.123421833	0.027704013	0.120381428	-0.097229485	0.033012119	-0.022634646	-0.017977356
0.522000000	-0.029508269	0.578693582	0.440484576	-0.034643421	-1.019446013	-3.123439848	0.027905734	0.120670009	-0.097472910	0.033248916	-0.022676637	-0.018101454
0.523000000	-0.029480224	0.578814381	0.440386991	-0.034610010	-1.019468704	-3.123458034	0.028108367	0.120957779	-0.097715754	0.033486764	-0.022718397	-0.018226073
0.524000000	-0.029452040	0.578935493	0.440289147	-0.034576434	-1.019491448	-3.123476308	0.028311995	0.121244958	-0.097958205	0.033725765	-0.022759950	-0.018351276
0.525000000	-0.029423604	0.579056872	0.440191073	-0.034542563	-1.019514224	-3.123494735	0.028516553	0.121531359	-0.098200104	0.033965839	-0.022801273	-0.018477014
0.526000000	-0.029394996	0.579178551	0.440092750	-0.034508489	-1.019537048	-3.123513268	0.028722090	0.121817106	-0.098441556	0.034207046	-0.022842381	-0.018603323
0.527000000	-0.029366167	0.579300510	0.439994188	-0.034474157	-1.019559910	-3.123531937	0.028928578	0.122102114	-0.098682490	0.034449350	-0.022883264	-0.018730182
0.528000000	-0.029337130	0.579422752	0.439895387	-0.034439580	-1.019582813	-3.123550734	0.029136025	0.122386399	-0.098922920	0.034692763	-0.022923922	-0.018857597
0.529000000	-0.029307905	0.579545287	0.439796340	-0.034404783	-1.019605760	-3.123569646	0.029344444	0.122669988	-0.099162868	0.034937302	-0.022964359	-0.018985578
0.530000000	-0.029278435	0.579668089	0.439697063	-0.034369698	-1.019628741	-3.123588709	0.029553803	0.122952780	-0.099402251	0.035182922	-0.023004562	-0.019114098
0.531000000	-0.029248812	0.579791199	0.439597531	-0.034334434	-1.019651772	-3.123607866	0.029764159	0.123234925	-0.099641194	0.035429697	-0.023044549	-0.019243202
0.532000000	-0.029218903	0.579914558	0.439497781	-0.034298835	-1.019674829	-3.123627197	0.029975430	0.123516194	-0.099879505	0.035677526	-0.023084292	-0.019372829
0.533000000	-0.029188871	0.580038236	0.439397769	-0.034263090	-1.019697942	-3.123646606	0.030187718	0.123796853	-0.100117409	0.035926534	-0.023123821	-0.019503053
0.534000000	-0.029158528	0.580162152	0.439297546	-0.034226982	-1.019721077	-3.123666203	0.030400908	0.124076586	-0.100354637	0.036176579	-0.023163101	-0.019633788
0.535000000	-0.029128050	0.580286381	0.439197065	-0.034190715	-1.019744265	-3.123685885	0.030615110	0.124355676	-0.100591432	0.036427796	-0.023202163	-0.019765117
0.536000000	-0.029097303	0.580410866	0.439096362	-0.034154133	-1.019767482	-3.123705730	0.030830242	0.124633898	-0.100827603	0.036680084	-0.023240981	-0.019896977
0.537000000	-0.029066374	0.580535642	0.438995414	-0.034117337	-1.019790744	-3.123725688	0.031046358	0.124911389	-0.101063265	0.036933510	-0.023279569	-0.020029410
0.538000000	-0.029035221	0.580660693	0.438894232	-0.034080278	-1.019814043	-3.123745783	0.031263433	0.125188076	-0.101298356	0.037188043	-0.023317920	-0.020162396
0.539000000	-0.029003836	0.580786014	0.438792820	-0.034042948	-1.019837378	-3.123766019	0.031481464	0.125463938	-0.101532860	0.037443678	-0.023356031	-0.020295932
0.540000000	-0.028972275	0.580911629	0.438691162	-0.034005410	-1.019860758	-3.123786365	0.031700486	0.125739063	-0.101766852	0.037700459	-0.023393910	-0.020430045
0.541000000	-0.028940430	0.581037490	0.438589288	-0.033967541	-1.019884165	-3.123806883	0.031920430	0.126013265	-0.102000174	0.037958302	-0.023431538	-0.020564683
0.542000000	-0.028908447	0.581163661	0.438487157	-0.033929509	-1.019907624	-3.123827486	0.032141393	0.126286785	-0.102233031	0.038217324	-0.023468939	-0.020699918
0.543000000	-0.028876148	0.581290064	0.438384821	-0.033891107	-1.019931103	-3.123848282	0.032363258	0.126559315	-0.102465161	0.038477383	-0.023506081	-0.020835663
0.544000000	-0.028843698	0.581416770	0.438282233	-0.033852527	-1.019954632	-3.123869171	0.032586135	0.126831129	-0.102696797	0.038738612	-0.023542991	-0.020971998
0.545000000	-0.028810984	0.581543730	0.438179425	-0.033813640	-1.019978191	-3.123890221	0.032809950	0.127102032	-0.102927775	0.039000922	-0.023579650	-0.021108869
0.546000000	-0.028778061	0.581670967	0.438076382	-0.033774506	-1.020001788	-3.123911399	0.033034740	0.127372108	-0.103158166	0.039264357	-0.023616065	-0.021246304
0.547000000	-0.028744931	0.581798482	0.437973104	-0.033735130	-1.020025426	-3.123932704	0.033260506	0.127641358	-0.103387971	0.039528919	-0.023652237	-0.021384303
0.548000000	-0.028711531	0.581926245	0.437869609	-0.033695438	-1.020049091	-3.123954173	0.033487208	0.127909668	-0.103617092	0.039794558	-0.023688151	-0.021522835
0.549000000	-0.028677983	0.582054313	0.437765862	-0.033655571	-1.020072807	-3.123975734	0.033714927	0.128177239	-0.103845703	0.040061375	-0.023723831	-0.021661961
0.550000000	-0.028644101	0.582182600	0.437661918	-0.033615315	-1.020096539	-3.123997497	0.033943539	0.128443750	-0.104073529	0.040329215	-0.023759240	-0.021801590
0.551000000	-0.028610068	0.582311188	0.437557723	-0.033574881	-1.020120320	-3.124019354	0.034173168	0.128709508	-0.104300832	0.040598233	-0.023794412	-0.021941811
0.552000000	-0.028575764	0.582440023	0.437453313	-0.033534129	-1.020144129	-3.124041375	0.034403733	0.128974300	-0.104527431	0.040868327	-0.023829323	-0.022082567
0.553000000	-0.028541242	0.582569128	0.437348673	-0.033493122	-1.020167975	-3.124063530	0.034635271	0.129238212	-0.104753401	0.041139543	-0.023863982	-0.022223882
0.554000000	-0.028506514	0.582698509	0.437243800	-0.033451874	-1.020191861	-3.124085811	0.034867790	0.129501260	-0.104978754	0.041411892	-0.023898390	-0.022365763
0.555000000	-0.028471498	0.582828127	0.437138718	-0.033410289	-1.020215771	-3.124108266	0.035101234	0.129763297	-0.105203364	0.041685305	-0.023932532	-0.022508170
0.556000000	-0.028436323	0.582958042	0.437033390	-0.033368517	-1.020239728	-3.124130820	0.035335693	0.130024540	-0.105427419	0.041959891	-0.023966429	-0.022651167
0.557000000	-0.028400830	0.583088177	0.436927863	-0.033326373	-1.020263704	-3.124153567	0.035571056	0.130284705	-0.105650677	0.042235514	-0.024000052	-0.022794673
0.558000000	-0.028365154	0.583218598	0.436822096	-0.033284014	-1.020287723	-3.124176426	0.035807418	0.130544025	-0.105873334	0.042512291	-0.024033425	-0.022938758
0.559000000	-0.028329231	0.583349273	0.436716111	-0.033241366	-1.020311774	-3.124199435	0.036044735	0.130802380	-0.106095292	0.042790168	-0.024066534	-0.023083389
0.560000000	-0.028293050	0.583480196	0.436609910	-0.033198417	-1.020335854	-3.124222601	0.036282998	0.131059747	-0.106316527	0.043069133	-0.024099378	-0.023228561
0.561000000	-0.028256694	0.583611407	0.436503469	-0.033155262	-1.020359978	-3.124245875	0.036522268	0.131316267	-0.106537163	0.043349263	-0.024131969	-0.023374316
0.562000000	-0.028220003	0.583742828	0.436396837	-0.033111716	-1.020384117	-3.124269351	0.036762429	0.131571648	-0.106756951	0.043630413	-0.024164279	-0.023520570
0.563000000	-0.028183143	0.583874538	0.436289963	-0.033067970	-1.020408302	-3.124292932	0.037003601	0.131826180	-0.106976136	0.043912731	-0.024196335	-0.023667411
0.564000000	-0.028146009	0.584006486	0.436182880	-0.033023906	-1.020432512	-3.124316678	0.037245708	0.132079674	-0.107194560	0.044196126	-0.024228119	-0.023814783
0.565000000	-0.028108632	0.584138687	0.436075580	-0.032979556	-1.020456754	-3.124340573	0.037488773	0.132332174	-0.107412259	0.044480622	-0.024259635	-0.023962703
0.566000000	-0.028071061	0.584271165	0.435968046	-0.032934978	-1.020481037	-3.124364586	0.037732832	0.132583766	-0.107629307	0.044766267	-0.024290890	-0.024111197
0.567000000	-0.028033162	0.584403853	0.435860323	-0.032890018	-1.020505335	-3.124388797	0.037977787	0.132834204	-0.107845494	0.045052937	-0.024321860	-0.024260193
0.568000000	-0.027995086	0.584536824	0.435752361	-0.032844850	-1.020529677	-3.124413118	0.038223748	0.133083751	-0.108061046	0.045340769	-0.024352571	-0.024409771
0.569000000	-0.027956727	0.584670027	0.435644196	-0.032799352	-1.020554043	-3.124437609	0.038470637	0.133332214	-0.108275797	0.045629669	-0.024383004	-0.024559876
0.570000000	-0.027918123	0.584803478	0.435535816	-0.032753566	-1.020578439	-3.124462250	0.038718482	0.133579651	-0.108489798	0.045919668	-0.024413163	-0.024710526
0.571000000	-0.027879322	0.584937202	0.435427206	-0.032707549	-1.020602875	-3.124487012	0.038967320	0.133826147	-0.108703121	0.046210813	-0.024443056	-0.024861748
0.572000000	-0.027840185	0.585071129	0.435318411	-0.032661140	-1.020627325	-3.124511976	0.039217044	0.134071445	-0.108915546	0.046502973	-0.024472659	-0.025013466
0.573000000	-0.027800863	0.585205333	0.435209383	-0.032614515	-1.020651816	-3.124537053	0.039467770	0.134315811	-0.109127302	0.046796289	-0.024501996	-0.025165762
0.574000000	-0.027761266	0.585339769	0.435100151	-0.032567566	-1.020676332	-3.124562298	0.039719428	0.134559074	-0.109338242	0.047090676	-0.024531051	-0.025318587
0.575000000	-0.027721404	0.585474441	0.434990713	-0.032520310	-1.020700874	-3.124587702	0.039972026	0.134801252	-0.109548383	0.047386145	-0.024559825	-0.025471946
0.576000000	-0.027681354	0.585609388	0.434881044	-0.032472831	-1.020725458	-3.124613223	0.040225624	0.135042475	-0.109757834	0.047682766	-0.024588330	-0.025625880
0.577000000	-0.027640954	0.585744526	0.434771197	-0.032424945	-1.020750051	-3.124638954	0.040480094	0.135282444	-0.109966341	0.047980385	-0.024616538	-0.025780301
0.578000000	-0.027600357	0.585879934	0.434661123	-0.032376828	-1.020774684	-3.124664805	0.040735556	0.135521432	-0.110174138	0.048279149	-0.024644474	-0.025935293
0.579000000	-0.027559506	0.586015581	0.434550841	-0.032328414	-1.020799344	-3.124690811	0.040991966	0.135759328	-0.110381130	0.048579001	-0.024672127	-0.026090823
0.580000000	-0.027518359	0.586151445	0.434440366	-0.032279654	-1.020824025	-3.124716995	0.041249288	0.135996051	-0.110587246	0.048879902	-0.024699489	-0.026246868
0.581000000	-0.027477015	0.586287578	0.434329664	-0.032230663	-1.020848745	-3.124743300	0.041507602	0.136231776	-0.110792640	0.049181946	-0.024726577	-0.026403483
0.582000000	-0.027435353	0.586423914	0.434218777	-0.032181300	-1.020873480	-3.124769797	0.041766810	0.136466276	-0.110997114	0.049485014	-0.024753368	-0.026560600
0.583000000	-0.027393452	0.586560495	0.434107680	-0.032131658	-1.020898246	-3.124796438	0.042026976	0.136699689	-0.111200788	0.049789184	-0.024779875	-0.026718262
0.584000000	-0.027351333	0.586697332	0.433996363	-0.032081762	-1.020923047	-3.124823213	0.042288116	0.136932051	-0.111403693	0.050094477	-0.024806102	-0.026876482
0.585000000	-0.027308871	0.586834356	0.433884874	-0.032031464	-1.020947857	-3.124850194	0.042550126	0.137163121	-0.111605622	0.050400765	-0.024832025	-0.027035186
0.586000000	-0.027266205	0.586971643	0.433773162	-0.031980928	-1.020972705	-3.124877300	0.042813122	0.137393153	-0.111806795	0.050708188	-0.024857669	-0.027194456
0.587000000	-0.027223267	0.587109155	0.433661252	-0.031930074	-1.020997577	-3.124904570	0.043077045	0.137622016	-0.112007097	0.051016677	-0.024883019	-0.027354250
0.588000000	-0.027180034	0.587246878	0.433549154	-0.031878875	-1.021022468	-3.124932018	0.043341876	0.137849658	-0.112206485	0.051326206	-0.024908072	-0.027514555
0.589000000	-0.027136592	0.587384859	0.433436836	-0.031827431	-1.021047395	-3.124959594	0.043607686	0.138076239	-0.112405096	0.051636864	-0.024932842	-0.027675421
0.590000000	-0.027092829	0.587523036	0.433324340	-0.031775614	-1.021072336	-3.124987363	0.043874382	0.138301540	-0.112602743	0.051948536	-0.024957308	-0.027836781
0.591000000	-0.027048813	0.587661446	0.433211641	-0.031723500	-1.021097304	-3.125015285	0.044142017	0.138525684	-0.112799530	0.052261287	-0.024981481	-0.027998675
0.592000000	-0.027004584	0.587800110	0.433098726	-0.031671136	-1.021122306	-3.125043337	0.044410627	0.138748740	-0.112995520	0.052575162	-0.025005368	-0.028161127
0.593000000	-0.026959992	0.587938943	0.432985650	-0.031618349	-1.021147314	-3.125071607	0.044680082	0.138970419	-0.113190461	0.052890001	-0.025028942	-0.028324045
0.594000000	-0.026915183	0.588078027	0.432872360	-0.031565308	-1.021172356	-3.125100010	0.044950506	0.139190991	-0.113384587	0.053205955	-0.025052226	-0.028487517
0.595000000	-0.026870123	0.588217343	0.432758869	-0.031511974	-1.021197425	-3.125128564	0.045221870	0.139410389	-0.113577841	0.053522990	-0.025075215	-0.028651522
0.596000000	-0.026824729	0.588356843	0.432645208	-0.031458251	-1.021222505	-3.125157318	0.045494101	0.139628447	-0.113770079	0.053841016	-0.025097894	-0.028816009
0.597000000	-0.026779116	0.588496590	0.432531336	-0.031404271	-1.021247617	-3.125186207	0.045767297	0.139845378	-0.113961485	0.054160153	-0.025120281	-0.028981047
0.598000000	-0.026733219	0.588636547	0.432417276	-0.031349958	-1.021272750	-3.125215266	0.046041400	0.140061052	-0.114151948	0.054480330	-0.025142364	-0.029146595
0.599000000	-0.026687015	0.588776701	0.432303039	-0.031295289	-1.021297898	-3.125244511	0.046316390	0.140275422	-0.114341426	0.054801523	-0.025164140	-0.029312640
0.600000000	-0.026640587	0.588917099	0.432188593	-0.031240357	-1.021323078	-3.125273891	0.046592338	0.140488639	-0.114530053	0.055123819	-0.025185621	-0.029479231
0.601000000	-0.026593847	0.589057688	0.432073972	-0.031185060	-1.021348273	-3.125303459	0.046869166	0.140700529	-0.114717673	0.055447121	-0.025206791	-0.029646312
0.602000000	-0.026546823	0.589198485	0.431959167	-0.031129432	-1.021373487	-3.125333199	0.047146896	0.140911139	-0.114904332	0.055771459	-0.025227655	-0.029813901
0.603000000	-0.026499570	0.589339521	0.431844157	-0.031073537	-1.021398732	-3.125363077	0.047425578	0.141120573	-0.115090118	0.056096891	-0.025248220	-0.029982032
0.604000000	-0.026451982	0.589480732	0.431728983	-0.031017251	-1.021423985	-3.125393157	0.047705115	0.141328616	-0.115274846	0.056423299	-0.025268469	-0.030150636
0.605000000	-0.026404127	0.589622159	0.431613620	-0.030960653	-1.021449262	-3.125423398	0.047985565	0.141535396	-0.115458626	0.056750757	-0.025288413	-0.030319755
0.606000000	-0.026356040	0.589763820	0.431498054	-0.030903783	-1.021474568	-3.125453779	0.048266961	0.141740975	-0.115641512	0.057079301	-0.025308055	-0.030489412
0.607000000	-0.026307600	0.589905644	0.431382334	-0.030846501	-1.021499879	-3.125484373	0.048549190	0.141945112	-0.115823295	0.057408796	-0.025327377	-0.030659528
0.608000000	-0.026258903	0.590047688	0.431266423	-0.030788921	-1.021525215	-3.125515121	0.048832339	0.142147991	-0.116004136	0.057739348	-0.025346392	-0.030830164
0.609000000	-0.026209971	0.590189962	0.431150312	-0.030731065	-1.021550579	-3.125546012	0.049116427	0.142349645	-0.116184063	0.058070978	-0.025365102	-0.031001333
0.610000000	-0.026160674	0.590332389	0.431034053	-0.030672783	-1.021575946	-3.125577121	0.049401331	0.142549815	-0.116362851	0.058403539	-0.025383489	-0.031172949
0.611000000	-0.026111127	0.590475037	0.430917602	-0.030614210	-1.021601338	-3.125608382	0.049687158	0.142748723	-0.116540692	0.058737159	-0.025401567	-0.031345087
0.612000000	-0.026061340	0.590617911	0.430800955	-0.030555355	-1.021626757	-3.125639788	0.049973916	0.142946381	-0.116717600	0.059071848	-0.025419339	-0.031517752
0.613000000	-0.026011181	0.590760931	0.430684167	-0.030496068	-1.021652177	-3.125671416	0.050261477	0.143142525	-0.116893342	0.059407453	-0.025436783	-0.031690857
0.614000000	-0.025960773	0.590904170	0.430567187	-0.030436490	-1.021677622	-3.125703195	0.050549958	0.143337390	-0.117068125	0.059744114	-0.025453918	-0.031864481
0.615000000	-0.025910121	0.591047630	0.430450014	-0.030376626	-1.021703093	-3.125735122	0.050839361	0.143530983	-0.117241954	0.060081834	-0.025470742	-0.032038627
0.616000000	-0.025859097	0.591191233	0.430332702	-0.030316329	-1.021728564	-3.125767271	0.051129561	0.143723041	-0.117414599	0.060420461	-0.025487238	-0.032213209
0.617000000	-0.025807818	0.591335050	0.430215202	-0.030255735	-1.021754059	-3.125799574	0.051420671	0.143913795	-0.117586265	0.060760133	-0.025503421	-0.032388303
0.618000000	-0.025756292	0.591479083	0.430097514	-0.030194851	-1.021779578	-3.125832026	0.051712696	0.144103252	-0.117756955	0.061100855	-0.025519291	-0.032563914
0.619000000	-0.025704397	0.591623259	0.429979687	-0.030133538	-1.021805098	-3.125864699	0.052005514	0.144291164	-0.117926453	0.061442480	-0.025534831	-0.032739959
0.620000000	-0.025652239	0.591767640	0.429861678	-0.030071918	-1.021830639	-3.125897531	0.052299229	0.144477737	-0.118094941	0.061785134	-0.025550055	-0.032916507
0.621000000	-0.025599829	0.591912233	0.429743484	-0.030010003	-1.021856204	-3.125930514	0.052593849	0.144662989	-0.118262433	0.062128826	-0.025564964	-0.033093566
0.622000000	-0.025547060	0.592056971	0.429625150	-0.029947669	-1.021881771	-3.125963713	0.052889266	0.144846696	-0.118428735	0.062473425	-0.025579542	-0.033271061
0.623000000	-0.025494012	0.592201903	0.429506643	-0.029885012	-1.021907356	-3.125997079	0.053185558	0.145029019	-0.118593986	0.062819029	-0.025593800	-0.033449046
0.624000000	-0.025440709	0.592347042	0.429387953	-0.029822055	-1.021932963	-3.126030599	0.053482748	0.145209997	-0.118758221	0.063165660	-0.025607741	-0.033627536
0.625000000	-0.025387061	0.592492331	0.429269120	-0.029758697	-1.021958574	-3.126064326	0.053780740	0.145389441	-0.118921276	0.063513208	-0.025621350	-0.033806467
0.626000000	-0.025333115	0.592637800	0.429150125	-0.029694991	-1.021984199	-3.126098231	0.054079583	0.145567444	-0.119083231	0.063861728	-0.025634636	-0.033985871
0.627000000	-0.025278910	0.592783472	0.429030950	-0.029630983	-1.022009845	-3.126132293	0.054379314	0.145744079	-0.119244150	0.064211266	-0.025647601	-0.034165774
0.628000000	-0.025224379	0.592929303	0.428911627	-0.029566594	-1.022035499	-3.126166550	0.054679860	0.145919202	-0.119403907	0.064561735	-0.025660237	-0.034346127
0.629000000	-0.025169525	0.593075294	0.428792153	-0.029501831	-1.022061160	-3.126201000	0.054981226	0.146092818	-0.119562508	0.064913139	-0.025672543	-0.034526932
0.630000000	-0.025114409	0.593221484	0.428672505	-0.029436760	-1.022086842	-3.126235608	0.055283468	0.146265041	-0.119720052	0.065265548	-0.025684527	-0.034708229
0.631000000	-0.025058991	0.593367845	0.428552699	-0.029371337	-1.022112536	-3.126270397	0.055586545	0.146435785	-0.119876463	0.065618911	-0.025696183	-0.034889988
0.632000000	-0.025003221	0.593514346	0.428432758	-0.029305505	-1.022138231	-3.126305396	0.055890403	0.146604945	-0.120031651	0.065973164	-0.025707503	-0.035072175
0.633000000	-0.024947186	0.593661039	0.428312646	-0.029239362	-1.022163946	-3.126340556	0.056195128	0.146772689	-0.120185761	0.066328409	-0.025718499	-0.035254848
0.634000000	-0.024890876	0.593807921	0.428192366	-0.029172900	-1.022189678	-3.126375880	0.056500711	0.146938996	-0.120338777	0.066684638	-0.025729169	-0.035437999
0.635000000	-0.024834182	0.593954916	0.428071970	-0.029105990	-1.022215404	-3.126411433	0.056807031	0.147103633	-0.120490492	0.067041702	-0.025739498	-0.035621549
0.636000000	-0.024777217	0.594102098	0.427951406	-0.029038765	-1.022241147	-3.126447149	0.057114207	0.147266829	-0.120641110	0.067399748	-0.025749500	-0.035805576
0.637000000	-0.024719981	0.594249468	0.427830675	-0.028971223	-1.022266909	-3.126483028	0.057422237	0.147428578	-0.120790623	0.067758770	-0.025759175	-0.035990081
0.638000000	-0.024662385	0.594396964	0.427709819	-0.028903262	-1.022292668	-3.126519122	0.057731021	0.147588690	-0.120938866	0.068118651	-0.025768511	-0.036174996
0.639000000	-0.024604484	0.594544622	0.427588813	-0.028834945	-1.022318438	-3.126555399	0.058040617	0.147747272	-0.121085934	0.068479459	-0.025777513	-0.036360359
0.640000000	-0.024546307	0.594692461	0.427467645	-0.028766307	-1.022344224	-3.126591841	0.058351054	0.147904383	-0.121231877	0.068841230	-0.025786186	-0.036546192
0.641000000	-0.024487812	0.594840451	0.427346336	-0.028697297	-1.022370017	-3.126628474	0.058662283	0.148059926	-0.121376609	0.069203903	-0.025794524	-0.036732460
0.642000000	-0.024428965	0.594988568	0.427224901	-0.028627878	-1.022395809	-3.126665316	0.058974265	0.148213827	-0.121520068	0.069567434	-0.025802522	-0.036919138
0.643000000	-0.024369840	0.595136863	0.427103306	-0.028558135	-1.022421617	-3.126702325	0.059287077	0.148366235	-0.121662383	0.069931914	-0.025810188	-0.037106278
0.644000000	-0.024310435	0.595285331	0.426981555	-0.028488066	-1.022447439	-3.126739503	0.059600716	0.148517140	-0.121803546	0.070297340	-0.025817522	-0.037293878
0.645000000	-0.024250641	0.595433898	0.426859698	-0.028417543	-1.022473252	-3.126776912	0.059915057	0.148666307	-0.121943350	0.070663561	-0.025824509	-0.037481853
0.646000000	-0.024190559	0.595582632	0.426737690	-0.028346685	-1.022499078	-3.126814493	0.060230209	0.148813944	-0.122081979	0.071030709	-0.025831163	-0.037670279
0.647000000	-0.024130194	0.595731536	0.426615528	-0.028275497	-1.022524918	-3.126852245	0.060546176	0.148960057	-0.122219436	0.071398790	-0.025837483	-0.037859157
0.648000000	-0.024069491	0.595880570	0.426493239	-0.028203917	-1.022550759	-3.126890197	0.060862894	0.149104524	-0.122355616	0.071767724	-0.025843462	-0.038048445
0.649000000	-0.024008445	0.596029728	0.426370828	-0.028131935	-1.022576600	-3.126928355	0.061180351	0.149247326	-0.122490502	0.072137500	-0.025849099	-0.038238134
0.650000000	-0.023947112	0.596179051	0.426248267	-0.028059620	-1.022602453	-3.126966684	0.061498611	0.149388581	-0.122624196	0.072508193	-0.025854400	-0.038428269
0.651000000	-0.023885492	0.596328537	0.426125558	-0.027986970	-1.022628318	-3.127005186	0.061817669	0.149528280	-0.122756693	0.072879797	-0.025859365	-0.038618844
0.652000000	-0.023823480	0.596478110	0.426002752	-0.027913864	-1.022654172	-3.127043920	0.062137401	0.149666196	-0.122887791	0.073252166	-0.025863980	-0.038809780
0.653000000	-0.023761171	0.596627837	0.425879805	-0.027840413	-1.022680036	-3.127082832	0.062457916	0.149802529	-0.123017666	0.073625427	-0.025868258	-0.039001147
0.654000000	-0.023698572	0.596777721	0.425756713	-0.027766623	-1.022705910	-3.127121918	0.062779216	0.149937283	-0.123146323	0.073999585	-0.025872198	-0.039192948
0.655000000	-0.023635644	0.596927734	0.425633496	-0.027692449	-1.022731787	-3.127161200	0.063101255	0.150070372	-0.123273686	0.074374584	-0.025875794	-0.039385152
0.656000000	-0.023572353	0.597077849	0.425510174	-0.027617854	-1.022757658	-3.127200698	0.063423986	0.150201718	-0.123399685	0.074750369	-0.025879044	-0.039577729
0.657000000	-0.023508768	0.597228117	0.425386711	-0.027542916	-1.022783539	-3.127240372	0.063747490	0.150331464	-0.123524447	0.075127036	-0.025881954	-0.039770731
0.658000000	-0.023444887	0.597378534	0.425263110	-0.027467634	-1.022809429	-3.127280222	0.064071763	0.150459602	-0.123647965	0.075504579	-0.025884525	-0.039964157
0.659000000	-0.023380639	0.597529047	0.425139408	-0.027391924	-1.022835311	-3.127320291	0.064396712	0.150585969	-0.123770096	0.075882890	-0.025886746	-0.040157945
0.660000000	-0.023316061	0.597679682	0.425015587	-0.027315830	-1.022861195	-3.127360557	0.064722381	0.150710643	-0.123890906	0.076262019	-0.025888623	-0.040352125
0.661000000	-0.023251184	0.597830461	0.424891631	-0.027239388	-1.022887086	-3.127401001	0.065048804	0.150833687	-0.124010454	0.076642008	-0.025890159	-0.040546720
0.662000000	-0.023186008	0.597981383	0.424767542	-0.027162598	-1.022912985	-3.127441624	0.065375977	0.150955094	-0.124128732	0.077022853	-0.025891352	-0.040741726
0.663000000	-0.023120434	0.598132372	0.424643373	-0.027085345	-1.022938869	-3.127482484	0.065703775	0.151074643	-0.124245544	0.077404403	-0.025892193	-0.040937062
0.664000000	-0.023054555	0.598283497	0.424519075	-0.027007736	-1.022964759	-3.127523525	0.066032307	0.151192531	-0.124361066	0.077786790	-0.025892690	-0.041132800
0.665000000	-0.022988373	0.598434759	0.424394649	-0.026929775	-1.022990655	-3.127564748	0.066361576	0.151308761	-0.124475299	0.078170016	-0.025892844	-0.041328941
0.666000000	-0.022921871	0.598586145	0.424270103	-0.026851442	-1.023016554	-3.127606160	0.066691556	0.151423289	-0.124588206	0.078554051	-0.025892653	-0.041525470
0.667000000	-0.022854982	0.598737600	0.424145477	-0.026772658	-1.023042439	-3.127647803	0.067022156	0.151535960	-0.124699647	0.078938788	-0.025892108	-0.041722326
0.668000000	-0.022787787	0.598889186	0.424020726	-0.026693518	-1.023068329	-3.127689628	0.067353478	0.151646951	-0.124809780	0.079324346	-0.025891219	-0.041919577
0.669000000	-0.022720286	0.599040903	0.423895851	-0.026614022	-1.023094224	-3.127731636	0.067685516	0.151756254	-0.124918599	0.079710720	-0.025889985	-0.042117219
0.670000000	-0.022652450	0.599192725	0.423770870	-0.026534136	-1.023120117	-3.127773843	0.068018230	0.151863801	-0.125026043	0.080097862	-0.025888403	-0.042315226
0.671000000	-0.022584236	0.599344619	0.423645807	-0.026453810	-1.023145998	-3.127816274	0.068351561	0.151969492	-0.125132022	0.080485701	-0.025886469	-0.042513560
0.672000000	-0.022515713	0.599496638	0.423520625	-0.026373125	-1.023171882	-3.127858890	0.068685594	0.152073475	-0.125236669	0.080874339	-0.025884188	-0.042712276
0.673000000	-0.022446879	0.599648778	0.423395325	-0.026292079	-1.023197769	-3.127901690	0.069020323	0.152175742	-0.125339975	0.081263768	-0.025881561	-0.042911371
0.674000000	-0.022377704	0.599801014	0.423269927	-0.026210634	-1.023223652	-3.127944694	0.069355703	0.152276216	-0.125441874	0.081653936	-0.025878584	-0.043110815
0.675000000	-0.022308152	0.599953318	0.423144450	-0.026128753	-1.023249523	-3.127987921	0.069691685	0.152374818	-0.125542294	0.082044785	-0.025875253	-0.043310579
0.676000000	-0.022238288	0.600105738	0.423018861	-0.026046507	-1.023275395	-3.128031334	0.070028349	0.152471685	-0.125641357	0.082436408	-0.025871576	-0.043510711
0.677000000	-0.022168110	0.600258273	0.422893160	-0.025963896	-1.023301269	-3.128074934	0.070365688	0.152566807	-0.125739054	0.082828800	-0.025867550	-0.043711210
0.678000000	-0.022097590	0.600410898	0.422767364	-0.025880888	-1.023327138	-3.128118737	0.070703662	0.152660118	-0.125835327	0.083221911	-0.025863174	-0.043912049
0.679000000	-0.022026689	0.600563582	0.422641497	-0.025797436	-1.023352992	-3.128162766	0.071042214	0.152751525	-0.125930092	0.083615674	-0.025858444	-0.044113192
0.680000000	-0.021955471	0.600716373	0.422515523	-0.025713617	-1.023378847	-3.128206984	0.071381425	0.152841168	-0.126023474	0.084010186	-0.025853365	-0.044314692
0.681000000	-0.021883936	0.600869272	0.422389444	-0.025629427	-1.023404701	-3.128251390	0.071721291	0.152929040	-0.126115467	0.084405441	-0.025847937	-0.044516544
0.682000000	-0.021812067	0.601022263	0.422263270	-0.025544851	-1.023430552	-3.128295994	0.072061786	0.153015101	-0.126206035	0.084801410	-0.025842159	-0.044718735
0.683000000	-0.021739804	0.601175296	0.422137037	-0.025459816	-1.023456384	-3.128340832	0.072402822	0.153099208	-0.126295050	0.085197988	-0.025836025	-0.044921206
0.684000000	-0.021667221	0.601328429	0.422010703	-0.025374408	-1.023482215	-3.128385860	0.072744496	0.153181523	-0.126382658	0.085595290	-0.025829541	-0.045124021
0.685000000	-0.021594317	0.601481660	0.421884270	-0.025288628	-1.023508043	-3.128431079	0.073086803	0.153262040	-0.126468852	0.085993309	-0.025822707	-0.045327176
0.686000000	-0.021521092	0.601634989	0.421757740	-0.025202472	-1.023533870	-3.128476489	0.073429736	0.153340752	-0.126553626	0.086392040	-0.025815523	-0.045530668
0.687000000	-0.021447461	0.601788344	0.421631162	-0.025115847	-1.023559675	-3.128522138	0.073773177	0.153417467	-0.126636808	0.086791340	-0.025807982	-0.045734421
0.688000000	-0.021373501	0.601941787	0.421504492	-0.025028839	-1.023585476	-3.128567983	0.074117225	0.153492353	-0.126718548	0.087191329	-0.025800090	-0.045938499
0.689000000	-0.021299217	0.602095321	0.421377730	-0.024941454	-1.023611273	-3.128614020	0.074461884	0.153565414	-0.126798850	0.087592009	-0.025791847	-0.046142904
0.690000000	-0.021224608	0.602248944	0.421250876	-0.024853690	-1.023637067	-3.128660251	0.074807146	0.153636643	-0.126877709	0.087993374	-0.025783254	-0.046347631
0.691000000	-0.021149621	0.602402609	0.421123964	-0.024765487	-1.023662844	-3.128706706	0.075152933	0.153705916	-0.126955012	0.088395329	-0.025774305	-0.046552632
0.692000000	-0.021074274	0.602556332	0.420996983	-0.024676867	-1.023688609	-3.128753373	0.075499267	0.153773271	-0.127030792	0.088797901	-0.025765003	-0.046757919
0.693000000	-0.020998599	0.602710136	0.420869916	-0.024587865	-1.023714368	-3.128800235	0.075846186	0.153838776	-0.127105112	0.089201136	-0.025755349	-0.046963519
0.694000000	-0.020922596	0.602864022	0.420742764	-0.024498482	-1.023740123	-3.128847291	0.076193687	0.153902424	-0.127177965	0.089605029	-0.025745344	-0.047169429
0.695000000	-0.020846249	0.603017973	0.420615538	-0.024408698	-1.023765868	-3.128894552	0.076541740	0.153964173	-0.127249313	0.090009546	-0.025734986	-0.047375630
0.696000000	-0.020769504	0.603171943	0.420488271	-0.024318453	-1.023791591	-3.128942047	0.076890265	0.154023900	-0.127319045	0.090414592	-0.025724271	-0.047582071
0.697000000	-0.020692429	0.603325987	0.420360924	-0.024227823	-1.023817307	-3.128989739	0.077239352	0.154081751	-0.127387292	0.090820274	-0.025713205	-0.047788811
0.698000000	-0.020615023	0.603480103	0.420233498	-0.024136809	-1.023843016	-3.129037627	0.077588997	0.154137720	-0.127454050	0.091226586	-0.025701787	-0.047995847
0.699000000	-0.020537283	0.603634290	0.420105995	-0.024045407	-1.023868718	-3.129085712	0.077939192	0.154191801	-0.127519311	0.091633520	-0.025690017	-0.048203173
0.700000000	-0.020459160	0.603788501	0.419978449	-0.023953560	-1.023894400	-3.129134024	0.078289856	0.154243871	-0.127582965	0.092040980	-0.025677891	-0.048410740
0.701000000	-0.020380675	0.603942753	0.419850848	-0.023861292	-1.023920067	-3.129182550	0.078641016	0.154293973	-0.127645053	0.092448998	-0.025665412	-0.048618563
0.702000000	-0.020301855	0.604097068	0.419723174	-0.023768635	-1.023945725	-3.129231275	0.078992707	0.154342170	-0.127705628	0.092857617	-0.025652580	-0.048826667
0.703000000	-0.020222700	0.604251446	0.419595430	-0.023675589	-1.023971375	-3.129280198	0.079344925	0.154388454	-0.127764684	0.093266829	-0.025639396	-0.049035048
0.704000000	-0.020143208	0.604405884	0.419467617	-0.023582151	-1.023997015	-3.129329320	0.079697662	0.154432819	-0.127822217	0.093676627	-0.025625860	-0.049243702
0.705000000	-0.020063305	0.604560312	0.419339785	-0.023488237	-1.024022627	-3.129378684	0.080050799	0.154475086	-0.127878063	0.094086871	-0.025611967	-0.049452553
0.706000000	-0.019983063	0.604714795	0.419211889	-0.023393928	-1.024048228	-3.129428250	0.080404440	0.154515417	-0.127932370	0.094497682	-0.025597721	-0.049661668
0.707000000	-0.019902483	0.604869331	0.419083929	-0.023299226	-1.024073819	-3.129478015	0.080758581	0.154553813	-0.127985137	0.094909057	-0.025583124	-0.049871045
0.708000000	-0.019821564	0.605023919	0.418955907	-0.023204130	-1.024099399	-3.129527982	0.081113216	0.154590266	-0.128036357	0.095320989	-0.025568174	-0.050080679
0.709000000	-0.019740293	0.605178544	0.418827833	-0.023108625	-1.024124964	-3.129578156	0.081468319	0.154624742	-0.128085999	0.095733447	-0.025552871	-0.050290555
0.710000000	-0.019658620	0.605333161	0.418699740	-0.023012654	-1.024150502	-3.129628567	0.081823808	0.154657120	-0.128133955	0.096146334	-0.025537213	-0.050500622
0.711000000	-0.019576606	0.605487823	0.418571591	-0.022916288	-1.024176029	-3.129679180	0.082179771	0.154687538	-0.128180348	0.096559754	-0.025521202	-0.050710935
0.712000000	-0.019494251	0.605642528	0.418443385	-0.022819525	-1.024201543	-3.129729994	0.082536202	0.154715992	-0.128225174	0.096973701	-0.025504840	-0.050921490
0.713000000	-0.019411554	0.605797274	0.418315127	-0.022722364	-1.024227044	-3.129781011	0.082893093	0.154742474	-0.128268427	0.097388166	-0.025488126	-0.051132284
0.714000000	-0.019328498	0.605952043	0.418186826	-0.022624787	-1.024252527	-3.129832239	0.083250414	0.154766942	-0.128310068	0.097803112	-0.025471059	-0.051343297
0.715000000	-0.019245044	0.606106798	0.418058513	-0.022526747	-1.024277983	-3.129883703	0.083608095	0.154789298	-0.128350007	0.098218458	-0.025453637	-0.051554485
0.716000000	-0.019161245	0.606261588	0.417930151	-0.022428307	-1.024303425	-3.129935370	0.083966217	0.154809667	-0.128388358	0.098634299	-0.025435863	-0.051765901
0.717000000	-0.019077102	0.606416409	0.417801743	-0.022329468	-1.024328853	-3.129987240	0.084324774	0.154828043	-0.128425115	0.099050627	-0.025417739	-0.051977539
0.718000000	-0.018992614	0.606571261	0.417673288	-0.022230227	-1.024354265	-3.130039314	0.084683757	0.154844420	-0.128460274	0.099467434	-0.025399262	-0.052189396
0.719000000	-0.018907772	0.606726133	0.417544797	-0.022130575	-1.024379660	-3.130091598	0.085043148	0.154858773	-0.128493809	0.099884697	-0.025380435	-0.052401459
0.720000000	-0.018822523	0.606880973	0.417416305	-0.022030452	-1.024405025	-3.130144120	0.085402854	0.154870974	-0.128525606	0.100302309	-0.025361253	-0.052613672
0.721000000	-0.018736927	0.607035838	0.417287773	-0.021929926	-1.024430373	-3.130196847	0.085762968	0.154881161	-0.128555790	0.100720376	-0.025341720	-0.052826092
0.722000000	-0.018650984	0.607190723	0.417159202	-0.021828996	-1.024455705	-3.130249780	0.086123481	0.154889329	-0.128584354	0.101138890	-0.025321836	-0.053038714
0.723000000	-0.018564693	0.607345628	0.417030595	-0.021727662	-1.024481020	-3.130302918	0.086484387	0.154895472	-0.128611295	0.101557844	-0.025301602	-0.053251535
0.724000000	-0.018478053	0.607500550	0.416901953	-0.021625924	-1.024506317	-3.130356261	0.086845679	0.154899584	-0.128636605	0.101977229	-0.025281018	-0.053464551
0.725000000	-0.018391007	0.607655433	0.416773318	-0.021523715	-1.024531583	-3.130409843	0.087207256	0.154901527	-0.128660160	0.102396927	-0.025260080	-0.053677699
0.726000000	-0.018303603	0.607810319	0.416644658	-0.021421089	-1.024556829	-3.130463637	0.087569189	0.154901407	-0.128682055	0.102817022	-0.025238793	-0.053891024
0.727000000	-0.018215848	0.607965216	0.416515969	-0.021318057	-1.024582056	-3.130517637	0.087931486	0.154899243	-0.128702307	0.103237523	-0.025217156	-0.054104530
0.728000000	-0.018127743	0.608120120	0.416387251	-0.021214618	-1.024607264	-3.130571844	0.088294141	0.154895028	-0.128720911	0.103658422	-0.025195169	-0.054318215
0.729000000	-0.018039286	0.608275032	0.416258508	-0.021110771	-1.024632453	-3.130626258	0.088657145	0.154888757	-0.128737860	0.104079711	-0.025172833	-0.054532073
0.730000000	-0.017950452	0.608429921	0.416129758	-0.021006486	-1.024657615	-3.130680895	0.089020450	0.154880366	-0.128753096	0.104501331	-0.025150147	-0.054746074
0.731000000	-0.017861229	0.608584776	0.416001014	-0.020901749	-1.024682749	-3.130735760	0.089384026	0.154869820	-0.128766588	0.104923250	-0.025127111	-0.054960201
0.732000000	-0.017771653	0.608739630	0.415872248	-0.020796603	-1.024707862	-3.130790833	0.089747930	0.154857204	-0.128778412	0.105345532	-0.025103726	-0.055174489
0.733000000	-0.017681724	0.608894481	0.415743464	-0.020691048	-1.024732954	-3.130846114	0.090112155	0.154842514	-0.128788564	0.105768171	-0.025079994	-0.055388934
0.734000000	-0.017591441	0.609049327	0.415614662	-0.020585081	-1.024758025	-3.130901604	0.090476694	0.154825745	-0.128797039	0.106191158	-0.025055913	-0.055603532
0.735000000	-0.017500804	0.609204167	0.415485845	-0.020478704	-1.024783074	-3.130957302	0.090841539	0.154806892	-0.128803833	0.106614484	-0.025031485	-0.055818277
0.736000000	-0.017409768	0.609358951	0.415357047	-0.020371864	-1.024808090	-3.131013235	0.091206604	0.154785843	-0.128808842	0.107038049	-0.025006708	-0.056033119
0.737000000	-0.017318362	0.609513708	0.415228249	-0.020264594	-1.024833080	-3.131069385	0.091571934	0.154762664	-0.128812128	0.107461904	-0.024981584	-0.056248084
0.738000000	-0.017226600	0.609668452	0.415099441	-0.020156912	-1.024858047	-3.131125744	0.091937548	0.154737388	-0.128813720	0.107886073	-0.024956113	-0.056463184
0.739000000	-0.017134483	0.609823179	0.414970624	-0.020048818	-1.024882991	-3.131182313	0.092303438	0.154710011	-0.128813612	0.108310547	-0.024930296	-0.056678415
0.740000000	-0.017042010	0.609977888	0.414841801	-0.019940310	-1.024907912	-3.131239092	0.092669597	0.154680528	-0.128811801	0.108735316	-0.024904134	-0.056893773
0.741000000	-0.016949179	0.610132577	0.414712974	-0.019831388	-1.024932809	-3.131296081	0.093036017	0.154648934	-0.128808283	0.109160372	-0.024877625	-0.057109253
0.742000000	-0.016855943	0.610287191	0.414584181	-0.019721995	-1.024957669	-3.131353308	0.093402601	0.154615104	-0.128802942	0.109585603	-0.024850771	-0.057324797
0.743000000	-0.016762341	0.610441772	0.414455394	-0.019612179	-1.024982502	-3.131410749	0.093769417	0.154579138	-0.128795868	0.110011087	-0.024823571	-0.057540445
0.744000000	-0.016668382	0.610596326	0.414326606	-0.019501948	-1.025007310	-3.131468401	0.094136472	0.154541049	-0.128787074	0.110436831	-0.024796028	-0.057756203
0.745000000	-0.016574065	0.610750851	0.414197822	-0.019391301	-1.025032093	-3.131526263	0.094503756	0.154500833	-0.128776556	0.110862827	-0.024768140	-0.057972065
0.746000000	-0.016479389	0.610905343	0.414069042	-0.019280239	-1.025056850	-3.131584337	0.094871264	0.154458486	-0.128764309	0.111289066	-0.024739909	-0.058188027
0.747000000	-0.016384354	0.611059802	0.413940268	-0.019168760	-1.025081581	-3.131642621	0.095238986	0.154414003	-0.128750329	0.111715538	-0.024711335	-0.058404085
0.748000000	-0.016288921	0.611214181	0.413811534	-0.019056819	-1.025106275	-3.131701139	0.095606841	0.154367283	-0.128734523	0.112142149	-0.024682418	-0.058620189
0.749000000	-0.016193113	0.611368507	0.413682821	-0.018944444	-1.025130939	-3.131759877	0.095974869	0.154318386	-0.128716944	0.112568944	-0.024653158	-0.058836364
0.750000000	-0.016096947	0.611522792	0.413554120	-0.018831653	-1.025155575	-3.131818826	0.096343088	0.154267342	-0.128697621	0.112995947	-0.024623557	-0.059052620
0.751000000	-0.016000420	0.611677034	0.413425432	-0.018718444	-1.025180184	-3.131877987	0.096711491	0.154214147	-0.128676549	0.113423146	-0.024593614	-0.059268955
0.752000000	-0.015903533	0.611831230	0.413296759	-0.018604817	-1.025204765	-3.131937359	0.097080069	0.154158799	-0.128653725	0.113850534	-0.024563331	-0.059485362
0.753000000	-0.015806285	0.611985378	0.413168104	-0.018490772	-1.025229317	-3.131996943	0.097448814	0.154101292	-0.128629145	0.114278101	-0.024532708	-0.059701838
0.754000000	-0.015708659	0.612139458	0.413039482	-0.018376288	-1.025253836	-3.132056749	0.097817686	0.154041581	-0.128602767	0.114705800	-0.024501745	-0.059918358
0.755000000	-0.015610637	0.612293448	0.412910909	-0.018261346	-1.025278317	-3.132116786	0.098186645	0.153979621	-0.128574547	0.115133584	-0.024470442	-0.060134897
0.756000000	-0.015512255	0.612447384	0.412782358	-0.018145986	-1.025302769	-3.132177036	0.098555747	0.153915493	-0.128544561	0.115561519	-0.024438801	-0.060351492
0.757000000	-0.015413511	0.612601262	0.412653832	-0.018030206	-1.025327191	-3.132237498	0.098924984	0.153849193	-0.128512803	0.115989596	-0.024406822	-0.060568137
0.758000000	-0.015314405	0.612755082	0.412525333	-0.017914007	-1.025351583	-3.132298172	0.099294348	0.153780717	-0.128479272	0.116417806	-0.024374505	-0.060784827
0.759000000	-0.015214937	0.612908840	0.412396862	-0.017797387	-1.025375944	-3.132359059	0.099663831	0.153710063	-0.128443962	0.116846138	-0.024341851	-0.061001557
0.760000000	-0.015115106	0.613062534	0.412268421	-0.017680347	-1.025400274	-3.132420159	0.100033425	0.153637226	-0.128406870	0.117274585	-0.024308861	-0.061218324
0.761000000	-0.015014883	0.613216129	0.412140037	-0.017562853	-1.025424565	-3.132481489	0.100403064	0.153562131	-0.128367927	0.117703069	-0.024275535	-0.061435087
0.762000000	-0.014914279	0.613369634	0.412011703	-0.017444917	-1.025448819	-3.132543041	0.100772760	0.153484801	-0.128327152	0.118131605	-0.024241873	-0.061651855
0.763000000	-0.014813312	0.613523069	0.411883404	-0.017326560	-1.025473042	-3.132604807	0.101142542	0.153405280	-0.128284585	0.118560226	-0.024207877	-0.061868645
0.764000000	-0.014711982	0.613676431	0.411755144	-0.017207783	-1.025497232	-3.132666785	0.101512402	0.153323565	-0.128240224	0.118988923	-0.024173547	-0.062085452
0.765000000	-0.014610288	0.613829717	0.411626923	-0.017088584	-1.025521389	-3.132728977	0.101882332	0.153239652	-0.128194065	0.119417686	-0.024138884	-0.062302272
0.766000000	-0.014508231	0.613982926	0.411498744	-0.016968964	-1.025545513	-3.132791382	0.102252322	0.153153538	-0.128146105	0.119846506	-0.024103888	-0.062519099
0.767000000	-0.014405810	0.614136055	0.411370608	-0.016848922	-1.025569604	-3.132854000	0.102622365	0.153065221	-0.128096339	0.120275373	-0.024068560	-0.062735930
0.768000000	-0.014303002	0.614289074	0.411242538	-0.016728431	-1.025593655	-3.132916845	0.102992404	0.152974639	-0.128044711	0.120704221	-0.024032900	-0.062952729
0.769000000	-0.014199808	0.614441984	0.411114534	-0.016607493	-1.025617665	-3.132979915	0.103362436	0.152881794	-0.127991223	0.121133047	-0.023996910	-0.063169497
0.770000000	-0.014096251	0.614594807	0.410986578	-0.016486135	-1.025641641	-3.133043199	0.103732496	0.152786739	-0.127935921	0.121561891	-0.023960590	-0.063386253
0.771000000	-0.013992329	0.614747541	0.410858674	-0.016364354	-1.025665583	-3.133106696	0.104102574	0.152689470	-0.127878803	0.121990743	-0.023923940	-0.063602993
0.772000000	-0.013888044	0.614900183	0.410730823	-0.016242151	-1.025689489	-3.133170406	0.104472663	0.152589984	-0.127819866	0.122419594	-0.023886962	-0.063819712
0.773000000	-0.013783393	0.615052732	0.410603026	-0.016119525	-1.025713359	-3.133234330	0.104842754	0.152488279	-0.127759106	0.122848433	-0.023849655	-0.064036406
0.774000000	-0.013678378	0.615205184	0.410475287	-0.015996477	-1.025737193	-3.133298467	0.105212838	0.152384352	-0.127696520	0.123277251	-0.023812021	-0.064253068
0.775000000	-0.013572997	0.615357536	0.410347607	-0.015873005	-1.025760991	-3.133362819	0.105582904	0.152278198	-0.127632103	0.123706034	-0.023774060	-0.064469693
0.776000000	-0.013467212	0.615509739	0.410220024	-0.015749064	-1.025784741	-3.133427407	0.105952861	0.152169716	-0.127565761	0.124134677	-0.023735775	-0.064686228
0.777000000	-0.013361061	0.615661839	0.410092503	-0.015624700	-1.025808454	-3.133492209	0.106322786	0.152059006	-0.127497586	0.124563271	-0.023697164	-0.064902717
0.778000000	-0.013254546	0.615813833	0.409965047	-0.015499915	-1.025832130	-3.133557224	0.106692670	0.151946066	-0.127427575	0.124991803	-0.023658228	-0.065119156
0.779000000	-0.013147667	0.615965719	0.409837657	-0.015374706	-1.025855768	-3.133622453	0.107062504	0.151830893	-0.127355725	0.125420265	-0.023618969	-0.065335540
0.780000000	-0.013040422	0.616117495	0.409710335	-0.015249075	-1.025879368	-3.133687895	0.107432280	0.151713486	-0.127282035	0.125848645	-0.023579387	-0.065551864
0.781000000	-0.012932813	0.616269159	0.409583083	-0.015123021	-1.025902930	-3.133753550	0.107801988	0.151593842	-0.127206501	0.126276935	-0.023539483	-0.065768123
0.782000000	-0.012824838	0.616420708	0.409455903	-0.014996544	-1.025926453	-3.133819419	0.108171620	0.151471959	-0.127129121	0.126705124	-0.023499258	-0.065984312
0.783000000	-0.012716497	0.616572136	0.409328799	-0.014869643	-1.025949936	-3.133885503	0.108541163	0.151347830	-0.127049887	0.127133196	-0.023458712	-0.066200423
0.784000000	-0.012607754	0.616723401	0.409201805	-0.014742276	-1.025973370	-3.133951821	0.108910533	0.151221367	-0.126968717	0.127561056	-0.023417848	-0.066416408
0.785000000	-0.012498647	0.616874544	0.409074889	-0.014614488	-1.025996763	-3.134018352	0.109279801	0.151092660	-0.126885694	0.127988785	-0.023376664	-0.066632308
0.786000000	-0.012389176	0.617025562	0.408948052	-0.014486277	-1.026020117	-3.134085097	0.109648958	0.150961708	-0.126800817	0.128416372	-0.023335163	-0.066848119
0.787000000	-0.012279339	0.617176454	0.408821297	-0.014357643	-1.026043431	-3.134152054	0.110017995	0.150828509	-0.126714083	0.128843809	-0.023293344	-0.067063834
0.788000000	-0.012169138	0.617327217	0.408694625	-0.014228587	-1.026066704	-3.134219225	0.110386903	0.150693062	-0.126625489	0.129271083	-0.023251209	-0.067279450
0.789000000	-0.012058573	0.617477849	0.408568039	-0.014099109	-1.026089935	-3.134286609	0.110755672	0.150555365	-0.126535035	0.129698185	-0.023208758	-0.067494961
0.790000000	-0.011947642	0.617628347	0.408441541	-0.013969208	-1.026113125	-3.134354206	0.111124296	0.150415416	-0.126442717	0.130125105	-0.023165992	-0.067710363
0.791000000	-0.011836347	0.617778709	0.408315132	-0.013838886	-1.026136274	-3.134422017	0.111492763	0.150273214	-0.126348534	0.130551833	-0.023122913	-0.067925649
0.792000000	-0.011724670	0.617928910	0.408188831	-0.013708120	-1.026159375	-3.134490050	0.111861026	0.150128713	-0.126252441	0.130978312	-0.023079521	-0.068140792
0.793000000	-0.011612612	0.618078949	0.408062640	-0.013576913	-1.026182429	-3.134558306	0.112229075	0.149981912	-0.126154439	0.131404532	-0.023035818	-0.068355787
0.794000000	-0.011500189	0.618228844	0.407936545	-0.013445285	-1.026205440	-3.134626775	0.112596942	0.149832856	-0.126054566	0.131830529	-0.022991804	-0.068570653
0.795000000	-0.011387402	0.618378594	0.407810546	-0.013313235	-1.026228408	-3.134695456	0.112964618	0.149681543	-0.125952822	0.132256292	-0.022947480	-0.068785383
0.796000000	-0.011274252	0.618528197	0.407684647	-0.013180763	-1.026251333	-3.134764350	0.113332092	0.149527971	-0.125849203	0.132681811	-0.022902846	-0.068999973
0.797000000	-0.011160738	0.618677650	0.407558849	-0.013047871	-1.026274214	-3.134833456	0.113699357	0.149372141	-0.125743710	0.133107076	-0.022857904	-0.069214417
0.798000000	-0.011046860	0.618826950	0.407433153	-0.012914557	-1.026297050	-3.134902775	0.114066403	0.149214051	-0.125636339	0.133532076	-0.022812655	-0.069428712
0.799000000	-0.010932619	0.618976095	0.407307563	-0.012780822	-1.026319843	-3.134972306	0.114433221	0.149053700	-0.125527090	0.133956800	-0.022767098	-0.069642851
0.800000000	-0.010818014	0.619125083	0.407182079	-0.012646666	-1.026342590	-3.135042049	0.114799802	0.148891087	-0.125415962	0.134381239	-0.022721237	-0.069856829
0.801000000	-0.010703038	0.619273902	0.407056712	-0.012512081	-1.026365291	-3.135112009	0.115166118	0.148726192	-0.125302933	0.134805360	-0.022675071	-0.070070631
0.802000000	-0.010587675	0.619422527	0.406931480	-0.012377049	-1.026387939	-3.135182194	0.115532122	0.148558973	-0.125187964	0.135229109	-0.022628602	-0.070284229
0.803000000	-0.010471950	0.619570988	0.406806360	-0.012241596	-1.026410541	-3.135252590	0.115897863	0.148389492	-0.125071112	0.135652541	-0.022581831	-0.070497652
0.804000000	-0.010355863	0.619719283	0.406681355	-0.012105724	-1.026433097	-3.135323199	0.116263329	0.148217748	-0.124952376	0.136075646	-0.022534758	-0.070710893
0.805000000	-0.010239413	0.619867410	0.406556466	-0.011969433	-1.026455607	-3.135394018	0.116628513	0.148043740	-0.124831754	0.136498412	-0.022487385	-0.070923949
0.806000000	-0.010122602	0.620015365	0.406431696	-0.011832723	-1.026478071	-3.135465049	0.116993404	0.147867468	-0.124709245	0.136920830	-0.022439712	-0.071136813
0.807000000	-0.010005428	0.620163147	0.406307046	-0.011695593	-1.026500487	-3.135536291	0.117357994	0.147688933	-0.124584849	0.137342888	-0.022391740	-0.071349480
0.808000000	-0.009887893	0.620310753	0.406182519	-0.011558045	-1.026522856	-3.135607744	0.117722273	0.147508133	-0.124458564	0.137764576	-0.022343470	-0.071561946
0.809000000	-0.009769996	0.620458180	0.406058116	-0.011420079	-1.026545178	-3.135679407	0.118086233	0.147325069	-0.124330389	0.138185883	-0.022294904	-0.071774205
0.810000000	-0.009651739	0.620605428	0.405933839	-0.011281695	-1.026567451	-3.135751282	0.118449863	0.147139740	-0.124200323	0.138606798	-0.022246042	-0.071986251
0.811000000	-0.009533116	0.620752487	0.405809694	-0.011142888	-1.026589676	-3.135823369	0.118813145	0.146952137	-0.124068357	0.139027301	-0.022196886	-0.072198075
0.812000000	-0.009414109	0.620899327	0.405685706	-0.011003636	-1.026611844	-3.135895680	0.119176019	0.146762207	-0.123934439	0.139447322	-0.022147438	-0.072409641
0.813000000	-0.009294742	0.621045980	0.405561849	-0.010863968	-1.026633964	-3.135968200	0.119538537	0.146570013	-0.123798630	0.139866920	-0.022097698	-0.072620980
0.814000000	-0.009175016	0.621192444	0.405438126	-0.010723884	-1.026656035	-3.136040931	0.119900688	0.146375557	-0.123660927	0.140286084	-0.022047666	-0.072832086
0.815000000	-0.009054930	0.621338715	0.405314540	-0.010583383	-1.026678056	-3.136113871	0.120262463	0.146178838	-0.123521331	0.140704803	-0.021997344	-0.073042954
0.816000000	-0.008934484	0.621484792	0.405191091	-0.010442467	-1.026700027	-3.136187020	0.120623854	0.145979856	-0.123379842	0.141123067	-0.021946732	-0.073253579
0.817000000	-0.008813680	0.621630672	0.405067782	-0.010301135	-1.026721949	-3.136260379	0.120984849	0.145778613	-0.123236458	0.141540864	-0.021895833	-0.073463955
0.818000000	-0.008692518	0.621776353	0.404944615	-0.010159388	-1.026743820	-3.136333947	0.121345441	0.145575109	-0.123091179	0.141958185	-0.021844646	-0.073674078
0.819000000	-0.008570997	0.621921833	0.404821592	-0.010017227	-1.026765640	-3.136407723	0.121705620	0.145369343	-0.122944006	0.142375018	-0.021793173	-0.073883941
0.820000000	-0.008449118	0.622067108	0.404698714	-0.009874652	-1.026787410	-3.136481708	0.122065375	0.145161318	-0.122794937	0.142791352	-0.021741416	-0.074093540
0.821000000	-0.008326882	0.622212178	0.404575985	-0.009731663	-1.026809128	-3.136555901	0.122424698	0.144951033	-0.122643973	0.143207177	-0.021689375	-0.074302869
0.822000000	-0.008204289	0.622357039	0.404453404	-0.009588260	-1.026830794	-3.136630302	0.122783580	0.144738490	-0.122491113	0.143622482	-0.021637051	-0.074511923
0.823000000	-0.008081317	0.622501657	0.404331001	-0.009444420	-1.026852402	-3.136704924	0.123141953	0.144523632	-0.122336303	0.144037189	-0.021584448	-0.074720664
0.824000000	-0.007957987	0.622646059	0.404208753	-0.009300165	-1.026873958	-3.136779754	0.123499859	0.144306513	-0.122179593	0.144451348	-0.021531565	-0.074929116
0.825000000	-0.007834301	0.622790246	0.404086660	-0.009155499	-1.026895461	-3.136854791	0.123857296	0.144087138	-0.122020988	0.144864955	-0.021478403	-0.075137278
0.826000000	-0.007710260	0.622934215	0.403964725	-0.009010421	-1.026916911	-3.136930035	0.124214254	0.143865511	-0.121860488	0.145277998	-0.021424962	-0.075345144
0.827000000	-0.007585864	0.623077964	0.403842949	-0.008864933	-1.026938308	-3.137005486	0.124570722	0.143641631	-0.121698094	0.145690467	-0.021371245	-0.075552709
0.828000000	-0.007461114	0.623221491	0.403721334	-0.008719035	-1.026959652	-3.137081143	0.124926693	0.143415501	-0.121533805	0.146102351	-0.021317252	-0.075759968
0.829000000	-0.007336010	0.623364794	0.403599883	-0.008572727	-1.026980942	-3.137157007	0.125282155	0.143187120	-0.121367623	0.146513639	-0.021262985	-0.075966915
0.830000000	-0.007210552	0.623507869	0.403478596	-0.008426011	-1.027002178	-3.137233076	0.125637100	0.142956492	-0.121199547	0.146924321	-0.021208445	-0.076173545
0.831000000	-0.007084741	0.623650715	0.403357477	-0.008278885	-1.027023361	-3.137309350	0.125991517	0.142723618	-0.121029578	0.147334384	-0.021153632	-0.076379852
0.832000000	-0.006958578	0.623793330	0.403236527	-0.008131352	-1.027044488	-3.137385830	0.126345398	0.142488498	-0.120857716	0.147743818	-0.021098549	-0.076585832
0.833000000	-0.006832063	0.623935710	0.403115747	-0.007983412	-1.027065561	-3.137462515	0.126698733	0.142251136	-0.120683963	0.148152613	-0.021043196	-0.076791478
0.834000000	-0.006705196	0.624077855	0.402995141	-0.007835065	-1.027086579	-3.137539405	0.127051512	0.142011532	-0.120508318	0.148560756	-0.020987575	-0.076996787
0.835000000	-0.006577974	0.624219755	0.402874714	-0.007686307	-1.027107541	-3.137616501	0.127403716	0.141769679	-0.120330774	0.148968227	-0.020931687	-0.077201746
0.836000000	-0.006450385	0.624361389	0.402754484	-0.007537125	-1.027128442	-3.137693810	0.127755299	0.141525544	-0.120151298	0.149374971	-0.020875534	-0.077406329
0.837000000	-0.006322447	0.624502780	0.402634432	-0.007387538	-1.027149287	-3.137771323	0.128106297	0.141279175	-0.119969933	0.149781033	-0.020819117	-0.077610559
0.838000000	-0.006194159	0.624643926	0.402514561	-0.007237547	-1.027170076	-3.137849039	0.128456702	0.141030572	-0.119786681	0.150186400	-0.020762436	-0.077814429
0.839000000	-0.006065523	0.624784824	0.402394872	-0.007087153	-1.027190808	-3.137926958	0.128806504	0.140779740	-0.119601544	0.150591062	-0.020705494	-0.078017935
0.840000000	-0.005936538	0.624925472	0.402275367	-0.006936356	-1.027211484	-3.138005079	0.129155692	0.140526679	-0.119414521	0.150995008	-0.020648290	-0.078221071
0.841000000	-0.005807206	0.625065869	0.402156049	-0.006785157	-1.027232103	-3.138083403	0.129504258	0.140271392	-0.119225614	0.151398227	-0.020590827	-0.078423831
0.842000000	-0.005677528	0.625206011	0.402036919	-0.006633557	-1.027252665	-3.138161928	0.129852192	0.140013882	-0.119034824	0.151800708	-0.020533105	-0.078626210
0.843000000	-0.005547502	0.625345896	0.401917980	-0.006481556	-1.027273169	-3.138240655	0.130199484	0.139754150	-0.118842152	0.152202439	-0.020475126	-0.078828204
0.844000000	-0.005417131	0.625485523	0.401799232	-0.006329155	-1.027293616	-3.138319583	0.130546125	0.139492200	-0.118647600	0.152603411	-0.020416891	-0.079029806
0.845000000	-0.005286415	0.625624888	0.401680679	-0.006176354	-1.027314005	-3.138398712	0.130892105	0.139228034	-0.118451169	0.153003611	-0.020358402	-0.079231011
0.846000000	-0.005155354	0.625763990	0.401562321	-0.006023156	-1.027334335	-3.138478041	0.131237414	0.138961656	-0.118252861	0.153403029	-0.020299659	-0.079431815
0.847000000	-0.005023949	0.625902826	0.401444162	-0.005869559	-1.027354607	-3.138557570	0.131582043	0.138693067	-0.118052677	0.153801654	-0.020240665	-0.079632211
0.848000000	-0.004892201	0.626041394	0.401326202	-0.005715565	-1.027374820	-3.138637299	0.131925982	0.138422270	-0.117850619	0.154199474	-0.020181420	-0.079832194
0.849000000	-0.004760110	0.626179692	0.401208444	-0.005561175	-1.027394974	-3.138717227	0.132269221	0.138149269	-0.117646688	0.154596480	-0.020121925	-0.080031759
0.850000000	-0.004627673	0.626317709	0.401090896	-0.005406384	-1.027415067	-3.138797357	0.132611736	0.137874054	-0.117440873	0.154992642	-0.020062183	-0.080230893
0.851000000	-0.004494883	0.626455432	0.400973568	-0.005251185	-1.027435097	-3.138877691	0.132953499	0.137596610	-0.117233161	0.155387928	-0.020002196	-0.080429578
0.852000000	-0.004361752	0.626592879	0.400856448	-0.005095592	-1.027455067	-3.138958224	0.133294534	0.137316971	-0.117023582	0.155782366	-0.019941964	-0.080627830
0.853000000	-0.004228282	0.626730047	0.400739536	-0.004939607	-1.027474977	-3.139038953	0.133634831	0.137035142	-0.116812138	0.156175946	-0.019881487	-0.080825643
0.854000000	-0.004094473	0.626866933	0.400622836	-0.004783230	-1.027494827	-3.139119880	0.133974381	0.136751125	-0.116598832	0.156568656	-0.019820768	-0.081023011
0.855000000	-0.003960326	0.627003536	0.400506349	-0.004626461	-1.027514616	-3.139201004	0.134313174	0.136464924	-0.116383665	0.156960484	-0.019759808	-0.081219929
0.856000000	-0.003825841	0.627139853	0.400390076	-0.004469302	-1.027534344	-3.139282323	0.134651200	0.136176542	-0.116166640	0.157351421	-0.019698608	-0.081416392
0.857000000	-0.003691020	0.627275882	0.400274021	-0.004311754	-1.027554012	-3.139363839	0.134988450	0.135885983	-0.115947759	0.157741455	-0.019637169	-0.081612395
0.858000000	-0.003555862	0.627411621	0.400158184	-0.004153817	-1.027573618	-3.139445549	0.135324914	0.135593251	-0.115727025	0.158130575	-0.019575493	-0.081807932
0.859000000	-0.003420369	0.627547067	0.400042568	-0.003995492	-1.027593162	-3.139527455	0.135660582	0.135298349	-0.115504439	0.158518770	-0.019513581	-0.082002997
0.860000000	-0.003284542	0.627682219	0.399927174	-0.003836781	-1.027612645	-3.139609555	0.135995446	0.135001282	-0.115280004	0.158906029	-0.019451435	-0.082197587
0.861000000	-0.003148381	0.627817074	0.399812005	-0.003677683	-1.027632066	-3.139691848	0.136329494	0.134702053	-0.115053722	0.159292340	-0.019389056	-0.082391694
0.862000000	-0.003011887	0.627951630	0.399697062	-0.003518201	-1.027651425	-3.139774336	0.136662718	0.134400666	-0.114825597	0.159677695	-0.019326445	-0.082585314
0.863000000	-0.002875061	0.628085884	0.399582347	-0.003358334	-1.027670721	-3.139857016	0.136995109	0.134097125	-0.114595631	0.160062080	-0.019263604	-0.082778442
0.864000000	-0.002737904	0.628219835	0.399467862	-0.003198084	-1.027689954	-3.139939889	0.137326655	0.133791435	-0.114363826	0.160445485	-0.019200534	-0.082971072
0.865000000	-0.002600415	0.628353480	0.399353609	-0.003037452	-1.027709124	-3.140022954	0.137657348	0.133483600	-0.114130185	0.160827898	-0.019137237	-0.083163199
0.866000000	-0.002462598	0.628486818	0.399239589	-0.002876439	-1.027728231	-3.140106210	0.137987178	0.133173624	-0.113894712	0.161209311	-0.019073713	-0.083354818
0.867000000	-0.002324451	0.628619845	0.399125806	-0.002715045	-1.027747275	-3.140189658	0.138316136	0.132861511	-0.113657409	0.161589710	-0.019009965	-0.083545923
0.868000000	-0.002185977	0.628752560	0.399012259	-0.002553272	-1.027766255	-3.140273296	0.138644212	0.132547267	-0.113418279	0.161969085	-0.018945994	-0.083736508
0.869000000	-0.002047163	0.628884939	0.398898969	-0.002391107	-1.027785167	-3.140357130	0.138971358	0.132230863	-0.113177294	0.162347381	-0.018881803	-0.083926548
0.870000000	-0.001908023	0.629017002	0.398785920	-0.002228565	-1.027804015	-3.140441155	0.139297602	0.131912337	-0.112934488	0.162724631	-0.018817392	-0.084116058
0.871000000	-0.001768558	0.629148746	0.398673114	-0.002065647	-1.027822798	-3.140525368	0.139622936	0.131591693	-0.112689866	0.163100825	-0.018752762	-0.084305034
0.872000000	-0.001628769	0.629280170	0.398560553	-0.001902354	-1.027841517	-3.140609769	0.139947349	0.131268937	-0.112443430	0.163475951	-0.018687914	-0.084493469
0.873000000	-0.001488657	0.629411271	0.398448238	-0.001738687	-1.027860172	-3.140694359	0.140270833	0.130944074	-0.112195184	0.163849999	-0.018622850	-0.084681360
0.874000000	-0.001348222	0.629542047	0.398336171	-0.001574647	-1.027878761	-3.140779136	0.140593378	0.130617108	-0.111945131	0.164222959	-0.018557572	-0.084868700
0.875000000	-0.001207465	0.629672495	0.398224355	-0.001410236	-1.027897285	-3.140864099	0.140914975	0.130288045	-0.111693276	0.164594818	-0.018492081	-0.085055484
0.876000000	-0.001066388	0.629802615	0.398112791	-0.001245453	-1.027915744	-3.140949249	0.141235613	0.129956890	-0.111439620	0.164965566	-0.018426378	-0.085241707
0.877000000	-0.000924991	0.629932403	0.398001480	-0.001080301	-1.027934137	-3.141034584	0.141555283	0.129623647	-0.111184168	0.165335192	-0.018360465	-0.085427363
0.878000000	-0.000783275	0.630061858	0.397890426	-0.000914781	-1.027952464	-3.141120105	0.141873976	0.129288324	-0.110926925	0.165703686	-0.018294344	-0.085612448
0.879000000	-0.000641242	0.630190977	0.397779629	-0.000748893	-1.027970725	-3.141205810	0.142191682	0.128950923	-0.110667892	0.166071036	-0.018228015	-0.085796957
0.880000000	-0.000498892	0.630319759	0.397669091	-0.000582638	-1.027988920	-3.141291699	0.142508392	0.128611453	-0.110407075	0.166437232	-0.018161481	-0.085980883
0.881000000	-0.000356226	0.630448201	0.397558814	-0.000416019	-1.028007048	-3.141377771	0.142824096	0.128269917	-0.110144478	0.166802262	-0.018094742	-0.086164222
0.882000000	-0.000213245	0.630576301	0.397448800	-0.000249035	-1.028025110	-3.141464026	0.143138785	0.127926322	-0.109880104	0.167166116	-0.018027801	-0.086346968
0.883000000	-0.000069950	0.630704057	0.397339051	-0.000081689	-1.028043104	-3.141550464	0.143452449	0.127580673	-0.109613957	0.167528783	-0.017960658	-0.086529117
0.884000000	0.000073657	0.630831467	0.397229569	0.000086019	-1.028061032	-3.141637083	0.143765079	0.127232976	-0.109346042	0.167890252	-0.017893316	-0.086710662
0.885000000	0.000217577	0.630958529	0.397120354	0.000254088	-1.028078892	-3.141723883	0.144076665	0.126883237	-0.109076363	0.168250513	-0.017825775	-0.086891599
0.886000000	0.000361807	0.631085240	0.397011410	0.000422516	-1.028096685	-3.141810864	0.144387198	0.126531462	-0.108804923	0.168609554	-0.017758038	-0.087071923
0.887000000	0.000506346	0.631211600	0.396902738	0.000591302	-1.028114410	-3.141898024	0.144696669	0.126177658	-0.108531729	0.168967365	-0.017690106	-0.087251628
0.888000000	0.000651195	0.631337605	0.396794340	0.000760445	-1.028132067	-3.141985364	0.145005067	0.125821830	-0.108256783	0.169323935	-0.017621980	-0.087430710
0.889000000	0.000796351	0.631463254	0.396686216	0.000929943	-1.028149655	-3.142072883	0.145312385	0.125463984	-0.107980091	0.169679254	-0.017553661	-0.087609162
0.890000000	0.000941814	0.631588544	0.396578370	0.001099796	-1.028167176	-3.142160579	0.145618611	0.125104127	-0.107701656	0.170033310	-0.017485152	-0.087786980
0.891000000	0.001087582	0.631713474	0.396470803	0.001270003	-1.028184628	-3.142248453	0.145923737	0.124742265	-0.107421485	0.170386093	-0.017416454	-0.087964159
0.892000000	0.001233654	0.631838042	0.396363517	0.001440561	-1.028202011	-3.142336504	0.146227754	0.124378405	-0.107139581	0.170737592	-0.017347569	-0.088140693
0.893000000	0.001380030	0.631962245	0.396256513	0.001611469	-1.028219326	-3.142424730	0.146530652	0.124012554	-0.106855949	0.171087796	-0.017278497	-0.088316577
0.894000000	0.001526715	0.632086068	0.396149805	0.001782735	-1.028236568	-3.142513136	0.146832397	0.123644699	-0.106570576	0.171436667	-0.017209243	-0.088491793
0.895000000	0.001673701	0.632209521	0.396043383	0.001954350	-1.028253742	-3.142601717	0.147133002	0.123274864	-0.106283484	0.171784220	-0.017139805	-0.088666347
0.896000000	0.001820987	0.632332604	0.395937248	0.002126311	-1.028270846	-3.142690472	0.147432461	0.122903058	-0.105994680	0.172130447	-0.017070186	-0.088840237
0.897000000	0.001968572	0.632455315	0.395831403	0.002298617	-1.028287880	-3.142779401	0.147730765	0.122529288	-0.105704168	0.172475337	-0.017000387	-0.089013457
0.898000000	0.002116454	0.632577652	0.395725849	0.002471267	-1.028304844	-3.142868502	0.148027903	0.122153561	-0.105411954	0.172818880	-0.016930409	-0.089186001
0.899000000	0.002264632	0.632699612	0.395620587	0.002644260	-1.028321739	-3.142957776	0.148323867	0.121775884	-0.105118044	0.173161065	-0.016860255	-0.089357865
0.900000000	0.002413106	0.632821194	0.395515620	0.002817594	-1.028338563	-3.143047220	0.148618648	0.121396264	-0.104822441	0.173501883	-0.016789926	-0.089529044
0.901000000	0.002561873	0.632942396	0.395410949	0.002991268	-1.028355317	-3.143136836	0.148912236	0.121014708	-0.104525153	0.173841321	-0.016719423	-0.089699532
0.902000000	0.002710933	0.633063216	0.395306575	0.003165280	-1.028372001	-3.143226621	0.149204622	0.120631224	-0.104226184	0.174179369	-0.016648748	-0.089869325
0.903000000	0.002860285	0.633183652	0.395202502	0.003339630	-1.028388614	-3.143316576	0.149495797	0.120245819	-0.103925539	0.174516018	-0.016577903	-0.090038417
0.904000000	0.003009927	0.633303702	0.395098729	0.003514315	-1.028405156	-3.143406699	0.149785753	0.119858501	-0.103623225	0.174851257	-0.016506888	-0.090206804
0.905000000	0.003159858	0.633423364	0.394995259	0.003689335	-1.028421626	-3.143496991	0.150074478	0.119469276	-0.103319247	0.175185075	-0.016435707	-0.090374480
0.906000000	0.003310078	0.633542636	0.394892094	0.003864687	-1.028438026	-3.143587449	0.150361966	0.119078153	-0.103013610	0.175517461	-0.016364359	-0.090541440
0.907000000	0.003460584	0.633661517	0.394789235	0.004040371	-1.028454355	-3.143678074	0.150648206	0.118685140	-0.102706322	0.175848406	-0.016292847	-0.090707679
0.908000000	0.003611375	0.633780004	0.394686683	0.004216385	-1.028470611	-3.143768865	0.150933189	0.118290243	-0.102397387	0.176177899	-0.016221173	-0.090873193
0.909000000	0.003762451	0.633898095	0.394584442	0.004392728	-1.028486797	-3.143859821	0.151216906	0.117893472	-0.102086811	0.176505930	-0.016149337	-0.091037975
0.910000000	0.003913809	0.634015789	0.394482511	0.004569398	-1.028502910	-3.143950941	0.151499349	0.117494834	-0.101774601	0.176832488	-0.016077343	-0.091202022
0.911000000	0.004065450	0.634133084	0.394380894	0.004746393	-1.028518951	-3.144042225	0.151780508	0.117094336	-0.101460763	0.177157563	-0.016005190	-0.091365328
0.912000000	0.004217370	0.634249977	0.394279590	0.004923713	-1.028534920	-3.144133672	0.152060374	0.116691988	-0.101145302	0.177481144	-0.015932881	-0.091527889
0.913000000	0.004369570	0.634366468	0.394178603	0.005101355	-1.028550817	-3.144225281	0.152338939	0.116287797	-0.100828225	0.177803223	-0.015860417	-0.091689698
0.914000000	0.004522048	0.634482553	0.394077934	0.005279319	-1.028566641	-3.144317051	0.152616193	0.115881772	-0.100509539	0.178123787	-0.015787801	-0.091850752
0.915000000	0.004674802	0.634598232	0.393977583	0.005457602	-1.028582393	-3.144408982	0.152892127	0.115473920	-0.100189249	0.178442827	-0.015715033	-0.092011046
0.916000000	0.004827831	0.634713502	0.393877554	0.005636203	-1.028598071	-3.144501073	0.153166733	0.115064252	-0.099867363	0.178760334	-0.015642115	-0.092170574
0.917000000	0.004981134	0.634828362	0.393777847	0.005815121	-1.028613677	-3.144593323	0.153440001	0.114652773	-0.099543886	0.179076296	-0.015569049	-0.092329331
0.918000000	0.005134710	0.634942809	0.393678465	0.005994355	-1.028629210	-3.144685731	0.153711923	0.114239495	-0.099218826	0.179390703	-0.015495836	-0.092487313
0.919000000	0.005288557	0.635056843	0.393579408	0.006173901	-1.028644669	-3.144778296	0.153982490	0.113824424	-0.098892189	0.179703546	-0.015422478	-0.092644515
0.920000000	0.005442674	0.635170461	0.393480679	0.006353760	-1.028660055	-3.144871019	0.154251694	0.113407571	-0.098563982	0.180014814	-0.015348977	-0.092800932
0.921000000	0.005597059	0.635283661	0.393382278	0.006533929	-1.028675367	-3.144963897	0.154519524	0.112988944	-0.098234211	0.180324498	-0.015275334	-0.092956559
0.922000000	0.005751711	0.635396442	0.393284208	0.006714407	-1.028690606	-3.145056931	0.154785973	0.112568551	-0.097902884	0.180632587	-0.015201551	-0.093111391
0.923000000	0.005906629	0.635508801	0.393186470	0.006895192	-1.028705771	-3.145150119	0.155051032	0.112146401	-0.097570008	0.180939071	-0.015127629	-0.093265424
0.924000000	0.006061811	0.635620738	0.393089065	0.007076283	-1.028720862	-3.145243461	0.155314692	0.111722505	-0.097235589	0.181243941	-0.015053571	-0.093418652
0.925000000	0.006217257	0.635732250	0.392991995	0.007257678	-1.028735879	-3.145336955	0.155576945	0.111296871	-0.096899634	0.181547186	-0.014979377	-0.093571071
0.926000000	0.006372963	0.635843336	0.392895263	0.007439375	-1.028750822	-3.145430602	0.155837781	0.110869507	-0.096562151	0.181848796	-0.014905050	-0.093722675
0.927000000	0.006528930	0.635953993	0.392798868	0.007621373	-1.028765690	-3.145524400	0.156097192	0.110440425	-0.096223148	0.182148763	-0.014830590	-0.093873461
0.928000000	0.006685156	0.636064221	0.392702813	0.007803671	-1.028780483	-3.145618348	0.156355170	0.110009632	-0.095882631	0.182447075	-0.014756001	-0.094023424
0.929000000	0.006841638	0.636174016	0.392607099	0.007986265	-1.028795202	-3.145712445	0.156611706	0.109577138	-0.095540607	0.182743723	-0.014681282	-0.094172558
0.930000000	0.006998377	0.636283379	0.392511728	0.008169156	-1.028809847	-3.145806692	0.156866792	0.109142953	-0.095197085	0.183038698	-0.014606437	-0.094320859
0.931000000	0.007155370	0.636392307	0.392416702	0.008352340	-1.028824416	-3.145901086	0.157120419	0.108707087	-0.094852072	0.183331989	-0.014531466	-0.094468322
0.932000000	0.007312616	0.636500798	0.392322021	0.008535817	-1.028838910	-3.145995627	0.157372577	0.108269549	-0.094505575	0.183623587	-0.014456371	-0.094614943
0.933000000	0.007470113	0.636608851	0.392227687	0.008719585	-1.028853330	-3.146090314	0.157623260	0.107830349	-0.094157602	0.183913482	-0.014381154	-0.094760717
0.934000000	0.007627860	0.636716463	0.392133702	0.008903642	-1.028867673	-3.146185147	0.157872459	0.107389497	-0.093808161	0.184201665	-0.014305816	-0.094905638
0.935000000	0.007785856	0.636823634	0.392040067	0.009087986	-1.028881942	-3.146280124	0.158120165	0.106947003	-0.093457260	0.184488125	-0.014230360	-0.095049704
0.936000000	0.007944098	0.636930362	0.391946783	0.009272615	-1.028896135	-3.146375245	0.158366369	0.106502876	-0.093104905	0.184772854	-0.014154786	-0.095192908
0.937000000	0.008102586	0.637036645	0.391853853	0.009457529	-1.028910252	-3.146470509	0.158611064	0.106057127	-0.092751107	0.185055842	-0.014079097	-0.095335246
0.938000000	0.008261318	0.637142481	0.391761278	0.009642724	-1.028924294	-3.146565915	0.158854242	0.105609767	-0.092395872	0.185337079	-0.014003293	-0.095476714
0.939000000	0.008420293	0.637247869	0.391669058	0.009828200	-1.028938260	-3.146661461	0.159095893	0.105160804	-0.092039208	0.185616556	-0.013927378	-0.095617307
0.940000000	0.008579508	0.637352807	0.391577195	0.010013955	-1.028952150	-3.146757148	0.159336010	0.104710251	-0.091681124	0.185894263	-0.013851352	-0.095757021
0.941000000	0.008738962	0.637457294	0.391485692	0.010199987	-1.028965963	-3.146852974	0.159574584	0.104258116	-0.091321628	0.186170191	-0.013775216	-0.095895851
0.942000000	0.008898655	0.637561328	0.391394548	0.010386293	-1.028979701	-3.146948938	0.159811608	0.103804411	-0.090960728	0.186444331	-0.013698974	-0.096033792
0.943000000	0.009058584	0.637664907	0.391303767	0.010572873	-1.028993362	-3.147045040	0.160047073	0.103349146	-0.090598433	0.186716674	-0.013622626	-0.096170839
0.944000000	0.009218748	0.637768028	0.391213350	0.010759725	-1.029006946	-3.147141280	0.160280966	0.102892328	-0.090234747	0.186987203	-0.013546174	-0.096306986
0.945000000	0.009379146	0.637870689	0.391123300	0.010946848	-1.029020454	-3.147237655	0.160513281	0.102433970	-0.089869681	0.187255913	-0.013469620	-0.096442230
0.946000000	0.009539776	0.637972891	0.391033615	0.011134239	-1.029033885	-3.147334165	0.160744013	0.101974084	-0.089503246	0.187522798	-0.013392965	-0.096576567
0.947000000	0.009700636	0.638074632	0.390944297	0.011321895	-1.029047239	-3.147430809	0.160973154	0.101512681	-0.089135449	0.187787849	-0.013316212	-0.096709993
0.948000000	0.009861724	0.638175912	0.390855347	0.011509816	-1.029060516	-3.147527586	0.161200696	0.101049773	-0.088766300	0.188051056	-0.013239361	-0.096842503
0.949000000	0.010023038	0.638276728	0.390766768	0.011697999	-1.029073717	-3.147624494	0.161426632	0.100585369	-0.088395807	0.188312411	-0.013162414	-0.096974094
0.950000000	0.010184578	0.638377079	0.390678559	0.011886442	-1.029086841	-3.147721534	0.161650953	0.100119481	-0.088023979	0.188571904	-0.013085373	-0.097104761
0.951000000	0.010346341	0.638476963	0.390590723	0.012075144	-1.029099887	-3.147818705	0.161873652	0.099652121	-0.087650826	0.188829527	-0.013008240	-0.097234499
0.952000000	0.010508326	0.638576379	0.390503260	0.012264102	-1.029112857	-3.147916004	0.162094720	0.099183299	-0.087276355	0.189085271	-0.012931016	-0.097363304
0.953000000	0.010670531	0.638675326	0.390416173	0.012453315	-1.029125749	-3.148013432	0.162314151	0.098713027	-0.086900577	0.189339126	-0.012853703	-0.097491172
0.954000000	0.010832955	0.638773802	0.390329462	0.012642781	-1.029138563	-3.148110987	0.162531936	0.098241316	-0.086523499	0.189591084	-0.012776303	-0.097618099
0.955000000	0.010995596	0.638871806	0.390243128	0.012832498	-1.029151301	-3.148208668	0.162748067	0.097768177	-0.086145132	0.189841136	-0.012698817	-0.097744079
0.956000000	0.011158452	0.638969336	0.390157174	0.013022464	-1.029163961	-3.148306475	0.162962537	0.097293622	-0.085765484	0.190089272	-0.012621247	-0.097869109
0.957000000	0.011321522	0.639066390	0.390071599	0.013212677	-1.029176543	-3.148404407	0.163175338	0.096817663	-0.085384565	0.190335486	-0.012543595	-0.097993185
0.958000000	0.011484803	0.639162968	0.389986407	0.013403136	-1.029189047	-3.148502462	0.163386463	0.096340311	-0.085002384	0.190579767	-0.012465862	-0.098116302
0.959000000	0.011648295	0.639259069	0.389901597	0.013593838	-1.029201474	-3.148600640	0.163595903	0.095861578	-0.084618951	0.190822106	-0.012388050	-0.098238457
0.960000000	0.011811995	0.639354689	0.389817171	0.013784781	-1.029213823	-3.148698939	0.163803653	0.095381476	-0.084234275	0.191062497	-0.012310161	-0.098359644
0.961000000	0.011975903	0.639449829	0.389733130	0.013975963	-1.029226094	-3.148797359	0.164009703	0.094900016	-0.083848365	0.191300928	-0.012232196	-0.098479859
0.962000000	0.012140015	0.639544487	0.389649476	0.014167383	-1.029238287	-3.148895899	0.164214046	0.094417210	-0.083461232	0.191537394	-0.012154158	-0.098599100
0.963000000	0.012304331	0.639638662	0.389566209	0.014359038	-1.029250402	-3.148994558	0.164416676	0.093933071	-0.083072884	0.191771884	-0.012076047	-0.098717360
0.964000000	0.012468849	0.639732351	0.389483332	0.014550927	-1.029262439	-3.149093334	0.164617585	0.093447611	-0.082683332	0.192004390	-0.011997865	-0.098834637
0.965000000	0.012633567	0.639825555	0.389400844	0.014743047	-1.029274398	-3.149192227	0.164816765	0.092960841	-0.082292586	0.192234904	-0.011919615	-0.098950926
0.966000000	0.012798483	0.639918271	0.389318748	0.014935397	-1.029286278	-3.149291236	0.165014209	0.092472774	-0.081900655	0.192463417	-0.011841297	-0.099066223
0.967000000	0.012963595	0.640010499	0.389237044	0.015127974	-1.029298080	-3.149390359	0.165209910	0.091983422	-0.081507549	0.192689922	-0.011762914	-0.099180524
0.968000000	0.013128903	0.640102237	0.389155734	0.015320777	-1.029309803	-3.149489597	0.165403861	0.091492797	-0.081113278	0.192914410	-0.011684467	-0.099293825
0.969000000	0.013294403	0.640193483	0.389074819	0.015513803	-1.029321449	-3.149588947	0.165596054	0.091000912	-0.080717852	0.193136872	-0.011605958	-0.099406122
0.970000000	0.013460095	0.640284237	0.388994299	0.015707051	-1.029333015	-3.149688409	0.165786483	0.090507780	-0.080321282	0.193357301	-0.011527388	-0.099517410
0.971000000	0.013625976	0.640374497	0.388914177	0.015900518	-1.029344503	-3.149787982	0.165975140	0.090013412	-0.079923578	0.193575689	-0.011448759	-0.099627687
0.972000000	0.013792045	0.640464263	0.388834453	0.016094202	-1.029355912	-3.149887665	0.166162019	0.089517822	-0.079524749	0.193792027	-0.011370074	-0.099736948
0.973000000	0.013958300	0.640553532	0.388755129	0.016288102	-1.029367243	-3.149987456	0.166347111	0.089021022	-0.079124806	0.194006307	-0.011291333	-0.099845188
0.974000000	0.014124739	0.640642304	0.388676205	0.016482215	-1.029378495	-3.150087355	0.166530411	0.088523025	-0.078723760	0.194218521	-0.011212538	-0.099952405
0.975000000	0.014291361	0.640730577	0.388597682	0.016676539	-1.029389668	-3.150187361	0.166711912	0.088023843	-0.078321620	0.194428662	-0.011133691	-0.100058594
0.976000000	0.014458163	0.640818350	0.388519562	0.016871072	-1.029400762	-3.150287472	0.166891606	0.087523490	-0.077918398	0.194636722	-0.011054793	-0.100163751
0.977000000	0.014625144	0.640905623	0.388441846	0.017065812	-1.029411777	-3.150387688	0.167069487	0.087021978	-0.077514104	0.194842692	-0.010975847	-0.100267873
0.978000000	0.014792302	0.640992393	0.388364535	0.017260757	-1.029422714	-3.150488008	0.167245549	0.086519321	-0.077108749	0.195046566	-0.010896854	-0.100370956
0.979000000	0.014959635	0.641078661	0.388287629	0.017455905	-1.029433571	-3.150588430	0.167419783	0.086015532	-0.076702342	0.195248334	-0.010817816	-0.100472996
0.980000000	0.015127141	0.641164424	0.388211131	0.017651254	-1.029444349	-3.150688954	0.167592184	0.085510623	-0.076294895	0.195447990	-0.010738734	-0.100573988
0.981000000	0.015294819	0.641249681	0.388135040	0.017846801	-1.029455048	-3.150789578	0.167762745	0.085004607	-0.075886419	0.195645526	-0.010659610	-0.100673930
0.982000000	0.015462667	0.641334432	0.388059358	0.018042545	-1.029465668	-3.150890301	0.167931459	0.084497500	-0.075476925	0.195840934	-0.010580446	-0.100772818
0.983000000	0.015630682	0.641418675	0.387984087	0.018238483	-1.029476209	-3.150991123	0.168098320	0.083989312	-0.075066423	0.196034208	-0.010501244	-0.100870648
0.984000000	0.015798863	0.641502410	0.387909226	0.018434613	-1.029486671	-3.151092043	0.168263322	0.083480058	-0.074654924	0.196225338	-0.010422004	-0.100967416
0.985000000	0.015967208	0.641585635	0.387834777	0.018630933	-1.029497053	-3.151193058	0.168426458	0.082969752	-0.074242440	0.196414319	-0.010342729	-0.101063118
0.986000000	0.016135716	0.641668349	0.387760742	0.018827441	-1.029507356	-3.151294169	0.168587721	0.082458406	-0.073828981	0.196601142	-0.010263421	-0.101157752
0.987000000	0.016304384	0.641750551	0.387687120	0.019024135	-1.029517580	-3.151395373	0.168747105	0.081946034	-0.073414559	0.196785801	-0.010184081	-0.101251313
0.988000000	0.016473210	0.641832241	0.387613913	0.019221013	-1.029527724	-3.151496671	0.168904604	0.081432651	-0.072999184	0.196968287	-0.010104711	-0.101343798
0.989000000	0.016642193	0.641913416	0.387541122	0.019418071	-1.029537789	-3.151598061	0.169060212	0.080918269	-0.072582869	0.197148594	-0.010025312	-0.101435203
0.990000000	0.016811330	0.641994077	0.387468747	0.019615309	-1.029547775	-3.151699541	0.169213922	0.080402902	-0.072165623	0.197326715	-0.009945887	-0.101525524
0.991000000	0.016980620	0.642074222	0.387396791	0.019812724	-1.029557681	-3.151801112	0.169365728	0.079886565	-0.071747459	0.197502643	-0.009866436	-0.101614759
0.992000000	0.017150061	0.642153850	0.387325253	0.020010314	-1.029567508	-3.151902771	0.169515625	0.079369270	-0.071328388	0.197676371	-0.009786962	-0.101702904
0.993000000	0.017319651	0.642232960	0.387254134	0.020208077	-1.029577255	-3.152004517	0.169663605	0.078851033	-0.070908422	0.197847890	-0.009707467	-0.101789955
0.994000000	0.017489388	0.642311551	0.387183436	0.020406010	-1.029586923	-3.152106351	0.169809664	0.078331867	-0.070487572	0.198017196	-0.009627951	-0.101875908
0.995000000	0.017659270	0.642389623	0.387113160	0.020604111	-1.029596511	-3.152208269	0.169953794	0.077811785	-0.070065849	0.198184280	-0.009548418	-0.101960762
0.996000000	0.017829295	0.642467174	0.387043305	0.020802378	-1.029606019	-3.152310272	0.170095991	0.077290803	-0.069643265	0.198349136	-0.009468867	-0.102044511
0.997000000	0.017999462	0.642544204	0.386973873	0.021000809	-1.029615448	-3.152412358	0.170236248	0.076768934	-0.069219832	0.198511758	-0.009389302	-0.102127152
0.998000000	0.018169768	0.642620712	0.386904866	0.021199401	-1.029624798	-3.152514526	0.170374560	0.076246192	-0.068795562	0.198672137	-0.009309724	-0.102208683
0.999000000	0.018340211	0.642696697	0.386836282	0.021398153	-1.029634068	-3.152616775	0.170510920	0.075722592	-0.068370466	0.198830269	-0.009230134	-0.102289101
1.000000000	0.018510789	0.642772157	0.386768125	0.021597061	-1.029643258	-3.152719104	0.170645323	0.075198148	-0.067944556	0.198986146	-0.009150534	-0.102368400
1.001000000	0.018681501	0.642847093	0.386700393	0.021796125	-1.029652369	-3.152821512	0.170778276	0.074673099	-0.067518046	0.199140360	-0.009070953	-0.102446887
1.002000000	0.018852346	0.642921503	0.386633089	0.021995342	-1.029661400	-3.152923998	0.170910291	0.074147673	-0.067091145	0.199293506	-0.008991419	-0.102524868
1.003000000	0.019023322	0.642995388	0.386566211	0.022194712	-1.029670352	-3.153026562	0.171041365	0.073621875	-0.066663855	0.199445584	-0.008911931	-0.102602342
1.004000000	0.019194428	0.643068747	0.386499761	0.022394233	-1.029679224	-3.153129203	0.171171500	0.073095706	-0.066236177	0.199596593	-0.008832489	-0.102679309
1.005000000	0.019365665	0.643141579	0.386433739	0.022593905	-1.029688017	-3.153231920	0.171300694	0.072569171	-0.065808116	0.199746534	-0.008753094	-0.102755770
1.006000000	0.019537030	0.643213885	0.386368145	0.022793726	-1.029696730	-3.153334714	0.171428948	0.072042270	-0.065379672	0.199895405	-0.008673746	-0.102831723
1.007000000	0.019708523	0.643285664	0.386302980	0.022993696	-1.029705364	-3.153437584	0.171556261	0.071515007	-0.064950849	0.200043206	-0.008594443	-0.102907170
1.008000000	0.019880142	0.643356915	0.386238244	0.023193813	-1.029713919	-3.153540528	0.171682632	0.070987385	-0.064521649	0.200189938	-0.008515186	-0.102982109
1.009000000	0.020051888	0.643427638	0.386173937	0.023394076	-1.029722394	-3.153643548	0.171808062	0.070459405	-0.064092075	0.200335599	-0.008435975	-0.103056541
1.010000000	0.020223759	0.643497833	0.386110059	0.023594484	-1.029730791	-3.153746642	0.171932549	0.069931073	-0.063662129	0.200480189	-0.008356809	-0.103130466
1.011000000	0.020395753	0.643567500	0.386046612	0.023795036	-1.029739108	-3.153849809	0.172056094	0.069402389	-0.063231814	0.200623708	-0.008277689	-0.103203883
1.012000000	0.020567871	0.643636638	0.385983596	0.023995732	-1.029747346	-3.153953049	0.172178696	0.068873357	-0.062801132	0.200766156	-0.008198615	-0.103276793
1.013000000	0.020740111	0.643705247	0.385921010	0.024196569	-1.029755505	-3.154056362	0.172300355	0.068343979	-0.062370086	0.200907531	-0.008119586	-0.103349195
1.014000000	0.020912471	0.643773326	0.385858856	0.024397547	-1.029763585	-3.154159748	0.172421070	0.067814257	-0.061938678	0.201047835	-0.008040601	-0.103421089
1.015000000	0.021084953	0.643840875	0.385797133	0.024598664	-1.029771586	-3.154263205	0.172540842	0.067284196	-0.061506911	0.201187066	-0.007961662	-0.103492475
1.016000000	0.021257553	0.643907894	0.385735842	0.024799921	-1.029779509	-3.154366733	0.172659669	0.066753797	-0.061074787	0.201325223	-0.007882768	-0.103563354
1.017000000	0.021430272	0.643974383	0.385674984	0.025001315	-1.029787352	-3.154470331	0.172777552	0.066223063	-0.060642309	0.201462308	-0.007803918	-0.103633724
1.018000000	0.021603108	0.644040340	0.385614558	0.025202846	-1.029795116	-3.154574000	0.172894490	0.065691997	-0.060209479	0.201598319	-0.007725113	-0.103703585
1.019000000	0.021776061	0.644105767	0.385554565	0.025404512	-1.029802802	-3.154677739	0.173010482	0.065160602	-0.059776300	0.201733256	-0.007646353	-0.103772939
1.020000000	0.021949129	0.644170661	0.385495005	0.025606312	-1.029810409	-3.154781546	0.173125530	0.064628880	-0.059342774	0.201867118	-0.007567637	-0.103841783
1.021000000	0.022122312	0.644235024	0.385435879	0.025808246	-1.029817937	-3.154885422	0.173239631	0.064096834	-0.058908904	0.201999906	-0.007488964	-0.103910120
1.022000000	0.022295609	0.644298855	0.385377187	0.026010312	-1.029825387	-3.154989366	0.173352786	0.063564467	-0.058474693	0.202131619	-0.007410336	-0.103977947
1.023000000	0.022469018	0.644362153	0.385318930	0.026212509	-1.029832758	-3.155093378	0.173464995	0.063031782	-0.058040143	0.202262257	-0.007331752	-0.104045266
1.024000000	0.022642539	0.644424918	0.385261107	0.026414836	-1.029840051	-3.155197457	0.173576256	0.062498780	-0.057605256	0.202391819	-0.007253211	-0.104112076
1.025000000	0.022816170	0.644487150	0.385203720	0.026617293	-1.029847264	-3.155301602	0.173686571	0.061965466	-0.057170035	0.202520304	-0.007174714	-0.104178376
1.026000000	0.022989912	0.644548849	0.385146767	0.026819877	-1.029854400	-3.155405814	0.173795938	0.061431841	-0.056734483	0.202647714	-0.007096260	-0.104244168
1.027000000	0.023163762	0.644610014	0.385090251	0.027022588	-1.029861457	-3.155510091	0.173904358	0.060897909	-0.056298601	0.202774047	-0.007017850	-0.104309450
1.028000000	0.023337721	0.644670645	0.385034170	0.027225425	-1.029868436	-3.155614433	0.174011829	0.060363672	-0.055862394	0.202899303	-0.006939482	-0.104374223
1.029000000	0.023511786	0.644730741	0.384978526	0.027428387	-1.029875336	-3.155718839	0.174118352	0.059829134	-0.055425863	0.203023482	-0.006861158	-0.104438486
1.030000000	0.023685957	0.644790303	0.384923319	0.027631472	-1.029882158	-3.155823310	0.174223927	0.059294295	-0.054989010	0.203146583	-0.006782876	-0.104502240
1.031000000	0.023860234	0.644849330	0.384868548	0.027834680	-1.029888902	-3.155927844	0.174328552	0.058759160	-0.054551838	0.203268607	-0.006704636	-0.104565485
1.032000000	0.024034614	0.644907821	0.384814215	0.028038009	-1.029895567	-3.156032441	0.174432229	0.058223732	-0.054114351	0.203389552	-0.006626439	-0.104628219
1.033000000	0.024209098	0.644965777	0.384760319	0.028241459	-1.029902155	-3.156137100	0.174534955	0.057688012	-0.053676549	0.203509418	-0.006548284	-0.104690444
1.034000000	0.024383684	0.645023197	0.384706862	0.028445028	-1.029908664	-3.156241821	0.174636732	0.057152004	-0.053238437	0.203628206	-0.006470172	-0.104752158
1.035000000	0.024558372	0.645080081	0.384653843	0.028648716	-1.029915095	-3.156346604	0.174737559	0.056615710	-0.052800016	0.203745915	-0.006392101	-0.104813363
1.036000000	0.024733159	0.645136428	0.384601262	0.028852520	-1.029921448	-3.156451448	0.174837436	0.056079133	-0.052361289	0.203862545	-0.006314071	-0.104874057
1.037000000	0.024908047	0.645192239	0.384549120	0.029056441	-1.029927723	-3.156556352	0.174936362	0.055542276	-0.051922258	0.203978095	-0.006236084	-0.104934242
1.038000000	0.025083032	0.645247513	0.384497418	0.029260476	-1.029933920	-3.156661317	0.175034337	0.055005141	-0.051482927	0.204092565	-0.006158137	-0.104993915
1.039000000	0.025258115	0.645302249	0.384446154	0.029464626	-1.029940039	-3.156766340	0.175131361	0.054467732	-0.051043297	0.204205954	-0.006080232	-0.105053079
1.040000000	0.025433295	0.645356448	0.384395331	0.029668888	-1.029946081	-3.156871423	0.175227434	0.053930051	-0.050603372	0.204318264	-0.006002368	-0.105111732
1.041000000	0.025608570	0.645410109	0.384344948	0.029873262	-1.029952044	-3.156976564	0.175322555	0.053392101	-0.050163153	0.204429492	-0.005924545	-0.105169874
1.042000000	0.025783940	0.645463232	0.384295005	0.030077747	-1.029957930	-3.157081763	0.175416723	0.052853884	-0.049722643	0.204539640	-0.005846762	-0.105227505
1.043000000	0.025959404	0.645515817	0.384245503	0.030282342	-1.029963737	-3.157187019	0.175509940	0.052315404	-0.049281846	0.204648706	-0.005769019	-0.105284626
1.044000000	0.026134960	0.645567863	0.384196441	0.030487045	-1.029969468	-3.157292332	0.175602204	0.051776662	-0.048840763	0.204756690	-0.005691317	-0.105341235
1.045000000	0.026310608	0.645619370	0.384147821	0.030691855	-1.029975120	-3.157397701	0.175693516	0.051237663	-0.048399396	0.204863593	-0.005613655	-0.105397334
1.046000000	0.026486347	0.645670338	0.384099643	0.030896772	-1.029980695	-3.157503127	0.175783874	0.050698407	-0.047957750	0.204969414	-0.005536033	-0.105452922
1.047000000	0.026662176	0.645720767	0.384051906	0.031101794	-1.029986192	-3.157608607	0.175873279	0.050158899	-0.047515825	0.205074152	-0.005458450	-0.105507998
1.048000000	0.026838094	0.645770656	0.384004611	0.031306920	-1.029991612	-3.157714143	0.175961731	0.049619141	-0.047073626	0.205177808	-0.005380907	-0.105562563
1.049000000	0.027014099	0.645820005	0.383957759	0.031512150	-1.029996954	-3.157819732	0.176049229	0.049079136	-0.046631153	0.205280381	-0.005303403	-0.105616616
1.050000000	0.027190192	0.645868814	0.383911349	0.031717481	-1.030002219	-3.157925376	0.176135774	0.048538886	-0.046188411	0.205381870	-0.005225939	-0.105670159
1.051000000	0.027366371	0.645917083	0.383865382	0.031922913	-1.030007406	-3.158031073	0.176221364	0.047998394	-0.045745401	0.205482277	-0.005148513	-0.105723189
1.052000000	0.027542635	0.645964811	0.383819858	0.032128446	-1.030012516	-3.158136822	0.176305999	0.047457664	-0.045302126	0.205581599	-0.005071126	-0.105775708
1.053000000	0.027718983	0.646011998	0.383774778	0.032334077	-1.030017548	-3.158242624	0.176389681	0.046916697	-0.044858588	0.205679838	-0.004993777	-0.105827715
1.054000000	0.027895414	0.646058644	0.383730141	0.032539805	-1.030022503	-3.158348478	0.176472407	0.046375496	-0.044414791	0.205776993	-0.004916467	-0.105879210
1.055000000	0.028071928	0.646104749	0.383685948	0.032745631	-1.030027381	-3.158454382	0.176554178	0.045834065	-0.043970736	0.205873064	-0.004839195	-0.105930194
1.056000000	0.028248523	0.646150312	0.383642200	0.032951552	-1.030032181	-3.158560338	0.176634994	0.045292405	-0.043526426	0.205968050	-0.004761960	-0.105980665
1.057000000	0.028425198	0.646195333	0.383598896	0.033157567	-1.030036905	-3.158666344	0.176714854	0.044750520	-0.043081865	0.206061951	-0.004684764	-0.106030624
1.058000000	0.028601952	0.646239813	0.383556036	0.033363675	-1.030041551	-3.158772399	0.176793759	0.044208413	-0.042637054	0.206154767	-0.004607604	-0.106080072
1.059000000	0.028778785	0.646283750	0.383513622	0.033569876	-1.030046120	-3.158878504	0.176871708	0.043666086	-0.042191996	0.206246498	-0.004530483	-0.106129006
1.060000000	0.028955696	0.646327145	0.383471652	0.033776168	-1.030050612	-3.158984657	0.176948700	0.043123542	-0.041746694	0.206337144	-0.004453398	-0.106177429
1.061000000	0.029132683	0.646369997	0.383430128	0.033982551	-1.030055027	-3.159090859	0.177024737	0.042580784	-0.041301150	0.206426704	-0.004376350	-0.106225339
1.062000000	0.029309745	0.646412306	0.383389050	0.034189022	-1.030059365	-3.159197108	0.177099816	0.042037814	-0.040855366	0.206515178	-0.004299338	-0.106272736
1.063000000	0.029486882	0.646454072	0.383348418	0.034395581	-1.030063625	-3.159303404	0.177173939	0.041494635	-0.040409346	0.206602566	-0.004222363	-0.106319621
1.064000000	0.029664093	0.646495295	0.383308231	0.034602227	-1.030067809	-3.159409747	0.177247105	0.040951250	-0.039963092	0.206688867	-0.004145424	-0.106365994
1.065000000	0.029841377	0.646535975	0.383268492	0.034808959	-1.030071916	-3.159516136	0.177319315	0.040407662	-0.039516607	0.206774083	-0.004068522	-0.106411853
1.066000000	0.030018732	0.646576111	0.383229198	0.035015775	-1.030075946	-3.159622571	0.177390566	0.039863873	-0.039069893	0.206858211	-0.003991655	-0.106457200
1.067000000	0.030196158	0.646615702	0.383190352	0.035222675	-1.030079900	-3.159729051	0.177460860	0.039319886	-0.038622953	0.206941253	-0.003914823	-0.106502034
1.068000000	0.030373654	0.646654750	0.383151952	0.035429658	-1.030083776	-3.159835575	0.177530197	0.038775705	-0.038175789	0.207023207	-0.003838027	-0.106546355
1.069000000	0.030551218	0.646693254	0.383114000	0.035636722	-1.030087576	-3.159942143	0.177598576	0.038231331	-0.037728404	0.207104075	-0.003761266	-0.106590162
1.070000000	0.030728851	0.646731213	0.383076496	0.035843866	-1.030091298	-3.160048755	0.177665996	0.037686767	-0.037280800	0.207183855	-0.003684540	-0.106633457
1.071000000	0.030906550	0.646768627	0.383039439	0.036051089	-1.030094945	-3.160155410	0.177732459	0.037142017	-0.036832980	0.207262547	-0.003607848	-0.106676238
1.072000000	0.031084316	0.646805497	0.383002830	0.036258391	-1.030098514	-3.160262108	0.177797963	0.036597083	-0.036384948	0.207340151	-0.003531191	-0.106718506
1.073000000	0.031262146	0.646841821	0.382966669	0.036465770	-1.030102007	-3.160368847	0.177862509	0.036051967	-0.035936704	0.207416668	-0.003454569	-0.106760261
1.074000000	0.031440041	0.646877601	0.382930957	0.036673224	-1.030105423	-3.160475628	0.177926095	0.035506673	-0.035488253	0.207492096	-0.003377980	-0.106801502
1.075000000	0.031617998	0.646912834	0.382895693	0.036880754	-1.030108763	-3.160582450	0.177988724	0.034961203	-0.035039596	0.207566435	-0.003301425	-0.106842230
1.076000000	0.031796018	0.646947523	0.382860878	0.037088357	-1.030112026	-3.160689313	0.178050393	0.034415560	-0.034590736	0.207639687	-0.003224903	-0.106882444
1.077000000	0.031974099	0.646981665	0.382826511	0.037296033	-1.030115213	-3.160796215	0.178111102	0.033869747	-0.034141676	0.207711849	-0.003148415	-0.106922145
1.078000000	0.032152240	0.647015262	0.382792594	0.037503781	-1.030118323	-3.160903157	0.178170853	0.033323766	-0.033692418	0.207782923	-0.003071960	-0.106961331
1.079000000	0.032330441	0.647048313	0.382759127	0.037711599	-1.030121357	-3.161010138	0.178229644	0.032777621	-0.033242965	0.207852908	-0.002995538	-0.107000004
1.080000000	0.032508700	0.647080817	0.382726108	0.037919487	-1.030124314	-3.161117157	0.178287475	0.032231313	-0.032793320	0.207921803	-0.002919148	-0.107038163
1.081000000	0.032687016	0.647112775	0.382693540	0.038127443	-1.030127195	-3.161224214	0.178344347	0.031684847	-0.032343485	0.207989609	-0.002842791	-0.107075809
1.082000000	0.032865388	0.647144187	0.382661422	0.038335466	-1.030130000	-3.161331309	0.178400258	0.031138223	-0.031893463	0.208056326	-0.002766466	-0.107112940
1.083000000	0.033043816	0.647175052	0.382629753	0.038543555	-1.030132728	-3.161438440	0.178455210	0.030591446	-0.031443256	0.208121953	-0.002690172	-0.107149557
1.084000000	0.033222299	0.647205370	0.382598535	0.038751710	-1.030135380	-3.161545608	0.178509201	0.030044518	-0.030992867	0.208186490	-0.002613911	-0.107185659
1.085000000	0.033400835	0.647235141	0.382567768	0.038959928	-1.030137956	-3.161652812	0.178562232	0.029497442	-0.030542299	0.208249937	-0.002537681	-0.107221248
1.086000000	0.033579423	0.647264364	0.382537451	0.039168210	-1.030140455	-3.161760050	0.178614303	0.028950221	-0.030091554	0.208312294	-0.002461482	-0.107256322
1.087000000	0.033758063	0.647293041	0.382507585	0.039376553	-1.030142879	-3.161867324	0.178665413	0.028402856	-0.029640635	0.208373561	-0.002385314	-0.107290882
1.088000000	0.033936754	0.647321170	0.382478169	0.039584957	-1.030145226	-3.161974632	0.178715562	0.027855352	-0.029189544	0.208433738	-0.002309177	-0.107324928
1.089000000	0.034115494	0.647348752	0.382449206	0.039793421	-1.030147497	-3.162081974	0.178764750	0.027307711	-0.028738284	0.208492824	-0.002233070	-0.107358459
1.090000000	0.034294284	0.647375785	0.382420693	0.040001943	-1.030149692	-3.162189349	0.178812978	0.026759935	-0.028286858	0.208550819	-0.002156993	-0.107391476
1.091000000	0.034473120	0.647402271	0.382392632	0.040210522	-1.030151811	-3.162296757	0.178860244	0.026212027	-0.027835268	0.208607724	-0.002080947	-0.107423977
1.092000000	0.034652004	0.647428209	0.382365023	0.040419158	-1.030153854	-3.162404197	0.178906549	0.025663991	-0.027383517	0.208663538	-0.002004930	-0.107455965
1.093000000	0.034830934	0.647453599	0.382337865	0.040627849	-1.030155821	-3.162511669	0.178951893	0.025115828	-0.026931607	0.208718260	-0.001928942	-0.107487437
1.094000000	0.035009908	0.647478441	0.382311159	0.040836595	-1.030157712	-3.162619172	0.178996276	0.024567542	-0.026479542	0.208771892	-0.001852984	-0.107518395
1.095000000	0.035188926	0.647502734	0.382284906	0.041045393	-1.030159527	-3.162726706	0.179039697	0.024019136	-0.026027323	0.208824432	-0.001777055	-0.107548838
1.096000000	0.035367987	0.647526479	0.382259105	0.041254244	-1.030161266	-3.162834270	0.179082156	0.023470611	-0.025574954	0.208875881	-0.001701155	-0.107578766
1.097000000	0.035547090	0.647549675	0.382233756	0.041463145	-1.030162929	-3.162941863	0.179123654	0.022921972	-0.025122437	0.208926239	-0.001625283	-0.107608179
1.098000000	0.035726235	0.647572323	0.382208860	0.041672096	-1.030164516	-3.163049486	0.179164189	0.022373220	-0.024669774	0.208975505	-0.001549439	-0.107637076
1.099000000	0.035905419	0.647594422	0.382184417	0.041881096	-1.030166028	-3.163157137	0.179203763	0.021824359	-0.024216969	0.209023679	-0.001473624	-0.107665459
1.100000000	0.036084642	0.647615971	0.382160426	0.042090143	-1.030167464	-3.163264817	0.179242375	0.021275390	-0.023764023	0.209070762	-0.001397836	-0.107693327
1.101000000	0.036263904	0.647636972	0.382136889	0.042299237	-1.030168824	-3.163372524	0.179280025	0.020726318	-0.023310940	0.209116753	-0.001322075	-0.107720679
1.102000000	0.036443202	0.647657424	0.382113804	0.042508377	-1.030170108	-3.163480258	0.179316713	0.020177144	-0.022857722	0.209161651	-0.001246342	-0.107747517
1.103000000	0.036622537	0.647677326	0.382091173	0.042717561	-1.030171316	-3.163588019	0.179352438	0.019627872	-0.022404372	0.209205458	-0.001170636	-0.107773838
1.104000000	0.036801907	0.647696680	0.382068996	0.042926788	-1.030172449	-3.163695806	0.179387202	0.019078504	-0.021950892	0.209248172	-0.001094957	-0.107799645
1.105000000	0.036981311	0.647715483	0.382047272	0.043136057	-1.030173506	-3.163803618	0.179421002	0.018529043	-0.021497285	0.209289795	-0.001019304	-0.107824936
1.106000000	0.037160749	0.647733738	0.382026001	0.043345367	-1.030174488	-3.163911456	0.179453841	0.017979492	-0.021043554	0.209330325	-0.000943677	-0.107849712
1.107000000	0.037340219	0.647751442	0.382005185	0.043554718	-1.030175393	-3.164019318	0.179485716	0.017429853	-0.020589700	0.209369762	-0.000868076	-0.107873972
1.108000000	0.037519721	0.647768597	0.381984822	0.043764107	-1.030176224	-3.164127204	0.179516629	0.016880129	-0.020135728	0.209408107	-0.000792501	-0.107897716
1.109000000	0.037699252	0.647785202	0.381964913	0.043973534	-1.030176978	-3.164235113	0.179546580	0.016330324	-0.019681640	0.209445360	-0.000716952	-0.107920945
1.110000000	0.037878814	0.647801258	0.381945459	0.044182998	-1.030177658	-3.164343046	0.179575568	0.015780439	-0.019227437	0.209481519	-0.000641427	-0.107943658
1.111000000	0.038058404	0.647816763	0.381926459	0.044392497	-1.030178261	-3.164451001	0.179603592	0.015230478	-0.018773123	0.209516587	-0.000565928	-0.107965855
1.112000000	0.038238021	0.647831718	0.381907913	0.044602031	-1.030178789	-3.164558977	0.179630655	0.014680443	-0.018318700	0.209550561	-0.000490453	-0.107987537
1.113000000	0.038417665	0.647846124	0.381889821	0.044811598	-1.030179242	-3.164666976	0.179656754	0.014130337	-0.017864172	0.209583443	-0.000415003	-0.108008703
1.114000000	0.038597334	0.647859979	0.381872184	0.045021198	-1.030179619	-3.164774995	0.179681890	0.013580163	-0.017409540	0.209615231	-0.000339576	-0.108029352
1.115000000	0.038777029	0.647873284	0.381855002	0.045230829	-1.030179921	-3.164883034	0.179706063	0.013029924	-0.016954807	0.209645927	-0.000264174	-0.108049486
1.116000000	0.038956747	0.647886039	0.381838275	0.045440490	-1.030180148	-3.164991094	0.179729273	0.012479622	-0.016499977	0.209675530	-0.000188795	-0.108069104
1.117000000	0.039136487	0.647898243	0.381822002	0.045650180	-1.030180299	-3.165099173	0.179751520	0.011929260	-0.016045050	0.209704039	-0.000113440	-0.108088206
1.118000000	0.039316250	0.647909897	0.381806185	0.045859898	-1.030180375	-3.165207270	0.179772804	0.011378841	-0.015590031	0.209731456	-0.000038108	-0.108106792
1.119000000	0.039496033	0.647921001	0.381790822	0.046069643	-1.030180375	-3.165315386	0.179793125	0.010828368	-0.015134922	0.209757779	0.000037201	-0.108124862
1.120000000	0.039675836	0.647931554	0.381775915	0.046279413	-1.030180300	-3.165423520	0.179812483	0.010277843	-0.014679725	0.209783009	0.000112488	-0.108142415
1.121000000	0.039855658	0.647941556	0.381761463	0.046489209	-1.030180150	-3.165531671	0.179830877	0.009727269	-0.014224443	0.209807146	0.000187753	-0.108159452
1.122000000	0.040035498	0.647951008	0.381747466	0.046699028	-1.030179925	-3.165639839	0.179848308	0.009176650	-0.013769080	0.209830190	0.000262995	-0.108175973
1.123000000	0.040215354	0.647959910	0.381733925	0.046908869	-1.030179624	-3.165748023	0.179864776	0.008625987	-0.013313636	0.209852140	0.000338216	-0.108191978
1.124000000	0.040395227	0.647968260	0.381720839	0.047118732	-1.030179248	-3.165856223	0.179880280	0.008075283	-0.012858115	0.209872997	0.000413415	-0.108207466
1.125000000	0.040575115	0.647976060	0.381708209	0.047328615	-1.030178797	-3.165964438	0.179894822	0.007524542	-0.012402520	0.209892761	0.000488593	-0.108222438
1.126000000	0.040755017	0.647983309	0.381696034	0.047538517	-1.030178271	-3.166072668	0.179908399	0.006973765	-0.011946853	0.209911431	0.000563749	-0.108236894
1.127000000	0.040934932	0.647990007	0.381684315	0.047748438	-1.030177670	-3.166180912	0.179921014	0.006422957	-0.011491117	0.209929008	0.000638886	-0.108250833
1.128000000	0.041114859	0.647996155	0.381673052	0.047958375	-1.030176993	-3.166289169	0.179932665	0.005872119	-0.011035315	0.209945491	0.000714001	-0.108264256
1.129000000	0.041294797	0.648001752	0.381662245	0.048168329	-1.030176242	-3.166397440	0.179943353	0.005321254	-0.010579448	0.209960881	0.000789097	-0.108277162
1.130000000	0.041474746	0.648006797	0.381651893	0.048378297	-1.030175415	-3.166505724	0.179953077	0.004770366	-0.010123521	0.209975178	0.000864172	-0.108289551
1.131000000	0.041654703	0.648011292	0.381641998	0.048588279	-1.030174513	-3.166614019	0.179961838	0.004219456	-0.009667535	0.209988381	0.000939228	-0.108301424
1.132000000	0.041834669	0.648015236	0.381632558	0.048798274	-1.030173537	-3.166722327	0.179969636	0.003668527	-0.009211492	0.210000490	0.001014265	-0.108312780
1.133000000	0.042014643	0.648018629	0.381623575	0.049008280	-1.030172485	-3.166830645	0.179976470	0.003117583	-0.008755397	0.210011506	0.001089283	-0.108323620
1.134000000	0.042194622	0.648021471	0.381615048	0.049218297	-1.030171358	-3.166938974	0.179982341	0.002566627	-0.008299251	0.210021429	0.001164281	-0.108333943
1.135000000	0.042374607	0.648023762	0.381606976	0.049428323	-1.030170156	-3.167047313	0.179987248	0.002015659	-0.007843057	0.210030257	0.001239261	-0.108343749
1.136000000	0.042554597	0.648025502	0.381599362	0.049638357	-1.030168879	-3.167155661	0.179991192	0.001464685	-0.007386818	0.210037993	0.001314223	-0.108353038
1.137000000	0.042734590	0.648026692	0.381592203	0.049848399	-1.030167528	-3.167264019	0.179994173	0.000913706	-0.006930536	0.210044635	0.001389167	-0.108361810
1.138000000	0.042914585	0.648027330	0.381585501	0.050058447	-1.030166101	-3.167372385	0.179996191	0.000362725	-0.006474213	0.210050183	0.001464093	-0.108370066
1.139000000	0.043094582	0.648027417	0.381579255	0.050268499	-1.030164600	-3.167480759	0.179997245	-0.000188254	-0.006017854	0.210054638	0.001539002	-0.108377805
1.140000000	0.043274579	0.648026953	0.381573465	0.050478556	-1.030163023	-3.167589141	0.179997336	-0.000739230	-0.005561460	0.210058000	0.001613893	-0.108385026
1.141000000	0.043454577	0.648025938	0.381568132	0.050688615	-1.030161372	-3.167697529	0.179996464	-0.001290200	-0.005105033	0.210060268	0.001688768	-0.108391731
1.142000000	0.043634572	0.648024373	0.381563255	0.050898677	-1.030159646	-3.167805924	0.179994628	-0.001841161	-0.004648577	0.210061442	0.001763625	-0.108397919
1.143000000	0.043814566	0.648022256	0.381558835	0.051108738	-1.030157844	-3.167914325	0.179991830	-0.002392109	-0.004192094	0.210061523	0.001838467	-0.108403590
1.144000000	0.043994556	0.648019588	0.381554871	0.051318800	-1.030155969	-3.168022731	0.179988068	-0.002943043	-0.003735586	0.210060511	0.001913292	-0.108408744
1.145000000	0.044174542	0.648016370	0.381551364	0.051528859	-1.030154018	-3.168131142	0.179983343	-0.003493959	-0.003279058	0.210058406	0.001988101	-0.108413380
1.146000000	0.044354523	0.648012600	0.381548313	0.051738916	-1.030151992	-3.168239558	0.179977655	-0.004044855	-0.002822510	0.210055207	0.002062895	-0.108417500
1.147000000	0.044534497	0.648008280	0.381545719	0.051948970	-1.030149892	-3.168347977	0.179971004	-0.004595729	-0.002365945	0.210050914	0.002137674	-0.108421102
1.148000000	0.044714465	0.648003409	0.381543581	0.052159018	-1.030147717	-3.168456400	0.179963390	-0.005146576	-0.001909367	0.210045529	0.002212438	-0.108424188
1.149000000	0.044894424	0.647997987	0.381541900	0.052369061	-1.030145467	-3.168564826	0.179954813	-0.005697394	-0.001452779	0.210039050	0.002287186	-0.108426756
1.150000000	0.045074374	0.647992014	0.381540676	0.052579096	-1.030143143	-3.168673254	0.179945273	-0.006248182	-0.000996181	0.210031479	0.002361921	-0.108428807
1.151000000	0.045254315	0.647985490	0.381539908	0.052789124	-1.030140743	-3.168781683	0.179934770	-0.006798935	-0.000539578	0.210022814	0.002436641	-0.108430340
1.152000000	0.045434244	0.647978416	0.381539597	0.052999142	-1.030138269	-3.168890114	0.179923305	-0.007349651	-0.000082972	0.210013056	0.002511347	-0.108431357
1.153000000	0.045614161	0.647970791	0.381539742	0.053209150	-1.030135721	-3.168998546	0.179910876	-0.007900328	0.000373635	0.210002204	0.002586040	-0.108431856
1.154000000	0.045794066	0.647962615	0.381540344	0.053419146	-1.030133097	-3.169106978	0.179897485	-0.008450963	0.000830239	0.209990260	0.002660719	-0.108431838
1.155000000	0.045973956	0.647953889	0.381541402	0.053629130	-1.030130399	-3.169215410	0.179883132	-0.009001552	0.001286839	0.209977223	0.002735385	-0.108431302
1.156000000	0.046153832	0.647944612	0.381542918	0.053839101	-1.030127626	-3.169323841	0.179867816	-0.009552093	0.001743432	0.209963094	0.002810038	-0.108430250
1.157000000	0.046333692	0.647934784	0.381544889	0.054049057	-1.030124779	-3.169432270	0.179851538	-0.010102584	0.002200014	0.209947871	0.002884679	-0.108428679
1.158000000	0.046513535	0.647924407	0.381547318	0.054258997	-1.030121857	-3.169540698	0.179834297	-0.010653021	0.002656583	0.209931556	0.002959307	-0.108426592
1.159000000	0.046693360	0.647913478	0.381550203	0.054468920	-1.030118860	-3.169649123	0.179816094	-0.011203403	0.003113137	0.209914148	0.003033923	-0.108423987
1.160000000	0.046873167	0.647902000	0.381553544	0.054678825	-1.030115789	-3.169757546	0.179796929	-0.011753725	0.003569674	0.209895647	0.003108528	-0.108420865
1.161000000	0.047052954	0.647889971	0.381557342	0.054888711	-1.030112643	-3.169865965	0.179776801	-0.012303985	0.004026189	0.209876054	0.003183121	-0.108417225
1.162000000	0.047232721	0.647877392	0.381561597	0.055098577	-1.030109423	-3.169974380	0.179755712	-0.012854181	0.004482681	0.209855368	0.003257703	-0.108413068
1.163000000	0.047412466	0.647864262	0.381566308	0.055308422	-1.030106128	-3.170082791	0.179733660	-0.013404310	0.004939147	0.209833590	0.003332274	-0.108408393
1.164000000	0.047592188	0.647850583	0.381571475	0.055518244	-1.030102758	-3.170191197	0.179710647	-0.013954369	0.005395585	0.209810720	0.003406835	-0.108403201
1.165000000	0.047771887	0.647836353	0.381577099	0.055728043	-1.030099314	-3.170299598	0.179686672	-0.014504356	0.005851992	0.209786758	0.003481385	-0.108397491
1.166000000	0.047951561	0.647821574	0.381583179	0.055937818	-1.030095796	-3.170407992	0.179661735	-0.015054266	0.006308364	0.209761703	0.003555925	-0.108391264
1.167000000	0.048131210	0.647806245	0.381589716	0.056147566	-1.030092202	-3.170516380	0.179635837	-0.015604099	0.006764700	0.209735557	0.003630455	-0.108384519
1.168000000	0.048310833	0.647790366	0.381596709	0.056357289	-1.030088535	-3.170624761	0.179608977	-0.016153850	0.007220997	0.209708318	0.003704975	-0.108377257
1.169000000	0.048490428	0.647773937	0.381604158	0.056566983	-1.030084792	-3.170733135	0.179581156	-0.016703518	0.007677252	0.209679988	0.003779487	-0.108369477
1.170000000	0.048669995	0.647756959	0.381612063	0.056776649	-1.030080976	-3.170841500	0.179552373	-0.017253099	0.008133463	0.209650566	0.003853989	-0.108361180
1.171000000	0.048849533	0.647739431	0.381620425	0.056986284	-1.030077084	-3.170949857	0.179522630	-0.017802591	0.008589627	0.209620053	0.003928482	-0.108352365
1.172000000	0.049029041	0.647721353	0.381629242	0.057195889	-1.030073119	-3.171058205	0.179491925	-0.018351990	0.009045741	0.209588447	0.004002968	-0.108343032
1.173000000	0.049208517	0.647702727	0.381638516	0.057405461	-1.030069079	-3.171166543	0.179460259	-0.018901295	0.009501803	0.209555751	0.004077444	-0.108333182
1.174000000	0.049387961	0.647683551	0.381648246	0.057615000	-1.030064964	-3.171274871	0.179427633	-0.019450503	0.009957809	0.209521963	0.004151913	-0.108322814
1.175000000	0.049567372	0.647663825	0.381658432	0.057824505	-1.030060775	-3.171383189	0.179394045	-0.019999610	0.010413758	0.209487084	0.004226375	-0.108311929
1.176000000	0.049746749	0.647643551	0.381669074	0.058033974	-1.030056511	-3.171491495	0.179359498	-0.020548614	0.010869647	0.209451114	0.004300829	-0.108300526
1.177000000	0.049926091	0.647622728	0.381680171	0.058243407	-1.030052173	-3.171599790	0.179323990	-0.021097512	0.011325473	0.209414053	0.004375276	-0.108288605
1.178000000	0.050105397	0.647601356	0.381691725	0.058452803	-1.030047761	-3.171708072	0.179287521	-0.021646301	0.011781234	0.209375901	0.004449716	-0.108276167
1.179000000	0.050284666	0.647579435	0.381703734	0.058662159	-1.030043274	-3.171816342	0.179250093	-0.022194980	0.012236926	0.209336658	0.004524149	-0.108263211
1.180000000	0.050463897	0.647556966	0.381716199	0.058871476	-1.030038712	-3.171924599	0.179211704	-0.022743543	0.012692547	0.209296325	0.004598576	-0.108249738
1.181000000	0.050643090	0.647533948	0.381729119	0.059080752	-1.030034076	-3.172032842	0.179172355	-0.023291990	0.013148095	0.209254902	0.004672998	-0.108235747
1.182000000	0.050822242	0.647510382	0.381742495	0.059289986	-1.030029366	-3.172141070	0.179132047	-0.023840318	0.013603567	0.209212388	0.004747413	-0.108221238
1.183000000	0.051001354	0.647486267	0.381756326	0.059499176	-1.030024582	-3.172249284	0.179090779	-0.024388523	0.014058961	0.209168784	0.004821823	-0.108206211
1.184000000	0.051180424	0.647461605	0.381770613	0.059708323	-1.030019723	-3.172357483	0.179048552	-0.024936603	0.014514272	0.209124090	0.004896228	-0.108190667
1.185000000	0.051359451	0.647436394	0.381785355	0.059917425	-1.030014789	-3.172465665	0.179005365	-0.025484556	0.014969500	0.209078306	0.004970628	-0.108174606
1.186000000	0.051538434	0.647410636	0.381800552	0.060126480	-1.030009781	-3.172573832	0.178961219	-0.026032377	0.015424642	0.209031432	0.005045023	-0.108158026
1.187000000	0.051717373	0.647384329	0.381816204	0.060335488	-1.030004699	-3.172681981	0.178916114	-0.026580065	0.015879694	0.208983469	0.005119413	-0.108140929
1.188000000	0.051896267	0.647357475	0.381832312	0.060544447	-1.029999542	-3.172790114	0.178870050	-0.027127617	0.016334654	0.208934416	0.005193800	-0.108123314
1.189000000	0.052075113	0.647330074	0.381848874	0.060753356	-1.029994311	-3.172898228	0.178823028	-0.027675030	0.016789520	0.208884274	0.005268183	-0.108105182
1.190000000	0.052253913	0.647302125	0.381865891	0.060962215	-1.029989006	-3.173006324	0.178775047	-0.028222301	0.017244288	0.208833043	0.005342562	-0.108086532
1.191000000	0.052432663	0.647273629	0.381883362	0.061171022	-1.029983626	-3.173114401	0.178726107	-0.028769428	0.017698957	0.208780723	0.005416938	-0.108067364
1.192000000	0.052611365	0.647244586	0.381901289	0.061379777	-1.029978172	-3.173222459	0.178676210	-0.029316408	0.018153523	0.208727314	0.005491310	-0.108047679
1.193000000	0.052790016	0.647214996	0.381919669	0.061588477	-1.029972644	-3.173330497	0.178625354	-0.029863238	0.018607985	0.208672816	0.005565680	-0.108027476
1.194000000	0.052968616	0.647184860	0.381938505	0.061797122	-1.029967041	-3.173438514	0.178573541	-0.030409915	0.019062338	0.208617230	0.005640048	-0.108006755
1.195000000	0.053147163	0.647154176	0.381957794	0.062005711	-1.029961364	-3.173546510	0.178520770	-0.030956437	0.019516582	0.208560555	0.005714413	-0.107985517
1.196000000	0.053325657	0.647122947	0.381977538	0.062214243	-1.029955612	-3.173654485	0.178467041	-0.031502800	0.019970712	0.208502793	0.005788776	-0.107963761
1.197000000	0.053504097	0.647091171	0.381997736	0.062422717	-1.029949786	-3.173762438	0.178412355	-0.032049003	0.020424727	0.208443942	0.005863137	-0.107941487
1.198000000	0.053682482	0.647058849	0.382018387	0.062631131	-1.029943886	-3.173870368	0.178356712	-0.032595042	0.020878624	0.208384004	0.005937497	-0.107918696
1.199000000	0.053860810	0.647025981	0.382039493	0.062839485	-1.029937911	-3.173978275	0.178300112	-0.033140915	0.021332400	0.208322978	0.006011856	-0.107895387
1.200000000	0.054039082	0.646992567	0.382061052	0.063047777	-1.029931862	-3.174086159	0.178242555	-0.033686618	0.021786052	0.208260865	0.006086213	-0.107871561
1.201000000	0.054217296	0.646958607	0.382083065	0.063256007	-1.029925739	-3.174194018	0.178184042	-0.034232149	0.022239578	0.208197665	0.006160570	-0.107847217
1.202000000	0.054395450	0.646924102	0.382105532	0.063464173	-1.029919541	-3.174301853	0.178124573	-0.034777506	0.022692976	0.208133377	0.006234927	-0.107822355
1.203000000	0.054573545	0.646889052	0.382128451	0.063672274	-1.029913269	-3.174409663	0.178064147	-0.035322685	0.023146242	0.208068003	0.006309283	-0.107796976
1.204000000	0.054751578	0.646853457	0.382151824	0.063880309	-1.029906922	-3.174517447	0.178002765	-0.035867685	0.023599375	0.208001542	0.006383639	-0.107771079
1.205000000	0.054929550	0.646817317	0.382175650	0.064088277	-1.029900501	-3.174625205	0.177940428	-0.036412501	0.024052371	0.207933994	0.006457996	-0.107744665
1.206000000	0.055107459	0.646780632	0.382199929	0.064296177	-1.029894006	-3.174732936	0.177877135	-0.036957131	0.024505227	0.207865361	0.006532353	-0.107717733
1.207000000	0.055285304	0.646743402	0.382224661	0.064504007	-1.029887437	-3.174840640	0.177812887	-0.037501573	0.024957942	0.207795641	0.006606712	-0.107690284
1.208000000	0.055463085	0.646705629	0.382249845	0.064711768	-1.029880793	-3.174948317	0.177747684	-0.038045824	0.025410512	0.207724835	0.006681071	-0.107662317
1.209000000	0.055640800	0.646667311	0.382275482	0.064919457	-1.029874074	-3.175055965	0.177681525	-0.038589881	0.025862935	0.207652944	0.006755432	-0.107633832
1.210000000	0.055818448	0.646628449	0.382301571	0.065127074	-1.029867282	-3.175163584	0.177614413	-0.039133742	0.026315209	0.207579968	0.006829794	-0.107604831
1.211000000	0.055996029	0.646589043	0.382328112	0.065334617	-1.029860415	-3.175271175	0.177546345	-0.039677403	0.026767330	0.207505906	0.006904158	-0.107575311
1.212000000	0.056173541	0.646549094	0.382355106	0.065542085	-1.029853474	-3.175378735	0.177477324	-0.040220862	0.027219297	0.207430760	0.006978524	-0.107545274
1.213000000	0.056350983	0.646508601	0.382382551	0.065749478	-1.029846458	-3.175486265	0.177407348	-0.040764116	0.027671106	0.207354528	0.007052893	-0.107514720
1.214000000	0.056528355	0.646467565	0.382410448	0.065956795	-1.029839368	-3.175593764	0.177336419	-0.041307162	0.028122754	0.207277212	0.007127264	-0.107483649
1.215000000	0.056705656	0.646425987	0.382438797	0.066164033	-1.029832203	-3.175701232	0.177264536	-0.041849998	0.028574240	0.207198812	0.007201638	-0.107452060
1.216000000	0.056882884	0.646383865	0.382467596	0.066371192	-1.029824964	-3.175808669	0.177191700	-0.042392621	0.029025561	0.207119328	0.007276016	-0.107419953
1.217000000	0.057060040	0.646341201	0.382496848	0.066578271	-1.029817651	-3.175916072	0.177117911	-0.042935028	0.029476713	0.207038760	0.007350396	-0.107387329
1.218000000	0.057237120	0.646297995	0.382526550	0.066785270	-1.029810264	-3.176023443	0.177043169	-0.043477216	0.029927695	0.206957108	0.007424781	-0.107354188
1.219000000	0.057414126	0.646254247	0.382556703	0.066992186	-1.029802802	-3.176130781	0.176967474	-0.044019183	0.030378504	0.206874373	0.007499169	-0.107320530
1.220000000	0.057591055	0.646209957	0.382587307	0.067199018	-1.029795265	-3.176238084	0.176890828	-0.044560926	0.030829137	0.206790555	0.007573561	-0.107286354
1.221000000	0.057767907	0.646165125	0.382618362	0.067405767	-1.029787655	-3.176345353	0.176813229	-0.045102442	0.031279591	0.206705654	0.007647958	-0.107251661
1.222000000	0.057944682	0.646119752	0.382649866	0.067612430	-1.029779969	-3.176452588	0.176734678	-0.045643728	0.031729864	0.206619671	0.007722359	-0.107216451
1.223000000	0.058121377	0.646073837	0.382681821	0.067819006	-1.029772210	-3.176559786	0.176655176	-0.046184782	0.032179954	0.206532605	0.007796765	-0.107180724
1.224000000	0.058297992	0.646027382	0.382714226	0.068025495	-1.029764376	-3.176666949	0.176574723	-0.046725602	0.032629857	0.206444457	0.007871177	-0.107144479
1.225000000	0.058474526	0.645980386	0.382747081	0.068231895	-1.029756467	-3.176774075	0.176493318	-0.047266183	0.033079572	0.206355227	0.007945593	-0.107107717
1.226000000	0.058650979	0.645932850	0.382780386	0.068438205	-1.029748485	-3.176881165	0.176410963	-0.047806524	0.033529095	0.206264916	0.008020016	-0.107070438
1.227000000	0.058827348	0.645884773	0.382814139	0.068644425	-1.029740427	-3.176988216	0.176327657	-0.048346622	0.033978423	0.206173523	0.008094444	-0.107032642
1.228000000	0.059003634	0.645836156	0.382848342	0.068850552	-1.029732296	-3.177095230	0.176243401	-0.048886473	0.034427555	0.206081049	0.008168878	-0.106994329
1.229000000	0.059179835	0.645787000	0.382882995	0.069056587	-1.029724090	-3.177202205	0.176158196	-0.049426076	0.034876488	0.205987495	0.008243318	-0.106955499
1.230000000	0.059355950	0.645737304	0.382918096	0.069262527	-1.029715809	-3.177309141	0.176072040	-0.049965427	0.035325219	0.205892860	0.008317765	-0.106916151
1.231000000	0.059531979	0.645687069	0.382953645	0.069468373	-1.029707454	-3.177416037	0.175984935	-0.050504525	0.035773746	0.205797145	0.008392219	-0.106876287
1.232000000	0.059707920	0.645636295	0.382989643	0.069674122	-1.029699025	-3.177522893	0.175896881	-0.051043365	0.036222065	0.205700349	0.008466680	-0.106835906
1.233000000	0.059883773	0.645584982	0.383026089	0.069879773	-1.029690521	-3.177629709	0.175807878	-0.051581945	0.036670174	0.205602474	0.008541148	-0.106795007
1.234000000	0.060059536	0.645533131	0.383062983	0.070085327	-1.029681942	-3.177736483	0.175717927	-0.052120263	0.037118071	0.205503520	0.008615623	-0.106753592
1.235000000	0.060235209	0.645480742	0.383100325	0.070290780	-1.029673289	-3.177843216	0.175627028	-0.052658317	0.037565754	0.205403487	0.008690107	-0.106711660
1.236000000	0.060410790	0.645427814	0.383138115	0.070496133	-1.029664562	-3.177949907	0.175535180	-0.053196102	0.038013218	0.205302375	0.008764598	-0.106669212
1.237000000	0.060586279	0.645374349	0.383176352	0.070701385	-1.029655760	-3.178056555	0.175442385	-0.053733617	0.038460463	0.205200184	0.008839098	-0.106626246
1.238000000	0.060761675	0.645320347	0.383215036	0.070906534	-1.029646884	-3.178163159	0.175348643	-0.054270858	0.038907485	0.205096915	0.008913605	-0.106582763
1.239000000	0.060936976	0.645265807	0.383254167	0.071111579	-1.029637933	-3.178269720	0.175253953	-0.054807823	0.039354282	0.204992568	0.008988122	-0.106538764
1.240000000	0.061112183	0.645210731	0.383293745	0.071316519	-1.029628908	-3.178376237	0.175158317	-0.055344509	0.039800850	0.204887143	0.009062647	-0.106494248
1.241000000	0.061287293	0.645155118	0.383333769	0.071521353	-1.029619808	-3.178482709	0.175061735	-0.055880914	0.040247188	0.204780642	0.009137182	-0.106449216
1.242000000	0.061462306	0.645098969	0.383374239	0.071726080	-1.029610633	-3.178589135	0.174964206	-0.056417035	0.040693294	0.204673063	0.009211726	-0.106403667
1.243000000	0.061637221	0.645042284	0.383415155	0.071930699	-1.029601384	-3.178695516	0.174865731	-0.056952869	0.041139163	0.204564407	0.009286279	-0.106357601
1.244000000	0.061812037	0.644985063	0.383456518	0.072135209	-1.029592061	-3.178801850	0.174766311	-0.057488412	0.041584794	0.204454675	0.009360842	-0.106311018
1.245000000	0.061986754	0.644927307	0.383498325	0.072339609	-1.029582663	-3.178908138	0.174665946	-0.058023664	0.042030185	0.204343867	0.009435415	-0.106263920
1.246000000	0.062161369	0.644869016	0.383540578	0.072543897	-1.029573190	-3.179014378	0.174564636	-0.058558620	0.042475332	0.204231983	0.009509999	-0.106216304
1.247000000	0.062335883	0.644810190	0.383583276	0.072748072	-1.029563643	-3.179120570	0.174462382	-0.059093279	0.042920233	0.204119024	0.009584593	-0.106168172
1.248000000	0.062510294	0.644750829	0.383626419	0.072952135	-1.029554021	-3.179226714	0.174359183	-0.059627637	0.043364885	0.204004990	0.009659197	-0.106119524
1.249000000	0.062684601	0.644690935	0.383670006	0.073156082	-1.029544324	-3.179332810	0.174255041	-0.060161691	0.043809286	0.203889880	0.009733813	-0.106070360
1.250000000	0.062858804	0.644630506	0.383714037	0.073359914	-1.029534553	-3.179438855	0.174149955	-0.060695440	0.044253434	0.203773697	0.009808439	-0.106020679
1.251000000	0.063032901	0.644569544	0.383758513	0.073563630	-1.029524707	-3.179544851	0.174043925	-0.061228879	0.044697325	0.203656439	0.009883077	-0.105970482
1.252000000	0.063206892	0.644508048	0.383803432	0.073767227	-1.029514787	-3.179650796	0.173936953	-0.061762008	0.045140957	0.203538107	0.009957726	-0.105919768
1.253000000	0.063380775	0.644446020	0.383848795	0.073970706	-1.029504792	-3.179756690	0.173829039	-0.062294822	0.045584328	0.203418703	0.010032387	-0.105868539
1.254000000	0.063554550	0.644383458	0.383894601	0.074174065	-1.029494722	-3.179862533	0.173720182	-0.062827319	0.046027434	0.203298224	0.010107060	-0.105816793
1.255000000	0.063728216	0.644320365	0.383940850	0.074377302	-1.029484578	-3.179968324	0.173610384	-0.063359496	0.046470274	0.203176673	0.010181745	-0.105764531
1.256000000	0.063901771	0.644256739	0.383987541	0.074580418	-1.029474359	-3.180074062	0.173499644	-0.063891351	0.046912845	0.203054050	0.010256443	-0.105711753
1.257000000	0.064075215	0.644192582	0.384034675	0.074783411	-1.029464065	-3.180179747	0.173387963	-0.064422881	0.047355144	0.202930355	0.010331153	-0.105658460
1.258000000	0.064248547	0.644127893	0.384082252	0.074986279	-1.029453696	-3.180285379	0.173275342	-0.064954083	0.047797169	0.202805588	0.010405875	-0.105604650
1.259000000	0.064421766	0.644062674	0.384130270	0.075189022	-1.029443253	-3.180390957	0.173161780	-0.065484955	0.048238917	0.202679749	0.010480611	-0.105550324
1.260000000	0.064594870	0.643996923	0.384178730	0.075391638	-1.029432735	-3.180496480	0.173047278	-0.066015494	0.048680385	0.202552840	0.010555360	-0.105495483
1.261000000	0.064767860	0.643930643	0.384227631	0.075594127	-1.029422142	-3.180601948	0.172931836	-0.066545696	0.049121571	0.202424860	0.010630123	-0.105440126
1.262000000	0.064940734	0.643863832	0.384276973	0.075796488	-1.029411475	-3.180707360	0.172815455	-0.067075560	0.049562472	0.202295809	0.010704898	-0.105384253
1.263000000	0.065113491	0.643796491	0.384326756	0.075998719	-1.029400732	-3.180812716	0.172698135	-0.067605082	0.050003087	0.202165689	0.010779688	-0.105327864
1.264000000	0.065286130	0.643728622	0.384376979	0.076200819	-1.029389915	-3.180918016	0.172579877	-0.068134261	0.050443412	0.202034499	0.010854492	-0.105270960
1.265000000	0.065458651	0.643660223	0.384427642	0.076402788	-1.029379023	-3.181023258	0.172460681	-0.068663092	0.050883444	0.201902240	0.010929310	-0.105213540
1.266000000	0.065631052	0.643591295	0.384478746	0.076604624	-1.029368057	-3.181128443	0.172340547	-0.069191574	0.051323181	0.201768913	0.011004142	-0.105155604
1.267000000	0.065803332	0.643521840	0.384530289	0.076806326	-1.029357015	-3.181233569	0.172219475	-0.069719704	0.051762621	0.201634516	0.011078989	-0.105097153
1.268000000	0.065975490	0.643451856	0.384582271	0.077007893	-1.029345899	-3.181338637	0.172097467	-0.070247478	0.052201761	0.201499052	0.011153850	-0.105038187
1.269000000	0.066147527	0.643381345	0.384634693	0.077209324	-1.029334707	-3.181443646	0.171974522	-0.070774896	0.052640599	0.201362520	0.011228727	-0.104978705
1.270000000	0.066319439	0.643310306	0.384687552	0.077410618	-1.029323441	-3.181548595	0.171850640	-0.071301953	0.053079131	0.201224921	0.011303619	-0.104918708
1.271000000	0.066491228	0.643238741	0.384740851	0.077611774	-1.029312100	-3.181653483	0.171725823	-0.071828646	0.053517356	0.201086256	0.011378526	-0.104858196
1.272000000	0.066662891	0.643166649	0.384794587	0.077812790	-1.029300684	-3.181758311	0.171600071	-0.072354974	0.053955271	0.200946523	0.011453448	-0.104797168
1.273000000	0.066834428	0.643094031	0.384848761	0.078013667	-1.029289193	-3.181863077	0.171473383	-0.072880934	0.054392872	0.200805725	0.011528386	-0.104735626
1.274000000	0.067005838	0.643020887	0.384903373	0.078214402	-1.029277627	-3.181967782	0.171345761	-0.073406522	0.054830159	0.200663861	0.011603340	-0.104673568
1.275000000	0.067177120	0.642947217	0.384958422	0.078414994	-1.029265987	-3.182072425	0.171217205	-0.073931737	0.055267128	0.200520931	0.011678310	-0.104610996
1.276000000	0.067348272	0.642873023	0.385013907	0.078615444	-1.029254271	-3.182177004	0.171087715	-0.074456574	0.055703776	0.200376937	0.011753297	-0.104547908
1.277000000	0.067519295	0.642798304	0.385069829	0.078815748	-1.029242480	-3.182281520	0.170957292	-0.074981033	0.056140101	0.200231879	0.011828299	-0.104484305
1.278000000	0.067690187	0.642723061	0.385126188	0.079015907	-1.029230614	-3.182385973	0.170825935	-0.075505110	0.056576102	0.200085756	0.011903319	-0.104420188
1.279000000	0.067860947	0.642647294	0.385182982	0.079215920	-1.029218673	-3.182490361	0.170693647	-0.076028801	0.057011774	0.199938570	0.011978355	-0.104355556
1.280000000	0.068031574	0.642571003	0.385240211	0.079415784	-1.029206657	-3.182594684	0.170560426	-0.076552106	0.057447115	0.199790320	0.012053408	-0.104290409
1.281000000	0.068202068	0.642494190	0.385297876	0.079615500	-1.029194567	-3.182698942	0.170426273	-0.077075020	0.057882124	0.199641008	0.012128478	-0.104224748
1.282000000	0.068372427	0.642416853	0.385355976	0.079815066	-1.029182401	-3.182803133	0.170291190	-0.077597542	0.058316797	0.199490634	0.012203565	-0.104158572
1.283000000	0.068542650	0.642338995	0.385414510	0.080014482	-1.029170159	-3.182907259	0.170155175	-0.078119668	0.058751131	0.199339197	0.012278670	-0.104091881
1.284000000	0.068712737	0.642260614	0.385473478	0.080213745	-1.029157843	-3.183011317	0.170018230	-0.078641396	0.059185125	0.199186699	0.012353792	-0.104024677
1.285000000	0.068882686	0.642181712	0.385532880	0.080412855	-1.029145452	-3.183115308	0.169880355	-0.079162723	0.059618776	0.199033140	0.012428933	-0.103956957
1.286000000	0.069052498	0.642102288	0.385592716	0.080611811	-1.029132985	-3.183219231	0.169741551	-0.079683646	0.060052081	0.198878521	0.012504091	-0.103888724
1.287000000	0.069222170	0.642022344	0.385652984	0.080810612	-1.029120444	-3.183323085	0.169601817	-0.080204164	0.060485038	0.198722841	0.012579267	-0.103819976
1.288000000	0.069391701	0.641941880	0.385713686	0.081009257	-1.029107827	-3.183426871	0.169461156	-0.080724272	0.060917644	0.198566102	0.012654462	-0.103750714
1.289000000	0.069561092	0.641860896	0.385774820	0.081207744	-1.029095135	-3.183530587	0.169319565	-0.081243968	0.061349897	0.198408303	0.012729674	-0.103680938
1.290000000	0.069730340	0.641779392	0.385836386	0.081406073	-1.029082367	-3.183634233	0.169177048	-0.081763251	0.061781794	0.198249445	0.012804906	-0.103610648
1.291000000	0.069899446	0.641697369	0.385898383	0.081604243	-1.029069525	-3.183737808	0.169033602	-0.082282116	0.062213333	0.198089529	0.012880156	-0.103539844
1.292000000	0.070068408	0.641614828	0.385960812	0.081802252	-1.029056607	-3.183841312	0.168889230	-0.082800562	0.062644510	0.197928555	0.012955425	-0.103468526
1.293000000	0.070237224	0.641531768	0.386023672	0.082000100	-1.029043614	-3.183944745	0.168743933	-0.083318585	0.063075325	0.197766524	0.013030713	-0.103396695
1.294000000	0.070405895	0.641448190	0.386086963	0.082197785	-1.029030546	-3.184048106	0.168597709	-0.083836183	0.063505773	0.197603435	0.013106021	-0.103324350
1.295000000	0.070574420	0.641364095	0.386150684	0.082395307	-1.029017402	-3.184151394	0.168450559	-0.084353353	0.063935854	0.197439290	0.013181347	-0.103251491
1.296000000	0.070742796	0.641279484	0.386214835	0.082592664	-1.029004183	-3.184254609	0.168302485	-0.084870092	0.064365563	0.197274089	0.013256693	-0.103178118
1.297000000	0.070911025	0.641194355	0.386279415	0.082789855	-1.028990889	-3.184357750	0.168153486	-0.085386399	0.064794899	0.197107833	0.013332059	-0.103104232
1.298000000	0.071079103	0.641108711	0.386344425	0.082986880	-1.028977519	-3.184460817	0.168003564	-0.085902270	0.065223859	0.196940521	0.013407445	-0.103029833
1.299000000	0.071247032	0.641022551	0.386409863	0.083183736	-1.028964074	-3.184563810	0.167852717	-0.086417702	0.065652441	0.196772155	0.013482850	-0.102954920
1.300000000	0.071414809	0.640935875	0.386475730	0.083380424	-1.028950553	-3.184666727	0.167700948	-0.086932693	0.066080641	0.196602734	0.013558275	-0.102879494
1.301000000	0.071582434	0.640848685	0.386542024	0.083576942	-1.028936957	-3.184769569	0.167548257	-0.087447241	0.066508459	0.196432259	0.013633721	-0.102803555
1.302000000	0.071749905	0.640760981	0.386608747	0.083773288	-1.028923286	-3.184872334	0.167394643	-0.087961341	0.066935890	0.196260732	0.013709187	-0.102727103
1.303000000	0.071917223	0.640672762	0.386675896	0.083969463	-1.028909539	-3.184975023	0.167240108	-0.088474993	0.067362933	0.196088152	0.013784673	-0.102650137
1.304000000	0.072084386	0.640584031	0.386743472	0.084165465	-1.028895716	-3.185077634	0.167084652	-0.088988192	0.067789585	0.195914519	0.013860180	-0.102572659
1.305000000	0.072251392	0.640494786	0.386811475	0.084361292	-1.028881818	-3.185180168	0.166928275	-0.089500937	0.068215844	0.195739835	0.013935708	-0.102494668
1.306000000	0.072418242	0.640405029	0.386879904	0.084556944	-1.028867845	-3.185282624	0.166770978	-0.090013225	0.068641706	0.195564099	0.014011256	-0.102416164
1.307000000	0.072584934	0.640314759	0.386948759	0.084752420	-1.028853796	-3.185385001	0.166612762	-0.090525053	0.069067171	0.195387313	0.014086826	-0.102337148
1.308000000	0.072751468	0.640223978	0.387018039	0.084947719	-1.028839671	-3.185487298	0.166453627	-0.091036418	0.069492234	0.195209477	0.014162416	-0.102257619
1.309000000	0.072917841	0.640132686	0.387087743	0.085142839	-1.028825471	-3.185589516	0.166293573	-0.091547317	0.069916895	0.195030590	0.014238028	-0.102177577
1.310000000	0.073084055	0.640040884	0.387157872	0.085337780	-1.028811195	-3.185691653	0.166132601	-0.092057749	0.070341149	0.194850655	0.014313661	-0.102097023
1.311000000	0.073250107	0.639948571	0.387228426	0.085532540	-1.028796844	-3.185793710	0.165970712	-0.092567711	0.070764995	0.194669671	0.014389315	-0.102015957
1.312000000	0.073415996	0.639855748	0.387299403	0.085727119	-1.028782416	-3.185895685	0.165807906	-0.093077199	0.071188430	0.194487638	0.014464991	-0.101934379
1.313000000	0.073581722	0.639762416	0.387370803	0.085921516	-1.028767914	-3.185997579	0.165644183	-0.093586211	0.071611452	0.194304558	0.014540689	-0.101852288
1.314000000	0.073747284	0.639668576	0.387442625	0.086115728	-1.028753335	-3.186099390	0.165479545	-0.094094744	0.072034059	0.194120431	0.014616408	-0.101769685
1.315000000	0.073912681	0.639574227	0.387514871	0.086309756	-1.028738681	-3.186201118	0.165313991	-0.094602796	0.072456247	0.193935258	0.014692149	-0.101686570
1.316000000	0.074077912	0.639479370	0.387587538	0.086503599	-1.028723951	-3.186302763	0.165147523	-0.095110364	0.072878014	0.193749038	0.014767912	-0.101602944
1.317000000	0.074242976	0.639384006	0.387660627	0.086697255	-1.028709145	-3.186404324	0.164980140	-0.095617446	0.073299358	0.193561772	0.014843698	-0.101518805
1.318000000	0.074407873	0.639288135	0.387734137	0.086890722	-1.028694263	-3.186505800	0.164811843	-0.096124038	0.073720277	0.193373462	0.014919505	-0.101434155
1.319000000	0.074572600	0.639191758	0.387808067	0.087084001	-1.028679306	-3.186607192	0.164642633	-0.096630138	0.074140767	0.193184106	0.014995335	-0.101348994
1.320000000	0.074737158	0.639094875	0.387882418	0.087277091	-1.028664273	-3.186708498	0.164472511	-0.097135744	0.074560828	0.192993708	0.015071187	-0.101263321
1.321000000	0.074901545	0.638997486	0.387957189	0.087469989	-1.028649164	-3.186809719	0.164301476	-0.097640853	0.074980455	0.192802265	0.015147062	-0.101177136
1.322000000	0.075065761	0.638899593	0.388032379	0.087662695	-1.028633979	-3.186910853	0.164129530	-0.098145461	0.075399646	0.192609780	0.015222959	-0.101090440
1.323000000	0.075229804	0.638801195	0.388107989	0.087855208	-1.028618718	-3.187011900	0.163956673	-0.098649567	0.075818400	0.192416252	0.015298879	-0.101003233
1.324000000	0.075393674	0.638702294	0.388184016	0.088047528	-1.028603381	-3.187112859	0.163782905	-0.099153167	0.076236713	0.192221683	0.015374821	-0.100915515
1.325000000	0.075557370	0.638602889	0.388260462	0.088239652	-1.028587968	-3.187213731	0.163608227	-0.099656260	0.076654584	0.192026072	0.015450787	-0.100827286
1.326000000	0.075720891	0.638502981	0.388337325	0.088431580	-1.028572479	-3.187314514	0.163432641	-0.100158843	0.077072009	0.191829421	0.015526775	-0.100738546
1.327000000	0.075884235	0.638402571	0.388414606	0.088623311	-1.028556914	-3.187415208	0.163256145	-0.100660912	0.077488986	0.191631730	0.015602787	-0.100649295
1.328000000	0.076047403	0.638301659	0.388492303	0.088814843	-1.028541274	-3.187515812	0.163078741	-0.101162465	0.077905514	0.191432999	0.015678821	-0.100559533
1.329000000	0.076210393	0.638200246	0.388570417	0.089006176	-1.028525557	-3.187616327	0.162900430	-0.101663500	0.078321589	0.191233229	0.015754879	-0.100469261
1.330000000	0.076373204	0.638098332	0.388648947	0.089197310	-1.028509764	-3.187716751	0.162721211	-0.102164013	0.078737208	0.191032422	0.015830960	-0.100378478
1.331000000	0.076535835	0.637995918	0.388727892	0.089388241	-1.028493895	-3.187817084	0.162541087	-0.102664003	0.079152371	0.190830576	0.015907065	-0.100287185
1.332000000	0.076698286	0.637893004	0.388807252	0.089578971	-1.028477950	-3.187917325	0.162360056	-0.103163466	0.079567073	0.190627693	0.015983192	-0.100195381
1.333000000	0.076860555	0.637789591	0.388887026	0.089769497	-1.028461928	-3.188017474	0.162178120	-0.103662401	0.079981313	0.190423773	0.016059343	-0.100103068
1.334000000	0.077022642	0.637685679	0.388967214	0.089959818	-1.028445831	-3.188117531	0.161995279	-0.104160804	0.080395088	0.190218817	0.016135518	-0.100010244
1.335000000	0.077184546	0.637581269	0.389047816	0.090149934	-1.028429657	-3.188217495	0.161811534	-0.104658672	0.080808396	0.190012825	0.016211717	-0.099916910
1.336000000	0.077346265	0.637476362	0.389128831	0.090339844	-1.028413408	-3.188317365	0.161626886	-0.105156003	0.081221234	0.189805799	0.016287939	-0.099823066
1.337000000	0.077507799	0.637370957	0.389210259	0.090529546	-1.028397081	-3.188417141	0.161441335	-0.105652794	0.081633601	0.189597739	0.016364184	-0.099728713
1.338000000	0.077669148	0.637265056	0.389292098	0.090719039	-1.028380679	-3.188516822	0.161254881	-0.106149043	0.082045492	0.189388645	0.016440454	-0.099633850
1.339000000	0.077830309	0.637158659	0.389374350	0.090908323	-1.028364201	-3.188616409	0.161067526	-0.106644748	0.082456907	0.189178518	0.016516747	-0.099538477
1.340000000	0.077991283	0.637051767	0.389457012	0.091097396	-1.028347646	-3.188715899	0.160879269	-0.107139905	0.082867843	0.188967358	0.016593065	-0.099442595
1.341000000	0.078152068	0.636944379	0.389540085	0.091286258	-1.028331014	-3.188815294	0.160690113	-0.107634511	0.083278297	0.188755166	0.016669406	-0.099346204
1.342000000	0.078312663	0.636836498	0.389623569	0.091474907	-1.028314307	-3.188914592	0.160500056	-0.108128565	0.083688267	0.188541943	0.016745771	-0.099249303
1.343000000	0.078473068	0.636728122	0.389707462	0.091663342	-1.028297523	-3.189013793	0.160309100	-0.108622063	0.084097750	0.188327690	0.016822160	-0.099151894
1.344000000	0.078633281	0.636619253	0.389791764	0.091851562	-1.028280663	-3.189112896	0.160117246	-0.109115003	0.084506744	0.188112406	0.016898574	-0.099053975
1.345000000	0.078793302	0.636509892	0.389876476	0.092039566	-1.028263726	-3.189211900	0.159924493	-0.109607383	0.084915247	0.187896093	0.016975011	-0.098955547
1.346000000	0.078953130	0.636400039	0.389961595	0.092227354	-1.028246712	-3.189310807	0.159730843	-0.110099199	0.085323256	0.187678752	0.017051473	-0.098856611
1.347000000	0.079112764	0.636289694	0.390047122	0.092414924	-1.028229623	-3.189409614	0.159536297	-0.110590449	0.085730769	0.187460382	0.017127959	-0.098757166
1.348000000	0.079272203	0.636178858	0.390133057	0.092602275	-1.028212457	-3.189508321	0.159340854	-0.111081131	0.086137784	0.187240984	0.017204469	-0.098657213
1.349000000	0.079431446	0.636067531	0.390219398	0.092789406	-1.028195214	-3.189606928	0.159144516	-0.111571241	0.086544297	0.187020560	0.017281003	-0.098556751
1.350000000	0.079590492	0.635955715	0.390306145	0.092976316	-1.028177895	-3.189705434	0.158947283	-0.112060777	0.086950307	0.186799109	0.017357562	-0.098455781
1.351000000	0.079749340	0.635843410	0.390393298	0.093163004	-1.028160499	-3.189803840	0.158749156	-0.112549737	0.087355811	0.186576633	0.017434145	-0.098354303
1.352000000	0.079907990	0.635730616	0.390480857	0.093349469	-1.028143026	-3.189902143	0.158550136	-0.113038118	0.087760808	0.186353132	0.017510753	-0.098252316
1.353000000	0.080066440	0.635617333	0.390568820	0.093535710	-1.028125477	-3.190000344	0.158350222	-0.113525917	0.088165294	0.186128606	0.017587384	-0.098149822
1.354000000	0.080224690	0.635503564	0.390657187	0.093721726	-1.028107851	-3.190098443	0.158149417	-0.114013132	0.088569266	0.185903057	0.017664041	-0.098046820
1.355000000	0.080382739	0.635389307	0.390745959	0.093907516	-1.028090149	-3.190196438	0.157947719	-0.114499759	0.088972724	0.185676484	0.017740721	-0.097943310
1.356000000	0.080540586	0.635274564	0.390835133	0.094093079	-1.028072370	-3.190294329	0.157745131	-0.114985798	0.089375664	0.185448890	0.017817426	-0.097839293
1.357000000	0.080698229	0.635159335	0.390924710	0.094278414	-1.028054514	-3.190392116	0.157541653	-0.115471244	0.089778084	0.185220273	0.017894156	-0.097734768
1.358000000	0.080855669	0.635043622	0.391014689	0.094463520	-1.028036582	-3.190489799	0.157337285	-0.115956095	0.090179981	0.184990636	0.017970910	-0.097629737
1.359000000	0.081012904	0.634927423	0.391105070	0.094648395	-1.028018572	-3.190587376	0.157132028	-0.116440348	0.090581354	0.184759978	0.018047688	-0.097524197
1.360000000	0.081169933	0.634810741	0.391195852	0.094833040	-1.028000486	-3.190684847	0.156925883	-0.116924002	0.090982200	0.184528300	0.018124491	-0.097418151
1.361000000	0.081326756	0.634693575	0.391287034	0.095017452	-1.027982323	-3.190782212	0.156718851	-0.117407053	0.091382516	0.184295604	0.018201319	-0.097311598
1.362000000	0.081483371	0.634575927	0.391378617	0.095201631	-1.027964084	-3.190879470	0.156510932	-0.117889499	0.091782300	0.184061889	0.018278171	-0.097204538
1.363000000	0.081639777	0.634457796	0.391470599	0.095385576	-1.027945767	-3.190976621	0.156302126	-0.118371337	0.092181550	0.183827156	0.018355047	-0.097096972
1.364000000	0.081795975	0.634339184	0.391562980	0.095569285	-1.027927374	-3.191073664	0.156092435	-0.118852565	0.092580263	0.183591406	0.018431948	-0.096988899
1.365000000	0.081951962	0.634220091	0.391655760	0.095752758	-1.027908903	-3.191170599	0.155881859	-0.119333179	0.092978438	0.183354640	0.018508873	-0.096880319
1.366000000	0.082107739	0.634100517	0.391748937	0.095935994	-1.027890356	-3.191267425	0.155670399	-0.119813178	0.093376071	0.183116858	0.018585823	-0.096771234
1.367000000	0.082263303	0.633980464	0.391842512	0.096118992	-1.027871731	-3.191364141	0.155458056	-0.120292559	0.093773161	0.182878061	0.018662797	-0.096661642
1.368000000	0.082418655	0.633859932	0.391936483	0.096301751	-1.027853030	-3.191460748	0.155244830	-0.120771319	0.094169705	0.182638250	0.018739796	-0.096551544
1.369000000	0.082573793	0.633738922	0.392030851	0.096484269	-1.027834252	-3.191557245	0.155030722	-0.121249455	0.094565700	0.182397426	0.018816819	-0.096440941
1.370000000	0.082728716	0.633617433	0.392125615	0.096666545	-1.027815397	-3.191653630	0.154815733	-0.121726965	0.094961144	0.182155588	0.018893867	-0.096329831
1.371000000	0.082883424	0.633495468	0.392220774	0.096848580	-1.027796464	-3.191749904	0.154599863	-0.122203847	0.095356036	0.181912739	0.018970939	-0.096218217
1.372000000	0.083037916	0.633373026	0.392316327	0.097030371	-1.027777455	-3.191846066	0.154383114	-0.122680097	0.095750372	0.181668878	0.019048035	-0.096106096
1.373000000	0.083192190	0.633250107	0.392412274	0.097211917	-1.027758368	-3.191942116	0.154165485	-0.123155713	0.096144151	0.181424006	0.019125155	-0.095993471
1.374000000	0.083346247	0.633126714	0.392508615	0.097393219	-1.027739204	-3.192038053	0.153946978	-0.123630693	0.096537370	0.181178124	0.019202300	-0.095880340
1.375000000	0.083500084	0.633002846	0.392605349	0.097574274	-1.027719963	-3.192133877	0.153727593	-0.124105034	0.096930026	0.180931233	0.019279469	-0.095766704
1.376000000	0.083653702	0.632878504	0.392702475	0.097755081	-1.027700645	-3.192229587	0.153507331	-0.124578734	0.097322117	0.180683333	0.019356662	-0.095652564
1.377000000	0.083807099	0.632753688	0.392799994	0.097935640	-1.027681250	-3.192325182	0.153286193	-0.125051789	0.097713642	0.180434426	0.019433880	-0.095537918
1.378000000	0.083960274	0.632628400	0.392897903	0.098115950	-1.027661778	-3.192420663	0.153064180	-0.125524197	0.098104598	0.180184511	0.019511121	-0.095422768
1.379000000	0.084113227	0.632502640	0.392996203	0.098296009	-1.027642228	-3.192516028	0.152841291	-0.125995957	0.098494981	0.179933590	0.019588387	-0.095307114
1.380000000	0.084265957	0.632376408	0.393094893	0.098475817	-1.027622601	-3.192611277	0.152617529	-0.126467064	0.098884791	0.179681663	0.019665677	-0.095190956
1.381000000	0.084418462	0.632249706	0.393193972	0.098655373	-1.027602897	-3.192706410	0.152392894	-0.126937516	0.099274025	0.179428731	0.019742990	-0.095074293
1.382000000	0.084570743	0.632122533	0.393293441	0.098834675	-1.027583115	-3.192801425	0.152167386	-0.127407312	0.099662680	0.179174796	0.019820328	-0.094957126
1.383000000	0.084722797	0.631994891	0.393393298	0.099013722	-1.027563256	-3.192896324	0.151941006	-0.127876448	0.100050754	0.178919856	0.019897689	-0.094839456
1.384000000	0.084874625	0.631866780	0.393493542	0.099192514	-1.027543319	-3.192991104	0.151713755	-0.128344922	0.100438246	0.178663914	0.019975075	-0.094721281
1.385000000	0.085026225	0.631738201	0.393594174	0.099371050	-1.027523306	-3.193085766	0.151485634	-0.128812730	0.100825151	0.178406971	0.020052484	-0.094602604
1.386000000	0.085177596	0.631609155	0.393695193	0.099549328	-1.027503214	-3.193180310	0.151256643	-0.129279872	0.101211469	0.178149025	0.020129916	-0.094483422
1.387000000	0.085328738	0.631479641	0.393796597	0.099727348	-1.027483046	-3.193274733	0.151026784	-0.129746343	0.101597197	0.177890080	0.020207373	-0.094363738
1.388000000	0.085479649	0.631349662	0.393898387	0.099905108	-1.027462800	-3.193369037	0.150796057	-0.130212142	0.101982333	0.177630135	0.020284853	-0.094243551
1.389000000	0.085630330	0.631219217	0.394000562	0.100082608	-1.027442476	-3.193463220	0.150564463	-0.130677266	0.102366874	0.177369191	0.020362356	-0.094122860
1.390000000	0.085780778	0.631088307	0.394103121	0.100259847	-1.027422075	-3.193557283	0.150332002	-0.131141712	0.102750818	0.177107248	0.020439883	-0.094001667
1.391000000	0.085930994	0.630956934	0.394206064	0.100436823	-1.027401596	-3.193651224	0.150098676	-0.131605478	0.103134163	0.176844309	0.020517433	-0.093879971
1.392000000	0.086080976	0.630825096	0.394309389	0.100613535	-1.027381040	-3.193745043	0.149864484	-0.132068561	0.103516907	0.176580373	0.020595007	-0.093757773
1.393000000	0.086230723	0.630692796	0.394413098	0.100789983	-1.027360406	-3.193838739	0.149629429	-0.132530959	0.103899046	0.176315441	0.020672603	-0.093635073
1.394000000	0.086380234	0.630560034	0.394517188	0.100966166	-1.027339695	-3.193932313	0.149393511	-0.132992669	0.104280580	0.176049514	0.020750223	-0.093511870
1.395000000	0.086529510	0.630426811	0.394621659	0.101142082	-1.027318906	-3.194025763	0.149156730	-0.133453688	0.104661506	0.175782593	0.020827866	-0.093388165
1.396000000	0.086678548	0.630293127	0.394726511	0.101317731	-1.027298039	-3.194119089	0.148919087	-0.133914014	0.105041821	0.175514678	0.020905531	-0.093263959
1.397000000	0.086827348	0.630158983	0.394831742	0.101493112	-1.027277095	-3.194212291	0.148680584	-0.134373645	0.105421523	0.175245771	0.020983220	-0.093139251
1.398000000	0.086975909	0.630024380	0.394937354	0.101668223	-1.027256073	-3.194305368	0.148441220	-0.134832578	0.105800610	0.174975872	0.021060931	-0.093014041
1.399000000	0.087124230	0.629889318	0.395043344	0.101843063	-1.027234973	-3.194398319	0.148200998	-0.135290810	0.106179080	0.174704982	0.021138665	-0.092888331
1.400000000	0.087272311	0.629753798	0.395149712	0.102017633	-1.027213795	-3.194491144	0.147959916	-0.135748338	0.106556931	0.174433102	0.021216421	-0.092762118
1.401000000	0.087420150	0.629617821	0.395256458	0.102191930	-1.027192540	-3.194583843	0.147717978	-0.136205161	0.106934159	0.174160232	0.021294199	-0.092635405
1.402000000	0.087567747	0.629481388	0.395363580	0.102365953	-1.027171207	-3.194676415	0.147475182	-0.136661276	0.107310763	0.173886374	0.021372000	-0.092508192
1.403000000	0.087715101	0.629344498	0.395471079	0.102539702	-1.027149796	-3.194768859	0.147231530	-0.137116679	0.107686742	0.173611528	0.021449823	-0.092380477
1.404000000	0.087862210	0.629207154	0.395578954	0.102713176	-1.027128307	-3.194861176	0.146987024	-0.137571370	0.108062091	0.173335695	0.021527669	-0.092252262
1.405000000	0.088009075	0.629069356	0.395687203	0.102886374	-1.027106741	-3.194953364	0.146741663	-0.138025344	0.108436810	0.173058875	0.021605536	-0.092123547
1.406000000	0.088155693	0.628931103	0.395795827	0.103059294	-1.027085096	-3.195045423	0.146495449	-0.138478600	0.108810896	0.172781071	0.021683425	-0.091994332
1.407000000	0.088302065	0.628792398	0.395904825	0.103231936	-1.027063374	-3.195137353	0.146248381	-0.138931134	0.109184346	0.172502282	0.021761335	-0.091864617
1.408000000	0.088448190	0.628653241	0.396014196	0.103404298	-1.027041574	-3.195229152	0.146000462	-0.139382946	0.109557160	0.172222509	0.021839267	-0.091734401
1.409000000	0.088594066	0.628513632	0.396123940	0.103576381	-1.027019695	-3.195320821	0.145751693	-0.139834031	0.109929333	0.171941753	0.021917221	-0.091603687
1.410000000	0.088739693	0.628373573	0.396234055	0.103748182	-1.026997739	-3.195412360	0.145502073	-0.140284387	0.110300864	0.171660016	0.021995196	-0.091472473
1.411000000	0.088885070	0.628233064	0.396344541	0.103919701	-1.026975705	-3.195503766	0.145251603	-0.140734012	0.110671751	0.171377297	0.022073192	-0.091340759
1.412000000	0.089030197	0.628092105	0.396455398	0.104090936	-1.026953593	-3.195595041	0.145000286	-0.141182904	0.111041992	0.171093598	0.022151209	-0.091208547
1.413000000	0.089175071	0.627950698	0.396566625	0.104261888	-1.026931402	-3.195686183	0.144748121	-0.141631059	0.111411585	0.170808919	0.022229247	-0.091075836
1.414000000	0.089319693	0.627808843	0.396678222	0.104432554	-1.026909134	-3.195777193	0.144495109	-0.142078475	0.111780526	0.170523262	0.022307306	-0.090942626
1.415000000	0.089464061	0.627666541	0.396790187	0.104602934	-1.026886788	-3.195868069	0.144241251	-0.142525151	0.112148815	0.170236627	0.022385385	-0.090808917
1.416000000	0.089608175	0.627523792	0.396902519	0.104773028	-1.026864363	-3.195958811	0.143986548	-0.142971082	0.112516448	0.169949016	0.022463485	-0.090674710
1.417000000	0.089752034	0.627380599	0.397015219	0.104942832	-1.026841861	-3.196049418	0.143731002	-0.143416267	0.112883424	0.169660428	0.022541605	-0.090540005
1.418000000	0.089895637	0.627236960	0.397128286	0.105112348	-1.026819280	-3.196139891	0.143474612	-0.143860703	0.113249740	0.169370865	0.022619745	-0.090404802
1.419000000	0.090038983	0.627092877	0.397241719	0.105281574	-1.026796621	-3.196230228	0.143217380	-0.144304388	0.113615395	0.169080328	0.022697905	-0.090269101
1.420000000	0.090182072	0.626948351	0.397355517	0.105450509	-1.026773884	-3.196320429	0.142959306	-0.144747319	0.113980385	0.168788817	0.022776085	-0.090132903
1.421000000	0.090324902	0.626803382	0.397469680	0.105619152	-1.026751069	-3.196410493	0.142700392	-0.145189494	0.114344710	0.168496334	0.022854285	-0.089996207
1.422000000	0.090467473	0.626657972	0.397584207	0.105787502	-1.026728176	-3.196500421	0.142440638	-0.145630910	0.114708366	0.168202880	0.022932504	-0.089859014
1.423000000	0.090609783	0.626512121	0.397699097	0.105955557	-1.026705204	-3.196590211	0.142180046	-0.146071564	0.115071351	0.167908454	0.023010742	-0.089721324
1.424000000	0.090751833	0.626365829	0.397814349	0.106123318	-1.026682154	-3.196679864	0.141918615	-0.146511454	0.115433664	0.167613059	0.023088999	-0.089583137
1.425000000	0.090893620	0.626219098	0.397929964	0.106290784	-1.026659026	-3.196769378	0.141656348	-0.146950578	0.115795302	0.167316695	0.023167276	-0.089444453
1.426000000	0.091035145	0.626071928	0.398045940	0.106457952	-1.026635820	-3.196858753	0.141393245	-0.147388933	0.116156263	0.167019362	0.023245571	-0.089305273
1.427000000	0.091176407	0.625924320	0.398162276	0.106624822	-1.026612535	-3.196947988	0.141129306	-0.147826517	0.116516544	0.166721063	0.023323884	-0.089165597
1.428000000	0.091317404	0.625776275	0.398278973	0.106791394	-1.026589172	-3.197037084	0.140864533	-0.148263326	0.116876145	0.166421797	0.023402216	-0.089025425
1.429000000	0.091458136	0.625627793	0.398396029	0.106957666	-1.026565731	-3.197126039	0.140598927	-0.148699359	0.117235061	0.166121566	0.023480567	-0.088884756
1.430000000	0.091598602	0.625478876	0.398513443	0.107123637	-1.026542211	-3.197214853	0.140332489	-0.149134614	0.117593292	0.165820371	0.023558935	-0.088743593
1.431000000	0.091738801	0.625329524	0.398631215	0.107289307	-1.026518613	-3.197303526	0.140065219	-0.149569086	0.117950835	0.165518211	0.023637321	-0.088601933
1.432000000	0.091878732	0.625179738	0.398749345	0.107454673	-1.026494936	-3.197392057	0.139797119	-0.150002775	0.118307688	0.165215090	0.023715724	-0.088459779
1.433000000	0.092018395	0.625029518	0.398867831	0.107619737	-1.026471181	-3.197480446	0.139528189	-0.150435678	0.118663849	0.164911007	0.023794145	-0.088317129
1.434000000	0.092157789	0.624878866	0.398986673	0.107784495	-1.026447348	-3.197568691	0.139258430	-0.150867791	0.119019316	0.164605963	0.023872583	-0.088173984
1.435000000	0.092296912	0.624727783	0.399105870	0.107948949	-1.026423436	-3.197656794	0.138987844	-0.151299114	0.119374086	0.164299959	0.023951039	-0.088030345
1.436000000	0.092435764	0.624576268	0.399225421	0.108113095	-1.026399446	-3.197744752	0.138716431	-0.151729642	0.119728158	0.163992996	0.024029510	-0.087886212
1.437000000	0.092574345	0.624424323	0.399345326	0.108276935	-1.026375377	-3.197832566	0.138444192	-0.152159374	0.120081528	0.163685075	0.024107999	-0.087741584
1.438000000	0.092712653	0.624271949	0.399465584	0.108440465	-1.026351230	-3.197920235	0.138171128	-0.152588307	0.120434196	0.163376198	0.024186503	-0.087596462
1.439000000	0.092850687	0.624119147	0.399586194	0.108603687	-1.026327004	-3.198007759	0.137897240	-0.153016439	0.120786160	0.163066364	0.024265024	-0.087450846
1.440000000	0.092988447	0.623965916	0.399707156	0.108766598	-1.026302700	-3.198095137	0.137622530	-0.153443767	0.121137416	0.162755575	0.024343561	-0.087304737
1.441000000	0.093125932	0.623812259	0.399828469	0.108929198	-1.026278317	-3.198182369	0.137346997	-0.153870289	0.121487962	0.162443832	0.024422113	-0.087158134
1.442000000	0.093263141	0.623658176	0.399950132	0.109091486	-1.026253856	-3.198269453	0.137070643	-0.154296002	0.121837797	0.162131136	0.024500681	-0.087011039
1.443000000	0.093400073	0.623503667	0.400072145	0.109253460	-1.026229316	-3.198356391	0.136793470	-0.154720904	0.122186920	0.161817488	0.024579264	-0.086863450
1.444000000	0.093536728	0.623348734	0.400194506	0.109415121	-1.026204697	-3.198443180	0.136515477	-0.155144992	0.122535326	0.161502888	0.024657861	-0.086715368
1.445000000	0.093673104	0.623193377	0.400317215	0.109576466	-1.026180000	-3.198529821	0.136236666	-0.155568264	0.122883015	0.161187339	0.024736474	-0.086566794
1.446000000	0.093809201	0.623037597	0.400440272	0.109737495	-1.026155224	-3.198616314	0.135957038	-0.155990718	0.123229984	0.160870839	0.024815101	-0.086417728
1.447000000	0.093945018	0.622881395	0.400563675	0.109898208	-1.026130370	-3.198702657	0.135676594	-0.156412350	0.123576231	0.160553392	0.024893742	-0.086268169
1.448000000	0.094080554	0.622724772	0.400687425	0.110058602	-1.026105437	-3.198788850	0.135395335	-0.156833159	0.123921754	0.160234997	0.024972397	-0.086118119
1.449000000	0.094215809	0.622567729	0.400811519	0.110218678	-1.026080425	-3.198874893	0.135113262	-0.157253141	0.124266551	0.159915656	0.025051065	-0.085967577
1.450000000	0.094350781	0.622410266	0.400935958	0.110378433	-1.026055334	-3.198960785	0.134830375	-0.157672296	0.124610620	0.159595369	0.025129747	-0.085816544
1.451000000	0.094485470	0.622252384	0.401060740	0.110537868	-1.026030165	-3.199046526	0.134546677	-0.158090619	0.124953959	0.159274138	0.025208442	-0.085665019
1.452000000	0.094619874	0.622094085	0.401185866	0.110696982	-1.026004918	-3.199132115	0.134262167	-0.158508109	0.125296565	0.158951964	0.025287150	-0.085513003
1.453000000	0.094753994	0.621935368	0.401311333	0.110855772	-1.025979591	-3.199217552	0.133976847	-0.158924764	0.125638438	0.158628847	0.025365871	-0.085360497
1.454000000	0.094887828	0.621776235	0.401437143	0.111014239	-1.025954186	-3.199302836	0.133690718	-0.159340580	0.125979573	0.158304789	0.025444604	-0.085207500
1.455000000	0.095021375	0.621616687	0.401563293	0.111172382	-1.025928702	-3.199387967	0.133403781	-0.159755555	0.126319970	0.157979790	0.025523349	-0.085054013
1.456000000	0.095154635	0.621456724	0.401689783	0.111330199	-1.025903139	-3.199472944	0.133116037	-0.160169687	0.126659627	0.157653853	0.025602106	-0.084900036
1.457000000	0.095287607	0.621296348	0.401816612	0.111487689	-1.025877498	-3.199557767	0.132827487	-0.160582974	0.126998541	0.157326976	0.025680874	-0.084745569
1.458000000	0.095420290	0.621135558	0.401943780	0.111644853	-1.025851777	-3.199642435	0.132538131	-0.160995412	0.127336710	0.156999163	0.025759654	-0.084590612
1.459000000	0.095552684	0.620974357	0.402071285	0.111801688	-1.025825978	-3.199726948	0.132247972	-0.161407000	0.127674133	0.156670413	0.025838444	-0.084435166
1.460000000	0.095684786	0.620812744	0.402199128	0.111958194	-1.025800100	-3.199811306	0.131957010	-0.161817735	0.128010806	0.156340728	0.025917245	-0.084279231
1.461000000	0.095816598	0.620650721	0.402327307	0.112114369	-1.025774144	-3.199895507	0.131665246	-0.162227615	0.128346729	0.156010109	0.025996056	-0.084122807
1.462000000	0.095948117	0.620488289	0.402455822	0.112270214	-1.025748108	-3.199979551	0.131372681	-0.162636637	0.128681899	0.155678556	0.026074878	-0.083965895
1.463000000	0.096079343	0.620325448	0.402584671	0.112425726	-1.025721994	-3.200063438	0.131079317	-0.163044799	0.129016314	0.155346072	0.026153709	-0.083808494
1.464000000	0.096210275	0.620162199	0.402713854	0.112580906	-1.025695801	-3.200147168	0.130785153	-0.163452098	0.129349972	0.155012656	0.026232549	-0.083650605
1.465000000	0.096340913	0.619998544	0.402843371	0.112735752	-1.025669529	-3.200230740	0.130490192	-0.163858532	0.129682871	0.154678310	0.026311399	-0.083492228
1.466000000	0.096471256	0.619834482	0.402973220	0.112890262	-1.025643178	-3.200314153	0.130194434	-0.164264099	0.130015009	0.154343035	0.026390257	-0.083333363
1.467000000	0.096601302	0.619670015	0.403103401	0.113044438	-1.025616748	-3.200397406	0.129897881	-0.164668796	0.130346384	0.154006832	0.026469124	-0.083174011
1.468000000	0.096731051	0.619505144	0.403233913	0.113198276	-1.025590240	-3.200480501	0.129600533	-0.165072621	0.130676994	0.153669703	0.026547999	-0.083014172
1.469000000	0.096860503	0.619339870	0.403364755	0.113351777	-1.025563652	-3.200563435	0.129302392	-0.165475570	0.131006836	0.153331647	0.026626882	-0.082853846
1.470000000	0.096989656	0.619174193	0.403495926	0.113504939	-1.025536986	-3.200646208	0.129003459	-0.165877643	0.131335910	0.152992667	0.026705773	-0.082693033
1.471000000	0.097118510	0.619008115	0.403627427	0.113657762	-1.025510241	-3.200728821	0.128703734	-0.166278836	0.131664212	0.152652763	0.026784670	-0.082531734
1.472000000	0.097247064	0.618841636	0.403759255	0.113810245	-1.025483417	-3.200811272	0.128403218	-0.166679147	0.131991741	0.152311936	0.026863575	-0.082369948
1.473000000	0.097375316	0.618674756	0.403891410	0.113962386	-1.025456514	-3.200893561	0.128101915	-0.167078574	0.132318496	0.151970189	0.026942485	-0.082207677
1.474000000	0.097503267	0.618507478	0.404023892	0.114114185	-1.025429532	-3.200975687	0.127799822	-0.167477113	0.132644473	0.151627520	0.027021402	-0.082044920
1.475000000	0.097630916	0.618339802	0.404156699	0.114265641	-1.025402471	-3.201057650	0.127496943	-0.167874764	0.132969670	0.151283932	0.027100325	-0.081881678
1.476000000	0.097758261	0.618171729	0.404289831	0.114416753	-1.025375331	-3.201139450	0.127193279	-0.168271523	0.133294087	0.150939426	0.027179254	-0.081717950
1.477000000	0.097885303	0.618003259	0.404423287	0.114567520	-1.025348112	-3.201221086	0.126888829	-0.168667388	0.133617721	0.150594003	0.027258187	-0.081553738
1.478000000	0.098012039	0.617834394	0.404557067	0.114717941	-1.025320815	-3.201302558	0.126583596	-0.169062357	0.133940570	0.150247663	0.027337125	-0.081389041
1.479000000	0.098138470	0.617665134	0.404691169	0.114868015	-1.025293438	-3.201383864	0.126277581	-0.169456427	0.134262631	0.149900409	0.027416068	-0.081223860
1.480000000	0.098264594	0.617495481	0.404825592	0.115017742	-1.025265983	-3.201465006	0.125970784	-0.169849596	0.134583904	0.149552241	0.027495014	-0.081058194
1.481000000	0.098390411	0.617325435	0.404960336	0.115167120	-1.025238448	-3.201545981	0.125663207	-0.170241861	0.134904385	0.149203160	0.027573965	-0.080892045
1.482000000	0.098515920	0.617154997	0.405095401	0.115316148	-1.025210835	-3.201626790	0.125354851	-0.170633220	0.135224074	0.148853168	0.027652918	-0.080725413
1.483000000	0.098641121	0.616984169	0.405230785	0.115464826	-1.025183142	-3.201707432	0.125045717	-0.171023671	0.135542967	0.148502265	0.027731875	-0.080558297
1.484000000	0.098766012	0.616812950	0.405366487	0.115613153	-1.025155371	-3.201787906	0.124735806	-0.171413212	0.135861064	0.148150452	0.027810834	-0.080390698
1.485000000	0.098890593	0.616641342	0.405502507	0.115761127	-1.025127521	-3.201868213	0.124425119	-0.171801839	0.136178362	0.147797732	0.027889795	-0.080222616
1.486000000	0.099014862	0.616469346	0.405638844	0.115908748	-1.025099591	-3.201948351	0.124113658	-0.172189551	0.136494859	0.147444104	0.027968758	-0.080054052
1.487000000	0.099138820	0.616296963	0.405775497	0.116056015	-1.025071583	-3.202028321	0.123801423	-0.172576344	0.136810553	0.147089571	0.028047723	-0.079885006
1.488000000	0.099262465	0.616124194	0.405912465	0.116202927	-1.025043496	-3.202108121	0.123488416	-0.172962218	0.137125442	0.146734132	0.028126688	-0.079715477
1.489000000	0.099385797	0.615951039	0.406049747	0.116349483	-1.025015330	-3.202187752	0.123174639	-0.173347169	0.137439525	0.146377790	0.028205655	-0.079545468
1.490000000	0.099508814	0.615777499	0.406187344	0.116495683	-1.024987084	-3.202267212	0.122860091	-0.173731196	0.137752799	0.146020546	0.028284621	-0.079374977
1.491000000	0.099631517	0.615603576	0.406325253	0.116641524	-1.024958760	-3.202346502	0.122544774	-0.174114294	0.138065263	0.145662400	0.028363587	-0.079204004
1.492000000	0.099753904	0.615429271	0.406463474	0.116787007	-1.024930357	-3.202425620	0.122228690	-0.174496463	0.138376915	0.145303354	0.028442553	-0.079032551
1.493000000	0.099875974	0.615254583	0.406602007	0.116932131	-1.024901875	-3.202504567	0.121911839	-0.174877701	0.138687752	0.144943409	0.028521517	-0.078860618
1.494000000	0.099997727	0.615079515	0.406740850	0.117076894	-1.024873314	-3.202583342	0.121594224	-0.175258004	0.138997772	0.144582566	0.028600481	-0.078688205
1.495000000	0.100119163	0.614904067	0.406880002	0.117221296	-1.024844674	-3.202661943	0.121275844	-0.175637369	0.139306975	0.144220826	0.028679442	-0.078515311
1.496000000	0.100240279	0.614728240	0.407019464	0.117365336	-1.024815955	-3.202740372	0.120956701	-0.176015796	0.139615357	0.143858191	0.028758401	-0.078341938
1.497000000	0.100361076	0.614552036	0.407159233	0.117509012	-1.024787157	-3.202818627	0.120636796	-0.176393282	0.139922918	0.143494662	0.028837358	-0.078168086
1.498000000	0.100481553	0.614375454	0.407299310	0.117652325	-1.024758281	-3.202896708	0.120316131	-0.176769824	0.140229654	0.143130239	0.028916311	-0.077993754
1.499000000	0.100601708	0.614198496	0.407439693	0.117795273	-1.024729325	-3.202974615	0.119994707	-0.177145419	0.140535565	0.142764924	0.028995261	-0.077818944
1.500000000	0.100721542	0.614021163	0.407580381	0.117937855	-1.024700290	-3.203052346	0.119672525	-0.177520066	0.140840648	0.142398719	0.029074207	-0.077643655
1.501000000	0.100841053	0.613843456	0.407721374	0.118080070	-1.024671176	-3.203129902	0.119349585	-0.177893762	0.141144901	0.142031624	0.029153149	-0.077467889
1.502000000	0.100960241	0.613665375	0.407862671	0.118221918	-1.024641984	-3.203207282	0.119025891	-0.178266506	0.141448323	0.141663641	0.029232086	-0.077291644
1.503000000	0.101079105	0.613486923	0.408004271	0.118363398	-1.024612712	-3.203284485	0.118701441	-0.178638293	0.141750911	0.141294771	0.029311017	-0.077114922
1.504000000	0.101197644	0.613308099	0.408146173	0.118504508	-1.024583362	-3.203361512	0.118376239	-0.179009123	0.142052664	0.140925015	0.029389943	-0.076937723
1.505000000	0.101315857	0.613128904	0.408288376	0.118645248	-1.024553932	-3.203438361	0.118050284	-0.179378992	0.142353580	0.140554374	0.029468863	-0.076760047
1.506000000	0.101433745	0.612949341	0.408430880	0.118785616	-1.024524424	-3.203515032	0.117723578	-0.179747899	0.142653658	0.140182849	0.029547776	-0.076581894
1.507000000	0.101551305	0.612769409	0.408573683	0.118925613	-1.024494837	-3.203591525	0.117396124	-0.180115842	0.142952894	0.139810443	0.029626682	-0.076403265
1.508000000	0.101668537	0.612589109	0.408716786	0.119065237	-1.024465171	-3.203667838	0.117067920	-0.180482817	0.143251287	0.139437155	0.029705581	-0.076224160
1.509000000	0.101785440	0.612408443	0.408860186	0.119204488	-1.024435426	-3.203743973	0.116738970	-0.180848822	0.143548836	0.139062988	0.029784472	-0.076044579
1.510000000	0.101902015	0.612227411	0.409003883	0.119343363	-1.024405602	-3.203819928	0.116409274	-0.181213856	0.143845539	0.138687942	0.029863354	-0.075864523
1.511000000	0.102018259	0.612046015	0.409147877	0.119481863	-1.024375699	-3.203895702	0.116078833	-0.181577916	0.144141393	0.138312018	0.029942227	-0.075683992
1.512000000	0.102134172	0.611864255	0.409292166	0.119619987	-1.024345717	-3.203971296	0.115747649	-0.181941000	0.144436397	0.137935219	0.030021091	-0.075502986
1.513000000	0.102249754	0.611682133	0.409436750	0.119757734	-1.024315657	-3.204046708	0.115415723	-0.182303104	0.144730549	0.137557545	0.030099945	-0.075321506
1.514000000	0.102365004	0.611499649	0.409581627	0.119895102	-1.024285517	-3.204121939	0.115083056	-0.182664228	0.145023847	0.137178997	0.030178788	-0.075139552
1.515000000	0.102479920	0.611316805	0.409726797	0.120032092	-1.024255299	-3.204196987	0.114749649	-0.183024369	0.145316290	0.136799577	0.030257621	-0.074957123
1.516000000	0.102594503	0.611133600	0.409872260	0.120168701	-1.024225002	-3.204271853	0.114415505	-0.183383523	0.145607875	0.136419286	0.030336443	-0.074774222
1.517000000	0.102708751	0.610950038	0.410018013	0.120304930	-1.024194626	-3.204346535	0.114080623	-0.183741690	0.145898601	0.136038126	0.030415252	-0.074590847
1.518000000	0.102822664	0.610766117	0.410164057	0.120440778	-1.024164172	-3.204421034	0.113745006	-0.184098867	0.146188466	0.135656097	0.030494049	-0.074407000
1.519000000	0.102936241	0.610581840	0.410310390	0.120576242	-1.024133638	-3.204495349	0.113408654	-0.184455051	0.146477468	0.135273200	0.030572834	-0.074222680
1.520000000	0.103049481	0.610397207	0.410457012	0.120711324	-1.024103026	-3.204569480	0.113071569	-0.184810241	0.146765605	0.134889438	0.030651605	-0.074037888
1.521000000	0.103162384	0.610212219	0.410603921	0.120846021	-1.024072335	-3.204643425	0.112733752	-0.185164433	0.147052875	0.134504811	0.030730362	-0.073852625
1.522000000	0.103274949	0.610026878	0.410751118	0.120980334	-1.024041565	-3.204717185	0.112395205	-0.185517626	0.147339277	0.134119321	0.030809105	-0.073666890
1.523000000	0.103387175	0.609841184	0.410898600	0.121114260	-1.024010717	-3.204790759	0.112055928	-0.185869817	0.147624809	0.133732969	0.030887833	-0.073480684
1.524000000	0.103499061	0.609655138	0.411046367	0.121247799	-1.023979790	-3.204864146	0.111715924	-0.186221005	0.147909469	0.133345756	0.030966546	-0.073294007
1.525000000	0.103610607	0.609468742	0.411194419	0.121380951	-1.023948784	-3.204937347	0.111375192	-0.186571186	0.148193256	0.132957684	0.031045243	-0.073106859
1.526000000	0.103721811	0.609281996	0.411342754	0.121513715	-1.023917699	-3.205010360	0.111033736	-0.186920358	0.148476167	0.132568753	0.031123923	-0.072919242
1.527000000	0.103832674	0.609094901	0.411491371	0.121646089	-1.023886536	-3.205083185	0.110691556	-0.187268520	0.148758200	0.132178966	0.031202587	-0.072731155
1.528000000	0.103943194	0.608907459	0.411640270	0.121778073	-1.023855294	-3.205155822	0.110348653	-0.187615669	0.149039355	0.131788324	0.031281233	-0.072542598
1.529000000	0.104053371	0.608719670	0.411789450	0.121909666	-1.023823973	-3.205228271	0.110005028	-0.187961803	0.149319628	0.131396827	0.031359860	-0.072353573
1.530000000	0.104163204	0.608531535	0.411938910	0.122040866	-1.023792574	-3.205300530	0.109660684	-0.188306919	0.149599019	0.131004478	0.031438470	-0.072164079
1.531000000	0.104272693	0.608343056	0.412088648	0.122171674	-1.023761096	-3.205372599	0.109315621	-0.188651016	0.149877526	0.130611277	0.031517060	-0.071974116
1.532000000	0.104381835	0.608154233	0.412238665	0.122302089	-1.023729540	-3.205444478	0.108969841	-0.188994090	0.150155146	0.130217226	0.031595631	-0.071783686
1.533000000	0.104490632	0.607965068	0.412388958	0.122432109	-1.023697905	-3.205516166	0.108623345	-0.189336140	0.150431879	0.129822326	0.031674181	-0.071592788
1.534000000	0.104599082	0.607775561	0.412539528	0.122561734	-1.023666192	-3.205587663	0.108276134	-0.189677163	0.150707722	0.129426579	0.031752711	-0.071401423
1.535000000	0.104707184	0.607585713	0.412690374	0.122690962	-1.023634400	-3.205658969	0.107928210	-0.190017158	0.150982673	0.129029986	0.031831219	-0.071209591
1.536000000	0.104814939	0.607395527	0.412841494	0.122819793	-1.023602529	-3.205730082	0.107579574	-0.190356122	0.151256732	0.128632548	0.031909705	-0.071017292
1.537000000	0.104922344	0.607205001	0.412992887	0.122948227	-1.023570580	-3.205801003	0.107230228	-0.190694052	0.151529895	0.128234267	0.031988169	-0.070824527
1.538000000	0.105029399	0.607014138	0.413144554	0.123076262	-1.023538553	-3.205871732	0.106880173	-0.191030947	0.151802162	0.127835144	0.032066610	-0.070631297
1.539000000	0.105136104	0.606822939	0.413296492	0.123203897	-1.023506447	-3.205942266	0.106529409	-0.191366804	0.152073531	0.127435180	0.032145027	-0.070437601
1.540000000	0.105242458	0.606631405	0.413448701	0.123331132	-1.023474263	-3.206012607	0.106177940	-0.191701621	0.152343999	0.127034377	0.032223421	-0.070243440
1.541000000	0.105348460	0.606439536	0.413601180	0.123457966	-1.023442000	-3.206082753	0.105825765	-0.192035396	0.152613566	0.126632736	0.032301789	-0.070048815
1.542000000	0.105454109	0.606247334	0.413753928	0.123584398	-1.023409659	-3.206152704	0.105472887	-0.192368126	0.152882229	0.126230259	0.032380132	-0.069853725
1.543000000	0.105559406	0.606054800	0.413906944	0.123710427	-1.023377240	-3.206222460	0.105119306	-0.192699810	0.153149988	0.125826947	0.032458449	-0.069658171
1.544000000	0.105664348	0.605861934	0.414060228	0.123836052	-1.023344742	-3.206292021	0.104765025	-0.193030445	0.153416839	0.125422801	0.032536740	-0.069462154
1.545000000	0.105768936	0.605668739	0.414213778	0.123961272	-1.023312166	-3.206361385	0.104410045	-0.193360028	0.153682782	0.125017823	0.032615003	-0.069265674
1.546000000	0.105873168	0.605475214	0.414367593	0.124086087	-1.023279512	-3.206430552	0.104054366	-0.193688559	0.153947814	0.124612014	0.032693239	-0.069068731
1.547000000	0.105977044	0.605281362	0.414521674	0.124210496	-1.023246780	-3.206499522	0.103697991	-0.194016034	0.154211934	0.124205375	0.032771447	-0.068871325
1.548000000	0.106080564	0.605087182	0.414676017	0.124334498	-1.023213969	-3.206568295	0.103340920	-0.194342451	0.154475141	0.123797909	0.032849625	-0.068673458
1.549000000	0.106183726	0.604892677	0.414830624	0.124458092	-1.023181081	-3.206636869	0.102983156	-0.194667808	0.154737432	0.123389616	0.032927775	-0.068475129
1.550000000	0.106286530	0.604697847	0.414985492	0.124581277	-1.023148114	-3.206705245	0.102624700	-0.194992103	0.154998807	0.122980499	0.033005894	-0.068276339
1.551000000	0.106388975	0.604502693	0.415140621	0.124704053	-1.023115069	-3.206773422	0.102265553	-0.195315333	0.155259262	0.122570557	0.033083982	-0.068077088
1.552000000	0.106491061	0.604307216	0.415296011	0.124826418	-1.023081946	-3.206841399	0.101905716	-0.195637497	0.155518797	0.122159793	0.033162039	-0.067877377
1.553000000	0.106592787	0.604111418	0.415451659	0.124948372	-1.023048745	-3.206909176	0.101545191	-0.195958593	0.155777411	0.121748208	0.033240064	-0.067677206
1.554000000	0.106694152	0.603915299	0.415607566	0.125069915	-1.023015466	-3.206976753	0.101183980	-0.196278617	0.156035100	0.121335804	0.033318056	-0.067476575
1.555000000	0.106795155	0.603718860	0.415763729	0.125191044	-1.022982109	-3.207044130	0.100822083	-0.196597568	0.156291864	0.120922582	0.033396015	-0.067275485
1.556000000	0.106895796	0.603522103	0.415920149	0.125311760	-1.022948674	-3.207111304	0.100459503	-0.196915444	0.156547701	0.120508544	0.033473940	-0.067073937
1.557000000	0.106996074	0.603325029	0.416076825	0.125432061	-1.022915161	-3.207178277	0.100096241	-0.197232243	0.156802610	0.120093690	0.033551830	-0.066871930
1.558000000	0.107095988	0.603127639	0.416233755	0.125551947	-1.022881570	-3.207245048	0.099732298	-0.197547962	0.157056588	0.119678023	0.033629686	-0.066669465
1.559000000	0.107195538	0.602929933	0.416390938	0.125671417	-1.022847901	-3.207311616	0.099367676	-0.197862598	0.157309634	0.119261544	0.033707505	-0.066466542
1.560000000	0.107294724	0.602731914	0.416548374	0.125790470	-1.022814155	-3.207377981	0.099002376	-0.198176151	0.157561747	0.118844255	0.033785289	-0.066263163
1.561000000	0.107393543	0.602533581	0.416706061	0.125909106	-1.022780331	-3.207444143	0.098636399	-0.198488618	0.157812925	0.118426156	0.033863035	-0.066059327
1.562000000	0.107491996	0.602334937	0.416864000	0.126027322	-1.022746429	-3.207510100	0.098269748	-0.198799997	0.158063166	0.118007250	0.033940743	-0.065855034
1.563000000	0.107590083	0.602135981	0.417022188	0.126145120	-1.022712449	-3.207575853	0.097902424	-0.199110285	0.158312468	0.117587537	0.034018413	-0.065650286
1.564000000	0.107687801	0.601936716	0.417180625	0.126262498	-1.022678392	-3.207641400	0.097534427	-0.199419480	0.158560830	0.117167020	0.034096043	-0.065445082
1.565000000	0.107785151	0.601737142	0.417339309	0.126379454	-1.022644257	-3.207706743	0.097165761	-0.199727580	0.158808251	0.116745700	0.034173634	-0.065239423
1.566000000	0.107882133	0.601537261	0.417498241	0.126495989	-1.022610045	-3.207771879	0.096796425	-0.200034584	0.159054728	0.116323579	0.034251185	-0.065033310
1.567000000	0.107978744	0.601337073	0.417657419	0.126612101	-1.022575755	-3.207836809	0.096426423	-0.200340488	0.159300261	0.115900657	0.034328694	-0.064826743
1.568000000	0.108074985	0.601136580	0.417816842	0.126727790	-1.022541387	-3.207901533	0.096055754	-0.200645292	0.159544847	0.115476937	0.034406162	-0.064619722
1.569000000	0.108170856	0.600935782	0.417976509	0.126843055	-1.022506943	-3.207966049	0.095684421	-0.200948991	0.159788485	0.115052420	0.034483587	-0.064412248
1.570000000	0.108266354	0.600734682	0.418136419	0.126957895	-1.022472420	-3.208030357	0.095312425	-0.201251585	0.160031173	0.114627107	0.034560969	-0.064204321
1.571000000	0.108361481	0.600533279	0.418296571	0.127072309	-1.022437821	-3.208094458	0.094939769	-0.201553072	0.160272911	0.114201000	0.034638307	-0.063995942
1.572000000	0.108456234	0.600331576	0.418456965	0.127186297	-1.022403144	-3.208158349	0.094566452	-0.201853449	0.160513695	0.113774101	0.034715601	-0.063787111
1.573000000	0.108550613	0.600129572	0.418617598	0.127299857	-1.022368389	-3.208222032	0.094192477	-0.202152714	0.160753525	0.113346411	0.034792849	-0.063577828
1.574000000	0.108644619	0.599927270	0.418778472	0.127412990	-1.022333558	-3.208285505	0.093817846	-0.202450864	0.160992399	0.112917932	0.034870052	-0.063368094
1.575000000	0.108738249	0.599724670	0.418939583	0.127525693	-1.022298649	-3.208348768	0.093442560	-0.202747899	0.161230316	0.112488665	0.034947208	-0.063157910
1.576000000	0.108831504	0.599521774	0.419100932	0.127637967	-1.022263664	-3.208411821	0.093066620	-0.203043815	0.161467274	0.112058612	0.035024316	-0.062947276
1.577000000	0.108924382	0.599318583	0.419262518	0.127749810	-1.022228601	-3.208474662	0.092690028	-0.203338611	0.161703271	0.111627774	0.035101376	-0.062736192
1.578000000	0.109016884	0.599115097	0.419424339	0.127861223	-1.022193461	-3.208537293	0.092312785	-0.203632285	0.161938306	0.111196153	0.035178388	-0.062524659
1.579000000	0.109109008	0.598911318	0.419586394	0.127972203	-1.022158244	-3.208599712	0.091934894	-0.203924833	0.162172378	0.110763750	0.035255350	-0.062312677
1.580000000	0.109200754	0.598707247	0.419748684	0.128082750	-1.022122950	-3.208661918	0.091556356	-0.204216255	0.162405484	0.110330568	0.035332262	-0.062100248
1.581000000	0.109292121	0.598502886	0.419911205	0.128192864	-1.022087579	-3.208723912	0.091177172	-0.204506548	0.162637624	0.109896608	0.035409123	-0.061887370
1.582000000	0.109383108	0.598298234	0.420073959	0.128302543	-1.022052132	-3.208785693	0.090797343	-0.204795711	0.162868795	0.109461870	0.035485932	-0.061674045
1.583000000	0.109473715	0.598093294	0.420236943	0.128411788	-1.022016607	-3.208847260	0.090416873	-0.205083740	0.163098997	0.109026358	0.035562689	-0.061460273
1.584000000	0.109563942	0.597888067	0.420400157	0.128520596	-1.021981006	-3.208908614	0.090035761	-0.205370634	0.163328227	0.108590072	0.035639393	-0.061246055
1.585000000	0.109653787	0.597682553	0.420563599	0.128628968	-1.021945329	-3.208969752	0.089654010	-0.205656391	0.163556484	0.108153014	0.035716043	-0.061031391
1.586000000	0.109743250	0.597476754	0.420727270	0.128736902	-1.021909574	-3.209030676	0.089271621	-0.205941009	0.163783767	0.107715186	0.035792638	-0.060816282
1.587000000	0.109832330	0.597270671	0.420891167	0.128844398	-1.021873743	-3.209091385	0.088888597	-0.206224485	0.164010075	0.107276590	0.035869178	-0.060600728
1.588000000	0.109921027	0.597064305	0.421055290	0.128951455	-1.021837836	-3.209151878	0.088504937	-0.206506818	0.164235405	0.106837226	0.035945662	-0.060384729
1.589000000	0.110009340	0.596857657	0.421219638	0.129058072	-1.021801852	-3.209212154	0.088120645	-0.206788006	0.164459756	0.106397097	0.036022089	-0.060168287
1.590000000	0.110097268	0.596650729	0.421384210	0.129164249	-1.021765792	-3.209272214	0.087735722	-0.207068045	0.164683127	0.105956204	0.036098458	-0.059951401
1.591000000	0.110184811	0.596443521	0.421549004	0.129269985	-1.021729655	-3.209332057	0.087350168	-0.207346936	0.164905516	0.105514549	0.036174769	-0.059734072
1.592000000	0.110271968	0.596236035	0.421714021	0.129375278	-1.021693442	-3.209391683	0.086963987	-0.207624674	0.165126922	0.105072134	0.036251021	-0.059516301
1.593000000	0.110358739	0.596028272	0.421879258	0.129480129	-1.021657153	-3.209451090	0.086577180	-0.207901259	0.165347344	0.104628959	0.036327213	-0.059298088
1.594000000	0.110445123	0.595820233	0.422044715	0.129584536	-1.021620788	-3.209510279	0.086189748	-0.208176688	0.165566779	0.104185028	0.036403344	-0.059079434
1.595000000	0.110531119	0.595611918	0.422210392	0.129688499	-1.021584346	-3.209569249	0.085801692	-0.208450959	0.165785226	0.103740341	0.036479414	-0.058860338
1.596000000	0.110616726	0.595403331	0.422376286	0.129792017	-1.021547829	-3.209627999	0.085413015	-0.208724070	0.166002685	0.103294901	0.036555421	-0.058640803
1.597000000	0.110701945	0.595194470	0.422542397	0.129895089	-1.021511236	-3.209686530	0.085023719	-0.208996019	0.166219152	0.102848708	0.036631366	-0.058420827
1.598000000	0.110786774	0.594985339	0.422708724	0.129997714	-1.021474566	-3.209744841	0.084633804	-0.209266805	0.166434628	0.102401765	0.036707246	-0.058200412
1.599000000	0.110871212	0.594775937	0.422875266	0.130099892	-1.021437821	-3.209802931	0.084243273	-0.209536424	0.166649111	0.101954073	0.036783062	-0.057979558
1.600000000	0.110955260	0.594566266	0.423042022	0.130201622	-1.021401000	-3.209860800	0.083852128	-0.209804875	0.166862598	0.101505634	0.036858813	-0.057758266
1.601000000	0.111038916	0.594356327	0.423208991	0.130302904	-1.021364103	-3.209918448	0.083460369	-0.210072156	0.167075089	0.101056449	0.036934497	-0.057536536
1.602000000	0.111122181	0.594146121	0.423376172	0.130403735	-1.021327131	-3.209975873	0.083067998	-0.210338265	0.167286583	0.100606521	0.037010114	-0.057314369
1.603000000	0.111205052	0.593935650	0.423543565	0.130504117	-1.021290083	-3.210033076	0.082675018	-0.210603200	0.167497077	0.100155851	0.037085664	-0.057091766
1.604000000	0.111287531	0.593724915	0.423711167	0.130604047	-1.021252960	-3.210090057	0.082281430	-0.210866959	0.167706571	0.099704441	0.037161145	-0.056868726
1.605000000	0.111369615	0.593513916	0.423878978	0.130703526	-1.021215761	-3.210146814	0.081887236	-0.211129540	0.167915063	0.099252292	0.037236556	-0.056645250
1.606000000	0.111451305	0.593302656	0.424046997	0.130802552	-1.021178487	-3.210203347	0.081492437	-0.211390940	0.168122551	0.098799407	0.037311898	-0.056421339
1.607000000	0.111532600	0.593091135	0.424215223	0.130901124	-1.021141137	-3.210259656	0.081097035	-0.211651159	0.168329035	0.098345786	0.037387168	-0.056196994
1.608000000	0.111613499	0.592879354	0.424383655	0.130999243	-1.021103712	-3.210315741	0.080701032	-0.211910193	0.168534512	0.097891432	0.037462366	-0.055972215
1.609000000	0.111694002	0.592667314	0.424552292	0.131096907	-1.021066212	-3.210371601	0.080304429	-0.212168041	0.168738982	0.097436347	0.037537492	-0.055747002
1.610000000	0.111774108	0.592455017	0.424721133	0.131194116	-1.021028637	-3.210427235	0.079907229	-0.212424700	0.168942443	0.096980531	0.037612544	-0.055521356
1.611000000	0.111853817	0.592242465	0.424890177	0.131290868	-1.020990987	-3.210482644	0.079509433	-0.212680170	0.169144894	0.096523988	0.037687522	-0.055295278
1.612000000	0.111933127	0.592029657	0.425059423	0.131387164	-1.020953262	-3.210537826	0.079111042	-0.212934448	0.169346333	0.096066719	0.037762424	-0.055068769
1.613000000	0.112012039	0.591816596	0.425228869	0.131483002	-1.020915462	-3.210592781	0.078712059	-0.213187531	0.169546758	0.095608724	0.037837251	-0.054841827
1.614000000	0.112090551	0.591603282	0.425398516	0.131578381	-1.020877588	-3.210647509	0.078312485	-0.213439419	0.169746170	0.095150008	0.037912001	-0.054614456
1.615000000	0.112168664	0.591389717	0.425568362	0.131673302	-1.020839638	-3.210702010	0.077912322	-0.213690108	0.169944565	0.094690570	0.037986673	-0.054386654
1.616000000	0.112246376	0.591175902	0.425738405	0.131767762	-1.020801614	-3.210756283	0.077511572	-0.213939597	0.170141943	0.094230413	0.038061266	-0.054158423
1.617000000	0.112323687	0.590961838	0.425908646	0.131861762	-1.020763516	-3.210810327	0.077110236	-0.214187885	0.170338303	0.093769538	0.038135780	-0.053929762
1.618000000	0.112400596	0.590747526	0.426079082	0.131955301	-1.020725343	-3.210864142	0.076708316	-0.214434968	0.170533643	0.093307948	0.038210214	-0.053700674
1.619000000	0.112477103	0.590532968	0.426249713	0.132048378	-1.020687095	-3.210917728	0.076305815	-0.214680846	0.170727962	0.092845645	0.038284566	-0.053471157
1.620000000	0.112553208	0.590318164	0.426420538	0.132140993	-1.020648774	-3.210971084	0.075902733	-0.214925515	0.170921258	0.092382629	0.038358837	-0.053241213
1.621000000	0.112628909	0.590103117	0.426591555	0.132233144	-1.020610378	-3.211024211	0.075499073	-0.215168975	0.171113531	0.091918903	0.038433024	-0.053010843
1.622000000	0.112704206	0.589887826	0.426762765	0.132324830	-1.020571908	-3.211077106	0.075094836	-0.215411223	0.171304778	0.091454469	0.038507128	-0.052780047
1.623000000	0.112779099	0.589672294	0.426934165	0.132416052	-1.020533364	-3.211129771	0.074690024	-0.215652258	0.171494999	0.090989328	0.038581147	-0.052548825
1.624000000	0.112853586	0.589456522	0.427105755	0.132506809	-1.020494745	-3.211182204	0.074284639	-0.215892077	0.171684192	0.090523482	0.038655081	-0.052317178
1.625000000	0.112927668	0.589240510	0.427277533	0.132597099	-1.020456053	-3.211234405	0.073878683	-0.216130678	0.171872356	0.090056934	0.038728929	-0.052085107
1.626000000	0.113001343	0.589024260	0.427449500	0.132686923	-1.020417288	-3.211286374	0.073472158	-0.216368059	0.172059489	0.089589685	0.038802689	-0.051852613
1.627000000	0.113074612	0.588807774	0.427621652	0.132776279	-1.020378448	-3.211338110	0.073065065	-0.216604220	0.172245591	0.089121736	0.038876361	-0.051619695
1.628000000	0.113147473	0.588591052	0.427793991	0.132865166	-1.020339535	-3.211389613	0.072657406	-0.216839157	0.172430660	0.088653091	0.038949944	-0.051386355
1.629000000	0.113219927	0.588374096	0.427966514	0.132953585	-1.020300548	-3.211440883	0.072249183	-0.217072869	0.172614694	0.088183749	0.039023437	-0.051152593
1.630000000	0.113291972	0.588156906	0.428139220	0.133041534	-1.020261488	-3.211491919	0.071840398	-0.217305353	0.172797693	0.087713715	0.039096839	-0.050918410
1.631000000	0.113363608	0.587939485	0.428312109	0.133129012	-1.020222354	-3.211542720	0.071431053	-0.217536609	0.172979655	0.087242988	0.039170150	-0.050683807
1.632000000	0.113434834	0.587721833	0.428485180	0.133216020	-1.020183148	-3.211593286	0.071021149	-0.217766634	0.173160579	0.086771572	0.039243368	-0.050448783
1.633000000	0.113505650	0.587503952	0.428658430	0.133302555	-1.020143868	-3.211643617	0.070610688	-0.217995425	0.173340463	0.086299468	0.039316492	-0.050213340
1.634000000	0.113576055	0.587285842	0.428831860	0.133388619	-1.020104515	-3.211693713	0.070199673	-0.218222982	0.173519307	0.085826678	0.039389522	-0.049977479
1.635000000	0.113646049	0.587067506	0.429005469	0.133474209	-1.020065089	-3.211743572	0.069788105	-0.218449303	0.173697109	0.085353204	0.039462456	-0.049741199
1.636000000	0.113715631	0.586848944	0.429179255	0.133559325	-1.020025590	-3.211793195	0.069375986	-0.218674385	0.173873868	0.084879048	0.039535295	-0.049504502
1.637000000	0.113784801	0.586630157	0.429353217	0.133643967	-1.019986018	-3.211842581	0.068963317	-0.218898226	0.174049582	0.084404211	0.039608036	-0.049267389
1.638000000	0.113853558	0.586411147	0.429527354	0.133728133	-1.019946374	-3.211891730	0.068550102	-0.219120825	0.174224251	0.083928696	0.039680679	-0.049029859
1.639000000	0.113921901	0.586191915	0.429701665	0.133811824	-1.019906657	-3.211940641	0.068136340	-0.219342180	0.174397873	0.083452504	0.039753223	-0.048791913
1.640000000	0.113989831	0.585972463	0.429876150	0.133895038	-1.019866867	-3.211989314	0.067722036	-0.219562289	0.174570447	0.082975638	0.039825667	-0.048553553
1.641000000	0.114057345	0.585752791	0.430050806	0.133977775	-1.019827005	-3.212037748	0.067307189	-0.219781150	0.174741971	0.082498100	0.039898010	-0.048314779
1.642000000	0.114124445	0.585532900	0.430225634	0.134060035	-1.019787071	-3.212085943	0.066891803	-0.219998762	0.174912446	0.082019890	0.039970251	-0.048075591
1.643000000	0.114191129	0.585312793	0.430400631	0.134141815	-1.019747065	-3.212133899	0.066475879	-0.220215122	0.175081868	0.081541013	0.040042389	-0.047835990
1.644000000	0.114257397	0.585092470	0.430575797	0.134223117	-1.019706986	-3.212181615	0.066059419	-0.220430228	0.175250237	0.081061468	0.040114424	-0.047595977
1.645000000	0.114323248	0.584871933	0.430751131	0.134303938	-1.019666836	-3.212229091	0.065642425	-0.220644079	0.175417552	0.080581258	0.040186354	-0.047355552
1.646000000	0.114388682	0.584651182	0.430926632	0.134384279	-1.019626614	-3.212276326	0.065224899	-0.220856673	0.175583812	0.080100386	0.040258178	-0.047114717
1.647000000	0.114453698	0.584430219	0.431102299	0.134464139	-1.019586320	-3.212323321	0.064806842	-0.221068008	0.175749016	0.079618853	0.040329896	-0.046873472
1.648000000	0.114518295	0.584209046	0.431278130	0.134543517	-1.019545954	-3.212370073	0.064388258	-0.221278082	0.175913161	0.079136661	0.040401507	-0.046631817
1.649000000	0.114582474	0.583987663	0.431454125	0.134622412	-1.019505517	-3.212416584	0.063969147	-0.221486893	0.176076248	0.078653813	0.040473008	-0.046389753
1.650000000	0.114646234	0.583766072	0.431630283	0.134700824	-1.019465008	-3.212462853	0.063549511	-0.221694440	0.176238275	0.078170309	0.040544401	-0.046147281
1.651000000	0.114709573	0.583544274	0.431806602	0.134778753	-1.019424428	-3.212508879	0.063129353	-0.221900721	0.176399240	0.077686153	0.040615683	-0.045904402
1.652000000	0.114772492	0.583322271	0.431983081	0.134856197	-1.019383777	-3.212554662	0.062708675	-0.222105734	0.176559144	0.077201345	0.040686853	-0.045661116
1.653000000	0.114834991	0.583100063	0.432159720	0.134933156	-1.019343054	-3.212600201	0.062287478	-0.222309477	0.176717983	0.076715889	0.040757911	-0.045417424
1.654000000	0.114897067	0.582877652	0.432336517	0.135009629	-1.019302261	-3.212645496	0.061865764	-0.222511948	0.176875758	0.076229786	0.040828856	-0.045173326
1.655000000	0.114958722	0.582655039	0.432513472	0.135085615	-1.019261396	-3.212690548	0.061443536	-0.222713145	0.177032467	0.075743039	0.040899687	-0.044928824
1.656000000	0.115019954	0.582432225	0.432690582	0.135161115	-1.019220461	-3.212735354	0.061020795	-0.222913068	0.177188109	0.075255648	0.040970402	-0.044683918
1.657000000	0.115080764	0.582209213	0.432867848	0.135236126	-1.019179456	-3.212779915	0.060597543	-0.223111713	0.177342683	0.074767617	0.041041001	-0.044438609
1.658000000	0.115141149	0.581986002	0.433045268	0.135310650	-1.019138379	-3.212824231	0.060173783	-0.223309079	0.177496188	0.074278947	0.041111483	-0.044192898
1.659000000	0.115201111	0.581762595	0.433222840	0.135384684	-1.019097233	-3.212868301	0.059749516	-0.223505165	0.177648623	0.073789641	0.041181846	-0.043946784
1.660000000	0.115260648	0.581538992	0.433400565	0.135458229	-1.019056016	-3.212912125	0.059324744	-0.223699968	0.177799986	0.073299699	0.041252090	-0.043700270
1.661000000	0.115319761	0.581315195	0.433578440	0.135531284	-1.019014728	-3.212955702	0.058899470	-0.223893488	0.177950276	0.072809126	0.041322214	-0.043453355
1.662000000	0.115378447	0.581091205	0.433756466	0.135603847	-1.018973371	-3.212999032	0.058473695	-0.224085721	0.178099493	0.072317922	0.041392217	-0.043206041
1.663000000	0.115436708	0.580867023	0.433934639	0.135675919	-1.018931944	-3.213042114	0.058047421	-0.224276666	0.178247635	0.071826090	0.041462097	-0.042958328
1.664000000	0.115494542	0.580642651	0.434112961	0.135747499	-1.018890447	-3.213084948	0.057620650	-0.224466322	0.178394701	0.071333631	0.041531854	-0.042710217
1.665000000	0.115551949	0.580418091	0.434291429	0.135818587	-1.018848880	-3.213127534	0.057193385	-0.224654687	0.178540690	0.070840548	0.041601487	-0.042461708
1.666000000	0.115608929	0.580193342	0.434470042	0.135889181	-1.018807244	-3.213169872	0.056765627	-0.224841759	0.178685601	0.070346843	0.041670995	-0.042212803
1.667000000	0.115665481	0.579968407	0.434648800	0.135959280	-1.018765538	-3.213211960	0.056337379	-0.225027536	0.178829433	0.069852519	0.041740376	-0.041963503
1.668000000	0.115721604	0.579743287	0.434827701	0.136028886	-1.018723763	-3.213253799	0.055908641	-0.225212017	0.178972185	0.069357576	0.041809630	-0.041713807
1.669000000	0.115777298	0.579517983	0.435006744	0.136097995	-1.018681919	-3.213295387	0.055479418	-0.225395199	0.179113855	0.068862018	0.041878756	-0.041463716
1.670000000	0.115832562	0.579292497	0.435185929	0.136166610	-1.018640006	-3.213336726	0.055049710	-0.225577082	0.179254443	0.068365846	0.041947752	-0.041213233
1.671000000	0.115887397	0.579066829	0.435365253	0.136234727	-1.018598024	-3.213377814	0.054619519	-0.225757663	0.179393948	0.067869062	0.042016618	-0.040962356
1.672000000	0.115941802	0.578840981	0.435544717	0.136302348	-1.018555973	-3.213418651	0.054188848	-0.225936940	0.179532368	0.067371669	0.042085353	-0.040711088
1.673000000	0.115995775	0.578614955	0.435724318	0.136369471	-1.018513853	-3.213459236	0.053757699	-0.226114913	0.179669703	0.066873669	0.042153955	-0.040459428
1.674000000	0.116049317	0.578388751	0.435904056	0.136436095	-1.018471665	-3.213499570	0.053326074	-0.226291579	0.179805952	0.066375064	0.042222423	-0.040207378
1.675000000	0.116102427	0.578162372	0.436083930	0.136502221	-1.018429408	-3.213539651	0.052893974	-0.226466936	0.179941112	0.065875856	0.042290757	-0.039954938
1.676000000	0.116155105	0.577935818	0.436263938	0.136567847	-1.018387083	-3.213579479	0.052461403	-0.226640983	0.180075185	0.065376048	0.042358956	-0.039702109
1.677000000	0.116207350	0.577709090	0.436444080	0.136632973	-1.018344690	-3.213619055	0.052028361	-0.226813719	0.180208167	0.064875640	0.042427018	-0.039448893
1.678000000	0.116259162	0.577482190	0.436624355	0.136697598	-1.018302229	-3.213658377	0.051594852	-0.226985141	0.180340060	0.064374637	0.042494942	-0.039195289
1.679000000	0.116310540	0.577255120	0.436804760	0.136761722	-1.018259700	-3.213697446	0.051160876	-0.227155247	0.180470860	0.063873039	0.042562727	-0.038941298
1.680000000	0.116361483	0.577027880	0.436985296	0.136825344	-1.018217104	-3.213736260	0.050726437	-0.227324037	0.180600568	0.063370849	0.042630373	-0.038686922
1.681000000	0.116411992	0.576800471	0.437165962	0.136888464	-1.018174439	-3.213774819	0.050291537	-0.227491508	0.180729182	0.062868070	0.042697878	-0.038432161
1.682000000	0.116462066	0.576572897	0.437346755	0.136951080	-1.018131708	-3.213813124	0.049856177	-0.227657659	0.180856702	0.062364703	0.042765241	-0.038177016
1.683000000	0.116511705	0.576345156	0.437527675	0.137013193	-1.018088909	-3.213851173	0.049420360	-0.227822488	0.180983126	0.061860750	0.042832461	-0.037921488
1.684000000	0.116560907	0.576117252	0.437708721	0.137074802	-1.018046043	-3.213888967	0.048984088	-0.227985994	0.181108454	0.061356214	0.042899537	-0.037665578
1.685000000	0.116609673	0.575889184	0.437889892	0.137135905	-1.018003110	-3.213926505	0.048547362	-0.228148174	0.181232684	0.060851098	0.042966468	-0.037409286
1.686000000	0.116658002	0.575660955	0.438071186	0.137196504	-1.017960110	-3.213963786	0.048110186	-0.228309028	0.181355815	0.060345402	0.043033253	-0.037152613
1.687000000	0.116705893	0.575432566	0.438252603	0.137256596	-1.017917043	-3.214000810	0.047672561	-0.228468553	0.181477847	0.059839131	0.043099891	-0.036895560
1.688000000	0.116753347	0.575204018	0.438434142	0.137316182	-1.017873910	-3.214037577	0.047234489	-0.228626747	0.181598779	0.059332285	0.043166380	-0.036638129
1.689000000	0.116800362	0.574975313	0.438615801	0.137375261	-1.017830711	-3.214074086	0.046795973	-0.228783610	0.181718609	0.058824867	0.043232720	-0.036380319
1.690000000	0.116846939	0.574746451	0.438797579	0.137433832	-1.017787445	-3.214110337	0.046357014	-0.228939140	0.181837337	0.058316879	0.043298910	-0.036122132
1.691000000	0.116893076	0.574517434	0.438979476	0.137491895	-1.017744113	-3.214146330	0.045917616	-0.229093335	0.181954962	0.057808324	0.043364948	-0.035863568
1.692000000	0.116938774	0.574288264	0.439161489	0.137549448	-1.017700715	-3.214182065	0.045477779	-0.229246193	0.182071483	0.057299204	0.043430834	-0.035604629
1.693000000	0.116984032	0.574058942	0.439343619	0.137606493	-1.017657251	-3.214217540	0.045037507	-0.229397713	0.182186898	0.056789521	0.043496565	-0.035345315
1.694000000	0.117028849	0.573829469	0.439525863	0.137663027	-1.017613722	-3.214252755	0.044596801	-0.229547894	0.182301208	0.056279277	0.043562142	-0.035085627
1.695000000	0.117073225	0.573599846	0.439708221	0.137719051	-1.017570127	-3.214287711	0.044155663	-0.229696732	0.182414410	0.055768475	0.043627563	-0.034825566
1.696000000	0.117117160	0.573370075	0.439890692	0.137774564	-1.017526467	-3.214322406	0.043714097	-0.229844228	0.182526505	0.055257117	0.043692827	-0.034565133
1.697000000	0.117160654	0.573140158	0.440073274	0.137829566	-1.017482741	-3.214356841	0.043272104	-0.229990379	0.182637491	0.054745205	0.043757933	-0.034304329
1.698000000	0.117203705	0.572910095	0.440255967	0.137884055	-1.017438951	-3.214391015	0.042829685	-0.230135184	0.182747367	0.054232742	0.043822880	-0.034043155
1.699000000	0.117246313	0.572679887	0.440438769	0.137938031	-1.017395095	-3.214424927	0.042386844	-0.230278642	0.182856133	0.053719730	0.043887667	-0.033781611
1.700000000	0.117288478	0.572449537	0.440621679	0.137991494	-1.017351175	-3.214458578	0.041943583	-0.230420750	0.182963787	0.053206172	0.043952292	-0.033519698
1.701000000	0.117330200	0.572219046	0.440804696	0.138044444	-1.017307191	-3.214491967	0.041499904	-0.230561507	0.183070329	0.052692069	0.044016754	-0.033257418
1.702000000	0.117371478	0.571988414	0.440987820	0.138096878	-1.017263142	-3.214525093	0.041055809	-0.230700912	0.183175758	0.052177423	0.044081053	-0.032994771
1.703000000	0.117412312	0.571757644	0.441171048	0.138148798	-1.017219029	-3.214557956	0.040611300	-0.230838963	0.183280073	0.051662239	0.044145187	-0.032731758
1.704000000	0.117452701	0.571526736	0.441354380	0.138200203	-1.017174851	-3.214590557	0.040166380	-0.230975658	0.183383272	0.051146517	0.044209156	-0.032468381
1.705000000	0.117492644	0.571295693	0.441537814	0.138251091	-1.017130610	-3.214622893	0.039721050	-0.231110996	0.183485356	0.050630260	0.044272957	-0.032204639
1.706000000	0.117532143	0.571064514	0.441721351	0.138301463	-1.017086306	-3.214654966	0.039275314	-0.231244975	0.183586324	0.050113470	0.044336590	-0.031940534
1.707000000	0.117571195	0.570833203	0.441904987	0.138351318	-1.017041937	-3.214686774	0.038829173	-0.231377595	0.183686174	0.049596150	0.044400054	-0.031676067
1.708000000	0.117609801	0.570601759	0.442088723	0.138400656	-1.016997505	-3.214718318	0.038382630	-0.231508853	0.183784906	0.049078303	0.044463348	-0.031411239
1.709000000	0.117647960	0.570370185	0.442272557	0.138449475	-1.016953011	-3.214749597	0.037935686	-0.231638748	0.183882519	0.048559930	0.044526470	-0.031146051
1.710000000	0.117685672	0.570138482	0.442456488	0.138497776	-1.016908453	-3.214780610	0.037488345	-0.231767277	0.183979011	0.048041034	0.044589420	-0.030880503
1.711000000	0.117722937	0.569906650	0.442640515	0.138545557	-1.016863832	-3.214811358	0.037040608	-0.231894441	0.184074383	0.047521617	0.044652195	-0.030614597
1.712000000	0.117759754	0.569674693	0.442824637	0.138592819	-1.016819148	-3.214841839	0.036592478	-0.232020238	0.184168634	0.047001683	0.044714796	-0.030348334
1.713000000	0.117796122	0.569442610	0.443008852	0.138639560	-1.016774402	-3.214872054	0.036143957	-0.232144665	0.184261762	0.046481232	0.044777221	-0.030081714
1.714000000	0.117832042	0.569210403	0.443193160	0.138685781	-1.016729594	-3.214902003	0.035695047	-0.232267721	0.184353767	0.045960268	0.044839469	-0.029814738
1.715000000	0.117867512	0.568978075	0.443377560	0.138731481	-1.016684723	-3.214931684	0.035245751	-0.232389405	0.184444648	0.045438794	0.044901538	-0.029547408
1.716000000	0.117902533	0.568745625	0.443562050	0.138776659	-1.016639791	-3.214961097	0.034796071	-0.232509716	0.184534404	0.044916810	0.044963428	-0.029279725
1.717000000	0.117937104	0.568513055	0.443746629	0.138821314	-1.016594796	-3.214990243	0.034346010	-0.232628651	0.184623034	0.044394321	0.045025138	-0.029011689
1.718000000	0.117971225	0.568280367	0.443931296	0.138865447	-1.016549740	-3.215019121	0.033895569	-0.232746210	0.184710538	0.043871329	0.045086665	-0.028743301
1.719000000	0.118004895	0.568047563	0.444116050	0.138909057	-1.016504623	-3.215047730	0.033444750	-0.232862391	0.184796915	0.043347835	0.045148010	-0.028474563
1.720000000	0.118038115	0.567814643	0.444300889	0.138952143	-1.016459444	-3.215076070	0.032993558	-0.232977192	0.184882165	0.042823843	0.045209170	-0.028205475
1.721000000	0.118070882	0.567581608	0.444485814	0.138994705	-1.016414205	-3.215104141	0.032541992	-0.233090613	0.184966286	0.042299355	0.045270146	-0.027936038
1.722000000	0.118103199	0.567348461	0.444670822	0.139036742	-1.016368904	-3.215131942	0.032090057	-0.233202651	0.185049277	0.041774373	0.045330935	-0.027666254
1.723000000	0.118135063	0.567115203	0.444855913	0.139078254	-1.016323543	-3.215159473	0.031637754	-0.233313305	0.185131138	0.041248900	0.045391536	-0.027396124
1.724000000	0.118166474	0.566881835	0.445041084	0.139119240	-1.016278121	-3.215186734	0.031185086	-0.233422574	0.185211868	0.040722938	0.045451949	-0.027125647
1.725000000	0.118197433	0.566648358	0.445226336	0.139159699	-1.016232639	-3.215213725	0.030732054	-0.233530456	0.185291467	0.040196491	0.045512172	-0.026854827
1.726000000	0.118227938	0.566414774	0.445411667	0.139199633	-1.016187097	-3.215240444	0.030278663	-0.233636951	0.185369934	0.039669559	0.045572204	-0.026583662
1.727000000	0.118257990	0.566181084	0.445597076	0.139239039	-1.016141494	-3.215266892	0.029824913	-0.233742056	0.185447267	0.039142147	0.045632043	-0.026312156
1.728000000	0.118287588	0.565947290	0.445782562	0.139277917	-1.016095833	-3.215293068	0.029370807	-0.233845770	0.185523467	0.038614257	0.045691689	-0.026040307
1.729000000	0.118316732	0.565713392	0.445968123	0.139316267	-1.016050111	-3.215318973	0.028916348	-0.233948092	0.185598532	0.038085890	0.045751141	-0.025768119
1.730000000	0.118345421	0.565479393	0.446153759	0.139354089	-1.016004330	-3.215344604	0.028461537	-0.234049020	0.185672462	0.037557050	0.045810397	-0.025495590
1.731000000	0.118373655	0.565245294	0.446339468	0.139391381	-1.015958490	-3.215369964	0.028006379	-0.234148553	0.185745257	0.037027739	0.045869456	-0.025222724
1.732000000	0.118401433	0.565011096	0.446525249	0.139428144	-1.015912591	-3.215395050	0.027550874	-0.234246690	0.185816915	0.036497960	0.045928317	-0.024949520
1.733000000	0.118428756	0.564776801	0.446711102	0.139464377	-1.015866634	-3.215419863	0.027095025	-0.234343428	0.185887435	0.035967715	0.045986978	-0.024675980
1.734000000	0.118455623	0.564542410	0.446897024	0.139500080	-1.015820617	-3.215444402	0.026638834	-0.234438768	0.185956818	0.035437006	0.046045439	-0.024402105
1.735000000	0.118482034	0.564307923	0.447083015	0.139535251	-1.015774543	-3.215468667	0.026182305	-0.234532707	0.186025062	0.034905838	0.046103699	-0.024127896
1.736000000	0.118507988	0.564073344	0.447269074	0.139569891	-1.015728410	-3.215492658	0.025725439	-0.234625244	0.186092167	0.034374211	0.046161755	-0.023853354
1.737000000	0.118533485	0.563838673	0.447455200	0.139603999	-1.015682219	-3.215516374	0.025268239	-0.234716378	0.186158132	0.033842129	0.046219608	-0.023578480
1.738000000	0.118558525	0.563603911	0.447641391	0.139637575	-1.015635971	-3.215539815	0.024810708	-0.234806108	0.186222956	0.033309595	0.046277255	-0.023303275
1.739000000	0.118583106	0.563369061	0.447827646	0.139670619	-1.015589665	-3.215562980	0.024352847	-0.234894431	0.186286640	0.032776610	0.046334696	-0.023027740
1.740000000	0.118607230	0.563134122	0.448013964	0.139703129	-1.015543301	-3.215585870	0.023894659	-0.234981348	0.186349181	0.032243178	0.046391929	-0.022751877
1.741000000	0.118630896	0.562899098	0.448200344	0.139735105	-1.015496881	-3.215608484	0.023436147	-0.235066856	0.186410580	0.031709301	0.046448954	-0.022475686
1.742000000	0.118654103	0.562663989	0.448386785	0.139766547	-1.015450403	-3.215630821	0.022977314	-0.235150953	0.186470836	0.031174981	0.046505768	-0.022199169
1.743000000	0.118676850	0.562428796	0.448573286	0.139797455	-1.015403869	-3.215652882	0.022518161	-0.235233640	0.186529948	0.030640222	0.046562372	-0.021922327
1.744000000	0.118699139	0.562193521	0.448759845	0.139827828	-1.015357279	-3.215674666	0.022058691	-0.235314914	0.186587916	0.030105026	0.046618762	-0.021645160
1.745000000	0.118720968	0.561958166	0.448946462	0.139857665	-1.015310632	-3.215696173	0.021598906	-0.235394775	0.186644739	0.029569396	0.046674940	-0.021367670
1.746000000	0.118742337	0.561722732	0.449133134	0.139886967	-1.015263929	-3.215717401	0.021138810	-0.235473220	0.186700417	0.029033335	0.046730902	-0.021089858
1.747000000	0.118763245	0.561487220	0.449319862	0.139915732	-1.015217170	-3.215738352	0.020678404	-0.235550249	0.186754948	0.028496844	0.046786648	-0.020811726
1.748000000	0.118783693	0.561251631	0.449506644	0.139943960	-1.015170356	-3.215759025	0.020217692	-0.235625860	0.186808333	0.027959927	0.046842177	-0.020533274
1.749000000	0.118803681	0.561015968	0.449693479	0.139971652	-1.015123486	-3.215779419	0.019756675	-0.235700053	0.186860571	0.027422587	0.046897488	-0.020254503
1.750000000	0.118823207	0.560780231	0.449880365	0.139998805	-1.015076561	-3.215799534	0.019295356	-0.235772825	0.186911660	0.026884826	0.046952579	-0.019975415
1.751000000	0.118842271	0.560544422	0.450067302	0.140025421	-1.015029580	-3.215819370	0.018833738	-0.235844176	0.186961601	0.026346647	0.047007449	-0.019696011
1.752000000	0.118860874	0.560308543	0.450254289	0.140051499	-1.014982546	-3.215838926	0.018371823	-0.235914104	0.187010393	0.025808052	0.047062097	-0.019416292
1.753000000	0.118879015	0.560072594	0.450441323	0.140077037	-1.014935456	-3.215858202	0.017909613	-0.235982609	0.187058036	0.025269045	0.047116521	-0.019136258
1.754000000	0.118896694	0.559836578	0.450628405	0.140102037	-1.014888313	-3.215877198	0.017447112	-0.236049688	0.187104529	0.024729628	0.047170721	-0.018855913
1.755000000	0.118913909	0.559600495	0.450815532	0.140126497	-1.014841115	-3.215895914	0.016984321	-0.236115341	0.187149871	0.024189804	0.047224696	-0.018575255
1.756000000	0.118930662	0.559364347	0.451002705	0.140150416	-1.014793863	-3.215914349	0.016521244	-0.236179566	0.187194061	0.023649575	0.047278443	-0.018294288
1.757000000	0.118946952	0.559128136	0.451189920	0.140173796	-1.014746558	-3.215932503	0.016057883	-0.236242363	0.187237100	0.023108944	0.047331962	-0.018013011
1.758000000	0.118962778	0.558891862	0.451377179	0.140196634	-1.014699199	-3.215950375	0.015594240	-0.236303729	0.187278987	0.022567915	0.047385251	-0.017731426
1.759000000	0.118978140	0.558655528	0.451564478	0.140218932	-1.014651787	-3.215967966	0.015130318	-0.236363664	0.187319721	0.022026489	0.047438310	-0.017449535
1.760000000	0.118993039	0.558419135	0.451751818	0.140240687	-1.014604323	-3.215985274	0.014666119	-0.236422167	0.187359302	0.021484670	0.047491138	-0.017167338
1.761000000	0.119007472	0.558182684	0.451939197	0.140261901	-1.014556805	-3.216002300	0.014201647	-0.236479236	0.187397729	0.020942461	0.047543731	-0.016884837
1.762000000	0.119021442	0.557946177	0.452126614	0.140282572	-1.014509235	-3.216019044	0.013736903	-0.236534871	0.187435002	0.020399863	0.047596091	-0.016602033
1.763000000	0.119034946	0.557709614	0.452314067	0.140302701	-1.014461613	-3.216035504	0.013271891	-0.236589069	0.187471120	0.019856881	0.047648215	-0.016318927
1.764000000	0.119047986	0.557472998	0.452501556	0.140322286	-1.014413939	-3.216051682	0.012806612	-0.236641831	0.187506083	0.019313516	0.047700102	-0.016035520
1.765000000	0.119060560	0.557236331	0.452689079	0.140341328	-1.014366213	-3.216067575	0.012341070	-0.236693154	0.187539890	0.018769772	0.047751751	-0.015751814
1.766000000	0.119072668	0.556999612	0.452876636	0.140359825	-1.014318435	-3.216083185	0.011875268	-0.236743038	0.187572541	0.018225652	0.047803161	-0.015467810
1.767000000	0.119084310	0.556762844	0.453064224	0.140377779	-1.014270606	-3.216098511	0.011409207	-0.236791481	0.187604036	0.017681158	0.047854330	-0.015183509
1.768000000	0.119095486	0.556526029	0.453251844	0.140395188	-1.014222727	-3.216113552	0.010942890	-0.236838482	0.187634373	0.017136293	0.047905257	-0.014898912
1.769000000	0.119106196	0.556289168	0.453439493	0.140412052	-1.014174796	-3.216128309	0.010476320	-0.236884040	0.187663552	0.016591060	0.047955942	-0.014614021
1.770000000	0.119116439	0.556052261	0.453627171	0.140428370	-1.014126815	-3.216142780	0.010009500	-0.236928155	0.187691574	0.016045462	0.048006382	-0.014328837
1.771000000	0.119126215	0.555815311	0.453814876	0.140444142	-1.014078783	-3.216156966	0.009542431	-0.236970824	0.187718437	0.015499502	0.048056577	-0.014043361
1.772000000	0.119135524	0.555578319	0.454002608	0.140459369	-1.014030702	-3.216170867	0.009075118	-0.237012048	0.187744142	0.014953182	0.048106525	-0.013757594
1.773000000	0.119144365	0.555341287	0.454190364	0.140474049	-1.013982570	-3.216184482	0.008607562	-0.237051824	0.187768687	0.014406505	0.048156225	-0.013471538
1.774000000	0.119152739	0.555104216	0.454378145	0.140488182	-1.013934389	-3.216197810	0.008139767	-0.237090151	0.187792072	0.013859476	0.048205675	-0.013185195
1.775000000	0.119160645	0.554867107	0.454565949	0.140501768	-1.013886159	-3.216210852	0.007671734	-0.237127030	0.187814298	0.013312095	0.048254875	-0.012898565
1.776000000	0.119168082	0.554629962	0.454753774	0.140514806	-1.013837879	-3.216223607	0.007203467	-0.237162457	0.187835362	0.012764366	0.048303824	-0.012611649
1.777000000	0.119175052	0.554392782	0.454941619	0.140527297	-1.013789551	-3.216236075	0.006734967	-0.237196433	0.187855266	0.012216293	0.048352519	-0.012324449
1.778000000	0.119181552	0.554155569	0.455129484	0.140539239	-1.013741174	-3.216248256	0.006266239	-0.237228956	0.187874009	0.011667878	0.048400961	-0.012036967
1.779000000	0.119187584	0.553918324	0.455317367	0.140550632	-1.013692749	-3.216260149	0.005797284	-0.237260026	0.187891590	0.011119123	0.048449146	-0.011749203
1.780000000	0.119193147	0.553681049	0.455505267	0.140561477	-1.013644276	-3.216271755	0.005328106	-0.237289641	0.187908009	0.010570032	0.048497075	-0.011461159
1.781000000	0.119198240	0.553443745	0.455693183	0.140571772	-1.013595755	-3.216283072	0.004858706	-0.237317800	0.187923265	0.010020609	0.048544747	-0.011172836
1.782000000	0.119202864	0.553206413	0.455881114	0.140581518	-1.013547187	-3.216294100	0.004389088	-0.237344502	0.187937358	0.009470855	0.048592158	-0.010884236
1.783000000	0.119207018	0.552969056	0.456069058	0.140590714	-1.013498571	-3.216304840	0.003919254	-0.237369746	0.187950289	0.008920774	0.048639310	-0.010595360
1.784000000	0.119210703	0.552731674	0.456257014	0.140599360	-1.013449908	-3.216315291	0.003449207	-0.237393531	0.187962056	0.008370368	0.048686199	-0.010306209
1.785000000	0.119213917	0.552494269	0.456444982	0.140607455	-1.013401198	-3.216325452	0.002978950	-0.237415856	0.187972658	0.007819641	0.048732826	-0.010016785
1.786000000	0.119216661	0.552256842	0.456632960	0.140614999	-1.013352442	-3.216335324	0.002508485	-0.237436720	0.187982097	0.007268596	0.048779188	-0.009727089
1.787000000	0.119218934	0.552019395	0.456820946	0.140621992	-1.013303640	-3.216344907	0.002037815	-0.237456123	0.187990371	0.006717235	0.048825285	-0.009437122
1.788000000	0.119220736	0.551781930	0.457008941	0.140628433	-1.013254792	-3.216354199	0.001566944	-0.237474062	0.187997481	0.006165562	0.048871115	-0.009146886
1.789000000	0.119222068	0.551544447	0.457196941	0.140634323	-1.013205898	-3.216363200	0.001095873	-0.237490538	0.188003425	0.005613580	0.048916677	-0.008856382
1.790000000	0.119222928	0.551306949	0.457384947	0.140639661	-1.013156958	-3.216371911	0.000624605	-0.237505548	0.188008203	0.005061292	0.048961969	-0.008565612
1.791000000	0.119223317	0.551069436	0.457572958	0.140644446	-1.013107974	-3.216380332	0.000153143	-0.237519093	0.188011816	0.004508700	0.049006992	-0.008274577
1.792000000	0.119223234	0.550831910	0.457760971	0.140648678	-1.013058944	-3.216388461	-0.000318509	-0.237531171	0.188014263	0.003955808	0.049051742	-0.007983278
1.793000000	0.119222680	0.550594374	0.457948986	0.140652357	-1.013009870	-3.216396298	-0.000790350	-0.237541781	0.188015543	0.003402618	0.049096219	-0.007691717
1.794000000	0.119221654	0.550356827	0.458137002	0.140655483	-1.012960752	-3.216403844	-0.001262377	-0.237550923	0.188015657	0.002849135	0.049140422	-0.007399895
1.795000000	0.119220155	0.550119272	0.458325018	0.140658056	-1.012911590	-3.216411098	-0.001734586	-0.237558594	0.188014604	0.002295361	0.049184349	-0.007107814
1.796000000	0.119218184	0.549881710	0.458513031	0.140660074	-1.012862383	-3.216418060	-0.002206975	-0.237564796	0.188012383	0.001741298	0.049227999	-0.006815474
1.797000000	0.119215741	0.549644142	0.458701042	0.140661538	-1.012813134	-3.216424729	-0.002679542	-0.237569526	0.188008996	0.001186951	0.049271372	-0.006522878
1.798000000	0.119212825	0.549406571	0.458889049	0.140662448	-1.012763841	-3.216431105	-0.003152283	-0.237572783	0.188004440	0.000632321	0.049314464	-0.006230027
1.799000000	0.119209437	0.549168997	0.459077051	0.140662803	-1.012714505	-3.216437189	-0.003625196	-0.237574567	0.187998716	0.000077413	0.049357277	-0.005936923
1.800000000	0.119205575	0.548931422	0.459265047	0.140662603	-1.012665126	-3.216442979	-0.004098277	-0.237574877	0.187991824	-0.000477771	0.049399807	-0.005643566
1.801000000	0.119201240	0.548693847	0.459453035	0.140661847	-1.012615705	-3.216448476	-0.004571525	-0.237573711	0.187983764	-0.001033227	0.049442054	-0.005349958
1.802000000	0.119196432	0.548456274	0.459641014	0.140660536	-1.012566242	-3.216453679	-0.005044935	-0.237571070	0.187974535	-0.001588953	0.049484016	-0.005056102
1.803000000	0.119191150	0.548218705	0.459828984	0.140658669	-1.012516737	-3.216458588	-0.005518507	-0.237566952	0.187964136	-0.002144945	0.049525693	-0.004761997
1.804000000	0.119185395	0.547981140	0.460016943	0.140656246	-1.012467190	-3.216463203	-0.005992236	-0.237561356	0.187952569	-0.002701201	0.049567083	-0.004467646
1.805000000	0.119179166	0.547743582	0.460204889	0.140653267	-1.012417603	-3.216467524	-0.006466119	-0.237554282	0.187939833	-0.003257716	0.049608185	-0.004173050
1.806000000	0.119172463	0.547506032	0.460392822	0.140649731	-1.012367974	-3.216471549	-0.006940154	-0.237545728	0.187925927	-0.003814489	0.049648997	-0.003878211
1.807000000	0.119165285	0.547268491	0.460580741	0.140645638	-1.012318305	-3.216475280	-0.007414339	-0.237535694	0.187910851	-0.004371515	0.049689518	-0.003583130
1.808000000	0.119157634	0.547030960	0.460768644	0.140640988	-1.012268595	-3.216478716	-0.007888669	-0.237524179	0.187894605	-0.004928792	0.049729747	-0.003287809
1.809000000	0.119149508	0.546793442	0.460956530	0.140635781	-1.012218845	-3.216481856	-0.008363143	-0.237511182	0.187877189	-0.005486316	0.049769683	-0.002992249
1.810000000	0.119140908	0.546555938	0.461144398	0.140630015	-1.012169056	-3.216484700	-0.008837758	-0.237496702	0.187858603	-0.006044084	0.049809325	-0.002696452
1.811000000	0.119131833	0.546318449	0.461332247	0.140623692	-1.012119227	-3.216487249	-0.009312510	-0.237480739	0.187838847	-0.006602094	0.049848670	-0.002400419
1.812000000	0.119122283	0.546080976	0.461520076	0.140616811	-1.012069358	-3.216489501	-0.009787397	-0.237463291	0.187817919	-0.007160341	0.049887718	-0.002104151
1.813000000	0.119112258	0.545843522	0.461707883	0.140609372	-1.012019451	-3.216491457	-0.010262416	-0.237444358	0.187795821	-0.007718823	0.049926468	-0.001807651
1.814000000	0.119101758	0.545606088	0.461895668	0.140601374	-1.011969505	-3.216493116	-0.010737564	-0.237423940	0.187772553	-0.008277537	0.049964919	-0.001510920
1.815000000	0.119090783	0.545368674	0.462083428	0.140592817	-1.011919521	-3.216494479	-0.011212837	-0.237402034	0.187748112	-0.008836478	0.050003068	-0.001213959
1.816000000	0.119079332	0.545131284	0.462271164	0.140583701	-1.011869499	-3.216495544	-0.011688235	-0.237378641	0.187722501	-0.009395645	0.050040915	-0.000916771
1.817000000	0.119067406	0.544893917	0.462458873	0.140574025	-1.011819440	-3.216496312	-0.012163752	-0.237353760	0.187695719	-0.009955034	0.050078459	-0.000619355
1.818000000	0.119055005	0.544656576	0.462646555	0.140563791	-1.011769342	-3.216496783	-0.012639387	-0.237327390	0.187667765	-0.010514641	0.050115698	-0.000321715
1.819000000	0.119042128	0.544419262	0.462834209	0.140552996	-1.011719208	-3.216496956	-0.013115136	-0.237299531	0.187638639	-0.011074463	0.050152631	-0.000023852
1.820000000	0.119028774	0.544181977	0.463021833	0.140541642	-1.011669037	-3.216496831	-0.013590997	-0.237270180	0.187608342	-0.011634497	0.050189257	0.000274234
1.821000000	0.119014946	0.543944722	0.463209425	0.140529727	-1.011618830	-3.216496407	-0.014066967	-0.237239339	0.187576873	-0.012194740	0.050225574	0.000572539
1.822000000	0.119000641	0.543707498	0.463396986	0.140517252	-1.011568586	-3.216495686	-0.014543042	-0.237207006	0.187544233	-0.012755189	0.050261581	0.000871063
1.823000000	0.118985859	0.543470308	0.463584514	0.140504217	-1.011518306	-3.216494665	-0.015019220	-0.237173180	0.187510420	-0.013315839	0.050297278	0.001169804
1.824000000	0.118970602	0.543233152	0.463772007	0.140490621	-1.011467991	-3.216493346	-0.015495498	-0.237137861	0.187475435	-0.013876689	0.050332662	0.001468760
1.825000000	0.118954868	0.542996032	0.463959465	0.140476463	-1.011417641	-3.216491728	-0.015971873	-0.237101048	0.187439278	-0.014437734	0.050367732	0.001767930
1.826000000	0.118938658	0.542758950	0.464146886	0.140461745	-1.011367256	-3.216489810	-0.016448342	-0.237062741	0.187401949	-0.014998971	0.050402488	0.002067312
1.827000000	0.118921972	0.542521907	0.464334269	0.140446465	-1.011316836	-3.216487593	-0.016924902	-0.237022938	0.187363449	-0.015560397	0.050436927	0.002366904
1.828000000	0.118904809	0.542284904	0.464521613	0.140430624	-1.011266382	-3.216485076	-0.017401550	-0.236981639	0.187323775	-0.016122009	0.050471049	0.002666706
1.829000000	0.118887169	0.542047943	0.464708916	0.140414221	-1.011215894	-3.216482260	-0.017878283	-0.236938844	0.187282930	-0.016683803	0.050504853	0.002966714
1.830000000	0.118869052	0.541811026	0.464896178	0.140397257	-1.011165372	-3.216479143	-0.018355098	-0.236894551	0.187240912	-0.017245776	0.050538336	0.003266928
1.831000000	0.118850459	0.541574154	0.465083398	0.140379730	-1.011114817	-3.216475726	-0.018831992	-0.236848760	0.187197722	-0.017807925	0.050571499	0.003567346
1.832000000	0.118831388	0.541337329	0.465270574	0.140361641	-1.011064229	-3.216472008	-0.019308963	-0.236801471	0.187153359	-0.018370246	0.050604339	0.003867966
1.833000000	0.118811841	0.541100551	0.465457705	0.140342989	-1.011013609	-3.216467990	-0.019786007	-0.236752683	0.187107824	-0.018932736	0.050636855	0.004168786
1.834000000	0.118791816	0.540863823	0.465644790	0.140323775	-1.010962956	-3.216463671	-0.020263120	-0.236702395	0.187061117	-0.019495391	0.050669046	0.004469806
1.835000000	0.118771314	0.540627147	0.465831827	0.140303999	-1.010912271	-3.216459050	-0.020740301	-0.236650606	0.187013237	-0.020058208	0.050700911	0.004771022
1.836000000	0.118750335	0.540390522	0.466018816	0.140283659	-1.010861554	-3.216454129	-0.021217547	-0.236597317	0.186964185	-0.020621184	0.050732449	0.005072434
1.837000000	0.118728879	0.540153952	0.466205755	0.140262756	-1.010810806	-3.216448905	-0.021694853	-0.236542526	0.186913960	-0.021184316	0.050763658	0.005374040
1.838000000	0.118706946	0.539917437	0.466392644	0.140241290	-1.010760027	-3.216443381	-0.022172217	-0.236486233	0.186862564	-0.021747599	0.050794537	0.005675837
1.839000000	0.118684535	0.539680979	0.466579481	0.140219261	-1.010709217	-3.216437554	-0.022649637	-0.236428437	0.186809994	-0.022311030	0.050825085	0.005977825
1.840000000	0.118661647	0.539444580	0.466766264	0.140196668	-1.010658376	-3.216431425	-0.023127109	-0.236369138	0.186756253	-0.022874607	0.050855300	0.006280002
1.841000000	0.118638281	0.539208241	0.466952993	0.140173512	-1.010607506	-3.216424994	-0.023604630	-0.236308335	0.186701339	-0.023438325	0.050885181	0.006582366
1.842000000	0.118614437	0.538971964	0.467139667	0.140149792	-1.010556606	-3.216418260	-0.024082197	-0.236246028	0.186645253	-0.024002182	0.050914728	0.006884914
1.843000000	0.118590116	0.538735749	0.467326284	0.140125508	-1.010505677	-3.216411224	-0.024559806	-0.236182216	0.186587996	-0.024566173	0.050943938	0.007187646
1.844000000	0.118565318	0.538499599	0.467512843	0.140100659	-1.010454718	-3.216403885	-0.025037456	-0.236116899	0.186529566	-0.025130296	0.050972811	0.007490560
1.845000000	0.118540041	0.538263515	0.467699343	0.140075247	-1.010403731	-3.216396243	-0.025515143	-0.236050075	0.186469964	-0.025694546	0.051001345	0.007793654
1.846000000	0.118514287	0.538027499	0.467885783	0.140049270	-1.010352715	-3.216388298	-0.025992863	-0.235981746	0.186409190	-0.026258920	0.051029538	0.008096925
1.847000000	0.118488056	0.537791552	0.468072161	0.140022729	-1.010301672	-3.216380049	-0.026470615	-0.235911909	0.186347244	-0.026823416	0.051057391	0.008400373
1.848000000	0.118461346	0.537555675	0.468258477	0.139995623	-1.010250601	-3.216371497	-0.026948394	-0.235840565	0.186284127	-0.027388029	0.051084901	0.008703996
1.849000000	0.118434159	0.537319871	0.468444729	0.139967953	-1.010199502	-3.216362641	-0.027426197	-0.235767713	0.186219838	-0.027952755	0.051112068	0.009007791
1.850000000	0.118406494	0.537084140	0.468630917	0.139939718	-1.010148377	-3.216353481	-0.027904023	-0.235693353	0.186154377	-0.028517592	0.051138889	0.009311758
1.851000000	0.118378351	0.536848484	0.468817038	0.139910918	-1.010097224	-3.216344017	-0.028381866	-0.235617485	0.186087746	-0.029082536	0.051165364	0.009615893
1.852000000	0.118349730	0.536612905	0.469003092	0.139881553	-1.010046046	-3.216334249	-0.028859725	-0.235540106	0.186019942	-0.029647583	0.051191492	0.009920196
1.853000000	0.118320631	0.536377404	0.469189078	0.139851623	-1.009994841	-3.216324177	-0.029337597	-0.235461219	0.185950968	-0.030212730	0.051217271	0.010224665
1.854000000	0.118291055	0.536141982	0.469374994	0.139821127	-1.009943611	-3.216313800	-0.029815477	-0.235380821	0.185880823	-0.030777973	0.051242700	0.010529297
1.855000000	0.118261001	0.535906642	0.469560840	0.139790067	-1.009892356	-3.216303119	-0.030293364	-0.235298913	0.185809507	-0.031343309	0.051267778	0.010834092
1.856000000	0.118230468	0.535671385	0.469746613	0.139758441	-1.009841076	-3.216292132	-0.030771254	-0.235215494	0.185737020	-0.031908734	0.051292503	0.011139046
1.857000000	0.118199458	0.535436211	0.469932314	0.139726249	-1.009789771	-3.216280840	-0.031249143	-0.235130563	0.185663362	-0.032474245	0.051316875	0.011444159
1.858000000	0.118167970	0.535201123	0.470117940	0.139693492	-1.009738442	-3.216269244	-0.031727029	-0.235044121	0.185588535	-0.033039837	0.051340892	0.011749428
1.859000000	0.118136004	0.534966123	0.470303491	0.139660170	-1.009687089	-3.216257342	-0.032204909	-0.234956167	0.185512537	-0.033605508	0.051364553	0.012054851
1.860000000	0.118103560	0.534731211	0.470488965	0.139626281	-1.009635713	-3.216245134	-0.032682779	-0.234866700	0.185435369	-0.034171254	0.051387856	0.012360428
1.861000000	0.118070638	0.534496389	0.470674361	0.139591827	-1.009584313	-3.216232621	-0.033160637	-0.234775721	0.185357031	-0.034737071	0.051410801	0.012666155
1.862000000	0.118037239	0.534261660	0.470859679	0.139556807	-1.009532891	-3.216219802	-0.033638479	-0.234683228	0.185277523	-0.035302956	0.051433386	0.012972031
1.863000000	0.118003361	0.534027023	0.471044917	0.139521221	-1.009481447	-3.216206677	-0.034116302	-0.234589222	0.185196846	-0.035868904	0.051455610	0.013278054
1.864000000	0.117969006	0.533792481	0.471230073	0.139485069	-1.009429980	-3.216193246	-0.034594102	-0.234493702	0.185115000	-0.036434913	0.051477471	0.013584223
1.865000000	0.117934173	0.533558036	0.471415147	0.139448352	-1.009378492	-3.216179508	-0.035071878	-0.234396668	0.185031985	-0.037000979	0.051498969	0.013890534
1.866000000	0.117898863	0.533323688	0.471600137	0.139411068	-1.009326982	-3.216165465	-0.035549625	-0.234298120	0.184947802	-0.037567098	0.051520103	0.014196987
1.867000000	0.117863074	0.533089439	0.471785042	0.139373217	-1.009275452	-3.216151114	-0.036027341	-0.234198057	0.184862449	-0.038133266	0.051540870	0.014503580
1.868000000	0.117826808	0.532855292	0.471969862	0.139334801	-1.009223900	-3.216136457	-0.036505021	-0.234096478	0.184775928	-0.038699481	0.051561270	0.014810310
1.869000000	0.117790064	0.532621246	0.472154594	0.139295818	-1.009172329	-3.216121494	-0.036982664	-0.233993385	0.184688239	-0.039265737	0.051581302	0.015117175
1.870000000	0.117752843	0.532387305	0.472339238	0.139256270	-1.009120738	-3.216106223	-0.037460266	-0.233888776	0.184599383	-0.039832032	0.051600965	0.015424174
1.871000000	0.117715144	0.532153469	0.472523793	0.139216154	-1.009069127	-3.216090645	-0.037937823	-0.233782650	0.184509358	-0.040398362	0.051620256	0.015731305
1.872000000	0.117676967	0.531919740	0.472708257	0.139175473	-1.009017497	-3.216074760	-0.038415334	-0.233675009	0.184418167	-0.040964723	0.051639176	0.016038566
1.873000000	0.117638313	0.531686119	0.472892629	0.139134225	-1.008965849	-3.216058568	-0.038892793	-0.233565852	0.184325809	-0.041531111	0.051657722	0.016345955
1.874000000	0.117599181	0.531452608	0.473076908	0.139092411	-1.008914182	-3.216042069	-0.039370198	-0.233455177	0.184232284	-0.042097523	0.051675894	0.016653470
1.875000000	0.117559572	0.531219208	0.473261094	0.139050030	-1.008862497	-3.216025261	-0.039847547	-0.233342986	0.184137592	-0.042663956	0.051693690	0.016961108
1.876000000	0.117519486	0.530985922	0.473445184	0.139007083	-1.008810794	-3.216008146	-0.040324835	-0.233229278	0.184041734	-0.043230404	0.051711109	0.017268868
1.877000000	0.117478923	0.530752750	0.473629177	0.138963569	-1.008759075	-3.215990724	-0.040802059	-0.233114053	0.183944711	-0.043796865	0.051728151	0.017576749
1.878000000	0.117437882	0.530519694	0.473813073	0.138919489	-1.008707338	-3.215972993	-0.041279217	-0.232997310	0.183846522	-0.044363335	0.051744813	0.017884747
1.879000000	0.117396364	0.530286755	0.473996870	0.138874843	-1.008655585	-3.215954954	-0.041756305	-0.232879050	0.183747168	-0.044929810	0.051761095	0.018192861
1.880000000	0.117354370	0.530053936	0.474180567	0.138829629	-1.008603816	-3.215936607	-0.042233320	-0.232759271	0.183646649	-0.045496287	0.051776995	0.018501089
1.881000000	0.117311898	0.529821237	0.474364163	0.138783850	-1.008552031	-3.215917952	-0.042710258	-0.232637975	0.183544965	-0.046062761	0.051792512	0.018809429
1.882000000	0.117268949	0.529588660	0.474547657	0.138737504	-1.008500231	-3.215898988	-0.043187117	-0.232515161	0.183442118	-0.046629229	0.051807646	0.019117879
1.883000000	0.117225524	0.529356206	0.474731048	0.138690592	-1.008448416	-3.215879716	-0.043663892	-0.232390829	0.183338106	-0.047195687	0.051822394	0.019426437
1.884000000	0.117181621	0.529123878	0.474914334	0.138643113	-1.008396586	-3.215860135	-0.044140582	-0.232264977	0.183232931	-0.047762131	0.051836756	0.019735101
1.885000000	0.117137242	0.528891676	0.475097514	0.138595067	-1.008344742	-3.215840246	-0.044617182	-0.232137608	0.183126593	-0.048328558	0.051850730	0.020043868
1.886000000	0.117092387	0.528659603	0.475280587	0.138546456	-1.008292885	-3.215820048	-0.045093690	-0.232008720	0.183019092	-0.048894964	0.051864315	0.020352738
1.887000000	0.117047055	0.528427659	0.475463552	0.138497277	-1.008241014	-3.215799541	-0.045570101	-0.231878314	0.182910429	-0.049461344	0.051877511	0.020661707
1.888000000	0.117001247	0.528195846	0.475646408	0.138447533	-1.008189130	-3.215778724	-0.046046414	-0.231746388	0.182800604	-0.050027696	0.051890316	0.020970773
1.889000000	0.116954962	0.527964166	0.475829153	0.138397222	-1.008137233	-3.215757599	-0.046522624	-0.231612944	0.182689617	-0.050594015	0.051902728	0.021279935
1.890000000	0.116908202	0.527732620	0.476011787	0.138346345	-1.008085324	-3.215736164	-0.046998728	-0.231477980	0.182577469	-0.051160298	0.051914747	0.021589191
1.891000000	0.116860965	0.527501210	0.476194308	0.138294901	-1.008033404	-3.215714421	-0.047474723	-0.231341498	0.182464161	-0.051726540	0.051926372	0.021898538
1.892000000	0.116813252	0.527269937	0.476376715	0.138242892	-1.007981471	-3.215692367	-0.047950606	-0.231203496	0.182349692	-0.052292738	0.051937600	0.022207975
1.893000000	0.116765064	0.527038803	0.476559007	0.138190316	-1.007929528	-3.215670005	-0.048426373	-0.231063976	0.182234063	-0.052858887	0.051948432	0.022517498
1.894000000	0.116716399	0.526807809	0.476741183	0.138137174	-1.007877575	-3.215647332	-0.048902022	-0.230922936	0.182117275	-0.053424985	0.051958866	0.022827107
1.895000000	0.116667260	0.526576957	0.476923242	0.138083466	-1.007825611	-3.215624350	-0.049377548	-0.230780377	0.181999328	-0.053991027	0.051968900	0.023136799
1.896000000	0.116617644	0.526346249	0.477105182	0.138029192	-1.007773637	-3.215601059	-0.049852949	-0.230636299	0.181880222	-0.054557010	0.051978535	0.023446572
1.897000000	0.116567554	0.526115685	0.477287002	0.137974352	-1.007721654	-3.215577457	-0.050328221	-0.230490701	0.181759958	-0.055122929	0.051987767	0.023756423
1.898000000	0.116516988	0.525885267	0.477468702	0.137918946	-1.007669661	-3.215553546	-0.050803360	-0.230343585	0.181638537	-0.055688780	0.051996597	0.024066351
1.899000000	0.116465947	0.525654998	0.477650279	0.137862975	-1.007617660	-3.215529325	-0.051278365	-0.230194950	0.181515958	-0.056254561	0.052005024	0.024376354
1.900000000	0.116414431	0.525424877	0.477831734	0.137806437	-1.007565651	-3.215504793	-0.051753231	-0.230044795	0.181392222	-0.056820266	0.052013045	0.024686428
1.901000000	0.116362441	0.525194908	0.478013064	0.137749334	-1.007513634	-3.215479952	-0.052227954	-0.229893121	0.181267331	-0.057385892	0.052020660	0.024996573
1.902000000	0.116309975	0.524965091	0.478194268	0.137691665	-1.007461610	-3.215454800	-0.052702532	-0.229739928	0.181141283	-0.057951434	0.052027868	0.025306786
1.903000000	0.116257036	0.524735428	0.478375346	0.137633431	-1.007409579	-3.215429338	-0.053176962	-0.229585217	0.181014081	-0.058516890	0.052034668	0.025617065
1.904000000	0.116203621	0.524505921	0.478556297	0.137574632	-1.007357541	-3.215403566	-0.053651239	-0.229428986	0.180885723	-0.059082255	0.052041058	0.025927408
1.905000000	0.116149733	0.524276570	0.478737118	0.137515267	-1.007305496	-3.215377483	-0.054125361	-0.229271237	0.180756212	-0.059647525	0.052047038	0.026237812
1.906000000	0.116095371	0.524047378	0.478917809	0.137455337	-1.007253446	-3.215351090	-0.054599324	-0.229111969	0.180625547	-0.060212696	0.052052606	0.026548275
1.907000000	0.116040534	0.523818346	0.479098369	0.137394841	-1.007201391	-3.215324387	-0.055073125	-0.228951183	0.180493728	-0.060777765	0.052057762	0.026858795
1.908000000	0.115985225	0.523589476	0.479278797	0.137333781	-1.007149331	-3.215297373	-0.055546761	-0.228788878	0.180360757	-0.061342727	0.052062503	0.027169370
1.909000000	0.115929441	0.523360768	0.479459090	0.137272156	-1.007097266	-3.215270048	-0.056020228	-0.228625054	0.180226634	-0.061907578	0.052066829	0.027479998
1.910000000	0.115873184	0.523132226	0.479639250	0.137209966	-1.007045197	-3.215242413	-0.056493522	-0.228459713	0.180091360	-0.062472314	0.052070739	0.027790676
1.911000000	0.115816454	0.522903849	0.479819273	0.137147211	-1.006993125	-3.215214467	-0.056966641	-0.228292854	0.179954934	-0.063036932	0.052074232	0.028101403
1.912000000	0.115759251	0.522675640	0.479999160	0.137083892	-1.006941049	-3.215186210	-0.057439581	-0.228124477	0.179817359	-0.063601427	0.052077307	0.028412175
1.913000000	0.115701575	0.522447600	0.480178908	0.137020008	-1.006888970	-3.215157643	-0.057912339	-0.227954582	0.179678633	-0.064165795	0.052079962	0.028722991
1.914000000	0.115643426	0.522219731	0.480358517	0.136955561	-1.006836889	-3.215128764	-0.058384911	-0.227783170	0.179538758	-0.064730033	0.052082197	0.029033849
1.915000000	0.115584805	0.521992034	0.480537985	0.136890548	-1.006784806	-3.215099575	-0.058857294	-0.227610240	0.179397735	-0.065294136	0.052084010	0.029344746
1.916000000	0.115525712	0.521764510	0.480717312	0.136824972	-1.006732721	-3.215070075	-0.059329485	-0.227435793	0.179255563	-0.065858101	0.052085400	0.029655679
1.917000000	0.115466146	0.521537162	0.480896497	0.136758832	-1.006680635	-3.215040263	-0.059801479	-0.227259830	0.179112245	-0.066421922	0.052086366	0.029966648
1.918000000	0.115406109	0.521309991	0.481075537	0.136692128	-1.006628548	-3.215010141	-0.060273275	-0.227082350	0.178967779	-0.066985597	0.052086908	0.030277649
1.919000000	0.115345600	0.521082997	0.481254432	0.136624861	-1.006576461	-3.214979708	-0.060744867	-0.226903353	0.178822167	-0.067549122	0.052087024	0.030588680
1.920000000	0.115284619	0.520856184	0.481433181	0.136557030	-1.006524374	-3.214948964	-0.061216254	-0.226722841	0.178675410	-0.068112491	0.052086712	0.030899738
1.921000000	0.115223167	0.520629552	0.481611783	0.136488636	-1.006472288	-3.214917909	-0.061687431	-0.226540812	0.178527508	-0.068675701	0.052085973	0.031210823
1.922000000	0.115161244	0.520403102	0.481790236	0.136419679	-1.006420202	-3.214886542	-0.062158396	-0.226357268	0.178378461	-0.069238748	0.052084804	0.031521930
1.923000000	0.115098850	0.520176837	0.481968540	0.136350159	-1.006368118	-3.214854865	-0.062629144	-0.226172209	0.178228271	-0.069801629	0.052083206	0.031833059
1.924000000	0.115035986	0.519950758	0.482146693	0.136280076	-1.006316036	-3.214822876	-0.063099672	-0.225985634	0.178076938	-0.070364338	0.052081176	0.032144206
1.925000000	0.114972651	0.519724866	0.482324694	0.136209430	-1.006263956	-3.214790577	-0.063569978	-0.225797545	0.177924463	-0.070926872	0.052078714	0.032455369
1.926000000	0.114908846	0.519499163	0.482502542	0.136138222	-1.006211878	-3.214757966	-0.064040056	-0.225607942	0.177770846	-0.071489226	0.052075818	0.032766546
1.927000000	0.114844571	0.519273650	0.482680236	0.136066452	-1.006159804	-3.214725043	-0.064509905	-0.225416824	0.177616089	-0.072051397	0.052072488	0.033077735
1.928000000	0.114779826	0.519048329	0.482857774	0.135994119	-1.006107733	-3.214691810	-0.064979520	-0.225224193	0.177460191	-0.072613381	0.052068723	0.033388933
1.929000000	0.114714612	0.518823202	0.483035156	0.135921225	-1.006055667	-3.214658266	-0.065448899	-0.225030049	0.177303153	-0.073175173	0.052064521	0.033700137
1.930000000	0.114648928	0.518598269	0.483212380	0.135847769	-1.006003604	-3.214624410	-0.065918037	-0.224834391	0.177144977	-0.073736769	0.052059881	0.034011347
1.931000000	0.114582776	0.518373533	0.483389446	0.135773751	-1.005951547	-3.214590243	-0.066386931	-0.224637221	0.176985663	-0.074298165	0.052054804	0.034322558
1.932000000	0.114516155	0.518148995	0.483566352	0.135699173	-1.005899495	-3.214555765	-0.066855579	-0.224438539	0.176825211	-0.074859357	0.052049286	0.034633769
1.933000000	0.114449065	0.517924656	0.483743096	0.135624033	-1.005847448	-3.214520975	-0.067323975	-0.224238345	0.176663623	-0.075420341	0.052043328	0.034944978
1.934000000	0.114381507	0.517700518	0.483919679	0.135548332	-1.005795408	-3.214485875	-0.067792117	-0.224036639	0.176500898	-0.075981113	0.052036929	0.035256181
1.935000000	0.114313480	0.517476582	0.484096098	0.135472070	-1.005743374	-3.214450463	-0.068260002	-0.223833423	0.176337039	-0.076541668	0.052030087	0.035567377
1.936000000	0.114244987	0.517252851	0.484272353	0.135395249	-1.005691348	-3.214414740	-0.068727626	-0.223628696	0.176172045	-0.077102002	0.052022801	0.035878563
1.937000000	0.114176025	0.517029325	0.484448442	0.135317866	-1.005639329	-3.214378706	-0.069194986	-0.223422459	0.176005918	-0.077662112	0.052015071	0.036189737
1.938000000	0.114106597	0.516806006	0.484624365	0.135239924	-1.005587318	-3.214342361	-0.069662077	-0.223214712	0.175838658	-0.078221993	0.052006895	0.036500897
1.939000000	0.114036701	0.516582896	0.484800120	0.135161423	-1.005535315	-3.214305704	-0.070128897	-0.223005456	0.175670266	-0.078781640	0.051998273	0.036812039
1.940000000	0.113966339	0.516359995	0.484975705	0.135082361	-1.005483321	-3.214268737	-0.070595442	-0.222794692	0.175500742	-0.079341050	0.051989203	0.037123161
1.941000000	0.113895510	0.516137306	0.485151121	0.135002740	-1.005431337	-3.214231458	-0.071061709	-0.222582419	0.175330088	-0.079900218	0.051979685	0.037434262
1.942000000	0.113824216	0.515914830	0.485326366	0.134922561	-1.005379362	-3.214193868	-0.071527694	-0.222368639	0.175158304	-0.080459141	0.051969717	0.037745338
1.943000000	0.113752455	0.515692569	0.485501438	0.134841822	-1.005327397	-3.214155967	-0.071993393	-0.222153352	0.174985391	-0.081017814	0.051959299	0.038056388
1.944000000	0.113680229	0.515470524	0.485676336	0.134760525	-1.005275443	-3.214117755	-0.072458804	-0.221936557	0.174811350	-0.081576232	0.051948429	0.038367408
1.945000000	0.113607537	0.515248696	0.485851060	0.134678670	-1.005223500	-3.214079232	-0.072923922	-0.221718257	0.174636182	-0.082134392	0.051937107	0.038678396
1.946000000	0.113534381	0.515027087	0.486025609	0.134596256	-1.005171569	-3.214040399	-0.073388744	-0.221498451	0.174459888	-0.082692289	0.051925331	0.038989350
1.947000000	0.113460760	0.514805699	0.486199980	0.134513285	-1.005119650	-3.214001254	-0.073853268	-0.221277141	0.174282468	-0.083249919	0.051913101	0.039300268
1.948000000	0.113386674	0.514584533	0.486374174	0.134429757	-1.005067743	-3.213961798	-0.074317488	-0.221054326	0.174103923	-0.083807278	0.051900416	0.039611146
1.949000000	0.113312125	0.514363590	0.486548188	0.134345671	-1.005015849	-3.213922031	-0.074781402	-0.220830007	0.173924254	-0.084364362	0.051887275	0.039921982
1.950000000	0.113237112	0.514142873	0.486722022	0.134261028	-1.004963968	-3.213881954	-0.075245006	-0.220604185	0.173743463	-0.084921166	0.051873677	0.040232774
1.951000000	0.113161635	0.513922382	0.486895675	0.134175828	-1.004912101	-3.213841566	-0.075708297	-0.220376860	0.173561549	-0.085477686	0.051859621	0.040543519
1.952000000	0.113085695	0.513702119	0.487069145	0.134090073	-1.004860249	-3.213800867	-0.076171271	-0.220148033	0.173378514	-0.086033918	0.051845105	0.040854215
1.953000000	0.113009292	0.513482086	0.487242432	0.134003761	-1.004808411	-3.213759858	-0.076633924	-0.219917705	0.173194359	-0.086589857	0.051830130	0.041164859
1.954000000	0.112932427	0.513262284	0.487415534	0.133916893	-1.004756589	-3.213718537	-0.077096254	-0.219685876	0.173009083	-0.087145500	0.051814694	0.041475449
1.955000000	0.112855100	0.513042714	0.487588450	0.133829470	-1.004704782	-3.213676907	-0.077558256	-0.219452548	0.172822690	-0.087700842	0.051798796	0.041785982
1.956000000	0.112777311	0.512823378	0.487761179	0.133741491	-1.004652991	-3.213634965	-0.078019927	-0.219217720	0.172635179	-0.088255878	0.051782436	0.042096456
1.957000000	0.112699060	0.512604279	0.487933721	0.133652958	-1.004601217	-3.213592714	-0.078481264	-0.218981393	0.172446551	-0.088810604	0.051765612	0.042406867
1.958000000	0.112620348	0.512385416	0.488106072	0.133563870	-1.004549460	-3.213550152	-0.078942262	-0.218743568	0.172256807	-0.089365017	0.051748324	0.042717215
1.959000000	0.112541176	0.512166791	0.488278234	0.133474228	-1.004497720	-3.213507279	-0.079402920	-0.218504246	0.172065948	-0.089919111	0.051730570	0.043027495
1.960000000	0.112461542	0.511948407	0.488450204	0.133384032	-1.004445999	-3.213464097	-0.079863232	-0.218263428	0.171873976	-0.090472883	0.051712350	0.043337705
1.961000000	0.112381449	0.511730264	0.488621982	0.133293282	-1.004394296	-3.213420604	-0.080323195	-0.218021114	0.171680890	-0.091026327	0.051693663	0.043647843
1.962000000	0.112300896	0.511512365	0.488793566	0.133201979	-1.004342611	-3.213376801	-0.080782806	-0.217777304	0.171486692	-0.091579441	0.051674508	0.043957907
1.963000000	0.112219884	0.511294710	0.488964956	0.133110123	-1.004290947	-3.213332688	-0.081242062	-0.217532001	0.171291383	-0.092132219	0.051654885	0.044267893
1.964000000	0.112138412	0.511077301	0.489136149	0.133017715	-1.004239302	-3.213288265	-0.081700958	-0.217285203	0.171094964	-0.092684657	0.051634791	0.044577799
1.965000000	0.112056482	0.510860139	0.489307145	0.132924754	-1.004187677	-3.213243533	-0.082159492	-0.217036914	0.170897436	-0.093236750	0.051614228	0.044887622
1.966000000	0.111974093	0.510643227	0.489477944	0.132831241	-1.004136073	-3.213198490	-0.082617659	-0.216787132	0.170698800	-0.093788495	0.051593192	0.045197361
1.967000000	0.111891246	0.510426565	0.489648543	0.132737177	-1.004084491	-3.213153138	-0.083075456	-0.216535859	0.170499057	-0.094339887	0.051571685	0.045507011
1.968000000	0.111807942	0.510210155	0.489818942	0.132642562	-1.004032930	-3.213107476	-0.083532880	-0.216283095	0.170298207	-0.094890922	0.051549704	0.045816571
1.969000000	0.111724181	0.509993999	0.489989139	0.132547395	-1.003981391	-3.213061505	-0.083989927	-0.216028842	0.170096252	-0.095441595	0.051527250	0.046126038
1.970000000	0.111639962	0.509778098	0.490159135	0.132451679	-1.003929875	-3.213015224	-0.084446593	-0.215773101	0.169893194	-0.095991902	0.051504321	0.046435409
1.971000000	0.111555288	0.509562453	0.490328926	0.132355412	-1.003878383	-3.212968634	-0.084902875	-0.215515871	0.169689032	-0.096541838	0.051480916	0.046744682
1.972000000	0.111470157	0.509347066	0.490498513	0.132258595	-1.003826913	-3.212921735	-0.085358769	-0.215257155	0.169483768	-0.097091399	0.051457035	0.047053854
1.973000000	0.111384570	0.509131938	0.490667893	0.132161229	-1.003775469	-3.212874526	-0.085814272	-0.214996953	0.169277403	-0.097640581	0.051432677	0.047362922
1.974000000	0.111298528	0.508917072	0.490837067	0.132063314	-1.003724048	-3.212827009	-0.086269380	-0.214735265	0.169069938	-0.098189379	0.051407841	0.047671884
1.975000000	0.111212031	0.508702468	0.491006033	0.131964850	-1.003672653	-3.212779183	-0.086724090	-0.214472093	0.168861374	-0.098737789	0.051382526	0.047980737
1.976000000	0.111125080	0.508488128	0.491174790	0.131865838	-1.003621283	-3.212731047	-0.087178397	-0.214207438	0.168651712	-0.099285807	0.051356732	0.048289479
1.977000000	0.111037675	0.508274053	0.491343337	0.131766279	-1.003569939	-3.212682604	-0.087632300	-0.213941301	0.168440954	-0.099833428	0.051330457	0.048598106
1.978000000	0.110949815	0.508060245	0.491511672	0.131666171	-1.003518622	-3.212633851	-0.088085793	-0.213673682	0.168229100	-0.100380647	0.051303701	0.048906616
1.979000000	0.110861503	0.507846706	0.491679795	0.131565517	-1.003467332	-3.212584790	-0.088538873	-0.213404582	0.168016151	-0.100927461	0.051276464	0.049215006
1.980000000	0.110772738	0.507633436	0.491847704	0.131464316	-1.003416069	-3.212535421	-0.088991537	-0.213134003	0.167802109	-0.101473864	0.051248743	0.049523274
1.981000000	0.110683520	0.507420438	0.492015399	0.131362570	-1.003364834	-3.212485744	-0.089443780	-0.212861946	0.167586974	-0.102019853	0.051220540	0.049831417
1.982000000	0.110593850	0.507207712	0.492182878	0.131260277	-1.003313628	-3.212435758	-0.089895601	-0.212588410	0.167370748	-0.102565422	0.051191852	0.050139432
1.983000000	0.110503729	0.506995261	0.492350141	0.131157439	-1.003262451	-3.212385465	-0.090346994	-0.212313399	0.167153432	-0.103110568	0.051162679	0.050447317
1.984000000	0.110413156	0.506783085	0.492517185	0.131054056	-1.003211303	-3.212334864	-0.090797957	-0.212036911	0.166935027	-0.103655286	0.051133020	0.050755068
1.985000000	0.110322133	0.506571187	0.492684011	0.130950128	-1.003160185	-3.212283955	-0.091248485	-0.211758950	0.166715534	-0.104199572	0.051102876	0.051062684
1.986000000	0.110230659	0.506359567	0.492850616	0.130845657	-1.003109097	-3.212232738	-0.091698576	-0.211479514	0.166494954	-0.104743420	0.051072244	0.051370160
1.987000000	0.110138736	0.506148228	0.493017001	0.130740641	-1.003058040	-3.212181215	-0.092148225	-0.211198607	0.166273289	-0.105286828	0.051041124	0.051677496
1.988000000	0.110046363	0.505937170	0.493183163	0.130635083	-1.003007015	-3.212129383	-0.092597429	-0.210916228	0.166050539	-0.105829789	0.051009516	0.051984687
1.989000000	0.109953541	0.505726395	0.493349102	0.130528982	-1.002956021	-3.212077245	-0.093046184	-0.210632378	0.165826706	-0.106372300	0.050977418	0.052291731
1.990000000	0.109860271	0.505515905	0.493514816	0.130422338	-1.002905060	-3.212024800	-0.093494487	-0.210347060	0.165601791	-0.106914356	0.050944831	0.052598625
1.991000000	0.109766552	0.505305701	0.493680305	0.130315153	-1.002854132	-3.211972048	-0.093942334	-0.210060274	0.165375795	-0.107455953	0.050911753	0.052905367
1.992000000	0.109672386	0.505095785	0.493845568	0.130207427	-1.002803236	-3.211918989	-0.094389722	-0.209772020	0.165148719	-0.107997086	0.050878183	0.053211954
1.993000000	0.109577773	0.504886157	0.494010603	0.130099159	-1.002752375	-3.211865624	-0.094836646	-0.209482301	0.164920565	-0.108537751	0.050844122	0.053518382
1.994000000	0.109482713	0.504676820	0.494175409	0.129990351	-1.002701548	-3.211811953	-0.095283104	-0.209191117	0.164691333	-0.109077942	0.050809568	0.053824650
1.995000000	0.109387206	0.504467775	0.494339986	0.129881003	-1.002650756	-3.211757975	-0.095729092	-0.208898470	0.164461026	-0.109617657	0.050774520	0.054130754
1.996000000	0.109291254	0.504259023	0.494504331	0.129771116	-1.002599999	-3.211703691	-0.096174605	-0.208604360	0.164229643	-0.110156889	0.050738979	0.054436692
1.997000000	0.109194857	0.504050566	0.494668445	0.129660689	-1.002549278	-3.211649101	-0.096619641	-0.208308789	0.163997187	-0.110695636	0.050702943	0.054742461
1.998000000	0.109098015	0.503842405	0.494832326	0.129549725	-1.002498593	-3.211594206	-0.097064197	-0.208011758	0.163763658	-0.111233891	0.050666411	0.055048058
1.999000000	0.109000729	0.503634543	0.494995972	0.129438222	-1.002447945	-3.211539005	-0.097508267	-0.207713269	0.163529059	-0.111771651	0.050629384	0.055353480
2.000000000	0.108902999	0.503426979	0.495159384	0.129326181	-1.002397335	-3.211483499	-0.097951849	-0.207413322	0.163293389	-0.112308911	0.050591860	0.055658724
2.001000000	0.108804825	0.503219716	0.495322559	0.129213604	-1.002346762	-3.211427688	-0.098394939	-0.207111919	0.163056651	-0.112845667	0.050553839	0.055963788
2.002000000	0.108706209	0.503012755	0.495485497	0.129100490	-1.002296227	-3.211371572	-0.098837533	-0.206809060	0.162818845	-0.113381913	0.050515320	0.056268669
2.003000000	0.108607150	0.502806098	0.495648197	0.128986840	-1.002245731	-3.211315151	-0.099279628	-0.206504748	0.162579974	-0.113917646	0.050476303	0.056573363
2.004000000	0.108507650	0.502599746	0.495810657	0.128872655	-1.002195274	-3.211258425	-0.099721220	-0.206198984	0.162340037	-0.114452861	0.050436786	0.056877869
2.005000000	0.108407708	0.502393700	0.495972877	0.128757935	-1.002144857	-3.211201395	-0.100162306	-0.205891768	0.162099037	-0.114987553	0.050396770	0.057182183
2.006000000	0.108307325	0.502187962	0.496134855	0.128642680	-1.002094481	-3.211144061	-0.100602882	-0.205583102	0.161856975	-0.115521718	0.050356254	0.057486302
2.007000000	0.108206502	0.501982534	0.496296591	0.128526891	-1.002044145	-3.211086422	-0.101042944	-0.205272988	0.161613852	-0.116055351	0.050315237	0.057790224
2.008000000	0.108105239	0.501777416	0.496458083	0.128410569	-1.001993850	-3.211028480	-0.101482489	-0.204961427	0.161369670	-0.116588448	0.050273719	0.058093946
2.009000000	0.108003537	0.501572611	0.496619330	0.128293714	-1.001943597	-3.210970234	-0.101921512	-0.204648419	0.161124429	-0.117121004	0.050231699	0.058397464
2.010000000	0.107901396	0.501368119	0.496780332	0.128176327	-1.001893387	-3.210911685	-0.102360012	-0.204333967	0.160878131	-0.117653014	0.050189176	0.058700776
2.011000000	0.107798817	0.501163943	0.496941086	0.128058408	-1.001843219	-3.210852833	-0.102797983	-0.204018072	0.160630778	-0.118184475	0.050146150	0.059003879
2.012000000	0.107695800	0.500960083	0.497101593	0.127939958	-1.001793094	-3.210793678	-0.103235422	-0.203700736	0.160382370	-0.118715380	0.050102621	0.059306771
2.013000000	0.107592346	0.500756541	0.497261851	0.127820978	-1.001743014	-3.210734219	-0.103672326	-0.203381958	0.160132909	-0.119245727	0.050058587	0.059609448
2.014000000	0.107488456	0.500553319	0.497421859	0.127701467	-1.001692977	-3.210674459	-0.104108690	-0.203061742	0.159882398	-0.119775510	0.050014049	0.059911907
2.015000000	0.107384129	0.500350418	0.497581616	0.127581427	-1.001642986	-3.210614396	-0.104544512	-0.202740088	0.159630836	-0.120304724	0.049969006	0.060214146
2.016000000	0.107279367	0.500147839	0.497741121	0.127460857	-1.001593039	-3.210554030	-0.104979788	-0.202416998	0.159378225	-0.120833365	0.049923457	0.060516161
2.017000000	0.107174169	0.499945584	0.497900372	0.127339760	-1.001543139	-3.210493363	-0.105414513	-0.202092473	0.159124567	-0.121361429	0.049877402	0.060817950
2.018000000	0.107068538	0.499743654	0.498059370	0.127218135	-1.001493284	-3.210432395	-0.105848685	-0.201766515	0.158869863	-0.121888911	0.049830840	0.061119510
2.019000000	0.106962472	0.499542051	0.498218112	0.127095982	-1.001443477	-3.210371124	-0.106282300	-0.201439125	0.158614114	-0.122415805	0.049783772	0.061420838
2.020000000	0.106855973	0.499340776	0.498376598	0.126973303	-1.001393717	-3.210309553	-0.106715354	-0.201110305	0.158357322	-0.122942109	0.049736195	0.061721930
2.021000000	0.106749041	0.499139830	0.498534827	0.126850098	-1.001344005	-3.210247681	-0.107147843	-0.200780056	0.158099489	-0.123467816	0.049688110	0.062022785
2.022000000	0.106641678	0.498939215	0.498692797	0.126726367	-1.001294341	-3.210185507	-0.107579765	-0.200448380	0.157840615	-0.123992923	0.049639517	0.062323399
2.023000000	0.106533882	0.498738933	0.498850508	0.126602112	-1.001244726	-3.210123034	-0.108011114	-0.200115278	0.157580702	-0.124517425	0.049590415	0.062623769
2.024000000	0.106425655	0.498538985	0.499007959	0.126477333	-1.001195160	-3.210060260	-0.108441888	-0.199780752	0.157319752	-0.125041316	0.049540803	0.062923892
2.025000000	0.106316998	0.498339372	0.499165148	0.126352030	-1.001145644	-3.209997186	-0.108872083	-0.199444803	0.157057766	-0.125564593	0.049490681	0.063223765
2.026000000	0.106207911	0.498140095	0.499322074	0.126226203	-1.001096179	-3.209933812	-0.109301696	-0.199107434	0.156794745	-0.126087251	0.049440049	0.063523386
2.027000000	0.106098395	0.497941157	0.499478737	0.126099855	-1.001046764	-3.209870139	-0.109730722	-0.198768644	0.156530692	-0.126609286	0.049388906	0.063822751
2.028000000	0.105988450	0.497742558	0.499635136	0.125972985	-1.000997401	-3.209806167	-0.110159158	-0.198428437	0.156265607	-0.127130692	0.049337252	0.064121858
2.029000000	0.105878077	0.497544300	0.499791268	0.125845594	-1.000948089	-3.209741896	-0.110587001	-0.198086813	0.155999491	-0.127651465	0.049285086	0.064420703
2.030000000	0.105767276	0.497346384	0.499947135	0.125717682	-1.000898831	-3.209677326	-0.111014247	-0.197743775	0.155732348	-0.128171600	0.049232408	0.064719284
2.031000000	0.105656048	0.497148812	0.500102733	0.125589251	-1.000849625	-3.209612457	-0.111440891	-0.197399324	0.155464177	-0.128691093	0.049179218	0.065017597
2.032000000	0.105544394	0.496951586	0.500258063	0.125460300	-1.000800472	-3.209547290	-0.111866932	-0.197053461	0.155194980	-0.129209939	0.049125515	0.065315639
2.033000000	0.105432314	0.496754705	0.500413123	0.125330831	-1.000751374	-3.209481826	-0.112292364	-0.196706189	0.154924760	-0.129728134	0.049071299	0.065613408
2.034000000	0.105319809	0.496558173	0.500567913	0.125200844	-1.000702329	-3.209416064	-0.112717184	-0.196357508	0.154653517	-0.130245672	0.049016569	0.065910901
2.035000000	0.105206880	0.496361990	0.500722430	0.125070339	-1.000653340	-3.209350004	-0.113141390	-0.196007421	0.154381253	-0.130762550	0.048961326	0.066208114
2.036000000	0.105093527	0.496166158	0.500876675	0.124939319	-1.000604407	-3.209283647	-0.113564976	-0.195655929	0.154107969	-0.131278762	0.048905568	0.066505045
2.037000000	0.104979750	0.495970678	0.501030646	0.124807782	-1.000555529	-3.209216994	-0.113987939	-0.195303035	0.153833668	-0.131794304	0.048849295	0.066801691
2.038000000	0.104865551	0.495775552	0.501184342	0.124675730	-1.000506708	-3.209150044	-0.114410277	-0.194948739	0.153558350	-0.132309171	0.048792508	0.067098048
2.039000000	0.104750930	0.495580781	0.501337763	0.124543164	-1.000457944	-3.209082798	-0.114831984	-0.194593043	0.153282017	-0.132823358	0.048735205	0.067394113
2.040000000	0.104635887	0.495386366	0.501490906	0.124410083	-1.000409238	-3.209015256	-0.115253058	-0.194235950	0.153004671	-0.133336861	0.048677387	0.067689885
2.041000000	0.104520423	0.495192309	0.501643772	0.124276490	-1.000360589	-3.208947418	-0.115673495	-0.193877461	0.152726313	-0.133849676	0.048619053	0.067985359
2.042000000	0.104404540	0.494998611	0.501796359	0.124142384	-1.000312000	-3.208879285	-0.116093292	-0.193517577	0.152446946	-0.134361797	0.048560203	0.068280532
2.043000000	0.104288237	0.494805274	0.501948666	0.124007766	-1.000263469	-3.208810857	-0.116512443	-0.193156302	0.152166569	-0.134873220	0.048500836	0.068575402
2.044000000	0.104171515	0.494612298	0.502100692	0.123872638	-1.000214998	-3.208742134	-0.116930947	-0.192793635	0.151885186	-0.135383940	0.048440953	0.068869965
2.045000000	0.104054375	0.494419686	0.502252437	0.123736999	-1.000166587	-3.208673117	-0.117348800	-0.192429580	0.151602798	-0.135893953	0.048380552	0.069164219
2.046000000	0.103936817	0.494227439	0.502403898	0.123600850	-1.000118237	-3.208603806	-0.117765997	-0.192064138	0.151319406	-0.136403253	0.048319634	0.069458160
2.047000000	0.103818843	0.494035558	0.502555075	0.123464192	-1.000069948	-3.208534201	-0.118182535	-0.191697311	0.151035012	-0.136911837	0.048258199	0.069751786
2.048000000	0.103700452	0.493844045	0.502705968	0.123327026	-1.000021721	-3.208464302	-0.118598410	-0.191329100	0.150749617	-0.137419699	0.048196246	0.070045093
2.049000000	0.103581646	0.493652900	0.502856575	0.123189353	-0.999973555	-3.208394111	-0.119013620	-0.190959508	0.150463224	-0.137926835	0.048133774	0.070338078
2.050000000	0.103462425	0.493462126	0.503006894	0.123051173	-0.999925453	-3.208323626	-0.119428160	-0.190588537	0.150175834	-0.138433240	0.048070785	0.070630739
2.051000000	0.103342790	0.493271723	0.503156926	0.122912486	-0.999877414	-3.208252849	-0.119842026	-0.190216188	0.149887448	-0.138938910	0.048007277	0.070923071
2.052000000	0.103222741	0.493081693	0.503306669	0.122773295	-0.999829438	-3.208181780	-0.120255216	-0.189842464	0.149598068	-0.139443840	0.047943250	0.071215073
2.053000000	0.103102280	0.492892038	0.503456122	0.122633599	-0.999781527	-3.208110419	-0.120667725	-0.189467365	0.149307696	-0.139948024	0.047878705	0.071506741
2.054000000	0.102981406	0.492702758	0.503605285	0.122493399	-0.999733681	-3.208038767	-0.121079550	-0.189090895	0.149016334	-0.140451459	0.047813640	0.071798072
2.055000000	0.102860121	0.492513856	0.503754155	0.122352696	-0.999685900	-3.207966823	-0.121490687	-0.188713056	0.148723983	-0.140954139	0.047748056	0.072089063
2.056000000	0.102738425	0.492325332	0.503902733	0.122211491	-0.999638185	-3.207894589	-0.121901132	-0.188333848	0.148430645	-0.141456061	0.047681953	0.072379711
2.057000000	0.102616318	0.492137188	0.504051016	0.122069784	-0.999590536	-3.207822064	-0.122310883	-0.187953274	0.148136321	-0.141957219	0.047615330	0.072670013
2.058000000	0.102493803	0.491949426	0.504199005	0.121927576	-0.999542954	-3.207749249	-0.122719935	-0.187571337	0.147841014	-0.142457609	0.047548187	0.072959965
2.059000000	0.102370879	0.491762046	0.504346699	0.121784869	-0.999495440	-3.207676144	-0.123128284	-0.187188038	0.147544725	-0.142957226	0.047480524	0.073249565
2.060000000	0.102247546	0.491575050	0.504494095	0.121641662	-0.999447993	-3.207602749	-0.123535928	-0.186803378	0.147247455	-0.143456065	0.047412341	0.073538810
2.061000000	0.102123807	0.491388439	0.504641193	0.121497957	-0.999400615	-3.207529066	-0.123942863	-0.186417361	0.146949207	-0.143954121	0.047343638	0.073827696
2.062000000	0.101999661	0.491202215	0.504787993	0.121353754	-0.999353306	-3.207455094	-0.124349084	-0.186029989	0.146649983	-0.144451391	0.047274415	0.074116221
2.063000000	0.101875109	0.491016379	0.504934493	0.121209054	-0.999306066	-3.207380834	-0.124754589	-0.185641263	0.146349783	-0.144947868	0.047204671	0.074404381
2.064000000	0.101750151	0.490830932	0.505080693	0.121063858	-0.999258896	-3.207306285	-0.125159373	-0.185251185	0.146048610	-0.145443550	0.047134407	0.074692173
2.065000000	0.101624790	0.490645876	0.505226591	0.120918167	-0.999211797	-3.207231449	-0.125563434	-0.184859757	0.145746466	-0.145938430	0.047063622	0.074979595
2.066000000	0.101499025	0.490461213	0.505372186	0.120771981	-0.999164769	-3.207156326	-0.125966767	-0.184466983	0.145443351	-0.146432504	0.046992317	0.075266642
2.067000000	0.101372856	0.490276942	0.505517477	0.120625302	-0.999117813	-3.207080916	-0.126369369	-0.184072863	0.145139269	-0.146925768	0.046920490	0.075553313
2.068000000	0.101246286	0.490093067	0.505662464	0.120478130	-0.999070928	-3.207005220	-0.126771236	-0.183677399	0.144834221	-0.147418216	0.046848143	0.075839603
2.069000000	0.101119314	0.489909588	0.505807146	0.120330465	-0.999024116	-3.206929237	-0.127172365	-0.183280595	0.144528208	-0.147909845	0.046775275	0.076125510
2.070000000	0.100991941	0.489726506	0.505951521	0.120182310	-0.998977378	-3.206852969	-0.127572753	-0.182882452	0.144221233	-0.148400649	0.046701886	0.076411030
2.071000000	0.100864168	0.489543823	0.506095588	0.120033664	-0.998930713	-3.206776415	-0.127972395	-0.182482973	0.143913297	-0.148890623	0.046627976	0.076696161
2.072000000	0.100735996	0.489361540	0.506239348	0.119884529	-0.998884122	-3.206699576	-0.128371288	-0.182082159	0.143604403	-0.149379764	0.046553545	0.076980900
2.073000000	0.100607426	0.489179658	0.506382797	0.119734905	-0.998837606	-3.206622453	-0.128769428	-0.181680013	0.143294551	-0.149868066	0.046478593	0.077265242
2.074000000	0.100478458	0.488998180	0.506525937	0.119584793	-0.998791165	-3.206545046	-0.129166813	-0.181276536	0.142983743	-0.150355524	0.046403120	0.077549186
2.075000000	0.100349092	0.488817105	0.506668765	0.119434194	-0.998744799	-3.206467355	-0.129563437	-0.180871732	0.142671983	-0.150842135	0.046327126	0.077832728
2.076000000	0.100219331	0.488636436	0.506811281	0.119283108	-0.998698510	-3.206389380	-0.129959299	-0.180465603	0.142359270	-0.151327893	0.046250611	0.078115865
2.077000000	0.100089174	0.488456174	0.506953483	0.119131538	-0.998652298	-3.206311123	-0.130354393	-0.180058150	0.142045608	-0.151812793	0.046173575	0.078398594
2.078000000	0.099958622	0.488276320	0.507095372	0.118979483	-0.998606163	-3.206232583	-0.130748717	-0.179649376	0.141730998	-0.152296831	0.046096018	0.078680911
2.079000000	0.099827676	0.488096875	0.507236945	0.118826944	-0.998560106	-3.206153761	-0.131142267	-0.179239283	0.141415442	-0.152780002	0.046017940	0.078962814
2.080000000	0.099696338	0.487917841	0.507378203	0.118673923	-0.998514127	-3.206074658	-0.131535040	-0.178827874	0.141098942	-0.153262301	0.045939341	0.079244299
2.081000000	0.099564606	0.487739219	0.507519143	0.118520420	-0.998468227	-3.205995273	-0.131927031	-0.178415151	0.140781500	-0.153743725	0.045860222	0.079525364
2.082000000	0.099432484	0.487561011	0.507659766	0.118366436	-0.998422407	-3.205915607	-0.132318237	-0.178001116	0.140463118	-0.154224267	0.045780581	0.079806005
2.083000000	0.099299970	0.487383217	0.507800070	0.118211971	-0.998376666	-3.205835661	-0.132708656	-0.177585772	0.140143797	-0.154703924	0.045700420	0.080086218
2.084000000	0.099167066	0.487205839	0.507940053	0.118057028	-0.998331006	-3.205755435	-0.133098283	-0.177169121	0.139823539	-0.155182691	0.045619739	0.080366002
2.085000000	0.099033773	0.487028879	0.508079717	0.117901606	-0.998285427	-3.205674929	-0.133487114	-0.176751164	0.139502347	-0.155660562	0.045538537	0.080645352
2.086000000	0.098900092	0.486852337	0.508219058	0.117745707	-0.998239929	-3.205594144	-0.133875146	-0.176331906	0.139180222	-0.156137534	0.045456814	0.080924266
2.087000000	0.098766023	0.486676215	0.508358077	0.117589331	-0.998194513	-3.205513080	-0.134262376	-0.175911347	0.138857166	-0.156613602	0.045374572	0.081202741
2.088000000	0.098631567	0.486500514	0.508496773	0.117432480	-0.998149180	-3.205431738	-0.134648800	-0.175489491	0.138533182	-0.157088761	0.045291809	0.081480772
2.089000000	0.098496726	0.486325236	0.508635144	0.117275153	-0.998103929	-3.205350119	-0.135034415	-0.175066340	0.138208270	-0.157563006	0.045208527	0.081758358
2.090000000	0.098361499	0.486150381	0.508773189	0.117117354	-0.998058763	-3.205268222	-0.135419216	-0.174641897	0.137882434	-0.158036332	0.045124724	0.082035495
2.091000000	0.098225887	0.485975952	0.508910908	0.116959081	-0.998013680	-3.205186048	-0.135803201	-0.174216163	0.137555675	-0.158508736	0.045040402	0.082312180
2.092000000	0.098089892	0.485801949	0.509048301	0.116800336	-0.997968682	-3.205103597	-0.136186366	-0.173789141	0.137227994	-0.158980212	0.044955561	0.082588409
2.093000000	0.097953514	0.485628374	0.509185364	0.116641120	-0.997923769	-3.205020871	-0.136568707	-0.173360834	0.136899395	-0.159450755	0.044870200	0.082864180
2.094000000	0.097816755	0.485455227	0.509322099	0.116481435	-0.997878941	-3.204937869	-0.136950221	-0.172931244	0.136569879	-0.159920362	0.044784320	0.083139490
2.095000000	0.097679614	0.485282511	0.509458504	0.116321280	-0.997834200	-3.204854592	-0.137330904	-0.172500374	0.136239447	-0.160389026	0.044697921	0.083414334
2.096000000	0.097542093	0.485110227	0.509594578	0.116160657	-0.997789546	-3.204771040	-0.137710754	-0.172068227	0.135908103	-0.160856744	0.044611004	0.083688711
2.097000000	0.097404193	0.484938375	0.509730321	0.115999566	-0.997744978	-3.204687215	-0.138089765	-0.171634804	0.135575847	-0.161323512	0.044523568	0.083962617
2.098000000	0.097265914	0.484766957	0.509865730	0.115838010	-0.997700498	-3.204603115	-0.138467935	-0.171200108	0.135242683	-0.161789323	0.044435614	0.084236048
2.099000000	0.097127257	0.484595974	0.510000806	0.115675988	-0.997656107	-3.204518743	-0.138845261	-0.170764142	0.134908611	-0.162254174	0.044347142	0.084509002
2.100000000	0.096988223	0.484425429	0.510135547	0.115513501	-0.997611804	-3.204434097	-0.139221738	-0.170326909	0.134573635	-0.162718060	0.044258152	0.084781476
2.101000000	0.096848813	0.484255321	0.510269953	0.115350552	-0.997567591	-3.204349180	-0.139597364	-0.169888411	0.134237755	-0.163180977	0.044168644	0.085053466
2.102000000	0.096709028	0.484085652	0.510404023	0.115187140	-0.997523467	-3.204263990	-0.139972135	-0.169448650	0.133900975	-0.163642919	0.044078620	0.085324969
2.103000000	0.096568869	0.483916423	0.510537755	0.115023266	-0.997479433	-3.204178530	-0.140346046	-0.169007630	0.133563295	-0.164103882	0.043988078	0.085595982
2.104000000	0.096428336	0.483747636	0.510671149	0.114858932	-0.997435491	-3.204092798	-0.140719096	-0.168565352	0.133224719	-0.164563861	0.043897020	0.085866502
2.105000000	0.096287431	0.483579292	0.510804205	0.114694138	-0.997391639	-3.204006797	-0.141091280	-0.168121820	0.132885249	-0.165022852	0.043805446	0.086136526
2.106000000	0.096146154	0.483411393	0.510936920	0.114528886	-0.997347880	-3.203920525	-0.141462595	-0.167677037	0.132544886	-0.165480850	0.043713355	0.086406050
2.107000000	0.096004506	0.483243938	0.511069295	0.114363177	-0.997304213	-3.203833985	-0.141833038	-0.167231004	0.132203632	-0.165937851	0.043620749	0.086675072
2.108000000	0.095862488	0.483076931	0.511201327	0.114197011	-0.997260638	-3.203747175	-0.142202604	-0.166783725	0.131861489	-0.166393849	0.043527628	0.086943588
2.109000000	0.095720101	0.482910371	0.511333018	0.114030389	-0.997217157	-3.203660098	-0.142571290	-0.166335202	0.131518460	-0.166848841	0.043433991	0.087211594
2.110000000	0.095577345	0.482744260	0.511464364	0.113863313	-0.997173770	-3.203572752	-0.142939094	-0.165885438	0.131174547	-0.167302821	0.043339840	0.087479089
2.111000000	0.095434223	0.482578600	0.511595367	0.113695783	-0.997130478	-3.203485139	-0.143306012	-0.165434436	0.130829752	-0.167755785	0.043245175	0.087746069
2.112000000	0.095290733	0.482413391	0.511726024	0.113527801	-0.997087280	-3.203397260	-0.143672039	-0.164982198	0.130484077	-0.168207728	0.043149995	0.088012530
2.113000000	0.095146878	0.482248635	0.511856335	0.113359368	-0.997044178	-3.203309114	-0.144037173	-0.164528727	0.130137523	-0.168658646	0.043054303	0.088278469
2.114000000	0.095002659	0.482084334	0.511986299	0.113190484	-0.997001171	-3.203220703	-0.144401411	-0.164074026	0.129790094	-0.169108534	0.042958097	0.088543884
2.115000000	0.094858076	0.481920487	0.512115915	0.113021151	-0.996958261	-3.203132027	-0.144764748	-0.163618099	0.129441792	-0.169557387	0.042861378	0.088808771
2.116000000	0.094713130	0.481757097	0.512245183	0.112851369	-0.996915449	-3.203043086	-0.145127181	-0.163160946	0.129092617	-0.170005201	0.042764147	0.089073127
2.117000000	0.094567821	0.481594165	0.512374100	0.112681141	-0.996872733	-3.202953880	-0.145488708	-0.162702572	0.128742574	-0.170451972	0.042666405	0.089336948
2.118000000	0.094422152	0.481431692	0.512502668	0.112510466	-0.996830116	-3.202864412	-0.145849324	-0.162242979	0.128391663	-0.170897694	0.042568150	0.089600233
2.119000000	0.094276123	0.481269679	0.512630884	0.112339345	-0.996787597	-3.202774680	-0.146209026	-0.161782170	0.128039887	-0.171342363	0.042469385	0.089862976
2.120000000	0.094129734	0.481108128	0.512758748	0.112167781	-0.996745177	-3.202684686	-0.146567811	-0.161320148	0.127687248	-0.171785975	0.042370110	0.090125176
2.121000000	0.093982987	0.480947039	0.512886258	0.111995773	-0.996702857	-3.202594430	-0.146925675	-0.160856916	0.127333749	-0.172228524	0.042270324	0.090386830
2.122000000	0.093835883	0.480786414	0.513013415	0.111823324	-0.996660636	-3.202503912	-0.147282615	-0.160392476	0.126979391	-0.172670006	0.042170029	0.090647933
2.123000000	0.093688422	0.480626254	0.513140217	0.111650433	-0.996618517	-3.202413134	-0.147638627	-0.159926832	0.126624177	-0.173110418	0.042069224	0.090908483
2.124000000	0.093540606	0.480466560	0.513266663	0.111477103	-0.996576498	-3.202322095	-0.147993708	-0.159459985	0.126268109	-0.173549753	0.041967911	0.091168477
2.125000000	0.093392435	0.480307334	0.513392753	0.111303334	-0.996534581	-3.202230797	-0.148347855	-0.158991941	0.125911188	-0.173988008	0.041866091	0.091427911
2.126000000	0.093243910	0.480148576	0.513518486	0.111129127	-0.996492766	-3.202139239	-0.148701065	-0.158522700	0.125553419	-0.174425178	0.041763762	0.091686783
2.127000000	0.093095033	0.479990289	0.513643860	0.110954484	-0.996451053	-3.202047423	-0.149053334	-0.158052267	0.125194802	-0.174861258	0.041660927	0.091945089
2.128000000	0.092945803	0.479832472	0.513768876	0.110779405	-0.996409444	-3.201955349	-0.149404657	-0.157580644	0.124835339	-0.175296244	0.041557585	0.092202826
2.129000000	0.092796223	0.479675127	0.513893531	0.110603891	-0.996367938	-3.201863018	-0.149755033	-0.157107834	0.124475034	-0.175730131	0.041453737	0.092459991
2.130000000	0.092646293	0.479518256	0.514017826	0.110427944	-0.996326536	-3.201770429	-0.150104459	-0.156633840	0.124113888	-0.176162916	0.041349384	0.092716581
2.131000000	0.092496014	0.479361859	0.514141759	0.110251565	-0.996285239	-3.201677585	-0.150452929	-0.156158665	0.123751904	-0.176594592	0.041244527	0.092972592
2.132000000	0.092345387	0.479205939	0.514265329	0.110074755	-0.996244047	-3.201584484	-0.150800441	-0.155682312	0.123389083	-0.177025156	0.041139165	0.093228022
2.133000000	0.092194414	0.479050495	0.514388537	0.109897515	-0.996202961	-3.201491129	-0.151146993	-0.155204784	0.123025428	-0.177454603	0.041033300	0.093482868
2.134000000	0.092043094	0.478895529	0.514511380	0.109719846	-0.996161981	-3.201397519	-0.151492580	-0.154726084	0.122660942	-0.177882929	0.040926931	0.093737125
2.135000000	0.091891428	0.478741043	0.514633859	0.109541749	-0.996121107	-3.201303654	-0.151837199	-0.154246215	0.122295626	-0.178310128	0.040820061	0.093990792
2.136000000	0.091739419	0.478587037	0.514755972	0.109363226	-0.996080340	-3.201209537	-0.152180846	-0.153765181	0.121929484	-0.178736198	0.040712689	0.094243865
2.137000000	0.091587067	0.478433512	0.514877718	0.109184277	-0.996039682	-3.201115167	-0.152523519	-0.153282985	0.121562517	-0.179161132	0.040604815	0.094496340
2.138000000	0.091434372	0.478280470	0.514999097	0.109004904	-0.995999131	-3.201020544	-0.152865215	-0.152799628	0.121194727	-0.179584927	0.040496442	0.094748216
2.139000000	0.091281336	0.478127913	0.515120107	0.108825107	-0.995958689	-3.200925670	-0.153205929	-0.152315115	0.120826117	-0.180007577	0.040387568	0.094999488
2.140000000	0.091127960	0.477975840	0.515240749	0.108644889	-0.995918356	-3.200830545	-0.153545658	-0.151829448	0.120456689	-0.180429080	0.040278196	0.095250153
2.141000000	0.090974245	0.477824254	0.515361021	0.108464249	-0.995878132	-3.200735170	-0.153884400	-0.151342632	0.120086446	-0.180849430	0.040168325	0.095500209
2.142000000	0.090820192	0.477673155	0.515480922	0.108283190	-0.995838019	-3.200639545	-0.154222151	-0.150854668	0.119715389	-0.181268622	0.040057957	0.095749652
2.143000000	0.090665801	0.477522544	0.515600452	0.108101712	-0.995798016	-3.200543671	-0.154558908	-0.150365560	0.119343521	-0.181686652	0.039947092	0.095998479
2.144000000	0.090511074	0.477372424	0.515719609	0.107919817	-0.995758125	-3.200447548	-0.154894666	-0.149875312	0.118970846	-0.182103516	0.039835730	0.096246687
2.145000000	0.090356012	0.477222794	0.515838393	0.107737505	-0.995718345	-3.200351177	-0.155229424	-0.149383926	0.118597364	-0.182519209	0.039723873	0.096494273
2.146000000	0.090200615	0.477073656	0.515956804	0.107554778	-0.995678677	-3.200254560	-0.155563178	-0.148891406	0.118223078	-0.182933726	0.039611522	0.096741233
2.147000000	0.090044885	0.476925011	0.516074840	0.107371638	-0.995639122	-3.200157695	-0.155895925	-0.148397754	0.117847991	-0.183347064	0.039498676	0.096987566
2.148000000	0.089888823	0.476776860	0.516192500	0.107188084	-0.995599680	-3.200060584	-0.156227660	-0.147902975	0.117472105	-0.183759218	0.039385337	0.097233266
2.149000000	0.089732430	0.476629205	0.516309784	0.107004119	-0.995560351	-3.199963228	-0.156558382	-0.147407071	0.117095422	-0.184170183	0.039271506	0.097478333
2.150000000	0.089575706	0.476482046	0.516426691	0.106819744	-0.995521137	-3.199865628	-0.156888087	-0.146910045	0.116717945	-0.184579955	0.039157183	0.097722761
2.151000000	0.089418654	0.476335385	0.516543220	0.106634959	-0.995482037	-3.199767783	-0.157216771	-0.146411901	0.116339675	-0.184988530	0.039042369	0.097966549
2.152000000	0.089261273	0.476189222	0.516659370	0.106449767	-0.995443052	-3.199669695	-0.157544432	-0.145912642	0.115960617	-0.185395903	0.038927065	0.098209693
2.153000000	0.089103565	0.476043559	0.516775141	0.106264168	-0.995404183	-3.199571364	-0.157871066	-0.145412272	0.115580771	-0.185802069	0.038811272	0.098452190
2.154000000	0.088945531	0.475898398	0.516890532	0.106078163	-0.995365429	-3.199472790	-0.158196669	-0.144910793	0.115200141	-0.186207025	0.038694991	0.098694037
2.155000000	0.088787172	0.475753738	0.517005541	0.105891754	-0.995326793	-3.199373976	-0.158521240	-0.144408209	0.114818729	-0.186610766	0.038578222	0.098935231
2.156000000	0.088628488	0.475609581	0.517120169	0.105704941	-0.995288273	-3.199274920	-0.158844774	-0.143904524	0.114436536	-0.187013287	0.038460966	0.099175768
2.157000000	0.088469482	0.475465929	0.517234415	0.105517727	-0.995249871	-3.199175624	-0.159167268	-0.143399740	0.114053567	-0.187414584	0.038343224	0.099415646
2.158000000	0.088310154	0.475322782	0.517348276	0.105330112	-0.995211586	-3.199076089	-0.159488720	-0.142893861	0.113669822	-0.187814653	0.038224997	0.099654862
2.159000000	0.088150505	0.475180141	0.517461754	0.105142098	-0.995173421	-3.198976314	-0.159809126	-0.142386891	0.113285305	-0.188213490	0.038106287	0.099893413
2.160000000	0.087990536	0.475038008	0.517574847	0.104953685	-0.995135374	-3.198876302	-0.160128482	-0.141878832	0.112900018	-0.188611089	0.037987093	0.100131295
2.161000000	0.087830248	0.474896383	0.517687554	0.104764876	-0.995097446	-3.198776052	-0.160446786	-0.141369688	0.112513964	-0.189007447	0.037867416	0.100368505
2.162000000	0.087669642	0.474755268	0.517799875	0.104575670	-0.995059639	-3.198675565	-0.160764035	-0.140859463	0.112127144	-0.189402560	0.037747259	0.100605041
2.163000000	0.087508720	0.474614664	0.517911809	0.104386071	-0.995021952	-3.198574842	-0.161080225	-0.140348160	0.111739562	-0.189796423	0.037626621	0.100840899
2.164000000	0.087347482	0.474474572	0.518023354	0.104196078	-0.994984386	-3.198473883	-0.161395353	-0.139835783	0.111351219	-0.190189031	0.037505503	0.101076077
2.165000000	0.087185929	0.474334992	0.518134511	0.104005693	-0.994946941	-3.198372690	-0.161709416	-0.139322334	0.110962119	-0.190580381	0.037383907	0.101310570
2.166000000	0.087024063	0.474195927	0.518245279	0.103814917	-0.994909618	-3.198271262	-0.162022411	-0.138807817	0.110572264	-0.190970467	0.037261833	0.101544377
2.167000000	0.086861884	0.474057377	0.518355656	0.103623752	-0.994872417	-3.198169601	-0.162334335	-0.138292237	0.110181656	-0.191359287	0.037139283	0.101777494
2.168000000	0.086699394	0.473919343	0.518465642	0.103432198	-0.994835339	-3.198067707	-0.162645185	-0.137775595	0.109790298	-0.191746835	0.037016257	0.102009918
2.169000000	0.086536594	0.473781826	0.518575236	0.103240258	-0.994798385	-3.197965581	-0.162954957	-0.137257896	0.109398193	-0.192133107	0.036892756	0.102241646
2.170000000	0.086373485	0.473644827	0.518684438	0.103047932	-0.994761554	-3.197863224	-0.163263649	-0.136739144	0.109005342	-0.192518099	0.036768782	0.102472675
2.171000000	0.086210067	0.473508347	0.518793247	0.102855222	-0.994724847	-3.197760636	-0.163571257	-0.136219341	0.108611749	-0.192901807	0.036644335	0.102703003
2.172000000	0.086046342	0.473372388	0.518901662	0.102662129	-0.994688265	-3.197657818	-0.163877779	-0.135698492	0.108217416	-0.193284226	0.036519416	0.102932625
2.173000000	0.085882311	0.473236950	0.519009682	0.102468653	-0.994651808	-3.197554771	-0.164183211	-0.135176599	0.107822345	-0.193665352	0.036394027	0.103161539
2.174000000	0.085717976	0.473102035	0.519117307	0.102274798	-0.994615477	-3.197451495	-0.164487550	-0.134653667	0.107426539	-0.194045181	0.036268168	0.103389742
2.175000000	0.085553336	0.472967643	0.519224535	0.102080563	-0.994579272	-3.197347991	-0.164790794	-0.134129699	0.107030001	-0.194423709	0.036141841	0.103617231
2.176000000	0.085388394	0.472833775	0.519331367	0.101885951	-0.994543193	-3.197244260	-0.165092938	-0.133604698	0.106632733	-0.194800931	0.036015047	0.103844004
2.177000000	0.085223150	0.472700433	0.519437801	0.101690961	-0.994507242	-3.197140303	-0.165393981	-0.133078669	0.106234738	-0.195176843	0.035887786	0.104070056
2.178000000	0.085057606	0.472567618	0.519543836	0.101495597	-0.994471418	-3.197036120	-0.165693918	-0.132551614	0.105836018	-0.195551442	0.035760060	0.104295385
2.179000000	0.084891763	0.472435330	0.519649473	0.101299859	-0.994435722	-3.196931712	-0.165992748	-0.132023538	0.105436576	-0.195924722	0.035631869	0.104519988
2.180000000	0.084725621	0.472303571	0.519754709	0.101103747	-0.994400154	-3.196827080	-0.166290466	-0.131494444	0.105036415	-0.196296680	0.035503216	0.104743862
2.181000000	0.084559182	0.472172341	0.519859546	0.100907265	-0.994364715	-3.196722225	-0.166587071	-0.130964336	0.104635537	-0.196667312	0.035374101	0.104967005
2.182000000	0.084392447	0.472041642	0.519963981	0.100710413	-0.994329406	-3.196617146	-0.166882559	-0.130433216	0.104233944	-0.197036613	0.035244525	0.105189412
2.183000000	0.084225417	0.471911474	0.520068014	0.100513192	-0.994294226	-3.196511846	-0.167176927	-0.129901090	0.103831639	-0.197404578	0.035114489	0.105411082
2.184000000	0.084058093	0.471781840	0.520171644	0.100315604	-0.994259177	-3.196406324	-0.167470171	-0.129367961	0.103428626	-0.197771205	0.034983996	0.105632011
2.185000000	0.083890476	0.471652738	0.520274871	0.100117650	-0.994224258	-3.196300582	-0.167762290	-0.128833832	0.103024906	-0.198136489	0.034853044	0.105852196
2.186000000	0.083722568	0.471524172	0.520377694	0.099919331	-0.994189471	-3.196194620	-0.168053280	-0.128298707	0.102620482	-0.198500426	0.034721637	0.106071634
2.187000000	0.083554370	0.471396141	0.520480112	0.099720649	-0.994154815	-3.196088439	-0.168343138	-0.127762589	0.102215357	-0.198863011	0.034589775	0.106290323
2.188000000	0.083385882	0.471268647	0.520582124	0.099521605	-0.994120291	-3.195982039	-0.168631862	-0.127225484	0.101809533	-0.199224241	0.034457459	0.106508259
2.189000000	0.083217106	0.471141690	0.520683731	0.099322200	-0.994085900	-3.195875422	-0.168919447	-0.126687394	0.101403014	-0.199584111	0.034324690	0.106725440
2.190000000	0.083048043	0.471015272	0.520784931	0.099122437	-0.994051642	-3.195768588	-0.169205892	-0.126148322	0.100995801	-0.199942618	0.034191471	0.106941862
2.191000000	0.082878694	0.470889393	0.520885723	0.098922315	-0.994017517	-3.195661539	-0.169491194	-0.125608274	0.100587898	-0.200299756	0.034057801	0.107157523
2.192000000	0.082709061	0.470764055	0.520986106	0.098721837	-0.993983526	-3.195554273	-0.169775349	-0.125067252	0.100179306	-0.200655524	0.033923682	0.107372420
2.193000000	0.082539144	0.470639259	0.521086081	0.098521004	-0.993949670	-3.195446794	-0.170058354	-0.124525260	0.099770029	-0.201009915	0.033789116	0.107586550
2.194000000	0.082368944	0.470515005	0.521185647	0.098319817	-0.993915948	-3.195339100	-0.170340207	-0.123982303	0.099360070	-0.201362926	0.033654104	0.107799910
2.195000000	0.082198463	0.470391294	0.521284801	0.098118278	-0.993882361	-3.195231194	-0.170620905	-0.123438384	0.098949430	-0.201714554	0.033518646	0.108012496
2.196000000	0.082027702	0.470268128	0.521383545	0.097916388	-0.993848910	-3.195123075	-0.170900446	-0.122893507	0.098538114	-0.202064794	0.033382745	0.108224307
2.197000000	0.081856662	0.470145507	0.521481878	0.097714149	-0.993815596	-3.195014745	-0.171178825	-0.122347675	0.098126122	-0.202413641	0.033246401	0.108435340
2.198000000	0.081685345	0.470023432	0.521579798	0.097511561	-0.993782418	-3.194906205	-0.171456040	-0.121800893	0.097713459	-0.202761093	0.033109617	0.108645591
2.199000000	0.081513750	0.469901905	0.521677305	0.097308627	-0.993749377	-3.194797454	-0.171732089	-0.121253164	0.097300127	-0.203107145	0.032972392	0.108855057
2.200000000	0.081341881	0.469780926	0.521774398	0.097105347	-0.993716473	-3.194688495	-0.172006969	-0.120704493	0.096886128	-0.203451793	0.032834729	0.109063736
2.201000000	0.081169737	0.469660496	0.521871077	0.096901723	-0.993683707	-3.194579327	-0.172280676	-0.120154882	0.096471466	-0.203795034	0.032696629	0.109271625
2.202000000	0.080997319	0.469540616	0.521967341	0.096697757	-0.993651080	-3.194469951	-0.172553208	-0.119604337	0.096056142	-0.204136862	0.032558093	0.109478722
2.203000000	0.080824630	0.469421287	0.522063189	0.096493450	-0.993618591	-3.194360369	-0.172824562	-0.119052861	0.095640160	-0.204477275	0.032419123	0.109685022
2.204000000	0.080651670	0.469302510	0.522158621	0.096288802	-0.993586241	-3.194250581	-0.173094736	-0.118500458	0.095223523	-0.204816268	0.032279719	0.109890524
2.205000000	0.080478441	0.469184286	0.522253637	0.096083817	-0.993554031	-3.194140588	-0.173363726	-0.117947131	0.094806233	-0.205153838	0.032139884	0.110095225
2.206000000	0.080304943	0.469066616	0.522348234	0.095878495	-0.993521962	-3.194030391	-0.173631530	-0.117392886	0.094388292	-0.205489980	0.031999619	0.110299121
2.207000000	0.080131178	0.468949500	0.522442413	0.095672837	-0.993490032	-3.193919990	-0.173898145	-0.116837725	0.093969705	-0.205824691	0.031858925	0.110502210
2.208000000	0.079957147	0.468832940	0.522536173	0.095466845	-0.993458244	-3.193809387	-0.174163569	-0.116281653	0.093550473	-0.206157967	0.031717803	0.110704490
2.209000000	0.079782851	0.468716937	0.522629514	0.095260521	-0.993426597	-3.193698581	-0.174427797	-0.115724673	0.093130599	-0.206489803	0.031576255	0.110905957
2.210000000	0.079608291	0.468601491	0.522722435	0.095053866	-0.993395091	-3.193587575	-0.174690829	-0.115166791	0.092710086	-0.206820197	0.031434283	0.111106608
2.211000000	0.079433469	0.468486603	0.522814934	0.094846881	-0.993363728	-3.193476368	-0.174952661	-0.114608009	0.092288937	-0.207149144	0.031291887	0.111306442
2.212000000	0.079258386	0.468372275	0.522907013	0.094639568	-0.993332507	-3.193364962	-0.175213290	-0.114048331	0.091867154	-0.207476640	0.031149070	0.111505454
2.213000000	0.079083042	0.468258507	0.522998669	0.094431928	-0.993301430	-3.193253357	-0.175472713	-0.113487763	0.091444741	-0.207802682	0.031005833	0.111703643
2.214000000	0.078907440	0.468145299	0.523089902	0.094223962	-0.993270496	-3.193141555	-0.175730929	-0.112926307	0.091021700	-0.208127266	0.030862177	0.111901005
2.215000000	0.078731581	0.468032654	0.523180712	0.094015673	-0.993239705	-3.193029555	-0.175987934	-0.112363968	0.090598034	-0.208450388	0.030718103	0.112097539
2.216000000	0.078555465	0.467920571	0.523271098	0.093807062	-0.993209059	-3.192917359	-0.176243725	-0.111800750	0.090173745	-0.208772044	0.030573614	0.112293240
2.217000000	0.078379093	0.467809052	0.523361060	0.093598129	-0.993178558	-3.192804969	-0.176498300	-0.111236657	0.089748837	-0.209092230	0.030428710	0.112488107
2.218000000	0.078202468	0.467698098	0.523450596	0.093388877	-0.993148202	-3.192692383	-0.176751657	-0.110671693	0.089323312	-0.209410943	0.030283394	0.112682137
2.219000000	0.078025590	0.467587709	0.523539706	0.093179307	-0.993117991	-3.192579604	-0.177003792	-0.110105862	0.088897174	-0.209728179	0.030137667	0.112875326
2.220000000	0.077848460	0.467477886	0.523628390	0.092969421	-0.993087927	-3.192466633	-0.177254703	-0.109539169	0.088470424	-0.210043935	0.029991530	0.113067673
2.221000000	0.077671081	0.467368630	0.523716647	0.092759219	-0.993058008	-3.192353469	-0.177504387	-0.108971616	0.088043067	-0.210358206	0.029844984	0.113259174
2.222000000	0.077493452	0.467259943	0.523804477	0.092548705	-0.993028237	-3.192240114	-0.177752843	-0.108403210	0.087615104	-0.210670989	0.029698032	0.113449827
2.223000000	0.077315575	0.467151824	0.523891878	0.092337878	-0.992998612	-3.192126569	-0.178000066	-0.107833953	0.087186538	-0.210982279	0.029550675	0.113639630
2.224000000	0.077137452	0.467044275	0.523978850	0.092126740	-0.992969135	-3.192012835	-0.178246055	-0.107263849	0.086757373	-0.211292075	0.029402915	0.113828579
2.225000000	0.076959083	0.466937296	0.524065392	0.091915293	-0.992939806	-3.191898912	-0.178490807	-0.106692904	0.086327611	-0.211600372	0.029254753	0.114016672
2.226000000	0.076780470	0.466830889	0.524151505	0.091703539	-0.992910626	-3.191784802	-0.178734319	-0.106121121	0.085897255	-0.211907165	0.029106190	0.114203907
2.227000000	0.076601614	0.466725054	0.524237187	0.091491479	-0.992881594	-3.191670505	-0.178976589	-0.105548504	0.085466309	-0.212212452	0.028957229	0.114390280
2.228000000	0.076422517	0.466619792	0.524322438	0.091279114	-0.992852711	-3.191556021	-0.179217615	-0.104975058	0.085034774	-0.212516230	0.028807871	0.114575788
2.229000000	0.076243179	0.466515104	0.524407257	0.091066447	-0.992823978	-3.191441353	-0.179457393	-0.104400786	0.084602653	-0.212818493	0.028658118	0.114760431
2.230000000	0.076063602	0.466410990	0.524491643	0.090853478	-0.992795395	-3.191326500	-0.179695922	-0.103825694	0.084169950	-0.213119240	0.028507971	0.114944204
2.231000000	0.075883787	0.466307452	0.524575597	0.090640208	-0.992766962	-3.191211465	-0.179933198	-0.103249784	0.083736668	-0.213418465	0.028357432	0.115127105
2.232000000	0.075703736	0.466204490	0.524659117	0.090426641	-0.992738680	-3.191096246	-0.180169220	-0.102673062	0.083302809	-0.213716166	0.028206502	0.115309132
2.233000000	0.075523449	0.466102106	0.524742202	0.090212776	-0.992710549	-3.190980846	-0.180403984	-0.102095531	0.082868376	-0.214012340	0.028055183	0.115490282
2.234000000	0.075342928	0.466000299	0.524824853	0.089998616	-0.992682570	-3.190865266	-0.180637488	-0.101517197	0.082433373	-0.214306982	0.027903478	0.115670553
2.235000000	0.075162174	0.465899071	0.524907069	0.089784162	-0.992654742	-3.190749505	-0.180869731	-0.100938063	0.081997801	-0.214600089	0.027751387	0.115849941
2.236000000	0.074981188	0.465798423	0.524988849	0.089569416	-0.992627067	-3.190633566	-0.181100709	-0.100358133	0.081561665	-0.214891658	0.027598912	0.116028445
2.237000000	0.074799973	0.465698355	0.525070193	0.089354379	-0.992599544	-3.190517448	-0.181330419	-0.099777411	0.081124966	-0.215181685	0.027446055	0.116206062
2.238000000	0.074618528	0.465598868	0.525151099	0.089139053	-0.992572175	-3.190401154	-0.181558860	-0.099195903	0.080687709	-0.215470166	0.027292819	0.116382789
2.239000000	0.074436855	0.465499963	0.525231568	0.088923439	-0.992544959	-3.190284683	-0.181786030	-0.098613612	0.080249895	-0.215757099	0.027139203	0.116558623
2.240000000	0.074254956	0.465401641	0.525311599	0.088707538	-0.992517896	-3.190168037	-0.182011925	-0.098030543	0.079811527	-0.216042480	0.026985211	0.116733563
2.241000000	0.074072831	0.465303902	0.525391191	0.088491354	-0.992490988	-3.190051216	-0.182236543	-0.097446700	0.079372609	-0.216326305	0.026830844	0.116907606
2.242000000	0.073890482	0.465206747	0.525470344	0.088274886	-0.992464235	-3.189934221	-0.182459882	-0.096862087	0.078933144	-0.216608570	0.026676103	0.117080748
2.243000000	0.073707911	0.465110178	0.525549057	0.088058137	-0.992437636	-3.189817054	-0.182681939	-0.096276709	0.078493135	-0.216889274	0.026520991	0.117252989
2.244000000	0.073525119	0.465014194	0.525627330	0.087841107	-0.992411193	-3.189699715	-0.182902713	-0.095690570	0.078052584	-0.217168411	0.026365509	0.117424325
2.245000000	0.073342106	0.464918797	0.525705163	0.087623800	-0.992384905	-3.189582206	-0.183122200	-0.095103674	0.077611494	-0.217445980	0.026209659	0.117594754
2.246000000	0.073158874	0.464823986	0.525782554	0.087406215	-0.992358773	-3.189464526	-0.183340399	-0.094516026	0.077169869	-0.217721976	0.026053443	0.117764273
2.247000000	0.072975425	0.464729764	0.525859503	0.087188356	-0.992332798	-3.189346677	-0.183557307	-0.093927630	0.076727711	-0.217996396	0.025896863	0.117932880
2.248000000	0.072791760	0.464636131	0.525936009	0.086970223	-0.992306980	-3.189228660	-0.183772922	-0.093338491	0.076285023	-0.218269237	0.025739920	0.118100573
2.249000000	0.072607879	0.464543087	0.526012073	0.086751817	-0.992281318	-3.189110476	-0.183987241	-0.092748613	0.075841809	-0.218540495	0.025582616	0.118267349
2.250000000	0.072423785	0.464450634	0.526087693	0.086533142	-0.992255814	-3.188992126	-0.184200263	-0.092158000	0.075398071	-0.218810168	0.025424954	0.118433206
2.251000000	0.072239479	0.464358771	0.526162869	0.086314197	-0.992230468	-3.188873610	-0.184411984	-0.091566657	0.074953812	-0.219078252	0.025266934	0.118598141
2.252000000	0.072054961	0.464267500	0.526237600	0.086094985	-0.992205280	-3.188754929	-0.184622403	-0.090974588	0.074509036	-0.219344743	0.025108559	0.118762151
2.253000000	0.071870234	0.464176822	0.526311887	0.085875508	-0.992180251	-3.188636085	-0.184831518	-0.090381798	0.074063745	-0.219609639	0.024949831	0.118925236
2.254000000	0.071685298	0.464086737	0.526385728	0.085655766	-0.992155381	-3.188517079	-0.185039326	-0.089788292	0.073617942	-0.219872937	0.024790751	0.119087392
2.255000000	0.071500155	0.463997245	0.526459123	0.085435762	-0.992130670	-3.188397911	-0.185245825	-0.089194073	0.073171631	-0.220134632	0.024631322	0.119248616
2.256000000	0.071314807	0.463908348	0.526532071	0.085215497	-0.992106118	-3.188278582	-0.185451012	-0.088599146	0.072724814	-0.220394723	0.024471545	0.119408907
2.257000000	0.071129253	0.463820047	0.526604573	0.084994972	-0.992081726	-3.188159093	-0.185654886	-0.088003516	0.072277494	-0.220653205	0.024311423	0.119568263
2.258000000	0.070943497	0.463732341	0.526676626	0.084774190	-0.992057495	-3.188039445	-0.185857445	-0.087407186	0.071829675	-0.220910076	0.024150956	0.119726680
2.259000000	0.070757539	0.463645232	0.526748232	0.084553152	-0.992033425	-3.187919639	-0.186058685	-0.086810163	0.071381359	-0.221165332	0.023990148	0.119884157
2.260000000	0.070571380	0.463558721	0.526819389	0.084331860	-0.992009515	-3.187799677	-0.186258606	-0.086212449	0.070932550	-0.221418971	0.023828999	0.120040691
2.261000000	0.070385021	0.463472807	0.526890097	0.084110314	-0.991985767	-3.187679558	-0.186457204	-0.085614050	0.070483249	-0.221670989	0.023667513	0.120196280
2.262000000	0.070198465	0.463387493	0.526960356	0.083888518	-0.991962180	-3.187559284	-0.186654479	-0.085014971	0.070033462	-0.221921383	0.023505690	0.120350922
2.263000000	0.070011712	0.463302777	0.527030164	0.083666472	-0.991938755	-3.187438856	-0.186850427	-0.084415215	0.069583190	-0.222170151	0.023343533	0.120504614
2.264000000	0.069824764	0.463218662	0.527099522	0.083444178	-0.991915493	-3.187318275	-0.187045046	-0.083814788	0.069132437	-0.222417289	0.023181043	0.120657355
2.265000000	0.069637622	0.463135148	0.527168429	0.083221637	-0.991892393	-3.187197542	-0.187238334	-0.083213693	0.068681205	-0.222662793	0.023018224	0.120809142
2.266000000	0.069450288	0.463052235	0.527236885	0.082998852	-0.991869456	-3.187076657	-0.187430291	-0.082611936	0.068229498	-0.222906662	0.022855076	0.120959972
2.267000000	0.069262762	0.462969924	0.527304888	0.082775824	-0.991846683	-3.186955622	-0.187620912	-0.082009521	0.067777319	-0.223148892	0.022691602	0.121109844
2.268000000	0.069075046	0.462888216	0.527372439	0.082552554	-0.991824073	-3.186834437	-0.187810196	-0.081406452	0.067324670	-0.223389480	0.022527803	0.121258756
2.269000000	0.068887141	0.462807111	0.527439538	0.082329045	-0.991801627	-3.186713104	-0.187998142	-0.080802734	0.066871556	-0.223628423	0.022363682	0.121406704
2.270000000	0.068699050	0.462726610	0.527506183	0.082105297	-0.991779346	-3.186591624	-0.188184746	-0.080198372	0.066417979	-0.223865718	0.022199241	0.121553688
2.271000000	0.068510772	0.462646714	0.527572374	0.081881314	-0.991757229	-3.186469997	-0.188370008	-0.079593371	0.065963941	-0.224101363	0.022034482	0.121699705
2.272000000	0.068322310	0.462567423	0.527638111	0.081657095	-0.991735277	-3.186348224	-0.188553925	-0.078987735	0.065509447	-0.224335354	0.021869406	0.121844752
2.273000000	0.068133664	0.462488738	0.527703393	0.081432643	-0.991713490	-3.186226307	-0.188736494	-0.078381468	0.065054500	-0.224567688	0.021704016	0.121988828
2.274000000	0.067944837	0.462410660	0.527768220	0.081207959	-0.991691869	-3.186104247	-0.188917715	-0.077774576	0.064599101	-0.224798363	0.021538314	0.122131930
2.275000000	0.067755829	0.462333189	0.527832591	0.080983046	-0.991670413	-3.185982044	-0.189097585	-0.077167063	0.064143255	-0.225027376	0.021372302	0.122274057
2.276000000	0.067566642	0.462256326	0.527896506	0.080757905	-0.991649124	-3.185859699	-0.189276102	-0.076558933	0.063686965	-0.225254724	0.021205981	0.122415206
2.277000000	0.067377277	0.462180071	0.527959965	0.080532537	-0.991628001	-3.185737213	-0.189453265	-0.075950191	0.063230233	-0.225480404	0.021039355	0.122555376
2.278000000	0.067187735	0.462104425	0.528022967	0.080306944	-0.991607045	-3.185614588	-0.189629070	-0.075340843	0.062773063	-0.225704413	0.020872425	0.122694563
2.279000000	0.066998019	0.462029389	0.528085511	0.080081128	-0.991586256	-3.185491824	-0.189803517	-0.074730892	0.062315458	-0.225926749	0.020705193	0.122832767
2.280000000	0.066808128	0.461954964	0.528147598	0.079855091	-0.991565635	-3.185368922	-0.189976604	-0.074120343	0.061857421	-0.226147409	0.020537662	0.122969984
2.281000000	0.066618065	0.461881149	0.528209226	0.079628833	-0.991545181	-3.185245884	-0.190148328	-0.073509201	0.061398955	-0.226366390	0.020369832	0.123106214
2.282000000	0.066427832	0.461807945	0.528270396	0.079402358	-0.991524895	-3.185122710	-0.190318688	-0.072897471	0.060940063	-0.226583689	0.020201708	0.123241454
2.283000000	0.066237428	0.461735353	0.528331106	0.079175666	-0.991504778	-3.184999401	-0.190487681	-0.072285158	0.060480749	-0.226799304	0.020033290	0.123375701
2.284000000	0.066046856	0.461663375	0.528391357	0.078948759	-0.991484828	-3.184875959	-0.190655306	-0.071672265	0.060021015	-0.227013231	0.019864580	0.123508954
2.285000000	0.065856117	0.461592009	0.528451148	0.078721639	-0.991465048	-3.184752383	-0.190821562	-0.071058799	0.059560866	-0.227225469	0.019695582	0.123641212
2.286000000	0.065665213	0.461521257	0.528510479	0.078494308	-0.991445437	-3.184628676	-0.190986447	-0.070444763	0.059100303	-0.227436015	0.019526297	0.123772472
2.287000000	0.065474145	0.461451119	0.528569349	0.078266767	-0.991425996	-3.184504838	-0.191149957	-0.069830162	0.058639329	-0.227644866	0.019356727	0.123902731
2.288000000	0.065282913	0.461381596	0.528627758	0.078039019	-0.991406724	-3.184380871	-0.191312092	-0.069215002	0.058177949	-0.227852019	0.019186874	0.124031989
2.289000000	0.065091520	0.461312689	0.528685705	0.077811063	-0.991387622	-3.184256774	-0.191472851	-0.068599286	0.057716166	-0.228057472	0.019016740	0.124160244
2.290000000	0.064899968	0.461244398	0.528743190	0.077582904	-0.991368690	-3.184132550	-0.191632230	-0.067983020	0.057253981	-0.228261222	0.018846329	0.124287492
2.291000000	0.064708256	0.461176723	0.528800213	0.077354541	-0.991349929	-3.184008199	-0.191790229	-0.067366209	0.056791400	-0.228463267	0.018675641	0.124413733
2.292000000	0.064516387	0.461109665	0.528856773	0.077125977	-0.991331339	-3.183883723	-0.191946846	-0.066748856	0.056328424	-0.228663604	0.018504680	0.124538964
2.293000000	0.064324362	0.461043225	0.528912870	0.076897214	-0.991312920	-3.183759122	-0.192102079	-0.066130968	0.055865057	-0.228862231	0.018333446	0.124663184
2.294000000	0.064132183	0.460977403	0.528968503	0.076668253	-0.991294672	-3.183634397	-0.192255926	-0.065512548	0.055401302	-0.229059145	0.018161943	0.124786391
2.295000000	0.063939850	0.460912200	0.529023673	0.076439096	-0.991276596	-3.183509549	-0.192408386	-0.064893602	0.054937163	-0.229254344	0.017990173	0.124908583
2.296000000	0.063747366	0.460847616	0.529078378	0.076209744	-0.991258692	-3.183384579	-0.192559456	-0.064274135	0.054472642	-0.229447825	0.017818138	0.125029758
2.297000000	0.063554732	0.460783652	0.529132618	0.075980200	-0.991240960	-3.183259489	-0.192709136	-0.063654150	0.054007743	-0.229639586	0.017645840	0.125149915
2.298000000	0.063361948	0.460720308	0.529186393	0.075750465	-0.991223400	-3.183134280	-0.192857424	-0.063033654	0.053542468	-0.229829624	0.017473281	0.125269051
2.299000000	0.063169017	0.460657584	0.529239703	0.075520541	-0.991206013	-3.183008951	-0.193004317	-0.062412651	0.053076822	-0.230017937	0.017300464	0.125387165
2.300000000	0.062975939	0.460595482	0.529292547	0.075290429	-0.991188799	-3.182883505	-0.193149815	-0.061791145	0.052610807	-0.230204523	0.017127391	0.125504255
2.301000000	0.062782717	0.460534002	0.529344925	0.075060132	-0.991171758	-3.182757943	-0.193293915	-0.061169141	0.052144426	-0.230389379	0.016954064	0.125620319
2.302000000	0.062589352	0.460473144	0.529396836	0.074829650	-0.991154891	-3.182632265	-0.193436617	-0.060546646	0.051677683	-0.230572504	0.016780485	0.125735355
2.303000000	0.062395844	0.460412908	0.529448280	0.074598987	-0.991138197	-3.182506472	-0.193577918	-0.059923662	0.051210581	-0.230753894	0.016606657	0.125849363
2.304000000	0.062202196	0.460353296	0.529499257	0.074368143	-0.991121678	-3.182380566	-0.193717818	-0.059300196	0.050743123	-0.230933547	0.016432582	0.125962339
2.305000000	0.062008408	0.460294308	0.529549767	0.074137120	-0.991105332	-3.182254547	-0.193856313	-0.058676251	0.050275312	-0.231111461	0.016258262	0.126074283
2.306000000	0.061814483	0.460235944	0.529599808	0.073905920	-0.991089161	-3.182128417	-0.193993404	-0.058051834	0.049807152	-0.231287634	0.016083699	0.126185193
2.307000000	0.061620422	0.460178204	0.529649381	0.073674544	-0.991073165	-3.182002177	-0.194129088	-0.057426949	0.049338646	-0.231462064	0.015908897	0.126295066
2.308000000	0.061426225	0.460121090	0.529698485	0.073442996	-0.991057343	-3.181875827	-0.194263365	-0.056801600	0.048869797	-0.231634748	0.015733856	0.126403902
2.309000000	0.061231895	0.460064601	0.529747121	0.073211275	-0.991041697	-3.181749369	-0.194396231	-0.056175792	0.048400607	-0.231805685	0.015558580	0.126511699
2.310000000	0.061037433	0.460008738	0.529795287	0.072979384	-0.991026226	-3.181622804	-0.194527686	-0.055549532	0.047931081	-0.231974871	0.015383071	0.126618455
2.311000000	0.060842839	0.459953502	0.529842983	0.072747325	-0.991010931	-3.181496132	-0.194657729	-0.054922822	0.047461222	-0.232142306	0.015207330	0.126724168
2.312000000	0.060648117	0.459898892	0.529890209	0.072515100	-0.990995811	-3.181369356	-0.194786358	-0.054295669	0.046991033	-0.232307986	0.015031361	0.126828838
2.313000000	0.060453267	0.459844910	0.529936965	0.072282709	-0.990980868	-3.181242475	-0.194913572	-0.053668078	0.046520517	-0.232471909	0.014855166	0.126932461
2.314000000	0.060258290	0.459791556	0.529983250	0.072050156	-0.990966101	-3.181115491	-0.195039369	-0.053040052	0.046049677	-0.232634075	0.014678747	0.127035038
2.315000000	0.060063188	0.459738830	0.530029064	0.071817441	-0.990951510	-3.180988405	-0.195163747	-0.052411598	0.045578517	-0.232794480	0.014502107	0.127136565
2.316000000	0.059867962	0.459686733	0.530074407	0.071584567	-0.990937097	-3.180861218	-0.195286706	-0.051782719	0.045107039	-0.232953122	0.014325247	0.127237043
2.317000000	0.059672615	0.459635264	0.530119279	0.071351535	-0.990922860	-3.180733931	-0.195408244	-0.051153422	0.044635248	-0.233110000	0.014148170	0.127336468
2.318000000	0.059477146	0.459584426	0.530163678	0.071118347	-0.990908800	-3.180606545	-0.195528360	-0.050523711	0.044163146	-0.233265111	0.013970879	0.127434841
2.319000000	0.059281558	0.459534217	0.530207605	0.070885005	-0.990894918	-3.180479061	-0.195647051	-0.049893590	0.043690737	-0.233418454	0.013793375	0.127532158
2.320000000	0.059085852	0.459484638	0.530251059	0.070651510	-0.990881214	-3.180351480	-0.195764318	-0.049263066	0.043218024	-0.233570026	0.013615662	0.127628419
2.321000000	0.058890029	0.459435691	0.530294041	0.070417865	-0.990867687	-3.180223804	-0.195880159	-0.048632143	0.042745010	-0.233719826	0.013437742	0.127723623
2.322000000	0.058694092	0.459387374	0.530336550	0.070184071	-0.990854338	-3.180096033	-0.195994572	-0.048000825	0.042271698	-0.233867851	0.013259616	0.127817767
2.323000000	0.058498040	0.459339689	0.530378585	0.069950129	-0.990841167	-3.179968169	-0.196107556	-0.047369118	0.041798092	-0.234014100	0.013081288	0.127910851
2.324000000	0.058301877	0.459292636	0.530420146	0.069716042	-0.990828175	-3.179840211	-0.196219110	-0.046737027	0.041324195	-0.234158571	0.012902760	0.128002872
2.325000000	0.058105602	0.459246215	0.530461233	0.069481812	-0.990815362	-3.179712163	-0.196329233	-0.046104557	0.040850011	-0.234301262	0.012724034	0.128093831
2.326000000	0.057909218	0.459200426	0.530501846	0.069247440	-0.990802727	-3.179584024	-0.196437923	-0.045471713	0.040375541	-0.234442171	0.012545113	0.128183724
2.327000000	0.057712726	0.459155271	0.530541984	0.069012928	-0.990790272	-3.179455795	-0.196545179	-0.044838499	0.039900791	-0.234581297	0.012365999	0.128272551
2.328000000	0.057516128	0.459110749	0.530581648	0.068778277	-0.990777995	-3.179327479	-0.196651000	-0.044204922	0.039425763	-0.234718637	0.012186695	0.128360311
2.329000000	0.057319424	0.459066861	0.530620836	0.068543490	-0.990765898	-3.179199075	-0.196755385	-0.043570985	0.038950460	-0.234854190	0.012007202	0.128447003
2.330000000	0.057122617	0.459023607	0.530659549	0.068308569	-0.990753981	-3.179070585	-0.196858332	-0.042936694	0.038474886	-0.234987954	0.011827524	0.128532624
2.331000000	0.056925708	0.458980988	0.530697786	0.068073515	-0.990742243	-3.178942010	-0.196959841	-0.042302054	0.037999044	-0.235119928	0.011647662	0.128617173
2.332000000	0.056728697	0.458939003	0.530735547	0.067838329	-0.990730685	-3.178813350	-0.197059910	-0.041667071	0.037522937	-0.235250109	0.011467620	0.128700650
2.333000000	0.056531588	0.458897653	0.530772832	0.067603014	-0.990719308	-3.178684608	-0.197158539	-0.041031748	0.037046569	-0.235378496	0.011287400	0.128783053
2.334000000	0.056334380	0.458856939	0.530809640	0.067367572	-0.990708111	-3.178555784	-0.197255725	-0.040396091	0.036569942	-0.235505087	0.011107003	0.128864381
2.335000000	0.056137076	0.458816861	0.530845972	0.067132004	-0.990697094	-3.178426880	-0.197351468	-0.039760105	0.036093061	-0.235629881	0.010926434	0.128944632
2.336000000	0.055939677	0.458777419	0.530881826	0.066896312	-0.990686258	-3.178297895	-0.197445767	-0.039123796	0.035615928	-0.235752876	0.010745693	0.129023806
2.337000000	0.055742185	0.458738613	0.530917204	0.066660498	-0.990675602	-3.178168832	-0.197538621	-0.038487167	0.035138547	-0.235874071	0.010564785	0.129101900
2.338000000	0.055544600	0.458700445	0.530952103	0.066424564	-0.990665128	-3.178039691	-0.197630028	-0.037850225	0.034660921	-0.235993464	0.010383710	0.129178915
2.339000000	0.055346925	0.458662913	0.530986525	0.066188512	-0.990654835	-3.177910474	-0.197719989	-0.037212974	0.034183054	-0.236111053	0.010202471	0.129254849
2.340000000	0.055149160	0.458626019	0.531020470	0.065952342	-0.990644723	-3.177781182	-0.197808501	-0.036575420	0.033704948	-0.236226836	0.010021072	0.129329700
2.341000000	0.054951308	0.458589762	0.531053935	0.065716058	-0.990634793	-3.177651815	-0.197895563	-0.035937567	0.033226607	-0.236340813	0.009839514	0.129403468
2.342000000	0.054753369	0.458554143	0.531086923	0.065479661	-0.990625044	-3.177522375	-0.197981175	-0.035299421	0.032748035	-0.236452982	0.009657801	0.129476151
2.343000000	0.054555345	0.458519163	0.531119432	0.065243152	-0.990615477	-3.177392862	-0.198065336	-0.034660986	0.032269234	-0.236563342	0.009475933	0.129547748
2.344000000	0.054357238	0.458484821	0.531151461	0.065006534	-0.990606092	-3.177263279	-0.198148045	-0.034022268	0.031790208	-0.236671890	0.009293915	0.129618258
2.345000000	0.054159049	0.458451118	0.531183012	0.064769808	-0.990596889	-3.177133626	-0.198229301	-0.033383272	0.031310961	-0.236778626	0.009111749	0.129687681
2.346000000	0.053960780	0.458418055	0.531214083	0.064532977	-0.990587869	-3.177003904	-0.198309102	-0.032744002	0.030831495	-0.236883548	0.008929436	0.129756015
2.347000000	0.053762431	0.458385630	0.531244675	0.064296041	-0.990579030	-3.176874114	-0.198387449	-0.032104465	0.030351815	-0.236986655	0.008746980	0.129823258
2.348000000	0.053564005	0.458353845	0.531274787	0.064059003	-0.990570375	-3.176744257	-0.198464339	-0.031464665	0.029871922	-0.237087945	0.008564383	0.129889411
2.349000000	0.053365503	0.458322701	0.531304419	0.063821865	-0.990561902	-3.176614335	-0.198539773	-0.030824607	0.029391822	-0.237187417	0.008381648	0.129954472
2.350000000	0.053166925	0.458292196	0.531333571	0.063584629	-0.990553611	-3.176484348	-0.198613749	-0.030184296	0.028911516	-0.237285070	0.008198776	0.130018439
2.351000000	0.052968275	0.458262332	0.531362242	0.063347295	-0.990545504	-3.176354298	-0.198686267	-0.029543738	0.028431008	-0.237380903	0.008015772	0.130081313
2.352000000	0.052769553	0.458233109	0.531390433	0.063109867	-0.990537580	-3.176224186	-0.198757325	-0.028902937	0.027950303	-0.237474914	0.007832637	0.130143092
2.353000000	0.052570760	0.458204526	0.531418143	0.062872345	-0.990529839	-3.176094012	-0.198826923	-0.028261899	0.027469402	-0.237567102	0.007649373	0.130203775
2.354000000	0.052371899	0.458176585	0.531445372	0.062634733	-0.990522281	-3.175963778	-0.198895060	-0.027620629	0.026988310	-0.237657466	0.007465984	0.130263361
2.355000000	0.052172970	0.458149285	0.531472120	0.062397030	-0.990514907	-3.175833485	-0.198961736	-0.026979131	0.026507029	-0.237746004	0.007282471	0.130321850
2.356000000	0.051973976	0.458122626	0.531498386	0.062159241	-0.990507716	-3.175703135	-0.199026949	-0.026337412	0.026025564	-0.237832716	0.007098838	0.130379240
2.357000000	0.051774916	0.458096610	0.531524171	0.061921365	-0.990500709	-3.175572727	-0.199090699	-0.025695476	0.025543916	-0.237917601	0.006915087	0.130435530
2.358000000	0.051575794	0.458071235	0.531549474	0.061683405	-0.990493886	-3.175442263	-0.199152984	-0.025053328	0.025062091	-0.238000656	0.006731221	0.130490721
2.359000000	0.051376610	0.458046503	0.531574295	0.061445364	-0.990487247	-3.175311745	-0.199213805	-0.024410974	0.024580091	-0.238081882	0.006547241	0.130544810
2.360000000	0.051177367	0.458022413	0.531598634	0.061207242	-0.990480791	-3.175181174	-0.199273161	-0.023768418	0.024097919	-0.238161277	0.006363152	0.130597797
2.361000000	0.050978064	0.457998966	0.531622491	0.060969041	-0.990474520	-3.175050550	-0.199331050	-0.023125666	0.023615579	-0.238238840	0.006178954	0.130649682
2.362000000	0.050778705	0.457976162	0.531645865	0.060730764	-0.990468433	-3.174919875	-0.199387473	-0.022482723	0.023133074	-0.238314570	0.005994652	0.130700463
2.363000000	0.050579289	0.457954000	0.531668757	0.060492412	-0.990462531	-3.174789149	-0.199442429	-0.021839594	0.022650408	-0.238388465	0.005810246	0.130750140
2.364000000	0.050379820	0.457932482	0.531691166	0.060253987	-0.990456813	-3.174658374	-0.199495916	-0.021196284	0.022167583	-0.238460526	0.005625741	0.130798711
2.365000000	0.050180297	0.457911608	0.531713093	0.060015491	-0.990451279	-3.174527552	-0.199547934	-0.020552799	0.021684604	-0.238530751	0.005441138	0.130846177
2.366000000	0.049980724	0.457891377	0.531734536	0.059776926	-0.990445930	-3.174396682	-0.199598484	-0.019909142	0.021201474	-0.238599139	0.005256440	0.130892537
2.367000000	0.049781100	0.457871789	0.531755496	0.059538293	-0.990440766	-3.174265766	-0.199647563	-0.019265321	0.020718195	-0.238665689	0.005071650	0.130937789
2.368000000	0.049581429	0.457852846	0.531775972	0.059299594	-0.990435787	-3.174134806	-0.199695172	-0.018621340	0.020234772	-0.238730400	0.004886771	0.130981934
2.369000000	0.049381710	0.457834546	0.531795965	0.059060832	-0.990430993	-3.174003803	-0.199741310	-0.017977204	0.019751208	-0.238793273	0.004701804	0.131024970
2.370000000	0.049181946	0.457816891	0.531815475	0.058822008	-0.990426384	-3.173872756	-0.199785977	-0.017332917	0.019267505	-0.238854304	0.004516753	0.131066897
2.371000000	0.048982138	0.457799881	0.531834500	0.058583123	-0.990421959	-3.173741669	-0.199829171	-0.016688486	0.018783669	-0.238913495	0.004331619	0.131107713
2.372000000	0.048782288	0.457783514	0.531853042	0.058344181	-0.990417720	-3.173610541	-0.199870893	-0.016043917	0.018299701	-0.238970843	0.004146407	0.131147420
2.373000000	0.048582396	0.457767793	0.531871100	0.058105182	-0.990413666	-3.173479374	-0.199911142	-0.015399212	0.017815605	-0.239026348	0.003961118	0.131186016
2.374000000	0.048382465	0.457752716	0.531888673	0.057866128	-0.990409798	-3.173348169	-0.199949917	-0.014754378	0.017331385	-0.239080011	0.003775755	0.131223500
2.375000000	0.048182497	0.457738284	0.531905763	0.057627022	-0.990406115	-3.173216927	-0.199987218	-0.014109421	0.016847044	-0.239131828	0.003590320	0.131259872
2.376000000	0.047982491	0.457724497	0.531922368	0.057387864	-0.990402617	-3.173085649	-0.200023045	-0.013464344	0.016362585	-0.239181801	0.003404816	0.131295131
2.377000000	0.047782450	0.457711355	0.531938488	0.057148658	-0.990399305	-3.172954337	-0.200057397	-0.012819154	0.015878012	-0.239229929	0.003219246	0.131329277
2.378000000	0.047582376	0.457698858	0.531954124	0.056909405	-0.990396179	-3.172822991	-0.200090273	-0.012173856	0.015393328	-0.239276210	0.003033613	0.131362309
2.379000000	0.047382270	0.457687007	0.531969275	0.056670106	-0.990393238	-3.172691612	-0.200121674	-0.011528454	0.014908537	-0.239320644	0.002847919	0.131394227
2.380000000	0.047182133	0.457675801	0.531983941	0.056430763	-0.990390483	-3.172560202	-0.200151599	-0.010882955	0.014423641	-0.239363230	0.002662166	0.131425031
2.381000000	0.046981967	0.457665241	0.531998122	0.056191379	-0.990387914	-3.172428762	-0.200180047	-0.010237363	0.013938645	-0.239403969	0.002476357	0.131454719
2.382000000	0.046781773	0.457655326	0.532011818	0.055951955	-0.990385530	-3.172297293	-0.200207018	-0.009591683	0.013453552	-0.239442859	0.002290495	0.131483292
2.383000000	0.046581553	0.457646057	0.532025029	0.055712493	-0.990383333	-3.172165796	-0.200232513	-0.008945921	0.012968364	-0.239479900	0.002104583	0.131510749
2.384000000	0.046381308	0.457637434	0.532037755	0.055472996	-0.990381321	-3.172034271	-0.200256530	-0.008300081	0.012483086	-0.239515090	0.001918623	0.131537089
2.385000000	0.046181040	0.457629457	0.532049996	0.055233463	-0.990379495	-3.171902721	-0.200279069	-0.007654169	0.011997720	-0.239548431	0.001732618	0.131562312
2.386000000	0.045980750	0.457622126	0.532061751	0.054993899	-0.990377856	-3.171771147	-0.200300130	-0.007008191	0.011512271	-0.239579921	0.001546569	0.131586419
2.387000000	0.045780439	0.457615441	0.532073020	0.054754303	-0.990376402	-3.171639549	-0.200319713	-0.006362151	0.011026742	-0.239609560	0.001360481	0.131609408
2.388000000	0.045580110	0.457609402	0.532083804	0.054514680	-0.990375135	-3.171507928	-0.200337817	-0.005716055	0.010541135	-0.239637348	0.001174356	0.131631279
2.389000000	0.045379764	0.457604008	0.532094103	0.054275029	-0.990374053	-3.171376286	-0.200354443	-0.005069907	0.010055455	-0.239663284	0.000988196	0.131652032
2.390000000	0.045179401	0.457599262	0.532103915	0.054035353	-0.990373158	-3.171244624	-0.200369590	-0.004423713	0.009569704	-0.239687367	0.000802004	0.131671666
2.391000000	0.044979025	0.457595161	0.532113242	0.053795654	-0.990372449	-3.171112943	-0.200383257	-0.003777478	0.009083887	-0.239709598	0.000615782	0.131690182
2.392000000	0.044778635	0.457591706	0.532122083	0.053555934	-0.990371927	-3.170981243	-0.200395445	-0.003131209	0.008598007	-0.239729976	0.000429533	0.131707579
2.393000000	0.044578234	0.457588898	0.532130438	0.053316194	-0.990371590	-3.170849527	-0.200406154	-0.002484908	0.008112066	-0.239748500	0.000243261	0.131723857
2.394000000	0.044377823	0.457586737	0.532138307	0.053076437	-0.990371440	-3.170717796	-0.200415383	-0.001838582	0.007626068	-0.239765171	0.000056966	0.131739015
2.395000000	0.044177403	0.457585221	0.532145690	0.052836664	-0.990371476	-3.170586049	-0.200423132	-0.001192236	0.007140017	-0.239779989	-0.000129347	0.131753054
2.396000000	0.043976976	0.457584352	0.532152587	0.052596877	-0.990371699	-3.170454290	-0.200429401	-0.000545875	0.006653917	-0.239792952	-0.000315676	0.131765972
2.397000000	0.043776544	0.457584129	0.532158998	0.052357078	-0.990372108	-3.170322517	-0.200434190	0.000100495	0.006167769	-0.239804061	-0.000502019	0.131777771
2.398000000	0.043576108	0.457584553	0.532164923	0.052117269	-0.990372703	-3.170190734	-0.200437499	0.000746870	0.005681579	-0.239813315	-0.000688373	0.131788450
2.399000000	0.043375669	0.457585623	0.532170362	0.051877451	-0.990373484	-3.170058941	-0.200439328	0.001393244	0.005195349	-0.239820715	-0.000874735	0.131798008
2.400000000	0.043175229	0.457587339	0.532175314	0.051637627	-0.990374452	-3.169927138	-0.200439676	0.002039611	0.004709083	-0.239826261	-0.001061103	0.131806446
2.401000000	0.042974790	0.457589702	0.532179780	0.051397799	-0.990375606	-3.169795328	-0.200438544	0.002685968	0.004222784	-0.239829952	-0.001247474	0.131813763
2.402000000	0.042774352	0.457592711	0.532183760	0.051157967	-0.990376947	-3.169663511	-0.200435932	0.003332309	0.003736455	-0.239831787	-0.001433846	0.131819959
2.403000000	0.042573918	0.457596366	0.532187253	0.050918135	-0.990378474	-3.169531688	-0.200431840	0.003978627	0.003250101	-0.239831768	-0.001620215	0.131825035
2.404000000	0.042373488	0.457600668	0.532190260	0.050678304	-0.990380187	-3.169399860	-0.200426267	0.004624919	0.002763723	-0.239829894	-0.001806579	0.131828991
2.405000000	0.042173065	0.457605616	0.532192780	0.050438475	-0.990382087	-3.169268030	-0.200419214	0.005271179	0.002277326	-0.239826165	-0.001992936	0.131831825
2.406000000	0.041972650	0.457611210	0.532194815	0.050198652	-0.990384173	-3.169136197	-0.200410681	0.005917401	0.001790914	-0.239820580	-0.002179282	0.131833539
2.407000000	0.041772244	0.457617451	0.532196362	0.049958834	-0.990386446	-3.169004363	-0.200400668	0.006563581	0.001304489	-0.239813141	-0.002365616	0.131834131
2.408000000	0.041571849	0.457624337	0.532197424	0.049719025	-0.990388904	-3.168872529	-0.200389175	0.007209714	0.000818054	-0.239803848	-0.002551934	0.131833604
2.409000000	0.041371466	0.457631870	0.532197999	0.049479226	-0.990391550	-3.168740696	-0.200376201	0.007855794	0.000331614	-0.239792699	-0.002738234	0.131831955
2.410000000	0.041171096	0.457640049	0.532198087	0.049239440	-0.990394381	-3.168608865	-0.200361748	0.008501815	-0.000154828	-0.239779695	-0.002924513	0.131829186
2.411000000	0.040970742	0.457648874	0.532197689	0.048999667	-0.990397399	-3.168477037	-0.200345815	0.009147773	-0.000641269	-0.239764837	-0.003110769	0.131825296
2.412000000	0.040770405	0.457658344	0.532196805	0.048759910	-0.990400602	-3.168345214	-0.200328402	0.009793663	-0.001127706	-0.239748124	-0.003296999	0.131820285
2.413000000	0.040570085	0.457668461	0.532195434	0.048520171	-0.990403992	-3.168213397	-0.200309510	0.010439480	-0.001614135	-0.239729558	-0.003483200	0.131814155
2.414000000	0.040369786	0.457679223	0.532193576	0.048280451	-0.990407569	-3.168081586	-0.200289139	0.011085217	-0.002100553	-0.239709137	-0.003669369	0.131806904
2.415000000	0.040169507	0.457690631	0.532191233	0.048040753	-0.990411331	-3.167949783	-0.200267289	0.011730870	-0.002586956	-0.239686862	-0.003855505	0.131798533
2.416000000	0.039969251	0.457702685	0.532188403	0.047801077	-0.990415280	-3.167817989	-0.200243960	0.012376434	-0.003073340	-0.239662734	-0.004041604	0.131789041
2.417000000	0.039769019	0.457715384	0.532185086	0.047561427	-0.990419414	-3.167686205	-0.200219152	0.013021904	-0.003559704	-0.239636752	-0.004227664	0.131778431
2.418000000	0.039568813	0.457728728	0.532181283	0.047321804	-0.990423735	-3.167554432	-0.200192866	0.013667273	-0.004046043	-0.239608918	-0.004413681	0.131766700
2.419000000	0.039368633	0.457742718	0.532176994	0.047082209	-0.990428242	-3.167422671	-0.200165101	0.014312538	-0.004532353	-0.239579230	-0.004599655	0.131753850
2.420000000	0.039168483	0.457757353	0.532172219	0.046842645	-0.990432934	-3.167290924	-0.200135859	0.014957693	-0.005018631	-0.239547691	-0.004785581	0.131739881
2.421000000	0.038968362	0.457772633	0.532166957	0.046603114	-0.990437813	-3.167159192	-0.200105139	0.015602733	-0.005504875	-0.239514299	-0.004971457	0.131724794
2.422000000	0.038768272	0.457788559	0.532161209	0.046363617	-0.990442877	-3.167027475	-0.200072942	0.016247652	-0.005991080	-0.239479056	-0.005157280	0.131708587
2.423000000	0.038568216	0.457805129	0.532154975	0.046124156	-0.990448127	-3.166895774	-0.200039268	0.016892446	-0.006477243	-0.239441961	-0.005343049	0.131691263
2.424000000	0.038368194	0.457822343	0.532148255	0.045884733	-0.990453563	-3.166764092	-0.200004118	0.017537109	-0.006963361	-0.239403016	-0.005528760	0.131672820
2.425000000	0.038168208	0.457840203	0.532141048	0.045645350	-0.990459185	-3.166632429	-0.199967491	0.018181636	-0.007449431	-0.239362220	-0.005714410	0.131653259
2.426000000	0.037968259	0.457858706	0.532133356	0.045406008	-0.990464992	-3.166500785	-0.199929388	0.018826022	-0.007935448	-0.239319575	-0.005899997	0.131632582
2.427000000	0.037768349	0.457877855	0.532125178	0.045166711	-0.990470985	-3.166369164	-0.199889810	0.019470261	-0.008421409	-0.239275080	-0.006085519	0.131610787
2.428000000	0.037568479	0.457897647	0.532116513	0.044927458	-0.990477163	-3.166237564	-0.199848757	0.020114349	-0.008907313	-0.239228737	-0.006270972	0.131587875
2.429000000	0.037368651	0.457918083	0.532107363	0.044688253	-0.990483527	-3.166105988	-0.199806229	0.020758280	-0.009393153	-0.239180545	-0.006456355	0.131563848
2.430000000	0.037168867	0.457939163	0.532097727	0.044449097	-0.990490076	-3.165974436	-0.199762227	0.021402049	-0.009878928	-0.239130505	-0.006641664	0.131538704
2.431000000	0.036969127	0.457960887	0.532087605	0.044209992	-0.990496810	-3.165842910	-0.199716751	0.022045652	-0.010364635	-0.239078619	-0.006826896	0.131512445
2.432000000	0.036769433	0.457983254	0.532076998	0.043970940	-0.990503729	-3.165711411	-0.199669802	0.022689082	-0.010850269	-0.239024886	-0.007012050	0.131485072
2.433000000	0.036569787	0.458006265	0.532065905	0.043731942	-0.990510834	-3.165579940	-0.199621380	0.023332334	-0.011335827	-0.238969307	-0.007197123	0.131456583
2.434000000	0.036370190	0.458029919	0.532054326	0.043493001	-0.990518124	-3.165448498	-0.199571486	0.023975404	-0.011821305	-0.238911884	-0.007382111	0.131426981
2.435000000	0.036170644	0.458054216	0.532042262	0.043254118	-0.990525598	-3.165317086	-0.199520120	0.024618286	-0.012306701	-0.238852615	-0.007567013	0.131396265
2.436000000	0.035971150	0.458079155	0.532029713	0.043015296	-0.990533258	-3.165185706	-0.199467283	0.025260976	-0.012792012	-0.238791504	-0.007751826	0.131364436
2.437000000	0.035771710	0.458104738	0.532016678	0.042776535	-0.990541102	-3.165054357	-0.199412975	0.025903467	-0.013277233	-0.238728549	-0.007936546	0.131331495
2.438000000	0.035572324	0.458130962	0.532003159	0.042537839	-0.990549131	-3.164923043	-0.199357197	0.026545755	-0.013762361	-0.238663752	-0.008121173	0.131297442
2.439000000	0.035372995	0.458157829	0.531989154	0.042299208	-0.990557344	-3.164791762	-0.199299949	0.027187835	-0.014247393	-0.238597113	-0.008305702	0.131262277
2.440000000	0.035173724	0.458185338	0.531974664	0.042060645	-0.990565742	-3.164660518	-0.199241233	0.027829701	-0.014732326	-0.238528634	-0.008490131	0.131226002
2.441000000	0.034974513	0.458213488	0.531959689	0.041822151	-0.990574324	-3.164529310	-0.199181048	0.028471348	-0.015217155	-0.238458316	-0.008674458	0.131188616
2.442000000	0.034775362	0.458242280	0.531944230	0.041583728	-0.990583091	-3.164398141	-0.199119396	0.029112772	-0.015701878	-0.238386158	-0.008858680	0.131150121
2.443000000	0.034576274	0.458271714	0.531928286	0.041345378	-0.990592042	-3.164267010	-0.199056276	0.029753966	-0.016186492	-0.238312163	-0.009042795	0.131110517
2.444000000	0.034377250	0.458301788	0.531911857	0.041107104	-0.990601176	-3.164135920	-0.198991690	0.030394927	-0.016670993	-0.238236330	-0.009226800	0.131069805
2.445000000	0.034178291	0.458332503	0.531894944	0.040868906	-0.990610495	-3.164004871	-0.198925639	0.031035648	-0.017155377	-0.238158661	-0.009410691	0.131027985
2.446000000	0.033979398	0.458363859	0.531877546	0.040630786	-0.990619998	-3.163873864	-0.198858122	0.031676125	-0.017639642	-0.238079157	-0.009594468	0.130985058
2.447000000	0.033780574	0.458395855	0.531859665	0.040392747	-0.990629684	-3.163742900	-0.198789141	0.032316353	-0.018123783	-0.237997818	-0.009778127	0.130941025
2.448000000	0.033581820	0.458428492	0.531841299	0.040154791	-0.990639554	-3.163611982	-0.198718697	0.032956326	-0.018607798	-0.237914647	-0.009961665	0.130895887
2.449000000	0.033383137	0.458461768	0.531822449	0.039916918	-0.990649607	-3.163481109	-0.198646790	0.033596039	-0.019091683	-0.237829643	-0.010145080	0.130849643
2.450000000	0.033184526	0.458495684	0.531803115	0.039679131	-0.990659844	-3.163350282	-0.198573421	0.034235487	-0.019575435	-0.237742808	-0.010328370	0.130802296
2.451000000	0.032985990	0.458530239	0.531783298	0.039441432	-0.990670264	-3.163219504	-0.198498590	0.034874665	-0.020059049	-0.237654143	-0.010511531	0.130753846
2.452000000	0.032787529	0.458565433	0.531762997	0.039203823	-0.990680867	-3.163088775	-0.198422299	0.035513568	-0.020542524	-0.237563648	-0.010694562	0.130704293
2.453000000	0.032589145	0.458601266	0.531742213	0.038966305	-0.990691653	-3.162958095	-0.198344548	0.036152191	-0.021025856	-0.237471326	-0.010877459	0.130653638
2.454000000	0.032390840	0.458637737	0.531720946	0.038728880	-0.990702622	-3.162827467	-0.198265339	0.036790529	-0.021509040	-0.237377177	-0.011060220	0.130601883
2.455000000	0.032192615	0.458674847	0.531699195	0.038491551	-0.990713774	-3.162696892	-0.198184672	0.037428575	-0.021992075	-0.237281203	-0.011242843	0.130549028
2.456000000	0.031994471	0.458712594	0.531676962	0.038254318	-0.990725108	-3.162566369	-0.198102547	0.038066327	-0.022474956	-0.237183404	-0.011425325	0.130495074
2.457000000	0.031796410	0.458750979	0.531654246	0.038017184	-0.990736624	-3.162435902	-0.198018966	0.038703778	-0.022957680	-0.237083782	-0.011607663	0.130440021
2.458000000	0.031598433	0.458790002	0.531631047	0.037780150	-0.990748323	-3.162305489	-0.197933930	0.039340924	-0.023440244	-0.236982338	-0.011789856	0.130383871
2.459000000	0.031400542	0.458829661	0.531607365	0.037543219	-0.990760204	-3.162175134	-0.197847439	0.039977758	-0.023922645	-0.236879073	-0.011971899	0.130326625
2.460000000	0.031202738	0.458869957	0.531583201	0.037306392	-0.990772267	-3.162044836	-0.197759495	0.040614276	-0.024404878	-0.236773989	-0.012153791	0.130268283
2.461000000	0.031005023	0.458910889	0.531558556	0.037069671	-0.990784511	-3.161914597	-0.197670098	0.041250474	-0.024886941	-0.236667086	-0.012335530	0.130208847
2.462000000	0.030807398	0.458952458	0.531533428	0.036833058	-0.990796938	-3.161784418	-0.197579250	0.041886346	-0.025368830	-0.236558367	-0.012517112	0.130148317
2.463000000	0.030609864	0.458994662	0.531507818	0.036596554	-0.990809546	-3.161654301	-0.197486950	0.042521886	-0.025850543	-0.236447832	-0.012698536	0.130086694
2.464000000	0.030412424	0.459037501	0.531481727	0.036360162	-0.990822335	-3.161524245	-0.197393202	0.043157090	-0.026332075	-0.236335483	-0.012879798	0.130023980
2.465000000	0.030215078	0.459080976	0.531455154	0.036123883	-0.990835305	-3.161394253	-0.197298004	0.043791953	-0.026813423	-0.236221321	-0.013060896	0.129960175
2.466000000	0.030017828	0.459125085	0.531428100	0.035887720	-0.990848457	-3.161264325	-0.197201359	0.044426470	-0.027294584	-0.236105348	-0.013241828	0.129895281
2.467000000	0.029820675	0.459169829	0.531400565	0.035651673	-0.990861789	-3.161134462	-0.197103267	0.045060635	-0.027775555	-0.235987565	-0.013422591	0.129829298
2.468000000	0.029623621	0.459215206	0.531372549	0.035415744	-0.990875302	-3.161004666	-0.197003729	0.045694445	-0.028256332	-0.235867974	-0.013603182	0.129762227
2.469000000	0.029426668	0.459261217	0.531344052	0.035179937	-0.990888995	-3.160874938	-0.196902747	0.046327892	-0.028736912	-0.235746575	-0.013783600	0.129694070
2.470000000	0.029229816	0.459307862	0.531315075	0.034944251	-0.990902869	-3.160745278	-0.196800321	0.046960973	-0.029217292	-0.235623371	-0.013963841	0.129624828
2.471000000	0.029033067	0.459355139	0.531285618	0.034708690	-0.990916923	-3.160615688	-0.196696453	0.047593683	-0.029697467	-0.235498363	-0.014143903	0.129554501
2.472000000	0.028836423	0.459403049	0.531255680	0.034473254	-0.990931157	-3.160486169	-0.196591144	0.048226016	-0.030177436	-0.235371553	-0.014323784	0.129483092
2.473000000	0.028639885	0.459451591	0.531225263	0.034237947	-0.990945570	-3.160356722	-0.196484395	0.048857968	-0.030657194	-0.235242942	-0.014503480	0.129410600
2.474000000	0.028443454	0.459500765	0.531194366	0.034002769	-0.990960164	-3.160227348	-0.196376206	0.049489533	-0.031136738	-0.235112532	-0.014682991	0.129337028
2.475000000	0.028247132	0.459550570	0.531162990	0.033767722	-0.990974936	-3.160098048	-0.196266580	0.050120706	-0.031616065	-0.234980323	-0.014862312	0.129262376
2.476000000	0.028050921	0.459601006	0.531131134	0.033532808	-0.990989888	-3.159968823	-0.196155517	0.050751483	-0.032095172	-0.234846320	-0.015041443	0.129186646
2.477000000	0.027854821	0.459652073	0.531098799	0.033298029	-0.991005019	-3.159839674	-0.196043018	0.051381859	-0.032574055	-0.234710521	-0.015220379	0.129109838
2.478000000	0.027658835	0.459703770	0.531065986	0.033063387	-0.991020329	-3.159710603	-0.195929086	0.052011827	-0.033052711	-0.234572930	-0.015399119	0.129031954
2.479000000	0.027462963	0.459756096	0.531032694	0.032828883	-0.991035817	-3.159581610	-0.195813720	0.052641384	-0.033531136	-0.234433548	-0.015577661	0.128952996
2.480000000	0.027267207	0.459809052	0.530998924	0.032594520	-0.991051484	-3.159452697	-0.195696922	0.053270525	-0.034009328	-0.234292377	-0.015756001	0.128872964
2.481000000	0.027071569	0.459862637	0.530964676	0.032360298	-0.991067329	-3.159323864	-0.195578694	0.053899244	-0.034487283	-0.234149418	-0.015934137	0.128791860
2.482000000	0.026876050	0.459916851	0.530929949	0.032126221	-0.991083352	-3.159195113	-0.195459036	0.054527537	-0.034964997	-0.234004673	-0.016112068	0.128709685
2.483000000	0.026680651	0.459971692	0.530894746	0.031892289	-0.991099553	-3.159066445	-0.195337951	0.055155398	-0.035442467	-0.233858145	-0.016289790	0.128626440
2.484000000	0.026485374	0.460027161	0.530859065	0.031658504	-0.991115932	-3.158937860	-0.195215438	0.055782823	-0.035919691	-0.233709834	-0.016467301	0.128542127
2.485000000	0.026290220	0.460083258	0.530822906	0.031424869	-0.991132488	-3.158809361	-0.195091500	0.056409806	-0.036396664	-0.233559743	-0.016644598	0.128456747
2.486000000	0.026095191	0.460139981	0.530786271	0.031191385	-0.991149221	-3.158680947	-0.194966138	0.057036343	-0.036873384	-0.233407873	-0.016821680	0.128370301
2.487000000	0.025900288	0.460197330	0.530749160	0.030958053	-0.991166131	-3.158552620	-0.194839353	0.057662429	-0.037349846	-0.233254227	-0.016998543	0.128282791
2.488000000	0.025705512	0.460255306	0.530711572	0.030724876	-0.991183218	-3.158424381	-0.194711147	0.058288058	-0.037826049	-0.233098807	-0.017175186	0.128194218
2.489000000	0.025510865	0.460313906	0.530673508	0.030491856	-0.991200482	-3.158296232	-0.194581521	0.058913227	-0.038301988	-0.232941613	-0.017351606	0.128104583
2.490000000	0.025316349	0.460373132	0.530634968	0.030258993	-0.991217921	-3.158168172	-0.194450476	0.059537929	-0.038777660	-0.232782649	-0.017527801	0.128013888
2.491000000	0.025121964	0.460432982	0.530595953	0.030026290	-0.991235537	-3.158040204	-0.194318014	0.060162160	-0.039253062	-0.232621915	-0.017703767	0.127922135
2.492000000	0.024927713	0.460493456	0.530556462	0.029793749	-0.991253329	-3.157912328	-0.194184136	0.060785916	-0.039728190	-0.232459415	-0.017879504	0.127829324
2.493000000	0.024733596	0.460554554	0.530516496	0.029561372	-0.991271296	-3.157784545	-0.194048843	0.061409190	-0.040203042	-0.232295150	-0.018055007	0.127735458
2.494000000	0.024539615	0.460616274	0.530476056	0.029329159	-0.991289439	-3.157656857	-0.193912137	0.062031979	-0.040677614	-0.232129122	-0.018230276	0.127640537
2.495000000	0.024345772	0.460678618	0.530435141	0.029097113	-0.991307757	-3.157529264	-0.193774020	0.062654277	-0.041151902	-0.231961334	-0.018405308	0.127544564
2.496000000	0.024152067	0.460741583	0.530393752	0.028865236	-0.991326249	-3.157401768	-0.193634493	0.063276080	-0.041625904	-0.231791786	-0.018580099	0.127447539
2.497000000	0.023958503	0.460805170	0.530351890	0.028633530	-0.991344917	-3.157274369	-0.193493558	0.063897382	-0.042099616	-0.231620482	-0.018754649	0.127349464
2.498000000	0.023765080	0.460869377	0.530309553	0.028401995	-0.991363759	-3.157147069	-0.193351215	0.064518179	-0.042573036	-0.231447423	-0.018928954	0.127250341
2.499000000	0.023571800	0.460934206	0.530266744	0.028170635	-0.991382775	-3.157019868	-0.193207467	0.065138466	-0.043046158	-0.231272612	-0.019103013	0.127150172
2.500000000	0.023378665	0.460999654	0.530223461	0.027939450	-0.991401965	-3.156892768	-0.193062314	0.065758238	-0.043518981	-0.231096050	-0.019276822	0.127048957
2.501000000	0.023185676	0.461065722	0.530179706	0.027708443	-0.991421328	-3.156765770	-0.192915759	0.066377490	-0.043991501	-0.230917741	-0.019450380	0.126946699
2.502000000	0.022992833	0.461132409	0.530135478	0.027477615	-0.991440865	-3.156638875	-0.192767804	0.066996217	-0.044463716	-0.230737685	-0.019623684	0.126843398
2.503000000	0.022800140	0.461199714	0.530090778	0.027246967	-0.991460576	-3.156512084	-0.192618449	0.067614415	-0.044935620	-0.230555886	-0.019796732	0.126739058
2.504000000	0.022607597	0.461267638	0.530045607	0.027016503	-0.991480459	-3.156385397	-0.192467696	0.068232079	-0.045407212	-0.230372345	-0.019969522	0.126633678
2.505000000	0.022415205	0.461336178	0.529999964	0.026786223	-0.991500515	-3.156258816	-0.192315547	0.068849203	-0.045878488	-0.230187065	-0.020142051	0.126527262
2.506000000	0.022222965	0.461405336	0.529953850	0.026556129	-0.991520743	-3.156132342	-0.192162004	0.069465783	-0.046349445	-0.230000048	-0.020314317	0.126419810
2.507000000	0.022030880	0.461475110	0.529907265	0.026326222	-0.991541143	-3.156005977	-0.192007068	0.070081815	-0.046820079	-0.229811296	-0.020486317	0.126311324
2.508000000	0.021838951	0.461545499	0.529860210	0.026096506	-0.991561715	-3.155879720	-0.191850740	0.070697293	-0.047290388	-0.229620812	-0.020658050	0.126201806
2.509000000	0.021647179	0.461616504	0.529812685	0.025866981	-0.991582459	-3.155753573	-0.191693023	0.071312212	-0.047760367	-0.229428598	-0.020829514	0.126091258
2.510000000	0.021455565	0.461688124	0.529764689	0.025637649	-0.991603374	-3.155627537	-0.191533919	0.071926569	-0.048230015	-0.229234657	-0.021000705	0.125979681
2.511000000	0.021264111	0.461760357	0.529716225	0.025408511	-0.991624461	-3.155501613	-0.191373428	0.072540357	-0.048699327	-0.229038990	-0.021171621	0.125867078
2.512000000	0.021072818	0.461833204	0.529667291	0.025179571	-0.991645718	-3.155375803	-0.191211552	0.073153572	-0.049168300	-0.228841600	-0.021342261	0.125753448
2.513000000	0.020881688	0.461906664	0.529617888	0.024950828	-0.991667145	-3.155250107	-0.191048294	0.073766210	-0.049636932	-0.228642490	-0.021512622	0.125638796
2.514000000	0.020690722	0.461980737	0.529568017	0.024722286	-0.991688743	-3.155124525	-0.190883655	0.074378267	-0.050105219	-0.228441661	-0.021682702	0.125523122
2.515000000	0.020499921	0.462055421	0.529517678	0.024493945	-0.991710510	-3.154999060	-0.190717636	0.074989735	-0.050573157	-0.228239117	-0.021852499	0.125406428
2.516000000	0.020309286	0.462130716	0.529466871	0.024265808	-0.991732448	-3.154873713	-0.190549669	0.075600385	-0.051040590	-0.228034177	-0.022021944	0.125288340
2.517000000	0.020118822	0.462206621	0.529415597	0.024037877	-0.991754554	-3.154748484	-0.190379188	0.076209974	-0.051507354	-0.227826164	-0.022190966	0.125168488
2.518000000	0.019928528	0.462283135	0.529363856	0.023810156	-0.991776830	-3.154623376	-0.190206202	0.076818485	-0.051973436	-0.227615089	-0.022359559	0.125046878
2.519000000	0.019738410	0.462360258	0.529311650	0.023582647	-0.991799273	-3.154498390	-0.190030718	0.077425899	-0.052438822	-0.227400962	-0.022527718	0.124923515
2.520000000	0.019548467	0.462437987	0.529258979	0.023355354	-0.991821885	-3.154373529	-0.189852746	0.078032198	-0.052903498	-0.227183794	-0.022695436	0.124798408
2.521000000	0.019358704	0.462516322	0.529205844	0.023128280	-0.991844664	-3.154248794	-0.189672293	0.078637364	-0.053367450	-0.226963595	-0.022862707	0.124671561
2.522000000	0.019169123	0.462595261	0.529152244	0.022901427	-0.991867610	-3.154124186	-0.189489369	0.079241378	-0.053830665	-0.226740377	-0.023029526	0.124542982
2.523000000	0.018979726	0.462674804	0.529098182	0.022674799	-0.991890723	-3.153999708	-0.189303981	0.079844224	-0.054293130	-0.226514150	-0.023195888	0.124412677
2.524000000	0.018790515	0.462754949	0.529043658	0.022448399	-0.991914002	-3.153875361	-0.189116138	0.080445882	-0.054754831	-0.226284924	-0.023361785	0.124280652
2.525000000	0.018601494	0.462835695	0.528988673	0.022222230	-0.991937446	-3.153751147	-0.188925850	0.081046335	-0.055215754	-0.226052711	-0.023527213	0.124146914
2.526000000	0.018412664	0.462917042	0.528933227	0.021996294	-0.991961056	-3.153627067	-0.188733125	0.081645565	-0.055675887	-0.225817522	-0.023692165	0.124011471
2.527000000	0.018224028	0.462998986	0.528877322	0.021770595	-0.991984831	-3.153503124	-0.188537972	0.082243555	-0.056135216	-0.225579368	-0.023856636	0.123874328
2.528000000	0.018035588	0.463081528	0.528820957	0.021545136	-0.992008769	-3.153379319	-0.188340400	0.082840288	-0.056593728	-0.225338260	-0.024020621	0.123735494
2.529000000	0.017847347	0.463164666	0.528764135	0.021319919	-0.992032872	-3.153255653	-0.188140418	0.083435745	-0.057051410	-0.225094211	-0.024184114	0.123594973
2.530000000	0.017659308	0.463248399	0.528706855	0.021094948	-0.992057137	-3.153132129	-0.187938035	0.084029909	-0.057508249	-0.224847231	-0.024347109	0.123452775
2.531000000	0.017471472	0.463332725	0.528649119	0.020870225	-0.992081566	-3.153008748	-0.187733261	0.084622764	-0.057964231	-0.224597332	-0.024509601	0.123308905
2.532000000	0.017283841	0.463417644	0.528590927	0.020645753	-0.992106156	-3.152885511	-0.187526105	0.085214291	-0.058419344	-0.224344525	-0.024671584	0.123163371
2.533000000	0.017096420	0.463503153	0.528532280	0.020421536	-0.992130909	-3.152762421	-0.187316577	0.085804475	-0.058873575	-0.224088824	-0.024833053	0.123016180
2.534000000	0.016909208	0.463589252	0.528473180	0.020197576	-0.992155822	-3.152639479	-0.187104685	0.086393297	-0.059326910	-0.223830239	-0.024994003	0.122867339
2.535000000	0.016722210	0.463675939	0.528413627	0.019973876	-0.992180896	-3.152516687	-0.186890439	0.086980741	-0.059779338	-0.223568782	-0.025154428	0.122716856
2.536000000	0.016535428	0.463763213	0.528353622	0.019750438	-0.992206131	-3.152394045	-0.186673850	0.087566790	-0.060230845	-0.223304466	-0.025314323	0.122564737
2.537000000	0.016348863	0.463851072	0.528293166	0.019527267	-0.992231525	-3.152271557	-0.186454926	0.088151428	-0.060681420	-0.223037303	-0.025473682	0.122410991
2.538000000	0.016162518	0.463939515	0.528232260	0.019304364	-0.992257078	-3.152149223	-0.186233679	0.088734637	-0.061131048	-0.222767306	-0.025632501	0.122255625
2.539000000	0.015976395	0.464028540	0.528170905	0.019081732	-0.992282790	-3.152027046	-0.186010116	0.089316401	-0.061579718	-0.222494485	-0.025790774	0.122098646
2.540000000	0.015790498	0.464118146	0.528109101	0.018859375	-0.992308659	-3.151905026	-0.185784249	0.089896705	-0.062027418	-0.222218855	-0.025948497	0.121940062
2.541000000	0.015604827	0.464208332	0.528046851	0.018637295	-0.992334686	-3.151783166	-0.185556087	0.090475531	-0.062474134	-0.221940427	-0.026105663	0.121779880
2.542000000	0.015419386	0.464299096	0.527984154	0.018415494	-0.992360870	-3.151661466	-0.185325640	0.091052863	-0.062919855	-0.221659215	-0.026262268	0.121618109
2.543000000	0.015234176	0.464390437	0.527921012	0.018193976	-0.992387210	-3.151539930	-0.185092920	0.091628685	-0.063364568	-0.221375231	-0.026418308	0.121454755
2.544000000	0.015049200	0.464482352	0.527857426	0.017972744	-0.992413706	-3.151418557	-0.184857935	0.092202981	-0.063808261	-0.221088487	-0.026573776	0.121289827
2.545000000	0.014864460	0.464574841	0.527793397	0.017751799	-0.992440358	-3.151297350	-0.184620696	0.092775735	-0.064250922	-0.220798997	-0.026728668	0.121123333
2.546000000	0.014679958	0.464667902	0.527728925	0.017531145	-0.992467163	-3.151176310	-0.184381214	0.093346932	-0.064692538	-0.220506774	-0.026882979	0.120955280
2.547000000	0.014495697	0.464761534	0.527664013	0.017310785	-0.992494123	-3.151055439	-0.184139498	0.093916554	-0.065133099	-0.220211831	-0.027036705	0.120785677
2.548000000	0.014311679	0.464855734	0.527598660	0.017090722	-0.992521236	-3.150934739	-0.183895560	0.094484588	-0.065572591	-0.219914181	-0.027189841	0.120614531
2.549000000	0.014127906	0.464950501	0.527532869	0.016870957	-0.992548502	-3.150814210	-0.183649410	0.095051017	-0.066011004	-0.219613837	-0.027342381	0.120441850
2.550000000	0.013944380	0.465045834	0.527466640	0.016651494	-0.992575921	-3.150693855	-0.183401059	0.095615826	-0.066448324	-0.219310813	-0.027494321	0.120267643
2.551000000	0.013761103	0.465141731	0.527399974	0.016432335	-0.992603490	-3.150573674	-0.183150517	0.096178999	-0.066884541	-0.219005123	-0.027645656	0.120091918
2.552000000	0.013578078	0.465238190	0.527332872	0.016213483	-0.992631211	-3.150453671	-0.182897795	0.096740522	-0.067319642	-0.218696778	-0.027796382	0.119914683
2.553000000	0.013395307	0.465335210	0.527265336	0.015994941	-0.992659083	-3.150333845	-0.182642904	0.097300378	-0.067753617	-0.218385794	-0.027946495	0.119735945
2.554000000	0.013212792	0.465432788	0.527197367	0.015776711	-0.992687104	-3.150214198	-0.182385854	0.097858554	-0.068186454	-0.218072184	-0.028095989	0.119555715
2.555000000	0.013030535	0.465530924	0.527128965	0.015558796	-0.992715274	-3.150094733	-0.182126658	0.098415033	-0.068618140	-0.217755962	-0.028244860	0.119373999
2.556000000	0.012848538	0.465629616	0.527060133	0.015341198	-0.992743593	-3.149975450	-0.181865325	0.098969802	-0.069048665	-0.217437141	-0.028393104	0.119190806
2.557000000	0.012666804	0.465728861	0.526990870	0.015123921	-0.992772059	-3.149856351	-0.181601866	0.099522846	-0.069478018	-0.217115735	-0.028540716	0.119006145
2.558000000	0.012485334	0.465828659	0.526921179	0.014906966	-0.992800673	-3.149737437	-0.181336294	0.100074149	-0.069906187	-0.216791758	-0.028687692	0.118820024
2.559000000	0.012304131	0.465929006	0.526851060	0.014690336	-0.992829434	-3.149618710	-0.181068619	0.100623697	-0.070333160	-0.216465225	-0.028834028	0.118632451
2.560000000	0.012123196	0.466029903	0.526780515	0.014474034	-0.992858341	-3.149500172	-0.180798852	0.101171477	-0.070758928	-0.216136150	-0.028979719	0.118443436
2.561000000	0.011942532	0.466131346	0.526709545	0.014258063	-0.992887393	-3.149381823	-0.180527005	0.101717473	-0.071183478	-0.215804546	-0.029124761	0.118252986
2.562000000	0.011762141	0.466233334	0.526638151	0.014042424	-0.992916589	-3.149263665	-0.180253089	0.102261672	-0.071606801	-0.215470428	-0.029269150	0.118061111
2.563000000	0.011582025	0.466335866	0.526566334	0.013827121	-0.992945930	-3.149145700	-0.179977115	0.102804058	-0.072028884	-0.215133810	-0.029412881	0.117867819
2.564000000	0.011402185	0.466438939	0.526494096	0.013612155	-0.992975414	-3.149027928	-0.179699095	0.103344620	-0.072449717	-0.214794707	-0.029555952	0.117673119
2.565000000	0.011222625	0.466542551	0.526421437	0.013397530	-0.993005041	-3.148910353	-0.179419041	0.103883341	-0.072869289	-0.214453133	-0.029698357	0.117477019
2.566000000	0.011043346	0.466646701	0.526348360	0.013183247	-0.993034810	-3.148792973	-0.179136964	0.104420209	-0.073287591	-0.214109103	-0.029840093	0.117279528
2.567000000	0.010864350	0.466751387	0.526274866	0.012969310	-0.993064720	-3.148675792	-0.178852875	0.104955211	-0.073704610	-0.213762631	-0.029981155	0.117080656
2.568000000	0.010685639	0.466856607	0.526200955	0.012755720	-0.993094771	-3.148558811	-0.178566787	0.105488331	-0.074120337	-0.213413732	-0.030121541	0.116880412
2.569000000	0.010507215	0.466962359	0.526126629	0.012542480	-0.993124962	-3.148442030	-0.178278711	0.106019558	-0.074534761	-0.213062421	-0.030261245	0.116678803
2.570000000	0.010329080	0.467068641	0.526051889	0.012329593	-0.993155292	-3.148325452	-0.177988659	0.106548877	-0.074947871	-0.212708712	-0.030400264	0.116475839
2.571000000	0.010151235	0.467175451	0.525976737	0.012117060	-0.993185761	-3.148209077	-0.177696643	0.107076275	-0.075359658	-0.212352621	-0.030538595	0.116271529
2.572000000	0.009973685	0.467282790	0.525901173	0.011904886	-0.993216368	-3.148092908	-0.177402669	0.107601738	-0.075770109	-0.211994156	-0.030676232	0.116065879
2.573000000	0.009796431	0.467390656	0.525825196	0.011693073	-0.993247114	-3.147976946	-0.177106748	0.108125247	-0.076179213	-0.211633330	-0.030813170	0.115858895
2.574000000	0.009619474	0.467499045	0.525748810	0.011481623	-0.993277996	-3.147861192	-0.176808898	0.108646797	-0.076586962	-0.211270164	-0.030949409	0.115650592
2.575000000	0.009442816	0.467607955	0.525672018	0.011270536	-0.993309014	-3.147745647	-0.176509131	0.109166374	-0.076993346	-0.210904676	-0.031084944	0.115440980
2.576000000	0.009266459	0.467717383	0.525594819	0.011059817	-0.993340167	-3.147630312	-0.176207460	0.109683965	-0.077398357	-0.210536881	-0.031219772	0.115230066
2.577000000	0.009090404	0.467827328	0.525517217	0.010849466	-0.993371455	-3.147515189	-0.175903896	0.110199559	-0.077801983	-0.210166792	-0.031353890	0.115017861
2.578000000	0.008914654	0.467937788	0.525439211	0.010639486	-0.993402876	-3.147400278	-0.175598452	0.110713141	-0.078204215	-0.209794426	-0.031487294	0.114804374
2.579000000	0.008739210	0.468048760	0.525360804	0.010429880	-0.993434431	-3.147285582	-0.175291140	0.111224701	-0.078605044	-0.209419799	-0.031619980	0.114589614
2.580000000	0.008564074	0.468160243	0.525281997	0.010220650	-0.993466118	-3.147171101	-0.174981971	0.111734226	-0.079004459	-0.209042924	-0.031751947	0.114373590
2.581000000	0.008389249	0.468272234	0.525202791	0.010011798	-0.993497936	-3.147056837	-0.174670960	0.112241704	-0.079402451	-0.208663818	-0.031883189	0.114156312
2.582000000	0.008214735	0.468384731	0.525123188	0.009803326	-0.993529885	-3.146942791	-0.174358117	0.112747122	-0.079799011	-0.208282497	-0.032013704	0.113937788
2.583000000	0.008040535	0.468497733	0.525043189	0.009595236	-0.993561965	-3.146828963	-0.174043456	0.113250469	-0.080194129	-0.207898975	-0.032143488	0.113718029
2.584000000	0.007866651	0.468611238	0.524962796	0.009387531	-0.993594174	-3.146715356	-0.173726989	0.113751733	-0.080587795	-0.207513269	-0.032272539	0.113497043
2.585000000	0.007693084	0.468725242	0.524882009	0.009180213	-0.993626511	-3.146601971	-0.173408727	0.114250903	-0.080980002	-0.207125394	-0.032400853	0.113274840
2.586000000	0.007519836	0.468839744	0.524800832	0.008973284	-0.993658977	-3.146488809	-0.173088684	0.114747966	-0.081370738	-0.206735365	-0.032528428	0.113051430
2.587000000	0.007346909	0.468954743	0.524719264	0.008766746	-0.993691569	-3.146375870	-0.172766873	0.115242912	-0.081759996	-0.206343198	-0.032655260	0.112826822
2.588000000	0.007174305	0.469070235	0.524637308	0.008560601	-0.993724288	-3.146263157	-0.172443306	0.115735728	-0.082147767	-0.205948911	-0.032781346	0.112601026
2.589000000	0.007002025	0.469186219	0.524554965	0.008354851	-0.993757133	-3.146150670	-0.172117995	0.116226404	-0.082534040	-0.205552517	-0.032906684	0.112374051
2.590000000	0.006830072	0.469302692	0.524472236	0.008149499	-0.993790103	-3.146038411	-0.171790953	0.116714930	-0.082918808	-0.205154032	-0.033031270	0.112145906
2.591000000	0.006658446	0.469419653	0.524389124	0.007944546	-0.993823197	-3.145926380	-0.171462193	0.117201293	-0.083302062	-0.204753474	-0.033155101	0.111916601
2.592000000	0.006487150	0.469537099	0.524305629	0.007739995	-0.993856414	-3.145814579	-0.171131728	0.117685482	-0.083683793	-0.204350857	-0.033278176	0.111686147
2.593000000	0.006316185	0.469655028	0.524221753	0.007535847	-0.993889754	-3.145703009	-0.170799570	0.118167488	-0.084063992	-0.203946198	-0.033400491	0.111454552
2.594000000	0.006145553	0.469773438	0.524137498	0.007332105	-0.993923216	-3.145591671	-0.170465733	0.118647299	-0.084442651	-0.203539513	-0.033522043	0.111221826
2.595000000	0.005975255	0.469892326	0.524052865	0.007128771	-0.993956799	-3.145480567	-0.170130228	0.119124905	-0.084819761	-0.203130817	-0.033642830	0.110987979
2.596000000	0.005805294	0.470011691	0.523967856	0.006925846	-0.993990503	-3.145369697	-0.169793069	0.119600296	-0.085195315	-0.202720127	-0.033762850	0.110753020
2.597000000	0.005635671	0.470131530	0.523882472	0.006723332	-0.994024326	-3.145259062	-0.169454270	0.120073461	-0.085569302	-0.202307460	-0.033882099	0.110516959
2.598000000	0.005466387	0.470251840	0.523796715	0.006521233	-0.994058267	-3.145148664	-0.169113842	0.120544389	-0.085941717	-0.201892830	-0.034000575	0.110279806
2.599000000	0.005297445	0.470372621	0.523710587	0.006319549	-0.994092327	-3.145038504	-0.168771799	0.121013072	-0.086312549	-0.201476255	-0.034118276	0.110041571
2.600000000	0.005128845	0.470493868	0.523624089	0.006118282	-0.994126504	-3.144928582	-0.168428153	0.121479499	-0.086681792	-0.201057751	-0.034235200	0.109802264
2.601000000	0.004960589	0.470615581	0.523537222	0.005917434	-0.994160798	-3.144818900	-0.168082919	0.121943660	-0.087049437	-0.200637334	-0.034351343	0.109561893
2.602000000	0.004792680	0.470737756	0.523449989	0.005717008	-0.994195207	-3.144709458	-0.167736108	0.122405545	-0.087415476	-0.200215019	-0.034466704	0.109320470
2.603000000	0.004625118	0.470860392	0.523362391	0.005517005	-0.994229732	-3.144600259	-0.167387734	0.122865145	-0.087779902	-0.199790825	-0.034581281	0.109078003
2.604000000	0.004457905	0.470983486	0.523274430	0.005317427	-0.994264370	-3.144491303	-0.167037811	0.123322451	-0.088142706	-0.199364766	-0.034695071	0.108834503
2.605000000	0.004291042	0.471107037	0.523186106	0.005118275	-0.994299121	-3.144382590	-0.166686350	0.123777452	-0.088503882	-0.198936860	-0.034808072	0.108589979
2.606000000	0.004124532	0.471231040	0.523097423	0.004919553	-0.994333986	-3.144274122	-0.166333366	0.124230141	-0.088863421	-0.198507123	-0.034920282	0.108344442
2.607000000	0.003958375	0.471355495	0.523008381	0.004721260	-0.994368962	-3.144165901	-0.165978871	0.124680507	-0.089221316	-0.198075570	-0.035031699	0.108097901
2.608000000	0.003792573	0.471480399	0.522918982	0.004523400	-0.994404048	-3.144057926	-0.165622879	0.125128542	-0.089577559	-0.197642220	-0.035142321	0.107850366
2.609000000	0.003627128	0.471605749	0.522829228	0.004325974	-0.994439245	-3.143950199	-0.165265403	0.125574236	-0.089932144	-0.197207088	-0.035252146	0.107601847
2.610000000	0.003462040	0.471731543	0.522739121	0.004128984	-0.994474552	-3.143842721	-0.164906456	0.126017581	-0.090285063	-0.196770191	-0.035361172	0.107352353
2.611000000	0.003297312	0.471857779	0.522648662	0.003932431	-0.994509967	-3.143735493	-0.164546052	0.126458569	-0.090636308	-0.196331544	-0.035469397	0.107101896
2.612000000	0.003132945	0.471984455	0.522557853	0.003736318	-0.994545489	-3.143628515	-0.164184203	0.126897190	-0.090985873	-0.195891166	-0.035576819	0.106850484
2.613000000	0.002968941	0.472111567	0.522466695	0.003540645	-0.994581119	-3.143521790	-0.163820923	0.127333437	-0.091333751	-0.195449073	-0.035683437	0.106598128
2.614000000	0.002805300	0.472239114	0.522375191	0.003345415	-0.994616854	-3.143415316	-0.163456226	0.127767301	-0.091679935	-0.195005280	-0.035789248	0.106344837
2.615000000	0.002642024	0.472367093	0.522283342	0.003150629	-0.994652695	-3.143309097	-0.163090125	0.128198774	-0.092024417	-0.194559805	-0.035894252	0.106090622
2.616000000	0.002479115	0.472495502	0.522191149	0.002956290	-0.994688640	-3.143203132	-0.162722632	0.128627847	-0.092367192	-0.194112665	-0.035998446	0.105835492
2.617000000	0.002316574	0.472624339	0.522098616	0.002762397	-0.994724689	-3.143097422	-0.162353763	0.129054513	-0.092708252	-0.193663875	-0.036101829	0.105579458
2.618000000	0.002154402	0.472753600	0.522005742	0.002568955	-0.994760841	-3.142991969	-0.161983528	0.129478764	-0.093047591	-0.193213454	-0.036204400	0.105322529
2.619000000	0.001992600	0.472883284	0.521912530	0.002375962	-0.994797095	-3.142886772	-0.161611944	0.129900592	-0.093385201	-0.192761417	-0.036306156	0.105064715
2.620000000	0.001831170	0.473013388	0.521818982	0.002183423	-0.994833450	-3.142781834	-0.161239022	0.130319990	-0.093721078	-0.192307781	-0.036407096	0.104806027
2.621000000	0.001670114	0.473143909	0.521725100	0.001991337	-0.994869906	-3.142677155	-0.160864776	0.130736951	-0.094055215	-0.191852563	-0.036507219	0.104546474
2.622000000	0.001509433	0.473274847	0.521630883	0.001799708	-0.994906461	-3.142572735	-0.160489216	0.131151463	-0.094387603	-0.191395776	-0.036606523	0.104286064
2.623000000	0.001349136	0.473406213	0.521536324	0.001608547	-0.994943119	-3.142468583	-0.160112328	0.131563492	-0.094718218	-0.190937402	-0.036704993	0.104024788
2.624000000	0.001189217	0.473537989	0.521441435	0.001417844	-0.994979875	-3.142364692	-0.159734156	0.131973062	-0.095047074	-0.190477495	-0.036802643	0.103762677
2.625000000	0.001029677	0.473670174	0.521346218	0.001227602	-0.995016728	-3.142261064	-0.159354713	0.132380163	-0.095374165	-0.190016073	-0.036899469	0.103499741
2.626000000	0.000870516	0.473802763	0.521250676	0.001037822	-0.995053677	-3.142157699	-0.158974014	0.132784791	-0.095699483	-0.189553152	-0.036995472	0.103235990
2.627000000	0.000711736	0.473935756	0.521154809	0.000848505	-0.995090722	-3.142054597	-0.158592071	0.133186937	-0.096023024	-0.189088750	-0.037090649	0.102971434
2.628000000	0.000553339	0.474069149	0.521058620	0.000659653	-0.995127861	-3.141951761	-0.158208898	0.133586595	-0.096344782	-0.188622882	-0.037185001	0.102706083
2.629000000	0.000395325	0.474202939	0.520962111	0.000471268	-0.995165094	-3.141849190	-0.157824509	0.133983760	-0.096664751	-0.188155566	-0.037278526	0.102439948
2.630000000	0.000237696	0.474337125	0.520865284	0.000283349	-0.995202420	-3.141746885	-0.157438917	0.134378423	-0.096982925	-0.187686818	-0.037371223	0.102173037
2.631000000	0.000080452	0.474471704	0.520768139	0.000095900	-0.995239839	-3.141644847	-0.157052136	0.134770579	-0.097299300	-0.187216656	-0.037463091	0.101905362
2.632000000	-0.000076404	0.474606673	0.520670680	-0.000091079	-0.995277348	-3.141543077	-0.156664180	0.135160222	-0.097613868	-0.186745097	-0.037554129	0.101636931
2.633000000	-0.000232872	0.474742030	0.520572907	-0.000277586	-0.995314948	-3.141441576	-0.156275061	0.135547346	-0.097926626	-0.186272156	-0.037644336	0.101367756
2.634000000	-0.000388952	0.474877772	0.520474824	-0.000463620	-0.995352638	-3.141340344	-0.155884793	0.135931944	-0.098237567	-0.185797851	-0.037733711	0.101097845
2.635000000	-0.000544640	0.475013896	0.520376430	-0.000649179	-0.995390416	-3.141239381	-0.155493391	0.136314011	-0.098546687	-0.185322199	-0.037822255	0.100827210
2.636000000	-0.000699938	0.475150400	0.520277730	-0.000834263	-0.995428282	-3.141138690	-0.155100866	0.136693541	-0.098853980	-0.184845216	-0.037909965	0.100555860
2.637000000	-0.000854842	0.475287282	0.520178723	-0.001018870	-0.995466236	-3.141038269	-0.154707234	0.137070528	-0.099159442	-0.184366920	-0.037996841	0.100283804
2.638000000	-0.001009354	0.475424538	0.520079413	-0.001202999	-0.995504275	-3.140938121	-0.154312508	0.137444968	-0.099463067	-0.183887327	-0.038082884	0.100011054
2.639000000	-0.001163470	0.475562167	0.519979801	-0.001386648	-0.995542400	-3.140838246	-0.153916701	0.137816853	-0.099764850	-0.183406454	-0.038168091	0.099737618
2.640000000	-0.001317191	0.475700166	0.519879889	-0.001569816	-0.995580610	-3.140738643	-0.153519826	0.138186180	-0.100064787	-0.182924317	-0.038252462	0.099463508
2.641000000	-0.001470515	0.475838531	0.519779678	-0.001752503	-0.995618903	-3.140639315	-0.153121898	0.138552943	-0.100362873	-0.182440934	-0.038335997	0.099188732
2.642000000	-0.001623441	0.475977261	0.519679171	-0.001934706	-0.995657279	-3.140540261	-0.152722930	0.138917137	-0.100659103	-0.181956322	-0.038418696	0.098913301
2.643000000	-0.001775968	0.476116353	0.519578370	-0.002116425	-0.995695738	-3.140441483	-0.152322935	0.139278757	-0.100953473	-0.181470497	-0.038500558	0.098637224
2.644000000	-0.001928096	0.476255804	0.519477276	-0.002297658	-0.995734277	-3.140342980	-0.151921927	0.139637798	-0.101245979	-0.180983476	-0.038581583	0.098360513
2.645000000	-0.002079823	0.476395611	0.519375892	-0.002478405	-0.995772897	-3.140244754	-0.151519919	0.139994257	-0.101536615	-0.180495276	-0.038661770	0.098083176
2.646000000	-0.002231148	0.476535773	0.519274218	-0.002658664	-0.995811596	-3.140146805	-0.151116926	0.140348126	-0.101825378	-0.180005914	-0.038741119	0.097805223
2.647000000	-0.002382070	0.476676286	0.519172258	-0.002838434	-0.995850374	-3.140049134	-0.150712959	0.140699402	-0.102112262	-0.179515404	-0.038819629	0.097526664
2.648000000	-0.002532574	0.476817172	0.519069994	-0.003017694	-0.995889235	-3.139951752	-0.150307987	0.141048031	-0.102397232	-0.179023710	-0.038897278	0.097247478
2.649000000	-0.002682672	0.476958403	0.518967446	-0.003196463	-0.995928174	-3.139854649	-0.149902068	0.141394058	-0.102680315	-0.178530902	-0.038974088	0.096967706
2.650000000	-0.002832365	0.477099979	0.518864618	-0.003374740	-0.995967188	-3.139757826	-0.149495218	0.141737478	-0.102961507	-0.178036999	-0.039050059	0.096687358
2.651000000	-0.002981651	0.477241895	0.518761510	-0.003552523	-0.996006278	-3.139661283	-0.149087449	0.142078288	-0.103240805	-0.177542018	-0.039125191	0.096406444
2.652000000	-0.003130530	0.477384150	0.518658124	-0.003729812	-0.996045442	-3.139565020	-0.148678775	0.142416484	-0.103518205	-0.177045974	-0.039199484	0.096124973
2.653000000	-0.003279000	0.477526740	0.518554464	-0.003906605	-0.996084679	-3.139469039	-0.148269209	0.142752062	-0.103793702	-0.176548884	-0.039272938	0.095842955
2.654000000	-0.003427061	0.477669664	0.518450529	-0.004082901	-0.996123990	-3.139373339	-0.147858765	0.143085018	-0.104067294	-0.176050765	-0.039345552	0.095560401
2.655000000	-0.003574712	0.477812917	0.518346323	-0.004258700	-0.996163372	-3.139277922	-0.147447457	0.143415349	-0.104338976	-0.175551634	-0.039417327	0.095277320
2.656000000	-0.003721953	0.477956499	0.518241848	-0.004434001	-0.996202826	-3.139182787	-0.147035297	0.143743051	-0.104608746	-0.175051508	-0.039488263	0.094993721
2.657000000	-0.003868782	0.478100405	0.518137105	-0.004608802	-0.996242349	-3.139087935	-0.146622300	0.144068122	-0.104876600	-0.174550402	-0.039558360	0.094709615
2.658000000	-0.004015198	0.478244634	0.518032096	-0.004783102	-0.996281942	-3.138993367	-0.146208479	0.144390557	-0.105142534	-0.174048334	-0.039627619	0.094425011
2.659000000	-0.004161201	0.478389182	0.517926823	-0.004956902	-0.996321603	-3.138899083	-0.145793847	0.144710353	-0.105406545	-0.173545320	-0.039696039	0.094139919
2.660000000	-0.004306791	0.478534047	0.517821289	-0.005130199	-0.996361332	-3.138805084	-0.145378417	0.145027509	-0.105668630	-0.173041377	-0.039763621	0.093854349
2.661000000	-0.004451965	0.478679226	0.517715495	-0.005302993	-0.996401128	-3.138711369	-0.144962204	0.145342020	-0.105928787	-0.172536521	-0.039830365	0.093568310
2.662000000	-0.004596725	0.478824717	0.517609443	-0.005475284	-0.996440990	-3.138617940	-0.144545220	0.145653884	-0.106187010	-0.172030770	-0.039896272	0.093281812
2.663000000	-0.004741068	0.478970516	0.517503135	-0.005647070	-0.996480917	-3.138524797	-0.144127478	0.145963098	-0.106443299	-0.171524138	-0.039961342	0.092994865
2.664000000	-0.004884994	0.479116622	0.517396573	-0.005818350	-0.996520908	-3.138431940	-0.143708993	0.146269660	-0.106697650	-0.171016643	-0.040025575	0.092707479
2.665000000	-0.005028504	0.479263030	0.517289759	-0.005989124	-0.996560962	-3.138339370	-0.143289778	0.146573567	-0.106950060	-0.170508302	-0.040088972	0.092419662
2.666000000	-0.005171580	0.479409761	0.517182679	-0.006159373	-0.996601084	-3.138247097	-0.142869805	0.146874769	-0.107200496	-0.169999082	-0.040151513	0.092131399
2.667000000	-0.005314230	0.479556798	0.517075344	-0.006329107	-0.996641269	-3.138155116	-0.142449112	0.147173290	-0.107448971	-0.169489029	-0.040213210	0.091842714
2.668000000	-0.005456461	0.479704130	0.516967763	-0.006498331	-0.996681515	-3.138063423	-0.142027727	0.147469149	-0.107695497	-0.168978177	-0.040274071	0.091553628
2.669000000	-0.005598271	0.479851755	0.516859938	-0.006667045	-0.996721822	-3.137972019	-0.141605665	0.147762343	-0.107940070	-0.168466544	-0.040334099	0.091264150
2.670000000	-0.005739660	0.479999671	0.516751870	-0.006835249	-0.996762187	-3.137880903	-0.141182938	0.148052870	-0.108182690	-0.167954145	-0.040393292	0.090974291
2.671000000	-0.005880628	0.480147873	0.516643563	-0.007002943	-0.996802611	-3.137790077	-0.140759561	0.148340730	-0.108423353	-0.167440998	-0.040451653	0.090684058
2.672000000	-0.006021173	0.480296360	0.516535017	-0.007170124	-0.996843092	-3.137699540	-0.140335546	0.148625919	-0.108662058	-0.166927119	-0.040509182	0.090393462
2.673000000	-0.006161296	0.480445129	0.516426235	-0.007336793	-0.996883630	-3.137609292	-0.139910906	0.148908436	-0.108898801	-0.166412523	-0.040565880	0.090102512
2.674000000	-0.006300995	0.480594177	0.516317220	-0.007502949	-0.996924224	-3.137519335	-0.139485655	0.149188280	-0.109133581	-0.165897227	-0.040621747	0.089811217
2.675000000	-0.006440270	0.480743501	0.516207972	-0.007668591	-0.996964873	-3.137429668	-0.139059806	0.149465450	-0.109366396	-0.165381247	-0.040676785	0.089519588
2.676000000	-0.006579121	0.480893099	0.516098494	-0.007833719	-0.997005575	-3.137340291	-0.138633371	0.149739943	-0.109597245	-0.164864599	-0.040730993	0.089227633
2.677000000	-0.006717547	0.481042967	0.515988788	-0.007998333	-0.997046332	-3.137251205	-0.138206365	0.150011760	-0.109826124	-0.164347299	-0.040784374	0.088935362
2.678000000	-0.006855547	0.481193104	0.515878857	-0.008162431	-0.997087140	-3.137162411	-0.137778799	0.150280899	-0.110053033	-0.163829364	-0.040836928	0.088642784
2.679000000	-0.006993122	0.481343506	0.515768701	-0.008326013	-0.997128000	-3.137073907	-0.137350688	0.150547359	-0.110277970	-0.163310809	-0.040888657	0.088349909
2.680000000	-0.007130270	0.481494170	0.515658323	-0.008489078	-0.997168911	-3.136985696	-0.136922044	0.150811138	-0.110500933	-0.162791651	-0.040939560	0.088056745
2.681000000	-0.007266970	0.481645122	0.515547704	-0.008651601	-0.997209878	-3.136897791	-0.136492827	0.151072169	-0.110721875	-0.162271843	-0.040989611	0.087763269
2.682000000	-0.007403238	0.481796338	0.515436861	-0.008813600	-0.997250896	-3.136810182	-0.136063092	0.151330503	-0.110940830	-0.161751449	-0.041038832	0.087469516
2.683000000	-0.007539077	0.481947808	0.515325802	-0.008975080	-0.997291961	-3.136722866	-0.135632863	0.151586154	-0.111157805	-0.161230499	-0.041087231	0.087175502
2.684000000	-0.007674488	0.482099530	0.515214529	-0.009136042	-0.997333074	-3.136635842	-0.135202152	0.151839121	-0.111372800	-0.160709009	-0.041134810	0.086881236
2.685000000	-0.007809470	0.482251501	0.515103045	-0.009296484	-0.997374234	-3.136549111	-0.134770974	0.152089404	-0.111585814	-0.160186995	-0.041181569	0.086586729
2.686000000	-0.007944022	0.482403718	0.514991350	-0.009456406	-0.997415439	-3.136462674	-0.134339340	0.152337003	-0.111796844	-0.159664473	-0.041227509	0.086291988
2.687000000	-0.008078145	0.482556178	0.514879448	-0.009615809	-0.997456690	-3.136376530	-0.133907263	0.152581919	-0.112005891	-0.159141457	-0.041272633	0.085997023
2.688000000	-0.008211838	0.482708880	0.514767340	-0.009774691	-0.997497984	-3.136290679	-0.133474757	0.152824150	-0.112212953	-0.158617965	-0.041316941	0.085701844
2.689000000	-0.008345100	0.482861819	0.514655028	-0.009933052	-0.997539322	-3.136205122	-0.133041834	0.153063696	-0.112418029	-0.158094011	-0.041360435	0.085406458
2.690000000	-0.008477932	0.483014993	0.514542515	-0.010090892	-0.997580702	-3.136119858	-0.132608507	0.153300559	-0.112621118	-0.157569611	-0.041403115	0.085110875
2.691000000	-0.008610333	0.483168400	0.514429802	-0.010248210	-0.997622124	-3.136034889	-0.132174788	0.153534739	-0.112822220	-0.157044780	-0.041444985	0.084815104
2.692000000	-0.008742303	0.483322037	0.514316892	-0.010405007	-0.997663587	-3.135950214	-0.131740691	0.153766234	-0.113021333	-0.156519536	-0.041486044	0.084519154
2.693000000	-0.008873838	0.483475904	0.514203783	-0.010561278	-0.997705090	-3.135865835	-0.131306221	0.153995039	-0.113218452	-0.155993884	-0.041526290	0.084223030
2.694000000	-0.009004913	0.483630030	0.514090453	-0.010716992	-0.997746640	-3.135781769	-0.130871334	0.154221072	-0.113413523	-0.155467774	-0.041565693	0.083926706
2.695000000	-0.009135555	0.483784377	0.513976931	-0.010872182	-0.997788228	-3.135697999	-0.130436106	0.154444423	-0.113606603	-0.154941295	-0.041604289	0.083630229
2.696000000	-0.009265765	0.483938943	0.513863220	-0.011026849	-0.997829853	-3.135614523	-0.130000550	0.154665092	-0.113797691	-0.154414464	-0.041642081	0.083333609
2.697000000	-0.009395541	0.484093725	0.513749321	-0.011180993	-0.997871516	-3.135531342	-0.129564678	0.154883079	-0.113986788	-0.153887294	-0.041679070	0.083036854
2.698000000	-0.009524884	0.484248720	0.513635237	-0.011334613	-0.997913214	-3.135448456	-0.129128503	0.155098386	-0.114173893	-0.153359803	-0.041715258	0.082739973
2.699000000	-0.009653794	0.484403926	0.513520970	-0.011487708	-0.997954947	-3.135365865	-0.128692037	0.155311014	-0.114359007	-0.152832003	-0.041750646	0.082442975
2.700000000	-0.009782271	0.484559339	0.513406522	-0.011640279	-0.997996715	-3.135283569	-0.128255292	0.155520964	-0.114542128	-0.152303911	-0.041785236	0.082145868
2.701000000	-0.009910313	0.484714958	0.513291894	-0.011792326	-0.998038515	-3.135201567	-0.127818281	0.155728238	-0.114723257	-0.151775543	-0.041819031	0.081848661
2.702000000	-0.010037922	0.484870778	0.513177089	-0.011943848	-0.998080349	-3.135119861	-0.127381016	0.155932836	-0.114902394	-0.151246912	-0.041852031	0.081551363
2.703000000	-0.010165096	0.485026798	0.513062109	-0.012094845	-0.998122214	-3.135038450	-0.126943510	0.156134759	-0.115079538	-0.150718034	-0.041884238	0.081253982
2.704000000	-0.010291836	0.485183015	0.512946957	-0.012245318	-0.998164111	-3.134957334	-0.126505775	0.156334011	-0.115254691	-0.150188924	-0.041915655	0.080956527
2.705000000	-0.010418112	0.485339462	0.512831604	-0.012395228	-0.998206045	-3.134876534	-0.126067758	0.156530496	-0.115427789	-0.149659522	-0.041946243	0.080658967
2.706000000	-0.010543947	0.485496105	0.512716078	-0.012544606	-0.998248009	-3.134796033	-0.125629527	0.156724296	-0.115598884	-0.149129906	-0.041976037	0.080361345
2.707000000	-0.010669348	0.485652936	0.512600385	-0.012693459	-0.998290002	-3.134715828	-0.125191104	0.156915428	-0.115767987	-0.148600102	-0.042005046	0.080063673
2.708000000	-0.010794313	0.485809954	0.512484527	-0.012841787	-0.998332023	-3.134635917	-0.124752499	0.157103893	-0.115935099	-0.148070126	-0.042033271	0.079765962
2.709000000	-0.010918843	0.485967154	0.512368506	-0.012989588	-0.998374071	-3.134556302	-0.124313727	0.157289694	-0.116100220	-0.147539992	-0.042060714	0.079468218
2.710000000	-0.011042938	0.486124535	0.512252325	-0.013136864	-0.998416145	-3.134476982	-0.123874798	0.157472832	-0.116263350	-0.147009714	-0.042087378	0.079170452
2.711000000	-0.011166598	0.486282094	0.512135985	-0.013283614	-0.998458244	-3.134397957	-0.123435724	0.157653309	-0.116424491	-0.146479308	-0.042113264	0.078872670
2.712000000	-0.011289823	0.486439827	0.512019488	-0.013429839	-0.998500368	-3.134319228	-0.122996519	0.157831128	-0.116583642	-0.145948787	-0.042138374	0.078574881
2.713000000	-0.011412612	0.486597732	0.511902837	-0.013575538	-0.998542516	-3.134240793	-0.122557192	0.158006292	-0.116740806	-0.145418167	-0.042162711	0.078277093
2.714000000	-0.011534967	0.486755807	0.511786033	-0.013720711	-0.998584687	-3.134162653	-0.122117757	0.158178802	-0.116895982	-0.144887461	-0.042186276	0.077979315
2.715000000	-0.011656856	0.486914081	0.511669052	-0.013865322	-0.998626887	-3.134084829	-0.121678168	0.158348571	-0.117049110	-0.144356616	-0.042209034	0.077681520
2.716000000	-0.011778299	0.487072530	0.511551914	-0.014009395	-0.998669110	-3.134007306	-0.121238473	0.158515659	-0.117200231	-0.143825693	-0.042231011	0.077383739
2.717000000	-0.011899307	0.487231140	0.511434629	-0.014152943	-0.998711354	-3.133930079	-0.120798706	0.158680101	-0.117349367	-0.143294727	-0.042252224	0.077085992
2.718000000	-0.012019880	0.487389908	0.511317200	-0.014295964	-0.998753618	-3.133853146	-0.120358877	0.158841899	-0.117496518	-0.142763733	-0.042272673	0.076788288
2.719000000	-0.012140017	0.487548832	0.511199629	-0.014438460	-0.998795902	-3.133776508	-0.119918999	0.159001056	-0.117641687	-0.142232726	-0.042292360	0.076490633
2.720000000	-0.012259718	0.487707909	0.511081917	-0.014580430	-0.998838203	-3.133700165	-0.119479082	0.159157575	-0.117784873	-0.141701718	-0.042311289	0.076193036
2.721000000	-0.012378984	0.487867137	0.510964068	-0.014721875	-0.998880522	-3.133624115	-0.119039138	0.159311459	-0.117926080	-0.141170724	-0.042329462	0.075895506
2.722000000	-0.012497816	0.488026512	0.510846082	-0.014862795	-0.998922858	-3.133548360	-0.118599180	0.159462712	-0.118065307	-0.140639759	-0.042346879	0.075598049
2.723000000	-0.012616212	0.488186031	0.510727963	-0.015003190	-0.998965210	-3.133472899	-0.118159217	0.159611335	-0.118202556	-0.140108836	-0.042363545	0.075300674
2.724000000	-0.012734151	0.488345716	0.510609692	-0.015143034	-0.999007581	-3.133397747	-0.117719223	0.159757267	-0.118337784	-0.139577922	-0.042379434	0.075003365
2.725000000	-0.012851633	0.488505563	0.510491273	-0.015282325	-0.999049972	-3.133322904	-0.117279207	0.159900510	-0.118470993	-0.139047031	-0.042394549	0.074706129
2.726000000	-0.012968680	0.488665547	0.510372725	-0.015421092	-0.999092376	-3.133248355	-0.116839222	0.160041134	-0.118602227	-0.138516224	-0.042408918	0.074408999
2.727000000	-0.013085293	0.488825665	0.510254052	-0.015559334	-0.999134794	-3.133174100	-0.116399279	0.160179141	-0.118731489	-0.137985515	-0.042422544	0.074111982
2.728000000	-0.013201470	0.488985915	0.510135255	-0.015697052	-0.999177223	-3.133100137	-0.115959390	0.160314536	-0.118858781	-0.137454916	-0.042435430	0.073815086
2.729000000	-0.013317213	0.489146292	0.510016336	-0.015834246	-0.999219664	-3.133026468	-0.115519565	0.160447322	-0.118984105	-0.136924442	-0.042447577	0.073518317
2.730000000	-0.013432522	0.489306796	0.509897298	-0.015970917	-0.999262116	-3.132953092	-0.115079815	0.160577503	-0.119107461	-0.136394105	-0.042458989	0.073221684
2.731000000	-0.013547397	0.489467422	0.509778142	-0.016107064	-0.999304577	-3.132880008	-0.114640152	0.160705084	-0.119228854	-0.135863920	-0.042469668	0.072925195
2.732000000	-0.013661838	0.489628169	0.509658870	-0.016242688	-0.999347048	-3.132807217	-0.114200587	0.160830067	-0.119348283	-0.135333900	-0.042479616	0.072628856
2.733000000	-0.013775800	0.489789080	0.509539447	-0.016377734	-0.999389536	-3.132734749	-0.113761052	0.160952322	-0.119465660	-0.134803967	-0.042488781	0.072332630
2.734000000	-0.013889326	0.489950109	0.509419910	-0.016512254	-0.999432032	-3.132662575	-0.113321633	0.161071979	-0.119581072	-0.134274221	-0.042497218	0.072036568
2.735000000	-0.014002418	0.490111249	0.509300264	-0.016646252	-0.999474535	-3.132590693	-0.112882344	0.161189050	-0.119694527	-0.133744679	-0.042504931	0.071740678
2.736000000	-0.014115077	0.490272500	0.509180510	-0.016779727	-0.999517045	-3.132519103	-0.112443198	0.161303540	-0.119806027	-0.133215355	-0.042511923	0.071444969
2.737000000	-0.014227303	0.490433857	0.509060651	-0.016912681	-0.999559559	-3.132447804	-0.112004204	0.161415452	-0.119915574	-0.132686262	-0.042518198	0.071149448
2.738000000	-0.014339097	0.490595319	0.508940689	-0.017045114	-0.999602079	-3.132376796	-0.111565373	0.161524792	-0.120023172	-0.132157413	-0.042523756	0.070854122
2.739000000	-0.014450459	0.490756882	0.508820625	-0.017177026	-0.999644602	-3.132306079	-0.111126716	0.161631564	-0.120128821	-0.131628820	-0.042528602	0.070558998
2.740000000	-0.014561389	0.490918545	0.508700463	-0.017308418	-0.999687129	-3.132235652	-0.110688243	0.161735772	-0.120232526	-0.131100496	-0.042532738	0.070264084
2.741000000	-0.014671837	0.491080352	0.508580162	-0.017439229	-0.999729667	-3.132165550	-0.110249884	0.161837272	-0.120334186	-0.130572361	-0.042536107	0.069969339
2.742000000	-0.014781851	0.491242255	0.508459764	-0.017569517	-0.999772208	-3.132095739	-0.109811729	0.161936212	-0.120433903	-0.130044518	-0.042538770	0.069674817
2.743000000	-0.014891435	0.491404249	0.508339274	-0.017699287	-0.999814749	-3.132026218	-0.109373789	0.162032602	-0.120531681	-0.129516983	-0.042540729	0.069380525
2.744000000	-0.015000587	0.491566331	0.508218692	-0.017828537	-0.999857291	-3.131956986	-0.108936077	0.162126446	-0.120627523	-0.128989769	-0.042541989	0.069086471
2.745000000	-0.015109310	0.491728499	0.508098021	-0.017957270	-0.999899833	-3.131888043	-0.108498603	0.162217749	-0.120721433	-0.128462887	-0.042542553	0.068792662
2.746000000	-0.015217602	0.491890750	0.507977263	-0.018085484	-0.999942373	-3.131819388	-0.108061375	0.162306516	-0.120813413	-0.127936351	-0.042542422	0.068499104
2.747000000	-0.015325465	0.492053081	0.507856420	-0.018213182	-0.999984912	-3.131751022	-0.107624406	0.162392753	-0.120903467	-0.127410172	-0.042541600	0.068205805
2.748000000	-0.015432872	0.492215515	0.507735473	-0.018340331	-1.000027453	-3.131682962	-0.107187665	0.162476388	-0.120991544	-0.126884317	-0.042540059	0.067912748
2.749000000	-0.015539821	0.492378052	0.507614422	-0.018466927	-1.000069996	-3.131615210	-0.106751156	0.162557415	-0.121077640	-0.126358793	-0.042537798	0.067619938
2.750000000	-0.015646341	0.492540661	0.507493292	-0.018593008	-1.000112534	-3.131547745	-0.106314937	0.162635927	-0.121161817	-0.125833663	-0.042534854	0.067327408
2.751000000	-0.015752433	0.492703340	0.507372085	-0.018718573	-1.000155068	-3.131480567	-0.105879017	0.162711928	-0.121244080	-0.125308941	-0.042531230	0.067035163
2.752000000	-0.015858098	0.492866086	0.507250803	-0.018843624	-1.000197597	-3.131413676	-0.105443405	0.162785424	-0.121324429	-0.124784637	-0.042526929	0.066743210
2.753000000	-0.015963335	0.493028897	0.507129448	-0.018968161	-1.000240120	-3.131347070	-0.105008113	0.162856421	-0.121402870	-0.124260764	-0.042521953	0.066451556
2.754000000	-0.016068146	0.493191769	0.507008022	-0.019092184	-1.000282636	-3.131280751	-0.104573149	0.162924923	-0.121479405	-0.123737334	-0.042516305	0.066160207
2.755000000	-0.016172507	0.493354723	0.506886509	-0.019215667	-1.000325148	-3.131214732	-0.104138490	0.162990870	-0.121553991	-0.123214319	-0.042509963	0.065869152
2.756000000	-0.016276407	0.493517766	0.506764901	-0.019338593	-1.000367658	-3.131149024	-0.103704127	0.163054229	-0.121626606	-0.122691711	-0.042502914	0.065578385
2.757000000	-0.016379880	0.493680863	0.506643229	-0.019461007	-1.000410159	-3.131083600	-0.103270122	0.163115110	-0.121697324	-0.122169581	-0.042495201	0.065287944
2.758000000	-0.016482929	0.493844012	0.506521493	-0.019582910	-1.000452651	-3.131018460	-0.102836485	0.163173518	-0.121766149	-0.121647941	-0.042486829	0.064997835
2.759000000	-0.016585553	0.494007210	0.506399697	-0.019704303	-1.000495133	-3.130953604	-0.102403227	0.163229460	-0.121833085	-0.121126802	-0.042477799	0.064708063
2.760000000	-0.016687754	0.494170454	0.506277841	-0.019825187	-1.000537604	-3.130889031	-0.101970356	0.163282943	-0.121898135	-0.120606177	-0.042468115	0.064418635
2.761000000	-0.016789532	0.494333742	0.506155929	-0.019945561	-1.000580063	-3.130824741	-0.101537882	0.163333971	-0.121961303	-0.120086075	-0.042457781	0.064129557
2.762000000	-0.016890845	0.494497109	0.506033930	-0.020065377	-1.000622517	-3.130760762	-0.101105756	0.163382431	-0.122022510	-0.119566442	-0.042446751	0.063840804
2.763000000	-0.016991714	0.494660533	0.505911862	-0.020184659	-1.000664961	-3.130697079	-0.100674016	0.163428388	-0.122081800	-0.119047324	-0.042435053	0.063552398
2.764000000	-0.017092162	0.494823993	0.505789743	-0.020303434	-1.000707392	-3.130633678	-0.100242703	0.163471908	-0.122139218	-0.118528764	-0.042422712	0.063264361
2.765000000	-0.017192188	0.494987486	0.505667575	-0.020421703	-1.000749808	-3.130570558	-0.099811824	0.163512997	-0.122194769	-0.118010774	-0.042409733	0.062976699
2.766000000	-0.017291794	0.495151011	0.505545361	-0.020539466	-1.000792210	-3.130507719	-0.099381390	0.163551663	-0.122248456	-0.117493364	-0.042396117	0.062689418
2.767000000	-0.017390981	0.495314563	0.505423101	-0.020656726	-1.000834596	-3.130445159	-0.098951409	0.163587911	-0.122300283	-0.116976546	-0.042381868	0.062402523
2.768000000	-0.017489731	0.495478157	0.505300785	-0.020773460	-1.000876969	-3.130382890	-0.098521867	0.163621699	-0.122350220	-0.116460304	-0.042366970	0.062116009
2.769000000	-0.017588013	0.495641817	0.505178392	-0.020889632	-1.000919332	-3.130320935	-0.098092731	0.163652942	-0.122398209	-0.115944601	-0.042351391	0.061829860
2.770000000	-0.017685877	0.495805497	0.505055960	-0.021005301	-1.000961677	-3.130259258	-0.097664077	0.163681786	-0.122444349	-0.115429523	-0.042335189	0.061544115
2.771000000	-0.017783323	0.495969195	0.504933490	-0.021120469	-1.001004005	-3.130197859	-0.097235912	0.163708237	-0.122488645	-0.114915080	-0.042318365	0.061258781
2.772000000	-0.017880353	0.496132910	0.504810985	-0.021235137	-1.001046313	-3.130136738	-0.096808247	0.163732303	-0.122531100	-0.114401283	-0.042300924	0.060973863
2.773000000	-0.017976966	0.496296637	0.504688447	-0.021349304	-1.001088603	-3.130075893	-0.096381089	0.163753990	-0.122571721	-0.113888141	-0.042282868	0.060689367
2.774000000	-0.018073156	0.496460384	0.504565871	-0.021462962	-1.001130874	-3.130015331	-0.095954436	0.163773279	-0.122610491	-0.113375653	-0.042264190	0.060405293
2.775000000	-0.018168869	0.496624189	0.504443222	-0.021576048	-1.001173132	-3.129955087	-0.095528230	0.163790032	-0.122647316	-0.112863755	-0.042244840	0.060121611
2.776000000	-0.018264168	0.496788000	0.504320546	-0.021688637	-1.001215369	-3.129895118	-0.095102559	0.163804425	-0.122682317	-0.112352545	-0.042224883	0.059838369
2.777000000	-0.018359054	0.496951814	0.504197844	-0.021800729	-1.001257584	-3.129835423	-0.094677431	0.163816466	-0.122715500	-0.111842033	-0.042204325	0.059555571
2.778000000	-0.018453528	0.497115629	0.504075118	-0.021912326	-1.001299777	-3.129776003	-0.094252855	0.163826162	-0.122746867	-0.111332229	-0.042183168	0.059273224
2.779000000	-0.018547589	0.497279442	0.503952370	-0.022023429	-1.001341947	-3.129716857	-0.093828838	0.163833520	-0.122776425	-0.110823144	-0.042161414	0.058991332
2.780000000	-0.018641222	0.497443266	0.503829590	-0.022134016	-1.001384095	-3.129657996	-0.093405367	0.163838495	-0.122804141	-0.110314760	-0.042139049	0.058709889
2.781000000	-0.018734388	0.497607129	0.503706754	-0.022244044	-1.001426227	-3.129599445	-0.092982406	0.163840994	-0.122829950	-0.109807041	-0.042116037	0.058428878
2.782000000	-0.018827145	0.497770982	0.503583902	-0.022353580	-1.001468333	-3.129541167	-0.092560031	0.163841175	-0.122853962	-0.109300070	-0.042092438	0.058148339
2.783000000	-0.018919493	0.497934823	0.503461035	-0.022462626	-1.001510413	-3.129483159	-0.092138249	0.163839045	-0.122876182	-0.108793857	-0.042068256	0.057868277
2.784000000	-0.019011432	0.498098651	0.503338157	-0.022571181	-1.001552468	-3.129425423	-0.091717070	0.163834613	-0.122896615	-0.108288412	-0.042043494	0.057588698
2.785000000	-0.019102965	0.498262462	0.503215268	-0.022679249	-1.001594496	-3.129367956	-0.091296501	0.163827885	-0.122915264	-0.107783745	-0.042018155	0.057309605
2.786000000	-0.019194046	0.498426291	0.503092340	-0.022786773	-1.001636502	-3.129310790	-0.090876496	0.163818744	-0.122932048	-0.107279804	-0.041992196	0.057030978
2.787000000	-0.019284689	0.498590122	0.502969385	-0.022893773	-1.001678484	-3.129253914	-0.090457081	0.163807235	-0.122946999	-0.106776621	-0.041965634	0.056752830
2.788000000	-0.019374927	0.498753931	0.502846425	-0.023000287	-1.001720437	-3.129197306	-0.090038301	0.163793453	-0.122960181	-0.106274244	-0.041938505	0.056475186
2.789000000	-0.019464762	0.498917712	0.502723462	-0.023106317	-1.001762361	-3.129140966	-0.089620164	0.163777405	-0.122971599	-0.105772683	-0.041910813	0.056198049
2.790000000	-0.019554193	0.499081466	0.502600498	-0.023211863	-1.001804256	-3.129084893	-0.089202677	0.163759098	-0.122981259	-0.105271947	-0.041882560	0.055921424
2.791000000	-0.019643210	0.499245197	0.502477528	-0.023316913	-1.001846121	-3.129029094	-0.088785835	0.163738509	-0.122989142	-0.104772031	-0.041853738	0.055645311
2.792000000	-0.019731757	0.499408948	0.502354515	-0.023421398	-1.001887964	-3.128973607	-0.088369582	0.163715489	-0.122995147	-0.104272873	-0.041824292	0.055369682
2.793000000	-0.019819904	0.499572663	0.502231508	-0.023525403	-1.001929775	-3.128918386	-0.087954004	0.163690233	-0.122999407	-0.103774567	-0.041794296	0.055094580
2.794000000	-0.019907650	0.499736340	0.502108506	-0.023628929	-1.001971554	-3.128863428	-0.087539107	0.163662748	-0.123001927	-0.103277124	-0.041763752	0.054820011
2.795000000	-0.019994998	0.499899977	0.501985514	-0.023731977	-1.002013301	-3.128808735	-0.087124899	0.163633043	-0.123002714	-0.102780552	-0.041732663	0.054545979
2.796000000	-0.020081947	0.500063570	0.501862532	-0.023834548	-1.002055014	-3.128754304	-0.086711388	0.163601126	-0.123001772	-0.102284859	-0.041701034	0.054272488
2.797000000	-0.020168427	0.500227174	0.501739515	-0.023936554	-1.002096702	-3.128700185	-0.086298502	0.163566806	-0.122998969	-0.101789967	-0.041668795	0.053999505
2.798000000	-0.020254500	0.500390737	0.501616505	-0.024038073	-1.002138357	-3.128646335	-0.085886316	0.163530261	-0.122994427	-0.101295960	-0.041636010	0.053727067
2.799000000	-0.020340177	0.500554251	0.501493512	-0.024139119	-1.002179976	-3.128592747	-0.085474850	0.163491526	-0.122988171	-0.100802860	-0.041602695	0.053455185
2.800000000	-0.020425460	0.500717712	0.501370536	-0.024239692	-1.002221561	-3.128539418	-0.085064111	0.163450610	-0.122980208	-0.100310674	-0.041568851	0.053183863
2.801000000	-0.020510350	0.500881119	0.501247580	-0.024339794	-1.002263109	-3.128486348	-0.084654105	0.163407521	-0.122970541	-0.099819411	-0.041534483	0.052913105
2.802000000	-0.020594780	0.501044518	0.501124602	-0.024439345	-1.002304629	-3.128433584	-0.084244770	0.163362087	-0.122959052	-0.099329002	-0.041499528	0.052642882
2.803000000	-0.020678799	0.501207873	0.501001636	-0.024538404	-1.002346113	-3.128381090	-0.083836163	0.163314443	-0.122945834	-0.098839511	-0.041464036	0.052373223
2.804000000	-0.020762428	0.501371165	0.500878695	-0.024636994	-1.002387559	-3.128328854	-0.083428311	0.163264650	-0.122930929	-0.098350969	-0.041428030	0.052104142
2.805000000	-0.020845667	0.501534394	0.500755781	-0.024735119	-1.002428968	-3.128276874	-0.083021222	0.163212715	-0.122914343	-0.097863383	-0.041391512	0.051835642
2.806000000	-0.020928517	0.501697557	0.500632896	-0.024832778	-1.002470338	-3.128225151	-0.082614902	0.163158647	-0.122896080	-0.097376762	-0.041354486	0.051567729
2.807000000	-0.021010906	0.501860705	0.500509995	-0.024929883	-1.002511676	-3.128173733	-0.082209283	0.163102258	-0.122876010	-0.096891031	-0.041316884	0.051300370
2.808000000	-0.021092892	0.502023793	0.500387117	-0.025026507	-1.002552976	-3.128122580	-0.081804432	0.163043712	-0.122854245	-0.096406265	-0.041278765	0.051033600
2.809000000	-0.021174493	0.502186808	0.500264273	-0.025122670	-1.002594235	-3.128071680	-0.081400372	0.162983056	-0.122830821	-0.095922488	-0.041240149	0.050767428
2.810000000	-0.021255709	0.502349747	0.500141465	-0.025218372	-1.002635454	-3.128021034	-0.080997107	0.162920301	-0.122805744	-0.095439707	-0.041201038	0.050501858
2.811000000	-0.021336539	0.502512611	0.500018694	-0.025313612	-1.002676633	-3.127970641	-0.080594643	0.162855448	-0.122779014	-0.094957927	-0.041161433	0.050236894
2.812000000	-0.021416897	0.502675459	0.499895906	-0.025408286	-1.002717777	-3.127920561	-0.080192902	0.162788274	-0.122750475	-0.094477065	-0.041121254	0.049972500
2.813000000	-0.021496873	0.502838224	0.499773161	-0.025502503	-1.002758880	-3.127870732	-0.079791978	0.162719026	-0.122720299	-0.093997222	-0.041080591	0.049708722
2.814000000	-0.021576468	0.503000906	0.499650458	-0.025596265	-1.002799940	-3.127821152	-0.079391877	0.162647710	-0.122688491	-0.093518407	-0.041039446	0.049445562
2.815000000	-0.021655685	0.503163500	0.499527801	-0.025689574	-1.002840956	-3.127771821	-0.078992604	0.162574337	-0.122655059	-0.093040626	-0.040997823	0.049183024
2.816000000	-0.021734489	0.503326030	0.499405169	-0.025782389	-1.002881932	-3.127722762	-0.078594136	0.162498825	-0.122619944	-0.092563853	-0.040955694	0.048921097
2.817000000	-0.021812854	0.503488511	0.499282550	-0.025874678	-1.002922869	-3.127673992	-0.078196452	0.162421113	-0.122583103	-0.092088067	-0.040913036	0.048659775
2.818000000	-0.021890843	0.503650899	0.499159980	-0.025966518	-1.002963762	-3.127625469	-0.077799617	0.162341368	-0.122544654	-0.091613338	-0.040869909	0.048399087
2.819000000	-0.021968457	0.503813191	0.499037462	-0.026057910	-1.003004609	-3.127577192	-0.077403636	0.162259599	-0.122504603	-0.091139673	-0.040826318	0.048139036
2.820000000	-0.022045697	0.503975386	0.498914999	-0.026148854	-1.003045410	-3.127529159	-0.077008516	0.162175815	-0.122462956	-0.090667079	-0.040782265	0.047879626
2.821000000	-0.022122484	0.504137536	0.498792543	-0.026239256	-1.003086172	-3.127481425	-0.076614191	0.162089817	-0.122419573	-0.090195485	-0.040737681	0.047620828
2.822000000	-0.022198881	0.504299596	0.498670133	-0.026329192	-1.003126889	-3.127433947	-0.076220721	0.162001775	-0.122374572	-0.089724958	-0.040692625	0.047362671
2.823000000	-0.022274907	0.504461551	0.498547783	-0.026418684	-1.003167559	-3.127386712	-0.075828131	0.161911743	-0.122327992	-0.089255524	-0.040647117	0.047105166
2.824000000	-0.022350564	0.504623401	0.498425493	-0.026507736	-1.003208181	-3.127339719	-0.075436425	0.161819731	-0.122279841	-0.088787188	-0.040601161	0.046848316
2.825000000	-0.022425815	0.504785168	0.498303243	-0.026596300	-1.003248759	-3.127292992	-0.075045576	0.161725648	-0.122230053	-0.088319921	-0.040554725	0.046592109
2.826000000	-0.022500635	0.504946866	0.498181021	-0.026684350	-1.003289293	-3.127246549	-0.074655569	0.161629442	-0.122178591	-0.087853709	-0.040507791	0.046336541
2.827000000	-0.022575089	0.505108451	0.498058865	-0.026771963	-1.003329777	-3.127200344	-0.074266464	0.161531282	-0.122125575	-0.087388615	-0.040460419	0.046081638
2.828000000	-0.022649178	0.505269922	0.497936776	-0.026859140	-1.003370213	-3.127154378	-0.073878267	0.161431177	-0.122071012	-0.086924647	-0.040412613	0.045827404
2.829000000	-0.022722898	0.505431280	0.497814753	-0.026945876	-1.003410599	-3.127108654	-0.073490977	0.161329120	-0.122014896	-0.086461804	-0.040364369	0.045573839
2.830000000	-0.022796157	0.505592582	0.497692745	-0.027032060	-1.003450942	-3.127063233	-0.073104524	0.161224887	-0.121957067	-0.086000012	-0.040315609	0.045320913
2.831000000	-0.022869055	0.505753763	0.497570809	-0.027117813	-1.003491234	-3.127018047	-0.072718995	0.161118736	-0.121897709	-0.085539364	-0.040266425	0.045068666
2.832000000	-0.022941592	0.505914821	0.497448948	-0.027203135	-1.003531475	-3.126973097	-0.072334397	0.161010675	-0.121836828	-0.085079868	-0.040216819	0.044817100
2.833000000	-0.023013772	0.506075754	0.497327162	-0.027288030	-1.003571664	-3.126928381	-0.071950733	0.160900715	-0.121774430	-0.084621528	-0.040166795	0.044566219
2.834000000	-0.023085503	0.506236616	0.497205404	-0.027372390	-1.003611807	-3.126883958	-0.071567936	0.160788638	-0.121710361	-0.084164273	-0.040116277	0.044315993
2.835000000	-0.023156861	0.506397360	0.497083716	-0.027456303	-1.003651900	-3.126839780	-0.071186072	0.160674634	-0.121644757	-0.083708173	-0.040065332	0.044066453
2.836000000	-0.023227863	0.506557973	0.496962108	-0.027539792	-1.003691939	-3.126795834	-0.070805159	0.160558757	-0.121577655	-0.083253248	-0.040013979	0.043817606
2.837000000	-0.023298512	0.506718452	0.496840583	-0.027622859	-1.003731925	-3.126752117	-0.070425201	0.160441016	-0.121509061	-0.082799504	-0.039962222	0.043569455
2.838000000	-0.023368730	0.506878845	0.496719099	-0.027705411	-1.003771862	-3.126708684	-0.070046143	0.160321226	-0.121438843	-0.082346881	-0.039909994	0.043321977
2.839000000	-0.023438565	0.507039119	0.496597684	-0.027787505	-1.003811748	-3.126665500	-0.069668026	0.160199510	-0.121367089	-0.081895425	-0.039857341	0.043075192
2.840000000	-0.023508049	0.507199254	0.496476356	-0.027869181	-1.003851578	-3.126622545	-0.069290881	0.160075957	-0.121293863	-0.081445167	-0.039804293	0.042829111
2.841000000	-0.023577185	0.507359248	0.496355117	-0.027950441	-1.003891354	-3.126579816	-0.068914711	0.159950577	-0.121219171	-0.080996112	-0.039750853	0.042583737
2.842000000	-0.023645898	0.507519144	0.496233927	-0.028031196	-1.003931079	-3.126537365	-0.068539465	0.159823192	-0.121142886	-0.080548206	-0.039696960	0.042339050
2.843000000	-0.023714226	0.507678917	0.496112811	-0.028111492	-1.003970750	-3.126495163	-0.068165177	0.159693906	-0.121065082	-0.080101485	-0.039642650	0.042095065
2.844000000	-0.023782210	0.507838542	0.495991788	-0.028191378	-1.004010365	-3.126453186	-0.067791878	0.159562820	-0.120985832	-0.079655985	-0.039587959	0.041851795
2.845000000	-0.023849851	0.507998018	0.495870861	-0.028270853	-1.004049923	-3.126411433	-0.067419575	0.159429944	-0.120905141	-0.079211709	-0.039532888	0.041609243
2.846000000	-0.023917066	0.508157393	0.495749986	-0.028349821	-1.004089430	-3.126369957	-0.067048210	0.159295083	-0.120822872	-0.078768600	-0.039477373	0.041367388
2.847000000	-0.023983907	0.508316633	0.495629193	-0.028428342	-1.004128881	-3.126328725	-0.066677827	0.159158370	-0.120739119	-0.078326703	-0.039421458	0.041126246
2.848000000	-0.024050408	0.508475717	0.495508501	-0.028506458	-1.004168274	-3.126287713	-0.066308451	0.159019894	-0.120653945	-0.077886046	-0.039365174	0.040885829
2.849000000	-0.024116571	0.508634644	0.495387910	-0.028584171	-1.004207608	-3.126246921	-0.065940088	0.158879665	-0.120567357	-0.077446634	-0.039308525	0.040646140
2.850000000	-0.024182297	0.508793471	0.495267371	-0.028661362	-1.004246890	-3.126206415	-0.065572673	0.158737450	-0.120479189	-0.077008400	-0.039251431	0.040407154
2.851000000	-0.024247669	0.508952147	0.495146927	-0.028738131	-1.004286114	-3.126166139	-0.065206266	0.158593455	-0.120389587	-0.076571408	-0.039193963	0.040168896
2.852000000	-0.024312706	0.509110660	0.495026590	-0.028814501	-1.004325278	-3.126126079	-0.064840886	0.158447734	-0.120298592	-0.076135677	-0.039136138	0.039931372
2.853000000	-0.024377406	0.509269011	0.494906358	-0.028890468	-1.004364383	-3.126086239	-0.064476531	0.158300285	-0.120206200	-0.075701206	-0.039077957	0.039694584
2.854000000	-0.024441657	0.509427262	0.494786177	-0.028965901	-1.004403434	-3.126046692	-0.064113132	0.158150851	-0.120112228	-0.075267924	-0.039019332	0.039458506
2.855000000	-0.024505578	0.509585343	0.494666106	-0.029040940	-1.004442425	-3.126007358	-0.063750772	0.157999720	-0.120016881	-0.074835916	-0.038960361	0.039223168
2.856000000	-0.024569171	0.509743254	0.494546149	-0.029115587	-1.004481354	-3.125968238	-0.063389453	0.157846900	-0.119920167	-0.074405187	-0.038901048	0.038988575
2.857000000	-0.024632397	0.509901015	0.494426286	-0.029189797	-1.004520225	-3.125929355	-0.063029156	0.157692310	-0.119822026	-0.073975715	-0.038841363	0.038754717
2.858000000	-0.024695211	0.510058649	0.494306496	-0.029263517	-1.004559038	-3.125890740	-0.062669853	0.157535848	-0.119722386	-0.073547473	-0.038781273	0.038521586
2.859000000	-0.024757701	0.510216106	0.494186824	-0.029336850	-1.004597789	-3.125852335	-0.062311604	0.157377727	-0.119621399	-0.073120523	-0.038720851	0.038289206
2.860000000	-0.024819868	0.510373386	0.494067270	-0.029409798	-1.004636478	-3.125814139	-0.061954413	0.157217957	-0.119519071	-0.072694870	-0.038660098	0.038057576
2.861000000	-0.024881630	0.510530531	0.493947795	-0.029482264	-1.004675108	-3.125776207	-0.061598231	0.157056350	-0.119415270	-0.072270462	-0.038598953	0.037826682
2.862000000	-0.024943028	0.510687519	0.493828421	-0.029554295	-1.004713678	-3.125738510	-0.061243087	0.156893008	-0.119310067	-0.071847331	-0.038537450	0.037596532
2.863000000	-0.025004106	0.510844323	0.493709170	-0.029625946	-1.004752184	-3.125701020	-0.060889012	0.156728046	-0.119203544	-0.071425509	-0.038475626	0.037367141
2.864000000	-0.025064859	0.511000946	0.493590040	-0.029697210	-1.004790627	-3.125663740	-0.060536005	0.156561454	-0.119095695	-0.071004994	-0.038413479	0.037138506
2.865000000	-0.025125175	0.511157447	0.493470977	-0.029767952	-1.004829011	-3.125626745	-0.060183999	0.156392974	-0.118986335	-0.070585720	-0.038350923	0.036910606
2.866000000	-0.025185176	0.511313760	0.493352042	-0.029838320	-1.004867331	-3.125589954	-0.059833073	0.156222902	-0.118875676	-0.070167766	-0.038288056	0.036683469
2.867000000	-0.025244863	0.511469882	0.493233237	-0.029908314	-1.004905586	-3.125553364	-0.059483229	0.156051247	-0.118763724	-0.069751136	-0.038224881	0.036457097
2.868000000	-0.025304169	0.511625848	0.493114528	-0.029977854	-1.004943779	-3.125517021	-0.059134431	0.155877857	-0.118650371	-0.069335792	-0.038161348	0.036231476
2.869000000	-0.025363102	0.511781653	0.492995922	-0.030046950	-1.004981910	-3.125480920	-0.058786686	0.155702757	-0.118535633	-0.068921743	-0.038097466	0.036006610
2.870000000	-0.025421726	0.511937262	0.492877449	-0.030115679	-1.005019975	-3.125445019	-0.058440033	0.155526103	-0.118419624	-0.068509028	-0.038033285	0.035782513
2.871000000	-0.025480036	0.512092677	0.492759108	-0.030184033	-1.005057975	-3.125409320	-0.058094472	0.155347888	-0.118302339	-0.068097648	-0.037968804	0.035559186
2.872000000	-0.025537913	0.512247959	0.492640843	-0.030251871	-1.005095913	-3.125373902	-0.057749938	0.155167844	-0.118183584	-0.067687536	-0.037903934	0.035336607
2.873000000	-0.025595484	0.512403040	0.492522716	-0.030319346	-1.005133784	-3.125338681	-0.057406505	0.154986275	-0.118063577	-0.067278769	-0.037838775	0.035114802
2.874000000	-0.025652753	0.512557917	0.492404729	-0.030386461	-1.005171589	-3.125303655	-0.057064178	0.154803189	-0.117942327	-0.066871351	-0.037773330	0.034893771
2.875000000	-0.025709634	0.512712635	0.492286842	-0.030453114	-1.005209330	-3.125268879	-0.056722911	0.154618399	-0.117819696	-0.066465237	-0.037707537	0.034673502
2.876000000	-0.025766164	0.512867172	0.492169073	-0.030519350	-1.005247006	-3.125234331	-0.056382728	0.154431996	-0.117695752	-0.066060450	-0.037641427	0.034454002
2.877000000	-0.025822395	0.513021501	0.492051448	-0.030585230	-1.005284613	-3.125199974	-0.056043658	0.154244107	-0.117570585	-0.065657021	-0.037575040	0.034235281
2.878000000	-0.025878292	0.513175640	0.491933951	-0.030650713	-1.005322154	-3.125165833	-0.055705685	0.154054655	-0.117444140	-0.065254933	-0.037508352	0.034017334
2.879000000	-0.025933792	0.513329618	0.491816553	-0.030715722	-1.005359631	-3.125131949	-0.055368777	0.153863503	-0.117316318	-0.064854155	-0.037441318	0.033800152
2.880000000	-0.025988997	0.513483383	0.491699303	-0.030780382	-1.005397038	-3.125098254	-0.055032991	0.153670893	-0.117187294	-0.064454744	-0.037374017	0.033583753
2.881000000	-0.026043910	0.513636934	0.491582202	-0.030844694	-1.005434377	-3.125064747	-0.054698330	0.153476835	-0.117057075	-0.064056703	-0.037306451	0.033368138
2.882000000	-0.026098397	0.513790335	0.491465190	-0.030908499	-1.005471651	-3.125031516	-0.054364726	0.153281032	-0.116925447	-0.063659965	-0.037238525	0.033153288
2.883000000	-0.026152587	0.513943522	0.491348328	-0.030971952	-1.005508856	-3.124998475	-0.054032250	0.153083785	-0.116792627	-0.063264600	-0.037170336	0.032939223
2.884000000	-0.026206490	0.514096489	0.491231618	-0.031035062	-1.005545991	-3.124965619	-0.053700905	0.152885119	-0.116658634	-0.062870613	-0.037101892	0.032725945
2.885000000	-0.026260006	0.514249284	0.491115018	-0.031097713	-1.005583059	-3.124933012	-0.053370645	0.152684819	-0.116523311	-0.062477956	-0.037033124	0.032513441
2.886000000	-0.026313193	0.514401877	0.490998554	-0.031159973	-1.005620058	-3.124900617	-0.053041501	0.152483019	-0.116386756	-0.062086662	-0.036964074	0.032301721
2.887000000	-0.026366097	0.514554246	0.490882248	-0.031221896	-1.005656987	-3.124868403	-0.052713496	0.152279829	-0.116249049	-0.061696753	-0.036894778	0.032090791
2.888000000	-0.026418649	0.514706423	0.490766069	-0.031283401	-1.005693847	-3.124836416	-0.052386599	0.152075103	-0.116110083	-0.061308199	-0.036825189	0.031880643
2.889000000	-0.026470845	0.514858409	0.490650016	-0.031344482	-1.005730638	-3.124804659	-0.052060809	0.151868834	-0.115969854	-0.060920999	-0.036755305	0.031671277
2.890000000	-0.026522761	0.515010165	0.490534125	-0.031405231	-1.005767358	-3.124773080	-0.051736165	0.151661203	-0.115828494	-0.060535192	-0.036685184	0.031462704
2.891000000	-0.026574355	0.515161713	0.490418376	-0.031465598	-1.005804007	-3.124741709	-0.051412648	0.151452121	-0.115685936	-0.060150759	-0.036614797	0.031254920
2.892000000	-0.026625570	0.515313077	0.490302746	-0.031525513	-1.005840588	-3.124710581	-0.051090234	0.151241467	-0.115542095	-0.059767676	-0.036544105	0.031047917
2.893000000	-0.026676511	0.515464208	0.490187281	-0.031585104	-1.005877096	-3.124679629	-0.050768972	0.151029480	-0.115397144	-0.059385993	-0.036473185	0.030841710
2.894000000	-0.026727152	0.515615116	0.490071971	-0.031644339	-1.005913533	-3.124648868	-0.050448851	0.150816111	-0.115251046	-0.059005699	-0.036402020	0.030636296
2.895000000	-0.026777399	0.515765844	0.489956775	-0.031703104	-1.005949901	-3.124618362	-0.050129831	0.150601157	-0.115103654	-0.058626753	-0.036330547	0.030431665
2.896000000	-0.026827377	0.515916334	0.489841748	-0.031761550	-1.005986195	-3.124588028	-0.049811969	0.150384899	-0.114955173	-0.058249213	-0.036258854	0.030227831
2.897000000	-0.026877072	0.516066592	0.489726886	-0.031819660	-1.006022417	-3.124557875	-0.049495261	0.150167314	-0.114805587	-0.057873074	-0.036186934	0.030024795
2.898000000	-0.026926363	0.516216671	0.489612135	-0.031877290	-1.006058569	-3.124527982	-0.049179653	0.149948143	-0.114654706	-0.057498285	-0.036114705	0.029822542
2.899000000	-0.026975388	0.516366508	0.489497558	-0.031934606	-1.006094648	-3.124498258	-0.048865210	0.149727697	-0.114502757	-0.057124907	-0.036042264	0.029621088
2.900000000	-0.027024143	0.516516104	0.489383151	-0.031991600	-1.006130653	-3.124468707	-0.048551927	0.149505968	-0.114349735	-0.056752937	-0.035969611	0.029420434
2.901000000	-0.027072490	0.516665521	0.489268857	-0.032048109	-1.006166587	-3.124439419	-0.048239749	0.149282664	-0.114195427	-0.056382322	-0.035896651	0.029220566
2.902000000	-0.027120576	0.516814690	0.489154740	-0.032104309	-1.006202447	-3.124410296	-0.047928739	0.149058115	-0.114040073	-0.056013122	-0.035823490	0.029021499
2.903000000	-0.027168397	0.516963615	0.489040798	-0.032160195	-1.006238233	-3.124381343	-0.047618896	0.148832312	-0.113883667	-0.055645337	-0.035750123	0.028823232
2.904000000	-0.027215812	0.517112356	0.488926972	-0.032215597	-1.006273947	-3.124352651	-0.047310162	0.148604961	-0.113725994	-0.055278910	-0.035676459	0.028625754
2.905000000	-0.027262972	0.517260845	0.488813327	-0.032270698	-1.006309587	-3.124324121	-0.047002601	0.148376391	-0.113567296	-0.054913904	-0.035602601	0.028429078
2.906000000	-0.027309865	0.517409088	0.488699857	-0.032325482	-1.006345152	-3.124295762	-0.046696209	0.148146587	-0.113407560	-0.054550315	-0.035528544	0.028233203
2.907000000	-0.027356360	0.517557140	0.488586510	-0.032379794	-1.006380644	-3.124267658	-0.046390934	0.147915271	-0.113246584	-0.054188092	-0.035454200	0.028038119
2.908000000	-0.027402605	0.517704937	0.488473347	-0.032433809	-1.006416061	-3.124239713	-0.046086835	0.147682766	-0.113084604	-0.053827293	-0.035379672	0.027843838
2.909000000	-0.027448577	0.517852487	0.488360359	-0.032487500	-1.006451403	-3.124211941	-0.045783905	0.147449031	-0.112921590	-0.053467910	-0.035304944	0.027650359
2.910000000	-0.027494166	0.517999838	0.488247501	-0.032540736	-1.006486671	-3.124184417	-0.045482101	0.147213835	-0.112757374	-0.053109903	-0.035229946	0.027457673
2.911000000	-0.027539509	0.518146929	0.488134830	-0.032593681	-1.006521863	-3.124157048	-0.045181478	0.146977479	-0.112592175	-0.052753324	-0.035154771	0.027265791
2.912000000	-0.027584566	0.518293777	0.488022331	-0.032646287	-1.006556980	-3.124129861	-0.044882019	0.146739884	-0.112425937	-0.052398157	-0.035079394	0.027074710
2.913000000	-0.027629260	0.518440414	0.487909973	-0.032698462	-1.006592022	-3.124102906	-0.044583698	0.146500891	-0.112258542	-0.052044377	-0.035003766	0.026884424
2.914000000	-0.027673714	0.518586787	0.487797806	-0.032750352	-1.006626988	-3.124076105	-0.044286560	0.146260768	-0.112090187	-0.051692028	-0.034927970	0.026694943
2.915000000	-0.027717863	0.518732923	0.487685805	-0.032801882	-1.006661878	-3.124049497	-0.043990582	0.146019385	-0.111920776	-0.051341086	-0.034851965	0.026506262
2.916000000	-0.027761676	0.518878834	0.487573957	-0.032853012	-1.006696692	-3.124023105	-0.043695753	0.145776680	-0.111750266	-0.050991543	-0.034775731	0.026318379
2.917000000	-0.027805253	0.519024477	0.487462304	-0.032903863	-1.006731429	-3.123996861	-0.043402111	0.145532873	-0.111578817	-0.050643432	-0.034699338	0.026131300
2.918000000	-0.027848501	0.519169891	0.487350808	-0.032954324	-1.006766090	-3.123970828	-0.043109621	0.145287774	-0.111406289	-0.050296722	-0.034622725	0.025945020
2.919000000	-0.027891445	0.519315064	0.487239480	-0.033004424	-1.006800675	-3.123944989	-0.042818294	0.145041441	-0.111232725	-0.049951423	-0.034545910	0.025759541
2.920000000	-0.027934159	0.519459965	0.487128351	-0.033054252	-1.006835182	-3.123919295	-0.042528155	0.144794033	-0.111058243	-0.049607559	-0.034468943	0.025574866
2.921000000	-0.027976513	0.519604647	0.487017368	-0.033103652	-1.006869613	-3.123893832	-0.042239160	0.144545289	-0.110882651	-0.049265087	-0.034391743	0.025390988
2.922000000	-0.028018601	0.519749071	0.486906571	-0.033152739	-1.006903966	-3.123868537	-0.041951342	0.144295410	-0.110706097	-0.048924039	-0.034314371	0.025207913
2.923000000	-0.028060462	0.519893220	0.486795974	-0.033201557	-1.006938241	-3.123843385	-0.041664713	0.144044483	-0.110528643	-0.048584426	-0.034236854	0.025025642
2.924000000	-0.028101930	0.520037160	0.486685514	-0.033249907	-1.006972439	-3.123818486	-0.041379219	0.143792169	-0.110350042	-0.048246197	-0.034159088	0.024844166
2.925000000	-0.028143176	0.520180822	0.486575257	-0.033297996	-1.007006560	-3.123793726	-0.041094916	0.143538828	-0.110170559	-0.047909405	-0.034081182	0.024663494
2.926000000	-0.028184154	0.520324224	0.486465185	-0.033345767	-1.007040602	-3.123769137	-0.040811790	0.143284372	-0.109990129	-0.047574035	-0.034003110	0.024483623
2.927000000	-0.028224787	0.520467396	0.486355272	-0.033393129	-1.007074566	-3.123744767	-0.040529815	0.143028652	-0.109808641	-0.047240066	-0.033924826	0.024304551
2.928000000	-0.028265204	0.520610285	0.486245564	-0.033440235	-1.007108452	-3.123720534	-0.040249033	0.142771932	-0.109626293	-0.046907533	-0.033846410	0.024126281
2.929000000	-0.028305305	0.520752932	0.486136026	-0.033486968	-1.007142259	-3.123696502	-0.039969413	0.142514020	-0.109442940	-0.046576410	-0.033767804	0.023948810
2.930000000	-0.028345117	0.520895323	0.486026669	-0.033533358	-1.007175987	-3.123672653	-0.039690962	0.142254975	-0.109258627	-0.046246702	-0.033689025	0.023772139
2.931000000	-0.028384718	0.521037430	0.485917521	-0.033579498	-1.007209637	-3.123648937	-0.039413705	0.141994960	-0.109073475	-0.045918431	-0.033610122	0.023596270
2.932000000	-0.028423950	0.521179311	0.485808524	-0.033625201	-1.007243207	-3.123625457	-0.039137593	0.141733662	-0.108887253	-0.045591555	-0.033531000	0.023421197
2.933000000	-0.028462955	0.521320912	0.485699732	-0.033670635	-1.007276699	-3.123602120	-0.038862670	0.141471376	-0.108700177	-0.045266111	-0.033451749	0.023246925
2.934000000	-0.028501708	0.521462242	0.485591136	-0.033715772	-1.007310111	-3.123578942	-0.038588927	0.141208058	-0.108512218	-0.044942091	-0.033372355	0.023073452
2.935000000	-0.028540122	0.521603332	0.485482703	-0.033760507	-1.007343444	-3.123555980	-0.038316338	0.140943536	-0.108323247	-0.044619474	-0.033292765	0.022900776
2.936000000	-0.028578333	0.521744132	0.485374486	-0.033805001	-1.007376697	-3.123533146	-0.038044944	0.140678090	-0.108133472	-0.044298292	-0.033213064	0.022728899
2.937000000	-0.028616228	0.521884682	0.485266442	-0.033849123	-1.007409870	-3.123510512	-0.037774711	0.140411504	-0.107942732	-0.043978519	-0.033133187	0.022557819
2.938000000	-0.028653856	0.522024965	0.485158591	-0.033892927	-1.007442963	-3.123488047	-0.037505653	0.140143877	-0.107751101	-0.043660164	-0.033053163	0.022387536
2.939000000	-0.028691281	0.522164955	0.485050955	-0.033936492	-1.007475977	-3.123465710	-0.037237787	0.139875343	-0.107558680	-0.043343243	-0.032973032	0.022218051
2.940000000	-0.028728331	0.522304716	0.484943473	-0.033979613	-1.007508909	-3.123443611	-0.036971066	0.139605571	-0.107365221	-0.043027714	-0.032892694	0.022049361
2.941000000	-0.028765186	0.522444180	0.484836211	-0.034022504	-1.007541762	-3.123421635	-0.036705539	0.139334921	-0.107170994	-0.042713620	-0.032812258	0.021881467
2.942000000	-0.028801764	0.522583378	0.484729139	-0.034065067	-1.007574534	-3.123399834	-0.036441181	0.139063235	-0.106975880	-0.042400940	-0.032731675	0.021714368
2.943000000	-0.028838050	0.522722313	0.484622253	-0.034107284	-1.007607225	-3.123378218	-0.036177991	0.138790493	-0.106779865	-0.042089670	-0.032650939	0.021548064
2.944000000	-0.028874148	0.522860949	0.484515589	-0.034149279	-1.007639836	-3.123356720	-0.035915993	0.138516901	-0.106583102	-0.041779833	-0.032570111	0.021382554
2.945000000	-0.028909886	0.522999345	0.484409088	-0.034190848	-1.007672365	-3.123335450	-0.035655143	0.138242135	-0.106385350	-0.041471390	-0.032489096	0.021217837
2.946000000	-0.028945423	0.523137446	0.484302806	-0.034232179	-1.007704814	-3.123314307	-0.035395481	0.137966505	-0.106186841	-0.041164375	-0.032407984	0.021053913
2.947000000	-0.028980701	0.523275270	0.484196723	-0.034273206	-1.007737181	-3.123293327	-0.035136992	0.137689910	-0.105987498	-0.040858774	-0.032326745	0.020890781
2.948000000	-0.029015682	0.523412831	0.484090826	-0.034313880	-1.007769467	-3.123272535	-0.034879665	0.137412277	-0.105787269	-0.040554579	-0.032245358	0.020728441
2.949000000	-0.029050482	0.523550088	0.483985155	-0.034354341	-1.007801673	-3.123251856	-0.034623529	0.137133839	-0.105586326	-0.040251813	-0.032163891	0.020566891
2.950000000	-0.029084934	0.523687097	0.483879654	-0.034394389	-1.007833795	-3.123231399	-0.034368541	0.136854279	-0.105384434	-0.039950439	-0.032082250	0.020406132
2.951000000	-0.029119187	0.523823808	0.483774375	-0.034434203	-1.007865837	-3.123211065	-0.034114739	0.136573892	-0.105181813	-0.039650489	-0.032000521	0.020246162
2.952000000	-0.029153185	0.523960238	0.483669298	-0.034473716	-1.007897796	-3.123190892	-0.033862106	0.136292575	-0.104978385	-0.039351949	-0.031918675	0.020086980
2.953000000	-0.029186896	0.524096398	0.483564413	-0.034512889	-1.007929674	-3.123170900	-0.033610635	0.136010274	-0.104774111	-0.039054812	-0.031836695	0.019928586
2.954000000	-0.029220436	0.524232248	0.483459760	-0.034551861	-1.007961470	-3.123151016	-0.033360351	0.135727213	-0.104569159	-0.038759098	-0.031754647	0.019770979
2.955000000	-0.029253619	0.524367851	0.483355276	-0.034590410	-1.007993183	-3.123131357	-0.033111213	0.135443047	-0.104363270	-0.038464773	-0.031672428	0.019614159
2.956000000	-0.029286625	0.524503146	0.483251022	-0.034628751	-1.008024815	-3.123111809	-0.032863258	0.135158124	-0.104156706	-0.038171867	-0.031590142	0.019458123
2.957000000	-0.029319362	0.524638162	0.483146968	-0.034666773	-1.008056364	-3.123092430	-0.032616465	0.134872274	-0.103949338	-0.037880363	-0.031507737	0.019302872
2.958000000	-0.029351841	0.524772896	0.483043117	-0.034704491	-1.008087830	-3.123073214	-0.032370837	0.134585524	-0.103741189	-0.037590262	-0.031425221	0.019148405
2.959000000	-0.029384134	0.524907324	0.482939495	-0.034741990	-1.008119215	-3.123054114	-0.032126388	0.134298018	-0.103532363	-0.037301575	-0.031342636	0.018994719
2.960000000	-0.029416090	0.525041493	0.482836052	-0.034779090	-1.008150515	-3.123035227	-0.031883083	0.134009476	-0.103322654	-0.037014274	-0.031259900	0.018841817
2.961000000	-0.029447887	0.525175347	0.482732845	-0.034816002	-1.008181734	-3.123016439	-0.031640961	0.133720237	-0.103112315	-0.036728388	-0.031177112	0.018689694
2.962000000	-0.029479381	0.525308931	0.482629830	-0.034852557	-1.008212870	-3.122997842	-0.031399989	0.133430040	-0.102901152	-0.036443892	-0.031094195	0.018538352
2.963000000	-0.029510664	0.525442215	0.482527036	-0.034888863	-1.008243922	-3.122979377	-0.031160186	0.133139061	-0.102689294	-0.036160800	-0.031011199	0.018387787
2.964000000	-0.029541722	0.525575203	0.482424458	-0.034924904	-1.008274892	-3.122961053	-0.030921547	0.132847280	-0.102476728	-0.035879107	-0.030928120	0.018238001
2.965000000	-0.029572497	0.525707913	0.482322079	-0.034960609	-1.008305778	-3.122942908	-0.030684060	0.132554596	-0.102263378	-0.035598803	-0.030844927	0.018088992
2.966000000	-0.029603121	0.525840303	0.482219941	-0.034996138	-1.008336583	-3.122924855	-0.030447749	0.132261258	-0.102049432	-0.035319905	-0.030761691	0.017940756
2.967000000	-0.029633393	0.525972435	0.482117980	-0.035031249	-1.008367302	-3.122907026	-0.030212575	0.131966902	-0.101834616	-0.035042385	-0.030678309	0.017793299
2.968000000	-0.029663517	0.526104246	0.482016262	-0.035066188	-1.008397939	-3.122889287	-0.029978574	0.131671910	-0.101619218	-0.034766268	-0.030594888	0.017646612
2.969000000	-0.029693360	0.526235776	0.481914745	-0.035100794	-1.008428492	-3.122871726	-0.029745721	0.131376041	-0.101403056	-0.034491534	-0.030511361	0.017500699
2.970000000	-0.029722990	0.526367004	0.481813450	-0.035135149	-1.008458961	-3.122854298	-0.029514027	0.131079430	-0.101186231	-0.034218191	-0.030427764	0.017355556
2.971000000	-0.029752406	0.526497929	0.481712378	-0.035169252	-1.008489348	-3.122837003	-0.029283489	0.130782075	-0.100968744	-0.033946238	-0.030344097	0.017211183
2.972000000	-0.029781548	0.526628571	0.481611510	-0.035203031	-1.008519649	-3.122819881	-0.029054097	0.130483878	-0.100750519	-0.033675664	-0.030260333	0.017067581
2.973000000	-0.029810540	0.526758890	0.481510884	-0.035236634	-1.008549869	-3.122802852	-0.028825870	0.130185066	-0.100531729	-0.033406483	-0.030176534	0.016924743
2.974000000	-0.029839199	0.526888941	0.481410446	-0.035269842	-1.008580002	-3.122786033	-0.028598776	0.129885315	-0.100312131	-0.033138671	-0.030092609	0.016782676
2.975000000	-0.029867723	0.527018665	0.481310255	-0.035302894	-1.008610054	-3.122769296	-0.028372846	0.129584990	-0.100091996	-0.032872250	-0.030008661	0.016641370
2.976000000	-0.029895950	0.527148109	0.481210264	-0.035335594	-1.008640020	-3.122752746	-0.028148053	0.129283804	-0.099871112	-0.032607199	-0.029924609	0.016500832
2.977000000	-0.029924000	0.527277238	0.481110507	-0.035368086	-1.008669903	-3.122736306	-0.027924413	0.128981977	-0.099649644	-0.032343530	-0.029840514	0.016361054
2.978000000	-0.029951811	0.527406070	0.481010968	-0.035400295	-1.008699701	-3.122720016	-0.027701915	0.128679405	-0.099427512	-0.032081233	-0.029756346	0.016222038
2.979000000	-0.029979392	0.527534601	0.480911649	-0.035432234	-1.008729415	-3.122703870	-0.027480561	0.128376110	-0.099204735	-0.031820308	-0.029672111	0.016083783
2.980000000	-0.030006789	0.527662818	0.480812563	-0.035463956	-1.008759046	-3.122687838	-0.027260354	0.128072178	-0.098981376	-0.031560758	-0.029587834	0.015946285
2.981000000	-0.030033907	0.527790747	0.480713684	-0.035495349	-1.008788591	-3.122671981	-0.027041278	0.127767448	-0.098757317	-0.031302570	-0.029503468	0.015809547
2.982000000	-0.030060893	0.527918347	0.480615055	-0.035526586	-1.008818054	-3.122656205	-0.026823355	0.127462184	-0.098532753	-0.031045758	-0.029419088	0.015673561
2.983000000	-0.030087553	0.528045671	0.480516618	-0.035557439	-1.008847429	-3.122640634	-0.026606554	0.127156052	-0.098307436	-0.030790300	-0.029334600	0.015538336
2.984000000	-0.030114095	0.528172662	0.480418436	-0.035588154	-1.008876723	-3.122625135	-0.026390902	0.126849421	-0.098081643	-0.030536214	-0.029250105	0.015403859
2.985000000	-0.030140339	0.528299369	0.480320456	-0.035618516	-1.008905929	-3.122609824	-0.026176374	0.126541982	-0.097855141	-0.030283480	-0.029165519	0.015270138
2.986000000	-0.030166432	0.528425751	0.480222721	-0.035648702	-1.008935053	-3.122594605	-0.025962987	0.126233999	-0.097628130	-0.030032111	-0.029080913	0.015137164
2.987000000	-0.030192272	0.528551835	0.480125202	-0.035678589	-1.008964091	-3.122579545	-0.025750726	0.125925297	-0.097400478	-0.029782095	-0.028996239	0.015004942
2.988000000	-0.030217922	0.528677605	0.480027917	-0.035708253	-1.008993046	-3.122564603	-0.025539598	0.125615995	-0.097172275	-0.029533434	-0.028911530	0.014873466
2.989000000	-0.030243361	0.528803065	0.479930860	-0.035737667	-1.009021915	-3.122549792	-0.025329597	0.125306059	-0.096943494	-0.029286125	-0.028826776	0.014742736
2.990000000	-0.030268574	0.528928219	0.479834028	-0.035766816	-1.009050699	-3.122535122	-0.025120720	0.124995470	-0.096714123	-0.029040165	-0.028741970	0.014612752
2.991000000	-0.030293614	0.529053053	0.479737435	-0.035795762	-1.009079399	-3.122520559	-0.024912972	0.124684325	-0.096484235	-0.028795554	-0.028657141	0.014483510
2.992000000	-0.030318395	0.529177589	0.479641058	-0.035824402	-1.009108013	-3.122506158	-0.024706340	0.124372482	-0.096253723	-0.028552285	-0.028572248	0.014355012
2.993000000	-0.030343040	0.529301795	0.479544931	-0.035852882	-1.009136544	-3.122491840	-0.024500837	0.124060156	-0.096022749	-0.028310363	-0.028487349	0.014227249
2.994000000	-0.030367395	0.529425710	0.479449012	-0.035881020	-1.009164988	-3.122477705	-0.024296443	0.123747090	-0.095791120	-0.028069775	-0.028402375	0.014100231
2.995000000	-0.030391647	0.529549285	0.479353353	-0.035909039	-1.009193350	-3.122463631	-0.024093178	0.123433609	-0.095559080	-0.027830532	-0.028317414	0.013973944
2.996000000	-0.030415581	0.529672577	0.479257894	-0.035936681	-1.009221622	-3.122449757	-0.023891015	0.123119354	-0.095326360	-0.027592617	-0.028232366	0.013848399
2.997000000	-0.030439421	0.529795527	0.479162697	-0.035964214	-1.009249814	-3.122435939	-0.023689977	0.122804706	-0.095093248	-0.027356041	-0.028147337	0.013723582
2.998000000	-0.030462963	0.529918186	0.479067708	-0.035991395	-1.009277917	-3.122422309	-0.023490040	0.122489331	-0.094859490	-0.027120790	-0.028062234	0.013599503
2.999000000	-0.030486391	0.530040508	0.478972975	-0.036018443	-1.009305938	-3.122408747	-0.023291221	0.122173542	-0.094625324	-0.026886871	-0.027977142	0.013476149
3.000000000	-0.030509548	0.530162532	0.478878458	-0.036045172	-1.009333872	-3.122395355	-0.023093501	0.121857081	-0.094390556	-0.026654273	-0.027891991	0.013353529
3.001000000	-0.030532570	0.530284224	0.478784192	-0.036071743	-1.009361722	-3.122382045	-0.022896894	0.121540182	-0.094155362	-0.026423002	-0.027806844	0.013231632
3.002000000	-0.030555345	0.530405612	0.478690148	-0.036098022	-1.009389485	-3.122368889	-0.022701384	0.121222662	-0.093919604	-0.026193048	-0.027721651	0.013110464
3.003000000	-0.030577967	0.530526672	0.478596351	-0.036124122	-1.009417165	-3.122355828	-0.022506980	0.120904683	-0.093683406	-0.025964413	-0.027636456	0.012990018
3.004000000	-0.030600362	0.530647421	0.478502782	-0.036149955	-1.009444759	-3.122342907	-0.022313671	0.120586130	-0.093446680	-0.025737091	-0.027551227	0.012870296
3.005000000	-0.030622590	0.530767845	0.478409456	-0.036175591	-1.009472268	-3.122330090	-0.022121462	0.120267104	-0.093209503	-0.025511082	-0.027465990	0.012751293
3.006000000	-0.030644609	0.530887954	0.478316363	-0.036200981	-1.009499691	-3.122317402	-0.021930345	0.119947544	-0.092971829	-0.025286382	-0.027380730	0.012633010
3.007000000	-0.030666448	0.531007741	0.478223512	-0.036226160	-1.009527029	-3.122304826	-0.021740323	0.119627502	-0.092733697	-0.025062989	-0.027295460	0.012515444
3.008000000	-0.030688092	0.531127209	0.478130897	-0.036251111	-1.009554282	-3.122292369	-0.021551390	0.119306961	-0.092495096	-0.024840899	-0.027210174	0.012398593
3.009000000	-0.030709548	0.531246356	0.478038521	-0.036275839	-1.009581449	-3.122280030	-0.021363545	0.118985935	-0.092256035	-0.024620109	-0.027124877	0.012282456
3.010000000	-0.030730822	0.531365180	0.477946385	-0.036300354	-1.009608532	-3.122267803	-0.021176787	0.118664439	-0.092016527	-0.024400618	-0.027039571	0.012167031
3.011000000	-0.030751901	0.531483685	0.477854487	-0.036324639	-1.009635528	-3.122255697	-0.020991111	0.118342458	-0.091776561	-0.024182422	-0.026954253	0.012052317
3.012000000	-0.030772806	0.531601865	0.477762832	-0.036348721	-1.009662440	-3.122243697	-0.020806518	0.118020033	-0.091536167	-0.023965518	-0.026868933	0.011938309
3.013000000	-0.030793513	0.531719725	0.477671415	-0.036372569	-1.009689266	-3.122231820	-0.020623002	0.117697129	-0.091295320	-0.023749903	-0.026783601	0.011825010
3.014000000	-0.030814053	0.531837259	0.477580242	-0.036396222	-1.009716008	-3.122220046	-0.020440565	0.117373801	-0.091054062	-0.023535575	-0.026698272	0.011712414
3.015000000	-0.030834394	0.531954473	0.477489306	-0.036419641	-1.009742663	-3.122208396	-0.020259200	0.117050003	-0.090812358	-0.023322530	-0.026612934	0.011600522
3.016000000	-0.030854572	0.532071359	0.477398617	-0.036442868	-1.009769234	-3.122196845	-0.020078908	0.116725799	-0.090570255	-0.023110765	-0.026527601	0.011489330
3.017000000	-0.030874553	0.532187925	0.477308166	-0.036465863	-1.009795718	-3.122185417	-0.019899685	0.116401138	-0.090327718	-0.022900277	-0.026442261	0.011378838
3.018000000	-0.030894371	0.532304162	0.477217961	-0.036488668	-1.009822118	-3.122174088	-0.019721530	0.116076082	-0.090084792	-0.022691064	-0.026356930	0.011269043
3.019000000	-0.030913997	0.532420077	0.477127996	-0.036511247	-1.009848432	-3.122162878	-0.019544439	0.115750589	-0.089841446	-0.022483122	-0.026271597	0.011159944
3.020000000	-0.030933459	0.532535664	0.477038278	-0.036533632	-1.009874661	-3.122151769	-0.019368410	0.115424707	-0.089597717	-0.022276448	-0.026186273	0.011051537
3.021000000	-0.030952736	0.532650926	0.476948801	-0.036555802	-1.009900805	-3.122140773	-0.019193441	0.115098411	-0.089353586	-0.022071039	-0.026100951	0.010943823
3.022000000	-0.030971844	0.532765861	0.476859570	-0.036577772	-1.009926863	-3.122129882	-0.019019529	0.114771728	-0.089109074	-0.021866891	-0.026015639	0.010836798
3.023000000	-0.030990778	0.532880469	0.476770584	-0.036599539	-1.009952836	-3.122119098	-0.018846671	0.114444659	-0.088864182	-0.021664003	-0.025930336	0.010730461
3.024000000	-0.031009535	0.532994751	0.476681841	-0.036621097	-1.009978724	-3.122108423	-0.018674866	0.114117202	-0.088618908	-0.021462369	-0.025845041	0.010624811
3.025000000	-0.031028132	0.533108703	0.476593347	-0.036642469	-1.010004527	-3.122097846	-0.018504110	0.113789390	-0.088373278	-0.021261988	-0.025759763	0.010519843
3.026000000	-0.031046540	0.533222331	0.476505094	-0.036663618	-1.010030243	-3.122087385	-0.018334400	0.113461182	-0.088127262	-0.021062856	-0.025674491	0.010415558
3.027000000	-0.031064806	0.533335624	0.476417093	-0.036684601	-1.010055876	-3.122077011	-0.018165737	0.113132656	-0.087880918	-0.020864969	-0.025589244	0.010311952
3.028000000	-0.031082869	0.533448597	0.476329331	-0.036705345	-1.010081422	-3.122066763	-0.017998112	0.112803723	-0.087634180	-0.020668325	-0.025503998	0.010209026
3.029000000	-0.031100809	0.533561231	0.476241826	-0.036725946	-1.010106884	-3.122056589	-0.017831529	0.112474512	-0.087387145	-0.020472920	-0.025418788	0.010106772
3.030000000	-0.031118529	0.533673546	0.476154556	-0.036746288	-1.010132259	-3.122046551	-0.017665980	0.112144880	-0.087139705	-0.020278751	-0.025333575	0.010005198
3.031000000	-0.031136150	0.533785519	0.476067549	-0.036766514	-1.010157552	-3.122036573	-0.017501468	0.111815014	-0.086892003	-0.020085813	-0.025248408	0.009904289
3.032000000	-0.031153531	0.533897177	0.475980772	-0.036786457	-1.010182756	-3.122026743	-0.017337983	0.111484707	-0.086643882	-0.019894106	-0.025163232	0.009804057
3.033000000	-0.031170837	0.534008486	0.475894263	-0.036806315	-1.010207879	-3.122016958	-0.017175530	0.111154213	-0.086395535	-0.019703623	-0.025078113	0.009704485
3.034000000	-0.031187881	0.534119485	0.475807980	-0.036825864	-1.010232912	-3.122007335	-0.017014098	0.110823256	-0.086146753	-0.019514364	-0.024992980	0.009605589
3.035000000	-0.031204871	0.534230132	0.475721971	-0.036845350	-1.010257866	-3.121997743	-0.016853693	0.110492153	-0.085897776	-0.019326322	-0.024907912	0.009507345
3.036000000	-0.031221589	0.534340469	0.475636185	-0.036864517	-1.010282728	-3.121988320	-0.016694304	0.110160582	-0.085648360	-0.019139498	-0.024822829	0.009409775
3.037000000	-0.031238246	0.534450456	0.475550671	-0.036883614	-1.010307511	-3.121978932	-0.016535935	0.109828864	-0.085398750	-0.018953883	-0.024737810	0.009312855
3.038000000	-0.031254664	0.534560127	0.475465388	-0.036902429	-1.010332204	-3.121969692	-0.016378578	0.109496738	-0.085148748	-0.018769479	-0.024652790	0.009216600
3.039000000	-0.031270991	0.534669452	0.475380370	-0.036921138	-1.010356816	-3.121960507	-0.016222235	0.109164429	-0.084898525	-0.018586278	-0.024567825	0.009120995
3.040000000	-0.031287114	0.534778455	0.475295592	-0.036939608	-1.010381340	-3.121951447	-0.016066899	0.108831776	-0.084647958	-0.018404279	-0.024482874	0.009026048
3.041000000	-0.031303114	0.534887118	0.475211072	-0.036957933	-1.010405781	-3.121942461	-0.015912569	0.108498900	-0.084397141	-0.018223478	-0.024397967	0.008931749
3.042000000	-0.031318948	0.534995451	0.475126800	-0.036976065	-1.010430136	-3.121933578	-0.015759242	0.108165748	-0.084146032	-0.018043871	-0.024313090	0.008838100
3.043000000	-0.031334623	0.535103452	0.475042778	-0.036994010	-1.010454406	-3.121924791	-0.015606914	0.107832331	-0.083894642	-0.017865455	-0.024228247	0.008745099
3.044000000	-0.031350174	0.535211114	0.474959013	-0.037011811	-1.010478593	-3.121916079	-0.015455585	0.107498706	-0.083643014	-0.017688226	-0.024143450	0.008652741
3.045000000	-0.031365528	0.535318450	0.474875490	-0.037029380	-1.010502693	-3.121907489	-0.015305248	0.107164772	-0.083391070	-0.017512181	-0.024058673	0.008561030
3.046000000	-0.031380802	0.535425440	0.474792235	-0.037046856	-1.010526712	-3.121898946	-0.015155904	0.106830704	-0.083138944	-0.017337313	-0.023973962	0.008469952
3.047000000	-0.031395838	0.535532112	0.474709212	-0.037064052	-1.010550641	-3.121890551	-0.015007547	0.106496276	-0.082886466	-0.017163626	-0.023889257	0.008379523
3.048000000	-0.031410824	0.535638432	0.474626463	-0.037081190	-1.010574491	-3.121882183	-0.014860176	0.106161767	-0.082633847	-0.016991107	-0.023804630	0.008289719
3.049000000	-0.031425560	0.535744435	0.474543944	-0.037098036	-1.010598250	-3.121873970	-0.014713786	0.105826894	-0.082380872	-0.016819761	-0.023720009	0.008200561
3.050000000	-0.031440231	0.535850090	0.474461696	-0.037114806	-1.010621930	-3.121865795	-0.014568377	0.105491925	-0.082127746	-0.016649576	-0.023635460	0.008112027
3.051000000	-0.031454704	0.535955418	0.474379690	-0.037131344	-1.010645522	-3.121857741	-0.014423943	0.105156677	-0.081874329	-0.016480556	-0.023550937	0.008024127
3.052000000	-0.031469063	0.536060406	0.474297944	-0.037147749	-1.010669031	-3.121849757	-0.014280482	0.104821272	-0.081620716	-0.016312691	-0.023466471	0.007936853
3.053000000	-0.031483279	0.536165059	0.474216452	-0.037163985	-1.010692455	-3.121841859	-0.014137992	0.104485675	-0.081366879	-0.016145981	-0.023382051	0.007850204
3.054000000	-0.031497329	0.536269379	0.474135208	-0.037180028	-1.010715794	-3.121834063	-0.013996468	0.104149859	-0.081112799	-0.015980422	-0.023297672	0.007764181
3.055000000	-0.031511292	0.536373355	0.474054230	-0.037195971	-1.010739052	-3.121826318	-0.013855909	0.103813939	-0.080858563	-0.015816006	-0.023213362	0.007678773
3.056000000	-0.031525036	0.536477008	0.473973490	-0.037211655	-1.010762221	-3.121818708	-0.013716310	0.103477734	-0.080604034	-0.015652738	-0.023129074	0.007593993
3.057000000	-0.031538733	0.536580310	0.473893023	-0.037227286	-1.010785311	-3.121811124	-0.013577670	0.103141490	-0.080349400	-0.015490602	-0.023044870	0.007509819
3.058000000	-0.031552194	0.536683291	0.473812792	-0.037242640	-1.010808311	-3.121803687	-0.013439983	0.102804949	-0.080094463	-0.015329608	-0.022960686	0.007426271
3.059000000	-0.031565589	0.536785924	0.473732829	-0.037257917	-1.010831231	-3.121796287	-0.013303248	0.102468351	-0.079839407	-0.015169740	-0.022876579	0.007343327
3.060000000	-0.031578812	0.536888226	0.473653115	-0.037272992	-1.010854065	-3.121788993	-0.013167462	0.102131553	-0.079584125	-0.015011002	-0.022792516	0.007260997
3.061000000	-0.031591908	0.536990190	0.473573658	-0.037287919	-1.010876815	-3.121781776	-0.013032621	0.101794623	-0.079328668	-0.014853387	-0.022708511	0.007179274
3.062000000	-0.031604898	0.537091812	0.473494462	-0.037302724	-1.010899483	-3.121774621	-0.012898722	0.101457595	-0.079073062	-0.014696889	-0.022624573	0.007098153
3.063000000	-0.031617697	0.537193106	0.473415510	-0.037317303	-1.010922064	-3.121767585	-0.012765761	0.101120357	-0.078817221	-0.014541511	-0.022540674	0.007017642
3.064000000	-0.031630451	0.537294050	0.473336831	-0.037331833	-1.010944566	-3.121760572	-0.012633737	0.100783111	-0.078561303	-0.014387238	-0.022456864	0.006937721
3.065000000	-0.031642966	0.537394672	0.473258387	-0.037346080	-1.010966977	-3.121753708	-0.012502645	0.100445600	-0.078305108	-0.014234081	-0.022373078	0.006858412
3.066000000	-0.031655428	0.537494946	0.473180215	-0.037360267	-1.010989310	-3.121746874	-0.012372482	0.100108080	-0.078048834	-0.014082022	-0.022289380	0.006779691
3.067000000	-0.031667724	0.537594887	0.473102292	-0.037374259	-1.011011557	-3.121740140	-0.012243245	0.099770403	-0.077792367	-0.013931065	-0.022205732	0.006701568
3.068000000	-0.031679896	0.537694489	0.473024627	-0.037388107	-1.011033721	-3.121733482	-0.012114930	0.099432629	-0.077535756	-0.013781204	-0.022122148	0.006624036
3.069000000	-0.031691979	0.537793748	0.472947225	-0.037401851	-1.011055803	-3.121726876	-0.011987535	0.099094812	-0.077279039	-0.013632432	-0.022038643	0.006547089
3.070000000	-0.031703864	0.537892680	0.472870067	-0.037415363	-1.011077797	-3.121720393	-0.011861057	0.098756808	-0.077022109	-0.013484753	-0.021955179	0.006470738
3.071000000	-0.031715706	0.537991262	0.472793182	-0.037428827	-1.011099714	-3.121713932	-0.011735491	0.098418830	-0.076765128	-0.013338152	-0.021871810	0.006394962
3.072000000	-0.031727341	0.538089517	0.472716538	-0.037442047	-1.011121541	-3.121707599	-0.011610836	0.098080664	-0.076507931	-0.013192637	-0.021788481	0.006319778
3.073000000	-0.031738900	0.538187427	0.472640160	-0.037455179	-1.011143289	-3.121701310	-0.011487086	0.097742489	-0.076250658	-0.013048195	-0.021705236	0.006245169
3.074000000	-0.031750335	0.538284999	0.472564040	-0.037468167	-1.011164953	-3.121695096	-0.011364239	0.097404244	-0.075993263	-0.012904824	-0.021622061	0.006171138
3.075000000	-0.031761614	0.538382238	0.472488171	-0.037480972	-1.011186532	-3.121688977	-0.011242293	0.097065893	-0.075735717	-0.012762524	-0.021538945	0.006097687
3.076000000	-0.031772853	0.538479127	0.472412575	-0.037493731	-1.011208034	-3.121682880	-0.011121241	0.096727591	-0.075478138	-0.012621281	-0.021455926	0.006024800
3.077000000	-0.031783858	0.538575693	0.472337215	-0.037506216	-1.011229444	-3.121676926	-0.011001085	0.096389092	-0.075220340	-0.012481107	-0.021372945	0.005952497
3.078000000	-0.031794819	0.538671910	0.472262127	-0.037518651	-1.011250777	-3.121670997	-0.010881817	0.096050646	-0.074962515	-0.012341982	-0.021290060	0.005880754
3.079000000	-0.031805639	0.538767792	0.472187293	-0.037530921	-1.011272026	-3.121665154	-0.010763436	0.095712130	-0.074704568	-0.012203911	-0.021207243	0.005809580
3.080000000	-0.031816327	0.538863337	0.472112714	-0.037543036	-1.011293190	-3.121659390	-0.010645938	0.095373563	-0.074446514	-0.012066888	-0.021124497	0.005738972
3.081000000	-0.031826967	0.538958535	0.472038406	-0.037555098	-1.011314277	-3.121653653	-0.010529318	0.095035054	-0.074188438	-0.011930904	-0.021041848	0.005668917
3.082000000	-0.031837384	0.539053408	0.471964337	-0.037566897	-1.011335274	-3.121648053	-0.010413577	0.094696388	-0.073930174	-0.011795967	-0.020959244	0.005599435
3.083000000	-0.031847763	0.539147932	0.471890540	-0.037578652	-1.011356194	-3.121642474	-0.010298707	0.094357801	-0.073671904	-0.011662059	-0.020876741	0.005530500
3.084000000	-0.031858000	0.539242121	0.471816996	-0.037590242	-1.011377029	-3.121636980	-0.010184707	0.094019167	-0.073413531	-0.011529184	-0.020794309	0.005462123
3.085000000	-0.031868112	0.539335973	0.471743709	-0.037601686	-1.011397781	-3.121631563	-0.010071574	0.093680512	-0.073155076	-0.011397337	-0.020711954	0.005394300
3.086000000	-0.031878183	0.539429478	0.471670693	-0.037613083	-1.011418455	-3.121626167	-0.009959301	0.093341945	-0.072896624	-0.011266507	-0.020629701	0.005327019
3.087000000	-0.031888030	0.539522657	0.471597916	-0.037624219	-1.011439040	-3.121620909	-0.009847891	0.093003244	-0.072638003	-0.011136704	-0.020547496	0.005260298
3.088000000	-0.031897841	0.539615489	0.471525410	-0.037635312	-1.011459548	-3.121615670	-0.009737334	0.092664644	-0.072379394	-0.011007910	-0.020465395	0.005194114
3.089000000	-0.031907527	0.539707984	0.471453161	-0.037646261	-1.011479973	-3.121610507	-0.009627630	0.092326041	-0.072120719	-0.010880127	-0.020383374	0.005128474
3.090000000	-0.031917077	0.539800144	0.471381165	-0.037657050	-1.011500313	-3.121605425	-0.009518775	0.091987426	-0.071861970	-0.010753353	-0.020301430	0.005063378
3.091000000	-0.031926591	0.539891956	0.471309441	-0.037667799	-1.011520577	-3.121600363	-0.009410764	0.091648924	-0.071603245	-0.010627574	-0.020219592	0.004998812
3.092000000	-0.031935903	0.539983441	0.471237959	-0.037678311	-1.011540753	-3.121595425	-0.009303598	0.091310339	-0.071344391	-0.010502801	-0.020137812	0.004934792
3.093000000	-0.031945160	0.540074581	0.471166746	-0.037688760	-1.011560850	-3.121590517	-0.009197268	0.090971853	-0.071085550	-0.010379017	-0.020056134	0.004871300
3.094000000	-0.031954328	0.540165381	0.471095793	-0.037699105	-1.011580867	-3.121585663	-0.009091773	0.090633428	-0.070826694	-0.010256221	-0.019974549	0.004808337
3.095000000	-0.031963332	0.540255850	0.471025090	-0.037709258	-1.011600799	-3.121580909	-0.008987112	0.090294979	-0.070567755	-0.010134415	-0.019893036	0.004745909
3.096000000	-0.031972300	0.540345972	0.470954657	-0.037719371	-1.011620653	-3.121576172	-0.008883276	0.089956664	-0.070308858	-0.010013584	-0.019811632	0.004684000
3.097000000	-0.031981113	0.540435762	0.470884475	-0.037729302	-1.011640423	-3.121571531	-0.008780267	0.089618344	-0.070049895	-0.009893734	-0.019730303	0.004622620
3.098000000	-0.031989832	0.540525212	0.470814552	-0.037739124	-1.011660112	-3.121566946	-0.008678078	0.089280097	-0.069790926	-0.009774855	-0.019649067	0.004561761
3.099000000	-0.031998514	0.540614317	0.470744900	-0.037748905	-1.011679724	-3.121562380	-0.008576704	0.088941994	-0.069532007	-0.009656939	-0.019567942	0.004501413
3.100000000	-0.032006985	0.540703096	0.470675488	-0.037758438	-1.011699248	-3.121557943	-0.008476149	0.088603833	-0.069272982	-0.009539997	-0.019486879	0.004441595
3.101000000	-0.032015423	0.540791530	0.470606347	-0.037767934	-1.011718695	-3.121553524	-0.008376402	0.088265830	-0.069014018	-0.009424008	-0.019405928	0.004382284
3.102000000	-0.032023768	0.540879625	0.470537465	-0.037777322	-1.011738062	-3.121549159	-0.008277461	0.087927917	-0.068755063	-0.009308973	-0.019325074	0.004323483
3.103000000	-0.032031963	0.540967388	0.470468834	-0.037786534	-1.011757344	-3.121544886	-0.008179326	0.087590031	-0.068496068	-0.009194895	-0.019244300	0.004265198
3.104000000	-0.032040125	0.541054806	0.470400472	-0.037795709	-1.011776551	-3.121540630	-0.008081989	0.087252314	-0.068237145	-0.009081758	-0.019163639	0.004207412
3.105000000	-0.032048144	0.541141891	0.470332362	-0.037804718	-1.011795673	-3.121536460	-0.007985449	0.086914642	-0.067978196	-0.008969567	-0.019083064	0.004150136
3.106000000	-0.032056067	0.541228638	0.470264511	-0.037813614	-1.011814714	-3.121532348	-0.007889703	0.086577072	-0.067719266	-0.008858315	-0.019002585	0.004093363
3.107000000	-0.032063957	0.541315042	0.470196929	-0.037822474	-1.011833681	-3.121528252	-0.007794743	0.086239683	-0.067460418	-0.008747990	-0.018922222	0.004037082
3.108000000	-0.032071662	0.541401117	0.470129591	-0.037831117	-1.011852559	-3.121524270	-0.007700573	0.085902302	-0.067201517	-0.008638604	-0.018841933	0.003981309
3.109000000	-0.032079316	0.541486851	0.470062519	-0.037839701	-1.011871361	-3.121520317	-0.007607183	0.085565089	-0.066942687	-0.008530140	-0.018761755	0.003926026
3.110000000	-0.032086919	0.541572243	0.469995712	-0.037848227	-1.011890086	-3.121516391	-0.007514569	0.085228046	-0.066683931	-0.008422592	-0.018681690	0.003871231
3.111000000	-0.032094340	0.541657308	0.469929150	-0.037856540	-1.011908724	-3.121512577	-0.007422736	0.084891029	-0.066425137	-0.008315970	-0.018601701	0.003816937
3.112000000	-0.032101730	0.541742029	0.469862856	-0.037864819	-1.011927287	-3.121508779	-0.007331670	0.084554215	-0.066166443	-0.008210254	-0.018521831	0.003763123
3.113000000	-0.032109037	0.541826413	0.469796822	-0.037873001	-1.011945771	-3.121505030	-0.007241373	0.084217544	-0.065907802	-0.008105446	-0.018442065	0.003709794
3.114000000	-0.032116198	0.541910466	0.469731038	-0.037881012	-1.011964170	-3.121501369	-0.007151842	0.083880955	-0.065649167	-0.008001548	-0.018362389	0.003656954
3.115000000	-0.032123329	0.541994176	0.469665522	-0.037888991	-1.011982495	-3.121497723	-0.007063069	0.083544580	-0.065390642	-0.007898542	-0.018282832	0.003604588
3.116000000	-0.032130350	0.542077553	0.469600261	-0.037896840	-1.012000738	-3.121494144	-0.006975055	0.083208331	-0.065132158	-0.007796435	-0.018203374	0.003552703
3.117000000	-0.032137255	0.542160595	0.469535254	-0.037904555	-1.012018899	-3.121490633	-0.006887796	0.082872209	-0.064873716	-0.007695221	-0.018124014	0.003501297
3.118000000	-0.032144132	0.542243297	0.469470514	-0.037912238	-1.012036987	-3.121487137	-0.006801283	0.082536313	-0.064615394	-0.007594888	-0.018044776	0.003450357
3.119000000	-0.032150877	0.542325666	0.469406026	-0.037919768	-1.012054991	-3.121483720	-0.006715520	0.082200534	-0.064357106	-0.007495442	-0.017965634	0.003399893
3.120000000	-0.032157532	0.542407701	0.469341795	-0.037927192	-1.012072915	-3.121480357	-0.006630499	0.081864920	-0.064098892	-0.007396875	-0.017886598	0.003349899
3.121000000	-0.032164159	0.542489395	0.469277831	-0.037934585	-1.012090766	-3.121477007	-0.006546215	0.081529544	-0.063840807	-0.007299175	-0.017807684	0.003300364
3.122000000	-0.032170639	0.542570759	0.469214115	-0.037941807	-1.012108532	-3.121473747	-0.006462670	0.081194282	-0.063582756	-0.007202351	-0.017728864	0.003251300
3.123000000	-0.032177047	0.542651787	0.469150660	-0.037948946	-1.012126220	-3.121470528	-0.006379857	0.080859216	-0.063324803	-0.007106391	-0.017650157	0.003202696
3.124000000	-0.032183428	0.542732475	0.469087470	-0.037956055	-1.012143835	-3.121467323	-0.006297769	0.080524400	-0.063066989	-0.007011286	-0.017571574	0.003154544
3.125000000	-0.032189654	0.542812835	0.469024527	-0.037962982	-1.012161364	-3.121464212	-0.006216409	0.080189701	-0.062809213	-0.006917045	-0.017493084	0.003106858
3.126000000	-0.032195819	0.542892858	0.468961845	-0.037969840	-1.012178817	-3.121461135	-0.006135770	0.079855223	-0.062551555	-0.006823653	-0.017414711	0.003059623
3.127000000	-0.032201959	0.542972543	0.468899428	-0.037976669	-1.012196197	-3.121458072	-0.006055846	0.079521006	-0.062294046	-0.006731104	-0.017336463	0.003012833
3.128000000	-0.032207941	0.543051900	0.468837258	-0.037983314	-1.012213491	-3.121455103	-0.005976640	0.079186917	-0.062036583	-0.006639406	-0.017258310	0.002966502
3.129000000	-0.032213869	0.543130920	0.468775349	-0.037989896	-1.012230710	-3.121452166	-0.005898143	0.078853066	-0.061779253	-0.006548545	-0.017180277	0.002920614
3.130000000	-0.032219771	0.543209604	0.468713704	-0.037996451	-1.012247855	-3.121449241	-0.005820349	0.078519488	-0.061522083	-0.006458513	-0.017102371	0.002875165
3.131000000	-0.032225520	0.543287959	0.468652306	-0.038002826	-1.012264915	-3.121446409	-0.005743264	0.078186054	-0.061264972	-0.006369319	-0.017024562	0.002830167
3.132000000	-0.032231214	0.543365979	0.468591168	-0.038009138	-1.012281900	-3.121443608	-0.005666877	0.077852869	-0.061008004	-0.006280949	-0.016946873	0.002785606
3.133000000	-0.032236883	0.543443663	0.468530294	-0.038015423	-1.012298812	-3.121440819	-0.005591182	0.077519968	-0.060751205	-0.006193395	-0.016869314	0.002741475
3.134000000	-0.032242410	0.543521018	0.468469667	-0.038021541	-1.012315640	-3.121438117	-0.005516184	0.077187234	-0.060494484	-0.006106665	-0.016791855	0.002697788
3.135000000	-0.032247875	0.543598040	0.468409299	-0.038027588	-1.012332392	-3.121435449	-0.005441875	0.076854755	-0.060237910	-0.006020748	-0.016714517	0.002654532
3.136000000	-0.032253316	0.543674727	0.468349194	-0.038033608	-1.012349071	-3.121432794	-0.005368247	0.076522570	-0.059981515	-0.005935633	-0.016637309	0.002611699
3.137000000	-0.032258630	0.543751084	0.468289339	-0.038039481	-1.012365668	-3.121430214	-0.005295304	0.076190581	-0.059725222	-0.005851329	-0.016560208	0.002569301
3.138000000	-0.032263869	0.543827110	0.468229739	-0.038045268	-1.012382188	-3.121427678	-0.005223039	0.075858845	-0.059469075	-0.005767825	-0.016483225	0.002527328
3.139000000	-0.032269086	0.543902802	0.468170402	-0.038051029	-1.012398636	-3.121425153	-0.005151446	0.075527415	-0.059213117	-0.005685110	-0.016406374	0.002485771
3.140000000	-0.032274198	0.543978164	0.468111316	-0.038056669	-1.012415003	-3.121422690	-0.005080525	0.075196214	-0.058957287	-0.005603192	-0.016329637	0.002444640
3.141000000	-0.032279218	0.544053196	0.468052483	-0.038062200	-1.012431292	-3.121420282	-0.005010273	0.074865259	-0.058701600	-0.005522062	-0.016253015	0.002403928
3.142000000	-0.032284215	0.544127895	0.467993912	-0.038067708	-1.012447509	-3.121417885	-0.004940681	0.074534622	-0.058446111	-0.005441710	-0.016176526	0.002363627
3.143000000	-0.032289135	0.544202263	0.467935595	-0.038073126	-1.012463649	-3.121415533	-0.004871750	0.074204254	-0.058190783	-0.005362137	-0.016100158	0.002323740
3.144000000	-0.032293938	0.544276305	0.467877527	-0.038078408	-1.012479708	-3.121413250	-0.004803478	0.073874118	-0.057935587	-0.005283344	-0.016023902	0.002284270
3.145000000	-0.032298720	0.544350013	0.467819721	-0.038083666	-1.012495695	-3.121410978	-0.004735855	0.073544311	-0.057680599	-0.005205315	-0.015947780	0.002245202
3.146000000	-0.032303459	0.544423391	0.467762172	-0.038088877	-1.012511608	-3.121408729	-0.004668881	0.073214817	-0.057425808	-0.005128049	-0.015871788	0.002206538
3.147000000	-0.032308050	0.544496444	0.467704868	-0.038093914	-1.012527438	-3.121406570	-0.004602556	0.072885538	-0.057171136	-0.005051553	-0.015795903	0.002168287
3.148000000	-0.032312620	0.544569165	0.467647824	-0.038098928	-1.012543196	-3.121404420	-0.004536871	0.072556599	-0.056916682	-0.004975808	-0.015720153	0.002130432
3.149000000	-0.032317169	0.544641555	0.467591040	-0.038103919	-1.012558882	-3.121402280	-0.004471822	0.072228004	-0.056662449	-0.004900811	-0.015644539	0.002092970
3.150000000	-0.032321571	0.544713621	0.467534500	-0.038108739	-1.012574485	-3.121400229	-0.004407412	0.071899637	-0.056408346	-0.004826572	-0.015569034	0.002055915
3.151000000	-0.032325934	0.544785357	0.467478217	-0.038113514	-1.012590016	-3.121398200	-0.004343632	0.071571603	-0.056154457	-0.004753074	-0.015493661	0.002019251
3.152000000	-0.032330277	0.544856763	0.467422193	-0.038118267	-1.012605474	-3.121396179	-0.004280476	0.071243924	-0.055900799	-0.004680310	-0.015418425	0.001982974
3.153000000	-0.032334522	0.544927844	0.467366419	-0.038122905	-1.012620855	-3.121394217	-0.004217946	0.070916530	-0.055647317	-0.004608285	-0.015343309	0.001947090
3.154000000	-0.032338682	0.544998598	0.467310895	-0.038127446	-1.012636158	-3.121392305	-0.004156039	0.070589438	-0.055394024	-0.004536994	-0.015268318	0.001911596
3.155000000	-0.032342823	0.545069023	0.467255629	-0.038131966	-1.012651391	-3.121390401	-0.004094745	0.070262712	-0.055140972	-0.004466424	-0.015193465	0.001876482
3.156000000	-0.032346919	0.545139121	0.467200618	-0.038136436	-1.012666550	-3.121388522	-0.004034063	0.069936332	-0.054888145	-0.004396575	-0.015118745	0.001841749
3.157000000	-0.032350881	0.545208897	0.467145851	-0.038140748	-1.012681627	-3.121386724	-0.003973996	0.069610218	-0.054635480	-0.004327453	-0.015044140	0.001807404
3.158000000	-0.032354824	0.545278344	0.467091342	-0.038145039	-1.012696634	-3.121384934	-0.003914532	0.069284481	-0.054383065	-0.004259040	-0.014969675	0.001773431
3.159000000	-0.032358748	0.545347464	0.467037089	-0.038149311	-1.012711570	-3.121383153	-0.003855667	0.068959124	-0.054130902	-0.004191331	-0.014895349	0.001739830
3.160000000	-0.032362550	0.545416262	0.466983082	-0.038153440	-1.012726426	-3.121381445	-0.003797406	0.068634056	-0.053878921	-0.004124335	-0.014821143	0.001706609
3.161000000	-0.032366299	0.545484735	0.466929326	-0.038157508	-1.012741209	-3.121379767	-0.003739739	0.068309345	-0.053627174	-0.004058040	-0.014747070	0.001673758
3.162000000	-0.032370031	0.545552881	0.466875827	-0.038161557	-1.012755921	-3.121378097	-0.003682661	0.067985024	-0.053375689	-0.003992436	-0.014673138	0.001641270
3.163000000	-0.032373708	0.545620703	0.466822580	-0.038165544	-1.012770559	-3.121376457	-0.003626172	0.067661065	-0.053124442	-0.003927525	-0.014599340	0.001609148
3.164000000	-0.032377268	0.545688204	0.466769576	-0.038169394	-1.012785118	-3.121374888	-0.003570271	0.067337415	-0.052873394	-0.003863309	-0.014525664	0.001577397
3.165000000	-0.032380810	0.545755380	0.466716828	-0.038173226	-1.012799607	-3.121373326	-0.003514948	0.067014166	-0.052622617	-0.003799772	-0.014452130	0.001546003
3.166000000	-0.032384336	0.545822231	0.466664335	-0.038177039	-1.012814026	-3.121371772	-0.003460200	0.066691322	-0.052372114	-0.003736911	-0.014378738	0.001514963
3.167000000	-0.032387747	0.545888762	0.466612086	-0.038180719	-1.012828366	-3.121370286	-0.003406030	0.066368801	-0.052121821	-0.003674732	-0.014305471	0.001484287
3.168000000	-0.032391105	0.545954970	0.466560087	-0.038184338	-1.012842633	-3.121368830	-0.003352430	0.066046660	-0.051871782	-0.003613224	-0.014232340	0.001453965
3.169000000	-0.032394447	0.546020856	0.466508341	-0.038187940	-1.012856830	-3.121367381	-0.003299395	0.065724935	-0.051622027	-0.003552379	-0.014159352	0.001423991
3.170000000	-0.032397756	0.546086419	0.466456848	-0.038191504	-1.012870956	-3.121365950	-0.003246921	0.065403614	-0.051372547	-0.003492194	-0.014086506	0.001394364
3.171000000	-0.032400934	0.546151663	0.466405595	-0.038194916	-1.012885002	-3.121364597	-0.003195013	0.065082616	-0.051123277	-0.003432677	-0.014013782	0.001365094
3.172000000	-0.032404096	0.546216586	0.466354596	-0.038198310	-1.012898979	-3.121363251	-0.003143658	0.064762043	-0.050874300	-0.003373810	-0.013941203	0.001336164
3.173000000	-0.032407242	0.546281187	0.466303849	-0.038201688	-1.012912887	-3.121361912	-0.003092853	0.064441900	-0.050625617	-0.003315589	-0.013868769	0.001307574
3.174000000	-0.032410315	0.546345469	0.466253348	-0.038204980	-1.012926720	-3.121360615	-0.003042599	0.064122140	-0.050377194	-0.003258016	-0.013796470	0.001279326
3.175000000	-0.032413301	0.546409432	0.466203091	-0.038208173	-1.012940477	-3.121359370	-0.002992893	0.063802756	-0.050129025	-0.003201090	-0.013724304	0.001251421
3.176000000	-0.032416272	0.546473076	0.466153087	-0.038211349	-1.012954166	-3.121358130	-0.002943727	0.063483811	-0.049881159	-0.003144797	-0.013652284	0.001223848
3.177000000	-0.032419229	0.546536399	0.466103333	-0.038214510	-1.012967786	-3.121356897	-0.002895097	0.063165310	-0.049633601	-0.003089133	-0.013580410	0.001196604
3.178000000	-0.032422080	0.546599406	0.466053821	-0.038217548	-1.012981329	-3.121355726	-0.002847006	0.062847179	-0.049386293	-0.003034105	-0.013508668	0.001169698
3.179000000	-0.032424880	0.546662095	0.466004556	-0.038220528	-1.012994799	-3.121354584	-0.002799447	0.062529468	-0.049139274	-0.002979703	-0.013437066	0.001143122
3.180000000	-0.032427667	0.546724466	0.465955541	-0.038223493	-1.013008202	-3.121353447	-0.002752413	0.062212210	-0.048892571	-0.002925917	-0.013365612	0.001116869
3.181000000	-0.032430439	0.546786518	0.465906776	-0.038226443	-1.013021536	-3.121352317	-0.002705902	0.061895408	-0.048646187	-0.002872744	-0.013294306	0.001090937
3.182000000	-0.032433085	0.546848256	0.465858249	-0.038229246	-1.013034791	-3.121351262	-0.002659918	0.061578974	-0.048400052	-0.002820193	-0.013223129	0.001065335
3.183000000	-0.032435705	0.546909678	0.465809970	-0.038232020	-1.013047977	-3.121350219	-0.002614449	0.061262994	-0.048154235	-0.002768248	-0.013152099	0.001040052
3.184000000	-0.032438312	0.546970783	0.465761940	-0.038234780	-1.013061095	-3.121349183	-0.002569493	0.060947480	-0.047908745	-0.002716904	-0.013081218	0.001015083
3.185000000	-0.032440903	0.547031572	0.465714158	-0.038237523	-1.013074145	-3.121348153	-0.002525045	0.060632434	-0.047663583	-0.002666156	-0.013010487	0.000990426
3.186000000	-0.032443361	0.547092048	0.465666613	-0.038240112	-1.013087116	-3.121347202	-0.002481111	0.060317766	-0.047418680	-0.002616015	-0.012939884	0.000966092
3.187000000	-0.032445806	0.547152209	0.465619315	-0.038242686	-1.013100019	-3.121346257	-0.002437679	0.060003575	-0.047174113	-0.002566462	-0.012869433	0.000942065
3.188000000	-0.032448239	0.547212055	0.465572265	-0.038245248	-1.013112855	-3.121345317	-0.002394744	0.059689863	-0.046929885	-0.002517493	-0.012799132	0.000918345
3.189000000	-0.032450653	0.547271588	0.465525461	-0.038247788	-1.013125623	-3.121344385	-0.002352305	0.059376630	-0.046685995	-0.002469105	-0.012728980	0.000894928
3.190000000	-0.032452941	0.547330809	0.465478892	-0.038250183	-1.013138313	-3.121343528	-0.002310365	0.059063794	-0.046442380	-0.002421306	-0.012658962	0.000871824
3.191000000	-0.032455217	0.547389717	0.465432570	-0.038252564	-1.013150936	-3.121342676	-0.002268914	0.058751448	-0.046199113	-0.002374079	-0.012589095	0.000849020
3.192000000	-0.032457481	0.547448312	0.465386494	-0.038254933	-1.013163491	-3.121341829	-0.002227946	0.058439596	-0.045956197	-0.002327421	-0.012519380	0.000826512
3.193000000	-0.032459733	0.547506595	0.465340663	-0.038257290	-1.013175980	-3.121340986	-0.002187460	0.058128239	-0.045713633	-0.002281326	-0.012449818	0.000804299
3.194000000	-0.032461856	0.547564569	0.465295067	-0.038259496	-1.013188391	-3.121340220	-0.002147460	0.057817292	-0.045471356	-0.002235805	-0.012380390	0.000782391
3.195000000	-0.032463968	0.547622231	0.465249715	-0.038261691	-1.013200735	-3.121339458	-0.002107935	0.057506849	-0.045229438	-0.002190840	-0.012311115	0.000760773
3.196000000	-0.032466069	0.547679583	0.465204607	-0.038263874	-1.013213013	-3.121338701	-0.002068880	0.057196912	-0.044987882	-0.002146427	-0.012241993	0.000739443
3.197000000	-0.032468158	0.547736624	0.465159744	-0.038266045	-1.013225224	-3.121337947	-0.002030293	0.056887483	-0.044746690	-0.002102562	-0.012173026	0.000718399
3.198000000	-0.032470138	0.547793358	0.465115114	-0.038268090	-1.013237360	-3.121337259	-0.001992178	0.056578494	-0.044505808	-0.002059252	-0.012104197	0.000697649
3.199000000	-0.032472091	0.547849782	0.465070727	-0.038270104	-1.013249428	-3.121336584	-0.001954524	0.056270009	-0.044265288	-0.002016484	-0.012035520	0.000677183
3.200000000	-0.032474034	0.547905898	0.465026582	-0.038272107	-1.013261430	-3.121335912	-0.001917328	0.055962043	-0.044025140	-0.001974252	-0.011966998	0.000656996
3.201000000	-0.032475966	0.547961706	0.464982680	-0.038274099	-1.013273366	-3.121335245	-0.001880587	0.055654599	-0.043785369	-0.001932553	-0.011898631	0.000637087
3.202000000	-0.032477818	0.548017207	0.464939013	-0.038275999	-1.013285229	-3.121334624	-0.001844301	0.055347630	-0.043545936	-0.001891389	-0.011830410	0.000617460
3.203000000	-0.032479618	0.548072402	0.464895585	-0.038277839	-1.013297023	-3.121334033	-0.001808466	0.055041159	-0.043306861	-0.001850755	-0.011762338	0.000598111
3.204000000	-0.032481407	0.548127290	0.464852397	-0.038279668	-1.013308751	-3.121333445	-0.001773075	0.054735220	-0.043068170	-0.001810641	-0.011694422	0.000579033
3.205000000	-0.032483187	0.548181873	0.464809450	-0.038281488	-1.013320414	-3.121332860	-0.001738125	0.054429816	-0.042829866	-0.001771043	-0.011626663	0.000560224
3.206000000	-0.032484926	0.548236150	0.464766741	-0.038283261	-1.013332009	-3.121332298	-0.001703615	0.054124928	-0.042591935	-0.001731961	-0.011559056	0.000541685
3.207000000	-0.032486578	0.548290123	0.464724265	-0.038284932	-1.013343531	-3.121331787	-0.001669545	0.053820527	-0.042354353	-0.001693397	-0.011491595	0.000523419
3.208000000	-0.032488220	0.548343792	0.464682028	-0.038286594	-1.013354988	-3.121331279	-0.001635907	0.053516670	-0.042117167	-0.001655337	-0.011424292	0.000505415
3.209000000	-0.032489853	0.548397157	0.464640030	-0.038288247	-1.013366380	-3.121330774	-0.001602696	0.053213361	-0.041880379	-0.001617779	-0.011357147	0.000487672
3.210000000	-0.032491477	0.548450218	0.464598271	-0.038289890	-1.013377707	-3.121330272	-0.001569909	0.052910602	-0.041643991	-0.001580717	-0.011290161	0.000470188
3.211000000	-0.032493003	0.548502978	0.464556743	-0.038291420	-1.013388961	-3.121329827	-0.001537551	0.052608336	-0.041407959	-0.001544158	-0.011223320	0.000452969
3.212000000	-0.032494503	0.548555436	0.464515451	-0.038292921	-1.013400149	-3.121329396	-0.001505611	0.052306616	-0.041172324	-0.001508091	-0.011156636	0.000436006
3.213000000	-0.032495995	0.548607592	0.464474397	-0.038294413	-1.013411273	-3.121328968	-0.001474087	0.052005456	-0.040937099	-0.001472509	-0.011090111	0.000419296
3.214000000	-0.032497477	0.548659447	0.464433579	-0.038295897	-1.013422332	-3.121328542	-0.001442974	0.051704859	-0.040702285	-0.001437408	-0.011023746	0.000402836
3.215000000	-0.032498923	0.548711001	0.464392995	-0.038297338	-1.013433324	-3.121328135	-0.001412271	0.051404810	-0.040467871	-0.001402789	-0.010957537	0.000386627
3.216000000	-0.032500286	0.548762257	0.464352642	-0.038298684	-1.013444245	-3.121327778	-0.001381979	0.051105281	-0.040233834	-0.001368651	-0.010891478	0.000370671
3.217000000	-0.032501641	0.548813212	0.464312524	-0.038300021	-1.013455103	-3.121327423	-0.001352089	0.050806324	-0.040000218	-0.001334984	-0.010825580	0.000354960
3.218000000	-0.032502988	0.548863870	0.464272641	-0.038301351	-1.013465896	-3.121327070	-0.001322598	0.050507944	-0.039767025	-0.001301783	-0.010759843	0.000339491
3.219000000	-0.032504327	0.548914229	0.464232993	-0.038302673	-1.013476627	-3.121326719	-0.001293502	0.050210143	-0.039534257	-0.001269045	-0.010694268	0.000324262
3.220000000	-0.032505599	0.548964290	0.464193574	-0.038303918	-1.013487287	-3.121326406	-0.001264803	0.049912885	-0.039301886	-0.001236772	-0.010628846	0.000309276
3.221000000	-0.032506823	0.549014055	0.464154386	-0.038305106	-1.013497881	-3.121326121	-0.001236496	0.049616185	-0.039069926	-0.001204959	-0.010563581	0.000294531
3.222000000	-0.032508039	0.549063523	0.464115431	-0.038306288	-1.013508411	-3.121325838	-0.001208575	0.049320074	-0.038838399	-0.001173597	-0.010498478	0.000280020
3.223000000	-0.032509248	0.549112695	0.464076709	-0.038307463	-1.013518879	-3.121325556	-0.001181037	0.049024555	-0.038607309	-0.001142683	-0.010433539	0.000265741
3.224000000	-0.032510449	0.549161572	0.464038220	-0.038308631	-1.013529283	-3.121325276	-0.001153879	0.048729630	-0.038376657	-0.001112213	-0.010368762	0.000251692
3.225000000	-0.032511570	0.549210155	0.463999957	-0.038309704	-1.013539618	-3.121325044	-0.001127103	0.048435256	-0.038146410	-0.001082190	-0.010304139	0.000237878
3.226000000	-0.032512660	0.549258443	0.463961924	-0.038310743	-1.013549887	-3.121324828	-0.001100702	0.048141468	-0.037916596	-0.001052607	-0.010239677	0.000224292
3.227000000	-0.032513744	0.549306438	0.463924122	-0.038311777	-1.013560094	-3.121324612	-0.001074671	0.047848283	-0.037687229	-0.001023457	-0.010175379	0.000210931
3.228000000	-0.032514821	0.549354140	0.463886550	-0.038312804	-1.013570239	-3.121324399	-0.001049008	0.047555706	-0.037458311	-0.000994735	-0.010111245	0.000197791
3.229000000	-0.032515891	0.549401550	0.463849208	-0.038313825	-1.013580322	-3.121324186	-0.001023709	0.047263739	-0.037229846	-0.000966440	-0.010047277	0.000184872
3.230000000	-0.032516880	0.549448668	0.463812091	-0.038314751	-1.013590335	-3.121324021	-0.000998776	0.046972338	-0.037001799	-0.000938574	-0.009983463	0.000172178
3.231000000	-0.032517844	0.549495494	0.463775201	-0.038315649	-1.013600284	-3.121323870	-0.000974202	0.046681541	-0.036774201	-0.000911128	-0.009919813	0.000159702
3.232000000	-0.032518801	0.549542031	0.463738540	-0.038316541	-1.013610172	-3.121323719	-0.000949984	0.046391364	-0.036547063	-0.000884096	-0.009856329	0.000147441
3.233000000	-0.032519753	0.549588278	0.463702107	-0.038317428	-1.013619998	-3.121323569	-0.000926117	0.046101809	-0.036320388	-0.000857476	-0.009793012	0.000135391
3.234000000	-0.032520698	0.549634235	0.463665903	-0.038318309	-1.013629763	-3.121323420	-0.000902600	0.045812879	-0.036094179	-0.000831263	-0.009729860	0.000123553
3.235000000	-0.032521577	0.549679904	0.463629920	-0.038319112	-1.013639460	-3.121323310	-0.000879432	0.045524541	-0.035868409	-0.000805460	-0.009666868	0.000111928
3.236000000	-0.032522420	0.549725284	0.463594163	-0.038319875	-1.013649093	-3.121323220	-0.000856609	0.045236816	-0.035643095	-0.000780060	-0.009604039	0.000100513
3.237000000	-0.032523257	0.549770377	0.463558632	-0.038320634	-1.013658665	-3.121323130	-0.000834126	0.044949726	-0.035418256	-0.000755057	-0.009541379	0.000089302
3.238000000	-0.032524090	0.549815184	0.463523326	-0.038321387	-1.013668176	-3.121323040	-0.000811980	0.044663272	-0.035193892	-0.000730447	-0.009478885	0.000078295
3.239000000	-0.032524916	0.549859705	0.463488246	-0.038322136	-1.013677626	-3.121322951	-0.000790168	0.044377460	-0.034970008	-0.000706226	-0.009416561	0.000067488
3.240000000	-0.032525705	0.549903940	0.463453388	-0.038322841	-1.013687012	-3.121322884	-0.000768689	0.044092271	-0.034746589	-0.000682395	-0.009354400	0.000056883
3.241000000	-0.032526433	0.549947889	0.463418751	-0.038323477	-1.013696333	-3.121322850	-0.000747541	0.043807696	-0.034523629	-0.000658952	-0.009292402	0.000046480
3.242000000	-0.032527157	0.549991555	0.463384338	-0.038324108	-1.013705593	-3.121322817	-0.000726718	0.043523772	-0.034301156	-0.000635888	-0.009230573	0.000036272
3.243000000	-0.032527876	0.550034937	0.463350148	-0.038324736	-1.013714793	-3.121322785	-0.000706218	0.043240499	-0.034079172	-0.000613199	-0.009168914	0.000026258
3.244000000	-0.032528590	0.550078036	0.463316181	-0.038325359	-1.013723933	-3.121322752	-0.000686036	0.042957882	-0.033857680	-0.000590882	-0.009107425	0.000016435
3.245000000	-0.032529300	0.550120854	0.463282436	-0.038325978	-1.013733013	-3.121322720	-0.000666170	0.042675923	-0.033636682	-0.000568933	-0.009046106	0.000006802
3.246000000	-0.032529928	0.550163388	0.463248908	-0.038326504	-1.013742026	-3.121322735	-0.000646623	0.042394583	-0.033416147	-0.000547357	-0.008984949	-0.000002637
3.247000000	-0.032530544	0.550205642	0.463215600	-0.038327016	-1.013750978	-3.121322755	-0.000627386	0.042113903	-0.033196108	-0.000526144	-0.008923961	-0.000011889
3.248000000	-0.032531156	0.550247616	0.463182513	-0.038327524	-1.013759871	-3.121322775	-0.000608457	0.041833889	-0.032976572	-0.000505288	-0.008863145	-0.000020957
3.249000000	-0.032531763	0.550289311	0.463149647	-0.038328029	-1.013768705	-3.121322796	-0.000589832	0.041554546	-0.032757540	-0.000484788	-0.008802501	-0.000029842
3.250000000	-0.032532367	0.550330726	0.463117000	-0.038328531	-1.013777479	-3.121322816	-0.000571509	0.041275877	-0.032539015	-0.000464639	-0.008742028	-0.000038547
3.251000000	-0.032532949	0.550371863	0.463084571	-0.038329009	-1.013786193	-3.121322846	-0.000553485	0.040997874	-0.032320993	-0.000444839	-0.008681726	-0.000047072
3.252000000	-0.032533463	0.550412722	0.463052357	-0.038329408	-1.013794842	-3.121322916	-0.000535762	0.040720515	-0.032103456	-0.000425390	-0.008621589	-0.000055415
3.253000000	-0.032533973	0.550453304	0.463020361	-0.038329804	-1.013803431	-3.121322986	-0.000518331	0.040443838	-0.031886434	-0.000406283	-0.008561625	-0.000063583
3.254000000	-0.032534480	0.550493610	0.462988583	-0.038330197	-1.013811963	-3.121323056	-0.000501191	0.040167847	-0.031669929	-0.000387513	-0.008501835	-0.000071577
3.255000000	-0.032534983	0.550533640	0.462957021	-0.038330587	-1.013820436	-3.121323125	-0.000484338	0.039892544	-0.031453945	-0.000369078	-0.008442218	-0.000079400
3.256000000	-0.032535483	0.550573396	0.462925677	-0.038330975	-1.013828851	-3.121323194	-0.000467770	0.039617931	-0.031238483	-0.000350973	-0.008382775	-0.000087053
3.257000000	-0.032535956	0.550612877	0.462894547	-0.038331334	-1.013837206	-3.121323276	-0.000451485	0.039344001	-0.031023536	-0.000333200	-0.008323503	-0.000094537
3.258000000	-0.032536371	0.550652084	0.462863628	-0.038331624	-1.013845496	-3.121323392	-0.000435483	0.039070738	-0.030809095	-0.000315755	-0.008264401	-0.000101849
3.259000000	-0.032536782	0.550691018	0.462832925	-0.038331912	-1.013853730	-3.121323507	-0.000419757	0.038798176	-0.030595184	-0.000298632	-0.008205473	-0.000108998
3.260000000	-0.032537191	0.550729680	0.462802437	-0.038332199	-1.013861905	-3.121323622	-0.000404304	0.038526316	-0.030381806	-0.000281827	-0.008146721	-0.000115984
3.261000000	-0.032537597	0.550768071	0.462772162	-0.038332483	-1.013870024	-3.121323736	-0.000389121	0.038255162	-0.030168963	-0.000265337	-0.008088145	-0.000122808
3.262000000	-0.032538000	0.550806191	0.462742100	-0.038332765	-1.013878085	-3.121323848	-0.000374207	0.037984716	-0.029956659	-0.000249159	-0.008029744	-0.000129474
3.263000000	-0.032538391	0.550844042	0.462712251	-0.038333035	-1.013886088	-3.121323966	-0.000359559	0.037714977	-0.029744890	-0.000233289	-0.007971519	-0.000135981
3.264000000	-0.032538713	0.550881621	0.462682610	-0.038333225	-1.013894027	-3.121324124	-0.000345177	0.037445920	-0.029533639	-0.000217731	-0.007913464	-0.000142328
3.265000000	-0.032539033	0.550918933	0.462653181	-0.038333414	-1.013901910	-3.121324281	-0.000331055	0.037177580	-0.029322933	-0.000202475	-0.007855586	-0.000148520
3.266000000	-0.032539350	0.550955976	0.462623962	-0.038333601	-1.013909736	-3.121324436	-0.000317190	0.036909960	-0.029112775	-0.000187517	-0.007797885	-0.000154560
3.267000000	-0.032539666	0.550992753	0.462594955	-0.038333787	-1.013917506	-3.121324591	-0.000303580	0.036643064	-0.028903168	-0.000172855	-0.007740362	-0.000160450
3.268000000	-0.032539979	0.551029263	0.462566157	-0.038333971	-1.013925219	-3.121324744	-0.000290221	0.036376893	-0.028694114	-0.000158485	-0.007683017	-0.000166190
3.269000000	-0.032540289	0.551065508	0.462537569	-0.038334154	-1.013932876	-3.121324897	-0.000277111	0.036111452	-0.028485615	-0.000144404	-0.007625850	-0.000171783
3.270000000	-0.032540550	0.551101487	0.462509187	-0.038334280	-1.013940473	-3.121325077	-0.000264251	0.035846719	-0.028277656	-0.000130614	-0.007568858	-0.000177227
3.271000000	-0.032540785	0.551137201	0.462481011	-0.038334377	-1.013948011	-3.121325272	-0.000251636	0.035582710	-0.028070248	-0.000117109	-0.007512042	-0.000182526
3.272000000	-0.032541018	0.551172652	0.462453044	-0.038334473	-1.013955493	-3.121325464	-0.000239262	0.035319438	-0.027863404	-0.000103884	-0.007455406	-0.000187682
3.273000000	-0.032541249	0.551207840	0.462425283	-0.038334568	-1.013962920	-3.121325656	-0.000227127	0.035056908	-0.027657125	-0.000090936	-0.007398949	-0.000192697
3.274000000	-0.032541479	0.551242766	0.462397730	-0.038334662	-1.013970292	-3.121325846	-0.000215228	0.034795120	-0.027451413	-0.000078261	-0.007342673	-0.000197573
3.275000000	-0.032541706	0.551277431	0.462370382	-0.038334756	-1.013977608	-3.121326034	-0.000203562	0.034534079	-0.027246273	-0.000065857	-0.007286577	-0.000202312
3.276000000	-0.032541933	0.551311836	0.462343239	-0.038334849	-1.013984870	-3.121326221	-0.000192127	0.034273786	-0.027041705	-0.000053721	-0.007230662	-0.000206915
3.277000000	-0.032542096	0.551345979	0.462316299	-0.038334870	-1.013992070	-3.121326445	-0.000180924	0.034014219	-0.026837690	-0.000041855	-0.007174922	-0.000211380
3.278000000	-0.032542251	0.551379863	0.462289561	-0.038334882	-1.013999215	-3.121326671	-0.000169947	0.033755403	-0.026634251	-0.000030250	-0.007119364	-0.000215712
3.279000000	-0.032542405	0.551413489	0.462263028	-0.038334894	-1.014006306	-3.121326895	-0.000159194	0.033497344	-0.026431392	-0.000018905	-0.007063987	-0.000219913
3.280000000	-0.032542558	0.551446858	0.462236698	-0.038334906	-1.014013342	-3.121327118	-0.000148661	0.033240047	-0.026229116	-0.000007815	-0.007008792	-0.000223984
3.281000000	-0.032542709	0.551479970	0.462210570	-0.038334918	-1.014020324	-3.121327339	-0.000138346	0.032983513	-0.026027426	0.000003023	-0.006953780	-0.000227928
3.282000000	-0.032542860	0.551512826	0.462184644	-0.038334929	-1.014027252	-3.121327558	-0.000128247	0.032727746	-0.025826323	0.000013610	-0.006898951	-0.000231746
3.283000000	-0.032543009	0.551545427	0.462158919	-0.038334941	-1.014034127	-3.121327776	-0.000118361	0.032472747	-0.025625810	0.000023951	-0.006844305	-0.000235439
3.284000000	-0.032543108	0.551577772	0.462133393	-0.038334896	-1.014040942	-3.121328022	-0.000108688	0.032218500	-0.025425873	0.000034044	-0.006789839	-0.000239005
3.285000000	-0.032543191	0.551609863	0.462108066	-0.038334832	-1.014047703	-3.121328276	-0.000099225	0.031965021	-0.025226526	0.000043895	-0.006735555	-0.000242450
3.286000000	-0.032543273	0.551641701	0.462082938	-0.038334768	-1.014054410	-3.121328527	-0.000089968	0.031712320	-0.025027776	0.000053507	-0.006681456	-0.000245774
3.287000000	-0.032543355	0.551673288	0.462058009	-0.038334705	-1.014061064	-3.121328777	-0.000080914	0.031460400	-0.024829627	0.000062885	-0.006627541	-0.000248980
3.288000000	-0.032543435	0.551704623	0.462033278	-0.038334643	-1.014067665	-3.121329025	-0.000072061	0.031209263	-0.024632080	0.000072030	-0.006573811	-0.000252069
3.289000000	-0.032543516	0.551735707	0.462008745	-0.038334581	-1.014074213	-3.121329271	-0.000063406	0.030958913	-0.024435137	0.000080945	-0.006520267	-0.000255042
3.290000000	-0.032543595	0.551766542	0.461984409	-0.038334520	-1.014080709	-3.121329515	-0.000054948	0.030709351	-0.024238802	0.000089634	-0.006466908	-0.000257902
3.291000000	-0.032543663	0.551797127	0.461960269	-0.038334446	-1.014087151	-3.121329764	-0.000046684	0.030460577	-0.024043073	0.000098098	-0.006413735	-0.000260648
3.292000000	-0.032543680	0.551827463	0.461936323	-0.038334314	-1.014093536	-3.121330041	-0.000038615	0.030212578	-0.023847941	0.000106338	-0.006360744	-0.000263281
3.293000000	-0.032543698	0.551857551	0.461912571	-0.038334183	-1.014099868	-3.121330316	-0.000030734	0.029965378	-0.023653423	0.000114359	-0.006307940	-0.000265804
3.294000000	-0.032543715	0.551887393	0.461889014	-0.038334054	-1.014106149	-3.121330589	-0.000023040	0.029718977	-0.023459522	0.000122165	-0.006255324	-0.000268220
3.295000000	-0.032543732	0.551916989	0.461865651	-0.038333926	-1.014112378	-3.121330860	-0.000015531	0.029473381	-0.023266241	0.000129757	-0.006202894	-0.000270529
3.296000000	-0.032543749	0.551946340	0.461842482	-0.038333798	-1.014118555	-3.121331128	-0.000008203	0.029228590	-0.023073582	0.000137140	-0.006150653	-0.000272733
3.297000000	-0.032543766	0.551975447	0.461819505	-0.038333672	-1.014124681	-3.121331395	-0.000001056	0.028984609	-0.022881546	0.000144316	-0.006098600	-0.000274834
3.298000000	-0.032543783	0.552004311	0.461796720	-0.038333547	-1.014130756	-3.121331659	0.000005914	0.028741439	-0.022690138	0.000151287	-0.006046736	-0.000276832
3.299000000	-0.032543793	0.552032932	0.461774126	-0.038333414	-1.014136779	-3.121331925	0.000012709	0.028499082	-0.022499356	0.000158055	-0.005995060	-0.000278730
3.300000000	-0.032543753	0.552061309	0.461751721	-0.038333225	-1.014142746	-3.121332219	0.000019328	0.028257523	-0.022309191	0.000164621	-0.005943570	-0.000280525
3.301000000	-0.032543713	0.552089446	0.461729505	-0.038333037	-1.014148662	-3.121332511	0.000025776	0.028016785	-0.022119661	0.000170990	-0.005892270	-0.000282223
3.302000000	-0.032543673	0.552117342	0.461707480	-0.038332850	-1.014154527	-3.121332801	0.000032055	0.027776870	-0.021930766	0.000177165	-0.005841160	-0.000283824
3.303000000	-0.032543634	0.552144999	0.461685643	-0.038332665	-1.014160342	-3.121333088	0.000038169	0.027537782	-0.021742511	0.000183149	-0.005790240	-0.000285330
3.304000000	-0.032543596	0.552172418	0.461663994	-0.038332482	-1.014166107	-3.121333372	0.000044118	0.027299522	-0.021554897	0.000188945	-0.005739511	-0.000286743
3.305000000	-0.032543557	0.552199599	0.461642533	-0.038332300	-1.014171823	-3.121333655	0.000049906	0.027062094	-0.021367926	0.000194554	-0.005688974	-0.000288064
3.306000000	-0.032543519	0.552226544	0.461621259	-0.038332120	-1.014177488	-3.121333934	0.000055533	0.026825500	-0.021181601	0.000199980	-0.005638628	-0.000289294
3.307000000	-0.032543481	0.552253252	0.461600171	-0.038331941	-1.014183104	-3.121334211	0.000061003	0.026589744	-0.020995925	0.000205224	-0.005588474	-0.000290434
3.308000000	-0.032543419	0.552279724	0.461579268	-0.038331736	-1.014188667	-3.121334501	0.000066317	0.026354819	-0.020810892	0.000210289	-0.005538511	-0.000291485
3.309000000	-0.032543330	0.552305961	0.461558549	-0.038331499	-1.014194179	-3.121334806	0.000071476	0.026120727	-0.020626505	0.000215176	-0.005488739	-0.000292448
3.310000000	-0.032543241	0.552331965	0.461538013	-0.038331264	-1.014199641	-3.121335108	0.000076484	0.025887482	-0.020442774	0.000219890	-0.005439160	-0.000293326
3.311000000	-0.032543153	0.552357735	0.461517662	-0.038331031	-1.014205055	-3.121335407	0.000081343	0.025655085	-0.020259700	0.000224433	-0.005389774	-0.000294119
3.312000000	-0.032543066	0.552383275	0.461497493	-0.038330801	-1.014210419	-3.121335704	0.000086055	0.025423540	-0.020077287	0.000228807	-0.005340582	-0.000294830
3.313000000	-0.032542980	0.552408583	0.461477507	-0.038330572	-1.014215736	-3.121335998	0.000090622	0.025192849	-0.019895537	0.000233016	-0.005291585	-0.000295459
3.314000000	-0.032542894	0.552433661	0.461457702	-0.038330346	-1.014221004	-3.121336289	0.000095047	0.024963015	-0.019714452	0.000237061	-0.005242782	-0.000296009
3.315000000	-0.032542809	0.552458510	0.461438078	-0.038330121	-1.014226224	-3.121336578	0.000099331	0.024734040	-0.019534034	0.000240945	-0.005194174	-0.000296479
3.316000000	-0.032542725	0.552483131	0.461418635	-0.038329899	-1.014231395	-3.121336864	0.000103476	0.024505928	-0.019354286	0.000244670	-0.005145762	-0.000296873
3.317000000	-0.032542638	0.552507524	0.461399371	-0.038329673	-1.014236519	-3.121337149	0.000107484	0.024278681	-0.019175210	0.000248239	-0.005097545	-0.000297189
3.318000000	-0.032542507	0.552531688	0.461380284	-0.038329399	-1.014241590	-3.121337460	0.000111356	0.024052287	-0.018996796	0.000251652	-0.005049522	-0.000297429
3.319000000	-0.032542378	0.552555627	0.461361376	-0.038329126	-1.014246614	-3.121337767	0.000115096	0.023826765	-0.018819060	0.000254913	-0.005001695	-0.000297595
3.320000000	-0.032542249	0.552579341	0.461342645	-0.038328856	-1.014251591	-3.121338072	0.000118704	0.023602116	-0.018642003	0.000258025	-0.004954066	-0.000297689
3.321000000	-0.032542122	0.552602831	0.461324091	-0.038328589	-1.014256520	-3.121338374	0.000122185	0.023378345	-0.018465629	0.000260990	-0.004906633	-0.000297711
3.322000000	-0.032541997	0.552626098	0.461305713	-0.038328325	-1.014261403	-3.121338673	0.000125538	0.023155453	-0.018289938	0.000263811	-0.004859399	-0.000297664
3.323000000	-0.032541872	0.552649142	0.461287511	-0.038328062	-1.014266239	-3.121338969	0.000128767	0.022933443	-0.018114934	0.000266490	-0.004812363	-0.000297548
3.324000000	-0.032541749	0.552671965	0.461269483	-0.038327803	-1.014271029	-3.121339262	0.000131873	0.022712318	-0.017940618	0.000269029	-0.004765525	-0.000297364
3.325000000	-0.032541626	0.552694568	0.461251630	-0.038327546	-1.014275772	-3.121339552	0.000134858	0.022492081	-0.017766994	0.000271431	-0.004718886	-0.000297115
3.326000000	-0.032541505	0.552716951	0.461233950	-0.038327291	-1.014280470	-3.121339840	0.000137725	0.022272735	-0.017594063	0.000273697	-0.004672446	-0.000296800
3.327000000	-0.032541386	0.552739115	0.461216443	-0.038327039	-1.014285121	-3.121340125	0.000140474	0.022054282	-0.017421829	0.000275830	-0.004626207	-0.000296422
3.328000000	-0.032541231	0.552761060	0.461199106	-0.038326748	-1.014289723	-3.121340428	0.000143106	0.021836715	-0.017250284	0.000277831	-0.004580165	-0.000295979
3.329000000	-0.032541071	0.552782788	0.461181941	-0.038326449	-1.014294278	-3.121340734	0.000145626	0.021620045	-0.017079438	0.000279702	-0.004534324	-0.000295475
3.330000000	-0.032540911	0.552804299	0.461164946	-0.038326154	-1.014298788	-3.121341037	0.000148033	0.021404277	-0.016909295	0.000281447	-0.004488683	-0.000294910
3.331000000	-0.032540754	0.552825596	0.461148121	-0.038325862	-1.014303253	-3.121341337	0.000150331	0.021189414	-0.016739858	0.000283068	-0.004443244	-0.000294287
3.332000000	-0.032540598	0.552846678	0.461131465	-0.038325573	-1.014307674	-3.121341634	0.000152522	0.020975458	-0.016571129	0.000284566	-0.004398006	-0.000293605
3.333000000	-0.032540443	0.552867547	0.461114978	-0.038325287	-1.014312049	-3.121341927	0.000154606	0.020762412	-0.016403109	0.000285945	-0.004352971	-0.000292867
3.334000000	-0.032540290	0.552888203	0.461098659	-0.038325003	-1.014316380	-3.121342218	0.000156586	0.020550280	-0.016235802	0.000287206	-0.004308138	-0.000292073
3.335000000	-0.032540139	0.552908648	0.461082507	-0.038324723	-1.014320666	-3.121342506	0.000158464	0.020339063	-0.016069210	0.000288351	-0.004263509	-0.000291224
3.336000000	-0.032539989	0.552928882	0.461066521	-0.038324445	-1.014324909	-3.121342791	0.000160242	0.020128765	-0.015903335	0.000289383	-0.004219082	-0.000290322
3.337000000	-0.032539841	0.552948907	0.461050701	-0.038324170	-1.014329107	-3.121343073	0.000161920	0.019919388	-0.015738179	0.000290303	-0.004174860	-0.000289368
3.338000000	-0.032539694	0.552968723	0.461035045	-0.038323898	-1.014333262	-3.121343352	0.000163501	0.019710936	-0.015573745	0.000291114	-0.004130842	-0.000288363
3.339000000	-0.032539535	0.552988330	0.461019554	-0.038323613	-1.014337371	-3.121343637	0.000164987	0.019503406	-0.015410033	0.000291817	-0.004087027	-0.000287306
3.340000000	-0.032539353	0.553007729	0.461004225	-0.038323301	-1.014341434	-3.121343934	0.000166378	0.019296800	-0.015247041	0.000292413	-0.004043417	-0.000286200
3.341000000	-0.032539172	0.553026923	0.460989058	-0.038322993	-1.014345455	-3.121344228	0.000167677	0.019091127	-0.015084779	0.000292906	-0.004000012	-0.000285047
3.342000000	-0.032538994	0.553045911	0.460974054	-0.038322688	-1.014349432	-3.121344518	0.000168885	0.018886390	-0.014923248	0.000293297	-0.003956812	-0.000283846
3.343000000	-0.032538817	0.553064695	0.460959211	-0.038322386	-1.014353366	-3.121344806	0.000170006	0.018682590	-0.014762450	0.000293589	-0.003913819	-0.000282599
3.344000000	-0.032538643	0.553083276	0.460944528	-0.038322087	-1.014357258	-3.121345090	0.000171039	0.018479732	-0.014602389	0.000293784	-0.003871033	-0.000281308
3.345000000	-0.032538470	0.553101654	0.460930006	-0.038321792	-1.014361108	-3.121345372	0.000171987	0.018277817	-0.014443065	0.000293883	-0.003828454	-0.000279973
3.346000000	-0.032538299	0.553119832	0.460915642	-0.038321500	-1.014364915	-3.121345650	0.000172851	0.018076849	-0.014284483	0.000293889	-0.003786083	-0.000278596
3.347000000	-0.032538130	0.553137809	0.460901437	-0.038321211	-1.014368681	-3.121345925	0.000173634	0.017876830	-0.014126643	0.000293803	-0.003743919	-0.000277177
3.348000000	-0.032537963	0.553155586	0.460887389	-0.038320926	-1.014372405	-3.121346197	0.000174335	0.017677764	-0.013969548	0.000293627	-0.003701964	-0.000275717
3.349000000	-0.032537798	0.553173166	0.460873498	-0.038320643	-1.014376087	-3.121346467	0.000174958	0.017479652	-0.013813200	0.000293364	-0.003660218	-0.000274218
3.350000000	-0.032537635	0.553190547	0.460859763	-0.038320364	-1.014379728	-3.121346733	0.000175504	0.017282498	-0.013657603	0.000293014	-0.003618681	-0.000272680
3.351000000	-0.032537473	0.553207732	0.460846183	-0.038320088	-1.014383327	-3.121346996	0.000175974	0.017086304	-0.013502757	0.000292581	-0.003577354	-0.000271104
3.352000000	-0.032537302	0.553224721	0.460832758	-0.038319802	-1.014386885	-3.121347263	0.000176370	0.016891071	-0.013348664	0.000292065	-0.003536236	-0.000269492
3.353000000	-0.032537111	0.553241514	0.460819485	-0.038319493	-1.014390399	-3.121347541	0.000176692	0.016696799	-0.013195324	0.000291467	-0.003495328	-0.000267843
3.354000000	-0.032536922	0.553258114	0.460806366	-0.038319187	-1.014393872	-3.121347815	0.000176943	0.016503496	-0.013042743	0.000290790	-0.003454631	-0.000266159
3.355000000	-0.032536735	0.553274520	0.460793399	-0.038318885	-1.014397305	-3.121348087	0.000177125	0.016311164	-0.012890923	0.000290037	-0.003414145	-0.000264442
3.356000000	-0.032536550	0.553290735	0.460780583	-0.038318587	-1.014400699	-3.121348355	0.000177238	0.016119808	-0.012739867	0.000289209	-0.003373871	-0.000262692
3.357000000	-0.032536368	0.553306760	0.460767918	-0.038318292	-1.014404052	-3.121348620	0.000177285	0.015929428	-0.012589578	0.000288307	-0.003333810	-0.000260910
3.358000000	-0.032536187	0.553322594	0.460755403	-0.038318000	-1.014407365	-3.121348882	0.000177267	0.015740028	-0.012440057	0.000287334	-0.003293961	-0.000259098
3.359000000	-0.032536009	0.553338240	0.460743038	-0.038317713	-1.014410639	-3.121349140	0.000177185	0.015551612	-0.012291306	0.000286291	-0.003254326	-0.000257255
3.360000000	-0.032535833	0.553353698	0.460730821	-0.038317428	-1.014413874	-3.121349396	0.000177041	0.015364181	-0.012143329	0.000285180	-0.003214904	-0.000255384
3.361000000	-0.032535659	0.553368969	0.460718751	-0.038317147	-1.014417070	-3.121349649	0.000176836	0.015177738	-0.011996127	0.000284002	-0.003175696	-0.000253484
3.362000000	-0.032535487	0.553384054	0.460706828	-0.038316869	-1.014420226	-3.121349898	0.000176572	0.014992286	-0.011849703	0.000282760	-0.003136702	-0.000251557
3.363000000	-0.032535317	0.553398954	0.460695052	-0.038316595	-1.014423345	-3.121350145	0.000176250	0.014807828	-0.011704059	0.000281454	-0.003097924	-0.000249603
3.364000000	-0.032535150	0.553413671	0.460683420	-0.038316324	-1.014426424	-3.121350388	0.000175871	0.014624367	-0.011559197	0.000280087	-0.003059361	-0.000247625
3.365000000	-0.032534984	0.553428205	0.460671934	-0.038316057	-1.014429465	-3.121350629	0.000175436	0.014441906	-0.011415119	0.000278660	-0.003021014	-0.000245621
3.366000000	-0.032534821	0.553442556	0.460660591	-0.038315792	-1.014432469	-3.121350866	0.000174948	0.014260446	-0.011271829	0.000277175	-0.002982883	-0.000243594
3.367000000	-0.032534659	0.553456727	0.460649391	-0.038315532	-1.014435434	-3.121351100	0.000174408	0.014079992	-0.011129327	0.000275633	-0.002944969	-0.000241544
3.368000000	-0.032534472	0.553470717	0.460638332	-0.038315242	-1.014438359	-3.121351349	0.000173815	0.013900540	-0.010987613	0.000274035	-0.002907271	-0.000239471
3.369000000	-0.032534288	0.553484527	0.460627414	-0.038314955	-1.014441246	-3.121351594	0.000173172	0.013722099	-0.010846693	0.000272383	-0.002869791	-0.000237377
3.370000000	-0.032534105	0.553498160	0.460616637	-0.038314672	-1.014444096	-3.121351836	0.000172481	0.013544672	-0.010706569	0.000270679	-0.002832529	-0.000235263
3.371000000	-0.032533925	0.553511616	0.460606000	-0.038314393	-1.014446909	-3.121352076	0.000171743	0.013368261	-0.010567244	0.000268925	-0.002795485	-0.000233129
3.372000000	-0.032533747	0.553524896	0.460595502	-0.038314117	-1.014449685	-3.121352312	0.000170959	0.013192869	-0.010428720	0.000267122	-0.002758661	-0.000230977
3.373000000	-0.032533572	0.553538001	0.460585142	-0.038313846	-1.014452425	-3.121352545	0.000170129	0.013018499	-0.010290998	0.000265272	-0.002722056	-0.000228806
3.374000000	-0.032533399	0.553550933	0.460574920	-0.038313577	-1.014455129	-3.121352774	0.000169257	0.012845153	-0.010154082	0.000263376	-0.002685671	-0.000226619
3.375000000	-0.032533228	0.553563692	0.460564834	-0.038313313	-1.014457796	-3.121353001	0.000168342	0.012672835	-0.010017974	0.000261435	-0.002649506	-0.000224415
3.376000000	-0.032533059	0.553576279	0.460554883	-0.038313051	-1.014460428	-3.121353225	0.000167386	0.012501548	-0.009882675	0.000259451	-0.002613563	-0.000222195
3.377000000	-0.032532893	0.553588695	0.460545068	-0.038312794	-1.014463023	-3.121353445	0.000166390	0.012331293	-0.009748189	0.000257425	-0.002577840	-0.000219961
3.378000000	-0.032532729	0.553600942	0.460535387	-0.038312540	-1.014465584	-3.121353663	0.000165355	0.012162074	-0.009614518	0.000255360	-0.002542340	-0.000217713
3.379000000	-0.032532568	0.553613020	0.460525839	-0.038312289	-1.014468109	-3.121353878	0.000164284	0.011993893	-0.009481663	0.000253255	-0.002507062	-0.000215452
3.380000000	-0.032532408	0.553624931	0.460516423	-0.038312042	-1.014470599	-3.121354089	0.000163175	0.011826754	-0.009349628	0.000251113	-0.002472006	-0.000213178
3.381000000	-0.032532251	0.553636675	0.460507139	-0.038311798	-1.014473054	-3.121354298	0.000162032	0.011660659	-0.009218414	0.000248935	-0.002437174	-0.000210893
3.382000000	-0.032532096	0.553648253	0.460497986	-0.038311558	-1.014475474	-3.121354504	0.000160854	0.011495611	-0.009088024	0.000246723	-0.002402565	-0.000208596
3.383000000	-0.032531943	0.553659667	0.460488964	-0.038311321	-1.014477861	-3.121354707	0.000159644	0.011331613	-0.008958460	0.000244477	-0.002368181	-0.000206289
3.384000000	-0.032531793	0.553670918	0.460480070	-0.038311088	-1.014480213	-3.121354907	0.000158402	0.011168667	-0.008829724	0.000242199	-0.002334021	-0.000203973
3.385000000	-0.032531644	0.553682006	0.460471304	-0.038310858	-1.014482531	-3.121355104	0.000157129	0.011006776	-0.008701818	0.000239890	-0.002300086	-0.000201647
3.386000000	-0.032531498	0.553692933	0.460462666	-0.038310631	-1.014484815	-3.121355298	0.000155827	0.010845943	-0.008574746	0.000237552	-0.002266377	-0.000199314
3.387000000	-0.032531336	0.553703698	0.460454155	-0.038310386	-1.014487064	-3.121355500	0.000154496	0.010686169	-0.008448507	0.000235185	-0.002232894	-0.000196973
3.388000000	-0.032531173	0.553714304	0.460445769	-0.038310142	-1.014489279	-3.121355702	0.000153138	0.010527458	-0.008323105	0.000232792	-0.002199637	-0.000194624
3.389000000	-0.032531012	0.553724752	0.460437508	-0.038309900	-1.014491461	-3.121355900	0.000151753	0.010369814	-0.008198543	0.000230372	-0.002166607	-0.000192270
3.390000000	-0.032530854	0.553735043	0.460429371	-0.038309663	-1.014493611	-3.121356096	0.000150342	0.010213239	-0.008074823	0.000227929	-0.002133805	-0.000189910
3.391000000	-0.032530698	0.553745178	0.460421357	-0.038309429	-1.014495727	-3.121356288	0.000148908	0.010057736	-0.007951947	0.000225462	-0.002101230	-0.000187546
3.392000000	-0.032530545	0.553755159	0.460413466	-0.038309198	-1.014497812	-3.121356478	0.000147450	0.009903308	-0.007829919	0.000222974	-0.002068884	-0.000185177
3.393000000	-0.032530393	0.553764985	0.460405697	-0.038308971	-1.014499864	-3.121356665	0.000145970	0.009749958	-0.007708739	0.000220464	-0.002036768	-0.000182805
3.394000000	-0.032530245	0.553774658	0.460398048	-0.038308748	-1.014501885	-3.121356848	0.000144469	0.009597688	-0.007588410	0.000217935	-0.002004880	-0.000180430
3.395000000	-0.032530098	0.553784180	0.460390520	-0.038308528	-1.014503873	-3.121357029	0.000142947	0.009446502	-0.007468935	0.000215388	-0.001973223	-0.000178053
3.396000000	-0.032529954	0.553793551	0.460383110	-0.038308312	-1.014505831	-3.121357207	0.000141406	0.009296401	-0.007350316	0.000212823	-0.001941796	-0.000175674
3.397000000	-0.032529812	0.553802773	0.460375819	-0.038308099	-1.014507757	-3.121357383	0.000139847	0.009147390	-0.007232555	0.000210243	-0.001910600	-0.000173295
3.398000000	-0.032529673	0.553811847	0.460368644	-0.038307889	-1.014509652	-3.121357555	0.000138270	0.008999470	-0.007115655	0.000207647	-0.001879635	-0.000170914
3.399000000	-0.032529535	0.553820773	0.460361587	-0.038307683	-1.014511516	-3.121357725	0.000136677	0.008852645	-0.006999617	0.000205037	-0.001848903	-0.000168535
3.400000000	-0.032529400	0.553829552	0.460354645	-0.038307480	-1.014513350	-3.121357892	0.000135068	0.008706917	-0.006884444	0.000202415	-0.001818403	-0.000166155
3.401000000	-0.032529268	0.553838187	0.460347818	-0.038307281	-1.014515153	-3.121358056	0.000133444	0.008562289	-0.006770139	0.000199781	-0.001788135	-0.000163778
3.402000000	-0.032529137	0.553846678	0.460341104	-0.038307085	-1.014516926	-3.121358217	0.000131806	0.008418764	-0.006656703	0.000197136	-0.001758102	-0.000161402
3.403000000	-0.032529009	0.553855025	0.460334504	-0.038306892	-1.014518670	-3.121358376	0.000130156	0.008276345	-0.006544139	0.000194481	-0.001728302	-0.000159029
3.404000000	-0.032528883	0.553863231	0.460328016	-0.038306703	-1.014520384	-3.121358531	0.000128493	0.008135034	-0.006432449	0.000191818	-0.001698736	-0.000156659
3.405000000	-0.032528758	0.553871296	0.460321639	-0.038306516	-1.014522068	-3.121358685	0.000126820	0.007994835	-0.006321635	0.000189147	-0.001669406	-0.000154292
3.406000000	-0.032528637	0.553879222	0.460315373	-0.038306333	-1.014523724	-3.121358835	0.000125135	0.007855749	-0.006211700	0.000186469	-0.001640311	-0.000151930
3.407000000	-0.032528517	0.553887008	0.460309216	-0.038306154	-1.014525350	-3.121358983	0.000123441	0.007717781	-0.006102646	0.000183786	-0.001611452	-0.000149572
3.408000000	-0.032528399	0.553894658	0.460303167	-0.038305977	-1.014526948	-3.121359129	0.000121739	0.007580932	-0.005994476	0.000181099	-0.001582830	-0.000147220
3.409000000	-0.032528284	0.553902171	0.460297227	-0.038305804	-1.014528517	-3.121359271	0.000120028	0.007445206	-0.005887190	0.000178407	-0.001554444	-0.000144874
3.410000000	-0.032528170	0.553909550	0.460291393	-0.038305633	-1.014530058	-3.121359412	0.000118311	0.007310605	-0.005780793	0.000175713	-0.001526296	-0.000142533
3.411000000	-0.032528059	0.553916794	0.460285665	-0.038305466	-1.014531571	-3.121359549	0.000116587	0.007177132	-0.005675285	0.000173017	-0.001498386	-0.000140200
3.412000000	-0.032527949	0.553923905	0.460280043	-0.038305302	-1.014533056	-3.121359684	0.000114857	0.007044790	-0.005570670	0.000170320	-0.001470714	-0.000137874
3.413000000	-0.032527842	0.553930885	0.460274524	-0.038305141	-1.014534514	-3.121359817	0.000113122	0.006913581	-0.005466950	0.000167623	-0.001443282	-0.000135555
3.414000000	-0.032527726	0.553937733	0.460269108	-0.038304970	-1.014535943	-3.121359954	0.000111383	0.006783509	-0.005364126	0.000164927	-0.001416089	-0.000133245
3.415000000	-0.032527610	0.553944451	0.460263795	-0.038304799	-1.014537345	-3.121360089	0.000109641	0.006654576	-0.005262201	0.000162232	-0.001389136	-0.000130944
3.416000000	-0.032527495	0.553951042	0.460258583	-0.038304632	-1.014538720	-3.121360223	0.000107896	0.006526785	-0.005161178	0.000159540	-0.001362423	-0.000128652
3.417000000	-0.032527383	0.553957505	0.460253472	-0.038304467	-1.014540069	-3.121360353	0.000106150	0.006400140	-0.005061058	0.000156852	-0.001335952	-0.000126369
3.418000000	-0.032527273	0.553963842	0.460248461	-0.038304306	-1.014541391	-3.121360482	0.000104402	0.006274642	-0.004961844	0.000154168	-0.001309722	-0.000124097
3.419000000	-0.032527165	0.553970054	0.460243548	-0.038304148	-1.014542687	-3.121360607	0.000102653	0.006150294	-0.004863539	0.000151489	-0.001283735	-0.000121835
3.420000000	-0.032527059	0.553976142	0.460238733	-0.038303993	-1.014543958	-3.121360731	0.000100904	0.006027100	-0.004766144	0.000148816	-0.001257990	-0.000119584
3.421000000	-0.032526955	0.553982108	0.460234015	-0.038303842	-1.014545202	-3.121360851	0.000099157	0.005905062	-0.004669662	0.000146149	-0.001232488	-0.000117345
3.422000000	-0.032526854	0.553987952	0.460229393	-0.038303693	-1.014546422	-3.121360969	0.000097410	0.005784184	-0.004574095	0.000143491	-0.001207230	-0.000115118
3.423000000	-0.032526754	0.553993676	0.460224866	-0.038303547	-1.014547616	-3.121361085	0.000095666	0.005664467	-0.004479446	0.000140840	-0.001182217	-0.000112903
3.424000000	-0.032526657	0.553999281	0.460220434	-0.038303405	-1.014548786	-3.121361199	0.000093925	0.005545915	-0.004385716	0.000138199	-0.001157448	-0.000110700
3.425000000	-0.032526562	0.554004768	0.460216095	-0.038303265	-1.014549931	-3.121361310	0.000092186	0.005428530	-0.004292908	0.000135567	-0.001132924	-0.000108511
3.426000000	-0.032526468	0.554010138	0.460211848	-0.038303129	-1.014551051	-3.121361418	0.000090452	0.005312316	-0.004201024	0.000132945	-0.001108646	-0.000106336
3.427000000	-0.032526377	0.554015393	0.460207692	-0.038302995	-1.014552148	-3.121361525	0.000088722	0.005197274	-0.004110067	0.000130335	-0.001084615	-0.000104174
3.428000000	-0.032526288	0.554020533	0.460203627	-0.038302864	-1.014553220	-3.121361629	0.000086998	0.005083409	-0.004020039	0.000127737	-0.001060830	-0.000102027
3.429000000	-0.032526201	0.554025560	0.460199652	-0.038302737	-1.014554269	-3.121361730	0.000085279	0.004970722	-0.003930941	0.000125152	-0.001037293	-0.000099894
3.430000000	-0.032526115	0.554030475	0.460195765	-0.038302612	-1.014555295	-3.121361830	0.000083566	0.004859217	-0.003842777	0.000122579	-0.001014004	-0.000097777
3.431000000	-0.032526032	0.554035279	0.460191966	-0.038302489	-1.014556297	-3.121361927	0.000081860	0.004748897	-0.003755548	0.000120021	-0.000990964	-0.000095675
3.432000000	-0.032525950	0.554039973	0.460188253	-0.038302370	-1.014557276	-3.121362022	0.000080161	0.004639763	-0.003669258	0.000117477	-0.000968172	-0.000093589
3.433000000	-0.032525870	0.554044558	0.460184627	-0.038302253	-1.014558233	-3.121362115	0.000078471	0.004531820	-0.003583907	0.000114949	-0.000945630	-0.000091519
3.434000000	-0.032525793	0.554049037	0.460181085	-0.038302139	-1.014559168	-3.121362205	0.000076788	0.004425069	-0.003499498	0.000112436	-0.000923339	-0.000089466
3.435000000	-0.032525717	0.554053409	0.460177628	-0.038302028	-1.014560080	-3.121362294	0.000075115	0.004319514	-0.003416035	0.000109940	-0.000901298	-0.000087429
3.436000000	-0.032525643	0.554057676	0.460174253	-0.038301920	-1.014560970	-3.121362380	0.000073451	0.004215158	-0.003333518	0.000107461	-0.000879508	-0.000085410
3.437000000	-0.032525570	0.554061840	0.460170960	-0.038301814	-1.014561839	-3.121362464	0.000071797	0.004112003	-0.003251950	0.000105000	-0.000857970	-0.000083408
3.438000000	-0.032525500	0.554065901	0.460167749	-0.038301711	-1.014562686	-3.121362546	0.000070154	0.004010052	-0.003171334	0.000102557	-0.000836684	-0.000081425
3.439000000	-0.032525431	0.554069860	0.460164617	-0.038301610	-1.014563513	-3.121362626	0.000068521	0.003909308	-0.003091671	0.000100133	-0.000815651	-0.000079459
3.440000000	-0.032525364	0.554073720	0.460161565	-0.038301512	-1.014564318	-3.121362705	0.000066900	0.003809774	-0.003012965	0.000097729	-0.000794871	-0.000077512
3.441000000	-0.032525299	0.554077480	0.460158591	-0.038301416	-1.014565103	-3.121362781	0.000065290	0.003711452	-0.002935216	0.000095344	-0.000774346	-0.000075584
3.442000000	-0.032525235	0.554081143	0.460155694	-0.038301323	-1.014565867	-3.121362855	0.000063693	0.003614346	-0.002858429	0.000092980	-0.000754075	-0.000073675
3.443000000	-0.032525173	0.554084709	0.460152874	-0.038301232	-1.014566611	-3.121362927	0.000062108	0.003518458	-0.002782604	0.000090637	-0.000734059	-0.000071785
3.444000000	-0.032525113	0.554088181	0.460150129	-0.038301144	-1.014567335	-3.121362997	0.000060537	0.003423792	-0.002707744	0.000088315	-0.000714298	-0.000069915
3.445000000	-0.032525054	0.554091558	0.460147458	-0.038301058	-1.014568040	-3.121363065	0.000058979	0.003330349	-0.002633851	0.000086015	-0.000694794	-0.000068065
3.446000000	-0.032524997	0.554094842	0.460144861	-0.038300975	-1.014568725	-3.121363132	0.000057435	0.003238133	-0.002560928	0.000083738	-0.000675546	-0.000066235
3.447000000	-0.032524941	0.554098034	0.460142336	-0.038300893	-1.014569392	-3.121363196	0.000055906	0.003147146	-0.002488976	0.000081484	-0.000656556	-0.000064426
3.448000000	-0.032524888	0.554101137	0.460139883	-0.038300814	-1.014570039	-3.121363259	0.000054391	0.003057392	-0.002417999	0.000079254	-0.000637824	-0.000062638
3.449000000	-0.032524835	0.554104150	0.460137500	-0.038300738	-1.014570668	-3.121363320	0.000052891	0.002968873	-0.002347998	0.000077047	-0.000619350	-0.000060871
3.450000000	-0.032524784	0.554107075	0.460135186	-0.038300663	-1.014571278	-3.121363379	0.000051407	0.002881592	-0.002278976	0.000074865	-0.000601134	-0.000059125
3.451000000	-0.032524735	0.554109914	0.460132942	-0.038300591	-1.014571870	-3.121363437	0.000049938	0.002795552	-0.002210935	0.000072708	-0.000583179	-0.000057400
3.452000000	-0.032524687	0.554112667	0.460130764	-0.038300521	-1.014572445	-3.121363492	0.000048486	0.002710756	-0.002143876	0.000070576	-0.000565483	-0.000055698
3.453000000	-0.032524641	0.554115336	0.460128654	-0.038300453	-1.014573002	-3.121363546	0.000047051	0.002627207	-0.002077804	0.000068470	-0.000548048	-0.000054017
3.454000000	-0.032524596	0.554117922	0.460126608	-0.038300388	-1.014573541	-3.121363599	0.000045632	0.002544906	-0.002012719	0.000066390	-0.000530875	-0.000052359
3.455000000	-0.032524552	0.554120426	0.460124628	-0.038300324	-1.014574064	-3.121363649	0.000044230	0.002463858	-0.001948623	0.000064336	-0.000513963	-0.000050724
3.456000000	-0.032524510	0.554122850	0.460122711	-0.038300262	-1.014574570	-3.121363698	0.000042846	0.002384066	-0.001885520	0.000062310	-0.000497313	-0.000049111
3.457000000	-0.032524470	0.554125195	0.460120857	-0.038300203	-1.014575059	-3.121363746	0.000041480	0.002305531	-0.001823412	0.000060310	-0.000480926	-0.000047521
3.458000000	-0.032524430	0.554127462	0.460119064	-0.038300145	-1.014575532	-3.121363792	0.000040132	0.002228256	-0.001762300	0.000058339	-0.000464803	-0.000045954
3.459000000	-0.032524392	0.554129652	0.460117332	-0.038300089	-1.014575989	-3.121363836	0.000038803	0.002152246	-0.001702187	0.000056395	-0.000448943	-0.000044411
3.460000000	-0.032524355	0.554131767	0.460115659	-0.038300035	-1.014576430	-3.121363879	0.000037492	0.002077501	-0.001643076	0.000054480	-0.000433348	-0.000042892
3.461000000	-0.032524320	0.554133808	0.460114045	-0.038299984	-1.014576856	-3.121363920	0.000036201	0.002004026	-0.001584968	0.000052593	-0.000418019	-0.000041396
3.462000000	-0.032524286	0.554135775	0.460112489	-0.038299934	-1.014577267	-3.121363960	0.000034928	0.001931823	-0.001527866	0.000050736	-0.000402955	-0.000039924
3.463000000	-0.032524253	0.554137672	0.460110989	-0.038299885	-1.014577662	-3.121363998	0.000033675	0.001860895	-0.001471772	0.000048908	-0.000388157	-0.000038476
3.464000000	-0.032524221	0.554139498	0.460109545	-0.038299839	-1.014578043	-3.121364035	0.000032442	0.001791245	-0.001416688	0.000047110	-0.000373626	-0.000037053
3.465000000	-0.032524191	0.554141255	0.460108156	-0.038299794	-1.014578410	-3.121364071	0.000031229	0.001722875	-0.001362617	0.000045341	-0.000359363	-0.000035655
3.466000000	-0.032524161	0.554142944	0.460106820	-0.038299751	-1.014578762	-3.121364105	0.000030037	0.001655789	-0.001309560	0.000043603	-0.000345367	-0.000034281
3.467000000	-0.032524133	0.554144567	0.460105536	-0.038299710	-1.014579101	-3.121364138	0.000028865	0.001589989	-0.001257521	0.000041896	-0.000331640	-0.000032932
3.468000000	-0.032524106	0.554146125	0.460104304	-0.038299670	-1.014579426	-3.121364169	0.000027714	0.001525478	-0.001206501	0.000040219	-0.000318183	-0.000031608
3.469000000	-0.032524080	0.554147619	0.460103123	-0.038299632	-1.014579738	-3.121364199	0.000026583	0.001462259	-0.001156503	0.000038574	-0.000304995	-0.000030309
3.470000000	-0.032524055	0.554149050	0.460101991	-0.038299596	-1.014580036	-3.121364228	0.000025475	0.001400335	-0.001107528	0.000036960	-0.000292077	-0.000029036
3.471000000	-0.032524031	0.554150420	0.460100908	-0.038299561	-1.014580322	-3.121364256	0.000024387	0.001339709	-0.001059580	0.000035378	-0.000279430	-0.000027788
3.472000000	-0.032524009	0.554151730	0.460099872	-0.038299528	-1.014580596	-3.121364283	0.000023321	0.001280383	-0.001012660	0.000033828	-0.000267055	-0.000026567
3.473000000	-0.032523987	0.554152981	0.460098882	-0.038299496	-1.014580857	-3.121364308	0.000022277	0.001222360	-0.000966770	0.000032310	-0.000254952	-0.000025371
3.474000000	-0.032523966	0.554154175	0.460097938	-0.038299466	-1.014581106	-3.121364332	0.000021255	0.001165644	-0.000921914	0.000030825	-0.000243121	-0.000024201
3.475000000	-0.032523946	0.554155313	0.460097038	-0.038299437	-1.014581343	-3.121364355	0.000020255	0.001110236	-0.000878093	0.000029372	-0.000231563	-0.000023057
3.476000000	-0.032523928	0.554156396	0.460096181	-0.038299409	-1.014581569	-3.121364377	0.000019278	0.001056140	-0.000835309	0.000027952	-0.000220280	-0.000021939
3.477000000	-0.032523910	0.554157426	0.460095367	-0.038299383	-1.014581784	-3.121364398	0.000018323	0.001003360	-0.000793565	0.000026565	-0.000209270	-0.000020848
3.478000000	-0.032523893	0.554158403	0.460094594	-0.038299358	-1.014581988	-3.121364418	0.000017391	0.000951896	-0.000752863	0.000025212	-0.000198536	-0.000019784
3.479000000	-0.032523877	0.554159330	0.460093861	-0.038299335	-1.014582181	-3.121364436	0.000016482	0.000901753	-0.000713205	0.000023892	-0.000188077	-0.000018746
3.480000000	-0.032523861	0.554160208	0.460093167	-0.038299312	-1.014582364	-3.121364454	0.000015596	0.000852933	-0.000674593	0.000022606	-0.000177894	-0.000017735
3.481000000	-0.032523847	0.554161037	0.460092512	-0.038299291	-1.014582537	-3.121364471	0.000014733	0.000805440	-0.000637030	0.000021354	-0.000167988	-0.000016751
3.482000000	-0.032523833	0.554161819	0.460091893	-0.038299271	-1.014582701	-3.121364487	0.000013894	0.000759275	-0.000600519	0.000020136	-0.000158359	-0.000015794
3.483000000	-0.032523821	0.554162556	0.460091310	-0.038299252	-1.014582854	-3.121364502	0.000013078	0.000714442	-0.000565060	0.000018952	-0.000149008	-0.000014864
3.484000000	-0.032523809	0.554163248	0.460090762	-0.038299235	-1.014582999	-3.121364516	0.000012286	0.000670943	-0.000530657	0.000017803	-0.000139935	-0.000013961
3.485000000	-0.032523797	0.554163898	0.460090249	-0.038299218	-1.014583135	-3.121364529	0.000011517	0.000628782	-0.000497312	0.000016688	-0.000131141	-0.000013086
3.486000000	-0.032523787	0.554164506	0.460089768	-0.038299203	-1.014583261	-3.121364541	0.000010772	0.000587962	-0.000465026	0.000015608	-0.000122627	-0.000012238
3.487000000	-0.032523777	0.554165075	0.460089318	-0.038299188	-1.014583380	-3.121364553	0.000010052	0.000548484	-0.000433803	0.000014563	-0.000114394	-0.000011418
3.488000000	-0.032523768	0.554165604	0.460088900	-0.038299175	-1.014583490	-3.121364563	0.000009355	0.000510353	-0.000403645	0.000013553	-0.000106440	-0.000010626
3.489000000	-0.032523759	0.554166096	0.460088511	-0.038299162	-1.014583593	-3.121364573	0.000008683	0.000473570	-0.000374553	0.000012579	-0.000098769	-0.000009861
3.490000000	-0.032523751	0.554166552	0.460088150	-0.038299151	-1.014583688	-3.121364582	0.000008035	0.000438139	-0.000346530	0.000011640	-0.000091379	-0.000009125
3.491000000	-0.032523744	0.554166973	0.460087817	-0.038299140	-1.014583776	-3.121364591	0.000007411	0.000404063	-0.000319579	0.000010736	-0.000084272	-0.000008416
3.492000000	-0.032523737	0.554167360	0.460087511	-0.038299130	-1.014583857	-3.121364599	0.000006812	0.000371344	-0.000293701	0.000009868	-0.000077448	-0.000007735
3.493000000	-0.032523731	0.554167716	0.460087229	-0.038299121	-1.014583931	-3.121364606	0.000006238	0.000339985	-0.000268899	0.000009036	-0.000070907	-0.000007082
3.494000000	-0.032523725	0.554168041	0.460086973	-0.038299113	-1.014583999	-3.121364613	0.000005689	0.000309989	-0.000245175	0.000008240	-0.000064651	-0.000006458
3.495000000	-0.032523720	0.554168336	0.460086739	-0.038299105	-1.014584061	-3.121364619	0.000005164	0.000281359	-0.000222531	0.000007480	-0.000058680	-0.000005862
3.496000000	-0.032523715	0.554168604	0.460086527	-0.038299099	-1.014584116	-3.121364624	0.000004664	0.000254098	-0.000200970	0.000006756	-0.000052995	-0.000005294
3.497000000	-0.032523711	0.554168845	0.460086337	-0.038299093	-1.014584167	-3.121364629	0.000004189	0.000228209	-0.000180494	0.000006068	-0.000047595	-0.000004755
3.498000000	-0.032523708	0.554169061	0.460086166	-0.038299087	-1.014584212	-3.121364633	0.000003740	0.000203694	-0.000161105	0.000005416	-0.000042482	-0.000004245
3.499000000	-0.032523704	0.554169253	0.460086014	-0.038299082	-1.014584252	-3.121364637	0.000003315	0.000180556	-0.000142805	0.000004802	-0.000037657	-0.000003763
3.500000000	-0.032523701	0.554169422	0.460085880	-0.038299078	-1.014584287	-3.121364641	0.000002916	0.000158799	-0.000125597	0.000004223	-0.000033119	-0.000003309
3.501000000	-0.032523699	0.554169571	0.460085762	-0.038299074	-1.014584318	-3.121364644	0.000002542	0.000138425	-0.000109482	0.000003682	-0.000028870	-0.000002885
3.502000000	-0.032523696	0.554169700	0.460085661	-0.038299071	-1.014584345	-3.121364646	0.000002193	0.000119436	-0.000094464	0.000003177	-0.000024910	-0.000002489
3.503000000	-0.032523695	0.554169810	0.460085573	-0.038299068	-1.014584368	-3.121364648	0.000001870	0.000101837	-0.000080544	0.000002709	-0.000021239	-0.000002123
3.504000000	-0.032523693	0.554169904	0.460085499	-0.038299066	-1.014584388	-3.121364650	0.000001573	0.000085629	-0.000067725	0.000002278	-0.000017859	-0.000001785
3.505000000	-0.032523692	0.554169982	0.460085437	-0.038299064	-1.014584404	-3.121364652	0.000001301	0.000070815	-0.000056009	0.000001884	-0.000014769	-0.000001476
3.506000000	-0.032523690	0.554170046	0.460085387	-0.038299062	-1.014584417	-3.121364653	0.000001054	0.000057399	-0.000045398	0.000001527	-0.000011971	-0.000001196
3.507000000	-0.032523690	0.554170097	0.460085346	-0.038299061	-1.014584428	-3.121364654	0.000000834	0.000045382	-0.000035894	0.000001207	-0.000009465	-0.000000946
3.508000000	-0.032523689	0.554170137	0.460085315	-0.038299060	-1.014584436	-3.121364655	0.000000639	0.000034769	-0.000027500	0.000000925	-0.000007251	-0.000000725
3.509000000	-0.032523688	0.554170167	0.460085291	-0.038299059	-1.014584443	-3.121364656	0.000000470	0.000025562	-0.000020217	0.000000680	-0.000005331	-0.000000533
3.510000000	-0.032523688	0.554170189	0.460085274	-0.038299058	-1.014584447	-3.121364656	0.000000326	0.000017763	-0.000014049	0.000000473	-0.000003705	-0.000000370
3.511000000	-0.032523688	0.554170203	0.460085262	-0.038299058	-1.014584450	-3.121364656	0.000000209	0.000011376	-0.000008997	0.000000303	-0.000002373	-0.000000237
3.512000000	-0.032523688	0.554170212	0.460085255	-0.038299058	-1.014584452	-3.121364657	0.000000118	0.000006403	-0.000005064	0.000000170	-0.000001335	-0.000000133
3.513000000	-0.032523687	0.554170217	0.460085252	-0.038299058	-1.014584453	-3.121364657	0.000000052	0.000002848	-0.000002252	0.000000076	-0.000000594	-0.000000059
3.514000000	-0.032523687	0.554170218	0.460085250	-0.038299058	-1.014584453	-3.121364657	0.000000013	0.000000712	-0.000000563	0.000000019	-0.000000149	-0.000000015
3.515000000	-0.032523687	0.554170218	0.460085250	-0.038299058	-1.014584453	-3.121364657	0.000000000	0.000000000	0.000000000	0.000000000	0.000000000	0.000000000
