time_s	q1_rad	q2_rad	q3_rad	q4_rad	q5_rad	q6_rad	dq1_rad_s	dq2_rad_s	dq3_rad_s	dq4_rad_s	dq5_rad_s	dq6_rad_s
0.000000000	-0.032523687	0.554170217	0.460085226	-0.038299059	-1.014584428	-3.121364655	0.000000000	0.000000000	0.000000000	0.000000000	0.000000000	0.000000000
0.001000000	-0.032523687	0.554170217	0.460085226	-0.038299059	-1.014584428	-3.121364655	0.000000007	0.000000356	-0.000000282	0.000000009	-0.000000074	-0.000000007
0.002000000	-0.032523687	0.554170218	0.460085225	-0.038299059	-1.014584428	-3.121364655	0.000000026	0.000001425	-0.000001127	0.000000038	-0.000000297	-0.000000030
0.003000000	-0.032523687	0.554170220	0.460085224	-0.038299058	-1.014584428	-3.121364655	0.000000059	0.000003203	-0.000002533	0.000000085	-0.000000668	-0.000000067
0.004000000	-0.032523687	0.554170224	0.460085220	-0.038299058	-1.014584429	-3.121364655	0.000000105	0.000005691	-0.000004501	0.000000151	-0.000001187	-0.000000119
0.005000000	-0.032523687	0.554170232	0.460085215	-0.038299058	-1.014584431	-3.121364655	0.000000163	0.000008887	-0.000007028	0.000000236	-0.000001854	-0.000000185
0.006000000	-0.032523687	0.554170242	0.460085206	-0.038299058	-1.014584433	-3.121364655	0.000000235	0.000012788	-0.000010113	0.000000340	-0.000002668	-0.000000267
0.007000000	-0.032523687	0.554170257	0.460085194	-0.038299057	-1.014584436	-3.121364656	0.000000319	0.000017395	-0.000013756	0.000000463	-0.000003629	-0.000000363
0.008000000	-0.032523686	0.554170277	0.460085178	-0.038299057	-1.014584440	-3.121364656	0.000000417	0.000022704	-0.000017955	0.000000604	-0.000004737	-0.000000473
0.009000000	-0.032523686	0.554170303	0.460085158	-0.038299056	-1.014584446	-3.121364657	0.000000527	0.000028716	-0.000022710	0.000000764	-0.000005991	-0.000000599
0.010000000	-0.032523685	0.554170335	0.460085133	-0.038299055	-1.014584452	-3.121364657	0.000000651	0.000035428	-0.000028018	0.000000942	-0.000007392	-0.000000739
0.011000000	-0.032523684	0.554170374	0.460085102	-0.038299054	-1.014584460	-3.121364658	0.000000787	0.000042839	-0.000033879	0.000001140	-0.000008938	-0.000000893
0.012000000	-0.032523683	0.554170421	0.460085065	-0.038299053	-1.014584470	-3.121364659	0.000000936	0.000050948	-0.000040291	0.000001355	-0.000010630	-0.000001062
0.013000000	-0.032523682	0.554170476	0.460085021	-0.038299052	-1.014584482	-3.121364660	0.000001097	0.000059752	-0.000047254	0.000001590	-0.000012467	-0.000001246
0.014000000	-0.032523681	0.554170541	0.460084970	-0.038299050	-1.014584495	-3.121364662	0.000001272	0.000069252	-0.000054767	0.000001842	-0.000014449	-0.000001444
0.015000000	-0.032523680	0.554170615	0.460084911	-0.038299048	-1.014584511	-3.121364663	0.000001459	0.000079445	-0.000062828	0.000002114	-0.000016575	-0.000001657
0.016000000	-0.032523678	0.554170700	0.460084844	-0.038299045	-1.014584528	-3.121364665	0.000001659	0.000090330	-0.000071436	0.000002403	-0.000018846	-0.000001884
0.017000000	-0.032523676	0.554170796	0.460084768	-0.038299043	-1.014584548	-3.121364667	0.000001872	0.000101905	-0.000080591	0.000002711	-0.000021261	-0.000002125
0.018000000	-0.032523674	0.554170904	0.460084683	-0.038299040	-1.014584571	-3.121364669	0.000002097	0.000114170	-0.000090290	0.000003038	-0.000023820	-0.000002381
0.019000000	-0.032523672	0.554171024	0.460084587	-0.038299037	-1.014584596	-3.121364672	0.000002335	0.000127122	-0.000100533	0.000003383	-0.000026522	-0.000002651
0.020000000	-0.032523670	0.554171158	0.460084482	-0.038299033	-1.014584624	-3.121364675	0.000002586	0.000140760	-0.000111318	0.000003746	-0.000029368	-0.000002936
0.021000000	-0.032523667	0.554171306	0.460084365	-0.038299029	-1.014584655	-3.121364678	0.000002849	0.000155083	-0.000122646	0.000004127	-0.000032356	-0.000003235
0.022000000	-0.032523664	0.554171469	0.460084236	-0.038299025	-1.014584689	-3.121364681	0.000003125	0.000170089	-0.000134513	0.000004527	-0.000035487	-0.000003548
0.023000000	-0.032523660	0.554171647	0.460084095	-0.038299020	-1.014584726	-3.121364685	0.000003414	0.000185778	-0.000146920	0.000004945	-0.000038760	-0.000003875
0.024000000	-0.032523657	0.554171841	0.460083942	-0.038299014	-1.014584766	-3.121364689	0.000003715	0.000202146	-0.000159865	0.000005381	-0.000042175	-0.000004217
0.025000000	-0.032523653	0.554172051	0.460083775	-0.038299009	-1.014584810	-3.121364694	0.000004029	0.000219194	-0.000173348	0.000005835	-0.000045732	-0.000004573
0.026000000	-0.032523648	0.554172279	0.460083595	-0.038299003	-1.014584858	-3.121364698	0.000004355	0.000236920	-0.000187366	0.000006307	-0.000049430	-0.000004943
0.027000000	-0.032523644	0.554172525	0.460083401	-0.038298996	-1.014584909	-3.121364704	0.000004694	0.000255321	-0.000201919	0.000006798	-0.000053269	-0.000005327
0.028000000	-0.032523639	0.554172790	0.460083191	-0.038298989	-1.014584964	-3.121364709	0.000005045	0.000274398	-0.000217005	0.000007307	-0.000057249	-0.000005725
0.029000000	-0.032523633	0.554173074	0.460082966	-0.038298981	-1.014585024	-3.121364715	0.000005409	0.000294148	-0.000232624	0.000007833	-0.000061370	-0.000006138
0.030000000	-0.032523628	0.554173378	0.460082726	-0.038298973	-1.014585087	-3.121364722	0.000005785	0.000314570	-0.000248775	0.000008378	-0.000065630	-0.000006565
0.031000000	-0.032523622	0.554173704	0.460082469	-0.038298964	-1.014585155	-3.121364728	0.000006174	0.000335662	-0.000265455	0.000008941	-0.000070031	-0.000007005
0.032000000	-0.032523615	0.554174050	0.460082195	-0.038298954	-1.014585227	-3.121364736	0.000006575	0.000357423	-0.000282665	0.000009522	-0.000074571	-0.000007460
0.033000000	-0.032523608	0.554174419	0.460081903	-0.038298944	-1.014585304	-3.121364744	0.000006989	0.000379852	-0.000300403	0.000010121	-0.000079250	-0.000007929
0.034000000	-0.032523601	0.554174810	0.460081594	-0.038298934	-1.014585386	-3.121364752	0.000007415	0.000402947	-0.000318668	0.000010737	-0.000084068	-0.000008412
0.035000000	-0.032523593	0.554175225	0.460081266	-0.038298922	-1.014585472	-3.121364761	0.000007854	0.000426707	-0.000337459	0.000011372	-0.000089025	-0.000008909
0.036000000	-0.032523585	0.554175664	0.460080918	-0.038298911	-1.014585564	-3.121364770	0.000008305	0.000451131	-0.000356774	0.000012025	-0.000094120	-0.000009420
0.037000000	-0.032523576	0.554176127	0.460080552	-0.038298898	-1.014585660	-3.121364780	0.000008769	0.000476216	-0.000376613	0.000012696	-0.000099354	-0.000009945
0.038000000	-0.032523567	0.554176616	0.460080165	-0.038298885	-1.014585762	-3.121364790	0.000009245	0.000501962	-0.000396974	0.000013385	-0.000104725	-0.000010484
0.039000000	-0.032523557	0.554177131	0.460079758	-0.038298871	-1.014585870	-3.121364801	0.000009734	0.000528367	-0.000417857	0.000014092	-0.000110233	-0.000011036
0.040000000	-0.032523547	0.554177673	0.460079329	-0.038298856	-1.014585983	-3.121364812	0.000010235	0.000555429	-0.000439259	0.000014816	-0.000115879	-0.000011603
0.041000000	-0.032523536	0.554178242	0.460078879	-0.038298840	-1.014586101	-3.121364825	0.000010748	0.000583148	-0.000461181	0.000015559	-0.000121661	-0.000012184
0.042000000	-0.032523525	0.554178840	0.460078406	-0.038298824	-1.014586226	-3.121364837	0.000011274	0.000611522	-0.000483621	0.000016320	-0.000127580	-0.000012779
0.043000000	-0.032523513	0.554179466	0.460077911	-0.038298807	-1.014586357	-3.121364850	0.000011813	0.000640549	-0.000506577	0.000017098	-0.000133636	-0.000013387
0.044000000	-0.032523501	0.554180121	0.460077393	-0.038298789	-1.014586493	-3.121364864	0.000012364	0.000670228	-0.000530049	0.000017895	-0.000139827	-0.000014010
0.045000000	-0.032523488	0.554180806	0.460076851	-0.038298771	-1.014586636	-3.121364879	0.000012927	0.000700557	-0.000554035	0.000018709	-0.000146154	-0.000014646
0.046000000	-0.032523474	0.554181522	0.460076285	-0.038298751	-1.014586785	-3.121364894	0.000013504	0.000731535	-0.000578535	0.000019542	-0.000152616	-0.000015297
0.047000000	-0.032523460	0.554182269	0.460075694	-0.038298731	-1.014586941	-3.121364910	0.000014092	0.000763162	-0.000603547	0.000020392	-0.000159213	-0.000015961
0.048000000	-0.032523445	0.554183049	0.460075077	-0.038298710	-1.014587104	-3.121364926	0.000014693	0.000795434	-0.000629071	0.000021261	-0.000165945	-0.000016639
0.049000000	-0.032523430	0.554183860	0.460074435	-0.038298688	-1.014587273	-3.121364943	0.000015307	0.000828351	-0.000655104	0.000022147	-0.000172812	-0.000017331
0.050000000	-0.032523414	0.554184706	0.460073767	-0.038298665	-1.014587449	-3.121364961	0.000015933	0.000861912	-0.000681646	0.000023052	-0.000179812	-0.000018037
0.051000000	-0.032523397	0.554185584	0.460073072	-0.038298641	-1.014587633	-3.121364980	0.000016572	0.000896114	-0.000708696	0.000023974	-0.000186946	-0.000018757
0.052000000	-0.032523380	0.554186498	0.460072349	-0.038298616	-1.014587823	-3.121364999	0.000017224	0.000930957	-0.000736253	0.000024915	-0.000194214	-0.000019490
0.053000000	-0.032523362	0.554187447	0.460071599	-0.038298590	-1.014588021	-3.121365019	0.000017888	0.000966439	-0.000764315	0.000025873	-0.000201615	-0.000020238
0.054000000	-0.032523344	0.554188431	0.460070821	-0.038298563	-1.014588226	-3.121365040	0.000018565	0.001002559	-0.000792882	0.000026850	-0.000209149	-0.000020999
0.055000000	-0.032523324	0.554189452	0.460070013	-0.038298536	-1.014588439	-3.121365062	0.000019254	0.001039314	-0.000821952	0.000027845	-0.000216816	-0.000021774
0.056000000	-0.032523305	0.554190510	0.460069176	-0.038298507	-1.014588660	-3.121365084	0.000019956	0.001076705	-0.000851524	0.000028858	-0.000224614	-0.000022564
0.057000000	-0.032523284	0.554191605	0.460068310	-0.038298477	-1.014588888	-3.121365107	0.000020672	0.001114729	-0.000881597	0.000029889	-0.000232545	-0.000023367
0.058000000	-0.032523262	0.554192739	0.460067413	-0.038298446	-1.014589125	-3.121365131	0.000021399	0.001153385	-0.000912170	0.000030938	-0.000240607	-0.000024184
0.059000000	-0.032523240	0.554193912	0.460066485	-0.038298414	-1.014589370	-3.121365156	0.000022140	0.001192672	-0.000943241	0.000032006	-0.000248801	-0.000025015
0.060000000	-0.032523217	0.554195125	0.460065526	-0.038298381	-1.014589623	-3.121365182	0.000022894	0.001232587	-0.000974811	0.000033092	-0.000257126	-0.000025860
0.061000000	-0.032523194	0.554196378	0.460064535	-0.038298347	-1.014589884	-3.121365208	0.000023660	0.001273130	-0.001006877	0.000034196	-0.000265581	-0.000026718
0.062000000	-0.032523169	0.554197671	0.460063512	-0.038298312	-1.014590154	-3.121365236	0.000024439	0.001314300	-0.001039438	0.000035318	-0.000274167	-0.000027591
0.063000000	-0.032523144	0.554199007	0.460062456	-0.038298276	-1.014590432	-3.121365264	0.000025232	0.001356094	-0.001072494	0.000036459	-0.000282883	-0.000028478
0.064000000	-0.032523118	0.554200384	0.460061367	-0.038298238	-1.014590719	-3.121365293	0.000026037	0.001398511	-0.001106043	0.000037619	-0.000291729	-0.000029378
0.065000000	-0.032523091	0.554201804	0.460060244	-0.038298200	-1.014591015	-3.121365323	0.000026856	0.001441551	-0.001140084	0.000038796	-0.000300705	-0.000030293
0.066000000	-0.032523064	0.554203267	0.460059087	-0.038298160	-1.014591321	-3.121365354	0.000027687	0.001485211	-0.001174616	0.000039993	-0.000309809	-0.000031221
0.067000000	-0.032523035	0.554204774	0.460057895	-0.038298119	-1.014591635	-3.121365386	0.000028532	0.001529489	-0.001209637	0.000041208	-0.000319043	-0.000032164
0.068000000	-0.032523006	0.554206326	0.460056667	-0.038298077	-1.014591959	-3.121365419	0.000029390	0.001574386	-0.001245148	0.000042442	-0.000328405	-0.000033121
0.069000000	-0.032522976	0.554207923	0.460055404	-0.038298033	-1.014592292	-3.121365452	0.000030262	0.001619899	-0.001281145	0.000043694	-0.000337895	-0.000034091
0.070000000	-0.032522945	0.554209566	0.460054105	-0.038297989	-1.014592634	-3.121365487	0.000031146	0.001666026	-0.001317630	0.000044965	-0.000347513	-0.000035076
0.071000000	-0.032522913	0.554211255	0.460052769	-0.038297943	-1.014592987	-3.121365523	0.000032045	0.001712767	-0.001354600	0.000046255	-0.000357259	-0.000036075
0.072000000	-0.032522880	0.554212992	0.460051395	-0.038297896	-1.014593349	-3.121365560	0.000032956	0.001760120	-0.001392054	0.000047564	-0.000367132	-0.000037088
0.073000000	-0.032522847	0.554214776	0.460049984	-0.038297847	-1.014593721	-3.121365597	0.000033881	0.001808083	-0.001429991	0.000048892	-0.000377132	-0.000038115
0.074000000	-0.032522812	0.554216608	0.460048535	-0.038297797	-1.014594103	-3.121365636	0.000034820	0.001856655	-0.001468410	0.000050239	-0.000387259	-0.000039157
0.075000000	-0.032522777	0.554218489	0.460047047	-0.038297746	-1.014594495	-3.121365676	0.000035773	0.001905835	-0.001507309	0.000051605	-0.000397513	-0.000040212
0.076000000	-0.032522740	0.554220420	0.460045520	-0.038297694	-1.014594898	-3.121365717	0.000036739	0.001955621	-0.001546689	0.000052990	-0.000407892	-0.000041282
0.077000000	-0.032522703	0.554222401	0.460043954	-0.038297640	-1.014595311	-3.121365759	0.000037719	0.002006012	-0.001586547	0.000054394	-0.000418397	-0.000042366
0.078000000	-0.032522665	0.554224432	0.460042347	-0.038297585	-1.014595735	-3.121365802	0.000038713	0.002057006	-0.001626883	0.000055818	-0.000429027	-0.000043464
0.079000000	-0.032522625	0.554226515	0.460040700	-0.038297528	-1.014596169	-3.121365846	0.000039721	0.002108602	-0.001667695	0.000057262	-0.000439783	-0.000044577
0.080000000	-0.032522585	0.554228650	0.460039011	-0.038297470	-1.014596615	-3.121365891	0.000040743	0.002160799	-0.001708982	0.000058725	-0.000450664	-0.000045704
0.081000000	-0.032522544	0.554230837	0.460037282	-0.038297410	-1.014597071	-3.121365937	0.000041779	0.002213594	-0.001750744	0.000060207	-0.000461668	-0.000046846
0.082000000	-0.032522502	0.554233077	0.460035510	-0.038297350	-1.014597538	-3.121365985	0.000042830	0.002266987	-0.001792978	0.000061709	-0.000472798	-0.000048002
0.083000000	-0.032522458	0.554235371	0.460033696	-0.038297287	-1.014598016	-3.121366033	0.000043894	0.002320976	-0.001835684	0.000063231	-0.000484051	-0.000049172
0.084000000	-0.032522414	0.554237719	0.460031838	-0.038297223	-1.014598506	-3.121366083	0.000044974	0.002375560	-0.001878862	0.000064773	-0.000495427	-0.000050357
0.085000000	-0.032522369	0.554240122	0.460029938	-0.038297158	-1.014599007	-3.121366134	0.000046067	0.002430737	-0.001922508	0.000066335	-0.000506927	-0.000051557
0.086000000	-0.032522322	0.554242581	0.460027993	-0.038297091	-1.014599520	-3.121366186	0.000047176	0.002486506	-0.001966624	0.000067917	-0.000518549	-0.000052771
0.087000000	-0.032522275	0.554245096	0.460026004	-0.038297023	-1.014600044	-3.121366239	0.000048299	0.002542865	-0.002011207	0.000069520	-0.000530295	-0.000054000
0.088000000	-0.032522226	0.554247667	0.460023971	-0.038296953	-1.014600581	-3.121366293	0.000049437	0.002599814	-0.002056256	0.000071142	-0.000542162	-0.000055243
0.089000000	-0.032522177	0.554250295	0.460021892	-0.038296881	-1.014601129	-3.121366349	0.000050590	0.002657350	-0.002101770	0.000072786	-0.000554152	-0.000056502
0.090000000	-0.032522126	0.554252982	0.460019767	-0.038296808	-1.014601689	-3.121366406	0.000051757	0.002715472	-0.002147748	0.000074449	-0.000566263	-0.000057775
0.091000000	-0.032522074	0.554255727	0.460017596	-0.038296734	-1.014602262	-3.121366464	0.000052940	0.002774178	-0.002194190	0.000076134	-0.000578495	-0.000059063
0.092000000	-0.032522021	0.554258530	0.460015379	-0.038296658	-1.014602847	-3.121366523	0.000054139	0.002833468	-0.002241093	0.000077839	-0.000590848	-0.000060366
0.093000000	-0.032521967	0.554261394	0.460013114	-0.038296580	-1.014603444	-3.121366584	0.000055352	0.002893340	-0.002288457	0.000079566	-0.000603323	-0.000061684
0.094000000	-0.032521912	0.554264317	0.460010802	-0.038296500	-1.014604053	-3.121366646	0.000056581	0.002953792	-0.002336281	0.000081313	-0.000615917	-0.000063017
0.095000000	-0.032521856	0.554267302	0.460008441	-0.038296419	-1.014604676	-3.121366709	0.000057826	0.003014823	-0.002384563	0.000083082	-0.000628631	-0.000064365
0.096000000	-0.032521798	0.554270347	0.460006033	-0.038296336	-1.014605311	-3.121366773	0.000059087	0.003076432	-0.002433302	0.000084872	-0.000641465	-0.000065728
0.097000000	-0.032521740	0.554273455	0.460003575	-0.038296252	-1.014605959	-3.121366839	0.000060363	0.003138616	-0.002482498	0.000086683	-0.000654419	-0.000067107
0.098000000	-0.032521680	0.554276625	0.460001068	-0.038296166	-1.014606620	-3.121366906	0.000061655	0.003201376	-0.002532149	0.000088516	-0.000667491	-0.000068500
0.099000000	-0.032521619	0.554279858	0.459998511	-0.038296078	-1.014607295	-3.121366974	0.000062964	0.003264708	-0.002582254	0.000090371	-0.000680683	-0.000069910
0.100000000	-0.032521557	0.554283155	0.459995903	-0.038295988	-1.014607982	-3.121367044	0.000064289	0.003328612	-0.002632812	0.000092248	-0.000693992	-0.000071334
0.101000000	-0.032521493	0.554286516	0.459993245	-0.038295897	-1.014608683	-3.121367115	0.000065630	0.003393087	-0.002683821	0.000094147	-0.000707420	-0.000072774
0.102000000	-0.032521428	0.554289941	0.459990536	-0.038295803	-1.014609397	-3.121367188	0.000066987	0.003458130	-0.002735281	0.000096069	-0.000720966	-0.000074230
0.103000000	-0.032521359	0.554293432	0.459987774	-0.038295704	-1.014610125	-3.121367264	0.000068362	0.003523740	-0.002787188	0.000098013	-0.000734632	-0.000075702
0.104000000	-0.032521288	0.554296989	0.459984961	-0.038295603	-1.014610866	-3.121367342	0.000069753	0.003589916	-0.002839543	0.000099979	-0.000748415	-0.000077189
0.105000000	-0.032521216	0.554300612	0.459982095	-0.038295500	-1.014611621	-3.121367420	0.000071161	0.003656657	-0.002892345	0.000101968	-0.000762314	-0.000078692
0.106000000	-0.032521143	0.554304302	0.459979176	-0.038295395	-1.014612390	-3.121367501	0.000072586	0.003723960	-0.002945593	0.000103980	-0.000776331	-0.000080211
0.107000000	-0.032521068	0.554308060	0.459976203	-0.038295289	-1.014613174	-3.121367583	0.000074028	0.003791826	-0.002999286	0.000106015	-0.000790463	-0.000081746
0.108000000	-0.032520992	0.554311886	0.459973177	-0.038295180	-1.014613971	-3.121367666	0.000075488	0.003860251	-0.003053423	0.000108074	-0.000804712	-0.000083297
0.109000000	-0.032520915	0.554315780	0.459970096	-0.038295070	-1.014614783	-3.121367751	0.000076966	0.003929235	-0.003108002	0.000110156	-0.000819076	-0.000084865
0.110000000	-0.032520836	0.554319744	0.459966960	-0.038294957	-1.014615609	-3.121367837	0.000078461	0.003998777	-0.003163023	0.000112261	-0.000833556	-0.000086448
0.111000000	-0.032520756	0.554323778	0.459963770	-0.038294843	-1.014616449	-3.121367925	0.000079974	0.004068874	-0.003218485	0.000114391	-0.000848150	-0.000088048
0.112000000	-0.032520674	0.554327882	0.459960523	-0.038294727	-1.014617305	-3.121368014	0.000081506	0.004139526	-0.003274386	0.000116544	-0.000862859	-0.000089664
0.113000000	-0.032520591	0.554332057	0.459957220	-0.038294608	-1.014618175	-3.121368105	0.000083055	0.004210731	-0.003330725	0.000118722	-0.000877683	-0.000091297
0.114000000	-0.032520507	0.554336304	0.459953861	-0.038294488	-1.014619060	-3.121368197	0.000084623	0.004282488	-0.003387502	0.000120924	-0.000892620	-0.000092946
0.115000000	-0.032520421	0.554340622	0.459950445	-0.038294365	-1.014619960	-3.121368291	0.000086210	0.004354795	-0.003444714	0.000123151	-0.000907671	-0.000094612
0.116000000	-0.032520334	0.554345013	0.459946971	-0.038294241	-1.014620875	-3.121368387	0.000087816	0.004427650	-0.003502361	0.000125403	-0.000922836	-0.000096295
0.117000000	-0.032520245	0.554349478	0.459943440	-0.038294114	-1.014621805	-3.121368484	0.000089440	0.004501053	-0.003560442	0.000127680	-0.000938114	-0.000097995
0.118000000	-0.032520155	0.554354016	0.459939850	-0.038293986	-1.014622751	-3.121368583	0.000091084	0.004575001	-0.003618956	0.000129982	-0.000953504	-0.000099712
0.119000000	-0.032520064	0.554358628	0.459936202	-0.038293855	-1.014623712	-3.121368683	0.000092747	0.004649494	-0.003677901	0.000132309	-0.000969006	-0.000101446
0.120000000	-0.032519971	0.554363315	0.459932494	-0.038293722	-1.014624689	-3.121368785	0.000094430	0.004724530	-0.003737277	0.000134663	-0.000984621	-0.000103197
0.121000000	-0.032519876	0.554368077	0.459928727	-0.038293587	-1.014625682	-3.121368889	0.000096132	0.004800108	-0.003797082	0.000137042	-0.001000348	-0.000104965
0.122000000	-0.032519780	0.554372916	0.459924900	-0.038293450	-1.014626690	-3.121368994	0.000097855	0.004876225	-0.003857315	0.000139447	-0.001016185	-0.000106751
0.123000000	-0.032519682	0.554377830	0.459921012	-0.038293310	-1.014627714	-3.121369101	0.000099598	0.004952881	-0.003917975	0.000141879	-0.001032134	-0.000108554
0.124000000	-0.032519583	0.554382822	0.459917064	-0.038293169	-1.014628755	-3.121369210	0.000101361	0.005030074	-0.003979061	0.000144338	-0.001048194	-0.000110375
0.125000000	-0.032519482	0.554387891	0.459913054	-0.038293025	-1.014629811	-3.121369320	0.000103145	0.005107803	-0.004040572	0.000146823	-0.001064364	-0.000112214
0.126000000	-0.032519380	0.554393038	0.459908982	-0.038292879	-1.014630884	-3.121369432	0.000104949	0.005186067	-0.004102507	0.000149335	-0.001080644	-0.000114071
0.127000000	-0.032519276	0.554398263	0.459904849	-0.038292731	-1.014631973	-3.121369546	0.000106775	0.005264863	-0.004164864	0.000151875	-0.001097033	-0.000115946
0.128000000	-0.032519171	0.554403568	0.459900653	-0.038292580	-1.014633078	-3.121369661	0.000108622	0.005344190	-0.004227643	0.000154443	-0.001113533	-0.000117838
0.129000000	-0.032519063	0.554408952	0.459896394	-0.038292427	-1.014634200	-3.121369779	0.000110490	0.005424047	-0.004290840	0.000157038	-0.001130142	-0.000119750
0.130000000	-0.032518949	0.554414416	0.459892071	-0.038292265	-1.014635338	-3.121369901	0.000112379	0.005504431	-0.004354450	0.000159661	-0.001146865	-0.000121680
0.131000000	-0.032518833	0.554419961	0.459887684	-0.038292102	-1.014636493	-3.121370025	0.000114291	0.005585342	-0.004418478	0.000162313	-0.001163697	-0.000123628
0.132000000	-0.032518716	0.554425587	0.459883234	-0.038291935	-1.014637665	-3.121370151	0.000116225	0.005666778	-0.004482923	0.000164993	-0.001180637	-0.000125595
0.133000000	-0.032518597	0.554431294	0.459878718	-0.038291767	-1.014638854	-3.121370279	0.000118181	0.005748738	-0.004547783	0.000167703	-0.001197685	-0.000127581
0.134000000	-0.032518476	0.554437084	0.459874138	-0.038291596	-1.014640060	-3.121370409	0.000120159	0.005831221	-0.004613057	0.000170441	-0.001214841	-0.000129586
0.135000000	-0.032518354	0.554442957	0.459869492	-0.038291423	-1.014641284	-3.121370540	0.000122161	0.005914225	-0.004678745	0.000173209	-0.001232105	-0.000131610
0.136000000	-0.032518229	0.554448913	0.459864780	-0.038291247	-1.014642524	-3.121370673	0.000124186	0.005997749	-0.004744845	0.000176007	-0.001249475	-0.000133653
0.137000000	-0.032518103	0.554454952	0.459860002	-0.038291068	-1.014643782	-3.121370809	0.000126234	0.006081792	-0.004811356	0.000178835	-0.001266952	-0.000135716
0.138000000	-0.032517976	0.554461076	0.459855157	-0.038290888	-1.014645058	-3.121370946	0.000128306	0.006166351	-0.004878276	0.000181693	-0.001284536	-0.000137798
0.139000000	-0.032517846	0.554467285	0.459850245	-0.038290704	-1.014646352	-3.121371085	0.000130401	0.006251425	-0.004945606	0.000184582	-0.001302225	-0.000139900
0.140000000	-0.032517715	0.554473579	0.459845266	-0.038290518	-1.014647663	-3.121371225	0.000132521	0.006337014	-0.005013343	0.000187502	-0.001320020	-0.000142021
0.141000000	-0.032517582	0.554479959	0.459840219	-0.038290330	-1.014648992	-3.121371368	0.000134665	0.006423115	-0.005081487	0.000190453	-0.001337921	-0.000144162
0.142000000	-0.032517447	0.554486426	0.459835103	-0.038290139	-1.014650339	-3.121371513	0.000136834	0.006509727	-0.005150037	0.000193435	-0.001355927	-0.000146324
0.143000000	-0.032517310	0.554492979	0.459829918	-0.038289946	-1.014651704	-3.121371660	0.000139028	0.006596848	-0.005218990	0.000196450	-0.001374037	-0.000148505
0.144000000	-0.032517172	0.554499620	0.459824665	-0.038289749	-1.014653087	-3.121371808	0.000141247	0.006684478	-0.005288347	0.000199496	-0.001392252	-0.000150707
0.145000000	-0.032517031	0.554506349	0.459819342	-0.038289551	-1.014654489	-3.121371959	0.000143491	0.006772615	-0.005358106	0.000202575	-0.001410571	-0.000152930
0.146000000	-0.032516889	0.554513166	0.459813949	-0.038289349	-1.014655909	-3.121372111	0.000145761	0.006861257	-0.005428266	0.000205687	-0.001428993	-0.000155173
0.147000000	-0.032516745	0.554520072	0.459808485	-0.038289146	-1.014657347	-3.121372266	0.000148057	0.006950402	-0.005498826	0.000208832	-0.001447519	-0.000157437
0.148000000	-0.032516599	0.554527067	0.459802951	-0.038288939	-1.014658805	-3.121372423	0.000150380	0.007040051	-0.005569784	0.000212011	-0.001466148	-0.000159722
0.149000000	-0.032516444	0.554534152	0.459797345	-0.038288721	-1.014660280	-3.121372586	0.000152729	0.007130199	-0.005641140	0.000215223	-0.001484880	-0.000162028
0.150000000	-0.032516287	0.554541327	0.459791668	-0.038288501	-1.014661774	-3.121372751	0.000155105	0.007220847	-0.005712892	0.000218469	-0.001503714	-0.000164356
0.151000000	-0.032516128	0.554548593	0.459785919	-0.038288278	-1.014663287	-3.121372918	0.000157509	0.007311993	-0.005785039	0.000221750	-0.001522650	-0.000166705
0.152000000	-0.032515968	0.554555951	0.459780098	-0.038288052	-1.014664818	-3.121373087	0.000159939	0.007403635	-0.005857581	0.000225065	-0.001541687	-0.000169076
0.153000000	-0.032515805	0.554563400	0.459774204	-0.038287823	-1.014666369	-3.121373258	0.000162398	0.007495772	-0.005930515	0.000228416	-0.001560826	-0.000171468
0.154000000	-0.032515640	0.554570942	0.459768237	-0.038287592	-1.014667940	-3.121373431	0.000164885	0.007588404	-0.006003842	0.000231802	-0.001580067	-0.000173883
0.155000000	-0.032515473	0.554578577	0.459762196	-0.038287357	-1.014669529	-3.121373607	0.000167400	0.007681527	-0.006077559	0.000235224	-0.001599407	-0.000176319
0.156000000	-0.032515304	0.554586306	0.459756082	-0.038287120	-1.014671139	-3.121373785	0.000169944	0.007775141	-0.006151667	0.000238682	-0.001618849	-0.000178778
0.157000000	-0.032515133	0.554594128	0.459749893	-0.038286880	-1.014672767	-3.121373965	0.000172517	0.007869244	-0.006226162	0.000242177	-0.001638390	-0.000181260
0.158000000	-0.032514960	0.554602044	0.459743629	-0.038286637	-1.014674415	-3.121374147	0.000175119	0.007963836	-0.006301046	0.000245708	-0.001658031	-0.000183765
0.159000000	-0.032514785	0.554610056	0.459737290	-0.038286391	-1.014676084	-3.121374331	0.000177751	0.008058913	-0.006376315	0.000249277	-0.001677771	-0.000186292
0.160000000	-0.032514608	0.554618163	0.459730876	-0.038286142	-1.014677771	-3.121374517	0.000180413	0.008154476	-0.006451970	0.000252884	-0.001697611	-0.000188842
0.161000000	-0.032514428	0.554626365	0.459724386	-0.038285890	-1.014679479	-3.121374706	0.000183105	0.008250522	-0.006528009	0.000256529	-0.001717549	-0.000191416
0.162000000	-0.032514247	0.554634664	0.459717820	-0.038285636	-1.014681207	-3.121374897	0.000185828	0.008347050	-0.006604431	0.000260212	-0.001737585	-0.000194014
0.163000000	-0.032514064	0.554643060	0.459711178	-0.038285378	-1.014682955	-3.121375090	0.000188583	0.008444059	-0.006681235	0.000263934	-0.001757719	-0.000196635
0.164000000	-0.032513872	0.554651553	0.459704458	-0.038285110	-1.014684723	-3.121375289	0.000191368	0.008541546	-0.006758419	0.000267695	-0.001777951	-0.000199279
0.165000000	-0.032513676	0.554660143	0.459697661	-0.038284837	-1.014686511	-3.121375491	0.000194185	0.008639510	-0.006835983	0.000271496	-0.001798280	-0.000201948
0.166000000	-0.032513477	0.554668831	0.459690786	-0.038284560	-1.014688319	-3.121375696	0.000197034	0.008737951	-0.006913925	0.000275337	-0.001818706	-0.000204641
0.167000000	-0.032513276	0.554677619	0.459683832	-0.038284280	-1.014690147	-3.121375904	0.000199916	0.008836866	-0.006992244	0.000279218	-0.001839229	-0.000207359
0.168000000	-0.032513073	0.554686505	0.459676801	-0.038283997	-1.014691997	-3.121376114	0.000202830	0.008936255	-0.007070940	0.000283140	-0.001859848	-0.000210101
0.169000000	-0.032512868	0.554695491	0.459669690	-0.038283710	-1.014693867	-3.121376326	0.000205777	0.009036115	-0.007150011	0.000287104	-0.001880563	-0.000212868
0.170000000	-0.032512660	0.554704577	0.459662501	-0.038283421	-1.014695758	-3.121376540	0.000208758	0.009136446	-0.007229455	0.000291109	-0.001901374	-0.000215660
0.171000000	-0.032512450	0.554713764	0.459655231	-0.038283128	-1.014697670	-3.121376757	0.000211773	0.009237246	-0.007309273	0.000295156	-0.001922279	-0.000218478
0.172000000	-0.032512238	0.554723052	0.459647882	-0.038282832	-1.014699603	-3.121376976	0.000214822	0.009338513	-0.007389463	0.000299245	-0.001943280	-0.000221321
0.173000000	-0.032512024	0.554732441	0.459640452	-0.038282533	-1.014701557	-3.121377198	0.000217905	0.009440247	-0.007470023	0.000303378	-0.001964376	-0.000224190
0.174000000	-0.032511807	0.554741933	0.459632942	-0.038282230	-1.014703532	-3.121377422	0.000221023	0.009542444	-0.007550952	0.000307554	-0.001985565	-0.000227085
0.175000000	-0.032511587	0.554751527	0.459625350	-0.038281924	-1.014705528	-3.121377649	0.000224177	0.009645105	-0.007632251	0.000311773	-0.002006849	-0.000230006
0.176000000	-0.032511366	0.554761224	0.459617677	-0.038281615	-1.014707546	-3.121377878	0.000227367	0.009748228	-0.007713916	0.000316037	-0.002028226	-0.000232953
0.177000000	-0.032511135	0.554771024	0.459609923	-0.038281296	-1.014709585	-3.121378113	0.000230592	0.009851810	-0.007795947	0.000320346	-0.002049696	-0.000235927
0.178000000	-0.032510899	0.554780927	0.459602085	-0.038280968	-1.014711645	-3.121378353	0.000233854	0.009955850	-0.007878342	0.000324699	-0.002071258	-0.000238927
0.179000000	-0.032510660	0.554790935	0.459594166	-0.038280638	-1.014713727	-3.121378595	0.000237153	0.010060347	-0.007961102	0.000329098	-0.002092914	-0.000241955
0.180000000	-0.032510419	0.554801048	0.459586163	-0.038280304	-1.014715830	-3.121378840	0.000240488	0.010165300	-0.008044224	0.000333544	-0.002114661	-0.000245010
0.181000000	-0.032510176	0.554811265	0.459578077	-0.038279966	-1.014717956	-3.121379088	0.000243862	0.010270707	-0.008127708	0.000338035	-0.002136500	-0.000248092
0.182000000	-0.032509929	0.554821589	0.459569907	-0.038279625	-1.014720103	-3.121379338	0.000247274	0.010376567	-0.008211553	0.000342574	-0.002158431	-0.000251202
0.183000000	-0.032509681	0.554832019	0.459561654	-0.038279280	-1.014722273	-3.121379590	0.000250724	0.010482879	-0.008295757	0.000347160	-0.002180453	-0.000254341
0.184000000	-0.032509429	0.554842555	0.459553316	-0.038278932	-1.014724464	-3.121379845	0.000254213	0.010589640	-0.008380319	0.000351794	-0.002202565	-0.000257507
0.185000000	-0.032509175	0.554853198	0.459544893	-0.038278581	-1.014726678	-3.121380103	0.000257741	0.010696850	-0.008465238	0.000356476	-0.002224768	-0.000260702
0.186000000	-0.032508919	0.554863949	0.459536385	-0.038278226	-1.014728914	-3.121380364	0.000261309	0.010804507	-0.008550514	0.000361207	-0.002247061	-0.000263925
0.187000000	-0.032508660	0.554874808	0.459527792	-0.038277867	-1.014731173	-3.121380627	0.000264917	0.010912610	-0.008636144	0.000365988	-0.002269444	-0.000267178
0.188000000	-0.032508396	0.554885775	0.459519113	-0.038277502	-1.014733454	-3.121380894	0.000268566	0.011021156	-0.008722128	0.000370818	-0.002291916	-0.000270460
0.189000000	-0.032508121	0.554896850	0.459510348	-0.038277123	-1.014735757	-3.121381169	0.000272255	0.011130143	-0.008808464	0.000375698	-0.002314477	-0.000273771
0.190000000	-0.032507843	0.554908035	0.459501496	-0.038276740	-1.014738082	-3.121381447	0.000275986	0.011239572	-0.008895151	0.000380630	-0.002337126	-0.000277111
0.191000000	-0.032507562	0.554919329	0.459492557	-0.038276354	-1.014740430	-3.121381727	0.000279758	0.011349440	-0.008982189	0.000385612	-0.002359864	-0.000280482
0.192000000	-0.032507279	0.554930734	0.459483531	-0.038275964	-1.014742801	-3.121382010	0.000283573	0.011459747	-0.009069576	0.000390646	-0.002382690	-0.000283882
0.193000000	-0.032506993	0.554942249	0.459474418	-0.038275570	-1.014745195	-3.121382296	0.000287431	0.011570490	-0.009157311	0.000395733	-0.002405603	-0.000287314
0.194000000	-0.032506704	0.554953875	0.459465216	-0.038275172	-1.014747613	-3.121382585	0.000291331	0.011681668	-0.009245393	0.000400872	-0.002428604	-0.000290776
0.195000000	-0.032506412	0.554965612	0.459455927	-0.038274771	-1.014750053	-3.121382876	0.000295276	0.011793281	-0.009333821	0.000406065	-0.002451691	-0.000294268
0.196000000	-0.032506118	0.554977462	0.459446549	-0.038274365	-1.014752517	-3.121383171	0.000299264	0.011905325	-0.009422594	0.000411312	-0.002474865	-0.000297792
0.197000000	-0.032505821	0.554989424	0.459437082	-0.038273956	-1.014755004	-3.121383468	0.000303297	0.012017800	-0.009511711	0.000416613	-0.002498125	-0.000301348
0.198000000	-0.032505521	0.555001498	0.459427525	-0.038273543	-1.014757514	-3.121383768	0.000307374	0.012130705	-0.009601170	0.000421969	-0.002521471	-0.000304935
0.199000000	-0.032505207	0.555013685	0.459417879	-0.038273113	-1.014760047	-3.121384077	0.000311497	0.012244036	-0.009690969	0.000427379	-0.002544902	-0.000308555
0.200000000	-0.032504889	0.555025986	0.459408143	-0.038272678	-1.014762603	-3.121384390	0.000315666	0.012357793	-0.009781109	0.000432846	-0.002568419	-0.000312206
0.201000000	-0.032504568	0.555038400	0.459398317	-0.038272238	-1.014765183	-3.121384706	0.000319880	0.012471975	-0.009871588	0.000438370	-0.002592020	-0.000315890
0.202000000	-0.032504244	0.555050930	0.459388400	-0.038271795	-1.014767786	-3.121385025	0.000324142	0.012586581	-0.009962405	0.000443950	-0.002615705	-0.000319607
0.203000000	-0.032503917	0.555063574	0.459378392	-0.038271348	-1.014770414	-3.121385347	0.000328451	0.012701608	-0.010053558	0.000449588	-0.002639474	-0.000323356
0.204000000	-0.032503588	0.555076333	0.459368293	-0.038270896	-1.014773065	-3.121385672	0.000332808	0.012817057	-0.010145048	0.000455285	-0.002663328	-0.000327140
0.205000000	-0.032503255	0.555089208	0.459358102	-0.038270441	-1.014775741	-3.121385999	0.000337213	0.012932924	-0.010236872	0.000461040	-0.002687264	-0.000330957
0.206000000	-0.032502919	0.555102199	0.459347819	-0.038269981	-1.014778441	-3.121386330	0.000341666	0.013049209	-0.010329030	0.000466854	-0.002711283	-0.000334807
0.207000000	-0.032502580	0.555115307	0.459337444	-0.038269518	-1.014781164	-3.121386663	0.000346169	0.013165910	-0.010421520	0.000472728	-0.002735386	-0.000338693
0.208000000	-0.032502231	0.555128532	0.459326976	-0.038269041	-1.014783912	-3.121387005	0.000350721	0.013283024	-0.010514341	0.000478662	-0.002759570	-0.000342612
0.209000000	-0.032501873	0.555141873	0.459316415	-0.038268553	-1.014786683	-3.121387352	0.000355323	0.013400551	-0.010607491	0.000484657	-0.002783835	-0.000346566
0.210000000	-0.032501512	0.555155332	0.459305760	-0.038268062	-1.014789479	-3.121387703	0.000359976	0.013518489	-0.010700970	0.000490713	-0.002808183	-0.000350555
0.211000000	-0.032501147	0.555168910	0.459295013	-0.038267565	-1.014792299	-3.121388057	0.000364680	0.013636837	-0.010794778	0.000496832	-0.002832611	-0.000354580
0.212000000	-0.032500780	0.555182606	0.459284171	-0.038267065	-1.014795143	-3.121388414	0.000369436	0.013755594	-0.010888911	0.000503013	-0.002857120	-0.000358640
0.213000000	-0.032500409	0.555196421	0.459273235	-0.038266560	-1.014798013	-3.121388774	0.000374244	0.013874759	-0.010983371	0.000509257	-0.002881710	-0.000362736
0.214000000	-0.032500035	0.555210356	0.459262204	-0.038266051	-1.014800907	-3.121389137	0.000379104	0.013994329	-0.011078155	0.000515565	-0.002906380	-0.000366869
0.215000000	-0.032499658	0.555224411	0.459251078	-0.038265537	-1.014803827	-3.121389503	0.000384018	0.014114303	-0.011173263	0.000521938	-0.002931130	-0.000371038
0.216000000	-0.032499277	0.555238586	0.459239857	-0.038265019	-1.014806771	-3.121389873	0.000388985	0.014234681	-0.011268693	0.000528376	-0.002955959	-0.000375244
0.217000000	-0.032498881	0.555252880	0.459228541	-0.038264481	-1.014809739	-3.121390253	0.000394006	0.014355457	-0.011364442	0.000534879	-0.002980866	-0.000379487
0.218000000	-0.032498480	0.555267296	0.459217128	-0.038263938	-1.014812731	-3.121390638	0.000399082	0.014476633	-0.011460512	0.000541448	-0.003005852	-0.000383767
0.219000000	-0.032498075	0.555281833	0.459205620	-0.038263389	-1.014815749	-3.121391026	0.000404213	0.014598207	-0.011556900	0.000548084	-0.003030916	-0.000388085
0.220000000	-0.032497667	0.555296492	0.459194014	-0.038262836	-1.014818793	-3.121391417	0.000409400	0.014720179	-0.011653606	0.000554787	-0.003056059	-0.000392441
0.221000000	-0.032497255	0.555311273	0.459182312	-0.038262279	-1.014821862	-3.121391811	0.000414643	0.014842545	-0.011750628	0.000561559	-0.003081279	-0.000396836
0.222000000	-0.032496841	0.555326177	0.459170513	-0.038261717	-1.014824956	-3.121392208	0.000419943	0.014965306	-0.011847966	0.000568399	-0.003106576	-0.000401269
0.223000000	-0.032496422	0.555341205	0.459158616	-0.038261150	-1.014828076	-3.121392609	0.000425300	0.015088459	-0.011945619	0.000575308	-0.003131949	-0.000405741
0.224000000	-0.032496001	0.555356355	0.459146622	-0.038260579	-1.014831221	-3.121393013	0.000430715	0.015212003	-0.012043585	0.000582288	-0.003157400	-0.000410253
0.225000000	-0.032495562	0.555371629	0.459134529	-0.038259987	-1.014834391	-3.121393429	0.000436188	0.015335934	-0.012141861	0.000589337	-0.003182925	-0.000414804
0.226000000	-0.032495119	0.555387027	0.459122338	-0.038259389	-1.014837586	-3.121393849	0.000441721	0.015460253	-0.012240448	0.000596458	-0.003208527	-0.000419395
0.227000000	-0.032494671	0.555402549	0.459110048	-0.038258785	-1.014840807	-3.121394272	0.000447312	0.015584958	-0.012339345	0.000603650	-0.003234204	-0.000424026
0.228000000	-0.032494220	0.555418196	0.459097659	-0.038258177	-1.014844054	-3.121394699	0.000452964	0.015710048	-0.012438550	0.000610915	-0.003259956	-0.000428698
0.229000000	-0.032493765	0.555433969	0.459085171	-0.038257563	-1.014847327	-3.121395130	0.000458676	0.015835522	-0.012538063	0.000618253	-0.003285782	-0.000433411
0.230000000	-0.032493307	0.555449868	0.459072583	-0.038256945	-1.014850626	-3.121395564	0.000464450	0.015961378	-0.012637883	0.000625664	-0.003311683	-0.000438165
0.231000000	-0.032492845	0.555465893	0.459059895	-0.038256322	-1.014853951	-3.121396001	0.000470286	0.016087614	-0.012738008	0.000633150	-0.003337657	-0.000442961
0.232000000	-0.032492374	0.555482044	0.459047107	-0.038255688	-1.014857302	-3.121396445	0.000476183	0.016214229	-0.012838437	0.000640711	-0.003363705	-0.000447798
0.233000000	-0.032491889	0.555498321	0.459034218	-0.038255037	-1.014860678	-3.121396899	0.000482143	0.016341218	-0.012939167	0.000648348	-0.003389826	-0.000452678
0.234000000	-0.032491400	0.555514726	0.459021228	-0.038254379	-1.014864080	-3.121397356	0.000488167	0.016468584	-0.013040199	0.000656060	-0.003416019	-0.000457600
0.235000000	-0.032490907	0.555531258	0.459008137	-0.038253717	-1.014867509	-3.121397818	0.000494254	0.016596325	-0.013141532	0.000663850	-0.003442285	-0.000462565
0.236000000	-0.032490410	0.555547918	0.458994945	-0.038253050	-1.014870965	-3.121398282	0.000500406	0.016724438	-0.013243164	0.000671717	-0.003468622	-0.000467573
0.237000000	-0.032489909	0.555564707	0.458981651	-0.038252377	-1.014874447	-3.121398751	0.000506624	0.016852923	-0.013345095	0.000679663	-0.003495032	-0.000472625
0.238000000	-0.032489404	0.555581625	0.458968255	-0.038251700	-1.014877956	-3.121399223	0.000512907	0.016981779	-0.013447324	0.000687687	-0.003521512	-0.000477721
0.239000000	-0.032488893	0.555598672	0.458954756	-0.038251014	-1.014881491	-3.121399700	0.000519256	0.017111002	-0.013549849	0.000695792	-0.003548064	-0.000482861
0.240000000	-0.032488364	0.555615847	0.458941155	-0.038250306	-1.014885052	-3.121400190	0.000525672	0.017240590	-0.013652666	0.000703976	-0.003574685	-0.000488046
0.241000000	-0.032487830	0.555633152	0.458927451	-0.038249593	-1.014888639	-3.121400683	0.000532156	0.017370543	-0.013755778	0.000712241	-0.003601377	-0.000493275
0.242000000	-0.032487293	0.555650588	0.458913643	-0.038248874	-1.014892254	-3.121401180	0.000538707	0.017500860	-0.013859182	0.000720588	-0.003628138	-0.000498550
0.243000000	-0.032486752	0.555668154	0.458899732	-0.038248150	-1.014895895	-3.121401681	0.000545327	0.017631540	-0.013962878	0.000729017	-0.003654969	-0.000503871
0.244000000	-0.032486206	0.555685851	0.458885717	-0.038247420	-1.014899564	-3.121402186	0.000552017	0.017762581	-0.014066865	0.000737530	-0.003681869	-0.000509237
0.245000000	-0.032485657	0.555703680	0.458871599	-0.038246685	-1.014903260	-3.121402694	0.000558777	0.017893982	-0.014171142	0.000746127	-0.003708837	-0.000514650
0.246000000	-0.032485096	0.555721640	0.458857375	-0.038245937	-1.014906983	-3.121403210	0.000565606	0.018025740	-0.014275705	0.000754807	-0.003735874	-0.000520110
0.247000000	-0.032484521	0.555739731	0.458843047	-0.038245170	-1.014910732	-3.121403737	0.000572507	0.018157851	-0.014380554	0.000763573	-0.003762977	-0.000525616
0.248000000	-0.032483941	0.555757955	0.458828614	-0.038244398	-1.014914508	-3.121404268	0.000579479	0.018290318	-0.014485689	0.000772424	-0.003790149	-0.000531170
0.249000000	-0.032483357	0.555776311	0.458814075	-0.038243619	-1.014918311	-3.121404803	0.000586524	0.018423139	-0.014591110	0.000781363	-0.003817387	-0.000536772
0.250000000	-0.032482768	0.555794801	0.458799432	-0.038242836	-1.014922143	-3.121405341	0.000593641	0.018556312	-0.014696814	0.000790388	-0.003844693	-0.000542422
0.251000000	-0.032482176	0.555813425	0.458784682	-0.038242046	-1.014926001	-3.121405884	0.000600833	0.018689835	-0.014802801	0.000799502	-0.003872064	-0.000548121
0.252000000	-0.032481579	0.555832182	0.458769826	-0.038241251	-1.014929888	-3.121406430	0.000608098	0.018823708	-0.014909069	0.000808705	-0.003899502	-0.000553868
0.253000000	-0.032480961	0.555851072	0.458754864	-0.038240430	-1.014933801	-3.121406991	0.000615438	0.018957924	-0.015015615	0.000817996	-0.003927005	-0.000559665
0.254000000	-0.032480336	0.555870097	0.458739795	-0.038239601	-1.014937741	-3.121407556	0.000622853	0.019092486	-0.015122440	0.000827378	-0.003954572	-0.000565511
0.255000000	-0.032479707	0.555889257	0.458724619	-0.038238766	-1.014941709	-3.121408126	0.000630344	0.019227393	-0.015229543	0.000836850	-0.003982205	-0.000571407
0.256000000	-0.032479074	0.555908552	0.458709335	-0.038237926	-1.014945705	-3.121408700	0.000637912	0.019362642	-0.015336923	0.000846415	-0.004009902	-0.000577353
0.257000000	-0.032478437	0.555927983	0.458693945	-0.038237079	-1.014949729	-3.121409278	0.000645557	0.019498234	-0.015444579	0.000856072	-0.004037664	-0.000583350
0.258000000	-0.032477794	0.555947549	0.458678446	-0.038236227	-1.014953782	-3.121409860	0.000653280	0.019634166	-0.015552510	0.000865822	-0.004065489	-0.000589399
0.259000000	-0.032477133	0.555967251	0.458662840	-0.038235352	-1.014957861	-3.121410455	0.000661082	0.019770433	-0.015660711	0.000875665	-0.004093376	-0.000595498
0.260000000	-0.032476462	0.555987089	0.458647125	-0.038234464	-1.014961967	-3.121411057	0.000668962	0.019907035	-0.015769185	0.000885603	-0.004121327	-0.000601650
0.261000000	-0.032475787	0.556007065	0.458631301	-0.038233571	-1.014966102	-3.121411663	0.000676923	0.020043974	-0.015877929	0.000895636	-0.004149340	-0.000607853
0.262000000	-0.032475107	0.556027177	0.458615369	-0.038232671	-1.014970266	-3.121412274	0.000684964	0.020181246	-0.015986944	0.000905766	-0.004177415	-0.000614110
0.263000000	-0.032474422	0.556047428	0.458599327	-0.038231765	-1.014974458	-3.121412888	0.000693086	0.020318851	-0.016096228	0.000915993	-0.004205552	-0.000620419
0.264000000	-0.032473733	0.556067816	0.458583176	-0.038230853	-1.014978678	-3.121413507	0.000701290	0.020456788	-0.016205780	0.000926317	-0.004233751	-0.000626782
0.265000000	-0.032473022	0.556088342	0.458566915	-0.038229915	-1.014982926	-3.121414140	0.000709576	0.020595049	-0.016315595	0.000936739	-0.004262010	-0.000633198
0.266000000	-0.032472303	0.556109006	0.458550545	-0.038228967	-1.014987201	-3.121414780	0.000717945	0.020733638	-0.016425676	0.000947260	-0.004290329	-0.000639669
0.267000000	-0.032471579	0.556129808	0.458534064	-0.038228012	-1.014991505	-3.121415424	0.000726398	0.020872553	-0.016536021	0.000957882	-0.004318709	-0.000646194
0.268000000	-0.032470850	0.556150751	0.458517473	-0.038227051	-1.014995839	-3.121416073	0.000734936	0.021011794	-0.016646629	0.000968604	-0.004347148	-0.000652774
0.269000000	-0.032470116	0.556171833	0.458500771	-0.038226083	-1.015000201	-3.121416726	0.000743559	0.021151358	-0.016757500	0.000979427	-0.004375647	-0.000659409
0.270000000	-0.032469374	0.556193055	0.458483958	-0.038225105	-1.015004591	-3.121417384	0.000752267	0.021291243	-0.016868631	0.000990353	-0.004404205	-0.000666101
0.271000000	-0.032468609	0.556214415	0.458467033	-0.038224100	-1.015009009	-3.121418059	0.000761061	0.021431444	-0.016980018	0.001001381	-0.004432821	-0.000672847
0.272000000	-0.032467839	0.556235916	0.458449997	-0.038223088	-1.015013455	-3.121418738	0.000769943	0.021571964	-0.017091664	0.001012513	-0.004461496	-0.000679651
0.273000000	-0.032467064	0.556257559	0.458432850	-0.038222069	-1.015017931	-3.121419421	0.000778912	0.021712801	-0.017203568	0.001023750	-0.004490228	-0.000686511
0.274000000	-0.032466284	0.556279343	0.458415590	-0.038221044	-1.015022436	-3.121420109	0.000787970	0.021853955	-0.017315728	0.001035092	-0.004519018	-0.000693429
0.275000000	-0.032465499	0.556301268	0.458398218	-0.038220012	-1.015026971	-3.121420801	0.000797118	0.021995422	-0.017428144	0.001046541	-0.004547865	-0.000700405
0.276000000	-0.032464695	0.556323334	0.458380734	-0.038218956	-1.015031533	-3.121421507	0.000806354	0.022137199	-0.017540811	0.001058096	-0.004576768	-0.000707438
0.277000000	-0.032463878	0.556345542	0.458363137	-0.038217885	-1.015036123	-3.121422222	0.000815681	0.022279285	-0.017653729	0.001069758	-0.004605727	-0.000714530
0.278000000	-0.032463055	0.556367892	0.458345426	-0.038216807	-1.015040743	-3.121422941	0.000825099	0.022421681	-0.017766900	0.001081529	-0.004634742	-0.000721681
0.279000000	-0.032462227	0.556390385	0.458327603	-0.038215722	-1.015045393	-3.121423665	0.000834610	0.022564386	-0.017880321	0.001093410	-0.004663813	-0.000728891
0.280000000	-0.032461394	0.556413021	0.458309666	-0.038214630	-1.015050072	-3.121424394	0.000844213	0.022707397	-0.017993992	0.001105401	-0.004692939	-0.000736161
0.281000000	-0.032460548	0.556435801	0.458291615	-0.038213521	-1.015054780	-3.121425132	0.000853909	0.022850712	-0.018107909	0.001117502	-0.004722120	-0.000743492
0.282000000	-0.032459681	0.556458723	0.458273450	-0.038212389	-1.015059515	-3.121425884	0.000863698	0.022994326	-0.018222071	0.001129715	-0.004751354	-0.000750882
0.283000000	-0.032458809	0.556481788	0.458255170	-0.038211249	-1.015064281	-3.121426641	0.000873582	0.023138242	-0.018336479	0.001142040	-0.004780642	-0.000758333
0.284000000	-0.032457932	0.556504999	0.458236777	-0.038210102	-1.015069076	-3.121427402	0.000883562	0.023282459	-0.018451132	0.001154479	-0.004809984	-0.000765846
0.285000000	-0.032457049	0.556528354	0.458218268	-0.038208948	-1.015073902	-3.121428168	0.000893638	0.023426975	-0.018566029	0.001167032	-0.004839380	-0.000773421
0.286000000	-0.032456155	0.556551854	0.458199644	-0.038207781	-1.015078756	-3.121428942	0.000903811	0.023571788	-0.018681168	0.001179701	-0.004868828	-0.000781058
0.287000000	-0.032455238	0.556575498	0.458180906	-0.038206585	-1.015083639	-3.121429732	0.000914080	0.023716891	-0.018796544	0.001192483	-0.004898327	-0.000788757
0.288000000	-0.032454315	0.556599287	0.458162051	-0.038205382	-1.015088552	-3.121430527	0.000924448	0.023862289	-0.018912160	0.001205383	-0.004927879	-0.000796519
0.289000000	-0.032453387	0.556623222	0.458143081	-0.038204171	-1.015093495	-3.121431327	0.000934915	0.024007980	-0.019028016	0.001218401	-0.004957482	-0.000804344
0.290000000	-0.032452453	0.556647304	0.458123995	-0.038202953	-1.015098468	-3.121432131	0.000945482	0.024153963	-0.019144110	0.001231537	-0.004987137	-0.000812234
0.291000000	-0.032451506	0.556671531	0.458104793	-0.038201720	-1.015103470	-3.121432945	0.000956149	0.024300234	-0.019260440	0.001244792	-0.005016842	-0.000820188
0.292000000	-0.032450536	0.556695904	0.458085474	-0.038200459	-1.015108501	-3.121433774	0.000966916	0.024446788	-0.019377001	0.001258166	-0.005046597	-0.000828206
0.293000000	-0.032449561	0.556720424	0.458066039	-0.038199190	-1.015113562	-3.121434609	0.000977785	0.024593629	-0.019493797	0.001271661	-0.005076402	-0.000836290
0.294000000	-0.032448579	0.556745091	0.458046486	-0.038197914	-1.015118653	-3.121435448	0.000988757	0.024740755	-0.019610827	0.001285278	-0.005106257	-0.000844439
0.295000000	-0.032447592	0.556769906	0.458026817	-0.038196630	-1.015123775	-3.121436292	0.000999832	0.024888166	-0.019728089	0.001299018	-0.005136161	-0.000852654
0.296000000	-0.032446587	0.556794868	0.458007030	-0.038195325	-1.015128927	-3.121437148	0.001011011	0.025035855	-0.019845579	0.001312881	-0.005166114	-0.000860936
0.297000000	-0.032445563	0.556819977	0.457987126	-0.038193996	-1.015134107	-3.121438018	0.001022294	0.025183821	-0.019963297	0.001326867	-0.005196114	-0.000869283
0.298000000	-0.032444533	0.556845235	0.457967104	-0.038192660	-1.015139318	-3.121438893	0.001033682	0.025332066	-0.020081243	0.001340978	-0.005226163	-0.000877699
0.299000000	-0.032443497	0.556870642	0.457946963	-0.038191316	-1.015144559	-3.121439773	0.001045177	0.025480589	-0.020199417	0.001355216	-0.005256259	-0.000886182
0.300000000	-0.032442455	0.556896197	0.457926705	-0.038189963	-1.015149832	-3.121440658	0.001056779	0.025629388	-0.020317818	0.001369580	-0.005286403	-0.000894734
0.301000000	-0.032441387	0.556921901	0.457906327	-0.038188580	-1.015155133	-3.121441560	0.001068488	0.025778456	-0.020436439	0.001384071	-0.005316592	-0.000903353
0.302000000	-0.032440306	0.556947753	0.457885832	-0.038187182	-1.015160464	-3.121442471	0.001080305	0.025927794	-0.020555283	0.001398690	-0.005346828	-0.000912042
0.303000000	-0.032439220	0.556973756	0.457865217	-0.038185776	-1.015165826	-3.121443388	0.001092231	0.026077405	-0.020674350	0.001413439	-0.005377110	-0.000920800
0.304000000	-0.032438127	0.556999909	0.457844483	-0.038184362	-1.015171219	-3.121444310	0.001104267	0.026227286	-0.020793640	0.001428318	-0.005407437	-0.000929628
0.305000000	-0.032437023	0.557026212	0.457823629	-0.038182933	-1.015176642	-3.121445240	0.001116414	0.026377433	-0.020913149	0.001443328	-0.005437810	-0.000938526
0.306000000	-0.032435891	0.557052663	0.457802656	-0.038181471	-1.015182094	-3.121446189	0.001128671	0.026527840	-0.021032872	0.001458468	-0.005468227	-0.000947495
0.307000000	-0.032434753	0.557079266	0.457781564	-0.038180001	-1.015187577	-3.121447143	0.001141041	0.026678513	-0.021152813	0.001473742	-0.005498688	-0.000956534
0.308000000	-0.032433609	0.557106021	0.457760351	-0.038178523	-1.015193091	-3.121448102	0.001153523	0.026829450	-0.021272973	0.001489150	-0.005529193	-0.000965646
0.309000000	-0.032432458	0.557132926	0.457739018	-0.038177037	-1.015198637	-3.121449067	0.001166119	0.026980649	-0.021393348	0.001504692	-0.005559742	-0.000974830
0.310000000	-0.032431280	0.557159982	0.457717564	-0.038175518	-1.015204211	-3.121450050	0.001178829	0.027132102	-0.021513933	0.001520368	-0.005590333	-0.000984086
0.311000000	-0.032430089	0.557187190	0.457695990	-0.038173983	-1.015209816	-3.121451042	0.001191653	0.027283812	-0.021634730	0.001536181	-0.005620967	-0.000993414
0.312000000	-0.032428892	0.557214549	0.457674294	-0.038172439	-1.015215452	-3.121452040	0.001204594	0.027435780	-0.021755740	0.001552131	-0.005651643	-0.001002816
0.313000000	-0.032427687	0.557242062	0.457652478	-0.038170887	-1.015221120	-3.121453043	0.001217651	0.027588004	-0.021876961	0.001568219	-0.005682362	-0.001012293
0.314000000	-0.032426465	0.557269726	0.457630540	-0.038169313	-1.015226818	-3.121454059	0.001230826	0.027740479	-0.021998390	0.001584445	-0.005713121	-0.001021843
0.315000000	-0.032425219	0.557297542	0.457608481	-0.038167711	-1.015232546	-3.121455091	0.001244117	0.027893201	-0.022120023	0.001600811	-0.005743921	-0.001031467
0.316000000	-0.032423967	0.557325512	0.457586300	-0.038166100	-1.015238305	-3.121456128	0.001257528	0.028046174	-0.022241865	0.001617317	-0.005774762	-0.001041167
0.317000000	-0.032422708	0.557353635	0.457563997	-0.038164481	-1.015244096	-3.121457171	0.001271059	0.028199398	-0.022363913	0.001633965	-0.005805644	-0.001050943
0.318000000	-0.032421437	0.557381912	0.457541572	-0.038162846	-1.015249918	-3.121458222	0.001284710	0.028352868	-0.022486166	0.001650756	-0.005836565	-0.001060795
0.319000000	-0.032420136	0.557410341	0.457519025	-0.038161176	-1.015255769	-3.121459294	0.001298481	0.028506577	-0.022608617	0.001667688	-0.005867524	-0.001070722
0.320000000	-0.032418828	0.557438924	0.457496355	-0.038159497	-1.015261651	-3.121460371	0.001312374	0.028660531	-0.022731271	0.001684764	-0.005898523	-0.001080727
0.321000000	-0.032417513	0.557467662	0.457473562	-0.038157808	-1.015267566	-3.121461454	0.001326390	0.028814728	-0.022854128	0.001701986	-0.005929561	-0.001090809
0.322000000	-0.032416189	0.557496555	0.457450647	-0.038156109	-1.015273512	-3.121462544	0.001340530	0.028969168	-0.022977186	0.001719355	-0.005960638	-0.001100970
0.323000000	-0.032414831	0.557525600	0.457427608	-0.038154369	-1.015279487	-3.121463657	0.001354793	0.029123838	-0.023100435	0.001736868	-0.005991750	-0.001111207
0.324000000	-0.032413465	0.557554801	0.457404446	-0.038152619	-1.015285494	-3.121464775	0.001369181	0.029278746	-0.023223883	0.001754529	-0.006022901	-0.001121524
0.325000000	-0.032412093	0.557584158	0.457381160	-0.038150860	-1.015291533	-3.121465900	0.001383695	0.029433893	-0.023347528	0.001772340	-0.006054088	-0.001131920
0.326000000	-0.032410713	0.557613671	0.457357751	-0.038149091	-1.015297604	-3.121467030	0.001398336	0.029589275	-0.023471370	0.001790300	-0.006085313	-0.001142397
0.327000000	-0.032409296	0.557643337	0.457334217	-0.038147279	-1.015303703	-3.121468185	0.001413102	0.029744881	-0.023595399	0.001808409	-0.006116572	-0.001152952
0.328000000	-0.032407872	0.557673159	0.457310560	-0.038145457	-1.015309835	-3.121469345	0.001427997	0.029900719	-0.023719621	0.001826669	-0.006147868	-0.001163588
0.329000000	-0.032406440	0.557703138	0.457286778	-0.038143626	-1.015315999	-3.121470512	0.001443021	0.030056789	-0.023844036	0.001845082	-0.006179199	-0.001174305
0.330000000	-0.032405000	0.557733274	0.457262872	-0.038141784	-1.015322195	-3.121471685	0.001458176	0.030213088	-0.023968643	0.001863649	-0.006210565	-0.001185104
0.331000000	-0.032403523	0.557763564	0.457238841	-0.038139898	-1.015328420	-3.121472882	0.001473458	0.030369604	-0.024093432	0.001882367	-0.006241964	-0.001195984
0.332000000	-0.032402039	0.557794012	0.457214685	-0.038138002	-1.015334678	-3.121474086	0.001488873	0.030526346	-0.024218410	0.001901241	-0.006273398	-0.001206947
0.333000000	-0.032400546	0.557824617	0.457190404	-0.038136097	-1.015340967	-3.121475295	0.001504420	0.030683313	-0.024343576	0.001920271	-0.006304865	-0.001217992
0.334000000	-0.032399042	0.557855380	0.457165997	-0.038134176	-1.015347289	-3.121476514	0.001520099	0.030840503	-0.024468928	0.001939459	-0.006336366	-0.001229122
0.335000000	-0.032397504	0.557886298	0.457141466	-0.038132215	-1.015353640	-3.121477755	0.001535911	0.030997903	-0.024594457	0.001958801	-0.006367899	-0.001240334
0.336000000	-0.032395958	0.557917375	0.457116809	-0.038130244	-1.015360023	-3.121479002	0.001551858	0.031155524	-0.024720171	0.001978303	-0.006399464	-0.001251630
0.337000000	-0.032394404	0.557948610	0.457092025	-0.038128263	-1.015366439	-3.121480256	0.001567940	0.031313363	-0.024846068	0.001997965	-0.006431061	-0.001263012
0.338000000	-0.032392832	0.557980003	0.457067116	-0.038126260	-1.015372886	-3.121481522	0.001584157	0.031471415	-0.024972145	0.002017787	-0.006462690	-0.001274478
0.339000000	-0.032391231	0.558011552	0.457042081	-0.038124222	-1.015379364	-3.121482808	0.001600511	0.031629675	-0.025098396	0.002037768	-0.006494349	-0.001286030
0.340000000	-0.032389622	0.558043261	0.457016919	-0.038122173	-1.015385874	-3.121484100	0.001617002	0.031788148	-0.025224827	0.002057913	-0.006526040	-0.001297668
0.341000000	-0.032388005	0.558075129	0.456991631	-0.038120115	-1.015392417	-3.121485399	0.001633632	0.031946834	-0.025351436	0.002078221	-0.006557761	-0.001309393
0.342000000	-0.032386360	0.558107155	0.456966216	-0.038118024	-1.015398990	-3.121486715	0.001650399	0.032105723	-0.025478217	0.002098692	-0.006589511	-0.001321204
0.343000000	-0.032384695	0.558139340	0.456940675	-0.038115907	-1.015405595	-3.121488046	0.001667307	0.032264815	-0.025605170	0.002119327	-0.006621290	-0.001333102
0.344000000	-0.032383021	0.558171685	0.456915006	-0.038113780	-1.015412232	-3.121489384	0.001684355	0.032424116	-0.025732299	0.002140128	-0.006653098	-0.001345088
0.345000000	-0.032381339	0.558204190	0.456889210	-0.038111642	-1.015418903	-3.121490729	0.001701546	0.032583622	-0.025859601	0.002161097	-0.006684936	-0.001357164
0.346000000	-0.032379619	0.558236852	0.456863287	-0.038109459	-1.015425602	-3.121492098	0.001718876	0.032743320	-0.025987067	0.002182232	-0.006716800	-0.001369327
0.347000000	-0.032377888	0.558269675	0.456837236	-0.038107262	-1.015432335	-3.121493475	0.001736350	0.032903220	-0.026114703	0.002203535	-0.006748692	-0.001381579
0.348000000	-0.032376149	0.558302659	0.456811057	-0.038105054	-1.015439100	-3.121494860	0.001753969	0.033063322	-0.026242509	0.002225009	-0.006780613	-0.001393922
0.349000000	-0.032374390	0.558335803	0.456784751	-0.038102823	-1.015445897	-3.121496257	0.001771732	0.033223618	-0.026370482	0.002246652	-0.006812559	-0.001406355
0.350000000	-0.032372600	0.558369106	0.456758316	-0.038100556	-1.015452725	-3.121497675	0.001789639	0.033384104	-0.026498614	0.002268466	-0.006844532	-0.001418878
0.351000000	-0.032370802	0.558402570	0.456731754	-0.038098277	-1.015459585	-3.121499100	0.001807692	0.033544785	-0.026626914	0.002290452	-0.006876531	-0.001431492
0.352000000	-0.032368995	0.558436197	0.456705062	-0.038095987	-1.015466479	-3.121500532	0.001825893	0.033705662	-0.026755379	0.002312613	-0.006908556	-0.001444199
0.353000000	-0.032367153	0.558469982	0.456678243	-0.038093655	-1.015473403	-3.121501987	0.001844241	0.033866720	-0.026884000	0.002334945	-0.006940605	-0.001456996
0.354000000	-0.032365296	0.558503929	0.456651294	-0.038091303	-1.015480359	-3.121503453	0.001862737	0.034027967	-0.027012782	0.002357452	-0.006972679	-0.001469886
0.355000000	-0.032363429	0.558538038	0.456624217	-0.038088941	-1.015487348	-3.121504926	0.001881383	0.034189405	-0.027141725	0.002380137	-0.007004777	-0.001482870
0.356000000	-0.032361543	0.558572309	0.456597011	-0.038086555	-1.015494370	-3.121506413	0.001900179	0.034351026	-0.027270826	0.002402998	-0.007036900	-0.001495947
0.357000000	-0.032359624	0.558606740	0.456569675	-0.038084130	-1.015501421	-3.121507921	0.001919125	0.034512824	-0.027400079	0.002426035	-0.007069045	-0.001509116
0.358000000	-0.032357696	0.558641334	0.456542211	-0.038081693	-1.015508507	-3.121509436	0.001938223	0.034674807	-0.027529490	0.002449251	-0.007101213	-0.001522381
0.359000000	-0.032355759	0.558676091	0.456514616	-0.038079245	-1.015515625	-3.121510958	0.001957474	0.034836974	-0.027659058	0.002472648	-0.007133405	-0.001535742
0.360000000	-0.032353783	0.558711008	0.456486892	-0.038076750	-1.015522774	-3.121512506	0.001976877	0.034999309	-0.027788771	0.002496223	-0.007165618	-0.001549196
0.361000000	-0.032351793	0.558746088	0.456459039	-0.038074238	-1.015529955	-3.121514064	0.001996434	0.035161823	-0.027918638	0.002519980	-0.007197852	-0.001562746
0.362000000	-0.032349794	0.558781332	0.456431055	-0.038071714	-1.015537170	-3.121515630	0.002016147	0.035324516	-0.028048659	0.002543921	-0.007230109	-0.001576394
0.363000000	-0.032347768	0.558816738	0.456402941	-0.038069158	-1.015544416	-3.121517213	0.002036014	0.035487378	-0.028178826	0.002568043	-0.007262386	-0.001590137
0.364000000	-0.032345715	0.558852306	0.456374697	-0.038066570	-1.015551694	-3.121518814	0.002056038	0.035650408	-0.028309137	0.002592349	-0.007294683	-0.001603977
0.365000000	-0.032343652	0.558888038	0.456346323	-0.038063969	-1.015559005	-3.121520423	0.002076220	0.035813612	-0.028439599	0.002616841	-0.007327000	-0.001617916
0.366000000	-0.032341573	0.558923935	0.456317818	-0.038061349	-1.015566349	-3.121522043	0.002096560	0.035976986	-0.028570207	0.002641519	-0.007359338	-0.001631953
0.367000000	-0.032339456	0.558959992	0.456289183	-0.038058683	-1.015573723	-3.121523689	0.002117057	0.036140517	-0.028700952	0.002666382	-0.007391693	-0.001646087
0.368000000	-0.032337329	0.558996214	0.456260416	-0.038056005	-1.015581131	-3.121525342	0.002137715	0.036304217	-0.028831844	0.002691435	-0.007424067	-0.001660320
0.369000000	-0.032335193	0.559032602	0.456231519	-0.038053314	-1.015588573	-3.121527002	0.002158534	0.036468085	-0.028962881	0.002716677	-0.007456461	-0.001674654
0.370000000	-0.032333013	0.559069151	0.456202490	-0.038050573	-1.015596044	-3.121528690	0.002179512	0.036632104	-0.029094050	0.002742106	-0.007488871	-0.001689087
0.371000000	-0.032330821	0.559105865	0.456173331	-0.038047815	-1.015603549	-3.121530388	0.002200653	0.036796285	-0.029225360	0.002767726	-0.007521299	-0.001703620
0.372000000	-0.032328619	0.559142744	0.456144039	-0.038045045	-1.015611088	-3.121532093	0.002221958	0.036960630	-0.029356812	0.002793539	-0.007553744	-0.001718255
0.373000000	-0.032326381	0.559179787	0.456114617	-0.038042233	-1.015618657	-3.121533822	0.002243425	0.037125123	-0.029488395	0.002819543	-0.007586205	-0.001732990
0.374000000	-0.032324122	0.559216993	0.456085063	-0.038039395	-1.015626259	-3.121535565	0.002265056	0.037289771	-0.029620113	0.002845740	-0.007618682	-0.001747827
0.375000000	-0.032321853	0.559254367	0.456055377	-0.038036544	-1.015633895	-3.121537316	0.002286854	0.037454576	-0.029751969	0.002872133	-0.007651176	-0.001762767
0.376000000	-0.032319555	0.559291904	0.456025559	-0.038033658	-1.015641562	-3.121539087	0.002308817	0.037619529	-0.029883954	0.002898720	-0.007683684	-0.001777809
0.377000000	-0.032317229	0.559329605	0.455995609	-0.038030738	-1.015649261	-3.121540876	0.002330946	0.037784628	-0.030016067	0.002925502	-0.007716207	-0.001792954
0.378000000	-0.032314892	0.559367473	0.455965526	-0.038027806	-1.015656995	-3.121542673	0.002353243	0.037949880	-0.030148316	0.002952483	-0.007748745	-0.001808204
0.379000000	-0.032312530	0.559405506	0.455935312	-0.038024843	-1.015664760	-3.121544487	0.002375709	0.038115276	-0.030280691	0.002979661	-0.007781296	-0.001823557
0.380000000	-0.032310135	0.559443703	0.455904965	-0.038021840	-1.015672557	-3.121546324	0.002398343	0.038280811	-0.030413190	0.003007037	-0.007813860	-0.001839014
0.381000000	-0.032307730	0.559482067	0.455874486	-0.038018824	-1.015680387	-3.121548168	0.002421149	0.038446494	-0.030545819	0.003034614	-0.007846438	-0.001854577
0.382000000	-0.032305302	0.559520597	0.455843873	-0.038015782	-1.015688251	-3.121550027	0.002444125	0.038612318	-0.030678573	0.003062391	-0.007879029	-0.001870246
0.383000000	-0.032302837	0.559559291	0.455813128	-0.038012695	-1.015696145	-3.121551911	0.002467271	0.038778274	-0.030811445	0.003090369	-0.007911631	-0.001886019
0.384000000	-0.032300362	0.559598153	0.455782250	-0.038009594	-1.015704073	-3.121553803	0.002490591	0.038944373	-0.030944444	0.003118550	-0.007944246	-0.001901900
0.385000000	-0.032297866	0.559637181	0.455751239	-0.038006469	-1.015712035	-3.121555709	0.002514084	0.039110609	-0.031077565	0.003146936	-0.007976872	-0.001917887
0.386000000	-0.032295330	0.559676374	0.455720095	-0.038003296	-1.015720026	-3.121557641	0.002537749	0.039276970	-0.031210798	0.003175523	-0.008009507	-0.001933981
0.387000000	-0.032292784	0.559715734	0.455688818	-0.038000110	-1.015728053	-3.121559581	0.002561591	0.039443470	-0.031344155	0.003204317	-0.008042155	-0.001950184
0.388000000	-0.032290217	0.559755262	0.455657407	-0.037996899	-1.015736112	-3.121561535	0.002585608	0.039610102	-0.031477631	0.003233318	-0.008074812	-0.001966495
0.389000000	-0.032287609	0.559794954	0.455625863	-0.037993640	-1.015744202	-3.121563516	0.002609800	0.039776854	-0.031611215	0.003262524	-0.008107477	-0.001982913
0.390000000	-0.032284991	0.559834815	0.455594184	-0.037990366	-1.015752326	-3.121565505	0.002634171	0.039943739	-0.031744919	0.003291940	-0.008140153	-0.001999442
0.391000000	-0.032282350	0.559874843	0.455562372	-0.037987067	-1.015760483	-3.121567509	0.002658719	0.040110751	-0.031878737	0.003321565	-0.008172838	-0.002016081
0.392000000	-0.032279670	0.559915036	0.455530427	-0.037983719	-1.015768671	-3.121569539	0.002683445	0.040277878	-0.032012660	0.003351398	-0.008205529	-0.002032828
0.393000000	-0.032276978	0.559955398	0.455498347	-0.037980358	-1.015776894	-3.121571578	0.002708352	0.040445134	-0.032146699	0.003381443	-0.008238230	-0.002049687
0.394000000	-0.032274261	0.559995927	0.455466133	-0.037976966	-1.015785149	-3.121573633	0.002733439	0.040612510	-0.032280847	0.003411700	-0.008270938	-0.002066657
0.395000000	-0.032271507	0.560036622	0.455433786	-0.037973529	-1.015793435	-3.121575714	0.002758706	0.040779997	-0.032415098	0.003442167	-0.008303651	-0.002083737
0.396000000	-0.032268741	0.560077487	0.455401303	-0.037970078	-1.015801756	-3.121577803	0.002784156	0.040947607	-0.032549461	0.003472850	-0.008336373	-0.002100930
0.397000000	-0.032265945	0.560118519	0.455368686	-0.037966592	-1.015810109	-3.121579912	0.002809788	0.041115331	-0.032683927	0.003503747	-0.008369100	-0.002118235
0.398000000	-0.032263116	0.560159717	0.455335935	-0.037963064	-1.015818493	-3.121582043	0.002835603	0.041283162	-0.032818494	0.003534858	-0.008401831	-0.002135653
0.399000000	-0.032260274	0.560201085	0.455303049	-0.037959522	-1.015826912	-3.121584183	0.002861603	0.041451113	-0.032953169	0.003566187	-0.008434570	-0.002153185
0.400000000	-0.032257398	0.560242620	0.455270029	-0.037955938	-1.015835363	-3.121586346	0.002887788	0.041619168	-0.033087941	0.003597732	-0.008467312	-0.002170829
0.401000000	-0.032254492	0.560284322	0.455236874	-0.037952318	-1.015843846	-3.121588529	0.002914158	0.041787329	-0.033222812	0.003629495	-0.008500058	-0.002188588
0.402000000	-0.032251574	0.560326195	0.455203583	-0.037948684	-1.015852364	-3.121590721	0.002940716	0.041955604	-0.033357788	0.003661478	-0.008532809	-0.002206462
0.403000000	-0.032248613	0.560368234	0.455170158	-0.037944999	-1.015860912	-3.121592940	0.002967460	0.042123974	-0.033492855	0.003693679	-0.008565562	-0.002224450
0.404000000	-0.032245630	0.560410442	0.455136598	-0.037941286	-1.015869494	-3.121595175	0.002994392	0.042292449	-0.033628018	0.003726101	-0.008598319	-0.002242554
0.405000000	-0.032242634	0.560452821	0.455102901	-0.037937558	-1.015878110	-3.121597419	0.003021515	0.042461033	-0.033763283	0.003758747	-0.008631079	-0.002260776
0.406000000	-0.032239587	0.560495364	0.455069071	-0.037933769	-1.015886756	-3.121599696	0.003048825	0.042629702	-0.033898631	0.003791612	-0.008663839	-0.002279111
0.407000000	-0.032236526	0.560538078	0.455035105	-0.037929962	-1.015895436	-3.121601984	0.003076327	0.042798475	-0.034034076	0.003824702	-0.008696602	-0.002297564
0.408000000	-0.032233444	0.560580963	0.455001002	-0.037926131	-1.015904151	-3.121604285	0.003104021	0.042967349	-0.034169615	0.003858018	-0.008729367	-0.002316136
0.409000000	-0.032230316	0.560624013	0.454966765	-0.037922244	-1.015912895	-3.121606617	0.003131904	0.043136304	-0.034305235	0.003891555	-0.008762130	-0.002334823
0.410000000	-0.032227174	0.560667234	0.454932392	-0.037918341	-1.015921674	-3.121608959	0.003159983	0.043305361	-0.034440949	0.003925322	-0.008794896	-0.002353630
0.411000000	-0.032224002	0.560710625	0.454897883	-0.037914400	-1.015930486	-3.121611321	0.003188254	0.043474506	-0.034576749	0.003959314	-0.008827660	-0.002372555
0.412000000	-0.032220793	0.560754183	0.454863239	-0.037910416	-1.015939329	-3.121613707	0.003216719	0.043643734	-0.034712630	0.003993534	-0.008860424	-0.002391598
0.413000000	-0.032217571	0.560797913	0.454828458	-0.037906416	-1.015948207	-3.121616103	0.003245381	0.043813058	-0.034848603	0.004027984	-0.008893188	-0.002410763
0.414000000	-0.032214305	0.560841809	0.454793541	-0.037902364	-1.015957115	-3.121618527	0.003274237	0.043982458	-0.034984651	0.004062662	-0.008925949	-0.002430045
0.415000000	-0.032211014	0.560885876	0.454758489	-0.037898281	-1.015966058	-3.121620968	0.003303290	0.044151943	-0.035120782	0.004097571	-0.008958708	-0.002449449
0.416000000	-0.032207709	0.560930115	0.454723299	-0.037894181	-1.015975034	-3.121623419	0.003332543	0.044321518	-0.035257000	0.004132713	-0.008991467	-0.002468975
0.417000000	-0.032204349	0.560974519	0.454687975	-0.037890015	-1.015984040	-3.121625906	0.003361990	0.044491158	-0.035393285	0.004168084	-0.009024220	-0.002488620
0.418000000	-0.032200975	0.561019096	0.454652513	-0.037885834	-1.015993081	-3.121628402	0.003391638	0.044660885	-0.035529654	0.004203690	-0.009056971	-0.002508388
0.419000000	-0.032197572	0.561063842	0.454616915	-0.037881615	-1.016002155	-3.121630919	0.003421486	0.044830687	-0.035666099	0.004239531	-0.009089719	-0.002528278
0.420000000	-0.032194128	0.561108757	0.454581181	-0.037877349	-1.016011260	-3.121633461	0.003451534	0.045000558	-0.035802614	0.004275605	-0.009122461	-0.002548289
0.421000000	-0.032190671	0.561153844	0.454545310	-0.037873067	-1.016020401	-3.121636014	0.003481784	0.045170511	-0.035939210	0.004311917	-0.009155201	-0.002568425
0.422000000	-0.032187167	0.561199098	0.454509302	-0.037868728	-1.016029571	-3.121638597	0.003512235	0.045340524	-0.036075869	0.004348463	-0.009187934	-0.002588683
0.423000000	-0.032183639	0.561244524	0.454473158	-0.037864361	-1.016038775	-3.121641196	0.003542888	0.045510610	-0.036212603	0.004385247	-0.009220662	-0.002609065
0.424000000	-0.032180090	0.561290121	0.454436877	-0.037859968	-1.016048014	-3.121643810	0.003573747	0.045680768	-0.036349410	0.004422272	-0.009253384	-0.002629573
0.425000000	-0.032176490	0.561335885	0.454400459	-0.037855514	-1.016057282	-3.121646456	0.003604808	0.045850980	-0.036486275	0.004459532	-0.009286099	-0.002650203
0.426000000	-0.032172876	0.561381822	0.454363904	-0.037851044	-1.016066585	-3.121649113	0.003636075	0.046021266	-0.036623215	0.004497036	-0.009318808	-0.002670960
0.427000000	-0.032169221	0.561427928	0.454327213	-0.037846525	-1.016075920	-3.121651796	0.003667547	0.046191608	-0.036760215	0.004534779	-0.009351509	-0.002691842
0.428000000	-0.032165535	0.561474204	0.454290384	-0.037841967	-1.016085287	-3.121654500	0.003699226	0.046362009	-0.036897279	0.004572763	-0.009384203	-0.002712850
0.429000000	-0.032161832	0.561520654	0.454253418	-0.037837390	-1.016094690	-3.121657216	0.003731114	0.046532477	-0.037034413	0.004610993	-0.009416889	-0.002733986
0.430000000	-0.032158072	0.561567269	0.454216315	-0.037832745	-1.016104121	-3.121659968	0.003763206	0.046702986	-0.037171595	0.004649463	-0.009449565	-0.002755245
0.431000000	-0.032154298	0.561614058	0.454179075	-0.037828082	-1.016113588	-3.121662731	0.003795510	0.046873560	-0.037308845	0.004688179	-0.009482233	-0.002776634
0.432000000	-0.032150485	0.561661017	0.454141697	-0.037823373	-1.016123086	-3.121665519	0.003828022	0.047044184	-0.037446151	0.004727140	-0.009514891	-0.002798150
0.433000000	-0.032146637	0.561708146	0.454104183	-0.037818622	-1.016132617	-3.121668331	0.003860744	0.047214855	-0.037583512	0.004766346	-0.009547539	-0.002819794
0.434000000	-0.032142773	0.561755448	0.454066530	-0.037813851	-1.016142183	-3.121671153	0.003893679	0.047385586	-0.037720937	0.004805802	-0.009580178	-0.002841568
0.435000000	-0.032138849	0.561802917	0.454028741	-0.037809010	-1.016151777	-3.121674014	0.003926823	0.047556348	-0.037858402	0.004845501	-0.009612803	-0.002863468
0.436000000	-0.032134911	0.561850560	0.453990813	-0.037804150	-1.016161407	-3.121676885	0.003960181	0.047727167	-0.037995930	0.004885452	-0.009645419	-0.002885499
0.437000000	-0.032130933	0.561898372	0.453952749	-0.037799244	-1.016171069	-3.121679782	0.003993751	0.047898025	-0.038133505	0.004925652	-0.009678023	-0.002907660
0.438000000	-0.032126918	0.561946355	0.453914547	-0.037794293	-1.016180762	-3.121682703	0.004027535	0.048068923	-0.038271129	0.004966101	-0.009710614	-0.002929950
0.439000000	-0.032122886	0.561994511	0.453876206	-0.037789321	-1.016190491	-3.121685637	0.004061536	0.048239870	-0.038408810	0.005006804	-0.009743194	-0.002952372
0.440000000	-0.032118795	0.562042835	0.453837729	-0.037784279	-1.016200249	-3.121688609	0.004095748	0.048410840	-0.038546525	0.005047754	-0.009775758	-0.002974923
0.441000000	-0.032114689	0.562091332	0.453799113	-0.037779219	-1.016210042	-3.121691591	0.004130180	0.048581858	-0.038684296	0.005088961	-0.009808311	-0.002997607
0.442000000	-0.032110537	0.562139999	0.453760360	-0.037774104	-1.016219866	-3.121694602	0.004164826	0.048752904	-0.038822105	0.005130419	-0.009840848	-0.003020422
0.443000000	-0.032106354	0.562188837	0.453721469	-0.037768952	-1.016229723	-3.121697635	0.004199690	0.048923983	-0.038959959	0.005172133	-0.009873371	-0.003043369
0.444000000	-0.032102144	0.562237848	0.453682440	-0.037763767	-1.016239613	-3.121700685	0.004234774	0.049095099	-0.039097858	0.005214102	-0.009905881	-0.003066450
0.445000000	-0.032097882	0.562287027	0.453643274	-0.037758521	-1.016249534	-3.121703769	0.004270074	0.049266233	-0.039235789	0.005256325	-0.009938373	-0.003089661
0.446000000	-0.032093605	0.562336381	0.453603968	-0.037753256	-1.016259490	-3.121706864	0.004305596	0.049437406	-0.039373770	0.005298808	-0.009970851	-0.003113009
0.447000000	-0.032089272	0.562385902	0.453564526	-0.037747925	-1.016269476	-3.121709994	0.004341336	0.049608592	-0.039511776	0.005341546	-0.010003311	-0.003136487
0.448000000	-0.032084916	0.562435597	0.453524945	-0.037742565	-1.016279496	-3.121713141	0.004377299	0.049779808	-0.039649826	0.005384543	-0.010035755	-0.003160102
0.449000000	-0.032080521	0.562485462	0.453485226	-0.037737160	-1.016289548	-3.121716312	0.004413483	0.049951045	-0.039787909	0.005427800	-0.010068182	-0.003183850
0.450000000	-0.032076085	0.562535498	0.453445369	-0.037731706	-1.016299632	-3.121719510	0.004449888	0.050122297	-0.039926021	0.005471316	-0.010100591	-0.003207733
0.451000000	-0.032071628	0.562585708	0.453405374	-0.037726225	-1.016309750	-3.121722723	0.004486519	0.050293578	-0.040064174	0.005515095	-0.010132984	-0.003231753
0.452000000	-0.032067111	0.562636085	0.453365241	-0.037720674	-1.016319898	-3.121725974	0.004523370	0.050464858	-0.040202345	0.005559132	-0.010165355	-0.003255906
0.453000000	-0.032062579	0.562686638	0.453324969	-0.037715104	-1.016330081	-3.121729237	0.004560449	0.050636167	-0.040340556	0.005603435	-0.010197710	-0.003280198
0.454000000	-0.032057992	0.562737358	0.453284560	-0.037709469	-1.016340293	-3.121732534	0.004597750	0.050807477	-0.040478785	0.005647998	-0.010230043	-0.003304624
0.455000000	-0.032053378	0.562788252	0.453244012	-0.037703802	-1.016350540	-3.121735849	0.004635279	0.050978803	-0.040617045	0.005692827	-0.010262357	-0.003329188
0.456000000	-0.032048725	0.562839316	0.453203326	-0.037698088	-1.016360819	-3.121739190	0.004673034	0.051150137	-0.040755330	0.005737920	-0.010294652	-0.003353889
0.457000000	-0.032044029	0.562890551	0.453162501	-0.037692322	-1.016371129	-3.121742559	0.004711015	0.051321473	-0.040893635	0.005783278	-0.010326924	-0.003378727
0.458000000	-0.032039308	0.562941960	0.453121538	-0.037686527	-1.016381473	-3.121745944	0.004749227	0.051492824	-0.041031968	0.005828904	-0.010359177	-0.003403704
0.459000000	-0.032034529	0.562993537	0.453080437	-0.037680663	-1.016391847	-3.121749367	0.004787663	0.051664163	-0.041170311	0.005874794	-0.010391406	-0.003428818
0.460000000	-0.032029734	0.563045289	0.453039197	-0.037674779	-1.016402256	-3.121752801	0.004826332	0.051835518	-0.041308685	0.005920956	-0.010423615	-0.003454073
0.461000000	-0.032024877	0.563097208	0.452997820	-0.037668822	-1.016412694	-3.121756275	0.004865228	0.052006857	-0.041447064	0.005967382	-0.010455799	-0.003479464
0.462000000	-0.032019998	0.563149302	0.452956303	-0.037662838	-1.016423167	-3.121759764	0.004904356	0.052178204	-0.041585469	0.006014080	-0.010487962	-0.003504997
0.463000000	-0.032015071	0.563201565	0.452914649	-0.037656796	-1.016433671	-3.121763284	0.004943715	0.052349540	-0.041723882	0.006061047	-0.010520101	-0.003530668
0.464000000	-0.032010107	0.563254000	0.452872856	-0.037650712	-1.016444207	-3.121766827	0.004983305	0.052520872	-0.041862311	0.006108285	-0.010552215	-0.003556480
0.465000000	-0.032005107	0.563306607	0.452830924	-0.037644584	-1.016454775	-3.121770394	0.005023129	0.052692197	-0.042000753	0.006155796	-0.010584306	-0.003582433
0.466000000	-0.032000059	0.563359384	0.452788854	-0.037638398	-1.016465375	-3.121773993	0.005063184	0.052863506	-0.042139200	0.006203577	-0.010616371	-0.003608525
0.467000000	-0.031994985	0.563412335	0.452746645	-0.037632182	-1.016476009	-3.121777609	0.005103476	0.053034813	-0.042277665	0.006251634	-0.010648412	-0.003634761
0.468000000	-0.031989851	0.563465454	0.452704299	-0.037625893	-1.016486672	-3.121781263	0.005143999	0.053206091	-0.042416126	0.006299961	-0.010680425	-0.003661136
0.469000000	-0.031984699	0.563518748	0.452661813	-0.037619584	-1.016497370	-3.121784930	0.005184760	0.053377369	-0.042554605	0.006348567	-0.010712415	-0.003687656
0.470000000	-0.031979482	0.563572208	0.452619190	-0.037613196	-1.016508097	-3.121788639	0.005225753	0.053548612	-0.042693075	0.006397443	-0.010744375	-0.003714314
0.471000000	-0.031974243	0.563625844	0.452576427	-0.037606784	-1.016518858	-3.121792361	0.005266986	0.053719849	-0.042831559	0.006446599	-0.010776310	-0.003741119
0.472000000	-0.031968949	0.563679648	0.452533527	-0.037600304	-1.016529649	-3.121796120	0.005308453	0.053891054	-0.042970036	0.006496029	-0.010808216	-0.003768064
0.473000000	-0.031963623	0.563733626	0.452490487	-0.037593788	-1.016540474	-3.121799900	0.005350159	0.054062242	-0.043108520	0.006545738	-0.010840095	-0.003795153
0.474000000	-0.031958250	0.563787773	0.452447309	-0.037587215	-1.016551330	-3.121803709	0.005392103	0.054233401	-0.043246999	0.006595724	-0.010871945	-0.003822386
0.475000000	-0.031952836	0.563842092	0.452403993	-0.037580594	-1.016562218	-3.121807546	0.005434286	0.054404533	-0.043385475	0.006645989	-0.010903766	-0.003849763
0.476000000	-0.031947384	0.563896583	0.452360538	-0.037573926	-1.016573138	-3.121811407	0.005476708	0.054575638	-0.043523949	0.006696535	-0.010935559	-0.003877285
0.477000000	-0.031941881	0.563951243	0.452316945	-0.037567199	-1.016584088	-3.121815301	0.005519370	0.054746706	-0.043662413	0.006747359	-0.010967320	-0.003904950
0.478000000	-0.031936348	0.564006077	0.452273213	-0.037560434	-1.016595073	-3.121819216	0.005562274	0.054917749	-0.043800877	0.006798466	-0.010999052	-0.003932762
0.479000000	-0.031930756	0.564061078	0.452229344	-0.037553601	-1.016606086	-3.121823167	0.005605417	0.055088746	-0.043939323	0.006849852	-0.011030752	-0.003960718
0.480000000	-0.031925140	0.564116255	0.452185334	-0.037546738	-1.016617135	-3.121827135	0.005648805	0.055259719	-0.044077770	0.006901524	-0.011062423	-0.003988821
0.481000000	-0.031919458	0.564171598	0.452141188	-0.037539797	-1.016628211	-3.121831145	0.005692431	0.055430637	-0.044216192	0.006953474	-0.011094060	-0.004017068
0.482000000	-0.031913757	0.564227117	0.452096902	-0.037532834	-1.016639323	-3.121835168	0.005736305	0.055601532	-0.044354616	0.007005713	-0.011125668	-0.004045464
0.483000000	-0.031907985	0.564282801	0.452052479	-0.037525785	-1.016650463	-3.121839236	0.005780418	0.055772364	-0.044493008	0.007058231	-0.011157239	-0.004074003
0.484000000	-0.031902194	0.564338661	0.452007916	-0.037518714	-1.016661637	-3.121843318	0.005824779	0.055943169	-0.044631399	0.007111038	-0.011188781	-0.004102692
0.485000000	-0.031896336	0.564394687	0.451963216	-0.037511564	-1.016672840	-3.121847442	0.005869381	0.056113912	-0.044769760	0.007164127	-0.011220287	-0.004131526
0.486000000	-0.031890453	0.564450888	0.451918377	-0.037504383	-1.016684077	-3.121851582	0.005914232	0.056284620	-0.044908113	0.007217506	-0.011251761	-0.004160510
0.487000000	-0.031884508	0.564507257	0.451873400	-0.037497129	-1.016695344	-3.121855762	0.005959326	0.056455265	-0.045046436	0.007271168	-0.011283198	-0.004189639
0.488000000	-0.031878532	0.564563798	0.451828284	-0.037489839	-1.016706644	-3.121859963	0.006004669	0.056625868	-0.045184745	0.007325121	-0.011314603	-0.004218919
0.489000000	-0.031872499	0.564620508	0.451783030	-0.037482479	-1.016717973	-3.121864200	0.006050256	0.056796407	-0.045323023	0.007379359	-0.011345971	-0.004248346
0.490000000	-0.031866430	0.564677391	0.451737638	-0.037475078	-1.016729335	-3.121868460	0.006096094	0.056966897	-0.045461282	0.007433889	-0.011377304	-0.004277923
0.491000000	-0.031860307	0.564734442	0.451692108	-0.037467612	-1.016740728	-3.121872755	0.006142178	0.057137323	-0.045599510	0.007488706	-0.011408600	-0.004307647
0.492000000	-0.031854145	0.564791665	0.451646439	-0.037460100	-1.016752152	-3.121877076	0.006188512	0.057307693	-0.045737713	0.007543814	-0.011439861	-0.004337522
0.493000000	-0.031847931	0.564849058	0.451600632	-0.037452525	-1.016763608	-3.121881430	0.006235094	0.057477997	-0.045875884	0.007599212	-0.011471083	-0.004367546
0.494000000	-0.031841674	0.564906621	0.451554687	-0.037444900	-1.016775094	-3.121885812	0.006281927	0.057648240	-0.046014027	0.007654903	-0.011502269	-0.004397721
0.495000000	-0.031835367	0.564964354	0.451508604	-0.037437216	-1.016786612	-3.121890225	0.006329010	0.057818414	-0.046152134	0.007710884	-0.011533416	-0.004428045
0.496000000	-0.031829015	0.565022258	0.451462383	-0.037429478	-1.016798161	-3.121894668	0.006376344	0.057988522	-0.046290209	0.007767159	-0.011564525	-0.004458520
0.497000000	-0.031822615	0.565080332	0.451416024	-0.037421682	-1.016809741	-3.121899142	0.006423929	0.058158558	-0.046428248	0.007823726	-0.011595596	-0.004489146
0.498000000	-0.031816167	0.565138575	0.451369526	-0.037413830	-1.016821352	-3.121903647	0.006471767	0.058328523	-0.046566250	0.007880588	-0.011626626	-0.004519923
0.499000000	-0.031809671	0.565196989	0.451322891	-0.037405921	-1.016832994	-3.121908182	0.006519857	0.058498413	-0.046704213	0.007937743	-0.011657617	-0.004550851
0.500000000	-0.031803127	0.565255572	0.451276118	-0.037397954	-1.016844668	-3.121912748	0.006568200	0.058668227	-0.046842136	0.007995194	-0.011688568	-0.004581931
0.501000000	-0.031796535	0.565314325	0.451229207	-0.037389930	-1.016856372	-3.121917346	0.006616796	0.058837963	-0.046980018	0.008052940	-0.011719478	-0.004613163
0.502000000	-0.031789894	0.565373248	0.451182158	-0.037381848	-1.016868107	-3.121921975	0.006665647	0.059007619	-0.047117856	0.008110982	-0.011750347	-0.004644548
0.503000000	-0.031783203	0.565432340	0.451134971	-0.037373708	-1.016879872	-3.121926635	0.006714752	0.059177193	-0.047255649	0.008169320	-0.011781175	-0.004676084
0.504000000	-0.031776464	0.565491602	0.451087647	-0.037365510	-1.016891669	-3.121931327	0.006764112	0.059346684	-0.047393397	0.008227956	-0.011811960	-0.004707774
0.505000000	-0.031769675	0.565551034	0.451040184	-0.037357252	-1.016903496	-3.121936051	0.006813727	0.059516087	-0.047531096	0.008286889	-0.011842703	-0.004739616
0.506000000	-0.031762837	0.565610635	0.450992584	-0.037348937	-1.016915354	-3.121940806	0.006863599	0.059685405	-0.047668747	0.008346122	-0.011873403	-0.004771612
0.507000000	-0.031755947	0.565670404	0.450944847	-0.037340559	-1.016927243	-3.121945595	0.006913727	0.059854630	-0.047806346	0.008405652	-0.011904060	-0.004803761
0.508000000	-0.031749010	0.565730344	0.450896972	-0.037332126	-1.016939163	-3.121950413	0.006964113	0.060023767	-0.047943894	0.008465483	-0.011934673	-0.004836064
0.509000000	-0.031742018	0.565790452	0.450848959	-0.037323627	-1.016951112	-3.121955267	0.007014755	0.060192805	-0.048081386	0.008525612	-0.011965241	-0.004868520
0.510000000	-0.031734982	0.565850730	0.450800809	-0.037315076	-1.016963093	-3.121960150	0.007065657	0.060361753	-0.048218826	0.008586044	-0.011995766	-0.004901132
0.511000000	-0.031727886	0.565911175	0.450752522	-0.037306454	-1.016975104	-3.121965070	0.007116815	0.060530596	-0.048356204	0.008646774	-0.012026244	-0.004933897
0.512000000	-0.031720749	0.565971791	0.450704096	-0.037297784	-1.016987146	-3.121970017	0.007168234	0.060699348	-0.048493531	0.008707808	-0.012056678	-0.004966818
0.513000000	-0.031713549	0.566032574	0.450655535	-0.037289038	-1.016999217	-3.121975004	0.007219911	0.060867989	-0.048630789	0.008769142	-0.012087064	-0.004999892
0.514000000	-0.031706311	0.566093528	0.450606834	-0.037280247	-1.017011320	-3.121980015	0.007271850	0.061036537	-0.048767995	0.008830782	-0.012117406	-0.005033124
0.515000000	-0.031699005	0.566154647	0.450557999	-0.037271375	-1.017023452	-3.121985070	0.007324046	0.061204966	-0.048905127	0.008892720	-0.012147698	-0.005066509
0.516000000	-0.031691665	0.566215938	0.450509024	-0.037262464	-1.017035616	-3.121990147	0.007376506	0.061373303	-0.049042208	0.008954967	-0.012177946	-0.005100052
0.517000000	-0.031684251	0.566277393	0.450459914	-0.037253465	-1.017047807	-3.121995271	0.007429223	0.061541512	-0.049179207	0.009017512	-0.012208143	-0.005133748
0.518000000	-0.031676809	0.566339022	0.450410665	-0.037244432	-1.017060033	-3.122000413	0.007482207	0.061709630	-0.049316156	0.009080369	-0.012238295	-0.005167604
0.519000000	-0.031669287	0.566400812	0.450361282	-0.037235304	-1.017072284	-3.122005606	0.007535447	0.061877611	-0.049453017	0.009143523	-0.012268395	-0.005201611
0.520000000	-0.031661736	0.566462777	0.450311759	-0.037226142	-1.017084569	-3.122010818	0.007588955	0.062045498	-0.049589823	0.009206989	-0.012298448	-0.005235780
0.521000000	-0.031654109	0.566524903	0.450262102	-0.037216890	-1.017096881	-3.122016077	0.007642721	0.062213248	-0.049726543	0.009270755	-0.012328450	-0.005270101
0.522000000	-0.031646447	0.566587202	0.450212307	-0.037207597	-1.017109225	-3.122021360	0.007696755	0.062380894	-0.049863201	0.009334833	-0.012358403	-0.005304582
0.523000000	-0.031638716	0.566649665	0.450162376	-0.037198222	-1.017121598	-3.122026686	0.007751048	0.062548405	-0.049999773	0.009399213	-0.012388304	-0.005339218
0.524000000	-0.031630942	0.566712298	0.450112307	-0.037188795	-1.017134002	-3.122032040	0.007805609	0.062715803	-0.050136276	0.009463904	-0.012418156	-0.005374013
0.525000000	-0.031623106	0.566775097	0.450062103	-0.037179296	-1.017146434	-3.122037433	0.007860432	0.062883068	-0.050272695	0.009528901	-0.012447955	-0.005408965
0.526000000	-0.031615219	0.566838064	0.450011762	-0.037169735	-1.017158897	-3.122042859	0.007915521	0.063050209	-0.050409037	0.009594207	-0.012477703	-0.005444075
0.527000000	-0.031607278	0.566901198	0.449961285	-0.037160110	-1.017171390	-3.122048320	0.007970875	0.063217221	-0.050545298	0.009659821	-0.012507399	-0.005479343
0.528000000	-0.031599275	0.566964498	0.449910672	-0.037150413	-1.017183912	-3.122053819	0.008026494	0.063384096	-0.050681471	0.009725744	-0.012537042	-0.005514768
0.529000000	-0.031591228	0.567027967	0.449859922	-0.037140662	-1.017196465	-3.122059348	0.008082382	0.063550846	-0.050817567	0.009791978	-0.012566632	-0.005550354
0.530000000	-0.031583109	0.567091599	0.449809037	-0.037130827	-1.017209045	-3.122064921	0.008138532	0.063717448	-0.050953566	0.009858519	-0.012596167	-0.005586095
0.531000000	-0.031574955	0.567155403	0.449758014	-0.037120950	-1.017221658	-3.122070517	0.008194954	0.063883929	-0.051089491	0.009925375	-0.012625651	-0.005621998
0.532000000	-0.031566719	0.567219367	0.449706858	-0.037110976	-1.017234296	-3.122076165	0.008251637	0.064050250	-0.051225309	0.009992535	-0.012655077	-0.005658056
0.533000000	-0.031558450	0.567283503	0.449655563	-0.037100962	-1.017246967	-3.122081835	0.008308593	0.064216447	-0.051361052	0.010060013	-0.012684451	-0.005694277
0.534000000	-0.031550103	0.567347800	0.449604136	-0.037090857	-1.017259665	-3.122087553	0.008365812	0.064382484	-0.051496688	0.010127796	-0.012713767	-0.005730654
0.535000000	-0.031541713	0.567412267	0.449552571	-0.037080701	-1.017272394	-3.122093299	0.008423303	0.064548387	-0.051632240	0.010195895	-0.012743029	-0.005767192
0.536000000	-0.031533258	0.567476897	0.449500871	-0.037070467	-1.017285151	-3.122099086	0.008481060	0.064714135	-0.051767690	0.010264305	-0.012772234	-0.005803889
0.537000000	-0.031524748	0.567541694	0.449449036	-0.037060169	-1.017297938	-3.122104909	0.008539087	0.064879735	-0.051903044	0.010333027	-0.012801383	-0.005840746
0.538000000	-0.031516183	0.567606658	0.449397065	-0.037049805	-1.017310755	-3.122110766	0.008597384	0.065045186	-0.052038302	0.010402064	-0.012830475	-0.005877763
0.539000000	-0.031507551	0.567671784	0.449344959	-0.037039362	-1.017323599	-3.122116666	0.008655948	0.065210476	-0.052173453	0.010471411	-0.012859508	-0.005914938
0.540000000	-0.031498876	0.567737080	0.449292717	-0.037028868	-1.017336474	-3.122122593	0.008714786	0.065375623	-0.052308513	0.010541077	-0.012888485	-0.005952277
0.541000000	-0.031490120	0.567802535	0.449240342	-0.037018279	-1.017349376	-3.122128571	0.008773889	0.065540593	-0.052443454	0.010611050	-0.012917401	-0.005989772
0.542000000	-0.031481327	0.567868161	0.449187830	-0.037007645	-1.017362309	-3.122134573	0.008833268	0.065705421	-0.052578304	0.010681344	-0.012946261	-0.006027431
0.543000000	-0.031472455	0.567933946	0.449135186	-0.036996917	-1.017375268	-3.122140625	0.008892912	0.065870070	-0.052713033	0.010751946	-0.012975060	-0.006065247
0.544000000	-0.031463536	0.567999900	0.449082405	-0.036986135	-1.017388258	-3.122146707	0.008952831	0.066034567	-0.052847663	0.010822868	-0.013003800	-0.006103226
0.545000000	-0.031454552	0.568066016	0.449029490	-0.036975275	-1.017401276	-3.122152830	0.009013020	0.066198892	-0.052982179	0.010894103	-0.013032479	-0.006141365
0.546000000	-0.031445506	0.568132297	0.448976441	-0.036964342	-1.017414323	-3.122158992	0.009073480	0.066363048	-0.053116582	0.010965653	-0.013061097	-0.006179664
0.547000000	-0.031436410	0.568198744	0.448923256	-0.036953350	-1.017427399	-3.122165186	0.009134214	0.066527042	-0.053250878	0.011037522	-0.013089656	-0.006218127
0.548000000	-0.031427236	0.568265350	0.448869939	-0.036942265	-1.017440502	-3.122171429	0.009195216	0.066690848	-0.053385047	0.011109702	-0.013118151	-0.006256747
0.549000000	-0.031418022	0.568332126	0.448816486	-0.036931133	-1.017453636	-3.122177698	0.009256496	0.066854498	-0.053519115	0.011182205	-0.013146587	-0.006295532
0.550000000	-0.031408724	0.568399059	0.448762901	-0.036919902	-1.017466795	-3.122184019	0.009318043	0.067017953	-0.053653048	0.011255018	-0.013174958	-0.006334475
0.551000000	-0.031399379	0.568466160	0.448709181	-0.036908615	-1.017479985	-3.122190371	0.009379867	0.067181241	-0.053786872	0.011328153	-0.013203267	-0.006373582
0.552000000	-0.031389968	0.568533423	0.448655327	-0.036897249	-1.017493202	-3.122196765	0.009441962	0.067344344	-0.053920570	0.011401603	-0.013231513	-0.006412849
0.553000000	-0.031380491	0.568600848	0.448601340	-0.036885807	-1.017506447	-3.122203199	0.009504331	0.067507263	-0.054054144	0.011475370	-0.013259695	-0.006452278
0.554000000	-0.031370965	0.568668439	0.448547218	-0.036874306	-1.017519723	-3.122209665	0.009566976	0.067670007	-0.054187602	0.011549458	-0.013287815	-0.006491871
0.555000000	-0.031361356	0.568736187	0.448492965	-0.036862707	-1.017533023	-3.122216184	0.009629890	0.067832547	-0.054320919	0.011623858	-0.013315867	-0.006531622
0.556000000	-0.031351704	0.568804104	0.448438576	-0.036851056	-1.017546354	-3.122222730	0.009693082	0.067994915	-0.054454122	0.011698582	-0.013343857	-0.006571538
0.557000000	-0.031341972	0.568872178	0.448384056	-0.036839312	-1.017559711	-3.122229326	0.009756546	0.068157078	-0.054587183	0.011773620	-0.013371780	-0.006611613
0.558000000	-0.031332185	0.568940416	0.448329403	-0.036827502	-1.017573097	-3.122235957	0.009820285	0.068319055	-0.054720120	0.011848979	-0.013399638	-0.006651853
0.559000000	-0.031322336	0.569008817	0.448274615	-0.036815620	-1.017586511	-3.122242626	0.009884300	0.068480839	-0.054852925	0.011924658	-0.013427430	-0.006692254
0.560000000	-0.031312413	0.569077377	0.448219697	-0.036803649	-1.017599951	-3.122249343	0.009948587	0.068642417	-0.054985588	0.012000652	-0.013455154	-0.006732816
0.561000000	-0.031302444	0.569146103	0.448164644	-0.036791624	-1.017613422	-3.122256089	0.010013154	0.068803812	-0.055118129	0.012076972	-0.013482813	-0.006773544
0.562000000	-0.031292387	0.569214985	0.448109461	-0.036779496	-1.017626917	-3.122262890	0.010077991	0.068964984	-0.055250514	0.012153603	-0.013510402	-0.006814429
0.563000000	-0.031282280	0.569284031	0.448054144	-0.036767308	-1.017640441	-3.122269722	0.010143106	0.069125967	-0.055382771	0.012230559	-0.013537925	-0.006855480
0.564000000	-0.031272106	0.569353238	0.447998695	-0.036755040	-1.017653993	-3.122276598	0.010208497	0.069286742	-0.055514885	0.012307834	-0.013565379	-0.006896693
0.565000000	-0.031261859	0.569422604	0.447943114	-0.036742687	-1.017667572	-3.122283518	0.010274161	0.069447303	-0.055646852	0.012385427	-0.013592764	-0.006938067
0.566000000	-0.031251565	0.569492135	0.447887400	-0.036730279	-1.017681180	-3.122290469	0.010340106	0.069607672	-0.055778688	0.012463346	-0.013620082	-0.006979607
0.567000000	-0.031241179	0.569561819	0.447831557	-0.036717761	-1.017694812	-3.122297477	0.010406321	0.069767804	-0.055910358	0.012541576	-0.013647327	-0.007021305
0.568000000	-0.031230744	0.569631668	0.447775580	-0.036705185	-1.017708473	-3.122304517	0.010472816	0.069927739	-0.056041893	0.012620133	-0.013674504	-0.007063168
0.569000000	-0.031220238	0.569701676	0.447719473	-0.036692526	-1.017722161	-3.122311601	0.010539586	0.070087454	-0.056173277	0.012699009	-0.013701610	-0.007105194
0.570000000	-0.031209660	0.569771841	0.447663234	-0.036679782	-1.017735876	-3.122318730	0.010606632	0.070246946	-0.056304505	0.012778203	-0.013728644	-0.007147381
0.571000000	-0.031199033	0.569842172	0.447606863	-0.036666979	-1.017749620	-3.122325891	0.010673959	0.070406235	-0.056435594	0.012857725	-0.013755610	-0.007189734
0.572000000	-0.031188313	0.569912654	0.447550363	-0.036654067	-1.017763387	-3.122333109	0.010741556	0.070565278	-0.056566510	0.012937559	-0.013782500	-0.007232245
0.573000000	-0.031177540	0.569983300	0.447493731	-0.036641093	-1.017777184	-3.122340361	0.010809433	0.070724112	-0.056697282	0.013017718	-0.013809321	-0.007274922
0.574000000	-0.031166699	0.570054104	0.447436968	-0.036628038	-1.017791007	-3.122347656	0.010877588	0.070882718	-0.056827896	0.013098199	-0.013836069	-0.007317761
0.575000000	-0.031155781	0.570125064	0.447380076	-0.036614892	-1.017804855	-3.122354999	0.010946016	0.071041088	-0.056958344	0.013178998	-0.013862742	-0.007360762
0.576000000	-0.031144811	0.570196187	0.447323051	-0.036601684	-1.017818733	-3.122362375	0.011014727	0.071199243	-0.057088644	0.013260124	-0.013889345	-0.007403928
0.577000000	-0.031133753	0.570267463	0.447265898	-0.036588373	-1.017832634	-3.122369806	0.011083710	0.071357147	-0.057218766	0.013341564	-0.013915871	-0.007447254
0.578000000	-0.031122635	0.570338899	0.447208614	-0.036574991	-1.017846563	-3.122377275	0.011152972	0.071514826	-0.057348732	0.013423329	-0.013942324	-0.007490744
0.579000000	-0.031111455	0.570410495	0.447151200	-0.036561535	-1.017860520	-3.122384783	0.011222513	0.071672274	-0.057478537	0.013505418	-0.013968703	-0.007534398
0.580000000	-0.031100188	0.570482243	0.447093658	-0.036547978	-1.017874500	-3.122392345	0.011292327	0.071829467	-0.057608162	0.013587822	-0.013995005	-0.007578211
0.581000000	-0.031088868	0.570554153	0.447035984	-0.036534357	-1.017888509	-3.122399941	0.011362423	0.071986435	-0.057737630	0.013670553	-0.014021234	-0.007622191
0.582000000	-0.031077467	0.570626217	0.446978182	-0.036520641	-1.017902543	-3.122407587	0.011432794	0.072143151	-0.057866920	0.013753603	-0.014047386	-0.007666331
0.583000000	-0.031065996	0.570698437	0.446920251	-0.036506842	-1.017916603	-3.122415277	0.011503443	0.072299621	-0.057996037	0.013836974	-0.014073461	-0.007710634
0.584000000	-0.031054469	0.570770819	0.446862188	-0.036492978	-1.017930692	-3.122423003	0.011574373	0.072455859	-0.058124992	0.013920672	-0.014099462	-0.007755103
0.585000000	-0.031042847	0.570843349	0.446804001	-0.036479001	-1.017944802	-3.122430787	0.011645573	0.072611825	-0.058253753	0.014004683	-0.014125383	-0.007799729
0.586000000	-0.031031168	0.570916039	0.446745682	-0.036464956	-1.017958941	-3.122438608	0.011717056	0.072767552	-0.058382347	0.014089020	-0.014151227	-0.007844520
0.587000000	-0.031019421	0.570988886	0.446687235	-0.036450832	-1.017973106	-3.122446472	0.011788817	0.072923030	-0.058510765	0.014173680	-0.014176995	-0.007889475
0.588000000	-0.031007587	0.571061884	0.446628661	-0.036436606	-1.017987294	-3.122454389	0.011860851	0.073078238	-0.058638990	0.014258657	-0.014202682	-0.007934589
0.589000000	-0.030995697	0.571135042	0.446569957	-0.036422312	-1.018001511	-3.122462343	0.011933167	0.073233204	-0.058767045	0.014343960	-0.014228292	-0.007979869
0.590000000	-0.030983725	0.571208352	0.446511127	-0.036407923	-1.018015752	-3.122470346	0.012005759	0.073387901	-0.058894910	0.014429582	-0.014253823	-0.008025310
0.591000000	-0.030971679	0.571281816	0.446452169	-0.036393445	-1.018030017	-3.122478397	0.012078627	0.073542334	-0.059022587	0.014515524	-0.014279273	-0.008070912
0.592000000	-0.030959574	0.571355439	0.446393081	-0.036378899	-1.018044311	-3.122486484	0.012151777	0.073696518	-0.059150088	0.014601793	-0.014304645	-0.008116680
0.593000000	-0.030947377	0.571429210	0.446333868	-0.036364244	-1.018058627	-3.122494629	0.012225199	0.073850417	-0.059277385	0.014688376	-0.014329935	-0.008162605
0.594000000	-0.030935114	0.571503137	0.446274527	-0.036349511	-1.018072969	-3.122502815	0.012298900	0.074004056	-0.059404498	0.014775283	-0.014355144	-0.008208695
0.595000000	-0.030922790	0.571577221	0.446215057	-0.036334706	-1.018087339	-3.122511040	0.012372883	0.074157436	-0.059531427	0.014862516	-0.014380275	-0.008254949
0.596000000	-0.030910368	0.571651451	0.446155465	-0.036319785	-1.018101730	-3.122519326	0.012447136	0.074310522	-0.059658144	0.014950061	-0.014405320	-0.008301359
0.597000000	-0.030897886	0.571725839	0.446095743	-0.036304794	-1.018116148	-3.122527649	0.012521670	0.074463347	-0.059784677	0.015037932	-0.014430286	-0.008347935
0.598000000	-0.030885333	0.571800380	0.446035894	-0.036289719	-1.018130592	-3.122536016	0.012596483	0.074615899	-0.059911015	0.015126125	-0.014455169	-0.008394674
0.599000000	-0.030872690	0.571875070	0.445975921	-0.036274538	-1.018145058	-3.122544440	0.012671568	0.074768157	-0.060037142	0.015214634	-0.014479968	-0.008441570
0.600000000	-0.030859985	0.571949915	0.445915820	-0.036259285	-1.018159551	-3.122552902	0.012746935	0.074920149	-0.060163079	0.015303468	-0.014504686	-0.008488631
0.601000000	-0.030847202	0.572024912	0.445855594	-0.036243939	-1.018174068	-3.122561413	0.012822577	0.075071855	-0.060288811	0.015392621	-0.014529320	-0.008535853
0.602000000	-0.030834335	0.572100057	0.445795244	-0.036228494	-1.018188609	-3.122569977	0.012898494	0.075223267	-0.060414332	0.015482091	-0.014553868	-0.008583234
0.603000000	-0.030821405	0.572175359	0.445734765	-0.036212975	-1.018203176	-3.122578580	0.012974691	0.075374406	-0.060539659	0.015571887	-0.014578335	-0.008630780
0.604000000	-0.030808391	0.572250808	0.445674163	-0.036197356	-1.018217766	-3.122587236	0.013051163	0.075525248	-0.060664770	0.015661999	-0.014602715	-0.008678484
0.605000000	-0.030795296	0.572326407	0.445613437	-0.036181643	-1.018232380	-3.122595941	0.013127910	0.075675795	-0.060789670	0.015752429	-0.014627010	-0.008726349
0.606000000	-0.030782138	0.572402160	0.445552584	-0.036165854	-1.018247021	-3.122604686	0.013204937	0.075826062	-0.060914370	0.015843185	-0.014651221	-0.008774378
0.607000000	-0.030768890	0.572478060	0.445491608	-0.036149961	-1.018261683	-3.122613487	0.013282237	0.075976021	-0.061038847	0.015934254	-0.014675344	-0.008822564
0.608000000	-0.030755565	0.572554110	0.445430507	-0.036133976	-1.018276370	-3.122622336	0.013359813	0.076125683	-0.061163110	0.016025644	-0.014699381	-0.008870911
0.609000000	-0.030742176	0.572630313	0.445369281	-0.036117916	-1.018291083	-3.122631226	0.013437669	0.076275059	-0.061287167	0.016117357	-0.014723334	-0.008919422
0.610000000	-0.030728693	0.572706661	0.445307932	-0.036101745	-1.018305817	-3.122640173	0.013515795	0.076424117	-0.061410995	0.016209383	-0.014747197	-0.008968089
0.611000000	-0.030715135	0.572783158	0.445246460	-0.036085486	-1.018320576	-3.122649168	0.013594199	0.076572875	-0.061534605	0.016301728	-0.014770973	-0.009016916
0.612000000	-0.030701511	0.572859809	0.445184862	-0.036069149	-1.018335360	-3.122658203	0.013672881	0.076721340	-0.061658005	0.016394397	-0.014794663	-0.009065907
0.613000000	-0.030687792	0.572936602	0.445123144	-0.036052701	-1.018350166	-3.122667298	0.013751834	0.076869480	-0.061781169	0.016487378	-0.014818263	-0.009115054
0.614000000	-0.030673998	0.573013544	0.445061302	-0.036036163	-1.018364995	-3.122676439	0.013831062	0.077017315	-0.061904112	0.016580677	-0.014841775	-0.009164361
0.615000000	-0.030660136	0.573090639	0.444999334	-0.036019547	-1.018379850	-3.122685623	0.013910570	0.077164849	-0.062026839	0.016674299	-0.014865199	-0.009213830
0.616000000	-0.030646180	0.573167875	0.444937247	-0.036002818	-1.018394726	-3.122694865	0.013990347	0.077312053	-0.062149324	0.016768232	-0.014888532	-0.009263455
0.617000000	-0.030632146	0.573245260	0.444875037	-0.035985999	-1.018409626	-3.122704155	0.014070399	0.077458944	-0.062271583	0.016862484	-0.014911776	-0.009313239
0.618000000	-0.030618044	0.573322795	0.444812703	-0.035969100	-1.018424551	-3.122713488	0.014150729	0.077605529	-0.062393621	0.016957057	-0.014934931	-0.009363186
0.619000000	-0.030603848	0.573400472	0.444750250	-0.035952089	-1.018439496	-3.122722880	0.014231329	0.077751780	-0.062515414	0.017051940	-0.014957994	-0.009413287
0.620000000	-0.030589573	0.573478295	0.444687674	-0.035934985	-1.018454465	-3.122732320	0.014312203	0.077897709	-0.062636973	0.017147140	-0.014980966	-0.009463548
0.621000000	-0.030575228	0.573556268	0.444624975	-0.035917799	-1.018469459	-3.122741804	0.014393353	0.078043325	-0.062758307	0.017242660	-0.015003848	-0.009513969
0.622000000	-0.030560791	0.573634384	0.444562157	-0.035900505	-1.018484473	-3.122751345	0.014474774	0.078188603	-0.062879393	0.017338492	-0.015026638	-0.009564546
0.623000000	-0.030546270	0.573712643	0.444499218	-0.035883113	-1.018499511	-3.122760938	0.014556466	0.078333550	-0.063000238	0.017434638	-0.015049335	-0.009615280
0.624000000	-0.030531679	0.573791051	0.444436156	-0.035865637	-1.018514572	-3.122770575	0.014638435	0.078478178	-0.063120850	0.017531103	-0.015071941	-0.009666175
0.625000000	-0.030517000	0.573869601	0.444372975	-0.035848058	-1.018529656	-3.122780267	0.014720675	0.078622467	-0.063241215	0.017627879	-0.015094454	-0.009717225
0.626000000	-0.030502231	0.573948294	0.444309675	-0.035830374	-1.018544760	-3.122790014	0.014803183	0.078766413	-0.063361330	0.017724967	-0.015116873	-0.009768431
0.627000000	-0.030487391	0.574027133	0.444246253	-0.035812606	-1.018559889	-3.122799805	0.014885968	0.078910033	-0.063481207	0.017822374	-0.015139200	-0.009819796
0.628000000	-0.030472468	0.574106117	0.444182711	-0.035794740	-1.018575040	-3.122809648	0.014969023	0.079053314	-0.063600836	0.017920093	-0.015161433	-0.009871319
0.629000000	-0.030457449	0.574185239	0.444119052	-0.035776761	-1.018590211	-3.122819550	0.015052346	0.079196240	-0.063720204	0.018018120	-0.015183570	-0.009922994
0.630000000	-0.030442357	0.574264507	0.444055272	-0.035758696	-1.018605406	-3.122829498	0.015135942	0.079338834	-0.063839330	0.018116463	-0.015205614	-0.009974828
0.631000000	-0.030427189	0.574343920	0.443991371	-0.035740542	-1.018620624	-3.122839493	0.015219812	0.079481090	-0.063958210	0.018215122	-0.015227564	-0.010026821
0.632000000	-0.030411916	0.574423469	0.443927355	-0.035722264	-1.018635861	-3.122849552	0.015303945	0.079622977	-0.064076816	0.018314084	-0.015249416	-0.010078963
0.633000000	-0.030396569	0.574503162	0.443863219	-0.035703900	-1.018651121	-3.122859657	0.015388350	0.079764524	-0.064195174	0.018413361	-0.015271174	-0.010131264
0.634000000	-0.030381149	0.574583001	0.443798963	-0.035685449	-1.018666405	-3.122869809	0.015473029	0.079905731	-0.064313284	0.018512953	-0.015292837	-0.010183722
0.635000000	-0.030365626	0.574662975	0.443734592	-0.035666877	-1.018681707	-3.122880023	0.015557971	0.080046565	-0.064431118	0.018612848	-0.015314402	-0.010236331
0.636000000	-0.030350022	0.574743090	0.443670103	-0.035648210	-1.018697032	-3.122890288	0.015643183	0.080187048	-0.064548694	0.018713055	-0.015335870	-0.010289096
0.637000000	-0.030334343	0.574823350	0.443605494	-0.035629455	-1.018712380	-3.122900600	0.015728666	0.080327183	-0.064666016	0.018813575	-0.015357243	-0.010342017
0.638000000	-0.030318571	0.574903747	0.443540770	-0.035610591	-1.018727747	-3.122910968	0.015814415	0.080466951	-0.064783067	0.018914401	-0.015378518	-0.010395091
0.639000000	-0.030302707	0.574984281	0.443475930	-0.035591618	-1.018743135	-3.122921394	0.015900429	0.080606350	-0.064899845	0.019015532	-0.015399693	-0.010448317
0.640000000	-0.030286767	0.575064958	0.443410971	-0.035572555	-1.018758546	-3.122931867	0.015986714	0.080745394	-0.065016363	0.019116976	-0.015420772	-0.010501699
0.641000000	-0.030270745	0.575145776	0.443345895	-0.035553398	-1.018773979	-3.122942390	0.016073267	0.080884078	-0.065132616	0.019218729	-0.015441754	-0.010555235
0.642000000	-0.030254618	0.575226726	0.443280706	-0.035534116	-1.018789429	-3.122952979	0.016160079	0.081022372	-0.065248580	0.019320781	-0.015462634	-0.010608919
0.643000000	-0.030238414	0.575307817	0.443215400	-0.035514743	-1.018804902	-3.122963615	0.016247161	0.081160307	-0.065364279	0.019423143	-0.015483416	-0.010662758
0.644000000	-0.030222132	0.575389049	0.443149976	-0.035495279	-1.018820398	-3.122974300	0.016334511	0.081297879	-0.065479711	0.019525814	-0.015504100	-0.010716752
0.645000000	-0.030205749	0.575470414	0.443084440	-0.035475696	-1.018835911	-3.122985046	0.016422122	0.081435062	-0.065594854	0.019628786	-0.015524682	-0.010770894
0.646000000	-0.030189278	0.575551916	0.443018788	-0.035456010	-1.018851445	-3.122995847	0.016509996	0.081571867	-0.065709718	0.019732061	-0.015545164	-0.010825188
0.647000000	-0.030172728	0.575633557	0.442953020	-0.035436231	-1.018867001	-3.123006697	0.016598138	0.081708304	-0.065824311	0.019835644	-0.015565546	-0.010879635
0.648000000	-0.030156092	0.575715336	0.442887138	-0.035416351	-1.018882578	-3.123017600	0.016686544	0.081844361	-0.065938622	0.019939532	-0.015585828	-0.010934234
0.649000000	-0.030139352	0.575797245	0.442821144	-0.035396348	-1.018898172	-3.123028567	0.016775207	0.081980019	-0.066052636	0.020043716	-0.015606007	-0.010988979
0.650000000	-0.030122532	0.575879292	0.442755034	-0.035376252	-1.018913788	-3.123039584	0.016864135	0.082115301	-0.066166373	0.020148206	-0.015626086	-0.011043877
0.651000000	-0.030105632	0.575961478	0.442688809	-0.035356061	-1.018929426	-3.123050650	0.016953329	0.082250206	-0.066279831	0.020253001	-0.015646063	-0.011098927
0.652000000	-0.030088630	0.576043794	0.442622474	-0.035335751	-1.018945081	-3.123061779	0.017042780	0.082384708	-0.066392988	0.020358091	-0.015665937	-0.011154123
0.653000000	-0.030071537	0.576126244	0.442556026	-0.035315334	-1.018960756	-3.123072964	0.017132491	0.082518817	-0.066505853	0.020463482	-0.015685708	-0.011209467
0.654000000	-0.030054362	0.576208831	0.442489463	-0.035294822	-1.018976452	-3.123084199	0.017222466	0.082652542	-0.066618435	0.020569176	-0.015705378	-0.011264963
0.655000000	-0.030037104	0.576291554	0.442422786	-0.035274210	-1.018992169	-3.123095486	0.017312703	0.082785878	-0.066730727	0.020675171	-0.015724945	-0.011320609
0.656000000	-0.030019736	0.576374402	0.442356001	-0.035253470	-1.019007902	-3.123106841	0.017403191	0.082918795	-0.066842706	0.020781456	-0.015744405	-0.011376397
0.657000000	-0.030002285	0.576457387	0.442289103	-0.035232633	-1.019023656	-3.123118247	0.017493941	0.083051321	-0.066954396	0.020888043	-0.015763763	-0.011432335
0.658000000	-0.029984752	0.576540507	0.442222092	-0.035211699	-1.019039430	-3.123129704	0.017584953	0.083183455	-0.067065793	0.020994930	-0.015783018	-0.011488423
0.659000000	-0.029967124	0.576623757	0.442154970	-0.035190652	-1.019055223	-3.123141219	0.017676221	0.083315180	-0.067176887	0.021102111	-0.015802168	-0.011544656
0.660000000	-0.029949394	0.576707135	0.442087739	-0.035169488	-1.019071034	-3.123152796	0.017767742	0.083446489	-0.067287669	0.021209584	-0.015821212	-0.011601033
0.661000000	-0.029931581	0.576790647	0.442020396	-0.035148225	-1.019086864	-3.123164425	0.017859522	0.083577399	-0.067398154	0.021317355	-0.015840151	-0.011657558
0.662000000	-0.029913683	0.576874293	0.441952941	-0.035126863	-1.019102715	-3.123176106	0.017951561	0.083707908	-0.067508341	0.021425424	-0.015858986	-0.011714231
0.663000000	-0.029895682	0.576958064	0.441885379	-0.035105379	-1.019118583	-3.123187851	0.018043851	0.083837992	-0.067618209	0.021533781	-0.015877714	-0.011771046
0.664000000	-0.029877586	0.577041965	0.441817707	-0.035083785	-1.019134469	-3.123199654	0.018136394	0.083967660	-0.067727767	0.021642429	-0.015896336	-0.011828005
0.665000000	-0.029859406	0.577125998	0.441749924	-0.035062090	-1.019150375	-3.123211509	0.018229194	0.084096920	-0.067837020	0.021751373	-0.015914851	-0.011885110
0.666000000	-0.029841139	0.577210163	0.441682030	-0.035040295	-1.019166301	-3.123223417	0.018322251	0.084225771	-0.067945968	0.021860611	-0.015933262	-0.011942362
0.667000000	-0.029822763	0.577294450	0.441614032	-0.035018371	-1.019182242	-3.123235393	0.018415553	0.084354182	-0.068054586	0.021970132	-0.015951562	-0.011999752
0.668000000	-0.029804297	0.577378867	0.441545924	-0.034996341	-1.019198202	-3.123247424	0.018509109	0.084482175	-0.068162891	0.022079944	-0.015969756	-0.012057285
0.669000000	-0.029785744	0.577463414	0.441477706	-0.034974210	-1.019214181	-3.123259508	0.018602919	0.084609752	-0.068270885	0.022190048	-0.015987843	-0.012114964
0.670000000	-0.029767104	0.577548092	0.441409379	-0.034951976	-1.019230180	-3.123271646	0.018696982	0.084736911	-0.068378567	0.022300443	-0.016005824	-0.012172787
0.671000000	-0.029748350	0.577632888	0.441340949	-0.034929609	-1.019246193	-3.123283853	0.018791287	0.084863619	-0.068485909	0.022411116	-0.016023693	-0.012230745
0.672000000	-0.029729508	0.577717813	0.441272411	-0.034907139	-1.019262225	-3.123296115	0.018885844	0.084989904	-0.068592934	0.022522078	-0.016041454	-0.012288847
0.673000000	-0.029710578	0.577802868	0.441203763	-0.034884565	-1.019278276	-3.123308431	0.018980652	0.085115764	-0.068699642	0.022633328	-0.016059108	-0.012347091
0.674000000	-0.029691560	0.577888050	0.441135008	-0.034861888	-1.019294345	-3.123320801	0.019075711	0.085241198	-0.068806029	0.022744867	-0.016076653	-0.012405477
0.675000000	-0.029672427	0.577973350	0.441066151	-0.034839075	-1.019310429	-3.123333242	0.019171009	0.085366172	-0.068912070	0.022856679	-0.016094085	-0.012463997
0.676000000	-0.029653204	0.578058777	0.440997187	-0.034816158	-1.019326531	-3.123345738	0.019266555	0.085490716	-0.069017788	0.022968778	-0.016111409	-0.012522658
0.677000000	-0.029633893	0.578144331	0.440928116	-0.034793137	-1.019342652	-3.123358288	0.019362351	0.085614827	-0.069123181	0.023081161	-0.016128624	-0.012581460
0.678000000	-0.029614493	0.578230012	0.440858938	-0.034770011	-1.019358791	-3.123370893	0.019458393	0.085738504	-0.069228248	0.023193829	-0.016145729	-0.012640403
0.679000000	-0.029594977	0.578315808	0.440789659	-0.034746750	-1.019374943	-3.123383568	0.019554672	0.085861714	-0.069332962	0.023306768	-0.016162721	-0.012699477
0.680000000	-0.029575370	0.578401730	0.440720275	-0.034723382	-1.019391114	-3.123396300	0.019651197	0.085984484	-0.069437346	0.023419988	-0.016179603	-0.012758690
0.681000000	-0.029555673	0.578487777	0.440650785	-0.034699908	-1.019407302	-3.123409086	0.019747967	0.086106813	-0.069541397	0.023533490	-0.016196374	-0.012818042
0.682000000	-0.029535885	0.578573948	0.440581190	-0.034676328	-1.019423509	-3.123421929	0.019844981	0.086228698	-0.069645116	0.023647273	-0.016213035	-0.012877532
0.683000000	-0.029515986	0.578660235	0.440511494	-0.034652617	-1.019439729	-3.123434840	0.019942230	0.086350114	-0.069748478	0.023761324	-0.016229581	-0.012937153
0.684000000	-0.029495990	0.578746644	0.440441695	-0.034628793	-1.019455966	-3.123447810	0.020039720	0.086471077	-0.069851499	0.023875651	-0.016246016	-0.012996909
0.685000000	-0.029475903	0.578833176	0.440371792	-0.034604861	-1.019472220	-3.123460836	0.020137451	0.086591591	-0.069954182	0.023990256	-0.016262339	-0.013056802
0.686000000	-0.029455723	0.578919830	0.440301785	-0.034580822	-1.019488492	-3.123473919	0.020235424	0.086711653	-0.070056525	0.024105137	-0.016278550	-0.013116831
0.687000000	-0.029435437	0.579006601	0.440231678	-0.034556658	-1.019504778	-3.123487066	0.020333631	0.086831245	-0.070158511	0.024220287	-0.016294647	-0.013176991
0.688000000	-0.029415048	0.579093489	0.440161470	-0.034532372	-1.019521080	-3.123500277	0.020432072	0.086950369	-0.070260144	0.024335705	-0.016310630	-0.013237282
0.689000000	-0.029394566	0.579180499	0.440091159	-0.034507978	-1.019537398	-3.123513545	0.020530753	0.087069036	-0.070361431	0.024451397	-0.016326501	-0.013297708
0.690000000	-0.029373991	0.579267629	0.440020746	-0.034483475	-1.019553734	-3.123526870	0.020629670	0.087187243	-0.070462371	0.024567361	-0.016342258	-0.013358267
0.691000000	-0.029353317	0.579354878	0.439950232	-0.034458855	-1.019570085	-3.123540255	0.020728823	0.087304981	-0.070562956	0.024683594	-0.016357901	-0.013418958
0.692000000	-0.029332531	0.579442238	0.439879621	-0.034434104	-1.019586449	-3.123553710	0.020828202	0.087422234	-0.070663172	0.024800086	-0.016373428	-0.013479774
0.693000000	-0.029311650	0.579529717	0.439808909	-0.034409242	-1.019602829	-3.123567221	0.020927817	0.087539021	-0.070763036	0.024916848	-0.016388841	-0.013540723
0.694000000	-0.029290675	0.579617316	0.439738095	-0.034384270	-1.019619227	-3.123580791	0.021027666	0.087655340	-0.070862547	0.025033879	-0.016404141	-0.013601804
0.695000000	-0.029269606	0.579705033	0.439667181	-0.034359188	-1.019635640	-3.123594419	0.021127748	0.087771190	-0.070961701	0.025151176	-0.016419325	-0.013663014
0.696000000	-0.029248422	0.579792859	0.439596171	-0.034333971	-1.019652066	-3.123608115	0.021228053	0.087886545	-0.071060480	0.025268729	-0.016434392	-0.013724349
0.697000000	-0.029227139	0.579880801	0.439525063	-0.034308638	-1.019668507	-3.123621874	0.021328588	0.088001421	-0.071158894	0.025386544	-0.016449344	-0.013785812
0.698000000	-0.029205760	0.579968860	0.439453855	-0.034283192	-1.019684963	-3.123635690	0.021429353	0.088115821	-0.071256948	0.025504623	-0.016464180	-0.013847404
0.699000000	-0.029184286	0.580057035	0.439382547	-0.034257635	-1.019701436	-3.123649565	0.021530348	0.088229742	-0.071354639	0.025622964	-0.016478901	-0.013909123
0.700000000	-0.029162710	0.580145324	0.439311143	-0.034231958	-1.019717923	-3.123663502	0.021631568	0.088343178	-0.071451961	0.025741564	-0.016493506	-0.013970969
0.701000000	-0.029141019	0.580233720	0.439239644	-0.034206148	-1.019734422	-3.123677509	0.021733008	0.088456111	-0.071548899	0.025860414	-0.016507992	-0.014032936
0.702000000	-0.029119233	0.580322231	0.439168048	-0.034180225	-1.019750937	-3.123691575	0.021834674	0.088568560	-0.071645470	0.025979523	-0.016522361	-0.014095029
0.703000000	-0.029097349	0.580410857	0.439096354	-0.034154188	-1.019767467	-3.123705700	0.021936566	0.088680523	-0.071741672	0.026098890	-0.016536614	-0.014157248
0.704000000	-0.029075368	0.580499596	0.439024562	-0.034128037	-1.019784012	-3.123719884	0.022038681	0.088791998	-0.071837503	0.026218513	-0.016550751	-0.014219591
0.705000000	-0.029053277	0.580588443	0.438952677	-0.034101758	-1.019800569	-3.123734135	0.022141015	0.088902968	-0.071932948	0.026338385	-0.016564768	-0.014282056
0.706000000	-0.029031079	0.580677399	0.438880698	-0.034075352	-1.019817140	-3.123748452	0.022243566	0.089013435	-0.072028010	0.026458506	-0.016578667	-0.014344640
0.707000000	-0.029008782	0.580766466	0.438808623	-0.034048831	-1.019833725	-3.123762829	0.022346339	0.089123408	-0.072122695	0.026578880	-0.016592448	-0.014407347
0.708000000	-0.028986387	0.580855646	0.438736453	-0.034022195	-1.019850325	-3.123777266	0.022449332	0.089232884	-0.072217003	0.026699505	-0.016606112	-0.014470177
0.709000000	-0.028963894	0.580944937	0.438664187	-0.033995444	-1.019866939	-3.123791764	0.022552544	0.089341864	-0.072310932	0.026820381	-0.016619657	-0.014533129
0.710000000	-0.028941286	0.581034331	0.438591830	-0.033968559	-1.019883565	-3.123806331	0.022655967	0.089450324	-0.072404463	0.026941497	-0.016633082	-0.014596196
0.711000000	-0.028918573	0.581123833	0.438519380	-0.033941550	-1.019900204	-3.123820962	0.022759604	0.089558276	-0.072497606	0.027062857	-0.016646387	-0.014659381
0.712000000	-0.028895760	0.581213445	0.438446837	-0.033914425	-1.019916857	-3.123835653	0.022863457	0.089665723	-0.072590365	0.027184465	-0.016659574	-0.014722686
0.713000000	-0.028872848	0.581303165	0.438374199	-0.033887184	-1.019933523	-3.123850406	0.022967525	0.089772666	-0.072682738	0.027306317	-0.016672642	-0.014786110
0.714000000	-0.028849836	0.581392995	0.438301468	-0.033859825	-1.019950204	-3.123865219	0.023071807	0.089879100	-0.072774723	0.027428414	-0.016685590	-0.014849652
0.715000000	-0.028826707	0.581482925	0.438228649	-0.033832331	-1.019966895	-3.123880103	0.023176294	0.089985006	-0.072866303	0.027550744	-0.016698417	-0.014913306
0.716000000	-0.028803473	0.581572960	0.438155738	-0.033804712	-1.019983599	-3.123895051	0.023280990	0.090090394	-0.072957487	0.027673312	-0.016711123	-0.014977075
0.717000000	-0.028780139	0.581663103	0.438082736	-0.033776976	-1.020000316	-3.123910061	0.023385896	0.090195269	-0.073048278	0.027796121	-0.016723709	-0.015040961
0.718000000	-0.028756703	0.581753351	0.438009641	-0.033749122	-1.020017047	-3.123925132	0.023491012	0.090299629	-0.073138675	0.027919168	-0.016736175	-0.015104961
0.719000000	-0.028733166	0.581843706	0.437936456	-0.033721149	-1.020033790	-3.123940265	0.023596336	0.090403471	-0.073228676	0.028042453	-0.016748520	-0.015169076
0.720000000	-0.028709515	0.581934160	0.437863183	-0.033693043	-1.020050544	-3.123955468	0.023701860	0.090506779	-0.073318267	0.028165966	-0.016760743	-0.015233301
0.721000000	-0.028685755	0.582024716	0.437789822	-0.033664808	-1.020067310	-3.123970737	0.023807587	0.090609556	-0.073407450	0.028289709	-0.016772845	-0.015297636
0.722000000	-0.028661892	0.582115376	0.437716370	-0.033636454	-1.020084089	-3.123986068	0.023913519	0.090711811	-0.073496234	0.028413685	-0.016784825	-0.015362083
0.723000000	-0.028637928	0.582206139	0.437642829	-0.033607981	-1.020100880	-3.124001461	0.024019653	0.090813540	-0.073584615	0.028537893	-0.016796684	-0.015426642
0.724000000	-0.028613860	0.582297006	0.437569199	-0.033579387	-1.020117683	-3.124016917	0.024125991	0.090914743	-0.073672592	0.028662332	-0.016808421	-0.015491312
0.725000000	-0.028589684	0.582387973	0.437495482	-0.033550665	-1.020134498	-3.124032439	0.024232526	0.091015409	-0.073760156	0.028786996	-0.016820035	-0.015556090
0.726000000	-0.028565391	0.582479035	0.437421680	-0.033521808	-1.020151323	-3.124048031	0.024339254	0.091115528	-0.073847299	0.028911879	-0.016831526	-0.015620972
0.727000000	-0.028540995	0.582570199	0.437347790	-0.033492830	-1.020168159	-3.124063687	0.024446181	0.091215116	-0.073934034	0.029036988	-0.016842895	-0.015685963
0.728000000	-0.028516496	0.582661464	0.437273813	-0.033463731	-1.020185008	-3.124079405	0.024553305	0.091314169	-0.074020359	0.029162322	-0.016854141	-0.015751061
0.729000000	-0.028491893	0.582752829	0.437199748	-0.033434510	-1.020201868	-3.124095186	0.024660626	0.091412685	-0.074106272	0.029287880	-0.016865264	-0.015816267
0.730000000	-0.028467186	0.582844294	0.437125597	-0.033405168	-1.020218740	-3.124111031	0.024768141	0.091510664	-0.074191771	0.029413659	-0.016876265	-0.015881579
0.731000000	-0.028442358	0.582935851	0.437051364	-0.033375685	-1.020235621	-3.124126948	0.024875842	0.091608083	-0.074276837	0.029539648	-0.016887141	-0.015946990
0.732000000	-0.028417424	0.583027505	0.436977047	-0.033346077	-1.020252513	-3.124142931	0.024983734	0.091704956	-0.074361484	0.029665854	-0.016897893	-0.016012505
0.733000000	-0.028392384	0.583119258	0.436902643	-0.033316346	-1.020269416	-3.124158977	0.025091817	0.091801286	-0.074445713	0.029792277	-0.016908521	-0.016078124
0.734000000	-0.028367240	0.583211108	0.436828155	-0.033286492	-1.020286330	-3.124175087	0.025200090	0.091897071	-0.074529522	0.029918916	-0.016919026	-0.016143845
0.735000000	-0.028341991	0.583303055	0.436753582	-0.033256516	-1.020303255	-3.124191261	0.025308551	0.091992308	-0.074612909	0.030045769	-0.016929407	-0.016209669
0.736000000	-0.028316633	0.583395097	0.436678926	-0.033226412	-1.020320190	-3.124207501	0.025417198	0.092086993	-0.074695870	0.030172833	-0.016939664	-0.016275593
0.737000000	-0.028291154	0.583487228	0.436604191	-0.033196168	-1.020337134	-3.124223813	0.025526023	0.092181108	-0.074778390	0.030300098	-0.016949795	-0.016341612
0.738000000	-0.028265570	0.583579454	0.436529373	-0.033165799	-1.020354088	-3.124240190	0.025635032	0.092274670	-0.074860483	0.030427573	-0.016959801	-0.016407731
0.739000000	-0.028239880	0.583671775	0.436454472	-0.033135307	-1.020371053	-3.124256632	0.025744225	0.092367677	-0.074942149	0.030555256	-0.016969682	-0.016473948
0.740000000	-0.028214083	0.583764190	0.436379488	-0.033104690	-1.020388028	-3.124273137	0.025853600	0.092460128	-0.075023385	0.030683145	-0.016979439	-0.016540264
0.741000000	-0.028188180	0.583856699	0.436304423	-0.033073949	-1.020405013	-3.124289708	0.025963155	0.092552021	-0.075104191	0.030811238	-0.016989071	-0.016606676
0.742000000	-0.028162165	0.583949298	0.436229277	-0.033043078	-1.020422007	-3.124306346	0.026072887	0.092643349	-0.075184559	0.030939532	-0.016998577	-0.016673183
0.743000000	-0.028136031	0.584041984	0.436154055	-0.033012067	-1.020439009	-3.124323056	0.026182790	0.092734098	-0.075264479	0.031068020	-0.017007956	-0.016739781
0.744000000	-0.028109790	0.584134761	0.436078752	-0.032980930	-1.020456021	-3.124339831	0.026292869	0.092824284	-0.075343963	0.031196707	-0.017017210	-0.016806474
0.745000000	-0.028083441	0.584227630	0.436003368	-0.032949668	-1.020473043	-3.124356672	0.026403124	0.092913904	-0.075423011	0.031325592	-0.017026338	-0.016873260
0.746000000	-0.028056984	0.584320589	0.435927906	-0.032918280	-1.020490074	-3.124373577	0.026513551	0.093002958	-0.075501619	0.031454674	-0.017035340	-0.016940139
0.747000000	-0.028030420	0.584413639	0.435852363	-0.032886766	-1.020507115	-3.124390548	0.026624152	0.093091443	-0.075579787	0.031583950	-0.017044217	-0.017007109
0.748000000	-0.028003746	0.584506777	0.435776743	-0.032855124	-1.020524165	-3.124407585	0.026734922	0.093179355	-0.075657512	0.031713419	-0.017052967	-0.017074171
0.749000000	-0.027976949	0.584599997	0.435701049	-0.032823338	-1.020541221	-3.124424697	0.026845853	0.093266675	-0.075734777	0.031843070	-0.017061588	-0.017141316
0.750000000	-0.027950044	0.584693305	0.435625277	-0.032791425	-1.020558286	-3.124441874	0.026956952	0.093353422	-0.075811598	0.031972911	-0.017070083	-0.017208551
0.751000000	-0.027923030	0.584786701	0.435549427	-0.032759386	-1.020575360	-3.124459117	0.027068218	0.093439593	-0.075887971	0.032102939	-0.017078452	-0.017275874
0.752000000	-0.027895907	0.584880184	0.435473501	-0.032727219	-1.020592442	-3.124476426	0.027179649	0.093525186	-0.075963897	0.032233154	-0.017086694	-0.017343285
0.753000000	-0.027868675	0.584973753	0.435397498	-0.032694924	-1.020609534	-3.124493801	0.027291243	0.093610200	-0.076039374	0.032363554	-0.017094809	-0.017410782
0.754000000	-0.027841333	0.585067409	0.435321419	-0.032662502	-1.020626634	-3.124511242	0.027402999	0.093694633	-0.076114400	0.032494137	-0.017102796	-0.017478365
0.755000000	-0.027813873	0.585161145	0.435245268	-0.032629941	-1.020643740	-3.124528756	0.027514911	0.093778470	-0.076188962	0.032624894	-0.017110656	-0.017546029
0.756000000	-0.027786297	0.585254962	0.435169044	-0.032597244	-1.020660854	-3.124546339	0.027626978	0.093861715	-0.076263064	0.032755827	-0.017118387	-0.017613774
0.757000000	-0.027758611	0.585348864	0.435092745	-0.032564420	-1.020677975	-3.124563988	0.027739203	0.093944375	-0.076336710	0.032886938	-0.017125990	-0.017681602
0.758000000	-0.027730815	0.585442849	0.435016372	-0.032531467	-1.020695105	-3.124581704	0.027851584	0.094026446	-0.076409900	0.033018224	-0.017133466	-0.017749512
0.759000000	-0.027702909	0.585536917	0.434939925	-0.032498385	-1.020712242	-3.124599486	0.027964119	0.094107929	-0.076482631	0.033149685	-0.017140814	-0.017817503
0.760000000	-0.027674892	0.585631068	0.434863405	-0.032465174	-1.020729388	-3.124617336	0.028076808	0.094188820	-0.076554903	0.033281318	-0.017148034	-0.017885574
0.761000000	-0.027646765	0.585725300	0.434786812	-0.032431834	-1.020746540	-3.124635252	0.028189648	0.094269118	-0.076626713	0.033413122	-0.017155126	-0.017953724
0.762000000	-0.027618515	0.585819607	0.434710151	-0.032398349	-1.020763698	-3.124653242	0.028302631	0.094348805	-0.076698046	0.033545085	-0.017162089	-0.018021947
0.763000000	-0.027590151	0.585913993	0.434633419	-0.032364733	-1.020780863	-3.124671301	0.028415761	0.094427892	-0.076768912	0.033677214	-0.017168922	-0.018090246
0.764000000	-0.027561676	0.586008459	0.434556615	-0.032330987	-1.020798035	-3.124689427	0.028529038	0.094506383	-0.076839313	0.033809508	-0.017175627	-0.018158622
0.765000000	-0.027533090	0.586103004	0.434479741	-0.032297111	-1.020815213	-3.124707620	0.028642460	0.094584274	-0.076909246	0.033941965	-0.017182204	-0.018227072
0.766000000	-0.027504392	0.586197628	0.434402797	-0.032263104	-1.020832399	-3.124725880	0.028756025	0.094661564	-0.076978711	0.034074584	-0.017188651	-0.018295597
0.767000000	-0.027475583	0.586292330	0.434325782	-0.032228968	-1.020849592	-3.124744208	0.028869733	0.094738250	-0.077047706	0.034207362	-0.017194970	-0.018364195
0.768000000	-0.027446662	0.586387109	0.434248698	-0.032194700	-1.020866791	-3.124762603	0.028983581	0.094814333	-0.077116229	0.034340297	-0.017201160	-0.018432865
0.769000000	-0.027417619	0.586481960	0.434171549	-0.032160291	-1.020883995	-3.124781072	0.029097562	0.094889796	-0.077184268	0.034473382	-0.017207219	-0.018501603
0.770000000	-0.027388460	0.586576884	0.434094332	-0.032125745	-1.020901204	-3.124799611	0.029211679	0.094964647	-0.077251828	0.034606617	-0.017213149	-0.018570409
0.771000000	-0.027359188	0.586671885	0.434017048	-0.032091068	-1.020918419	-3.124818217	0.029325930	0.095038889	-0.077318913	0.034740004	-0.017218950	-0.018639284
0.772000000	-0.027329804	0.586766960	0.433939696	-0.032056261	-1.020935641	-3.124836891	0.029440316	0.095112520	-0.077385520	0.034873541	-0.017224620	-0.018708228
0.773000000	-0.027300307	0.586862110	0.433862277	-0.032021321	-1.020952869	-3.124855634	0.029554834	0.095185538	-0.077451648	0.035007226	-0.017230162	-0.018777239
0.774000000	-0.027270698	0.586957333	0.433784791	-0.031986250	-1.020970102	-3.124874444	0.029669483	0.095257943	-0.077517297	0.035141057	-0.017235574	-0.018846316
0.775000000	-0.027240975	0.587052629	0.433707240	-0.031951047	-1.020987341	-3.124893322	0.029784260	0.095329732	-0.077582464	0.035275032	-0.017240856	-0.018915458
0.776000000	-0.027211138	0.587147997	0.433629624	-0.031915710	-1.021004585	-3.124912270	0.029899164	0.095400902	-0.077647145	0.035409148	-0.017246007	-0.018984663
0.777000000	-0.027181175	0.587243430	0.433551946	-0.031880227	-1.021021833	-3.124931292	0.030014187	0.095471438	-0.077711331	0.035543396	-0.017251028	-0.019053927
0.778000000	-0.027151100	0.587338934	0.433474204	-0.031844612	-1.021039086	-3.124950383	0.030129333	0.095541354	-0.077775030	0.035677782	-0.017255919	-0.019123253
0.779000000	-0.027120911	0.587434509	0.433396398	-0.031808865	-1.021056343	-3.124969542	0.030244602	0.095610648	-0.077838242	0.035812305	-0.017260679	-0.019192640
0.780000000	-0.027090608	0.587530154	0.433318529	-0.031772984	-1.021073606	-3.124988770	0.030359992	0.095679320	-0.077900966	0.035946961	-0.017265309	-0.019262087
0.781000000	-0.027060191	0.587625868	0.433240596	-0.031736971	-1.021090874	-3.125008066	0.030475500	0.095747366	-0.077963201	0.036081750	-0.017269809	-0.019331593
0.782000000	-0.027029661	0.587721651	0.433162601	-0.031700825	-1.021108147	-3.125027431	0.030591125	0.095814787	-0.078024944	0.036216669	-0.017274178	-0.019401157
0.783000000	-0.026999016	0.587817501	0.433084544	-0.031664546	-1.021125424	-3.125046865	0.030706866	0.095881579	-0.078086195	0.036351716	-0.017278417	-0.019470778
0.784000000	-0.026968255	0.587913419	0.433006426	-0.031628132	-1.021142705	-3.125066368	0.030822719	0.095947741	-0.078146950	0.036486888	-0.017282525	-0.019540454
0.785000000	-0.026937369	0.588009396	0.432928251	-0.031591571	-1.021159989	-3.125085946	0.030938678	0.096013257	-0.078207198	0.036622177	-0.017286501	-0.019610179
0.786000000	-0.026906369	0.588105440	0.432850015	-0.031554877	-1.021177276	-3.125105593	0.031054747	0.096078141	-0.078266949	0.036757587	-0.017290347	-0.019679959
0.787000000	-0.026875254	0.588201549	0.432771719	-0.031518049	-1.021194568	-3.125125310	0.031170924	0.096142392	-0.078326202	0.036893116	-0.017294061	-0.019749791
0.788000000	-0.026844024	0.588297723	0.432693364	-0.031481087	-1.021211864	-3.125145095	0.031287207	0.096206007	-0.078384957	0.037028764	-0.017297645	-0.019819674
0.789000000	-0.026812679	0.588393960	0.432614950	-0.031443991	-1.021229163	-3.125164949	0.031403595	0.096268986	-0.078443210	0.037164527	-0.017301098	-0.019889608
0.790000000	-0.026781219	0.588490262	0.432536477	-0.031406760	-1.021246466	-3.125184873	0.031520086	0.096331327	-0.078500962	0.037300404	-0.017304419	-0.019959591
0.791000000	-0.026749644	0.588586626	0.432457946	-0.031369395	-1.021263773	-3.125204866	0.031636679	0.096393028	-0.078558211	0.037436393	-0.017307610	-0.020029622
0.792000000	-0.026717953	0.588683052	0.432379358	-0.031331896	-1.021281083	-3.125224928	0.031753370	0.096454089	-0.078614956	0.037572490	-0.017310669	-0.020099700
0.793000000	-0.026686142	0.588779537	0.432300714	-0.031294256	-1.021298395	-3.125245062	0.031870156	0.096514500	-0.078671189	0.037708692	-0.017313597	-0.020169822
0.794000000	-0.026654209	0.588876079	0.432222017	-0.031256474	-1.021315709	-3.125265270	0.031987034	0.096574260	-0.078726907	0.037844993	-0.017316393	-0.020239986
0.795000000	-0.026622160	0.588972681	0.432143264	-0.031218557	-1.021333027	-3.125285547	0.032104005	0.096633374	-0.078782118	0.037981397	-0.017319057	-0.020310193
0.796000000	-0.026589995	0.589069342	0.432064455	-0.031180505	-1.021350346	-3.125305893	0.032221068	0.096691842	-0.078836819	0.038117902	-0.017321590	-0.020380443
0.797000000	-0.026557715	0.589166062	0.431985591	-0.031142318	-1.021367669	-3.125326309	0.032338222	0.096749661	-0.078891009	0.038254506	-0.017323992	-0.020450735
0.798000000	-0.026525319	0.589262841	0.431906673	-0.031103996	-1.021384994	-3.125346795	0.032455463	0.096806832	-0.078944686	0.038391206	-0.017326262	-0.020521067
0.799000000	-0.026492806	0.589359677	0.431827701	-0.031065538	-1.021402322	-3.125367350	0.032572791	0.096863352	-0.078997851	0.038528000	-0.017328400	-0.020591437
0.800000000	-0.026460177	0.589456570	0.431748676	-0.031026945	-1.021419652	-3.125387975	0.032690203	0.096919220	-0.079050501	0.038664886	-0.017330407	-0.020661846
0.801000000	-0.026427432	0.589553519	0.431669598	-0.030988216	-1.021436984	-3.125408670	0.032807699	0.096974435	-0.079102635	0.038801862	-0.017332282	-0.020732292
0.802000000	-0.026394570	0.589650523	0.431590468	-0.030949350	-1.021454318	-3.125429435	0.032925274	0.097028993	-0.079154251	0.038938925	-0.017334026	-0.020802773
0.803000000	-0.026361581	0.589747577	0.431511290	-0.030910337	-1.021471652	-3.125450276	0.033042921	0.097082883	-0.079205338	0.039076066	-0.017335637	-0.020873285
0.804000000	-0.026328476	0.589844684	0.431432060	-0.030871188	-1.021488988	-3.125471187	0.033160646	0.097136116	-0.079255905	0.039213289	-0.017337116	-0.020943829
0.805000000	-0.026295254	0.589941845	0.431352780	-0.030831904	-1.021506325	-3.125492167	0.033278446	0.097188690	-0.079305951	0.039350594	-0.017338463	-0.021014406
0.806000000	-0.026261915	0.590039059	0.431273450	-0.030792483	-1.021523664	-3.125513218	0.033396318	0.097240604	-0.079355476	0.039487977	-0.017339679	-0.021085014
0.807000000	-0.026228459	0.590136325	0.431194070	-0.030752925	-1.021541004	-3.125534338	0.033514261	0.097291857	-0.079404477	0.039625436	-0.017340762	-0.021155652
0.808000000	-0.026194886	0.590233643	0.431114641	-0.030713232	-1.021558345	-3.125555529	0.033632274	0.097342447	-0.079452954	0.039762970	-0.017341714	-0.021226319
0.809000000	-0.026161196	0.590331011	0.431035164	-0.030673402	-1.021575688	-3.125576790	0.033750354	0.097392374	-0.079500905	0.039900575	-0.017342534	-0.021297013
0.810000000	-0.026127389	0.590428430	0.430955638	-0.030633435	-1.021593031	-3.125598121	0.033868498	0.097441636	-0.079548330	0.040038249	-0.017343223	-0.021367733
0.811000000	-0.026093465	0.590525898	0.430876065	-0.030593332	-1.021610375	-3.125619522	0.033986706	0.097490231	-0.079595226	0.040175991	-0.017343779	-0.021438478
0.812000000	-0.026059423	0.590623414	0.430796445	-0.030553092	-1.021627720	-3.125640993	0.034104975	0.097538158	-0.079641594	0.040313797	-0.017344203	-0.021509248
0.813000000	-0.026025257	0.590720975	0.430716781	-0.030512706	-1.021645064	-3.125662539	0.034223299	0.097585407	-0.079687422	0.040451660	-0.017344495	-0.021580036
0.814000000	-0.025990971	0.590818581	0.430637072	-0.030472181	-1.021662408	-3.125684157	0.034341678	0.097631983	-0.079732717	0.040589581	-0.017344655	-0.021650846
0.815000000	-0.025956567	0.590916235	0.430557318	-0.030431520	-1.021679752	-3.125705845	0.034460113	0.097677888	-0.079777479	0.040727561	-0.017344682	-0.021721675
0.816000000	-0.025922046	0.591013934	0.430477519	-0.030390721	-1.021697096	-3.125727603	0.034578600	0.097723121	-0.079821708	0.040865595	-0.017344578	-0.021792524
0.817000000	-0.025887407	0.591111679	0.430397676	-0.030349785	-1.021714440	-3.125749432	0.034697139	0.097767680	-0.079865402	0.041003683	-0.017344342	-0.021863390
0.818000000	-0.025852650	0.591209469	0.430317789	-0.030308712	-1.021731785	-3.125771330	0.034815727	0.097811564	-0.079908559	0.041141821	-0.017343974	-0.021934273
0.819000000	-0.025817776	0.591307302	0.430237859	-0.030267502	-1.021749128	-3.125793300	0.034934362	0.097854772	-0.079951180	0.041280008	-0.017343474	-0.022005172
0.820000000	-0.025782783	0.591405179	0.430157886	-0.030226154	-1.021766472	-3.125815340	0.035053042	0.097897303	-0.079993263	0.041418240	-0.017342842	-0.022076084
0.821000000	-0.025747673	0.591503099	0.430077871	-0.030184669	-1.021783815	-3.125837450	0.035171765	0.097939156	-0.080034806	0.041556516	-0.017342078	-0.022147010
0.822000000	-0.025712445	0.591601060	0.429997815	-0.030143047	-1.021801157	-3.125859631	0.035290528	0.097980329	-0.080075809	0.041694833	-0.017341182	-0.022217947
0.823000000	-0.025677098	0.591699063	0.429917717	-0.030101287	-1.021818498	-3.125881882	0.035409331	0.098020821	-0.080116270	0.041833189	-0.017340154	-0.022288894
0.824000000	-0.025641631	0.591797105	0.429837580	-0.030059386	-1.021835838	-3.125904206	0.035528168	0.098060628	-0.080156185	0.041971578	-0.017338995	-0.022359850
0.825000000	-0.025606039	0.591895183	0.429757406	-0.030017341	-1.021853176	-3.125926604	0.035647036	0.098099745	-0.080195551	0.042109997	-0.017337702	-0.022430810
0.826000000	-0.025570330	0.591993300	0.429677192	-0.029975158	-1.021870512	-3.125949072	0.035765937	0.098138178	-0.080234371	0.042248447	-0.017336278	-0.022501778
0.827000000	-0.025534502	0.592091456	0.429596940	-0.029932838	-1.021887847	-3.125971610	0.035884868	0.098175925	-0.080272646	0.042386926	-0.017334723	-0.022572751
0.828000000	-0.025498557	0.592189649	0.429516649	-0.029890380	-1.021905181	-3.125994219	0.036003828	0.098212987	-0.080310374	0.042525432	-0.017333035	-0.022643728
0.829000000	-0.025462492	0.592287880	0.429436320	-0.029847784	-1.021922513	-3.126016899	0.036122813	0.098249361	-0.080347554	0.042663961	-0.017331216	-0.022714707
0.830000000	-0.025426310	0.592386147	0.429355954	-0.029805051	-1.021939843	-3.126039649	0.036241823	0.098285047	-0.080384185	0.042802512	-0.017329264	-0.022785689
0.831000000	-0.025390009	0.592484450	0.429275552	-0.029762179	-1.021957171	-3.126062470	0.036360855	0.098320044	-0.080420267	0.042941082	-0.017327182	-0.022856671
0.832000000	-0.025353589	0.592582788	0.429195113	-0.029719170	-1.021974498	-3.126085362	0.036479906	0.098354350	-0.080455797	0.043079669	-0.017324967	-0.022927651
0.833000000	-0.025317051	0.592681160	0.429114639	-0.029676023	-1.021991822	-3.126108324	0.036598975	0.098387965	-0.080490775	0.043218269	-0.017322621	-0.022998630
0.834000000	-0.025280395	0.592779566	0.429034130	-0.029632737	-1.022009144	-3.126131357	0.036718059	0.098420888	-0.080525201	0.043356881	-0.017320144	-0.023069604
0.835000000	-0.025243620	0.592878004	0.428953587	-0.029589314	-1.022026463	-3.126154461	0.036837157	0.098453117	-0.080559073	0.043495502	-0.017317534	-0.023140574
0.836000000	-0.025206726	0.592976475	0.428873010	-0.029545753	-1.022043780	-3.126177635	0.036956266	0.098484651	-0.080592389	0.043634129	-0.017314794	-0.023211538
0.837000000	-0.025169711	0.593074976	0.428792400	-0.029502051	-1.022061093	-3.126200881	0.037075382	0.098515488	-0.080625147	0.043772758	-0.017311922	-0.023282493
0.838000000	-0.025132573	0.593173505	0.428711761	-0.029458205	-1.022078403	-3.126224201	0.037194502	0.098545620	-0.080657342	0.043911384	-0.017308917	-0.023353437
0.839000000	-0.025095317	0.593272064	0.428631088	-0.029414221	-1.022095710	-3.126247592	0.037313626	0.098575056	-0.080688979	0.044050009	-0.017305782	-0.023424371
0.840000000	-0.025057941	0.593370652	0.428550385	-0.029370100	-1.022113014	-3.126271053	0.037432752	0.098603793	-0.080720057	0.044188630	-0.017302515	-0.023495293
0.841000000	-0.025020447	0.593469268	0.428469650	-0.029325840	-1.022130314	-3.126294584	0.037551879	0.098631831	-0.080750576	0.044327245	-0.017299117	-0.023566203
0.842000000	-0.024982835	0.593567913	0.428388885	-0.029281442	-1.022147611	-3.126318187	0.037671003	0.098659169	-0.080780534	0.044465850	-0.017295588	-0.023637099
0.843000000	-0.024945104	0.593666585	0.428308090	-0.029236906	-1.022164905	-3.126341860	0.037790123	0.098685806	-0.080809930	0.044604444	-0.017291928	-0.023707979
0.844000000	-0.024907254	0.593765284	0.428227266	-0.029192232	-1.022182195	-3.126365603	0.037909237	0.098711740	-0.080838764	0.044743024	-0.017288137	-0.023778843
0.845000000	-0.024869285	0.593864009	0.428146413	-0.029147420	-1.022199481	-3.126389417	0.038028341	0.098736972	-0.080867035	0.044881588	-0.017284215	-0.023849688
0.846000000	-0.024831198	0.593962758	0.428065531	-0.029102470	-1.022216763	-3.126413302	0.038147435	0.098761500	-0.080894741	0.045020131	-0.017280162	-0.023920514
0.847000000	-0.024792992	0.594061533	0.427984623	-0.029057381	-1.022234042	-3.126437257	0.038266515	0.098785323	-0.080921882	0.045158653	-0.017275978	-0.023991319
0.848000000	-0.024754667	0.594160331	0.427903687	-0.029012155	-1.022251316	-3.126461283	0.038385580	0.098808440	-0.080948456	0.045297150	-0.017271663	-0.024062103
0.849000000	-0.024716224	0.594259151	0.427822724	-0.028966791	-1.022268586	-3.126485380	0.038504627	0.098830851	-0.080974463	0.045435620	-0.017267218	-0.024132862
0.850000000	-0.024677662	0.594357995	0.427741736	-0.028921288	-1.022285851	-3.126509547	0.038623654	0.098852554	-0.080999903	0.045574059	-0.017262642	-0.024203597
0.851000000	-0.024638981	0.594456859	0.427660723	-0.028875648	-1.022303112	-3.126533784	0.038742658	0.098873550	-0.081024774	0.045712466	-0.017257936	-0.024274306
0.852000000	-0.024600182	0.594555745	0.427579684	-0.028829869	-1.022320368	-3.126558092	0.038861638	0.098893836	-0.081049075	0.045850838	-0.017253099	-0.024344987
0.853000000	-0.024561258	0.594654647	0.427498624	-0.028783946	-1.022337618	-3.126582474	0.038980587	0.098913404	-0.081072798	0.045989167	-0.017248131	-0.024415636
0.854000000	-0.024522216	0.594753568	0.427417541	-0.028737885	-1.022354863	-3.126606927	0.039099506	0.098932262	-0.081095951	0.046127455	-0.017243034	-0.024486255
0.855000000	-0.024483055	0.594852508	0.427336435	-0.028691686	-1.022372103	-3.126631449	0.039218393	0.098950409	-0.081118530	0.046265699	-0.017237806	-0.024556843
0.856000000	-0.024443775	0.594951466	0.427255306	-0.028645350	-1.022389338	-3.126656042	0.039337247	0.098967843	-0.081140538	0.046403898	-0.017232448	-0.024627397
0.857000000	-0.024404377	0.595050442	0.427174155	-0.028598875	-1.022406567	-3.126680706	0.039456064	0.098984564	-0.081161971	0.046542048	-0.017226960	-0.024697917
0.858000000	-0.024364861	0.595149434	0.427092983	-0.028552263	-1.022423791	-3.126705440	0.039574843	0.099000572	-0.081182830	0.046680146	-0.017221342	-0.024768401
0.859000000	-0.024325226	0.595248442	0.427011791	-0.028505513	-1.022441010	-3.126730244	0.039693581	0.099015865	-0.081203113	0.046818190	-0.017215594	-0.024838848
0.860000000	-0.024285472	0.595347465	0.426930578	-0.028458625	-1.022458222	-3.126755118	0.039812275	0.099030443	-0.081222820	0.046956178	-0.017209717	-0.024909257
0.861000000	-0.024245600	0.595446502	0.426849345	-0.028411600	-1.022475429	-3.126780062	0.039930924	0.099044305	-0.081241951	0.047094105	-0.017203710	-0.024979625
0.862000000	-0.024205610	0.595545553	0.426768094	-0.028364437	-1.022492630	-3.126805077	0.040049525	0.099057451	-0.081260504	0.047231971	-0.017197574	-0.025049952
0.863000000	-0.024165502	0.595644617	0.426686824	-0.028317137	-1.022509824	-3.126830162	0.040168075	0.099069879	-0.081278478	0.047369771	-0.017191309	-0.025120237
0.864000000	-0.024125275	0.595743693	0.426605537	-0.028269699	-1.022527012	-3.126855317	0.040286573	0.099081589	-0.081295873	0.047507503	-0.017184914	-0.025190477
0.865000000	-0.024084930	0.595842781	0.426524232	-0.028222123	-1.022544194	-3.126880542	0.040405016	0.099092581	-0.081312688	0.047645165	-0.017178391	-0.025260671
0.866000000	-0.024044467	0.595941880	0.426442911	-0.028174411	-1.022561370	-3.126905837	0.040523401	0.099102853	-0.081328922	0.047782753	-0.017171738	-0.025330819
0.867000000	-0.024003886	0.596040988	0.426361573	-0.028126561	-1.022578538	-3.126931202	0.040641726	0.099112405	-0.081344575	0.047920265	-0.017164956	-0.025400918
0.868000000	-0.023963187	0.596140106	0.426280220	-0.028078573	-1.022595700	-3.126956637	0.040759989	0.099121237	-0.081359646	0.048057698	-0.017158046	-0.025470967
0.869000000	-0.023922369	0.596239233	0.426198852	-0.028030449	-1.022612855	-3.126982142	0.040878187	0.099129347	-0.081374134	0.048195049	-0.017151007	-0.025540965
0.870000000	-0.023881434	0.596338367	0.426117470	-0.027982188	-1.022630003	-3.127007717	0.040996318	0.099136736	-0.081388039	0.048332315	-0.017143840	-0.025610910
0.871000000	-0.023840381	0.596437509	0.426036074	-0.027933789	-1.022647144	-3.127033362	0.041114379	0.099143402	-0.081401359	0.048469494	-0.017136545	-0.025680801
0.872000000	-0.023799206	0.596536655	0.425954667	-0.027885249	-1.022664276	-3.127059078	0.041232366	0.099149339	-0.081414090	0.048606580	-0.017129120	-0.025750635
0.873000000	-0.023757913	0.596635805	0.425873248	-0.027836572	-1.022681401	-3.127084865	0.041350278	0.099154552	-0.081426234	0.048743571	-0.017121568	-0.025820411
0.874000000	-0.023716502	0.596734961	0.425791817	-0.027787758	-1.022698518	-3.127110721	0.041468113	0.099159041	-0.081437793	0.048880467	-0.017113888	-0.025890129
0.875000000	-0.023674973	0.596834121	0.425710374	-0.027738807	-1.022715628	-3.127136647	0.041585868	0.099162805	-0.081448764	0.049017264	-0.017106080	-0.025959787
0.876000000	-0.023633327	0.596933284	0.425628921	-0.027689720	-1.022732730	-3.127162642	0.041703542	0.099165843	-0.081459148	0.049153960	-0.017098145	-0.026029383
0.877000000	-0.023591564	0.597032451	0.425547457	-0.027640497	-1.022749824	-3.127188707	0.041821132	0.099168156	-0.081468945	0.049290551	-0.017090082	-0.026098917
0.878000000	-0.023549683	0.597131619	0.425465984	-0.027591137	-1.022766910	-3.127214841	0.041938635	0.099169743	-0.081478152	0.049427035	-0.017081892	-0.026168387
0.879000000	-0.023507685	0.597230789	0.425384502	-0.027541641	-1.022783987	-3.127241045	0.042056049	0.099170603	-0.081486770	0.049563409	-0.017073574	-0.026237791
0.880000000	-0.023465570	0.597329959	0.425303011	-0.027492009	-1.022801056	-3.127267318	0.042173371	0.099170735	-0.081494798	0.049699669	-0.017065130	-0.026307128
0.881000000	-0.023423337	0.597429129	0.425221513	-0.027442240	-1.022818117	-3.127293660	0.042290600	0.099170140	-0.081502236	0.049835814	-0.017056558	-0.026376396
0.882000000	-0.023380988	0.597528299	0.425140007	-0.027392336	-1.022835169	-3.127320071	0.042407731	0.099168816	-0.081509083	0.049971840	-0.017047860	-0.026445594
0.883000000	-0.023338521	0.597627466	0.425058495	-0.027342296	-1.022852213	-3.127346551	0.042524764	0.099166763	-0.081515338	0.050107745	-0.017039035	-0.026514720
0.884000000	-0.023295938	0.597726632	0.424976977	-0.027292121	-1.022869247	-3.127373100	0.042641695	0.099163982	-0.081521001	0.050243525	-0.017030084	-0.026583774
0.885000000	-0.023253238	0.597825794	0.424895453	-0.027241810	-1.022886273	-3.127399719	0.042758523	0.099160470	-0.081526071	0.050379177	-0.017021007	-0.026652753
0.886000000	-0.023210422	0.597924953	0.424813925	-0.027191363	-1.022903290	-3.127426406	0.042875243	0.099156229	-0.081530548	0.050514699	-0.017011804	-0.026721656
0.887000000	-0.023167488	0.598024107	0.424732392	-0.027140781	-1.022920297	-3.127453161	0.042991855	0.099151257	-0.081534431	0.050650088	-0.017002475	-0.026790482
0.888000000	-0.023124439	0.598123256	0.424650855	-0.027090064	-1.022937295	-3.127479986	0.043108355	0.099145554	-0.081537720	0.050785341	-0.016993020	-0.026859229
0.889000000	-0.023081273	0.598222399	0.424569316	-0.027039212	-1.022954283	-3.127506879	0.043224741	0.099139120	-0.081540414	0.050920454	-0.016983439	-0.026927895
0.890000000	-0.023037991	0.598321535	0.424487774	-0.026988225	-1.022971262	-3.127533841	0.043341010	0.099131955	-0.081542512	0.051055425	-0.016973733	-0.026996479
0.891000000	-0.022994593	0.598420664	0.424406230	-0.026937103	-1.022988231	-3.127560871	0.043457160	0.099124057	-0.081544015	0.051190252	-0.016963902	-0.027064980
0.892000000	-0.022951078	0.598519784	0.424324685	-0.026885846	-1.023005190	-3.127587970	0.043573188	0.099115427	-0.081544921	0.051324930	-0.016953946	-0.027133396
0.893000000	-0.022907448	0.598618896	0.424243140	-0.026834455	-1.023022139	-3.127615137	0.043689092	0.099106064	-0.081545231	0.051459457	-0.016943865	-0.027201726
0.894000000	-0.022863702	0.598717998	0.424161594	-0.026782930	-1.023039078	-3.127642372	0.043804869	0.099095968	-0.081544943	0.051593831	-0.016933660	-0.027269968
0.895000000	-0.022819841	0.598817089	0.424080049	-0.026731270	-1.023056007	-3.127669676	0.043920517	0.099085140	-0.081544058	0.051728048	-0.016923330	-0.027338120
0.896000000	-0.022775863	0.598916170	0.423998505	-0.026679476	-1.023072925	-3.127697047	0.044036033	0.099073577	-0.081542574	0.051862104	-0.016912875	-0.027406182
0.897000000	-0.022731771	0.599015238	0.423916962	-0.026627549	-1.023089833	-3.127724486	0.044151414	0.099061281	-0.081540492	0.051995998	-0.016902297	-0.027474151
0.898000000	-0.022687563	0.599114294	0.423835422	-0.026575487	-1.023106730	-3.127751994	0.044266658	0.099048250	-0.081537811	0.052129726	-0.016891595	-0.027542026
0.899000000	-0.022643238	0.599213335	0.423753886	-0.026523290	-1.023123616	-3.127779570	0.044381761	0.099034482	-0.081534528	0.052263284	-0.016880769	-0.027609805
0.900000000	-0.022598798	0.599312361	0.423672354	-0.026470959	-1.023140491	-3.127807215	0.044496721	0.099019979	-0.081530644	0.052396669	-0.016869819	-0.027677487
0.901000000	-0.022554243	0.599411373	0.423590827	-0.026418494	-1.023157355	-3.127834926	0.044611536	0.099004740	-0.081526160	0.052529879	-0.016858747	-0.027745069
0.902000000	-0.022509573	0.599510369	0.423509304	-0.026365896	-1.023174208	-3.127862706	0.044726204	0.098988767	-0.081521075	0.052662912	-0.016847551	-0.027812552
0.903000000	-0.022464788	0.599609349	0.423427786	-0.026313166	-1.023191050	-3.127890553	0.044840722	0.098972058	-0.081515390	0.052795763	-0.016836232	-0.027879934
0.904000000	-0.022419889	0.599708311	0.423346274	-0.026260303	-1.023207880	-3.127918467	0.044955087	0.098954615	-0.081509103	0.052928431	-0.016824791	-0.027947213
0.905000000	-0.022374876	0.599807256	0.423264769	-0.026207307	-1.023224699	-3.127946448	0.045069297	0.098936435	-0.081502215	0.053060912	-0.016813227	-0.028014387
0.906000000	-0.022329749	0.599906183	0.423183271	-0.026154179	-1.023241506	-3.127974496	0.045183349	0.098917520	-0.081494725	0.053193204	-0.016801541	-0.028081454
0.907000000	-0.022284508	0.600005090	0.423101780	-0.026100919	-1.023258302	-3.128002612	0.045297241	0.098897869	-0.081486632	0.053325302	-0.016789733	-0.028148415
0.908000000	-0.022239154	0.600103977	0.423020298	-0.026047527	-1.023275086	-3.128030794	0.045410969	0.098877481	-0.081477937	0.053457205	-0.016777803	-0.028215266
0.909000000	-0.022193685	0.600202844	0.422938825	-0.025994003	-1.023291857	-3.128059043	0.045524532	0.098856358	-0.081468639	0.053588909	-0.016765751	-0.028282007
0.910000000	-0.022148104	0.600301689	0.422857362	-0.025940348	-1.023308617	-3.128087359	0.045637927	0.098834498	-0.081458738	0.053720410	-0.016753579	-0.028348635
0.911000000	-0.022102409	0.600400512	0.422775908	-0.025886562	-1.023325364	-3.128115741	0.045751150	0.098811902	-0.081448233	0.053851707	-0.016741285	-0.028415149
0.912000000	-0.022056601	0.600499312	0.422694466	-0.025832644	-1.023342099	-3.128144189	0.045864200	0.098788569	-0.081437125	0.053982795	-0.016728870	-0.028481549
0.913000000	-0.022010680	0.600598089	0.422613034	-0.025778595	-1.023358822	-3.128172704	0.045977074	0.098764500	-0.081425412	0.054113673	-0.016716334	-0.028547831
0.914000000	-0.021964646	0.600696841	0.422531615	-0.025724416	-1.023375532	-3.128201285	0.046089769	0.098739694	-0.081413096	0.054244336	-0.016703678	-0.028613995
0.915000000	-0.021918500	0.600795567	0.422450209	-0.025670106	-1.023392229	-3.128229932	0.046202282	0.098714152	-0.081400175	0.054374781	-0.016690902	-0.028680039
0.916000000	-0.021872241	0.600894268	0.422368815	-0.025615666	-1.023408913	-3.128258645	0.046314611	0.098687873	-0.081386649	0.054505007	-0.016678006	-0.028745962
0.917000000	-0.021825870	0.600992943	0.422287436	-0.025561096	-1.023425585	-3.128287424	0.046426753	0.098660857	-0.081372518	0.054635009	-0.016664990	-0.028811761
0.918000000	-0.021779387	0.601091590	0.422206071	-0.025506396	-1.023442243	-3.128316269	0.046538706	0.098633104	-0.081357782	0.054764784	-0.016651855	-0.028877436
0.919000000	-0.021732793	0.601190209	0.422124720	-0.025451566	-1.023458889	-3.128345179	0.046650466	0.098604615	-0.081342440	0.054894330	-0.016638600	-0.028942985
0.920000000	-0.021686086	0.601288799	0.422043386	-0.025396607	-1.023475520	-3.128374155	0.046762032	0.098575388	-0.081326493	0.055023643	-0.016625227	-0.029008406
0.921000000	-0.021639269	0.601387359	0.421962068	-0.025341519	-1.023492139	-3.128403196	0.046873399	0.098545426	-0.081309940	0.055152720	-0.016611734	-0.029073698
0.922000000	-0.021592340	0.601485889	0.421880766	-0.025286302	-1.023508744	-3.128432302	0.046984567	0.098514726	-0.081292781	0.055281558	-0.016598124	-0.029138858
0.923000000	-0.021545300	0.601584389	0.421799482	-0.025230956	-1.023525335	-3.128461474	0.047095532	0.098483290	-0.081275016	0.055410154	-0.016584394	-0.029203887
0.924000000	-0.021498149	0.601682856	0.421718216	-0.025175482	-1.023541913	-3.128490710	0.047206291	0.098451118	-0.081256645	0.055538505	-0.016570547	-0.029268781
0.925000000	-0.021450887	0.601781291	0.421636969	-0.025119880	-1.023558476	-3.128520011	0.047316841	0.098418209	-0.081237667	0.055666608	-0.016556582	-0.029333540
0.926000000	-0.021403516	0.601879692	0.421555741	-0.025064149	-1.023575026	-3.128549377	0.047427181	0.098384564	-0.081218083	0.055794459	-0.016542500	-0.029398162
0.927000000	-0.021356033	0.601978060	0.421474533	-0.025008291	-1.023591561	-3.128578807	0.047537307	0.098350182	-0.081197892	0.055922056	-0.016528300	-0.029462645
0.928000000	-0.021308441	0.602076393	0.421393345	-0.024952305	-1.023608083	-3.128608302	0.047647216	0.098315065	-0.081177095	0.056049395	-0.016513983	-0.029526988
0.929000000	-0.021260739	0.602174690	0.421312178	-0.024896193	-1.023624589	-3.128637861	0.047756907	0.098279211	-0.081155691	0.056176473	-0.016499550	-0.029591188
0.930000000	-0.021212928	0.602272951	0.421231033	-0.024839953	-1.023641082	-3.128667484	0.047866375	0.098242622	-0.081133679	0.056303287	-0.016485000	-0.029655246
0.931000000	-0.021165007	0.602371176	0.421149911	-0.024783587	-1.023657559	-3.128697171	0.047975619	0.098205297	-0.081111061	0.056429834	-0.016470334	-0.029719158
0.932000000	-0.021116977	0.602469362	0.421068811	-0.024727094	-1.023674022	-3.128726922	0.048084636	0.098167237	-0.081087836	0.056556111	-0.016455552	-0.029782924
0.933000000	-0.021068838	0.602567510	0.420987735	-0.024670475	-1.023690471	-3.128756737	0.048193422	0.098128442	-0.081064004	0.056682115	-0.016440655	-0.029846541
0.934000000	-0.021020591	0.602665619	0.420906683	-0.024613730	-1.023706904	-3.128786615	0.048301976	0.098088911	-0.081039565	0.056807841	-0.016425642	-0.029910009
0.935000000	-0.020972235	0.602763688	0.420825656	-0.024556860	-1.023723322	-3.128816556	0.048410294	0.098048646	-0.081014518	0.056933289	-0.016410513	-0.029973326
0.936000000	-0.020923771	0.602861717	0.420744654	-0.024499864	-1.023739725	-3.128846561	0.048518374	0.098007645	-0.080988864	0.057058453	-0.016395270	-0.030036489
0.937000000	-0.020875199	0.602959704	0.420663678	-0.024442744	-1.023756113	-3.128876629	0.048626214	0.097965911	-0.080962603	0.057183331	-0.016379913	-0.030099498
0.938000000	-0.020826519	0.603057649	0.420582728	-0.024385499	-1.023772485	-3.128906760	0.048733809	0.097923443	-0.080935735	0.057307921	-0.016364441	-0.030162351
0.939000000	-0.020777732	0.603155551	0.420501806	-0.024328129	-1.023788842	-3.128936953	0.048841158	0.097880241	-0.080908260	0.057432217	-0.016348856	-0.030225046
0.940000000	-0.020728837	0.603253410	0.420420912	-0.024270635	-1.023805183	-3.128967210	0.048948258	0.097836305	-0.080880177	0.057556218	-0.016333156	-0.030287581
0.941000000	-0.020679836	0.603351224	0.420340046	-0.024213017	-1.023821508	-3.128997528	0.049055106	0.097791636	-0.080851488	0.057679921	-0.016317343	-0.030349956
0.942000000	-0.020630728	0.603448993	0.420259209	-0.024155276	-1.023837817	-3.129027909	0.049161699	0.097746234	-0.080822191	0.057803322	-0.016301417	-0.030412168
0.943000000	-0.020581513	0.603546717	0.420178401	-0.024097411	-1.023854111	-3.129058352	0.049268035	0.097700100	-0.080792288	0.057926417	-0.016285378	-0.030474216
0.944000000	-0.020532192	0.603644394	0.420097624	-0.024039424	-1.023870388	-3.129088857	0.049374110	0.097653233	-0.080761777	0.058049204	-0.016269227	-0.030536099
0.945000000	-0.020482766	0.603742024	0.420016877	-0.023981313	-1.023886649	-3.129119424	0.049479923	0.097605635	-0.080730659	0.058171680	-0.016252964	-0.030597814
0.946000000	-0.020433233	0.603839605	0.419936162	-0.023923081	-1.023902894	-3.129150052	0.049585470	0.097557305	-0.080698935	0.058293841	-0.016236588	-0.030659360
0.947000000	-0.020383595	0.603937138	0.419855479	-0.023864726	-1.023919123	-3.129180742	0.049690748	0.097508243	-0.080666605	0.058415684	-0.016220101	-0.030720735
0.948000000	-0.020333852	0.604034622	0.419774829	-0.023806250	-1.023935335	-3.129211494	0.049795756	0.097458452	-0.080633667	0.058537206	-0.016203502	-0.030781939
0.949000000	-0.020284004	0.604132056	0.419694212	-0.023747653	-1.023951530	-3.129242306	0.049900489	0.097407929	-0.080600124	0.058658404	-0.016186793	-0.030842968
0.950000000	-0.020234052	0.604229438	0.419613629	-0.023688934	-1.023967708	-3.129273179	0.050004945	0.097356677	-0.080565974	0.058779274	-0.016169972	-0.030903822
0.951000000	-0.020183995	0.604326769	0.419533080	-0.023630095	-1.023983870	-3.129304113	0.050109122	0.097304696	-0.080531218	0.058899814	-0.016153042	-0.030964500
0.952000000	-0.020133834	0.604424048	0.419452566	-0.023571135	-1.024000014	-3.129335108	0.050213017	0.097251985	-0.080495856	0.059020020	-0.016136001	-0.031024998
0.953000000	-0.020083570	0.604521273	0.419372088	-0.023512055	-1.024016142	-3.129366163	0.050316626	0.097198546	-0.080459888	0.059139889	-0.016118850	-0.031085317
0.954000000	-0.020033201	0.604618445	0.419291646	-0.023452856	-1.024032252	-3.129397278	0.050419948	0.097144379	-0.080423315	0.059259417	-0.016101590	-0.031145454
0.955000000	-0.019982730	0.604715562	0.419211241	-0.023393537	-1.024048345	-3.129428453	0.050522978	0.097089484	-0.080386136	0.059378602	-0.016084220	-0.031205407
0.956000000	-0.019932156	0.604812624	0.419130874	-0.023334099	-1.024064421	-3.129459689	0.050625716	0.097033862	-0.080348351	0.059497440	-0.016066742	-0.031265175
0.957000000	-0.019881479	0.604909630	0.419050544	-0.023274543	-1.024080479	-3.129490984	0.050728157	0.096977514	-0.080309963	0.059615928	-0.016049155	-0.031324757
0.958000000	-0.019830700	0.605006580	0.418970254	-0.023214868	-1.024096519	-3.129522338	0.050830299	0.096920439	-0.080270969	0.059734063	-0.016031460	-0.031384150
0.959000000	-0.019779819	0.605103471	0.418890002	-0.023155075	-1.024112542	-3.129553752	0.050932139	0.096862639	-0.080231370	0.059851842	-0.016013657	-0.031443353
0.960000000	-0.019728836	0.605200305	0.418809791	-0.023095165	-1.024128547	-3.129585224	0.051033674	0.096804115	-0.080191168	0.059969261	-0.015995747	-0.031502365
0.961000000	-0.019677752	0.605297080	0.418729620	-0.023035137	-1.024144533	-3.129616756	0.051134902	0.096744865	-0.080150361	0.060086317	-0.015977729	-0.031561184
0.962000000	-0.019626567	0.605393795	0.418649490	-0.022974993	-1.024160502	-3.129648346	0.051235820	0.096684892	-0.080108951	0.060203006	-0.015959604	-0.031619808
0.963000000	-0.019575281	0.605490450	0.418569402	-0.022914732	-1.024176453	-3.129679995	0.051336425	0.096624196	-0.080066937	0.060319327	-0.015941373	-0.031678236
0.964000000	-0.019523895	0.605587043	0.418489356	-0.022854354	-1.024192385	-3.129711703	0.051436713	0.096562778	-0.080024320	0.060435275	-0.015923035	-0.031736466
0.965000000	-0.019472408	0.605683575	0.418409353	-0.022793862	-1.024208299	-3.129743468	0.051536684	0.096500637	-0.079981100	0.060550847	-0.015904591	-0.031794496
0.966000000	-0.019420822	0.605780045	0.418329394	-0.022733253	-1.024224194	-3.129775291	0.051636333	0.096437775	-0.079937277	0.060666040	-0.015886042	-0.031852325
0.967000000	-0.019369136	0.605876451	0.418249479	-0.022672530	-1.024240071	-3.129807173	0.051735657	0.096374193	-0.079892853	0.060780850	-0.015867387	-0.031909951
0.968000000	-0.019317351	0.605972793	0.418169608	-0.022611692	-1.024255929	-3.129839111	0.051834654	0.096309890	-0.079847826	0.060895275	-0.015848628	-0.031967372
0.969000000	-0.019265467	0.606069071	0.418089783	-0.022550740	-1.024271768	-3.129871107	0.051933322	0.096244868	-0.079802198	0.061009312	-0.015829764	-0.032024588
0.970000000	-0.019213484	0.606165283	0.418010004	-0.022489674	-1.024287588	-3.129903160	0.052031657	0.096179128	-0.079755969	0.061122956	-0.015810795	-0.032081595
0.971000000	-0.019161404	0.606261429	0.417930271	-0.022428494	-1.024303390	-3.129935270	0.052129656	0.096112670	-0.079709138	0.061236205	-0.015791723	-0.032138394
0.972000000	-0.019109225	0.606357508	0.417850585	-0.022367202	-1.024319172	-3.129967437	0.052227317	0.096045495	-0.079661708	0.061349055	-0.015772547	-0.032194981
0.973000000	-0.019056949	0.606453520	0.417770948	-0.022305796	-1.024334935	-3.129999660	0.052324637	0.095977603	-0.079613677	0.061461504	-0.015753268	-0.032251356
0.974000000	-0.019004576	0.606549463	0.417691358	-0.022244279	-1.024350678	-3.130031939	0.052421613	0.095908996	-0.079565047	0.061573547	-0.015733886	-0.032307516
0.975000000	-0.018952106	0.606645338	0.417611818	-0.022182650	-1.024366403	-3.130064275	0.052518242	0.095839673	-0.079515818	0.061685182	-0.015714401	-0.032363461
0.976000000	-0.018899540	0.606741143	0.417532327	-0.022120909	-1.024382107	-3.130096666	0.052614522	0.095769637	-0.079465989	0.061796406	-0.015694814	-0.032419188
0.977000000	-0.018846878	0.606836877	0.417452886	-0.022059057	-1.024397792	-3.130129113	0.052710449	0.095698887	-0.079415563	0.061907215	-0.015675126	-0.032474697
0.978000000	-0.018794119	0.606932540	0.417373496	-0.021997095	-1.024413457	-3.130161615	0.052806021	0.095627425	-0.079364539	0.062017605	-0.015655336	-0.032529984
0.979000000	-0.018741266	0.607028132	0.417294157	-0.021935022	-1.024429103	-3.130194173	0.052901234	0.095555250	-0.079312917	0.062127574	-0.015635444	-0.032585049
0.980000000	-0.018688317	0.607123651	0.417214870	-0.021872840	-1.024444728	-3.130226785	0.052996087	0.095482365	-0.079260698	0.062237119	-0.015615452	-0.032639890
0.981000000	-0.018635274	0.607219096	0.417135635	-0.021810548	-1.024460334	-3.130259453	0.053090577	0.095408770	-0.079207882	0.062346236	-0.015595360	-0.032694505
0.982000000	-0.018582136	0.607314468	0.417056454	-0.021748147	-1.024475919	-3.130292174	0.053184699	0.095334466	-0.079154471	0.062454922	-0.015575167	-0.032748893
0.983000000	-0.018528904	0.607409765	0.416977327	-0.021685638	-1.024491484	-3.130324950	0.053278453	0.095259453	-0.079100464	0.062563173	-0.015554875	-0.032803053
0.984000000	-0.018475579	0.607504987	0.416898253	-0.021623021	-1.024507029	-3.130357780	0.053371834	0.095183733	-0.079045863	0.062670987	-0.015534483	-0.032856981
0.985000000	-0.018422161	0.607600133	0.416819235	-0.021560297	-1.024522553	-3.130390664	0.053464840	0.095107307	-0.078990667	0.062778360	-0.015513993	-0.032910678
0.986000000	-0.018368650	0.607695201	0.416740272	-0.021497465	-1.024538057	-3.130423602	0.053557469	0.095030174	-0.078934876	0.062885288	-0.015493404	-0.032964141
0.987000000	-0.018315046	0.607790193	0.416661365	-0.021434526	-1.024553540	-3.130456592	0.053649716	0.094952337	-0.078878493	0.062991770	-0.015472716	-0.033017368
0.988000000	-0.018261351	0.607885106	0.416582515	-0.021371481	-1.024569002	-3.130489636	0.053741580	0.094873796	-0.078821517	0.063097800	-0.015451931	-0.033070359
0.989000000	-0.018207563	0.607979940	0.416503722	-0.021308331	-1.024584444	-3.130522733	0.053833058	0.094794553	-0.078763949	0.063203377	-0.015431048	-0.033123110
0.990000000	-0.018153685	0.608074695	0.416424987	-0.021245075	-1.024599864	-3.130555882	0.053924147	0.094714607	-0.078705789	0.063308496	-0.015410068	-0.033175622
0.991000000	-0.018099715	0.608169369	0.416346311	-0.021181714	-1.024615264	-3.130589084	0.054014844	0.094633961	-0.078647038	0.063413155	-0.015388991	-0.033227891
0.992000000	-0.018045655	0.608263963	0.416267693	-0.021118249	-1.024630642	-3.130622338	0.054105146	0.094552614	-0.078587696	0.063517350	-0.015367818	-0.033279917
0.993000000	-0.017991505	0.608358474	0.416189136	-0.021054679	-1.024645999	-3.130655644	0.054195050	0.094470569	-0.078527765	0.063621078	-0.015346549	-0.033331698
0.994000000	-0.017937265	0.608452904	0.416110638	-0.020991007	-1.024661335	-3.130689001	0.054284554	0.094387826	-0.078467244	0.063724336	-0.015325184	-0.033383232
0.995000000	-0.017882936	0.608547250	0.416032201	-0.020927231	-1.024676650	-3.130722410	0.054373655	0.094304385	-0.078406135	0.063827120	-0.015303724	-0.033434517
0.996000000	-0.017828518	0.608641512	0.415953826	-0.020863353	-1.024691943	-3.130755870	0.054462350	0.094220250	-0.078344439	0.063929428	-0.015282169	-0.033485553
0.997000000	-0.017774011	0.608735690	0.415875513	-0.020799372	-1.024707214	-3.130789381	0.054550635	0.094135419	-0.078282154	0.064031255	-0.015260520	-0.033536337
0.998000000	-0.017719417	0.608829783	0.415797262	-0.020735290	-1.024722464	-3.130822943	0.054638509	0.094049894	-0.078219284	0.064132599	-0.015238777	-0.033586867
0.999000000	-0.017664734	0.608923790	0.415719074	-0.020671107	-1.024737692	-3.130856555	0.054725968	0.093963677	-0.078155827	0.064233457	-0.015216939	-0.033637143
1.000000000	-0.017609965	0.609017710	0.415640950	-0.020606823	-1.024752898	-3.130890217	0.054813010	0.093876769	-0.078091786	0.064333825	-0.015195009	-0.033687162
1.001000000	-0.017555108	0.609111543	0.415562891	-0.020542439	-1.024768082	-3.130923929	0.054899796	0.093789451	-0.078027394	0.064433893	-0.015173031	-0.033737024
1.002000000	-0.017500165	0.609205289	0.415484896	-0.020477956	-1.024783244	-3.130957691	0.054986491	0.093702006	-0.077962886	0.064533854	-0.015151051	-0.033786830
1.003000000	-0.017445135	0.609298947	0.415406965	-0.020413372	-1.024798384	-3.130991503	0.055073095	0.093614435	-0.077898262	0.064633707	-0.015129070	-0.033836580
1.004000000	-0.017390019	0.609392518	0.415329099	-0.020348688	-1.024813502	-3.131025364	0.055159607	0.093526737	-0.077833523	0.064733453	-0.015107086	-0.033886273
1.005000000	-0.017334816	0.609486001	0.415251298	-0.020283905	-1.024828598	-3.131059275	0.055246027	0.093438912	-0.077768668	0.064833092	-0.015085102	-0.033935911
1.006000000	-0.017279527	0.609579396	0.415173562	-0.020219022	-1.024843672	-3.131093236	0.055332355	0.093350960	-0.077703699	0.064932624	-0.015063115	-0.033985492
1.007000000	-0.017224151	0.609672703	0.415095891	-0.020154040	-1.024858724	-3.131127246	0.055418592	0.093262883	-0.077638613	0.065032047	-0.015041128	-0.034035017
1.008000000	-0.017168690	0.609765921	0.415018284	-0.020088958	-1.024873754	-3.131161306	0.055504736	0.093174679	-0.077573413	0.065131363	-0.015019138	-0.034084486
1.009000000	-0.017113142	0.609859052	0.414940744	-0.020023777	-1.024888762	-3.131195415	0.055590789	0.093086349	-0.077508097	0.065230571	-0.014997147	-0.034133898
1.010000000	-0.017057508	0.609952094	0.414863268	-0.019958497	-1.024903749	-3.131229574	0.055676749	0.092997893	-0.077442666	0.065329672	-0.014975155	-0.034183255
1.011000000	-0.017001788	0.610045048	0.414785858	-0.019893118	-1.024918713	-3.131263782	0.055762617	0.092909312	-0.077377121	0.065428664	-0.014953162	-0.034232555
1.012000000	-0.016945983	0.610137913	0.414708514	-0.019827639	-1.024933655	-3.131298039	0.055848393	0.092820605	-0.077311461	0.065527548	-0.014931167	-0.034281798
1.013000000	-0.016890092	0.610230689	0.414631235	-0.019762062	-1.024948575	-3.131332345	0.055934077	0.092731772	-0.077245686	0.065626324	-0.014909170	-0.034330985
1.014000000	-0.016834115	0.610323376	0.414554023	-0.019696387	-1.024963473	-3.131366701	0.056019667	0.092642814	-0.077179796	0.065724992	-0.014887173	-0.034380116
1.015000000	-0.016778052	0.610415975	0.414476876	-0.019630612	-1.024978349	-3.131401106	0.056105166	0.092553732	-0.077113793	0.065823552	-0.014865174	-0.034429190
1.016000000	-0.016721904	0.610508484	0.414399795	-0.019564740	-1.024993204	-3.131435559	0.056190572	0.092464524	-0.077047675	0.065922003	-0.014843175	-0.034478208
1.017000000	-0.016665671	0.610600904	0.414322780	-0.019498768	-1.025008036	-3.131470062	0.056275885	0.092375191	-0.076981442	0.066020346	-0.014821174	-0.034527170
1.018000000	-0.016609353	0.610693234	0.414245832	-0.019432699	-1.025022846	-3.131504614	0.056361105	0.092285733	-0.076915095	0.066118580	-0.014799171	-0.034576075
1.019000000	-0.016552949	0.610785475	0.414168950	-0.019366531	-1.025037634	-3.131539214	0.056446232	0.092196151	-0.076848634	0.066216705	-0.014777168	-0.034624923
1.020000000	-0.016496460	0.610877626	0.414092135	-0.019300266	-1.025052400	-3.131573864	0.056531267	0.092106445	-0.076782060	0.066314722	-0.014755164	-0.034673715
1.021000000	-0.016439886	0.610969688	0.414015386	-0.019233902	-1.025067144	-3.131608562	0.056616208	0.092016614	-0.076715371	0.066412630	-0.014733159	-0.034722450
1.022000000	-0.016383228	0.611061660	0.413938704	-0.019167440	-1.025081867	-3.131643309	0.056701056	0.091926659	-0.076648569	0.066510429	-0.014711153	-0.034771129
1.023000000	-0.016326484	0.611153541	0.413862089	-0.019100881	-1.025096567	-3.131678104	0.056785812	0.091836580	-0.076581653	0.066608120	-0.014689146	-0.034819751
1.024000000	-0.016269656	0.611245333	0.413785541	-0.019034224	-1.025111245	-3.131712948	0.056870473	0.091746378	-0.076514624	0.066705701	-0.014667139	-0.034868317
1.025000000	-0.016212743	0.611337034	0.413709060	-0.018967470	-1.025125901	-3.131747841	0.056955042	0.091656051	-0.076447481	0.066803172	-0.014645130	-0.034916825
1.026000000	-0.016155746	0.611428645	0.413632646	-0.018900618	-1.025140535	-3.131782782	0.057039517	0.091565601	-0.076380225	0.066900535	-0.014623121	-0.034965277
1.027000000	-0.016098664	0.611520165	0.413556299	-0.018833669	-1.025155147	-3.131817771	0.057123898	0.091475028	-0.076312856	0.066997789	-0.014601111	-0.035013673
1.028000000	-0.016041498	0.611611595	0.413480020	-0.018766622	-1.025169737	-3.131852809	0.057208186	0.091384331	-0.076245374	0.067094933	-0.014579100	-0.035062011
1.029000000	-0.015984248	0.611702934	0.413403809	-0.018699479	-1.025184305	-3.131887895	0.057292380	0.091293511	-0.076177779	0.067191967	-0.014557088	-0.035110293
1.030000000	-0.015926914	0.611794182	0.413327665	-0.018632238	-1.025198851	-3.131923030	0.057376480	0.091202569	-0.076110071	0.067288892	-0.014535076	-0.035158518
1.031000000	-0.015869495	0.611885339	0.413251588	-0.018564901	-1.025213376	-3.131958212	0.057460487	0.091111503	-0.076042250	0.067385708	-0.014513064	-0.035206687
1.032000000	-0.015811993	0.611976405	0.413175580	-0.018497467	-1.025227878	-3.131993443	0.057544399	0.091020315	-0.075974316	0.067482413	-0.014491051	-0.035254798
1.033000000	-0.015754406	0.612067380	0.413099640	-0.018429936	-1.025242358	-3.132028722	0.057628218	0.090929004	-0.075906270	0.067579009	-0.014469037	-0.035302853
1.034000000	-0.015696736	0.612158263	0.413023768	-0.018362309	-1.025256816	-3.132064049	0.057711942	0.090837571	-0.075838112	0.067675495	-0.014447023	-0.035350851
1.035000000	-0.015638982	0.612249055	0.412947964	-0.018294585	-1.025271252	-3.132099424	0.057795572	0.090746016	-0.075769841	0.067771871	-0.014425009	-0.035398791
1.036000000	-0.015581145	0.612339755	0.412872228	-0.018226765	-1.025285666	-3.132134846	0.057879108	0.090654338	-0.075701458	0.067868137	-0.014402994	-0.035446675
1.037000000	-0.015523224	0.612430364	0.412796561	-0.018158849	-1.025300058	-3.132170317	0.057962550	0.090562539	-0.075632963	0.067964293	-0.014380978	-0.035494502
1.038000000	-0.015465220	0.612520880	0.412720962	-0.018090836	-1.025314428	-3.132205835	0.058045897	0.090470618	-0.075564356	0.068060338	-0.014358963	-0.035542272
1.039000000	-0.015407132	0.612611305	0.412645432	-0.018022728	-1.025328776	-3.132241401	0.058129149	0.090378575	-0.075495637	0.068156274	-0.014336947	-0.035589986
1.040000000	-0.015348962	0.612701637	0.412569971	-0.017954524	-1.025343102	-3.132277015	0.058212307	0.090286411	-0.075426807	0.068252099	-0.014314931	-0.035637642
1.041000000	-0.015290708	0.612791878	0.412494578	-0.017886224	-1.025357405	-3.132312677	0.058295371	0.090194125	-0.075357864	0.068347813	-0.014292915	-0.035685241
1.042000000	-0.015232371	0.612882026	0.412419255	-0.017817828	-1.025371687	-3.132348386	0.058378340	0.090101719	-0.075288810	0.068443417	-0.014270898	-0.035732783
1.043000000	-0.015173951	0.612972081	0.412344001	-0.017749337	-1.025385947	-3.132384142	0.058461213	0.090009191	-0.075219645	0.068538911	-0.014248882	-0.035780267
1.044000000	-0.015115448	0.613062044	0.412268816	-0.017680750	-1.025400185	-3.132419946	0.058543992	0.089916542	-0.075150368	0.068634293	-0.014226865	-0.035827695
1.045000000	-0.015056863	0.613151914	0.412193700	-0.017612068	-1.025414401	-3.132455798	0.058626676	0.089823773	-0.075080980	0.068729566	-0.014204848	-0.035875066
1.046000000	-0.014998195	0.613241691	0.412118654	-0.017543291	-1.025428595	-3.132491696	0.058709265	0.089730883	-0.075011481	0.068824727	-0.014182832	-0.035922379
1.047000000	-0.014939445	0.613331376	0.412043677	-0.017474419	-1.025442767	-3.132527642	0.058791759	0.089637872	-0.074941871	0.068919777	-0.014160815	-0.035969636
1.048000000	-0.014880612	0.613420967	0.411968770	-0.017405452	-1.025456916	-3.132563636	0.058874158	0.089544741	-0.074872150	0.069014716	-0.014138799	-0.036016835
1.049000000	-0.014821696	0.613510465	0.411893933	-0.017336390	-1.025471044	-3.132599676	0.058956461	0.089451491	-0.074802319	0.069109544	-0.014116782	-0.036063977
1.050000000	-0.014762699	0.613599870	0.411819165	-0.017267233	-1.025485150	-3.132635764	0.059038669	0.089358119	-0.074732376	0.069204261	-0.014094766	-0.036111061
1.051000000	-0.014703619	0.613689182	0.411744468	-0.017197981	-1.025499234	-3.132671898	0.059120781	0.089264628	-0.074662323	0.069298867	-0.014072750	-0.036158089
1.052000000	-0.014644457	0.613778399	0.411669841	-0.017128635	-1.025513296	-3.132708080	0.059202798	0.089171018	-0.074592159	0.069393361	-0.014050734	-0.036205059
1.053000000	-0.014585213	0.613867524	0.411595284	-0.017059194	-1.025527335	-3.132744308	0.059284719	0.089077287	-0.074521885	0.069487744	-0.014028718	-0.036251972
1.054000000	-0.014525888	0.613956554	0.411520797	-0.016989659	-1.025541353	-3.132780584	0.059366545	0.088983438	-0.074451502	0.069582016	-0.014006703	-0.036298828
1.055000000	-0.014466480	0.614045491	0.411446381	-0.016920030	-1.025555349	-3.132816906	0.059448275	0.088889469	-0.074381007	0.069676176	-0.013984687	-0.036345626
1.056000000	-0.014406991	0.614134333	0.411372035	-0.016850307	-1.025569322	-3.132853275	0.059529909	0.088795381	-0.074310403	0.069770224	-0.013962673	-0.036392367
1.057000000	-0.014347420	0.614223081	0.411297760	-0.016780490	-1.025583274	-3.132889691	0.059611447	0.088701174	-0.074239689	0.069864161	-0.013940658	-0.036439050
1.058000000	-0.014287768	0.614311735	0.411223556	-0.016710579	-1.025597204	-3.132926153	0.059692889	0.088606849	-0.074168865	0.069957985	-0.013918644	-0.036485676
1.059000000	-0.014228035	0.614400295	0.411149422	-0.016640574	-1.025611111	-3.132962662	0.059774235	0.088512404	-0.074097932	0.070051698	-0.013896631	-0.036532245
1.060000000	-0.014168220	0.614488760	0.411075360	-0.016570475	-1.025624997	-3.132999218	0.059855485	0.088417841	-0.074026888	0.070145300	-0.013874618	-0.036578756
1.061000000	-0.014108324	0.614577131	0.411001368	-0.016500283	-1.025638861	-3.133035820	0.059936639	0.088323160	-0.073955736	0.070238788	-0.013852605	-0.036625209
1.062000000	-0.014048346	0.614665406	0.410927448	-0.016429998	-1.025652702	-3.133072468	0.060017696	0.088228361	-0.073884474	0.070332165	-0.013830593	-0.036671606
1.063000000	-0.013988288	0.614753587	0.410853599	-0.016359619	-1.025666522	-3.133109163	0.060098657	0.088133443	-0.073813103	0.070425430	-0.013808582	-0.036717944
1.064000000	-0.013928149	0.614841673	0.410779822	-0.016289147	-1.025680319	-3.133145904	0.060179522	0.088038407	-0.073741622	0.070518583	-0.013786572	-0.036764225
1.065000000	-0.013867929	0.614929664	0.410706116	-0.016218582	-1.025694095	-3.133182691	0.060260290	0.087943254	-0.073670033	0.070611623	-0.013764562	-0.036810449
1.066000000	-0.013807629	0.615017560	0.410632482	-0.016147924	-1.025707848	-3.133219525	0.060340962	0.087847983	-0.073598335	0.070704551	-0.013742552	-0.036856615
1.067000000	-0.013747247	0.615105360	0.410558919	-0.016077173	-1.025721580	-3.133256404	0.060421536	0.087752595	-0.073526528	0.070797366	-0.013720544	-0.036902723
1.068000000	-0.013686785	0.615193065	0.410485429	-0.016006329	-1.025735289	-3.133293330	0.060502014	0.087657089	-0.073454612	0.070890069	-0.013698536	-0.036948774
1.069000000	-0.013626243	0.615280674	0.410412010	-0.015935393	-1.025748977	-3.133330302	0.060582396	0.087561466	-0.073382588	0.070982659	-0.013676529	-0.036994767
1.070000000	-0.013565621	0.615368188	0.410338664	-0.015864364	-1.025762643	-3.133367320	0.060662680	0.087465726	-0.073310456	0.071075136	-0.013654523	-0.037040703
1.071000000	-0.013504918	0.615455606	0.410265389	-0.015793242	-1.025776286	-3.133404383	0.060742867	0.087369869	-0.073238215	0.071167501	-0.013632518	-0.037086580
1.072000000	-0.013444135	0.615542928	0.410192187	-0.015722029	-1.025789908	-3.133441493	0.060822958	0.087273896	-0.073165865	0.071259752	-0.013610513	-0.037132400
1.073000000	-0.013383272	0.615630154	0.410119058	-0.015650723	-1.025803507	-3.133478648	0.060902951	0.087177805	-0.073093408	0.071351891	-0.013588510	-0.037178163
1.074000000	-0.013322329	0.615717283	0.410046000	-0.015579325	-1.025817085	-3.133515849	0.060982847	0.087081599	-0.073020843	0.071443917	-0.013566507	-0.037223867
1.075000000	-0.013261306	0.615804317	0.409973016	-0.015507835	-1.025830640	-3.133553096	0.061062645	0.086985276	-0.072948170	0.071535830	-0.013544506	-0.037269514
1.076000000	-0.013200204	0.615891254	0.409900104	-0.015436253	-1.025844174	-3.133590388	0.061142347	0.086888837	-0.072875389	0.071627629	-0.013522506	-0.037315103
1.077000000	-0.013139022	0.615978094	0.409827265	-0.015364580	-1.025857685	-3.133627726	0.061221951	0.086792282	-0.072802500	0.071719316	-0.013500506	-0.037360634
1.078000000	-0.013077760	0.616064838	0.409754499	-0.015292815	-1.025871175	-3.133665110	0.061301457	0.086695612	-0.072729504	0.071810888	-0.013478508	-0.037406107
1.079000000	-0.013016419	0.616151486	0.409681806	-0.015220958	-1.025884642	-3.133702538	0.061380866	0.086598825	-0.072656401	0.071902348	-0.013456511	-0.037451523
1.080000000	-0.012954998	0.616238036	0.409609186	-0.015149010	-1.025898088	-3.133740013	0.061460177	0.086501923	-0.072583189	0.071993694	-0.013434515	-0.037496880
1.081000000	-0.012893498	0.616324490	0.409536640	-0.015076971	-1.025911511	-3.133777532	0.061539390	0.086404905	-0.072509871	0.072084927	-0.013412521	-0.037542180
1.082000000	-0.012831919	0.616410846	0.409464167	-0.015004840	-1.025924913	-3.133815097	0.061618506	0.086307773	-0.072436446	0.072176046	-0.013390527	-0.037587422
1.083000000	-0.012770261	0.616497105	0.409391767	-0.014932618	-1.025938292	-3.133852707	0.061697524	0.086210526	-0.072362915	0.072267051	-0.013368535	-0.037632606
1.084000000	-0.012708524	0.616583267	0.409319441	-0.014860306	-1.025951650	-3.133890362	0.061776444	0.086113163	-0.072289276	0.072357942	-0.013346544	-0.037677731
1.085000000	-0.012646708	0.616669331	0.409247188	-0.014787903	-1.025964985	-3.133928062	0.061855266	0.086015685	-0.072215530	0.072448720	-0.013324555	-0.037722799
1.086000000	-0.012584814	0.616755298	0.409175010	-0.014715408	-1.025978299	-3.133965808	0.061933990	0.085918094	-0.072141678	0.072539384	-0.013302567	-0.037767809
1.087000000	-0.012522840	0.616841168	0.409102905	-0.014642824	-1.025991590	-3.134003598	0.062012615	0.085820387	-0.072067719	0.072629934	-0.013280580	-0.037812761
1.088000000	-0.012460789	0.616926939	0.409030874	-0.014570149	-1.026004860	-3.134041433	0.062091142	0.085722566	-0.071993654	0.072720370	-0.013258595	-0.037857655
1.089000000	-0.012398658	0.617012613	0.408958918	-0.014497383	-1.026018108	-3.134079313	0.062169572	0.085624632	-0.071919482	0.072810691	-0.013236611	-0.037902491
1.090000000	-0.012336449	0.617098188	0.408887035	-0.014424527	-1.026031333	-3.134117238	0.062247902	0.085526582	-0.071845205	0.072900899	-0.013214629	-0.037947269
1.091000000	-0.012274162	0.617183666	0.408815227	-0.014351581	-1.026044537	-3.134155208	0.062326135	0.085428420	-0.071770821	0.072990992	-0.013192648	-0.037991988
1.092000000	-0.012211797	0.617269045	0.408743494	-0.014278545	-1.026057719	-3.134193222	0.062404268	0.085330143	-0.071696332	0.073080971	-0.013170669	-0.038036650
1.093000000	-0.012149354	0.617354326	0.408671835	-0.014205419	-1.026070878	-3.134231281	0.062482303	0.085231753	-0.071621736	0.073170835	-0.013148691	-0.038081253
1.094000000	-0.012086833	0.617439509	0.408600250	-0.014132204	-1.026084016	-3.134269385	0.062560240	0.085133250	-0.071547035	0.073260585	-0.013126715	-0.038125798
1.095000000	-0.012024233	0.617524593	0.408528741	-0.014058898	-1.026097132	-3.134307533	0.062638078	0.085034633	-0.071472229	0.073350220	-0.013104741	-0.038170285
1.096000000	-0.011961556	0.617609578	0.408457306	-0.013985503	-1.026110225	-3.134345725	0.062715816	0.084935903	-0.071397317	0.073439741	-0.013082768	-0.038214714
1.097000000	-0.011898802	0.617694464	0.408385946	-0.013912019	-1.026123297	-3.134383962	0.062793457	0.084837060	-0.071322299	0.073529147	-0.013060797	-0.038259085
1.098000000	-0.011835969	0.617779252	0.408314661	-0.013838445	-1.026136347	-3.134422243	0.062870998	0.084738105	-0.071247177	0.073618438	-0.013038828	-0.038303397
1.099000000	-0.011773060	0.617863941	0.408243452	-0.013764782	-1.026149375	-3.134460569	0.062948440	0.084639036	-0.071171949	0.073707615	-0.013016861	-0.038347651
1.100000000	-0.011710073	0.617948530	0.408172317	-0.013691030	-1.026162381	-3.134498939	0.063025783	0.084539855	-0.071096616	0.073796676	-0.012994895	-0.038391847
1.101000000	-0.011647008	0.618033020	0.408101258	-0.013617188	-1.026175365	-3.134537353	0.063103027	0.084440562	-0.071021179	0.073885623	-0.012972931	-0.038435984
1.102000000	-0.011583867	0.618117411	0.408030275	-0.013543258	-1.026188327	-3.134575811	0.063180171	0.084341157	-0.070945636	0.073974454	-0.012950969	-0.038480063
1.103000000	-0.011520648	0.618201703	0.407959367	-0.013469240	-1.026201267	-3.134614313	0.063257216	0.084241640	-0.070869989	0.074063170	-0.012929009	-0.038524084
1.104000000	-0.011457352	0.618285895	0.407888535	-0.013395132	-1.026214185	-3.134652859	0.063334162	0.084142010	-0.070794238	0.074151771	-0.012907051	-0.038568047
1.105000000	-0.011393979	0.618369987	0.407817779	-0.013320936	-1.026227081	-3.134691449	0.063411009	0.084042270	-0.070718382	0.074240257	-0.012885095	-0.038611951
1.106000000	-0.011330530	0.618453979	0.407747098	-0.013246652	-1.026239955	-3.134730083	0.063487756	0.083942417	-0.070642422	0.074328628	-0.012863141	-0.038655797
1.107000000	-0.011267004	0.618537872	0.407676494	-0.013172279	-1.026252807	-3.134768761	0.063564403	0.083842453	-0.070566358	0.074416882	-0.012841189	-0.038699584
1.108000000	-0.011203401	0.618621664	0.407605965	-0.013097818	-1.026265637	-3.134807482	0.063640951	0.083742378	-0.070490189	0.074505022	-0.012819239	-0.038743313
1.109000000	-0.011139722	0.618705356	0.407535513	-0.013023269	-1.026278445	-3.134846247	0.063717399	0.083642191	-0.070413916	0.074593046	-0.012797291	-0.038786983
1.110000000	-0.011075966	0.618788948	0.407465138	-0.012948632	-1.026291232	-3.134885056	0.063793747	0.083541894	-0.070337540	0.074680954	-0.012775345	-0.038830595
1.111000000	-0.011012135	0.618872440	0.407394838	-0.012873907	-1.026303996	-3.134923908	0.063869996	0.083441486	-0.070261061	0.074768747	-0.012753402	-0.038874149
1.112000000	-0.010948226	0.618955831	0.407324615	-0.012799094	-1.026316739	-3.134962804	0.063946144	0.083340967	-0.070184477	0.074856424	-0.012731460	-0.038917644
1.113000000	-0.010884242	0.619039122	0.407254469	-0.012724194	-1.026329459	-3.135001744	0.064022192	0.083240338	-0.070107791	0.074943985	-0.012709521	-0.038961080
1.114000000	-0.010820182	0.619122312	0.407184400	-0.012649206	-1.026342158	-3.135040726	0.064098141	0.083139598	-0.070031000	0.075031430	-0.012687584	-0.039004458
1.115000000	-0.010756046	0.619205401	0.407114407	-0.012574131	-1.026354834	-3.135079753	0.064173989	0.083038748	-0.069954107	0.075118759	-0.012665649	-0.039047777
1.116000000	-0.010691834	0.619288390	0.407044492	-0.012498969	-1.026367489	-3.135118822	0.064249737	0.082937788	-0.069877110	0.075205972	-0.012643717	-0.039091038
1.117000000	-0.010627547	0.619371277	0.406974653	-0.012423719	-1.026380122	-3.135157935	0.064325385	0.082836718	-0.069800011	0.075293069	-0.012621787	-0.039134240
1.118000000	-0.010563183	0.619454063	0.406904892	-0.012348383	-1.026392732	-3.135197090	0.064400932	0.082735538	-0.069722808	0.075380050	-0.012599859	-0.039177383
1.119000000	-0.010498745	0.619536748	0.406835207	-0.012272959	-1.026405321	-3.135236289	0.064476379	0.082634249	-0.069645503	0.075466914	-0.012577933	-0.039220468
1.120000000	-0.010434231	0.619619331	0.406765601	-0.012197449	-1.026417888	-3.135275531	0.064551725	0.082532850	-0.069568096	0.075553663	-0.012556010	-0.039263495
1.121000000	-0.010369641	0.619701814	0.406696071	-0.012121852	-1.026430433	-3.135314816	0.064626971	0.082431342	-0.069490585	0.075640294	-0.012534089	-0.039306462
1.122000000	-0.010304977	0.619784194	0.406626619	-0.012046168	-1.026442957	-3.135354144	0.064702116	0.082329725	-0.069412973	0.075726810	-0.012512171	-0.039349371
1.123000000	-0.010240237	0.619866473	0.406557245	-0.011970398	-1.026455458	-3.135393515	0.064777161	0.082227999	-0.069335258	0.075813208	-0.012490256	-0.039392221
1.124000000	-0.010175422	0.619948650	0.406487949	-0.011894542	-1.026467937	-3.135432929	0.064852105	0.082126164	-0.069257441	0.075899491	-0.012468342	-0.039435012
1.125000000	-0.010110533	0.620030725	0.406418730	-0.011818599	-1.026480394	-3.135472385	0.064926948	0.082024220	-0.069179522	0.075985656	-0.012446432	-0.039477745
1.126000000	-0.010045568	0.620112699	0.406349590	-0.011742570	-1.026492830	-3.135511884	0.065001690	0.081922168	-0.069101501	0.076071705	-0.012424524	-0.039520419
1.127000000	-0.009980529	0.620194570	0.406280527	-0.011666456	-1.026505243	-3.135551426	0.065076331	0.081820008	-0.069023379	0.076157637	-0.012402618	-0.039563034
1.128000000	-0.009915416	0.620276339	0.406211543	-0.011590255	-1.026517635	-3.135591010	0.065150872	0.081717739	-0.068945154	0.076243452	-0.012380715	-0.039605590
1.129000000	-0.009850228	0.620358005	0.406142637	-0.011513969	-1.026530005	-3.135630637	0.065225311	0.081615362	-0.068866828	0.076329150	-0.012358815	-0.039648087
1.130000000	-0.009784965	0.620439569	0.406073809	-0.011437597	-1.026542353	-3.135670306	0.065299649	0.081512877	-0.068788401	0.076414731	-0.012336918	-0.039690526
1.131000000	-0.009719628	0.620521031	0.406005060	-0.011361139	-1.026554679	-3.135710018	0.065373885	0.081410284	-0.068709872	0.076500196	-0.012315023	-0.039732905
1.132000000	-0.009654217	0.620602390	0.405936390	-0.011284596	-1.026566983	-3.135749772	0.065448021	0.081307585	-0.068631243	0.076585542	-0.012293131	-0.039775226
1.133000000	-0.009588732	0.620683646	0.405867798	-0.011207968	-1.026579265	-3.135789569	0.065522055	0.081204777	-0.068552512	0.076670772	-0.012271241	-0.039817488
1.134000000	-0.009523173	0.620764799	0.405799285	-0.011131255	-1.026591525	-3.135829407	0.065595987	0.081101862	-0.068473680	0.076755885	-0.012249355	-0.039859691
1.135000000	-0.009457540	0.620845850	0.405730850	-0.011054456	-1.026603764	-3.135869288	0.065669818	0.080998840	-0.068394747	0.076840880	-0.012227471	-0.039901835
1.136000000	-0.009391834	0.620926797	0.405662495	-0.010977573	-1.026615980	-3.135909211	0.065743548	0.080895711	-0.068315714	0.076925758	-0.012205590	-0.039943920
1.137000000	-0.009326053	0.621007641	0.405594219	-0.010900605	-1.026628175	-3.135949176	0.065817176	0.080792476	-0.068236580	0.077010518	-0.012183712	-0.039985946
1.138000000	-0.009260199	0.621088382	0.405526022	-0.010823552	-1.026640348	-3.135989183	0.065890702	0.080689134	-0.068157346	0.077095160	-0.012161837	-0.040027913
1.139000000	-0.009194272	0.621169020	0.405457904	-0.010746415	-1.026652499	-3.136029232	0.065964127	0.080585684	-0.068078011	0.077179686	-0.012139965	-0.040069821
1.140000000	-0.009128271	0.621249553	0.405389866	-0.010669193	-1.026664628	-3.136069322	0.066037450	0.080482129	-0.067998576	0.077264093	-0.012118096	-0.040111671
1.141000000	-0.009062197	0.621329984	0.405321907	-0.010591886	-1.026676735	-3.136109455	0.066110670	0.080378468	-0.067919042	0.077348383	-0.012096229	-0.040153461
1.142000000	-0.008996050	0.621410310	0.405254028	-0.010514496	-1.026688820	-3.136149629	0.066183789	0.080274700	-0.067839407	0.077432554	-0.012074366	-0.040195191
1.143000000	-0.008929829	0.621490533	0.405186228	-0.010437021	-1.026700883	-3.136189845	0.066256806	0.080170827	-0.067759672	0.077516608	-0.012052506	-0.040236863
1.144000000	-0.008863536	0.621570652	0.405118509	-0.010359463	-1.026712925	-3.136230103	0.066329721	0.080066847	-0.067679838	0.077600545	-0.012030649	-0.040278476
1.145000000	-0.008797170	0.621650667	0.405050869	-0.010281820	-1.026724945	-3.136270402	0.066402534	0.079962763	-0.067599904	0.077684363	-0.012008795	-0.040320030
1.146000000	-0.008730731	0.621730578	0.404983309	-0.010204094	-1.026736943	-3.136310743	0.066475244	0.079858572	-0.067519870	0.077768063	-0.011986943	-0.040361524
1.147000000	-0.008664219	0.621810384	0.404915829	-0.010126284	-1.026748919	-3.136351125	0.066547852	0.079754277	-0.067439738	0.077851645	-0.011965096	-0.040402960
1.148000000	-0.008597635	0.621890086	0.404848429	-0.010048391	-1.026760873	-3.136391549	0.066620358	0.079649876	-0.067359506	0.077935108	-0.011943251	-0.040444336
1.149000000	-0.008530979	0.621969684	0.404781110	-0.009970414	-1.026772805	-3.136432014	0.066692761	0.079545370	-0.067279174	0.078018454	-0.011921409	-0.040485653
1.150000000	-0.008464250	0.622049177	0.404713871	-0.009892354	-1.026784716	-3.136472520	0.066765062	0.079440760	-0.067198745	0.078101681	-0.011899571	-0.040526911
1.151000000	-0.008397449	0.622128565	0.404646712	-0.009814211	-1.026796604	-3.136513068	0.066837261	0.079336045	-0.067118216	0.078184789	-0.011877736	-0.040568109
1.152000000	-0.008330575	0.622207849	0.404579635	-0.009735984	-1.026808471	-3.136553657	0.066909357	0.079231226	-0.067037588	0.078267780	-0.011855904	-0.040609249
1.153000000	-0.008263630	0.622287028	0.404512637	-0.009657675	-1.026820316	-3.136594286	0.066981350	0.079126302	-0.066956862	0.078350651	-0.011834075	-0.040650329
1.154000000	-0.008196613	0.622366102	0.404445721	-0.009579283	-1.026832139	-3.136634957	0.067053240	0.079021274	-0.066876037	0.078433404	-0.011812250	-0.040691350
1.155000000	-0.008129523	0.622445070	0.404378885	-0.009500808	-1.026843941	-3.136675669	0.067125028	0.078916142	-0.066795114	0.078516039	-0.011790428	-0.040732311
1.156000000	-0.008062362	0.622523934	0.404312131	-0.009422251	-1.026855720	-3.136716422	0.067196713	0.078810906	-0.066714093	0.078598555	-0.011768609	-0.040773213
1.157000000	-0.007995130	0.622602692	0.404245457	-0.009343611	-1.026867478	-3.136757216	0.067268295	0.078705566	-0.066632973	0.078680952	-0.011746794	-0.040814056
1.158000000	-0.007927826	0.622681345	0.404178865	-0.009264889	-1.026879214	-3.136798050	0.067339774	0.078600123	-0.066551756	0.078763230	-0.011724982	-0.040854840
1.159000000	-0.007860450	0.622759892	0.404112354	-0.009186085	-1.026890928	-3.136838925	0.067411150	0.078494576	-0.066470441	0.078845389	-0.011703173	-0.040895564
1.160000000	-0.007793004	0.622838334	0.404045924	-0.009107198	-1.026902620	-3.136879841	0.067482423	0.078388926	-0.066389028	0.078927429	-0.011681368	-0.040936229
1.161000000	-0.007725486	0.622916670	0.403979575	-0.009028230	-1.026914291	-3.136920798	0.067553592	0.078283173	-0.066307517	0.079009350	-0.011659567	-0.040976834
1.162000000	-0.007657896	0.622994900	0.403913309	-0.008949179	-1.026925939	-3.136961795	0.067624659	0.078177317	-0.066225909	0.079091153	-0.011637769	-0.041017380
1.163000000	-0.007590236	0.623073025	0.403847124	-0.008870047	-1.026937566	-3.137002832	0.067695622	0.078071358	-0.066144204	0.079172836	-0.011615974	-0.041057867
1.164000000	-0.007522505	0.623151043	0.403781020	-0.008790834	-1.026949171	-3.137043911	0.067766481	0.077965297	-0.066062401	0.079254399	-0.011594183	-0.041098294
1.165000000	-0.007454703	0.623228955	0.403714999	-0.008711539	-1.026960754	-3.137085029	0.067837238	0.077859133	-0.065980501	0.079335844	-0.011572396	-0.041138662
1.166000000	-0.007386831	0.623306761	0.403649059	-0.008632162	-1.026972316	-3.137126188	0.067907891	0.077752867	-0.065898505	0.079417169	-0.011550612	-0.041178970
1.167000000	-0.007318888	0.623384461	0.403583202	-0.008552704	-1.026983856	-3.137167387	0.067978440	0.077646498	-0.065816411	0.079498375	-0.011528831	-0.041219219
1.168000000	-0.007250874	0.623462054	0.403517427	-0.008473165	-1.026995374	-3.137208626	0.068048886	0.077540028	-0.065734221	0.079579461	-0.011507055	-0.041259408
1.169000000	-0.007182790	0.623539541	0.403451733	-0.008393545	-1.027006870	-3.137249906	0.068119228	0.077433456	-0.065651934	0.079660428	-0.011485282	-0.041299538
1.170000000	-0.007114635	0.623616921	0.403386123	-0.008313845	-1.027018344	-3.137291225	0.068189467	0.077326782	-0.065569550	0.079741275	-0.011463513	-0.041339608
1.171000000	-0.007046411	0.623694195	0.403320594	-0.008234063	-1.027029797	-3.137332585	0.068259601	0.077220006	-0.065487071	0.079822002	-0.011441747	-0.041379618
1.172000000	-0.006978116	0.623771361	0.403255148	-0.008154201	-1.027041228	-3.137373985	0.068329632	0.077113129	-0.065404495	0.079902610	-0.011419985	-0.041419569
1.173000000	-0.006909752	0.623848421	0.403189785	-0.008074258	-1.027052637	-3.137415424	0.068399559	0.077006151	-0.065321822	0.079983098	-0.011398227	-0.041459461
1.174000000	-0.006841317	0.623925374	0.403124505	-0.007994234	-1.027064024	-3.137456904	0.068469382	0.076899072	-0.065239054	0.080063466	-0.011376473	-0.041499293
1.175000000	-0.006772813	0.624002219	0.403059307	-0.007914131	-1.027075390	-3.137498423	0.068539101	0.076791893	-0.065156191	0.080143714	-0.011354722	-0.041539065
1.176000000	-0.006704239	0.624078957	0.402994192	-0.007833947	-1.027086734	-3.137539982	0.068608715	0.076684611	-0.065073231	0.080223843	-0.011332975	-0.041578777
1.177000000	-0.006635595	0.624155588	0.402929161	-0.007753683	-1.027098056	-3.137581580	0.068678226	0.076577230	-0.064990175	0.080303851	-0.011311232	-0.041618430
1.178000000	-0.006566882	0.624232112	0.402864212	-0.007673339	-1.027109356	-3.137623219	0.068747632	0.076469749	-0.064907025	0.080383739	-0.011289493	-0.041658023
1.179000000	-0.006498100	0.624308528	0.402799347	-0.007592916	-1.027120635	-3.137664896	0.068816935	0.076362166	-0.064823779	0.080463507	-0.011267758	-0.041697557
1.180000000	-0.006429249	0.624384836	0.402734565	-0.007512412	-1.027131892	-3.137706614	0.068886132	0.076254484	-0.064740438	0.080543155	-0.011246027	-0.041737030
1.181000000	-0.006360328	0.624461037	0.402669866	-0.007431829	-1.027143127	-3.137748370	0.068955226	0.076146702	-0.064657001	0.080622683	-0.011224299	-0.041776445
1.182000000	-0.006291338	0.624537130	0.402605251	-0.007351167	-1.027154340	-3.137790167	0.069024215	0.076038820	-0.064573470	0.080702090	-0.011202576	-0.041815799
1.183000000	-0.006222279	0.624613114	0.402540719	-0.007270425	-1.027165532	-3.137832002	0.069093099	0.075930838	-0.064489844	0.080781376	-0.011180856	-0.041855093
1.184000000	-0.006153152	0.624688991	0.402476271	-0.007189604	-1.027176702	-3.137873877	0.069161879	0.075822757	-0.064406123	0.080860543	-0.011159141	-0.041894328
1.185000000	-0.006083956	0.624764760	0.402411907	-0.007108704	-1.027187850	-3.137915791	0.069230555	0.075714577	-0.064322308	0.080939589	-0.011137429	-0.041933503
1.186000000	-0.006014691	0.624840420	0.402347626	-0.007027725	-1.027198977	-3.137957744	0.069299125	0.075606297	-0.064238398	0.081018514	-0.011115722	-0.041972618
1.187000000	-0.005945357	0.624915973	0.402283430	-0.006946667	-1.027210082	-3.137999736	0.069367591	0.075497918	-0.064154393	0.081097319	-0.011094018	-0.042011674
1.188000000	-0.005875956	0.624991416	0.402219317	-0.006865530	-1.027221165	-3.138041767	0.069435952	0.075389441	-0.064070295	0.081176003	-0.011072319	-0.042050669
1.189000000	-0.005806485	0.625066751	0.402155289	-0.006784315	-1.027232226	-3.138083837	0.069504209	0.075280865	-0.063986103	0.081254566	-0.011050624	-0.042089605
1.190000000	-0.005736947	0.625141978	0.402091345	-0.006703021	-1.027243266	-3.138125946	0.069572360	0.075172190	-0.063901816	0.081333008	-0.011028933	-0.042128481
1.191000000	-0.005667341	0.625217096	0.402027486	-0.006621649	-1.027254284	-3.138168094	0.069640406	0.075063417	-0.063817436	0.081411330	-0.011007246	-0.042167297
1.192000000	-0.005597666	0.625292105	0.401963710	-0.006540198	-1.027265280	-3.138210281	0.069708347	0.074954546	-0.063732962	0.081489530	-0.010985563	-0.042206053
1.193000000	-0.005527924	0.625367005	0.401900020	-0.006458670	-1.027276255	-3.138252506	0.069776184	0.074845576	-0.063648395	0.081567610	-0.010963884	-0.042244749
1.194000000	-0.005458114	0.625441796	0.401836414	-0.006377063	-1.027287208	-3.138294770	0.069843915	0.074736509	-0.063563734	0.081645569	-0.010942210	-0.042283385
1.195000000	-0.005388236	0.625516478	0.401772892	-0.006295379	-1.027298140	-3.138337073	0.069911540	0.074627344	-0.063478980	0.081723406	-0.010920539	-0.042321961
1.196000000	-0.005318291	0.625591051	0.401709456	-0.006213616	-1.027309049	-3.138379414	0.069979061	0.074518081	-0.063394133	0.081801123	-0.010898873	-0.042360477
1.197000000	-0.005248278	0.625665514	0.401646104	-0.006131776	-1.027319937	-3.138421794	0.070046476	0.074408721	-0.063309192	0.081878718	-0.010877211	-0.042398934
1.198000000	-0.005178198	0.625739868	0.401582837	-0.006049859	-1.027330804	-3.138464212	0.070113786	0.074299263	-0.063224159	0.081956191	-0.010855554	-0.042437330
1.199000000	-0.005108051	0.625814113	0.401519656	-0.005967864	-1.027341648	-3.138506669	0.070180990	0.074189709	-0.063139033	0.082033544	-0.010833901	-0.042475666
1.200000000	-0.005037836	0.625888248	0.401456559	-0.005885792	-1.027352472	-3.138549164	0.070248089	0.074080057	-0.063053814	0.082110775	-0.010812252	-0.042513942
1.201000000	-0.004967554	0.625962273	0.401393548	-0.005803643	-1.027363273	-3.138591697	0.070315082	0.073970309	-0.062968503	0.082187885	-0.010790607	-0.042552159
1.202000000	-0.004897206	0.626036188	0.401330622	-0.005721416	-1.027374053	-3.138634268	0.070381970	0.073860464	-0.062883099	0.082264873	-0.010768967	-0.042590315
1.203000000	-0.004826790	0.626109994	0.401267782	-0.005639113	-1.027384811	-3.138676877	0.070448752	0.073750523	-0.062797604	0.082341739	-0.010747331	-0.042628411
1.204000000	-0.004756308	0.626183689	0.401205027	-0.005556733	-1.027395547	-3.138719525	0.070515428	0.073640485	-0.062712016	0.082418484	-0.010725699	-0.042666447
1.205000000	-0.004685760	0.626257275	0.401142358	-0.005474276	-1.027406262	-3.138762210	0.070581999	0.073530351	-0.062626336	0.082495107	-0.010704072	-0.042704422
1.206000000	-0.004615144	0.626330750	0.401079774	-0.005391742	-1.027416956	-3.138804933	0.070648463	0.073420121	-0.062540564	0.082571609	-0.010682450	-0.042742338
1.207000000	-0.004544463	0.626404115	0.401017277	-0.005309133	-1.027427627	-3.138847695	0.070714822	0.073309795	-0.062454700	0.082647989	-0.010660831	-0.042780194
1.208000000	-0.004473715	0.626477370	0.400954865	-0.005226446	-1.027438277	-3.138890494	0.070781075	0.073199373	-0.062368745	0.082724246	-0.010639218	-0.042817989
1.209000000	-0.004402900	0.626550514	0.400892539	-0.005143684	-1.027448906	-3.138933331	0.070847221	0.073088856	-0.062282698	0.082800382	-0.010617608	-0.042855725
1.210000000	-0.004332020	0.626623547	0.400830300	-0.005060846	-1.027459512	-3.138976205	0.070913262	0.072978243	-0.062196560	0.082876396	-0.010596003	-0.042893400
1.211000000	-0.004261074	0.626696470	0.400768146	-0.004977931	-1.027470098	-3.139019118	0.070979197	0.072867536	-0.062110331	0.082952288	-0.010574403	-0.042931015
1.212000000	-0.004190062	0.626769282	0.400706079	-0.004894941	-1.027480661	-3.139062067	0.071045025	0.072756734	-0.062024011	0.083028058	-0.010552807	-0.042968569
1.213000000	-0.004118984	0.626841984	0.400644098	-0.004811875	-1.027491203	-3.139105055	0.071110747	0.072645836	-0.061937599	0.083103706	-0.010531216	-0.043006064
1.214000000	-0.004047840	0.626914574	0.400582204	-0.004728734	-1.027501724	-3.139148079	0.071176363	0.072534843	-0.061851097	0.083179231	-0.010509630	-0.043043498
1.215000000	-0.003976631	0.626987053	0.400520396	-0.004645517	-1.027512223	-3.139191142	0.071241872	0.072423756	-0.061764504	0.083254634	-0.010488048	-0.043080872
1.216000000	-0.003905357	0.627059421	0.400458675	-0.004562224	-1.027522700	-3.139234241	0.071307275	0.072312575	-0.061677821	0.083329915	-0.010466470	-0.043118186
1.217000000	-0.003834017	0.627131678	0.400397040	-0.004478857	-1.027533155	-3.139277378	0.071372572	0.072201299	-0.061591047	0.083405074	-0.010444897	-0.043155439
1.218000000	-0.003762611	0.627203824	0.400335493	-0.004395414	-1.027543590	-3.139320552	0.071437762	0.072089930	-0.061504183	0.083480110	-0.010423329	-0.043192632
1.219000000	-0.003691141	0.627275858	0.400274032	-0.004311897	-1.027554002	-3.139363763	0.071502845	0.071978466	-0.061417229	0.083555024	-0.010401766	-0.043229765
1.220000000	-0.003619606	0.627347781	0.400212658	-0.004228304	-1.027564393	-3.139407012	0.071567822	0.071866908	-0.061330184	0.083629815	-0.010380207	-0.043266838
1.221000000	-0.003548005	0.627419592	0.400151371	-0.004144637	-1.027574763	-3.139450297	0.071632692	0.071755257	-0.061243050	0.083704483	-0.010358653	-0.043303850
1.222000000	-0.003476340	0.627491292	0.400090172	-0.004060895	-1.027585110	-3.139493619	0.071697456	0.071643513	-0.061155826	0.083779029	-0.010337103	-0.043340801
1.223000000	-0.003404611	0.627562879	0.400029060	-0.003977079	-1.027595437	-3.139536979	0.071762112	0.071531675	-0.061068512	0.083853452	-0.010315559	-0.043377693
1.224000000	-0.003332816	0.627634355	0.399968035	-0.003893188	-1.027605742	-3.139580375	0.071826662	0.071419744	-0.060981109	0.083927753	-0.010294019	-0.043414524
1.225000000	-0.003260957	0.627705719	0.399907098	-0.003809223	-1.027616025	-3.139623808	0.071891105	0.071307719	-0.060893617	0.084001931	-0.010272483	-0.043451294
1.226000000	-0.003189034	0.627776970	0.399846248	-0.003725184	-1.027626287	-3.139667277	0.071955441	0.071195603	-0.060806035	0.084075985	-0.010250953	-0.043488005
1.227000000	-0.003117046	0.627848110	0.399785486	-0.003641072	-1.027636527	-3.139710784	0.072019670	0.071083393	-0.060718364	0.084149917	-0.010229427	-0.043524654
1.228000000	-0.003044995	0.627919137	0.399724811	-0.003556885	-1.027646745	-3.139754327	0.072083791	0.070971091	-0.060630604	0.084223726	-0.010207907	-0.043561244
1.229000000	-0.002972879	0.627990052	0.399664224	-0.003472624	-1.027656943	-3.139797906	0.072147806	0.070858697	-0.060542755	0.084297412	-0.010186391	-0.043597773
1.230000000	-0.002900699	0.628060855	0.399603725	-0.003388290	-1.027667118	-3.139841522	0.072211714	0.070746210	-0.060454818	0.084370975	-0.010164880	-0.043634241
1.231000000	-0.002828455	0.628131544	0.399543315	-0.003303882	-1.027677272	-3.139885175	0.072275514	0.070633631	-0.060366792	0.084444414	-0.010143373	-0.043670649
1.232000000	-0.002756148	0.628202122	0.399482992	-0.003219401	-1.027687405	-3.139928863	0.072339207	0.070520961	-0.060278677	0.084517731	-0.010121872	-0.043706996
1.233000000	-0.002683777	0.628272586	0.399422757	-0.003134847	-1.027697516	-3.139972589	0.072402793	0.070408199	-0.060190475	0.084590924	-0.010100376	-0.043743283
1.234000000	-0.002611342	0.628342938	0.399362611	-0.003050219	-1.027707606	-3.140016350	0.072466271	0.070295345	-0.060102184	0.084663994	-0.010078884	-0.043779509
1.235000000	-0.002538844	0.628413177	0.399302553	-0.002965519	-1.027717674	-3.140060148	0.072529642	0.070182400	-0.060013804	0.084736940	-0.010057397	-0.043815675
1.236000000	-0.002466283	0.628483303	0.399242583	-0.002880745	-1.027727720	-3.140103981	0.072592905	0.070069364	-0.059925338	0.084809763	-0.010035916	-0.043851780
1.237000000	-0.002393659	0.628553316	0.399182702	-0.002795899	-1.027737746	-3.140147851	0.072656061	0.069956236	-0.059836783	0.084882463	-0.010014439	-0.043887825
1.238000000	-0.002320971	0.628623215	0.399122910	-0.002710980	-1.027747749	-3.140191757	0.072719109	0.069843017	-0.059748140	0.084955039	-0.009992967	-0.043923809
1.239000000	-0.002248220	0.628693002	0.399063206	-0.002625989	-1.027757732	-3.140235699	0.072782049	0.069729709	-0.059659410	0.085027491	-0.009971500	-0.043959732
1.240000000	-0.002175407	0.628762675	0.399003591	-0.002540925	-1.027767692	-3.140279676	0.072844882	0.069616309	-0.059570593	0.085099820	-0.009950038	-0.043995595
1.241000000	-0.002102531	0.628832234	0.398944065	-0.002455789	-1.027777632	-3.140323690	0.072907607	0.069502819	-0.059481688	0.085172026	-0.009928582	-0.044031397
1.242000000	-0.002029592	0.628901680	0.398884628	-0.002370581	-1.027787549	-3.140367739	0.072970225	0.069389238	-0.059392697	0.085244107	-0.009907130	-0.044067139
1.243000000	-0.001956590	0.628971013	0.398825279	-0.002285301	-1.027797446	-3.140411824	0.073032734	0.069275568	-0.059303618	0.085316065	-0.009885683	-0.044102820
1.244000000	-0.001883526	0.629040232	0.398766020	-0.002199949	-1.027807321	-3.140455945	0.073095135	0.069161808	-0.059214453	0.085387899	-0.009864242	-0.044138440
1.245000000	-0.001810400	0.629109337	0.398706851	-0.002114525	-1.027817174	-3.140500101	0.073157429	0.069047957	-0.059125200	0.085459609	-0.009842805	-0.044173999
1.246000000	-0.001737211	0.629178328	0.398647770	-0.002029030	-1.027827006	-3.140544293	0.073219614	0.068934017	-0.059035862	0.085531195	-0.009821374	-0.044209498
1.247000000	-0.001663961	0.629247205	0.398588779	-0.001943463	-1.027836817	-3.140588520	0.073281692	0.068819988	-0.058946436	0.085602657	-0.009799947	-0.044244936
1.248000000	-0.001590648	0.629315968	0.398529877	-0.001857825	-1.027846606	-3.140632783	0.073343661	0.068705869	-0.058856925	0.085673995	-0.009778526	-0.044280313
1.249000000	-0.001517273	0.629384616	0.398471065	-0.001772115	-1.027856374	-3.140677081	0.073405522	0.068591662	-0.058767327	0.085745209	-0.009757110	-0.044315630
1.250000000	-0.001443837	0.629453151	0.398412342	-0.001686334	-1.027866121	-3.140721414	0.073467275	0.068477365	-0.058677643	0.085816299	-0.009735699	-0.044350886
1.251000000	-0.001370339	0.629521571	0.398353710	-0.001600482	-1.027875846	-3.140765783	0.073528919	0.068362980	-0.058587874	0.085887264	-0.009714293	-0.044386081
1.252000000	-0.001296779	0.629589877	0.398295167	-0.001514560	-1.027885549	-3.140810186	0.073590456	0.068248506	-0.058498018	0.085958106	-0.009692893	-0.044421215
1.253000000	-0.001223158	0.629658068	0.398236714	-0.001428566	-1.027895231	-3.140854625	0.073651883	0.068133943	-0.058408077	0.086028823	-0.009671497	-0.044456288
1.254000000	-0.001149475	0.629726145	0.398178351	-0.001342502	-1.027904892	-3.140899099	0.073713203	0.068019291	-0.058318050	0.086099416	-0.009650107	-0.044491301
1.255000000	-0.001075731	0.629794107	0.398120078	-0.001256367	-1.027914532	-3.140943608	0.073774414	0.067904553	-0.058227939	0.086169884	-0.009628722	-0.044526253
1.256000000	-0.001001926	0.629861954	0.398061895	-0.001170162	-1.027924150	-3.140988151	0.073835516	0.067789725	-0.058137742	0.086240228	-0.009607342	-0.044561144
1.257000000	-0.000928060	0.629929686	0.398003802	-0.001083887	-1.027933746	-3.141032730	0.073896510	0.067674810	-0.058047459	0.086310447	-0.009585968	-0.044595974
1.258000000	-0.000854133	0.629997303	0.397945800	-0.000997541	-1.027943322	-3.141077343	0.073957395	0.067559807	-0.057957092	0.086380542	-0.009564598	-0.044630743
1.259000000	-0.000780146	0.630064806	0.397887888	-0.000911126	-1.027952875	-3.141121991	0.074018172	0.067444717	-0.057866640	0.086450512	-0.009543234	-0.044665451
1.260000000	-0.000706097	0.630132193	0.397830066	-0.000824640	-1.027962408	-3.141166674	0.074078840	0.067329540	-0.057776103	0.086520358	-0.009521876	-0.044700099
1.261000000	-0.000631988	0.630199465	0.397772336	-0.000738085	-1.027971919	-3.141211392	0.074139399	0.067214275	-0.057685482	0.086590078	-0.009500522	-0.044734685
1.262000000	-0.000557818	0.630266621	0.397714695	-0.000651460	-1.027981409	-3.141256144	0.074199849	0.067098923	-0.057594776	0.086659674	-0.009479174	-0.044769211
1.263000000	-0.000483588	0.630333663	0.397657146	-0.000564766	-1.027990878	-3.141300930	0.074260190	0.066983484	-0.057503986	0.086729146	-0.009457832	-0.044803676
1.264000000	-0.000409298	0.630400588	0.397599688	-0.000478002	-1.028000325	-3.141345751	0.074320422	0.066867959	-0.057413112	0.086798492	-0.009436494	-0.044838079
1.265000000	-0.000334947	0.630467399	0.397542320	-0.000391169	-1.028009751	-3.141390606	0.074380546	0.066752347	-0.057322154	0.086867713	-0.009415162	-0.044872422
1.266000000	-0.000260537	0.630534093	0.397485043	-0.000304267	-1.028019155	-3.141435496	0.074440560	0.066636648	-0.057231112	0.086936810	-0.009393835	-0.044906704
1.267000000	-0.000186066	0.630600672	0.397427858	-0.000217295	-1.028028538	-3.141480420	0.074500465	0.066520864	-0.057139986	0.087005781	-0.009372514	-0.044940925
1.268000000	-0.000111536	0.630667135	0.397370763	-0.000130255	-1.028037900	-3.141525378	0.074560261	0.066404993	-0.057048777	0.087074627	-0.009351198	-0.044975084
1.269000000	-0.000036946	0.630733482	0.397313760	-0.000043146	-1.028047241	-3.141570370	0.074619948	0.066289036	-0.056957484	0.087143349	-0.009329888	-0.045009183
1.270000000	0.000037704	0.630799713	0.397256848	0.000044032	-1.028056560	-3.141615396	0.074679526	0.066172994	-0.056866108	0.087211945	-0.009308583	-0.045043221
1.271000000	0.000112413	0.630865828	0.397200028	0.000131278	-1.028065858	-3.141660456	0.074738994	0.066056866	-0.056774649	0.087280416	-0.009287283	-0.045077198
1.272000000	0.000187182	0.630931827	0.397143299	0.000218593	-1.028075134	-3.141705550	0.074798354	0.065940652	-0.056683107	0.087348761	-0.009265989	-0.045111113
1.273000000	0.000262010	0.630997709	0.397086662	0.000305975	-1.028084390	-3.141750678	0.074857603	0.065824353	-0.056591481	0.087416982	-0.009244700	-0.045144968
1.274000000	0.000336897	0.631063475	0.397030116	0.000393427	-1.028093624	-3.141795840	0.074916743	0.065707970	-0.056499773	0.087485077	-0.009223416	-0.045178761
1.275000000	0.000411843	0.631129125	0.396973662	0.000480946	-1.028102837	-3.141841036	0.074975774	0.065591501	-0.056407983	0.087553046	-0.009202139	-0.045212493
1.276000000	0.000486849	0.631194658	0.396917300	0.000568533	-1.028112028	-3.141886265	0.075034695	0.065474948	-0.056316110	0.087620890	-0.009180866	-0.045246165
1.277000000	0.000561913	0.631260075	0.396861030	0.000656187	-1.028121198	-3.141931528	0.075093507	0.065358310	-0.056224154	0.087688609	-0.009159599	-0.045279775
1.278000000	0.000637036	0.631325375	0.396804852	0.000743910	-1.028130347	-3.141976825	0.075152209	0.065241587	-0.056132116	0.087756202	-0.009138338	-0.045313324
1.279000000	0.000712217	0.631390558	0.396748766	0.000831700	-1.028139475	-3.142022155	0.075210802	0.065124780	-0.056039997	0.087823669	-0.009117082	-0.045346812
1.280000000	0.000787457	0.631455624	0.396692772	0.000919557	-1.028148581	-3.142067518	0.075269284	0.065007889	-0.055947795	0.087891011	-0.009095832	-0.045380238
1.281000000	0.000862756	0.631520574	0.396636870	0.001007482	-1.028157667	-3.142112915	0.075327657	0.064890914	-0.055855511	0.087958227	-0.009074587	-0.045413604
1.282000000	0.000938113	0.631585406	0.396581061	0.001095474	-1.028166731	-3.142158346	0.075385920	0.064773855	-0.055763146	0.088025317	-0.009053348	-0.045446908
1.283000000	0.001013528	0.631650122	0.396525344	0.001183532	-1.028175773	-3.142203809	0.075444074	0.064656713	-0.055670700	0.088092282	-0.009032114	-0.045480151
1.284000000	0.001089001	0.631714720	0.396469719	0.001271658	-1.028184795	-3.142249306	0.075502117	0.064539487	-0.055578171	0.088159121	-0.009010886	-0.045513333
1.285000000	0.001164532	0.631779201	0.396414187	0.001359851	-1.028193795	-3.142294836	0.075560050	0.064422178	-0.055485562	0.088225834	-0.008989663	-0.045546454
1.286000000	0.001240121	0.631843564	0.396358748	0.001448110	-1.028202774	-3.142340399	0.075617874	0.064304786	-0.055392871	0.088292421	-0.008968447	-0.045579513
1.287000000	0.001315768	0.631907810	0.396303402	0.001536436	-1.028211732	-3.142385995	0.075675587	0.064187310	-0.055300100	0.088358881	-0.008947235	-0.045612511
1.288000000	0.001391472	0.631971939	0.396248148	0.001624828	-1.028220669	-3.142431624	0.075733190	0.064069752	-0.055207248	0.088425216	-0.008926030	-0.045645448
1.289000000	0.001467234	0.632035950	0.396192987	0.001713286	-1.028229584	-3.142477286	0.075790684	0.063952111	-0.055114315	0.088491425	-0.008904829	-0.045678324
1.290000000	0.001543053	0.632099843	0.396137919	0.001801810	-1.028238478	-3.142522981	0.075848066	0.063834388	-0.055021301	0.088557507	-0.008883635	-0.045711138
1.291000000	0.001618930	0.632163618	0.396082945	0.001890401	-1.028247351	-3.142568708	0.075905339	0.063716583	-0.054928207	0.088623464	-0.008862446	-0.045743891
1.292000000	0.001694864	0.632227276	0.396028063	0.001979057	-1.028256203	-3.142614468	0.075962502	0.063598695	-0.054835033	0.088689294	-0.008841263	-0.045776583
1.293000000	0.001770855	0.632290816	0.395973275	0.002067780	-1.028265034	-3.142660261	0.076019554	0.063480725	-0.054741779	0.088754998	-0.008820086	-0.045809213
1.294000000	0.001846903	0.632354238	0.395918579	0.002156567	-1.028273843	-3.142706087	0.076076495	0.063362673	-0.054648444	0.088820575	-0.008798914	-0.045841782
1.295000000	0.001923008	0.632417541	0.395863978	0.002245421	-1.028282632	-3.142751945	0.076133327	0.063244540	-0.054555030	0.088886027	-0.008777748	-0.045874290
1.296000000	0.001999170	0.632480727	0.395809469	0.002334339	-1.028291399	-3.142797835	0.076190048	0.063126325	-0.054461536	0.088951352	-0.008756587	-0.045906736
1.297000000	0.002075388	0.632543794	0.395755055	0.002423323	-1.028300145	-3.142843758	0.076246658	0.063008029	-0.054367962	0.089016550	-0.008735433	-0.045939121
1.298000000	0.002151663	0.632606743	0.395700733	0.002512373	-1.028308870	-3.142889714	0.076303158	0.062889652	-0.054274309	0.089081622	-0.008714284	-0.045971445
1.299000000	0.002227995	0.632669573	0.395646506	0.002601487	-1.028317573	-3.142935701	0.076359547	0.062771193	-0.054180577	0.089146567	-0.008693141	-0.046003707
1.300000000	0.002304382	0.632732285	0.395592372	0.002690666	-1.028326256	-3.142981721	0.076415825	0.062652654	-0.054086765	0.089211386	-0.008672003	-0.046035908
1.301000000	0.002380826	0.632794878	0.395538332	0.002779909	-1.028334917	-3.143027773	0.076471993	0.062534034	-0.053992875	0.089276078	-0.008650871	-0.046068047
1.302000000	0.002457326	0.632857353	0.395484387	0.002869218	-1.028343558	-3.143073857	0.076528050	0.062415333	-0.053898905	0.089340643	-0.008629745	-0.046100125
1.303000000	0.002533882	0.632919709	0.395430535	0.002958591	-1.028352177	-3.143119973	0.076583997	0.062296552	-0.053804857	0.089405082	-0.008608625	-0.046132141
1.304000000	0.002610494	0.632981946	0.395376777	0.003048028	-1.028360775	-3.143166121	0.076639832	0.062177691	-0.053710730	0.089469394	-0.008587511	-0.046164096
1.305000000	0.002687162	0.633044064	0.395323113	0.003137530	-1.028369352	-3.143212301	0.076695557	0.062058750	-0.053616525	0.089533579	-0.008566402	-0.046195990
1.306000000	0.002763885	0.633106064	0.395269544	0.003227095	-1.028377908	-3.143258513	0.076751170	0.061939729	-0.053522242	0.089597637	-0.008545299	-0.046227821
1.307000000	0.002840664	0.633167944	0.395216069	0.003316725	-1.028386443	-3.143304757	0.076806673	0.061820628	-0.053427880	0.089661568	-0.008524202	-0.046259592
1.308000000	0.002917499	0.633229705	0.395162688	0.003406418	-1.028394956	-3.143351033	0.076862065	0.061701448	-0.053333440	0.089725372	-0.008503110	-0.046291301
1.309000000	0.002994388	0.633291347	0.395109402	0.003496176	-1.028403449	-3.143397340	0.076917345	0.061582188	-0.053238922	0.089789050	-0.008482025	-0.046322948
1.310000000	0.003071333	0.633352869	0.395056210	0.003585996	-1.028411920	-3.143443678	0.076972515	0.061462849	-0.053144327	0.089852600	-0.008460945	-0.046354534
1.311000000	0.003148334	0.633414273	0.395003113	0.003675881	-1.028420371	-3.143490049	0.077027573	0.061343431	-0.053049654	0.089916023	-0.008439872	-0.046386059
1.312000000	0.003225389	0.633475556	0.394950111	0.003765828	-1.028428800	-3.143536451	0.077082521	0.061223934	-0.052954903	0.089979319	-0.008418804	-0.046417521
1.313000000	0.003302499	0.633536720	0.394897203	0.003855839	-1.028437208	-3.143582884	0.077137357	0.061104358	-0.052860075	0.090042488	-0.008397741	-0.046448923
1.314000000	0.003379663	0.633597765	0.394844391	0.003945913	-1.028445595	-3.143629348	0.077192081	0.060984704	-0.052765170	0.090105529	-0.008376685	-0.046480262
1.315000000	0.003456883	0.633658690	0.394791673	0.004036050	-1.028453962	-3.143675844	0.077246695	0.060864971	-0.052670188	0.090168444	-0.008355635	-0.046511540
1.316000000	0.003534157	0.633719495	0.394739050	0.004126250	-1.028462307	-3.143722371	0.077301197	0.060745160	-0.052575129	0.090231231	-0.008334590	-0.046542756
1.317000000	0.003611485	0.633780180	0.394686523	0.004216513	-1.028470631	-3.143768930	0.077355587	0.060625271	-0.052479994	0.090293890	-0.008313551	-0.046573911
1.318000000	0.003688868	0.633840745	0.394634090	0.004306838	-1.028478934	-3.143815519	0.077409867	0.060505305	-0.052384781	0.090356422	-0.008292519	-0.046605004
1.319000000	0.003766305	0.633901191	0.394581753	0.004397226	-1.028487216	-3.143862140	0.077464034	0.060385260	-0.052289492	0.090418827	-0.008271492	-0.046636036
1.320000000	0.003843796	0.633961516	0.394529511	0.004487676	-1.028495477	-3.143908791	0.077518091	0.060265138	-0.052194127	0.090481104	-0.008250471	-0.046667006
1.321000000	0.003921341	0.634021721	0.394477365	0.004578188	-1.028503717	-3.143955474	0.077572035	0.060144938	-0.052098685	0.090543254	-0.008229455	-0.046697914
1.322000000	0.003998940	0.634081806	0.394425314	0.004668762	-1.028511936	-3.144002187	0.077625868	0.060024661	-0.052003168	0.090605276	-0.008208446	-0.046728760
1.323000000	0.004076593	0.634141770	0.394373359	0.004759399	-1.028520134	-3.144048931	0.077679589	0.059904307	-0.051907575	0.090667171	-0.008187443	-0.046759545
1.324000000	0.004154299	0.634201614	0.394321499	0.004850097	-1.028528311	-3.144095706	0.077733199	0.059783876	-0.051811905	0.090728937	-0.008166446	-0.046790268
1.325000000	0.004232059	0.634261338	0.394269735	0.004940856	-1.028536467	-3.144142512	0.077786697	0.059663368	-0.051716160	0.090790576	-0.008145454	-0.046820929
1.326000000	0.004309873	0.634320941	0.394218066	0.005031678	-1.028544602	-3.144189348	0.077840083	0.059542784	-0.051620340	0.090852088	-0.008124469	-0.046851529
1.327000000	0.004387739	0.634380424	0.394166494	0.005122561	-1.028552716	-3.144236215	0.077893357	0.059422123	-0.051524444	0.090913471	-0.008103489	-0.046882067
1.328000000	0.004465659	0.634439785	0.394115018	0.005213505	-1.028560809	-3.144283112	0.077946520	0.059301386	-0.051428474	0.090974727	-0.008082516	-0.046912543
1.329000000	0.004543632	0.634499026	0.394063637	0.005304510	-1.028568881	-3.144330040	0.077999570	0.059180573	-0.051332428	0.091035855	-0.008061548	-0.046942957
1.330000000	0.004621658	0.634558147	0.394012353	0.005395576	-1.028576932	-3.144376998	0.078052509	0.059059683	-0.051236307	0.091096855	-0.008040587	-0.046973310
1.331000000	0.004699737	0.634617146	0.393961165	0.005486704	-1.028584962	-3.144423987	0.078105335	0.058938718	-0.051140111	0.091157727	-0.008019631	-0.047003601
1.332000000	0.004777869	0.634676024	0.393910073	0.005577892	-1.028592971	-3.144471005	0.078158050	0.058817678	-0.051043841	0.091218470	-0.007998681	-0.047033830
1.333000000	0.004856053	0.634734781	0.393859077	0.005669141	-1.028600959	-3.144518054	0.078210652	0.058696562	-0.050947496	0.091279086	-0.007977738	-0.047063997
1.334000000	0.004934290	0.634793417	0.393808178	0.005760450	-1.028608926	-3.144565133	0.078263142	0.058575371	-0.050851077	0.091339574	-0.007956800	-0.047094102
1.335000000	0.005012580	0.634851932	0.393757375	0.005851820	-1.028616873	-3.144612242	0.078315520	0.058454104	-0.050754584	0.091399934	-0.007935868	-0.047124146
1.336000000	0.005090921	0.634910325	0.393706668	0.005943250	-1.028624798	-3.144659382	0.078367786	0.058332763	-0.050658016	0.091460165	-0.007914942	-0.047154128
1.337000000	0.005169315	0.634968597	0.393656059	0.006034740	-1.028632703	-3.144706551	0.078419939	0.058211347	-0.050561375	0.091520268	-0.007894023	-0.047184047
1.338000000	0.005247761	0.635026748	0.393605546	0.006126290	-1.028640586	-3.144753750	0.078471981	0.058089856	-0.050464660	0.091580243	-0.007873109	-0.047213905
1.339000000	0.005326259	0.635084777	0.393555129	0.006217901	-1.028648449	-3.144800979	0.078523910	0.057968291	-0.050367871	0.091640090	-0.007852202	-0.047243701
1.340000000	0.005404809	0.635142685	0.393504810	0.006309571	-1.028656291	-3.144848237	0.078575727	0.057846651	-0.050271009	0.091699808	-0.007831300	-0.047273436
1.341000000	0.005483411	0.635200470	0.393454587	0.006401300	-1.028664111	-3.144895525	0.078627431	0.057724937	-0.050174073	0.091759398	-0.007810404	-0.047303108
1.342000000	0.005562064	0.635258134	0.393404462	0.006493089	-1.028671911	-3.144942843	0.078679022	0.057603150	-0.050077064	0.091818859	-0.007789515	-0.047332718
1.343000000	0.005640769	0.635315677	0.393354433	0.006584938	-1.028679690	-3.144990191	0.078730502	0.057481289	-0.049979983	0.091878192	-0.007768631	-0.047362267
1.344000000	0.005719525	0.635373097	0.393304502	0.006676846	-1.028687449	-3.145037568	0.078781868	0.057359354	-0.049882828	0.091937397	-0.007747754	-0.047391753
1.345000000	0.005798333	0.635430395	0.393254668	0.006768813	-1.028695186	-3.145084974	0.078833122	0.057237345	-0.049785601	0.091996472	-0.007726883	-0.047421178
1.346000000	0.005877191	0.635487572	0.393204931	0.006860839	-1.028702902	-3.145132410	0.078884264	0.057115263	-0.049688300	0.092055420	-0.007706017	-0.047450540
1.347000000	0.005956101	0.635544626	0.393155291	0.006952924	-1.028710598	-3.145179875	0.078935293	0.056993108	-0.049590928	0.092114238	-0.007685158	-0.047479841
1.348000000	0.006035062	0.635601558	0.393105749	0.007045067	-1.028718273	-3.145227370	0.078986209	0.056870880	-0.049493483	0.092172928	-0.007664305	-0.047509080
1.349000000	0.006114073	0.635658368	0.393056304	0.007137269	-1.028725927	-3.145274894	0.079037012	0.056748579	-0.049395966	0.092231489	-0.007643458	-0.047538256
1.350000000	0.006193136	0.635715055	0.393006957	0.007229530	-1.028733560	-3.145322446	0.079087703	0.056626206	-0.049298377	0.092289922	-0.007622617	-0.047567371
1.351000000	0.006272249	0.635771620	0.392957707	0.007321849	-1.028741172	-3.145370028	0.079138281	0.056503760	-0.049200716	0.092348226	-0.007601782	-0.047596424
1.352000000	0.006351412	0.635828063	0.392908555	0.007414227	-1.028748763	-3.145417639	0.079188746	0.056381242	-0.049102983	0.092406400	-0.007580953	-0.047625414
1.353000000	0.006430626	0.635884383	0.392859501	0.007506662	-1.028756334	-3.145465279	0.079239098	0.056258651	-0.049005178	0.092464446	-0.007560130	-0.047654343
1.354000000	0.006509891	0.635940580	0.392810545	0.007599156	-1.028763883	-3.145512948	0.079289337	0.056135989	-0.048907303	0.092522364	-0.007539313	-0.047683209
1.355000000	0.006589205	0.635996655	0.392761687	0.007691707	-1.028771412	-3.145560646	0.079339463	0.056013255	-0.048809355	0.092580151	-0.007518503	-0.047712014
1.356000000	0.006668570	0.636052606	0.392712926	0.007784316	-1.028778920	-3.145608372	0.079389476	0.055890449	-0.048711337	0.092637810	-0.007497698	-0.047740756
1.357000000	0.006747984	0.636108435	0.392664264	0.007876982	-1.028786408	-3.145656127	0.079439376	0.055767572	-0.048613248	0.092695340	-0.007476900	-0.047769436
1.358000000	0.006827448	0.636164142	0.392615700	0.007969707	-1.028793874	-3.145703911	0.079489163	0.055644623	-0.048515087	0.092752741	-0.007456108	-0.047798055
1.359000000	0.006906962	0.636219725	0.392567234	0.008062488	-1.028801320	-3.145751723	0.079538837	0.055521603	-0.048416856	0.092810013	-0.007435322	-0.047826611
1.360000000	0.006986526	0.636275185	0.392518866	0.008155327	-1.028808745	-3.145799564	0.079588398	0.055398513	-0.048318555	0.092867156	-0.007414542	-0.047855105
1.361000000	0.007066139	0.636330522	0.392470597	0.008248222	-1.028816149	-3.145847433	0.079637845	0.055275351	-0.048220182	0.092924169	-0.007393768	-0.047883537
1.362000000	0.007145802	0.636385736	0.392422426	0.008341175	-1.028823532	-3.145895331	0.079687179	0.055152119	-0.048121740	0.092981054	-0.007373000	-0.047911907
1.363000000	0.007225513	0.636440826	0.392374353	0.008434184	-1.028830895	-3.145943257	0.079736400	0.055028816	-0.048023228	0.093037808	-0.007352238	-0.047940214
1.364000000	0.007305274	0.636495793	0.392326379	0.008527251	-1.028838237	-3.145991212	0.079785508	0.054905443	-0.047924645	0.093094434	-0.007331483	-0.047968460
1.365000000	0.007385085	0.636550637	0.392278504	0.008620373	-1.028845558	-3.146039194	0.079834502	0.054782000	-0.047825993	0.093150930	-0.007310734	-0.047996643
1.366000000	0.007464943	0.636605357	0.392230727	0.008713552	-1.028852858	-3.146087205	0.079883383	0.054658487	-0.047727271	0.093207297	-0.007289990	-0.048024764
1.367000000	0.007544851	0.636659954	0.392183049	0.008806788	-1.028860138	-3.146135244	0.079932150	0.054534903	-0.047628479	0.093263535	-0.007269253	-0.048052823
1.368000000	0.007624808	0.636714427	0.392135470	0.008900079	-1.028867397	-3.146183311	0.079980804	0.054411251	-0.047529618	0.093319642	-0.007248522	-0.048080820
1.369000000	0.007704813	0.636768776	0.392087990	0.008993427	-1.028874635	-3.146231405	0.080029344	0.054287529	-0.047430687	0.093375621	-0.007227798	-0.048108754
1.370000000	0.007784866	0.636823002	0.392040609	0.009086831	-1.028881852	-3.146279528	0.080077771	0.054163737	-0.047331688	0.093431470	-0.007207079	-0.048136627
1.371000000	0.007864968	0.636877104	0.391993327	0.009180290	-1.028889049	-3.146327679	0.080126085	0.054039876	-0.047232619	0.093487189	-0.007186367	-0.048164437
1.372000000	0.007945119	0.636931082	0.391946144	0.009273805	-1.028896225	-3.146375857	0.080174284	0.053915947	-0.047133482	0.093542779	-0.007165660	-0.048192184
1.373000000	0.008025317	0.636984936	0.391899060	0.009367376	-1.028903381	-3.146424063	0.080222370	0.053791948	-0.047034276	0.093598239	-0.007144960	-0.048219870
1.374000000	0.008105563	0.637038666	0.391852075	0.009461002	-1.028910515	-3.146472297	0.080270343	0.053667881	-0.046935001	0.093653569	-0.007124266	-0.048247493
1.375000000	0.008185858	0.637092271	0.391805190	0.009554683	-1.028917629	-3.146520558	0.080318201	0.053543745	-0.046835658	0.093708770	-0.007103579	-0.048275054
1.376000000	0.008266200	0.637145753	0.391758404	0.009648419	-1.028924722	-3.146568847	0.080365946	0.053419541	-0.046736247	0.093763841	-0.007082897	-0.048302553
1.377000000	0.008346590	0.637199111	0.391711717	0.009742210	-1.028931795	-3.146617163	0.080413577	0.053295269	-0.046636768	0.093818782	-0.007062221	-0.048329990
1.378000000	0.008427027	0.637252344	0.391665130	0.009836057	-1.028938847	-3.146665507	0.080461094	0.053170929	-0.046537220	0.093873593	-0.007041552	-0.048357364
1.379000000	0.008507512	0.637305452	0.391618643	0.009929958	-1.028945878	-3.146713878	0.080508497	0.053046521	-0.046437605	0.093928274	-0.007020889	-0.048384676
1.380000000	0.008588044	0.637358437	0.391572255	0.010023913	-1.028952888	-3.146762276	0.080555786	0.052922045	-0.046337922	0.093982825	-0.007000232	-0.048411925
1.381000000	0.008668623	0.637411297	0.391525967	0.010117923	-1.028959878	-3.146810702	0.080602962	0.052797502	-0.046238172	0.094037247	-0.006979581	-0.048439112
1.382000000	0.008749250	0.637464032	0.391479779	0.010211988	-1.028966848	-3.146859154	0.080650023	0.052672892	-0.046138355	0.094091538	-0.006958937	-0.048466237
1.383000000	0.008829923	0.637516642	0.391433690	0.010306106	-1.028973796	-3.146907634	0.080696970	0.052548214	-0.046038470	0.094145699	-0.006938298	-0.048493300
1.384000000	0.008910644	0.637569128	0.391387702	0.010400279	-1.028980724	-3.146956141	0.080743804	0.052423469	-0.045938518	0.094199730	-0.006917666	-0.048520300
1.385000000	0.008991411	0.637621489	0.391341813	0.010494506	-1.028987632	-3.147004675	0.080790523	0.052298658	-0.045838499	0.094253632	-0.006897040	-0.048547238
1.386000000	0.009072225	0.637673725	0.391296025	0.010588786	-1.028994518	-3.147053235	0.080837128	0.052173780	-0.045738413	0.094307403	-0.006876420	-0.048574113
1.387000000	0.009153085	0.637725837	0.391250336	0.010683121	-1.029001384	-3.147101823	0.080883618	0.052048835	-0.045638261	0.094361043	-0.006855807	-0.048600926
1.388000000	0.009233992	0.637777823	0.391204748	0.010777508	-1.029008230	-3.147150437	0.080929995	0.051923824	-0.045538042	0.094414554	-0.006835199	-0.048627677
1.389000000	0.009314945	0.637829684	0.391159260	0.010871950	-1.029015055	-3.147199078	0.080976258	0.051798747	-0.045437757	0.094467934	-0.006814598	-0.048654365
1.390000000	0.009395945	0.637881421	0.391113873	0.010966444	-1.029021859	-3.147247746	0.081022406	0.051673604	-0.045337405	0.094521184	-0.006794003	-0.048680991
1.391000000	0.009476990	0.637933032	0.391068586	0.011060992	-1.029028643	-3.147296440	0.081068439	0.051548395	-0.045236988	0.094574304	-0.006773414	-0.048707554
1.392000000	0.009558081	0.637984517	0.391023399	0.011155593	-1.029035406	-3.147345161	0.081114359	0.051423120	-0.045136505	0.094627293	-0.006752832	-0.048734055
1.393000000	0.009639219	0.638035878	0.390978313	0.011250247	-1.029042149	-3.147393908	0.081160164	0.051297780	-0.045035956	0.094680152	-0.006732255	-0.048760493
1.394000000	0.009720402	0.638087113	0.390933327	0.011344953	-1.029048870	-3.147442682	0.081205854	0.051172375	-0.044935341	0.094732881	-0.006711685	-0.048786869
1.395000000	0.009801630	0.638138223	0.390888442	0.011439712	-1.029055572	-3.147491482	0.081251430	0.051046904	-0.044834661	0.094785479	-0.006691121	-0.048813183
1.396000000	0.009882905	0.638189207	0.390843658	0.011534524	-1.029062253	-3.147540308	0.081296892	0.050921369	-0.044733916	0.094837946	-0.006670563	-0.048839434
1.397000000	0.009964224	0.638240065	0.390798974	0.011629388	-1.029068913	-3.147589161	0.081342239	0.050795768	-0.044633106	0.094890283	-0.006650011	-0.048865622
1.398000000	0.010045589	0.638290798	0.390754391	0.011724305	-1.029075553	-3.147638040	0.081387472	0.050670103	-0.044532230	0.094942489	-0.006629466	-0.048891748
1.399000000	0.010126999	0.638341406	0.390709910	0.011819273	-1.029082172	-3.147686944	0.081432590	0.050544373	-0.044431290	0.094994565	-0.006608926	-0.048917811
1.400000000	0.010208454	0.638391887	0.390665529	0.011914294	-1.029088771	-3.147735875	0.081477593	0.050418579	-0.044330285	0.095046511	-0.006588393	-0.048943812
1.401000000	0.010289954	0.638442243	0.390621249	0.012009366	-1.029095349	-3.147784832	0.081522482	0.050292721	-0.044229215	0.095098325	-0.006567866	-0.048969751
1.402000000	0.010371499	0.638492473	0.390577070	0.012104491	-1.029101906	-3.147833815	0.081567255	0.050166800	-0.044128081	0.095150008	-0.006547346	-0.048995627
1.403000000	0.010453089	0.638542576	0.390532993	0.012199666	-1.029108443	-3.147882823	0.081611915	0.050040813	-0.044026883	0.095201561	-0.006526831	-0.049021440
1.404000000	0.010534723	0.638592554	0.390489017	0.012294894	-1.029114960	-3.147931858	0.081656459	0.049914764	-0.043925620	0.095252984	-0.006506323	-0.049047191
1.405000000	0.010616402	0.638642406	0.390445142	0.012390172	-1.029121456	-3.147980918	0.081700889	0.049788651	-0.043824294	0.095304275	-0.006485821	-0.049072879
1.406000000	0.010698125	0.638692131	0.390401368	0.012485502	-1.029127932	-3.148030003	0.081745204	0.049662475	-0.043722904	0.095355435	-0.006465325	-0.049098504
1.407000000	0.010779892	0.638741731	0.390357696	0.012580883	-1.029134387	-3.148079115	0.081789404	0.049536235	-0.043621450	0.095406465	-0.006444835	-0.049124067
1.408000000	0.010861704	0.638791204	0.390314125	0.012676315	-1.029140821	-3.148128252	0.081833489	0.049409932	-0.043519933	0.095457364	-0.006424352	-0.049149568
1.409000000	0.010943559	0.638840551	0.390270656	0.012771798	-1.029147235	-3.148177414	0.081877459	0.049283567	-0.043418353	0.095508131	-0.006403875	-0.049175005
1.410000000	0.011025459	0.638889771	0.390227288	0.012867331	-1.029153629	-3.148226602	0.081921314	0.049157139	-0.043316709	0.095558768	-0.006383404	-0.049200381
1.411000000	0.011107402	0.638938865	0.390184022	0.012962915	-1.029160002	-3.148275815	0.081965054	0.049030649	-0.043215002	0.095609274	-0.006362939	-0.049225693
1.412000000	0.011189389	0.638987832	0.390140858	0.013058550	-1.029166355	-3.148325053	0.082008679	0.048904096	-0.043113232	0.095659648	-0.006342480	-0.049250943
1.413000000	0.011271419	0.639036673	0.390097796	0.013154235	-1.029172687	-3.148374317	0.082052189	0.048777481	-0.043011399	0.095709892	-0.006322028	-0.049276130
1.414000000	0.011353493	0.639085387	0.390054836	0.013249970	-1.029178999	-3.148423605	0.082095584	0.048650804	-0.042909504	0.095760004	-0.006301581	-0.049301255
1.415000000	0.011435610	0.639133975	0.390011977	0.013345755	-1.029185290	-3.148472919	0.082138864	0.048524065	-0.042807547	0.095809985	-0.006281141	-0.049326317
1.416000000	0.011517771	0.639182435	0.389969220	0.013441590	-1.029191561	-3.148522258	0.082182028	0.048397265	-0.042705527	0.095859835	-0.006260708	-0.049351316
1.417000000	0.011599974	0.639230769	0.389926566	0.013537474	-1.029197812	-3.148571622	0.082225078	0.048270403	-0.042603445	0.095909554	-0.006240280	-0.049376252
1.418000000	0.011682221	0.639278976	0.389884014	0.013633409	-1.029204042	-3.148621010	0.082268012	0.048143480	-0.042501300	0.095959142	-0.006219858	-0.049401126
1.419000000	0.011764510	0.639327056	0.389841563	0.013729393	-1.029210251	-3.148670424	0.082310831	0.048016496	-0.042399095	0.096008598	-0.006199443	-0.049425937
1.420000000	0.011846843	0.639375009	0.389799215	0.013825426	-1.029216441	-3.148719862	0.082353535	0.047889451	-0.042296827	0.096057923	-0.006179034	-0.049450686
1.421000000	0.011929217	0.639422835	0.389756970	0.013921509	-1.029222610	-3.148769325	0.082396123	0.047762344	-0.042194498	0.096107116	-0.006158631	-0.049475371
1.422000000	0.012011635	0.639470534	0.389714826	0.014017640	-1.029228758	-3.148818813	0.082438596	0.047635178	-0.042092107	0.096156178	-0.006138234	-0.049499994
1.423000000	0.012094095	0.639518106	0.389672785	0.014113821	-1.029234886	-3.148868325	0.082480954	0.047507951	-0.041989655	0.096205109	-0.006117844	-0.049524554
1.424000000	0.012176597	0.639565550	0.389630847	0.014210050	-1.029240994	-3.148917862	0.082523196	0.047380663	-0.041887142	0.096253908	-0.006097460	-0.049549052
1.425000000	0.012259141	0.639612867	0.389589011	0.014306329	-1.029247081	-3.148967423	0.082565322	0.047253316	-0.041784568	0.096302576	-0.006077081	-0.049573487
1.426000000	0.012341727	0.639660056	0.389547278	0.014402656	-1.029253148	-3.149017009	0.082607334	0.047125908	-0.041681933	0.096351112	-0.006056709	-0.049597858
1.427000000	0.012424356	0.639707119	0.389505647	0.014499031	-1.029259194	-3.149066619	0.082649229	0.046998440	-0.041579238	0.096399517	-0.006036344	-0.049622168
1.428000000	0.012507026	0.639754053	0.389464119	0.014595455	-1.029265221	-3.149116253	0.082691009	0.046870913	-0.041476482	0.096447790	-0.006015984	-0.049646414
1.429000000	0.012589738	0.639800860	0.389422694	0.014691927	-1.029271226	-3.149165912	0.082732674	0.046743327	-0.041373666	0.096495931	-0.005995631	-0.049670597
1.430000000	0.012672491	0.639847540	0.389381372	0.014788446	-1.029277212	-3.149215595	0.082774223	0.046615681	-0.041270789	0.096543941	-0.005975283	-0.049694718
1.431000000	0.012755286	0.639894092	0.389340153	0.014885014	-1.029283177	-3.149265301	0.082815656	0.046487976	-0.041167853	0.096591819	-0.005954942	-0.049718776
1.432000000	0.012838123	0.639940516	0.389299036	0.014981630	-1.029289122	-3.149315032	0.082856973	0.046360213	-0.041064857	0.096639565	-0.005934607	-0.049742771
1.433000000	0.012921000	0.639986812	0.389258023	0.015078294	-1.029295046	-3.149364787	0.082898175	0.046232390	-0.040961801	0.096687180	-0.005914279	-0.049766703
1.434000000	0.013003919	0.640032981	0.389217113	0.015175004	-1.029300950	-3.149414566	0.082939261	0.046104509	-0.040858685	0.096734663	-0.005893956	-0.049790572
1.435000000	0.013086879	0.640079021	0.389176306	0.015271763	-1.029306834	-3.149464368	0.082980232	0.045976569	-0.040755509	0.096782014	-0.005873640	-0.049814379
1.436000000	0.013169879	0.640124934	0.389135602	0.015368569	-1.029312698	-3.149514194	0.083021086	0.045848571	-0.040652275	0.096829233	-0.005853329	-0.049838123
1.437000000	0.013252921	0.640170718	0.389095001	0.015465421	-1.029318541	-3.149564044	0.083061825	0.045720515	-0.040548981	0.096876320	-0.005833025	-0.049861803
1.438000000	0.013336003	0.640216375	0.389054504	0.015562321	-1.029324364	-3.149613918	0.083102448	0.045592401	-0.040445629	0.096923276	-0.005812727	-0.049885421
1.439000000	0.013419126	0.640261903	0.389014110	0.015659268	-1.029330166	-3.149663815	0.083142955	0.045464229	-0.040342218	0.096970099	-0.005792436	-0.049908976
1.440000000	0.013502289	0.640307303	0.388973819	0.015756261	-1.029335948	-3.149713736	0.083183346	0.045335999	-0.040238747	0.097016791	-0.005772150	-0.049932468
1.441000000	0.013585492	0.640352575	0.388933632	0.015853301	-1.029341710	-3.149763680	0.083223621	0.045207713	-0.040135219	0.097063350	-0.005751870	-0.049955898
1.442000000	0.013668736	0.640397719	0.388893549	0.015950388	-1.029347452	-3.149813648	0.083263780	0.045079369	-0.040031632	0.097109777	-0.005731597	-0.049979264
1.443000000	0.013752020	0.640442734	0.388853569	0.016047521	-1.029353174	-3.149863639	0.083303823	0.044950967	-0.039927986	0.097156073	-0.005711330	-0.050002567
1.444000000	0.013835344	0.640487621	0.388813693	0.016144700	-1.029358875	-3.149913653	0.083343750	0.044822509	-0.039824283	0.097202236	-0.005691069	-0.050025808
1.445000000	0.013918708	0.640532379	0.388773921	0.016241925	-1.029364556	-3.149963690	0.083383561	0.044693994	-0.039720522	0.097248267	-0.005670814	-0.050048985
1.446000000	0.014002111	0.640577009	0.388734252	0.016339197	-1.029370216	-3.150013751	0.083423256	0.044565423	-0.039616703	0.097294166	-0.005650565	-0.050072100
1.447000000	0.014085554	0.640621510	0.388694687	0.016436514	-1.029375857	-3.150063834	0.083462835	0.044436794	-0.039512826	0.097339933	-0.005630322	-0.050095151
1.448000000	0.014169037	0.640665882	0.388655226	0.016533877	-1.029381477	-3.150113941	0.083502298	0.044308110	-0.039408892	0.097385567	-0.005610086	-0.050118139
1.449000000	0.014252559	0.640710126	0.388615869	0.016631285	-1.029387077	-3.150164071	0.083541644	0.044179370	-0.039304901	0.097431070	-0.005589856	-0.050141065
1.450000000	0.014336120	0.640754241	0.388576617	0.016728739	-1.029392657	-3.150214223	0.083580874	0.044050573	-0.039200852	0.097476440	-0.005569631	-0.050163928
1.451000000	0.014419720	0.640798227	0.388537468	0.016826238	-1.029398216	-3.150264399	0.083619988	0.043921722	-0.039096747	0.097521678	-0.005549413	-0.050186727
1.452000000	0.014503360	0.640842084	0.388498423	0.016923782	-1.029403756	-3.150314597	0.083658986	0.043792814	-0.038992584	0.097566783	-0.005529201	-0.050209464
1.453000000	0.014587038	0.640885813	0.388459483	0.017021371	-1.029409275	-3.150364817	0.083697867	0.043663851	-0.038888365	0.097611756	-0.005508995	-0.050232137
1.454000000	0.014670756	0.640929412	0.388420646	0.017119006	-1.029414774	-3.150415061	0.083736632	0.043534833	-0.038784090	0.097656597	-0.005488795	-0.050254748
1.455000000	0.014754512	0.640972882	0.388381914	0.017216685	-1.029420252	-3.150465327	0.083775281	0.043405759	-0.038679757	0.097701305	-0.005468602	-0.050277296
1.456000000	0.014838306	0.641016224	0.388343287	0.017314408	-1.029425711	-3.150515616	0.083813813	0.043276631	-0.038575369	0.097745881	-0.005448414	-0.050299780
1.457000000	0.014922139	0.641059436	0.388304764	0.017412176	-1.029431149	-3.150565927	0.083852229	0.043147448	-0.038470925	0.097790324	-0.005428232	-0.050322201
1.458000000	0.015006011	0.641102519	0.388266345	0.017509989	-1.029436567	-3.150616260	0.083890528	0.043018210	-0.038366424	0.097834635	-0.005408057	-0.050344560
1.459000000	0.015089920	0.641145472	0.388228031	0.017607846	-1.029441965	-3.150666616	0.083928711	0.042888919	-0.038261868	0.097878813	-0.005387888	-0.050366855
1.460000000	0.015173868	0.641188296	0.388189821	0.017705746	-1.029447343	-3.150716994	0.083966778	0.042759572	-0.038157257	0.097922859	-0.005367724	-0.050389087
1.461000000	0.015257854	0.641230991	0.388151716	0.017803691	-1.029452701	-3.150767394	0.084004728	0.042630172	-0.038052589	0.097966772	-0.005347567	-0.050411256
1.462000000	0.015341878	0.641273557	0.388113716	0.017901680	-1.029458038	-3.150817816	0.084042561	0.042500718	-0.037947867	0.098010552	-0.005327416	-0.050433362
1.463000000	0.015425939	0.641315993	0.388075821	0.017999712	-1.029463356	-3.150868261	0.084080278	0.042371210	-0.037843089	0.098054200	-0.005307271	-0.050455405
1.464000000	0.015510038	0.641358299	0.388038030	0.018097788	-1.029468653	-3.150918727	0.084117878	0.042241649	-0.037738257	0.098097715	-0.005287132	-0.050477385
1.465000000	0.015594175	0.641400476	0.388000344	0.018195908	-1.029473930	-3.150969215	0.084155361	0.042112033	-0.037633369	0.098141098	-0.005266999	-0.050499302
1.466000000	0.015678349	0.641442523	0.387962763	0.018294071	-1.029479187	-3.151019726	0.084192728	0.041982365	-0.037528426	0.098184347	-0.005246872	-0.050521155
1.467000000	0.015762560	0.641484441	0.387925287	0.018392277	-1.029484424	-3.151070258	0.084229978	0.041852645	-0.037423430	0.098227464	-0.005226751	-0.050542946
1.468000000	0.015846809	0.641526229	0.387887916	0.018490526	-1.029489640	-3.151120811	0.084267112	0.041722871	-0.037318379	0.098270448	-0.005206636	-0.050564673
1.469000000	0.015931094	0.641567887	0.387850650	0.018588817	-1.029494837	-3.151171387	0.084304128	0.041593044	-0.037213273	0.098313300	-0.005186528	-0.050586337
1.470000000	0.016015417	0.641609415	0.387813490	0.018687152	-1.029500013	-3.151221984	0.084341028	0.041463165	-0.037108113	0.098356018	-0.005166425	-0.050607938
1.471000000	0.016099776	0.641650813	0.387776434	0.018785530	-1.029505170	-3.151272603	0.084377811	0.041333233	-0.037002900	0.098398604	-0.005146328	-0.050629476
1.472000000	0.016184173	0.641692081	0.387739484	0.018883949	-1.029510306	-3.151323243	0.084414478	0.041203249	-0.036897633	0.098441056	-0.005126237	-0.050650951
1.473000000	0.016268605	0.641733219	0.387702639	0.018982412	-1.029515422	-3.151373905	0.084451027	0.041073213	-0.036792312	0.098483376	-0.005106153	-0.050672362
1.474000000	0.016353075	0.641774228	0.387665899	0.019080916	-1.029520518	-3.151424588	0.084487459	0.040943125	-0.036686937	0.098525562	-0.005086074	-0.050693711
1.475000000	0.016437580	0.641815106	0.387629265	0.019179463	-1.029525594	-3.151475292	0.084523775	0.040812986	-0.036581510	0.098567616	-0.005066002	-0.050714996
1.476000000	0.016522122	0.641855854	0.387592736	0.019278051	-1.029530650	-3.151526018	0.084559973	0.040682795	-0.036476029	0.098609537	-0.005045935	-0.050736218
1.477000000	0.016606700	0.641896471	0.387556313	0.019376682	-1.029535686	-3.151576765	0.084596055	0.040552553	-0.036370495	0.098651325	-0.005025874	-0.050757376
1.478000000	0.016691314	0.641936959	0.387519995	0.019475354	-1.029540702	-3.151627533	0.084632020	0.040422259	-0.036264908	0.098692979	-0.005005820	-0.050778472
1.479000000	0.016775964	0.641977316	0.387483783	0.019574068	-1.029545698	-3.151678322	0.084667867	0.040291915	-0.036159269	0.098734501	-0.004985771	-0.050799504
1.480000000	0.016860650	0.642017542	0.387447677	0.019672823	-1.029550674	-3.151729132	0.084703598	0.040161519	-0.036053577	0.098775889	-0.004965728	-0.050820473
1.481000000	0.016945372	0.642057639	0.387411676	0.019771620	-1.029555629	-3.151779963	0.084739211	0.040031074	-0.035947833	0.098817144	-0.004945692	-0.050841378
1.482000000	0.017030128	0.642097605	0.387375781	0.019870457	-1.029560565	-3.151830814	0.084774708	0.039900577	-0.035842036	0.098858266	-0.004925661	-0.050862221
1.483000000	0.017114921	0.642137440	0.387339992	0.019969336	-1.029565481	-3.151881687	0.084810087	0.039770030	-0.035736187	0.098899255	-0.004905636	-0.050883000
1.484000000	0.017199749	0.642177145	0.387304309	0.020068256	-1.029570376	-3.151932580	0.084845349	0.039639433	-0.035630286	0.098940111	-0.004885617	-0.050903716
1.485000000	0.017284612	0.642216719	0.387268731	0.020167216	-1.029575252	-3.151983494	0.084880494	0.039508786	-0.035524334	0.098980833	-0.004865605	-0.050924369
1.486000000	0.017369510	0.642256162	0.387233260	0.020266217	-1.029580107	-3.152034429	0.084915522	0.039378089	-0.035418330	0.099021422	-0.004845598	-0.050944958
1.487000000	0.017454443	0.642295475	0.387197895	0.020365259	-1.029584943	-3.152085384	0.084950432	0.039247342	-0.035312275	0.099061877	-0.004825597	-0.050965484
1.488000000	0.017539411	0.642334657	0.387162635	0.020464341	-1.029589759	-3.152136360	0.084985225	0.039116547	-0.035206168	0.099102200	-0.004805602	-0.050985947
1.489000000	0.017624413	0.642373708	0.387127482	0.020563464	-1.029594554	-3.152187356	0.085019902	0.038985701	-0.035100010	0.099142389	-0.004785613	-0.051006346
1.490000000	0.017709450	0.642412628	0.387092435	0.020662626	-1.029599330	-3.152238373	0.085054460	0.038854807	-0.034993801	0.099182444	-0.004765630	-0.051026682
1.491000000	0.017794522	0.642451418	0.387057495	0.020761828	-1.029604085	-3.152289410	0.085088901	0.038723863	-0.034887541	0.099222367	-0.004745652	-0.051046955
1.492000000	0.017879628	0.642490076	0.387022660	0.020861071	-1.029608821	-3.152340467	0.085123225	0.038592871	-0.034781230	0.099262155	-0.004725681	-0.051067164
1.493000000	0.017964768	0.642528603	0.386987932	0.020960353	-1.029613537	-3.152391544	0.085157432	0.038461830	-0.034674870	0.099301810	-0.004705716	-0.051087310
1.494000000	0.018049943	0.642567000	0.386953311	0.021059674	-1.029618233	-3.152442641	0.085191521	0.038330741	-0.034568459	0.099341332	-0.004685756	-0.051107393
1.495000000	0.018135152	0.642605265	0.386918795	0.021159035	-1.029622908	-3.152493759	0.085225493	0.038199603	-0.034461997	0.099380721	-0.004665802	-0.051127413
1.496000000	0.018220394	0.642643399	0.386884387	0.021258436	-1.029627564	-3.152544896	0.085259347	0.038068417	-0.034355485	0.099419975	-0.004645855	-0.051147369
1.497000000	0.018305670	0.642681402	0.386850084	0.021357875	-1.029632200	-3.152596053	0.085293084	0.037937183	-0.034248924	0.099459096	-0.004625913	-0.051167261
1.498000000	0.018390980	0.642719273	0.386815889	0.021457354	-1.029636816	-3.152647231	0.085326704	0.037805902	-0.034142312	0.099498084	-0.004605977	-0.051187090
1.499000000	0.018476324	0.642757014	0.386781800	0.021556872	-1.029641412	-3.152698428	0.085360205	0.037674573	-0.034035652	0.099536938	-0.004586047	-0.051206856
1.500000000	0.018561701	0.642794622	0.386747817	0.021656428	-1.029645988	-3.152749644	0.085393589	0.037543196	-0.033928941	0.099575658	-0.004566122	-0.051226559
1.501000000	0.018647111	0.642832100	0.386713942	0.021756023	-1.029650544	-3.152800881	0.085426856	0.037411772	-0.033822181	0.099614245	-0.004546204	-0.051246198
1.502000000	0.018732554	0.642869446	0.386680173	0.021855656	-1.029655081	-3.152852137	0.085460006	0.037280301	-0.033715373	0.099652698	-0.004526291	-0.051265774
1.503000000	0.018818031	0.642906661	0.386646511	0.021955328	-1.029659597	-3.152903412	0.085493037	0.037148783	-0.033608515	0.099691017	-0.004506385	-0.051285286
1.504000000	0.018903540	0.642943744	0.386612956	0.022055038	-1.029664093	-3.152954707	0.085525951	0.037017219	-0.033501609	0.099729202	-0.004486484	-0.051304734
1.505000000	0.018989083	0.642980695	0.386579508	0.022154787	-1.029668570	-3.153006022	0.085558747	0.036885607	-0.033394653	0.099767254	-0.004466588	-0.051324120
1.506000000	0.019074658	0.643017515	0.386546167	0.022254573	-1.029673026	-3.153057356	0.085591425	0.036753949	-0.033287650	0.099805172	-0.004446699	-0.051343442
1.507000000	0.019160266	0.643054203	0.386512933	0.022354397	-1.029677463	-3.153108709	0.085623986	0.036622245	-0.033180598	0.099842956	-0.004426816	-0.051362700
1.508000000	0.019245906	0.643090759	0.386479806	0.022454259	-1.029681880	-3.153160081	0.085656429	0.036490495	-0.033073497	0.099880606	-0.004406938	-0.051381895
1.509000000	0.019331578	0.643127184	0.386446786	0.022554158	-1.029686277	-3.153211472	0.085688754	0.036358699	-0.032966349	0.099918122	-0.004387066	-0.051401027
1.510000000	0.019417283	0.643163477	0.386413873	0.022654095	-1.029690654	-3.153262883	0.085720962	0.036226857	-0.032859153	0.099955505	-0.004367200	-0.051420095
1.511000000	0.019503020	0.643199638	0.386381067	0.022754069	-1.029695011	-3.153314313	0.085753051	0.036094970	-0.032751909	0.099992753	-0.004347340	-0.051439099
1.512000000	0.019588789	0.643235667	0.386348369	0.022854081	-1.029699349	-3.153365761	0.085785023	0.035963037	-0.032644618	0.100029868	-0.004327485	-0.051458040
1.513000000	0.019674590	0.643271564	0.386315778	0.022954129	-1.029703666	-3.153417229	0.085816877	0.035831059	-0.032537279	0.100066848	-0.004307636	-0.051476918
1.514000000	0.019760423	0.643307329	0.386283295	0.023054214	-1.029707964	-3.153468715	0.085848613	0.035699036	-0.032429893	0.100103695	-0.004287793	-0.051495732
1.515000000	0.019846288	0.643342962	0.386250918	0.023154336	-1.029712242	-3.153520220	0.085880232	0.035566968	-0.032322460	0.100140408	-0.004267956	-0.051514483
1.516000000	0.019932184	0.643378463	0.386218650	0.023254495	-1.029716500	-3.153571744	0.085911732	0.035434856	-0.032214980	0.100176986	-0.004248124	-0.051533170
1.517000000	0.020018111	0.643413831	0.386186488	0.023354690	-1.029720738	-3.153623286	0.085943114	0.035302698	-0.032107453	0.100213431	-0.004228298	-0.051551793
1.518000000	0.020104070	0.643449068	0.386154435	0.023454922	-1.029724957	-3.153674848	0.085974379	0.035170497	-0.031999879	0.100249741	-0.004208478	-0.051570353
1.519000000	0.020190060	0.643484172	0.386122489	0.023555190	-1.029729155	-3.153726427	0.086005525	0.035038251	-0.031892260	0.100285917	-0.004188664	-0.051588850
1.520000000	0.020276081	0.643519145	0.386090650	0.023655494	-1.029733334	-3.153778025	0.086036553	0.034905961	-0.031784593	0.100321960	-0.004168855	-0.051607283
1.521000000	0.020362133	0.643553984	0.386058919	0.023755834	-1.029737493	-3.153829642	0.086067464	0.034773627	-0.031676881	0.100357868	-0.004149052	-0.051625652
1.522000000	0.020448216	0.643588692	0.386027296	0.023856210	-1.029741632	-3.153881277	0.086098256	0.034641250	-0.031569123	0.100393642	-0.004129255	-0.051643958
1.523000000	0.020534329	0.643623267	0.385995781	0.023956621	-1.029745751	-3.153932930	0.086128930	0.034508829	-0.031461318	0.100429281	-0.004109463	-0.051662200
1.524000000	0.020620474	0.643657709	0.385964374	0.024057068	-1.029749851	-3.153984601	0.086159486	0.034376364	-0.031353468	0.100464787	-0.004089677	-0.051680379
1.525000000	0.020706648	0.643692020	0.385933074	0.024157551	-1.029753931	-3.154036290	0.086189924	0.034243857	-0.031245573	0.100500158	-0.004069897	-0.051698494
1.526000000	0.020792854	0.643726197	0.385901883	0.024258068	-1.029757991	-3.154087998	0.086220244	0.034111307	-0.031137632	0.100535395	-0.004050122	-0.051716545
1.527000000	0.020879089	0.643760242	0.385870799	0.024358621	-1.029762031	-3.154139723	0.086250445	0.033978713	-0.031029646	0.100570498	-0.004030353	-0.051734533
1.528000000	0.020965354	0.643794155	0.385839823	0.024459209	-1.029766052	-3.154191467	0.086280529	0.033846077	-0.030921615	0.100605466	-0.004010590	-0.051752457
1.529000000	0.021051650	0.643827934	0.385808956	0.024559832	-1.029770052	-3.154243228	0.086310494	0.033713398	-0.030813539	0.100640300	-0.003990832	-0.051770318
1.530000000	0.021137975	0.643861581	0.385778196	0.024660490	-1.029774033	-3.154295008	0.086340341	0.033580678	-0.030705419	0.100675000	-0.003971080	-0.051788115
1.531000000	0.021224331	0.643895096	0.385747545	0.024761182	-1.029777994	-3.154346805	0.086370070	0.033447914	-0.030597253	0.100709565	-0.003951334	-0.051805848
1.532000000	0.021310716	0.643928477	0.385717002	0.024861909	-1.029781936	-3.154398619	0.086399681	0.033315109	-0.030489044	0.100743996	-0.003931593	-0.051823518
1.533000000	0.021397130	0.643961726	0.385686567	0.024962670	-1.029785858	-3.154450452	0.086429173	0.033182263	-0.030380790	0.100778293	-0.003911857	-0.051841124
1.534000000	0.021483574	0.643994842	0.385656240	0.025063466	-1.029789760	-3.154502302	0.086458547	0.033049374	-0.030272492	0.100812455	-0.003892128	-0.051858667
1.535000000	0.021570047	0.644027825	0.385626022	0.025164295	-1.029793642	-3.154554169	0.086487802	0.032916444	-0.030164150	0.100846482	-0.003872404	-0.051876146
1.536000000	0.021656550	0.644060675	0.385595912	0.025265159	-1.029797504	-3.154606054	0.086516939	0.032783473	-0.030055764	0.100880376	-0.003852685	-0.051893561
1.537000000	0.021743081	0.644093392	0.385565910	0.025366056	-1.029801347	-3.154657956	0.086545958	0.032650460	-0.029947335	0.100914134	-0.003832972	-0.051910912
1.538000000	0.021829641	0.644125976	0.385536017	0.025466987	-1.029805170	-3.154709876	0.086574859	0.032517407	-0.029838862	0.100947758	-0.003813265	-0.051928200
1.539000000	0.021916231	0.644158426	0.385506233	0.025567951	-1.029808974	-3.154761813	0.086603640	0.032384312	-0.029730346	0.100981248	-0.003793563	-0.051945424
1.540000000	0.022002849	0.644190744	0.385476556	0.025668949	-1.029812757	-3.154813767	0.086632304	0.032251177	-0.029621786	0.101014603	-0.003773866	-0.051962585
1.541000000	0.022089495	0.644222929	0.385446989	0.025769981	-1.029816521	-3.154865738	0.086660849	0.032118002	-0.029513184	0.101047823	-0.003754175	-0.051979682
1.542000000	0.022176170	0.644254980	0.385417530	0.025871045	-1.029820266	-3.154917726	0.086689276	0.031984787	-0.029404539	0.101080909	-0.003734490	-0.051996715
1.543000000	0.022262874	0.644286898	0.385388180	0.025972142	-1.029823990	-3.154969731	0.086717584	0.031851531	-0.029295852	0.101113860	-0.003714810	-0.052013684
1.544000000	0.022349606	0.644318683	0.385358938	0.026073273	-1.029827695	-3.155021753	0.086745774	0.031718235	-0.029187121	0.101146677	-0.003695136	-0.052030590
1.545000000	0.022436365	0.644350335	0.385329806	0.026174436	-1.029831381	-3.155073792	0.086773845	0.031584899	-0.029078348	0.101179359	-0.003675467	-0.052047432
1.546000000	0.022523153	0.644381853	0.385300782	0.026275632	-1.029835046	-3.155125848	0.086801797	0.031451525	-0.028969534	0.101211906	-0.003655803	-0.052064210
1.547000000	0.022609969	0.644413238	0.385271867	0.026376860	-1.029838692	-3.155177921	0.086829631	0.031318110	-0.028860677	0.101244318	-0.003636145	-0.052080924
1.548000000	0.022696813	0.644444489	0.385243060	0.026478120	-1.029842319	-3.155230010	0.086857347	0.031184656	-0.028751778	0.101276596	-0.003616493	-0.052097575
1.549000000	0.022783684	0.644475607	0.385214363	0.026579413	-1.029845925	-3.155282116	0.086884943	0.031051164	-0.028642837	0.101308739	-0.003596846	-0.052114162
1.550000000	0.022870582	0.644506592	0.385185775	0.026680738	-1.029849512	-3.155334238	0.086912422	0.030917632	-0.028533855	0.101340747	-0.003577204	-0.052130685
1.551000000	0.022957509	0.644537442	0.385157295	0.026782094	-1.029853080	-3.155386377	0.086939781	0.030784061	-0.028424832	0.101372621	-0.003557568	-0.052147145
1.552000000	0.023044462	0.644568160	0.385128925	0.026883483	-1.029856627	-3.155438533	0.086967022	0.030650452	-0.028315767	0.101404359	-0.003537937	-0.052163541
1.553000000	0.023131443	0.644598743	0.385100664	0.026984903	-1.029860156	-3.155490704	0.086994144	0.030516805	-0.028206661	0.101435963	-0.003518312	-0.052179872
1.554000000	0.023218450	0.644629193	0.385072512	0.027086355	-1.029863664	-3.155542892	0.087021147	0.030383119	-0.028097515	0.101467432	-0.003498692	-0.052196141
1.555000000	0.023305485	0.644659510	0.385044469	0.027187838	-1.029867153	-3.155595097	0.087048032	0.030249395	-0.027988327	0.101498766	-0.003479077	-0.052212345
1.556000000	0.023392546	0.644689692	0.385016535	0.027289352	-1.029870622	-3.155647317	0.087074798	0.030115633	-0.027879099	0.101529965	-0.003459468	-0.052228486
1.557000000	0.023479634	0.644719741	0.384988711	0.027390898	-1.029874072	-3.155699554	0.087101445	0.029981834	-0.027769830	0.101561029	-0.003439864	-0.052244562
1.558000000	0.023566749	0.644749656	0.384960995	0.027492474	-1.029877502	-3.155751806	0.087127973	0.029847997	-0.027660521	0.101591959	-0.003420266	-0.052260575
1.559000000	0.023653890	0.644779437	0.384933390	0.027594082	-1.029880912	-3.155804075	0.087154383	0.029714123	-0.027551172	0.101622753	-0.003400672	-0.052276524
1.560000000	0.023741058	0.644809084	0.384905893	0.027695720	-1.029884303	-3.155856359	0.087180674	0.029580211	-0.027441783	0.101653412	-0.003381085	-0.052292410
1.561000000	0.023828252	0.644838597	0.384878506	0.027797389	-1.029887675	-3.155908660	0.087206846	0.029446263	-0.027332355	0.101683937	-0.003361502	-0.052308231
1.562000000	0.023915472	0.644867977	0.384851228	0.027899088	-1.029891026	-3.155960976	0.087232899	0.029312277	-0.027222886	0.101714326	-0.003341925	-0.052323989
1.563000000	0.024002718	0.644897222	0.384824060	0.028000817	-1.029894358	-3.156013308	0.087258833	0.029178255	-0.027113378	0.101744581	-0.003322353	-0.052339683
1.564000000	0.024089989	0.644926333	0.384797002	0.028102577	-1.029897671	-3.156065655	0.087284648	0.029044197	-0.027003831	0.101774700	-0.003302786	-0.052355313
1.565000000	0.024177287	0.644955310	0.384770053	0.028204367	-1.029900964	-3.156118018	0.087310344	0.028910102	-0.026894244	0.101804684	-0.003283225	-0.052370879
1.566000000	0.024264610	0.644984153	0.384743213	0.028306186	-1.029904237	-3.156170397	0.087335922	0.028775971	-0.026784619	0.101834533	-0.003263669	-0.052386381
1.567000000	0.024351959	0.645012862	0.384716483	0.028408036	-1.029907491	-3.156222791	0.087361380	0.028641803	-0.026674954	0.101864247	-0.003244118	-0.052401820
1.568000000	0.024439333	0.645041437	0.384689863	0.028509915	-1.029910726	-3.156275200	0.087386720	0.028507600	-0.026565252	0.101893826	-0.003224572	-0.052417194
1.569000000	0.024526732	0.645069877	0.384663353	0.028611823	-1.029913941	-3.156327625	0.087411940	0.028373362	-0.026455510	0.101923270	-0.003205032	-0.052432505
1.570000000	0.024614157	0.645098184	0.384636952	0.028713761	-1.029917136	-3.156380065	0.087437042	0.028239088	-0.026345730	0.101952579	-0.003185497	-0.052447752
1.571000000	0.024701606	0.645126356	0.384610661	0.028815729	-1.029920312	-3.156432521	0.087462024	0.028104778	-0.026235912	0.101981752	-0.003165967	-0.052462934
1.572000000	0.024789081	0.645154393	0.384584480	0.028917725	-1.029923468	-3.156484991	0.087486888	0.027970434	-0.026126056	0.102010791	-0.003146442	-0.052478053
1.573000000	0.024876580	0.645182296	0.384558409	0.029019750	-1.029926604	-3.156537477	0.087511632	0.027836054	-0.026016161	0.102039694	-0.003126923	-0.052493109
1.574000000	0.024964104	0.645210065	0.384532448	0.029121804	-1.029929722	-3.156589978	0.087536258	0.027701640	-0.025906230	0.102068462	-0.003107409	-0.052508100
1.575000000	0.025051653	0.645237700	0.384506597	0.029223887	-1.029932819	-3.156642493	0.087560764	0.027567191	-0.025796260	0.102097094	-0.003087899	-0.052523027
1.576000000	0.025139226	0.645265200	0.384480856	0.029325998	-1.029935897	-3.156695024	0.087585151	0.027432707	-0.025686253	0.102125592	-0.003068395	-0.052537890
1.577000000	0.025226823	0.645292565	0.384455224	0.029428138	-1.029938956	-3.156747569	0.087609419	0.027298190	-0.025576209	0.102153954	-0.003048897	-0.052552690
1.578000000	0.025314444	0.645319796	0.384429703	0.029530306	-1.029941995	-3.156800129	0.087633568	0.027163638	-0.025466128	0.102182181	-0.003029403	-0.052567425
1.579000000	0.025402090	0.645346892	0.384404292	0.029632503	-1.029945015	-3.156852704	0.087657598	0.027029052	-0.025356010	0.102210272	-0.003009914	-0.052582097
1.580000000	0.025489760	0.645373854	0.384378991	0.029734727	-1.029948015	-3.156905293	0.087681508	0.026894432	-0.025245855	0.102238228	-0.002990431	-0.052596705
1.581000000	0.025577453	0.645400681	0.384353800	0.029836979	-1.029950996	-3.156957897	0.087705300	0.026759779	-0.025135664	0.102266049	-0.002970952	-0.052611248
1.582000000	0.025665170	0.645427374	0.384328720	0.029939259	-1.029953957	-3.157010516	0.087728972	0.026625092	-0.025025436	0.102293734	-0.002951479	-0.052625728
1.583000000	0.025752911	0.645453931	0.384303749	0.030041566	-1.029956899	-3.157063149	0.087752525	0.026490373	-0.024915171	0.102321285	-0.002932011	-0.052640144
1.584000000	0.025840675	0.645480354	0.384278889	0.030143902	-1.029959821	-3.157115796	0.087775959	0.026355620	-0.024804871	0.102348699	-0.002912548	-0.052654496
1.585000000	0.025928463	0.645506643	0.384254140	0.030246264	-1.029962724	-3.157168458	0.087799273	0.026220834	-0.024694534	0.102375978	-0.002893090	-0.052668783
1.586000000	0.026016274	0.645532796	0.384229500	0.030348653	-1.029965607	-3.157221134	0.087822468	0.026086015	-0.024584162	0.102403122	-0.002873637	-0.052683007
1.587000000	0.026104108	0.645558815	0.384204971	0.030451070	-1.029968471	-3.157273824	0.087845544	0.025951164	-0.024473754	0.102430131	-0.002854189	-0.052697167
1.588000000	0.026191965	0.645584698	0.384180553	0.030553514	-1.029971315	-3.157326528	0.087868501	0.025816280	-0.024363311	0.102457003	-0.002834746	-0.052711263
1.589000000	0.026279845	0.645610447	0.384156245	0.030655984	-1.029974141	-3.157379246	0.087891338	0.025681364	-0.024252832	0.102483741	-0.002815308	-0.052725295
1.590000000	0.026367748	0.645636061	0.384132047	0.030758481	-1.029976946	-3.157431978	0.087914056	0.025546417	-0.024142319	0.102510343	-0.002795875	-0.052739262
1.591000000	0.026455673	0.645661540	0.384107960	0.030861005	-1.029979732	-3.157484725	0.087936655	0.025411437	-0.024031770	0.102536809	-0.002776447	-0.052753166
1.592000000	0.026543621	0.645686884	0.384083984	0.030963555	-1.029982499	-3.157537485	0.087959135	0.025276425	-0.023921186	0.102563140	-0.002757024	-0.052767006
1.593000000	0.026631591	0.645712093	0.384060118	0.031066131	-1.029985246	-3.157590259	0.087981494	0.025141382	-0.023810567	0.102589335	-0.002737606	-0.052780782
1.594000000	0.026719584	0.645737167	0.384036362	0.031168734	-1.029987974	-3.157643046	0.088003735	0.025006308	-0.023699914	0.102615395	-0.002718192	-0.052794494
1.595000000	0.026807599	0.645762106	0.384012718	0.031271362	-1.029990683	-3.157695848	0.088025856	0.024871202	-0.023589227	0.102641319	-0.002698784	-0.052808142
1.596000000	0.026895636	0.645786909	0.383989184	0.031374016	-1.029993372	-3.157748663	0.088047858	0.024736066	-0.023478506	0.102667108	-0.002679381	-0.052821725
1.597000000	0.026983694	0.645811578	0.383965761	0.031476696	-1.029996041	-3.157801491	0.088069740	0.024600898	-0.023367750	0.102692761	-0.002659983	-0.052835245
1.598000000	0.027071775	0.645836111	0.383942449	0.031579402	-1.029998692	-3.157854333	0.088091503	0.024465700	-0.023256960	0.102718278	-0.002640589	-0.052848701
1.599000000	0.027159877	0.645860509	0.383919247	0.031682133	-1.030001323	-3.157907189	0.088113146	0.024330472	-0.023146137	0.102743660	-0.002621201	-0.052862092
1.600000000	0.027248001	0.645884772	0.383896156	0.031784889	-1.030003934	-3.157960057	0.088134670	0.024195213	-0.023035281	0.102768906	-0.002601817	-0.052875420
1.601000000	0.027336147	0.645908899	0.383873176	0.031887670	-1.030006526	-3.158012939	0.088156075	0.024059923	-0.022924390	0.102794016	-0.002582438	-0.052888683
1.602000000	0.027424313	0.645932892	0.383850307	0.031990477	-1.030009099	-3.158065835	0.088177359	0.023924604	-0.022813467	0.102818991	-0.002563064	-0.052901883
1.603000000	0.027512501	0.645956749	0.383827549	0.032093308	-1.030011652	-3.158118743	0.088198525	0.023789255	-0.022702511	0.102843830	-0.002543695	-0.052915018
1.604000000	0.027600710	0.645980470	0.383804902	0.032196165	-1.030014186	-3.158171665	0.088219571	0.023653877	-0.022591521	0.102868533	-0.002524331	-0.052928089
1.605000000	0.027688941	0.646004056	0.383782366	0.032299046	-1.030016701	-3.158224599	0.088240497	0.023518469	-0.022480499	0.102893101	-0.002504971	-0.052941096
1.606000000	0.027777191	0.646027507	0.383759941	0.032401951	-1.030019196	-3.158277547	0.088261304	0.023383031	-0.022369444	0.102917532	-0.002485616	-0.052954039
1.607000000	0.027865463	0.646050823	0.383737628	0.032504881	-1.030021672	-3.158330507	0.088281991	0.023247564	-0.022258357	0.102941828	-0.002466266	-0.052966918
1.608000000	0.027953755	0.646074002	0.383715425	0.032607835	-1.030024129	-3.158383481	0.088302558	0.023112069	-0.022147238	0.102965989	-0.002446921	-0.052979733
1.609000000	0.028042068	0.646097047	0.383693333	0.032710813	-1.030026566	-3.158436467	0.088323006	0.022976545	-0.022036086	0.102990013	-0.002427581	-0.052992484
1.610000000	0.028130401	0.646119955	0.383671353	0.032813815	-1.030028984	-3.158489466	0.088343334	0.022840992	-0.021924903	0.103013902	-0.002408245	-0.053005170
1.611000000	0.028218755	0.646142729	0.383649483	0.032916840	-1.030031383	-3.158542477	0.088363543	0.022705411	-0.021813687	0.103037654	-0.002388914	-0.053017793
1.612000000	0.028307129	0.646165366	0.383627725	0.033019890	-1.030033762	-3.158595501	0.088383632	0.022569801	-0.021702441	0.103061272	-0.002369588	-0.053030351
1.613000000	0.028395522	0.646187868	0.383606078	0.033122963	-1.030036122	-3.158648538	0.088403602	0.022434163	-0.021591162	0.103084753	-0.002350267	-0.053042846
1.614000000	0.028483936	0.646210235	0.383584543	0.033226059	-1.030038462	-3.158701587	0.088423451	0.022298498	-0.021479852	0.103108098	-0.002330950	-0.053055276
1.615000000	0.028572369	0.646232465	0.383563119	0.033329179	-1.030040784	-3.158754648	0.088443181	0.022162804	-0.021368512	0.103131307	-0.002311638	-0.053067642
1.616000000	0.028660822	0.646254560	0.383541806	0.033432322	-1.030043086	-3.158807722	0.088462792	0.022027083	-0.021257140	0.103154381	-0.002292330	-0.053079944
1.617000000	0.028749295	0.646276519	0.383520604	0.033535488	-1.030045368	-3.158860808	0.088482282	0.021891335	-0.021145737	0.103177319	-0.002273028	-0.053092181
1.618000000	0.028837787	0.646298343	0.383499514	0.033638677	-1.030047632	-3.158913907	0.088501653	0.021755559	-0.021034304	0.103200120	-0.002253730	-0.053104355
1.619000000	0.028926298	0.646320031	0.383478536	0.033741888	-1.030049876	-3.158967017	0.088520904	0.021619757	-0.020922840	0.103222786	-0.002234436	-0.053116464
1.620000000	0.029014829	0.646341582	0.383457669	0.033845122	-1.030052101	-3.159020140	0.088540036	0.021483927	-0.020811346	0.103245316	-0.002215147	-0.053128509
1.621000000	0.029103378	0.646362998	0.383436913	0.033948379	-1.030054306	-3.159073274	0.088559047	0.021348070	-0.020699822	0.103267710	-0.002195863	-0.053140490
1.622000000	0.029191947	0.646384279	0.383416269	0.034051658	-1.030056492	-3.159126421	0.088577939	0.021212188	-0.020588268	0.103289967	-0.002176583	-0.053152407
1.623000000	0.029280534	0.646405423	0.383395737	0.034154959	-1.030058659	-3.159179579	0.088596711	0.021076279	-0.020476684	0.103312089	-0.002157308	-0.053164260
1.624000000	0.029369140	0.646426431	0.383375316	0.034258282	-1.030060807	-3.159232749	0.088615364	0.020940343	-0.020365070	0.103334075	-0.002138038	-0.053176048
1.625000000	0.029457765	0.646447303	0.383355006	0.034361627	-1.030062935	-3.159285931	0.088633896	0.020804381	-0.020253426	0.103355925	-0.002118772	-0.053187773
1.626000000	0.029546408	0.646468040	0.383334809	0.034464994	-1.030065044	-3.159339125	0.088652309	0.020668394	-0.020141754	0.103377639	-0.002099510	-0.053199433
1.627000000	0.029635069	0.646488640	0.383314723	0.034568382	-1.030067134	-3.159392330	0.088670601	0.020532381	-0.020030052	0.103399217	-0.002080253	-0.053211029
1.628000000	0.029723749	0.646509105	0.383294749	0.034671792	-1.030069205	-3.159445547	0.088688774	0.020396343	-0.019918321	0.103420659	-0.002061001	-0.053222560
1.629000000	0.029812447	0.646529433	0.383274886	0.034775223	-1.030071256	-3.159498775	0.088706827	0.020260279	-0.019806561	0.103441964	-0.002041753	-0.053234028
1.630000000	0.029901163	0.646549625	0.383255136	0.034878676	-1.030073288	-3.159552015	0.088724761	0.020124190	-0.019694773	0.103463134	-0.002022510	-0.053245431
1.631000000	0.029989896	0.646569681	0.383235497	0.034982150	-1.030075301	-3.159605266	0.088742574	0.019988076	-0.019582956	0.103484168	-0.002003271	-0.053256770
1.632000000	0.030078648	0.646589601	0.383215970	0.035085644	-1.030077295	-3.159658528	0.088760267	0.019851937	-0.019471111	0.103505065	-0.001984036	-0.053268045
1.633000000	0.030167417	0.646609385	0.383196555	0.035189160	-1.030079269	-3.159711802	0.088777841	0.019715773	-0.019359237	0.103525826	-0.001964806	-0.053279255
1.634000000	0.030256204	0.646629033	0.383177251	0.035292696	-1.030081225	-3.159765087	0.088795295	0.019579585	-0.019247335	0.103546452	-0.001945581	-0.053290402
1.635000000	0.030345007	0.646648544	0.383158060	0.035396253	-1.030083161	-3.159818383	0.088812628	0.019443373	-0.019135406	0.103566940	-0.001926359	-0.053301484
1.636000000	0.030433829	0.646667920	0.383138980	0.035499830	-1.030085077	-3.159871690	0.088829842	0.019307137	-0.019023448	0.103587293	-0.001907143	-0.053312502
1.637000000	0.030522667	0.646687159	0.383120013	0.035603427	-1.030086975	-3.159925008	0.088846936	0.019170876	-0.018911463	0.103607510	-0.001887930	-0.053323455
1.638000000	0.030611523	0.646706261	0.383101157	0.035707045	-1.030088853	-3.159978337	0.088863909	0.019034592	-0.018799451	0.103627591	-0.001868722	-0.053334345
1.639000000	0.030700395	0.646725228	0.383082414	0.035810683	-1.030090712	-3.160031676	0.088880763	0.018898284	-0.018687412	0.103647535	-0.001849518	-0.053345170
1.640000000	0.030789284	0.646744058	0.383063783	0.035914340	-1.030092552	-3.160085027	0.088897497	0.018761953	-0.018575345	0.103667343	-0.001830319	-0.053355931
1.641000000	0.030878190	0.646762752	0.383045263	0.036018017	-1.030094373	-3.160138388	0.088914111	0.018625598	-0.018463251	0.103687015	-0.001811124	-0.053366627
1.642000000	0.030967112	0.646781309	0.383026856	0.036121714	-1.030096175	-3.160191760	0.088930605	0.018489221	-0.018351131	0.103706551	-0.001791933	-0.053377259
1.643000000	0.031056051	0.646799730	0.383008561	0.036225430	-1.030097957	-3.160245143	0.088946979	0.018352820	-0.018238984	0.103725951	-0.001772747	-0.053387827
1.644000000	0.031145006	0.646818015	0.382990378	0.036329166	-1.030099720	-3.160298536	0.088963232	0.018216397	-0.018126811	0.103745214	-0.001753565	-0.053398331
1.645000000	0.031233978	0.646836163	0.382972307	0.036432921	-1.030101464	-3.160351939	0.088979366	0.018079951	-0.018014611	0.103764341	-0.001734387	-0.053408770
1.646000000	0.031322965	0.646854175	0.382954349	0.036536695	-1.030103189	-3.160405353	0.088995380	0.017943482	-0.017902385	0.103783332	-0.001715214	-0.053419146
1.647000000	0.031411968	0.646872050	0.382936503	0.036640487	-1.030104894	-3.160458778	0.089011274	0.017806992	-0.017790134	0.103802187	-0.001696044	-0.053429456
1.648000000	0.031500988	0.646889789	0.382918769	0.036744299	-1.030106581	-3.160512212	0.089027047	0.017670479	-0.017677857	0.103820905	-0.001676879	-0.053439703
1.649000000	0.031590023	0.646907391	0.382901147	0.036848129	-1.030108248	-3.160565657	0.089042700	0.017533945	-0.017565553	0.103839486	-0.001657718	-0.053449885
1.650000000	0.031679073	0.646924857	0.382883638	0.036951978	-1.030109896	-3.160619112	0.089058234	0.017397388	-0.017453225	0.103857932	-0.001638562	-0.053460003
1.651000000	0.031768139	0.646942186	0.382866241	0.037055845	-1.030111525	-3.160672577	0.089073647	0.017260811	-0.017340871	0.103876242	-0.001619409	-0.053470057
1.652000000	0.031857220	0.646959378	0.382848956	0.037159730	-1.030113135	-3.160726052	0.089088940	0.017124211	-0.017228492	0.103894415	-0.001600261	-0.053480046
1.653000000	0.031946317	0.646976434	0.382831784	0.037263634	-1.030114726	-3.160779537	0.089104113	0.016987591	-0.017116088	0.103912451	-0.001581117	-0.053489971
1.654000000	0.032035429	0.646993353	0.382814724	0.037367555	-1.030116297	-3.160833032	0.089119166	0.016850950	-0.017003660	0.103930351	-0.001561977	-0.053499831
1.655000000	0.032124555	0.647010136	0.382797776	0.037471495	-1.030117850	-3.160886537	0.089134099	0.016714287	-0.016891206	0.103948115	-0.001542841	-0.053509627
1.656000000	0.032213697	0.647026782	0.382780941	0.037575452	-1.030119383	-3.160940051	0.089148912	0.016577604	-0.016778728	0.103965743	-0.001523709	-0.053519359
1.657000000	0.032302853	0.647043291	0.382764219	0.037679426	-1.030120897	-3.160993576	0.089163604	0.016440901	-0.016666227	0.103983234	-0.001504582	-0.053529027
1.658000000	0.032392024	0.647059664	0.382747609	0.037783418	-1.030122392	-3.161047109	0.089178177	0.016304177	-0.016553700	0.104000589	-0.001485458	-0.053538630
1.659000000	0.032481209	0.647075900	0.382731111	0.037887427	-1.030123868	-3.161100653	0.089192629	0.016167433	-0.016441150	0.104017807	-0.001466339	-0.053548169
1.660000000	0.032570409	0.647091999	0.382714726	0.037991454	-1.030125325	-3.161154206	0.089206961	0.016030669	-0.016328576	0.104034889	-0.001447223	-0.053557644
1.661000000	0.032659623	0.647107961	0.382698454	0.038095497	-1.030126763	-3.161207768	0.089221173	0.015893885	-0.016215978	0.104051835	-0.001428112	-0.053567054
1.662000000	0.032748852	0.647123786	0.382682295	0.038199557	-1.030128181	-3.161261340	0.089235264	0.015757082	-0.016103357	0.104068644	-0.001409005	-0.053576400
1.663000000	0.032838094	0.647139475	0.382666247	0.038303634	-1.030129581	-3.161314921	0.089249235	0.015620259	-0.015990712	0.104085317	-0.001389901	-0.053585681
1.664000000	0.032927350	0.647155027	0.382650313	0.038407728	-1.030130961	-3.161368511	0.089263087	0.015483417	-0.015878045	0.104101853	-0.001370802	-0.053594898
1.665000000	0.033016620	0.647170442	0.382634491	0.038511838	-1.030132322	-3.161422111	0.089276818	0.015346555	-0.015765354	0.104118253	-0.001351707	-0.053604051
1.666000000	0.033105904	0.647185720	0.382618782	0.038615964	-1.030133664	-3.161475719	0.089290428	0.015209675	-0.015652640	0.104134516	-0.001332615	-0.053613139
1.667000000	0.033195201	0.647200861	0.382603186	0.038720107	-1.030134987	-3.161529337	0.089303919	0.015072776	-0.015539904	0.104150643	-0.001313528	-0.053622163
1.668000000	0.033284511	0.647215866	0.382587703	0.038824266	-1.030136291	-3.161582964	0.089317289	0.014935858	-0.015427145	0.104166633	-0.001294444	-0.053631122
1.669000000	0.033373835	0.647230733	0.382572332	0.038928440	-1.030137576	-3.161636599	0.089330539	0.014798922	-0.015314364	0.104182487	-0.001275365	-0.053640017
1.670000000	0.033463173	0.647245463	0.382557074	0.039032631	-1.030138842	-3.161690244	0.089343668	0.014661968	-0.015201561	0.104198204	-0.001256289	-0.053648848
1.671000000	0.033552523	0.647260057	0.382541929	0.039136837	-1.030140089	-3.161743897	0.089356678	0.014524995	-0.015088736	0.104213785	-0.001237217	-0.053657614
1.672000000	0.033641886	0.647274513	0.382526896	0.039241058	-1.030141317	-3.161797559	0.089369567	0.014388005	-0.014975888	0.104229230	-0.001218150	-0.053666316
1.673000000	0.033731262	0.647288833	0.382511977	0.039345295	-1.030142525	-3.161851230	0.089382336	0.014250997	-0.014863019	0.104244538	-0.001199086	-0.053674954
1.674000000	0.033820651	0.647303015	0.382497170	0.039449547	-1.030143715	-3.161904909	0.089394984	0.014113971	-0.014750129	0.104259709	-0.001180025	-0.053683527
1.675000000	0.033910052	0.647317061	0.382482477	0.039553815	-1.030144885	-3.161958597	0.089407512	0.013976928	-0.014637217	0.104274744	-0.001160969	-0.053692036
1.676000000	0.033999466	0.647330969	0.382467896	0.039658097	-1.030146037	-3.162012293	0.089419920	0.013839867	-0.014524284	0.104289642	-0.001141917	-0.053700480
1.677000000	0.034088892	0.647344741	0.382453428	0.039762394	-1.030147169	-3.162065998	0.089432208	0.013702790	-0.014411330	0.104304403	-0.001122868	-0.053708860
1.678000000	0.034178330	0.647358375	0.382439073	0.039866706	-1.030148282	-3.162119711	0.089444375	0.013565695	-0.014298355	0.104319028	-0.001103823	-0.053717175
1.679000000	0.034267780	0.647371872	0.382424831	0.039971032	-1.030149377	-3.162173432	0.089456422	0.013428584	-0.014185359	0.104333517	-0.001084782	-0.053725426
1.680000000	0.034357243	0.647385232	0.382410703	0.040075373	-1.030150452	-3.162227162	0.089468348	0.013291457	-0.014072343	0.104347869	-0.001065745	-0.053733612
1.681000000	0.034446717	0.647398455	0.382396687	0.040179728	-1.030151508	-3.162280899	0.089480154	0.013154313	-0.013959307	0.104362084	-0.001046711	-0.053741734
1.682000000	0.034536203	0.647411541	0.382382784	0.040284097	-1.030152545	-3.162334645	0.089491840	0.013017153	-0.013846250	0.104376163	-0.001027681	-0.053749792
1.683000000	0.034625701	0.647424489	0.382368994	0.040388480	-1.030153564	-3.162388399	0.089503405	0.012879976	-0.013733173	0.104390105	-0.001008655	-0.053757785
1.684000000	0.034715210	0.647437301	0.382355318	0.040492877	-1.030154563	-3.162442161	0.089514851	0.012742785	-0.013620076	0.104403910	-0.000989632	-0.053765714
1.685000000	0.034804731	0.647449975	0.382341754	0.040597288	-1.030155543	-3.162495930	0.089526175	0.012605577	-0.013506960	0.104417579	-0.000970614	-0.053773578
1.686000000	0.034894262	0.647462512	0.382328304	0.040701712	-1.030156504	-3.162549708	0.089537379	0.012468354	-0.013393824	0.104431111	-0.000951599	-0.053781378
1.687000000	0.034983805	0.647474911	0.382314966	0.040806150	-1.030157446	-3.162603493	0.089548463	0.012331115	-0.013280668	0.104444507	-0.000932587	-0.053789113
1.688000000	0.035073359	0.647487174	0.382301742	0.040910601	-1.030158369	-3.162657286	0.089559427	0.012193861	-0.013167494	0.104457766	-0.000913579	-0.053796784
1.689000000	0.035162924	0.647499299	0.382288631	0.041015066	-1.030159273	-3.162711087	0.089570270	0.012056593	-0.013054300	0.104470888	-0.000894575	-0.053804390
1.690000000	0.035252500	0.647511287	0.382275634	0.041119543	-1.030160158	-3.162764895	0.089580992	0.011919309	-0.012941087	0.104483873	-0.000875574	-0.053811932
1.691000000	0.035342086	0.647523138	0.382262749	0.041224033	-1.030161024	-3.162818710	0.089591595	0.011782011	-0.012827856	0.104496722	-0.000856577	-0.053819409
1.692000000	0.035431683	0.647534851	0.382249978	0.041328536	-1.030161871	-3.162872534	0.089602076	0.011644699	-0.012714606	0.104509434	-0.000837584	-0.053826822
1.693000000	0.035521290	0.647546427	0.382237320	0.041433052	-1.030162699	-3.162926364	0.089612438	0.011507372	-0.012601337	0.104522010	-0.000818594	-0.053834171
1.694000000	0.035610908	0.647557866	0.382224775	0.041537580	-1.030163509	-3.162980202	0.089622679	0.011370031	-0.012488050	0.104534449	-0.000799608	-0.053841455
1.695000000	0.035700536	0.647569167	0.382212344	0.041642121	-1.030164299	-3.163034047	0.089632799	0.011232676	-0.012374745	0.104546751	-0.000780625	-0.053848674
1.696000000	0.035790173	0.647580331	0.382200026	0.041746674	-1.030165070	-3.163087899	0.089642799	0.011095307	-0.012261423	0.104558917	-0.000761646	-0.053855829
1.697000000	0.035879821	0.647591358	0.382187821	0.041851239	-1.030165822	-3.163141759	0.089652679	0.010957925	-0.012148083	0.104570945	-0.000742670	-0.053862919
1.698000000	0.035969479	0.647602247	0.382175730	0.041955816	-1.030166555	-3.163195625	0.089662438	0.010820529	-0.012034724	0.104582837	-0.000723697	-0.053869945
1.699000000	0.036059146	0.647612999	0.382163752	0.042060405	-1.030167269	-3.163249499	0.089672076	0.010683120	-0.011921349	0.104594593	-0.000704728	-0.053876906
1.700000000	0.036148823	0.647623613	0.382151887	0.042165005	-1.030167965	-3.163303379	0.089681595	0.010545698	-0.011807956	0.104606211	-0.000685763	-0.053883803
1.701000000	0.036238509	0.647634090	0.382140136	0.042269617	-1.030168641	-3.163357266	0.089690992	0.010408263	-0.011694547	0.104617693	-0.000666801	-0.053890636
1.702000000	0.036328205	0.647644430	0.382128498	0.042374240	-1.030169298	-3.163411160	0.089700270	0.010270816	-0.011581120	0.104629038	-0.000647843	-0.053897403
1.703000000	0.036417910	0.647654632	0.382116973	0.042478875	-1.030169937	-3.163465061	0.089709426	0.010133355	-0.011467676	0.104640247	-0.000628887	-0.053904107
1.704000000	0.036507624	0.647664697	0.382105563	0.042583521	-1.030170556	-3.163518968	0.089718462	0.009995883	-0.011354216	0.104651318	-0.000609936	-0.053910745
1.705000000	0.036597347	0.647674624	0.382094265	0.042688178	-1.030171156	-3.163572882	0.089727378	0.009858398	-0.011240739	0.104662253	-0.000590987	-0.053917320
1.706000000	0.036687079	0.647684413	0.382083081	0.042792845	-1.030171738	-3.163626803	0.089736173	0.009720901	-0.011127246	0.104673051	-0.000572042	-0.053923830
1.707000000	0.036776819	0.647694066	0.382072011	0.042897524	-1.030172301	-3.163680730	0.089744848	0.009583392	-0.011013737	0.104683713	-0.000553100	-0.053930275
1.708000000	0.036866568	0.647703580	0.382061054	0.043002213	-1.030172844	-3.163734664	0.089753402	0.009445872	-0.010900212	0.104694237	-0.000534162	-0.053936655
1.709000000	0.036956326	0.647712957	0.382050210	0.043106912	-1.030173369	-3.163788603	0.089761836	0.009308340	-0.010786672	0.104704625	-0.000515227	-0.053942971
1.710000000	0.037046092	0.647722197	0.382039480	0.043211622	-1.030173875	-3.163842549	0.089770149	0.009170796	-0.010673115	0.104714876	-0.000496295	-0.053949223
1.711000000	0.037135866	0.647731299	0.382028864	0.043316342	-1.030174361	-3.163896502	0.089778342	0.009033242	-0.010559543	0.104724990	-0.000477366	-0.053955410
1.712000000	0.037225649	0.647740263	0.382018361	0.043421072	-1.030174829	-3.163950460	0.089786414	0.008895676	-0.010445956	0.104734968	-0.000458441	-0.053961532
1.713000000	0.037315439	0.647749090	0.382007972	0.043525812	-1.030175278	-3.164004425	0.089794365	0.008758100	-0.010332354	0.104744808	-0.000439519	-0.053967590
1.714000000	0.037405237	0.647757779	0.381997696	0.043630562	-1.030175708	-3.164058395	0.089802196	0.008620513	-0.010218737	0.104754512	-0.000420600	-0.053973583
1.715000000	0.037495043	0.647766331	0.381987535	0.043735321	-1.030176120	-3.164112372	0.089809907	0.008482915	-0.010105104	0.104764079	-0.000401685	-0.053979512
1.716000000	0.037584857	0.647774745	0.381977486	0.043840090	-1.030176512	-3.164166355	0.089817497	0.008345307	-0.009991458	0.104773509	-0.000382772	-0.053985376
1.717000000	0.037674678	0.647783022	0.381967552	0.043944868	-1.030176885	-3.164220343	0.089824966	0.008207690	-0.009877797	0.104782803	-0.000363863	-0.053991176
1.718000000	0.037764507	0.647791161	0.381957731	0.044049655	-1.030177239	-3.164274337	0.089832315	0.008070061	-0.009764121	0.104791959	-0.000344957	-0.053996911
1.719000000	0.037854343	0.647799162	0.381948023	0.044154452	-1.030177575	-3.164328337	0.089839543	0.007932424	-0.009650431	0.104800979	-0.000326054	-0.054002581
1.720000000	0.037944186	0.647807026	0.381938430	0.044259257	-1.030177892	-3.164382342	0.089846651	0.007794776	-0.009536728	0.104809862	-0.000307154	-0.054008187
1.721000000	0.038034036	0.647814752	0.381928950	0.044364072	-1.030178189	-3.164436353	0.089853638	0.007657120	-0.009423011	0.104818608	-0.000288257	-0.054013728
1.722000000	0.038123893	0.647822340	0.381919584	0.044468895	-1.030178468	-3.164490369	0.089860505	0.007519453	-0.009309280	0.104827217	-0.000269364	-0.054019205
1.723000000	0.038213757	0.647829790	0.381910331	0.044573726	-1.030178728	-3.164544391	0.089867250	0.007381778	-0.009195535	0.104835690	-0.000250473	-0.054024617
1.724000000	0.038303628	0.647837103	0.381901193	0.044678566	-1.030178969	-3.164598419	0.089873876	0.007244094	-0.009081777	0.104844025	-0.000231586	-0.054029964
1.725000000	0.038393505	0.647844279	0.381892168	0.044783414	-1.030179191	-3.164652451	0.089880381	0.007106401	-0.008968006	0.104852224	-0.000212701	-0.054035247
1.726000000	0.038483389	0.647851316	0.381883257	0.044888270	-1.030179394	-3.164706489	0.089886765	0.006968700	-0.008854222	0.104860286	-0.000193820	-0.054040465
1.727000000	0.038573279	0.647858216	0.381874459	0.044993135	-1.030179579	-3.164760532	0.089893028	0.006830990	-0.008740425	0.104868210	-0.000174941	-0.054045619
1.728000000	0.038663175	0.647864978	0.381865776	0.045098007	-1.030179744	-3.164814580	0.089899171	0.006693272	-0.008626616	0.104875999	-0.000156066	-0.054050708
1.729000000	0.038753077	0.647871603	0.381857206	0.045202887	-1.030179891	-3.164868634	0.089905194	0.006555546	-0.008512794	0.104883650	-0.000137194	-0.054055733
1.730000000	0.038842985	0.647878089	0.381848750	0.045307774	-1.030180019	-3.164922692	0.089911096	0.006417812	-0.008398960	0.104891164	-0.000118324	-0.054060692
1.731000000	0.038932899	0.647884438	0.381840408	0.045412669	-1.030180128	-3.164976755	0.089916877	0.006280070	-0.008285113	0.104898542	-0.000099458	-0.054065588
1.732000000	0.039022819	0.647890649	0.381832180	0.045517571	-1.030180218	-3.165030823	0.089922538	0.006142321	-0.008171255	0.104905782	-0.000080594	-0.054070418
1.733000000	0.039112744	0.647896723	0.381824066	0.045622481	-1.030180289	-3.165084896	0.089928078	0.006004564	-0.008057385	0.104912886	-0.000061733	-0.054075184
1.734000000	0.039202675	0.647902658	0.381816065	0.045727397	-1.030180341	-3.165138973	0.089933497	0.005866801	-0.007943503	0.104919853	-0.000042876	-0.054079886
1.735000000	0.039292611	0.647908456	0.381808179	0.045832320	-1.030180375	-3.165193056	0.089938796	0.005729030	-0.007829609	0.104926683	-0.000024021	-0.054084522
1.736000000	0.039382553	0.647914117	0.381800406	0.045937250	-1.030180389	-3.165247143	0.089943974	0.005591252	-0.007715704	0.104933376	-0.000005169	-0.054089094
1.737000000	0.039472499	0.647919639	0.381792747	0.046042187	-1.030180385	-3.165301234	0.089949032	0.005453467	-0.007601788	0.104939932	0.000013680	-0.054093602
1.738000000	0.039562451	0.647925023	0.381785202	0.046147130	-1.030180362	-3.165355330	0.089953969	0.005315676	-0.007487861	0.104946351	0.000032527	-0.054098045
1.739000000	0.039652407	0.647930270	0.381777772	0.046252080	-1.030180320	-3.165409430	0.089958785	0.005177879	-0.007373923	0.104952634	0.000051370	-0.054102423
1.740000000	0.039742368	0.647935379	0.381770455	0.046357036	-1.030180259	-3.165463535	0.089963481	0.005040076	-0.007259975	0.104958779	0.000070211	-0.054106736
1.741000000	0.039832334	0.647940350	0.381763252	0.046461997	-1.030180179	-3.165517643	0.089968056	0.004902266	-0.007146016	0.104964788	0.000089049	-0.054110985
1.742000000	0.039922304	0.647945184	0.381756163	0.046566965	-1.030180081	-3.165571757	0.089972511	0.004764451	-0.007032047	0.104970660	0.000107884	-0.054115170
1.743000000	0.040012279	0.647949879	0.381749188	0.046671939	-1.030179964	-3.165625874	0.089976844	0.004626631	-0.006918067	0.104976394	0.000126716	-0.054119289
1.744000000	0.040102258	0.647954437	0.381742326	0.046776918	-1.030179828	-3.165679995	0.089981058	0.004488804	-0.006804077	0.104981992	0.000145546	-0.054123344
1.745000000	0.040192241	0.647958857	0.381735579	0.046881903	-1.030179673	-3.165734120	0.089985150	0.004350972	-0.006690078	0.104987453	0.000164373	-0.054127334
1.746000000	0.040282228	0.647963139	0.381728946	0.046986893	-1.030179499	-3.165788250	0.089989122	0.004213136	-0.006576069	0.104992777	0.000183197	-0.054131260
1.747000000	0.040372219	0.647967283	0.381722427	0.047091888	-1.030179306	-3.165842383	0.089992974	0.004075294	-0.006462050	0.104997964	0.000202019	-0.054135121
1.748000000	0.040462214	0.647971290	0.381716022	0.047196889	-1.030179095	-3.165896520	0.089996704	0.003937448	-0.006348022	0.105003015	0.000220838	-0.054138917
1.749000000	0.040552213	0.647975158	0.381709731	0.047301894	-1.030178864	-3.165950661	0.090000314	0.003799597	-0.006233985	0.105007928	0.000239654	-0.054142649
1.750000000	0.040642215	0.647978889	0.381703554	0.047406905	-1.030178615	-3.166004805	0.090003804	0.003661741	-0.006119939	0.105012704	0.000258468	-0.054146316
1.751000000	0.040732221	0.647982482	0.381697491	0.047511920	-1.030178348	-3.166058953	0.090007173	0.003523881	-0.006005884	0.105017344	0.000277279	-0.054149918
1.752000000	0.040822229	0.647985937	0.381691542	0.047616939	-1.030178061	-3.166113105	0.090010421	0.003386018	-0.005891820	0.105021846	0.000296087	-0.054153456
1.753000000	0.040912241	0.647989254	0.381685708	0.047721963	-1.030177755	-3.166167260	0.090013549	0.003248150	-0.005777748	0.105026212	0.000314893	-0.054156929
1.754000000	0.041002256	0.647992433	0.381679987	0.047826992	-1.030177431	-3.166221419	0.090016556	0.003110278	-0.005663667	0.105030441	0.000333697	-0.054160337
1.755000000	0.041092274	0.647995474	0.381674380	0.047932024	-1.030177088	-3.166275581	0.090019442	0.002972403	-0.005549578	0.105034532	0.000352497	-0.054163681
1.756000000	0.041182295	0.647998378	0.381668888	0.048037061	-1.030176726	-3.166329746	0.090022208	0.002834525	-0.005435482	0.105038487	0.000371296	-0.054166960
1.757000000	0.041272319	0.648001143	0.381663509	0.048142101	-1.030176345	-3.166383915	0.090024853	0.002696644	-0.005321377	0.105042305	0.000390091	-0.054170174
1.758000000	0.041362345	0.648003771	0.381658245	0.048247145	-1.030175946	-3.166438087	0.090027377	0.002558759	-0.005207264	0.105045986	0.000408884	-0.054173323
1.759000000	0.041452374	0.648006261	0.381653095	0.048352193	-1.030175528	-3.166492262	0.090029781	0.002420871	-0.005093144	0.105049530	0.000427675	-0.054176408
1.760000000	0.041542405	0.648008613	0.381648059	0.048457244	-1.030175091	-3.166546440	0.090032064	0.002282981	-0.004979017	0.105052937	0.000446463	-0.054179429
1.761000000	0.041632438	0.648010827	0.381643137	0.048562299	-1.030174635	-3.166600620	0.090034226	0.002145088	-0.004864882	0.105056207	0.000465249	-0.054182384
1.762000000	0.041722473	0.648012903	0.381638329	0.048667357	-1.030174160	-3.166654804	0.090036268	0.002007193	-0.004750740	0.105059341	0.000484033	-0.054185275
1.763000000	0.041812510	0.648014841	0.381633635	0.048772418	-1.030173667	-3.166708991	0.090038190	0.001869296	-0.004636592	0.105062337	0.000502814	-0.054188101
1.764000000	0.041902549	0.648016641	0.381629056	0.048877482	-1.030173154	-3.166763181	0.090039990	0.001731397	-0.004522437	0.105065196	0.000521592	-0.054190862
1.765000000	0.041992590	0.648018304	0.381624590	0.048982548	-1.030172623	-3.166817373	0.090041670	0.001593495	-0.004408275	0.105067919	0.000540368	-0.054193559
1.766000000	0.042082633	0.648019828	0.381620239	0.049087617	-1.030172074	-3.166871568	0.090043229	0.001455593	-0.004294107	0.105070504	0.000559142	-0.054196191
1.767000000	0.042172677	0.648021215	0.381616002	0.049192689	-1.030171505	-3.166925765	0.090044668	0.001317689	-0.004179933	0.105072953	0.000577914	-0.054198758
1.768000000	0.042262722	0.648022464	0.381611879	0.049297763	-1.030170918	-3.166979965	0.090045986	0.001179783	-0.004065752	0.105075265	0.000596683	-0.054201261
1.769000000	0.042352769	0.648023575	0.381607871	0.049402840	-1.030170312	-3.167034168	0.090047183	0.001041876	-0.003951565	0.105077439	0.000615450	-0.054203698
1.770000000	0.042442816	0.648024548	0.381603976	0.049507918	-1.030169687	-3.167088373	0.090048260	0.000903969	-0.003837374	0.105079477	0.000634214	-0.054206071
1.771000000	0.042532865	0.648025383	0.381600196	0.049612999	-1.030169043	-3.167142580	0.090049216	0.000766060	-0.003723176	0.105081378	0.000652976	-0.054208380
1.772000000	0.042622915	0.648026080	0.381596530	0.049718081	-1.030168381	-3.167196789	0.090050052	0.000628151	-0.003608973	0.105083142	0.000671737	-0.054210624
1.773000000	0.042712965	0.648026639	0.381592978	0.049823165	-1.030167700	-3.167251001	0.090050766	0.000490242	-0.003494765	0.105084769	0.000690494	-0.054212803
1.774000000	0.042803016	0.648027060	0.381589540	0.049928250	-1.030167000	-3.167305215	0.090051361	0.000352332	-0.003380552	0.105086259	0.000709250	-0.054214917
1.775000000	0.042893068	0.648027344	0.381586217	0.050033337	-1.030166281	-3.167359431	0.090051834	0.000214422	-0.003266333	0.105087612	0.000728003	-0.054216966
1.776000000	0.042983120	0.648027489	0.381583008	0.050138426	-1.030165544	-3.167413649	0.090052187	0.000076512	-0.003152110	0.105088828	0.000746754	-0.054218951
1.777000000	0.043073172	0.648027497	0.381579913	0.050243515	-1.030164788	-3.167467869	0.090052420	-0.000061397	-0.003037883	0.105089907	0.000765503	-0.054220871
1.778000000	0.043163225	0.648027366	0.381576932	0.050348605	-1.030164013	-3.167522091	0.090052531	-0.000199306	-0.002923651	0.105090850	0.000784250	-0.054222726
1.779000000	0.043253277	0.648027098	0.381574065	0.050453697	-1.030163219	-3.167576314	0.090052522	-0.000337215	-0.002809415	0.105091655	0.000802995	-0.054224517
1.780000000	0.043343330	0.648026692	0.381571313	0.050558789	-1.030162407	-3.167630540	0.090052393	-0.000475123	-0.002695175	0.105092324	0.000821737	-0.054226243
1.781000000	0.043433382	0.648026148	0.381568675	0.050663881	-1.030161576	-3.167684767	0.090052143	-0.000613029	-0.002580931	0.105092855	0.000840478	-0.054227904
1.782000000	0.043523434	0.648025466	0.381566151	0.050768975	-1.030160726	-3.167738995	0.090051772	-0.000750935	-0.002466683	0.105093250	0.000859216	-0.054229500
1.783000000	0.043613486	0.648024646	0.381563742	0.050874068	-1.030159857	-3.167793226	0.090051281	-0.000888840	-0.002352431	0.105093508	0.000877952	-0.054231032
1.784000000	0.043703537	0.648023688	0.381561446	0.050979162	-1.030158970	-3.167847457	0.090050668	-0.001026743	-0.002238177	0.105093628	0.000896687	-0.054232499
1.785000000	0.043793587	0.648022592	0.381559265	0.051084255	-1.030158064	-3.167901691	0.090049936	-0.001164644	-0.002123918	0.105093612	0.000915419	-0.054233901
1.786000000	0.043883637	0.648021359	0.381557199	0.051189349	-1.030157139	-3.167955925	0.090049083	-0.001302543	-0.002009658	0.105093459	0.000934149	-0.054235238
1.787000000	0.043973685	0.648019987	0.381555246	0.051294442	-1.030156196	-3.168010161	0.090048109	-0.001440441	-0.001895393	0.105093169	0.000952877	-0.054236511
1.788000000	0.044063733	0.648018478	0.381553408	0.051399535	-1.030155234	-3.168064398	0.090047014	-0.001578337	-0.001781127	0.105092742	0.000971603	-0.054237719
1.789000000	0.044153779	0.648016831	0.381551684	0.051504628	-1.030154253	-3.168118637	0.090045799	-0.001716230	-0.001666857	0.105092178	0.000990327	-0.054238862
1.790000000	0.044243825	0.648015045	0.381550074	0.051609719	-1.030153253	-3.168172876	0.090044464	-0.001854120	-0.001552585	0.105091478	0.001009050	-0.054239941
1.791000000	0.044333868	0.648013122	0.381548579	0.051714811	-1.030152235	-3.168227116	0.090043007	-0.001992008	-0.001438312	0.105090640	0.001027770	-0.054240954
1.792000000	0.044423911	0.648011061	0.381547197	0.051819901	-1.030151197	-3.168281358	0.090041431	-0.002129893	-0.001324036	0.105089666	0.001046488	-0.054241903
1.793000000	0.044513951	0.648008863	0.381545931	0.051924990	-1.030150142	-3.168335600	0.090039733	-0.002267775	-0.001209757	0.105088554	0.001065205	-0.054242787
1.794000000	0.044603990	0.648006526	0.381544778	0.052030078	-1.030149067	-3.168389844	0.090037915	-0.002405654	-0.001095478	0.105087306	0.001083919	-0.054243607
1.795000000	0.044694027	0.648004051	0.381543740	0.052135164	-1.030147974	-3.168444088	0.090035976	-0.002543529	-0.000981196	0.105085921	0.001102632	-0.054244361
1.796000000	0.044784062	0.648001439	0.381542816	0.052240250	-1.030146862	-3.168498332	0.090033917	-0.002681402	-0.000866913	0.105084399	0.001121343	-0.054245051
1.797000000	0.044874095	0.647998688	0.381542006	0.052345333	-1.030145731	-3.168552578	0.090031738	-0.002819270	-0.000752629	0.105082740	0.001140052	-0.054245676
1.798000000	0.044964125	0.647995800	0.381541310	0.052450415	-1.030144582	-3.168606824	0.090029437	-0.002957134	-0.000638345	0.105080944	0.001158759	-0.054246237
1.799000000	0.045054154	0.647992774	0.381540729	0.052555495	-1.030143413	-3.168661070	0.090027016	-0.003094994	-0.000524058	0.105079011	0.001177465	-0.054246732
1.800000000	0.045144179	0.647989610	0.381540262	0.052660573	-1.030142227	-3.168715317	0.090024475	-0.003232851	-0.000409771	0.105076941	0.001196168	-0.054247163
1.801000000	0.045234203	0.647986308	0.381539910	0.052765649	-1.030141021	-3.168769564	0.090021813	-0.003370702	-0.000295484	0.105074734	0.001214870	-0.054247529
1.802000000	0.045324223	0.647982869	0.381539671	0.052870723	-1.030139797	-3.168823812	0.090019030	-0.003508549	-0.000181196	0.105072391	0.001233570	-0.054247830
1.803000000	0.045414241	0.647979291	0.381539547	0.052975794	-1.030138554	-3.168878060	0.090016127	-0.003646392	-0.000066908	0.105069911	0.001252269	-0.054248067
1.804000000	0.045504255	0.647975576	0.381539537	0.053080862	-1.030137292	-3.168932308	0.090013103	-0.003784229	0.000047380	0.105067293	0.001270965	-0.054248238
1.805000000	0.045594267	0.647971723	0.381539642	0.053185928	-1.030136012	-3.168986557	0.090009959	-0.003922061	0.000161668	0.105064539	0.001289660	-0.054248345
1.806000000	0.045684275	0.647967732	0.381539861	0.053290992	-1.030134713	-3.169040805	0.090006694	-0.004059889	0.000275956	0.105061648	0.001308354	-0.054248387
1.807000000	0.045774280	0.647963603	0.381540194	0.053396052	-1.030133395	-3.169095053	0.090003309	-0.004197710	0.000390244	0.105058621	0.001327045	-0.054248365
1.808000000	0.045864282	0.647959337	0.381540641	0.053501109	-1.030132059	-3.169149302	0.089999803	-0.004335526	0.000504530	0.105055456	0.001345735	-0.054248277
1.809000000	0.045954280	0.647954932	0.381541203	0.053606163	-1.030130704	-3.169203550	0.089996176	-0.004473336	0.000618816	0.105052154	0.001364424	-0.054248125
1.810000000	0.046044274	0.647950390	0.381541879	0.053711213	-1.030129330	-3.169257798	0.089992429	-0.004611141	0.000733102	0.105048716	0.001383110	-0.054247908
1.811000000	0.046134265	0.647945710	0.381542669	0.053816260	-1.030127938	-3.169312046	0.089988562	-0.004748939	0.000847386	0.105045141	0.001401796	-0.054247626
1.812000000	0.046224251	0.647940892	0.381543574	0.053921303	-1.030126527	-3.169366293	0.089984574	-0.004886731	0.000961669	0.105041429	0.001420479	-0.054247280
1.813000000	0.046314234	0.647935936	0.381544592	0.054026343	-1.030125097	-3.169420540	0.089980465	-0.005024516	0.001075950	0.105037580	0.001439161	-0.054246869
1.814000000	0.046404212	0.647930843	0.381545725	0.054131379	-1.030123648	-3.169474787	0.089976236	-0.005162295	0.001190230	0.105033594	0.001457842	-0.054246392
1.815000000	0.046494186	0.647925612	0.381546973	0.054236410	-1.030122181	-3.169529033	0.089971886	-0.005300067	0.001304509	0.105029471	0.001476521	-0.054245852
1.816000000	0.046584156	0.647920243	0.381548335	0.054341437	-1.030120695	-3.169583279	0.089967416	-0.005437832	0.001418785	0.105025212	0.001495198	-0.054245246
1.817000000	0.046674121	0.647914736	0.381549810	0.054446461	-1.030119191	-3.169637524	0.089962826	-0.005575589	0.001533060	0.105020816	0.001513874	-0.054244575
1.818000000	0.046764082	0.647909092	0.381551401	0.054551479	-1.030117667	-3.169691768	0.089958114	-0.005713340	0.001647332	0.105016283	0.001532549	-0.054243840
1.819000000	0.046854037	0.647903309	0.381553105	0.054656493	-1.030116126	-3.169746011	0.089953283	-0.005851083	0.001761602	0.105011613	0.001551222	-0.054243040
1.820000000	0.046943988	0.647897389	0.381554924	0.054761502	-1.030114565	-3.169800254	0.089948331	-0.005988818	0.001875869	0.105006806	0.001569893	-0.054242175
1.821000000	0.047033934	0.647891332	0.381556857	0.054866507	-1.030112986	-3.169854496	0.089943258	-0.006126545	0.001990133	0.105001863	0.001588563	-0.054241245
1.822000000	0.047123875	0.647885136	0.381558904	0.054971506	-1.030111388	-3.169908736	0.089938065	-0.006264264	0.002104395	0.104996782	0.001607232	-0.054240251
1.823000000	0.047213810	0.647878803	0.381561066	0.055076500	-1.030109771	-3.169962976	0.089932752	-0.006401976	0.002218654	0.104991565	0.001625900	-0.054239192
1.824000000	0.047303740	0.647872332	0.381563341	0.055181489	-1.030108136	-3.170017215	0.089927318	-0.006539678	0.002332909	0.104986211	0.001644566	-0.054238068
1.825000000	0.047393665	0.647865724	0.381565731	0.055286473	-1.030106482	-3.170071452	0.089921764	-0.006677372	0.002447161	0.104980721	0.001663230	-0.054236879
1.826000000	0.047483584	0.647858978	0.381568236	0.055391451	-1.030104810	-3.170125688	0.089916089	-0.006815058	0.002561409	0.104975093	0.001681894	-0.054235625
1.827000000	0.047573497	0.647852094	0.381570854	0.055496423	-1.030103118	-3.170179923	0.089910293	-0.006952734	0.002675654	0.104969329	0.001700556	-0.054234307
1.828000000	0.047663404	0.647845072	0.381573587	0.055601389	-1.030101408	-3.170234157	0.089904378	-0.007090402	0.002789895	0.104963428	0.001719216	-0.054232923
1.829000000	0.047753306	0.647837913	0.381576434	0.055706350	-1.030099680	-3.170288389	0.089898342	-0.007228060	0.002904132	0.104957390	0.001737876	-0.054231475
1.830000000	0.047843201	0.647830616	0.381579395	0.055811304	-1.030097933	-3.170342620	0.089892185	-0.007365709	0.003018364	0.104951216	0.001756534	-0.054229962
1.831000000	0.047933090	0.647823182	0.381582471	0.055916252	-1.030096167	-3.170396849	0.089885908	-0.007503348	0.003132593	0.104944904	0.001775191	-0.054228385
1.832000000	0.048022973	0.647815609	0.381585660	0.056021194	-1.030094382	-3.170451077	0.089879511	-0.007640977	0.003246816	0.104938457	0.001793846	-0.054226742
1.833000000	0.048112849	0.647807900	0.381588964	0.056126129	-1.030092579	-3.170505303	0.089872993	-0.007778597	0.003361036	0.104931871	0.001812501	-0.054225035
1.834000000	0.048202719	0.647800052	0.381592383	0.056231058	-1.030090757	-3.170559527	0.089866354	-0.007916206	0.003475249	0.104925150	0.001831154	-0.054223263
1.835000000	0.048292582	0.647792067	0.381595915	0.056335979	-1.030088917	-3.170613749	0.089859596	-0.008053805	0.003589458	0.104918292	0.001849806	-0.054221426
1.836000000	0.048382438	0.647783945	0.381599561	0.056440894	-1.030087058	-3.170667970	0.089852717	-0.008191394	0.003703663	0.104911297	0.001868457	-0.054219524
1.837000000	0.048472287	0.647775684	0.381603322	0.056545802	-1.030085180	-3.170722188	0.089845717	-0.008328972	0.003817861	0.104904165	0.001887107	-0.054217558
1.838000000	0.048562130	0.647767287	0.381607197	0.056650703	-1.030083284	-3.170776405	0.089838598	-0.008466539	0.003932054	0.104896897	0.001905755	-0.054215526
1.839000000	0.048651965	0.647758751	0.381611186	0.056755596	-1.030081368	-3.170830619	0.089831358	-0.008604095	0.004046241	0.104889492	0.001924403	-0.054213430
1.840000000	0.048741792	0.647750078	0.381615290	0.056860482	-1.030079435	-3.170884832	0.089823997	-0.008741640	0.004160423	0.104881950	0.001943049	-0.054211269
1.841000000	0.048831613	0.647741268	0.381619507	0.056965360	-1.030077482	-3.170939042	0.089816516	-0.008879174	0.004274598	0.104874272	0.001961695	-0.054209043
1.842000000	0.048921425	0.647732320	0.381623839	0.057070230	-1.030075511	-3.170993250	0.089808915	-0.009016697	0.004388768	0.104866456	0.001980339	-0.054206753
1.843000000	0.049011230	0.647723235	0.381628285	0.057175093	-1.030073522	-3.171047455	0.089801193	-0.009154207	0.004502931	0.104858504	0.001998982	-0.054204397
1.844000000	0.049101028	0.647714012	0.381632845	0.057279947	-1.030071513	-3.171101659	0.089793351	-0.009291706	0.004617087	0.104850416	0.002017624	-0.054201977
1.845000000	0.049190817	0.647704651	0.381637519	0.057384793	-1.030069486	-3.171155859	0.089785389	-0.009429193	0.004731236	0.104842191	0.002036265	-0.054199492
1.846000000	0.049280598	0.647695153	0.381642307	0.057489631	-1.030067441	-3.171210058	0.089777307	-0.009566667	0.004845379	0.104833829	0.002054906	-0.054196942
1.847000000	0.049370372	0.647685518	0.381647210	0.057594461	-1.030065377	-3.171264253	0.089769104	-0.009704129	0.004959515	0.104825330	0.002073545	-0.054194327
1.848000000	0.049460137	0.647675745	0.381652226	0.057699282	-1.030063294	-3.171318446	0.089760781	-0.009841579	0.005073644	0.104816695	0.002092183	-0.054191648
1.849000000	0.049549893	0.647665835	0.381657357	0.057804094	-1.030061192	-3.171372637	0.089752337	-0.009979016	0.005187765	0.104807924	0.002110820	-0.054188904
1.850000000	0.049639641	0.647655787	0.381662602	0.057908898	-1.030059072	-3.171426824	0.089743774	-0.010116440	0.005301879	0.104799015	0.002129457	-0.054186094
1.851000000	0.049729381	0.647645602	0.381667961	0.058013692	-1.030056933	-3.171481009	0.089735090	-0.010253851	0.005415985	0.104789970	0.002148092	-0.054183220
1.852000000	0.049819111	0.647635279	0.381673434	0.058118478	-1.030054776	-3.171535190	0.089726285	-0.010391249	0.005530083	0.104780788	0.002166727	-0.054180282
1.853000000	0.049908833	0.647624819	0.381679021	0.058223254	-1.030052600	-3.171589369	0.089717361	-0.010528634	0.005644174	0.104771470	0.002185361	-0.054177278
1.854000000	0.049998546	0.647614222	0.381684722	0.058328021	-1.030050405	-3.171643545	0.089708316	-0.010666004	0.005758256	0.104762015	0.002203993	-0.054174210
1.855000000	0.050088250	0.647603487	0.381690537	0.058432778	-1.030048192	-3.171697718	0.089699151	-0.010803362	0.005872329	0.104752424	0.002222625	-0.054171076
1.856000000	0.050177945	0.647592615	0.381696467	0.058537526	-1.030045960	-3.171751887	0.089689866	-0.010940705	0.005986395	0.104742696	0.002241257	-0.054167878
1.857000000	0.050267630	0.647581606	0.381702510	0.058642263	-1.030043709	-3.171806053	0.089680460	-0.011078034	0.006100451	0.104732831	0.002259887	-0.054164615
1.858000000	0.050357305	0.647570459	0.381708668	0.058746991	-1.030041440	-3.171860216	0.089670934	-0.011215349	0.006214499	0.104722830	0.002278517	-0.054161288
1.859000000	0.050446972	0.647559175	0.381714939	0.058851709	-1.030039152	-3.171914376	0.089661288	-0.011352649	0.006328538	0.104712692	0.002297145	-0.054157895
1.860000000	0.050536628	0.647547754	0.381721325	0.058956417	-1.030036846	-3.171968532	0.089651522	-0.011489935	0.006442567	0.104702418	0.002315773	-0.054154438
1.861000000	0.050626275	0.647536195	0.381727824	0.059061114	-1.030034521	-3.172022685	0.089641636	-0.011627206	0.006556587	0.104692008	0.002334401	-0.054150916
1.862000000	0.050715911	0.647524500	0.381734438	0.059165801	-1.030032177	-3.172076834	0.089631629	-0.011764462	0.006670598	0.104681460	0.002353027	-0.054147329
1.863000000	0.050805538	0.647512666	0.381741165	0.059270477	-1.030029815	-3.172130980	0.089621503	-0.011901704	0.006784599	0.104670776	0.002371653	-0.054143677
1.864000000	0.050895154	0.647500696	0.381748007	0.059375142	-1.030027434	-3.172185121	0.089611256	-0.012038929	0.006898591	0.104659956	0.002390278	-0.054139960
1.865000000	0.050984760	0.647488589	0.381754963	0.059479797	-1.030025034	-3.172239259	0.089600889	-0.012176139	0.007012572	0.104648999	0.002408903	-0.054136179
1.866000000	0.051074356	0.647476344	0.381762032	0.059584440	-1.030022616	-3.172293394	0.089590401	-0.012313334	0.007126543	0.104637905	0.002427527	-0.054132333
1.867000000	0.051163941	0.647463962	0.381769216	0.059689073	-1.030020179	-3.172347524	0.089579794	-0.012450513	0.007240504	0.104626675	0.002446150	-0.054128421
1.868000000	0.051253516	0.647451443	0.381776513	0.059793694	-1.030017724	-3.172401651	0.089569067	-0.012587676	0.007354454	0.104615309	0.002464773	-0.054124445
1.869000000	0.051343079	0.647438787	0.381783925	0.059898303	-1.030015250	-3.172455773	0.089558219	-0.012724822	0.007468394	0.104603806	0.002483395	-0.054120405
1.870000000	0.051432632	0.647425993	0.381791450	0.060002901	-1.030012757	-3.172509891	0.089547251	-0.012861953	0.007582322	0.104592167	0.002502016	-0.054116299
1.871000000	0.051522174	0.647413063	0.381799089	0.060107488	-1.030010246	-3.172564006	0.089536164	-0.012999067	0.007696240	0.104580391	0.002520637	-0.054112129
1.872000000	0.051611704	0.647399995	0.381806843	0.060212062	-1.030007716	-3.172618116	0.089524956	-0.013136164	0.007810147	0.104568479	0.002539257	-0.054107894
1.873000000	0.051701224	0.647386790	0.381814710	0.060316625	-1.030005167	-3.172672221	0.089513628	-0.013273244	0.007924042	0.104556430	0.002557877	-0.054103594
1.874000000	0.051790732	0.647373449	0.381822691	0.060421175	-1.030002600	-3.172726323	0.089502180	-0.013410308	0.008037927	0.104544245	0.002576496	-0.054099229
1.875000000	0.051880228	0.647359970	0.381830785	0.060525713	-1.030000014	-3.172780420	0.089490611	-0.013547353	0.008151799	0.104531924	0.002595115	-0.054094799
1.876000000	0.051969713	0.647346354	0.381838994	0.060630239	-1.029997410	-3.172834512	0.089478923	-0.013684382	0.008265659	0.104519466	0.002613733	-0.054090304
1.877000000	0.052059186	0.647332601	0.381847317	0.060734752	-1.029994787	-3.172888600	0.089467115	-0.013821394	0.008379508	0.104506872	0.002632351	-0.054085745
1.878000000	0.052148647	0.647318711	0.381855753	0.060839252	-1.029992145	-3.172942684	0.089455187	-0.013958387	0.008493344	0.104494141	0.002650968	-0.054081121
1.879000000	0.052238096	0.647304684	0.381864303	0.060943740	-1.029989485	-3.172996763	0.089443138	-0.014095363	0.008607168	0.104481274	0.002669585	-0.054076432
1.880000000	0.052327533	0.647290520	0.381872968	0.061048215	-1.029986806	-3.173050837	0.089430970	-0.014232320	0.008720980	0.104468270	0.002688201	-0.054071678
1.881000000	0.052416958	0.647276220	0.381881745	0.061152677	-1.029984108	-3.173104906	0.089418682	-0.014369260	0.008834779	0.104455131	0.002706817	-0.054066860
1.882000000	0.052506371	0.647261782	0.381890637	0.061257125	-1.029981392	-3.173158971	0.089406274	-0.014506180	0.008948565	0.104441855	0.002725433	-0.054061976
1.883000000	0.052595771	0.647247207	0.381899643	0.061361560	-1.029978657	-3.173213030	0.089393746	-0.014643083	0.009062338	0.104428442	0.002744048	-0.054057028
1.884000000	0.052685158	0.647232496	0.381908762	0.061465982	-1.029975904	-3.173267085	0.089381097	-0.014779966	0.009176098	0.104414893	0.002762663	-0.054052015
1.885000000	0.052774533	0.647217647	0.381917995	0.061570390	-1.029973132	-3.173321134	0.089368329	-0.014916831	0.009289845	0.104401208	0.002781278	-0.054046937
1.886000000	0.052863895	0.647202662	0.381927341	0.061674785	-1.029970341	-3.173375178	0.089355441	-0.015053677	0.009403578	0.104387387	0.002799892	-0.054041794
1.887000000	0.052953244	0.647187540	0.381936802	0.061779165	-1.029967532	-3.173429218	0.089342433	-0.015190503	0.009517298	0.104373429	0.002818506	-0.054036586
1.888000000	0.053042580	0.647172281	0.381946376	0.061883531	-1.029964704	-3.173483252	0.089329305	-0.015327310	0.009631004	0.104359335	0.002837120	-0.054031314
1.889000000	0.053131902	0.647156885	0.381956064	0.061987884	-1.029961858	-3.173537280	0.089316057	-0.015464097	0.009744696	0.104345105	0.002855733	-0.054025977
1.890000000	0.053221212	0.647141353	0.381965865	0.062092222	-1.029958993	-3.173591304	0.089302689	-0.015600865	0.009858374	0.104330738	0.002874346	-0.054020575
1.891000000	0.053310508	0.647125684	0.381975781	0.062196545	-1.029956109	-3.173645321	0.089289201	-0.015737613	0.009972038	0.104316235	0.002892959	-0.054015108
1.892000000	0.053399790	0.647109878	0.381985810	0.062300854	-1.029953207	-3.173699334	0.089275594	-0.015874340	0.010085687	0.104301596	0.002911572	-0.054009576
1.893000000	0.053489059	0.647093935	0.381995952	0.062405148	-1.029950286	-3.173753341	0.089261866	-0.016011047	0.010199321	0.104286821	0.002930184	-0.054003980
1.894000000	0.053578314	0.647077855	0.382006208	0.062509428	-1.029947347	-3.173807342	0.089248019	-0.016147734	0.010312941	0.104271910	0.002948797	-0.053998319
1.895000000	0.053667555	0.647061639	0.382016578	0.062613692	-1.029944389	-3.173861337	0.089234052	-0.016284400	0.010426546	0.104256862	0.002967409	-0.053992592
1.896000000	0.053756782	0.647045287	0.382027061	0.062717942	-1.029941412	-3.173915327	0.089219965	-0.016421045	0.010540135	0.104241678	0.002986021	-0.053986801
1.897000000	0.053845995	0.647028797	0.382037658	0.062822176	-1.029938417	-3.173969311	0.089205758	-0.016557670	0.010653710	0.104226358	0.003004633	-0.053980946
1.898000000	0.053935194	0.647012171	0.382048369	0.062926394	-1.029935403	-3.174023289	0.089191432	-0.016694273	0.010767269	0.104210902	0.003023244	-0.053975025
1.899000000	0.054024378	0.646995409	0.382059193	0.063030597	-1.029932370	-3.174077261	0.089176985	-0.016830854	0.010880813	0.104195310	0.003041856	-0.053969040
1.900000000	0.054113548	0.646978510	0.382070130	0.063134785	-1.029929319	-3.174131227	0.089162419	-0.016967415	0.010994340	0.104179581	0.003060467	-0.053962989
1.901000000	0.054202703	0.646961474	0.382081181	0.063238957	-1.029926249	-3.174185187	0.089147733	-0.017103953	0.011107852	0.104163716	0.003079079	-0.053956874
1.902000000	0.054291843	0.646944302	0.382092346	0.063343112	-1.029923161	-3.174239141	0.089132927	-0.017240470	0.011221348	0.104147715	0.003097690	-0.053950695
1.903000000	0.054380969	0.646926993	0.382103624	0.063447252	-1.029920054	-3.174293088	0.089118002	-0.017376965	0.011334827	0.104131579	0.003116302	-0.053944450
1.904000000	0.054470079	0.646909548	0.382115016	0.063551375	-1.029916928	-3.174347030	0.089102956	-0.017513437	0.011448290	0.104115306	0.003134913	-0.053938141
1.905000000	0.054559174	0.646891966	0.382126521	0.063655483	-1.029913784	-3.174400965	0.089087791	-0.017649887	0.011561737	0.104098896	0.003153524	-0.053931766
1.906000000	0.054648255	0.646874248	0.382138139	0.063759573	-1.029910621	-3.174454893	0.089072507	-0.017786315	0.011675166	0.104082351	0.003172136	-0.053925327
1.907000000	0.054737319	0.646856393	0.382149871	0.063863647	-1.029907440	-3.174508815	0.089057103	-0.017922720	0.011788579	0.104065670	0.003190747	-0.053918823
1.908000000	0.054826369	0.646838403	0.382161716	0.063967705	-1.029904240	-3.174562731	0.089041579	-0.018059102	0.011901975	0.104048853	0.003209358	-0.053912255
1.909000000	0.054915403	0.646820275	0.382173675	0.064071745	-1.029901021	-3.174616640	0.089025935	-0.018195461	0.012015353	0.104031900	0.003227970	-0.053905621
1.910000000	0.055004421	0.646802012	0.382185747	0.064175768	-1.029897784	-3.174670542	0.089010171	-0.018331797	0.012128715	0.104014810	0.003246581	-0.053898923
1.911000000	0.055093423	0.646783612	0.382197932	0.064279775	-1.029894528	-3.174724438	0.088994288	-0.018468109	0.012242058	0.103997585	0.003265193	-0.053892160
1.912000000	0.055182409	0.646765075	0.382210231	0.064383764	-1.029891253	-3.174778326	0.088978286	-0.018604398	0.012355383	0.103980223	0.003283804	-0.053885332
1.913000000	0.055271380	0.646746403	0.382222643	0.064487735	-1.029887960	-3.174832208	0.088962164	-0.018740663	0.012468691	0.103962726	0.003302416	-0.053878439
1.914000000	0.055360334	0.646727594	0.382235169	0.064591689	-1.029884648	-3.174886083	0.088945922	-0.018876905	0.012581981	0.103945093	0.003321028	-0.053871481
1.915000000	0.055449271	0.646708649	0.382247807	0.064695625	-1.029881318	-3.174939951	0.088929560	-0.019013122	0.012695253	0.103927324	0.003339640	-0.053864459
1.916000000	0.055538193	0.646689568	0.382260559	0.064799544	-1.029877969	-3.174993812	0.088913079	-0.019149314	0.012808506	0.103909418	0.003358253	-0.053857372
1.917000000	0.055627098	0.646670350	0.382273424	0.064903444	-1.029874602	-3.175047666	0.088896479	-0.019285483	0.012921741	0.103891377	0.003376865	-0.053850220
1.918000000	0.055715986	0.646650997	0.382286402	0.065007326	-1.029871215	-3.175101513	0.088879759	-0.019421626	0.013034956	0.103873200	0.003395478	-0.053843003
1.919000000	0.055804857	0.646631507	0.382299494	0.065111190	-1.029867811	-3.175155352	0.088862919	-0.019557746	0.013148154	0.103854887	0.003414091	-0.053835722
1.920000000	0.055893712	0.646611881	0.382312699	0.065215036	-1.029864387	-3.175209184	0.088845960	-0.019693840	0.013261332	0.103836438	0.003432704	-0.053828375
1.921000000	0.055982549	0.646592120	0.382326017	0.065318863	-1.029860945	-3.175263009	0.088828881	-0.019829909	0.013374490	0.103817853	0.003451317	-0.053820964
1.922000000	0.056071369	0.646572222	0.382339448	0.065422672	-1.029857485	-3.175316826	0.088811683	-0.019965952	0.013487630	0.103799133	0.003469931	-0.053813488
1.923000000	0.056160172	0.646552188	0.382352992	0.065526462	-1.029854005	-3.175370636	0.088794365	-0.020101971	0.013600749	0.103780276	0.003488544	-0.053805947
1.924000000	0.056248958	0.646532018	0.382366649	0.065630232	-1.029850508	-3.175424438	0.088776928	-0.020237963	0.013713850	0.103761284	0.003507159	-0.053798342
1.925000000	0.056337726	0.646511712	0.382380420	0.065733984	-1.029846991	-3.175478232	0.088759372	-0.020373930	0.013826930	0.103742156	0.003525773	-0.053790671
1.926000000	0.056426477	0.646491270	0.382394303	0.065837717	-1.029843456	-3.175532019	0.088741695	-0.020509871	0.013939990	0.103722892	0.003544388	-0.053782936
1.927000000	0.056515210	0.646470692	0.382408300	0.065941430	-1.029839902	-3.175585798	0.088723900	-0.020645786	0.014053030	0.103703492	0.003563003	-0.053775136
1.928000000	0.056603925	0.646449978	0.382422409	0.066045124	-1.029836330	-3.175639569	0.088705985	-0.020781674	0.014166050	0.103683957	0.003581619	-0.053767272
1.929000000	0.056692622	0.646429129	0.382436632	0.066148798	-1.029832739	-3.175693333	0.088687951	-0.020917536	0.014279049	0.103664285	0.003600235	-0.053759342
1.930000000	0.056781300	0.646408143	0.382450967	0.066252452	-1.029829130	-3.175747088	0.088669797	-0.021053371	0.014392027	0.103644478	0.003618851	-0.053751348
1.931000000	0.056869961	0.646387022	0.382465416	0.066356087	-1.029825501	-3.175800835	0.088651525	-0.021189180	0.014504985	0.103624535	0.003637468	-0.053743289
1.932000000	0.056958604	0.646365765	0.382479977	0.066459701	-1.029821855	-3.175854575	0.088633132	-0.021324961	0.014617922	0.103604457	0.003656085	-0.053735165
1.933000000	0.057047227	0.646344372	0.382494652	0.066563296	-1.029818189	-3.175908306	0.088614620	-0.021460715	0.014730837	0.103584243	0.003674702	-0.053726976
1.934000000	0.057135833	0.646322843	0.382509439	0.066666870	-1.029814505	-3.175962029	0.088595990	-0.021596442	0.014843731	0.103563893	0.003693320	-0.053718723
1.935000000	0.057224419	0.646301179	0.382524339	0.066770424	-1.029810803	-3.176015743	0.088577239	-0.021732141	0.014956604	0.103543407	0.003711939	-0.053710405
1.936000000	0.057312987	0.646279379	0.382539352	0.066873957	-1.029807081	-3.176069449	0.088558370	-0.021867813	0.015069455	0.103522786	0.003730558	-0.053702022
1.937000000	0.057401536	0.646257443	0.382554478	0.066977469	-1.029803341	-3.176123147	0.088539381	-0.022003457	0.015182284	0.103502029	0.003749177	-0.053693574
1.938000000	0.057490066	0.646235372	0.382569717	0.067080961	-1.029799583	-3.176176837	0.088520273	-0.022139073	0.015295091	0.103481137	0.003767797	-0.053685061
1.939000000	0.057578577	0.646213165	0.382585068	0.067184431	-1.029795806	-3.176230517	0.088501046	-0.022274660	0.015407876	0.103460109	0.003786418	-0.053676484
1.940000000	0.057667068	0.646190823	0.382600532	0.067287881	-1.029792010	-3.176284190	0.088481699	-0.022410219	0.015520639	0.103438945	0.003805039	-0.053667842
1.941000000	0.057755540	0.646168345	0.382616109	0.067391309	-1.029788196	-3.176337853	0.088462233	-0.022545749	0.015633379	0.103417645	0.003823660	-0.053659135
1.942000000	0.057843993	0.646145731	0.382631799	0.067494716	-1.029784363	-3.176391508	0.088442649	-0.022681251	0.015746096	0.103396211	0.003842282	-0.053650363
1.943000000	0.057932425	0.646122982	0.382647602	0.067598102	-1.029780511	-3.176445154	0.088422944	-0.022816725	0.015858791	0.103374640	0.003860905	-0.053641527
1.944000000	0.058020838	0.646100098	0.382663517	0.067701466	-1.029776641	-3.176498791	0.088403121	-0.022952169	0.015971463	0.103352934	0.003879529	-0.053632626
1.945000000	0.058109232	0.646077078	0.382679545	0.067804808	-1.029772752	-3.176552419	0.088383179	-0.023087583	0.016084111	0.103331093	0.003898153	-0.053623660
1.946000000	0.058197605	0.646053923	0.382695685	0.067908128	-1.029768845	-3.176606038	0.088363117	-0.023222968	0.016196736	0.103309116	0.003916777	-0.053614629
1.947000000	0.058285958	0.646030632	0.382711938	0.068011426	-1.029764919	-3.176659648	0.088342937	-0.023358324	0.016309338	0.103287003	0.003935403	-0.053605533
1.948000000	0.058374291	0.646007206	0.382728304	0.068114702	-1.029760974	-3.176713249	0.088322637	-0.023493650	0.016421916	0.103264755	0.003954029	-0.053596373
1.949000000	0.058462603	0.645983645	0.382744782	0.068217955	-1.029757011	-3.176766841	0.088302218	-0.023628946	0.016534471	0.103242372	0.003972655	-0.053587148
1.950000000	0.058550895	0.645959948	0.382761373	0.068321186	-1.029753029	-3.176820424	0.088281680	-0.023764212	0.016647001	0.103219853	0.003991283	-0.053577859
1.951000000	0.058639167	0.645936116	0.382778076	0.068424395	-1.029749028	-3.176873997	0.088261024	-0.023899447	0.016759507	0.103197199	0.004009911	-0.053568504
1.952000000	0.058727417	0.645912149	0.382794892	0.068527581	-1.029745009	-3.176927561	0.088240247	-0.024034653	0.016871989	0.103174409	0.004028539	-0.053559084
1.953000000	0.058815647	0.645888047	0.382811820	0.068630744	-1.029740971	-3.176981115	0.088219353	-0.024169827	0.016984447	0.103151484	0.004047169	-0.053549601
1.954000000	0.058903856	0.645863810	0.382828861	0.068733884	-1.029736914	-3.177034660	0.088198339	-0.024304971	0.017096880	0.103128423	0.004065799	-0.053540052
1.955000000	0.058992044	0.645839437	0.382846014	0.068837001	-1.029732839	-3.177088195	0.088177206	-0.024440084	0.017209288	0.103105228	0.004084430	-0.053530438
1.956000000	0.059080210	0.645814929	0.382863279	0.068940094	-1.029728746	-3.177141721	0.088155954	-0.024575166	0.017321671	0.103081896	0.004103062	-0.053520760
1.957000000	0.059168356	0.645790287	0.382880657	0.069043164	-1.029724633	-3.177195237	0.088134583	-0.024710216	0.017434029	0.103058430	0.004121695	-0.053511017
1.958000000	0.059256479	0.645765509	0.382898147	0.069146211	-1.029720502	-3.177248743	0.088113093	-0.024845235	0.017546362	0.103034828	0.004140328	-0.053501209
1.959000000	0.059344582	0.645740596	0.382915750	0.069249234	-1.029716353	-3.177302239	0.088091485	-0.024980222	0.017658669	0.103011091	0.004158963	-0.053491337
1.960000000	0.059432662	0.645715549	0.382933465	0.069352233	-1.029712184	-3.177355725	0.088069757	-0.025115178	0.017770951	0.102987219	0.004177598	-0.053481399
1.961000000	0.059520721	0.645690366	0.382951292	0.069455209	-1.029707997	-3.177409202	0.088047911	-0.025250101	0.017883207	0.102963211	0.004196234	-0.053471397
1.962000000	0.059608758	0.645665048	0.382969231	0.069558160	-1.029703792	-3.177462668	0.088025946	-0.025384993	0.017995437	0.102939068	0.004214871	-0.053461330
1.963000000	0.059696773	0.645639596	0.382987282	0.069661087	-1.029699568	-3.177516124	0.088003862	-0.025519852	0.018107641	0.102914790	0.004233508	-0.053451199
1.964000000	0.059784766	0.645614009	0.383005446	0.069763989	-1.029695325	-3.177569571	0.087981659	-0.025654678	0.018219819	0.102890377	0.004252147	-0.053441003
1.965000000	0.059872737	0.645588287	0.383023722	0.069866867	-1.029691063	-3.177623006	0.087959337	-0.025789472	0.018331970	0.102865828	0.004270787	-0.053430742
1.966000000	0.059960685	0.645562430	0.383042110	0.069969721	-1.029686783	-3.177676432	0.087936897	-0.025924233	0.018444095	0.102841145	0.004289427	-0.053420416
1.967000000	0.060048610	0.645536438	0.383060610	0.070072550	-1.029682484	-3.177729847	0.087914337	-0.026058962	0.018556194	0.102816326	0.004308069	-0.053410026
1.968000000	0.060136513	0.645510312	0.383079223	0.070175354	-1.029678167	-3.177783252	0.087891659	-0.026193656	0.018668265	0.102791372	0.004326711	-0.053399570
1.969000000	0.060224394	0.645484051	0.383097947	0.070278132	-1.029673831	-3.177836646	0.087868863	-0.026328317	0.018780309	0.102766283	0.004345355	-0.053389051
1.970000000	0.060312251	0.645457655	0.383116783	0.070380886	-1.029669476	-3.177890030	0.087845947	-0.026462946	0.018892326	0.102741059	0.004363999	-0.053378466
1.971000000	0.060400086	0.645431125	0.383135732	0.070483615	-1.029665103	-3.177943403	0.087822913	-0.026597540	0.019004316	0.102715699	0.004382645	-0.053367817
1.972000000	0.060487897	0.645404460	0.383154792	0.070586318	-1.029660711	-3.177996766	0.087799761	-0.026732100	0.019116277	0.102690205	0.004401291	-0.053357103
1.973000000	0.060575685	0.645377661	0.383173964	0.070688995	-1.029656300	-3.178050118	0.087776489	-0.026866627	0.019228212	0.102664576	0.004419939	-0.053346324
1.974000000	0.060663450	0.645350727	0.383193248	0.070791647	-1.029651871	-3.178103458	0.087753099	-0.027001119	0.019340118	0.102638811	0.004438587	-0.053335480
1.975000000	0.060751191	0.645323658	0.383212644	0.070894273	-1.029647423	-3.178156788	0.087729590	-0.027135577	0.019451997	0.102612912	0.004457237	-0.053324572
1.976000000	0.060838909	0.645296456	0.383232152	0.070996873	-1.029642957	-3.178210108	0.087705963	-0.027270000	0.019563847	0.102586878	0.004475888	-0.053313599
1.977000000	0.060926603	0.645269118	0.383251772	0.071099446	-1.029638471	-3.178263416	0.087682217	-0.027404389	0.019675669	0.102560709	0.004494539	-0.053302562
1.978000000	0.061014273	0.645241647	0.383271504	0.071201994	-1.029633968	-3.178316713	0.087658353	-0.027538742	0.019787462	0.102534404	0.004513192	-0.053291460
1.979000000	0.061101920	0.645214041	0.383291347	0.071304515	-1.029629445	-3.178369999	0.087634370	-0.027673061	0.019899227	0.102507965	0.004531846	-0.053280293
1.980000000	0.061189542	0.645186301	0.383311302	0.071407010	-1.029624904	-3.178423273	0.087610269	-0.027807344	0.020010963	0.102481391	0.004550502	-0.053269061
1.981000000	0.061277140	0.645158426	0.383331369	0.071509478	-1.029620344	-3.178476537	0.087586049	-0.027941592	0.020122669	0.102454682	0.004569158	-0.053257764
1.982000000	0.061364714	0.645130418	0.383351547	0.071611919	-1.029615766	-3.178529789	0.087561710	-0.028075804	0.020234347	0.102427838	0.004587815	-0.053246403
1.983000000	0.061452264	0.645102275	0.383371838	0.071714334	-1.029611168	-3.178583030	0.087537254	-0.028209981	0.020345996	0.102400859	0.004606474	-0.053234978
1.984000000	0.061539789	0.645073998	0.383392239	0.071816721	-1.029606553	-3.178636259	0.087512678	-0.028344122	0.020457614	0.102373746	0.004625134	-0.053223487
1.985000000	0.061627289	0.645045586	0.383412753	0.071919081	-1.029601918	-3.178689477	0.087487984	-0.028478226	0.020569203	0.102346497	0.004643795	-0.053211932
1.986000000	0.061714765	0.645017041	0.383433378	0.072021414	-1.029597265	-3.178742683	0.087463172	-0.028612295	0.020680763	0.102319114	0.004662457	-0.053200312
1.987000000	0.061802216	0.644988362	0.383454114	0.072123719	-1.029592593	-3.178795877	0.087438242	-0.028746327	0.020792292	0.102291597	0.004681121	-0.053188628
1.988000000	0.061889641	0.644959549	0.383474962	0.072225997	-1.029587903	-3.178849060	0.087413193	-0.028880322	0.020903792	0.102263944	0.004699786	-0.053176878
1.989000000	0.061977042	0.644930601	0.383495922	0.072328247	-1.029583194	-3.178902231	0.087388026	-0.029014281	0.021015261	0.102236156	0.004718452	-0.053165064
1.990000000	0.062064417	0.644901520	0.383516993	0.072430469	-1.029578466	-3.178955390	0.087362740	-0.029148203	0.021126699	0.102208234	0.004737119	-0.053153186
1.991000000	0.062151767	0.644872305	0.383538175	0.072532664	-1.029573719	-3.179008537	0.087337337	-0.029282087	0.021238107	0.102180178	0.004755788	-0.053141243
1.992000000	0.062239092	0.644842956	0.383559469	0.072634830	-1.029568954	-3.179061673	0.087311815	-0.029415934	0.021349484	0.102151986	0.004774458	-0.053129235
1.993000000	0.062326391	0.644813473	0.383580874	0.072736968	-1.029564171	-3.179114796	0.087286174	-0.029549744	0.021460830	0.102123660	0.004793129	-0.053117162
1.994000000	0.062413664	0.644783856	0.383602391	0.072839077	-1.029559368	-3.179167907	0.087260416	-0.029683516	0.021572145	0.102095199	0.004811802	-0.053105025
1.995000000	0.062500912	0.644754106	0.383624019	0.072941158	-1.029554547	-3.179221006	0.087234539	-0.029817251	0.021683429	0.102066604	0.004830476	-0.053092823
1.996000000	0.062588133	0.644724222	0.383645758	0.073043210	-1.029549707	-3.179274092	0.087208544	-0.029950947	0.021794681	0.102037874	0.004849151	-0.053080557
1.997000000	0.062675329	0.644694204	0.383667608	0.073145234	-1.029544849	-3.179327167	0.087182431	-0.030084605	0.021905901	0.102009009	0.004867828	-0.053068225
1.998000000	0.062762498	0.644664053	0.383689569	0.073247228	-1.029539971	-3.179380229	0.087156199	-0.030218225	0.022017090	0.101980010	0.004886506	-0.053055829
1.999000000	0.062849641	0.644633768	0.383711642	0.073349194	-1.029535076	-3.179433279	0.087129850	-0.030351807	0.022128248	0.101950877	0.004905185	-0.053043369
2.000000000	0.062936758	0.644603349	0.383733826	0.073451130	-1.029530161	-3.179486316	0.087103382	-0.030485350	0.022239373	0.101921608	0.004923866	-0.053030844
2.001000000	0.063023848	0.644572797	0.383756121	0.073553037	-1.029525228	-3.179539340	0.087076797	-0.030618853	0.022350465	0.101892206	0.004942548	-0.053018254
2.002000000	0.063110912	0.644542111	0.383778527	0.073654915	-1.029520276	-3.179592352	0.087050093	-0.030752318	0.022461526	0.101862669	0.004961232	-0.053005599
2.003000000	0.063197948	0.644511292	0.383801044	0.073756762	-1.029515305	-3.179645351	0.087023272	-0.030885745	0.022572553	0.101832997	0.004979917	-0.052992880
2.004000000	0.063284958	0.644480340	0.383823672	0.073858581	-1.029510316	-3.179698338	0.086996332	-0.031019131	0.022683548	0.101803191	0.004998604	-0.052980097
2.005000000	0.063371941	0.644449254	0.383846411	0.073960369	-1.029505308	-3.179751312	0.086969274	-0.031152478	0.022794510	0.101773251	0.005017292	-0.052967248
2.006000000	0.063458897	0.644418035	0.383869261	0.074062127	-1.029500282	-3.179804272	0.086942098	-0.031285785	0.022905439	0.101743176	0.005035982	-0.052954335
2.007000000	0.063545825	0.644386682	0.383892222	0.074163855	-1.029495236	-3.179857220	0.086914804	-0.031419053	0.023016335	0.101712967	0.005054673	-0.052941358
2.008000000	0.063632726	0.644355197	0.383915294	0.074265553	-1.029490172	-3.179910155	0.086887393	-0.031552280	0.023127198	0.101682624	0.005073366	-0.052928315
2.009000000	0.063719600	0.644323578	0.383938476	0.074367220	-1.029485090	-3.179963077	0.086859863	-0.031685468	0.023238027	0.101652146	0.005092060	-0.052915208
2.010000000	0.063806446	0.644291826	0.383961770	0.074468857	-1.029479988	-3.180015986	0.086832216	-0.031818615	0.023348822	0.101621534	0.005110756	-0.052902037
2.011000000	0.063893264	0.644259941	0.383985174	0.074570463	-1.029474868	-3.180068881	0.086804450	-0.031951721	0.023459583	0.101590787	0.005129453	-0.052888801
2.012000000	0.063980055	0.644227922	0.384008689	0.074672039	-1.029469729	-3.180121763	0.086776567	-0.032084787	0.023570311	0.101559907	0.005148152	-0.052875500
2.013000000	0.064066818	0.644195771	0.384032315	0.074773583	-1.029464572	-3.180174632	0.086748566	-0.032217812	0.023681004	0.101528892	0.005166852	-0.052862135
2.014000000	0.064153552	0.644163487	0.384056051	0.074875097	-1.029459396	-3.180227487	0.086720448	-0.032350795	0.023791662	0.101497743	0.005185554	-0.052848705
2.015000000	0.064240258	0.644131069	0.384079898	0.074976579	-1.029454201	-3.180280329	0.086692211	-0.032483738	0.023902287	0.101466460	0.005204258	-0.052835210
2.016000000	0.064326936	0.644098519	0.384103855	0.075078030	-1.029448987	-3.180333158	0.086663856	-0.032616640	0.024012877	0.101435042	0.005222963	-0.052821651
2.017000000	0.064413586	0.644065836	0.384127924	0.075179449	-1.029443755	-3.180385973	0.086635384	-0.032749499	0.024123431	0.101403491	0.005241670	-0.052808027
2.018000000	0.064500207	0.644033020	0.384152102	0.075280837	-1.029438504	-3.180438774	0.086606795	-0.032882317	0.024233951	0.101371805	0.005260379	-0.052794339
2.019000000	0.064586800	0.644000072	0.384176391	0.075382192	-1.029433234	-3.180491561	0.086578087	-0.033015094	0.024344436	0.101339986	0.005279089	-0.052780586
2.020000000	0.064673363	0.643966990	0.384200791	0.075483517	-1.029427945	-3.180544335	0.086549262	-0.033147828	0.024454885	0.101308032	0.005297801	-0.052766768
2.021000000	0.064759898	0.643933776	0.384225301	0.075584809	-1.029422638	-3.180597095	0.086520319	-0.033280519	0.024565299	0.101275944	0.005316515	-0.052752886
2.022000000	0.064846404	0.643900429	0.384249922	0.075686068	-1.029417312	-3.180649841	0.086491259	-0.033413169	0.024675678	0.101243722	0.005335230	-0.052738939
2.023000000	0.064932881	0.643866950	0.384274653	0.075787296	-1.029411968	-3.180702573	0.086462081	-0.033545776	0.024786020	0.101211366	0.005353947	-0.052724928
2.024000000	0.065019328	0.643833337	0.384299494	0.075888491	-1.029406605	-3.180755291	0.086432785	-0.033678340	0.024896327	0.101178877	0.005372666	-0.052710852
2.025000000	0.065105746	0.643799593	0.384324445	0.075989654	-1.029401223	-3.180807995	0.086403372	-0.033810861	0.025006597	0.101146253	0.005391386	-0.052696712
2.026000000	0.065192135	0.643765716	0.384349507	0.076090784	-1.029395822	-3.180860684	0.086373841	-0.033943340	0.025116832	0.101113495	0.005410109	-0.052682507
2.027000000	0.065278494	0.643731706	0.384374679	0.076191881	-1.029390402	-3.180913360	0.086344193	-0.034075774	0.025227029	0.101080603	0.005428833	-0.052668237
2.028000000	0.065364823	0.643697564	0.384399961	0.076292945	-1.029384964	-3.180966021	0.086314428	-0.034208166	0.025337191	0.101047578	0.005447558	-0.052653903
2.029000000	0.065451123	0.643663290	0.384425353	0.076393976	-1.029379507	-3.181018667	0.086284545	-0.034340514	0.025447315	0.101014418	0.005466286	-0.052639504
2.030000000	0.065537392	0.643628883	0.384450856	0.076494974	-1.029374032	-3.181071300	0.086254544	-0.034472818	0.025557402	0.100981125	0.005485015	-0.052625041
2.031000000	0.065623632	0.643594344	0.384476468	0.076595938	-1.029368537	-3.181123917	0.086224426	-0.034605079	0.025667453	0.100947698	0.005503747	-0.052610513
2.032000000	0.065709841	0.643559673	0.384502191	0.076696869	-1.029363024	-3.181176521	0.086194191	-0.034737295	0.025777466	0.100914137	0.005522480	-0.052595921
2.033000000	0.065796020	0.643524870	0.384528023	0.076797766	-1.029357492	-3.181229109	0.086163838	-0.034869466	0.025887442	0.100880443	0.005541214	-0.052581264
2.034000000	0.065882169	0.643489934	0.384553965	0.076898630	-1.029351942	-3.181281683	0.086133368	-0.035001594	0.025997380	0.100846614	0.005559951	-0.052566542
2.035000000	0.065968287	0.643454866	0.384580018	0.076999460	-1.029346372	-3.181334242	0.086102781	-0.035133677	0.026107281	0.100812653	0.005578690	-0.052551756
2.036000000	0.066054375	0.643419667	0.384606180	0.077100255	-1.029340784	-3.181386787	0.086072076	-0.035265715	0.026217144	0.100778556	0.005597430	-0.052536906
2.037000000	0.066140431	0.643384335	0.384632452	0.077201017	-1.029335177	-3.181439316	0.086041254	-0.035397708	0.026326968	0.100744327	0.005616172	-0.052521990
2.038000000	0.066226457	0.643348871	0.384658834	0.077301744	-1.029329552	-3.181491831	0.086010315	-0.035529656	0.026436755	0.100709964	0.005634916	-0.052507011
2.039000000	0.066312452	0.643313276	0.384685326	0.077402437	-1.029323908	-3.181544330	0.085979259	-0.035661559	0.026546503	0.100675468	0.005653663	-0.052491967
2.040000000	0.066398416	0.643277548	0.384711927	0.077503095	-1.029318245	-3.181596815	0.085948086	-0.035793417	0.026656213	0.100640837	0.005672411	-0.052476858
2.041000000	0.066484348	0.643241689	0.384738638	0.077603718	-1.029312563	-3.181649284	0.085916795	-0.035925228	0.026765883	0.100606073	0.005691160	-0.052461685
2.042000000	0.066570249	0.643205698	0.384765459	0.077704307	-1.029306862	-3.181701738	0.085885387	-0.036056994	0.026875516	0.100571176	0.005709912	-0.052446447
2.043000000	0.066656119	0.643169575	0.384792389	0.077804861	-1.029301143	-3.181754177	0.085853862	-0.036188714	0.026985109	0.100536145	0.005728666	-0.052431145
2.044000000	0.066741957	0.643133320	0.384819429	0.077905379	-1.029295405	-3.181806600	0.085822220	-0.036320388	0.027094663	0.100500980	0.005747422	-0.052415778
2.045000000	0.066827763	0.643096934	0.384846578	0.078005863	-1.029289648	-3.181859008	0.085790461	-0.036452015	0.027204177	0.100465682	0.005766180	-0.052400347
2.046000000	0.066913538	0.643060416	0.384873837	0.078106311	-1.029283873	-3.181911401	0.085758585	-0.036583596	0.027313652	0.100430251	0.005784939	-0.052384851
2.047000000	0.066999280	0.643023767	0.384901206	0.078206723	-1.029278078	-3.181963778	0.085726592	-0.036715131	0.027423088	0.100394686	0.005803701	-0.052369291
2.048000000	0.067084991	0.642986986	0.384928683	0.078307100	-1.029272265	-3.182016140	0.085694482	-0.036846619	0.027532484	0.100358988	0.005822465	-0.052353666
2.049000000	0.067170669	0.642950074	0.384956271	0.078407441	-1.029266433	-3.182068485	0.085662255	-0.036978059	0.027641840	0.100323157	0.005841231	-0.052337977
2.050000000	0.067256315	0.642913030	0.384983967	0.078507746	-1.029260583	-3.182120816	0.085629911	-0.037109453	0.027751156	0.100287192	0.005859999	-0.052322224
2.051000000	0.067341929	0.642875855	0.385011773	0.078608016	-1.029254713	-3.182173130	0.085597450	-0.037240799	0.027860431	0.100251093	0.005878768	-0.052306405
2.052000000	0.067427510	0.642838548	0.385039688	0.078708249	-1.029248825	-3.182225428	0.085564872	-0.037372098	0.027969666	0.100214862	0.005897540	-0.052290523
2.053000000	0.067513059	0.642801111	0.385067712	0.078808445	-1.029242918	-3.182277711	0.085532178	-0.037503349	0.028078861	0.100178497	0.005916314	-0.052274576
2.054000000	0.067598575	0.642763542	0.385095846	0.078908606	-1.029236993	-3.182329977	0.085499366	-0.037634552	0.028188014	0.100141999	0.005935090	-0.052258564
2.055000000	0.067684058	0.642725841	0.385124088	0.079008729	-1.029231048	-3.182382228	0.085466438	-0.037765707	0.028297127	0.100105368	0.005953868	-0.052242488
2.056000000	0.067769508	0.642688010	0.385152440	0.079108816	-1.029225085	-3.182434462	0.085433393	-0.037896815	0.028406199	0.100068603	0.005972649	-0.052226348
2.057000000	0.067854924	0.642650048	0.385180901	0.079208866	-1.029219103	-3.182486681	0.085400231	-0.038027873	0.028515229	0.100031706	0.005991431	-0.052210143
2.058000000	0.067940308	0.642611954	0.385209470	0.079308880	-1.029213102	-3.182538883	0.085366953	-0.038158883	0.028624218	0.099994675	0.006010216	-0.052193873
2.059000000	0.068025658	0.642573730	0.385238149	0.079408856	-1.029207082	-3.182591068	0.085333558	-0.038289845	0.028733166	0.099957511	0.006029002	-0.052177539
2.060000000	0.068110975	0.642535375	0.385266937	0.079508795	-1.029201044	-3.182643238	0.085300046	-0.038420758	0.028842072	0.099920214	0.006047791	-0.052161141
2.061000000	0.068196258	0.642496889	0.385295833	0.079608696	-1.029194987	-3.182695391	0.085266417	-0.038551621	0.028950936	0.099882784	0.006066582	-0.052144678
2.062000000	0.068281508	0.642458272	0.385324839	0.079708560	-1.029188911	-3.182747527	0.085232672	-0.038682436	0.029059758	0.099845221	0.006085375	-0.052128151
2.063000000	0.068366724	0.642419524	0.385353953	0.079808387	-1.029182816	-3.182799647	0.085198810	-0.038813201	0.029168538	0.099807525	0.006104170	-0.052111560
2.064000000	0.068451906	0.642380645	0.385383176	0.079908175	-1.029176702	-3.182851750	0.085164832	-0.038943917	0.029277275	0.099769696	0.006122967	-0.052094904
2.065000000	0.068537053	0.642341636	0.385412507	0.080007926	-1.029170570	-3.182903837	0.085130737	-0.039074583	0.029385971	0.099731734	0.006141767	-0.052078183
2.066000000	0.068622167	0.642302496	0.385441948	0.080107639	-1.029164419	-3.182955907	0.085096526	-0.039205199	0.029494623	0.099693639	0.006160569	-0.052061398
2.067000000	0.068707247	0.642263225	0.385471497	0.080207313	-1.029158249	-3.183007960	0.085062198	-0.039335765	0.029603233	0.099655411	0.006179373	-0.052044549
2.068000000	0.068792292	0.642223824	0.385501154	0.080306950	-1.029152060	-3.183059996	0.085027754	-0.039466281	0.029711799	0.099617051	0.006198179	-0.052027635
2.069000000	0.068877302	0.642184293	0.385530920	0.080406547	-1.029145853	-3.183112015	0.084993194	-0.039596747	0.029820323	0.099578557	0.006216988	-0.052010657
2.070000000	0.068962278	0.642144631	0.385560795	0.080506107	-1.029139626	-3.183164017	0.084958516	-0.039727162	0.029928803	0.099539931	0.006235798	-0.051993615
2.071000000	0.069047219	0.642104839	0.385590778	0.080605627	-1.029133381	-3.183216002	0.084923723	-0.039857527	0.030037240	0.099501172	0.006254611	-0.051976508
2.072000000	0.069132125	0.642064916	0.385620869	0.080705109	-1.029127117	-3.183267970	0.084888813	-0.039987840	0.030145633	0.099462280	0.006273427	-0.051959336
2.073000000	0.069216997	0.642024863	0.385651069	0.080804552	-1.029120834	-3.183319921	0.084853787	-0.040118103	0.030253983	0.099423255	0.006292244	-0.051942101
2.074000000	0.069301833	0.641984680	0.385681377	0.080903956	-1.029114532	-3.183371854	0.084818645	-0.040248314	0.030362288	0.099384098	0.006311064	-0.051924801
2.075000000	0.069386634	0.641944366	0.385711794	0.081003320	-1.029108212	-3.183423770	0.084783386	-0.040378474	0.030470549	0.099344808	0.006329886	-0.051907436
2.076000000	0.069471400	0.641903923	0.385742318	0.081102645	-1.029101873	-3.183475669	0.084748012	-0.040508582	0.030578767	0.099305386	0.006348710	-0.051890007
2.077000000	0.069556130	0.641863349	0.385772951	0.081201931	-1.029095515	-3.183527550	0.084712520	-0.040638639	0.030686940	0.099265830	0.006367537	-0.051872514
2.078000000	0.069640825	0.641822645	0.385803692	0.081301177	-1.029089138	-3.183579414	0.084676913	-0.040768644	0.030795068	0.099226142	0.006386366	-0.051854957
2.079000000	0.069725484	0.641781812	0.385834541	0.081400383	-1.029082742	-3.183631260	0.084641190	-0.040898597	0.030903151	0.099186322	0.006405198	-0.051837335
2.080000000	0.069810107	0.641740848	0.385865499	0.081499549	-1.029076327	-3.183683089	0.084605350	-0.041028497	0.031011190	0.099146369	0.006424031	-0.051819648
2.081000000	0.069894695	0.641699755	0.385896564	0.081598676	-1.029069894	-3.183734900	0.084569395	-0.041158345	0.031119184	0.099106284	0.006442867	-0.051801898
2.082000000	0.069979246	0.641658532	0.385927737	0.081697762	-1.029063441	-3.183786693	0.084533324	-0.041288141	0.031227133	0.099066066	0.006461706	-0.051784083
2.083000000	0.070063761	0.641617179	0.385959018	0.081796808	-1.029056970	-3.183838468	0.084497136	-0.041417884	0.031335036	0.099025715	0.006480547	-0.051766203
2.084000000	0.070148240	0.641575696	0.385990407	0.081895813	-1.029050480	-3.183890225	0.084460832	-0.041547574	0.031442893	0.098985232	0.006499390	-0.051748260
2.085000000	0.070232683	0.641534083	0.386021904	0.081994778	-1.029043972	-3.183941964	0.084424413	-0.041677211	0.031550705	0.098944617	0.006518236	-0.051730252
2.086000000	0.070317089	0.641492341	0.386053508	0.082093703	-1.029037444	-3.183993686	0.084387877	-0.041806794	0.031658471	0.098903870	0.006537084	-0.051712179
2.087000000	0.070401459	0.641450470	0.386085221	0.082192586	-1.029030897	-3.184045389	0.084351226	-0.041936325	0.031766192	0.098862990	0.006555934	-0.051694043
2.088000000	0.070485791	0.641408469	0.386117041	0.082291429	-1.029024332	-3.184097074	0.084314458	-0.042065802	0.031873866	0.098821977	0.006574787	-0.051675842
2.089000000	0.070570087	0.641366338	0.386148968	0.082390230	-1.029017748	-3.184148740	0.084277575	-0.042195225	0.031981494	0.098780833	0.006593642	-0.051657576
2.090000000	0.070654347	0.641324078	0.386181004	0.082488990	-1.029011145	-3.184200389	0.084240576	-0.042324594	0.032089075	0.098739556	0.006612500	-0.051639247
2.091000000	0.070738569	0.641281689	0.386213147	0.082587709	-1.029004523	-3.184252019	0.084203461	-0.042453909	0.032196610	0.098698147	0.006631360	-0.051620853
2.092000000	0.070822754	0.641239170	0.386245397	0.082686387	-1.028997882	-3.184303630	0.084166231	-0.042583170	0.032304098	0.098656606	0.006650222	-0.051602395
2.093000000	0.070906901	0.641196523	0.386277755	0.082785022	-1.028991222	-3.184355224	0.084128885	-0.042712376	0.032411539	0.098614933	0.006669088	-0.051583872
2.094000000	0.070991011	0.641153746	0.386310220	0.082883617	-1.028984544	-3.184406798	0.084091422	-0.042841528	0.032518933	0.098573127	0.006687955	-0.051565285
2.095000000	0.071075084	0.641110840	0.386342793	0.082982169	-1.028977846	-3.184458354	0.084053845	-0.042970625	0.032626280	0.098531190	0.006706825	-0.051546634
2.096000000	0.071159119	0.641067804	0.386375473	0.083080679	-1.028971130	-3.184509892	0.084016152	-0.043099668	0.032733580	0.098489120	0.006725698	-0.051527919
2.097000000	0.071243116	0.641024640	0.386408260	0.083179147	-1.028964395	-3.184561410	0.083978343	-0.043228655	0.032840832	0.098446918	0.006744573	-0.051509139
2.098000000	0.071327076	0.640981347	0.386441154	0.083277573	-1.028957641	-3.184612910	0.083940418	-0.043357587	0.032948036	0.098404585	0.006763450	-0.051490295
2.099000000	0.071410997	0.640937925	0.386474156	0.083375956	-1.028950868	-3.184664391	0.083902378	-0.043486463	0.033055193	0.098362119	0.006782330	-0.051471387
2.100000000	0.071494880	0.640894374	0.386507265	0.083474297	-1.028944076	-3.184715853	0.083864222	-0.043615284	0.033162301	0.098319521	0.006801213	-0.051452415
2.101000000	0.071578726	0.640850695	0.386540480	0.083572595	-1.028937266	-3.184767295	0.083825951	-0.043744050	0.033269361	0.098276792	0.006820098	-0.051433378
2.102000000	0.071662532	0.640806886	0.386573803	0.083670851	-1.028930436	-3.184818719	0.083787565	-0.043872759	0.033376373	0.098233931	0.006838986	-0.051414277
2.103000000	0.071746301	0.640762949	0.386607233	0.083769063	-1.028923588	-3.184870124	0.083749063	-0.044001412	0.033483336	0.098190937	0.006857876	-0.051395112
2.104000000	0.071830030	0.640718883	0.386640770	0.083867232	-1.028916720	-3.184921510	0.083710446	-0.044130009	0.033590252	0.098147812	0.006876768	-0.051375882
2.105000000	0.071913722	0.640674689	0.386674414	0.083965359	-1.028909834	-3.184972876	0.083671713	-0.044258550	0.033697118	0.098104555	0.006895664	-0.051356589
2.106000000	0.071997374	0.640630366	0.386708164	0.084063442	-1.028902929	-3.185024223	0.083632865	-0.044387034	0.033803935	0.098061167	0.006914562	-0.051337231
2.107000000	0.072080987	0.640585915	0.386742022	0.084161481	-1.028896005	-3.185075550	0.083593902	-0.044515461	0.033910703	0.098017646	0.006933462	-0.051317809
2.108000000	0.072164562	0.640541335	0.386775986	0.084259477	-1.028889062	-3.185126858	0.083554823	-0.044643831	0.034017421	0.097973994	0.006952365	-0.051298322
2.109000000	0.072248097	0.640496627	0.386810056	0.084357429	-1.028882100	-3.185178147	0.083515629	-0.044772144	0.034124091	0.097930210	0.006971271	-0.051278772
2.110000000	0.072331593	0.640451791	0.386844234	0.084455337	-1.028875120	-3.185229416	0.083476320	-0.044900401	0.034230711	0.097886295	0.006990179	-0.051259157
2.111000000	0.072415050	0.640406826	0.386878518	0.084553202	-1.028868120	-3.185280665	0.083436896	-0.045028599	0.034337281	0.097842248	0.007009090	-0.051239478
2.112000000	0.072498467	0.640361734	0.386912908	0.084651022	-1.028861101	-3.185331895	0.083397356	-0.045156740	0.034443801	0.097798069	0.007028004	-0.051219735
2.113000000	0.072581844	0.640316513	0.386947405	0.084748798	-1.028854064	-3.185383105	0.083357702	-0.045284823	0.034550271	0.097753759	0.007046920	-0.051199927
2.114000000	0.072665182	0.640271164	0.386982009	0.084846529	-1.028847008	-3.185434295	0.083317932	-0.045412849	0.034656691	0.097709317	0.007065838	-0.051180056
2.115000000	0.072748480	0.640225687	0.387016719	0.084944216	-1.028839932	-3.185485465	0.083278048	-0.045540815	0.034763060	0.097664744	0.007084760	-0.051160120
2.116000000	0.072831738	0.640180083	0.387051535	0.085041859	-1.028832838	-3.185536615	0.083238048	-0.045668725	0.034869380	0.097620040	0.007103684	-0.051140120
2.117000000	0.072914956	0.640134350	0.387086458	0.085139456	-1.028825725	-3.185587745	0.083197933	-0.045796575	0.034975648	0.097575204	0.007122611	-0.051120056
2.118000000	0.072998134	0.640088489	0.387121486	0.085237009	-1.028818593	-3.185638855	0.083157704	-0.045924367	0.035081866	0.097530236	0.007141540	-0.051099928
2.119000000	0.073081272	0.640042501	0.387156621	0.085334517	-1.028811442	-3.185689945	0.083117359	-0.046052100	0.035188032	0.097485138	0.007160472	-0.051079735
2.120000000	0.073164369	0.639996385	0.387191862	0.085431979	-1.028804272	-3.185741015	0.083076900	-0.046179774	0.035294148	0.097439907	0.007179407	-0.051059479
2.121000000	0.073247425	0.639950142	0.387227210	0.085529397	-1.028797083	-3.185792064	0.083036325	-0.046307389	0.035400212	0.097394546	0.007198344	-0.051039158
2.122000000	0.073330441	0.639903770	0.387262663	0.085626769	-1.028789875	-3.185843093	0.082995636	-0.046434945	0.035506225	0.097349053	0.007217285	-0.051018773
2.123000000	0.073413417	0.639857272	0.387298222	0.085724095	-1.028782649	-3.185894101	0.082954832	-0.046562442	0.035612186	0.097303429	0.007236227	-0.050998324
2.124000000	0.073496351	0.639810645	0.387333887	0.085821375	-1.028775403	-3.185945089	0.082913914	-0.046689879	0.035718096	0.097257674	0.007255173	-0.050977811
2.125000000	0.073579245	0.639763892	0.387369658	0.085918610	-1.028768138	-3.185996057	0.082872880	-0.046817256	0.035823953	0.097211788	0.007274121	-0.050957234
2.126000000	0.073662097	0.639717011	0.387405535	0.086015799	-1.028760855	-3.186047004	0.082831732	-0.046944573	0.035929759	0.097165771	0.007293072	-0.050936592
2.127000000	0.073744908	0.639670003	0.387441518	0.086112942	-1.028753552	-3.186097930	0.082790470	-0.047071830	0.036035512	0.097119622	0.007312026	-0.050915887
2.128000000	0.073827678	0.639622867	0.387477606	0.086210038	-1.028746231	-3.186148836	0.082749092	-0.047199027	0.036141213	0.097073343	0.007330983	-0.050895117
2.129000000	0.073910406	0.639575605	0.387513800	0.086307088	-1.028738890	-3.186199720	0.082707600	-0.047326163	0.036246862	0.097026932	0.007349942	-0.050874283
2.130000000	0.073993093	0.639528215	0.387550100	0.086404092	-1.028731531	-3.186250584	0.082665994	-0.047453239	0.036352457	0.096980391	0.007368904	-0.050853386
2.131000000	0.074075738	0.639480698	0.387586505	0.086501049	-1.028724152	-3.186301427	0.082624273	-0.047580254	0.036458000	0.096933718	0.007387869	-0.050832424
2.132000000	0.074158342	0.639433054	0.387623016	0.086597960	-1.028716755	-3.186352249	0.082582437	-0.047707208	0.036563490	0.096886915	0.007406836	-0.050811398
2.133000000	0.074240903	0.639385284	0.387659632	0.086694823	-1.028709339	-3.186403050	0.082540487	-0.047834101	0.036668927	0.096839980	0.007425806	-0.050790307
2.134000000	0.074323423	0.639337386	0.387696354	0.086791639	-1.028701903	-3.186453830	0.082498423	-0.047960933	0.036774310	0.096792915	0.007444779	-0.050769153
2.135000000	0.074405900	0.639289362	0.387733181	0.086888409	-1.028694449	-3.186504588	0.082456244	-0.048087703	0.036879641	0.096745719	0.007463755	-0.050747935
2.136000000	0.074488335	0.639241211	0.387770113	0.086985131	-1.028686976	-3.186555326	0.082413951	-0.048214412	0.036984917	0.096698392	0.007482734	-0.050726653
2.137000000	0.074570728	0.639192933	0.387807151	0.087081806	-1.028679484	-3.186606042	0.082371543	-0.048341058	0.037090139	0.096650934	0.007501715	-0.050705306
2.138000000	0.074653078	0.639144529	0.387844293	0.087178433	-1.028671972	-3.186656736	0.082329022	-0.048467643	0.037195308	0.096603346	0.007520700	-0.050683896
2.139000000	0.074735386	0.639095998	0.387881541	0.087275012	-1.028664442	-3.186707409	0.082286386	-0.048594166	0.037300423	0.096555627	0.007539687	-0.050662422
2.140000000	0.074817651	0.639047340	0.387918894	0.087371544	-1.028656893	-3.186758061	0.082243635	-0.048720627	0.037405484	0.096507777	0.007558677	-0.050640883
2.141000000	0.074899873	0.638998557	0.387956352	0.087468028	-1.028649325	-3.186808691	0.082200771	-0.048847025	0.037510490	0.096459797	0.007577669	-0.050619281
2.142000000	0.074982052	0.638949646	0.387993915	0.087564464	-1.028641738	-3.186859300	0.082157792	-0.048973361	0.037615441	0.096411686	0.007596665	-0.050597614
2.143000000	0.075064189	0.638900610	0.388031583	0.087660851	-1.028634131	-3.186909886	0.082114700	-0.049099633	0.037720338	0.096363445	0.007615663	-0.050575883
2.144000000	0.075146282	0.638851447	0.388069356	0.087757191	-1.028626506	-3.186960451	0.082071493	-0.049225843	0.037825180	0.096315073	0.007634664	-0.050554089
2.145000000	0.075228332	0.638802158	0.388107233	0.087853481	-1.028618862	-3.187010995	0.082028172	-0.049351990	0.037929968	0.096266570	0.007653668	-0.050532230
2.146000000	0.075310338	0.638752743	0.388145216	0.087949724	-1.028611199	-3.187061516	0.081984737	-0.049478074	0.038034699	0.096217937	0.007672675	-0.050510307
2.147000000	0.075392301	0.638703202	0.388183303	0.088045917	-1.028603517	-3.187112015	0.081941189	-0.049604094	0.038139376	0.096169174	0.007691685	-0.050488321
2.148000000	0.075474221	0.638653535	0.388221495	0.088142062	-1.028595816	-3.187162493	0.081897526	-0.049730050	0.038243997	0.096120280	0.007710698	-0.050466270
2.149000000	0.075556096	0.638603742	0.388259791	0.088238158	-1.028588095	-3.187212948	0.081853749	-0.049855943	0.038348563	0.096071256	0.007729713	-0.050444156
2.150000000	0.075637928	0.638553823	0.388298192	0.088334205	-1.028580356	-3.187263381	0.081809859	-0.049981772	0.038453073	0.096022102	0.007748731	-0.050421977
2.151000000	0.075719716	0.638503778	0.388336697	0.088430202	-1.028572598	-3.187313792	0.081765854	-0.050107537	0.038557527	0.095972817	0.007767753	-0.050399735
2.152000000	0.075801460	0.638453608	0.388375307	0.088526150	-1.028564821	-3.187364180	0.081721736	-0.050233237	0.038661925	0.095923402	0.007786777	-0.050377428
2.153000000	0.075883159	0.638403312	0.388414021	0.088622049	-1.028557024	-3.187414547	0.081677504	-0.050358873	0.038766266	0.095873857	0.007805804	-0.050355058
2.154000000	0.075964815	0.638352890	0.388452839	0.088717898	-1.028549209	-3.187464890	0.081633158	-0.050484444	0.038870551	0.095824181	0.007824834	-0.050332623
2.155000000	0.076046426	0.638302343	0.388491762	0.088813697	-1.028541375	-3.187515212	0.081588699	-0.050609951	0.038974780	0.095774376	0.007843866	-0.050310125
2.156000000	0.076127992	0.638251670	0.388530789	0.088909447	-1.028533521	-3.187565511	0.081544126	-0.050735393	0.039078953	0.095724440	0.007862902	-0.050287562
2.157000000	0.076209514	0.638200872	0.388569920	0.089005146	-1.028525649	-3.187615787	0.081499440	-0.050860770	0.039183068	0.095674375	0.007881941	-0.050264936
2.158000000	0.076290991	0.638149949	0.388609155	0.089100795	-1.028517757	-3.187666041	0.081454639	-0.050986081	0.039287126	0.095624179	0.007900982	-0.050242246
2.159000000	0.076372423	0.638098900	0.388648494	0.089196394	-1.028509847	-3.187716271	0.081409726	-0.051111327	0.039391127	0.095573853	0.007920026	-0.050219492
2.160000000	0.076453811	0.638047726	0.388687937	0.089291943	-1.028501917	-3.187766480	0.081364698	-0.051236507	0.039495071	0.095523398	0.007939074	-0.050196674
2.161000000	0.076535153	0.637996427	0.388727484	0.089387441	-1.028493969	-3.187816665	0.081319558	-0.051361622	0.039598958	0.095472813	0.007958124	-0.050173792
2.162000000	0.076616450	0.637945003	0.388767135	0.089482889	-1.028486001	-3.187866827	0.081274303	-0.051486671	0.039702787	0.095422097	0.007977177	-0.050150846
2.163000000	0.076697701	0.637893454	0.388806890	0.089578285	-1.028478014	-3.187916966	0.081228936	-0.051611653	0.039806557	0.095371252	0.007996233	-0.050127836
2.164000000	0.076778907	0.637841780	0.388846748	0.089673631	-1.028470009	-3.187967083	0.081183455	-0.051736569	0.039910271	0.095320277	0.008015292	-0.050104763
2.165000000	0.076860068	0.637789981	0.388886710	0.089768926	-1.028461984	-3.188017176	0.081137861	-0.051861419	0.040013926	0.095269172	0.008034355	-0.050081625
2.166000000	0.076941183	0.637738057	0.388926776	0.089864170	-1.028453940	-3.188067246	0.081092153	-0.051986203	0.040117523	0.095217937	0.008053419	-0.050058424
2.167000000	0.077022252	0.637686008	0.388966945	0.089959362	-1.028445877	-3.188117293	0.081046333	-0.052110919	0.040221062	0.095166573	0.008072487	-0.050035159
2.168000000	0.077103276	0.637633835	0.389007218	0.090054503	-1.028437795	-3.188167316	0.081000399	-0.052235569	0.040324542	0.095115079	0.008091558	-0.050011830
2.169000000	0.077184253	0.637581537	0.389047594	0.090149592	-1.028429694	-3.188217316	0.080954351	-0.052360152	0.040427963	0.095063455	0.008110632	-0.049988437
2.170000000	0.077265185	0.637529115	0.389088074	0.090244630	-1.028421574	-3.188267293	0.080908191	-0.052484667	0.040531326	0.095011702	0.008129709	-0.049964980
2.171000000	0.077346070	0.637476568	0.389128657	0.090339615	-1.028413434	-3.188317246	0.080861918	-0.052609115	0.040634630	0.094959820	0.008148789	-0.049941459
2.172000000	0.077426908	0.637423896	0.389169343	0.090434549	-1.028405276	-3.188367176	0.080815531	-0.052733495	0.040737874	0.094907807	0.008167871	-0.049917875
2.173000000	0.077507701	0.637371101	0.389210133	0.090529431	-1.028397099	-3.188417082	0.080769032	-0.052857808	0.040841059	0.094855665	0.008186957	-0.049894226
2.174000000	0.077588446	0.637318181	0.389251025	0.090624261	-1.028388902	-3.188466965	0.080722419	-0.052982053	0.040944185	0.094803394	0.008206046	-0.049870514
2.175000000	0.077669146	0.637265137	0.389292021	0.090719038	-1.028380687	-3.188516823	0.080675694	-0.053106229	0.041047252	0.094750994	0.008225137	-0.049846738
2.176000000	0.077749798	0.637211968	0.389333120	0.090813763	-1.028372452	-3.188566658	0.080628855	-0.053230338	0.041150258	0.094698464	0.008244232	-0.049822898
2.177000000	0.077830403	0.637158676	0.389374322	0.090908435	-1.028364198	-3.188616469	0.080581904	-0.053354378	0.041253205	0.094645804	0.008263330	-0.049798995
2.178000000	0.077910962	0.637105260	0.389415626	0.091003054	-1.028355925	-3.188666256	0.080534840	-0.053478349	0.041356092	0.094593016	0.008282430	-0.049775027
2.179000000	0.077991473	0.637051719	0.389457034	0.091097621	-1.028347633	-3.188716019	0.080487663	-0.053602252	0.041458918	0.094540098	0.008301534	-0.049750996
2.180000000	0.078071937	0.636998055	0.389498544	0.091192134	-1.028339322	-3.188765758	0.080440374	-0.053726086	0.041561685	0.094487051	0.008320641	-0.049726902
2.181000000	0.078152354	0.636944267	0.389540157	0.091286595	-1.028330992	-3.188815473	0.080392971	-0.053849851	0.041664390	0.094433875	0.008339750	-0.049702743
2.182000000	0.078232723	0.636890355	0.389581873	0.091381002	-1.028322643	-3.188865164	0.080345456	-0.053973546	0.041767035	0.094380569	0.008358863	-0.049678520
2.183000000	0.078313045	0.636836320	0.389623691	0.091475356	-1.028314274	-3.188914830	0.080297828	-0.054097172	0.041869620	0.094327135	0.008377978	-0.049654234
2.184000000	0.078393319	0.636782161	0.389665612	0.091569656	-1.028305887	-3.188964472	0.080250088	-0.054220729	0.041972143	0.094273571	0.008397097	-0.049629884
2.185000000	0.078473545	0.636727879	0.389707636	0.091663903	-1.028297480	-3.189014090	0.080202235	-0.054344216	0.042074606	0.094219879	0.008416219	-0.049605470
2.186000000	0.078553723	0.636673473	0.389749761	0.091758096	-1.028289054	-3.189063683	0.080154270	-0.054467633	0.042177007	0.094166057	0.008435344	-0.049580993
2.187000000	0.078633853	0.636618943	0.389791990	0.091852235	-1.028280609	-3.189113252	0.080106192	-0.054590979	0.042279346	0.094112107	0.008454471	-0.049556452
2.188000000	0.078713935	0.636564291	0.389834320	0.091946320	-1.028272145	-3.189162796	0.080058002	-0.054714256	0.042381625	0.094058027	0.008473602	-0.049531847
2.189000000	0.078793969	0.636509515	0.389876753	0.092040351	-1.028263662	-3.189212315	0.080009699	-0.054837462	0.042483841	0.094003819	0.008492736	-0.049507178
2.190000000	0.078873955	0.636454616	0.389919288	0.092134328	-1.028255160	-3.189261810	0.079961284	-0.054960598	0.042585996	0.093949482	0.008511872	-0.049482446
2.191000000	0.078953892	0.636399594	0.389961925	0.092228250	-1.028246638	-3.189311280	0.079912756	-0.055083664	0.042688089	0.093895016	0.008531012	-0.049457650
2.192000000	0.079033780	0.636344448	0.390004664	0.092322118	-1.028238098	-3.189360725	0.079864116	-0.055206658	0.042790119	0.093840422	0.008550155	-0.049432790
2.193000000	0.079113620	0.636289180	0.390047505	0.092415931	-1.028229538	-3.189410146	0.079815365	-0.055329580	0.042892087	0.093785698	0.008569301	-0.049407867
2.194000000	0.079193411	0.636233789	0.390090448	0.092509689	-1.028220959	-3.189459541	0.079766500	-0.055452432	0.042993993	0.093730846	0.008588450	-0.049382880
2.195000000	0.079273153	0.636178275	0.390133493	0.092603393	-1.028212361	-3.189508912	0.079717524	-0.055575213	0.043095837	0.093675866	0.008607602	-0.049357829
2.196000000	0.079352846	0.636122639	0.390176640	0.092697041	-1.028203744	-3.189558257	0.079668436	-0.055697922	0.043197617	0.093620756	0.008626757	-0.049332715
2.197000000	0.079432490	0.636066880	0.390219888	0.092790634	-1.028195108	-3.189607577	0.079619235	-0.055820559	0.043299335	0.093565519	0.008645915	-0.049307536
2.198000000	0.079512085	0.636010998	0.390263239	0.092884172	-1.028186452	-3.189656872	0.079569922	-0.055943125	0.043400989	0.093510152	0.008665076	-0.049282295
2.199000000	0.079591630	0.635954993	0.390306690	0.092977655	-1.028177778	-3.189706142	0.079520498	-0.056065618	0.043502581	0.093454657	0.008684240	-0.049256989
2.200000000	0.079671126	0.635898866	0.390350244	0.093071082	-1.028169084	-3.189755386	0.079470961	-0.056188039	0.043604109	0.093399034	0.008703407	-0.049231620
2.201000000	0.079750572	0.635842617	0.390393899	0.093164453	-1.028160371	-3.189804605	0.079421312	-0.056310388	0.043705574	0.093343283	0.008722578	-0.049206188
2.202000000	0.079829968	0.635786246	0.390437655	0.093257768	-1.028151639	-3.189853798	0.079371552	-0.056432665	0.043806975	0.093287403	0.008741751	-0.049180692
2.203000000	0.079909315	0.635729752	0.390481512	0.093351028	-1.028142887	-3.189902966	0.079321680	-0.056554868	0.043908312	0.093231395	0.008760927	-0.049155132
2.204000000	0.079988612	0.635673136	0.390525471	0.093444231	-1.028134117	-3.189952109	0.079271695	-0.056676999	0.044009585	0.093175258	0.008780107	-0.049129508
2.205000000	0.080067858	0.635616398	0.390569532	0.093537378	-1.028125327	-3.190001225	0.079221600	-0.056799057	0.044110794	0.093118993	0.008799289	-0.049103821
2.206000000	0.080147055	0.635559538	0.390613693	0.093630469	-1.028116518	-3.190050316	0.079171392	-0.056921041	0.044211939	0.093062600	0.008818474	-0.049078070
2.207000000	0.080226201	0.635502556	0.390657956	0.093723503	-1.028107690	-3.190099381	0.079121073	-0.057042953	0.044313020	0.093006079	0.008837663	-0.049052256
2.208000000	0.080305297	0.635445452	0.390702319	0.093816481	-1.028098843	-3.190148421	0.079070642	-0.057164791	0.044414036	0.092949430	0.008856855	-0.049026378
2.209000000	0.080384342	0.635388226	0.390746784	0.093909402	-1.028089976	-3.190197434	0.079020099	-0.057286555	0.044514987	0.092892653	0.008876049	-0.049000437
2.210000000	0.080463337	0.635330879	0.390791349	0.094002266	-1.028081091	-3.190246422	0.078969445	-0.057408245	0.044615874	0.092835747	0.008895247	-0.048974432
2.211000000	0.080542281	0.635273410	0.390836015	0.094095074	-1.028072186	-3.190295383	0.078918680	-0.057529861	0.044716695	0.092778714	0.008914448	-0.048948364
2.212000000	0.080621174	0.635215819	0.390880782	0.094187824	-1.028063262	-3.190344318	0.078867803	-0.057651404	0.044817452	0.092721553	0.008933652	-0.048922232
2.213000000	0.080700017	0.635158107	0.390925650	0.094280517	-1.028054319	-3.190393227	0.078816814	-0.057772871	0.044918143	0.092664264	0.008952859	-0.048896036
2.214000000	0.080778808	0.635100273	0.390970619	0.094373152	-1.028045356	-3.190442110	0.078765714	-0.057894265	0.045018769	0.092606847	0.008972069	-0.048869777
2.215000000	0.080857548	0.635042318	0.391015688	0.094465730	-1.028036374	-3.190490967	0.078714503	-0.058015583	0.045119329	0.092549302	0.008991282	-0.048843455
2.216000000	0.080936237	0.634984242	0.391060857	0.094558251	-1.028027374	-3.190539797	0.078663181	-0.058136827	0.045219823	0.092491629	0.009010498	-0.048817068
2.217000000	0.081014875	0.634926045	0.391106127	0.094650714	-1.028018353	-3.190588601	0.078611747	-0.058257996	0.045320252	0.092433829	0.009029717	-0.048790619
2.218000000	0.081093461	0.634867726	0.391151498	0.094743119	-1.028009314	-3.190637379	0.078560202	-0.058379090	0.045420615	0.092375901	0.009048939	-0.048764106
2.219000000	0.081171995	0.634809287	0.391196969	0.094835465	-1.028000256	-3.190686129	0.078508545	-0.058500108	0.045520911	0.092317845	0.009068164	-0.048737529
2.220000000	0.081250478	0.634750726	0.391242540	0.094927754	-1.027991178	-3.190734854	0.078456778	-0.058621051	0.045621141	0.092259662	0.009087393	-0.048710889
2.221000000	0.081328909	0.634692044	0.391288211	0.095019985	-1.027982081	-3.190783551	0.078404900	-0.058741919	0.045721305	0.092201351	0.009106624	-0.048684186
2.222000000	0.081407288	0.634633242	0.391333982	0.095112157	-1.027972965	-3.190832222	0.078352910	-0.058862710	0.045821402	0.092142912	0.009125859	-0.048657419
2.223000000	0.081485614	0.634574319	0.391379854	0.095204271	-1.027963829	-3.190880866	0.078300809	-0.058983426	0.045921432	0.092084347	0.009145096	-0.048630588
2.224000000	0.081563889	0.634515275	0.391425825	0.095296326	-1.027954674	-3.190929483	0.078248598	-0.059104065	0.046021395	0.092025654	0.009164337	-0.048603694
2.225000000	0.081642112	0.634456111	0.391471897	0.095388322	-1.027945500	-3.190978073	0.078196275	-0.059224628	0.046121292	0.091966833	0.009183581	-0.048576737
2.226000000	0.081720282	0.634396826	0.391518068	0.095480259	-1.027936307	-3.191026637	0.078143842	-0.059345115	0.046221121	0.091907885	0.009202827	-0.048549716
2.227000000	0.081798399	0.634337421	0.391564339	0.095572138	-1.027927095	-3.191075173	0.078091298	-0.059465525	0.046320883	0.091848809	0.009222077	-0.048522632
2.228000000	0.081876464	0.634277895	0.391610710	0.095663957	-1.027917863	-3.191123682	0.078038643	-0.059585858	0.046420577	0.091789607	0.009241330	-0.048495485
2.229000000	0.081954477	0.634218249	0.391657180	0.095755717	-1.027908612	-3.191172164	0.077985878	-0.059706115	0.046520204	0.091730277	0.009260586	-0.048468274
2.230000000	0.082032436	0.634158483	0.391703750	0.095847417	-1.027899342	-3.191220618	0.077933001	-0.059826294	0.046619763	0.091670820	0.009279845	-0.048440999
2.231000000	0.082110343	0.634098596	0.391750419	0.095939059	-1.027890052	-3.191269046	0.077880014	-0.059946396	0.046719254	0.091611235	0.009299107	-0.048413661
2.232000000	0.082188196	0.634038590	0.391797188	0.096030640	-1.027880744	-3.191317446	0.077826916	-0.060066421	0.046818677	0.091551524	0.009318372	-0.048386260
2.233000000	0.082265996	0.633978464	0.391844057	0.096122162	-1.027871416	-3.191365818	0.077773708	-0.060186368	0.046918031	0.091491686	0.009337641	-0.048358796
2.234000000	0.082343743	0.633918217	0.391891025	0.096213623	-1.027862068	-3.191414163	0.077720389	-0.060306237	0.047017318	0.091431720	0.009356912	-0.048331268
2.235000000	0.082421437	0.633857851	0.391938091	0.096305025	-1.027852702	-3.191462481	0.077666960	-0.060426028	0.047116536	0.091371628	0.009376186	-0.048303677
2.236000000	0.082499077	0.633797365	0.391985258	0.096396367	-1.027843316	-3.191510771	0.077613420	-0.060545742	0.047215685	0.091311409	0.009395464	-0.048276022
2.237000000	0.082576664	0.633736760	0.392032523	0.096487648	-1.027833911	-3.191559033	0.077559770	-0.060665377	0.047314765	0.091251063	0.009414744	-0.048248304
2.238000000	0.082654197	0.633676034	0.392079887	0.096578869	-1.027824487	-3.191607267	0.077506010	-0.060784933	0.047413776	0.091190590	0.009434027	-0.048220523
2.239000000	0.082731676	0.633615190	0.392127350	0.096670029	-1.027815043	-3.191655474	0.077452139	-0.060904411	0.047512719	0.091129990	0.009453314	-0.048192679
2.240000000	0.082809101	0.633554226	0.392174913	0.096761129	-1.027805580	-3.191703653	0.077398158	-0.061023811	0.047611591	0.091069264	0.009472604	-0.048164771
2.241000000	0.082886472	0.633493142	0.392222574	0.096852168	-1.027796098	-3.191751803	0.077344066	-0.061143131	0.047710395	0.091008411	0.009491896	-0.048136800
2.242000000	0.082963789	0.633431939	0.392270333	0.096943145	-1.027786596	-3.191799926	0.077289865	-0.061262372	0.047809129	0.090947431	0.009511192	-0.048108765
2.243000000	0.083041052	0.633370617	0.392318192	0.097034062	-1.027777075	-3.191848021	0.077235553	-0.061381535	0.047907793	0.090886324	0.009530491	-0.048080667
2.244000000	0.083118260	0.633309176	0.392366149	0.097124918	-1.027767535	-3.191896088	0.077181132	-0.061500618	0.048006388	0.090825091	0.009549792	-0.048052507
2.245000000	0.083195414	0.633247616	0.392414205	0.097215713	-1.027757976	-3.191944126	0.077126600	-0.061619621	0.048104912	0.090763732	0.009569097	-0.048024282
2.246000000	0.083272514	0.633185937	0.392462359	0.097306446	-1.027748397	-3.191992136	0.077071958	-0.061738544	0.048203367	0.090702246	0.009588405	-0.047995995
2.247000000	0.083349558	0.633124139	0.392510611	0.097397117	-1.027738799	-3.192040118	0.077017207	-0.061857388	0.048301751	0.090640633	0.009607716	-0.047967644
2.248000000	0.083426548	0.633062222	0.392558962	0.097487727	-1.027729182	-3.192088071	0.076962345	-0.061976152	0.048400065	0.090578895	0.009627030	-0.047939230
2.249000000	0.083503483	0.633000187	0.392607411	0.097578275	-1.027719545	-3.192135996	0.076907374	-0.062094835	0.048498308	0.090517029	0.009646347	-0.047910753
2.250000000	0.083580363	0.632938033	0.392655959	0.097668761	-1.027709889	-3.192183893	0.076852292	-0.062213438	0.048596480	0.090455038	0.009665667	-0.047882212
2.251000000	0.083657188	0.632875760	0.392704604	0.097759185	-1.027700214	-3.192231761	0.076797101	-0.062331961	0.048694582	0.090392920	0.009684990	-0.047853609
2.252000000	0.083733957	0.632813369	0.392753348	0.097849547	-1.027690519	-3.192279600	0.076741800	-0.062450403	0.048792612	0.090330676	0.009704316	-0.047824942
2.253000000	0.083810671	0.632750859	0.392802190	0.097939846	-1.027680805	-3.192327411	0.076686390	-0.062568764	0.048890571	0.090268306	0.009723645	-0.047796212
2.254000000	0.083887330	0.632688231	0.392851129	0.098030083	-1.027671072	-3.192375193	0.076630870	-0.062687044	0.048988459	0.090205810	0.009742977	-0.047767418
2.255000000	0.083963933	0.632625485	0.392900167	0.098120258	-1.027661319	-3.192422946	0.076575241	-0.062805243	0.049086276	0.090143188	0.009762312	-0.047738562
2.256000000	0.084040480	0.632562621	0.392949302	0.098210370	-1.027651547	-3.192470670	0.076519501	-0.062923361	0.049184021	0.090080439	0.009781650	-0.047709642
2.257000000	0.084116972	0.632499638	0.392998535	0.098300419	-1.027641756	-3.192518365	0.076463652	-0.063041397	0.049281695	0.090017565	0.009800992	-0.047680660
2.258000000	0.084193408	0.632436538	0.393047865	0.098390405	-1.027631945	-3.192566031	0.076407695	-0.063159351	0.049379296	0.089954565	0.009820336	-0.047651614
2.259000000	0.084269787	0.632373319	0.393097293	0.098480328	-1.027622115	-3.192613668	0.076351627	-0.063277224	0.049476825	0.089891439	0.009839683	-0.047622505
2.260000000	0.084346111	0.632309983	0.393146819	0.098570188	-1.027612266	-3.192661276	0.076295450	-0.063395014	0.049574283	0.089828187	0.009859033	-0.047593333
2.261000000	0.084422378	0.632246529	0.393196442	0.098659984	-1.027602397	-3.192708855	0.076239164	-0.063512723	0.049671668	0.089764809	0.009878386	-0.047564097
2.262000000	0.084498589	0.632182958	0.393246162	0.098749717	-1.027592509	-3.192756404	0.076182769	-0.063630350	0.049768980	0.089701306	0.009897742	-0.047534799
2.263000000	0.084574744	0.632119269	0.393295980	0.098839387	-1.027582601	-3.192803924	0.076126264	-0.063747893	0.049866220	0.089637676	0.009917102	-0.047505437
2.264000000	0.084650842	0.632055462	0.393345895	0.098928993	-1.027572675	-3.192851415	0.076069650	-0.063865354	0.049963387	0.089573922	0.009936464	-0.047476013
2.265000000	0.084726883	0.631991538	0.393395907	0.099018535	-1.027562728	-3.192898876	0.076012927	-0.063982733	0.050060481	0.089510042	0.009955829	-0.047446525
2.266000000	0.084802868	0.631927497	0.393446016	0.099108013	-1.027552763	-3.192946308	0.075956095	-0.064100028	0.050157503	0.089446035	0.009975197	-0.047416975
2.267000000	0.084878795	0.631863338	0.393496222	0.099197427	-1.027542778	-3.192993710	0.075899154	-0.064217241	0.050254451	0.089381904	0.009994568	-0.047387361
2.268000000	0.084954666	0.631799062	0.393546524	0.099286777	-1.027532774	-3.193041083	0.075842104	-0.064334370	0.050351325	0.089317647	0.010013942	-0.047357684
2.269000000	0.085030479	0.631734669	0.393596924	0.099376062	-1.027522750	-3.193088426	0.075784945	-0.064451415	0.050448127	0.089253265	0.010033319	-0.047327944
2.270000000	0.085106236	0.631670159	0.393647421	0.099465283	-1.027512707	-3.193135739	0.075727678	-0.064568378	0.050544854	0.089188757	0.010052699	-0.047298141
2.271000000	0.085181935	0.631605533	0.393698014	0.099554440	-1.027502645	-3.193183022	0.075670301	-0.064685256	0.050641508	0.089124124	0.010072082	-0.047268275
2.272000000	0.085257576	0.631540789	0.393748704	0.099643531	-1.027492563	-3.193230275	0.075612816	-0.064802050	0.050738088	0.089059365	0.010091468	-0.047238346
2.273000000	0.085333160	0.631475928	0.393799490	0.099732558	-1.027482462	-3.193277499	0.075555222	-0.064918761	0.050834594	0.088994482	0.010110857	-0.047208354
2.274000000	0.085408687	0.631410951	0.393850373	0.099821520	-1.027472341	-3.193324692	0.075497519	-0.065035387	0.050931026	0.088929473	0.010130249	-0.047178299
2.275000000	0.085484155	0.631345858	0.393901352	0.099910417	-1.027462201	-3.193371855	0.075439707	-0.065151929	0.051027384	0.088864339	0.010149644	-0.047148181
2.276000000	0.085559566	0.631280647	0.393952428	0.099999249	-1.027452042	-3.193418988	0.075381787	-0.065268386	0.051123667	0.088799080	0.010169041	-0.047118000
2.277000000	0.085634919	0.631215321	0.394003599	0.100088015	-1.027441863	-3.193466091	0.075323759	-0.065384759	0.051219875	0.088733696	0.010188442	-0.047087756
2.278000000	0.085710214	0.631149878	0.394054867	0.100176716	-1.027431665	-3.193513164	0.075265622	-0.065501046	0.051316009	0.088668187	0.010207846	-0.047057449
2.279000000	0.085785450	0.631084319	0.394106231	0.100265352	-1.027421448	-3.193560206	0.075207376	-0.065617249	0.051412068	0.088602554	0.010227252	-0.047027080
2.280000000	0.085860628	0.631018643	0.394157692	0.100353922	-1.027411211	-3.193607218	0.075149023	-0.065733367	0.051508051	0.088536795	0.010246662	-0.046996647
2.281000000	0.085935748	0.630952852	0.394209248	0.100442425	-1.027400954	-3.193654199	0.075090560	-0.065849399	0.051603960	0.088470911	0.010266074	-0.046966151
2.282000000	0.086010810	0.630886945	0.394260899	0.100530863	-1.027390678	-3.193701150	0.075031990	-0.065965345	0.051699793	0.088404902	0.010285489	-0.046935593
2.283000000	0.086085812	0.630820921	0.394312647	0.100619235	-1.027380383	-3.193748071	0.074973311	-0.066081206	0.051795551	0.088338769	0.010304908	-0.046904971
2.284000000	0.086160756	0.630754782	0.394364491	0.100707541	-1.027370069	-3.193794960	0.074914524	-0.066196981	0.051891233	0.088272512	0.010324329	-0.046874287
2.285000000	0.086235641	0.630688527	0.394416430	0.100795780	-1.027359735	-3.193841819	0.074855629	-0.066312670	0.051986839	0.088206129	0.010343753	-0.046843539
2.286000000	0.086310467	0.630622157	0.394468464	0.100883953	-1.027349381	-3.193888647	0.074796626	-0.066428273	0.052082370	0.088139622	0.010363179	-0.046812729
2.287000000	0.086385235	0.630555671	0.394520594	0.100972059	-1.027339008	-3.193935445	0.074737514	-0.066543790	0.052177824	0.088072990	0.010382609	-0.046781856
2.288000000	0.086459943	0.630489069	0.394572820	0.101060099	-1.027328616	-3.193982211	0.074678295	-0.066659220	0.052273203	0.088006234	0.010402042	-0.046750920
2.289000000	0.086534591	0.630422352	0.394625141	0.101148072	-1.027318204	-3.194028947	0.074618968	-0.066774564	0.052368505	0.087939353	0.010421477	-0.046719921
2.290000000	0.086609180	0.630355520	0.394677557	0.101235978	-1.027307773	-3.194075651	0.074559533	-0.066889820	0.052463730	0.087872348	0.010440916	-0.046688860
2.291000000	0.086683710	0.630288573	0.394730068	0.101323817	-1.027297322	-3.194122324	0.074499990	-0.067004990	0.052558879	0.087805219	0.010460357	-0.046657736
2.292000000	0.086758180	0.630221510	0.394782675	0.101411588	-1.027286852	-3.194168966	0.074440339	-0.067120073	0.052653951	0.087737965	0.010479801	-0.046626548
2.293000000	0.086832591	0.630154333	0.394835376	0.101499293	-1.027276363	-3.194215577	0.074380581	-0.067235068	0.052748946	0.087670588	0.010499248	-0.046595298
2.294000000	0.086906942	0.630087040	0.394888173	0.101586929	-1.027265854	-3.194262157	0.074320715	-0.067349976	0.052843865	0.087603086	0.010518698	-0.046563985
2.295000000	0.086981232	0.630019633	0.394941064	0.101674499	-1.027255325	-3.194308705	0.074260741	-0.067464796	0.052938706	0.087535459	0.010538150	-0.046532610
2.296000000	0.087055463	0.629952110	0.394994050	0.101762000	-1.027244777	-3.194355222	0.074200659	-0.067579529	0.053033469	0.087467709	0.010557606	-0.046501171
2.297000000	0.087129634	0.629884474	0.395047131	0.101849434	-1.027234210	-3.194401708	0.074140470	-0.067694174	0.053128156	0.087399834	0.010577064	-0.046469670
2.298000000	0.087203744	0.629816722	0.395100306	0.101936800	-1.027223623	-3.194448162	0.074080174	-0.067808730	0.053222765	0.087331836	0.010596525	-0.046438106
2.299000000	0.087277794	0.629748856	0.395153576	0.102024098	-1.027213017	-3.194494584	0.074019770	-0.067923198	0.053317295	0.087263714	0.010615989	-0.046406480
2.300000000	0.087351784	0.629680876	0.395206941	0.102111327	-1.027202391	-3.194540975	0.073959259	-0.068037578	0.053411748	0.087195468	0.010635456	-0.046374790
2.301000000	0.087425713	0.629612781	0.395260400	0.102198489	-1.027191746	-3.194587333	0.073898640	-0.068151870	0.053506124	0.087127098	0.010654925	-0.046343038
2.302000000	0.087499581	0.629544572	0.395313953	0.102285582	-1.027181082	-3.194633661	0.073837914	-0.068266073	0.053600421	0.087058604	0.010674398	-0.046311223
2.303000000	0.087573388	0.629476249	0.395367601	0.102372606	-1.027170397	-3.194679956	0.073777081	-0.068380186	0.053694639	0.086989986	0.010693873	-0.046279346
2.304000000	0.087647135	0.629407812	0.395421342	0.102459562	-1.027159694	-3.194726219	0.073716141	-0.068494211	0.053788779	0.086921245	0.010713351	-0.046247406
2.305000000	0.087720821	0.629339260	0.395475178	0.102546448	-1.027148971	-3.194772451	0.073655093	-0.068608147	0.053882841	0.086852380	0.010732831	-0.046215403
2.306000000	0.087794445	0.629270595	0.395529108	0.102633266	-1.027138228	-3.194818650	0.073593939	-0.068721993	0.053976824	0.086783391	0.010752315	-0.046183337
2.307000000	0.087868009	0.629201816	0.395583132	0.102720015	-1.027127466	-3.194864817	0.073532677	-0.068835750	0.054070728	0.086714279	0.010771801	-0.046151209
2.308000000	0.087941511	0.629132924	0.395637250	0.102806695	-1.027116685	-3.194910953	0.073471309	-0.068949417	0.054164553	0.086645044	0.010791290	-0.046119018
2.309000000	0.088014951	0.629063918	0.395691461	0.102893305	-1.027105883	-3.194957055	0.073409833	-0.069062994	0.054258299	0.086575685	0.010810781	-0.046086764
2.310000000	0.088088330	0.628994798	0.395745766	0.102979846	-1.027095063	-3.195003126	0.073348251	-0.069176481	0.054351965	0.086506203	0.010830276	-0.046054448
2.311000000	0.088161648	0.628925565	0.395800165	0.103066318	-1.027084223	-3.195049164	0.073286562	-0.069289878	0.054445553	0.086436596	0.010849773	-0.046022069
2.312000000	0.088234903	0.628856218	0.395854657	0.103152720	-1.027073363	-3.195095170	0.073224766	-0.069403185	0.054539060	0.086366868	0.010869273	-0.045989628
2.313000000	0.088308097	0.628786758	0.395909243	0.103239051	-1.027062484	-3.195141144	0.073162863	-0.069516401	0.054632488	0.086297016	0.010888775	-0.045957124
2.314000000	0.088381229	0.628717185	0.395963922	0.103325314	-1.027051586	-3.195187084	0.073100854	-0.069629527	0.054725836	0.086227040	0.010908280	-0.045924557
2.315000000	0.088454299	0.628647499	0.396018695	0.103411506	-1.027040668	-3.195232993	0.073038738	-0.069742562	0.054819104	0.086156941	0.010927788	-0.045891928
2.316000000	0.088527307	0.628577700	0.396073560	0.103497627	-1.027029730	-3.195278868	0.072976516	-0.069855506	0.054912292	0.086086720	0.010947299	-0.045859237
2.317000000	0.088600252	0.628507788	0.396128519	0.103583679	-1.027018773	-3.195324711	0.072914187	-0.069968359	0.055005400	0.086016375	0.010966812	-0.045826483
2.318000000	0.088673135	0.628437763	0.396183571	0.103669660	-1.027007797	-3.195370521	0.072851751	-0.070081121	0.055098427	0.085945908	0.010986328	-0.045793666
2.319000000	0.088745955	0.628367626	0.396238716	0.103755571	-1.026996801	-3.195416299	0.072789209	-0.070193791	0.055191374	0.085875317	0.011005846	-0.045760786
2.320000000	0.088818713	0.628297376	0.396293954	0.103841411	-1.026985785	-3.195462043	0.072726561	-0.070306370	0.055284240	0.085804604	0.011025368	-0.045727845
2.321000000	0.088891409	0.628227013	0.396349285	0.103927180	-1.026974750	-3.195507754	0.072663807	-0.070418856	0.055377025	0.085733768	0.011044892	-0.045694840
2.322000000	0.088964041	0.628156538	0.396404708	0.104012878	-1.026963695	-3.195553433	0.072600946	-0.070531252	0.055469730	0.085662809	0.011064418	-0.045661773
2.323000000	0.089036610	0.628085951	0.396460224	0.104098506	-1.026952621	-3.195599078	0.072537979	-0.070643555	0.055562353	0.085591727	0.011083947	-0.045628644
2.324000000	0.089109117	0.628015251	0.396515833	0.104184062	-1.026941527	-3.195644690	0.072474906	-0.070755765	0.055654895	0.085520523	0.011103479	-0.045595452
2.325000000	0.089181560	0.627944439	0.396571534	0.104269547	-1.026930414	-3.195690269	0.072411727	-0.070867883	0.055747356	0.085449196	0.011123013	-0.045562198
2.326000000	0.089253940	0.627873515	0.396627327	0.104354960	-1.026919281	-3.195735814	0.072348442	-0.070979909	0.055839735	0.085377747	0.011142550	-0.045528881
2.327000000	0.089326257	0.627802479	0.396683213	0.104440302	-1.026908129	-3.195781326	0.072285051	-0.071091843	0.055932033	0.085306175	0.011162090	-0.045495502
2.328000000	0.089398510	0.627731332	0.396739191	0.104525573	-1.026896957	-3.195826805	0.072221554	-0.071203683	0.056024248	0.085234481	0.011181632	-0.045462061
2.329000000	0.089470700	0.627660072	0.396795262	0.104610771	-1.026885766	-3.195872251	0.072157951	-0.071315430	0.056116382	0.085162664	0.011201177	-0.045428557
2.330000000	0.089542826	0.627588701	0.396851424	0.104695898	-1.026874555	-3.195917662	0.072094243	-0.071427084	0.056208434	0.085090725	0.011220724	-0.045394990
2.331000000	0.089614889	0.627517218	0.396907679	0.104780953	-1.026863324	-3.195963041	0.072030428	-0.071538646	0.056300403	0.085018664	0.011240274	-0.045361362
2.332000000	0.089686887	0.627445623	0.396964025	0.104865935	-1.026852074	-3.196008385	0.071966508	-0.071650113	0.056392290	0.084946480	0.011259826	-0.045327670
2.333000000	0.089758822	0.627373918	0.397020463	0.104950846	-1.026840805	-3.196053696	0.071902483	-0.071761487	0.056484095	0.084874175	0.011279381	-0.045293917
2.334000000	0.089830692	0.627302100	0.397076993	0.105035684	-1.026829515	-3.196098973	0.071838351	-0.071872767	0.056575817	0.084801747	0.011298938	-0.045260101
2.335000000	0.089902498	0.627230172	0.397133615	0.105120449	-1.026818207	-3.196144216	0.071774114	-0.071983953	0.056667457	0.084729197	0.011318498	-0.045226223
2.336000000	0.089974240	0.627158133	0.397190328	0.105205142	-1.026806878	-3.196189425	0.071709772	-0.072095045	0.056759013	0.084656525	0.011338061	-0.045192282
2.337000000	0.090045918	0.627085982	0.397247133	0.105289762	-1.026795531	-3.196234601	0.071645324	-0.072206042	0.056850487	0.084583732	0.011357625	-0.045158279
2.338000000	0.090117531	0.627013720	0.397304029	0.105374309	-1.026784163	-3.196279742	0.071580771	-0.072316945	0.056941877	0.084510816	0.011377193	-0.045124214
2.339000000	0.090189080	0.626941348	0.397361017	0.105458784	-1.026772776	-3.196324849	0.071516113	-0.072427754	0.057033184	0.084437778	0.011396763	-0.045090087
2.340000000	0.090260563	0.626868865	0.397418096	0.105543185	-1.026761370	-3.196369922	0.071451349	-0.072538468	0.057124408	0.084364619	0.011416335	-0.045055897
2.341000000	0.090331982	0.626796271	0.397475265	0.105627513	-1.026749944	-3.196414961	0.071386481	-0.072649087	0.057215547	0.084291338	0.011435910	-0.045021645
2.342000000	0.090403336	0.626723567	0.397532527	0.105711768	-1.026738498	-3.196459965	0.071321507	-0.072759611	0.057306604	0.084217936	0.011455487	-0.044987331
2.343000000	0.090474625	0.626650752	0.397589879	0.105795949	-1.026727033	-3.196504936	0.071256428	-0.072870040	0.057397576	0.084144411	0.011475066	-0.044952954
2.344000000	0.090545849	0.626577827	0.397647322	0.105880056	-1.026715548	-3.196549871	0.071191244	-0.072980373	0.057488465	0.084070766	0.011494648	-0.044918515
2.345000000	0.090617008	0.626504791	0.397704856	0.105964090	-1.026704043	-3.196594773	0.071125954	-0.073090611	0.057579269	0.083996998	0.011514233	-0.044884014
2.346000000	0.090688101	0.626431645	0.397762480	0.106048050	-1.026692519	-3.196639639	0.071060560	-0.073200753	0.057669989	0.083923110	0.011533819	-0.044849451
2.347000000	0.090759129	0.626358390	0.397820196	0.106131937	-1.026680976	-3.196684471	0.070995062	-0.073310800	0.057760625	0.083849099	0.011553409	-0.044814825
2.348000000	0.090830091	0.626285024	0.397878002	0.106215749	-1.026669412	-3.196729269	0.070929458	-0.073420751	0.057851176	0.083774968	0.011573000	-0.044780138
2.349000000	0.090900988	0.626211548	0.397935898	0.106299487	-1.026657830	-3.196774032	0.070863750	-0.073530604	0.057941642	0.083700715	0.011592594	-0.044745388
2.350000000	0.090971819	0.626137963	0.397993885	0.106383150	-1.026646227	-3.196818760	0.070797937	-0.073640363	0.058032024	0.083626341	0.011612190	-0.044710576
2.351000000	0.091042584	0.626064267	0.398051962	0.106466739	-1.026634605	-3.196863453	0.070732019	-0.073750024	0.058122321	0.083551846	0.011631789	-0.044675702
2.352000000	0.091113283	0.625990463	0.398110129	0.106550254	-1.026622964	-3.196908111	0.070665997	-0.073859589	0.058212533	0.083477230	0.011651390	-0.044640766
2.353000000	0.091183916	0.625916548	0.398168387	0.106633694	-1.026611302	-3.196952734	0.070599870	-0.073969057	0.058302659	0.083402493	0.011670993	-0.044605767
2.354000000	0.091254482	0.625842525	0.398226735	0.106717059	-1.026599622	-3.196997323	0.070533639	-0.074078428	0.058392700	0.083327634	0.011690599	-0.044570707
2.355000000	0.091324983	0.625768391	0.398285172	0.106800349	-1.026587921	-3.197041876	0.070467303	-0.074187702	0.058482656	0.083252655	0.011710206	-0.044535584
2.356000000	0.091395417	0.625694149	0.398343700	0.106883564	-1.026576201	-3.197086394	0.070400863	-0.074296879	0.058572526	0.083177555	0.011729816	-0.044500399
2.357000000	0.091465785	0.625619798	0.398402318	0.106966704	-1.026564462	-3.197130877	0.070334319	-0.074405959	0.058662311	0.083102334	0.011749429	-0.044465153
2.358000000	0.091536086	0.625545337	0.398461025	0.107049769	-1.026552702	-3.197175324	0.070267671	-0.074514941	0.058752009	0.083026993	0.011769043	-0.044429844
2.359000000	0.091606320	0.625470768	0.398519822	0.107132758	-1.026540924	-3.197219736	0.070200918	-0.074623825	0.058841622	0.082951530	0.011788660	-0.044394473
2.360000000	0.091676487	0.625396090	0.398578708	0.107215672	-1.026529125	-3.197264113	0.070134061	-0.074732611	0.058931148	0.082875947	0.011808279	-0.044359040
2.361000000	0.091746588	0.625321303	0.398637684	0.107298510	-1.026517307	-3.197308454	0.070067100	-0.074841300	0.059020588	0.082800244	0.011827901	-0.044323545
2.362000000	0.091816622	0.625246407	0.398696749	0.107381272	-1.026505469	-3.197352760	0.070000036	-0.074949890	0.059109941	0.082724419	0.011847524	-0.044287988
2.363000000	0.091886588	0.625171403	0.398755904	0.107463959	-1.026493612	-3.197397030	0.069932867	-0.075058381	0.059199208	0.082648475	0.011867150	-0.044252369
2.364000000	0.091956487	0.625096290	0.398815148	0.107546569	-1.026481735	-3.197441265	0.069865594	-0.075166775	0.059288389	0.082572410	0.011886778	-0.044216688
2.365000000	0.092026319	0.625021069	0.398874481	0.107629104	-1.026469838	-3.197485464	0.069798218	-0.075275069	0.059377482	0.082496225	0.011906408	-0.044180945
2.366000000	0.092096084	0.624945740	0.398933903	0.107711562	-1.026457922	-3.197529627	0.069730738	-0.075383265	0.059466489	0.082419919	0.011926040	-0.044145140
2.367000000	0.092165781	0.624870303	0.398993413	0.107793943	-1.026445986	-3.197573754	0.069663154	-0.075491362	0.059555408	0.082343493	0.011945674	-0.044109273
2.368000000	0.092235410	0.624794757	0.399053013	0.107876249	-1.026434031	-3.197617845	0.069595466	-0.075599359	0.059644240	0.082266947	0.011965310	-0.044073344
2.369000000	0.092304972	0.624719104	0.399112702	0.107958477	-1.026422056	-3.197661901	0.069527675	-0.075707258	0.059732985	0.082190281	0.011984949	-0.044037353
2.370000000	0.092374466	0.624643343	0.399172479	0.108040629	-1.026410061	-3.197705920	0.069459780	-0.075815057	0.059821643	0.082113494	0.012004590	-0.044001301
2.371000000	0.092443891	0.624567474	0.399232345	0.108122704	-1.026398046	-3.197749903	0.069391782	-0.075922757	0.059910213	0.082036588	0.012024232	-0.043965186
2.372000000	0.092513249	0.624491497	0.399292300	0.108204702	-1.026386012	-3.197793850	0.069323681	-0.076030356	0.059998695	0.081959562	0.012043877	-0.043929010
2.373000000	0.092582539	0.624415413	0.399352343	0.108286623	-1.026373959	-3.197837761	0.069255476	-0.076137856	0.060087088	0.081882415	0.012063524	-0.043892771
2.374000000	0.092651760	0.624339222	0.399412474	0.108368467	-1.026361885	-3.197881636	0.069187168	-0.076245255	0.060175394	0.081805149	0.012083173	-0.043856471
2.375000000	0.092720913	0.624262923	0.399472693	0.108450234	-1.026349792	-3.197925474	0.069118756	-0.076352555	0.060263612	0.081727764	0.012102824	-0.043820109
2.376000000	0.092789998	0.624186516	0.399533001	0.108531923	-1.026337680	-3.197969276	0.069050242	-0.076459754	0.060351742	0.081650258	0.012122477	-0.043783685
2.377000000	0.092859013	0.624110003	0.399593397	0.108613534	-1.026325547	-3.198013042	0.068981624	-0.076566853	0.060439783	0.081572633	0.012142131	-0.043747199
2.378000000	0.092927961	0.624033383	0.399653881	0.108695068	-1.026313395	-3.198056771	0.068912904	-0.076673851	0.060527736	0.081494888	0.012161788	-0.043710652
2.379000000	0.092996839	0.623956655	0.399714452	0.108776524	-1.026301224	-3.198100463	0.068844080	-0.076780748	0.060615600	0.081417024	0.012181447	-0.043674042
2.380000000	0.093065649	0.623879821	0.399775112	0.108857902	-1.026289033	-3.198144119	0.068775153	-0.076887544	0.060703375	0.081339040	0.012201108	-0.043637371
2.381000000	0.093134390	0.623802880	0.399835859	0.108939202	-1.026276822	-3.198187738	0.068706124	-0.076994239	0.060791061	0.081260937	0.012220771	-0.043600638
2.382000000	0.093203061	0.623725833	0.399896694	0.109020424	-1.026264591	-3.198231320	0.068636992	-0.077100833	0.060878658	0.081182715	0.012240435	-0.043563844
2.383000000	0.093271664	0.623648679	0.399957616	0.109101568	-1.026252341	-3.198274865	0.068567757	-0.077207325	0.060966166	0.081104373	0.012260102	-0.043526987
2.384000000	0.093340197	0.623571418	0.400018626	0.109182633	-1.026240071	-3.198318374	0.068498419	-0.077313716	0.061053584	0.081025912	0.012279770	-0.043490069
2.385000000	0.093408660	0.623494051	0.400079724	0.109263619	-1.026227781	-3.198361846	0.068428979	-0.077420005	0.061140913	0.080947332	0.012299441	-0.043453089
2.386000000	0.093477055	0.623416578	0.400140908	0.109344527	-1.026215472	-3.198405280	0.068359436	-0.077526192	0.061228153	0.080868632	0.012319113	-0.043416048
2.387000000	0.093545379	0.623338999	0.400202180	0.109425357	-1.026203143	-3.198448678	0.068289790	-0.077632277	0.061315302	0.080789814	0.012338787	-0.043378945
2.388000000	0.093613634	0.623261314	0.400263539	0.109506107	-1.026190794	-3.198492038	0.068220043	-0.077738260	0.061402362	0.080710877	0.012358463	-0.043341780
2.389000000	0.093681819	0.623183522	0.400324985	0.109586778	-1.026178426	-3.198535361	0.068150193	-0.077844140	0.061489332	0.080631820	0.012378141	-0.043304553
2.390000000	0.093749935	0.623105625	0.400386517	0.109667371	-1.026166038	-3.198578647	0.068080240	-0.077949918	0.061576211	0.080552645	0.012397820	-0.043267265
2.391000000	0.093817980	0.623027623	0.400448137	0.109747884	-1.026153630	-3.198621896	0.068010185	-0.078055593	0.061663001	0.080473351	0.012417502	-0.043229915
2.392000000	0.093885955	0.622949514	0.400509843	0.109828317	-1.026141203	-3.198665107	0.067940028	-0.078161165	0.061749699	0.080393938	0.012437185	-0.043192504
2.393000000	0.093953860	0.622871300	0.400571636	0.109908672	-1.026128756	-3.198708281	0.067869769	-0.078266634	0.061836308	0.080314407	0.012456870	-0.043155031
2.394000000	0.094021695	0.622792981	0.400633516	0.109988946	-1.026116289	-3.198751417	0.067799408	-0.078372001	0.061922825	0.080234757	0.012476556	-0.043117496
2.395000000	0.094089459	0.622714556	0.400695482	0.110069141	-1.026103803	-3.198794516	0.067728945	-0.078477264	0.062009252	0.080154988	0.012496245	-0.043079900
2.396000000	0.094157152	0.622636026	0.400757535	0.110149256	-1.026091297	-3.198837577	0.067658380	-0.078582423	0.062095588	0.080075101	0.012515935	-0.043042242
2.397000000	0.094224775	0.622557391	0.400819673	0.110229291	-1.026078771	-3.198880600	0.067587713	-0.078687479	0.062181833	0.079995096	0.012535626	-0.043004523
2.398000000	0.094292328	0.622478651	0.400881898	0.110309246	-1.026066226	-3.198923586	0.067516944	-0.078792431	0.062267986	0.079914972	0.012555320	-0.042966742
2.399000000	0.094359809	0.622399806	0.400944209	0.110389121	-1.026053660	-3.198966534	0.067446074	-0.078897279	0.062354049	0.079834730	0.012575015	-0.042928899
2.400000000	0.094427220	0.622320857	0.401006606	0.110468916	-1.026041076	-3.199009444	0.067375101	-0.079002023	0.062440020	0.079754369	0.012594712	-0.042890995
2.401000000	0.094494560	0.622241802	0.401069089	0.110548630	-1.026028471	-3.199052316	0.067304028	-0.079106663	0.062525899	0.079673891	0.012614410	-0.042853030
2.402000000	0.094561828	0.622162643	0.401131658	0.110628264	-1.026015847	-3.199095150	0.067232852	-0.079211198	0.062611686	0.079593294	0.012634110	-0.042815003
2.403000000	0.094629025	0.622083380	0.401194313	0.110707817	-1.026003203	-3.199137946	0.067161575	-0.079315629	0.062697382	0.079512579	0.012653811	-0.042776915
2.404000000	0.094696151	0.622004012	0.401257053	0.110787289	-1.025990539	-3.199180704	0.067090197	-0.079419956	0.062782986	0.079431746	0.012673515	-0.042738765
2.405000000	0.094763206	0.621924540	0.401319879	0.110866680	-1.025977856	-3.199223423	0.067018717	-0.079524177	0.062868498	0.079350795	0.012693219	-0.042700554
2.406000000	0.094830189	0.621844964	0.401382790	0.110945990	-1.025965153	-3.199266105	0.066947136	-0.079628293	0.062953917	0.079269727	0.012712925	-0.042662281
2.407000000	0.094897100	0.621765284	0.401445786	0.111025219	-1.025952430	-3.199308748	0.066875454	-0.079732305	0.063039244	0.079188541	0.012732633	-0.042623947
2.408000000	0.094963940	0.621685499	0.401508868	0.111104367	-1.025939687	-3.199351353	0.066803670	-0.079836211	0.063124478	0.079107236	0.012752342	-0.042585552
2.409000000	0.095030707	0.621605611	0.401572035	0.111183434	-1.025926925	-3.199393919	0.066731786	-0.079940011	0.063209620	0.079025814	0.012772053	-0.042547095
2.410000000	0.095097403	0.621525619	0.401635288	0.111262419	-1.025914143	-3.199436447	0.066659800	-0.080043706	0.063294669	0.078944275	0.012791765	-0.042508576
2.411000000	0.095164027	0.621445524	0.401698625	0.111341323	-1.025901342	-3.199478936	0.066587713	-0.080147295	0.063379625	0.078862618	0.012811479	-0.042469997
2.412000000	0.095230579	0.621365325	0.401762047	0.111420144	-1.025888520	-3.199521387	0.066515526	-0.080250779	0.063464489	0.078780843	0.012831194	-0.042431356
2.413000000	0.095297058	0.621285022	0.401825554	0.111498884	-1.025875679	-3.199563799	0.066443238	-0.080354156	0.063549259	0.078698951	0.012850911	-0.042392654
2.414000000	0.095363465	0.621204616	0.401889145	0.111577542	-1.025862819	-3.199606172	0.066370848	-0.080457426	0.063633936	0.078616942	0.012870629	-0.042353890
2.415000000	0.095429800	0.621124107	0.401952822	0.111656118	-1.025849938	-3.199648506	0.066298358	-0.080560591	0.063718519	0.078534815	0.012890348	-0.042315066
2.416000000	0.095496062	0.621043495	0.402016582	0.111734612	-1.025837038	-3.199690802	0.066225768	-0.080663649	0.063803009	0.078452571	0.012910069	-0.042276179
2.417000000	0.095562251	0.620962780	0.402080428	0.111813023	-1.025824118	-3.199733059	0.066153077	-0.080766601	0.063887405	0.078370210	0.012929791	-0.042237232
2.418000000	0.095628368	0.620881962	0.402144357	0.111891352	-1.025811178	-3.199775277	0.066080285	-0.080869445	0.063971707	0.078287732	0.012949514	-0.042198224
2.419000000	0.095694412	0.620801041	0.402208371	0.111969599	-1.025798219	-3.199817455	0.066007392	-0.080972183	0.064055916	0.078205137	0.012969239	-0.042159154
2.420000000	0.095760383	0.620720018	0.402272469	0.112047762	-1.025785240	-3.199859595	0.065934400	-0.081074813	0.064140031	0.078122424	0.012988965	-0.042120023
2.421000000	0.095826281	0.620638891	0.402336651	0.112125844	-1.025772241	-3.199901695	0.065861307	-0.081177336	0.064224051	0.078039595	0.013008692	-0.042080830
2.422000000	0.095892105	0.620557663	0.402400917	0.112203842	-1.025759222	-3.199943757	0.065788114	-0.081279752	0.064307977	0.077956649	0.013028420	-0.042041577
2.423000000	0.095957857	0.620476332	0.402465267	0.112281757	-1.025746184	-3.199985779	0.065714820	-0.081382061	0.064391809	0.077873587	0.013048150	-0.042002262
2.424000000	0.096023535	0.620394899	0.402529701	0.112359589	-1.025733126	-3.200027761	0.065641426	-0.081484261	0.064475545	0.077790407	0.013067881	-0.041962887
2.425000000	0.096089140	0.620313363	0.402594218	0.112437338	-1.025720048	-3.200069704	0.065567933	-0.081586353	0.064559188	0.077707111	0.013087613	-0.041923450
2.426000000	0.096154671	0.620231726	0.402658819	0.112515003	-1.025706951	-3.200111608	0.065494339	-0.081688338	0.064642735	0.077623698	0.013107346	-0.041883952
2.427000000	0.096220128	0.620149987	0.402723504	0.112592585	-1.025693834	-3.200153472	0.065420645	-0.081790214	0.064726188	0.077540169	0.013127081	-0.041844393
2.428000000	0.096285512	0.620068146	0.402788272	0.112670083	-1.025680697	-3.200195297	0.065346852	-0.081891982	0.064809545	0.077456523	0.013146816	-0.041804772
2.429000000	0.096350822	0.619986203	0.402853123	0.112747498	-1.025667540	-3.200237082	0.065272959	-0.081993642	0.064892808	0.077372761	0.013166553	-0.041765091
2.430000000	0.096416058	0.619904158	0.402918057	0.112824829	-1.025654364	-3.200278827	0.065198966	-0.082095192	0.064975975	0.077288883	0.013186291	-0.041725349
2.431000000	0.096481220	0.619822012	0.402983075	0.112902076	-1.025641167	-3.200320532	0.065124873	-0.082196634	0.065059046	0.077204888	0.013206030	-0.041685545
2.432000000	0.096546308	0.619739765	0.403048175	0.112979239	-1.025627952	-3.200362198	0.065050680	-0.082297967	0.065142022	0.077120777	0.013225770	-0.041645681
2.433000000	0.096611321	0.619657416	0.403113359	0.113056317	-1.025614716	-3.200403824	0.064976388	-0.082399191	0.065224902	0.077036551	0.013245511	-0.041605755
2.434000000	0.096676261	0.619574967	0.403178625	0.113133312	-1.025601461	-3.200445410	0.064901997	-0.082500306	0.065307687	0.076952208	0.013265253	-0.041565769
2.435000000	0.096741125	0.619492416	0.403243974	0.113210222	-1.025588185	-3.200486955	0.064827506	-0.082601311	0.065390376	0.076867748	0.013284996	-0.041525721
2.436000000	0.096805916	0.619409764	0.403309406	0.113287047	-1.025574891	-3.200528461	0.064752916	-0.082702207	0.065472968	0.076783173	0.013304739	-0.041485613
2.437000000	0.096870631	0.619327011	0.403374920	0.113363788	-1.025561576	-3.200569927	0.064678226	-0.082802993	0.065555464	0.076698483	0.013324484	-0.041445443
2.438000000	0.096935272	0.619244158	0.403440517	0.113440444	-1.025548242	-3.200611352	0.064603438	-0.082903669	0.065637864	0.076613676	0.013344230	-0.041405213
2.439000000	0.096999838	0.619161204	0.403506196	0.113517016	-1.025534887	-3.200652737	0.064528550	-0.083004235	0.065720167	0.076528754	0.013363977	-0.041364922
2.440000000	0.097064329	0.619078150	0.403571957	0.113593502	-1.025521514	-3.200694082	0.064453563	-0.083104691	0.065802374	0.076443716	0.013383725	-0.041324570
2.441000000	0.097128745	0.618994995	0.403637801	0.113669903	-1.025508120	-3.200735386	0.064378477	-0.083205036	0.065884484	0.076358562	0.013403473	-0.041284157
2.442000000	0.097193086	0.618911740	0.403703726	0.113746219	-1.025494707	-3.200776650	0.064303292	-0.083305271	0.065966497	0.076273293	0.013423223	-0.041243683
2.443000000	0.097257352	0.618828384	0.403769734	0.113822450	-1.025481274	-3.200817873	0.064228009	-0.083405396	0.066048414	0.076187909	0.013442973	-0.041203148
2.444000000	0.097321542	0.618744929	0.403835823	0.113898595	-1.025467821	-3.200859056	0.064152626	-0.083505410	0.066130233	0.076102409	0.013462724	-0.041162552
2.445000000	0.097385657	0.618661373	0.403901994	0.113974654	-1.025454348	-3.200900199	0.064077145	-0.083605313	0.066211955	0.076016793	0.013482476	-0.041121896
2.446000000	0.097449696	0.618577718	0.403968247	0.114050628	-1.025440856	-3.200941300	0.064001565	-0.083705104	0.066293580	0.075931063	0.013502228	-0.041081178
2.447000000	0.097513660	0.618493963	0.404034581	0.114126516	-1.025427344	-3.200982361	0.063925887	-0.083804785	0.066375107	0.075845217	0.013521982	-0.041040401
2.448000000	0.097577548	0.618410109	0.404100997	0.114202319	-1.025413812	-3.201023381	0.063850110	-0.083904354	0.066456537	0.075759256	0.013541736	-0.040999562
2.449000000	0.097641360	0.618326154	0.404167494	0.114278035	-1.025400260	-3.201064360	0.063774234	-0.084003812	0.066537869	0.075673180	0.013561490	-0.040958662
2.450000000	0.097705097	0.618242101	0.404234073	0.114353665	-1.025386689	-3.201105298	0.063698260	-0.084103158	0.066619103	0.075586990	0.013581246	-0.040917702
2.451000000	0.097768757	0.618157948	0.404300732	0.114429209	-1.025373098	-3.201146195	0.063622188	-0.084202392	0.066700239	0.075500684	0.013601002	-0.040876681
2.452000000	0.097832341	0.618073696	0.404367473	0.114504666	-1.025359487	-3.201187052	0.063546017	-0.084301514	0.066781277	0.075414263	0.013620759	-0.040835599
2.453000000	0.097895849	0.617989345	0.404434295	0.114580038	-1.025345856	-3.201227867	0.063469749	-0.084400524	0.066862217	0.075327728	0.013640516	-0.040794456
2.454000000	0.097959280	0.617904895	0.404501198	0.114655322	-1.025332206	-3.201268641	0.063393382	-0.084499422	0.066943059	0.075241078	0.013660274	-0.040753253
2.455000000	0.098022636	0.617820346	0.404568181	0.114730520	-1.025318536	-3.201309373	0.063316918	-0.084598207	0.067023801	0.075154313	0.013680033	-0.040711989
2.456000000	0.098085914	0.617735699	0.404635245	0.114805631	-1.025304846	-3.201350065	0.063240355	-0.084696880	0.067104446	0.075067434	0.013699792	-0.040670665
2.457000000	0.098149116	0.617650953	0.404702390	0.114880655	-1.025291136	-3.201390714	0.063163694	-0.084795440	0.067184992	0.074980440	0.013719551	-0.040629280
2.458000000	0.098212242	0.617566108	0.404769615	0.114955591	-1.025277407	-3.201431323	0.063086936	-0.084893888	0.067265439	0.074893332	0.013739311	-0.040587834
2.459000000	0.098275290	0.617481165	0.404836921	0.115030441	-1.025263657	-3.201471890	0.063010079	-0.084992222	0.067345787	0.074806110	0.013759072	-0.040546327
2.460000000	0.098338262	0.617396123	0.404904307	0.115105204	-1.025249888	-3.201512416	0.062933126	-0.085090442	0.067426036	0.074718773	0.013778833	-0.040504761
2.461000000	0.098401156	0.617310984	0.404971773	0.115179879	-1.025236100	-3.201552900	0.062856074	-0.085188550	0.067506185	0.074631322	0.013798594	-0.040463133
2.462000000	0.098463974	0.617225746	0.405039319	0.115254466	-1.025222291	-3.201593342	0.062778925	-0.085286545	0.067586236	0.074543756	0.013818356	-0.040421445
2.463000000	0.098526714	0.617140411	0.405106945	0.115328966	-1.025208463	-3.201633743	0.062701678	-0.085384425	0.067666187	0.074456077	0.013838119	-0.040379696
2.464000000	0.098589377	0.617054977	0.405174652	0.115403378	-1.025194615	-3.201674101	0.062624334	-0.085482192	0.067746038	0.074368284	0.013857881	-0.040337887
2.465000000	0.098651963	0.616969446	0.405242437	0.115477703	-1.025180747	-3.201714418	0.062546893	-0.085579845	0.067825790	0.074280377	0.013877644	-0.040296018
2.466000000	0.098714471	0.616883818	0.405310303	0.115551939	-1.025166860	-3.201754693	0.062469354	-0.085677384	0.067905442	0.074192356	0.013897407	-0.040254088
2.467000000	0.098776902	0.616798092	0.405378248	0.115626088	-1.025152952	-3.201794927	0.062391719	-0.085774808	0.067984994	0.074104221	0.013917171	-0.040212097
2.468000000	0.098839255	0.616712268	0.405446273	0.115700148	-1.025139025	-3.201835118	0.062313986	-0.085872119	0.068064446	0.074015973	0.013936935	-0.040170046
2.469000000	0.098901530	0.616626347	0.405514377	0.115774119	-1.025125079	-3.201875267	0.062236156	-0.085969314	0.068143798	0.073927610	0.013956699	-0.040127935
2.470000000	0.098963727	0.616540329	0.405582561	0.115848003	-1.025111112	-3.201915373	0.062158229	-0.086066395	0.068223049	0.073839135	0.013976463	-0.040085763
2.471000000	0.099025846	0.616454215	0.405650823	0.115921798	-1.025097126	-3.201955438	0.062080205	-0.086163361	0.068302200	0.073750545	0.013996228	-0.040043531
2.472000000	0.099087887	0.616368003	0.405719165	0.115995504	-1.025083120	-3.201995461	0.062002084	-0.086260213	0.068381250	0.073661843	0.014015992	-0.040001238
2.473000000	0.099149850	0.616281694	0.405787586	0.116069121	-1.025069094	-3.202035441	0.061923867	-0.086356949	0.068460200	0.073573027	0.014035757	-0.039958885
2.474000000	0.099211735	0.616195289	0.405856085	0.116142650	-1.025055048	-3.202075378	0.061845553	-0.086453570	0.068539049	0.073484097	0.014055522	-0.039916472
2.475000000	0.099273541	0.616108787	0.405924664	0.116216090	-1.025040983	-3.202115274	0.061767142	-0.086550075	0.068617797	0.073395055	0.014075287	-0.039873998
2.476000000	0.099335269	0.616022189	0.405993321	0.116289440	-1.025026897	-3.202155126	0.061688635	-0.086646465	0.068696444	0.073305899	0.014095052	-0.039831464
2.477000000	0.099396919	0.615935494	0.406062057	0.116362701	-1.025012793	-3.202194936	0.061610031	-0.086742740	0.068774990	0.073216630	0.014114818	-0.039788870
2.478000000	0.099458489	0.615848703	0.406130871	0.116435873	-1.024998668	-3.202234704	0.061531331	-0.086838898	0.068853435	0.073127248	0.014134583	-0.039746216
2.479000000	0.099519981	0.615761816	0.406199764	0.116508956	-1.024984523	-3.202274429	0.061452534	-0.086934941	0.068931778	0.073037754	0.014154348	-0.039703501
2.480000000	0.099581394	0.615674833	0.406268735	0.116581949	-1.024970359	-3.202314111	0.061373642	-0.087030867	0.069010020	0.072948146	0.014174113	-0.039660726
2.481000000	0.099642729	0.615587755	0.406337784	0.116654852	-1.024956175	-3.202353750	0.061294652	-0.087126677	0.069088160	0.072858426	0.014193878	-0.039617891
2.482000000	0.099703984	0.615500580	0.406406911	0.116727666	-1.024941971	-3.202393347	0.061215567	-0.087222370	0.069166198	0.072768593	0.014213643	-0.039574996
2.483000000	0.099765160	0.615413310	0.406476116	0.116800389	-1.024927748	-3.202432900	0.061136387	-0.087317947	0.069244134	0.072678647	0.014233408	-0.039532040
2.484000000	0.099826257	0.615325944	0.406545399	0.116873023	-1.024913505	-3.202472411	0.061057110	-0.087413408	0.069321969	0.072588589	0.014253173	-0.039489024
2.485000000	0.099887274	0.615238483	0.406614760	0.116945567	-1.024899242	-3.202511878	0.060977736	-0.087508751	0.069399701	0.072498418	0.014272938	-0.039445948
2.486000000	0.099948212	0.615150927	0.406684199	0.117018020	-1.024884959	-3.202551303	0.060898268	-0.087603977	0.069477331	0.072408135	0.014292702	-0.039402812
2.487000000	0.100009070	0.615063275	0.406753715	0.117090383	-1.024870656	-3.202590684	0.060818703	-0.087699086	0.069554859	0.072317739	0.014312466	-0.039359616
2.488000000	0.100069849	0.614975528	0.406823308	0.117162655	-1.024856334	-3.202630022	0.060739043	-0.087794078	0.069632284	0.072227232	0.014332230	-0.039316360
2.489000000	0.100130549	0.614887687	0.406892979	0.117234837	-1.024841992	-3.202669317	0.060659288	-0.087888952	0.069709607	0.072136611	0.014351994	-0.039273044
2.490000000	0.100191168	0.614799751	0.406962728	0.117306929	-1.024827630	-3.202708568	0.060579436	-0.087983709	0.069786827	0.072045879	0.014371758	-0.039229668
2.491000000	0.100251707	0.614711719	0.407032553	0.117378929	-1.024813248	-3.202747776	0.060499489	-0.088078347	0.069863944	0.071955035	0.014391521	-0.039186231
2.492000000	0.100312167	0.614623594	0.407102455	0.117450839	-1.024798847	-3.202786941	0.060419447	-0.088172868	0.069940958	0.071864079	0.014411284	-0.039142735
2.493000000	0.100372546	0.614535374	0.407172435	0.117522657	-1.024784426	-3.202826062	0.060339310	-0.088267271	0.070017869	0.071773011	0.014431046	-0.039099179
2.494000000	0.100432846	0.614447059	0.407242491	0.117594385	-1.024769985	-3.202865139	0.060259078	-0.088361556	0.070094677	0.071681831	0.014450808	-0.039055562
2.495000000	0.100493065	0.614358651	0.407312624	0.117666021	-1.024755524	-3.202904173	0.060178750	-0.088455722	0.070171381	0.071590539	0.014470570	-0.039011886
2.496000000	0.100553203	0.614270148	0.407382834	0.117737566	-1.024741044	-3.202943163	0.060098327	-0.088549770	0.070247982	0.071499136	0.014490331	-0.038968150
2.497000000	0.100613261	0.614181551	0.407453120	0.117809019	-1.024726543	-3.202982109	0.060017809	-0.088643699	0.070324480	0.071407621	0.014510092	-0.038924353
2.498000000	0.100673239	0.614092860	0.407523483	0.117880381	-1.024712023	-3.203021011	0.059937196	-0.088737510	0.070400874	0.071315994	0.014529852	-0.038880497
2.499000000	0.100733136	0.614004076	0.407593922	0.117951651	-1.024697484	-3.203059870	0.059856489	-0.088831201	0.070477164	0.071224257	0.014549612	-0.038836581
2.500000000	0.100792952	0.613915198	0.407664437	0.118022830	-1.024682924	-3.203098685	0.059775687	-0.088924773	0.070553350	0.071132407	0.014569371	-0.038792605
2.501000000	0.100852687	0.613826227	0.407735029	0.118093916	-1.024668345	-3.203137455	0.059694790	-0.089018226	0.070629432	0.071040447	0.014589130	-0.038748570
2.502000000	0.100912341	0.613737162	0.407805696	0.118164910	-1.024653746	-3.203176182	0.059613798	-0.089111560	0.070705410	0.070948375	0.014608888	-0.038704474
2.503000000	0.100971915	0.613648003	0.407876439	0.118235813	-1.024639127	-3.203214864	0.059532712	-0.089204774	0.070781284	0.070856192	0.014628645	-0.038660319
2.504000000	0.101031407	0.613558752	0.407947259	0.118306623	-1.024624489	-3.203253502	0.059451531	-0.089297869	0.070857053	0.070763898	0.014648402	-0.038616104
2.505000000	0.101090818	0.613469408	0.408018154	0.118377341	-1.024609830	-3.203292096	0.059370256	-0.089390843	0.070932718	0.070671493	0.014668158	-0.038571829
2.506000000	0.101150147	0.613379970	0.408089124	0.118447966	-1.024595152	-3.203330646	0.059288887	-0.089483698	0.071008278	0.070578977	0.014687913	-0.038527494
2.507000000	0.101209395	0.613290440	0.408160170	0.118518498	-1.024580454	-3.203369151	0.059207424	-0.089576432	0.071083734	0.070486350	0.014707668	-0.038483100
2.508000000	0.101268562	0.613200817	0.408231292	0.118588938	-1.024565737	-3.203407612	0.059125866	-0.089669047	0.071159085	0.070393612	0.014727422	-0.038438646
2.509000000	0.101327647	0.613111102	0.408302488	0.118659286	-1.024551000	-3.203446029	0.059044214	-0.089761541	0.071234330	0.070300764	0.014747175	-0.038394132
2.510000000	0.101386650	0.613021294	0.408373760	0.118729540	-1.024536243	-3.203484400	0.058962469	-0.089853914	0.071309470	0.070207805	0.014766927	-0.038349558
2.511000000	0.101445572	0.612931394	0.408445107	0.118799701	-1.024521466	-3.203522728	0.058880629	-0.089946167	0.071384506	0.070114736	0.014786678	-0.038304925
2.512000000	0.101504412	0.612841402	0.408516529	0.118869769	-1.024506669	-3.203561010	0.058798695	-0.090038298	0.071459436	0.070021556	0.014806428	-0.038260232
2.513000000	0.101563169	0.612751318	0.408588026	0.118939744	-1.024491853	-3.203599248	0.058716668	-0.090130309	0.071534261	0.069928266	0.014826178	-0.038215480
2.514000000	0.101621845	0.612661141	0.408659598	0.119009626	-1.024477017	-3.203637441	0.058634547	-0.090222199	0.071608980	0.069834865	0.014845926	-0.038170668
2.515000000	0.101680439	0.612570873	0.408731244	0.119079414	-1.024462161	-3.203675590	0.058552332	-0.090313967	0.071683593	0.069741354	0.014865674	-0.038125796
2.516000000	0.101738950	0.612480514	0.408802965	0.119149109	-1.024447286	-3.203713693	0.058470024	-0.090405614	0.071758101	0.069647733	0.014885420	-0.038080865
2.517000000	0.101797379	0.612390062	0.408874760	0.119218710	-1.024432390	-3.203751751	0.058387623	-0.090497139	0.071832502	0.069554002	0.014905166	-0.038035874
2.518000000	0.101855725	0.612299519	0.408946630	0.119288217	-1.024417475	-3.203789765	0.058305128	-0.090588543	0.071906798	0.069460161	0.014924910	-0.037990824
2.519000000	0.101913989	0.612208885	0.409018574	0.119357630	-1.024402540	-3.203827733	0.058222539	-0.090679825	0.071980988	0.069366210	0.014944654	-0.037945714
2.520000000	0.101972170	0.612118160	0.409090592	0.119426949	-1.024387586	-3.203865656	0.058139858	-0.090770984	0.072055071	0.069272149	0.014964396	-0.037900545
2.521000000	0.102030269	0.612027343	0.409162684	0.119496174	-1.024372612	-3.203903534	0.058057083	-0.090862022	0.072129048	0.069177979	0.014984137	-0.037855317
2.522000000	0.102088284	0.611936436	0.409234850	0.119565305	-1.024357618	-3.203941367	0.057974216	-0.090952938	0.072202919	0.069083698	0.015003877	-0.037810028
2.523000000	0.102146217	0.611845437	0.409307090	0.119634342	-1.024342604	-3.203979154	0.057891255	-0.091043731	0.072276682	0.068989309	0.015023616	-0.037764681
2.524000000	0.102204067	0.611754348	0.409379403	0.119703284	-1.024327570	-3.204016896	0.057808201	-0.091134400	0.072350339	0.068894809	0.015043353	-0.037719274
2.525000000	0.102261833	0.611663168	0.409451791	0.119772131	-1.024312517	-3.204054593	0.057725055	-0.091224948	0.072423890	0.068800200	0.015063089	-0.037673808
2.526000000	0.102319517	0.611571898	0.409524251	0.119840884	-1.024297444	-3.204092244	0.057641816	-0.091315373	0.072497333	0.068705482	0.015082824	-0.037628282
2.527000000	0.102377117	0.611480538	0.409596785	0.119909542	-1.024282351	-3.204129849	0.057558484	-0.091405675	0.072570670	0.068610655	0.015102558	-0.037582697
2.528000000	0.102434634	0.611389087	0.409669392	0.119978105	-1.024267239	-3.204167409	0.057475059	-0.091495853	0.072643899	0.068515718	0.015122290	-0.037537053
2.529000000	0.102492067	0.611297546	0.409742073	0.120046574	-1.024252107	-3.204204923	0.057391542	-0.091585908	0.072717021	0.068420672	0.015142020	-0.037491349
2.530000000	0.102549417	0.611205915	0.409814827	0.120114947	-1.024236955	-3.204242392	0.057307933	-0.091675840	0.072790035	0.068325517	0.015161750	-0.037445586
2.531000000	0.102606683	0.611114194	0.409887653	0.120183225	-1.024221783	-3.204279814	0.057224231	-0.091765648	0.072862942	0.068230253	0.015181478	-0.037399764
2.532000000	0.102663865	0.611022384	0.409960552	0.120251407	-1.024206592	-3.204317191	0.057140437	-0.091855333	0.072935741	0.068134880	0.015201204	-0.037353882
2.533000000	0.102720964	0.610930484	0.410033525	0.120319494	-1.024191381	-3.204354522	0.057056551	-0.091944893	0.073008433	0.068039399	0.015220929	-0.037307942
2.534000000	0.102777978	0.610838494	0.410106569	0.120387486	-1.024176150	-3.204391807	0.056972573	-0.092034329	0.073081017	0.067943808	0.015240652	-0.037261942
2.535000000	0.102834909	0.610746415	0.410179687	0.120455382	-1.024160900	-3.204429046	0.056888502	-0.092123642	0.073153492	0.067848109	0.015260374	-0.037215883
2.536000000	0.102891755	0.610654247	0.410252876	0.120523182	-1.024145629	-3.204466239	0.056804340	-0.092212830	0.073225860	0.067752302	0.015280094	-0.037169765
2.537000000	0.102948518	0.610561989	0.410326138	0.120590887	-1.024130340	-3.204503386	0.056720086	-0.092301893	0.073298120	0.067656385	0.015299813	-0.037123587
2.538000000	0.103005196	0.610469643	0.410399473	0.120658495	-1.024115030	-3.204540486	0.056635740	-0.092390832	0.073370271	0.067560361	0.015319529	-0.037077351
2.539000000	0.103061789	0.610377208	0.410472879	0.120726007	-1.024099700	-3.204577540	0.056551302	-0.092479646	0.073442313	0.067464228	0.015339245	-0.037031056
2.540000000	0.103118298	0.610284684	0.410546357	0.120793424	-1.024084351	-3.204614548	0.056466773	-0.092568336	0.073514248	0.067367987	0.015358958	-0.036984701
2.541000000	0.103174723	0.610192071	0.410619907	0.120860743	-1.024068983	-3.204651510	0.056382152	-0.092656900	0.073586073	0.067271638	0.015378670	-0.036938287
2.542000000	0.103231063	0.610099370	0.410693529	0.120927967	-1.024053594	-3.204688425	0.056297440	-0.092745339	0.073657790	0.067175181	0.015398379	-0.036891815
2.543000000	0.103287318	0.610006580	0.410767223	0.120995094	-1.024038186	-3.204725293	0.056212636	-0.092833653	0.073729398	0.067078615	0.015418087	-0.036845283
2.544000000	0.103343488	0.609913702	0.410840988	0.121062124	-1.024022758	-3.204762115	0.056127741	-0.092921841	0.073800897	0.066981942	0.015437793	-0.036798692
2.545000000	0.103399573	0.609820737	0.410914825	0.121129058	-1.024007310	-3.204798891	0.056042755	-0.093009904	0.073872287	0.066885161	0.015457498	-0.036752043
2.546000000	0.103455573	0.609727683	0.410988733	0.121195894	-1.023991843	-3.204835619	0.055957678	-0.093097841	0.073943567	0.066788272	0.015477200	-0.036705334
2.547000000	0.103511488	0.609634541	0.411062712	0.121262634	-1.023976356	-3.204872301	0.055872509	-0.093185652	0.074014739	0.066691275	0.015496900	-0.036658567
2.548000000	0.103567318	0.609541311	0.411136762	0.121329277	-1.023960849	-3.204908937	0.055787250	-0.093273337	0.074085800	0.066594171	0.015516598	-0.036611740
2.549000000	0.103623063	0.609447994	0.411210883	0.121395822	-1.023945323	-3.204945525	0.055701900	-0.093360895	0.074156753	0.066496960	0.015536295	-0.036564855
2.550000000	0.103678722	0.609354590	0.411285076	0.121462271	-1.023929776	-3.204982066	0.055616459	-0.093448328	0.074227596	0.066399641	0.015555989	-0.036517911
2.551000000	0.103734296	0.609261098	0.411359339	0.121528622	-1.023914211	-3.205018561	0.055530927	-0.093535634	0.074298328	0.066302214	0.015575681	-0.036470908
2.552000000	0.103789784	0.609167518	0.411433672	0.121594875	-1.023898625	-3.205055008	0.055445305	-0.093622814	0.074368951	0.066204680	0.015595371	-0.036423846
2.553000000	0.103845186	0.609073852	0.411508077	0.121661031	-1.023883020	-3.205091408	0.055359592	-0.093709867	0.074439464	0.066107039	0.015615059	-0.036376725
2.554000000	0.103900503	0.608980099	0.411582551	0.121727089	-1.023867395	-3.205127762	0.055273788	-0.093796792	0.074509867	0.066009291	0.015634744	-0.036329546
2.555000000	0.103955734	0.608886258	0.411657096	0.121793050	-1.023851750	-3.205164068	0.055187895	-0.093883591	0.074580160	0.065911436	0.015654428	-0.036282308
2.556000000	0.104010879	0.608792331	0.411731712	0.121858912	-1.023836086	-3.205200326	0.055101910	-0.093970263	0.074650342	0.065813474	0.015674109	-0.036235011
2.557000000	0.104065938	0.608698318	0.411806397	0.121924677	-1.023820402	-3.205236538	0.055015836	-0.094056807	0.074720414	0.065715406	0.015693788	-0.036187656
2.558000000	0.104120911	0.608604218	0.411881152	0.121990343	-1.023804699	-3.205272702	0.054929672	-0.094143224	0.074790375	0.065617230	0.015713464	-0.036140241
2.559000000	0.104175797	0.608510031	0.411955978	0.122055911	-1.023788975	-3.205308818	0.054843417	-0.094229513	0.074860226	0.065518948	0.015733138	-0.036092769
2.560000000	0.104230597	0.608415759	0.412030873	0.122121381	-1.023773232	-3.205344887	0.054757073	-0.094315675	0.074929966	0.065420559	0.015752810	-0.036045237
2.561000000	0.104285311	0.608321400	0.412105838	0.122186752	-1.023757470	-3.205380908	0.054670638	-0.094401709	0.074999595	0.065322063	0.015772479	-0.035997647
2.562000000	0.104339939	0.608226955	0.412180872	0.122252025	-1.023741687	-3.205416882	0.054584114	-0.094487614	0.075069113	0.065223461	0.015792146	-0.035949998
2.563000000	0.104394480	0.608132425	0.412255976	0.122317199	-1.023725885	-3.205452808	0.054497500	-0.094573392	0.075138520	0.065124753	0.015811810	-0.035902291
2.564000000	0.104448934	0.608037809	0.412331149	0.122382275	-1.023710064	-3.205488687	0.054410797	-0.094659041	0.075207816	0.065025939	0.015831472	-0.035854525
2.565000000	0.104503301	0.607943107	0.412406391	0.122447251	-1.023694222	-3.205524518	0.054324003	-0.094744562	0.075277000	0.064927018	0.015851131	-0.035806701
2.566000000	0.104557582	0.607848319	0.412481703	0.122512129	-1.023678361	-3.205560300	0.054237121	-0.094829954	0.075346073	0.064827991	0.015870788	-0.035758818
2.567000000	0.104611775	0.607753447	0.412557084	0.122576907	-1.023662481	-3.205596035	0.054150149	-0.094915217	0.075415034	0.064728859	0.015890442	-0.035710877
2.568000000	0.104665882	0.607658489	0.412632533	0.122641586	-1.023646581	-3.205631722	0.054063088	-0.095000352	0.075483884	0.064629620	0.015910093	-0.035662877
2.569000000	0.104719902	0.607563446	0.412708051	0.122706166	-1.023630661	-3.205667361	0.053975937	-0.095085358	0.075552622	0.064530275	0.015929741	-0.035614818
2.570000000	0.104773834	0.607468318	0.412783638	0.122770647	-1.023614721	-3.205702952	0.053888697	-0.095170234	0.075621249	0.064430825	0.015949387	-0.035566702
2.571000000	0.104827679	0.607373106	0.412859294	0.122835028	-1.023598762	-3.205738494	0.053801369	-0.095254981	0.075689763	0.064331269	0.015969030	-0.035518527
2.572000000	0.104881437	0.607277808	0.412935018	0.122899309	-1.023582783	-3.205773989	0.053713951	-0.095339599	0.075758165	0.064231608	0.015988671	-0.035470294
2.573000000	0.104935107	0.607182426	0.413010810	0.122963491	-1.023566785	-3.205809435	0.053626445	-0.095424087	0.075826455	0.064131841	0.016008308	-0.035422002
2.574000000	0.104988690	0.607086960	0.413086671	0.123027573	-1.023550766	-3.205844833	0.053538850	-0.095508446	0.075894632	0.064031968	0.016027942	-0.035373652
2.575000000	0.105042185	0.606991410	0.413162599	0.123091555	-1.023534729	-3.205880182	0.053451166	-0.095592674	0.075962698	0.063931991	0.016047574	-0.035325243
2.576000000	0.105095592	0.606895775	0.413238596	0.123155437	-1.023518671	-3.205915483	0.053363393	-0.095676773	0.076030650	0.063831908	0.016067202	-0.035276777
2.577000000	0.105148911	0.606800056	0.413314661	0.123219219	-1.023502594	-3.205950736	0.053275532	-0.095760741	0.076098490	0.063731719	0.016086828	-0.035228252
2.578000000	0.105202143	0.606704253	0.413390793	0.123282900	-1.023486498	-3.205985940	0.053187583	-0.095844580	0.076166218	0.063631426	0.016106450	-0.035179669
2.579000000	0.105255287	0.606608367	0.413466993	0.123346482	-1.023470381	-3.206021095	0.053099545	-0.095928288	0.076233832	0.063531028	0.016126070	-0.035131027
2.580000000	0.105308342	0.606512397	0.413543261	0.123409963	-1.023454245	-3.206056202	0.053011419	-0.096011865	0.076301334	0.063430525	0.016145686	-0.035082328
2.581000000	0.105361309	0.606416343	0.413619596	0.123473343	-1.023438090	-3.206091260	0.052923205	-0.096095311	0.076368722	0.063329917	0.016165299	-0.035033570
2.582000000	0.105414188	0.606320206	0.413695998	0.123536622	-1.023421915	-3.206126269	0.052834902	-0.096178627	0.076435998	0.063229204	0.016184909	-0.034984754
2.583000000	0.105466979	0.606223986	0.413772468	0.123599801	-1.023405720	-3.206161229	0.052746512	-0.096261812	0.076503160	0.063128387	0.016204516	-0.034935881
2.584000000	0.105519681	0.606127682	0.413849005	0.123662879	-1.023389506	-3.206196141	0.052658034	-0.096344866	0.076570208	0.063027465	0.016224120	-0.034886949
2.585000000	0.105572295	0.606031296	0.413925608	0.123725856	-1.023373272	-3.206231003	0.052569468	-0.096427788	0.076637143	0.062926439	0.016243720	-0.034837959
2.586000000	0.105624820	0.605934827	0.414002279	0.123788732	-1.023357018	-3.206265817	0.052480814	-0.096510579	0.076703965	0.062825308	0.016263317	-0.034788910
2.587000000	0.105677257	0.605838275	0.414079016	0.123851507	-1.023340745	-3.206300581	0.052392072	-0.096593239	0.076770673	0.062724074	0.016282911	-0.034739804
2.588000000	0.105729605	0.605741640	0.414155820	0.123914180	-1.023324453	-3.206335296	0.052303243	-0.096675767	0.076837267	0.062622734	0.016302501	-0.034690640
2.589000000	0.105781863	0.605644923	0.414232691	0.123976752	-1.023308140	-3.206369962	0.052214327	-0.096758163	0.076903747	0.062521291	0.016322087	-0.034641418
2.590000000	0.105834033	0.605548124	0.414309628	0.124039223	-1.023291808	-3.206404579	0.052125323	-0.096840427	0.076970113	0.062419744	0.016341671	-0.034592138
2.591000000	0.105886114	0.605451243	0.414386631	0.124101592	-1.023275457	-3.206439147	0.052036232	-0.096922559	0.077036365	0.062318093	0.016361250	-0.034542800
2.592000000	0.105938106	0.605354279	0.414463700	0.124163859	-1.023259086	-3.206473665	0.051947053	-0.097004559	0.077102503	0.062216338	0.016380827	-0.034493405
2.593000000	0.105990008	0.605257233	0.414540836	0.124226024	-1.023242695	-3.206508133	0.051857788	-0.097086427	0.077168527	0.062114479	0.016400399	-0.034443951
2.594000000	0.106041821	0.605160106	0.414618038	0.124288088	-1.023226285	-3.206542553	0.051768435	-0.097168162	0.077234436	0.062012517	0.016419968	-0.034394439
2.595000000	0.106093545	0.605062897	0.414695305	0.124350049	-1.023209855	-3.206576922	0.051678996	-0.097249764	0.077300230	0.061910451	0.016439533	-0.034344870
2.596000000	0.106145179	0.604965607	0.414772638	0.124411909	-1.023193406	-3.206611242	0.051589470	-0.097331234	0.077365910	0.061808281	0.016459095	-0.034295243
2.597000000	0.106196724	0.604868235	0.414850037	0.124473666	-1.023176937	-3.206645513	0.051499856	-0.097412571	0.077431475	0.061706009	0.016478653	-0.034245558
2.598000000	0.106248179	0.604770781	0.414927501	0.124535321	-1.023160449	-3.206679733	0.051410157	-0.097493774	0.077496925	0.061603632	0.016498207	-0.034195816
2.599000000	0.106299544	0.604673247	0.415005031	0.124596873	-1.023143941	-3.206713904	0.051320370	-0.097574845	0.077562261	0.061501153	0.016517757	-0.034146015
2.600000000	0.106350820	0.604575632	0.415082625	0.124658323	-1.023127413	-3.206748025	0.051230497	-0.097655782	0.077627481	0.061398570	0.016537303	-0.034096157
2.601000000	0.106402005	0.604477936	0.415160286	0.124719670	-1.023110866	-3.206782097	0.051140538	-0.097736586	0.077692586	0.061295885	0.016556846	-0.034046242
2.602000000	0.106453101	0.604380159	0.415238011	0.124780915	-1.023094299	-3.206816118	0.051050493	-0.097817256	0.077757576	0.061193097	0.016576384	-0.033996268
2.603000000	0.106504106	0.604282301	0.415315801	0.124842057	-1.023077713	-3.206850089	0.050960361	-0.097897792	0.077822450	0.061090205	0.016595919	-0.033946237
2.604000000	0.106555021	0.604184363	0.415393656	0.124903095	-1.023061108	-3.206884010	0.050870143	-0.097978195	0.077887209	0.060987211	0.016615449	-0.033896149
2.605000000	0.106605846	0.604086345	0.415471575	0.124964031	-1.023044482	-3.206917882	0.050779839	-0.098058463	0.077951852	0.060884114	0.016634976	-0.033846003
2.606000000	0.106656581	0.603988246	0.415549559	0.125024864	-1.023027838	-3.206951702	0.050689449	-0.098138598	0.078016380	0.060780915	0.016654498	-0.033795799
2.607000000	0.106707225	0.603890067	0.415627608	0.125085593	-1.023011173	-3.206985473	0.050598973	-0.098218598	0.078080792	0.060677613	0.016674017	-0.033745538
2.608000000	0.106757779	0.603791809	0.415705721	0.125146219	-1.022994490	-3.207019193	0.050508412	-0.098298464	0.078145087	0.060574209	0.016693531	-0.033695219
2.609000000	0.106808242	0.603693471	0.415783898	0.125206741	-1.022977786	-3.207052864	0.050417765	-0.098378195	0.078209267	0.060470702	0.016713040	-0.033644843
2.610000000	0.106858615	0.603595053	0.415862139	0.125267160	-1.022961064	-3.207086483	0.050327032	-0.098457791	0.078273331	0.060367093	0.016732546	-0.033594409
2.611000000	0.106908896	0.603496555	0.415940445	0.125327475	-1.022944321	-3.207120052	0.050236214	-0.098537253	0.078337278	0.060263383	0.016752047	-0.033543919
2.612000000	0.106959087	0.603397978	0.416018814	0.125387687	-1.022927559	-3.207153571	0.050145310	-0.098616580	0.078401110	0.060159570	0.016771544	-0.033493370
2.613000000	0.107009187	0.603299322	0.416097247	0.125447795	-1.022910778	-3.207187039	0.050054321	-0.098695771	0.078464824	0.060055655	0.016791037	-0.033442764
2.614000000	0.107059196	0.603200586	0.416175744	0.125507798	-1.022893977	-3.207220457	0.049963247	-0.098774828	0.078528423	0.059951638	0.016810525	-0.033392101
2.615000000	0.107109113	0.603101772	0.416254304	0.125567698	-1.022877157	-3.207253823	0.049872087	-0.098853749	0.078591905	0.059847520	0.016830009	-0.033341381
2.616000000	0.107158940	0.603002879	0.416332927	0.125627493	-1.022860317	-3.207287139	0.049780843	-0.098932534	0.078655269	0.059743300	0.016849488	-0.033290603
2.617000000	0.107208675	0.602903907	0.416411614	0.125687184	-1.022843458	-3.207320405	0.049689514	-0.099011184	0.078718517	0.059638978	0.016868963	-0.033239768
2.618000000	0.107258319	0.602804857	0.416490364	0.125746771	-1.022826579	-3.207353619	0.049598100	-0.099089698	0.078781649	0.059534555	0.016888433	-0.033188876
2.619000000	0.107307871	0.602705728	0.416569178	0.125806254	-1.022809681	-3.207386782	0.049506601	-0.099168076	0.078844663	0.059430030	0.016907898	-0.033137927
2.620000000	0.107357332	0.602606520	0.416648054	0.125865631	-1.022792764	-3.207419895	0.049415017	-0.099246319	0.078907560	0.059325404	0.016927359	-0.033086920
2.621000000	0.107406701	0.602507235	0.416726993	0.125924904	-1.022775827	-3.207452956	0.049323349	-0.099324425	0.078970340	0.059220677	0.016946816	-0.033035857
2.622000000	0.107455979	0.602407872	0.416805994	0.125984073	-1.022758870	-3.207485966	0.049231596	-0.099402394	0.079033002	0.059115849	0.016966267	-0.032984736
2.623000000	0.107505165	0.602308430	0.416885059	0.126043136	-1.022741894	-3.207518926	0.049139759	-0.099480227	0.079095547	0.059010920	0.016985714	-0.032933558
2.624000000	0.107554258	0.602208911	0.416964185	0.126102094	-1.022724899	-3.207551834	0.049047838	-0.099557924	0.079157975	0.058905890	0.017005155	-0.032882323
2.625000000	0.107603260	0.602109314	0.417043375	0.126160948	-1.022707884	-3.207584690	0.048955832	-0.099635483	0.079220284	0.058800759	0.017024592	-0.032831031
2.626000000	0.107652170	0.602009640	0.417122626	0.126219696	-1.022690849	-3.207617496	0.048863743	-0.099712906	0.079282476	0.058695527	0.017044024	-0.032779682
2.627000000	0.107700988	0.601909889	0.417201940	0.126278339	-1.022673796	-3.207650250	0.048771569	-0.099790192	0.079344551	0.058590195	0.017063451	-0.032728276
2.628000000	0.107749713	0.601810060	0.417281315	0.126336876	-1.022656723	-3.207682952	0.048679312	-0.099867341	0.079406507	0.058484763	0.017082874	-0.032676813
2.629000000	0.107798346	0.601710154	0.417360753	0.126395308	-1.022639630	-3.207715603	0.048586970	-0.099944353	0.079468345	0.058379229	0.017102291	-0.032625293
2.630000000	0.107846887	0.601610171	0.417440252	0.126453635	-1.022622518	-3.207748203	0.048494545	-0.100021227	0.079530065	0.058273596	0.017121703	-0.032573716
2.631000000	0.107895335	0.601510111	0.417519813	0.126511856	-1.022605387	-3.207780751	0.048402037	-0.100097963	0.079591667	0.058167862	0.017141109	-0.032522082
2.632000000	0.107943691	0.601409975	0.417599435	0.126569971	-1.022588236	-3.207813247	0.048309444	-0.100174562	0.079653150	0.058062028	0.017160511	-0.032470392
2.633000000	0.107991954	0.601309762	0.417679119	0.126627980	-1.022571066	-3.207845691	0.048216768	-0.100251023	0.079714516	0.057956094	0.017179908	-0.032418644
2.634000000	0.108040125	0.601209473	0.417758864	0.126685883	-1.022553876	-3.207878084	0.048124009	-0.100327347	0.079775762	0.057850060	0.017199299	-0.032366840
2.635000000	0.108088202	0.601109108	0.417838671	0.126743680	-1.022536667	-3.207910425	0.048031167	-0.100403532	0.079836890	0.057743926	0.017218685	-0.032314979
2.636000000	0.108136187	0.601008666	0.417918538	0.126801371	-1.022519439	-3.207942714	0.047938242	-0.100479579	0.079897899	0.057637692	0.017238066	-0.032263061
2.637000000	0.108184079	0.600908148	0.417998466	0.126858955	-1.022502191	-3.207974951	0.047845233	-0.100555487	0.079958789	0.057531359	0.017257441	-0.032211087
2.638000000	0.108231877	0.600807555	0.418078456	0.126916433	-1.022484924	-3.208007136	0.047752142	-0.100631257	0.080019560	0.057424926	0.017276811	-0.032159056
2.639000000	0.108279583	0.600706886	0.418158505	0.126973805	-1.022467637	-3.208039269	0.047658967	-0.100706889	0.080080213	0.057318393	0.017296175	-0.032106968
2.640000000	0.108327195	0.600606141	0.418238616	0.127031070	-1.022450331	-3.208071350	0.047565710	-0.100782382	0.080140746	0.057211761	0.017315534	-0.032054823
2.641000000	0.108374714	0.600505321	0.418318787	0.127088229	-1.022433006	-3.208103379	0.047472370	-0.100857736	0.080201160	0.057105030	0.017334887	-0.032002622
2.642000000	0.108422140	0.600404426	0.418399018	0.127145280	-1.022415662	-3.208135355	0.047378948	-0.100932950	0.080261455	0.056998200	0.017354235	-0.031950364
2.643000000	0.108469472	0.600303455	0.418479310	0.127202225	-1.022398298	-3.208167280	0.047285443	-0.101008026	0.080321630	0.056891270	0.017373577	-0.031898050
2.644000000	0.108516711	0.600202410	0.418559662	0.127259063	-1.022380914	-3.208199152	0.047191856	-0.101082963	0.080381686	0.056784242	0.017392914	-0.031845680
2.645000000	0.108563856	0.600101289	0.418640073	0.127315793	-1.022363512	-3.208230971	0.047098186	-0.101157760	0.080441622	0.056677114	0.017412244	-0.031793252
2.646000000	0.108610907	0.600000094	0.418720545	0.127372417	-1.022346090	-3.208262738	0.047004434	-0.101232417	0.080501438	0.056569888	0.017431569	-0.031740769
2.647000000	0.108657865	0.599898825	0.418801076	0.127428933	-1.022328649	-3.208294453	0.046910600	-0.101306934	0.080561134	0.056462563	0.017450888	-0.031688228
2.648000000	0.108704729	0.599797480	0.418881667	0.127485342	-1.022311188	-3.208326115	0.046816684	-0.101381312	0.080620711	0.056355139	0.017470202	-0.031635632
2.649000000	0.108751498	0.599696062	0.418962318	0.127541643	-1.022293708	-3.208357724	0.046722687	-0.101455551	0.080680167	0.056247617	0.017489509	-0.031582979
2.650000000	0.108798174	0.599594569	0.419043027	0.127597837	-1.022276209	-3.208389281	0.046628607	-0.101529649	0.080739504	0.056139997	0.017508811	-0.031530270
2.651000000	0.108844756	0.599493003	0.419123797	0.127653923	-1.022258691	-3.208420784	0.046534446	-0.101603606	0.080798720	0.056032278	0.017528106	-0.031477504
2.652000000	0.108891243	0.599391362	0.419204625	0.127709902	-1.022241153	-3.208452236	0.046440203	-0.101677424	0.080857816	0.055924461	0.017547396	-0.031424682
2.653000000	0.108937636	0.599289648	0.419285512	0.127765772	-1.022223596	-3.208483634	0.046345878	-0.101751101	0.080916791	0.055816546	0.017566679	-0.031371804
2.654000000	0.108983935	0.599187860	0.419366458	0.127821535	-1.022206020	-3.208514979	0.046251473	-0.101824637	0.080975646	0.055708533	0.017585956	-0.031318870
2.655000000	0.109030139	0.599085998	0.419447463	0.127877189	-1.022188424	-3.208546272	0.046156985	-0.101898033	0.081034380	0.055600422	0.017605227	-0.031265879
2.656000000	0.109076249	0.598984064	0.419528527	0.127932736	-1.022170809	-3.208577511	0.046062417	-0.101971287	0.081092994	0.055492213	0.017624492	-0.031212832
2.657000000	0.109122264	0.598882056	0.419609649	0.127988174	-1.022153175	-3.208608697	0.045967768	-0.102044401	0.081151487	0.055383906	0.017643751	-0.031159729
2.658000000	0.109168184	0.598779975	0.419690830	0.128043504	-1.022135522	-3.208639830	0.045873037	-0.102117374	0.081209858	0.055275502	0.017663003	-0.031106570
2.659000000	0.109214010	0.598677821	0.419772069	0.128098725	-1.022117849	-3.208670910	0.045778225	-0.102190205	0.081268110	0.055167000	0.017682249	-0.031053355
2.660000000	0.109259741	0.598575595	0.419853366	0.128153838	-1.022100157	-3.208701937	0.045683333	-0.102262895	0.081326240	0.055058400	0.017701489	-0.031000084
2.661000000	0.109305376	0.598473295	0.419934722	0.128208842	-1.022082446	-3.208732910	0.045588360	-0.102335444	0.081384248	0.054949704	0.017720722	-0.030946757
2.662000000	0.109350917	0.598370924	0.420016135	0.128263737	-1.022064716	-3.208763831	0.045493306	-0.102407850	0.081442136	0.054840910	0.017739948	-0.030893373
2.663000000	0.109396363	0.598268480	0.420097606	0.128318524	-1.022046966	-3.208794697	0.045398172	-0.102480115	0.081499901	0.054732019	0.017759169	-0.030839934
2.664000000	0.109441714	0.598165963	0.420179135	0.128373201	-1.022029197	-3.208825510	0.045302958	-0.102552238	0.081557546	0.054623031	0.017778382	-0.030786439
2.665000000	0.109486969	0.598063375	0.420260721	0.128427770	-1.022011409	-3.208856270	0.045207663	-0.102624219	0.081615069	0.054513946	0.017797589	-0.030732888
2.666000000	0.109532129	0.597960715	0.420342365	0.128482229	-1.021993602	-3.208886976	0.045112287	-0.102696058	0.081672470	0.054404764	0.017816789	-0.030679281
2.667000000	0.109577194	0.597857983	0.420424066	0.128536579	-1.021975776	-3.208917629	0.045016832	-0.102767754	0.081729750	0.054295486	0.017835983	-0.030625618
2.668000000	0.109622163	0.597755180	0.420505824	0.128590820	-1.021957930	-3.208948227	0.044921297	-0.102839309	0.081786908	0.054186111	0.017855170	-0.030571900
2.669000000	0.109667036	0.597652304	0.420587640	0.128644951	-1.021940065	-3.208978772	0.044825681	-0.102910720	0.081843944	0.054076639	0.017874350	-0.030518125
2.670000000	0.109711814	0.597549358	0.420669512	0.128698973	-1.021922181	-3.209009264	0.044729986	-0.102981989	0.081900857	0.053967071	0.017893523	-0.030464295
2.671000000	0.109756496	0.597446340	0.420751442	0.128752885	-1.021904278	-3.209039701	0.044634211	-0.103053115	0.081957649	0.053857406	0.017912689	-0.030410409
2.672000000	0.109801082	0.597343252	0.420833428	0.128806688	-1.021886356	-3.209070085	0.044538357	-0.103124098	0.082014318	0.053747646	0.017931848	-0.030356468
2.673000000	0.109845573	0.597240092	0.420915470	0.128860381	-1.021868415	-3.209100414	0.044442423	-0.103194938	0.082070866	0.053637789	0.017951001	-0.030302470
2.674000000	0.109889967	0.597136862	0.420997569	0.128913964	-1.021850454	-3.209130689	0.044346410	-0.103265635	0.082127290	0.053527836	0.017970146	-0.030248417
2.675000000	0.109934266	0.597033561	0.421079725	0.128967436	-1.021832474	-3.209160911	0.044250317	-0.103336188	0.082183592	0.053417788	0.017989284	-0.030194309
2.676000000	0.109978468	0.596930190	0.421161936	0.129020799	-1.021814476	-3.209191078	0.044154145	-0.103406598	0.082239772	0.053307643	0.018008415	-0.030140145
2.677000000	0.110022574	0.596826748	0.421244204	0.129074052	-1.021796458	-3.209221191	0.044057894	-0.103476864	0.082295829	0.053197403	0.018027539	-0.030085925
2.678000000	0.110066584	0.596723236	0.421326528	0.129127194	-1.021778420	-3.209251250	0.043961564	-0.103546987	0.082351763	0.053087067	0.018046656	-0.030031650
2.679000000	0.110110497	0.596619654	0.421408908	0.129180226	-1.021760364	-3.209281254	0.043865155	-0.103616965	0.082407574	0.052976636	0.018065765	-0.029977319
2.680000000	0.110154314	0.596516002	0.421491343	0.129233147	-1.021742289	-3.209311205	0.043768667	-0.103686800	0.082463263	0.052866109	0.018084867	-0.029922933
2.681000000	0.110198034	0.596412280	0.421573834	0.129285958	-1.021724194	-3.209341100	0.043672100	-0.103756490	0.082518828	0.052755487	0.018103962	-0.029868492
2.682000000	0.110241658	0.596308489	0.421656381	0.129338658	-1.021706081	-3.209370942	0.043575455	-0.103826036	0.082574270	0.052644770	0.018123049	-0.029813995
2.683000000	0.110285185	0.596204628	0.421738983	0.129391248	-1.021687948	-3.209400728	0.043478731	-0.103895438	0.082629589	0.052533957	0.018142129	-0.029759442
2.684000000	0.110328616	0.596100698	0.421821640	0.129443726	-1.021669797	-3.209430460	0.043381930	-0.103964696	0.082684784	0.052423050	0.018161201	-0.029704835
2.685000000	0.110371949	0.595996699	0.421904352	0.129496094	-1.021651626	-3.209460138	0.043285049	-0.104033808	0.082739856	0.052312048	0.018180265	-0.029650172
2.686000000	0.110415186	0.595892630	0.421987120	0.129548350	-1.021633436	-3.209489761	0.043188090	-0.104102776	0.082794805	0.052200951	0.018199322	-0.029595454
2.687000000	0.110458325	0.595788493	0.422069942	0.129600496	-1.021615227	-3.209519329	0.043091054	-0.104171599	0.082849630	0.052089759	0.018218372	-0.029540680
2.688000000	0.110501368	0.595684287	0.422152819	0.129652530	-1.021596999	-3.209548842	0.042993939	-0.104240277	0.082904331	0.051978473	0.018237414	-0.029485852
2.689000000	0.110544313	0.595580013	0.422235751	0.129704453	-1.021578753	-3.209578301	0.042896747	-0.104308810	0.082958909	0.051867092	0.018256447	-0.029430968
2.690000000	0.110587161	0.595475670	0.422318737	0.129756264	-1.021560487	-3.209607704	0.042799476	-0.104377198	0.083013362	0.051755617	0.018275474	-0.029376029
2.691000000	0.110629912	0.595371258	0.422401777	0.129807964	-1.021542202	-3.209637053	0.042702128	-0.104445440	0.083067692	0.051644047	0.018294492	-0.029321035
2.692000000	0.110672566	0.595266779	0.422484872	0.129859552	-1.021523898	-3.209666346	0.042604703	-0.104513536	0.083121897	0.051532384	0.018313502	-0.029265986
2.693000000	0.110715122	0.595162231	0.422568021	0.129911029	-1.021505575	-3.209695585	0.042507200	-0.104581487	0.083175979	0.051420627	0.018332504	-0.029210882
2.694000000	0.110757580	0.595057616	0.422651224	0.129962393	-1.021487233	-3.209724768	0.042409619	-0.104649292	0.083229935	0.051308775	0.018351499	-0.029155723
2.695000000	0.110799941	0.594952933	0.422734481	0.130013646	-1.021468872	-3.209753896	0.042311961	-0.104716951	0.083283768	0.051196830	0.018370485	-0.029100509
2.696000000	0.110842204	0.594848182	0.422817792	0.130064787	-1.021450492	-3.209782969	0.042214227	-0.104784465	0.083337477	0.051084791	0.018389463	-0.029045240
2.697000000	0.110884369	0.594743364	0.422901156	0.130115816	-1.021432093	-3.209811987	0.042116415	-0.104851832	0.083391061	0.050972658	0.018408433	-0.028989916
2.698000000	0.110926437	0.594638478	0.422984574	0.130166732	-1.021413675	-3.209840949	0.042018526	-0.104919052	0.083444520	0.050860432	0.018427395	-0.028934537
2.699000000	0.110968406	0.594533526	0.423068045	0.130217537	-1.021395238	-3.209869856	0.041920560	-0.104986126	0.083497854	0.050748112	0.018446349	-0.028879103
2.700000000	0.111010278	0.594428506	0.423151570	0.130268228	-1.021376782	-3.209898707	0.041822518	-0.105053054	0.083551064	0.050635700	0.018465294	-0.028823615
2.701000000	0.111052051	0.594323419	0.423235147	0.130318808	-1.021358307	-3.209927503	0.041724399	-0.105119835	0.083604148	0.050523193	0.018484231	-0.028768072
2.702000000	0.111093727	0.594218266	0.423318778	0.130369275	-1.021339814	-3.209956243	0.041626203	-0.105186469	0.083657108	0.050410594	0.018503160	-0.028712474
2.703000000	0.111135304	0.594113047	0.423402461	0.130419629	-1.021321301	-3.209984928	0.041527931	-0.105252956	0.083709943	0.050297902	0.018522080	-0.028656821
2.704000000	0.111176783	0.594007760	0.423486198	0.130469871	-1.021302769	-3.210013557	0.041429582	-0.105319297	0.083762653	0.050185117	0.018540991	-0.028601114
2.705000000	0.111218163	0.593902408	0.423569987	0.130519999	-1.021284219	-3.210042130	0.041331158	-0.105385489	0.083815237	0.050072239	0.018559894	-0.028545352
2.706000000	0.111259445	0.593796989	0.423653828	0.130570015	-1.021265650	-3.210070647	0.041232657	-0.105451535	0.083867696	0.049959269	0.018578789	-0.028489535
2.707000000	0.111300628	0.593691505	0.423737722	0.130619918	-1.021247061	-3.210099109	0.041134081	-0.105517433	0.083920030	0.049846206	0.018597674	-0.028433664
2.708000000	0.111341713	0.593585955	0.423821668	0.130669708	-1.021228454	-3.210127515	0.041035428	-0.105583184	0.083972238	0.049733050	0.018616551	-0.028377738
2.709000000	0.111382699	0.593480339	0.423905667	0.130719384	-1.021209828	-3.210155865	0.040936700	-0.105648787	0.084024321	0.049619802	0.018635420	-0.028321758
2.710000000	0.111423586	0.593374657	0.423989717	0.130768947	-1.021191183	-3.210184158	0.040837896	-0.105714242	0.084076278	0.049506462	0.018654279	-0.028265723
2.711000000	0.111464375	0.593268910	0.424073819	0.130818397	-1.021172520	-3.210212396	0.040739016	-0.105779549	0.084128109	0.049393030	0.018673130	-0.028209634
2.712000000	0.111505064	0.593163098	0.424157973	0.130867733	-1.021153837	-3.210240578	0.040640061	-0.105844708	0.084179814	0.049279506	0.018691971	-0.028153490
2.713000000	0.111545655	0.593057221	0.424242179	0.130916956	-1.021135136	-3.210268703	0.040541030	-0.105909719	0.084231394	0.049165890	0.018710804	-0.028097292
2.714000000	0.111586147	0.592951278	0.424326436	0.130966065	-1.021116416	-3.210296772	0.040441925	-0.105974581	0.084282847	0.049052182	0.018729628	-0.028041040
2.715000000	0.111626539	0.592845271	0.424410744	0.131015060	-1.021097677	-3.210324785	0.040342744	-0.106039296	0.084334175	0.048938383	0.018748442	-0.027984733
2.716000000	0.111666832	0.592739200	0.424495104	0.131063942	-1.021078919	-3.210352742	0.040243488	-0.106103861	0.084385375	0.048824491	0.018767248	-0.027928372
2.717000000	0.111707026	0.592633064	0.424579515	0.131112709	-1.021060142	-3.210380642	0.040144157	-0.106168278	0.084436450	0.048710509	0.018786044	-0.027871957
2.718000000	0.111747120	0.592526863	0.424663977	0.131161363	-1.021041347	-3.210408486	0.040044752	-0.106232546	0.084487399	0.048596435	0.018804831	-0.027815488
2.719000000	0.111787115	0.592420599	0.424748490	0.131209902	-1.021022532	-3.210436273	0.039945271	-0.106296665	0.084538220	0.048482270	0.018823609	-0.027758965
2.720000000	0.111827011	0.592314270	0.424833054	0.131258327	-1.021003699	-3.210464003	0.039845717	-0.106360635	0.084588916	0.048368013	0.018842378	-0.027702387
2.721000000	0.111866807	0.592207877	0.424917668	0.131306638	-1.020984848	-3.210491678	0.039746087	-0.106424455	0.084639484	0.048253666	0.018861137	-0.027645755
2.722000000	0.111906503	0.592101421	0.425002333	0.131354835	-1.020965977	-3.210519295	0.039646383	-0.106488127	0.084689926	0.048139228	0.018879886	-0.027589070
2.723000000	0.111946100	0.591994901	0.425087048	0.131402917	-1.020947088	-3.210546856	0.039546605	-0.106551649	0.084740242	0.048024699	0.018898627	-0.027532330
2.724000000	0.111985596	0.591888318	0.425171813	0.131450884	-1.020928180	-3.210574360	0.039446753	-0.106615021	0.084790430	0.047910079	0.018917357	-0.027475536
2.725000000	0.112024993	0.591781671	0.425256629	0.131498737	-1.020909253	-3.210601807	0.039346827	-0.106678244	0.084840491	0.047795369	0.018936078	-0.027418688
2.726000000	0.112064290	0.591674961	0.425341494	0.131546475	-1.020890308	-3.210629197	0.039246826	-0.106741317	0.084890426	0.047680568	0.018954790	-0.027361787
2.727000000	0.112103487	0.591568188	0.425426409	0.131594098	-1.020871344	-3.210656530	0.039146753	-0.106804240	0.084940233	0.047565677	0.018973492	-0.027304831
2.728000000	0.112142583	0.591461353	0.425511375	0.131641606	-1.020852361	-3.210683807	0.039046605	-0.106867013	0.084989912	0.047450695	0.018992183	-0.027247822
2.729000000	0.112181580	0.591354454	0.425596389	0.131688999	-1.020833359	-3.210711026	0.038946383	-0.106929635	0.085039465	0.047335624	0.019010866	-0.027190759
2.730000000	0.112220476	0.591247494	0.425681453	0.131736277	-1.020814339	-3.210738188	0.038846088	-0.106992108	0.085088890	0.047220462	0.019029538	-0.027133642
2.731000000	0.112259272	0.591140470	0.425766567	0.131783440	-1.020795300	-3.210765293	0.038745720	-0.107054430	0.085138188	0.047105211	0.019048200	-0.027076471
2.732000000	0.112297968	0.591033385	0.425851730	0.131830488	-1.020776243	-3.210792341	0.038645278	-0.107116601	0.085187358	0.046989869	0.019066853	-0.027019247
2.733000000	0.112336563	0.590926237	0.425936942	0.131877420	-1.020757166	-3.210819332	0.038544764	-0.107178622	0.085236401	0.046874438	0.019085495	-0.026961969
2.734000000	0.112375057	0.590819027	0.426022203	0.131924237	-1.020738072	-3.210846265	0.038444176	-0.107240492	0.085285315	0.046758918	0.019104128	-0.026904637
2.735000000	0.112413451	0.590711756	0.426107512	0.131970938	-1.020718958	-3.210873141	0.038343515	-0.107302211	0.085334102	0.046643308	0.019122750	-0.026847252
2.736000000	0.112451744	0.590604423	0.426192871	0.132017523	-1.020699826	-3.210899960	0.038242781	-0.107363779	0.085382761	0.046527609	0.019141362	-0.026789813
2.737000000	0.112489937	0.590497028	0.426278278	0.132063993	-1.020680675	-3.210926721	0.038141975	-0.107425195	0.085431292	0.046411820	0.019159964	-0.026732320
2.738000000	0.112528028	0.590389573	0.426363733	0.132110347	-1.020661506	-3.210953424	0.038041096	-0.107486461	0.085479695	0.046295942	0.019178555	-0.026674775
2.739000000	0.112566019	0.590282056	0.426449237	0.132156585	-1.020642318	-3.210980070	0.037940144	-0.107547575	0.085527970	0.046179976	0.019197136	-0.026617175
2.740000000	0.112603908	0.590174477	0.426534789	0.132202707	-1.020623112	-3.211006659	0.037839121	-0.107608538	0.085576117	0.046063920	0.019215707	-0.026559523
2.741000000	0.112641697	0.590066838	0.426620390	0.132248713	-1.020603887	-3.211033189	0.037738024	-0.107669348	0.085624135	0.045947776	0.019234268	-0.026501816
2.742000000	0.112679384	0.589959139	0.426706038	0.132294602	-1.020584643	-3.211059662	0.037636856	-0.107730007	0.085672025	0.045831543	0.019252817	-0.026444057
2.743000000	0.112716971	0.589851378	0.426791734	0.132340376	-1.020565381	-3.211086077	0.037535616	-0.107790515	0.085719786	0.045715221	0.019271357	-0.026386244
2.744000000	0.112754456	0.589743558	0.426877477	0.132386033	-1.020546101	-3.211112435	0.037434303	-0.107850870	0.085767419	0.045598811	0.019289885	-0.026328378
2.745000000	0.112791839	0.589635677	0.426963268	0.132431573	-1.020526801	-3.211138734	0.037332919	-0.107911073	0.085814923	0.045482313	0.019308403	-0.026270459
2.746000000	0.112829122	0.589527736	0.427049107	0.132476998	-1.020507484	-3.211164976	0.037231463	-0.107971123	0.085862298	0.045365726	0.019326911	-0.026212487
2.747000000	0.112866302	0.589419734	0.427134993	0.132522305	-1.020488148	-3.211191159	0.037129936	-0.108031022	0.085909545	0.045249052	0.019345407	-0.026154461
2.748000000	0.112903381	0.589311674	0.427220926	0.132567496	-1.020468793	-3.211217285	0.037028337	-0.108090768	0.085956663	0.045132289	0.019363893	-0.026096382
2.749000000	0.112940359	0.589203553	0.427306906	0.132612570	-1.020449420	-3.211243352	0.036926666	-0.108150361	0.086003651	0.045015439	0.019382368	-0.026038251
2.750000000	0.112977235	0.589095373	0.427392933	0.132657526	-1.020430028	-3.211269361	0.036824925	-0.108209801	0.086050511	0.044898501	0.019400831	-0.025980066
2.751000000	0.113014009	0.588987133	0.427479007	0.132702367	-1.020410618	-3.211295312	0.036723112	-0.108269089	0.086097241	0.044781475	0.019419284	-0.025921828
2.752000000	0.113050681	0.588878835	0.427565128	0.132747089	-1.020391190	-3.211321205	0.036621228	-0.108328224	0.086143843	0.044664362	0.019437726	-0.025863537
2.753000000	0.113087251	0.588770477	0.427651295	0.132791695	-1.020371743	-3.211347039	0.036519273	-0.108387205	0.086190314	0.044547161	0.019456157	-0.025805194
2.754000000	0.113123720	0.588662060	0.427737509	0.132836184	-1.020352277	-3.211372815	0.036417247	-0.108446033	0.086236657	0.044429873	0.019474576	-0.025746797
2.755000000	0.113160086	0.588553585	0.427823768	0.132880555	-1.020332794	-3.211398533	0.036315151	-0.108504709	0.086282870	0.044312498	0.019492984	-0.025688348
2.756000000	0.113196350	0.588445051	0.427910074	0.132924809	-1.020313291	-3.211424192	0.036212984	-0.108563230	0.086328954	0.044195036	0.019511381	-0.025629846
2.757000000	0.113232512	0.588336458	0.427996426	0.132968945	-1.020293771	-3.211449792	0.036110747	-0.108621597	0.086374908	0.044077486	0.019529767	-0.025571291
2.758000000	0.113268571	0.588227808	0.428082824	0.133012964	-1.020274232	-3.211475334	0.036008439	-0.108679812	0.086420732	0.043959850	0.019548141	-0.025512683
2.759000000	0.113304529	0.588119099	0.428169268	0.133056865	-1.020254675	-3.211500818	0.035906061	-0.108737872	0.086466427	0.043842128	0.019566504	-0.025454023
2.760000000	0.113340383	0.588010332	0.428255757	0.133100648	-1.020235099	-3.211526242	0.035803613	-0.108795779	0.086511991	0.043724319	0.019584855	-0.025395310
2.761000000	0.113376136	0.587901507	0.428342292	0.133144313	-1.020215505	-3.211551608	0.035701095	-0.108853531	0.086557425	0.043606423	0.019603195	-0.025336544
2.762000000	0.113411786	0.587792625	0.428428872	0.133187861	-1.020195892	-3.211576915	0.035598507	-0.108911129	0.086602730	0.043488441	0.019621523	-0.025277726
2.763000000	0.113447333	0.587683685	0.428515497	0.133231290	-1.020176262	-3.211602164	0.035495849	-0.108968573	0.086647905	0.043370373	0.019639840	-0.025218855
2.764000000	0.113482777	0.587574688	0.428602168	0.133274602	-1.020156613	-3.211627353	0.035393122	-0.109025862	0.086692949	0.043252218	0.019658144	-0.025159932
2.765000000	0.113518119	0.587465633	0.428688883	0.133317795	-1.020136946	-3.211652484	0.035290325	-0.109082997	0.086737863	0.043133978	0.019676437	-0.025100956
2.766000000	0.113553358	0.587356522	0.428775643	0.133360870	-1.020117260	-3.211677555	0.035187459	-0.109139977	0.086782647	0.043015652	0.019694718	-0.025041928
2.767000000	0.113588494	0.587247353	0.428862448	0.133403826	-1.020097556	-3.211702568	0.035084523	-0.109196802	0.086827300	0.042897240	0.019712988	-0.024982847
2.768000000	0.113623527	0.587138128	0.428949298	0.133446664	-1.020077834	-3.211727521	0.034981518	-0.109253473	0.086871823	0.042778742	0.019731245	-0.024923714
2.769000000	0.113658457	0.587028846	0.429036192	0.133489383	-1.020058094	-3.211752415	0.034878444	-0.109309988	0.086916215	0.042660160	0.019749490	-0.024864529
2.770000000	0.113693284	0.586919508	0.429123130	0.133531984	-1.020038335	-3.211777250	0.034775301	-0.109366349	0.086960477	0.042541491	0.019767723	-0.024805292
2.771000000	0.113728008	0.586810114	0.429210113	0.133574466	-1.020018558	-3.211802026	0.034672089	-0.109422554	0.087004608	0.042422738	0.019785944	-0.024746002
2.772000000	0.113762628	0.586700663	0.429297140	0.133616830	-1.019998763	-3.211826742	0.034568809	-0.109478603	0.087048607	0.042303899	0.019804153	-0.024686661
2.773000000	0.113797145	0.586591156	0.429384210	0.133659074	-1.019978950	-3.211851399	0.034465459	-0.109534498	0.087092476	0.042184975	0.019822349	-0.024627267
2.774000000	0.113831559	0.586481594	0.429471325	0.133701200	-1.019959118	-3.211875996	0.034362042	-0.109590236	0.087136215	0.042065966	0.019840534	-0.024567821
2.775000000	0.113865869	0.586371976	0.429558483	0.133743206	-1.019939269	-3.211900534	0.034258556	-0.109645819	0.087179822	0.041946873	0.019858705	-0.024508323
2.776000000	0.113900076	0.586262302	0.429645684	0.133785094	-1.019919401	-3.211925013	0.034155001	-0.109701246	0.087223298	0.041827694	0.019876865	-0.024448772
2.777000000	0.113934179	0.586152573	0.429732929	0.133826862	-1.019899515	-3.211949432	0.034051379	-0.109756518	0.087266643	0.041708432	0.019895012	-0.024389170
2.778000000	0.113968179	0.586042789	0.429820217	0.133868510	-1.019879611	-3.211973791	0.033947689	-0.109811633	0.087309856	0.041589085	0.019913146	-0.024329516
2.779000000	0.114002075	0.585932950	0.429907549	0.133910040	-1.019859689	-3.211998091	0.033843930	-0.109866591	0.087352938	0.041469653	0.019931268	-0.024269810
2.780000000	0.114035867	0.585823056	0.429994923	0.133951450	-1.019839748	-3.212022331	0.033740104	-0.109921394	0.087395889	0.041350137	0.019949377	-0.024210053
2.781000000	0.114069555	0.585713107	0.430082341	0.133992740	-1.019819790	-3.212046511	0.033636210	-0.109976040	0.087438709	0.041230538	0.019967474	-0.024150243
2.782000000	0.114103139	0.585603104	0.430169801	0.134033911	-1.019799813	-3.212070631	0.033532249	-0.110030529	0.087481396	0.041110854	0.019985557	-0.024090382
2.783000000	0.114136619	0.585493046	0.430257303	0.134074962	-1.019779819	-3.212094692	0.033428220	-0.110084862	0.087523952	0.040991087	0.020003628	-0.024030469
2.784000000	0.114169996	0.585382934	0.430344849	0.134115893	-1.019759806	-3.212118692	0.033324124	-0.110139039	0.087566376	0.040871235	0.020021686	-0.023970504
2.785000000	0.114203268	0.585272768	0.430432436	0.134156704	-1.019739776	-3.212142633	0.033219961	-0.110193058	0.087608669	0.040751300	0.020039731	-0.023910488
2.786000000	0.114236436	0.585162548	0.430520066	0.134197396	-1.019719727	-3.212166513	0.033115730	-0.110246920	0.087650829	0.040631283	0.020057763	-0.023850420
2.787000000	0.114269499	0.585052274	0.430607738	0.134237967	-1.019699660	-3.212190334	0.033011433	-0.110300625	0.087692858	0.040511181	0.020075782	-0.023790300
2.788000000	0.114302458	0.584941947	0.430695452	0.134278418	-1.019679575	-3.212214094	0.032907069	-0.110354173	0.087734755	0.040390996	0.020093788	-0.023730129
2.789000000	0.114335313	0.584831566	0.430783207	0.134318749	-1.019659472	-3.212237794	0.032802638	-0.110407563	0.087776519	0.040270729	0.020111781	-0.023669907
2.790000000	0.114368064	0.584721132	0.430871005	0.134358959	-1.019639352	-3.212261434	0.032698141	-0.110460797	0.087818152	0.040150378	0.020129760	-0.023609633
2.791000000	0.114400710	0.584610644	0.430958844	0.134399050	-1.019619213	-3.212285013	0.032593576	-0.110513872	0.087859652	0.040029944	0.020147726	-0.023549307
2.792000000	0.114433251	0.584500104	0.431046724	0.134439019	-1.019599056	-3.212308532	0.032488946	-0.110566790	0.087901019	0.039909428	0.020165679	-0.023488931
2.793000000	0.114465687	0.584389511	0.431134646	0.134478868	-1.019578882	-3.212331991	0.032384250	-0.110619550	0.087942255	0.039788829	0.020183618	-0.023428503
2.794000000	0.114498019	0.584278865	0.431222609	0.134518597	-1.019558689	-3.212355389	0.032279487	-0.110672152	0.087983358	0.039668148	0.020201544	-0.023368023
2.795000000	0.114530246	0.584168167	0.431310612	0.134558205	-1.019538478	-3.212378727	0.032174659	-0.110724596	0.088024328	0.039547384	0.020219456	-0.023307493
2.796000000	0.114562369	0.584057416	0.431398657	0.134597692	-1.019518250	-3.212402004	0.032069764	-0.110776882	0.088065166	0.039426538	0.020237354	-0.023246911
2.797000000	0.114594386	0.583946613	0.431486743	0.134637058	-1.019498004	-3.212425221	0.031964804	-0.110829009	0.088105871	0.039305611	0.020255239	-0.023186279
2.798000000	0.114626298	0.583835758	0.431574869	0.134676303	-1.019477740	-3.212448377	0.031859778	-0.110880979	0.088146443	0.039184601	0.020273111	-0.023125595
2.799000000	0.114658105	0.583724851	0.431663036	0.134715427	-1.019457458	-3.212471472	0.031754686	-0.110932789	0.088186882	0.039063509	0.020290968	-0.023064860
2.800000000	0.114689808	0.583613892	0.431751243	0.134754430	-1.019437158	-3.212494507	0.031649530	-0.110984441	0.088227189	0.038942336	0.020308811	-0.023004074
2.801000000	0.114721405	0.583502882	0.431839490	0.134793312	-1.019416840	-3.212517480	0.031544308	-0.111035935	0.088267362	0.038821081	0.020326641	-0.022943237
2.802000000	0.114752896	0.583391820	0.431927777	0.134832072	-1.019396504	-3.212540393	0.031439021	-0.111087269	0.088307403	0.038699744	0.020344457	-0.022882349
2.803000000	0.114784283	0.583280707	0.432016105	0.134870711	-1.019376151	-3.212563245	0.031333669	-0.111138445	0.088347310	0.038578326	0.020362259	-0.022821410
2.804000000	0.114815564	0.583169543	0.432104472	0.134909229	-1.019355780	-3.212586036	0.031228252	-0.111189462	0.088387084	0.038456827	0.020380046	-0.022760421
2.805000000	0.114846739	0.583058329	0.432192879	0.134947625	-1.019335391	-3.212608766	0.031122770	-0.111240319	0.088426725	0.038335247	0.020397819	-0.022699381
2.806000000	0.114877809	0.582947063	0.432281326	0.134985899	-1.019314984	-3.212631435	0.031017223	-0.111291017	0.088466232	0.038213586	0.020415579	-0.022638290
2.807000000	0.114908774	0.582835746	0.432369811	0.135024052	-1.019294560	-3.212654042	0.030911612	-0.111341556	0.088505606	0.038091845	0.020433324	-0.022577148
2.808000000	0.114939632	0.582724380	0.432458337	0.135062083	-1.019274118	-3.212676589	0.030805937	-0.111391935	0.088544847	0.037970022	0.020451054	-0.022515956
2.809000000	0.114970385	0.582612963	0.432546901	0.135099992	-1.019253658	-3.212699074	0.030700197	-0.111442154	0.088583954	0.037848119	0.020468770	-0.022454713
2.810000000	0.115001033	0.582501495	0.432635505	0.135137779	-1.019233180	-3.212721498	0.030594394	-0.111492214	0.088622927	0.037726136	0.020486472	-0.022393419
2.811000000	0.115031574	0.582389978	0.432724147	0.135175444	-1.019212685	-3.212743861	0.030488526	-0.111542114	0.088661767	0.037604072	0.020504159	-0.022332075
2.812000000	0.115062010	0.582278411	0.432812828	0.135212987	-1.019192172	-3.212766163	0.030382594	-0.111591854	0.088700473	0.037481928	0.020521832	-0.022270681
2.813000000	0.115092339	0.582166794	0.432901548	0.135250408	-1.019171641	-3.212788403	0.030276599	-0.111641434	0.088739045	0.037359703	0.020539490	-0.022209236
2.814000000	0.115122563	0.582055128	0.432990306	0.135287707	-1.019151093	-3.212810581	0.030170539	-0.111690854	0.088777483	0.037237399	0.020557133	-0.022147740
2.815000000	0.115152680	0.581943413	0.433079103	0.135324883	-1.019130527	-3.212832698	0.030064417	-0.111740113	0.088815787	0.037115016	0.020574762	-0.022086195
2.816000000	0.115182692	0.581831648	0.433167938	0.135361937	-1.019109943	-3.212854753	0.029958231	-0.111789212	0.088853957	0.036992552	0.020592375	-0.022024599
2.817000000	0.115212597	0.581719834	0.433256811	0.135398868	-1.019089342	-3.212876747	0.029851981	-0.111838151	0.088891993	0.036870009	0.020609974	-0.021962952
2.818000000	0.115242396	0.581607972	0.433345722	0.135435677	-1.019068723	-3.212898679	0.029745669	-0.111886928	0.088929894	0.036747387	0.020627558	-0.021901256
2.819000000	0.115272088	0.581496060	0.433434671	0.135472363	-1.019048087	-3.212920550	0.029639293	-0.111935545	0.088967662	0.036624685	0.020645127	-0.021839509
2.820000000	0.115301674	0.581384101	0.433523657	0.135508926	-1.019027433	-3.212942358	0.029532855	-0.111984002	0.089005295	0.036501904	0.020662680	-0.021777713
2.821000000	0.115331154	0.581272092	0.433612681	0.135545367	-1.019006762	-3.212964105	0.029426353	-0.112032297	0.089042793	0.036379044	0.020680219	-0.021715866
2.822000000	0.115360527	0.581160036	0.433701743	0.135581684	-1.018986073	-3.212985790	0.029319789	-0.112080431	0.089080158	0.036256105	0.020697742	-0.021653969
2.823000000	0.115389794	0.581047932	0.433790842	0.135617879	-1.018965366	-3.213007413	0.029213163	-0.112128404	0.089117387	0.036133088	0.020715250	-0.021592023
2.824000000	0.115418953	0.580935779	0.433879978	0.135653950	-1.018944642	-3.213028974	0.029106474	-0.112176216	0.089154482	0.036009992	0.020732743	-0.021530026
2.825000000	0.115448006	0.580823579	0.433969151	0.135689899	-1.018923901	-3.213050473	0.028999723	-0.112223867	0.089191443	0.035886817	0.020750220	-0.021467979
2.826000000	0.115476953	0.580711332	0.434058360	0.135725724	-1.018903142	-3.213071910	0.028892910	-0.112271355	0.089228268	0.035763564	0.020767682	-0.021405883
2.827000000	0.115505792	0.580599036	0.434147607	0.135761426	-1.018882365	-3.213093285	0.028786035	-0.112318682	0.089264959	0.035640233	0.020785129	-0.021343737
2.828000000	0.115534525	0.580486694	0.434236890	0.135797004	-1.018861571	-3.213114598	0.028679097	-0.112365848	0.089301515	0.035516823	0.020802559	-0.021281541
2.829000000	0.115563151	0.580374305	0.434326210	0.135832460	-1.018840760	-3.213135848	0.028572098	-0.112412852	0.089337936	0.035393336	0.020819975	-0.021219295
2.830000000	0.115591669	0.580261868	0.434415566	0.135867791	-1.018819931	-3.213157036	0.028465038	-0.112459693	0.089374222	0.035269771	0.020837374	-0.021157000
2.831000000	0.115620081	0.580149385	0.434504959	0.135902999	-1.018799085	-3.213178162	0.028357916	-0.112506373	0.089410372	0.035146128	0.020854758	-0.021094655
2.832000000	0.115648385	0.580036856	0.434594387	0.135938083	-1.018778222	-3.213199226	0.028250732	-0.112552890	0.089446388	0.035022407	0.020872125	-0.021032261
2.833000000	0.115676582	0.579924280	0.434683851	0.135973044	-1.018757341	-3.213220227	0.028143488	-0.112599246	0.089482269	0.034898609	0.020889477	-0.020969817
2.834000000	0.115704672	0.579811657	0.434773351	0.136007881	-1.018736443	-3.213241165	0.028036182	-0.112645438	0.089518014	0.034774734	0.020906813	-0.020907324
2.835000000	0.115732654	0.579698989	0.434862887	0.136042593	-1.018715527	-3.213262041	0.027928815	-0.112691468	0.089553623	0.034650781	0.020924133	-0.020844781
2.836000000	0.115760530	0.579586274	0.434952459	0.136077182	-1.018694595	-3.213282855	0.027821387	-0.112737336	0.089589098	0.034526752	0.020941437	-0.020782189
2.837000000	0.115788297	0.579473514	0.435042066	0.136111647	-1.018673645	-3.213303606	0.027713899	-0.112783041	0.089624437	0.034402645	0.020958725	-0.020719548
2.838000000	0.115815957	0.579360708	0.435131708	0.136145987	-1.018652677	-3.213324294	0.027606350	-0.112828583	0.089659640	0.034278462	0.020975996	-0.020656857
2.839000000	0.115843510	0.579247857	0.435221385	0.136180204	-1.018631693	-3.213344919	0.027498740	-0.112873962	0.089694707	0.034154202	0.020993251	-0.020594117
2.840000000	0.115870955	0.579134960	0.435311097	0.136214296	-1.018610691	-3.213365482	0.027391070	-0.112919179	0.089729640	0.034029866	0.021010490	-0.020531328
2.841000000	0.115898292	0.579022019	0.435400844	0.136248264	-1.018589672	-3.213385982	0.027283340	-0.112964232	0.089764436	0.033905453	0.021027712	-0.020468490
2.842000000	0.115925521	0.578909032	0.435490626	0.136282107	-1.018568635	-3.213406419	0.027175550	-0.113009121	0.089799096	0.033780964	0.021044918	-0.020405603
2.843000000	0.115952643	0.578796000	0.435580442	0.136315825	-1.018547582	-3.213426793	0.027067699	-0.113053848	0.089833621	0.033656399	0.021062107	-0.020342667
2.844000000	0.115979657	0.578682924	0.435670293	0.136349420	-1.018526511	-3.213447104	0.026959789	-0.113098411	0.089868009	0.033531757	0.021079280	-0.020279681
2.845000000	0.116006563	0.578569803	0.435760178	0.136382889	-1.018505423	-3.213467353	0.026851819	-0.113142810	0.089902262	0.033407040	0.021096436	-0.020216647
2.846000000	0.116033361	0.578456638	0.435850098	0.136416234	-1.018484318	-3.213487538	0.026743790	-0.113187046	0.089936378	0.033282248	0.021113575	-0.020153564
2.847000000	0.116060050	0.578343429	0.435940051	0.136449453	-1.018463196	-3.213507660	0.026635701	-0.113231117	0.089970359	0.033157379	0.021130698	-0.020090433
2.848000000	0.116086632	0.578230176	0.436030038	0.136482548	-1.018442057	-3.213527719	0.026527553	-0.113275026	0.090004203	0.033032436	0.021147804	-0.020027252
2.849000000	0.116113105	0.578116879	0.436120059	0.136515518	-1.018420900	-3.213547714	0.026419345	-0.113318769	0.090037910	0.032907417	0.021164892	-0.019964023
2.850000000	0.116139471	0.578003539	0.436210114	0.136548363	-1.018399727	-3.213567647	0.026311079	-0.113362349	0.090071482	0.032782322	0.021181964	-0.019900745
2.851000000	0.116165728	0.577890155	0.436300202	0.136581083	-1.018378537	-3.213587516	0.026202754	-0.113405765	0.090104917	0.032657153	0.021199019	-0.019837418
2.852000000	0.116191876	0.577776727	0.436390324	0.136613678	-1.018357329	-3.213607321	0.026094370	-0.113449017	0.090138216	0.032531909	0.021216056	-0.019774043
2.853000000	0.116217916	0.577663257	0.436480479	0.136646147	-1.018336104	-3.213627064	0.025985927	-0.113492104	0.090171378	0.032406590	0.021233076	-0.019710619
2.854000000	0.116243848	0.577549743	0.436570667	0.136678491	-1.018314863	-3.213646743	0.025877425	-0.113535026	0.090204403	0.032281197	0.021250079	-0.019647147
2.855000000	0.116269671	0.577436187	0.436660888	0.136710709	-1.018293604	-3.213666358	0.025768866	-0.113577784	0.090237292	0.032155729	0.021267065	-0.019583626
2.856000000	0.116295386	0.577322587	0.436751141	0.136742802	-1.018272329	-3.213685910	0.025660247	-0.113620377	0.090270044	0.032030186	0.021284033	-0.019520057
2.857000000	0.116320992	0.577208946	0.436841428	0.136774770	-1.018251036	-3.213705398	0.025551571	-0.113662805	0.090302660	0.031904570	0.021300984	-0.019456440
2.858000000	0.116346489	0.577095262	0.436931747	0.136806611	-1.018229727	-3.213724823	0.025442837	-0.113705068	0.090335138	0.031778879	0.021317917	-0.019392775
2.859000000	0.116371877	0.576981536	0.437022098	0.136838327	-1.018208400	-3.213744184	0.025334045	-0.113747166	0.090367480	0.031653114	0.021334833	-0.019329061
2.860000000	0.116397157	0.576867767	0.437112482	0.136869918	-1.018187057	-3.213763481	0.025225195	-0.113789099	0.090399684	0.031527276	0.021351731	-0.019265299
2.861000000	0.116422328	0.576753957	0.437202897	0.136901382	-1.018165697	-3.213782714	0.025116288	-0.113830867	0.090431752	0.031401364	0.021368612	-0.019201489
2.862000000	0.116447390	0.576640106	0.437293345	0.136932720	-1.018144320	-3.213801884	0.025007323	-0.113872469	0.090463682	0.031275378	0.021385474	-0.019137631
2.863000000	0.116472342	0.576526213	0.437383825	0.136963933	-1.018122926	-3.213820990	0.024898301	-0.113913906	0.090495476	0.031149319	0.021402319	-0.019073725
2.864000000	0.116497186	0.576412278	0.437474336	0.136995019	-1.018101515	-3.213840031	0.024789221	-0.113955178	0.090527132	0.031023187	0.021419145	-0.019009770
2.865000000	0.116521921	0.576298302	0.437564879	0.137025979	-1.018080088	-3.213859009	0.024680084	-0.113996283	0.090558650	0.030896981	0.021435954	-0.018945768
2.866000000	0.116546546	0.576184285	0.437655453	0.137056813	-1.018058643	-3.213877923	0.024570891	-0.114037223	0.090590032	0.030770703	0.021452745	-0.018881718
2.867000000	0.116571063	0.576070228	0.437746059	0.137087520	-1.018037182	-3.213896773	0.024461641	-0.114077997	0.090621276	0.030644352	0.021469517	-0.018817621
2.868000000	0.116595470	0.575956129	0.437836696	0.137118102	-1.018015704	-3.213915558	0.024352334	-0.114118605	0.090652383	0.030517928	0.021486272	-0.018753475
2.869000000	0.116619767	0.575841991	0.437927364	0.137148556	-1.017994210	-3.213934279	0.024242970	-0.114159047	0.090683352	0.030391432	0.021503008	-0.018689282
2.870000000	0.116643956	0.575727811	0.438018063	0.137178884	-1.017972698	-3.213952937	0.024133550	-0.114199323	0.090714184	0.030264863	0.021519726	-0.018625041
2.871000000	0.116668034	0.575613592	0.438108792	0.137209086	-1.017951170	-3.213971530	0.024024074	-0.114239432	0.090744877	0.030138222	0.021536425	-0.018560753
2.872000000	0.116692004	0.575499332	0.438199552	0.137239161	-1.017929625	-3.213990058	0.023914542	-0.114279375	0.090775433	0.030011509	0.021553106	-0.018496417
2.873000000	0.116715863	0.575385033	0.438290343	0.137269109	-1.017908064	-3.214008522	0.023804954	-0.114319152	0.090805852	0.029884724	0.021569768	-0.018432033
2.874000000	0.116739614	0.575270694	0.438381164	0.137298930	-1.017886486	-3.214026922	0.023695309	-0.114358762	0.090836133	0.029757867	0.021586412	-0.018367603
2.875000000	0.116763254	0.575156316	0.438472015	0.137328625	-1.017864891	-3.214045258	0.023585609	-0.114398205	0.090866275	0.029630938	0.021603037	-0.018303124
2.876000000	0.116786785	0.575041898	0.438562897	0.137358192	-1.017843280	-3.214063528	0.023475854	-0.114437481	0.090896280	0.029503938	0.021619644	-0.018238599
2.877000000	0.116810206	0.574927441	0.438653808	0.137387633	-1.017821652	-3.214081735	0.023366043	-0.114476591	0.090926147	0.029376866	0.021636231	-0.018174026
2.878000000	0.116833517	0.574812945	0.438744749	0.137416946	-1.017800007	-3.214099877	0.023256176	-0.114515534	0.090955875	0.029249723	0.021652800	-0.018109406
2.879000000	0.116856718	0.574698410	0.438835720	0.137446132	-1.017778346	-3.214117954	0.023146255	-0.114554309	0.090985466	0.029122509	0.021669350	-0.018044738
2.880000000	0.116879809	0.574583836	0.438926720	0.137475191	-1.017756669	-3.214135966	0.023036278	-0.114592917	0.091014918	0.028995224	0.021685881	-0.017980024
2.881000000	0.116902791	0.574469224	0.439017750	0.137504123	-1.017734974	-3.214153914	0.022926247	-0.114631358	0.091044232	0.028867868	0.021702392	-0.017915262
2.882000000	0.116925662	0.574354573	0.439108808	0.137532927	-1.017713264	-3.214171797	0.022816160	-0.114669631	0.091073408	0.028740441	0.021718885	-0.017850454
2.883000000	0.116948423	0.574239884	0.439199896	0.137561603	-1.017691537	-3.214189615	0.022706020	-0.114707737	0.091102446	0.028612944	0.021735358	-0.017785598
2.884000000	0.116971074	0.574125158	0.439291013	0.137590153	-1.017669793	-3.214207368	0.022595824	-0.114745676	0.091131345	0.028485376	0.021751812	-0.017720696
2.885000000	0.116993615	0.574010393	0.439382159	0.137618574	-1.017648033	-3.214225056	0.022485574	-0.114783446	0.091160106	0.028357738	0.021768247	-0.017655747
2.886000000	0.117016045	0.573895591	0.439473333	0.137646868	-1.017626257	-3.214242679	0.022375270	-0.114821049	0.091188728	0.028230030	0.021784662	-0.017590751
2.887000000	0.117038365	0.573780751	0.439564536	0.137675034	-1.017604464	-3.214260237	0.022264912	-0.114858484	0.091217211	0.028102252	0.021801058	-0.017525708
2.888000000	0.117060575	0.573665874	0.439655768	0.137703073	-1.017582654	-3.214277731	0.022154500	-0.114895750	0.091245556	0.027974404	0.021817434	-0.017460619
2.889000000	0.117082674	0.573550960	0.439747028	0.137730983	-1.017560829	-3.214295159	0.022044034	-0.114932849	0.091273762	0.027846487	0.021833791	-0.017395483
2.890000000	0.117104663	0.573436008	0.439838315	0.137758766	-1.017538987	-3.214312522	0.021933514	-0.114969780	0.091301830	0.027718500	0.021850128	-0.017330300
2.891000000	0.117126541	0.573321020	0.439929631	0.137786420	-1.017517129	-3.214329819	0.021822941	-0.115006542	0.091329758	0.027590443	0.021866445	-0.017265071
2.892000000	0.117148309	0.573205995	0.440020975	0.137813946	-1.017495254	-3.214347052	0.021712314	-0.115043136	0.091357548	0.027462317	0.021882743	-0.017199795
2.893000000	0.117169966	0.573090934	0.440112346	0.137841345	-1.017473363	-3.214364219	0.021601634	-0.115079561	0.091385199	0.027334122	0.021899020	-0.017134473
2.894000000	0.117191512	0.572975836	0.440203745	0.137868615	-1.017451456	-3.214381321	0.021490901	-0.115115818	0.091412711	0.027205858	0.021915278	-0.017069105
2.895000000	0.117212948	0.572860702	0.440295172	0.137895756	-1.017429533	-3.214398357	0.021380115	-0.115151905	0.091440084	0.027077525	0.021931515	-0.017003690
2.896000000	0.117234272	0.572745532	0.440386625	0.137922770	-1.017407593	-3.214415328	0.021269277	-0.115187824	0.091467317	0.026949124	0.021947733	-0.016938229
2.897000000	0.117255486	0.572630326	0.440478106	0.137949655	-1.017385637	-3.214432234	0.021158385	-0.115223575	0.091494412	0.026820653	0.021963930	-0.016872722
2.898000000	0.117276589	0.572515085	0.440569614	0.137976411	-1.017363665	-3.214449074	0.021047441	-0.115259156	0.091521367	0.026692115	0.021980107	-0.016807169
2.899000000	0.117297581	0.572399808	0.440661149	0.138003039	-1.017341677	-3.214465848	0.020936444	-0.115294568	0.091548183	0.026563509	0.021996264	-0.016741570
2.900000000	0.117318462	0.572284496	0.440752711	0.138029538	-1.017319673	-3.214482557	0.020825395	-0.115329811	0.091574860	0.026434834	0.022012400	-0.016675924
2.901000000	0.117339232	0.572169148	0.440844299	0.138055909	-1.017297652	-3.214499200	0.020714294	-0.115364884	0.091601398	0.026306091	0.022028516	-0.016610233
2.902000000	0.117359891	0.572053766	0.440935913	0.138082150	-1.017275616	-3.214515777	0.020603141	-0.115399789	0.091627796	0.026177280	0.022044611	-0.016544496
2.903000000	0.117380438	0.571938349	0.441027554	0.138108263	-1.017253563	-3.214532289	0.020491936	-0.115434523	0.091654054	0.026048402	0.022060686	-0.016478713
2.904000000	0.117400874	0.571822897	0.441119222	0.138134247	-1.017231494	-3.214548735	0.020380680	-0.115469088	0.091680173	0.025919456	0.022076740	-0.016412884
2.905000000	0.117421199	0.571707411	0.441210915	0.138160102	-1.017209409	-3.214565115	0.020269371	-0.115503484	0.091706153	0.025790443	0.022092773	-0.016347009
2.906000000	0.117441413	0.571591890	0.441302634	0.138185828	-1.017187309	-3.214581429	0.020158012	-0.115537709	0.091731992	0.025661363	0.022108786	-0.016281089
2.907000000	0.117461516	0.571476335	0.441394379	0.138211425	-1.017165192	-3.214597677	0.020046600	-0.115571765	0.091757693	0.025532215	0.022124778	-0.016215123
2.908000000	0.117481506	0.571360747	0.441486149	0.138236892	-1.017143059	-3.214613859	0.019935138	-0.115605651	0.091783253	0.025403001	0.022140748	-0.016149112
2.909000000	0.117501386	0.571245124	0.441577945	0.138262231	-1.017120910	-3.214629975	0.019823625	-0.115639367	0.091808674	0.025273720	0.022156698	-0.016083055
2.910000000	0.117521154	0.571129468	0.441669767	0.138287440	-1.017098746	-3.214646025	0.019712061	-0.115672912	0.091833954	0.025144372	0.022172627	-0.016016953
2.911000000	0.117540810	0.571013778	0.441761613	0.138312519	-1.017076565	-3.214662009	0.019600446	-0.115706287	0.091859095	0.025014958	0.022188534	-0.015950805
2.912000000	0.117560355	0.570898055	0.441853485	0.138337470	-1.017054369	-3.214677927	0.019488780	-0.115739492	0.091884096	0.024885477	0.022204421	-0.015884612
2.913000000	0.117579787	0.570782299	0.441945381	0.138362290	-1.017032156	-3.214693778	0.019377064	-0.115772527	0.091908957	0.024755930	0.022220286	-0.015818374
2.914000000	0.117599109	0.570666510	0.442037303	0.138386982	-1.017009928	-3.214709563	0.019265298	-0.115805391	0.091933678	0.024626318	0.022236129	-0.015752090
2.915000000	0.117618318	0.570550688	0.442129249	0.138411543	-1.016987684	-3.214725282	0.019153482	-0.115838084	0.091958258	0.024496639	0.022251951	-0.015685762
2.916000000	0.117637416	0.570434834	0.442221219	0.138435975	-1.016965424	-3.214740935	0.019041615	-0.115870606	0.091982699	0.024366895	0.022267752	-0.015619388
2.917000000	0.117656401	0.570318947	0.442313214	0.138460277	-1.016943148	-3.214756521	0.018929699	-0.115902958	0.092006999	0.024237085	0.022283531	-0.015552969
2.918000000	0.117675275	0.570203028	0.442405233	0.138484449	-1.016920857	-3.214772041	0.018817732	-0.115935139	0.092031159	0.024107210	0.022299289	-0.015486505
2.919000000	0.117694037	0.570087077	0.442497276	0.138508491	-1.016898550	-3.214787494	0.018705717	-0.115967148	0.092055179	0.023977269	0.022315024	-0.015419997
2.920000000	0.117712686	0.569971094	0.442589344	0.138532404	-1.016876227	-3.214802881	0.018593651	-0.115998987	0.092079059	0.023847263	0.022330738	-0.015353443
2.921000000	0.117731224	0.569855079	0.442681435	0.138556186	-1.016853888	-3.214818201	0.018481537	-0.116030654	0.092102797	0.023717192	0.022346430	-0.015286845
2.922000000	0.117749650	0.569739032	0.442773549	0.138579838	-1.016831534	-3.214833454	0.018369373	-0.116062150	0.092126396	0.023587057	0.022362101	-0.015220202
2.923000000	0.117767963	0.569622955	0.442865687	0.138603360	-1.016809164	-3.214848641	0.018257160	-0.116093475	0.092149854	0.023456857	0.022377749	-0.015153514
2.924000000	0.117786164	0.569506846	0.442957849	0.138626752	-1.016786779	-3.214863761	0.018144899	-0.116124628	0.092173171	0.023326592	0.022393375	-0.015086782
2.925000000	0.117804253	0.569390705	0.443050034	0.138650013	-1.016764377	-3.214878815	0.018032588	-0.116155609	0.092196348	0.023196263	0.022408979	-0.015020005
2.926000000	0.117822229	0.569274534	0.443142242	0.138673144	-1.016741961	-3.214893801	0.017920229	-0.116186420	0.092219384	0.023065869	0.022424560	-0.014953184
2.927000000	0.117840093	0.569158333	0.443234472	0.138696145	-1.016719528	-3.214908721	0.017807821	-0.116217058	0.092242280	0.022935412	0.022440120	-0.014886318
2.928000000	0.117857845	0.569042100	0.443326726	0.138719015	-1.016697080	-3.214923574	0.017695366	-0.116247524	0.092265034	0.022804891	0.022455657	-0.014819408
2.929000000	0.117875484	0.568925837	0.443419003	0.138741755	-1.016674617	-3.214938360	0.017582862	-0.116277818	0.092287648	0.022674306	0.022471171	-0.014752454
2.930000000	0.117893010	0.568809545	0.443511301	0.138764364	-1.016652138	-3.214953079	0.017470310	-0.116307940	0.092310121	0.022543657	0.022486664	-0.014685455
2.931000000	0.117910424	0.568693222	0.443603623	0.138786842	-1.016629644	-3.214967731	0.017357710	-0.116337891	0.092332453	0.022412945	0.022502133	-0.014618412
2.932000000	0.117927726	0.568576869	0.443695966	0.138809190	-1.016607134	-3.214982316	0.017245062	-0.116367668	0.092354644	0.022282170	0.022517580	-0.014551325
2.933000000	0.117944915	0.568460486	0.443788332	0.138831406	-1.016584609	-3.214996834	0.017132367	-0.116397274	0.092376694	0.022151331	0.022533004	-0.014484194
2.934000000	0.117961991	0.568344074	0.443880720	0.138853492	-1.016562068	-3.215011284	0.017019624	-0.116426707	0.092398603	0.022020430	0.022548406	-0.014417019
2.935000000	0.117978954	0.568227633	0.443973129	0.138875447	-1.016539512	-3.215025668	0.016906834	-0.116455967	0.092420371	0.021889465	0.022563784	-0.014349800
2.936000000	0.117995804	0.568111162	0.444065560	0.138897271	-1.016516940	-3.215039984	0.016793997	-0.116485055	0.092441997	0.021758438	0.022579140	-0.014282537
2.937000000	0.118012542	0.567994663	0.444158013	0.138918964	-1.016494353	-3.215054233	0.016681113	-0.116513971	0.092463483	0.021627349	0.022594472	-0.014215231
2.938000000	0.118029166	0.567878134	0.444250487	0.138940526	-1.016471751	-3.215068414	0.016568182	-0.116542713	0.092484827	0.021496197	0.022609782	-0.014147880
2.939000000	0.118045678	0.567761577	0.444342983	0.138961956	-1.016449134	-3.215082528	0.016455204	-0.116571283	0.092506030	0.021364983	0.022625068	-0.014080486
2.940000000	0.118062077	0.567644992	0.444435500	0.138983256	-1.016426501	-3.215096575	0.016342180	-0.116599680	0.092527091	0.021233707	0.022640331	-0.014013048
2.941000000	0.118078363	0.567528378	0.444528037	0.139004424	-1.016403853	-3.215110555	0.016229109	-0.116627903	0.092548012	0.021102369	0.022655571	-0.013945567
2.942000000	0.118094535	0.567411736	0.444620596	0.139025461	-1.016381190	-3.215124466	0.016115993	-0.116655953	0.092568790	0.020970969	0.022670787	-0.013878042
2.943000000	0.118110594	0.567295066	0.444713175	0.139046366	-1.016358512	-3.215138311	0.016002830	-0.116683831	0.092589427	0.020839508	0.022685980	-0.013810474
2.944000000	0.118126541	0.567178368	0.444805774	0.139067140	-1.016335818	-3.215152087	0.015889621	-0.116711535	0.092609923	0.020707985	0.022701150	-0.013742862
2.945000000	0.118142374	0.567061643	0.444898395	0.139087782	-1.016313109	-3.215165796	0.015776366	-0.116739066	0.092630278	0.020576401	0.022716296	-0.013675207
2.946000000	0.118158093	0.566944890	0.444991035	0.139108292	-1.016290385	-3.215179438	0.015663065	-0.116766422	0.092650490	0.020444756	0.022731418	-0.013607509
2.947000000	0.118173700	0.566828110	0.445083696	0.139128671	-1.016267647	-3.215193011	0.015549719	-0.116793606	0.092670560	0.020313050	0.022746516	-0.013539768
2.948000000	0.118189193	0.566711303	0.445176376	0.139148918	-1.016244892	-3.215206517	0.015436328	-0.116820615	0.092690490	0.020181283	0.022761591	-0.013471983
2.949000000	0.118204573	0.566594469	0.445269076	0.139169034	-1.016222123	-3.215219955	0.015322891	-0.116847451	0.092710277	0.020049455	0.022776642	-0.013404156
2.950000000	0.118219839	0.566477608	0.445361797	0.139189017	-1.016199339	-3.215233326	0.015209409	-0.116874113	0.092729922	0.019917568	0.022791669	-0.013336285
2.951000000	0.118234991	0.566360721	0.445454536	0.139208869	-1.016176540	-3.215246628	0.015095883	-0.116900601	0.092749426	0.019785619	0.022806671	-0.013268372
2.952000000	0.118250030	0.566243807	0.445547295	0.139228589	-1.016153726	-3.215259862	0.014982311	-0.116926916	0.092768788	0.019653611	0.022821650	-0.013200416
2.953000000	0.118264956	0.566126867	0.445640074	0.139248176	-1.016130897	-3.215273029	0.014868695	-0.116953056	0.092788008	0.019521542	0.022836605	-0.013132417
2.954000000	0.118279768	0.566009901	0.445732871	0.139267632	-1.016108053	-3.215286127	0.014755034	-0.116979021	0.092807085	0.019389414	0.022851535	-0.013064375
2.955000000	0.118294466	0.565892909	0.445825688	0.139286955	-1.016085194	-3.215299158	0.014641329	-0.117004813	0.092826021	0.019257226	0.022866441	-0.012996290
2.956000000	0.118309050	0.565775891	0.445918524	0.139306146	-1.016062320	-3.215312120	0.014527580	-0.117030430	0.092844815	0.019124978	0.022881322	-0.012928163
2.957000000	0.118323521	0.565658848	0.446011378	0.139325205	-1.016039431	-3.215325014	0.014413787	-0.117055872	0.092863466	0.018992671	0.022896179	-0.012859994
2.958000000	0.118337878	0.565541779	0.446104250	0.139344131	-1.016016527	-3.215337840	0.014299950	-0.117081140	0.092881976	0.018860305	0.022911012	-0.012791782
2.959000000	0.118352121	0.565424686	0.446197142	0.139362926	-1.015993609	-3.215350597	0.014186069	-0.117106234	0.092900343	0.018727880	0.022925820	-0.012723527
2.960000000	0.118366250	0.565307567	0.446290051	0.139381587	-1.015970676	-3.215363287	0.014072145	-0.117131152	0.092918568	0.018595396	0.022940603	-0.012655230
2.961000000	0.118380265	0.565190423	0.446382979	0.139400116	-1.015947728	-3.215375908	0.013958177	-0.117155896	0.092936650	0.018462853	0.022955361	-0.012586891
2.962000000	0.118394167	0.565073255	0.446475924	0.139418513	-1.015924765	-3.215388461	0.013844166	-0.117180465	0.092954591	0.018330252	0.022970095	-0.012518510
2.963000000	0.118407954	0.564956062	0.446568888	0.139436777	-1.015901788	-3.215400945	0.013730112	-0.117204859	0.092972389	0.018197592	0.022984804	-0.012450086
2.964000000	0.118421627	0.564838845	0.446661869	0.139454908	-1.015878795	-3.215413361	0.013616014	-0.117229078	0.092990044	0.018064874	0.022999487	-0.012381621
2.965000000	0.118435186	0.564721604	0.446754868	0.139472907	-1.015855789	-3.215425708	0.013501874	-0.117253122	0.093007557	0.017932098	0.023014146	-0.012313114
2.966000000	0.118448631	0.564604339	0.446847884	0.139490772	-1.015832767	-3.215437987	0.013387692	-0.117276990	0.093024928	0.017799264	0.023028779	-0.012244564
2.967000000	0.118461961	0.564487050	0.446940918	0.139508505	-1.015809731	-3.215450197	0.013273466	-0.117300683	0.093042155	0.017666372	0.023043388	-0.012175973
2.968000000	0.118475177	0.564369738	0.447033969	0.139526105	-1.015786680	-3.215462339	0.013159199	-0.117324201	0.093059241	0.017533423	0.023057971	-0.012107340
2.969000000	0.118488280	0.564252402	0.447127036	0.139543572	-1.015763615	-3.215474412	0.013044889	-0.117347543	0.093076184	0.017400416	0.023072528	-0.012038665
2.970000000	0.118501267	0.564135043	0.447220121	0.139560906	-1.015740535	-3.215486416	0.012930537	-0.117370710	0.093092984	0.017267352	0.023087060	-0.011969948
2.971000000	0.118514141	0.564017660	0.447313222	0.139578107	-1.015717441	-3.215498352	0.012816143	-0.117393701	0.093109641	0.017134231	0.023101567	-0.011901190
2.972000000	0.118526900	0.563900255	0.447406340	0.139595174	-1.015694332	-3.215510219	0.012701708	-0.117416516	0.093126155	0.017001053	0.023116048	-0.011832391
2.973000000	0.118539544	0.563782827	0.447499475	0.139612109	-1.015671209	-3.215522017	0.012587231	-0.117439155	0.093142527	0.016867818	0.023130504	-0.011763550
2.974000000	0.118552074	0.563665377	0.447592625	0.139628910	-1.015648071	-3.215533746	0.012472712	-0.117461618	0.093158756	0.016734526	0.023144933	-0.011694667
2.975000000	0.118564489	0.563547904	0.447685792	0.139645578	-1.015624919	-3.215545406	0.012358152	-0.117483906	0.093174842	0.016601178	0.023159337	-0.011625743
2.976000000	0.118576790	0.563430409	0.447778975	0.139662112	-1.015601752	-3.215556997	0.012243551	-0.117506017	0.093190785	0.016467774	0.023173715	-0.011556778
2.977000000	0.118588977	0.563312892	0.447872174	0.139678513	-1.015578572	-3.215568520	0.012128908	-0.117527952	0.093206585	0.016334314	0.023188067	-0.011487772
2.978000000	0.118601048	0.563195353	0.447965388	0.139694781	-1.015555376	-3.215579973	0.012014225	-0.117549711	0.093222242	0.016200797	0.023202393	-0.011418724
2.979000000	0.118613005	0.563077793	0.448058618	0.139710915	-1.015532167	-3.215591357	0.011899502	-0.117571293	0.093237756	0.016067226	0.023216693	-0.011349636
2.980000000	0.118624847	0.562960211	0.448151864	0.139726915	-1.015508943	-3.215602672	0.011784738	-0.117592699	0.093253127	0.015933598	0.023230967	-0.011280507
2.981000000	0.118636574	0.562842607	0.448245125	0.139742782	-1.015485705	-3.215613918	0.011669933	-0.117613929	0.093268356	0.015799914	0.023245214	-0.011211336
2.982000000	0.118648187	0.562724983	0.448338400	0.139758515	-1.015462453	-3.215625095	0.011555088	-0.117634982	0.093283440	0.015666176	0.023259435	-0.011142125
2.983000000	0.118659685	0.562607337	0.448431691	0.139774115	-1.015439186	-3.215636202	0.011440203	-0.117655858	0.093298382	0.015532382	0.023273630	-0.011072873
2.984000000	0.118671067	0.562489671	0.448524997	0.139789580	-1.015415905	-3.215647240	0.011325279	-0.117676558	0.093313180	0.015398534	0.023287798	-0.011003580
2.985000000	0.118682335	0.562371984	0.448618318	0.139804912	-1.015392610	-3.215658209	0.011210314	-0.117697081	0.093327835	0.015264630	0.023301940	-0.010934247
2.986000000	0.118693488	0.562254277	0.448711653	0.139820109	-1.015369301	-3.215669109	0.011095310	-0.117717426	0.093342347	0.015130672	0.023316055	-0.010864873
2.987000000	0.118704526	0.562136549	0.448805002	0.139835173	-1.015345978	-3.215679939	0.010980266	-0.117737595	0.093356715	0.014996660	0.023330143	-0.010795459
2.988000000	0.118715449	0.562018802	0.448898366	0.139850103	-1.015322641	-3.215690700	0.010865183	-0.117757587	0.093370940	0.014862593	0.023344205	-0.010726004
2.989000000	0.118726256	0.561901034	0.448991744	0.139864898	-1.015299290	-3.215701391	0.010750061	-0.117777402	0.093385022	0.014728472	0.023358239	-0.010656509
2.990000000	0.118736949	0.561783247	0.449085136	0.139879560	-1.015275925	-3.215712013	0.010634900	-0.117797039	0.093398960	0.014594297	0.023372247	-0.010586974
2.991000000	0.118747526	0.561665440	0.449178542	0.139894087	-1.015252545	-3.215722565	0.010519700	-0.117816499	0.093412754	0.014460069	0.023386228	-0.010517398
2.992000000	0.118757988	0.561547614	0.449271962	0.139908480	-1.015229152	-3.215733048	0.010404462	-0.117835781	0.093426405	0.014325786	0.023400181	-0.010447782
2.993000000	0.118768335	0.561429769	0.449365395	0.139922738	-1.015205745	-3.215743461	0.010289185	-0.117854887	0.093439913	0.014191450	0.023414108	-0.010378126
2.994000000	0.118778566	0.561311904	0.449458842	0.139936863	-1.015182324	-3.215753804	0.010173869	-0.117873814	0.093453277	0.014057061	0.023428007	-0.010308431
2.995000000	0.118788683	0.561194021	0.449552302	0.139950852	-1.015158889	-3.215764078	0.010058516	-0.117892564	0.093466497	0.013922619	0.023441879	-0.010238695
2.996000000	0.118798683	0.561076119	0.449645775	0.139964708	-1.015135440	-3.215774281	0.009943124	-0.117911136	0.093479573	0.013788124	0.023455723	-0.010168919
2.997000000	0.118808569	0.560958199	0.449739261	0.139978429	-1.015111978	-3.215784415	0.009827695	-0.117929531	0.093492506	0.013653576	0.023469540	-0.010099104
2.998000000	0.118818339	0.560840260	0.449832760	0.139992015	-1.015088501	-3.215794480	0.009712227	-0.117947747	0.093505295	0.013518976	0.023483330	-0.010029249
2.999000000	0.118827993	0.560722303	0.449926271	0.140005467	-1.015065011	-3.215804474	0.009596722	-0.117965786	0.093517940	0.013384323	0.023497092	-0.009959354
3.000000000	0.118837532	0.560604328	0.450019796	0.140018784	-1.015041507	-3.215814398	0.009481180	-0.117983646	0.093530442	0.013249618	0.023510826	-0.009889420
3.001000000	0.118846956	0.560486336	0.450113332	0.140031966	-1.015017989	-3.215824253	0.009365601	-0.118001329	0.093542799	0.013114860	0.023524532	-0.009819446
3.002000000	0.118856264	0.560368326	0.450206881	0.140045013	-1.014994458	-3.215834037	0.009249984	-0.118018833	0.093555013	0.012980051	0.023538211	-0.009749433
3.003000000	0.118865456	0.560250298	0.450300442	0.140057926	-1.014970913	-3.215843752	0.009134330	-0.118036159	0.093567083	0.012845190	0.023551861	-0.009679381
3.004000000	0.118874532	0.560132253	0.450394015	0.140070704	-1.014947354	-3.215853396	0.009018640	-0.118053307	0.093579008	0.012710277	0.023565484	-0.009609289
3.005000000	0.118883493	0.560014192	0.450487600	0.140083347	-1.014923782	-3.215862970	0.008902913	-0.118070276	0.093590790	0.012575313	0.023579079	-0.009539158
3.006000000	0.118892338	0.559896113	0.450581197	0.140095854	-1.014900196	-3.215872474	0.008787150	-0.118087066	0.093602428	0.012440298	0.023592645	-0.009468988
3.007000000	0.118901067	0.559778018	0.450674805	0.140108227	-1.014876597	-3.215881908	0.008671350	-0.118103679	0.093613921	0.012305232	0.023606183	-0.009398779
3.008000000	0.118909681	0.559659906	0.450768425	0.140120465	-1.014852984	-3.215891272	0.008555514	-0.118120112	0.093625271	0.012170114	0.023619693	-0.009328531
3.009000000	0.118918178	0.559541777	0.450862056	0.140132567	-1.014829357	-3.215900565	0.008439643	-0.118136367	0.093636477	0.012034946	0.023633174	-0.009258244
3.010000000	0.118926560	0.559423633	0.450955698	0.140144535	-1.014805717	-3.215909788	0.008323735	-0.118152443	0.093647538	0.011899728	0.023646627	-0.009187918
3.011000000	0.118934826	0.559305472	0.451049351	0.140156367	-1.014782064	-3.215918941	0.008207792	-0.118168340	0.093658455	0.011764459	0.023660052	-0.009117553
3.012000000	0.118942976	0.559187296	0.451143015	0.140168064	-1.014758397	-3.215928023	0.008091813	-0.118184058	0.093669228	0.011629140	0.023673447	-0.009047150
3.013000000	0.118951009	0.559069104	0.451236689	0.140179625	-1.014734717	-3.215937035	0.007975799	-0.118199597	0.093679856	0.011493770	0.023686814	-0.008976708
3.014000000	0.118958927	0.558950897	0.451330374	0.140191051	-1.014711024	-3.215945977	0.007859749	-0.118214957	0.093690340	0.011358351	0.023700153	-0.008906228
3.015000000	0.118966729	0.558832674	0.451424070	0.140202342	-1.014687317	-3.215954848	0.007743665	-0.118230138	0.093700680	0.011222882	0.023713462	-0.008835709
3.016000000	0.118974414	0.558714437	0.451517776	0.140213497	-1.014663597	-3.215963648	0.007627546	-0.118245139	0.093710876	0.011087364	0.023726743	-0.008765152
3.017000000	0.118981984	0.558596184	0.451611492	0.140224517	-1.014639863	-3.215972378	0.007511392	-0.118259962	0.093720927	0.010951797	0.023739994	-0.008694557
3.018000000	0.118989437	0.558477917	0.451705218	0.140235401	-1.014616117	-3.215981037	0.007395203	-0.118274604	0.093730834	0.010816180	0.023753217	-0.008623923
3.019000000	0.118996774	0.558359635	0.451798953	0.140246149	-1.014592357	-3.215989626	0.007278980	-0.118289068	0.093740596	0.010680514	0.023766410	-0.008553251
3.020000000	0.119003995	0.558241339	0.451892699	0.140256762	-1.014568584	-3.215998144	0.007162723	-0.118303351	0.093750213	0.010544799	0.023779574	-0.008482541
3.021000000	0.119011100	0.558123028	0.451986454	0.140267238	-1.014544798	-3.216006591	0.007046433	-0.118317456	0.093759687	0.010409036	0.023792709	-0.008411793
3.022000000	0.119018088	0.558004704	0.452080218	0.140277580	-1.014520998	-3.216014967	0.006930108	-0.118331380	0.093769016	0.010273224	0.023805815	-0.008341008
3.023000000	0.119024960	0.557886365	0.452173992	0.140287785	-1.014497186	-3.216023273	0.006813749	-0.118345124	0.093778199	0.010137364	0.023818891	-0.008270184
3.024000000	0.119031716	0.557768013	0.452267775	0.140297854	-1.014473361	-3.216031508	0.006697356	-0.118358689	0.093787239	0.010001456	0.023831937	-0.008199323
3.025000000	0.119038355	0.557649648	0.452361566	0.140307788	-1.014449522	-3.216039672	0.006580931	-0.118372074	0.093796134	0.009865500	0.023844954	-0.008128424
3.026000000	0.119044877	0.557531269	0.452455367	0.140317585	-1.014425671	-3.216047765	0.006464472	-0.118385279	0.093804884	0.009729496	0.023857941	-0.008057487
3.027000000	0.119051284	0.557412877	0.452549176	0.140327247	-1.014401806	-3.216055787	0.006347980	-0.118398303	0.093813489	0.009593444	0.023870898	-0.007986513
3.028000000	0.119057573	0.557294473	0.452642994	0.140336772	-1.014377929	-3.216063738	0.006231455	-0.118411148	0.093821950	0.009457345	0.023883826	-0.007915501
3.029000000	0.119063747	0.557176055	0.452736820	0.140346162	-1.014354039	-3.216071618	0.006114897	-0.118423813	0.093830266	0.009321199	0.023896723	-0.007844452
3.030000000	0.119069803	0.557057625	0.452830654	0.140355415	-1.014330135	-3.216079427	0.005998307	-0.118436297	0.093838437	0.009185006	0.023909591	-0.007773366
3.031000000	0.119075743	0.556939183	0.452924497	0.140364532	-1.014306219	-3.216087164	0.005881684	-0.118448600	0.093846463	0.009048766	0.023922428	-0.007702242
3.032000000	0.119081567	0.556820728	0.453018347	0.140373512	-1.014282291	-3.216094831	0.005765029	-0.118460724	0.093854345	0.008912479	0.023935235	-0.007631082
3.033000000	0.119087273	0.556702261	0.453112205	0.140382356	-1.014258349	-3.216102427	0.005648342	-0.118472667	0.093862081	0.008776146	0.023948012	-0.007559884
3.034000000	0.119092863	0.556583783	0.453206071	0.140391064	-1.014234395	-3.216109951	0.005531623	-0.118484429	0.093869673	0.008639766	0.023960759	-0.007488649
3.035000000	0.119098337	0.556465292	0.453299945	0.140399636	-1.014210427	-3.216117404	0.005414872	-0.118496010	0.093877120	0.008503340	0.023973475	-0.007417378
3.036000000	0.119103693	0.556346791	0.453393826	0.140408071	-1.014186448	-3.216124786	0.005298090	-0.118507411	0.093884421	0.008366869	0.023986161	-0.007346069
3.037000000	0.119108933	0.556228277	0.453487714	0.140416370	-1.014162455	-3.216132096	0.005181276	-0.118518631	0.093891578	0.008230351	0.023998817	-0.007274724
3.038000000	0.119114056	0.556109753	0.453581609	0.140424532	-1.014138450	-3.216139335	0.005064431	-0.118529671	0.093898590	0.008093788	0.024011441	-0.007203342
3.039000000	0.119119062	0.555991218	0.453675511	0.140432557	-1.014114432	-3.216146503	0.004947555	-0.118540529	0.093905457	0.007957179	0.024024035	-0.007131924
3.040000000	0.119123951	0.555872672	0.453769420	0.140440446	-1.014090402	-3.216153599	0.004830648	-0.118551206	0.093912178	0.007820525	0.024036598	-0.007060469
3.041000000	0.119128723	0.555754116	0.453863335	0.140448198	-1.014066359	-3.216160624	0.004713710	-0.118561703	0.093918755	0.007683826	0.024049131	-0.006988978
3.042000000	0.119133378	0.555635549	0.453957257	0.140455814	-1.014042304	-3.216167577	0.004596742	-0.118572018	0.093925186	0.007547082	0.024061632	-0.006917450
3.043000000	0.119137916	0.555516972	0.454051186	0.140463293	-1.014018236	-3.216174458	0.004479743	-0.118582151	0.093931472	0.007410293	0.024074103	-0.006845886
3.044000000	0.119142338	0.555398384	0.454145120	0.140470634	-1.013994155	-3.216181269	0.004362713	-0.118592104	0.093937613	0.007273460	0.024086542	-0.006774286
3.045000000	0.119146642	0.555279787	0.454239061	0.140477839	-1.013970063	-3.216188007	0.004245654	-0.118601876	0.093943609	0.007136582	0.024098950	-0.006702650
3.046000000	0.119150829	0.555161181	0.454333007	0.140484908	-1.013945958	-3.216194674	0.004128565	-0.118611465	0.093949459	0.006999660	0.024111327	-0.006630978
3.047000000	0.119154899	0.555042565	0.454426960	0.140491839	-1.013921840	-3.216201269	0.004011446	-0.118620874	0.093955165	0.006862695	0.024123672	-0.006559269
3.048000000	0.119158852	0.554923939	0.454520918	0.140498633	-1.013897710	-3.216207792	0.003894297	-0.118630101	0.093960725	0.006725685	0.024135987	-0.006487526
3.049000000	0.119162687	0.554805304	0.454614881	0.140505290	-1.013873568	-3.216214244	0.003777119	-0.118639146	0.093966140	0.006588631	0.024148269	-0.006415746
3.050000000	0.119166406	0.554686661	0.454708850	0.140511810	-1.013849414	-3.216220624	0.003659911	-0.118648010	0.093971409	0.006451535	0.024160520	-0.006343930
3.051000000	0.119170007	0.554568008	0.454802824	0.140518193	-1.013825247	-3.216226932	0.003542675	-0.118656691	0.093976533	0.006314395	0.024172740	-0.006272079
3.052000000	0.119173491	0.554449347	0.454896803	0.140524439	-1.013801068	-3.216233168	0.003425409	-0.118665191	0.093981512	0.006177212	0.024184927	-0.006200193
3.053000000	0.119176858	0.554330678	0.454990787	0.140530548	-1.013776877	-3.216239332	0.003308115	-0.118673510	0.093986345	0.006039985	0.024197083	-0.006128271
3.054000000	0.119180108	0.554212000	0.455084776	0.140536519	-1.013752674	-3.216245425	0.003190792	-0.118681646	0.093991033	0.005902717	0.024209207	-0.006056313
3.055000000	0.119183240	0.554093315	0.455178769	0.140542353	-1.013728459	-3.216251445	0.003073441	-0.118689600	0.093995575	0.005765405	0.024221299	-0.005984321
3.056000000	0.119186254	0.553974621	0.455272767	0.140548050	-1.013704231	-3.216257393	0.002956061	-0.118697372	0.093999972	0.005628052	0.024233360	-0.005912293
3.057000000	0.119189152	0.553855920	0.455366769	0.140553609	-1.013679992	-3.216263270	0.002838654	-0.118704962	0.094004223	0.005490656	0.024245387	-0.005840230
3.058000000	0.119191932	0.553737211	0.455460775	0.140559031	-1.013655741	-3.216269074	0.002721218	-0.118712370	0.094008329	0.005353218	0.024257383	-0.005768132
3.059000000	0.119194594	0.553618495	0.455554786	0.140564316	-1.013631477	-3.216274806	0.002603754	-0.118719595	0.094012289	0.005215738	0.024269347	-0.005695999
3.060000000	0.119197139	0.553499772	0.455648800	0.140569463	-1.013607202	-3.216280466	0.002486263	-0.118726638	0.094016104	0.005078217	0.024281278	-0.005623831
3.061000000	0.119199567	0.553381042	0.455742818	0.140574472	-1.013582915	-3.216286053	0.002368745	-0.118733499	0.094019773	0.004940654	0.024293177	-0.005551628
3.062000000	0.119201877	0.553262305	0.455836839	0.140579344	-1.013558616	-3.216291569	0.002251199	-0.118740178	0.094023296	0.004803050	0.024305043	-0.005479391
3.063000000	0.119204069	0.553143562	0.455930864	0.140584078	-1.013534305	-3.216297012	0.002133626	-0.118746673	0.094026674	0.004665405	0.024316876	-0.005407119
3.064000000	0.119206144	0.553024812	0.456024893	0.140588675	-1.013509982	-3.216302383	0.002016027	-0.118752986	0.094029906	0.004527719	0.024328677	-0.005334813
3.065000000	0.119208101	0.552906056	0.456118924	0.140593134	-1.013485647	-3.216307682	0.001898400	-0.118759117	0.094032992	0.004389992	0.024340446	-0.005262472
3.066000000	0.119209941	0.552787293	0.456212959	0.140597455	-1.013461301	-3.216312908	0.001780747	-0.118765064	0.094035933	0.004252225	0.024352181	-0.005190097
3.067000000	0.119211663	0.552668525	0.456306996	0.140601638	-1.013436943	-3.216318062	0.001663068	-0.118770829	0.094038728	0.004114418	0.024363883	-0.005117687
3.068000000	0.119213267	0.552549752	0.456401036	0.140605684	-1.013412573	-3.216323144	0.001545362	-0.118776411	0.094041377	0.003976570	0.024375553	-0.005045244
3.069000000	0.119214753	0.552430973	0.456495079	0.140609591	-1.013388192	-3.216328153	0.001427630	-0.118781811	0.094043881	0.003838682	0.024387189	-0.004972766
3.070000000	0.119216122	0.552312188	0.456589124	0.140613361	-1.013363799	-3.216333089	0.001309872	-0.118787027	0.094046238	0.003700755	0.024398793	-0.004900254
3.071000000	0.119217373	0.552193399	0.456683171	0.140616993	-1.013339394	-3.216337953	0.001192089	-0.118792060	0.094048450	0.003562788	0.024410363	-0.004827708
3.072000000	0.119218506	0.552074604	0.456777221	0.140620486	-1.013314978	-3.216342744	0.001074280	-0.118796910	0.094050516	0.003424782	0.024421900	-0.004755129
3.073000000	0.119219522	0.551955805	0.456871272	0.140623842	-1.013290550	-3.216347463	0.000956446	-0.118801577	0.094052436	0.003286736	0.024433403	-0.004682515
3.074000000	0.119220419	0.551837001	0.456965326	0.140627060	-1.013266111	-3.216352109	0.000838586	-0.118806061	0.094054211	0.003148652	0.024444873	-0.004609868
3.075000000	0.119221199	0.551718193	0.457059381	0.140630140	-1.013241661	-3.216356683	0.000720702	-0.118810361	0.094055839	0.003010529	0.024456310	-0.004537188
3.076000000	0.119221861	0.551599380	0.457153437	0.140633081	-1.013217199	-3.216361184	0.000602792	-0.118814478	0.094057321	0.002872367	0.024467713	-0.004464474
3.077000000	0.119222405	0.551480564	0.457247495	0.140635884	-1.013192725	-3.216365612	0.000484858	-0.118818412	0.094058658	0.002734166	0.024479082	-0.004391727
3.078000000	0.119222830	0.551361743	0.457341555	0.140638549	-1.013168240	-3.216369967	0.000366899	-0.118822161	0.094059848	0.002595927	0.024490417	-0.004318946
3.079000000	0.119223138	0.551242919	0.457435615	0.140641076	-1.013143744	-3.216374250	0.000248916	-0.118825728	0.094060893	0.002457651	0.024501719	-0.004246132
3.080000000	0.119223328	0.551124092	0.457529677	0.140643465	-1.013119237	-3.216378460	0.000130909	-0.118829112	0.094061791	0.002319336	0.024512986	-0.004173285
3.081000000	0.119223400	0.551005261	0.457623739	0.140645715	-1.013094718	-3.216382596	0.000012877	-0.118832311	0.094062544	0.002180984	0.024524220	-0.004100404
3.082000000	0.119223354	0.550886427	0.457717802	0.140647827	-1.013070189	-3.216386660	-0.000105178	-0.118835326	0.094063150	0.002042594	0.024535420	-0.004027491
3.083000000	0.119223190	0.550767590	0.457811865	0.140649800	-1.013045648	-3.216390651	-0.000223256	-0.118838158	0.094063611	0.001904167	0.024546585	-0.003954545
3.084000000	0.119222907	0.550648751	0.457905929	0.140651635	-1.013021095	-3.216394569	-0.000341358	-0.118840806	0.094063925	0.001765703	0.024557716	-0.003881567
3.085000000	0.119222507	0.550529909	0.457999993	0.140653331	-1.012996532	-3.216398415	-0.000459484	-0.118843271	0.094064093	0.001627201	0.024568813	-0.003808555
3.086000000	0.119221989	0.550411064	0.458094057	0.140654889	-1.012971958	-3.216402187	-0.000577633	-0.118845551	0.094064115	0.001488663	0.024579875	-0.003735511
3.087000000	0.119221352	0.550292218	0.458188121	0.140656309	-1.012947372	-3.216405886	-0.000695805	-0.118847647	0.094063992	0.001350089	0.024590903	-0.003662434
3.088000000	0.119220597	0.550173369	0.458282185	0.140657590	-1.012922776	-3.216409511	-0.000813999	-0.118849559	0.094063722	0.001211478	0.024601897	-0.003589325
3.089000000	0.119219724	0.550054519	0.458376249	0.140658732	-1.012898169	-3.216413064	-0.000932216	-0.118851287	0.094063305	0.001072832	0.024612856	-0.003516184
3.090000000	0.119218732	0.549935667	0.458470312	0.140659735	-1.012873550	-3.216416544	-0.001050456	-0.118852831	0.094062743	0.000934148	0.024623780	-0.003443010
3.091000000	0.119217623	0.549816813	0.458564374	0.140660600	-1.012848921	-3.216419950	-0.001168718	-0.118854190	0.094062034	0.000795430	0.024634669	-0.003369804
3.092000000	0.119216395	0.549697958	0.458658436	0.140661326	-1.012824281	-3.216423283	-0.001287001	-0.118855366	0.094061179	0.000656676	0.024645523	-0.003296566
3.093000000	0.119215049	0.549579102	0.458752496	0.140661913	-1.012799630	-3.216426543	-0.001405307	-0.118856356	0.094060178	0.000517886	0.024656343	-0.003223296
3.094000000	0.119213584	0.549460245	0.458846556	0.140662362	-1.012774968	-3.216429730	-0.001523635	-0.118857163	0.094059031	0.000379061	0.024667127	-0.003149994
3.095000000	0.119212002	0.549341388	0.458940614	0.140662671	-1.012750296	-3.216432843	-0.001641984	-0.118857785	0.094057738	0.000240201	0.024677877	-0.003076661
3.096000000	0.119210300	0.549222530	0.459034672	0.140662842	-1.012725613	-3.216435883	-0.001760355	-0.118858223	0.094056298	0.000101307	0.024688591	-0.003003296
3.097000000	0.119208481	0.549103671	0.459128727	0.140662874	-1.012700919	-3.216438850	-0.001878747	-0.118858475	0.094054712	-0.000037623	0.024699269	-0.002929899
3.098000000	0.119206543	0.548984813	0.459222781	0.140662767	-1.012676214	-3.216441743	-0.001997159	-0.118858544	0.094052979	-0.000176586	0.024709913	-0.002856470
3.099000000	0.119204487	0.548865954	0.459316833	0.140662521	-1.012651499	-3.216444563	-0.002115593	-0.118858427	0.094051101	-0.000315584	0.024720521	-0.002783010
3.100000000	0.119202312	0.548747096	0.459410883	0.140662136	-1.012626773	-3.216447309	-0.002234048	-0.118858126	0.094049076	-0.000454616	0.024731094	-0.002709519
3.101000000	0.119200019	0.548628238	0.459504931	0.140661612	-1.012602037	-3.216449982	-0.002352522	-0.118857641	0.094046905	-0.000593682	0.024741631	-0.002635997
3.102000000	0.119197607	0.548509381	0.459598977	0.140660948	-1.012577290	-3.216452581	-0.002471018	-0.118856970	0.094044587	-0.000732781	0.024752132	-0.002562443
3.103000000	0.119195076	0.548390524	0.459693020	0.140660146	-1.012552532	-3.216455107	-0.002589533	-0.118856114	0.094042122	-0.000871914	0.024762598	-0.002488858
3.104000000	0.119192428	0.548271669	0.459787061	0.140659205	-1.012527764	-3.216457559	-0.002708068	-0.118855073	0.094039512	-0.001011080	0.024773027	-0.002415242
3.105000000	0.119189660	0.548152814	0.459881099	0.140658124	-1.012502986	-3.216459937	-0.002826624	-0.118853847	0.094036755	-0.001150279	0.024783421	-0.002341596
3.106000000	0.119186774	0.548033961	0.459975135	0.140656904	-1.012478198	-3.216462242	-0.002945199	-0.118852437	0.094033852	-0.001289511	0.024793779	-0.002267918
3.107000000	0.119183770	0.547915109	0.460069167	0.140655545	-1.012453399	-3.216464473	-0.003063793	-0.118850841	0.094030802	-0.001428775	0.024804101	-0.002194210
3.108000000	0.119180647	0.547796259	0.460163196	0.140654047	-1.012428589	-3.216466630	-0.003182407	-0.118849060	0.094027606	-0.001568072	0.024814387	-0.002120472
3.109000000	0.119177405	0.547677411	0.460257222	0.140652409	-1.012403770	-3.216468714	-0.003301039	-0.118847093	0.094024263	-0.001707402	0.024824636	-0.002046702
3.110000000	0.119174045	0.547558565	0.460351245	0.140650632	-1.012378940	-3.216470724	-0.003419691	-0.118844941	0.094020774	-0.001846763	0.024834849	-0.001972903
3.111000000	0.119170566	0.547439721	0.460445264	0.140648715	-1.012354100	-3.216472660	-0.003538361	-0.118842605	0.094017139	-0.001986156	0.024845026	-0.001899073
3.112000000	0.119166968	0.547320880	0.460539279	0.140646659	-1.012329250	-3.216474522	-0.003657050	-0.118840082	0.094013357	-0.002125581	0.024855166	-0.001825212
3.113000000	0.119163252	0.547202041	0.460633291	0.140644464	-1.012304390	-3.216476310	-0.003775758	-0.118837374	0.094009428	-0.002265038	0.024865270	-0.001751322
3.114000000	0.119159417	0.547083205	0.460727298	0.140642129	-1.012279520	-3.216478025	-0.003894483	-0.118834481	0.094005353	-0.002404525	0.024875337	-0.001677402
3.115000000	0.119155463	0.546964372	0.460821301	0.140639655	-1.012254639	-3.216479665	-0.004013227	-0.118831402	0.094001131	-0.002544044	0.024885368	-0.001603452
3.116000000	0.119151390	0.546845542	0.460915300	0.140637041	-1.012229749	-3.216481232	-0.004131988	-0.118828138	0.093996764	-0.002683594	0.024895361	-0.001529471
3.117000000	0.119147199	0.546726716	0.461009295	0.140634288	-1.012204848	-3.216482724	-0.004250767	-0.118824688	0.093992249	-0.002823174	0.024905318	-0.001455461
3.118000000	0.119142889	0.546607893	0.461103285	0.140631395	-1.012179938	-3.216484143	-0.004369564	-0.118821052	0.093987588	-0.002962784	0.024915238	-0.001381422
3.119000000	0.119138460	0.546489074	0.461197270	0.140628362	-1.012155018	-3.216485487	-0.004488378	-0.118817230	0.093982780	-0.003102425	0.024925121	-0.001307353
3.120000000	0.119133912	0.546370258	0.461291250	0.140625190	-1.012130088	-3.216486757	-0.004607209	-0.118813223	0.093977826	-0.003242097	0.024934967	-0.001233254
3.121000000	0.119129245	0.546251447	0.461385226	0.140621878	-1.012105148	-3.216487953	-0.004726057	-0.118809030	0.093972725	-0.003381798	0.024944775	-0.001159126
3.122000000	0.119124460	0.546132640	0.461479196	0.140618426	-1.012080198	-3.216489075	-0.004844921	-0.118804651	0.093967477	-0.003521528	0.024954547	-0.001084969
3.123000000	0.119119555	0.546013838	0.461573161	0.140614835	-1.012055239	-3.216490123	-0.004963803	-0.118800086	0.093962083	-0.003661288	0.024964281	-0.001010782
3.124000000	0.119114532	0.545895040	0.461667120	0.140611104	-1.012030270	-3.216491097	-0.005082700	-0.118795335	0.093956542	-0.003801078	0.024973977	-0.000936567
3.125000000	0.119109390	0.545776247	0.461761074	0.140607233	-1.012005291	-3.216491996	-0.005201614	-0.118790398	0.093950855	-0.003940896	0.024983636	-0.000862322
3.126000000	0.119104129	0.545657459	0.461855022	0.140603222	-1.011980303	-3.216492822	-0.005320544	-0.118785274	0.093945021	-0.004080743	0.024993258	-0.000788049
3.127000000	0.119098749	0.545538677	0.461948964	0.140599071	-1.011955305	-3.216493573	-0.005439491	-0.118779965	0.093939040	-0.004220620	0.025002842	-0.000713746
3.128000000	0.119093250	0.545419899	0.462042900	0.140594781	-1.011930297	-3.216494249	-0.005558452	-0.118774469	0.093932913	-0.004360524	0.025012388	-0.000639416
3.129000000	0.119087632	0.545301128	0.462136830	0.140590350	-1.011905280	-3.216494851	-0.005677429	-0.118768788	0.093926639	-0.004500456	0.025021896	-0.000565056
3.130000000	0.119081895	0.545182362	0.462230753	0.140585780	-1.011880253	-3.216495379	-0.005796421	-0.118762919	0.093920218	-0.004640417	0.025031367	-0.000490668
3.131000000	0.119076039	0.545063602	0.462324670	0.140581070	-1.011855217	-3.216495833	-0.005915429	-0.118756865	0.093913651	-0.004780406	0.025040799	-0.000416252
3.132000000	0.119070064	0.544944848	0.462418580	0.140576219	-1.011830172	-3.216496212	-0.006034452	-0.118750624	0.093906937	-0.004920422	0.025050194	-0.000341807
3.133000000	0.119063970	0.544826101	0.462512484	0.140571229	-1.011805117	-3.216496516	-0.006153489	-0.118744197	0.093900077	-0.005060466	0.025059550	-0.000267334
3.134000000	0.119057757	0.544707360	0.462606380	0.140566098	-1.011780052	-3.216496746	-0.006272541	-0.118737583	0.093893069	-0.005200537	0.025068868	-0.000192833
3.135000000	0.119051425	0.544588625	0.462700270	0.140560828	-1.011754979	-3.216496902	-0.006391607	-0.118730783	0.093885915	-0.005340635	0.025078148	-0.000118304
3.136000000	0.119044974	0.544469898	0.462794152	0.140555417	-1.011729896	-3.216496983	-0.006510688	-0.118723796	0.093878615	-0.005480760	0.025087390	-0.000043747
3.137000000	0.119038404	0.544351178	0.462888027	0.140549866	-1.011704804	-3.216496990	-0.006629783	-0.118716623	0.093871167	-0.005620911	0.025096593	0.000030838
3.138000000	0.119031714	0.544232465	0.462981895	0.140544175	-1.011679703	-3.216496921	-0.006748891	-0.118709263	0.093863573	-0.005761089	0.025105757	0.000105450
3.139000000	0.119024906	0.544113759	0.463075754	0.140538344	-1.011654593	-3.216496779	-0.006868013	-0.118701716	0.093855832	-0.005901293	0.025114883	0.000180090
3.140000000	0.119017978	0.543995061	0.463169606	0.140532372	-1.011629473	-3.216496561	-0.006987149	-0.118693982	0.093847944	-0.006041524	0.025123971	0.000254758
3.141000000	0.119010932	0.543876371	0.463263450	0.140526261	-1.011604345	-3.216496269	-0.007106298	-0.118686062	0.093839910	-0.006181780	0.025133019	0.000329453
3.142000000	0.119003766	0.543757689	0.463357286	0.140520009	-1.011579207	-3.216495902	-0.007225460	-0.118677954	0.093831728	-0.006322061	0.025142029	0.000404175
3.143000000	0.118996481	0.543639015	0.463451114	0.140513617	-1.011554061	-3.216495461	-0.007344635	-0.118669660	0.093823400	-0.006462368	0.025150999	0.000478925
3.144000000	0.118989076	0.543520350	0.463544933	0.140507084	-1.011528905	-3.216494944	-0.007463823	-0.118661179	0.093814926	-0.006602700	0.025159931	0.000553701
3.145000000	0.118981553	0.543401693	0.463638744	0.140500411	-1.011503741	-3.216494353	-0.007583023	-0.118652512	0.093806305	-0.006743057	0.025168824	0.000628505
3.146000000	0.118973910	0.543283045	0.463732545	0.140493598	-1.011478567	-3.216493687	-0.007702236	-0.118643656	0.093797536	-0.006883439	0.025177677	0.000703335
3.147000000	0.118966149	0.543164406	0.463826339	0.140486644	-1.011453385	-3.216492947	-0.007821461	-0.118634614	0.093788621	-0.007023846	0.025186492	0.000778193
3.148000000	0.118958268	0.543045776	0.463920123	0.140479550	-1.011428194	-3.216492131	-0.007940698	-0.118625385	0.093779560	-0.007164277	0.025195267	0.000853077
3.149000000	0.118950267	0.542927155	0.464013898	0.140472316	-1.011402995	-3.216491241	-0.008059947	-0.118615969	0.093770351	-0.007304732	0.025204002	0.000927988
3.150000000	0.118942148	0.542808544	0.464107663	0.140464941	-1.011377786	-3.216490275	-0.008179208	-0.118606365	0.093760996	-0.007445211	0.025212698	0.001002925
3.151000000	0.118933909	0.542689942	0.464201420	0.140457425	-1.011352569	-3.216489235	-0.008298480	-0.118596575	0.093751494	-0.007585714	0.025221355	0.001077888
3.152000000	0.118925551	0.542571351	0.464295166	0.140449769	-1.011327344	-3.216488119	-0.008417763	-0.118586597	0.093741845	-0.007726240	0.025229972	0.001152878
3.153000000	0.118917073	0.542452769	0.464388903	0.140441973	-1.011302110	-3.216486929	-0.008537058	-0.118576431	0.093732049	-0.007866790	0.025238549	0.001227894
3.154000000	0.118908477	0.542334198	0.464482631	0.140434036	-1.011276867	-3.216485664	-0.008656363	-0.118566078	0.093722107	-0.008007363	0.025247086	0.001302936
3.155000000	0.118899761	0.542215637	0.464576348	0.140425958	-1.011251615	-3.216484323	-0.008775679	-0.118555538	0.093712018	-0.008147958	0.025255584	0.001378004
3.156000000	0.118890925	0.542097087	0.464670055	0.140417740	-1.011226356	-3.216482908	-0.008895006	-0.118544811	0.093701782	-0.008288577	0.025264041	0.001453098
3.157000000	0.118881971	0.541978547	0.464763751	0.140409381	-1.011201087	-3.216481417	-0.009014343	-0.118533896	0.093691399	-0.008429218	0.025272459	0.001528218
3.158000000	0.118872897	0.541860019	0.464857437	0.140400882	-1.011175811	-3.216479851	-0.009133690	-0.118522793	0.093680869	-0.008569880	0.025280836	0.001603363
3.159000000	0.118863703	0.541741502	0.464951113	0.140392241	-1.011150526	-3.216478210	-0.009253047	-0.118511503	0.093670193	-0.008710566	0.025289174	0.001678534
3.160000000	0.118854390	0.541622996	0.465044778	0.140383460	-1.011125232	-3.216476494	-0.009372414	-0.118500026	0.093659370	-0.008851273	0.025297471	0.001753731
3.161000000	0.118844958	0.541504502	0.465138432	0.140374539	-1.011099931	-3.216474703	-0.009491791	-0.118488360	0.093648399	-0.008992002	0.025305727	0.001828953
3.162000000	0.118835407	0.541386019	0.465232075	0.140365476	-1.011074621	-3.216472836	-0.009611177	-0.118476507	0.093637282	-0.009132752	0.025313944	0.001904200
3.163000000	0.118825736	0.541267549	0.465325706	0.140356273	-1.011049303	-3.216470894	-0.009730572	-0.118464466	0.093626019	-0.009273523	0.025322119	0.001979472
3.164000000	0.118815946	0.541149090	0.465419327	0.140346929	-1.011023977	-3.216468877	-0.009849976	-0.118452238	0.093614608	-0.009414316	0.025330254	0.002054769
3.165000000	0.118806036	0.541030644	0.465512935	0.140337445	-1.010998642	-3.216466785	-0.009969390	-0.118439822	0.093603051	-0.009555129	0.025338349	0.002130092
3.166000000	0.118796007	0.540912211	0.465606533	0.140327819	-1.010973300	-3.216464617	-0.010088812	-0.118427218	0.093591347	-0.009695963	0.025346403	0.002205439
3.167000000	0.118785858	0.540793790	0.465700118	0.140318053	-1.010947949	-3.216462374	-0.010208242	-0.118414425	0.093579496	-0.009836817	0.025354416	0.002280810
3.168000000	0.118775590	0.540675382	0.465793692	0.140308145	-1.010922591	-3.216460055	-0.010327681	-0.118401446	0.093567498	-0.009977692	0.025362388	0.002356207
3.169000000	0.118765203	0.540556987	0.465887253	0.140298097	-1.010897225	-3.216457661	-0.010447127	-0.118388278	0.093555354	-0.010118586	0.025370319	0.002431628
3.170000000	0.118754696	0.540438605	0.465980802	0.140287908	-1.010871850	-3.216455192	-0.010566582	-0.118374922	0.093543062	-0.010259500	0.025378209	0.002507073
3.171000000	0.118744070	0.540320237	0.466074339	0.140277578	-1.010846468	-3.216452647	-0.010686045	-0.118361378	0.093530624	-0.010400434	0.025386058	0.002582543
3.172000000	0.118733324	0.540201882	0.466167864	0.140267107	-1.010821078	-3.216450027	-0.010805515	-0.118347646	0.093518039	-0.010541387	0.025393865	0.002658037
3.173000000	0.118722459	0.540083542	0.466261375	0.140256496	-1.010795681	-3.216447331	-0.010924992	-0.118333727	0.093505307	-0.010682359	0.025401632	0.002733555
3.174000000	0.118711474	0.539965215	0.466354874	0.140245743	-1.010770275	-3.216444560	-0.011044476	-0.118319619	0.093492429	-0.010823350	0.025409357	0.002809097
3.175000000	0.118700370	0.539846903	0.466448360	0.140234849	-1.010744862	-3.216441713	-0.011163968	-0.118305322	0.093479403	-0.010964359	0.025417040	0.002884662
3.176000000	0.118689146	0.539728604	0.466541833	0.140223814	-1.010719441	-3.216438791	-0.011283466	-0.118290838	0.093466231	-0.011105387	0.025424682	0.002960252
3.177000000	0.118677803	0.539610321	0.466635293	0.140212638	-1.010694012	-3.216435793	-0.011402971	-0.118276165	0.093452912	-0.011246434	0.025432283	0.003035865
3.178000000	0.118666340	0.539492052	0.466728739	0.140201321	-1.010668576	-3.216432719	-0.011522482	-0.118261304	0.093439446	-0.011387498	0.025439842	0.003111502
3.179000000	0.118654758	0.539373798	0.466822172	0.140189863	-1.010643133	-3.216429570	-0.011642000	-0.118246255	0.093425834	-0.011528580	0.025447359	0.003187162
3.180000000	0.118643056	0.539255560	0.466915591	0.140178264	-1.010617682	-3.216426345	-0.011761523	-0.118231018	0.093412075	-0.011669680	0.025454834	0.003262846
3.181000000	0.118631235	0.539137336	0.467008996	0.140166524	-1.010592223	-3.216423044	-0.011881053	-0.118215592	0.093398169	-0.011810797	0.025462267	0.003338552
3.182000000	0.118619294	0.539019128	0.467102387	0.140154642	-1.010566757	-3.216419667	-0.012000588	-0.118199977	0.093384115	-0.011951932	0.025469658	0.003414282
3.183000000	0.118607234	0.538900936	0.467195764	0.140142620	-1.010541284	-3.216416215	-0.012120128	-0.118184175	0.093369916	-0.012093083	0.025477007	0.003490035
3.184000000	0.118595054	0.538782760	0.467289127	0.140130456	-1.010515803	-3.216412687	-0.012239674	-0.118168183	0.093355569	-0.012234251	0.025484314	0.003565811
3.185000000	0.118582754	0.538664600	0.467382475	0.140118151	-1.010490315	-3.216409084	-0.012359225	-0.118152004	0.093341076	-0.012375436	0.025491579	0.003641610
3.186000000	0.118570335	0.538546456	0.467475809	0.140105705	-1.010464820	-3.216405404	-0.012478781	-0.118135636	0.093326436	-0.012516637	0.025498802	0.003717431
3.187000000	0.118557797	0.538428329	0.467569128	0.140093118	-1.010439318	-3.216401649	-0.012598341	-0.118119079	0.093311649	-0.012657854	0.025505982	0.003793275
3.188000000	0.118545139	0.538310218	0.467662432	0.140080390	-1.010413808	-3.216397818	-0.012717906	-0.118102333	0.093296716	-0.012799087	0.025513119	0.003869141
3.189000000	0.118532361	0.538192124	0.467755721	0.140067520	-1.010388291	-3.216393910	-0.012837475	-0.118085399	0.093281635	-0.012940335	0.025520214	0.003945030
3.190000000	0.118519464	0.538074047	0.467848995	0.140054509	-1.010362768	-3.216389928	-0.012957048	-0.118068277	0.093266408	-0.013081599	0.025527267	0.004020941
3.191000000	0.118506447	0.537955987	0.467942254	0.140041357	-1.010337237	-3.216385869	-0.013076626	-0.118050965	0.093251034	-0.013222878	0.025534277	0.004096874
3.192000000	0.118493311	0.537837945	0.468035498	0.140028063	-1.010311699	-3.216381734	-0.013196207	-0.118033465	0.093235514	-0.013364173	0.025541244	0.004172829
3.193000000	0.118480055	0.537719920	0.468128725	0.140014628	-1.010286154	-3.216377523	-0.013315791	-0.118015777	0.093219847	-0.013505482	0.025548168	0.004248806
3.194000000	0.118466679	0.537601914	0.468221937	0.140001052	-1.010260603	-3.216373236	-0.013435379	-0.117997899	0.093204033	-0.013646805	0.025555049	0.004324805
3.195000000	0.118453184	0.537483925	0.468315133	0.139987335	-1.010235044	-3.216368873	-0.013554970	-0.117979832	0.093188072	-0.013788143	0.025561887	0.004400825
3.196000000	0.118439569	0.537365954	0.468408313	0.139973476	-1.010209479	-3.216364435	-0.013674564	-0.117961577	0.093171965	-0.013929495	0.025568682	0.004476867
3.197000000	0.118425835	0.537248002	0.468501477	0.139959476	-1.010183907	-3.216359920	-0.013794161	-0.117943133	0.093155711	-0.014070861	0.025575434	0.004552931
3.198000000	0.118411981	0.537130068	0.468594625	0.139945334	-1.010158328	-3.216355329	-0.013913761	-0.117924500	0.093139310	-0.014212240	0.025582143	0.004629015
3.199000000	0.118398007	0.537012153	0.468687756	0.139931051	-1.010132743	-3.216350662	-0.014033362	-0.117905678	0.093122762	-0.014353633	0.025588808	0.004705121
3.200000000	0.118383914	0.536894256	0.468780870	0.139916627	-1.010107150	-3.216345918	-0.014152967	-0.117886667	0.093106068	-0.014495040	0.025595430	0.004781249
3.201000000	0.118369701	0.536776379	0.468873968	0.139902061	-1.010081552	-3.216341099	-0.014272572	-0.117867468	0.093089227	-0.014636459	0.025602008	0.004857397
3.202000000	0.118355369	0.536658521	0.468967049	0.139887354	-1.010055946	-3.216336204	-0.014392180	-0.117848079	0.093072240	-0.014777891	0.025608543	0.004933566
3.203000000	0.118340917	0.536540683	0.469060112	0.139872505	-1.010030335	-3.216331232	-0.014511790	-0.117828501	0.093055106	-0.014919336	0.025615034	0.005009756
3.204000000	0.118326345	0.536422864	0.469153159	0.139857515	-1.010004716	-3.216326184	-0.014631400	-0.117808734	0.093037825	-0.015060793	0.025621482	0.005085966
3.205000000	0.118311654	0.536305066	0.469246188	0.139842384	-1.009979092	-3.216321060	-0.014751012	-0.117788778	0.093020397	-0.015202262	0.025627885	0.005162197
3.206000000	0.118296843	0.536187287	0.469339200	0.139827111	-1.009953461	-3.216315860	-0.014870626	-0.117768633	0.093002823	-0.015343743	0.025634245	0.005238449
3.207000000	0.118281913	0.536069528	0.469432194	0.139811696	-1.009927823	-3.216310583	-0.014990240	-0.117748299	0.092985103	-0.015485236	0.025640561	0.005314721
3.208000000	0.118266863	0.535951790	0.469525170	0.139796140	-1.009902179	-3.216305230	-0.015109854	-0.117727775	0.092967235	-0.015626740	0.025646833	0.005391013
3.209000000	0.118251693	0.535834073	0.469618128	0.139780443	-1.009876529	-3.216299801	-0.015229469	-0.117707062	0.092949221	-0.015768256	0.025653061	0.005467325
3.210000000	0.118236404	0.535716376	0.469711068	0.139764604	-1.009850873	-3.216294296	-0.015349085	-0.117686161	0.092931061	-0.015909783	0.025659244	0.005543657
3.211000000	0.118220995	0.535598700	0.469803990	0.139748623	-1.009825211	-3.216288714	-0.015468700	-0.117665070	0.092912754	-0.016051320	0.025665384	0.005620009
3.212000000	0.118205466	0.535481046	0.469896894	0.139732501	-1.009799543	-3.216283056	-0.015588315	-0.117643789	0.092894300	-0.016192868	0.025671479	0.005696380
3.213000000	0.118189818	0.535363413	0.469989779	0.139716238	-1.009773868	-3.216277321	-0.015707930	-0.117622319	0.092875700	-0.016334426	0.025677529	0.005772772
3.214000000	0.118174051	0.535245801	0.470082645	0.139699832	-1.009748187	-3.216271510	-0.015827544	-0.117600661	0.092856953	-0.016475994	0.025683535	0.005849183
3.215000000	0.118158163	0.535128212	0.470175493	0.139683286	-1.009722501	-3.216265623	-0.015947158	-0.117578812	0.092838060	-0.016617573	0.025689497	0.005925613
3.216000000	0.118142156	0.535010644	0.470268321	0.139666597	-1.009696808	-3.216259659	-0.016066771	-0.117556775	0.092819020	-0.016759161	0.025695414	0.006002063
3.217000000	0.118126030	0.534893098	0.470361131	0.139649767	-1.009671110	-3.216253619	-0.016186382	-0.117534548	0.092799833	-0.016900758	0.025701286	0.006078531
3.218000000	0.118109783	0.534775575	0.470453921	0.139632796	-1.009645406	-3.216247502	-0.016305992	-0.117512131	0.092780500	-0.017042365	0.025707113	0.006155019
3.219000000	0.118093418	0.534658074	0.470546692	0.139615683	-1.009619696	-3.216241308	-0.016425601	-0.117489525	0.092761021	-0.017183980	0.025712896	0.006231526
3.220000000	0.118076932	0.534540596	0.470639443	0.139598428	-1.009593980	-3.216235039	-0.016545208	-0.117466730	0.092741395	-0.017325605	0.025718633	0.006308051
3.221000000	0.118060327	0.534423140	0.470732175	0.139581031	-1.009568259	-3.216228692	-0.016664813	-0.117443745	0.092721623	-0.017467238	0.025724326	0.006384595
3.222000000	0.118043603	0.534305708	0.470824886	0.139563493	-1.009542531	-3.216222270	-0.016784416	-0.117420571	0.092701704	-0.017608879	0.025729973	0.006461158
3.223000000	0.118026758	0.534188299	0.470917578	0.139545814	-1.009516799	-3.216215770	-0.016904017	-0.117397207	0.092681639	-0.017750529	0.025735575	0.006537739
3.224000000	0.118009795	0.534070914	0.471010250	0.139527992	-1.009491060	-3.216209194	-0.017023615	-0.117373654	0.092661427	-0.017892186	0.025741132	0.006614339
3.225000000	0.117992711	0.533953552	0.471102901	0.139510029	-1.009465316	-3.216202541	-0.017143211	-0.117349911	0.092641069	-0.018033851	0.025746644	0.006690957
3.226000000	0.117975508	0.533836214	0.471195532	0.139491925	-1.009439567	-3.216195812	-0.017262803	-0.117325978	0.092620565	-0.018175523	0.025752110	0.006767592
3.227000000	0.117958186	0.533718900	0.471288142	0.139473678	-1.009413812	-3.216189006	-0.017382393	-0.117301856	0.092599914	-0.018317203	0.025757531	0.006844246
3.228000000	0.117940743	0.533601610	0.471380732	0.139455290	-1.009388052	-3.216182124	-0.017501979	-0.117277544	0.092579116	-0.018458889	0.025762906	0.006920918
3.229000000	0.117923182	0.533484345	0.471473300	0.139436760	-1.009362286	-3.216175164	-0.017621562	-0.117253043	0.092558173	-0.018600583	0.025768235	0.006997608
3.230000000	0.117905500	0.533367104	0.471565848	0.139418089	-1.009336515	-3.216168128	-0.017741141	-0.117228352	0.092537083	-0.018742283	0.025773519	0.007074315
3.231000000	0.117887699	0.533249888	0.471658374	0.139399276	-1.009310739	-3.216161016	-0.017860716	-0.117203471	0.092515846	-0.018883989	0.025778757	0.007151039
3.232000000	0.117869779	0.533132697	0.471750880	0.139380321	-1.009284958	-3.216153826	-0.017980287	-0.117178401	0.092494463	-0.019025701	0.025783949	0.007227781
3.233000000	0.117851739	0.533015531	0.471843363	0.139361224	-1.009259171	-3.216146560	-0.018099854	-0.117153141	0.092472935	-0.019167419	0.025789095	0.007304541
3.234000000	0.117833579	0.532898391	0.471935826	0.139341986	-1.009233380	-3.216139217	-0.018219417	-0.117127691	0.092451259	-0.019309142	0.025794196	0.007381317
3.235000000	0.117815300	0.532781276	0.472028266	0.139322606	-1.009207583	-3.216131798	-0.018338974	-0.117102052	0.092429438	-0.019450871	0.025799250	0.007458111
3.236000000	0.117796901	0.532664187	0.472120684	0.139303084	-1.009181781	-3.216124301	-0.018458527	-0.117076222	0.092407470	-0.019592605	0.025804257	0.007534921
3.237000000	0.117778383	0.532547123	0.472213081	0.139283421	-1.009155975	-3.216116728	-0.018578075	-0.117050203	0.092385356	-0.019734344	0.025809219	0.007611748
3.238000000	0.117759745	0.532430086	0.472305455	0.139263616	-1.009130163	-3.216109078	-0.018697618	-0.117023994	0.092363096	-0.019876088	0.025814134	0.007688592
3.239000000	0.117740988	0.532313075	0.472397807	0.139243669	-1.009104346	-3.216101351	-0.018817154	-0.116997595	0.092340689	-0.020017836	0.025819003	0.007765452
3.240000000	0.117722111	0.532196091	0.472490136	0.139223580	-1.009078525	-3.216093547	-0.018936686	-0.116971006	0.092318137	-0.020159588	0.025823826	0.007842329
3.241000000	0.117703114	0.532079133	0.472582443	0.139203350	-1.009052699	-3.216085666	-0.019056211	-0.116944228	0.092295438	-0.020301345	0.025828601	0.007919222
3.242000000	0.117683998	0.531962203	0.472674727	0.139182977	-1.009026868	-3.216077708	-0.019175731	-0.116917260	0.092272593	-0.020443105	0.025833331	0.007996131
3.243000000	0.117664763	0.531845299	0.472766989	0.139162463	-1.009001032	-3.216069674	-0.019295244	-0.116890102	0.092249602	-0.020584868	0.025838013	0.008073057
3.244000000	0.117645408	0.531728422	0.472859227	0.139141808	-1.008975192	-3.216061562	-0.019414751	-0.116862754	0.092226464	-0.020726635	0.025842649	0.008149998
3.245000000	0.117625933	0.531611573	0.472951441	0.139121010	-1.008949347	-3.216053374	-0.019534251	-0.116835216	0.092203181	-0.020868405	0.025847238	0.008226955
3.246000000	0.117606339	0.531494752	0.473043633	0.139100071	-1.008923497	-3.216045108	-0.019653744	-0.116807487	0.092179751	-0.021010178	0.025851779	0.008303928
3.247000000	0.117586626	0.531377958	0.473135801	0.139078990	-1.008897643	-3.216036766	-0.019773230	-0.116779570	0.092156176	-0.021151953	0.025856274	0.008380916
3.248000000	0.117566793	0.531261193	0.473227945	0.139057767	-1.008871785	-3.216028346	-0.019892708	-0.116751462	0.092132455	-0.021293730	0.025860722	0.008457920
3.249000000	0.117546840	0.531144455	0.473320066	0.139036402	-1.008845922	-3.216019850	-0.020012180	-0.116723164	0.092108587	-0.021435510	0.025865123	0.008534939
3.250000000	0.117526768	0.531027747	0.473412162	0.139014896	-1.008820054	-3.216011276	-0.020131643	-0.116694676	0.092084573	-0.021577292	0.025869476	0.008611973
3.251000000	0.117506577	0.530911066	0.473504235	0.138993248	-1.008794183	-3.216002626	-0.020251099	-0.116665999	0.092060413	-0.021719076	0.025873782	0.008689022
3.252000000	0.117486266	0.530794415	0.473596283	0.138971458	-1.008768307	-3.215993898	-0.020370547	-0.116637131	0.092036108	-0.021860860	0.025878041	0.008766086
3.253000000	0.117465836	0.530677792	0.473688307	0.138949526	-1.008742427	-3.215985094	-0.020489986	-0.116608073	0.092011657	-0.022002646	0.025882252	0.008843165
3.254000000	0.117445286	0.530561198	0.473780307	0.138927452	-1.008716542	-3.215976212	-0.020609417	-0.116578826	0.091987059	-0.022144433	0.025886416	0.008920259
3.255000000	0.117424617	0.530444634	0.473872281	0.138905237	-1.008690654	-3.215967253	-0.020728839	-0.116549387	0.091962315	-0.022286221	0.025890532	0.008997367
3.256000000	0.117403829	0.530328100	0.473964231	0.138882880	-1.008664761	-3.215958217	-0.020848252	-0.116519759	0.091937426	-0.022428009	0.025894601	0.009074490
3.257000000	0.117382921	0.530211595	0.474056156	0.138860381	-1.008638865	-3.215949104	-0.020967657	-0.116489942	0.091912391	-0.022569798	0.025898621	0.009151627
3.258000000	0.117361893	0.530095120	0.474148056	0.138837740	-1.008612964	-3.215939914	-0.021087051	-0.116459934	0.091887210	-0.022711586	0.025902594	0.009228778
3.259000000	0.117340747	0.529978675	0.474239931	0.138814958	-1.008587059	-3.215930647	-0.021206437	-0.116429736	0.091861883	-0.022853374	0.025906519	0.009305944
3.260000000	0.117319480	0.529862260	0.474331780	0.138792034	-1.008561151	-3.215921302	-0.021325813	-0.116399347	0.091836411	-0.022995162	0.025910396	0.009383123
3.261000000	0.117298095	0.529745876	0.474423603	0.138768968	-1.008535239	-3.215911880	-0.021445178	-0.116368769	0.091810792	-0.023136949	0.025914225	0.009460316
3.262000000	0.117276590	0.529629523	0.474515401	0.138745760	-1.008509322	-3.215902382	-0.021564534	-0.116338000	0.091785028	-0.023278735	0.025918005	0.009537523
3.263000000	0.117254966	0.529513200	0.474607173	0.138722410	-1.008483403	-3.215892805	-0.021683879	-0.116307042	0.091759118	-0.023420520	0.025921738	0.009614743
3.264000000	0.117233222	0.529396909	0.474698920	0.138698919	-1.008457479	-3.215883152	-0.021803214	-0.116275894	0.091733062	-0.023562304	0.025925422	0.009691977
3.265000000	0.117211359	0.529280648	0.474790640	0.138675286	-1.008431552	-3.215873421	-0.021922538	-0.116244555	0.091706861	-0.023704086	0.025929058	0.009769224
3.266000000	0.117189377	0.529164420	0.474882333	0.138651511	-1.008405621	-3.215863614	-0.022041852	-0.116213026	0.091680514	-0.023845866	0.025932646	0.009846484
3.267000000	0.117167276	0.529048222	0.474974001	0.138627594	-1.008379686	-3.215853729	-0.022161154	-0.116181307	0.091654021	-0.023987644	0.025936185	0.009923757
3.268000000	0.117145055	0.528932057	0.475065641	0.138603535	-1.008353749	-3.215843766	-0.022280445	-0.116149397	0.091627382	-0.024129420	0.025939675	0.010001043
3.269000000	0.117122715	0.528815924	0.475157255	0.138579335	-1.008327807	-3.215833726	-0.022399724	-0.116117298	0.091600599	-0.024271193	0.025943117	0.010078342
3.270000000	0.117100255	0.528699822	0.475248843	0.138554993	-1.008301862	-3.215823609	-0.022518991	-0.116085009	0.091573669	-0.024412963	0.025946510	0.010155654
3.271000000	0.117077677	0.528583753	0.475340403	0.138530509	-1.008275914	-3.215813415	-0.022638247	-0.116052529	0.091546594	-0.024554730	0.025949854	0.010232978
3.272000000	0.117054979	0.528467717	0.475431936	0.138505883	-1.008249963	-3.215803143	-0.022757490	-0.116019859	0.091519373	-0.024696494	0.025953149	0.010310314
3.273000000	0.117032162	0.528351714	0.475523441	0.138481116	-1.008224008	-3.215792795	-0.022876721	-0.115986999	0.091492007	-0.024838255	0.025956396	0.010387663
3.274000000	0.117009226	0.528235743	0.475614920	0.138456207	-1.008198050	-3.215782368	-0.022995940	-0.115953948	0.091464495	-0.024980011	0.025959593	0.010465024
3.275000000	0.116986170	0.528119806	0.475706370	0.138431156	-1.008172089	-3.215771864	-0.023115146	-0.115920708	0.091436838	-0.025121764	0.025962741	0.010542397
3.276000000	0.116962995	0.528003902	0.475797793	0.138405963	-1.008146124	-3.215761283	-0.023234339	-0.115887277	0.091409036	-0.025263512	0.025965841	0.010619782
3.277000000	0.116939701	0.527888031	0.475889189	0.138380629	-1.008120157	-3.215750625	-0.023353518	-0.115853656	0.091381088	-0.025405256	0.025968890	0.010697178
3.278000000	0.116916288	0.527772195	0.475980556	0.138355153	-1.008094187	-3.215739889	-0.023472684	-0.115819845	0.091352994	-0.025546995	0.025971891	0.010774587
3.279000000	0.116892756	0.527656392	0.476071895	0.138329535	-1.008068213	-3.215729076	-0.023591837	-0.115785843	0.091324755	-0.025688729	0.025974842	0.010852006
3.280000000	0.116869105	0.527540623	0.476163205	0.138303775	-1.008042237	-3.215718185	-0.023710976	-0.115751652	0.091296371	-0.025830458	0.025977744	0.010929437
3.281000000	0.116845334	0.527424888	0.476254487	0.138277874	-1.008016258	-3.215707217	-0.023830101	-0.115717270	0.091267842	-0.025972182	0.025980596	0.011006880
3.282000000	0.116821444	0.527309188	0.476345741	0.138251831	-1.007990276	-3.215696171	-0.023949212	-0.115682698	0.091239167	-0.026113900	0.025983399	0.011084333
3.283000000	0.116797436	0.527193523	0.476436966	0.138225646	-1.007964291	-3.215685048	-0.024068308	-0.115647936	0.091210347	-0.026255612	0.025986152	0.011161798
3.284000000	0.116773308	0.527077892	0.476528161	0.138199320	-1.007938303	-3.215673848	-0.024187389	-0.115612983	0.091181382	-0.026397317	0.025988855	0.011239273
3.285000000	0.116749061	0.526962297	0.476619328	0.138172852	-1.007912313	-3.215662570	-0.024306456	-0.115577841	0.091152272	-0.026539016	0.025991508	0.011316758
3.286000000	0.116724695	0.526846737	0.476710466	0.138146242	-1.007886320	-3.215651214	-0.024425508	-0.115542508	0.091123016	-0.026680709	0.025994112	0.011394255
3.287000000	0.116700210	0.526731212	0.476801574	0.138119490	-1.007860325	-3.215639781	-0.024544545	-0.115506984	0.091093616	-0.026822395	0.025996665	0.011471762
3.288000000	0.116675606	0.526615723	0.476892653	0.138092597	-1.007834327	-3.215628271	-0.024663566	-0.115471271	0.091064070	-0.026964073	0.025999169	0.011549279
3.289000000	0.116650883	0.526500269	0.476983703	0.138065562	-1.007808327	-3.215616683	-0.024782572	-0.115435367	0.091034379	-0.027105744	0.026001622	0.011626806
3.290000000	0.116626041	0.526384852	0.477074722	0.138038386	-1.007782324	-3.215605017	-0.024901561	-0.115399273	0.091004543	-0.027247408	0.026004025	0.011704344
3.291000000	0.116601080	0.526269471	0.477165712	0.138011067	-1.007756319	-3.215593274	-0.025020535	-0.115362989	0.090974562	-0.027389064	0.026006378	0.011781891
3.292000000	0.116576000	0.526154126	0.477256671	0.137983607	-1.007730311	-3.215581453	-0.025139492	-0.115326515	0.090944436	-0.027530711	0.026008681	0.011859448
3.293000000	0.116550801	0.526038818	0.477347600	0.137956006	-1.007704301	-3.215569555	-0.025258433	-0.115289850	0.090914165	-0.027672350	0.026010933	0.011937015
3.294000000	0.116525483	0.525923546	0.477438499	0.137928263	-1.007678289	-3.215557579	-0.025377357	-0.115252995	0.090883749	-0.027813981	0.026013135	0.012014591
3.295000000	0.116500046	0.525808312	0.477529368	0.137900378	-1.007652275	-3.215545526	-0.025496265	-0.115215950	0.090853188	-0.027955603	0.026015286	0.012092177
3.296000000	0.116474490	0.525693114	0.477620206	0.137872351	-1.007626259	-3.215533395	-0.025615155	-0.115178715	0.090822483	-0.028097215	0.026017386	0.012169772
3.297000000	0.116448816	0.525577954	0.477711013	0.137844183	-1.007600240	-3.215521186	-0.025734027	-0.115141289	0.090791632	-0.028238818	0.026019436	0.012247376
3.298000000	0.116423022	0.525462832	0.477801789	0.137815874	-1.007574220	-3.215508900	-0.025852883	-0.115103674	0.090760637	-0.028380413	0.026021435	0.012324989
3.299000000	0.116397110	0.525347747	0.477892534	0.137787423	-1.007548197	-3.215496536	-0.025971721	-0.115065868	0.090729497	-0.028521996	0.026023384	0.012402610
3.300000000	0.116371079	0.525232700	0.477983248	0.137758830	-1.007522173	-3.215484095	-0.026090540	-0.115027871	0.090698212	-0.028663570	0.026025281	0.012480241
3.301000000	0.116344929	0.525117691	0.478073931	0.137730095	-1.007496147	-3.215471576	-0.026209342	-0.114989685	0.090666782	-0.028805134	0.026027127	0.012557880
3.302000000	0.116318660	0.525002721	0.478164582	0.137701220	-1.007470119	-3.215458979	-0.026328125	-0.114951308	0.090635208	-0.028946686	0.026028923	0.012635527
3.303000000	0.116292272	0.524887789	0.478255201	0.137672202	-1.007444089	-3.215446305	-0.026446890	-0.114912741	0.090603489	-0.029088228	0.026030667	0.012713183
3.304000000	0.116265766	0.524772895	0.478345789	0.137643043	-1.007418057	-3.215433553	-0.026565636	-0.114873984	0.090571625	-0.029229760	0.026032360	0.012790847
3.305000000	0.116239141	0.524658041	0.478436344	0.137613743	-1.007392024	-3.215420723	-0.026684363	-0.114835037	0.090539617	-0.029371279	0.026034002	0.012868519
3.306000000	0.116212397	0.524543225	0.478526868	0.137584301	-1.007365989	-3.215407816	-0.026803070	-0.114795900	0.090507464	-0.029512788	0.026035593	0.012946198
3.307000000	0.116185535	0.524428449	0.478617359	0.137554717	-1.007339953	-3.215394831	-0.026921759	-0.114756572	0.090475166	-0.029654284	0.026037132	0.013023886
3.308000000	0.116158554	0.524313712	0.478707818	0.137524992	-1.007313915	-3.215381768	-0.027040428	-0.114717054	0.090442724	-0.029795768	0.026038620	0.013101581
3.309000000	0.116131454	0.524199015	0.478798245	0.137495125	-1.007287876	-3.215368627	-0.027159077	-0.114677346	0.090410138	-0.029937240	0.026040056	0.013179283
3.310000000	0.116104236	0.524084357	0.478888639	0.137465118	-1.007261835	-3.215355409	-0.027277705	-0.114637448	0.090377407	-0.030078700	0.026041440	0.013256993
3.311000000	0.116076899	0.523969740	0.478979000	0.137434968	-1.007235793	-3.215342114	-0.027396314	-0.114597359	0.090344531	-0.030220147	0.026042773	0.013334710
3.312000000	0.116049443	0.523855163	0.479069328	0.137404677	-1.007209749	-3.215328740	-0.027514902	-0.114557081	0.090311512	-0.030361580	0.026044054	0.013412434
3.313000000	0.116021869	0.523740626	0.479159623	0.137374245	-1.007183705	-3.215315289	-0.027633470	-0.114516613	0.090278348	-0.030503001	0.026045284	0.013490166
3.314000000	0.115994176	0.523626129	0.479249884	0.137343671	-1.007157659	-3.215301760	-0.027752017	-0.114475954	0.090245040	-0.030644408	0.026046461	0.013567903
3.315000000	0.115966365	0.523511674	0.479340113	0.137312956	-1.007131612	-3.215288153	-0.027870542	-0.114435105	0.090211587	-0.030785801	0.026047587	0.013645648
3.316000000	0.115938435	0.523397259	0.479430307	0.137282100	-1.007105564	-3.215274468	-0.027989047	-0.114394066	0.090177990	-0.030927180	0.026048660	0.013723399
3.317000000	0.115910387	0.523282886	0.479520469	0.137251102	-1.007079514	-3.215260706	-0.028107530	-0.114352837	0.090144249	-0.031068545	0.026049682	0.013801156
3.318000000	0.115882220	0.523168554	0.479610596	0.137219963	-1.007053464	-3.215246866	-0.028225991	-0.114311418	0.090110364	-0.031209895	0.026050651	0.013878920
3.319000000	0.115853935	0.523054263	0.479700689	0.137188682	-1.007027413	-3.215232948	-0.028344430	-0.114269808	0.090076335	-0.031351231	0.026051568	0.013956689
3.320000000	0.115825531	0.522940014	0.479790749	0.137157260	-1.007001361	-3.215218953	-0.028462847	-0.114228009	0.090042161	-0.031492551	0.026052433	0.014034465
3.321000000	0.115797009	0.522825807	0.479880774	0.137125697	-1.006975308	-3.215204879	-0.028581242	-0.114186019	0.090007844	-0.031633856	0.026053245	0.014112246
3.322000000	0.115768369	0.522711642	0.479970764	0.137093992	-1.006949255	-3.215190728	-0.028699614	-0.114143840	0.089973382	-0.031775146	0.026054005	0.014190033
3.323000000	0.115739610	0.522597519	0.480060720	0.137062147	-1.006923200	-3.215176499	-0.028817964	-0.114101470	0.089938777	-0.031916420	0.026054712	0.014267826
3.324000000	0.115710733	0.522483439	0.480150642	0.137030160	-1.006897145	-3.215162192	-0.028936290	-0.114058911	0.089904027	-0.032057677	0.026055367	0.014345624
3.325000000	0.115681737	0.522369401	0.480240528	0.136998031	-1.006871090	-3.215147808	-0.029054593	-0.114016161	0.089869134	-0.032198919	0.026055969	0.014423427
3.326000000	0.115652624	0.522255407	0.480330380	0.136965762	-1.006845033	-3.215133346	-0.029172873	-0.113973221	0.089834097	-0.032340144	0.026056519	0.014501235
3.327000000	0.115623392	0.522141455	0.480420197	0.136933351	-1.006818977	-3.215118805	-0.029291130	-0.113930091	0.089798915	-0.032481352	0.026057016	0.014579049
3.328000000	0.115594041	0.522027546	0.480509978	0.136900799	-1.006792919	-3.215104188	-0.029409362	-0.113886772	0.089763590	-0.032622543	0.026057460	0.014656867
3.329000000	0.115564573	0.521913681	0.480599724	0.136868106	-1.006766862	-3.215089492	-0.029527571	-0.113843262	0.089728122	-0.032763717	0.026057851	0.014734689
3.330000000	0.115534986	0.521799860	0.480689434	0.136835272	-1.006740804	-3.215074718	-0.029645755	-0.113799562	0.089692509	-0.032904874	0.026058188	0.014812517
3.331000000	0.115505281	0.521686082	0.480779109	0.136802296	-1.006714745	-3.215059867	-0.029763914	-0.113755673	0.089656753	-0.033046012	0.026058473	0.014890348
3.332000000	0.115475458	0.521572349	0.480868748	0.136769180	-1.006688687	-3.215044937	-0.029882050	-0.113711594	0.089620853	-0.033187133	0.026058705	0.014968184
3.333000000	0.115445517	0.521458659	0.480958351	0.136735922	-1.006662628	-3.215029930	-0.030000160	-0.113667324	0.089584810	-0.033328235	0.026058884	0.015046024
3.334000000	0.115415458	0.521345014	0.481047917	0.136702523	-1.006636569	-3.215014845	-0.030118245	-0.113622864	0.089548623	-0.033469319	0.026059009	0.015123868
3.335000000	0.115385281	0.521231413	0.481137448	0.136668983	-1.006610510	-3.214999683	-0.030236304	-0.113578215	0.089512292	-0.033610383	0.026059081	0.015201716
3.336000000	0.115354985	0.521117858	0.481226942	0.136635302	-1.006584451	-3.214984442	-0.030354339	-0.113533377	0.089475818	-0.033751429	0.026059100	0.015279567
3.337000000	0.115324572	0.521004347	0.481316399	0.136601480	-1.006558392	-3.214969123	-0.030472347	-0.113488347	0.089439201	-0.033892456	0.026059065	0.015357422
3.338000000	0.115294041	0.520890881	0.481405820	0.136567517	-1.006532333	-3.214953727	-0.030590330	-0.113443128	0.089402440	-0.034033463	0.026058977	0.015435280
3.339000000	0.115263391	0.520777460	0.481495204	0.136533413	-1.006506274	-3.214938253	-0.030708286	-0.113397720	0.089365536	-0.034174450	0.026058835	0.015513142
3.340000000	0.115232624	0.520664085	0.481584551	0.136499168	-1.006480215	-3.214922701	-0.030826216	-0.113352122	0.089328488	-0.034315417	0.026058640	0.015591007
3.341000000	0.115201739	0.520550756	0.481673861	0.136464783	-1.006454156	-3.214907071	-0.030944120	-0.113306333	0.089291297	-0.034456364	0.026058391	0.015668874
3.342000000	0.115170736	0.520437473	0.481763134	0.136430256	-1.006428098	-3.214891363	-0.031061996	-0.113260355	0.089253963	-0.034597290	0.026058088	0.015746745
3.343000000	0.115139615	0.520324235	0.481852369	0.136395588	-1.006402040	-3.214875577	-0.031179846	-0.113214187	0.089216485	-0.034738195	0.026057731	0.015824618
3.344000000	0.115108376	0.520211044	0.481941567	0.136360779	-1.006375983	-3.214859714	-0.031297668	-0.113167830	0.089178865	-0.034879079	0.026057320	0.015902493
3.345000000	0.115077020	0.520097900	0.482030727	0.136325830	-1.006349926	-3.214843772	-0.031415463	-0.113121283	0.089141101	-0.035019942	0.026056855	0.015980371
3.346000000	0.115045545	0.519984802	0.482119849	0.136290739	-1.006323869	-3.214827753	-0.031533230	-0.113074546	0.089103194	-0.035160783	0.026056336	0.016058251
3.347000000	0.115013953	0.519871751	0.482208933	0.136255508	-1.006297813	-3.214811656	-0.031650970	-0.113027619	0.089065145	-0.035301602	0.026055764	0.016136134
3.348000000	0.114982243	0.519758747	0.482297979	0.136220136	-1.006271757	-3.214795481	-0.031768681	-0.112980503	0.089026952	-0.035442400	0.026055136	0.016214018
3.349000000	0.114950416	0.519645790	0.482386987	0.136184623	-1.006245703	-3.214779228	-0.031886364	-0.112933197	0.088988616	-0.035583174	0.026054455	0.016291904
3.350000000	0.114918471	0.519532880	0.482475957	0.136148970	-1.006219649	-3.214762897	-0.032004019	-0.112885701	0.088950137	-0.035723927	0.026053719	0.016369791
3.351000000	0.114886408	0.519420018	0.482564888	0.136113176	-1.006193595	-3.214746488	-0.032121644	-0.112838016	0.088911515	-0.035864656	0.026052929	0.016447681
3.352000000	0.114854227	0.519307204	0.482653780	0.136077241	-1.006167543	-3.214730002	-0.032239241	-0.112790141	0.088872751	-0.036005362	0.026052085	0.016525571
3.353000000	0.114821929	0.519194438	0.482742633	0.136041165	-1.006141491	-3.214713437	-0.032356809	-0.112742077	0.088833844	-0.036146045	0.026051186	0.016603463
3.354000000	0.114789514	0.519081720	0.482831447	0.136004949	-1.006115440	-3.214696795	-0.032474347	-0.112693823	0.088794794	-0.036286704	0.026050232	0.016681355
3.355000000	0.114756981	0.518969050	0.482920223	0.135968591	-1.006089391	-3.214680074	-0.032591855	-0.112645380	0.088755601	-0.036427339	0.026049224	0.016759249
3.356000000	0.114724330	0.518856429	0.483008959	0.135932094	-1.006063342	-3.214663276	-0.032709334	-0.112596747	0.088716265	-0.036567950	0.026048161	0.016837143
3.357000000	0.114691562	0.518743857	0.483097655	0.135895456	-1.006037294	-3.214646400	-0.032826783	-0.112547925	0.088676787	-0.036708537	0.026047044	0.016915038
3.358000000	0.114658676	0.518631333	0.483186312	0.135858677	-1.006011248	-3.214629446	-0.032944202	-0.112498913	0.088637167	-0.036849098	0.026045871	0.016992934
3.359000000	0.114625674	0.518518859	0.483274929	0.135821757	-1.005985202	-3.214612414	-0.033061590	-0.112449712	0.088597403	-0.036989635	0.026044644	0.017070829
3.360000000	0.114592553	0.518406434	0.483363507	0.135784697	-1.005959158	-3.214595305	-0.033178947	-0.112400322	0.088557498	-0.037130147	0.026043362	0.017148725
3.361000000	0.114559316	0.518294058	0.483452044	0.135747497	-1.005933116	-3.214578117	-0.033296274	-0.112350742	0.088517450	-0.037270633	0.026042024	0.017226621
3.362000000	0.114525961	0.518181732	0.483540542	0.135710156	-1.005907074	-3.214560851	-0.033413569	-0.112300972	0.088477260	-0.037411093	0.026040632	0.017304517
3.363000000	0.114492489	0.518069456	0.483628999	0.135672675	-1.005881034	-3.214543508	-0.033530833	-0.112251014	0.088436927	-0.037551528	0.026039184	0.017382413
3.364000000	0.114458899	0.517957230	0.483717416	0.135635053	-1.005854996	-3.214526086	-0.033648066	-0.112200866	0.088396451	-0.037691936	0.026037681	0.017460308
3.365000000	0.114425192	0.517845055	0.483805792	0.135597291	-1.005828959	-3.214508587	-0.033765267	-0.112150529	0.088355834	-0.037832318	0.026036123	0.017538202
3.366000000	0.114391369	0.517732929	0.483894127	0.135559389	-1.005802924	-3.214491010	-0.033882436	-0.112100002	0.088315075	-0.037972673	0.026034510	0.017616096
3.367000000	0.114357428	0.517620855	0.483982422	0.135521346	-1.005776890	-3.214473355	-0.033999572	-0.112049286	0.088274173	-0.038113000	0.026032841	0.017693989
3.368000000	0.114323369	0.517508831	0.484070676	0.135483163	-1.005750858	-3.214455622	-0.034116676	-0.111998382	0.088233129	-0.038253301	0.026031117	0.017771881
3.369000000	0.114289194	0.517396858	0.484158888	0.135444839	-1.005724828	-3.214437811	-0.034233748	-0.111947288	0.088191943	-0.038393574	0.026029337	0.017849771
3.370000000	0.114254902	0.517284936	0.484247060	0.135406375	-1.005698799	-3.214419923	-0.034350787	-0.111896005	0.088150615	-0.038533819	0.026027502	0.017927660
3.371000000	0.114220493	0.517173066	0.484335190	0.135367771	-1.005672773	-3.214401956	-0.034467792	-0.111844533	0.088109145	-0.038674036	0.026025611	0.018005548
3.372000000	0.114185966	0.517061247	0.484423278	0.135329027	-1.005646748	-3.214383911	-0.034584765	-0.111792871	0.088067533	-0.038814225	0.026023664	0.018083434
3.373000000	0.114151323	0.516949480	0.484511325	0.135290143	-1.005620726	-3.214365789	-0.034701704	-0.111741021	0.088025780	-0.038954385	0.026021661	0.018161319
3.374000000	0.114116563	0.516837765	0.484599329	0.135251119	-1.005594705	-3.214347589	-0.034818609	-0.111688982	0.087983885	-0.039094516	0.026019603	0.018239201
3.375000000	0.114081686	0.516726102	0.484687292	0.135211954	-1.005568686	-3.214329311	-0.034935480	-0.111636753	0.087941847	-0.039234619	0.026017489	0.018317081
3.376000000	0.114046692	0.516614492	0.484775213	0.135172649	-1.005542670	-3.214310955	-0.035052317	-0.111584336	0.087899668	-0.039374691	0.026015318	0.018394960
3.377000000	0.114011581	0.516502933	0.484863092	0.135133205	-1.005516656	-3.214292521	-0.035169120	-0.111531729	0.087857347	-0.039514735	0.026013092	0.018472835
3.378000000	0.113976354	0.516391428	0.484950928	0.135093620	-1.005490644	-3.214274009	-0.035285888	-0.111478935	0.087814885	-0.039654748	0.026010810	0.018550708
3.379000000	0.113941009	0.516279976	0.485038721	0.135053895	-1.005464634	-3.214255419	-0.035402622	-0.111425951	0.087772281	-0.039794731	0.026008471	0.018628579
3.380000000	0.113905548	0.516168576	0.485126472	0.135014030	-1.005438627	-3.214236752	-0.035519320	-0.111372778	0.087729536	-0.039934683	0.026006077	0.018706446
3.381000000	0.113869971	0.516057230	0.485214181	0.134974026	-1.005412622	-3.214218006	-0.035635983	-0.111319416	0.087686649	-0.040074605	0.026003626	0.018784311
3.382000000	0.113834276	0.515945937	0.485301846	0.134933881	-1.005386620	-3.214199183	-0.035752611	-0.111265866	0.087643621	-0.040214496	0.026001118	0.018862172
3.383000000	0.113798466	0.515834698	0.485389468	0.134893597	-1.005360620	-3.214180282	-0.035869203	-0.111212126	0.087600451	-0.040354356	0.025998555	0.018940030
3.384000000	0.113762538	0.515723513	0.485477047	0.134853172	-1.005334622	-3.214161303	-0.035985759	-0.111158198	0.087557140	-0.040494184	0.025995934	0.019017885
3.385000000	0.113726494	0.515612382	0.485564582	0.134812608	-1.005308628	-3.214142246	-0.036102279	-0.111104082	0.087513687	-0.040633980	0.025993258	0.019095736
3.386000000	0.113690334	0.515501305	0.485652074	0.134771904	-1.005282636	-3.214123112	-0.036218763	-0.111049777	0.087470094	-0.040773745	0.025990525	0.019173583
3.387000000	0.113654057	0.515390282	0.485739522	0.134731061	-1.005256647	-3.214103899	-0.036335210	-0.110995283	0.087426359	-0.040913477	0.025987735	0.019251426
3.388000000	0.113617663	0.515279314	0.485826927	0.134690078	-1.005230660	-3.214084609	-0.036451620	-0.110940601	0.087382483	-0.041053176	0.025984888	0.019329265
3.389000000	0.113581153	0.515168401	0.485914287	0.134648955	-1.005204677	-3.214065241	-0.036567994	-0.110885730	0.087338466	-0.041192843	0.025981985	0.019407100
3.390000000	0.113544527	0.515057543	0.486001604	0.134607692	-1.005178696	-3.214045795	-0.036684330	-0.110830671	0.087294309	-0.041332477	0.025979025	0.019484930
3.391000000	0.113507785	0.514946740	0.486088876	0.134566290	-1.005152719	-3.214026271	-0.036800629	-0.110775422	0.087250009	-0.041472077	0.025976008	0.019562756
3.392000000	0.113470926	0.514835992	0.486176104	0.134524748	-1.005126744	-3.214006669	-0.036916890	-0.110719986	0.087205570	-0.041611644	0.025972934	0.019640578
3.393000000	0.113433951	0.514725300	0.486263287	0.134483066	-1.005100773	-3.213986990	-0.037033113	-0.110664361	0.087160989	-0.041751176	0.025969803	0.019718394
3.394000000	0.113396860	0.514614663	0.486350426	0.134441245	-1.005074805	-3.213967232	-0.037149298	-0.110608548	0.087116267	-0.041890675	0.025966615	0.019796205
3.395000000	0.113359652	0.514504083	0.486437520	0.134399285	-1.005048840	-3.213947397	-0.037265445	-0.110552547	0.087071405	-0.042030139	0.025963370	0.019874011
3.396000000	0.113322329	0.514393558	0.486524568	0.134357185	-1.005022878	-3.213927484	-0.037381554	-0.110496357	0.087026402	-0.042169569	0.025960067	0.019951812
3.397000000	0.113284889	0.514283090	0.486611572	0.134314946	-1.004996920	-3.213907494	-0.037497623	-0.110439979	0.086981259	-0.042308963	0.025956708	0.020029607
3.398000000	0.113247334	0.514172678	0.486698531	0.134272567	-1.004970965	-3.213887425	-0.037613654	-0.110383413	0.086935974	-0.042448323	0.025953291	0.020107397
3.399000000	0.113209662	0.514062323	0.486785444	0.134230049	-1.004945013	-3.213867279	-0.037729645	-0.110326659	0.086890550	-0.042587647	0.025949817	0.020185181
3.400000000	0.113171874	0.513952025	0.486872312	0.134187392	-1.004919065	-3.213847055	-0.037845598	-0.110269716	0.086844985	-0.042726935	0.025946286	0.020262958
3.401000000	0.113133971	0.513841784	0.486959134	0.134144595	-1.004893121	-3.213826753	-0.037961510	-0.110212586	0.086799279	-0.042866187	0.025942697	0.020340730
3.402000000	0.113095951	0.513731600	0.487045911	0.134101659	-1.004867180	-3.213806373	-0.038077382	-0.110155267	0.086753433	-0.043005403	0.025939050	0.020418496
3.403000000	0.113057816	0.513621473	0.487132641	0.134058584	-1.004841242	-3.213785916	-0.038193215	-0.110097761	0.086707447	-0.043144582	0.025935346	0.020496255
3.404000000	0.113019565	0.513511404	0.487219326	0.134015370	-1.004815309	-3.213765381	-0.038309007	-0.110040066	0.086661320	-0.043283724	0.025931584	0.020574007
3.405000000	0.112981198	0.513401393	0.487305964	0.133972017	-1.004789379	-3.213744768	-0.038424759	-0.109982183	0.086615053	-0.043422830	0.025927765	0.020651753
3.406000000	0.112942715	0.513291440	0.487392556	0.133928525	-1.004763453	-3.213724077	-0.038540470	-0.109924113	0.086568647	-0.043561898	0.025923888	0.020729491
3.407000000	0.112904117	0.513181545	0.487479101	0.133884893	-1.004737532	-3.213703309	-0.038656140	-0.109865855	0.086522100	-0.043700928	0.025919953	0.020807223
3.408000000	0.112865403	0.513071708	0.487565600	0.133841123	-1.004711614	-3.213682463	-0.038771769	-0.109807409	0.086475413	-0.043839920	0.025915960	0.020884947
3.409000000	0.112826573	0.512961930	0.487652052	0.133797213	-1.004685700	-3.213661539	-0.038887357	-0.109748775	0.086428586	-0.043978875	0.025911909	0.020962664
3.410000000	0.112787628	0.512852211	0.487738457	0.133753165	-1.004659790	-3.213640537	-0.039002903	-0.109689953	0.086381619	-0.044117791	0.025907801	0.021040374
3.411000000	0.112748568	0.512742550	0.487824815	0.133708978	-1.004633884	-3.213619458	-0.039118407	-0.109630944	0.086334512	-0.044256668	0.025903634	0.021118075
3.412000000	0.112709391	0.512632949	0.487911126	0.133664652	-1.004607982	-3.213598301	-0.039233869	-0.109571747	0.086287265	-0.044395506	0.025899409	0.021195769
3.413000000	0.112670100	0.512523407	0.487997390	0.133620187	-1.004582085	-3.213577067	-0.039349289	-0.109512363	0.086239879	-0.044534305	0.025895126	0.021273455
3.414000000	0.112630693	0.512413924	0.488083606	0.133575583	-1.004556192	-3.213555754	-0.039464666	-0.109452791	0.086192353	-0.044673064	0.025890785	0.021351132
3.415000000	0.112591171	0.512304501	0.488169774	0.133530841	-1.004530304	-3.213534364	-0.039580001	-0.109393031	0.086144687	-0.044811784	0.025886386	0.021428802
3.416000000	0.112551533	0.512195138	0.488255895	0.133485960	-1.004504419	-3.213512897	-0.039695292	-0.109333084	0.086096882	-0.044950464	0.025881928	0.021506462
3.417000000	0.112511780	0.512085835	0.488341968	0.133440940	-1.004478540	-3.213491351	-0.039810541	-0.109272950	0.086048937	-0.045089103	0.025877412	0.021584114
3.418000000	0.112471912	0.511976592	0.488427993	0.133395781	-1.004452665	-3.213469729	-0.039925746	-0.109212628	0.086000853	-0.045227701	0.025872837	0.021661758
3.419000000	0.112431928	0.511867410	0.488513970	0.133350484	-1.004426794	-3.213448028	-0.040040908	-0.109152119	0.085952630	-0.045366259	0.025868204	0.021739392
3.420000000	0.112391830	0.511758288	0.488599898	0.133305049	-1.004400928	-3.213426250	-0.040156025	-0.109091423	0.085904267	-0.045504776	0.025863513	0.021817017
3.421000000	0.112351616	0.511649227	0.488685778	0.133259475	-1.004375067	-3.213404394	-0.040271099	-0.109030539	0.085855765	-0.045643251	0.025858763	0.021894633
3.422000000	0.112311288	0.511540227	0.488771610	0.133213762	-1.004349211	-3.213382461	-0.040386129	-0.108969468	0.085807123	-0.045781685	0.025853954	0.021972239
3.423000000	0.112270844	0.511431288	0.488857393	0.133167911	-1.004323359	-3.213360449	-0.040501113	-0.108908211	0.085758343	-0.045920076	0.025849087	0.022049835
3.424000000	0.112230286	0.511322410	0.488943126	0.133121922	-1.004297512	-3.213338361	-0.040616054	-0.108846765	0.085709423	-0.046058425	0.025844161	0.022127422
3.425000000	0.112189612	0.511213594	0.489028811	0.133075795	-1.004271671	-3.213316195	-0.040730949	-0.108785133	0.085660365	-0.046196732	0.025839176	0.022204999
3.426000000	0.112148824	0.511104840	0.489114447	0.133029529	-1.004245834	-3.213293951	-0.040845799	-0.108723314	0.085611167	-0.046334996	0.025834132	0.022282565
3.427000000	0.112107920	0.510996148	0.489200034	0.132983125	-1.004220003	-3.213271629	-0.040960604	-0.108661308	0.085561830	-0.046473217	0.025829029	0.022360122
3.428000000	0.112066902	0.510887517	0.489285571	0.132936582	-1.004194176	-3.213249231	-0.041075363	-0.108599116	0.085512355	-0.046611395	0.025823868	0.022437668
3.429000000	0.112025770	0.510778950	0.489371058	0.132889902	-1.004168355	-3.213226754	-0.041190076	-0.108536736	0.085462741	-0.046749529	0.025818647	0.022515203
3.430000000	0.111984522	0.510670444	0.489456496	0.132843083	-1.004142539	-3.213204200	-0.041304743	-0.108474169	0.085412988	-0.046887619	0.025813367	0.022592727
3.431000000	0.111943160	0.510562001	0.489541884	0.132796127	-1.004116728	-3.213181569	-0.041419365	-0.108411416	0.085363097	-0.047025666	0.025808028	0.022670241
3.432000000	0.111901684	0.510453621	0.489627223	0.132749032	-1.004090923	-3.213158860	-0.041533939	-0.108348476	0.085313066	-0.047163667	0.025802630	0.022747743
3.433000000	0.111860092	0.510345304	0.489712511	0.132701799	-1.004065123	-3.213136073	-0.041648467	-0.108285349	0.085262898	-0.047301624	0.025797173	0.022825235
3.434000000	0.111818387	0.510237050	0.489797748	0.132654429	-1.004039328	-3.213113209	-0.041762948	-0.108222037	0.085212591	-0.047439536	0.025791656	0.022902714
3.435000000	0.111776566	0.510128860	0.489882936	0.132606920	-1.004013540	-3.213090268	-0.041877382	-0.108158537	0.085162145	-0.047577403	0.025786080	0.022980182
3.436000000	0.111734632	0.510020733	0.489968073	0.132559274	-1.003987756	-3.213067249	-0.041991768	-0.108094851	0.085111561	-0.047715225	0.025780445	0.023057639
3.437000000	0.111692583	0.509912670	0.490053159	0.132511490	-1.003961979	-3.213044153	-0.042106107	-0.108030978	0.085060839	-0.047853000	0.025774751	0.023135083
3.438000000	0.111650420	0.509804671	0.490138194	0.132463568	-1.003936207	-3.213020979	-0.042220398	-0.107966919	0.085009979	-0.047990730	0.025768996	0.023212515
3.439000000	0.111608142	0.509696737	0.490223179	0.132415508	-1.003910441	-3.212997727	-0.042334641	-0.107902674	0.084958980	-0.048128413	0.025763183	0.023289935
3.440000000	0.111565750	0.509588866	0.490308112	0.132367311	-1.003884680	-3.212974399	-0.042448835	-0.107838242	0.084907844	-0.048266049	0.025757309	0.023367342
3.441000000	0.111523244	0.509481060	0.490392995	0.132318976	-1.003858926	-3.212950993	-0.042562981	-0.107773624	0.084856569	-0.048403639	0.025751376	0.023444737
3.442000000	0.111480624	0.509373319	0.490477825	0.132270504	-1.003833178	-3.212927509	-0.042677079	-0.107708820	0.084805157	-0.048541182	0.025745384	0.023522120
3.443000000	0.111437890	0.509265642	0.490562605	0.132221894	-1.003807435	-3.212903949	-0.042791127	-0.107643830	0.084753606	-0.048678677	0.025739331	0.023599489
3.444000000	0.111395042	0.509158031	0.490647333	0.132173146	-1.003781699	-3.212880310	-0.042905126	-0.107578654	0.084701918	-0.048816124	0.025733219	0.023676845
3.445000000	0.111352080	0.509050485	0.490732009	0.132124262	-1.003755969	-3.212856595	-0.043019076	-0.107513292	0.084650092	-0.048953524	0.025727047	0.023754188
3.446000000	0.111309004	0.508943005	0.490816633	0.132075239	-1.003730245	-3.212832802	-0.043132976	-0.107447744	0.084598128	-0.049090875	0.025720815	0.023831517
3.447000000	0.111265814	0.508835590	0.490901205	0.132026080	-1.003704527	-3.212808932	-0.043246827	-0.107382010	0.084546027	-0.049228177	0.025714524	0.023908833
3.448000000	0.111222510	0.508728241	0.490985725	0.131976783	-1.003678816	-3.212784984	-0.043360627	-0.107316091	0.084493788	-0.049365431	0.025708172	0.023986135
3.449000000	0.111179093	0.508620958	0.491070193	0.131927349	-1.003653111	-3.212760960	-0.043474377	-0.107249985	0.084441411	-0.049502636	0.025701760	0.024063423
3.450000000	0.111135562	0.508513741	0.491154608	0.131877778	-1.003627412	-3.212736857	-0.043588077	-0.107183694	0.084388897	-0.049639791	0.025695288	0.024140697
3.451000000	0.111091917	0.508406590	0.491238970	0.131828069	-1.003601720	-3.212712678	-0.043701726	-0.107117217	0.084336246	-0.049776897	0.025688756	0.024217957
3.452000000	0.111048158	0.508299506	0.491323280	0.131778224	-1.003576035	-3.212688422	-0.043815324	-0.107050555	0.084283458	-0.049913953	0.025682164	0.024295202
3.453000000	0.111004286	0.508192489	0.491407537	0.131728241	-1.003550356	-3.212664088	-0.043928870	-0.106983706	0.084230532	-0.050050958	0.025675511	0.024372432
3.454000000	0.110960300	0.508085539	0.491491741	0.131678122	-1.003524684	-3.212639677	-0.044042366	-0.106916673	0.084177469	-0.050187914	0.025668798	0.024449648
3.455000000	0.110916201	0.507978656	0.491575892	0.131627866	-1.003499018	-3.212615188	-0.044155809	-0.106849454	0.084124269	-0.050324818	0.025662025	0.024526849
3.456000000	0.110871989	0.507871840	0.491659990	0.131577472	-1.003473360	-3.212590623	-0.044269201	-0.106782050	0.084070932	-0.050461671	0.025655192	0.024604035
3.457000000	0.110827663	0.507765092	0.491744034	0.131526942	-1.003447708	-3.212565980	-0.044382540	-0.106714461	0.084017458	-0.050598473	0.025648298	0.024681205
3.458000000	0.110783224	0.507658411	0.491828025	0.131476275	-1.003422063	-3.212541261	-0.044495828	-0.106646686	0.083963848	-0.050735224	0.025641343	0.024758360
3.459000000	0.110738671	0.507551798	0.491911962	0.131425472	-1.003396425	-3.212516464	-0.044609063	-0.106578726	0.083910100	-0.050871923	0.025634328	0.024835500
3.460000000	0.110694006	0.507445253	0.491995845	0.131374532	-1.003370794	-3.212491590	-0.044722245	-0.106510581	0.083856215	-0.051008569	0.025627253	0.024912624
3.461000000	0.110649227	0.507338777	0.492079674	0.131323455	-1.003345171	-3.212466638	-0.044835374	-0.106442251	0.083802195	-0.051145163	0.025620117	0.024989731
3.462000000	0.110604335	0.507232369	0.492163449	0.131272241	-1.003319554	-3.212441610	-0.044948450	-0.106373736	0.083748037	-0.051281705	0.025612920	0.025066823
3.463000000	0.110559330	0.507126030	0.492247170	0.131220891	-1.003293945	-3.212416505	-0.045061473	-0.106305036	0.083693743	-0.051418193	0.025605663	0.025143898
3.464000000	0.110514212	0.507019759	0.492330837	0.131169405	-1.003268343	-3.212391322	-0.045174441	-0.106236152	0.083639312	-0.051554628	0.025598344	0.025220957
3.465000000	0.110468981	0.506913557	0.492414449	0.131117782	-1.003242748	-3.212366063	-0.045287356	-0.106167082	0.083584745	-0.051691010	0.025590965	0.025297999
3.466000000	0.110423637	0.506807425	0.492498006	0.131066023	-1.003217161	-3.212340726	-0.045400217	-0.106097828	0.083530042	-0.051827337	0.025583525	0.025375024
3.467000000	0.110378181	0.506701362	0.492581509	0.131014127	-1.003191581	-3.212315313	-0.045513024	-0.106028389	0.083475202	-0.051963611	0.025576025	0.025452032
3.468000000	0.110332611	0.506595368	0.492664957	0.130962096	-1.003166009	-3.212289822	-0.045625776	-0.105958765	0.083420227	-0.052099830	0.025568463	0.025529023
3.469000000	0.110286929	0.506489444	0.492748349	0.130909928	-1.003140444	-3.212264255	-0.045738473	-0.105888957	0.083365115	-0.052235995	0.025560840	0.025605997
3.470000000	0.110241134	0.506383590	0.492831687	0.130857624	-1.003114887	-3.212238610	-0.045851115	-0.105818965	0.083309867	-0.052372105	0.025553157	0.025682954
3.471000000	0.110195227	0.506277806	0.492914969	0.130805183	-1.003089338	-3.212212889	-0.045963702	-0.105748788	0.083254483	-0.052508159	0.025545412	0.025759892
3.472000000	0.110149207	0.506172092	0.492998196	0.130752607	-1.003063796	-3.212187091	-0.046076233	-0.105678426	0.083198963	-0.052644158	0.025537606	0.025836813
3.473000000	0.110103074	0.506066449	0.493081367	0.130699895	-1.003038263	-3.212161215	-0.046188709	-0.105607881	0.083143308	-0.052780102	0.025529739	0.025913716
3.474000000	0.110056829	0.505960877	0.493164482	0.130647047	-1.003012737	-3.212135263	-0.046301129	-0.105537152	0.083087517	-0.052915989	0.025521810	0.025990600
3.475000000	0.110010472	0.505855375	0.493247542	0.130594063	-1.002987219	-3.212109234	-0.046413493	-0.105466237	0.083031590	-0.053051820	0.025513821	0.026067467
3.476000000	0.109964002	0.505749944	0.493330546	0.130540943	-1.002961709	-3.212083128	-0.046525800	-0.105395140	0.082975527	-0.053187594	0.025505770	0.026144314
3.477000000	0.109917420	0.505644585	0.493413493	0.130487688	-1.002936208	-3.212056945	-0.046638051	-0.105323858	0.082919329	-0.053323311	0.025497658	0.026221143
3.478000000	0.109870726	0.505539297	0.493496384	0.130434297	-1.002910714	-3.212030686	-0.046750245	-0.105252392	0.082862995	-0.053458972	0.025489484	0.026297953
3.479000000	0.109823920	0.505434080	0.493579219	0.130380770	-1.002885229	-3.212004350	-0.046862382	-0.105180742	0.082806527	-0.053594575	0.025481249	0.026374744
3.480000000	0.109777001	0.505328935	0.493661997	0.130327108	-1.002859751	-3.211977936	-0.046974462	-0.105108909	0.082749923	-0.053730120	0.025472953	0.026451516
3.481000000	0.109729971	0.505223862	0.493744719	0.130273310	-1.002834283	-3.211951446	-0.047086484	-0.105036892	0.082693183	-0.053865606	0.025464594	0.026528269
3.482000000	0.109682829	0.505118861	0.493827384	0.130219376	-1.002808822	-3.211924880	-0.047198449	-0.104964691	0.082636308	-0.054001035	0.025456175	0.026605001
3.483000000	0.109635574	0.505013933	0.493909992	0.130165308	-1.002783370	-3.211898236	-0.047310355	-0.104892307	0.082579299	-0.054136405	0.025447694	0.026681715
3.484000000	0.109588208	0.504909077	0.493992542	0.130111104	-1.002757927	-3.211871516	-0.047422203	-0.104819739	0.082522154	-0.054271716	0.025439151	0.026758408
3.485000000	0.109540730	0.504804293	0.494075036	0.130056764	-1.002732492	-3.211844720	-0.047533993	-0.104746987	0.082464875	-0.054406969	0.025430546	0.026835081
3.486000000	0.109493140	0.504699583	0.494157472	0.130002290	-1.002707066	-3.211817846	-0.047645725	-0.104674053	0.082407460	-0.054542161	0.025421880	0.026911734
3.487000000	0.109445438	0.504594945	0.494239851	0.129947680	-1.002681648	-3.211790896	-0.047757397	-0.104600935	0.082349911	-0.054677294	0.025413152	0.026988366
3.488000000	0.109397625	0.504490381	0.494322172	0.129892935	-1.002656239	-3.211763870	-0.047869011	-0.104527634	0.082292227	-0.054812367	0.025404362	0.027064978
3.489000000	0.109349700	0.504385890	0.494404435	0.129838055	-1.002630840	-3.211736766	-0.047980565	-0.104454149	0.082234409	-0.054947380	0.025395511	0.027141569
3.490000000	0.109301664	0.504281473	0.494486641	0.129783040	-1.002605448	-3.211709586	-0.048092060	-0.104380482	0.082176456	-0.055082332	0.025386597	0.027218139
3.491000000	0.109253516	0.504177129	0.494568788	0.129727891	-1.002580066	-3.211682330	-0.048203495	-0.104306632	0.082118368	-0.055217223	0.025377622	0.027294687
3.492000000	0.109205257	0.504072859	0.494650877	0.129672606	-1.002554693	-3.211654997	-0.048314870	-0.104232599	0.082060147	-0.055352053	0.025368584	0.027371215
3.493000000	0.109156886	0.503968664	0.494732908	0.129617186	-1.002529329	-3.211627588	-0.048426185	-0.104158383	0.082001791	-0.055486822	0.025359485	0.027447721
3.494000000	0.109108405	0.503864542	0.494814881	0.129561632	-1.002503974	-3.211600102	-0.048537439	-0.104083984	0.081943300	-0.055621529	0.025350323	0.027524205
3.495000000	0.109059811	0.503760496	0.494896795	0.129505943	-1.002478629	-3.211572539	-0.048648632	-0.104009402	0.081884676	-0.055756174	0.025341099	0.027600668
3.496000000	0.109011107	0.503656524	0.494978650	0.129450120	-1.002453292	-3.211544900	-0.048759765	-0.103934638	0.081825917	-0.055890757	0.025331814	0.027677108
3.497000000	0.108962292	0.503552626	0.495060447	0.129394162	-1.002427965	-3.211517185	-0.048870837	-0.103859692	0.081767024	-0.056025277	0.025322466	0.027753526
3.498000000	0.108913366	0.503448804	0.495142184	0.129338069	-1.002402647	-3.211489393	-0.048981847	-0.103784563	0.081707998	-0.056159735	0.025313056	0.027829922
3.499000000	0.108864328	0.503345057	0.495223863	0.129281842	-1.002377339	-3.211461525	-0.049092796	-0.103709251	0.081648838	-0.056294129	0.025303583	0.027906296
3.500000000	0.108815180	0.503241386	0.495305482	0.129225481	-1.002352040	-3.211433581	-0.049203683	-0.103633757	0.081589544	-0.056428460	0.025294048	0.027982646
3.501000000	0.108765921	0.503137790	0.495387042	0.129168985	-1.002326751	-3.211405560	-0.049314508	-0.103558081	0.081530116	-0.056562727	0.025284451	0.028058974
3.502000000	0.108716551	0.503034270	0.495468542	0.129112356	-1.002301471	-3.211377463	-0.049425271	-0.103482223	0.081470554	-0.056696931	0.025274792	0.028135278
3.503000000	0.108667070	0.502930825	0.495549983	0.129055592	-1.002276201	-3.211349289	-0.049535971	-0.103406183	0.081410859	-0.056831070	0.025265070	0.028211560
3.504000000	0.108617479	0.502827457	0.495631364	0.128998693	-1.002250941	-3.211321040	-0.049646609	-0.103329961	0.081351031	-0.056965144	0.025255286	0.028287817
3.505000000	0.108567777	0.502724165	0.495712685	0.128941661	-1.002225691	-3.211292714	-0.049757183	-0.103253557	0.081291070	-0.057099154	0.025245439	0.028364052
3.506000000	0.108517965	0.502620950	0.495793946	0.128884495	-1.002200450	-3.211264311	-0.049867695	-0.103176971	0.081230974	-0.057233098	0.025235530	0.028440262
3.507000000	0.108468042	0.502517812	0.495875147	0.128827195	-1.002175219	-3.211235833	-0.049978143	-0.103100203	0.081170746	-0.057366977	0.025225558	0.028516448
3.508000000	0.108418008	0.502414750	0.495956288	0.128769761	-1.002149999	-3.211207279	-0.050088528	-0.103023254	0.081110385	-0.057500791	0.025215524	0.028592611
3.509000000	0.108367865	0.502311765	0.496037368	0.128712194	-1.002124788	-3.211178648	-0.050198848	-0.102946123	0.081049891	-0.057634539	0.025205427	0.028668749
3.510000000	0.108317611	0.502208858	0.496118387	0.128654492	-1.002099588	-3.211149941	-0.050309105	-0.102868810	0.080989264	-0.057768220	0.025195267	0.028744862
3.511000000	0.108267246	0.502106027	0.496199346	0.128596657	-1.002074398	-3.211121158	-0.050419297	-0.102791317	0.080928504	-0.057901834	0.025185045	0.028820951
3.512000000	0.108216772	0.502003275	0.496280245	0.128538688	-1.002049218	-3.211092299	-0.050529425	-0.102713642	0.080867611	-0.058035382	0.025174760	0.028897015
3.513000000	0.108166188	0.501900600	0.496361082	0.128480586	-1.002024048	-3.211063364	-0.050639488	-0.102635785	0.080806585	-0.058168863	0.025164412	0.028973054
3.514000000	0.108115493	0.501798003	0.496441858	0.128422351	-1.001998889	-3.211034353	-0.050749486	-0.102557747	0.080745427	-0.058302277	0.025154001	0.029049067
3.515000000	0.108064689	0.501695485	0.496522572	0.128363982	-1.001973740	-3.211005266	-0.050859419	-0.102479529	0.080684136	-0.058435622	0.025143527	0.029125056
3.516000000	0.108013774	0.501593044	0.496603226	0.128305480	-1.001948602	-3.210976103	-0.050969287	-0.102401130	0.080622713	-0.058568900	0.025132991	0.029201018
3.517000000	0.107962750	0.501490682	0.496683818	0.128246844	-1.001923474	-3.210946864	-0.051079089	-0.102322549	0.080561158	-0.058702110	0.025122391	0.029276955
3.518000000	0.107911616	0.501388399	0.496764348	0.128188075	-1.001898357	-3.210917549	-0.051188825	-0.102243788	0.080499470	-0.058835251	0.025111729	0.029352866
3.519000000	0.107860372	0.501286195	0.496844817	0.128129173	-1.001873251	-3.210888158	-0.051298495	-0.102164845	0.080437649	-0.058968323	0.025101004	0.029428751
3.520000000	0.107809019	0.501184069	0.496925224	0.128070139	-1.001848155	-3.210858691	-0.051408098	-0.102085723	0.080375697	-0.059101326	0.025090216	0.029504609
3.521000000	0.107757556	0.501082023	0.497005568	0.128010971	-1.001823071	-3.210829149	-0.051517635	-0.102006420	0.080313613	-0.059234259	0.025079364	0.029580441
3.522000000	0.107705984	0.500980057	0.497085851	0.127951670	-1.001797997	-3.210799531	-0.051627106	-0.101926936	0.080251397	-0.059367124	0.025068450	0.029656247
3.523000000	0.107654302	0.500878169	0.497166071	0.127892237	-1.001772934	-3.210769836	-0.051736509	-0.101847272	0.080189049	-0.059499918	0.025057472	0.029732025
3.524000000	0.107602511	0.500776362	0.497246229	0.127832670	-1.001747882	-3.210740067	-0.051845845	-0.101767427	0.080126569	-0.059632641	0.025046431	0.029807777
3.525000000	0.107550610	0.500674635	0.497326324	0.127772971	-1.001722841	-3.210710221	-0.051955114	-0.101687403	0.080063958	-0.059765295	0.025035327	0.029883501
3.526000000	0.107498601	0.500572987	0.497406357	0.127713140	-1.001697811	-3.210680300	-0.052064314	-0.101607198	0.080001215	-0.059897877	0.025024160	0.029959198
3.527000000	0.107446482	0.500471420	0.497486327	0.127653176	-1.001672792	-3.210650303	-0.052173447	-0.101526813	0.079938340	-0.060030388	0.025012930	0.030034867
3.528000000	0.107394254	0.500369934	0.497566233	0.127593079	-1.001647785	-3.210620230	-0.052282512	-0.101446248	0.079875334	-0.060162828	0.025001636	0.030110508
3.529000000	0.107341917	0.500268528	0.497646077	0.127532850	-1.001622789	-3.210590081	-0.052391509	-0.101365503	0.079812197	-0.060295196	0.024990279	0.030186122
3.530000000	0.107289471	0.500167203	0.497725858	0.127472489	-1.001597805	-3.210559858	-0.052500437	-0.101284579	0.079748928	-0.060427493	0.024978859	0.030261707
3.531000000	0.107236916	0.500065959	0.497805575	0.127411995	-1.001572831	-3.210529558	-0.052609296	-0.101203475	0.079685529	-0.060559716	0.024967375	0.030337265
3.532000000	0.107184252	0.499964796	0.497885229	0.127351369	-1.001547870	-3.210499183	-0.052718086	-0.101122191	0.079621998	-0.060691868	0.024955828	0.030412793
3.533000000	0.107131480	0.499863714	0.497964819	0.127290611	-1.001522920	-3.210468732	-0.052826806	-0.101040728	0.079558336	-0.060823946	0.024944217	0.030488293
3.534000000	0.107078598	0.499762714	0.498044346	0.127229721	-1.001497981	-3.210438206	-0.052935457	-0.100959085	0.079494543	-0.060955951	0.024932543	0.030563764
3.535000000	0.107025609	0.499661796	0.498123808	0.127168699	-1.001473055	-3.210407605	-0.053044039	-0.100877263	0.079430619	-0.061087884	0.024920806	0.030639206
3.536000000	0.106972510	0.499560960	0.498203207	0.127107545	-1.001448140	-3.210376928	-0.053152551	-0.100795262	0.079366565	-0.061219742	0.024909005	0.030714619
3.537000000	0.106919304	0.499460205	0.498282541	0.127046260	-1.001423237	-3.210346176	-0.053260992	-0.100713082	0.079302380	-0.061351526	0.024897140	0.030790003
3.538000000	0.106865988	0.499359534	0.498361812	0.126984842	-1.001398345	-3.210315348	-0.053369363	-0.100630723	0.079238065	-0.061483236	0.024885212	0.030865357
3.539000000	0.106812565	0.499258944	0.498441017	0.126923293	-1.001373466	-3.210284445	-0.053477663	-0.100548185	0.079173619	-0.061614871	0.024873220	0.030940681
3.540000000	0.106759033	0.499158437	0.498520159	0.126861613	-1.001348599	-3.210253467	-0.053585892	-0.100465468	0.079109042	-0.061746432	0.024861164	0.031015975
3.541000000	0.106705393	0.499058013	0.498599236	0.126799800	-1.001323744	-3.210222413	-0.053694051	-0.100382572	0.079044336	-0.061877917	0.024849045	0.031091239
3.542000000	0.106651645	0.498957672	0.498678248	0.126737857	-1.001298901	-3.210191284	-0.053802138	-0.100299497	0.078979499	-0.062009327	0.024836862	0.031166473
3.543000000	0.106597789	0.498857414	0.498757195	0.126675782	-1.001274070	-3.210160080	-0.053910153	-0.100216244	0.078914532	-0.062140661	0.024824616	0.031241676
3.544000000	0.106543825	0.498757240	0.498836077	0.126613575	-1.001249252	-3.210128801	-0.054018097	-0.100132813	0.078849435	-0.062271919	0.024812305	0.031316849
3.545000000	0.106489753	0.498657148	0.498914893	0.126551238	-1.001224446	-3.210097446	-0.054125968	-0.100049203	0.078784208	-0.062403101	0.024799931	0.031391990
3.546000000	0.106435573	0.498557141	0.498993645	0.126488769	-1.001199652	-3.210066017	-0.054233767	-0.099965415	0.078718852	-0.062534206	0.024787493	0.031467101
3.547000000	0.106381285	0.498457218	0.499072331	0.126426170	-1.001174871	-3.210034512	-0.054341494	-0.099881449	0.078653365	-0.062665234	0.024774991	0.031542180
3.548000000	0.106326890	0.498357378	0.499150952	0.126363439	-1.001150102	-3.210002933	-0.054449149	-0.099797304	0.078587749	-0.062796185	0.024762425	0.031617228
3.549000000	0.106272387	0.498257623	0.499229507	0.126300577	-1.001125346	-3.209971278	-0.054556730	-0.099712982	0.078522003	-0.062927059	0.024749796	0.031692245
3.550000000	0.106217776	0.498157952	0.499307996	0.126237585	-1.001100602	-3.209939548	-0.054664238	-0.099628482	0.078456128	-0.063057855	0.024737102	0.031767229
3.551000000	0.106163058	0.498058366	0.499386419	0.126174461	-1.001075872	-3.209907743	-0.054771673	-0.099543804	0.078390123	-0.063188573	0.024724344	0.031842182
3.552000000	0.106108233	0.497958865	0.499464776	0.126111208	-1.001051154	-3.209875864	-0.054879034	-0.099458948	0.078323990	-0.063319212	0.024711523	0.031917102
3.553000000	0.106053300	0.497859448	0.499543067	0.126047823	-1.001026449	-3.209843909	-0.054986321	-0.099373915	0.078257727	-0.063449773	0.024698637	0.031991990
3.554000000	0.105998260	0.497760117	0.499621291	0.125984308	-1.001001756	-3.209811880	-0.055093534	-0.099288704	0.078191334	-0.063580255	0.024685688	0.032066846
3.555000000	0.105943113	0.497660871	0.499699450	0.125920663	-1.000977077	-3.209779775	-0.055200673	-0.099203317	0.078124813	-0.063710658	0.024672674	0.032141669
3.556000000	0.105887859	0.497561710	0.499777541	0.125856887	-1.000952411	-3.209747596	-0.055307738	-0.099117751	0.078058163	-0.063840981	0.024659596	0.032216459
3.557000000	0.105832498	0.497462635	0.499855566	0.125792981	-1.000927758	-3.209715342	-0.055414728	-0.099032009	0.077991385	-0.063971224	0.024646454	0.032291216
3.558000000	0.105777030	0.497363646	0.499933524	0.125728944	-1.000903118	-3.209683014	-0.055521642	-0.098946089	0.077924477	-0.064101387	0.024633248	0.032365939
3.559000000	0.105721454	0.497264743	0.500011415	0.125664778	-1.000878491	-3.209650611	-0.055628482	-0.098859992	0.077857441	-0.064231470	0.024619978	0.032440629
3.560000000	0.105665773	0.497165926	0.500089239	0.125600481	-1.000853878	-3.209618133	-0.055735246	-0.098773719	0.077790276	-0.064361472	0.024606644	0.032515286
3.561000000	0.105609984	0.497067196	0.500166995	0.125536055	-1.000829278	-3.209585580	-0.055841934	-0.098687269	0.077722983	-0.064491394	0.024593245	0.032589908
3.562000000	0.105554089	0.496968552	0.500244685	0.125471499	-1.000804692	-3.209552953	-0.055948547	-0.098600642	0.077655561	-0.064621234	0.024579782	0.032664497
3.563000000	0.105498087	0.496869994	0.500322306	0.125406812	-1.000780119	-3.209520251	-0.056055084	-0.098513839	0.077588012	-0.064750992	0.024566255	0.032739051
3.564000000	0.105441979	0.496771524	0.500399861	0.125341997	-1.000755559	-3.209487475	-0.056161544	-0.098426859	0.077520334	-0.064880669	0.024552664	0.032813571
3.565000000	0.105385764	0.496673141	0.500477347	0.125277051	-1.000731013	-3.209454624	-0.056267927	-0.098339703	0.077452527	-0.065010264	0.024539008	0.032888057
3.566000000	0.105329443	0.496574845	0.500554766	0.125211976	-1.000706481	-3.209421699	-0.056374234	-0.098252370	0.077384594	-0.065139776	0.024525288	0.032962507
3.567000000	0.105273015	0.496476636	0.500632116	0.125146772	-1.000681963	-3.209388699	-0.056480464	-0.098164862	0.077316532	-0.065269205	0.024511504	0.033036923
3.568000000	0.105216482	0.496378515	0.500709399	0.125081438	-1.000657458	-3.209355625	-0.056586616	-0.098077177	0.077248342	-0.065398551	0.024497655	0.033111304
3.569000000	0.105159842	0.496280482	0.500786613	0.125015974	-1.000632967	-3.209322476	-0.056692691	-0.097989317	0.077180025	-0.065527815	0.024483742	0.033185649
3.570000000	0.105103096	0.496182536	0.500863759	0.124950382	-1.000608491	-3.209289253	-0.056798689	-0.097901280	0.077111580	-0.065656994	0.024469765	0.033259959
3.571000000	0.105046245	0.496084679	0.500940836	0.124884660	-1.000584028	-3.209255956	-0.056904608	-0.097813069	0.077043008	-0.065786090	0.024455723	0.033334233
3.572000000	0.104989287	0.495986910	0.501017845	0.124818810	-1.000559579	-3.209222585	-0.057010450	-0.097724681	0.076974308	-0.065915101	0.024441616	0.033408471
3.573000000	0.104932224	0.495889230	0.501094785	0.124752830	-1.000535145	-3.209189139	-0.057116212	-0.097636118	0.076905480	-0.066044028	0.024427446	0.033482673
3.574000000	0.104875055	0.495791638	0.501171656	0.124686722	-1.000510724	-3.209155620	-0.057221897	-0.097547380	0.076836526	-0.066172871	0.024413210	0.033556838
3.575000000	0.104817780	0.495694135	0.501248458	0.124620484	-1.000486318	-3.209122026	-0.057327502	-0.097458466	0.076767445	-0.066301628	0.024398910	0.033630968
3.576000000	0.104760400	0.495596721	0.501325191	0.124554118	-1.000461926	-3.209088358	-0.057433029	-0.097369377	0.076698237	-0.066430300	0.024384546	0.033705060
3.577000000	0.104702914	0.495499396	0.501401854	0.124487624	-1.000437549	-3.209054616	-0.057538476	-0.097280113	0.076628902	-0.066558886	0.024370117	0.033779116
3.578000000	0.104645323	0.495402161	0.501478449	0.124421001	-1.000413186	-3.209020799	-0.057643843	-0.097190674	0.076559439	-0.066687387	0.024355623	0.033853135
3.579000000	0.104587626	0.495305015	0.501554973	0.124354249	-1.000388838	-3.208986909	-0.057749131	-0.097101060	0.076489850	-0.066815801	0.024341065	0.033927116
3.580000000	0.104529824	0.495207959	0.501631428	0.124287369	-1.000364504	-3.208952945	-0.057854339	-0.097011272	0.076420135	-0.066944129	0.024326442	0.034001060
3.581000000	0.104471918	0.495110992	0.501707813	0.124220361	-1.000340185	-3.208918907	-0.057959467	-0.096921309	0.076350294	-0.067072369	0.024311755	0.034074967
3.582000000	0.104413906	0.495014116	0.501784129	0.124153224	-1.000315881	-3.208884795	-0.058064514	-0.096831171	0.076280325	-0.067200523	0.024297003	0.034148836
3.583000000	0.104355789	0.494917330	0.501860374	0.124085960	-1.000291591	-3.208850610	-0.058169481	-0.096740859	0.076210230	-0.067328590	0.024282186	0.034222666
3.584000000	0.104297567	0.494820634	0.501936549	0.124018567	-1.000267316	-3.208816350	-0.058274366	-0.096650373	0.076140010	-0.067456569	0.024267305	0.034296459
3.585000000	0.104239240	0.494724029	0.502012654	0.123951047	-1.000243056	-3.208782017	-0.058379171	-0.096559713	0.076069663	-0.067584459	0.024252359	0.034370213
3.586000000	0.104180808	0.494627515	0.502088689	0.123883398	-1.000218811	-3.208747610	-0.058483894	-0.096468878	0.075999190	-0.067712262	0.024237348	0.034443929
3.587000000	0.104122272	0.494531091	0.502164653	0.123815622	-1.000194582	-3.208713129	-0.058588536	-0.096377870	0.075928591	-0.067839976	0.024222272	0.034517606
3.588000000	0.104063631	0.494434759	0.502240546	0.123747718	-1.000170367	-3.208678574	-0.058693096	-0.096286688	0.075857867	-0.067967601	0.024207132	0.034591244
3.589000000	0.104004886	0.494338518	0.502316368	0.123679687	-1.000146167	-3.208643946	-0.058797574	-0.096195332	0.075787016	-0.068095137	0.024191927	0.034664843
3.590000000	0.103946036	0.494242368	0.502392120	0.123611528	-1.000121983	-3.208609245	-0.058901969	-0.096103802	0.075716040	-0.068222584	0.024176657	0.034738403
3.591000000	0.103887082	0.494146310	0.502467800	0.123543242	-1.000097814	-3.208574469	-0.059006283	-0.096012100	0.075644939	-0.068349940	0.024161322	0.034811923
3.592000000	0.103828023	0.494050344	0.502543410	0.123474828	-1.000073660	-3.208539621	-0.059110513	-0.095920223	0.075573712	-0.068477207	0.024145922	0.034885403
3.593000000	0.103768861	0.493954470	0.502618948	0.123406287	-1.000049522	-3.208504699	-0.059214661	-0.095828174	0.075502360	-0.068604384	0.024130458	0.034958844
3.594000000	0.103709594	0.493858688	0.502694414	0.123337619	-1.000025400	-3.208469703	-0.059318725	-0.095735952	0.075430883	-0.068731470	0.024114929	0.035032244
3.595000000	0.103650223	0.493762998	0.502769810	0.123268824	-1.000001292	-3.208434634	-0.059422706	-0.095643556	0.075359281	-0.068858465	0.024099335	0.035105605
3.596000000	0.103590749	0.493667401	0.502845133	0.123199902	-0.999977201	-3.208399492	-0.059526604	-0.095550987	0.075287553	-0.068985369	0.024083676	0.035178924
3.597000000	0.103531170	0.493571896	0.502920385	0.123130854	-0.999953125	-3.208364276	-0.059630417	-0.095458246	0.075215701	-0.069112181	0.024067952	0.035252204
3.598000000	0.103471488	0.493476484	0.502995564	0.123061678	-0.999929065	-3.208328988	-0.059734147	-0.095365332	0.075143724	-0.069238902	0.024052163	0.035325442
3.599000000	0.103411702	0.493381165	0.503070672	0.122992376	-0.999905021	-3.208293625	-0.059837792	-0.095272246	0.075071623	-0.069365531	0.024036309	0.035398640
3.600000000	0.103351812	0.493285940	0.503145708	0.122922947	-0.999880992	-3.208258190	-0.059941353	-0.095178987	0.074999397	-0.069492067	0.024020391	0.035471796
3.601000000	0.103291819	0.493190807	0.503220671	0.122853392	-0.999856980	-3.208222682	-0.060044829	-0.095085556	0.074927046	-0.069618510	0.024004407	0.035544910
3.602000000	0.103231723	0.493095769	0.503295562	0.122783710	-0.999832984	-3.208187100	-0.060148220	-0.094991953	0.074854571	-0.069744861	0.023988358	0.035617984
3.603000000	0.103171523	0.493000824	0.503370380	0.122713902	-0.999809003	-3.208151446	-0.060251526	-0.094898178	0.074781972	-0.069871119	0.023972245	0.035691015
3.604000000	0.103111220	0.492905972	0.503445126	0.122643968	-0.999785039	-3.208115718	-0.060354746	-0.094804230	0.074709248	-0.069997282	0.023956066	0.035764004
3.605000000	0.103050813	0.492811215	0.503519799	0.122573907	-0.999761091	-3.208079918	-0.060457881	-0.094710111	0.074636400	-0.070123352	0.023939822	0.035836952
3.606000000	0.102990304	0.492716552	0.503594398	0.122503721	-0.999737159	-3.208044044	-0.060560930	-0.094615821	0.074563429	-0.070249328	0.023923514	0.035909856
3.607000000	0.102929691	0.492621983	0.503668925	0.122433409	-0.999713244	-3.208008098	-0.060663893	-0.094521359	0.074490334	-0.070375210	0.023907140	0.035982719
3.608000000	0.102868976	0.492527509	0.503743379	0.122362971	-0.999689345	-3.207972079	-0.060766769	-0.094426725	0.074417115	-0.070500997	0.023890702	0.036055538
3.609000000	0.102808158	0.492433130	0.503817760	0.122292407	-0.999665463	-3.207935987	-0.060869559	-0.094331920	0.074343772	-0.070626688	0.023874198	0.036128315
3.610000000	0.102747237	0.492338846	0.503892067	0.122221717	-0.999641597	-3.207899822	-0.060972263	-0.094236944	0.074270306	-0.070752285	0.023857629	0.036201048
3.611000000	0.102686213	0.492244656	0.503966300	0.122150902	-0.999617747	-3.207863585	-0.061074879	-0.094141797	0.074196717	-0.070877786	0.023840995	0.036273739
3.612000000	0.102625087	0.492150562	0.504040460	0.122079962	-0.999593915	-3.207827275	-0.061177408	-0.094046479	0.074123004	-0.071003191	0.023824297	0.036346385
3.613000000	0.102563859	0.492056563	0.504114546	0.122008896	-0.999570099	-3.207790892	-0.061279850	-0.093950989	0.074049168	-0.071128500	0.023807533	0.036418988
3.614000000	0.102502527	0.491962660	0.504188558	0.121937705	-0.999546300	-3.207754437	-0.061382203	-0.093855330	0.073975208	-0.071253712	0.023790703	0.036491547
3.615000000	0.102441094	0.491868852	0.504262497	0.121866388	-0.999522517	-3.207717909	-0.061484469	-0.093759500	0.073901126	-0.071378828	0.023773809	0.036564062
3.616000000	0.102379559	0.491775141	0.504336361	0.121794947	-0.999498752	-3.207681309	-0.061586647	-0.093663499	0.073826922	-0.071503847	0.023756850	0.036636533
3.617000000	0.102317921	0.491681525	0.504410150	0.121723381	-0.999475004	-3.207644636	-0.061688737	-0.093567329	0.073752594	-0.071628768	0.023739826	0.036708959
3.618000000	0.102256181	0.491588006	0.504483866	0.121651690	-0.999451272	-3.207607891	-0.061790737	-0.093470987	0.073678143	-0.071753592	0.023722736	0.036781341
3.619000000	0.102194339	0.491494584	0.504557507	0.121579874	-0.999427558	-3.207571073	-0.061892649	-0.093374476	0.073603570	-0.071878317	0.023705581	0.036853677
3.620000000	0.102132396	0.491401257	0.504631073	0.121507933	-0.999403861	-3.207534184	-0.061994472	-0.093277795	0.073528875	-0.072002945	0.023688362	0.036925969
3.621000000	0.102070350	0.491308028	0.504704565	0.121435868	-0.999380181	-3.207497221	-0.062096206	-0.093180944	0.073454057	-0.072127474	0.023671077	0.036998215
3.622000000	0.102008203	0.491214895	0.504777981	0.121363678	-0.999356519	-3.207460187	-0.062197850	-0.093083924	0.073379117	-0.072251904	0.023653726	0.037070416
3.623000000	0.101945955	0.491121860	0.504851323	0.121291364	-0.999332874	-3.207423081	-0.062299405	-0.092986734	0.073304055	-0.072376235	0.023636311	0.037142571
3.624000000	0.101883605	0.491028922	0.504924589	0.121218925	-0.999309246	-3.207385902	-0.062400870	-0.092889374	0.073228871	-0.072500467	0.023618831	0.037214681
3.625000000	0.101821153	0.490936081	0.504997780	0.121146363	-0.999285636	-3.207348651	-0.062502244	-0.092791846	0.073153565	-0.072624599	0.023601285	0.037286744
3.626000000	0.101758600	0.490843338	0.505070896	0.121073676	-0.999262044	-3.207311329	-0.062603528	-0.092694148	0.073078138	-0.072748631	0.023583674	0.037358761
3.627000000	0.101695946	0.490750693	0.505143937	0.121000866	-0.999238469	-3.207273934	-0.062704722	-0.092596281	0.073002588	-0.072872562	0.023565998	0.037430732
3.628000000	0.101633191	0.490658146	0.505216902	0.120927931	-0.999214912	-3.207236467	-0.062805824	-0.092498245	0.072926917	-0.072996393	0.023548257	0.037502656
3.629000000	0.101570334	0.490565697	0.505289791	0.120854873	-0.999191373	-3.207198928	-0.062906836	-0.092400041	0.072851125	-0.073120124	0.023530450	0.037574534
3.630000000	0.101507377	0.490473346	0.505362604	0.120781691	-0.999167851	-3.207161318	-0.063007756	-0.092301668	0.072775211	-0.073243753	0.023512579	0.037646364
3.631000000	0.101444319	0.490381093	0.505435341	0.120708385	-0.999144347	-3.207123636	-0.063108585	-0.092203127	0.072699176	-0.073367280	0.023494642	0.037718147
3.632000000	0.101381160	0.490288939	0.505508002	0.120634956	-0.999120862	-3.207085882	-0.063209322	-0.092104417	0.072623020	-0.073490706	0.023476640	0.037789883
3.633000000	0.101317900	0.490196884	0.505580587	0.120561404	-0.999097394	-3.207048056	-0.063309967	-0.092005538	0.072546743	-0.073614030	0.023458572	0.037861571
3.634000000	0.101254540	0.490104928	0.505653096	0.120487728	-0.999073945	-3.207010159	-0.063410520	-0.091906492	0.072470345	-0.073737251	0.023440440	0.037933212
3.635000000	0.101191079	0.490013071	0.505725528	0.120413929	-0.999050513	-3.206972190	-0.063510980	-0.091807278	0.072393826	-0.073860370	0.023422242	0.038004804
3.636000000	0.101127518	0.489921314	0.505797883	0.120340008	-0.999027100	-3.206934149	-0.063611348	-0.091707897	0.072317187	-0.073983386	0.023403979	0.038076348
3.637000000	0.101063856	0.489829656	0.505870162	0.120265963	-0.999003705	-3.206896037	-0.063711623	-0.091608347	0.072240427	-0.074106298	0.023385651	0.038147844
3.638000000	0.101000095	0.489738097	0.505942364	0.120191795	-0.998980329	-3.206857853	-0.063811805	-0.091508630	0.072163547	-0.074229107	0.023367257	0.038219292
3.639000000	0.100936233	0.489646638	0.506014489	0.120117504	-0.998956971	-3.206819598	-0.063911893	-0.091408745	0.072086546	-0.074351813	0.023348798	0.038290691
3.640000000	0.100872271	0.489555280	0.506086537	0.120043091	-0.998933631	-3.206781272	-0.064011888	-0.091308694	0.072009425	-0.074474414	0.023330275	0.038362040
3.641000000	0.100808209	0.489464021	0.506158508	0.119968556	-0.998910310	-3.206742874	-0.064111789	-0.091208475	0.071932184	-0.074596911	0.023311685	0.038433341
3.642000000	0.100744047	0.489372863	0.506230402	0.119893897	-0.998887008	-3.206704405	-0.064211597	-0.091108089	0.071854823	-0.074719303	0.023293031	0.038504592
3.643000000	0.100679786	0.489281805	0.506302218	0.119819117	-0.998863724	-3.206665865	-0.064311310	-0.091007536	0.071777342	-0.074841590	0.023274311	0.038575794
3.644000000	0.100615425	0.489190848	0.506373956	0.119744214	-0.998840459	-3.206627254	-0.064410928	-0.090906816	0.071699741	-0.074963772	0.023255526	0.038646946
3.645000000	0.100550964	0.489099991	0.506445617	0.119669189	-0.998817213	-3.206588571	-0.064510452	-0.090805931	0.071622021	-0.075085848	0.023236676	0.038718048
3.646000000	0.100486404	0.489009236	0.506517200	0.119594043	-0.998793986	-3.206549817	-0.064609881	-0.090704878	0.071544182	-0.075207818	0.023217761	0.038789100
3.647000000	0.100421744	0.488918581	0.506588706	0.119518774	-0.998770778	-3.206510993	-0.064709215	-0.090603660	0.071466223	-0.075329683	0.023198780	0.038860101
3.648000000	0.100356985	0.488828028	0.506660133	0.119443383	-0.998747588	-3.206472097	-0.064808454	-0.090502275	0.071388144	-0.075451440	0.023179734	0.038931052
3.649000000	0.100292127	0.488737577	0.506731482	0.119367871	-0.998724418	-3.206433131	-0.064907597	-0.090400724	0.071309946	-0.075573091	0.023160623	0.039001953
3.650000000	0.100227170	0.488647227	0.506802753	0.119292237	-0.998701267	-3.206394093	-0.065006644	-0.090299007	0.071231630	-0.075694636	0.023141447	0.039072802
3.651000000	0.100162114	0.488556979	0.506873945	0.119216482	-0.998678135	-3.206354985	-0.065105596	-0.090197125	0.071153194	-0.075816072	0.023122205	0.039143601
3.652000000	0.100096959	0.488466833	0.506945059	0.119140605	-0.998655023	-3.206315806	-0.065204451	-0.090095077	0.071074639	-0.075937401	0.023102898	0.039214348
3.653000000	0.100031705	0.488376789	0.507016094	0.119064607	-0.998631929	-3.206276556	-0.065303209	-0.089992863	0.070995966	-0.076058622	0.023083526	0.039285044
3.654000000	0.099966353	0.488286847	0.507087051	0.118988488	-0.998608856	-3.206237236	-0.065401871	-0.089890484	0.070917174	-0.076179735	0.023064089	0.039355688
3.655000000	0.099900901	0.488197008	0.507157929	0.118912247	-0.998585801	-3.206197845	-0.065500436	-0.089787941	0.070838264	-0.076300739	0.023044586	0.039426280
3.656000000	0.099835352	0.488107271	0.507228728	0.118835886	-0.998562766	-3.206158384	-0.065598904	-0.089685232	0.070759236	-0.076421635	0.023025018	0.039496820
3.657000000	0.099769704	0.488017637	0.507299447	0.118759404	-0.998539751	-3.206118851	-0.065697275	-0.089582358	0.070680089	-0.076542421	0.023005385	0.039567307
3.658000000	0.099703957	0.487928106	0.507370088	0.118682801	-0.998516756	-3.206079249	-0.065795548	-0.089479319	0.070600824	-0.076663098	0.022985687	0.039637743
3.659000000	0.099638112	0.487838679	0.507440649	0.118606078	-0.998493780	-3.206039576	-0.065893723	-0.089376116	0.070521441	-0.076783665	0.022965923	0.039708125
3.660000000	0.099572170	0.487749354	0.507511131	0.118529234	-0.998470824	-3.205999833	-0.065991800	-0.089272749	0.070441940	-0.076904123	0.022946095	0.039778455
3.661000000	0.099506129	0.487660133	0.507581533	0.118452270	-0.998447888	-3.205960019	-0.066089779	-0.089169217	0.070362321	-0.077024470	0.022926201	0.039848732
3.662000000	0.099439990	0.487571016	0.507651855	0.118375185	-0.998424971	-3.205920135	-0.066187660	-0.089065521	0.070282585	-0.077144706	0.022906242	0.039918955
3.663000000	0.099373754	0.487482002	0.507722098	0.118297980	-0.998402075	-3.205880181	-0.066285441	-0.088961661	0.070202731	-0.077264832	0.022886218	0.039989125
3.664000000	0.099307419	0.487393092	0.507792261	0.118220655	-0.998379199	-3.205840157	-0.066383124	-0.088857637	0.070122760	-0.077384847	0.022866128	0.040059242
3.665000000	0.099240987	0.487304287	0.507862343	0.118143211	-0.998356343	-3.205800063	-0.066480708	-0.088753450	0.070042671	-0.077504750	0.022845973	0.040129304
3.666000000	0.099174458	0.487215585	0.507932346	0.118065646	-0.998333507	-3.205759898	-0.066578193	-0.088649099	0.069962466	-0.077624541	0.022825754	0.040199313
3.667000000	0.099107831	0.487126989	0.508002268	0.117987962	-0.998310691	-3.205719664	-0.066675577	-0.088544585	0.069882143	-0.077744220	0.022805468	0.040269267
3.668000000	0.099041107	0.487038496	0.508072110	0.117910157	-0.998287896	-3.205679360	-0.066772863	-0.088439907	0.069801703	-0.077863787	0.022785118	0.040339167
3.669000000	0.098974285	0.486950109	0.508141872	0.117832234	-0.998265121	-3.205638986	-0.066870048	-0.088335066	0.069721147	-0.077983241	0.022764703	0.040409012
3.670000000	0.098907367	0.486861826	0.508211553	0.117754191	-0.998242367	-3.205598542	-0.066967132	-0.088230062	0.069640474	-0.078102582	0.022744222	0.040478802
3.671000000	0.098840351	0.486773649	0.508281153	0.117676029	-0.998219633	-3.205558028	-0.067064117	-0.088124896	0.069559684	-0.078221811	0.022723677	0.040548538
3.672000000	0.098773238	0.486685576	0.508350672	0.117597747	-0.998196919	-3.205517445	-0.067161001	-0.088019567	0.069478778	-0.078340925	0.022703066	0.040618218
3.673000000	0.098706029	0.486597609	0.508420110	0.117519347	-0.998174227	-3.205476792	-0.067257783	-0.087914075	0.069397755	-0.078459926	0.022682390	0.040687843
3.674000000	0.098638723	0.486509748	0.508489467	0.117440828	-0.998151555	-3.205436069	-0.067354465	-0.087808421	0.069316616	-0.078578813	0.022661649	0.040757412
3.675000000	0.098571320	0.486421993	0.508558744	0.117362189	-0.998128903	-3.205395277	-0.067451045	-0.087702605	0.069235362	-0.078697585	0.022640843	0.040826925
3.676000000	0.098503821	0.486334343	0.508627938	0.117283432	-0.998106273	-3.205354415	-0.067547524	-0.087596627	0.069153991	-0.078816243	0.022619972	0.040896382
3.677000000	0.098436225	0.486246799	0.508697051	0.117204557	-0.998083663	-3.205313484	-0.067643901	-0.087490487	0.069072504	-0.078934786	0.022599035	0.040965783
3.678000000	0.098368533	0.486159362	0.508766083	0.117125563	-0.998061075	-3.205272484	-0.067740176	-0.087384185	0.068990902	-0.079053213	0.022578034	0.041035128
3.679000000	0.098300745	0.486072031	0.508835033	0.117046450	-0.998038507	-3.205231414	-0.067836349	-0.087277721	0.068909184	-0.079171525	0.022556967	0.041104416
3.680000000	0.098232860	0.485984807	0.508903902	0.116967220	-0.998015961	-3.205190275	-0.067932419	-0.087171097	0.068827351	-0.079289721	0.022535836	0.041173647
3.681000000	0.098164880	0.485897689	0.508972688	0.116887871	-0.997993436	-3.205149067	-0.068028387	-0.087064310	0.068745402	-0.079407801	0.022514639	0.041242822
3.682000000	0.098096803	0.485810678	0.509041392	0.116808404	-0.997970932	-3.205107789	-0.068124251	-0.086957363	0.068663338	-0.079525764	0.022493377	0.041311939
3.683000000	0.098028631	0.485723774	0.509110015	0.116728819	-0.997948449	-3.205066443	-0.068220013	-0.086850255	0.068581159	-0.079643611	0.022472051	0.041380998
3.684000000	0.097960363	0.485636977	0.509178555	0.116649117	-0.997925987	-3.205025027	-0.068315671	-0.086742986	0.068498865	-0.079761340	0.022450659	0.041450001
3.685000000	0.097892000	0.485550288	0.509247012	0.116569297	-0.997903547	-3.204983543	-0.068411226	-0.086635556	0.068416456	-0.079878953	0.022429202	0.041518945
3.686000000	0.097823541	0.485463706	0.509315388	0.116489359	-0.997881129	-3.204941989	-0.068506677	-0.086527966	0.068333933	-0.079996448	0.022407681	0.041587831
3.687000000	0.097754987	0.485377232	0.509383680	0.116409304	-0.997858732	-3.204900367	-0.068602024	-0.086420216	0.068251295	-0.080113825	0.022386094	0.041656660
3.688000000	0.097686337	0.485290866	0.509451890	0.116329131	-0.997836357	-3.204858676	-0.068697266	-0.086312305	0.068168542	-0.080231083	0.022364442	0.041725429
3.689000000	0.097617592	0.485204608	0.509520017	0.116248842	-0.997814003	-3.204816916	-0.068792405	-0.086204234	0.068085675	-0.080348224	0.022342726	0.041794141
3.690000000	0.097548752	0.485118457	0.509588062	0.116168435	-0.997791671	-3.204775088	-0.068887438	-0.086096003	0.068002694	-0.080465245	0.022320944	0.041862793
3.691000000	0.097479817	0.485032416	0.509656023	0.116087911	-0.997769361	-3.204733191	-0.068982367	-0.085987613	0.067919598	-0.080582147	0.022299098	0.041931387
3.692000000	0.097410787	0.484946482	0.509723901	0.116007271	-0.997747073	-3.204691225	-0.069077191	-0.085879063	0.067836389	-0.080698930	0.022277186	0.041999921
3.693000000	0.097341663	0.484860657	0.509791696	0.115926513	-0.997724807	-3.204649191	-0.069171909	-0.085770354	0.067753066	-0.080815594	0.022255210	0.042068396
3.694000000	0.097272443	0.484774942	0.509859407	0.115845639	-0.997702563	-3.204607088	-0.069266522	-0.085661486	0.067669629	-0.080932137	0.022233169	0.042136811
3.695000000	0.097203130	0.484689334	0.509927035	0.115764649	-0.997680341	-3.204564917	-0.069361029	-0.085552458	0.067586079	-0.081048560	0.022211063	0.042205167
3.696000000	0.097133721	0.484603837	0.509994579	0.115683542	-0.997658141	-3.204522678	-0.069455430	-0.085443272	0.067502415	-0.081164863	0.022188892	0.042273463
3.697000000	0.097064219	0.484518448	0.510062040	0.115602319	-0.997635963	-3.204480370	-0.069549724	-0.085333926	0.067418638	-0.081281045	0.022166656	0.042341698
3.698000000	0.096994622	0.484433169	0.510129416	0.115520980	-0.997613807	-3.204437994	-0.069643913	-0.085224423	0.067334747	-0.081397105	0.022144356	0.042409873
3.699000000	0.096924931	0.484347999	0.510196709	0.115439525	-0.997591674	-3.204395550	-0.069737995	-0.085114761	0.067250744	-0.081513045	0.022121990	0.042477988
3.700000000	0.096855146	0.484262939	0.510263918	0.115357954	-0.997569563	-3.204353038	-0.069831970	-0.085004941	0.067166627	-0.081628862	0.022099560	0.042546042
3.701000000	0.096785267	0.484177989	0.510331042	0.115276267	-0.997547475	-3.204310458	-0.069925838	-0.084894962	0.067082398	-0.081744558	0.022077065	0.042614035
3.702000000	0.096715294	0.484093149	0.510398083	0.115194465	-0.997525409	-3.204267810	-0.070019598	-0.084784825	0.066998056	-0.081860132	0.022054506	0.042681967
3.703000000	0.096645228	0.484008420	0.510465038	0.115112547	-0.997503366	-3.204225094	-0.070113251	-0.084674531	0.066913601	-0.081975582	0.022031882	0.042749837
3.704000000	0.096575068	0.483923800	0.510531910	0.115030514	-0.997481345	-3.204182311	-0.070206796	-0.084564080	0.066829034	-0.082090910	0.022009192	0.042817646
3.705000000	0.096504814	0.483839291	0.510598697	0.114948365	-0.997459348	-3.204139459	-0.070300234	-0.084453470	0.066744355	-0.082206115	0.021986439	0.042885394
3.706000000	0.096434467	0.483754893	0.510665399	0.114866102	-0.997437373	-3.204096540	-0.070393563	-0.084342704	0.066659563	-0.082321196	0.021963620	0.042953079
3.707000000	0.096364027	0.483670606	0.510732016	0.114783723	-0.997415420	-3.204053553	-0.070486784	-0.084231780	0.066574660	-0.082436154	0.021940737	0.043020702
3.708000000	0.096293494	0.483586430	0.510798548	0.114701229	-0.997393491	-3.204010498	-0.070579896	-0.084120700	0.066489644	-0.082550987	0.021917789	0.043088263
3.709000000	0.096222867	0.483502365	0.510864995	0.114618621	-0.997371585	-3.203967376	-0.070672900	-0.084009463	0.066404517	-0.082665697	0.021894777	0.043155761
3.710000000	0.096152148	0.483418411	0.510931357	0.114535898	-0.997349702	-3.203924187	-0.070765794	-0.083898069	0.066319278	-0.082780282	0.021871700	0.043223197
3.711000000	0.096081336	0.483334568	0.510997634	0.114453060	-0.997327841	-3.203880930	-0.070858579	-0.083786519	0.066233928	-0.082894741	0.021848559	0.043290569
3.712000000	0.096010431	0.483250838	0.511063825	0.114370108	-0.997306004	-3.203837606	-0.070951255	-0.083674812	0.066148466	-0.083009076	0.021825352	0.043357879
3.713000000	0.095939433	0.483167219	0.511129930	0.114287042	-0.997284191	-3.203794214	-0.071043821	-0.083562949	0.066062893	-0.083123285	0.021802082	0.043425125
3.714000000	0.095868343	0.483083712	0.511195951	0.114203862	-0.997262400	-3.203750756	-0.071136277	-0.083450931	0.065977209	-0.083237368	0.021778747	0.043492307
3.715000000	0.095797161	0.483000317	0.511261885	0.114120567	-0.997240633	-3.203707230	-0.071228623	-0.083338756	0.065891413	-0.083351325	0.021755347	0.043559426
3.716000000	0.095725886	0.482917034	0.511327733	0.114037159	-0.997218890	-3.203663637	-0.071320859	-0.083226426	0.065805507	-0.083465156	0.021731883	0.043626481
3.717000000	0.095654519	0.482833864	0.511393496	0.113953637	-0.997197169	-3.203619977	-0.071412984	-0.083113941	0.065719490	-0.083578861	0.021708354	0.043693472
3.718000000	0.095583060	0.482750806	0.511459172	0.113870001	-0.997175473	-3.203576250	-0.071504998	-0.083001300	0.065633363	-0.083692438	0.021684761	0.043760399
3.719000000	0.095511509	0.482667862	0.511524763	0.113786252	-0.997153800	-3.203532456	-0.071596902	-0.082888505	0.065547125	-0.083805888	0.021661104	0.043827261
3.720000000	0.095439866	0.482585029	0.511590267	0.113702390	-0.997132151	-3.203488595	-0.071688694	-0.082775554	0.065460776	-0.083919211	0.021637382	0.043894059
3.721000000	0.095368132	0.482502310	0.511655684	0.113618414	-0.997110525	-3.203444668	-0.071780375	-0.082662449	0.065374318	-0.084032406	0.021613596	0.043960791
3.722000000	0.095296305	0.482419705	0.511721015	0.113534325	-0.997088923	-3.203400674	-0.071871944	-0.082549189	0.065287749	-0.084145472	0.021589746	0.044027458
3.723000000	0.095224388	0.482337212	0.511786260	0.113450123	-0.997067346	-3.203356613	-0.071963401	-0.082435774	0.065201070	-0.084258411	0.021565831	0.044094061
3.724000000	0.095152379	0.482254833	0.511851417	0.113365808	-0.997045792	-3.203312486	-0.072054746	-0.082322206	0.065114282	-0.084371221	0.021541852	0.044160597
3.725000000	0.095080278	0.482172568	0.511916488	0.113281380	-0.997024262	-3.203268292	-0.072145979	-0.082208484	0.065027384	-0.084483901	0.021517809	0.044227068
3.726000000	0.095008087	0.482090416	0.511981472	0.113196840	-0.997002756	-3.203224031	-0.072237099	-0.082094607	0.064940376	-0.084596453	0.021493701	0.044293473
3.727000000	0.094935804	0.482008378	0.512046369	0.113112188	-0.996981275	-3.203179705	-0.072328107	-0.081980577	0.064853259	-0.084708875	0.021469529	0.044359812
3.728000000	0.094863430	0.481926455	0.512111179	0.113027423	-0.996959817	-3.203135312	-0.072419002	-0.081866393	0.064766033	-0.084821167	0.021445293	0.044426085
3.729000000	0.094790966	0.481844646	0.512175901	0.112942545	-0.996938384	-3.203090853	-0.072509784	-0.081752056	0.064678697	-0.084933329	0.021420993	0.044492291
3.730000000	0.094718411	0.481762951	0.512240536	0.112857556	-0.996916975	-3.203046327	-0.072600452	-0.081637566	0.064591253	-0.085045361	0.021396629	0.044558430
3.731000000	0.094645765	0.481681371	0.512305084	0.112772455	-0.996895591	-3.203001736	-0.072691006	-0.081522923	0.064503700	-0.085157262	0.021372201	0.044624503
3.732000000	0.094573029	0.481599905	0.512369543	0.112687241	-0.996874231	-3.202957078	-0.072781447	-0.081408127	0.064416038	-0.085269032	0.021347709	0.044690508
3.733000000	0.094500202	0.481518554	0.512433916	0.112601916	-0.996852895	-3.202912355	-0.072871774	-0.081293178	0.064328267	-0.085380671	0.021323152	0.044756447
3.734000000	0.094427285	0.481437319	0.512498200	0.112516480	-0.996831584	-3.202867565	-0.072961987	-0.081178077	0.064240388	-0.085492178	0.021298532	0.044822317
3.735000000	0.094354278	0.481356198	0.512562396	0.112430932	-0.996810298	-3.202822710	-0.073052085	-0.081062824	0.064152400	-0.085603553	0.021273847	0.044888120
3.736000000	0.094281181	0.481275193	0.512626505	0.112345273	-0.996789037	-3.202777789	-0.073142069	-0.080947418	0.064064305	-0.085714796	0.021249099	0.044953856
3.737000000	0.094207994	0.481194303	0.512690525	0.112259503	-0.996767800	-3.202732802	-0.073231938	-0.080831861	0.063976101	-0.085825907	0.021224287	0.045019523
3.738000000	0.094134717	0.481113529	0.512754457	0.112173621	-0.996746588	-3.202687750	-0.073321691	-0.080716152	0.063887789	-0.085936885	0.021199411	0.045085122
3.739000000	0.094061351	0.481032871	0.512818301	0.112087629	-0.996725401	-3.202642632	-0.073411330	-0.080600291	0.063799369	-0.086047731	0.021174470	0.045150652
3.740000000	0.093987895	0.480952329	0.512882056	0.112001526	-0.996704239	-3.202597449	-0.073500853	-0.080484279	0.063710843	-0.086158442	0.021149467	0.045216114
3.741000000	0.093914349	0.480871902	0.512945722	0.111915312	-0.996683102	-3.202552200	-0.073590260	-0.080368116	0.063622208	-0.086269021	0.021124399	0.045281507
3.742000000	0.093840714	0.480791592	0.513009300	0.111828988	-0.996661990	-3.202506886	-0.073679551	-0.080251801	0.063533466	-0.086379465	0.021099267	0.045346831
3.743000000	0.093766990	0.480711399	0.513072789	0.111742553	-0.996640904	-3.202461506	-0.073768726	-0.080135336	0.063444616	-0.086489775	0.021074072	0.045412085
3.744000000	0.093693177	0.480631322	0.513136189	0.111656008	-0.996619842	-3.202416061	-0.073857785	-0.080018720	0.063355660	-0.086599951	0.021048813	0.045477270
3.745000000	0.093619274	0.480551361	0.513199501	0.111569353	-0.996598806	-3.202370552	-0.073946727	-0.079901954	0.063266597	-0.086709992	0.021023491	0.045542386
3.746000000	0.093545283	0.480471518	0.513262723	0.111482588	-0.996577795	-3.202324977	-0.074035553	-0.079785037	0.063177427	-0.086819899	0.020998104	0.045607431
3.747000000	0.093471203	0.480391791	0.513325855	0.111395713	-0.996556810	-3.202279337	-0.074124261	-0.079667971	0.063088150	-0.086929669	0.020972654	0.045672407
3.748000000	0.093397035	0.480312182	0.513388899	0.111308729	-0.996535850	-3.202233632	-0.074212853	-0.079550754	0.062998767	-0.087039305	0.020947141	0.045737312
3.749000000	0.093322778	0.480232690	0.513451853	0.111221635	-0.996514916	-3.202187862	-0.074301326	-0.079433387	0.062909277	-0.087148804	0.020921564	0.045802147
3.750000000	0.093248432	0.480153315	0.513514717	0.111134431	-0.996494007	-3.202142028	-0.074389683	-0.079315871	0.062819681	-0.087258168	0.020895923	0.045866911
3.751000000	0.093173998	0.480074058	0.513577492	0.111047118	-0.996473124	-3.202096128	-0.074477921	-0.079198206	0.062729979	-0.087367394	0.020870219	0.045931605
3.752000000	0.093099476	0.479994919	0.513640177	0.110959696	-0.996452266	-3.202050164	-0.074566042	-0.079080391	0.062640170	-0.087476484	0.020844452	0.045996227
3.753000000	0.093024866	0.479915897	0.513702773	0.110872165	-0.996431435	-3.202004136	-0.074654044	-0.078962428	0.062550257	-0.087585438	0.020818621	0.046060778
3.754000000	0.092950168	0.479836994	0.513765278	0.110784525	-0.996410629	-3.201958043	-0.074741927	-0.078844315	0.062460237	-0.087694253	0.020792726	0.046125258
3.755000000	0.092875382	0.479758209	0.513827693	0.110696777	-0.996389849	-3.201911885	-0.074829692	-0.078726054	0.062370112	-0.087802932	0.020766769	0.046189666
3.756000000	0.092800509	0.479679542	0.513890018	0.110608920	-0.996369096	-3.201865664	-0.074917339	-0.078607645	0.062279881	-0.087911472	0.020740748	0.046254003
3.757000000	0.092725548	0.479600993	0.513952253	0.110520954	-0.996348368	-3.201819377	-0.075004865	-0.078489087	0.062189545	-0.088019875	0.020714664	0.046318267
3.758000000	0.092650499	0.479522564	0.514014397	0.110432880	-0.996327666	-3.201773027	-0.075092273	-0.078370381	0.062099104	-0.088128139	0.020688516	0.046382459
3.759000000	0.092575363	0.479444253	0.514076451	0.110344698	-0.996306991	-3.201726612	-0.075179562	-0.078251527	0.062008558	-0.088236264	0.020662305	0.046446579
3.760000000	0.092500140	0.479366060	0.514138414	0.110256407	-0.996286342	-3.201680134	-0.075266730	-0.078132525	0.061917907	-0.088344250	0.020636031	0.046510626
3.761000000	0.092424830	0.479287988	0.514200287	0.110168009	-0.996265719	-3.201633591	-0.075353778	-0.078013376	0.061827151	-0.088452097	0.020609694	0.046574600
3.762000000	0.092349432	0.479210034	0.514262069	0.110079503	-0.996245122	-3.201586985	-0.075440707	-0.077894080	0.061736291	-0.088559804	0.020583294	0.046638501
3.763000000	0.092273948	0.479132199	0.514323759	0.109990889	-0.996224552	-3.201540314	-0.075527515	-0.077774637	0.061645326	-0.088667372	0.020556831	0.046702329
3.764000000	0.092198377	0.479054484	0.514385359	0.109902168	-0.996204009	-3.201493580	-0.075614202	-0.077655046	0.061554257	-0.088774799	0.020530305	0.046766084
3.765000000	0.092122720	0.478976889	0.514446868	0.109813340	-0.996183492	-3.201446782	-0.075700769	-0.077535309	0.061463084	-0.088882086	0.020503716	0.046829765
3.766000000	0.092046976	0.478899414	0.514508285	0.109724404	-0.996163001	-3.201399920	-0.075787215	-0.077415425	0.061371807	-0.088989232	0.020477064	0.046893372
3.767000000	0.091971145	0.478822058	0.514569612	0.109635361	-0.996142538	-3.201352995	-0.075873539	-0.077295395	0.061280426	-0.089096238	0.020450349	0.046956906
3.768000000	0.091895229	0.478744823	0.514630846	0.109546212	-0.996122101	-3.201306007	-0.075959742	-0.077175219	0.061188941	-0.089203102	0.020423571	0.047020365
3.769000000	0.091819226	0.478667708	0.514691989	0.109456955	-0.996101690	-3.201258955	-0.076045824	-0.077054897	0.061097353	-0.089309824	0.020396730	0.047083750
3.770000000	0.091743137	0.478590713	0.514753041	0.109367592	-0.996081307	-3.201211839	-0.076131783	-0.076934428	0.061005661	-0.089416405	0.020369827	0.047147060
3.771000000	0.091666962	0.478513839	0.514814001	0.109278122	-0.996060951	-3.201164660	-0.076217621	-0.076813815	0.060913866	-0.089522844	0.020342861	0.047210295
3.772000000	0.091590702	0.478437086	0.514874869	0.109188546	-0.996040621	-3.201117419	-0.076303337	-0.076693056	0.060821968	-0.089629140	0.020315832	0.047273456
3.773000000	0.091514356	0.478360453	0.514935645	0.109098864	-0.996020319	-3.201070114	-0.076388929	-0.076572152	0.060729967	-0.089735293	0.020288740	0.047336541
3.774000000	0.091437924	0.478283941	0.514996329	0.109009076	-0.996000044	-3.201022745	-0.076474399	-0.076451102	0.060637863	-0.089841304	0.020261586	0.047399551
3.775000000	0.091361407	0.478207551	0.515056920	0.108919182	-0.995979796	-3.200975314	-0.076559747	-0.076329908	0.060545656	-0.089947171	0.020234369	0.047462485
3.776000000	0.091284804	0.478131282	0.515117420	0.108829181	-0.995959575	-3.200927820	-0.076644972	-0.076208569	0.060453347	-0.090052895	0.020207090	0.047525344
3.777000000	0.091208117	0.478055134	0.515177827	0.108739076	-0.995939382	-3.200880264	-0.076730073	-0.076087086	0.060360935	-0.090158475	0.020179748	0.047588127
3.778000000	0.091131344	0.477979107	0.515238142	0.108648865	-0.995919216	-3.200832644	-0.076815050	-0.075965458	0.060268421	-0.090263911	0.020152344	0.047650833
3.779000000	0.091054487	0.477903203	0.515298364	0.108558548	-0.995899077	-3.200784962	-0.076899904	-0.075843687	0.060175805	-0.090369202	0.020124877	0.047713463
3.780000000	0.090977544	0.477827420	0.515358493	0.108468126	-0.995878966	-3.200737217	-0.076984634	-0.075721772	0.060083087	-0.090474349	0.020097348	0.047776017
3.781000000	0.090900517	0.477751759	0.515418530	0.108377599	-0.995858882	-3.200689410	-0.077069240	-0.075599712	0.059990267	-0.090579351	0.020069757	0.047838494
3.782000000	0.090823406	0.477676221	0.515478474	0.108286967	-0.995838826	-3.200641540	-0.077153722	-0.075477510	0.059897345	-0.090684208	0.020042103	0.047900894
3.783000000	0.090746210	0.477600804	0.515538325	0.108196231	-0.995818798	-3.200593608	-0.077238079	-0.075355164	0.059804322	-0.090788919	0.020014387	0.047963217
3.784000000	0.090668930	0.477525510	0.515598083	0.108105390	-0.995798798	-3.200545614	-0.077322312	-0.075232675	0.059711198	-0.090893485	0.019986609	0.048025463
3.785000000	0.090591565	0.477450339	0.515657747	0.108014444	-0.995778825	-3.200497557	-0.077406419	-0.075110044	0.059617972	-0.090997904	0.019958769	0.048087631
3.786000000	0.090514117	0.477375290	0.515717319	0.107923394	-0.995758880	-3.200449439	-0.077490402	-0.074987269	0.059524645	-0.091102177	0.019930867	0.048149721
3.787000000	0.090436585	0.477300364	0.515776797	0.107832239	-0.995738963	-3.200401258	-0.077574259	-0.074864353	0.059431217	-0.091206304	0.019902903	0.048211733
3.788000000	0.090358968	0.477225561	0.515836181	0.107740981	-0.995719074	-3.200353015	-0.077657990	-0.074741293	0.059337688	-0.091310283	0.019874876	0.048273668
3.789000000	0.090281269	0.477150882	0.515895472	0.107649619	-0.995699213	-3.200304711	-0.077741596	-0.074618092	0.059244059	-0.091414116	0.019846788	0.048335524
3.790000000	0.090203485	0.477076325	0.515954669	0.107558153	-0.995679381	-3.200256344	-0.077825076	-0.074494749	0.059150329	-0.091517801	0.019818638	0.048397302
3.791000000	0.090125618	0.477001892	0.516013773	0.107466583	-0.995659576	-3.200207916	-0.077908430	-0.074371265	0.059056499	-0.091621338	0.019790426	0.048459000
3.792000000	0.090047668	0.476927583	0.516072782	0.107374910	-0.995639800	-3.200159426	-0.077991657	-0.074247639	0.058962569	-0.091724728	0.019762152	0.048520621
3.793000000	0.089969635	0.476853397	0.516131698	0.107283134	-0.995620052	-3.200110875	-0.078074758	-0.074123872	0.058868538	-0.091827969	0.019733817	0.048582162
3.794000000	0.089891519	0.476779335	0.516190519	0.107191254	-0.995600332	-3.200062262	-0.078157732	-0.073999963	0.058774408	-0.091931061	0.019705419	0.048643623
3.795000000	0.089813320	0.476705397	0.516249247	0.107099272	-0.995580641	-3.200013587	-0.078240579	-0.073875914	0.058680178	-0.092034005	0.019676960	0.048705006
3.796000000	0.089735038	0.476631583	0.516307880	0.107007186	-0.995560978	-3.199964852	-0.078323299	-0.073751724	0.058585848	-0.092136799	0.019648440	0.048766308
3.797000000	0.089656673	0.476557894	0.516366418	0.106914998	-0.995541344	-3.199916055	-0.078405892	-0.073627394	0.058491419	-0.092239444	0.019619857	0.048827531
3.798000000	0.089578226	0.476484328	0.516424862	0.106822707	-0.995521739	-3.199867197	-0.078488357	-0.073502923	0.058396890	-0.092341940	0.019591214	0.048888674
3.799000000	0.089499696	0.476410888	0.516483212	0.106730314	-0.995502162	-3.199818277	-0.078570694	-0.073378313	0.058302263	-0.092444285	0.019562509	0.048949736
3.800000000	0.089421085	0.476337572	0.516541467	0.106637819	-0.995482614	-3.199769297	-0.078652903	-0.073253562	0.058207536	-0.092546481	0.019533742	0.049010718
3.801000000	0.089342391	0.476264381	0.516599627	0.106545221	-0.995463094	-3.199720256	-0.078734984	-0.073128672	0.058112710	-0.092648525	0.019504914	0.049071620
3.802000000	0.089263615	0.476191314	0.516657692	0.106452522	-0.995443604	-3.199671154	-0.078816937	-0.073003642	0.058017786	-0.092750420	0.019476025	0.049132440
3.803000000	0.089184757	0.476118373	0.516715663	0.106359720	-0.995424142	-3.199621991	-0.078898761	-0.072878474	0.057922763	-0.092852162	0.019447074	0.049193180
3.804000000	0.089105817	0.476045557	0.516773538	0.106266817	-0.995404710	-3.199572768	-0.078980457	-0.072753166	0.057827642	-0.092953754	0.019418063	0.049253838
3.805000000	0.089026796	0.475972867	0.516831318	0.106173813	-0.995385306	-3.199523483	-0.079062023	-0.072627720	0.057732422	-0.093055194	0.019388990	0.049314415
3.806000000	0.088947693	0.475900302	0.516889003	0.106080707	-0.995365932	-3.199474139	-0.079143460	-0.072502135	0.057637104	-0.093156482	0.019359856	0.049374911
3.807000000	0.088868509	0.475827863	0.516946592	0.105987500	-0.995346586	-3.199424734	-0.079224768	-0.072376411	0.057541689	-0.093257618	0.019330661	0.049435325
3.808000000	0.088789243	0.475755549	0.517004086	0.105894192	-0.995327270	-3.199375268	-0.079305946	-0.072250550	0.057446175	-0.093358602	0.019301405	0.049495656
3.809000000	0.088709897	0.475683362	0.517061484	0.105800783	-0.995307984	-3.199325742	-0.079386995	-0.072124550	0.057350564	-0.093459433	0.019272088	0.049555906
3.810000000	0.088630469	0.475611300	0.517118787	0.105707273	-0.995288726	-3.199276156	-0.079467913	-0.071998413	0.057254855	-0.093560111	0.019242710	0.049616073
3.811000000	0.088550961	0.475539365	0.517175994	0.105613663	-0.995269498	-3.199226510	-0.079548701	-0.071872138	0.057159050	-0.093660635	0.019213271	0.049676157
3.812000000	0.088471372	0.475467556	0.517233105	0.105519952	-0.995250300	-3.199176804	-0.079629359	-0.071745726	0.057063146	-0.093761007	0.019183771	0.049736159
3.813000000	0.088391702	0.475395873	0.517290120	0.105426141	-0.995231131	-3.199127038	-0.079709887	-0.071619176	0.056967146	-0.093861224	0.019154211	0.049796078
3.814000000	0.088311952	0.475324317	0.517347040	0.105332229	-0.995211991	-3.199077212	-0.079790283	-0.071492490	0.056871049	-0.093961287	0.019124590	0.049855914
3.815000000	0.088232122	0.475252888	0.517403863	0.105238218	-0.995192881	-3.199027326	-0.079870549	-0.071365667	0.056774856	-0.094061196	0.019094909	0.049915667
3.816000000	0.088152211	0.475181586	0.517460589	0.105144107	-0.995173801	-3.198977381	-0.079950683	-0.071238708	0.056678565	-0.094160951	0.019065166	0.049975336
3.817000000	0.088072220	0.475110411	0.517517220	0.105049896	-0.995154751	-3.198927375	-0.080030686	-0.071111612	0.056582178	-0.094260550	0.019035364	0.050034921
3.818000000	0.087992150	0.475039363	0.517573754	0.104955586	-0.995135731	-3.198877311	-0.080110558	-0.070984380	0.056485695	-0.094359994	0.019005501	0.050094422
3.819000000	0.087911999	0.474968442	0.517630191	0.104861176	-0.995116740	-3.198827187	-0.080190297	-0.070857013	0.056389116	-0.094459283	0.018975577	0.050153839
3.820000000	0.087831769	0.474897649	0.517686532	0.104766667	-0.995097779	-3.198777003	-0.080269905	-0.070729509	0.056292441	-0.094558416	0.018945593	0.050213172
3.821000000	0.087751460	0.474826983	0.517742776	0.104672059	-0.995078849	-3.198726760	-0.080349380	-0.070601871	0.056195670	-0.094657393	0.018915549	0.050272421
3.822000000	0.087671070	0.474756445	0.517798923	0.104577352	-0.995059948	-3.198676458	-0.080428723	-0.070474097	0.056098803	-0.094756214	0.018885445	0.050331585
3.823000000	0.087590602	0.474686035	0.517854974	0.104482547	-0.995041078	-3.198626097	-0.080507934	-0.070346188	0.056001841	-0.094854878	0.018855280	0.050390663
3.824000000	0.087510055	0.474615753	0.517910927	0.104387643	-0.995022238	-3.198575677	-0.080587012	-0.070218144	0.055904784	-0.094953386	0.018825056	0.050449657
3.825000000	0.087429428	0.474545599	0.517966783	0.104292640	-0.995003428	-3.198525198	-0.080665957	-0.070089966	0.055807631	-0.095051736	0.018794771	0.050508566
3.826000000	0.087348723	0.474475573	0.518022542	0.104197539	-0.994984648	-3.198474660	-0.080744768	-0.069961653	0.055710383	-0.095149930	0.018764426	0.050567389
3.827000000	0.087267939	0.474405675	0.518078204	0.104102340	-0.994965899	-3.198424063	-0.080823447	-0.069833206	0.055613041	-0.095247965	0.018734022	0.050626127
3.828000000	0.087187076	0.474335906	0.518133768	0.104007043	-0.994947180	-3.198373407	-0.080901992	-0.069704626	0.055515603	-0.095345843	0.018703557	0.050684779
3.829000000	0.087106135	0.474266266	0.518189235	0.103911648	-0.994928492	-3.198322693	-0.080980403	-0.069575911	0.055418072	-0.095443562	0.018673033	0.050743345
3.830000000	0.087025115	0.474196755	0.518244604	0.103816156	-0.994909834	-3.198271921	-0.081058680	-0.069447064	0.055320445	-0.095541123	0.018642449	0.050801824
3.831000000	0.086944017	0.474127372	0.518299876	0.103720566	-0.994891207	-3.198221090	-0.081136823	-0.069318082	0.055222725	-0.095638526	0.018611805	0.050860217
3.832000000	0.086862841	0.474058118	0.518355050	0.103624879	-0.994872611	-3.198170200	-0.081214831	-0.069188968	0.055124910	-0.095735770	0.018581102	0.050918524
3.833000000	0.086781588	0.473988994	0.518410126	0.103529095	-0.994854045	-3.198119253	-0.081292705	-0.069059721	0.055027002	-0.095832854	0.018550339	0.050976744
3.834000000	0.086700256	0.473919999	0.518465104	0.103433213	-0.994835510	-3.198068247	-0.081370445	-0.068930341	0.054928999	-0.095929779	0.018519517	0.051034877
3.835000000	0.086618847	0.473851133	0.518519984	0.103337235	-0.994817006	-3.198017183	-0.081448049	-0.068800829	0.054830903	-0.096026544	0.018488635	0.051092923
3.836000000	0.086537360	0.473782397	0.518574766	0.103241160	-0.994798533	-3.197966061	-0.081525519	-0.068671185	0.054732714	-0.096123148	0.018457694	0.051150881
3.837000000	0.086455796	0.473713791	0.518629449	0.103144989	-0.994780090	-3.197914881	-0.081602853	-0.068541409	0.054634431	-0.096219593	0.018426693	0.051208752
3.838000000	0.086374154	0.473645314	0.518684035	0.103048721	-0.994761679	-3.197863644	-0.081680051	-0.068411501	0.054536055	-0.096315877	0.018395633	0.051266535
3.839000000	0.086292436	0.473576968	0.518738521	0.102952357	-0.994743299	-3.197812348	-0.081757114	-0.068281462	0.054437587	-0.096412001	0.018364514	0.051324230
3.840000000	0.086210640	0.473508752	0.518792910	0.102855897	-0.994724950	-3.197760995	-0.081834041	-0.068151291	0.054339025	-0.096507963	0.018333336	0.051381838
3.841000000	0.086128767	0.473440665	0.518847199	0.102759341	-0.994706632	-3.197709584	-0.081910832	-0.068020989	0.054240370	-0.096603763	0.018302099	0.051439356
3.842000000	0.086046818	0.473372710	0.518901390	0.102662690	-0.994688346	-3.197658116	-0.081987487	-0.067890557	0.054141624	-0.096699403	0.018270803	0.051496787
3.843000000	0.085964792	0.473304884	0.518955483	0.102565942	-0.994670091	-3.197606591	-0.082064005	-0.067759994	0.054042785	-0.096794880	0.018239448	0.051554129
3.844000000	0.085882690	0.473237190	0.519009476	0.102469100	-0.994651867	-3.197555008	-0.082140387	-0.067629299	0.053943853	-0.096890195	0.018208034	0.051611382
3.845000000	0.085800512	0.473169626	0.519063370	0.102372162	-0.994633675	-3.197503368	-0.082216632	-0.067498476	0.053844829	-0.096985348	0.018176561	0.051668546
3.846000000	0.085718257	0.473102193	0.519117166	0.102275129	-0.994615514	-3.197451671	-0.082292739	-0.067367522	0.053745714	-0.097080338	0.018145030	0.051725620
3.847000000	0.085635926	0.473034891	0.519170862	0.102178001	-0.994597385	-3.197399917	-0.082368710	-0.067236439	0.053646507	-0.097175165	0.018113440	0.051782606
3.848000000	0.085553520	0.472967720	0.519224459	0.102080779	-0.994579287	-3.197348106	-0.082444543	-0.067105225	0.053547209	-0.097269829	0.018081791	0.051839501
3.849000000	0.085471037	0.472900680	0.519277956	0.101983462	-0.994561221	-3.197296238	-0.082520239	-0.066973883	0.053447819	-0.097364329	0.018050084	0.051896307
3.850000000	0.085388479	0.472833772	0.519331354	0.101886050	-0.994543187	-3.197244313	-0.082595796	-0.066842412	0.053348338	-0.097458666	0.018018318	0.051953023
3.851000000	0.085305846	0.472766995	0.519384653	0.101788544	-0.994525184	-3.197192332	-0.082671216	-0.066710812	0.053248765	-0.097552838	0.017986494	0.052009649
3.852000000	0.085223137	0.472700350	0.519437852	0.101690944	-0.994507214	-3.197140294	-0.082746497	-0.066579082	0.053149102	-0.097646847	0.017954612	0.052066184
3.853000000	0.085140353	0.472633837	0.519490951	0.101593251	-0.994489275	-3.197088199	-0.082821640	-0.066447225	0.053049348	-0.097740690	0.017922671	0.052122629
3.854000000	0.085057493	0.472567456	0.519543951	0.101495463	-0.994471369	-3.197036049	-0.082896645	-0.066315240	0.052949504	-0.097834369	0.017890672	0.052178983
3.855000000	0.084974559	0.472501207	0.519596850	0.101397582	-0.994453494	-3.196983841	-0.082971511	-0.066183127	0.052849569	-0.097927883	0.017858615	0.052235247
3.856000000	0.084891550	0.472435090	0.519649650	0.101299607	-0.994435651	-3.196931578	-0.083046238	-0.066050886	0.052749544	-0.098021232	0.017826500	0.052291419
3.857000000	0.084808467	0.472369105	0.519702349	0.101201539	-0.994417841	-3.196879259	-0.083120826	-0.065918517	0.052649428	-0.098114415	0.017794327	0.052347500
3.858000000	0.084725309	0.472303253	0.519754949	0.101103378	-0.994400063	-3.196826883	-0.083195274	-0.065786021	0.052549223	-0.098207432	0.017762096	0.052403489
3.859000000	0.084642076	0.472237533	0.519807448	0.101005125	-0.994382317	-3.196774452	-0.083269583	-0.065653398	0.052448928	-0.098300283	0.017729807	0.052459387
3.860000000	0.084558770	0.472171946	0.519859846	0.100906778	-0.994364603	-3.196721964	-0.083343752	-0.065520649	0.052348543	-0.098392968	0.017697461	0.052515193
3.861000000	0.084475389	0.472106492	0.519912145	0.100808339	-0.994346922	-3.196669421	-0.083417782	-0.065387773	0.052248069	-0.098485486	0.017665057	0.052570907
3.862000000	0.084391934	0.472041170	0.519964343	0.100709807	-0.994329273	-3.196616823	-0.083491671	-0.065254771	0.052147506	-0.098577837	0.017632595	0.052626528
3.863000000	0.084308405	0.471975982	0.520016440	0.100611183	-0.994311657	-3.196564168	-0.083565420	-0.065121642	0.052046853	-0.098670021	0.017600075	0.052682058
3.864000000	0.084224803	0.471910927	0.520068436	0.100512467	-0.994294073	-3.196511458	-0.083639029	-0.064988387	0.051946112	-0.098762037	0.017567499	0.052737494
3.865000000	0.084141127	0.471846005	0.520120332	0.100413659	-0.994276522	-3.196458693	-0.083712497	-0.064855008	0.051845282	-0.098853886	0.017534864	0.052792838
3.866000000	0.084057378	0.471781217	0.520172127	0.100314759	-0.994259003	-3.196405873	-0.083785824	-0.064721502	0.051744363	-0.098945567	0.017502173	0.052848089
3.867000000	0.083973556	0.471716562	0.520223821	0.100215768	-0.994241517	-3.196352997	-0.083859010	-0.064587871	0.051643355	-0.099037080	0.017469424	0.052903247
3.868000000	0.083889660	0.471652041	0.520275414	0.100116685	-0.994224064	-3.196300066	-0.083932056	-0.064454116	0.051542260	-0.099128424	0.017436618	0.052958312
3.869000000	0.083805692	0.471587654	0.520326905	0.100017511	-0.994206644	-3.196247080	-0.084004959	-0.064320236	0.051441076	-0.099219599	0.017403755	0.053013282
3.870000000	0.083721650	0.471523401	0.520378296	0.099918246	-0.994189257	-3.196194040	-0.084077721	-0.064186231	0.051339804	-0.099310606	0.017370834	0.053068160
3.871000000	0.083637536	0.471459282	0.520429585	0.099818890	-0.994171902	-3.196140944	-0.084150342	-0.064052102	0.051238445	-0.099401444	0.017337857	0.053122943
3.872000000	0.083553350	0.471395297	0.520480773	0.099719443	-0.994154581	-3.196087794	-0.084222820	-0.063917849	0.051136998	-0.099492111	0.017304823	0.053177633
3.873000000	0.083469090	0.471331446	0.520531859	0.099619905	-0.994137293	-3.196034589	-0.084295157	-0.063783472	0.051035463	-0.099582610	0.017271732	0.053232228
3.874000000	0.083384759	0.471267730	0.520582843	0.099520278	-0.994120038	-3.195981329	-0.084367351	-0.063648972	0.050933841	-0.099672938	0.017238584	0.053286729
3.875000000	0.083300356	0.471204148	0.520633726	0.099420560	-0.994102816	-3.195928015	-0.084439403	-0.063514348	0.050832132	-0.099763096	0.017205380	0.053341135
3.876000000	0.083215880	0.471140701	0.520684508	0.099320751	-0.994085627	-3.195874647	-0.084511311	-0.063379602	0.050730336	-0.099853083	0.017172119	0.053395446
3.877000000	0.083131333	0.471077389	0.520735187	0.099220853	-0.994068471	-3.195821224	-0.084583078	-0.063244732	0.050628453	-0.099942900	0.017138802	0.053449662
3.878000000	0.083046714	0.471014211	0.520785765	0.099120866	-0.994051349	-3.195767748	-0.084654701	-0.063109740	0.050526483	-0.100032545	0.017105428	0.053503784
3.879000000	0.082962024	0.470951169	0.520836240	0.099020788	-0.994034260	-3.195714217	-0.084726180	-0.062974625	0.050424427	-0.100122020	0.017071998	0.053557809
3.880000000	0.082877262	0.470888262	0.520886614	0.098920622	-0.994017205	-3.195660632	-0.084797517	-0.062839389	0.050322285	-0.100211322	0.017038511	0.053611740
3.881000000	0.082792429	0.470825490	0.520936885	0.098820366	-0.994000183	-3.195606993	-0.084868710	-0.062704031	0.050220056	-0.100300454	0.017004969	0.053665574
3.882000000	0.082707524	0.470762854	0.520987054	0.098720021	-0.993983195	-3.195553301	-0.084939759	-0.062568550	0.050117742	-0.100389413	0.016971370	0.053719313
3.883000000	0.082622549	0.470700353	0.521037120	0.098619587	-0.993966241	-3.195499555	-0.085010664	-0.062432949	0.050015341	-0.100478199	0.016937715	0.053772956
3.884000000	0.082537503	0.470637988	0.521087084	0.098519064	-0.993949320	-3.195445755	-0.085081425	-0.062297226	0.049912855	-0.100566813	0.016904004	0.053826502
3.885000000	0.082452386	0.470575759	0.521136946	0.098418453	-0.993932433	-3.195391902	-0.085152042	-0.062161383	0.049810284	-0.100655255	0.016870238	0.053879952
3.886000000	0.082367199	0.470513666	0.521186705	0.098317754	-0.993915579	-3.195337995	-0.085222515	-0.062025418	0.049707627	-0.100743523	0.016836415	0.053933306
3.887000000	0.082281941	0.470451708	0.521236361	0.098216966	-0.993898760	-3.195284035	-0.085292842	-0.061889333	0.049604885	-0.100831618	0.016802537	0.053986562
3.888000000	0.082196613	0.470389887	0.521285915	0.098116091	-0.993881974	-3.195230022	-0.085363025	-0.061753128	0.049502058	-0.100919540	0.016768603	0.054039722
3.889000000	0.082111215	0.470328202	0.521335365	0.098015127	-0.993865223	-3.195175956	-0.085433063	-0.061616803	0.049399147	-0.101007287	0.016734614	0.054092785
3.890000000	0.082025747	0.470266653	0.521384713	0.097914076	-0.993848505	-3.195121836	-0.085502956	-0.061480359	0.049296151	-0.101094861	0.016700569	0.054145750
3.891000000	0.081940209	0.470205241	0.521433958	0.097812937	-0.993831821	-3.195067664	-0.085572703	-0.061343794	0.049193070	-0.101182260	0.016666468	0.054198617
3.892000000	0.081854602	0.470143966	0.521483099	0.097711711	-0.993815172	-3.195013439	-0.085642305	-0.061207111	0.049089904	-0.101269485	0.016632313	0.054251387
3.893000000	0.081768925	0.470082827	0.521532137	0.097610398	-0.993798557	-3.194959161	-0.085711761	-0.061070308	0.048986655	-0.101356535	0.016598102	0.054304059
3.894000000	0.081683178	0.470021825	0.521581072	0.097508998	-0.993781976	-3.194904831	-0.085781071	-0.060933387	0.048883322	-0.101443410	0.016563836	0.054356634
3.895000000	0.081597363	0.469960960	0.521629904	0.097407512	-0.993765429	-3.194850448	-0.085850235	-0.060796347	0.048779905	-0.101530109	0.016529515	0.054409109
3.896000000	0.081511478	0.469900232	0.521678632	0.097305938	-0.993748917	-3.194796013	-0.085919253	-0.060659189	0.048676405	-0.101616633	0.016495139	0.054461487
3.897000000	0.081425524	0.469839642	0.521727257	0.097204278	-0.993732439	-3.194741525	-0.085988124	-0.060521913	0.048572821	-0.101702982	0.016460708	0.054513766
3.898000000	0.081339502	0.469779189	0.521775778	0.097102532	-0.993715995	-3.194686985	-0.086056849	-0.060384519	0.048469153	-0.101789154	0.016426222	0.054565946
3.899000000	0.081253410	0.469718873	0.521824195	0.097000700	-0.993699586	-3.194632393	-0.086125427	-0.060247007	0.048365403	-0.101875149	0.016391681	0.054618027
3.900000000	0.081167251	0.469658695	0.521872509	0.096898782	-0.993683212	-3.194577749	-0.086193858	-0.060109378	0.048261569	-0.101960969	0.016357086	0.054670009
3.901000000	0.081081023	0.469598654	0.521920718	0.096796778	-0.993666872	-3.194523053	-0.086262141	-0.059971632	0.048157653	-0.102046611	0.016322436	0.054721891
3.902000000	0.080994726	0.469538751	0.521968824	0.096694689	-0.993650567	-3.194468306	-0.086330278	-0.059833770	0.048053654	-0.102132077	0.016287732	0.054773675
3.903000000	0.080908362	0.469478986	0.522016826	0.096592514	-0.993634297	-3.194413506	-0.086398267	-0.059695791	0.047949573	-0.102217365	0.016252974	0.054825358
3.904000000	0.080821930	0.469419360	0.522064723	0.096490254	-0.993618061	-3.194358655	-0.086466108	-0.059557695	0.047845410	-0.102302476	0.016218161	0.054876942
3.905000000	0.080735430	0.469359871	0.522112516	0.096387909	-0.993601861	-3.194303752	-0.086533801	-0.059419483	0.047741164	-0.102387409	0.016183293	0.054928426
3.906000000	0.080648862	0.469300521	0.522160205	0.096285479	-0.993585695	-3.194248798	-0.086601347	-0.059281156	0.047636837	-0.102472163	0.016148372	0.054979809
3.907000000	0.080562227	0.469241309	0.522207790	0.096182965	-0.993569564	-3.194193792	-0.086668744	-0.059142713	0.047532428	-0.102556740	0.016113397	0.055031093
3.908000000	0.080475525	0.469182235	0.522255270	0.096080366	-0.993553468	-3.194138736	-0.086735993	-0.059004154	0.047427937	-0.102641138	0.016078367	0.055082275
3.909000000	0.080388755	0.469123300	0.522302646	0.095977682	-0.993537407	-3.194083628	-0.086803093	-0.058865480	0.047323365	-0.102725357	0.016043284	0.055133357
3.910000000	0.080301919	0.469064504	0.522349917	0.095874915	-0.993521381	-3.194028469	-0.086870045	-0.058726692	0.047218711	-0.102809398	0.016008147	0.055184338
3.911000000	0.080215015	0.469005847	0.522397083	0.095772064	-0.993505391	-3.193973259	-0.086936847	-0.058587789	0.047113977	-0.102893259	0.015972956	0.055235218
3.912000000	0.080128045	0.468947329	0.522444145	0.095669128	-0.993489435	-3.193917999	-0.087003501	-0.058448772	0.047009162	-0.102976940	0.015937712	0.055285997
3.913000000	0.080041008	0.468888949	0.522491102	0.095566110	-0.993473515	-3.193862687	-0.087070005	-0.058309640	0.046904265	-0.103060442	0.015902414	0.055336674
3.914000000	0.079953905	0.468830709	0.522537953	0.095463008	-0.993457631	-3.193807325	-0.087136360	-0.058170395	0.046799289	-0.103143764	0.015867063	0.055387250
3.915000000	0.079866735	0.468772609	0.522584700	0.095359822	-0.993441781	-3.193751913	-0.087202565	-0.058031036	0.046694232	-0.103226906	0.015831658	0.055437724
3.916000000	0.079779500	0.468714647	0.522631342	0.095256554	-0.993425967	-3.193696450	-0.087268621	-0.057891564	0.046589095	-0.103309867	0.015796200	0.055488096
3.917000000	0.079692198	0.468656826	0.522677878	0.095153202	-0.993410189	-3.193640937	-0.087334526	-0.057751978	0.046483878	-0.103392647	0.015760689	0.055538366
3.918000000	0.079604831	0.468599143	0.522724310	0.095049768	-0.993394446	-3.193585373	-0.087400282	-0.057612279	0.046378581	-0.103475247	0.015725125	0.055588534
3.919000000	0.079517398	0.468541601	0.522770636	0.094946252	-0.993378739	-3.193529759	-0.087465887	-0.057472469	0.046273204	-0.103557665	0.015689508	0.055638599
3.920000000	0.079429899	0.468484198	0.522816856	0.094842653	-0.993363067	-3.193474096	-0.087531342	-0.057332546	0.046167748	-0.103639902	0.015653838	0.055688562
3.921000000	0.079342335	0.468426936	0.522862971	0.094738972	-0.993347431	-3.193418382	-0.087596646	-0.057192510	0.046062213	-0.103721957	0.015618115	0.055738421
3.922000000	0.079254706	0.468369813	0.522908981	0.094635209	-0.993331831	-3.193362619	-0.087661800	-0.057052363	0.045956598	-0.103803831	0.015582340	0.055788178
3.923000000	0.079167011	0.468312831	0.522954884	0.094531364	-0.993316266	-3.193306806	-0.087726802	-0.056912104	0.045850905	-0.103885522	0.015546512	0.055837832
3.924000000	0.079079252	0.468255989	0.523000682	0.094427438	-0.993300738	-3.193250943	-0.087791654	-0.056771734	0.045745132	-0.103967031	0.015510631	0.055887382
3.925000000	0.078991428	0.468199288	0.523046375	0.094323430	-0.993285245	-3.193195031	-0.087856354	-0.056631253	0.045639281	-0.104048357	0.015474698	0.055936829
3.926000000	0.078903539	0.468142727	0.523091961	0.094219341	-0.993269788	-3.193139070	-0.087920902	-0.056490661	0.045533352	-0.104129501	0.015438712	0.055986172
3.927000000	0.078815586	0.468086306	0.523137441	0.094115171	-0.993254368	-3.193083059	-0.087985299	-0.056349959	0.045427344	-0.104210461	0.015402675	0.056035411
3.928000000	0.078727569	0.468030027	0.523182816	0.094010921	-0.993238983	-3.193026999	-0.088049544	-0.056209146	0.045321259	-0.104291238	0.015366585	0.056084547
3.929000000	0.078639487	0.467973888	0.523228084	0.093906589	-0.993223634	-3.192970890	-0.088113638	-0.056068223	0.045215095	-0.104371831	0.015330443	0.056133578
3.930000000	0.078551341	0.467917890	0.523273246	0.093802177	-0.993208322	-3.192914732	-0.088177579	-0.055927190	0.045108853	-0.104452241	0.015294249	0.056182505
3.931000000	0.078463132	0.467862034	0.523318302	0.093697684	-0.993193046	-3.192858525	-0.088241368	-0.055786047	0.045002534	-0.104532467	0.015258003	0.056231327
3.932000000	0.078374859	0.467806318	0.523363251	0.093593112	-0.993177806	-3.192802269	-0.088305004	-0.055644796	0.044896138	-0.104612508	0.015221706	0.056280045
3.933000000	0.078286522	0.467750744	0.523408094	0.093488459	-0.993162602	-3.192745965	-0.088368488	-0.055503435	0.044789665	-0.104692365	0.015185356	0.056328657
3.934000000	0.078198122	0.467695311	0.523452830	0.093383727	-0.993147435	-3.192689612	-0.088431819	-0.055361965	0.044683114	-0.104772037	0.015148956	0.056377165
3.935000000	0.078109658	0.467640020	0.523497460	0.093278915	-0.993132305	-3.192633210	-0.088494997	-0.055220387	0.044576486	-0.104851524	0.015112503	0.056425568
3.936000000	0.078021132	0.467584871	0.523541983	0.093174024	-0.993117210	-3.192576761	-0.088558022	-0.055078701	0.044469782	-0.104930826	0.015076000	0.056473865
3.937000000	0.077932542	0.467529863	0.523586400	0.093069054	-0.993102153	-3.192520263	-0.088620893	-0.054936907	0.044363002	-0.105009943	0.015039445	0.056522056
3.938000000	0.077843890	0.467474997	0.523630709	0.092964004	-0.993087131	-3.192463717	-0.088683612	-0.054795004	0.044256145	-0.105088874	0.015002838	0.056570142
3.939000000	0.077755175	0.467420273	0.523674912	0.092858876	-0.993072147	-3.192407122	-0.088746176	-0.054652995	0.044149211	-0.105167619	0.014966181	0.056618122
3.940000000	0.077666398	0.467365691	0.523719008	0.092753669	-0.993057199	-3.192350480	-0.088808587	-0.054510878	0.044042203	-0.105246177	0.014929473	0.056665996
3.941000000	0.077577558	0.467311251	0.523762996	0.092648384	-0.993042288	-3.192293790	-0.088870844	-0.054368654	0.043935117	-0.105324550	0.014892714	0.056713764
3.942000000	0.077488656	0.467256954	0.523806878	0.092543020	-0.993027414	-3.192237053	-0.088932946	-0.054226323	0.043827957	-0.105402736	0.014855904	0.056761425
3.943000000	0.077399692	0.467202798	0.523850652	0.092437578	-0.993012576	-3.192180268	-0.088994895	-0.054083886	0.043720721	-0.105480735	0.014819043	0.056808980
3.944000000	0.077310666	0.467148786	0.523894319	0.092332058	-0.992997775	-3.192123435	-0.089056689	-0.053941343	0.043613410	-0.105558547	0.014782132	0.056856428
3.945000000	0.077221579	0.467094916	0.523937879	0.092226461	-0.992983012	-3.192066555	-0.089118328	-0.053798694	0.043506024	-0.105636171	0.014745170	0.056903770
3.946000000	0.077132430	0.467041188	0.523981331	0.092120786	-0.992968285	-3.192009627	-0.089179813	-0.053655939	0.043398563	-0.105713609	0.014708157	0.056951004
3.947000000	0.077043219	0.466987604	0.524024676	0.092015034	-0.992953596	-3.191952653	-0.089241143	-0.053513078	0.043291026	-0.105790858	0.014671095	0.056998131
3.948000000	0.076953947	0.466934162	0.524067913	0.091909204	-0.992938943	-3.191895631	-0.089302318	-0.053370113	0.043183416	-0.105867920	0.014633982	0.057045151
3.949000000	0.076864614	0.466880864	0.524111043	0.091803298	-0.992924328	-3.191838562	-0.089363337	-0.053227042	0.043075731	-0.105944793	0.014596819	0.057092063
3.950000000	0.076775221	0.466827708	0.524154065	0.091697315	-0.992909749	-3.191781447	-0.089424201	-0.053083867	0.042967972	-0.106021478	0.014559606	0.057138867
3.951000000	0.076685766	0.466774696	0.524196979	0.091591255	-0.992895208	-3.191724285	-0.089484910	-0.052940588	0.042860139	-0.106097974	0.014522343	0.057185563
3.952000000	0.076596251	0.466721827	0.524239785	0.091485119	-0.992880705	-3.191667076	-0.089545462	-0.052797204	0.042752233	-0.106174281	0.014485031	0.057232152
3.953000000	0.076506675	0.466669101	0.524282483	0.091378906	-0.992866238	-3.191609820	-0.089605859	-0.052653717	0.042644252	-0.106250399	0.014447668	0.057278632
3.954000000	0.076417039	0.466616520	0.524325074	0.091272618	-0.992851809	-3.191552518	-0.089666100	-0.052510126	0.042536198	-0.106326328	0.014410256	0.057325004
3.955000000	0.076327343	0.466564081	0.524367556	0.091166254	-0.992837418	-3.191495170	-0.089726185	-0.052366432	0.042428071	-0.106402068	0.014372795	0.057371268
3.956000000	0.076237587	0.466511787	0.524409930	0.091059814	-0.992823064	-3.191437776	-0.089786113	-0.052222634	0.042319871	-0.106477617	0.014335284	0.057417422
3.957000000	0.076147771	0.466459636	0.524452196	0.090953299	-0.992808747	-3.191380335	-0.089845885	-0.052078734	0.042211597	-0.106552977	0.014297724	0.057463468
3.958000000	0.076057895	0.466407629	0.524494353	0.090846708	-0.992794468	-3.191322849	-0.089905500	-0.051934731	0.042103251	-0.106628146	0.014260114	0.057509405
3.959000000	0.075967960	0.466355766	0.524536402	0.090740042	-0.992780227	-3.191265317	-0.089964959	-0.051790626	0.041994833	-0.106703125	0.014222456	0.057555232
3.960000000	0.075877965	0.466304048	0.524578343	0.090633302	-0.992766023	-3.191207739	-0.090024260	-0.051646419	0.041886342	-0.106777913	0.014184749	0.057600951
3.961000000	0.075787911	0.466252474	0.524620175	0.090526486	-0.992751857	-3.191150115	-0.090083404	-0.051502110	0.041777779	-0.106852510	0.014146992	0.057646559
3.962000000	0.075697798	0.466201044	0.524661898	0.090419597	-0.992737729	-3.191092445	-0.090142391	-0.051357699	0.041669144	-0.106926917	0.014109187	0.057692059
3.963000000	0.075607626	0.466149758	0.524703513	0.090312633	-0.992723639	-3.191034731	-0.090201221	-0.051213188	0.041560437	-0.107001131	0.014071333	0.057737448
3.964000000	0.075517396	0.466098617	0.524745019	0.090205594	-0.992709587	-3.190976971	-0.090259893	-0.051068576	0.041451658	-0.107075155	0.014033431	0.057782727
3.965000000	0.075427107	0.466047621	0.524786416	0.090098482	-0.992695572	-3.190919165	-0.090318407	-0.050923863	0.041342808	-0.107148986	0.013995480	0.057827896
3.966000000	0.075336759	0.465996770	0.524827705	0.089991296	-0.992681596	-3.190861315	-0.090376763	-0.050779049	0.041233887	-0.107222626	0.013957481	0.057872955
3.967000000	0.075246353	0.465946063	0.524868884	0.089884037	-0.992667657	-3.190803419	-0.090434961	-0.050634135	0.041124894	-0.107296073	0.013919434	0.057917903
3.968000000	0.075155889	0.465895501	0.524909954	0.089776704	-0.992653757	-3.190745479	-0.090493001	-0.050489122	0.041015831	-0.107369328	0.013881338	0.057962741
3.969000000	0.075065367	0.465845085	0.524950916	0.089669298	-0.992639895	-3.190687494	-0.090550883	-0.050344009	0.040906697	-0.107442390	0.013843194	0.058007468
3.970000000	0.074974787	0.465794813	0.524991768	0.089561820	-0.992626070	-3.190629464	-0.090608605	-0.050198796	0.040797492	-0.107515259	0.013805003	0.058052084
3.971000000	0.074884150	0.465744687	0.525032511	0.089454268	-0.992612285	-3.190571390	-0.090666170	-0.050053485	0.040688217	-0.107587935	0.013766763	0.058096589
3.972000000	0.074793455	0.465694706	0.525073144	0.089346644	-0.992598537	-3.190513271	-0.090723576	-0.049908075	0.040578872	-0.107660418	0.013728476	0.058140983
3.973000000	0.074702703	0.465644871	0.525113668	0.089238947	-0.992584828	-3.190455108	-0.090780822	-0.049762566	0.040469456	-0.107732708	0.013690142	0.058185265
3.974000000	0.074611893	0.465595181	0.525154083	0.089131178	-0.992571157	-3.190396900	-0.090837909	-0.049616959	0.040359971	-0.107804803	0.013651759	0.058229435
3.975000000	0.074521027	0.465545637	0.525194388	0.089023337	-0.992557524	-3.190338649	-0.090894838	-0.049471253	0.040250416	-0.107876705	0.013613330	0.058273494
3.976000000	0.074430104	0.465496239	0.525234584	0.088915425	-0.992543930	-3.190280353	-0.090951606	-0.049325451	0.040140792	-0.107948412	0.013574853	0.058317441
3.977000000	0.074339124	0.465446986	0.525274670	0.088807441	-0.992530374	-3.190222014	-0.091008215	-0.049179551	0.040031099	-0.108019925	0.013536329	0.058361276
3.978000000	0.074248087	0.465397880	0.525314646	0.088699385	-0.992516857	-3.190163631	-0.091064665	-0.049033553	0.039921336	-0.108091244	0.013497758	0.058404999
3.979000000	0.074156994	0.465348919	0.525354513	0.088591258	-0.992503379	-3.190105204	-0.091120954	-0.048887458	0.039811505	-0.108162368	0.013459139	0.058448609
3.980000000	0.074065845	0.465300105	0.525394269	0.088483060	-0.992489939	-3.190046734	-0.091177084	-0.048741268	0.039701604	-0.108233296	0.013420474	0.058492107
3.981000000	0.073974640	0.465251437	0.525433916	0.088374792	-0.992476538	-3.189988220	-0.091233053	-0.048594981	0.039591636	-0.108304030	0.013381763	0.058535492
3.982000000	0.073883379	0.465202915	0.525473453	0.088266452	-0.992463176	-3.189929663	-0.091288862	-0.048448597	0.039481599	-0.108374568	0.013343004	0.058578764
3.983000000	0.073792062	0.465154539	0.525512879	0.088158042	-0.992449852	-3.189871062	-0.091344510	-0.048302118	0.039371493	-0.108444910	0.013304200	0.058621924
3.984000000	0.073700690	0.465106311	0.525552195	0.088049562	-0.992436567	-3.189812419	-0.091399998	-0.048155543	0.039261320	-0.108515056	0.013265348	0.058664970
3.985000000	0.073609262	0.465058228	0.525591402	0.087941012	-0.992423321	-3.189753732	-0.091455325	-0.048008873	0.039151079	-0.108585006	0.013226451	0.058707903
3.986000000	0.073517779	0.465010293	0.525630498	0.087832392	-0.992410114	-3.189695003	-0.091510491	-0.047862108	0.039040770	-0.108654760	0.013187507	0.058750722
3.987000000	0.073426241	0.464962504	0.525669483	0.087723703	-0.992396946	-3.189636231	-0.091565496	-0.047715248	0.038930394	-0.108724318	0.013148517	0.058793428
3.988000000	0.073334648	0.464914862	0.525708358	0.087614944	-0.992383817	-3.189577416	-0.091620339	-0.047568294	0.038819951	-0.108793678	0.013109482	0.058836020
3.989000000	0.073243001	0.464867367	0.525747123	0.087506115	-0.992370727	-3.189518559	-0.091675022	-0.047421245	0.038709441	-0.108862842	0.013070400	0.058878498
3.990000000	0.073151298	0.464820020	0.525785777	0.087397218	-0.992357676	-3.189459659	-0.091729543	-0.047274103	0.038598864	-0.108931809	0.013031273	0.058920862
3.991000000	0.073059542	0.464772819	0.525824321	0.087288252	-0.992344665	-3.189400717	-0.091783902	-0.047126867	0.038488220	-0.109000578	0.012992100	0.058963112
3.992000000	0.072967731	0.464725766	0.525862754	0.087179217	-0.992331692	-3.189341733	-0.091838100	-0.046979538	0.038377509	-0.109069150	0.012952881	0.059005247
3.993000000	0.072875865	0.464678860	0.525901076	0.087070114	-0.992318759	-3.189282707	-0.091892135	-0.046832116	0.038266733	-0.109137524	0.012913618	0.059047268
3.994000000	0.072783946	0.464632102	0.525939287	0.086960942	-0.992305865	-3.189223638	-0.091946008	-0.046684601	0.038155889	-0.109205700	0.012874308	0.059089174
3.995000000	0.072691973	0.464585491	0.525977388	0.086851702	-0.992293010	-3.189164528	-0.091999719	-0.046536993	0.038044981	-0.109273678	0.012834954	0.059130966
3.996000000	0.072599947	0.464539028	0.526015377	0.086742394	-0.992280195	-3.189105376	-0.092053268	-0.046389293	0.037934006	-0.109341457	0.012795555	0.059172642
3.997000000	0.072507867	0.464492712	0.526053256	0.086633019	-0.992267419	-3.189046183	-0.092106654	-0.046241501	0.037822966	-0.109409038	0.012756111	0.059214203
3.998000000	0.072415734	0.464446545	0.526091023	0.086523576	-0.992254683	-3.188986948	-0.092159878	-0.046093618	0.037711861	-0.109476420	0.012716622	0.059255650
3.999000000	0.072323547	0.464400525	0.526128679	0.086414066	-0.992241986	-3.188927672	-0.092212939	-0.045945643	0.037600690	-0.109543603	0.012677088	0.059296980
4.000000000	0.072231308	0.464354654	0.526166225	0.086304489	-0.992229329	-3.188868354	-0.092265836	-0.045797577	0.037489455	-0.109610587	0.012637509	0.059338195
4.001000000	0.072139015	0.464308930	0.526203658	0.086194845	-0.992216711	-3.188808995	-0.092318571	-0.045649420	0.037378154	-0.109677371	0.012597887	0.059379294
4.002000000	0.072046671	0.464263355	0.526240981	0.086085134	-0.992204133	-3.188749595	-0.092371143	-0.045501173	0.037266789	-0.109743956	0.012558220	0.059420278
4.003000000	0.071954273	0.464217928	0.526278192	0.085975357	-0.992191595	-3.188690155	-0.092423550	-0.045352835	0.037155359	-0.109810341	0.012518508	0.059461145
4.004000000	0.071861823	0.464172649	0.526315292	0.085865514	-0.992179096	-3.188630673	-0.092475795	-0.045204407	0.037043866	-0.109876526	0.012478753	0.059501896
4.005000000	0.071769322	0.464127519	0.526352280	0.085755604	-0.992166637	-3.188571151	-0.092527876	-0.045055889	0.036932308	-0.109942511	0.012438953	0.059542531
4.006000000	0.071676768	0.464082537	0.526389156	0.085645629	-0.992154218	-3.188511588	-0.092579793	-0.044907282	0.036820686	-0.110008296	0.012399110	0.059583050
4.007000000	0.071584162	0.464037704	0.526425921	0.085535588	-0.992141839	-3.188451985	-0.092631546	-0.044758586	0.036709001	-0.110073880	0.012359222	0.059623452
4.008000000	0.071491505	0.463993020	0.526462574	0.085425481	-0.992129500	-3.188392341	-0.092683135	-0.044609801	0.036597252	-0.110139263	0.012319292	0.059663737
4.009000000	0.071398796	0.463948485	0.526499116	0.085315309	-0.992117200	-3.188332657	-0.092734560	-0.044460928	0.036485440	-0.110204444	0.012279317	0.059703905
4.010000000	0.071306035	0.463904098	0.526535545	0.085205072	-0.992104941	-3.188272933	-0.092785821	-0.044311966	0.036373564	-0.110269425	0.012239300	0.059743956
4.011000000	0.071213224	0.463859861	0.526571863	0.085094770	-0.992092722	-3.188213169	-0.092836917	-0.044162916	0.036261626	-0.110334204	0.012199239	0.059783890
4.012000000	0.071120362	0.463815772	0.526608068	0.084984404	-0.992080542	-3.188153366	-0.092887848	-0.044013778	0.036149625	-0.110398782	0.012159134	0.059823707
4.013000000	0.071027448	0.463771833	0.526644162	0.084873973	-0.992068403	-3.188093522	-0.092938615	-0.043864552	0.036037562	-0.110463158	0.012118987	0.059863406
4.014000000	0.070934484	0.463728043	0.526680143	0.084763477	-0.992056304	-3.188033639	-0.092989217	-0.043715240	0.035925436	-0.110527332	0.012078797	0.059902987
4.015000000	0.070841470	0.463684403	0.526716013	0.084652918	-0.992044246	-3.187973716	-0.093039653	-0.043565840	0.035813248	-0.110591304	0.012038564	0.059942451
4.016000000	0.070748405	0.463640912	0.526751770	0.084542295	-0.992032227	-3.187913754	-0.093089925	-0.043416354	0.035700998	-0.110655073	0.011998288	0.059981796
4.017000000	0.070655290	0.463597570	0.526787415	0.084431608	-0.992020249	-3.187853752	-0.093140031	-0.043266782	0.035588686	-0.110718640	0.011957970	0.060021024
4.018000000	0.070562125	0.463554378	0.526822947	0.084320857	-0.992008311	-3.187793712	-0.093189972	-0.043117123	0.035476313	-0.110782004	0.011917609	0.060060134
4.019000000	0.070468910	0.463511336	0.526858367	0.084210044	-0.991996414	-3.187733632	-0.093239747	-0.042967379	0.035363878	-0.110845165	0.011877206	0.060099125
4.020000000	0.070375646	0.463468443	0.526893675	0.084099167	-0.991984557	-3.187673514	-0.093289357	-0.042817549	0.035251382	-0.110908123	0.011836761	0.060137998
4.021000000	0.070282331	0.463425701	0.526928870	0.083988228	-0.991972740	-3.187613356	-0.093338800	-0.042667634	0.035138825	-0.110970878	0.011796274	0.060176751
4.022000000	0.070188968	0.463383108	0.526963953	0.083877225	-0.991960964	-3.187553160	-0.093388078	-0.042517634	0.035026207	-0.111033428	0.011755744	0.060215387
4.023000000	0.070095555	0.463340665	0.526998923	0.083766161	-0.991949229	-3.187492925	-0.093437189	-0.042367549	0.034913528	-0.111095776	0.011715173	0.060253903
4.024000000	0.070002094	0.463298373	0.527033780	0.083655034	-0.991937534	-3.187432652	-0.093486135	-0.042217381	0.034800790	-0.111157919	0.011674560	0.060292300
4.025000000	0.069908583	0.463256231	0.527068524	0.083543845	-0.991925880	-3.187372341	-0.093534914	-0.042067127	0.034687990	-0.111219858	0.011633906	0.060330578
4.026000000	0.069815024	0.463214239	0.527103156	0.083432594	-0.991914266	-3.187311991	-0.093583526	-0.041916790	0.034575131	-0.111281593	0.011593210	0.060368737
4.027000000	0.069721416	0.463172397	0.527137674	0.083321282	-0.991902693	-3.187251603	-0.093631972	-0.041766370	0.034462212	-0.111343123	0.011552473	0.060406776
4.028000000	0.069627760	0.463130706	0.527172080	0.083209908	-0.991891161	-3.187191178	-0.093680251	-0.041615866	0.034349233	-0.111404449	0.011511694	0.060444696
4.029000000	0.069534055	0.463089165	0.527206373	0.083098473	-0.991879670	-3.187130714	-0.093728363	-0.041465279	0.034236194	-0.111465570	0.011470874	0.060482496
4.030000000	0.069440303	0.463047775	0.527240553	0.082986977	-0.991868220	-3.187070213	-0.093776308	-0.041314610	0.034123096	-0.111526486	0.011430014	0.060520176
4.031000000	0.069346503	0.463006536	0.527274619	0.082875420	-0.991856810	-3.187009674	-0.093824086	-0.041163859	0.034009940	-0.111587196	0.011389113	0.060557736
4.032000000	0.069252655	0.462965448	0.527308572	0.082763802	-0.991845441	-3.186949097	-0.093871697	-0.041013025	0.033896724	-0.111647701	0.011348170	0.060595176
4.033000000	0.069158759	0.462924510	0.527342413	0.082652124	-0.991834114	-3.186888483	-0.093919140	-0.040862110	0.033783450	-0.111708001	0.011307188	0.060632495
4.034000000	0.069064817	0.462883723	0.527376139	0.082540386	-0.991822827	-3.186827832	-0.093966416	-0.040711113	0.033670117	-0.111768094	0.011266164	0.060669694
4.035000000	0.068970827	0.462843088	0.527409753	0.082428588	-0.991811581	-3.186767144	-0.094013524	-0.040560035	0.033556726	-0.111827982	0.011225101	0.060706773
4.036000000	0.068876790	0.462802603	0.527443253	0.082316730	-0.991800377	-3.186706419	-0.094060464	-0.040408875	0.033443276	-0.111887663	0.011183997	0.060743731
4.037000000	0.068782706	0.462762270	0.527476639	0.082204813	-0.991789213	-3.186645656	-0.094107236	-0.040257636	0.033329769	-0.111947139	0.011142853	0.060780567
4.038000000	0.068688575	0.462722088	0.527509912	0.082092836	-0.991778091	-3.186584857	-0.094153841	-0.040106316	0.033216204	-0.112006407	0.011101669	0.060817283
4.039000000	0.068594398	0.462682057	0.527543072	0.081980800	-0.991767010	-3.186524022	-0.094200277	-0.039954915	0.033102581	-0.112065469	0.011060446	0.060853878
4.040000000	0.068500175	0.462642178	0.527576117	0.081868705	-0.991755970	-3.186463150	-0.094246544	-0.039803435	0.032988901	-0.112124324	0.011019182	0.060890352
4.041000000	0.068405905	0.462602451	0.527609049	0.081756551	-0.991744972	-3.186402241	-0.094292644	-0.039651876	0.032875163	-0.112182972	0.010977879	0.060926704
4.042000000	0.068311589	0.462562874	0.527641868	0.081644339	-0.991734014	-3.186341296	-0.094338575	-0.039500237	0.032761369	-0.112241412	0.010936537	0.060962935
4.043000000	0.068217228	0.462523450	0.527674572	0.081532069	-0.991723099	-3.186280315	-0.094384336	-0.039348520	0.032647518	-0.112299645	0.010895155	0.060999043
4.044000000	0.068122821	0.462484177	0.527707163	0.081419740	-0.991712224	-3.186219298	-0.094429930	-0.039196723	0.032533610	-0.112357671	0.010853734	0.061035031
4.045000000	0.068028368	0.462445057	0.527739639	0.081307353	-0.991701391	-3.186158245	-0.094475354	-0.039044849	0.032419646	-0.112415488	0.010812274	0.061070896
4.046000000	0.067933870	0.462406088	0.527772002	0.081194909	-0.991690600	-3.186097156	-0.094520609	-0.038892897	0.032305626	-0.112473098	0.010770775	0.061106639
4.047000000	0.067839327	0.462367271	0.527804251	0.081082407	-0.991679850	-3.186036032	-0.094565696	-0.038740866	0.032191549	-0.112530500	0.010729237	0.061142260
4.048000000	0.067744739	0.462328606	0.527836385	0.080969848	-0.991669141	-3.185974872	-0.094610612	-0.038588759	0.032077417	-0.112587692	0.010687661	0.061177759
4.049000000	0.067650105	0.462290093	0.527868406	0.080857232	-0.991658474	-3.185913676	-0.094655360	-0.038436574	0.031963230	-0.112644677	0.010646046	0.061213135
4.050000000	0.067555428	0.462251733	0.527900312	0.080744559	-0.991647849	-3.185852446	-0.094699938	-0.038284312	0.031848986	-0.112701453	0.010604392	0.061248389
4.051000000	0.067460706	0.462213525	0.527932104	0.080631829	-0.991637265	-3.185791180	-0.094744346	-0.038131974	0.031734688	-0.112758020	0.010562700	0.061283520
4.052000000	0.067365939	0.462175469	0.527963781	0.080519043	-0.991626724	-3.185729878	-0.094788584	-0.037979559	0.031620334	-0.112814378	0.010520970	0.061318528
4.053000000	0.067271128	0.462137566	0.527995344	0.080406200	-0.991616223	-3.185668542	-0.094832652	-0.037827069	0.031505926	-0.112870527	0.010479202	0.061353413
4.054000000	0.067176274	0.462099815	0.528026793	0.080293302	-0.991605765	-3.185607172	-0.094876551	-0.037674503	0.031391463	-0.112926466	0.010437396	0.061388175
4.055000000	0.067081375	0.462062217	0.528058127	0.080180347	-0.991595349	-3.185545766	-0.094920279	-0.037521861	0.031276946	-0.112982196	0.010395553	0.061422814
4.056000000	0.066986433	0.462024771	0.528089347	0.080067337	-0.991584974	-3.185484326	-0.094963837	-0.037369145	0.031162374	-0.113037716	0.010353671	0.061457330
4.057000000	0.066891448	0.461987478	0.528120452	0.079954272	-0.991574641	-3.185422851	-0.095007225	-0.037216353	0.031047748	-0.113093026	0.010311752	0.061491722
4.058000000	0.066796419	0.461950338	0.528151442	0.079841151	-0.991564351	-3.185361343	-0.095050442	-0.037063487	0.030933068	-0.113148126	0.010269796	0.061525990
4.059000000	0.066701347	0.461913351	0.528182318	0.079727975	-0.991554102	-3.185299800	-0.095093488	-0.036910547	0.030818335	-0.113203016	0.010227803	0.061560135
4.060000000	0.066606232	0.461876517	0.528213079	0.079614745	-0.991543895	-3.185238222	-0.095136364	-0.036757532	0.030703548	-0.113257695	0.010185772	0.061594155
4.061000000	0.066511074	0.461839836	0.528243725	0.079501460	-0.991533730	-3.185176611	-0.095179069	-0.036604445	0.030588708	-0.113312164	0.010143705	0.061628052
4.062000000	0.066415874	0.461803308	0.528274256	0.079388121	-0.991523608	-3.185114966	-0.095221603	-0.036451283	0.030473814	-0.113366422	0.010101600	0.061661825
4.063000000	0.066320631	0.461766934	0.528304673	0.079274727	-0.991513527	-3.185053288	-0.095263966	-0.036298050	0.030358869	-0.113420468	0.010059459	0.061695473
4.064000000	0.066225346	0.461730712	0.528334974	0.079161280	-0.991503489	-3.184991575	-0.095306157	-0.036144743	0.030243870	-0.113474304	0.010017281	0.061728997
4.065000000	0.066130019	0.461694644	0.528365160	0.079047779	-0.991493492	-3.184929830	-0.095348178	-0.035991363	0.030128818	-0.113527929	0.009975067	0.061762397
4.066000000	0.066034649	0.461658730	0.528395232	0.078934224	-0.991483538	-3.184868050	-0.095390027	-0.035837911	0.030013715	-0.113581342	0.009932816	0.061795672
4.067000000	0.065939238	0.461622968	0.528425188	0.078820616	-0.991473627	-3.184806238	-0.095431704	-0.035684388	0.029898559	-0.113634543	0.009890530	0.061828822
4.068000000	0.065843786	0.461587361	0.528455029	0.078706955	-0.991463757	-3.184744393	-0.095473209	-0.035530793	0.029783352	-0.113687533	0.009848207	0.061861848
4.069000000	0.065748292	0.461551907	0.528484755	0.078593241	-0.991453930	-3.184682515	-0.095514544	-0.035377127	0.029668092	-0.113740311	0.009805848	0.061894748
4.070000000	0.065652757	0.461516607	0.528514365	0.078479474	-0.991444146	-3.184620603	-0.095555706	-0.035223389	0.029552781	-0.113792877	0.009763454	0.061927523
4.071000000	0.065557181	0.461481460	0.528543860	0.078365655	-0.991434403	-3.184558659	-0.095596696	-0.035069582	0.029437419	-0.113845230	0.009721024	0.061960174
4.072000000	0.065461563	0.461446467	0.528573240	0.078251784	-0.991424704	-3.184496683	-0.095637513	-0.034915704	0.029322006	-0.113897371	0.009678558	0.061992698
4.073000000	0.065365906	0.461411629	0.528602504	0.078137860	-0.991415046	-3.184434674	-0.095678159	-0.034761755	0.029206541	-0.113949299	0.009636057	0.062025097
4.074000000	0.065270207	0.461376944	0.528631653	0.078023885	-0.991405432	-3.184372633	-0.095718632	-0.034607737	0.029091026	-0.114001015	0.009593521	0.062057371
4.075000000	0.065174468	0.461342413	0.528660686	0.077909858	-0.991395859	-3.184310559	-0.095758933	-0.034453650	0.028975461	-0.114052518	0.009550950	0.062089519
4.076000000	0.065078689	0.461308037	0.528689604	0.077795780	-0.991386330	-3.184248454	-0.095799061	-0.034299493	0.028859845	-0.114103807	0.009508343	0.062121541
4.077000000	0.064982870	0.461273814	0.528718406	0.077681651	-0.991376843	-3.184186316	-0.095839017	-0.034145267	0.028744179	-0.114154884	0.009465702	0.062153437
4.078000000	0.064887011	0.461239746	0.528747092	0.077567470	-0.991367398	-3.184124147	-0.095878800	-0.033990973	0.028628463	-0.114205747	0.009423026	0.062185208
4.079000000	0.064791113	0.461205832	0.528775663	0.077453239	-0.991357997	-3.184061946	-0.095918410	-0.033836611	0.028512698	-0.114256396	0.009380316	0.062216851
4.080000000	0.064695174	0.461172073	0.528804118	0.077338958	-0.991348638	-3.183999713	-0.095957847	-0.033682181	0.028396883	-0.114306832	0.009337571	0.062248369
4.081000000	0.064599197	0.461138468	0.528832457	0.077224626	-0.991339321	-3.183937449	-0.095997111	-0.033527682	0.028281018	-0.114357054	0.009294792	0.062279760
4.082000000	0.064503180	0.461105017	0.528860680	0.077110243	-0.991330048	-3.183875154	-0.096036201	-0.033373116	0.028165104	-0.114407062	0.009251979	0.062311025
4.083000000	0.064407125	0.461071722	0.528888787	0.076995811	-0.991320817	-3.183812827	-0.096075119	-0.033218484	0.028049142	-0.114456855	0.009209131	0.062342163
4.084000000	0.064311030	0.461038580	0.528916778	0.076881330	-0.991311630	-3.183750469	-0.096113862	-0.033063785	0.027933131	-0.114506434	0.009166250	0.062373174
4.085000000	0.064214897	0.461005594	0.528944653	0.076766799	-0.991302485	-3.183688081	-0.096152433	-0.032909019	0.027817071	-0.114555799	0.009123335	0.062404058
4.086000000	0.064118725	0.460972762	0.528972412	0.076652218	-0.991293383	-3.183625661	-0.096190830	-0.032754187	0.027700963	-0.114604949	0.009080387	0.062434816
4.087000000	0.064022515	0.460940086	0.529000055	0.076537589	-0.991284324	-3.183563211	-0.096229052	-0.032599289	0.027584806	-0.114653884	0.009037405	0.062465446
4.088000000	0.063926267	0.460907564	0.529027582	0.076422910	-0.991275308	-3.183500730	-0.096267101	-0.032444325	0.027468602	-0.114702604	0.008994390	0.062495949
4.089000000	0.063829981	0.460875197	0.529054992	0.076308183	-0.991266335	-3.183438219	-0.096304976	-0.032289297	0.027352350	-0.114751110	0.008951342	0.062526324
4.090000000	0.063733657	0.460842985	0.529082286	0.076193408	-0.991257406	-3.183375678	-0.096342678	-0.032134203	0.027236051	-0.114799400	0.008908260	0.062556573
4.091000000	0.063637296	0.460810929	0.529109464	0.076078585	-0.991248519	-3.183313106	-0.096380204	-0.031979044	0.027119703	-0.114847474	0.008865146	0.062586693
4.092000000	0.063540897	0.460779027	0.529136526	0.075963713	-0.991239675	-3.183250504	-0.096417557	-0.031823822	0.027003309	-0.114895333	0.008821999	0.062616686
4.093000000	0.063444460	0.460747281	0.529163471	0.075848794	-0.991230875	-3.183187873	-0.096454735	-0.031668535	0.026886868	-0.114942976	0.008778819	0.062646551
4.094000000	0.063347987	0.460715690	0.529190300	0.075733827	-0.991222118	-3.183125211	-0.096491739	-0.031513184	0.026770381	-0.114990403	0.008735607	0.062676288
4.095000000	0.063251477	0.460684255	0.529217012	0.075618813	-0.991213404	-3.183062520	-0.096528568	-0.031357770	0.026653846	-0.115037614	0.008692362	0.062705898
4.096000000	0.063154930	0.460652975	0.529243607	0.075503752	-0.991204733	-3.182999799	-0.096565223	-0.031202293	0.026537266	-0.115084609	0.008649086	0.062735379
4.097000000	0.063058347	0.460621850	0.529270086	0.075388644	-0.991196106	-3.182937049	-0.096601702	-0.031046753	0.026420639	-0.115131388	0.008605777	0.062764731
4.098000000	0.062961727	0.460590881	0.529296449	0.075273489	-0.991187521	-3.182874270	-0.096638007	-0.030891150	0.026303966	-0.115177950	0.008562436	0.062793956
4.099000000	0.062865071	0.460560068	0.529322694	0.075158288	-0.991178981	-3.182811461	-0.096674137	-0.030735485	0.026187248	-0.115224296	0.008519064	0.062823052
4.100000000	0.062768378	0.460529410	0.529348823	0.075043041	-0.991170483	-3.182748624	-0.096710092	-0.030579759	0.026070484	-0.115270425	0.008475660	0.062852019
4.101000000	0.062671650	0.460498908	0.529374835	0.074927747	-0.991162029	-3.182685757	-0.096745871	-0.030423970	0.025953674	-0.115316337	0.008432224	0.062880858
4.102000000	0.062574887	0.460468562	0.529400730	0.074812408	-0.991153619	-3.182622862	-0.096781476	-0.030268121	0.025836820	-0.115362032	0.008388757	0.062909568
4.103000000	0.062478087	0.460438372	0.529426509	0.074697023	-0.991145252	-3.182559938	-0.096816905	-0.030112210	0.025719920	-0.115407509	0.008345259	0.062938149
4.104000000	0.062381253	0.460408338	0.529452170	0.074581593	-0.991136928	-3.182496986	-0.096852158	-0.029956238	0.025602976	-0.115452770	0.008301730	0.062966601
4.105000000	0.062284383	0.460378459	0.529477715	0.074466118	-0.991128648	-3.182434005	-0.096887236	-0.029800207	0.025485988	-0.115497812	0.008258170	0.062994924
4.106000000	0.062187478	0.460348737	0.529503142	0.074350597	-0.991120412	-3.182370996	-0.096922138	-0.029644114	0.025368954	-0.115542638	0.008214579	0.063023117
4.107000000	0.062090539	0.460319171	0.529528453	0.074235032	-0.991112219	-3.182307959	-0.096956864	-0.029487962	0.025251877	-0.115587245	0.008170957	0.063051182
4.108000000	0.061993565	0.460289761	0.529553646	0.074119423	-0.991104070	-3.182244894	-0.096991415	-0.029331751	0.025134756	-0.115631634	0.008127306	0.063079117
4.109000000	0.061896556	0.460260508	0.529578722	0.074003769	-0.991095965	-3.182181801	-0.097025790	-0.029175481	0.025017591	-0.115675806	0.008083623	0.063106922
4.110000000	0.061799513	0.460231410	0.529603681	0.073888071	-0.991087903	-3.182118680	-0.097059988	-0.029019151	0.024900383	-0.115719759	0.008039911	0.063134598
4.111000000	0.061702436	0.460202469	0.529628523	0.073772330	-0.991079885	-3.182055531	-0.097094010	-0.028862763	0.024783131	-0.115763494	0.007996168	0.063162144
4.112000000	0.061605325	0.460173685	0.529653247	0.073656544	-0.991071910	-3.181992355	-0.097127856	-0.028706317	0.024665836	-0.115807010	0.007952396	0.063189560
4.113000000	0.061508180	0.460145057	0.529677855	0.073540716	-0.991063980	-3.181929152	-0.097161526	-0.028549812	0.024548498	-0.115850308	0.007908593	0.063216846
4.114000000	0.061411002	0.460116585	0.529702344	0.073424844	-0.991056093	-3.181865922	-0.097195020	-0.028393251	0.024431118	-0.115893388	0.007864762	0.063244002
4.115000000	0.061313790	0.460088270	0.529726717	0.073308929	-0.991048250	-3.181802664	-0.097228337	-0.028236631	0.024313695	-0.115936248	0.007820900	0.063271028
4.116000000	0.061216545	0.460060112	0.529750972	0.073192971	-0.991040452	-3.181739380	-0.097261477	-0.028079955	0.024196229	-0.115978889	0.007777010	0.063297924
4.117000000	0.061119267	0.460032110	0.529775109	0.073076971	-0.991032696	-3.181676068	-0.097294440	-0.027923222	0.024078722	-0.116021311	0.007733090	0.063324690
4.118000000	0.061021956	0.460004266	0.529799129	0.072960929	-0.991024985	-3.181612730	-0.097327227	-0.027766432	0.023961173	-0.116063513	0.007689141	0.063351324
4.119000000	0.060924613	0.459976578	0.529823032	0.072844844	-0.991017318	-3.181549366	-0.097359837	-0.027609587	0.023843581	-0.116105497	0.007645163	0.063377829
4.120000000	0.060827237	0.459949046	0.529846816	0.072728718	-0.991009695	-3.181485975	-0.097392269	-0.027452685	0.023725949	-0.116147261	0.007601156	0.063404203
4.121000000	0.060729828	0.459921672	0.529870483	0.072612549	-0.991002116	-3.181422557	-0.097424525	-0.027295729	0.023608275	-0.116188805	0.007557121	0.063430445
4.122000000	0.060632388	0.459894455	0.529894033	0.072496340	-0.990994581	-3.181359114	-0.097456604	-0.027138716	0.023490560	-0.116230129	0.007513058	0.063456558
4.123000000	0.060534915	0.459867395	0.529917465	0.072380089	-0.990987090	-3.181295644	-0.097488505	-0.026981649	0.023372804	-0.116271233	0.007468966	0.063482539
4.124000000	0.060437411	0.459840492	0.529940779	0.072263797	-0.990979643	-3.181232149	-0.097520229	-0.026824528	0.023255007	-0.116312117	0.007424846	0.063508389
4.125000000	0.060339875	0.459813746	0.529963975	0.072147465	-0.990972240	-3.181168627	-0.097551775	-0.026667352	0.023137170	-0.116352781	0.007380698	0.063534108
4.126000000	0.060242307	0.459787157	0.529987053	0.072031092	-0.990964881	-3.181105081	-0.097583144	-0.026510122	0.023019293	-0.116393225	0.007336522	0.063559695
4.127000000	0.060144708	0.459760725	0.530010013	0.071914678	-0.990957567	-3.181041508	-0.097614336	-0.026352838	0.022901376	-0.116433448	0.007292318	0.063585152
4.128000000	0.060047078	0.459734451	0.530032856	0.071798225	-0.990950297	-3.180977910	-0.097645349	-0.026195501	0.022783418	-0.116473450	0.007248087	0.063610477
4.129000000	0.059949418	0.459708334	0.530055580	0.071681732	-0.990943071	-3.180914287	-0.097676185	-0.026038111	0.022665421	-0.116513232	0.007203828	0.063635670
4.130000000	0.059851726	0.459682375	0.530078186	0.071565199	-0.990935889	-3.180850639	-0.097706843	-0.025880669	0.022547384	-0.116552793	0.007159542	0.063660732
4.131000000	0.059754004	0.459656573	0.530100675	0.071448626	-0.990928752	-3.180786966	-0.097737324	-0.025723174	0.022429309	-0.116592133	0.007115229	0.063685662
4.132000000	0.059656251	0.459630929	0.530123045	0.071332014	-0.990921659	-3.180723268	-0.097767625	-0.025565627	0.022311194	-0.116631252	0.007070889	0.063710460
4.133000000	0.059558469	0.459605442	0.530145297	0.071215364	-0.990914610	-3.180659545	-0.097797749	-0.025408028	0.022193040	-0.116670150	0.007026522	0.063735126
4.134000000	0.059460656	0.459580113	0.530167431	0.071098674	-0.990907606	-3.180595797	-0.097827695	-0.025250377	0.022074848	-0.116708826	0.006982128	0.063759660
4.135000000	0.059362813	0.459554941	0.530189447	0.070981946	-0.990900646	-3.180532025	-0.097857462	-0.025092676	0.021956617	-0.116747280	0.006937708	0.063784062
4.136000000	0.059264941	0.459529927	0.530211344	0.070865179	-0.990893730	-3.180468229	-0.097887051	-0.024934923	0.021838348	-0.116785513	0.006893261	0.063808332
4.137000000	0.059167039	0.459505071	0.530233124	0.070748375	-0.990886859	-3.180404409	-0.097916462	-0.024777121	0.021720041	-0.116823525	0.006848789	0.063832470
4.138000000	0.059069108	0.459480373	0.530254784	0.070631532	-0.990880033	-3.180340564	-0.097945694	-0.024619267	0.021601696	-0.116861315	0.006804290	0.063856475
4.139000000	0.058971148	0.459455833	0.530276327	0.070514652	-0.990873251	-3.180276696	-0.097974748	-0.024461364	0.021483313	-0.116898882	0.006759765	0.063880348
4.140000000	0.058873159	0.459431450	0.530297751	0.070397735	-0.990866513	-3.180212804	-0.098003622	-0.024303411	0.021364893	-0.116936228	0.006715214	0.063904088
4.141000000	0.058775141	0.459407226	0.530319057	0.070280780	-0.990859820	-3.180148888	-0.098032318	-0.024145409	0.021246436	-0.116973351	0.006670638	0.063927696
4.142000000	0.058677094	0.459383159	0.530340244	0.070163788	-0.990853172	-3.180084948	-0.098060835	-0.023987358	0.021127942	-0.117010252	0.006626037	0.063951171
4.143000000	0.058579019	0.459359251	0.530361313	0.070046759	-0.990846568	-3.180020985	-0.098089174	-0.023829259	0.021009411	-0.117046930	0.006581409	0.063974513
4.144000000	0.058480916	0.459335501	0.530382263	0.069929694	-0.990840009	-3.179956999	-0.098117333	-0.023671110	0.020890843	-0.117083386	0.006536757	0.063997722
4.145000000	0.058382784	0.459311909	0.530403094	0.069812592	-0.990833495	-3.179892990	-0.098145312	-0.023512914	0.020772239	-0.117119619	0.006492080	0.064020798
4.146000000	0.058284625	0.459288475	0.530423807	0.069695455	-0.990827025	-3.179828958	-0.098173113	-0.023354671	0.020653599	-0.117155630	0.006447378	0.064043741
4.147000000	0.058186438	0.459265200	0.530444402	0.069578281	-0.990820600	-3.179764902	-0.098200735	-0.023196379	0.020534922	-0.117191417	0.006402651	0.064066551
4.148000000	0.058088224	0.459242082	0.530464877	0.069461072	-0.990814220	-3.179700824	-0.098228177	-0.023038041	0.020416210	-0.117226982	0.006357899	0.064089228
4.149000000	0.057989982	0.459219124	0.530485234	0.069343827	-0.990807884	-3.179636724	-0.098255440	-0.022879656	0.020297463	-0.117262323	0.006313123	0.064111771
4.150000000	0.057891713	0.459196323	0.530505472	0.069226547	-0.990801593	-3.179572601	-0.098282523	-0.022721224	0.020178679	-0.117297441	0.006268323	0.064134181
4.151000000	0.057793417	0.459173681	0.530525591	0.069109232	-0.990795347	-3.179508456	-0.098309427	-0.022562746	0.020059861	-0.117332336	0.006223499	0.064156457
4.152000000	0.057695094	0.459151198	0.530545592	0.068991883	-0.990789146	-3.179444288	-0.098336151	-0.022404223	0.019941008	-0.117367007	0.006178651	0.064178600
4.153000000	0.057596744	0.459128873	0.530565473	0.068874498	-0.990782990	-3.179380098	-0.098362696	-0.022245653	0.019822120	-0.117401455	0.006133778	0.064200609
4.154000000	0.057498368	0.459106706	0.530585236	0.068757080	-0.990776879	-3.179315887	-0.098389060	-0.022087039	0.019703198	-0.117435679	0.006088883	0.064222484
4.155000000	0.057399966	0.459084699	0.530604880	0.068639627	-0.990770812	-3.179251653	-0.098415245	-0.021928379	0.019584241	-0.117469679	0.006043963	0.064244225
4.156000000	0.057301538	0.459062850	0.530624404	0.068522140	-0.990764791	-3.179187398	-0.098441250	-0.021769675	0.019465250	-0.117503455	0.005999021	0.064265833
4.157000000	0.057203084	0.459041159	0.530643810	0.068404620	-0.990758814	-3.179123122	-0.098467074	-0.021610927	0.019346225	-0.117537007	0.005954055	0.064287306
4.158000000	0.057104604	0.459019628	0.530663097	0.068287066	-0.990752883	-3.179058824	-0.098492719	-0.021452135	0.019227166	-0.117570335	0.005909066	0.064308645
4.159000000	0.057006098	0.458998255	0.530682265	0.068169479	-0.990746996	-3.178994504	-0.098518184	-0.021293299	0.019108074	-0.117603439	0.005864054	0.064329850
4.160000000	0.056907567	0.458977041	0.530701313	0.068051859	-0.990741155	-3.178930164	-0.098543468	-0.021134420	0.018988949	-0.117636319	0.005819019	0.064350921
4.161000000	0.056809011	0.458955986	0.530720242	0.067934207	-0.990735358	-3.178865803	-0.098568572	-0.020975497	0.018869790	-0.117668973	0.005773962	0.064371858
4.162000000	0.056710430	0.458935090	0.530739053	0.067816522	-0.990729607	-3.178801420	-0.098593496	-0.020816532	0.018750598	-0.117701404	0.005728882	0.064392660
4.163000000	0.056611824	0.458914353	0.530757744	0.067698804	-0.990723900	-3.178737017	-0.098618239	-0.020657525	0.018631374	-0.117733609	0.005683780	0.064413327
4.164000000	0.056513194	0.458893775	0.530776315	0.067581054	-0.990718239	-3.178672594	-0.098642801	-0.020498476	0.018512117	-0.117765590	0.005638656	0.064433860
4.165000000	0.056414539	0.458873356	0.530794768	0.067463273	-0.990712623	-3.178608150	-0.098667184	-0.020339385	0.018392828	-0.117797346	0.005593510	0.064454259
4.166000000	0.056315859	0.458853096	0.530813101	0.067345460	-0.990707052	-3.178543685	-0.098691385	-0.020180252	0.018273507	-0.117828877	0.005548342	0.064474522
4.167000000	0.056217156	0.458832996	0.530831315	0.067227615	-0.990701526	-3.178479200	-0.098715406	-0.020021078	0.018154154	-0.117860183	0.005503152	0.064494651
4.168000000	0.056118429	0.458813054	0.530849409	0.067109739	-0.990696046	-3.178414696	-0.098739246	-0.019861864	0.018034770	-0.117891264	0.005457941	0.064514645
4.169000000	0.056019677	0.458793272	0.530867384	0.066991832	-0.990690610	-3.178350171	-0.098762905	-0.019702608	0.017915354	-0.117922120	0.005412709	0.064534504
4.170000000	0.055920903	0.458773649	0.530885240	0.066873895	-0.990685220	-3.178285627	-0.098786383	-0.019543313	0.017795906	-0.117952750	0.005367455	0.064554228
4.171000000	0.055822105	0.458754185	0.530902976	0.066755927	-0.990679876	-3.178221063	-0.098809680	-0.019383978	0.017676428	-0.117983154	0.005322180	0.064573817
4.172000000	0.055723283	0.458734881	0.530920593	0.066637929	-0.990674576	-3.178156479	-0.098832796	-0.019224603	0.017556919	-0.118013333	0.005276884	0.064593270
4.173000000	0.055624439	0.458715736	0.530938090	0.066519900	-0.990669322	-3.178091876	-0.098855731	-0.019065190	0.017437379	-0.118043287	0.005231568	0.064612589
4.174000000	0.055525572	0.458696751	0.530955468	0.066401842	-0.990664113	-3.178027254	-0.098878485	-0.018905737	0.017317809	-0.118073014	0.005186231	0.064631772
4.175000000	0.055426682	0.458677925	0.530972726	0.066283754	-0.990658949	-3.177962613	-0.098901058	-0.018746245	0.017198208	-0.118102516	0.005140873	0.064650819
4.176000000	0.055327770	0.458659258	0.530989864	0.066165637	-0.990653831	-3.177897952	-0.098923449	-0.018586716	0.017078578	-0.118131792	0.005095495	0.064669732
4.177000000	0.055228835	0.458640751	0.531006883	0.066047491	-0.990648758	-3.177833273	-0.098945659	-0.018427148	0.016958917	-0.118160841	0.005050097	0.064688508
4.178000000	0.055129879	0.458622404	0.531023782	0.065929315	-0.990643731	-3.177768575	-0.098967687	-0.018267543	0.016839227	-0.118189665	0.005004680	0.064707149
4.179000000	0.055030900	0.458604216	0.531040561	0.065811111	-0.990638749	-3.177703859	-0.098989534	-0.018107900	0.016719508	-0.118218262	0.004959242	0.064725654
4.180000000	0.054931899	0.458586188	0.531057221	0.065692879	-0.990633812	-3.177639124	-0.099011199	-0.017948221	0.016599760	-0.118246633	0.004913785	0.064744024
4.181000000	0.054832877	0.458568320	0.531073761	0.065574618	-0.990628921	-3.177574371	-0.099032683	-0.017788505	0.016479983	-0.118274777	0.004868308	0.064762258
4.182000000	0.054733834	0.458550611	0.531090181	0.065456329	-0.990624076	-3.177509599	-0.099053985	-0.017628752	0.016360176	-0.118302695	0.004822812	0.064780355
4.183000000	0.054634770	0.458533062	0.531106481	0.065338013	-0.990619276	-3.177444810	-0.099075105	-0.017468963	0.016240342	-0.118330386	0.004777296	0.064798317
4.184000000	0.054535684	0.458515673	0.531122662	0.065219669	-0.990614521	-3.177380003	-0.099096044	-0.017309139	0.016120479	-0.118357851	0.004731762	0.064816143
4.185000000	0.054436577	0.458498444	0.531138722	0.065101297	-0.990609812	-3.177315178	-0.099116801	-0.017149279	0.016000587	-0.118385089	0.004686208	0.064833833
4.186000000	0.054337450	0.458481374	0.531154663	0.064982898	-0.990605149	-3.177250335	-0.099137375	-0.016989384	0.015880668	-0.118412099	0.004640636	0.064851386
4.187000000	0.054238303	0.458464465	0.531170483	0.064864473	-0.990600531	-3.177185475	-0.099157768	-0.016829454	0.015760722	-0.118438883	0.004595046	0.064868803
4.188000000	0.054139135	0.458447716	0.531186184	0.064746021	-0.990595959	-3.177120598	-0.099177979	-0.016669490	0.015640747	-0.118465440	0.004549437	0.064886084
4.189000000	0.054039947	0.458431126	0.531201765	0.064627542	-0.990591432	-3.177055703	-0.099198007	-0.016509492	0.015520745	-0.118491770	0.004503810	0.064903229
4.190000000	0.053940739	0.458414697	0.531217226	0.064509037	-0.990586951	-3.176990791	-0.099217854	-0.016349460	0.015400717	-0.118517872	0.004458164	0.064920237
4.191000000	0.053841511	0.458398427	0.531232566	0.064390506	-0.990582516	-3.176925862	-0.099237518	-0.016189394	0.015280661	-0.118543747	0.004412501	0.064937108
4.192000000	0.053742264	0.458382318	0.531247787	0.064271950	-0.990578126	-3.176860917	-0.099257000	-0.016029295	0.015160579	-0.118569395	0.004366820	0.064953843
4.193000000	0.053642997	0.458366369	0.531262888	0.064153367	-0.990573782	-3.176795955	-0.099276299	-0.015869164	0.015040470	-0.118594815	0.004321121	0.064970442
4.194000000	0.053543711	0.458350579	0.531277868	0.064034760	-0.990569484	-3.176730976	-0.099295417	-0.015709000	0.014920335	-0.118620008	0.004275405	0.064986903
4.195000000	0.053444406	0.458334951	0.531292728	0.063916127	-0.990565231	-3.176665981	-0.099314351	-0.015548803	0.014800174	-0.118644972	0.004229672	0.065003228
4.196000000	0.053345082	0.458319482	0.531307468	0.063797470	-0.990561025	-3.176600970	-0.099333104	-0.015388575	0.014679987	-0.118669710	0.004183921	0.065019417
4.197000000	0.053245740	0.458304173	0.531322088	0.063678788	-0.990556864	-3.176535942	-0.099351673	-0.015228315	0.014559775	-0.118694219	0.004138154	0.065035468
4.198000000	0.053146379	0.458289025	0.531336588	0.063560082	-0.990552748	-3.176470899	-0.099370060	-0.015068024	0.014439537	-0.118718500	0.004092370	0.065051382
4.199000000	0.053047000	0.458274037	0.531350967	0.063441351	-0.990548679	-3.176405839	-0.099388265	-0.014907702	0.014319274	-0.118742554	0.004046569	0.065067159
4.200000000	0.052947603	0.458259210	0.531365226	0.063322596	-0.990544655	-3.176340764	-0.099406287	-0.014747349	0.014198986	-0.118766379	0.004000751	0.065082800
4.201000000	0.052848187	0.458244543	0.531379365	0.063203818	-0.990540677	-3.176275674	-0.099424126	-0.014586967	0.014078673	-0.118789977	0.003954917	0.065098303
4.202000000	0.052748754	0.458230036	0.531393384	0.063085017	-0.990536745	-3.176210568	-0.099441782	-0.014426554	0.013958335	-0.118813346	0.003909067	0.065113669
4.203000000	0.052649304	0.458215690	0.531407282	0.062966192	-0.990532859	-3.176145446	-0.099459255	-0.014266111	0.013837973	-0.118836487	0.003863201	0.065128897
4.204000000	0.052549836	0.458201504	0.531421060	0.062847344	-0.990529019	-3.176080310	-0.099476546	-0.014105639	0.013717587	-0.118859399	0.003817319	0.065143989
4.205000000	0.052450351	0.458187478	0.531434717	0.062728473	-0.990525224	-3.176015158	-0.099493653	-0.013945138	0.013597177	-0.118882083	0.003771422	0.065158943
4.206000000	0.052350848	0.458173613	0.531448254	0.062609579	-0.990521476	-3.175949992	-0.099510578	-0.013784609	0.013476744	-0.118904538	0.003725509	0.065173759
4.207000000	0.052251329	0.458159909	0.531461671	0.062490664	-0.990517773	-3.175884811	-0.099527319	-0.013624051	0.013356286	-0.118926765	0.003679580	0.065188439
4.208000000	0.052151794	0.458146365	0.531474967	0.062371726	-0.990514117	-3.175819615	-0.099543878	-0.013463465	0.013235806	-0.118948763	0.003633636	0.065202980
4.209000000	0.052052242	0.458132982	0.531488142	0.062252766	-0.990510506	-3.175754405	-0.099560253	-0.013302851	0.013115302	-0.118970533	0.003587677	0.065217384
4.210000000	0.051952673	0.458119760	0.531501197	0.062133785	-0.990506942	-3.175689180	-0.099576445	-0.013142210	0.012994776	-0.118992073	0.003541704	0.065231651
4.211000000	0.051853089	0.458106698	0.531514132	0.062014782	-0.990503423	-3.175623942	-0.099592454	-0.012981542	0.012874226	-0.119013385	0.003495715	0.065245780
4.212000000	0.051753488	0.458093796	0.531526946	0.061895758	-0.990499950	-3.175558689	-0.099608279	-0.012820846	0.012753654	-0.119034468	0.003449712	0.065259771
4.213000000	0.051653872	0.458081056	0.531539639	0.061776713	-0.990496523	-3.175493422	-0.099623921	-0.012660125	0.012633060	-0.119055322	0.003403695	0.065273624
4.214000000	0.051554241	0.458068476	0.531552212	0.061657647	-0.990493143	-3.175428142	-0.099639380	-0.012499378	0.012512444	-0.119075947	0.003357663	0.065287339
4.215000000	0.051454593	0.458056057	0.531564664	0.061538561	-0.990489808	-3.175362847	-0.099654655	-0.012338604	0.012391806	-0.119096342	0.003311617	0.065300917
4.216000000	0.051354931	0.458043799	0.531576995	0.061419455	-0.990486519	-3.175297540	-0.099669747	-0.012177805	0.012271146	-0.119116508	0.003265557	0.065314356
4.217000000	0.051255254	0.458031702	0.531589206	0.061300328	-0.990483277	-3.175232219	-0.099684655	-0.012016981	0.012150465	-0.119136445	0.003219483	0.065327658
4.218000000	0.051155562	0.458019765	0.531601296	0.061181182	-0.990480080	-3.175166884	-0.099699380	-0.011856133	0.012029763	-0.119156153	0.003173396	0.065340821
4.219000000	0.051055855	0.458007989	0.531613266	0.061062016	-0.990476930	-3.175101537	-0.099713921	-0.011695260	0.011909040	-0.119175631	0.003127296	0.065353846
4.220000000	0.050956134	0.457996375	0.531625114	0.060942831	-0.990473826	-3.175036177	-0.099728279	-0.011534362	0.011788296	-0.119194880	0.003081182	0.065366734
4.221000000	0.050856399	0.457984921	0.531636842	0.060823626	-0.990470768	-3.174970804	-0.099742453	-0.011373441	0.011667531	-0.119213900	0.003035055	0.065379483
4.222000000	0.050756649	0.457973628	0.531648450	0.060704403	-0.990467756	-3.174905418	-0.099756443	-0.011212496	0.011546746	-0.119232689	0.002988914	0.065392094
4.223000000	0.050656886	0.457962496	0.531659936	0.060585161	-0.990464790	-3.174840019	-0.099770249	-0.011051528	0.011425941	-0.119251249	0.002942761	0.065404566
4.224000000	0.050557109	0.457951525	0.531671301	0.060465900	-0.990461870	-3.174774609	-0.099783872	-0.010890537	0.011305116	-0.119269579	0.002896596	0.065416900
4.225000000	0.050457318	0.457940715	0.531682546	0.060346622	-0.990458997	-3.174709186	-0.099797311	-0.010729523	0.011184271	-0.119287679	0.002850418	0.065429096
4.226000000	0.050357514	0.457930066	0.531693670	0.060227325	-0.990456169	-3.174643750	-0.099810565	-0.010568487	0.011063406	-0.119305550	0.002804227	0.065441153
4.227000000	0.050257697	0.457919578	0.531704673	0.060108010	-0.990453388	-3.174578303	-0.099823636	-0.010407430	0.010942522	-0.119323190	0.002758025	0.065453072
4.228000000	0.050157867	0.457909251	0.531715555	0.059988678	-0.990450653	-3.174512844	-0.099836523	-0.010246350	0.010821619	-0.119340601	0.002711810	0.065464853
4.229000000	0.050058024	0.457899085	0.531726316	0.059869329	-0.990447965	-3.174447374	-0.099849226	-0.010085250	0.010700697	-0.119357782	0.002665584	0.065476494
4.230000000	0.049958168	0.457889080	0.531736956	0.059749963	-0.990445322	-3.174381891	-0.099861745	-0.009924129	0.010579757	-0.119374732	0.002619346	0.065487998
4.231000000	0.049858300	0.457879237	0.531747476	0.059630580	-0.990442726	-3.174316398	-0.099874080	-0.009762986	0.010458798	-0.119391453	0.002573096	0.065499362
4.232000000	0.049758420	0.457869554	0.531757874	0.059511180	-0.990440176	-3.174250893	-0.099886231	-0.009601824	0.010337820	-0.119407943	0.002526835	0.065510588
4.233000000	0.049658528	0.457860033	0.531768151	0.059391764	-0.990437672	-3.174185376	-0.099898197	-0.009440641	0.010216825	-0.119424202	0.002480563	0.065521675
4.234000000	0.049558624	0.457850673	0.531778308	0.059272332	-0.990435215	-3.174119849	-0.099909980	-0.009279439	0.010095812	-0.119440232	0.002434280	0.065532623
4.235000000	0.049458708	0.457841474	0.531788343	0.059152883	-0.990432804	-3.174054311	-0.099921578	-0.009118218	0.009974781	-0.119456031	0.002387986	0.065543433
4.236000000	0.049358781	0.457832437	0.531798257	0.059033420	-0.990430439	-3.173988762	-0.099932992	-0.008956978	0.009853733	-0.119471600	0.002341681	0.065554103
4.237000000	0.049258842	0.457823560	0.531808050	0.058913940	-0.990428120	-3.173923203	-0.099944222	-0.008795718	0.009732667	-0.119486938	0.002295366	0.065564635
4.238000000	0.049158892	0.457814845	0.531817723	0.058794446	-0.990425848	-3.173857633	-0.099955267	-0.008634441	0.009611585	-0.119502046	0.002249040	0.065575028
4.239000000	0.049058931	0.457806291	0.531827274	0.058674936	-0.990423622	-3.173792053	-0.099966128	-0.008473145	0.009490485	-0.119516924	0.002202704	0.065585282
4.240000000	0.048958960	0.457797899	0.531836703	0.058555412	-0.990421443	-3.173726463	-0.099976805	-0.008311832	0.009369369	-0.119531570	0.002156358	0.065595396
4.241000000	0.048858978	0.457789668	0.531846012	0.058435873	-0.990419310	-3.173660862	-0.099987297	-0.008150501	0.009248237	-0.119545986	0.002110002	0.065605372
4.242000000	0.048758985	0.457781598	0.531855200	0.058316320	-0.990417223	-3.173595252	-0.099997605	-0.007989154	0.009127089	-0.119560171	0.002063637	0.065615209
4.243000000	0.048658983	0.457773689	0.531864266	0.058196753	-0.990415182	-3.173529632	-0.100007728	-0.007827789	0.009005924	-0.119574126	0.002017262	0.065624906
4.244000000	0.048558970	0.457765942	0.531873212	0.058077172	-0.990413188	-3.173464002	-0.100017667	-0.007666409	0.008884744	-0.119587849	0.001970877	0.065634464
4.245000000	0.048458947	0.457758356	0.531882036	0.057957577	-0.990411241	-3.173398363	-0.100027421	-0.007505012	0.008763549	-0.119601342	0.001924484	0.065643884
4.246000000	0.048358915	0.457750932	0.531890739	0.057837969	-0.990409339	-3.173332714	-0.100036991	-0.007343599	0.008642338	-0.119614604	0.001878081	0.065653163
4.247000000	0.048258873	0.457743669	0.531899321	0.057718348	-0.990407484	-3.173267056	-0.100046376	-0.007182171	0.008521111	-0.119627635	0.001831669	0.065662304
4.248000000	0.048158822	0.457736568	0.531907781	0.057598714	-0.990405676	-3.173201390	-0.100055577	-0.007020727	0.008399870	-0.119640434	0.001785248	0.065671305
4.249000000	0.048058762	0.457729628	0.531916120	0.057479067	-0.990403914	-3.173135714	-0.100064592	-0.006859270	0.008278615	-0.119653003	0.001738819	0.065680167
4.250000000	0.047958693	0.457722849	0.531924338	0.057359408	-0.990402198	-3.173070029	-0.100073424	-0.006697797	0.008157345	-0.119665341	0.001692382	0.065688890
4.251000000	0.047858615	0.457716232	0.531932435	0.057239736	-0.990400529	-3.173004336	-0.100082070	-0.006536310	0.008036060	-0.119677448	0.001645936	0.065697473
4.252000000	0.047758529	0.457709777	0.531940410	0.057120053	-0.990398906	-3.172938634	-0.100090532	-0.006374810	0.007914762	-0.119689323	0.001599482	0.065705917
4.253000000	0.047658434	0.457703483	0.531948265	0.057000358	-0.990397330	-3.172872924	-0.100098809	-0.006213296	0.007793450	-0.119700967	0.001553020	0.065714221
4.254000000	0.047558331	0.457697350	0.531955997	0.056880651	-0.990395800	-3.172807206	-0.100106901	-0.006051769	0.007672124	-0.119712380	0.001506551	0.065722386
4.255000000	0.047458220	0.457691379	0.531963609	0.056760933	-0.990394317	-3.172741479	-0.100114809	-0.005890229	0.007550784	-0.119723562	0.001460073	0.065730411
4.256000000	0.047358102	0.457685570	0.531971099	0.056641204	-0.990392880	-3.172675745	-0.100122531	-0.005728677	0.007429432	-0.119734513	0.001413589	0.065738297
4.257000000	0.047257975	0.457679922	0.531978468	0.056521464	-0.990391490	-3.172610003	-0.100130069	-0.005567112	0.007308067	-0.119745231	0.001367097	0.065746042
4.258000000	0.047157842	0.457674435	0.531985715	0.056401713	-0.990390146	-3.172544253	-0.100137422	-0.005405535	0.007186688	-0.119755719	0.001320598	0.065753649
4.259000000	0.047057701	0.457669111	0.531992841	0.056281952	-0.990388849	-3.172478496	-0.100144590	-0.005243947	0.007065297	-0.119765975	0.001274092	0.065761116
4.260000000	0.046957552	0.457663948	0.531999846	0.056162181	-0.990387598	-3.172412731	-0.100151573	-0.005082348	0.006943894	-0.119776000	0.001227579	0.065768443
4.261000000	0.046857397	0.457658946	0.532006729	0.056042400	-0.990386394	-3.172346959	-0.100158371	-0.004920737	0.006822479	-0.119785793	0.001181060	0.065775630
4.262000000	0.046757236	0.457654106	0.532013491	0.055922610	-0.990385236	-3.172281179	-0.100164985	-0.004759116	0.006701052	-0.119795355	0.001134534	0.065782678
4.263000000	0.046657067	0.457649428	0.532020131	0.055802810	-0.990384124	-3.172215393	-0.100171413	-0.004597486	0.006579613	-0.119804685	0.001088002	0.065789586
4.264000000	0.046556893	0.457644911	0.532026650	0.055683000	-0.990383060	-3.172149600	-0.100177656	-0.004435845	0.006458162	-0.119813783	0.001041464	0.065796354
4.265000000	0.046456712	0.457640556	0.532033047	0.055563182	-0.990382042	-3.172083801	-0.100183714	-0.004274194	0.006336701	-0.119822651	0.000994920	0.065802982
4.266000000	0.046356525	0.457636363	0.532039323	0.055443355	-0.990381070	-3.172017994	-0.100189587	-0.004112535	0.006215228	-0.119831286	0.000948370	0.065809471
4.267000000	0.046256333	0.457632331	0.532045478	0.055323519	-0.990380145	-3.171952182	-0.100195275	-0.003950866	0.006093744	-0.119839689	0.000901814	0.065815819
4.268000000	0.046156135	0.457628461	0.532051511	0.055203676	-0.990379266	-3.171886363	-0.100200779	-0.003789188	0.005972250	-0.119847861	0.000855253	0.065822028
4.269000000	0.046055931	0.457624753	0.532057422	0.055083824	-0.990378434	-3.171820538	-0.100206097	-0.003627503	0.005850745	-0.119855801	0.000808687	0.065828097
4.270000000	0.045955723	0.457621206	0.532063212	0.054963964	-0.990377649	-3.171754707	-0.100211229	-0.003465809	0.005729230	-0.119863509	0.000762116	0.065834026
4.271000000	0.045855509	0.457617821	0.532068881	0.054844097	-0.990376910	-3.171688870	-0.100216177	-0.003304108	0.005607705	-0.119870986	0.000715539	0.065839815
4.272000000	0.045755290	0.457614598	0.532074428	0.054724222	-0.990376218	-3.171623027	-0.100220940	-0.003142399	0.005486170	-0.119878230	0.000668958	0.065845464
4.273000000	0.045655067	0.457611536	0.532079853	0.054604340	-0.990375572	-3.171557179	-0.100225517	-0.002980684	0.005364625	-0.119885243	0.000622372	0.065850973
4.274000000	0.045554839	0.457608636	0.532085157	0.054484452	-0.990374973	-3.171491325	-0.100229910	-0.002818961	0.005243072	-0.119892024	0.000575782	0.065856342
4.275000000	0.045454607	0.457605898	0.532090339	0.054364556	-0.990374421	-3.171425466	-0.100234117	-0.002657233	0.005121509	-0.119898573	0.000529187	0.065861571
4.276000000	0.045354371	0.457603322	0.532095400	0.054244654	-0.990373915	-3.171359602	-0.100238139	-0.002495499	0.004999937	-0.119904890	0.000482589	0.065866660
4.277000000	0.045254131	0.457600907	0.532100339	0.054124746	-0.990373455	-3.171293733	-0.100241975	-0.002333758	0.004878356	-0.119910975	0.000435986	0.065871609
4.278000000	0.045153887	0.457598654	0.532105157	0.054004832	-0.990373043	-3.171227859	-0.100245627	-0.002172013	0.004756767	-0.119916828	0.000389379	0.065876418
4.279000000	0.045053640	0.457596563	0.532109853	0.053884913	-0.990372677	-3.171161980	-0.100249093	-0.002010262	0.004635170	-0.119922449	0.000342769	0.065881087
4.280000000	0.044953389	0.457594634	0.532114427	0.053764988	-0.990372357	-3.171096096	-0.100252374	-0.001848507	0.004513564	-0.119927838	0.000296155	0.065885616
4.281000000	0.044853135	0.457592866	0.532118880	0.053645057	-0.990372084	-3.171030209	-0.100255470	-0.001686747	0.004391950	-0.119932995	0.000249538	0.065890004
4.282000000	0.044752878	0.457591260	0.532123211	0.053525122	-0.990371858	-3.170964316	-0.100258380	-0.001524983	0.004270329	-0.119937920	0.000202918	0.065894253
4.283000000	0.044652618	0.457589816	0.532127420	0.053405181	-0.990371679	-3.170898420	-0.100261106	-0.001363216	0.004148700	-0.119942613	0.000156295	0.065898361
4.284000000	0.044552356	0.457588534	0.532131508	0.053285236	-0.990371546	-3.170832520	-0.100263646	-0.001201445	0.004027065	-0.119947074	0.000109669	0.065902329
4.285000000	0.044452091	0.457587413	0.532135475	0.053165287	-0.990371459	-3.170766615	-0.100266000	-0.001039671	0.003905422	-0.119951303	0.000063040	0.065906157
4.286000000	0.044351824	0.457586455	0.532139319	0.053045334	-0.990371419	-3.170700707	-0.100268170	-0.000877894	0.003783772	-0.119955299	0.000016409	0.065909844
4.287000000	0.044251555	0.457585658	0.532143042	0.052925377	-0.990371426	-3.170634796	-0.100270154	-0.000716115	0.003662115	-0.119959064	-0.000030224	0.065913392
4.288000000	0.044151283	0.457585022	0.532146643	0.052805416	-0.990371480	-3.170568881	-0.100271952	-0.000554334	0.003540453	-0.119962596	-0.000076860	0.065916799
4.289000000	0.044051011	0.457584549	0.532150123	0.052685451	-0.990371580	-3.170502962	-0.100273566	-0.000392551	0.003418784	-0.119965896	-0.000123497	0.065920066
4.290000000	0.043950736	0.457584237	0.532153481	0.052565484	-0.990371727	-3.170437040	-0.100274994	-0.000230767	0.003297109	-0.119968964	-0.000170137	0.065923193
4.291000000	0.043850461	0.457584087	0.532156717	0.052445513	-0.990371920	-3.170371116	-0.100276237	-0.000068981	0.003175428	-0.119971800	-0.000216778	0.065926180
4.292000000	0.043750184	0.457584099	0.532159832	0.052325540	-0.990372160	-3.170305188	-0.100277294	0.000092805	0.003053742	-0.119974403	-0.000263420	0.065929026
4.293000000	0.043649906	0.457584273	0.532162825	0.052205565	-0.990372447	-3.170239258	-0.100278166	0.000254592	0.002932050	-0.119976775	-0.000310064	0.065931732
4.294000000	0.043549628	0.457584608	0.532165696	0.052085587	-0.990372781	-3.170173325	-0.100278853	0.000416379	0.002810353	-0.119978914	-0.000356709	0.065934297
4.295000000	0.043449348	0.457585106	0.532168445	0.051965607	-0.990373161	-3.170107389	-0.100279354	0.000578166	0.002688652	-0.119980820	-0.000403355	0.065936723
4.296000000	0.043349069	0.457585765	0.532171073	0.051845625	-0.990373587	-3.170041451	-0.100279670	0.000739952	0.002566945	-0.119982495	-0.000450002	0.065939008
4.297000000	0.043248789	0.457586586	0.532173579	0.051725642	-0.990374061	-3.169975511	-0.100279801	0.000901737	0.002445234	-0.119983938	-0.000496650	0.065941153
4.298000000	0.043148509	0.457587568	0.532175964	0.051605657	-0.990374581	-3.169909569	-0.100279746	0.001063522	0.002323519	-0.119985147	-0.000543298	0.065943157
4.299000000	0.043048230	0.457588713	0.532178226	0.051485671	-0.990375147	-3.169843625	-0.100279506	0.001225304	0.002201800	-0.119986125	-0.000589946	0.065945021
4.300000000	0.042947950	0.457590019	0.532180367	0.051365685	-0.990375760	-3.169777679	-0.100279080	0.001387085	0.002080077	-0.119986871	-0.000636595	0.065946745
4.301000000	0.042847671	0.457591487	0.532182386	0.051245698	-0.990376420	-3.169711731	-0.100278469	0.001548864	0.001958350	-0.119987384	-0.000683243	0.065948329
4.302000000	0.042747393	0.457593117	0.532184284	0.051125710	-0.990377127	-3.169645782	-0.100277673	0.001710640	0.001836620	-0.119987665	-0.000729892	0.065949772
4.303000000	0.042647116	0.457594908	0.532186060	0.051005722	-0.990377880	-3.169579832	-0.100276691	0.001872414	0.001714887	-0.119987714	-0.000776540	0.065951075
4.304000000	0.042546840	0.457596861	0.532187714	0.050885735	-0.990378680	-3.169513880	-0.100275524	0.002034184	0.001593151	-0.119987530	-0.000823187	0.065952237
4.305000000	0.042446565	0.457598977	0.532189246	0.050765747	-0.990379527	-3.169447927	-0.100274172	0.002195951	0.001471411	-0.119987114	-0.000869834	0.065953259
4.306000000	0.042346292	0.457601253	0.532190657	0.050645761	-0.990380420	-3.169381974	-0.100272634	0.002357714	0.001349669	-0.119986466	-0.000916480	0.065954141
4.307000000	0.042246020	0.457603692	0.532191945	0.050525774	-0.990381360	-3.169316019	-0.100270911	0.002519473	0.001227926	-0.119985586	-0.000963125	0.065954883
4.308000000	0.042145750	0.457606292	0.532193112	0.050405789	-0.990382346	-3.169250064	-0.100269003	0.002681228	0.001106179	-0.119984473	-0.001009769	0.065955484
4.309000000	0.042045482	0.457609054	0.532194158	0.050285805	-0.990383379	-3.169184108	-0.100266909	0.002842978	0.000984431	-0.119983128	-0.001056412	0.065955944
4.310000000	0.041945216	0.457611978	0.532195081	0.050165823	-0.990384459	-3.169118152	-0.100264630	0.003004723	0.000862681	-0.119981551	-0.001103053	0.065956265
4.311000000	0.041844952	0.457615064	0.532195883	0.050045842	-0.990385585	-3.169052195	-0.100262165	0.003166462	0.000740930	-0.119979741	-0.001149693	0.065956445
4.312000000	0.041744692	0.457618311	0.532196563	0.049925864	-0.990386758	-3.168986239	-0.100259515	0.003328196	0.000619177	-0.119977699	-0.001196330	0.065956484
4.313000000	0.041644433	0.457621720	0.532197121	0.049805887	-0.990387978	-3.168920282	-0.100256680	0.003489924	0.000497424	-0.119975425	-0.001242966	0.065956384
4.314000000	0.041544178	0.457625291	0.532197558	0.049685913	-0.990389244	-3.168854326	-0.100253660	0.003651645	0.000375669	-0.119972919	-0.001289600	0.065956143
4.315000000	0.041443926	0.457629024	0.532197873	0.049565941	-0.990390557	-3.168788370	-0.100250454	0.003813359	0.000253914	-0.119970180	-0.001336231	0.065955762
4.316000000	0.041343677	0.457632918	0.532198066	0.049445972	-0.990391917	-3.168722415	-0.100247063	0.003975066	0.000132158	-0.119967209	-0.001382859	0.065955240
4.317000000	0.041243432	0.457636974	0.532198137	0.049326007	-0.990393323	-3.168656460	-0.100243486	0.004136767	0.000010402	-0.119964006	-0.001429486	0.065954578
4.318000000	0.041143190	0.457641191	0.532198087	0.049206044	-0.990394776	-3.168590506	-0.100239725	0.004298459	-0.000111354	-0.119960571	-0.001476109	0.065953776
4.319000000	0.041042953	0.457645571	0.532197914	0.049086086	-0.990396275	-3.168524552	-0.100235777	0.004460144	-0.000233110	-0.119956903	-0.001522729	0.065952833
4.320000000	0.040942719	0.457650112	0.532197620	0.048966131	-0.990397821	-3.168458600	-0.100231645	0.004621820	-0.000354865	-0.119953003	-0.001569346	0.065951750
4.321000000	0.040842489	0.457654814	0.532197205	0.048846180	-0.990399414	-3.168392649	-0.100227327	0.004783487	-0.000476620	-0.119948870	-0.001615960	0.065950527
4.322000000	0.040742264	0.457659679	0.532196667	0.048726233	-0.990401053	-3.168326699	-0.100222824	0.004945146	-0.000598374	-0.119944506	-0.001662571	0.065949163
4.323000000	0.040642044	0.457664705	0.532196008	0.048606291	-0.990402739	-3.168260750	-0.100218136	0.005106795	-0.000720126	-0.119939910	-0.001709177	0.065947659
4.324000000	0.040541828	0.457669892	0.532195227	0.048486353	-0.990404471	-3.168194803	-0.100213263	0.005268434	-0.000841878	-0.119935081	-0.001755780	0.065946015
4.325000000	0.040441617	0.457675241	0.532194324	0.048366420	-0.990406250	-3.168128858	-0.100208204	0.005430064	-0.000963628	-0.119930020	-0.001802379	0.065944230
4.326000000	0.040341411	0.457680752	0.532193300	0.048246493	-0.990408076	-3.168062915	-0.100202960	0.005591683	-0.001085377	-0.119924727	-0.001848974	0.065942306
4.327000000	0.040241211	0.457686425	0.532192153	0.048126571	-0.990409948	-3.167996974	-0.100197531	0.005753292	-0.001207123	-0.119919202	-0.001895564	0.065940241
4.328000000	0.040141016	0.457692259	0.532190885	0.048006655	-0.990411867	-3.167931035	-0.100191917	0.005914889	-0.001328868	-0.119913445	-0.001942150	0.065938036
4.329000000	0.040040827	0.457698255	0.532189496	0.047886744	-0.990413833	-3.167865098	-0.100186117	0.006076476	-0.001450610	-0.119907455	-0.001988732	0.065935690
4.330000000	0.039940644	0.457704412	0.532187984	0.047766840	-0.990415845	-3.167799163	-0.100180133	0.006238050	-0.001572349	-0.119901234	-0.002035308	0.065933205
4.331000000	0.039840467	0.457710731	0.532186351	0.047646942	-0.990417903	-3.167733231	-0.100173963	0.006399613	-0.001694086	-0.119894780	-0.002081880	0.065930578
4.332000000	0.039740296	0.457717211	0.532184596	0.047527050	-0.990420008	-3.167667302	-0.100167608	0.006561164	-0.001815820	-0.119888094	-0.002128446	0.065927812
4.333000000	0.039640132	0.457723853	0.532182719	0.047407165	-0.990422160	-3.167601376	-0.100161068	0.006722702	-0.001937551	-0.119881177	-0.002175008	0.065924906
4.334000000	0.039539974	0.457730656	0.532180721	0.047287288	-0.990424358	-3.167535452	-0.100154343	0.006884227	-0.002059278	-0.119874027	-0.002221563	0.065921860
4.335000000	0.039439823	0.457737621	0.532178601	0.047167417	-0.990426603	-3.167469532	-0.100147432	0.007045739	-0.002181002	-0.119866645	-0.002268113	0.065918673
4.336000000	0.039339679	0.457744748	0.532176359	0.047047554	-0.990428895	-3.167403615	-0.100140337	0.007207237	-0.002302721	-0.119859032	-0.002314658	0.065915346
4.337000000	0.039239542	0.457752036	0.532173995	0.046927699	-0.990431233	-3.167337701	-0.100133056	0.007368722	-0.002424437	-0.119851186	-0.002361196	0.065911879
4.338000000	0.039139413	0.457759485	0.532171510	0.046807852	-0.990433617	-3.167271791	-0.100125591	0.007530193	-0.002546149	-0.119843108	-0.002407728	0.065908272
4.339000000	0.039039291	0.457767096	0.532168903	0.046688013	-0.990436048	-3.167205885	-0.100117941	0.007691648	-0.002667856	-0.119834799	-0.002454254	0.065904525
4.340000000	0.038939177	0.457774869	0.532166174	0.046568182	-0.990438526	-3.167139982	-0.100110105	0.007853089	-0.002789558	-0.119826258	-0.002500773	0.065900638
4.341000000	0.038839071	0.457782802	0.532163324	0.046448361	-0.990441050	-3.167074083	-0.100102085	0.008014515	-0.002911256	-0.119817485	-0.002547286	0.065896610
4.342000000	0.038738973	0.457790898	0.532160352	0.046328548	-0.990443620	-3.167008189	-0.100093879	0.008175925	-0.003032949	-0.119808480	-0.002593793	0.065892443
4.343000000	0.038638883	0.457799154	0.532157258	0.046208744	-0.990446237	-3.166942298	-0.100085489	0.008337320	-0.003154636	-0.119799243	-0.002640292	0.065888135
4.344000000	0.038538802	0.457807572	0.532154043	0.046088949	-0.990448901	-3.166876413	-0.100076914	0.008498698	-0.003276318	-0.119789774	-0.002686783	0.065883688
4.345000000	0.038438729	0.457816152	0.532150705	0.045969164	-0.990451611	-3.166810531	-0.100068153	0.008660060	-0.003397994	-0.119780074	-0.002733268	0.065879100
4.346000000	0.038338666	0.457824892	0.532147247	0.045849389	-0.990454367	-3.166744654	-0.100059208	0.008821404	-0.003519664	-0.119770142	-0.002779745	0.065874373
4.347000000	0.038238611	0.457833795	0.532143666	0.045729624	-0.990457170	-3.166678782	-0.100050079	0.008982732	-0.003641328	-0.119759978	-0.002826215	0.065869506
4.348000000	0.038138566	0.457842858	0.532139964	0.045609869	-0.990460020	-3.166612915	-0.100040764	0.009144043	-0.003762985	-0.119749582	-0.002872677	0.065864498
4.349000000	0.038038530	0.457852083	0.532136140	0.045490125	-0.990462916	-3.166547053	-0.100031264	0.009305336	-0.003884636	-0.119738955	-0.002919131	0.065859351
4.350000000	0.037938503	0.457861469	0.532132195	0.045370391	-0.990465858	-3.166481197	-0.100021580	0.009466610	-0.004006280	-0.119728096	-0.002965577	0.065854064
4.351000000	0.037838486	0.457871016	0.532128128	0.045250668	-0.990468847	-3.166415345	-0.100011711	0.009627866	-0.004127917	-0.119717006	-0.003012014	0.065848637
4.352000000	0.037738480	0.457880724	0.532123939	0.045130957	-0.990471882	-3.166349499	-0.100001657	0.009789104	-0.004249547	-0.119705685	-0.003058443	0.065843070
4.353000000	0.037638483	0.457890594	0.532119628	0.045011257	-0.990474964	-3.166283659	-0.099991418	0.009950322	-0.004371170	-0.119694131	-0.003104864	0.065837363
4.354000000	0.037538497	0.457900625	0.532115196	0.044891569	-0.990478092	-3.166217825	-0.099980995	0.010111521	-0.004492785	-0.119682346	-0.003151276	0.065831517
4.355000000	0.037438521	0.457910817	0.532110643	0.044771892	-0.990481266	-3.166151996	-0.099970387	0.010272700	-0.004614392	-0.119670330	-0.003197678	0.065825531
4.356000000	0.037338556	0.457921170	0.532105968	0.044652228	-0.990484487	-3.166086174	-0.099959595	0.010433859	-0.004735991	-0.119658083	-0.003244072	0.065819405
4.357000000	0.037238602	0.457931685	0.532101171	0.044532576	-0.990487754	-3.166020357	-0.099948618	0.010594998	-0.004857581	-0.119645604	-0.003290456	0.065813139
4.358000000	0.037138659	0.457942360	0.532096252	0.044412937	-0.990491068	-3.165954547	-0.099937456	0.010756116	-0.004979163	-0.119632893	-0.003336832	0.065806734
4.359000000	0.037038727	0.457953197	0.532091213	0.044293310	-0.990494428	-3.165888744	-0.099926110	0.010917213	-0.005100737	-0.119619952	-0.003383197	0.065800189
4.360000000	0.036938807	0.457964195	0.532086051	0.044173697	-0.990497834	-3.165822947	-0.099914579	0.011078289	-0.005222301	-0.119606779	-0.003429553	0.065793504
4.361000000	0.036838898	0.457975354	0.532080768	0.044054097	-0.990501287	-3.165757157	-0.099902864	0.011239343	-0.005343857	-0.119593375	-0.003475899	0.065786680
4.362000000	0.036739001	0.457986673	0.532075363	0.043934510	-0.990504786	-3.165691374	-0.099890964	0.011400375	-0.005465403	-0.119579740	-0.003522234	0.065779716
4.363000000	0.036639116	0.457998154	0.532069837	0.043814937	-0.990508332	-3.165625597	-0.099878880	0.011561385	-0.005586939	-0.119565873	-0.003568560	0.065772612
4.364000000	0.036539243	0.458009796	0.532064189	0.043695378	-0.990511923	-3.165559828	-0.099866612	0.011722372	-0.005708466	-0.119551776	-0.003614875	0.065765369
4.365000000	0.036439383	0.458021599	0.532058420	0.043575834	-0.990515561	-3.165494067	-0.099854159	0.011883336	-0.005829983	-0.119537448	-0.003661179	0.065757987
4.366000000	0.036339535	0.458033563	0.532052529	0.043456304	-0.990519246	-3.165428312	-0.099841522	0.012044277	-0.005951489	-0.119522888	-0.003707473	0.065750465
4.367000000	0.036239700	0.458045688	0.532046517	0.043336788	-0.990522976	-3.165362566	-0.099828700	0.012205194	-0.006072985	-0.119508098	-0.003753756	0.065742804
4.368000000	0.036139877	0.458057973	0.532040383	0.043217287	-0.990526753	-3.165296827	-0.099815695	0.012366087	-0.006194471	-0.119493076	-0.003800027	0.065735003
4.369000000	0.036040068	0.458070420	0.532034128	0.043097802	-0.990530576	-3.165231096	-0.099802505	0.012526957	-0.006315945	-0.119477824	-0.003846288	0.065727063
4.370000000	0.035940272	0.458083027	0.532027752	0.042978332	-0.990534446	-3.165165373	-0.099789131	0.012687801	-0.006437409	-0.119462341	-0.003892537	0.065718983
4.371000000	0.035840490	0.458095795	0.532021253	0.042858877	-0.990538361	-3.165099658	-0.099775572	0.012848621	-0.006558862	-0.119446628	-0.003938775	0.065710765
4.372000000	0.035740721	0.458108724	0.532014634	0.042739438	-0.990542323	-3.165033951	-0.099761830	0.013009415	-0.006680303	-0.119430683	-0.003985001	0.065702407
4.373000000	0.035640966	0.458121814	0.532007893	0.042620016	-0.990546331	-3.164968253	-0.099747904	0.013170184	-0.006801732	-0.119414508	-0.004031215	0.065693909
4.374000000	0.035541225	0.458135065	0.532001030	0.042500609	-0.990550386	-3.164902563	-0.099733793	0.013330927	-0.006923149	-0.119398102	-0.004077416	0.065685273
4.375000000	0.035441499	0.458148476	0.531994047	0.042381220	-0.990554486	-3.164836882	-0.099719498	0.013491644	-0.007044555	-0.119381466	-0.004123606	0.065676497
4.376000000	0.035341786	0.458162048	0.531986941	0.042261847	-0.990558633	-3.164771210	-0.099705020	0.013652334	-0.007165947	-0.119364599	-0.004169783	0.065667583
4.377000000	0.035242089	0.458175781	0.531979715	0.042142490	-0.990562826	-3.164705547	-0.099690358	0.013812997	-0.007287328	-0.119347502	-0.004215948	0.065658529
4.378000000	0.035142406	0.458189674	0.531972367	0.042023152	-0.990567065	-3.164639893	-0.099675511	0.013973634	-0.007408696	-0.119330174	-0.004262101	0.065649336
4.379000000	0.035042738	0.458203728	0.531964897	0.041903830	-0.990571350	-3.164574249	-0.099660481	0.014134242	-0.007530050	-0.119312616	-0.004308240	0.065640004
4.380000000	0.034943085	0.458217943	0.531957307	0.041784526	-0.990575681	-3.164508613	-0.099645267	0.014294823	-0.007651392	-0.119294827	-0.004354366	0.065630533
4.381000000	0.034843447	0.458232318	0.531949594	0.041665240	-0.990580059	-3.164442987	-0.099629869	0.014455376	-0.007772720	-0.119276809	-0.004400479	0.065620924
4.382000000	0.034743825	0.458246853	0.531941761	0.041545973	-0.990584482	-3.164377371	-0.099614288	0.014615901	-0.007894035	-0.119258560	-0.004446579	0.065611175
4.383000000	0.034644219	0.458261549	0.531933806	0.041426723	-0.990588952	-3.164311765	-0.099598523	0.014776396	-0.008015335	-0.119240081	-0.004492665	0.065601287
4.384000000	0.034544628	0.458276406	0.531925730	0.041307493	-0.990593468	-3.164246169	-0.099582574	0.014936862	-0.008136622	-0.119221372	-0.004538737	0.065591261
4.385000000	0.034445053	0.458291423	0.531917533	0.041188281	-0.990598029	-3.164180583	-0.099566442	0.015097299	-0.008257895	-0.119202433	-0.004584796	0.065581096
4.386000000	0.034345495	0.458306601	0.531909215	0.041069088	-0.990602637	-3.164115007	-0.099550125	0.015257707	-0.008379153	-0.119183264	-0.004630841	0.065570792
4.387000000	0.034245953	0.458321939	0.531900775	0.040949914	-0.990607291	-3.164049441	-0.099533626	0.015418084	-0.008500396	-0.119163865	-0.004676871	0.065560350
4.388000000	0.034146428	0.458337437	0.531892214	0.040830760	-0.990611991	-3.163983886	-0.099516943	0.015578431	-0.008621625	-0.119144236	-0.004722887	0.065549769
4.389000000	0.034046919	0.458353095	0.531883532	0.040711626	-0.990616737	-3.163918341	-0.099500076	0.015738747	-0.008742839	-0.119124377	-0.004768889	0.065539049
4.390000000	0.033947428	0.458368914	0.531874728	0.040592511	-0.990621529	-3.163852808	-0.099483026	0.015899032	-0.008864037	-0.119104289	-0.004814876	0.065528191
4.391000000	0.033847953	0.458384894	0.531865804	0.040473417	-0.990626367	-3.163787285	-0.099465793	0.016059286	-0.008985220	-0.119083971	-0.004860848	0.065517194
4.392000000	0.033748496	0.458401033	0.531856758	0.040354343	-0.990631250	-3.163721773	-0.099448377	0.016219508	-0.009106387	-0.119063423	-0.004906805	0.065506059
4.393000000	0.033649056	0.458417333	0.531847591	0.040235290	-0.990636180	-3.163656273	-0.099430777	0.016379698	-0.009227538	-0.119042646	-0.004952747	0.065494785
4.394000000	0.033549635	0.458433792	0.531838303	0.040116258	-0.990641156	-3.163590784	-0.099412994	0.016539856	-0.009348673	-0.119021639	-0.004998674	0.065483373
4.395000000	0.033450230	0.458450412	0.531828893	0.039997247	-0.990646177	-3.163525306	-0.099395028	0.016699981	-0.009469792	-0.119000403	-0.005044586	0.065471823
4.396000000	0.033350844	0.458467192	0.531819363	0.039878257	-0.990651245	-3.163459840	-0.099376878	0.016860074	-0.009590894	-0.118978938	-0.005090481	0.065460134
4.397000000	0.033251477	0.458484132	0.531809712	0.039759289	-0.990656358	-3.163394386	-0.099358546	0.017020133	-0.009711979	-0.118957243	-0.005136361	0.065448307
4.398000000	0.033152127	0.458501233	0.531799939	0.039640343	-0.990661518	-3.163328944	-0.099340031	0.017180158	-0.009833048	-0.118935319	-0.005182225	0.065436342
4.399000000	0.033052797	0.458518493	0.531790046	0.039521418	-0.990666723	-3.163263513	-0.099321332	0.017340149	-0.009954099	-0.118913166	-0.005228073	0.065424239
4.400000000	0.032953485	0.458535913	0.531780031	0.039402516	-0.990671974	-3.163198095	-0.099302451	0.017500107	-0.010075133	-0.118890784	-0.005273905	0.065411998
4.401000000	0.032854192	0.458553493	0.531769895	0.039283637	-0.990677271	-3.163132689	-0.099283387	0.017660029	-0.010196149	-0.118868172	-0.005319720	0.065399618
4.402000000	0.032754918	0.458571233	0.531759639	0.039164780	-0.990682613	-3.163067296	-0.099264140	0.017819917	-0.010317148	-0.118845332	-0.005365519	0.065387101
4.403000000	0.032655663	0.458589133	0.531749261	0.039045946	-0.990688002	-3.163001915	-0.099244711	0.017979770	-0.010438128	-0.118822263	-0.005411300	0.065374446
4.404000000	0.032556429	0.458607192	0.531738762	0.038927135	-0.990693436	-3.162936547	-0.099225098	0.018139587	-0.010559090	-0.118798965	-0.005457065	0.065361653
4.405000000	0.032457213	0.458625412	0.531728143	0.038808348	-0.990698916	-3.162871192	-0.099205303	0.018299368	-0.010680034	-0.118775439	-0.005502813	0.065348722
4.406000000	0.032358018	0.458643791	0.531717402	0.038689585	-0.990704442	-3.162805850	-0.099185325	0.018459113	-0.010800959	-0.118751684	-0.005548544	0.065335653
4.407000000	0.032258843	0.458662330	0.531706541	0.038570845	-0.990710013	-3.162740520	-0.099165165	0.018618822	-0.010921865	-0.118727700	-0.005594257	0.065322447
4.408000000	0.032159688	0.458681029	0.531695559	0.038452129	-0.990715630	-3.162675205	-0.099144822	0.018778494	-0.011042752	-0.118703487	-0.005639953	0.065309103
4.409000000	0.032060553	0.458699887	0.531684455	0.038333438	-0.990721293	-3.162609902	-0.099124297	0.018938129	-0.011163620	-0.118679047	-0.005685631	0.065295621
4.410000000	0.031961439	0.458718905	0.531673231	0.038214771	-0.990727001	-3.162544613	-0.099103590	0.019097726	-0.011284468	-0.118654377	-0.005731291	0.065282002
4.411000000	0.031862346	0.458738083	0.531661886	0.038096129	-0.990732755	-3.162479338	-0.099082700	0.019257285	-0.011405297	-0.118629480	-0.005776933	0.065268245
4.412000000	0.031763274	0.458757420	0.531650421	0.037977512	-0.990738555	-3.162414077	-0.099061627	0.019416807	-0.011526106	-0.118604354	-0.005822557	0.065254351
4.413000000	0.031664223	0.458776916	0.531638834	0.037858920	-0.990744401	-3.162348830	-0.099040373	0.019576290	-0.011646894	-0.118579001	-0.005868162	0.065240319
4.414000000	0.031565193	0.458796572	0.531627127	0.037740354	-0.990750292	-3.162283596	-0.099018936	0.019735734	-0.011767663	-0.118553419	-0.005913749	0.065226150
4.415000000	0.031466185	0.458816388	0.531615299	0.037621814	-0.990756228	-3.162218377	-0.098997318	0.019895139	-0.011888410	-0.118527609	-0.005959318	0.065211844
4.416000000	0.031367198	0.458836363	0.531603350	0.037503299	-0.990762210	-3.162153173	-0.098975517	0.020054505	-0.012009137	-0.118501571	-0.006004867	0.065197400
4.417000000	0.031268234	0.458856497	0.531591281	0.037384810	-0.990768238	-3.162087982	-0.098953534	0.020213832	-0.012129843	-0.118475306	-0.006050398	0.065182820
4.418000000	0.031169291	0.458876790	0.531579090	0.037266348	-0.990774311	-3.162022807	-0.098931369	0.020373118	-0.012250528	-0.118448812	-0.006095909	0.065168102
4.419000000	0.031070371	0.458897243	0.531566780	0.037147913	-0.990780430	-3.161957646	-0.098909023	0.020532364	-0.012371191	-0.118422092	-0.006141401	0.065153247
4.420000000	0.030971473	0.458917855	0.531554348	0.037029504	-0.990786594	-3.161892500	-0.098886494	0.020691570	-0.012491833	-0.118395143	-0.006186874	0.065138255
4.421000000	0.030872598	0.458938626	0.531541796	0.036911122	-0.990792803	-3.161827370	-0.098863784	0.020850734	-0.012612452	-0.118367967	-0.006232327	0.065123127
4.422000000	0.030773746	0.458959556	0.531529123	0.036792768	-0.990799058	-3.161762254	-0.098840892	0.021009857	-0.012733050	-0.118340564	-0.006277760	0.065107861
4.423000000	0.030674916	0.458980646	0.531516330	0.036674441	-0.990805359	-3.161697154	-0.098817819	0.021168939	-0.012853626	-0.118312933	-0.006323173	0.065092459
4.424000000	0.030576110	0.459001894	0.531503416	0.036556142	-0.990811705	-3.161632069	-0.098794564	0.021327979	-0.012974179	-0.118285075	-0.006368566	0.065076920
4.425000000	0.030477327	0.459023302	0.531490381	0.036437871	-0.990818096	-3.161567000	-0.098771127	0.021486977	-0.013094710	-0.118256990	-0.006413939	0.065061244
4.426000000	0.030378568	0.459044868	0.531477226	0.036319628	-0.990824533	-3.161501947	-0.098747509	0.021645931	-0.013215217	-0.118228678	-0.006459292	0.065045432
4.427000000	0.030279832	0.459066594	0.531463951	0.036201414	-0.990831015	-3.161436909	-0.098723709	0.021804844	-0.013335702	-0.118200139	-0.006504624	0.065029483
4.428000000	0.030181120	0.459088478	0.531450555	0.036083228	-0.990837542	-3.161371888	-0.098699728	0.021963713	-0.013456163	-0.118171373	-0.006549935	0.065013397
4.429000000	0.030082433	0.459110521	0.531437039	0.035965071	-0.990844114	-3.161306883	-0.098675566	0.022122538	-0.013576601	-0.118142380	-0.006595225	0.064997175
4.430000000	0.029983769	0.459132723	0.531423402	0.035846943	-0.990850732	-3.161241893	-0.098651223	0.022281320	-0.013697015	-0.118113161	-0.006640494	0.064980817
4.431000000	0.029885130	0.459155084	0.531409645	0.035728845	-0.990857395	-3.161176921	-0.098626699	0.022440058	-0.013817405	-0.118083715	-0.006685742	0.064964323
4.432000000	0.029786516	0.459177603	0.531395767	0.035610776	-0.990864104	-3.161111965	-0.098601993	0.022598751	-0.013937771	-0.118054043	-0.006730969	0.064947692
4.433000000	0.029687926	0.459200281	0.531381769	0.035492737	-0.990870857	-3.161047025	-0.098577107	0.022757400	-0.014058113	-0.118024143	-0.006776174	0.064930925
4.434000000	0.029589361	0.459223118	0.531367651	0.035374728	-0.990877656	-3.160982103	-0.098552039	0.022916003	-0.014178430	-0.117994018	-0.006821358	0.064914022
4.435000000	0.029490822	0.459246113	0.531353412	0.035256749	-0.990884500	-3.160917197	-0.098526791	0.023074561	-0.014298722	-0.117963666	-0.006866519	0.064896983
4.436000000	0.029392308	0.459269267	0.531339053	0.035138800	-0.990891389	-3.160852309	-0.098501362	0.023233074	-0.014418989	-0.117933089	-0.006911659	0.064879808
4.437000000	0.029293819	0.459292579	0.531324574	0.035020882	-0.990898323	-3.160787438	-0.098475752	0.023391540	-0.014539232	-0.117902285	-0.006956776	0.064862498
4.438000000	0.029195356	0.459316050	0.531309975	0.034902996	-0.990905303	-3.160722584	-0.098449962	0.023549960	-0.014659449	-0.117871255	-0.007001871	0.064845051
4.439000000	0.029096919	0.459339679	0.531295255	0.034785140	-0.990912327	-3.160657748	-0.098423990	0.023708334	-0.014779640	-0.117839999	-0.007046944	0.064827469
4.440000000	0.028998508	0.459363467	0.531280416	0.034667316	-0.990919397	-3.160592929	-0.098397839	0.023866660	-0.014899805	-0.117808518	-0.007091994	0.064809750
4.441000000	0.028900124	0.459387413	0.531265456	0.034549523	-0.990926511	-3.160528128	-0.098371507	0.024024940	-0.015019945	-0.117776811	-0.007137022	0.064791897
4.442000000	0.028801765	0.459411517	0.531250376	0.034431762	-0.990933671	-3.160463345	-0.098344994	0.024183171	-0.015140058	-0.117744878	-0.007182026	0.064773908
4.443000000	0.028703434	0.459435779	0.531235176	0.034314033	-0.990940875	-3.160398580	-0.098318301	0.024341355	-0.015260145	-0.117712720	-0.007227007	0.064755783
4.444000000	0.028605129	0.459460199	0.531219855	0.034196337	-0.990948125	-3.160333834	-0.098291428	0.024499491	-0.015380205	-0.117680337	-0.007271965	0.064737523
4.445000000	0.028506851	0.459484778	0.531204415	0.034078672	-0.990955419	-3.160269105	-0.098264375	0.024657578	-0.015500238	-0.117647728	-0.007316900	0.064719128
4.446000000	0.028408600	0.459509515	0.531188855	0.033961041	-0.990962758	-3.160204395	-0.098237142	0.024815616	-0.015620245	-0.117614894	-0.007361811	0.064700597
4.447000000	0.028310377	0.459534409	0.531173175	0.033843443	-0.990970143	-3.160139704	-0.098209728	0.024973605	-0.015740224	-0.117581835	-0.007406699	0.064681931
4.448000000	0.028212181	0.459559462	0.531157375	0.033725877	-0.990977572	-3.160075032	-0.098182135	0.025131545	-0.015860175	-0.117548551	-0.007451562	0.064663130
4.449000000	0.028114012	0.459584672	0.531141454	0.033608346	-0.990985046	-3.160010378	-0.098154362	0.025289435	-0.015980099	-0.117515042	-0.007496402	0.064644194
4.450000000	0.028015872	0.459610041	0.531125414	0.033490847	-0.990992565	-3.159945743	-0.098126409	0.025447275	-0.016099995	-0.117481309	-0.007541217	0.064625124
4.451000000	0.027917759	0.459635567	0.531109254	0.033373383	-0.991000128	-3.159881128	-0.098098276	0.025605064	-0.016219863	-0.117447350	-0.007586008	0.064605918
4.452000000	0.027819675	0.459661251	0.531092975	0.033255953	-0.991007737	-3.159816531	-0.098069964	0.025762803	-0.016339702	-0.117413168	-0.007630775	0.064586577
4.453000000	0.027721620	0.459687092	0.531076575	0.033138557	-0.991015390	-3.159751955	-0.098041472	0.025920490	-0.016459513	-0.117378760	-0.007675516	0.064567102
4.454000000	0.027623592	0.459713092	0.531060056	0.033021195	-0.991023088	-3.159687397	-0.098012801	0.026078127	-0.016579296	-0.117344129	-0.007720234	0.064547492
4.455000000	0.027525594	0.459739249	0.531043416	0.032903868	-0.991030830	-3.159622860	-0.097983950	0.026235712	-0.016699049	-0.117309273	-0.007764926	0.064527748
4.456000000	0.027427624	0.459765563	0.531026657	0.032786577	-0.991038618	-3.159558342	-0.097954919	0.026393244	-0.016818773	-0.117274193	-0.007809593	0.064507869
4.457000000	0.027329684	0.459792035	0.531009779	0.032669320	-0.991046450	-3.159493844	-0.097925710	0.026550724	-0.016938468	-0.117238889	-0.007854235	0.064487856
4.458000000	0.027231773	0.459818665	0.530992781	0.032552099	-0.991054326	-3.159429366	-0.097896321	0.026708152	-0.017058134	-0.117203361	-0.007898851	0.064467708
4.459000000	0.027133891	0.459845451	0.530975663	0.032434913	-0.991062247	-3.159364908	-0.097866753	0.026865528	-0.017177769	-0.117167609	-0.007943442	0.064447426
4.460000000	0.027036040	0.459872396	0.530958425	0.032317764	-0.991070213	-3.159300471	-0.097837007	0.027022849	-0.017297375	-0.117131634	-0.007988007	0.064427010
4.461000000	0.026938217	0.459899497	0.530941068	0.032200650	-0.991078223	-3.159236054	-0.097807081	0.027180117	-0.017416950	-0.117095435	-0.008032547	0.064406460
4.462000000	0.026840425	0.459926756	0.530923591	0.032083573	-0.991086278	-3.159171658	-0.097776976	0.027337332	-0.017536495	-0.117059012	-0.008077060	0.064385776
4.463000000	0.026742663	0.459954172	0.530905995	0.031966532	-0.991094377	-3.159107283	-0.097746693	0.027494492	-0.017656010	-0.117022367	-0.008121547	0.064364958
4.464000000	0.026644932	0.459981745	0.530888279	0.031849528	-0.991102521	-3.159042928	-0.097716230	0.027651598	-0.017775494	-0.116985497	-0.008166008	0.064344006
4.465000000	0.026547231	0.460009475	0.530870444	0.031732561	-0.991110709	-3.158978595	-0.097685590	0.027808649	-0.017894946	-0.116948405	-0.008210442	0.064322921
4.466000000	0.026449561	0.460037362	0.530852489	0.031615631	-0.991118942	-3.158914282	-0.097654770	0.027965644	-0.018014367	-0.116911090	-0.008254850	0.064301701
4.467000000	0.026351921	0.460065406	0.530834415	0.031498739	-0.991127219	-3.158849991	-0.097623772	0.028122585	-0.018133757	-0.116873552	-0.008299231	0.064280348
4.468000000	0.026254313	0.460093607	0.530816222	0.031381884	-0.991135540	-3.158785722	-0.097592596	0.028279470	-0.018253116	-0.116835791	-0.008343585	0.064258862
4.469000000	0.026156736	0.460121965	0.530797909	0.031265067	-0.991143906	-3.158721474	-0.097561242	0.028436299	-0.018372443	-0.116797808	-0.008387912	0.064237242
4.470000000	0.026059191	0.460150480	0.530779477	0.031148288	-0.991152316	-3.158657247	-0.097529709	0.028593071	-0.018491737	-0.116759602	-0.008432211	0.064215489
4.471000000	0.025961677	0.460179151	0.530760925	0.031031548	-0.991160771	-3.158593043	-0.097497998	0.028749787	-0.018610999	-0.116721173	-0.008476484	0.064193603
4.472000000	0.025864195	0.460207979	0.530742255	0.030914846	-0.991169269	-3.158528860	-0.097466109	0.028906447	-0.018730229	-0.116682522	-0.008520729	0.064171583
4.473000000	0.025766745	0.460236964	0.530723465	0.030798183	-0.991177812	-3.158464700	-0.097434042	0.029063048	-0.018849426	-0.116643649	-0.008564946	0.064149431
4.474000000	0.025669327	0.460266106	0.530704556	0.030681559	-0.991186399	-3.158400561	-0.097401797	0.029219592	-0.018968590	-0.116604554	-0.008609135	0.064127145
4.475000000	0.025571941	0.460295403	0.530685528	0.030564974	-0.991195030	-3.158336445	-0.097369375	0.029376079	-0.019087722	-0.116565237	-0.008653296	0.064104727
4.476000000	0.025474588	0.460324858	0.530666381	0.030448428	-0.991203706	-3.158272352	-0.097336774	0.029532507	-0.019206819	-0.116525699	-0.008697429	0.064082176
4.477000000	0.025377268	0.460354468	0.530647114	0.030331922	-0.991212425	-3.158208281	-0.097303996	0.029688876	-0.019325884	-0.116485938	-0.008741534	0.064059492
4.478000000	0.025279980	0.460384236	0.530627729	0.030215456	-0.991221189	-3.158144233	-0.097271041	0.029845187	-0.019444915	-0.116445956	-0.008785611	0.064036675
4.479000000	0.025182725	0.460414159	0.530608224	0.030099031	-0.991229996	-3.158080208	-0.097237908	0.030001439	-0.019563912	-0.116405752	-0.008829658	0.064013726
4.480000000	0.025085504	0.460444238	0.530588601	0.029982645	-0.991238848	-3.158016205	-0.097204598	0.030157632	-0.019682874	-0.116365327	-0.008873677	0.063990644
4.481000000	0.024988316	0.460474474	0.530568859	0.029866300	-0.991247744	-3.157952226	-0.097171110	0.030313764	-0.019801803	-0.116324681	-0.008917668	0.063967430
4.482000000	0.024891162	0.460504866	0.530548997	0.029749996	-0.991256683	-3.157888270	-0.097137446	0.030469837	-0.019920696	-0.116283814	-0.008961629	0.063944084
4.483000000	0.024794041	0.460535414	0.530529017	0.029633732	-0.991265667	-3.157824338	-0.097103604	0.030625849	-0.020039556	-0.116242726	-0.009005561	0.063920606
4.484000000	0.024696955	0.460566118	0.530508918	0.029517510	-0.991274695	-3.157760429	-0.097069585	0.030781801	-0.020158380	-0.116201417	-0.009049464	0.063896995
4.485000000	0.024599902	0.460596977	0.530488700	0.029401329	-0.991283766	-3.157696544	-0.097035389	0.030937692	-0.020277169	-0.116159887	-0.009093337	0.063873253
4.486000000	0.024502884	0.460627993	0.530468364	0.029285190	-0.991292881	-3.157632683	-0.097001017	0.031093521	-0.020395922	-0.116118137	-0.009137180	0.063849378
4.487000000	0.024405900	0.460659164	0.530447909	0.029169093	-0.991302040	-3.157568845	-0.096966467	0.031249289	-0.020514641	-0.116076166	-0.009180994	0.063825372
4.488000000	0.024308951	0.460690492	0.530427335	0.029053038	-0.991311243	-3.157505032	-0.096931742	0.031404995	-0.020633323	-0.116033975	-0.009224778	0.063801234
4.489000000	0.024212037	0.460721974	0.530406642	0.028937025	-0.991320490	-3.157441243	-0.096896839	0.031560639	-0.020751970	-0.115991564	-0.009268532	0.063776965
4.490000000	0.024115157	0.460753613	0.530385831	0.028821055	-0.991329780	-3.157377478	-0.096861760	0.031716221	-0.020870580	-0.115948932	-0.009312255	0.063752564
4.491000000	0.024018313	0.460785407	0.530364901	0.028705127	-0.991339114	-3.157313738	-0.096826505	0.031871739	-0.020989154	-0.115906081	-0.009355948	0.063728031
4.492000000	0.023921504	0.460817356	0.530343852	0.028589243	-0.991348492	-3.157250022	-0.096791074	0.032027195	-0.021107691	-0.115863010	-0.009399611	0.063703368
4.493000000	0.023824731	0.460849461	0.530322685	0.028473401	-0.991357914	-3.157186331	-0.096755466	0.032182587	-0.021226192	-0.115819719	-0.009443243	0.063678573
4.494000000	0.023727993	0.460881722	0.530301400	0.028357603	-0.991367379	-3.157122665	-0.096719683	0.032337916	-0.021344656	-0.115776209	-0.009486844	0.063653647
4.495000000	0.023631292	0.460914137	0.530279996	0.028241849	-0.991376887	-3.157059024	-0.096683723	0.032493180	-0.021463082	-0.115732479	-0.009530414	0.063628589
4.496000000	0.023534626	0.460946708	0.530258474	0.028126138	-0.991386440	-3.156995408	-0.096647587	0.032648380	-0.021581471	-0.115688530	-0.009573953	0.063603401
4.497000000	0.023437996	0.460979434	0.530236833	0.028010472	-0.991396035	-3.156931817	-0.096611276	0.032803516	-0.021699822	-0.115644362	-0.009617461	0.063578082
4.498000000	0.023341403	0.461012315	0.530215074	0.027894850	-0.991405674	-3.156868251	-0.096574789	0.032958587	-0.021818136	-0.115599975	-0.009660938	0.063552633
4.499000000	0.023244847	0.461045351	0.530193197	0.027779272	-0.991415357	-3.156804712	-0.096538126	0.033113592	-0.021936411	-0.115555369	-0.009704383	0.063527052
4.500000000	0.023148327	0.461078542	0.530171201	0.027663739	-0.991425083	-3.156741197	-0.096501288	0.033268532	-0.022054649	-0.115510545	-0.009747796	0.063501341
4.501000000	0.023051844	0.461111888	0.530149088	0.027548251	-0.991434853	-3.156677709	-0.096464275	0.033423407	-0.022172848	-0.115465502	-0.009791177	0.063475500
4.502000000	0.022955399	0.461145389	0.530126856	0.027432808	-0.991444666	-3.156614246	-0.096427086	0.033578215	-0.022291008	-0.115420240	-0.009834527	0.063449528
4.503000000	0.022858990	0.461179044	0.530104506	0.027317410	-0.991454522	-3.156550810	-0.096389722	0.033732956	-0.022409129	-0.115374760	-0.009877844	0.063423427
4.504000000	0.022762619	0.461212855	0.530082037	0.027202058	-0.991464421	-3.156487400	-0.096352183	0.033887631	-0.022527212	-0.115329062	-0.009921129	0.063397195
4.505000000	0.022666286	0.461246820	0.530059451	0.027086752	-0.991474364	-3.156424015	-0.096314469	0.034042239	-0.022645255	-0.115283146	-0.009964382	0.063370832
4.506000000	0.022569990	0.461280939	0.530036747	0.026971492	-0.991484350	-3.156360658	-0.096276580	0.034196779	-0.022763259	-0.115237012	-0.010007602	0.063344341
4.507000000	0.022473733	0.461315213	0.530013925	0.026856278	-0.991494379	-3.156297327	-0.096238516	0.034351252	-0.022881223	-0.115190660	-0.010050789	0.063317719
4.508000000	0.022377513	0.461349642	0.529990984	0.026741111	-0.991504452	-3.156234022	-0.096200278	0.034505657	-0.022999147	-0.115144091	-0.010093943	0.063290967
4.509000000	0.022281332	0.461384225	0.529967926	0.026625990	-0.991514567	-3.156170745	-0.096161865	0.034659994	-0.023117032	-0.115097304	-0.010137065	0.063264086
4.510000000	0.022185189	0.461418962	0.529944750	0.026510916	-0.991524726	-3.156107494	-0.096123278	0.034814262	-0.023234876	-0.115050300	-0.010180153	0.063237075
4.511000000	0.022089086	0.461453853	0.529921457	0.026395889	-0.991534927	-3.156044271	-0.096084516	0.034968462	-0.023352679	-0.115003079	-0.010223209	0.063209935
4.512000000	0.021993020	0.461488899	0.529898045	0.026280910	-0.991545172	-3.155981074	-0.096045580	0.035122591	-0.023470442	-0.114955641	-0.010266230	0.063182666
4.513000000	0.021896994	0.461524098	0.529874516	0.026165978	-0.991555460	-3.155917905	-0.096006469	0.035276652	-0.023588164	-0.114907985	-0.010309218	0.063155267
4.514000000	0.021801007	0.461559452	0.529850869	0.026051094	-0.991565791	-3.155854764	-0.095967185	0.035430643	-0.023705845	-0.114860114	-0.010352173	0.063127739
4.515000000	0.021705060	0.461594960	0.529827104	0.025936258	-0.991576164	-3.155791650	-0.095927727	0.035584564	-0.023823485	-0.114812025	-0.010395093	0.063100083
4.516000000	0.021609152	0.461630621	0.529803222	0.025821470	-0.991586581	-3.155728564	-0.095888095	0.035738415	-0.023941083	-0.114763720	-0.010437980	0.063072297
4.517000000	0.021513284	0.461666436	0.529779222	0.025706730	-0.991597040	-3.155665505	-0.095848289	0.035892195	-0.024058640	-0.114715199	-0.010480832	0.063044383
4.518000000	0.021417455	0.461702406	0.529755104	0.025592040	-0.991607542	-3.155602475	-0.095808309	0.036045904	-0.024176154	-0.114666462	-0.010523650	0.063016340
4.519000000	0.021321667	0.461738528	0.529730870	0.025477398	-0.991618087	-3.155539473	-0.095768156	0.036199541	-0.024293627	-0.114617509	-0.010566434	0.062988168
4.520000000	0.021225919	0.461774805	0.529706517	0.025362805	-0.991628675	-3.155476499	-0.095727830	0.036353108	-0.024411057	-0.114568339	-0.010609183	0.062959868
4.521000000	0.021130212	0.461811234	0.529682047	0.025248261	-0.991639306	-3.155413553	-0.095687330	0.036506602	-0.024528445	-0.114518954	-0.010651898	0.062931440
4.522000000	0.021034544	0.461847818	0.529657460	0.025133767	-0.991649979	-3.155350636	-0.095646657	0.036660024	-0.024645790	-0.114469354	-0.010694577	0.062902883
4.523000000	0.020938918	0.461884555	0.529632756	0.025019322	-0.991660695	-3.155287747	-0.095605811	0.036813374	-0.024763092	-0.114419539	-0.010737222	0.062874199
4.524000000	0.020843333	0.461921445	0.529607934	0.024904928	-0.991671454	-3.155224887	-0.095564791	0.036966651	-0.024880351	-0.114369507	-0.010779832	0.062845386
4.525000000	0.020747789	0.461958488	0.529582995	0.024790583	-0.991682255	-3.155162056	-0.095523599	0.037119855	-0.024997567	-0.114319261	-0.010822406	0.062816445
4.526000000	0.020652286	0.461995684	0.529557939	0.024676289	-0.991693098	-3.155099254	-0.095482234	0.037272986	-0.025114739	-0.114268801	-0.010864945	0.062787377
4.527000000	0.020556824	0.462033034	0.529532766	0.024562046	-0.991703985	-3.155036482	-0.095440697	0.037426043	-0.025231868	-0.114218125	-0.010907448	0.062758181
4.528000000	0.020461404	0.462070536	0.529507475	0.024447853	-0.991714913	-3.154973738	-0.095398987	0.037579026	-0.025348953	-0.114167234	-0.010949916	0.062728857
4.529000000	0.020366026	0.462108192	0.529482068	0.024333711	-0.991725884	-3.154911024	-0.095357104	0.037731935	-0.025465994	-0.114116130	-0.010992348	0.062699406
4.530000000	0.020270690	0.462146000	0.529456543	0.024219621	-0.991736898	-3.154848339	-0.095315049	0.037884769	-0.025582990	-0.114064810	-0.011034743	0.062669828
4.531000000	0.020175396	0.462183961	0.529430902	0.024105581	-0.991747954	-3.154785684	-0.095272822	0.038037529	-0.025699941	-0.114013277	-0.011077103	0.062640122
4.532000000	0.020080144	0.462222075	0.529405143	0.023991594	-0.991759052	-3.154723059	-0.095230423	0.038190213	-0.025816849	-0.113961530	-0.011119427	0.062610290
4.533000000	0.019984935	0.462260342	0.529379268	0.023877658	-0.991770193	-3.154660464	-0.095187852	0.038342822	-0.025933711	-0.113909569	-0.011161714	0.062580330
4.534000000	0.019889769	0.462298761	0.529353276	0.023763775	-0.991781376	-3.154597898	-0.095145108	0.038495356	-0.026050528	-0.113857394	-0.011203965	0.062550243
4.535000000	0.019794645	0.462337333	0.529327167	0.023649944	-0.991792601	-3.154535363	-0.095102194	0.038647813	-0.026167300	-0.113805006	-0.011246179	0.062520030
4.536000000	0.019699564	0.462376057	0.529300941	0.023536165	-0.991803868	-3.154472858	-0.095059107	0.038800194	-0.026284026	-0.113752404	-0.011288356	0.062489690
4.537000000	0.019604527	0.462414933	0.529274599	0.023422439	-0.991815177	-3.154410384	-0.095015849	0.038952498	-0.026400707	-0.113699590	-0.011330496	0.062459224
4.538000000	0.019509533	0.462453962	0.529248140	0.023308766	-0.991826529	-3.154347940	-0.094972419	0.039104726	-0.026517341	-0.113646561	-0.011372599	0.062428631
4.539000000	0.019414582	0.462493142	0.529221564	0.023195146	-0.991837923	-3.154285527	-0.094928818	0.039256876	-0.026633930	-0.113593321	-0.011414665	0.062397911
4.540000000	0.019319675	0.462532475	0.529194872	0.023081579	-0.991849358	-3.154223144	-0.094885047	0.039408949	-0.026750472	-0.113539867	-0.011456694	0.062367066
4.541000000	0.019224812	0.462571960	0.529168063	0.022968066	-0.991860836	-3.154160792	-0.094841103	0.039560944	-0.026866968	-0.113486201	-0.011498685	0.062336095
4.542000000	0.019129993	0.462611597	0.529141138	0.022854607	-0.991872356	-3.154098472	-0.094796989	0.039712861	-0.026983417	-0.113432323	-0.011540638	0.062304997
4.543000000	0.019035218	0.462651386	0.529114096	0.022741201	-0.991883917	-3.154036182	-0.094752704	0.039864700	-0.027099819	-0.113378232	-0.011582554	0.062273774
4.544000000	0.018940487	0.462691327	0.529086938	0.022627850	-0.991895521	-3.153973924	-0.094708249	0.040016460	-0.027216174	-0.113323930	-0.011624432	0.062242425
4.545000000	0.018845801	0.462731419	0.529059664	0.022514553	-0.991907166	-3.153911698	-0.094663622	0.040168141	-0.027332481	-0.113269415	-0.011666272	0.062210951
4.546000000	0.018751160	0.462771663	0.529032274	0.022401311	-0.991918853	-3.153849502	-0.094618825	0.040319743	-0.027448742	-0.113214689	-0.011708074	0.062179351
4.547000000	0.018656564	0.462812058	0.529004767	0.022288124	-0.991930582	-3.153787339	-0.094573858	0.040471265	-0.027564954	-0.113159751	-0.011749837	0.062147626
4.548000000	0.018562012	0.462852605	0.528977144	0.022174992	-0.991942353	-3.153725207	-0.094528721	0.040622708	-0.027681119	-0.113104602	-0.011791562	0.062115775
4.549000000	0.018467506	0.462893304	0.528949404	0.022061915	-0.991954165	-3.153663107	-0.094483413	0.040774070	-0.027797235	-0.113049241	-0.011833249	0.062083799
4.550000000	0.018373046	0.462934154	0.528921549	0.021948893	-0.991966019	-3.153601040	-0.094437936	0.040925352	-0.027913303	-0.112993670	-0.011874896	0.062051699
4.551000000	0.018278630	0.462975155	0.528893578	0.021835928	-0.991977915	-3.153539004	-0.094392288	0.041076554	-0.028029323	-0.112937888	-0.011916505	0.062019474
4.552000000	0.018184261	0.463016307	0.528865490	0.021723018	-0.991989852	-3.153477001	-0.094346471	0.041227674	-0.028145294	-0.112881895	-0.011958075	0.061987123
4.553000000	0.018089937	0.463057610	0.528837287	0.021610164	-0.992001831	-3.153415030	-0.094300484	0.041378713	-0.028261216	-0.112825691	-0.011999606	0.061954649
4.554000000	0.017995660	0.463099064	0.528808968	0.021497366	-0.992013852	-3.153353091	-0.094254327	0.041529671	-0.028377089	-0.112769277	-0.012041098	0.061922050
4.555000000	0.017901429	0.463140669	0.528780533	0.021384625	-0.992025914	-3.153291186	-0.094208002	0.041680546	-0.028492912	-0.112712653	-0.012082550	0.061889326
4.556000000	0.017807244	0.463182425	0.528751982	0.021271941	-0.992038017	-3.153229313	-0.094161506	0.041831340	-0.028608686	-0.112655819	-0.012123963	0.061856478
4.557000000	0.017713106	0.463224332	0.528723316	0.021159314	-0.992050161	-3.153167473	-0.094114842	0.041982051	-0.028724411	-0.112598775	-0.012165336	0.061823506
4.558000000	0.017619014	0.463266389	0.528694533	0.021046743	-0.992062347	-3.153105666	-0.094068008	0.042132679	-0.028840085	-0.112541521	-0.012206669	0.061790411
4.559000000	0.017524970	0.463308597	0.528665636	0.020934230	-0.992074575	-3.153043892	-0.094021006	0.042283224	-0.028955709	-0.112484058	-0.012247962	0.061757191
4.560000000	0.017430972	0.463350956	0.528636622	0.020821775	-0.992086843	-3.152982151	-0.093973835	0.042433686	-0.029071284	-0.112426386	-0.012289216	0.061723848
4.561000000	0.017337022	0.463393465	0.528607493	0.020709378	-0.992099153	-3.152920444	-0.093926495	0.042584065	-0.029186807	-0.112368504	-0.012330429	0.061690380
4.562000000	0.017243119	0.463436124	0.528578248	0.020597038	-0.992111504	-3.152858770	-0.093878987	0.042734360	-0.029302280	-0.112310413	-0.012371602	0.061656790
4.563000000	0.017149264	0.463478933	0.528548888	0.020484757	-0.992123896	-3.152797131	-0.093831310	0.042884570	-0.029417702	-0.112252114	-0.012412735	0.061623076
4.564000000	0.017055457	0.463521893	0.528519413	0.020372534	-0.992136330	-3.152735524	-0.093783465	0.043034695	-0.029533073	-0.112193606	-0.012453827	0.061589239
4.565000000	0.016961697	0.463565003	0.528489822	0.020260370	-0.992148804	-3.152673952	-0.093735452	0.043184737	-0.029648393	-0.112134889	-0.012494878	0.061555279
4.566000000	0.016867986	0.463608262	0.528460116	0.020148264	-0.992161319	-3.152612414	-0.093687271	0.043334693	-0.029763661	-0.112075964	-0.012535889	0.061521196
4.567000000	0.016774323	0.463651672	0.528430295	0.020036218	-0.992173876	-3.152550910	-0.093638922	0.043484564	-0.029878877	-0.112016831	-0.012576858	0.061486990
4.568000000	0.016680708	0.463695232	0.528400358	0.019924231	-0.992186473	-3.152489440	-0.093590405	0.043634349	-0.029994042	-0.111957490	-0.012617786	0.061452661
4.569000000	0.016587142	0.463738941	0.528370307	0.019812303	-0.992199111	-3.152428004	-0.093541720	0.043784048	-0.030109155	-0.111897941	-0.012658674	0.061418210
4.570000000	0.016493625	0.463782800	0.528340140	0.019700435	-0.992211791	-3.152366603	-0.093492868	0.043933661	-0.030224215	-0.111838185	-0.012699520	0.061383636
4.571000000	0.016400156	0.463826808	0.528309858	0.019588626	-0.992224510	-3.152305237	-0.093443849	0.044083188	-0.030339223	-0.111778222	-0.012740324	0.061348940
4.572000000	0.016306737	0.463870966	0.528279462	0.019476878	-0.992237271	-3.152243905	-0.093394662	0.044232628	-0.030454178	-0.111718051	-0.012781087	0.061314122
4.573000000	0.016213367	0.463915273	0.528248950	0.019365190	-0.992250073	-3.152182609	-0.093345308	0.044381981	-0.030569080	-0.111657673	-0.012821808	0.061279182
4.574000000	0.016120046	0.463959730	0.528218324	0.019253563	-0.992262915	-3.152121347	-0.093295787	0.044531247	-0.030683929	-0.111597089	-0.012862488	0.061244120
4.575000000	0.016026775	0.464004336	0.528187582	0.019141996	-0.992275798	-3.152060121	-0.093246099	0.044680425	-0.030798725	-0.111536297	-0.012903125	0.061208936
4.576000000	0.015933554	0.464049091	0.528156726	0.019030490	-0.992288721	-3.151998929	-0.093196244	0.044829514	-0.030913468	-0.111475300	-0.012943720	0.061173630
4.577000000	0.015840383	0.464093995	0.528125755	0.018919046	-0.992301685	-3.151937773	-0.093146223	0.044978517	-0.031028157	-0.111414096	-0.012984273	0.061138203
4.578000000	0.015747262	0.464139048	0.528094670	0.018807662	-0.992314690	-3.151876653	-0.093096036	0.045127430	-0.031142792	-0.111352685	-0.013024784	0.061102655
4.579000000	0.015654191	0.464184250	0.528063470	0.018696340	-0.992327735	-3.151815568	-0.093045681	0.045276255	-0.031257373	-0.111291069	-0.013065252	0.061066985
4.580000000	0.015561170	0.464229600	0.528032155	0.018585080	-0.992340820	-3.151754519	-0.092995161	0.045424991	-0.031371900	-0.111229248	-0.013105678	0.061031194
4.581000000	0.015468200	0.464275100	0.528000726	0.018473882	-0.992353946	-3.151693506	-0.092944475	0.045573637	-0.031486372	-0.111167221	-0.013146060	0.060995282
4.582000000	0.015375281	0.464320748	0.527969182	0.018362746	-0.992367112	-3.151632528	-0.092893623	0.045722193	-0.031600789	-0.111104988	-0.013186400	0.060959250
4.583000000	0.015282413	0.464366544	0.527937524	0.018251672	-0.992380319	-3.151571587	-0.092842605	0.045870661	-0.031715152	-0.111042550	-0.013226697	0.060923096
4.584000000	0.015189596	0.464412489	0.527905752	0.018140660	-0.992393566	-3.151510682	-0.092791421	0.046019037	-0.031829460	-0.110979907	-0.013266951	0.060886822
4.585000000	0.015096830	0.464458582	0.527873865	0.018029712	-0.992406853	-3.151449813	-0.092740072	0.046167324	-0.031943713	-0.110917059	-0.013307161	0.060850428
4.586000000	0.015004116	0.464504824	0.527841865	0.017918826	-0.992420180	-3.151388981	-0.092688557	0.046315520	-0.032057910	-0.110854007	-0.013347329	0.060813913
4.587000000	0.014911453	0.464551213	0.527809750	0.017808004	-0.992433547	-3.151328186	-0.092636877	0.046463624	-0.032172052	-0.110790751	-0.013387453	0.060777278
4.588000000	0.014818842	0.464597751	0.527777520	0.017697245	-0.992446955	-3.151267427	-0.092585032	0.046611637	-0.032286138	-0.110727290	-0.013427532	0.060740524
4.589000000	0.014726283	0.464644437	0.527745177	0.017586549	-0.992460402	-3.151206705	-0.092533022	0.046759559	-0.032400168	-0.110663625	-0.013467569	0.060703649
4.590000000	0.014633776	0.464691270	0.527712720	0.017475918	-0.992473890	-3.151146019	-0.092480846	0.046907389	-0.032514141	-0.110599756	-0.013507561	0.060666654
4.591000000	0.014541321	0.464738251	0.527680149	0.017365350	-0.992487418	-3.151085371	-0.092428507	0.047055127	-0.032628059	-0.110535684	-0.013547510	0.060629540
4.592000000	0.014448919	0.464785380	0.527647464	0.017254846	-0.992500985	-3.151024760	-0.092376002	0.047202773	-0.032741920	-0.110471408	-0.013587414	0.060592307
4.593000000	0.014356569	0.464832657	0.527614665	0.017144407	-0.992514592	-3.150964187	-0.092323334	0.047350325	-0.032855723	-0.110406929	-0.013627274	0.060554954
4.594000000	0.014264272	0.464880081	0.527581753	0.017034032	-0.992528240	-3.150903650	-0.092270500	0.047497785	-0.032969471	-0.110342247	-0.013667090	0.060517481
4.595000000	0.014172028	0.464927652	0.527548726	0.016923722	-0.992541927	-3.150843152	-0.092217503	0.047645152	-0.033083161	-0.110277362	-0.013706862	0.060479890
4.596000000	0.014079837	0.464975371	0.527515586	0.016813478	-0.992555653	-3.150782691	-0.092164342	0.047792424	-0.033196793	-0.110212275	-0.013746588	0.060442180
4.597000000	0.013987700	0.465023237	0.527482333	0.016703298	-0.992569420	-3.150722267	-0.092111016	0.047939604	-0.033310368	-0.110146984	-0.013786270	0.060404351
4.598000000	0.013895615	0.465071250	0.527448965	0.016593184	-0.992583226	-3.150661882	-0.092057527	0.048086689	-0.033423885	-0.110081492	-0.013825907	0.060366404
4.599000000	0.013803585	0.465119411	0.527415485	0.016483135	-0.992597072	-3.150601535	-0.092003875	0.048233680	-0.033537345	-0.110015797	-0.013865499	0.060328338
4.600000000	0.013711608	0.465167718	0.527381891	0.016373152	-0.992610957	-3.150541225	-0.091950059	0.048380576	-0.033650746	-0.109949901	-0.013905047	0.060290153
4.601000000	0.013619685	0.465216172	0.527348183	0.016263235	-0.992624882	-3.150480954	-0.091896079	0.048527377	-0.033764089	-0.109883803	-0.013944548	0.060251851
4.602000000	0.013527815	0.465264773	0.527314363	0.016153384	-0.992638846	-3.150420722	-0.091841937	0.048674084	-0.033877373	-0.109817503	-0.013984005	0.060213430
4.603000000	0.013436001	0.465313520	0.527280429	0.016043600	-0.992652850	-3.150360527	-0.091787631	0.048820694	-0.033990599	-0.109751002	-0.014023416	0.060174892
4.604000000	0.013344240	0.465362414	0.527246381	0.015933882	-0.992666893	-3.150300372	-0.091733162	0.048967209	-0.034103766	-0.109684300	-0.014062781	0.060136235
4.605000000	0.013252534	0.465411454	0.527212221	0.015824232	-0.992680975	-3.150240255	-0.091678531	0.049113628	-0.034216874	-0.109617397	-0.014102101	0.060097461
4.606000000	0.013160883	0.465460641	0.527177948	0.015714648	-0.992695097	-3.150180177	-0.091623737	0.049259951	-0.034329922	-0.109550294	-0.014141375	0.060058570
4.607000000	0.013069287	0.465509974	0.527143561	0.015605131	-0.992709258	-3.150120138	-0.091568780	0.049406177	-0.034442912	-0.109482990	-0.014180603	0.060019561
4.608000000	0.012977746	0.465559454	0.527109062	0.015495682	-0.992723458	-3.150060138	-0.091513662	0.049552306	-0.034555841	-0.109415485	-0.014219785	0.059980435
4.609000000	0.012886260	0.465609079	0.527074450	0.015386300	-0.992737698	-3.150000177	-0.091458380	0.049698338	-0.034668710	-0.109347781	-0.014258921	0.059941192
4.610000000	0.012794829	0.465658850	0.527039724	0.015276986	-0.992751976	-3.149940255	-0.091402937	0.049844273	-0.034781520	-0.109279876	-0.014298011	0.059901832
4.611000000	0.012703454	0.465708767	0.527004887	0.015167740	-0.992766294	-3.149880373	-0.091347332	0.049990110	-0.034894269	-0.109211772	-0.014337054	0.059862355
4.612000000	0.012612134	0.465758830	0.526969936	0.015058563	-0.992780650	-3.149820531	-0.091291565	0.050135849	-0.035006958	-0.109143468	-0.014376050	0.059822761
4.613000000	0.012520871	0.465809039	0.526934873	0.014949453	-0.992795046	-3.149760728	-0.091235637	0.050281490	-0.035119586	-0.109074965	-0.014415000	0.059783051
4.614000000	0.012429663	0.465859393	0.526899697	0.014840413	-0.992809480	-3.149700965	-0.091179547	0.050427033	-0.035232154	-0.109006263	-0.014453903	0.059743225
4.615000000	0.012338511	0.465909893	0.526864408	0.014731441	-0.992823953	-3.149641241	-0.091123296	0.050572477	-0.035344660	-0.108937363	-0.014492760	0.059703283
4.616000000	0.012247416	0.465960538	0.526829007	0.014622538	-0.992838466	-3.149581558	-0.091066884	0.050717821	-0.035457105	-0.108868263	-0.014531569	0.059663225
4.617000000	0.012156378	0.466011329	0.526793494	0.014513704	-0.992853017	-3.149521915	-0.091010310	0.050863067	-0.035569489	-0.108798965	-0.014570331	0.059623050
4.618000000	0.012065396	0.466062265	0.526757868	0.014404940	-0.992867606	-3.149462312	-0.090953576	0.051008213	-0.035681812	-0.108729468	-0.014609046	0.059582760
4.619000000	0.011974471	0.466113345	0.526722130	0.014296245	-0.992882235	-3.149402749	-0.090896681	0.051153259	-0.035794073	-0.108659774	-0.014647714	0.059542355
4.620000000	0.011883602	0.466164571	0.526686280	0.014187620	-0.992896902	-3.149343227	-0.090839626	0.051298205	-0.035906271	-0.108589882	-0.014686334	0.059501834
4.621000000	0.011792791	0.466215942	0.526650318	0.014079066	-0.992911607	-3.149283746	-0.090782410	0.051443050	-0.036018407	-0.108519792	-0.014724907	0.059461197
4.622000000	0.011702038	0.466267457	0.526614243	0.013970581	-0.992926352	-3.149224305	-0.090725033	0.051587795	-0.036130481	-0.108449505	-0.014763432	0.059420446
4.623000000	0.011611341	0.466319117	0.526578057	0.013862166	-0.992941134	-3.149164905	-0.090667497	0.051732439	-0.036242493	-0.108379020	-0.014801909	0.059379579
4.624000000	0.011520703	0.466370922	0.526541758	0.013753823	-0.992955955	-3.149105546	-0.090609801	0.051876982	-0.036354442	-0.108308339	-0.014840338	0.059338598
4.625000000	0.011430122	0.466422871	0.526505348	0.013645550	-0.992970815	-3.149046228	-0.090551944	0.052021424	-0.036466328	-0.108237460	-0.014878719	0.059297502
4.626000000	0.011339599	0.466474965	0.526468826	0.013537348	-0.992985713	-3.148986951	-0.090493928	0.052165763	-0.036578151	-0.108166385	-0.014917052	0.059256291
4.627000000	0.011249134	0.466527203	0.526432192	0.013429217	-0.993000649	-3.148927715	-0.090435753	0.052310001	-0.036689911	-0.108095114	-0.014955337	0.059214967
4.628000000	0.011158727	0.466579585	0.526395446	0.013321158	-0.993015623	-3.148868521	-0.090377418	0.052454136	-0.036801607	-0.108023646	-0.014993574	0.059173527
4.629000000	0.011068379	0.466632111	0.526358589	0.013213170	-0.993030636	-3.148809368	-0.090318924	0.052598169	-0.036913240	-0.107951983	-0.015031762	0.059131974
4.630000000	0.010978089	0.466684781	0.526321620	0.013105254	-0.993045687	-3.148750257	-0.090260271	0.052742099	-0.037024809	-0.107880124	-0.015069901	0.059090307
4.631000000	0.010887858	0.466737595	0.526284539	0.012997410	-0.993060776	-3.148691187	-0.090201459	0.052885926	-0.037136313	-0.107808069	-0.015107992	0.059048526
4.632000000	0.010797686	0.466790553	0.526247347	0.012889638	-0.993075903	-3.148632160	-0.090142488	0.053029650	-0.037247754	-0.107735819	-0.015146033	0.059006631
4.633000000	0.010707573	0.466843655	0.526210043	0.012781938	-0.993091068	-3.148573174	-0.090083359	0.053173270	-0.037359130	-0.107663374	-0.015184026	0.058964624
4.634000000	0.010617520	0.466896900	0.526172629	0.012674311	-0.993106271	-3.148514230	-0.090024070	0.053316786	-0.037470441	-0.107590734	-0.015221970	0.058922502
4.635000000	0.010527525	0.466950288	0.526135103	0.012566756	-0.993121512	-3.148455329	-0.089964624	0.053460198	-0.037581688	-0.107517899	-0.015259865	0.058880267
4.636000000	0.010437590	0.467003820	0.526097465	0.012459275	-0.993136791	-3.148396470	-0.089905020	0.053603506	-0.037692870	-0.107444870	-0.015297710	0.058837920
4.637000000	0.010347715	0.467057495	0.526059717	0.012351867	-0.993152107	-3.148337653	-0.089845257	0.053746709	-0.037803986	-0.107371646	-0.015335506	0.058795460
4.638000000	0.010257900	0.467111313	0.526021857	0.012244532	-0.993167462	-3.148278879	-0.089785337	0.053889807	-0.037915038	-0.107298229	-0.015373253	0.058752887
4.639000000	0.010168145	0.467165275	0.525983887	0.012137270	-0.993182854	-3.148220147	-0.089725259	0.054032800	-0.038026023	-0.107224617	-0.015410950	0.058710201
4.640000000	0.010078449	0.467219379	0.525945805	0.012030082	-0.993198284	-3.148161459	-0.089665024	0.054175687	-0.038136944	-0.107150812	-0.015448597	0.058667403
4.641000000	0.009988814	0.467273626	0.525907613	0.011922969	-0.993213751	-3.148102813	-0.089604631	0.054318469	-0.038247798	-0.107076814	-0.015486195	0.058624493
4.642000000	0.009899240	0.467328016	0.525869310	0.011815929	-0.993229256	-3.148044210	-0.089544081	0.054461145	-0.038358586	-0.107002622	-0.015523742	0.058581470
4.643000000	0.009809726	0.467382548	0.525830896	0.011708963	-0.993244799	-3.147985650	-0.089483374	0.054603714	-0.038469308	-0.106928238	-0.015561240	0.058538336
4.644000000	0.009720273	0.467437223	0.525792371	0.011602072	-0.993260379	-3.147927133	-0.089422510	0.054746177	-0.038579963	-0.106853661	-0.015598687	0.058495090
4.645000000	0.009630881	0.467492041	0.525753736	0.011495256	-0.993275996	-3.147868659	-0.089361489	0.054888533	-0.038690551	-0.106778891	-0.015636084	0.058451732
4.646000000	0.009541550	0.467547000	0.525714990	0.011388515	-0.993291651	-3.147810229	-0.089300311	0.055030783	-0.038801073	-0.106703929	-0.015673431	0.058408263
4.647000000	0.009452281	0.467602102	0.525676134	0.011281848	-0.993307343	-3.147751843	-0.089238978	0.055172925	-0.038911528	-0.106628775	-0.015710727	0.058364683
4.648000000	0.009363072	0.467657346	0.525637167	0.011175257	-0.993323072	-3.147693500	-0.089177488	0.055314959	-0.039021916	-0.106553429	-0.015747973	0.058320991
4.649000000	0.009273926	0.467712732	0.525598090	0.011068741	-0.993338839	-3.147635201	-0.089115841	0.055456885	-0.039132236	-0.106477891	-0.015785168	0.058277189
4.650000000	0.009184841	0.467768260	0.525558902	0.010962301	-0.993354642	-3.147576946	-0.089054039	0.055598704	-0.039242488	-0.106402162	-0.015822312	0.058233276
4.651000000	0.009095818	0.467823930	0.525519605	0.010855937	-0.993370483	-3.147518734	-0.088992081	0.055740414	-0.039352673	-0.106326242	-0.015859406	0.058189252
4.652000000	0.009006857	0.467879741	0.525480197	0.010749649	-0.993386361	-3.147460567	-0.088929968	0.055882015	-0.039462790	-0.106250131	-0.015896448	0.058145117
4.653000000	0.008917958	0.467935694	0.525440679	0.010643437	-0.993402276	-3.147402444	-0.088867698	0.056023508	-0.039572839	-0.106173829	-0.015933439	0.058100872
4.654000000	0.008829121	0.467991788	0.525401051	0.010537301	-0.993418228	-3.147344365	-0.088805274	0.056164891	-0.039682819	-0.106097337	-0.015970379	0.058056517
4.655000000	0.008740347	0.468048023	0.525361314	0.010431242	-0.993434217	-3.147286331	-0.088742694	0.056306166	-0.039792731	-0.106020654	-0.016007268	0.058012052
4.656000000	0.008651636	0.468104400	0.525321466	0.010325260	-0.993450243	-3.147228341	-0.088679960	0.056447330	-0.039902574	-0.105943781	-0.016044105	0.057967477
4.657000000	0.008562987	0.468160918	0.525281508	0.010219354	-0.993466305	-3.147170396	-0.088617071	0.056588384	-0.040012349	-0.105866719	-0.016080891	0.057922793
4.658000000	0.008474402	0.468217577	0.525241441	0.010113526	-0.993482404	-3.147112496	-0.088554027	0.056729329	-0.040122054	-0.105789467	-0.016117626	0.057877999
4.659000000	0.008385879	0.468274377	0.525201264	0.010007776	-0.993498540	-3.147054640	-0.088490828	0.056870163	-0.040231690	-0.105712025	-0.016154308	0.057833095
4.660000000	0.008297420	0.468331317	0.525160978	0.009902102	-0.993514713	-3.146996830	-0.088427475	0.057010886	-0.040341257	-0.105634394	-0.016190939	0.057788083
4.661000000	0.008209024	0.468388399	0.525120582	0.009796507	-0.993530922	-3.146939064	-0.088363968	0.057151499	-0.040450754	-0.105556575	-0.016227517	0.057742961
4.662000000	0.008120692	0.468445620	0.525080076	0.009690989	-0.993547168	-3.146881344	-0.088300307	0.057292000	-0.040560181	-0.105478566	-0.016264044	0.057697730
4.663000000	0.008032424	0.468502983	0.525039461	0.009585550	-0.993563450	-3.146823669	-0.088236492	0.057432390	-0.040669538	-0.105400370	-0.016300519	0.057652391
4.664000000	0.007944219	0.468560485	0.524998737	0.009480188	-0.993579769	-3.146766039	-0.088172523	0.057572668	-0.040778825	-0.105321985	-0.016336941	0.057606943
4.665000000	0.007856079	0.468618128	0.524957904	0.009374906	-0.993596124	-3.146708455	-0.088108401	0.057712834	-0.040888042	-0.105243411	-0.016373311	0.057561387
4.666000000	0.007768002	0.468675911	0.524916961	0.009269702	-0.993612516	-3.146650916	-0.088044126	0.057852888	-0.040997188	-0.105164650	-0.016409629	0.057515722
4.667000000	0.007679990	0.468733834	0.524875909	0.009164576	-0.993628944	-3.146593423	-0.087979697	0.057992829	-0.041106264	-0.105085702	-0.016445894	0.057469950
4.668000000	0.007592043	0.468791896	0.524834749	0.009059530	-0.993645408	-3.146535976	-0.087915115	0.058132657	-0.041215268	-0.105006566	-0.016482106	0.057424069
4.669000000	0.007504160	0.468850099	0.524793479	0.008954563	-0.993661908	-3.146478575	-0.087850381	0.058272373	-0.041324202	-0.104927243	-0.016518265	0.057378081
4.670000000	0.007416342	0.468908441	0.524752100	0.008849676	-0.993678444	-3.146421220	-0.087785493	0.058411976	-0.041433064	-0.104847733	-0.016554372	0.057331985
4.671000000	0.007328589	0.468966923	0.524710613	0.008744868	-0.993695017	-3.146363911	-0.087720454	0.058551465	-0.041541855	-0.104768037	-0.016590426	0.057285782
4.672000000	0.007240901	0.469025544	0.524669017	0.008640140	-0.993711625	-3.146306648	-0.087655262	0.058690840	-0.041650574	-0.104688154	-0.016626427	0.057239471
4.673000000	0.007153279	0.469084305	0.524627312	0.008535491	-0.993728269	-3.146249432	-0.087589917	0.058830102	-0.041759222	-0.104608085	-0.016662374	0.057193054
4.674000000	0.007065721	0.469143204	0.524585498	0.008430923	-0.993744950	-3.146192262	-0.087524421	0.058969249	-0.041867797	-0.104527830	-0.016698269	0.057146529
4.675000000	0.006978230	0.469202243	0.524543576	0.008326436	-0.993761666	-3.146135139	-0.087458772	0.059108281	-0.041976300	-0.104447389	-0.016734110	0.057099898
4.676000000	0.006890804	0.469261421	0.524501545	0.008222029	-0.993778418	-3.146078063	-0.087392973	0.059247199	-0.042084731	-0.104366763	-0.016769897	0.057053160
4.677000000	0.006803444	0.469320737	0.524459407	0.008117702	-0.993795206	-3.146021033	-0.087327021	0.059386002	-0.042193090	-0.104285952	-0.016805632	0.057006316
4.678000000	0.006716150	0.469380193	0.524417159	0.008013457	-0.993812029	-3.145964050	-0.087260919	0.059524690	-0.042301375	-0.104204955	-0.016841312	0.056959365
4.679000000	0.006628922	0.469439787	0.524374804	0.007909292	-0.993828888	-3.145907114	-0.087194664	0.059663261	-0.042409588	-0.104123774	-0.016876939	0.056912309
4.680000000	0.006541760	0.469499519	0.524332340	0.007805209	-0.993845783	-3.145850225	-0.087128259	0.059801718	-0.042517728	-0.104042408	-0.016912512	0.056865146
4.681000000	0.006454665	0.469559390	0.524289768	0.007701208	-0.993862713	-3.145793384	-0.087061704	0.059940058	-0.042625794	-0.103960858	-0.016948031	0.056817878
4.682000000	0.006367637	0.469619400	0.524247089	0.007597288	-0.993879679	-3.145736590	-0.086994997	0.060078282	-0.042733787	-0.103879124	-0.016983495	0.056770504
4.683000000	0.006280675	0.469679547	0.524204301	0.007493449	-0.993896680	-3.145679843	-0.086928140	0.060216390	-0.042841707	-0.103797206	-0.017018906	0.056723025
4.684000000	0.006193781	0.469739832	0.524161405	0.007389693	-0.993913717	-3.145623144	-0.086861133	0.060354380	-0.042949552	-0.103715104	-0.017054263	0.056675440
4.685000000	0.006106953	0.469800256	0.524118402	0.007286019	-0.993930789	-3.145566492	-0.086793976	0.060492255	-0.043057324	-0.103632820	-0.017089565	0.056627751
4.686000000	0.006020193	0.469860817	0.524075290	0.007182427	-0.993947896	-3.145509888	-0.086726668	0.060630011	-0.043165022	-0.103550352	-0.017124813	0.056579956
4.687000000	0.005933500	0.469921516	0.524032072	0.007078918	-0.993965038	-3.145453332	-0.086659211	0.060767650	-0.043272645	-0.103467700	-0.017160006	0.056532057
4.688000000	0.005846874	0.469982352	0.523988745	0.006975492	-0.993982216	-3.145396824	-0.086591604	0.060905171	-0.043380193	-0.103384867	-0.017195145	0.056484053
4.689000000	0.005760317	0.470043326	0.523945311	0.006872149	-0.993999429	-3.145340364	-0.086523848	0.061042575	-0.043487667	-0.103301851	-0.017230229	0.056435945
4.690000000	0.005673827	0.470104437	0.523901770	0.006768888	-0.994016677	-3.145283952	-0.086455942	0.061179860	-0.043595066	-0.103218653	-0.017265259	0.056387733
4.691000000	0.005587405	0.470165686	0.523858121	0.006665711	-0.994033959	-3.145227588	-0.086387887	0.061317027	-0.043702390	-0.103135273	-0.017300233	0.056339416
4.692000000	0.005501051	0.470227071	0.523814365	0.006562618	-0.994051277	-3.145171273	-0.086319683	0.061454075	-0.043809639	-0.103051711	-0.017335153	0.056290996
4.693000000	0.005414765	0.470288594	0.523770502	0.006459608	-0.994068630	-3.145115006	-0.086251331	0.061591004	-0.043916813	-0.102967968	-0.017370017	0.056242472
4.694000000	0.005328548	0.470350253	0.523726531	0.006356682	-0.994086017	-3.145058788	-0.086182830	0.061727813	-0.044023910	-0.102884043	-0.017404826	0.056193844
4.695000000	0.005242400	0.470412049	0.523682454	0.006253840	-0.994103439	-3.145002619	-0.086114180	0.061864504	-0.044130932	-0.102799938	-0.017439580	0.056145113
4.696000000	0.005156320	0.470473982	0.523638270	0.006151082	-0.994120896	-3.144946498	-0.086045383	0.062001074	-0.044237879	-0.102715652	-0.017474279	0.056096279
4.697000000	0.005070309	0.470536052	0.523593978	0.006048409	-0.994138388	-3.144890426	-0.085976437	0.062137525	-0.044344749	-0.102631185	-0.017508922	0.056047341
4.698000000	0.004984367	0.470598257	0.523549580	0.005945820	-0.994155914	-3.144834403	-0.085907343	0.062273855	-0.044451542	-0.102546539	-0.017543510	0.055998301
4.699000000	0.004898494	0.470660599	0.523505075	0.005843315	-0.994173475	-3.144778430	-0.085838101	0.062410065	-0.044558259	-0.102461712	-0.017578042	0.055949158
4.700000000	0.004812691	0.470723077	0.523460464	0.005740896	-0.994191070	-3.144722505	-0.085768712	0.062546155	-0.044664900	-0.102376705	-0.017612519	0.055899913
4.701000000	0.004726957	0.470785692	0.523415745	0.005638562	-0.994208700	-3.144666630	-0.085699176	0.062682123	-0.044771464	-0.102291519	-0.017646939	0.055850565
4.702000000	0.004641292	0.470848442	0.523370921	0.005536313	-0.994226364	-3.144610804	-0.085629492	0.062817970	-0.044877951	-0.102206154	-0.017681304	0.055801116
4.703000000	0.004555698	0.470911328	0.523325989	0.005434150	-0.994244062	-3.144555028	-0.085559662	0.062953696	-0.044984360	-0.102120609	-0.017715613	0.055751564
4.704000000	0.004470173	0.470974349	0.523280952	0.005332072	-0.994261795	-3.144499301	-0.085489684	0.063089300	-0.045090692	-0.102034886	-0.017749866	0.055701910
4.705000000	0.004384718	0.471037506	0.523235808	0.005230080	-0.994279562	-3.144443624	-0.085419560	0.063224783	-0.045196947	-0.101948985	-0.017784062	0.055652155
4.706000000	0.004299334	0.471100799	0.523190558	0.005128174	-0.994297363	-3.144387996	-0.085349290	0.063360143	-0.045303124	-0.101862905	-0.017818203	0.055602298
4.707000000	0.004214020	0.471164226	0.523145202	0.005026354	-0.994315199	-3.144332419	-0.085278873	0.063495380	-0.045409223	-0.101776647	-0.017852287	0.055552340
4.708000000	0.004128776	0.471227789	0.523099740	0.004924621	-0.994333068	-3.144276892	-0.085208310	0.063630496	-0.045515244	-0.101690211	-0.017886315	0.055502281
4.709000000	0.004043603	0.471291487	0.523054171	0.004822974	-0.994350971	-3.144221415	-0.085137601	0.063765488	-0.045621187	-0.101603598	-0.017920286	0.055452120
4.710000000	0.003958501	0.471355320	0.523008497	0.004721413	-0.994368909	-3.144165988	-0.085066746	0.063900357	-0.045727051	-0.101516807	-0.017954200	0.055401859
4.711000000	0.003873470	0.471419288	0.522962717	0.004619940	-0.994386880	-3.144110611	-0.084995746	0.064035103	-0.045832837	-0.101429840	-0.017988058	0.055351498
4.712000000	0.003788510	0.471483391	0.522916832	0.004518554	-0.994404885	-3.144055285	-0.084924600	0.064169725	-0.045938544	-0.101342695	-0.018021859	0.055301036
4.713000000	0.003703621	0.471547628	0.522870840	0.004417255	-0.994422923	-3.144000009	-0.084853309	0.064304224	-0.046044172	-0.101255374	-0.018055604	0.055250474
4.714000000	0.003618803	0.471611999	0.522824743	0.004316043	-0.994440996	-3.143944784	-0.084781873	0.064438598	-0.046149721	-0.101167877	-0.018089291	0.055199811
4.715000000	0.003534057	0.471676505	0.522778541	0.004214919	-0.994459102	-3.143889609	-0.084710292	0.064572849	-0.046255191	-0.101080203	-0.018122921	0.055149049
4.716000000	0.003449382	0.471741145	0.522732233	0.004113883	-0.994477242	-3.143834485	-0.084638567	0.064706974	-0.046360581	-0.100992354	-0.018156495	0.055098187
4.717000000	0.003364780	0.471805919	0.522685820	0.004012934	-0.994495415	-3.143779413	-0.084566697	0.064840975	-0.046465892	-0.100904329	-0.018190011	0.055047226
4.718000000	0.003280249	0.471870827	0.522639301	0.003912074	-0.994513622	-3.143724391	-0.084494682	0.064974851	-0.046571122	-0.100816129	-0.018223469	0.054996165
4.719000000	0.003195790	0.471935868	0.522592677	0.003811302	-0.994531862	-3.143669420	-0.084422524	0.065108602	-0.046676273	-0.100727754	-0.018256871	0.054945005
4.720000000	0.003111404	0.472001044	0.522545948	0.003710618	-0.994550135	-3.143614501	-0.084350222	0.065242227	-0.046781344	-0.100639204	-0.018290215	0.054893746
4.721000000	0.003027090	0.472066353	0.522499115	0.003610024	-0.994568442	-3.143559633	-0.084277775	0.065375727	-0.046886334	-0.100550480	-0.018323501	0.054842388
4.722000000	0.002942848	0.472131795	0.522452176	0.003509518	-0.994586782	-3.143504816	-0.084205186	0.065509100	-0.046991244	-0.100461581	-0.018356730	0.054790931
4.723000000	0.002858680	0.472197371	0.522405132	0.003409100	-0.994605156	-3.143450051	-0.084132452	0.065642348	-0.047096073	-0.100372508	-0.018389902	0.054739376
4.724000000	0.002774583	0.472263080	0.522357984	0.003308773	-0.994623562	-3.143395337	-0.084059576	0.065775469	-0.047200821	-0.100283262	-0.018423015	0.054687723
4.725000000	0.002690560	0.472328922	0.522310730	0.003208534	-0.994642002	-3.143340676	-0.083986556	0.065908463	-0.047305488	-0.100193842	-0.018456071	0.054635971
4.726000000	0.002606610	0.472394897	0.522263373	0.003108385	-0.994660474	-3.143286066	-0.083913394	0.066041331	-0.047410075	-0.100104248	-0.018489068	0.054584122
4.727000000	0.002522734	0.472461005	0.522215910	0.003008325	-0.994678980	-3.143231507	-0.083840089	0.066174071	-0.047514579	-0.100014482	-0.018522008	0.054532175
4.728000000	0.002438930	0.472527245	0.522168344	0.002908356	-0.994697518	-3.143177001	-0.083766641	0.066306685	-0.047619003	-0.099924543	-0.018554890	0.054480130
4.729000000	0.002355200	0.472593618	0.522120672	0.002808476	-0.994716090	-3.143122547	-0.083693052	0.066439170	-0.047723344	-0.099834431	-0.018587713	0.054427988
4.730000000	0.002271544	0.472660123	0.522072897	0.002708687	-0.994734694	-3.143068145	-0.083619320	0.066571528	-0.047827603	-0.099744147	-0.018620478	0.054375748
4.731000000	0.002187962	0.472726761	0.522025017	0.002608988	-0.994753331	-3.143013796	-0.083545446	0.066703758	-0.047931781	-0.099653691	-0.018653185	0.054323412
4.732000000	0.002104453	0.472793531	0.521977033	0.002509380	-0.994772000	-3.142959498	-0.083471430	0.066835859	-0.048035876	-0.099563063	-0.018685833	0.054270978
4.733000000	0.002021019	0.472860433	0.521928945	0.002409862	-0.994790702	-3.142905254	-0.083397273	0.066967832	-0.048139889	-0.099472264	-0.018718423	0.054218448
4.734000000	0.001937659	0.472927467	0.521880753	0.002310435	-0.994809437	-3.142851061	-0.083322974	0.067099676	-0.048243819	-0.099381293	-0.018750954	0.054165822
4.735000000	0.001854373	0.472994632	0.521832458	0.002211099	-0.994828204	-3.142796922	-0.083248535	0.067231391	-0.048347667	-0.099290152	-0.018783427	0.054113099
4.736000000	0.001771162	0.473061929	0.521784058	0.002111855	-0.994847004	-3.142742835	-0.083173954	0.067362978	-0.048451432	-0.099198839	-0.018815841	0.054060280
4.737000000	0.001688025	0.473129358	0.521735555	0.002012702	-0.994865836	-3.142688801	-0.083099232	0.067494435	-0.048555113	-0.099107356	-0.018848196	0.054007365
4.738000000	0.001604963	0.473196918	0.521686948	0.001913640	-0.994884700	-3.142634821	-0.083024370	0.067625762	-0.048658711	-0.099015704	-0.018880492	0.053954354
4.739000000	0.001521976	0.473264610	0.521638237	0.001814670	-0.994903597	-3.142580893	-0.082949367	0.067756959	-0.048762226	-0.098923881	-0.018912730	0.053901247
4.740000000	0.001439064	0.473332432	0.521589423	0.001715792	-0.994922526	-3.142527018	-0.082874225	0.067888026	-0.048865657	-0.098831888	-0.018944908	0.053848046
4.741000000	0.001356228	0.473400386	0.521540506	0.001617006	-0.994941487	-3.142473197	-0.082798942	0.068018963	-0.048969005	-0.098739726	-0.018977027	0.053794748
4.742000000	0.001273467	0.473468470	0.521491485	0.001518313	-0.994960480	-3.142419429	-0.082723519	0.068149770	-0.049072269	-0.098647395	-0.019009087	0.053741356
4.743000000	0.001190781	0.473536685	0.521442362	0.001419712	-0.994979505	-3.142365714	-0.082647956	0.068280445	-0.049175448	-0.098554894	-0.019041088	0.053687869
4.744000000	0.001108171	0.473605031	0.521393135	0.001321203	-0.994998562	-3.142312053	-0.082572254	0.068410989	-0.049278543	-0.098462225	-0.019073029	0.053634287
4.745000000	0.001025636	0.473673507	0.521343804	0.001222787	-0.995017651	-3.142258445	-0.082496413	0.068541403	-0.049381554	-0.098369388	-0.019104911	0.053580611
4.746000000	0.000943178	0.473742114	0.521294371	0.001124464	-0.995036772	-3.142204892	-0.082420433	0.068671685	-0.049484480	-0.098276383	-0.019136733	0.053526841
4.747000000	0.000860795	0.473810851	0.521244836	0.001026234	-0.995055924	-3.142151392	-0.082344313	0.068801835	-0.049587321	-0.098183209	-0.019168496	0.053472976
4.748000000	0.000778489	0.473879718	0.521195197	0.000928098	-0.995075109	-3.142097946	-0.082268055	0.068931853	-0.049690078	-0.098089868	-0.019200199	0.053419017
4.749000000	0.000696259	0.473948714	0.521145455	0.000830055	-0.995094325	-3.142044554	-0.082191658	0.069061739	-0.049792749	-0.097996360	-0.019231843	0.053364964
4.750000000	0.000614106	0.474017841	0.521095611	0.000732105	-0.995113572	-3.141991216	-0.082115124	0.069191493	-0.049895335	-0.097902684	-0.019263427	0.053310818
4.751000000	0.000532029	0.474087097	0.521045665	0.000634249	-0.995132852	-3.141937932	-0.082038450	0.069321114	-0.049997836	-0.097808842	-0.019294950	0.053256579
4.752000000	0.000450029	0.474156483	0.520995616	0.000536487	-0.995152162	-3.141884703	-0.081961639	0.069450603	-0.050100251	-0.097714833	-0.019326414	0.053202246
4.753000000	0.000368106	0.474225999	0.520945464	0.000438820	-0.995171505	-3.141831528	-0.081884690	0.069579958	-0.050202580	-0.097620658	-0.019357818	0.053147820
4.754000000	0.000286260	0.474295643	0.520895210	0.000341246	-0.995190878	-3.141778407	-0.081807604	0.069709181	-0.050304823	-0.097526317	-0.019389162	0.053093301
4.755000000	0.000204491	0.474365417	0.520844855	0.000243767	-0.995210283	-3.141725341	-0.081730380	0.069838269	-0.050406980	-0.097431809	-0.019420446	0.053038690
4.756000000	0.000122799	0.474435320	0.520794397	0.000146383	-0.995229719	-3.141672330	-0.081653019	0.069967224	-0.050509051	-0.097337137	-0.019451669	0.052983986
4.757000000	0.000041184	0.474505351	0.520743836	0.000049093	-0.995249186	-3.141619373	-0.081575520	0.070096046	-0.050611036	-0.097242299	-0.019482832	0.052929189
4.758000000	-0.000040352	0.474575512	0.520693174	-0.000048102	-0.995268685	-3.141566471	-0.081497886	0.070224733	-0.050712933	-0.097147296	-0.019513935	0.052874301
4.759000000	-0.000121811	0.474645801	0.520642411	-0.000145202	-0.995288214	-3.141513624	-0.081420114	0.070353285	-0.050814744	-0.097052128	-0.019544977	0.052819321
4.760000000	-0.000203192	0.474716218	0.520591545	-0.000242206	-0.995307775	-3.141460833	-0.081342206	0.070481704	-0.050916468	-0.096956796	-0.019575959	0.052764249
4.761000000	-0.000284496	0.474786764	0.520540578	-0.000339115	-0.995327366	-3.141408096	-0.081264162	0.070609987	-0.051018105	-0.096861300	-0.019606881	0.052709085
4.762000000	-0.000365721	0.474857438	0.520489509	-0.000435929	-0.995346988	-3.141355414	-0.081185982	0.070738135	-0.051119655	-0.096765640	-0.019637741	0.052653830
4.763000000	-0.000446868	0.474928241	0.520438338	-0.000532647	-0.995366641	-3.141302788	-0.081107665	0.070866149	-0.051221117	-0.096669815	-0.019668541	0.052598484
4.764000000	-0.000527936	0.474999171	0.520387067	-0.000629269	-0.995386325	-3.141250217	-0.081029213	0.070994026	-0.051322491	-0.096573828	-0.019699280	0.052543046
4.765000000	-0.000608926	0.475070229	0.520335693	-0.000725794	-0.995406040	-3.141197702	-0.080950626	0.071121768	-0.051423778	-0.096477678	-0.019729958	0.052487518
4.766000000	-0.000689837	0.475141414	0.520284219	-0.000822224	-0.995425785	-3.141145242	-0.080871904	0.071249375	-0.051524977	-0.096381364	-0.019760576	0.052431899
4.767000000	-0.000770670	0.475212727	0.520232643	-0.000918557	-0.995445561	-3.141092838	-0.080793046	0.071376845	-0.051626088	-0.096284888	-0.019791132	0.052376190
4.768000000	-0.000851423	0.475284168	0.520180967	-0.001014794	-0.995465368	-3.141040490	-0.080714054	0.071504178	-0.051727110	-0.096188250	-0.019821627	0.052320390
4.769000000	-0.000932098	0.475355736	0.520129189	-0.001110934	-0.995485204	-3.140988198	-0.080634926	0.071631376	-0.051828044	-0.096091449	-0.019852062	0.052264501
4.770000000	-0.001012693	0.475427431	0.520077311	-0.001206977	-0.995505072	-3.140935961	-0.080555665	0.071758436	-0.051928890	-0.095994487	-0.019882435	0.052208521
4.771000000	-0.001093209	0.475499253	0.520025331	-0.001302923	-0.995524969	-3.140883780	-0.080476269	0.071885360	-0.052029646	-0.095897363	-0.019912746	0.052152452
4.772000000	-0.001173646	0.475571201	0.519973251	-0.001398771	-0.995544897	-3.140831656	-0.080396739	0.072012147	-0.052130314	-0.095800077	-0.019942997	0.052096293
4.773000000	-0.001254003	0.475643277	0.519921071	-0.001494523	-0.995564855	-3.140779588	-0.080317075	0.072138796	-0.052230893	-0.095702632	-0.019973186	0.052040045
4.774000000	-0.001334280	0.475715479	0.519868790	-0.001590177	-0.995584844	-3.140727576	-0.080237277	0.072265307	-0.052331382	-0.095605025	-0.020003313	0.051983708
4.775000000	-0.001414477	0.475787807	0.519816408	-0.001685733	-0.995604862	-3.140675620	-0.080157346	0.072391681	-0.052431782	-0.095507257	-0.020033380	0.051927281
4.776000000	-0.001494595	0.475860262	0.519763926	-0.001781191	-0.995624910	-3.140623721	-0.080077282	0.072517917	-0.052532092	-0.095409330	-0.020063384	0.051870766
4.777000000	-0.001574632	0.475932843	0.519711344	-0.001876551	-0.995644989	-3.140571879	-0.079997084	0.072644014	-0.052632313	-0.095311242	-0.020093327	0.051814163
4.778000000	-0.001654589	0.476005550	0.519658661	-0.001971814	-0.995665097	-3.140520093	-0.079916754	0.072769973	-0.052732443	-0.095212995	-0.020123208	0.051757471
4.779000000	-0.001734465	0.476078383	0.519605879	-0.002066977	-0.995685235	-3.140468364	-0.079836290	0.072895793	-0.052832484	-0.095114588	-0.020153027	0.051700690
4.780000000	-0.001814261	0.476151342	0.519552996	-0.002162043	-0.995705403	-3.140416692	-0.079755695	0.073021474	-0.052932434	-0.095016022	-0.020182785	0.051643822
4.781000000	-0.001893977	0.476224426	0.519500014	-0.002257009	-0.995725601	-3.140365076	-0.079674967	0.073147017	-0.053032294	-0.094917298	-0.020212481	0.051586866
4.782000000	-0.001973611	0.476297636	0.519446932	-0.002351877	-0.995745828	-3.140313518	-0.079594107	0.073272420	-0.053132064	-0.094818415	-0.020242114	0.051529822
4.783000000	-0.002053165	0.476370971	0.519393750	-0.002446646	-0.995766085	-3.140262017	-0.079513115	0.073397684	-0.053231743	-0.094719373	-0.020271686	0.051472691
4.784000000	-0.002132638	0.476444431	0.519340468	-0.002541316	-0.995786371	-3.140210573	-0.079431991	0.073522808	-0.053331330	-0.094620174	-0.020301196	0.051415472
4.785000000	-0.002212029	0.476518017	0.519287087	-0.002635887	-0.995806687	-3.140159186	-0.079350735	0.073647792	-0.053430827	-0.094520816	-0.020330643	0.051358166
4.786000000	-0.002291339	0.476591727	0.519233607	-0.002730358	-0.995827033	-3.140107856	-0.079269349	0.073772635	-0.053530232	-0.094421302	-0.020360028	0.051300774
4.787000000	-0.002370568	0.476665562	0.519180027	-0.002824729	-0.995847407	-3.140056584	-0.079187831	0.073897339	-0.053629547	-0.094321629	-0.020389351	0.051243294
4.788000000	-0.002449715	0.476739522	0.519126348	-0.002919001	-0.995867811	-3.140005370	-0.079106182	0.074021902	-0.053728770	-0.094221800	-0.020418612	0.051185728
4.789000000	-0.002528780	0.476813606	0.519072569	-0.003013173	-0.995888245	-3.139954213	-0.079024403	0.074146324	-0.053827901	-0.094121815	-0.020447810	0.051128076
4.790000000	-0.002607764	0.476887814	0.519018692	-0.003107245	-0.995908707	-3.139903114	-0.078942493	0.074270605	-0.053926940	-0.094021673	-0.020476946	0.051070338
4.791000000	-0.002686665	0.476962147	0.518964715	-0.003201216	-0.995929198	-3.139852072	-0.078860453	0.074394745	-0.054025887	-0.093921374	-0.020506019	0.051012514
4.792000000	-0.002765484	0.477036604	0.518910640	-0.003295087	-0.995949719	-3.139801089	-0.078778283	0.074518744	-0.054124742	-0.093820920	-0.020535030	0.050954604
4.793000000	-0.002844222	0.477111184	0.518856466	-0.003388858	-0.995970269	-3.139750163	-0.078695983	0.074642601	-0.054223504	-0.093720310	-0.020563978	0.050896608
4.794000000	-0.002922876	0.477185889	0.518802193	-0.003482528	-0.995990847	-3.139699295	-0.078613553	0.074766317	-0.054322175	-0.093619545	-0.020592864	0.050838527
4.795000000	-0.003001449	0.477260717	0.518747822	-0.003576097	-0.996011454	-3.139648486	-0.078530993	0.074889890	-0.054420752	-0.093518626	-0.020621686	0.050780361
4.796000000	-0.003079938	0.477335669	0.518693352	-0.003669565	-0.996032090	-3.139597735	-0.078448304	0.075013321	-0.054519237	-0.093417551	-0.020650446	0.050722110
4.797000000	-0.003158345	0.477410744	0.518638783	-0.003762932	-0.996052755	-3.139547042	-0.078365487	0.075136609	-0.054617628	-0.093316321	-0.020679143	0.050663774
4.798000000	-0.003236669	0.477485942	0.518584116	-0.003856198	-0.996073449	-3.139496407	-0.078282540	0.075259756	-0.054715927	-0.093214938	-0.020707777	0.050605353
4.799000000	-0.003314910	0.477561263	0.518529351	-0.003949362	-0.996094171	-3.139445831	-0.078199464	0.075382759	-0.054814133	-0.093113400	-0.020736348	0.050546848
4.800000000	-0.003393068	0.477636707	0.518474488	-0.004042425	-0.996114921	-3.139395313	-0.078116260	0.075505619	-0.054912244	-0.093011709	-0.020764856	0.050488259
4.801000000	-0.003471143	0.477712274	0.518419527	-0.004135385	-0.996135700	-3.139344854	-0.078032928	0.075628336	-0.055010263	-0.092909864	-0.020793302	0.050429585
4.802000000	-0.003549134	0.477787964	0.518364468	-0.004228244	-0.996156508	-3.139294454	-0.077949468	0.075750910	-0.055108187	-0.092807867	-0.020821683	0.050370828
4.803000000	-0.003627042	0.477863776	0.518309310	-0.004321001	-0.996177344	-3.139244113	-0.077865880	0.075873340	-0.055206018	-0.092705716	-0.020850002	0.050311987
4.804000000	-0.003704866	0.477939711	0.518254055	-0.004413656	-0.996198208	-3.139193830	-0.077782164	0.075995626	-0.055303755	-0.092603413	-0.020878258	0.050253062
4.805000000	-0.003782606	0.478015768	0.518198703	-0.004506208	-0.996219100	-3.139143607	-0.077698320	0.076117769	-0.055401397	-0.092500958	-0.020906450	0.050194055
4.806000000	-0.003860263	0.478091946	0.518143253	-0.004598658	-0.996240021	-3.139093442	-0.077614350	0.076239766	-0.055498945	-0.092398350	-0.020934579	0.050134964
4.807000000	-0.003937835	0.478168247	0.518087705	-0.004691005	-0.996260969	-3.139043337	-0.077530252	0.076361620	-0.055596398	-0.092295592	-0.020962644	0.050075790
4.808000000	-0.004015323	0.478244670	0.518032060	-0.004783249	-0.996281946	-3.138993290	-0.077446027	0.076483329	-0.055693757	-0.092192681	-0.020990646	0.050016534
4.809000000	-0.004092727	0.478321214	0.517976317	-0.004875390	-0.996302951	-3.138943304	-0.077361676	0.076604893	-0.055791021	-0.092089619	-0.021018584	0.049957195
4.810000000	-0.004170046	0.478397879	0.517920478	-0.004967428	-0.996323983	-3.138893376	-0.077277198	0.076726312	-0.055888190	-0.091986407	-0.021046459	0.049897773
4.811000000	-0.004247281	0.478474666	0.517864541	-0.005059363	-0.996345044	-3.138843508	-0.077192594	0.076847586	-0.055985264	-0.091883043	-0.021074270	0.049838270
4.812000000	-0.004324432	0.478551575	0.517808507	-0.005151194	-0.996366132	-3.138793700	-0.077107864	0.076968714	-0.056082242	-0.091779529	-0.021102018	0.049778685
4.813000000	-0.004401497	0.478628604	0.517752377	-0.005242922	-0.996387248	-3.138743951	-0.077023008	0.077089697	-0.056179125	-0.091675866	-0.021129702	0.049719017
4.814000000	-0.004478478	0.478705754	0.517696149	-0.005334546	-0.996408391	-3.138694262	-0.076938027	0.077210534	-0.056275913	-0.091572052	-0.021157322	0.049659269
4.815000000	-0.004555373	0.478783025	0.517639825	-0.005426066	-0.996429562	-3.138644632	-0.076852920	0.077331225	-0.056372604	-0.091468089	-0.021184878	0.049599439
4.816000000	-0.004632183	0.478860416	0.517583404	-0.005517482	-0.996450761	-3.138595063	-0.076767688	0.077451770	-0.056469200	-0.091363977	-0.021212370	0.049539527
4.817000000	-0.004708909	0.478937928	0.517526886	-0.005608794	-0.996471987	-3.138545553	-0.076682331	0.077572168	-0.056565699	-0.091259716	-0.021239799	0.049479535
4.818000000	-0.004785548	0.479015561	0.517470272	-0.005700002	-0.996493241	-3.138496104	-0.076596849	0.077692420	-0.056662103	-0.091155306	-0.021267163	0.049419462
4.819000000	-0.004862102	0.479093313	0.517413562	-0.005791105	-0.996514521	-3.138446714	-0.076511242	0.077812525	-0.056758409	-0.091050748	-0.021294464	0.049359308
4.820000000	-0.004938571	0.479171186	0.517356756	-0.005882103	-0.996535829	-3.138397385	-0.076425511	0.077932483	-0.056854620	-0.090946042	-0.021321700	0.049299074
4.821000000	-0.005014953	0.479249178	0.517299853	-0.005972997	-0.996557165	-3.138348116	-0.076339656	0.078052294	-0.056950733	-0.090841188	-0.021348872	0.049238760
4.822000000	-0.005091250	0.479327290	0.517242854	-0.006063785	-0.996578527	-3.138298907	-0.076253677	0.078171957	-0.057046750	-0.090736186	-0.021375980	0.049178366
4.823000000	-0.005167461	0.479405522	0.517185759	-0.006154469	-0.996599917	-3.138249759	-0.076167574	0.078291473	-0.057142670	-0.090631037	-0.021403024	0.049117891
4.824000000	-0.005243585	0.479483873	0.517128569	-0.006245048	-0.996621333	-3.138200672	-0.076081348	0.078410841	-0.057238492	-0.090525741	-0.021430004	0.049057338
4.825000000	-0.005319623	0.479562344	0.517071282	-0.006335521	-0.996642777	-3.138151645	-0.075994998	0.078530061	-0.057334217	-0.090420298	-0.021456919	0.048996704
4.826000000	-0.005395575	0.479640933	0.517013900	-0.006425888	-0.996664247	-3.138102678	-0.075908525	0.078649133	-0.057429845	-0.090314709	-0.021483770	0.048935992
4.827000000	-0.005471440	0.479719642	0.516956423	-0.006516150	-0.996685744	-3.138053773	-0.075821929	0.078768056	-0.057525375	-0.090208974	-0.021510556	0.048875200
4.828000000	-0.005547219	0.479798470	0.516898850	-0.006606306	-0.996707268	-3.138004928	-0.075735210	0.078886832	-0.057620808	-0.090103093	-0.021537278	0.048814330
4.829000000	-0.005622911	0.479877416	0.516841181	-0.006696356	-0.996728819	-3.137956144	-0.075648369	0.079005458	-0.057716142	-0.089997066	-0.021563936	0.048753381
4.830000000	-0.005698516	0.479956480	0.516783417	-0.006786300	-0.996750396	-3.137907421	-0.075561406	0.079123935	-0.057811378	-0.089890894	-0.021590529	0.048692353
4.831000000	-0.005774034	0.480035664	0.516725558	-0.006876138	-0.996772000	-3.137858759	-0.075474320	0.079242264	-0.057906517	-0.089784577	-0.021617057	0.048631247
4.832000000	-0.005849464	0.480114965	0.516667604	-0.006965869	-0.996793630	-3.137810159	-0.075387113	0.079360442	-0.058001556	-0.089678115	-0.021643521	0.048570063
4.833000000	-0.005924808	0.480194384	0.516609555	-0.007055494	-0.996815287	-3.137761619	-0.075299784	0.079478472	-0.058096498	-0.089571510	-0.021669920	0.048508802
4.834000000	-0.006000064	0.480273922	0.516551411	-0.007145012	-0.996836970	-3.137713141	-0.075212333	0.079596352	-0.058191340	-0.089464759	-0.021696254	0.048447462
4.835000000	-0.006075232	0.480353577	0.516493173	-0.007234424	-0.996858679	-3.137664724	-0.075124761	0.079714082	-0.058286084	-0.089357865	-0.021722524	0.048386045
4.836000000	-0.006150313	0.480433350	0.516434839	-0.007323728	-0.996880415	-3.137616369	-0.075037068	0.079831662	-0.058380728	-0.089250827	-0.021748728	0.048324550
4.837000000	-0.006225307	0.480513240	0.516376411	-0.007412925	-0.996902177	-3.137568075	-0.074949255	0.079949092	-0.058475274	-0.089143646	-0.021774868	0.048262979
4.838000000	-0.006300212	0.480593248	0.516317889	-0.007502015	-0.996923965	-3.137519843	-0.074861320	0.080066371	-0.058569720	-0.089036322	-0.021800943	0.048201330
4.839000000	-0.006375029	0.480673373	0.516259272	-0.007590998	-0.996945779	-3.137471672	-0.074773265	0.080183500	-0.058664067	-0.088928855	-0.021826953	0.048139605
4.840000000	-0.006449758	0.480753615	0.516200560	-0.007679873	-0.996967619	-3.137423564	-0.074685091	0.080300478	-0.058758314	-0.088821246	-0.021852898	0.048077804
4.841000000	-0.006524399	0.480833974	0.516141755	-0.007768641	-0.996989485	-3.137375517	-0.074596796	0.080417304	-0.058852461	-0.088713494	-0.021878778	0.048015925
4.842000000	-0.006598952	0.480914450	0.516082856	-0.007857300	-0.997011376	-3.137327532	-0.074508381	0.080533980	-0.058946509	-0.088605601	-0.021904593	0.047953971
4.843000000	-0.006673416	0.480995042	0.516023862	-0.007945852	-0.997033294	-3.137279609	-0.074419847	0.080650504	-0.059040457	-0.088497566	-0.021930343	0.047891941
4.844000000	-0.006747792	0.481075751	0.515964775	-0.008034295	-0.997055237	-3.137231748	-0.074331193	0.080766877	-0.059134304	-0.088389389	-0.021956027	0.047829835
4.845000000	-0.006822079	0.481156576	0.515905593	-0.008122631	-0.997077206	-3.137183949	-0.074242420	0.080883098	-0.059228051	-0.088281072	-0.021981647	0.047767654
4.846000000	-0.006896277	0.481237517	0.515846319	-0.008210857	-0.997099200	-3.137136213	-0.074153528	0.080999168	-0.059321697	-0.088172613	-0.022007201	0.047705397
4.847000000	-0.006970386	0.481318574	0.515786950	-0.008298976	-0.997121220	-3.137088538	-0.074064518	0.081115084	-0.059415243	-0.088064015	-0.022032690	0.047643065
4.848000000	-0.007044406	0.481399747	0.515727488	-0.008386985	-0.997143266	-3.137040927	-0.073975389	0.081230849	-0.059508688	-0.087955276	-0.022058114	0.047580658
4.849000000	-0.007118336	0.481481036	0.515667933	-0.008474886	-0.997165336	-3.136993377	-0.073886141	0.081346461	-0.059602032	-0.087846397	-0.022083472	0.047518176
4.850000000	-0.007192178	0.481562440	0.515608284	-0.008562678	-0.997187433	-3.136945890	-0.073796776	0.081461921	-0.059695275	-0.087737379	-0.022108765	0.047455619
4.851000000	-0.007265930	0.481643960	0.515548542	-0.008650361	-0.997209554	-3.136898466	-0.073707293	0.081577228	-0.059788418	-0.087628221	-0.022133992	0.047392989
4.852000000	-0.007339592	0.481725595	0.515488707	-0.008737935	-0.997231701	-3.136851104	-0.073617692	0.081692382	-0.059881458	-0.087518924	-0.022159154	0.047330284
4.853000000	-0.007413165	0.481807345	0.515428779	-0.008825399	-0.997253872	-3.136803805	-0.073527973	0.081807383	-0.059974397	-0.087409489	-0.022184251	0.047267505
4.854000000	-0.007486648	0.481889209	0.515368758	-0.008912754	-0.997276069	-3.136756569	-0.073438138	0.081922230	-0.060067234	-0.087299915	-0.022209281	0.047204652
4.855000000	-0.007560042	0.481971189	0.515308645	-0.008999999	-0.997298291	-3.136709396	-0.073348185	0.082036924	-0.060159970	-0.087190203	-0.022234247	0.047141725
4.856000000	-0.007633345	0.482053283	0.515248438	-0.009087134	-0.997320538	-3.136662286	-0.073258116	0.082151464	-0.060252603	-0.087080353	-0.022259146	0.047078725
4.857000000	-0.007706558	0.482135492	0.515188140	-0.009174159	-0.997342809	-3.136615239	-0.073167930	0.082265850	-0.060345135	-0.086970365	-0.022283980	0.047015652
4.858000000	-0.007779681	0.482217815	0.515127748	-0.009261075	-0.997365106	-3.136568254	-0.073077627	0.082380082	-0.060437564	-0.086860240	-0.022308749	0.046952506
4.859000000	-0.007852713	0.482300252	0.515067264	-0.009347880	-0.997387427	-3.136521334	-0.072987209	0.082494159	-0.060529891	-0.086749978	-0.022333451	0.046889287
4.860000000	-0.007925655	0.482382803	0.515006688	-0.009434575	-0.997409772	-3.136474476	-0.072896674	0.082608083	-0.060622115	-0.086639580	-0.022358088	0.046825995
4.861000000	-0.007998506	0.482465468	0.514946020	-0.009521159	-0.997432143	-3.136427682	-0.072806024	0.082721852	-0.060714237	-0.086529045	-0.022382659	0.046762632
4.862000000	-0.008071267	0.482548247	0.514885260	-0.009607633	-0.997454538	-3.136380951	-0.072715258	0.082835466	-0.060806255	-0.086418373	-0.022407164	0.046699195
4.863000000	-0.008143937	0.482631139	0.514824408	-0.009693996	-0.997476957	-3.136334283	-0.072624377	0.082948925	-0.060898171	-0.086307566	-0.022431604	0.046635687
4.864000000	-0.008216516	0.482714145	0.514763464	-0.009780248	-0.997499401	-3.136287679	-0.072533381	0.083062229	-0.060989984	-0.086196623	-0.022455977	0.046572107
4.865000000	-0.008289004	0.482797264	0.514702428	-0.009866389	-0.997521869	-3.136241139	-0.072442270	0.083175377	-0.061081693	-0.086085545	-0.022480285	0.046508455
4.866000000	-0.008361400	0.482880496	0.514641300	-0.009952419	-0.997544362	-3.136194662	-0.072351044	0.083288370	-0.061173299	-0.085974332	-0.022504526	0.046444731
4.867000000	-0.008433706	0.482963840	0.514580081	-0.010038338	-0.997566878	-3.136148250	-0.072259704	0.083401207	-0.061264802	-0.085862984	-0.022528702	0.046380937
4.868000000	-0.008505920	0.483047298	0.514518771	-0.010124145	-0.997589419	-3.136101900	-0.072168250	0.083513889	-0.061356200	-0.085751502	-0.022552811	0.046317071
4.869000000	-0.008578042	0.483130868	0.514457369	-0.010209841	-0.997611984	-3.136055615	-0.072076682	0.083626414	-0.061447495	-0.085639885	-0.022576855	0.046253135
4.870000000	-0.008650073	0.483214551	0.514395876	-0.010295425	-0.997634573	-3.136009394	-0.071984999	0.083738784	-0.061538686	-0.085528135	-0.022600832	0.046189127
4.871000000	-0.008722012	0.483298346	0.514334291	-0.010380897	-0.997657185	-3.135963237	-0.071893204	0.083850997	-0.061629773	-0.085416251	-0.022624743	0.046125049
4.872000000	-0.008793860	0.483382253	0.514272616	-0.010466257	-0.997679822	-3.135917144	-0.071801295	0.083963053	-0.061720755	-0.085304234	-0.022648588	0.046060901
4.873000000	-0.008865615	0.483466272	0.514210850	-0.010551505	-0.997702483	-3.135871115	-0.071709272	0.084074952	-0.061811633	-0.085192084	-0.022672367	0.045996683
4.874000000	-0.008937278	0.483550403	0.514148993	-0.010636641	-0.997725167	-3.135825151	-0.071617137	0.084186696	-0.061902407	-0.085079801	-0.022696080	0.045932395
4.875000000	-0.009008849	0.483634645	0.514087045	-0.010721665	-0.997747875	-3.135779251	-0.071524889	0.084298281	-0.061993076	-0.084967385	-0.022719726	0.045868037
4.876000000	-0.009080328	0.483718999	0.514025007	-0.010806576	-0.997770606	-3.135733415	-0.071432529	0.084409709	-0.062083640	-0.084854838	-0.022743306	0.045803610
4.877000000	-0.009151714	0.483803465	0.513962878	-0.010891375	-0.997793361	-3.135687643	-0.071340056	0.084520981	-0.062174099	-0.084742159	-0.022766820	0.045739114
4.878000000	-0.009223008	0.483888041	0.513900658	-0.010976061	-0.997816140	-3.135641936	-0.071247472	0.084632094	-0.062264453	-0.084629348	-0.022790267	0.045674548
4.879000000	-0.009294209	0.483972729	0.513838349	-0.011060633	-0.997838942	-3.135596294	-0.071154775	0.084743050	-0.062354702	-0.084516406	-0.022813648	0.045609913
4.880000000	-0.009365318	0.484057527	0.513775949	-0.011145093	-0.997861767	-3.135550717	-0.071061967	0.084853848	-0.062444845	-0.084403333	-0.022836963	0.045545210
4.881000000	-0.009436333	0.484142437	0.513713459	-0.011229440	-0.997884616	-3.135505204	-0.070969048	0.084964488	-0.062534883	-0.084290130	-0.022860211	0.045480438
4.882000000	-0.009507256	0.484227456	0.513650879	-0.011313674	-0.997907488	-3.135459756	-0.070876017	0.085074969	-0.062624815	-0.084176796	-0.022883393	0.045415598
4.883000000	-0.009578085	0.484312586	0.513588209	-0.011397794	-0.997930383	-3.135414373	-0.070782875	0.085185293	-0.062714641	-0.084063331	-0.022906508	0.045350690
4.884000000	-0.009648821	0.484397827	0.513525450	-0.011481800	-0.997953301	-3.135369054	-0.070689623	0.085295457	-0.062804361	-0.083949737	-0.022929556	0.045285713
4.885000000	-0.009719464	0.484483177	0.513462601	-0.011565693	-0.997976242	-3.135323801	-0.070596260	0.085405463	-0.062893975	-0.083836014	-0.022952539	0.045220669
4.886000000	-0.009790014	0.484568638	0.513399662	-0.011649472	-0.997999206	-3.135278613	-0.070502787	0.085515310	-0.062983483	-0.083722161	-0.022975454	0.045155558
4.887000000	-0.009860470	0.484654208	0.513336634	-0.011733137	-0.998022193	-3.135233490	-0.070409203	0.085624998	-0.063072885	-0.083608180	-0.022998303	0.045090379
4.888000000	-0.009930832	0.484739888	0.513273516	-0.011816689	-0.998045202	-3.135188432	-0.070315510	0.085734527	-0.063162180	-0.083494069	-0.023021086	0.045025133
4.889000000	-0.010001101	0.484825677	0.513210309	-0.011900126	-0.998068235	-3.135143440	-0.070221707	0.085843896	-0.063251368	-0.083379831	-0.023043801	0.044959820
4.890000000	-0.010071276	0.484911576	0.513147014	-0.011983448	-0.998091290	-3.135098513	-0.070127795	0.085953105	-0.063340450	-0.083265464	-0.023066450	0.044894440
4.891000000	-0.010141357	0.484997583	0.513083629	-0.012066657	-0.998114368	-3.135053651	-0.070033773	0.086062155	-0.063429425	-0.083150970	-0.023089033	0.044828994
4.892000000	-0.010211343	0.485083700	0.513020155	-0.012149750	-0.998137468	-3.135008855	-0.069939643	0.086171045	-0.063518292	-0.083036348	-0.023111548	0.044763481
4.893000000	-0.010281236	0.485169925	0.512956592	-0.012232729	-0.998160591	-3.134964124	-0.069845403	0.086279775	-0.063607052	-0.082921599	-0.023133997	0.044697902
4.894000000	-0.010351034	0.485256259	0.512892941	-0.012315593	-0.998183736	-3.134919459	-0.069751055	0.086388345	-0.063695705	-0.082806723	-0.023156380	0.044632257
4.895000000	-0.010420738	0.485342702	0.512829201	-0.012398343	-0.998206904	-3.134874859	-0.069656599	0.086496754	-0.063784251	-0.082691721	-0.023178695	0.044566547
4.896000000	-0.010490347	0.485429253	0.512765372	-0.012480977	-0.998230093	-3.134830326	-0.069562035	0.086605003	-0.063872689	-0.082576592	-0.023200943	0.044500771
4.897000000	-0.010559862	0.485515912	0.512701455	-0.012563496	-0.998253305	-3.134785858	-0.069467363	0.086713091	-0.063961019	-0.082461337	-0.023223125	0.044434929
4.898000000	-0.010629282	0.485602679	0.512637450	-0.012645900	-0.998276540	-3.134741456	-0.069372583	0.086821018	-0.064049241	-0.082345957	-0.023245240	0.044369022
4.899000000	-0.010698607	0.485689554	0.512573357	-0.012728188	-0.998299796	-3.134697120	-0.069277695	0.086928784	-0.064137355	-0.082230451	-0.023267288	0.044303050
4.900000000	-0.010767837	0.485776537	0.512509175	-0.012810360	-0.998323074	-3.134652850	-0.069182701	0.087036389	-0.064225361	-0.082114820	-0.023289269	0.044237014
4.901000000	-0.010836973	0.485863627	0.512444906	-0.012892417	-0.998346375	-3.134608646	-0.069087599	0.087143833	-0.064313259	-0.081999064	-0.023311183	0.044170913
4.902000000	-0.010906013	0.485950824	0.512380549	-0.012974359	-0.998369697	-3.134564508	-0.068992391	0.087251115	-0.064401048	-0.081883184	-0.023333030	0.044104747
4.903000000	-0.010974957	0.486038129	0.512316104	-0.013056184	-0.998393041	-3.134520436	-0.068897076	0.087358235	-0.064488729	-0.081767179	-0.023354810	0.044038517
4.904000000	-0.011043807	0.486125541	0.512251571	-0.013137893	-0.998416406	-3.134476431	-0.068801655	0.087465194	-0.064576301	-0.081651050	-0.023376524	0.043972224
4.905000000	-0.011112561	0.486213059	0.512186951	-0.013219486	-0.998439794	-3.134432492	-0.068706127	0.087571990	-0.064663764	-0.081534798	-0.023398170	0.043905866
4.906000000	-0.011181219	0.486300685	0.512122244	-0.013300963	-0.998463203	-3.134388619	-0.068610494	0.087678625	-0.064751118	-0.081418422	-0.023419749	0.043839445
4.907000000	-0.011249782	0.486388417	0.512057449	-0.013382323	-0.998486633	-3.134344813	-0.068514755	0.087785097	-0.064838363	-0.081301924	-0.023441261	0.043772960
4.908000000	-0.011318249	0.486476255	0.511992567	-0.013463566	-0.998510085	-3.134301073	-0.068418910	0.087891407	-0.064925499	-0.081185302	-0.023462706	0.043706412
4.909000000	-0.011386620	0.486564200	0.511927598	-0.013544693	-0.998533559	-3.134257400	-0.068322961	0.087997554	-0.065012525	-0.081068558	-0.023484084	0.043639801
4.910000000	-0.011454894	0.486652250	0.511862542	-0.013625704	-0.998557053	-3.134213794	-0.068226906	0.088103538	-0.065099442	-0.080951692	-0.023505395	0.043573127
4.911000000	-0.011523073	0.486740407	0.511797399	-0.013706597	-0.998580569	-3.134170254	-0.068130746	0.088209360	-0.065186249	-0.080834704	-0.023526639	0.043506391
4.912000000	-0.011591156	0.486828669	0.511732170	-0.013787373	-0.998604107	-3.134126781	-0.068034482	0.088315018	-0.065272946	-0.080717595	-0.023547815	0.043439592
4.913000000	-0.011659142	0.486917037	0.511666853	-0.013868032	-0.998627665	-3.134083375	-0.067938114	0.088420512	-0.065359534	-0.080600363	-0.023568925	0.043372731
4.914000000	-0.011727032	0.487005510	0.511601450	-0.013948574	-0.998651244	-3.134040035	-0.067841641	0.088525844	-0.065446011	-0.080483011	-0.023589967	0.043305808
4.915000000	-0.011794826	0.487094088	0.511535961	-0.014028998	-0.998674845	-3.133996763	-0.067745064	0.088631012	-0.065532378	-0.080365539	-0.023610942	0.043238823
4.916000000	-0.011862522	0.487182772	0.511470386	-0.014109305	-0.998698466	-3.133953558	-0.067648384	0.088736016	-0.065618635	-0.080247946	-0.023631850	0.043171777
4.917000000	-0.011930122	0.487271560	0.511404724	-0.014189494	-0.998722109	-3.133910420	-0.067551600	0.088840857	-0.065704782	-0.080130232	-0.023652690	0.043104668
4.918000000	-0.011997626	0.487360454	0.511338976	-0.014269565	-0.998745772	-3.133867348	-0.067454713	0.088945534	-0.065790818	-0.080012399	-0.023673464	0.043037499
4.919000000	-0.012065032	0.487449451	0.511273142	-0.014349519	-0.998769456	-3.133824345	-0.067357723	0.089050046	-0.065876742	-0.079894446	-0.023694170	0.042970269
4.920000000	-0.012132341	0.487538554	0.511207223	-0.014429354	-0.998793160	-3.133781408	-0.067260631	0.089154394	-0.065962557	-0.079776374	-0.023714809	0.042902977
4.921000000	-0.012199553	0.487627760	0.511141217	-0.014509071	-0.998816885	-3.133738539	-0.067163435	0.089258577	-0.066048260	-0.079658184	-0.023735380	0.042835625
4.922000000	-0.012266668	0.487717071	0.511075126	-0.014588670	-0.998840631	-3.133695737	-0.067066138	0.089362596	-0.066133852	-0.079539874	-0.023755884	0.042768213
4.923000000	-0.012333685	0.487806485	0.511008950	-0.014668151	-0.998864397	-3.133653002	-0.066968738	0.089466450	-0.066219333	-0.079421446	-0.023776321	0.042700740
4.924000000	-0.012400605	0.487896004	0.510942687	-0.014747513	-0.998888183	-3.133610335	-0.066871236	0.089570139	-0.066304702	-0.079302900	-0.023796691	0.042633207
4.925000000	-0.012467428	0.487985626	0.510876340	-0.014826757	-0.998911990	-3.133567736	-0.066773633	0.089673664	-0.066389961	-0.079184236	-0.023816993	0.042565615
4.926000000	-0.012534153	0.488075351	0.510809908	-0.014905882	-0.998935817	-3.133525204	-0.066675928	0.089777023	-0.066475107	-0.079065455	-0.023837228	0.042497962
4.927000000	-0.012600780	0.488165180	0.510743390	-0.014984888	-0.998959665	-3.133482740	-0.066578122	0.089880216	-0.066560142	-0.078946557	-0.023857395	0.042430250
4.928000000	-0.012667309	0.488255112	0.510676787	-0.015063775	-0.998983532	-3.133440343	-0.066480215	0.089983244	-0.066645064	-0.078827541	-0.023877496	0.042362479
4.929000000	-0.012733740	0.488345146	0.510610100	-0.015142543	-0.999007420	-3.133398015	-0.066382207	0.090086107	-0.066729875	-0.078708410	-0.023897528	0.042294649
4.930000000	-0.012800073	0.488435284	0.510543328	-0.015221192	-0.999031327	-3.133355754	-0.066284098	0.090188803	-0.066814573	-0.078589161	-0.023917494	0.042226760
4.931000000	-0.012866308	0.488525524	0.510476471	-0.015299721	-0.999055255	-3.133313561	-0.066185889	0.090291334	-0.066899160	-0.078469797	-0.023937391	0.042158812
4.932000000	-0.012932445	0.488615866	0.510409529	-0.015378131	-0.999079202	-3.133271437	-0.066087581	0.090393698	-0.066983633	-0.078350317	-0.023957222	0.042090805
4.933000000	-0.012998483	0.488706311	0.510342503	-0.015456422	-0.999103169	-3.133229380	-0.065989172	0.090495897	-0.067067995	-0.078230722	-0.023976985	0.042022741
4.934000000	-0.013064423	0.488796858	0.510275393	-0.015534593	-0.999127156	-3.133187391	-0.065890663	0.090597929	-0.067152243	-0.078111012	-0.023996680	0.041954618
4.935000000	-0.013130265	0.488887507	0.510208199	-0.015612644	-0.999151163	-3.133145470	-0.065792055	0.090699794	-0.067236379	-0.077991186	-0.024016308	0.041886437
4.936000000	-0.013196007	0.488978258	0.510140920	-0.015690575	-0.999175189	-3.133103618	-0.065693348	0.090801493	-0.067320402	-0.077871247	-0.024035869	0.041818198
4.937000000	-0.013261651	0.489069110	0.510073558	-0.015768386	-0.999199234	-3.133061834	-0.065594542	0.090903025	-0.067404312	-0.077751192	-0.024055362	0.041749902
4.938000000	-0.013327197	0.489160064	0.510006112	-0.015846078	-0.999223299	-3.133020118	-0.065495637	0.091004389	-0.067488108	-0.077631024	-0.024074788	0.041681549
4.939000000	-0.013392643	0.489251119	0.509938582	-0.015923648	-0.999247384	-3.132978471	-0.065396634	0.091105587	-0.067571791	-0.077510743	-0.024094146	0.041613138
4.940000000	-0.013457990	0.489342275	0.509870968	-0.016001099	-0.999271488	-3.132936892	-0.065297532	0.091206618	-0.067655361	-0.077390348	-0.024113436	0.041544671
4.941000000	-0.013523238	0.489433532	0.509803271	-0.016078429	-0.999295611	-3.132895382	-0.065198332	0.091307481	-0.067738817	-0.077269840	-0.024132659	0.041476146
4.942000000	-0.013588386	0.489524890	0.509735491	-0.016155639	-0.999319753	-3.132853940	-0.065099035	0.091408176	-0.067822160	-0.077149219	-0.024151815	0.041407566
4.943000000	-0.013653436	0.489616348	0.509667627	-0.016232728	-0.999343914	-3.132812567	-0.064999639	0.091508704	-0.067905389	-0.077028486	-0.024170903	0.041338928
4.944000000	-0.013718386	0.489707907	0.509599680	-0.016309696	-0.999368095	-3.132771262	-0.064900147	0.091609064	-0.067988503	-0.076907641	-0.024189923	0.041270235
4.945000000	-0.013783236	0.489799567	0.509531650	-0.016386543	-0.999392294	-3.132730026	-0.064800557	0.091709256	-0.068071504	-0.076786683	-0.024208876	0.041201486
4.946000000	-0.013847987	0.489891326	0.509463537	-0.016463269	-0.999416513	-3.132688859	-0.064700870	0.091809280	-0.068154391	-0.076665614	-0.024227762	0.041132680
4.947000000	-0.013912638	0.489983185	0.509395341	-0.016539874	-0.999440750	-3.132647761	-0.064601086	0.091909136	-0.068237163	-0.076544435	-0.024246579	0.041063820
4.948000000	-0.013977189	0.490075144	0.509327062	-0.016616358	-0.999465006	-3.132606731	-0.064501206	0.092008823	-0.068319821	-0.076423144	-0.024265330	0.040994904
4.949000000	-0.014041640	0.490167203	0.509258701	-0.016692720	-0.999489280	-3.132565771	-0.064401230	0.092108342	-0.068402364	-0.076301742	-0.024284012	0.040925932
4.950000000	-0.014105992	0.490259361	0.509190258	-0.016768961	-0.999513574	-3.132524879	-0.064301157	0.092207693	-0.068484792	-0.076180230	-0.024302627	0.040856906
4.951000000	-0.014170243	0.490351618	0.509121732	-0.016845081	-0.999537886	-3.132484057	-0.064200989	0.092306874	-0.068567106	-0.076058607	-0.024321175	0.040787825
4.952000000	-0.014234393	0.490443975	0.509053124	-0.016921079	-0.999562216	-3.132443304	-0.064100725	0.092405886	-0.068649305	-0.075936875	-0.024339655	0.040718689
4.953000000	-0.014298444	0.490536430	0.508984433	-0.016996955	-0.999586565	-3.132402620	-0.064000366	0.092504730	-0.068731388	-0.075815034	-0.024358067	0.040649499
4.954000000	-0.014362394	0.490628984	0.508915661	-0.017072709	-0.999610932	-3.132362005	-0.063899911	0.092603404	-0.068813357	-0.075693084	-0.024376411	0.040580255
4.955000000	-0.014426244	0.490721637	0.508846806	-0.017148341	-0.999635318	-3.132321459	-0.063799362	0.092701909	-0.068895210	-0.075571024	-0.024394688	0.040510956
4.956000000	-0.014489993	0.490814388	0.508777870	-0.017223851	-0.999659722	-3.132280983	-0.063698718	0.092800244	-0.068976947	-0.075448856	-0.024412898	0.040441604
4.957000000	-0.014553641	0.490907237	0.508708853	-0.017299238	-0.999684144	-3.132240576	-0.063597979	0.092898409	-0.069058569	-0.075326579	-0.024431040	0.040372198
4.958000000	-0.014617189	0.491000185	0.508639753	-0.017374504	-0.999708584	-3.132200239	-0.063497146	0.092996406	-0.069140076	-0.075204195	-0.024449114	0.040302739
4.959000000	-0.014680636	0.491093230	0.508570572	-0.017449647	-0.999733042	-3.132159971	-0.063396219	0.093094232	-0.069221466	-0.075081703	-0.024467120	0.040233226
4.960000000	-0.014743981	0.491186373	0.508501310	-0.017524667	-0.999757518	-3.132119772	-0.063295199	0.093191887	-0.069302741	-0.074959103	-0.024485059	0.040163661
4.961000000	-0.014807226	0.491279614	0.508431967	-0.017599565	-0.999782012	-3.132079643	-0.063194085	0.093289373	-0.069383899	-0.074836396	-0.024502931	0.040094042
4.962000000	-0.014870370	0.491372952	0.508362542	-0.017674340	-0.999806524	-3.132039584	-0.063092877	0.093386689	-0.069464942	-0.074713583	-0.024520734	0.040024371
4.963000000	-0.014933412	0.491466387	0.508293037	-0.017748992	-0.999831053	-3.131999594	-0.062991576	0.093483834	-0.069545868	-0.074590663	-0.024538470	0.039954648
4.964000000	-0.014996353	0.491559920	0.508223451	-0.017823521	-0.999855601	-3.131959675	-0.062890183	0.093580809	-0.069626678	-0.074467636	-0.024556139	0.039884872
4.965000000	-0.015059192	0.491653549	0.508153784	-0.017897928	-0.999880166	-3.131919825	-0.062788697	0.093677613	-0.069707371	-0.074344504	-0.024573740	0.039815044
4.966000000	-0.015121930	0.491747275	0.508084036	-0.017972210	-0.999904748	-3.131880045	-0.062687118	0.093774246	-0.069787947	-0.074221266	-0.024591273	0.039745164
4.967000000	-0.015184566	0.491841097	0.508014208	-0.018046370	-0.999929348	-3.131840334	-0.062585447	0.093870708	-0.069868407	-0.074097923	-0.024608738	0.039675233
4.968000000	-0.015247101	0.491935016	0.507944299	-0.018120406	-0.999953966	-3.131800694	-0.062483684	0.093966999	-0.069948749	-0.073974475	-0.024626136	0.039605249
4.969000000	-0.015309534	0.492029031	0.507874310	-0.018194319	-0.999978600	-3.131761124	-0.062381830	0.094063119	-0.070028975	-0.073850921	-0.024643466	0.039535215
4.970000000	-0.015371865	0.492123142	0.507804241	-0.018268108	-1.000003253	-3.131721624	-0.062279884	0.094159067	-0.070109084	-0.073727264	-0.024660729	0.039465130
4.971000000	-0.015434093	0.492217349	0.507734092	-0.018341774	-1.000027922	-3.131682194	-0.062177846	0.094254844	-0.070189075	-0.073603503	-0.024677924	0.039394993
4.972000000	-0.015496220	0.492311652	0.507663863	-0.018415315	-1.000052608	-3.131642834	-0.062075718	0.094350449	-0.070268949	-0.073479637	-0.024695051	0.039324806
4.973000000	-0.015558245	0.492406050	0.507593554	-0.018488733	-1.000077312	-3.131603544	-0.061973499	0.094445883	-0.070348705	-0.073355668	-0.024712111	0.039254569
4.974000000	-0.015620167	0.492500544	0.507523166	-0.018562026	-1.000102033	-3.131564325	-0.061871189	0.094541145	-0.070428344	-0.073231596	-0.024729103	0.039184281
4.975000000	-0.015681987	0.492595133	0.507452698	-0.018635196	-1.000126770	-3.131525175	-0.061768788	0.094636235	-0.070507865	-0.073107421	-0.024746028	0.039113943
4.976000000	-0.015743705	0.492689816	0.507382150	-0.018708241	-1.000151525	-3.131486097	-0.061666298	0.094731152	-0.070587268	-0.072983143	-0.024762885	0.039043555
4.977000000	-0.015805320	0.492784595	0.507311523	-0.018781162	-1.000176296	-3.131447088	-0.061563718	0.094825898	-0.070666553	-0.072858762	-0.024779674	0.038973117
4.978000000	-0.015866832	0.492879468	0.507240817	-0.018853959	-1.000201084	-3.131408150	-0.061461047	0.094920471	-0.070745720	-0.072734280	-0.024796395	0.038902630
4.979000000	-0.015928242	0.492974436	0.507170032	-0.018926631	-1.000225889	-3.131369283	-0.061358288	0.095014872	-0.070824769	-0.072609696	-0.024813049	0.038832093
4.980000000	-0.015989549	0.493069498	0.507099167	-0.018999178	-1.000250710	-3.131330486	-0.061255439	0.095109099	-0.070903700	-0.072485010	-0.024829636	0.038761507
4.981000000	-0.016050753	0.493164654	0.507028224	-0.019071601	-1.000275548	-3.131291760	-0.061152501	0.095203155	-0.070982512	-0.072360223	-0.024846154	0.038690873
4.982000000	-0.016111854	0.493259904	0.506957202	-0.019143899	-1.000300402	-3.131253105	-0.061049475	0.095297037	-0.071061205	-0.072235336	-0.024862606	0.038620189
4.983000000	-0.016172852	0.493355248	0.506886102	-0.019216072	-1.000325273	-3.131214520	-0.060946360	0.095390747	-0.071139780	-0.072110347	-0.024878989	0.038549457
4.984000000	-0.016233747	0.493450686	0.506814923	-0.019288119	-1.000350160	-3.131176006	-0.060843156	0.095484283	-0.071218236	-0.071985259	-0.024895305	0.038478676
4.985000000	-0.016294538	0.493546217	0.506743665	-0.019360042	-1.000375064	-3.131137562	-0.060739865	0.095577646	-0.071296573	-0.071860070	-0.024911554	0.038407847
4.986000000	-0.016355226	0.493641841	0.506672330	-0.019431839	-1.000399984	-3.131099190	-0.060636485	0.095670835	-0.071374791	-0.071734782	-0.024927735	0.038336970
4.987000000	-0.016415811	0.493737558	0.506600916	-0.019503512	-1.000424919	-3.131060888	-0.060533018	0.095763852	-0.071452890	-0.071609394	-0.024943848	0.038266046
4.988000000	-0.016476292	0.493833369	0.506529424	-0.019575058	-1.000449871	-3.131022658	-0.060429463	0.095856694	-0.071530869	-0.071483908	-0.024959894	0.038195074
4.989000000	-0.016536670	0.493929272	0.506457854	-0.019646479	-1.000474839	-3.130984498	-0.060325822	0.095949363	-0.071608730	-0.071358322	-0.024975872	0.038124054
4.990000000	-0.016596944	0.494025267	0.506386206	-0.019717775	-1.000499823	-3.130946410	-0.060222093	0.096041858	-0.071686470	-0.071232638	-0.024991782	0.038052987
4.991000000	-0.016657114	0.494121355	0.506314481	-0.019788945	-1.000524823	-3.130908392	-0.060118278	0.096134179	-0.071764091	-0.071106855	-0.025007625	0.037981873
4.992000000	-0.016717181	0.494217536	0.506242678	-0.019859989	-1.000549838	-3.130870446	-0.060014376	0.096226326	-0.071841593	-0.070980975	-0.025023401	0.037910712
4.993000000	-0.016777143	0.494313808	0.506170798	-0.019930907	-1.000574869	-3.130832571	-0.059910388	0.096318299	-0.071918974	-0.070854998	-0.025039109	0.037839505
4.994000000	-0.016837001	0.494410172	0.506098840	-0.020001699	-1.000599916	-3.130794767	-0.059806313	0.096410097	-0.071996236	-0.070728922	-0.025054749	0.037768250
4.995000000	-0.016896756	0.494506628	0.506026805	-0.020072364	-1.000624979	-3.130757034	-0.059702153	0.096501721	-0.072073377	-0.070602750	-0.025070322	0.037696950
4.996000000	-0.016956406	0.494603176	0.505954693	-0.020142904	-1.000650057	-3.130719373	-0.059597908	0.096593170	-0.072150398	-0.070476481	-0.025085827	0.037625604
4.997000000	-0.017015951	0.494699815	0.505882505	-0.020213317	-1.000675151	-3.130681783	-0.059493577	0.096684445	-0.072227299	-0.070350116	-0.025101265	0.037554211
4.998000000	-0.017075393	0.494796545	0.505810239	-0.020283604	-1.000700260	-3.130644265	-0.059389161	0.096775545	-0.072304080	-0.070223654	-0.025116636	0.037482773
4.999000000	-0.017134730	0.494893366	0.505737896	-0.020353765	-1.000725384	-3.130606818	-0.059284660	0.096866470	-0.072380740	-0.070097097	-0.025131939	0.037411290
5.000000000	-0.017193962	0.494990278	0.505665477	-0.020423799	-1.000750523	-3.130569442	-0.059180074	0.096957220	-0.072457279	-0.069970444	-0.025147174	0.037339761
5.001000000	-0.017253090	0.495087280	0.505592982	-0.020493706	-1.000775678	-3.130532138	-0.059075404	0.097047794	-0.072533698	-0.069843696	-0.025162342	0.037268187
5.002000000	-0.017312113	0.495184373	0.505520410	-0.020563486	-1.000800848	-3.130494906	-0.058970650	0.097138194	-0.072609996	-0.069716853	-0.025177443	0.037196568
5.003000000	-0.017371031	0.495281557	0.505447762	-0.020633139	-1.000826033	-3.130457745	-0.058865812	0.097228418	-0.072686172	-0.069589915	-0.025192476	0.037124905
5.004000000	-0.017429845	0.495378830	0.505375038	-0.020702666	-1.000851233	-3.130420656	-0.058760889	0.097318467	-0.072762228	-0.069462883	-0.025207441	0.037053196
5.005000000	-0.017488553	0.495476194	0.505302237	-0.020772065	-1.000876448	-3.130383639	-0.058655884	0.097408340	-0.072838162	-0.069335757	-0.025222340	0.036981444
5.006000000	-0.017547156	0.495573647	0.505229361	-0.020841337	-1.000901678	-3.130346693	-0.058550795	0.097498037	-0.072913975	-0.069208537	-0.025237171	0.036909647
5.007000000	-0.017605655	0.495671190	0.505156409	-0.020910482	-1.000926922	-3.130309819	-0.058445623	0.097587558	-0.072989667	-0.069081224	-0.025251934	0.036837806
5.008000000	-0.017664048	0.495768822	0.505083382	-0.020979500	-1.000952182	-3.130273017	-0.058340368	0.097676904	-0.073065237	-0.068953817	-0.025266630	0.036765922
5.009000000	-0.017722335	0.495866543	0.505010279	-0.021048390	-1.000977456	-3.130236287	-0.058235031	0.097766074	-0.073140686	-0.068826318	-0.025281259	0.036693993
5.010000000	-0.017780518	0.495964354	0.504937101	-0.021117152	-1.001002744	-3.130199629	-0.058129611	0.097855066	-0.073216013	-0.068698726	-0.025295820	0.036622022
5.011000000	-0.017838595	0.496062254	0.504863847	-0.021185787	-1.001028047	-3.130163043	-0.058024109	0.097943883	-0.073291217	-0.068571042	-0.025310314	0.036550007
5.012000000	-0.017896566	0.496160242	0.504790518	-0.021254294	-1.001053365	-3.130126529	-0.057918526	0.098032524	-0.073366300	-0.068443265	-0.025324741	0.036477949
5.013000000	-0.017954432	0.496258319	0.504717114	-0.021322674	-1.001078697	-3.130090087	-0.057812860	0.098120988	-0.073441261	-0.068315398	-0.025339100	0.036405848
5.014000000	-0.018012192	0.496356484	0.504643636	-0.021390925	-1.001104043	-3.130053718	-0.057707113	0.098209275	-0.073516100	-0.068187438	-0.025353392	0.036333705
5.015000000	-0.018069846	0.496454737	0.504570082	-0.021459049	-1.001129404	-3.130017420	-0.057601285	0.098297386	-0.073590816	-0.068059388	-0.025367617	0.036261519
5.016000000	-0.018127394	0.496553079	0.504496454	-0.021527044	-1.001154778	-3.129981195	-0.057495376	0.098385320	-0.073665410	-0.067931246	-0.025381774	0.036189291
5.017000000	-0.018184837	0.496651508	0.504422751	-0.021594911	-1.001180167	-3.129945041	-0.057389386	0.098473076	-0.073739881	-0.067803015	-0.025395864	0.036117021
5.018000000	-0.018242173	0.496750025	0.504348974	-0.021662650	-1.001205570	-3.129908961	-0.057283316	0.098560656	-0.073814230	-0.067674693	-0.025409887	0.036044709
5.019000000	-0.018299403	0.496848629	0.504275123	-0.021730261	-1.001230987	-3.129872952	-0.057177165	0.098648059	-0.073888456	-0.067546281	-0.025423843	0.035972355
5.020000000	-0.018356527	0.496947321	0.504201197	-0.021797743	-1.001256418	-3.129837016	-0.057070934	0.098735284	-0.073962559	-0.067417780	-0.025437732	0.035899960
5.021000000	-0.018413545	0.497046100	0.504127198	-0.021865096	-1.001281862	-3.129801152	-0.056964623	0.098822332	-0.074036539	-0.067289189	-0.025451553	0.035827523
5.022000000	-0.018470456	0.497144965	0.504053124	-0.021932321	-1.001307321	-3.129765361	-0.056858233	0.098909202	-0.074110396	-0.067160509	-0.025465307	0.035755045
5.023000000	-0.018527262	0.497243918	0.503978977	-0.021999417	-1.001332793	-3.129729642	-0.056751763	0.098995895	-0.074184130	-0.067031741	-0.025478994	0.035682527
5.024000000	-0.018583960	0.497342957	0.503904756	-0.022066384	-1.001358279	-3.129693996	-0.056645215	0.099082410	-0.074257741	-0.066902884	-0.025492614	0.035609967
5.025000000	-0.018640552	0.497442083	0.503830461	-0.022133223	-1.001383778	-3.129658422	-0.056538587	0.099168747	-0.074331228	-0.066773938	-0.025506166	0.035537367
5.026000000	-0.018697037	0.497541295	0.503756094	-0.022199932	-1.001409291	-3.129622921	-0.056431880	0.099254907	-0.074404592	-0.066644905	-0.025519652	0.035464726
5.027000000	-0.018753416	0.497640593	0.503681652	-0.022266513	-1.001434817	-3.129587493	-0.056325095	0.099340888	-0.074477832	-0.066515785	-0.025533070	0.035392046
5.028000000	-0.018809687	0.497739976	0.503607138	-0.022332964	-1.001460357	-3.129552137	-0.056218064	0.099426393	-0.074550725	-0.066386378	-0.025546345	0.035319219
5.029000000	-0.018865852	0.497839445	0.503532551	-0.022399285	-1.001485910	-3.129516854	-0.056110620	0.099511123	-0.074623046	-0.066256490	-0.025559400	0.035246143
5.030000000	-0.018921908	0.497938998	0.503457892	-0.022465477	-1.001511476	-3.129481645	-0.056002766	0.099595077	-0.074694795	-0.066126123	-0.025572234	0.035172819
5.031000000	-0.018977857	0.498038635	0.503383162	-0.022531537	-1.001537055	-3.129446509	-0.055894507	0.099678254	-0.074765970	-0.065995282	-0.025584848	0.035099249
5.032000000	-0.019033697	0.498138355	0.503308360	-0.022597467	-1.001562646	-3.129411446	-0.055785845	0.099760652	-0.074836571	-0.065863972	-0.025597242	0.035025437
5.033000000	-0.019089429	0.498238156	0.503233489	-0.022663265	-1.001588249	-3.129376458	-0.055676785	0.099842272	-0.074906597	-0.065732197	-0.025609415	0.034951384
5.034000000	-0.019145051	0.498338039	0.503158547	-0.022728931	-1.001613864	-3.129341544	-0.055567329	0.099923112	-0.074976046	-0.065599960	-0.025621369	0.034877093
5.035000000	-0.019200563	0.498438002	0.503083537	-0.022794465	-1.001639492	-3.129306704	-0.055457481	0.100003172	-0.075044919	-0.065467266	-0.025633102	0.034802566
5.036000000	-0.019255966	0.498538045	0.503008457	-0.022859866	-1.001665131	-3.129271939	-0.055347244	0.100082450	-0.075113214	-0.065334120	-0.025644615	0.034727805
5.037000000	-0.019311258	0.498638167	0.502933310	-0.022925133	-1.001690781	-3.129237248	-0.055236623	0.100160946	-0.075180929	-0.065200524	-0.025655908	0.034652813
5.038000000	-0.019366439	0.498738367	0.502858096	-0.022990267	-1.001716442	-3.129202633	-0.055125620	0.100238659	-0.075248066	-0.065066484	-0.025666981	0.034577592
5.039000000	-0.019421509	0.498838644	0.502782814	-0.023055266	-1.001742115	-3.129168093	-0.055014239	0.100315588	-0.075314621	-0.064932004	-0.025677834	0.034502145
5.040000000	-0.019476467	0.498938998	0.502707467	-0.023120130	-1.001767798	-3.129133629	-0.054902483	0.100391732	-0.075380595	-0.064797087	-0.025688468	0.034426473
5.041000000	-0.019531314	0.499039428	0.502632053	-0.023184860	-1.001793492	-3.129099240	-0.054790356	0.100467090	-0.075445987	-0.064661739	-0.025698881	0.034350580
5.042000000	-0.019586048	0.499139932	0.502556575	-0.023249454	-1.001819196	-3.129064928	-0.054677861	0.100541663	-0.075510797	-0.064525962	-0.025709075	0.034274467
5.043000000	-0.019640669	0.499240511	0.502481032	-0.023313912	-1.001844910	-3.129030692	-0.054565002	0.100615449	-0.075575022	-0.064389762	-0.025719049	0.034198137
5.044000000	-0.019695177	0.499341163	0.502405425	-0.023378233	-1.001870634	-3.128996532	-0.054451782	0.100688446	-0.075638663	-0.064253142	-0.025728803	0.034121591
5.045000000	-0.019749572	0.499441887	0.502329755	-0.023442418	-1.001896367	-3.128962448	-0.054338204	0.100760656	-0.075701719	-0.064116107	-0.025738338	0.034044833
5.046000000	-0.019803854	0.499542684	0.502254021	-0.023506465	-1.001922110	-3.128928442	-0.054224272	0.100832076	-0.075764188	-0.063978660	-0.025747654	0.033967865
5.047000000	-0.019858021	0.499643552	0.502178226	-0.023570375	-1.001947863	-3.128894513	-0.054109990	0.100902706	-0.075826071	-0.063840806	-0.025756750	0.033890689
5.048000000	-0.019912073	0.499744489	0.502102369	-0.023634146	-1.001973624	-3.128860661	-0.053995360	0.100972547	-0.075887366	-0.063702548	-0.025765627	0.033813307
5.049000000	-0.019966011	0.499845497	0.502026452	-0.023697780	-1.001999394	-3.128826886	-0.053880387	0.101041596	-0.075948073	-0.063563892	-0.025774285	0.033735722
5.050000000	-0.020019834	0.499946572	0.501950473	-0.023761274	-1.002025172	-3.128793190	-0.053765073	0.101109854	-0.076008191	-0.063424841	-0.025782724	0.033657935
5.051000000	-0.020073541	0.500047716	0.501874435	-0.023824629	-1.002050959	-3.128759571	-0.053649422	0.101177319	-0.076067719	-0.063285399	-0.025790944	0.033579950
5.052000000	-0.020127133	0.500148927	0.501798338	-0.023887844	-1.002076754	-3.128726030	-0.053533438	0.101243991	-0.076126657	-0.063145571	-0.025798945	0.033501769
5.053000000	-0.020180608	0.500250204	0.501722182	-0.023950920	-1.002102557	-3.128692567	-0.053417123	0.101309870	-0.076185005	-0.063005360	-0.025806728	0.033423393
5.054000000	-0.020233967	0.500351547	0.501645968	-0.024013855	-1.002128368	-3.128659183	-0.053300481	0.101374955	-0.076242760	-0.062864770	-0.025814292	0.033344825
5.055000000	-0.020287208	0.500452954	0.501569696	-0.024076649	-1.002154186	-3.128625878	-0.053183517	0.101439246	-0.076299923	-0.062723806	-0.025821638	0.033266067
5.056000000	-0.020340333	0.500554425	0.501493368	-0.024139302	-1.002180011	-3.128592651	-0.053066232	0.101502741	-0.076356493	-0.062582472	-0.025828765	0.033187123
5.057000000	-0.020393341	0.500655959	0.501416983	-0.024201814	-1.002205843	-3.128559504	-0.052948631	0.101565441	-0.076412470	-0.062440772	-0.025835675	0.033107993
5.058000000	-0.020446230	0.500757556	0.501340543	-0.024264183	-1.002231682	-3.128526436	-0.052830716	0.101627344	-0.076467852	-0.062298709	-0.025842366	0.033028680
5.059000000	-0.020499002	0.500859214	0.501264048	-0.024326410	-1.002257528	-3.128493447	-0.052712491	0.101688452	-0.076522640	-0.062156289	-0.025848840	0.032949187
5.060000000	-0.020551655	0.500960933	0.501187498	-0.024388495	-1.002283380	-3.128460537	-0.052593960	0.101748762	-0.076576832	-0.062013514	-0.025855096	0.032869515
5.061000000	-0.020604189	0.501062712	0.501110894	-0.024450437	-1.002309238	-3.128427708	-0.052475127	0.101808275	-0.076630429	-0.061870390	-0.025861134	0.032789668
5.062000000	-0.020656605	0.501164550	0.501034237	-0.024512236	-1.002335102	-3.128394958	-0.052355993	0.101866990	-0.076683429	-0.061726919	-0.025866955	0.032709647
5.063000000	-0.020708901	0.501266446	0.500957527	-0.024573890	-1.002360972	-3.128362289	-0.052236563	0.101924906	-0.076735832	-0.061583107	-0.025872560	0.032629454
5.064000000	-0.020761077	0.501368399	0.500880765	-0.024635401	-1.002386847	-3.128329700	-0.052116840	0.101982024	-0.076787637	-0.061438957	-0.025877947	0.032549092
5.065000000	-0.020813134	0.501470410	0.500803952	-0.024696768	-1.002412728	-3.128297191	-0.051996827	0.102038343	-0.076838844	-0.061294474	-0.025883117	0.032468563
5.066000000	-0.020865070	0.501572476	0.500727087	-0.024757990	-1.002438613	-3.128264763	-0.051876528	0.102093862	-0.076889453	-0.061149660	-0.025888071	0.032387869
5.067000000	-0.020916886	0.501674598	0.500650173	-0.024819066	-1.002464504	-3.128232416	-0.051755946	0.102148582	-0.076939463	-0.061004521	-0.025892808	0.032307013
5.068000000	-0.020968582	0.501776773	0.500573208	-0.024879998	-1.002490399	-3.128200149	-0.051635085	0.102202501	-0.076988873	-0.060859060	-0.025897329	0.032225996
5.069000000	-0.021020156	0.501879003	0.500496195	-0.024940784	-1.002516299	-3.128167964	-0.051513947	0.102255621	-0.077037683	-0.060713282	-0.025901635	0.032144822
5.070000000	-0.021071609	0.501981285	0.500419133	-0.025001424	-1.002542202	-3.128135860	-0.051392537	0.102307939	-0.077085892	-0.060567190	-0.025905724	0.032063491
5.071000000	-0.021122941	0.502083619	0.500342023	-0.025061918	-1.002568110	-3.128103837	-0.051270856	0.102359457	-0.077133501	-0.060420788	-0.025909598	0.031982007
5.072000000	-0.021174150	0.502186004	0.500264866	-0.025122265	-1.002594022	-3.128071896	-0.051148910	0.102410173	-0.077180508	-0.060274081	-0.025913256	0.031900372
5.073000000	-0.021225238	0.502288439	0.500187662	-0.025182465	-1.002619937	-3.128040037	-0.051026700	0.102460088	-0.077226913	-0.060127072	-0.025916700	0.031818587
5.074000000	-0.021276203	0.502390924	0.500110412	-0.025242518	-1.002645855	-3.128008260	-0.050904231	0.102509201	-0.077272716	-0.059979765	-0.025919928	0.031736656
5.075000000	-0.021327046	0.502493458	0.500033116	-0.025302424	-1.002671776	-3.127976564	-0.050781506	0.102557512	-0.077317917	-0.059832165	-0.025922941	0.031654579
5.076000000	-0.021377765	0.502596039	0.499955776	-0.025362182	-1.002697701	-3.127944951	-0.050658527	0.102605021	-0.077362515	-0.059684274	-0.025925741	0.031572360
5.077000000	-0.021428362	0.502698668	0.499878391	-0.025421792	-1.002723628	-3.127913420	-0.050535299	0.102651727	-0.077406509	-0.059536098	-0.025928325	0.031490001
5.078000000	-0.021478835	0.502801343	0.499800962	-0.025481253	-1.002749557	-3.127881971	-0.050411824	0.102697631	-0.077449899	-0.059387640	-0.025930696	0.031407503
5.079000000	-0.021529185	0.502904064	0.499723491	-0.025540566	-1.002775489	-3.127850605	-0.050288107	0.102742733	-0.077492685	-0.059238905	-0.025932853	0.031324870
5.080000000	-0.021579411	0.503006829	0.499645977	-0.025599730	-1.002801423	-3.127819322	-0.050164149	0.102787031	-0.077534867	-0.059089895	-0.025934797	0.031242102
5.081000000	-0.021629513	0.503109638	0.499568421	-0.025658745	-1.002827359	-3.127788122	-0.050039955	0.102830527	-0.077576444	-0.058940615	-0.025936527	0.031159203
5.082000000	-0.021679490	0.503212490	0.499490824	-0.025717610	-1.002853296	-3.127757004	-0.049915527	0.102873220	-0.077617416	-0.058791069	-0.025938045	0.031076175
5.083000000	-0.021729343	0.503315385	0.499413186	-0.025776326	-1.002879235	-3.127725970	-0.049790869	0.102915109	-0.077657783	-0.058641261	-0.025939349	0.030993019
5.084000000	-0.021779071	0.503418321	0.499335508	-0.025834892	-1.002905175	-3.127695019	-0.049665985	0.102956195	-0.077697544	-0.058491195	-0.025940441	0.030909738
5.085000000	-0.021828674	0.503521297	0.499257790	-0.025893308	-1.002931116	-3.127664151	-0.049540877	0.102996479	-0.077736699	-0.058340874	-0.025941321	0.030826334
5.086000000	-0.021878152	0.503624314	0.499180034	-0.025951573	-1.002957058	-3.127633366	-0.049415548	0.103035959	-0.077775248	-0.058190303	-0.025941989	0.030742809
5.087000000	-0.021927505	0.503727369	0.499102240	-0.026009688	-1.002983000	-3.127602666	-0.049290003	0.103074635	-0.077813191	-0.058039485	-0.025942445	0.030659166
5.088000000	-0.021976731	0.503830463	0.499024408	-0.026067651	-1.003008942	-3.127572049	-0.049164244	0.103112508	-0.077850526	-0.057888424	-0.025942690	0.030575406
5.089000000	-0.022025832	0.503933595	0.498946538	-0.026125464	-1.003034885	-3.127541515	-0.049038274	0.103149578	-0.077887255	-0.057737125	-0.025942724	0.030491532
5.090000000	-0.022074807	0.504036763	0.498868633	-0.026183125	-1.003060828	-3.127511066	-0.048912097	0.103185844	-0.077923377	-0.057585590	-0.025942547	0.030407545
5.091000000	-0.022123656	0.504139967	0.498790691	-0.026240634	-1.003086770	-3.127480701	-0.048785715	0.103221308	-0.077958891	-0.057433825	-0.025942159	0.030323448
5.092000000	-0.022172378	0.504243206	0.498712715	-0.026297991	-1.003112712	-3.127450420	-0.048659132	0.103255968	-0.077993798	-0.057281832	-0.025941562	0.030239243
5.093000000	-0.022220973	0.504346479	0.498634704	-0.026355197	-1.003138653	-3.127420223	-0.048532352	0.103289825	-0.078028097	-0.057129615	-0.025940754	0.030154932
5.094000000	-0.022269442	0.504449785	0.498556658	-0.026412250	-1.003164594	-3.127390110	-0.048405378	0.103322879	-0.078061788	-0.056977179	-0.025939737	0.030070518
5.095000000	-0.022317784	0.504553125	0.498478580	-0.026469150	-1.003190533	-3.127360082	-0.048278211	0.103355129	-0.078094872	-0.056824528	-0.025938510	0.029986001
5.096000000	-0.022365998	0.504656496	0.498400469	-0.026525898	-1.003216471	-3.127330139	-0.048150857	0.103386577	-0.078127347	-0.056671664	-0.025937075	0.029901385
5.097000000	-0.022414085	0.504759898	0.498322325	-0.026582493	-1.003242407	-3.127300280	-0.048023318	0.103417223	-0.078159213	-0.056518592	-0.025935431	0.029816672
5.098000000	-0.022462044	0.504863330	0.498244150	-0.026638935	-1.003268342	-3.127270506	-0.047895596	0.103447065	-0.078190472	-0.056365315	-0.025933578	0.029731863
5.099000000	-0.022509875	0.504966792	0.498165944	-0.026695223	-1.003294274	-3.127240816	-0.047767697	0.103476106	-0.078221121	-0.056211839	-0.025931518	0.029646961
5.100000000	-0.022557579	0.505070283	0.498087708	-0.026751358	-1.003320205	-3.127211212	-0.047639621	0.103504344	-0.078251163	-0.056058165	-0.025929250	0.029561968
5.101000000	-0.022605154	0.505173801	0.498009442	-0.026807339	-1.003346133	-3.127181693	-0.047511373	0.103531780	-0.078280595	-0.055904298	-0.025926774	0.029476885
5.102000000	-0.022652601	0.505277346	0.497931146	-0.026863166	-1.003372058	-3.127152258	-0.047382956	0.103558414	-0.078309419	-0.055750241	-0.025924092	0.029391715
5.103000000	-0.022699920	0.505380918	0.497852823	-0.026918839	-1.003397981	-3.127122909	-0.047254373	0.103584247	-0.078337633	-0.055596000	-0.025921203	0.029306460
5.104000000	-0.022747110	0.505484515	0.497774471	-0.026974357	-1.003423901	-3.127093646	-0.047125627	0.103609278	-0.078365239	-0.055441576	-0.025918107	0.029221123
5.105000000	-0.022794171	0.505588136	0.497696092	-0.027029722	-1.003449817	-3.127064467	-0.046996721	0.103633508	-0.078392236	-0.055286975	-0.025914806	0.029135704
5.106000000	-0.022841103	0.505691782	0.497617687	-0.027084931	-1.003475730	-3.127035374	-0.046867659	0.103656938	-0.078418624	-0.055132198	-0.025911299	0.029050206
5.107000000	-0.022887906	0.505795450	0.497539255	-0.027139986	-1.003501640	-3.127006367	-0.046738442	0.103679566	-0.078444404	-0.054977252	-0.025907587	0.028964632
5.108000000	-0.022934580	0.505899141	0.497460798	-0.027194886	-1.003527545	-3.126977445	-0.046609075	0.103701395	-0.078469574	-0.054822138	-0.025903669	0.028878983
5.109000000	-0.022981124	0.506002853	0.497382316	-0.027249630	-1.003553447	-3.126948609	-0.046479561	0.103722423	-0.078494135	-0.054666861	-0.025899548	0.028793260
5.110000000	-0.023027539	0.506106585	0.497303810	-0.027304219	-1.003579344	-3.126919859	-0.046349902	0.103742652	-0.078518087	-0.054511425	-0.025895222	0.028707468
5.111000000	-0.023073824	0.506210338	0.497225280	-0.027358653	-1.003605237	-3.126891194	-0.046220103	0.103762082	-0.078541431	-0.054355833	-0.025890692	0.028621606
5.112000000	-0.023119979	0.506314109	0.497146727	-0.027412931	-1.003631126	-3.126862615	-0.046090164	0.103780713	-0.078564165	-0.054200088	-0.025885960	0.028535678
5.113000000	-0.023166005	0.506417899	0.497068152	-0.027467054	-1.003657009	-3.126834122	-0.045960091	0.103798545	-0.078586291	-0.054044195	-0.025881023	0.028449684
5.114000000	-0.023211900	0.506521706	0.496989555	-0.027521020	-1.003682888	-3.126805716	-0.045829886	0.103815579	-0.078607808	-0.053888157	-0.025875885	0.028363629
5.115000000	-0.023257665	0.506625529	0.496910937	-0.027574831	-1.003708761	-3.126777395	-0.045699552	0.103831815	-0.078628716	-0.053731978	-0.025870544	0.028277512
5.116000000	-0.023303300	0.506729369	0.496832298	-0.027628485	-1.003734629	-3.126749160	-0.045569091	0.103847254	-0.078649016	-0.053575661	-0.025865001	0.028191336
5.117000000	-0.023348804	0.506833223	0.496753640	-0.027681983	-1.003760491	-3.126721012	-0.045438508	0.103861896	-0.078668708	-0.053419211	-0.025859257	0.028105104
5.118000000	-0.023394178	0.506937091	0.496674962	-0.027735325	-1.003786347	-3.126692949	-0.045307805	0.103875741	-0.078687791	-0.053262629	-0.025853312	0.028018817
5.119000000	-0.023439421	0.507040973	0.496596265	-0.027788510	-1.003812197	-3.126664973	-0.045176984	0.103888790	-0.078706266	-0.053105921	-0.025847166	0.027932477
5.120000000	-0.023484533	0.507144868	0.496517550	-0.027841538	-1.003838041	-3.126637083	-0.045046050	0.103901044	-0.078724133	-0.052949090	-0.025840819	0.027846086
5.121000000	-0.023529514	0.507248774	0.496438818	-0.027894410	-1.003863879	-3.126609280	-0.044915005	0.103912504	-0.078741392	-0.052792139	-0.025834273	0.027759647
5.122000000	-0.023574365	0.507352692	0.496360068	-0.027947124	-1.003889710	-3.126581563	-0.044783852	0.103923168	-0.078758044	-0.052635072	-0.025827528	0.027673160
5.123000000	-0.023619084	0.507456619	0.496281303	-0.027999682	-1.003915534	-3.126553932	-0.044652594	0.103933038	-0.078774087	-0.052477893	-0.025820583	0.027586628
5.124000000	-0.023663672	0.507560557	0.496202521	-0.028052083	-1.003941351	-3.126526388	-0.044521235	0.103942115	-0.078789524	-0.052320604	-0.025813440	0.027500053
5.125000000	-0.023708129	0.507664502	0.496123725	-0.028104326	-1.003967160	-3.126498931	-0.044389776	0.103950399	-0.078804353	-0.052163211	-0.025806099	0.027413437
5.126000000	-0.023752454	0.507768456	0.496044914	-0.028156412	-1.003992963	-3.126471560	-0.044258221	0.103957891	-0.078818576	-0.052005715	-0.025798560	0.027326782
5.127000000	-0.023796648	0.507872416	0.495966089	-0.028208340	-1.004018757	-3.126444276	-0.044126573	0.103964591	-0.078832191	-0.051848121	-0.025790823	0.027240089
5.128000000	-0.023840710	0.507976383	0.495887251	-0.028260112	-1.004044544	-3.126417078	-0.043994835	0.103970500	-0.078845200	-0.051690432	-0.025782890	0.027153361
5.129000000	-0.023884640	0.508080356	0.495808400	-0.028311724	-1.004070323	-3.126389967	-0.043863009	0.103975616	-0.078857602	-0.051532651	-0.025774760	0.027066599
5.130000000	-0.023928435	0.508184334	0.495729536	-0.028363176	-1.004096094	-3.126362945	-0.043731098	0.103979939	-0.078869395	-0.051374781	-0.025766432	0.026979805
5.131000000	-0.023972099	0.508288317	0.495650660	-0.028414470	-1.004121856	-3.126336010	-0.043599105	0.103983473	-0.078880583	-0.051216827	-0.025757909	0.026892981
5.132000000	-0.024015630	0.508392303	0.495571773	-0.028465606	-1.004147609	-3.126309161	-0.043467034	0.103986218	-0.078891165	-0.051058792	-0.025749190	0.026806130
5.133000000	-0.024059030	0.508496291	0.495492877	-0.028516584	-1.004173354	-3.126282399	-0.043334888	0.103988174	-0.078901141	-0.050900679	-0.025740277	0.026719252
5.134000000	-0.024102297	0.508600281	0.495413970	-0.028567404	-1.004199090	-3.126255724	-0.043202668	0.103989343	-0.078910513	-0.050742492	-0.025731169	0.026632350
5.135000000	-0.024145433	0.508704271	0.495335054	-0.028618066	-1.004224817	-3.126229136	-0.043070380	0.103989726	-0.078919280	-0.050584235	-0.025721868	0.026545427
5.136000000	-0.024188436	0.508808261	0.495256130	-0.028668570	-1.004250534	-3.126202635	-0.042938023	0.103989322	-0.078927442	-0.050425910	-0.025712374	0.026458482
5.137000000	-0.024231307	0.508912251	0.495177199	-0.028718915	-1.004276242	-3.126176221	-0.042805603	0.103988133	-0.078935001	-0.050267522	-0.025702686	0.026371519
5.138000000	-0.024274045	0.509016238	0.495098260	-0.028769103	-1.004301939	-3.126149893	-0.042673122	0.103986160	-0.078941956	-0.050109073	-0.025692806	0.026284540
5.139000000	-0.024316651	0.509120224	0.495019314	-0.028819132	-1.004327627	-3.126123653	-0.042540582	0.103983403	-0.078948308	-0.049950567	-0.025682734	0.026197545
5.140000000	-0.024359125	0.509224206	0.494940362	-0.028869002	-1.004353305	-3.126097499	-0.042407987	0.103979862	-0.078954057	-0.049792007	-0.025672471	0.026110538
5.141000000	-0.024401466	0.509328184	0.494861405	-0.028918714	-1.004378972	-3.126071432	-0.042275339	0.103975540	-0.078959203	-0.049633398	-0.025662016	0.026023519
5.142000000	-0.024443675	0.509432157	0.494782444	-0.028968268	-1.004404629	-3.126045453	-0.042142642	0.103970435	-0.078963747	-0.049474741	-0.025651371	0.025936491
5.143000000	-0.024485751	0.509536125	0.494703478	-0.029017663	-1.004430275	-3.126019560	-0.042009897	0.103964551	-0.078967690	-0.049316041	-0.025640536	0.025849456
5.144000000	-0.024527694	0.509640086	0.494624508	-0.029066900	-1.004455910	-3.125993754	-0.041877108	0.103957886	-0.078971031	-0.049157300	-0.025629511	0.025762414
5.145000000	-0.024569505	0.509744040	0.494545536	-0.029115978	-1.004481534	-3.125968035	-0.041744278	0.103950442	-0.078973772	-0.048998523	-0.025618297	0.025675369
5.146000000	-0.024611183	0.509847987	0.494466561	-0.029164897	-1.004507147	-3.125942403	-0.041611408	0.103942220	-0.078975911	-0.048839711	-0.025606895	0.025588321
5.147000000	-0.024652729	0.509951924	0.494387585	-0.029213658	-1.004532748	-3.125916858	-0.041478503	0.103933221	-0.078977451	-0.048680870	-0.025595304	0.025501273
5.148000000	-0.024694141	0.510055852	0.494308607	-0.029262260	-1.004558337	-3.125891400	-0.041345565	0.103923445	-0.078978392	-0.048522001	-0.025583526	0.025414226
5.149000000	-0.024735421	0.510159770	0.494229629	-0.029310704	-1.004583915	-3.125866028	-0.041212597	0.103912894	-0.078978733	-0.048363109	-0.025571560	0.025327183
5.150000000	-0.024776569	0.510263677	0.494150651	-0.029358989	-1.004609480	-3.125840744	-0.041079601	0.103901567	-0.078978475	-0.048204196	-0.025559408	0.025240144
5.151000000	-0.024817583	0.510367572	0.494071673	-0.029407115	-1.004635033	-3.125815546	-0.040946579	0.103889467	-0.078977619	-0.048045266	-0.025547070	0.025153112
5.152000000	-0.024858465	0.510471454	0.493992697	-0.029455083	-1.004660574	-3.125790436	-0.040813536	0.103876595	-0.078976166	-0.047886322	-0.025534546	0.025066089
5.153000000	-0.024899213	0.510575323	0.493913723	-0.029502892	-1.004686102	-3.125765412	-0.040680473	0.103862950	-0.078974116	-0.047727367	-0.025521837	0.024979075
5.154000000	-0.024939829	0.510679178	0.493834751	-0.029550542	-1.004711617	-3.125740475	-0.040547394	0.103848534	-0.078971469	-0.047568405	-0.025508943	0.024892074
5.155000000	-0.024980312	0.510783017	0.493755782	-0.029598034	-1.004737120	-3.125715625	-0.040414300	0.103833348	-0.078968225	-0.047409438	-0.025495865	0.024805086
5.156000000	-0.025020662	0.510886842	0.493676816	-0.029645366	-1.004762609	-3.125690862	-0.040281195	0.103817392	-0.078964386	-0.047250470	-0.025482604	0.024718113
5.157000000	-0.025060874	0.510990652	0.493597853	-0.029692534	-1.004788085	-3.125666189	-0.040148080	0.103800661	-0.078959946	-0.047091501	-0.025469156	0.024631156
5.158000000	-0.025100953	0.511094446	0.493518894	-0.029739543	-1.004813547	-3.125641603	-0.040014958	0.103783162	-0.078954912	-0.046932538	-0.025455526	0.024544219
5.159000000	-0.025140900	0.511198221	0.493439941	-0.029786394	-1.004838996	-3.125617104	-0.039881833	0.103764898	-0.078949284	-0.046773583	-0.025441714	0.024457301
5.160000000	-0.025180713	0.511301977	0.493360994	-0.029833085	-1.004864431	-3.125592691	-0.039748707	0.103745868	-0.078943062	-0.046614639	-0.025427721	0.024370406
5.161000000	-0.025220394	0.511405714	0.493282054	-0.029879619	-1.004889852	-3.125568365	-0.039615583	0.103726074	-0.078936248	-0.046455711	-0.025413546	0.024283535
5.162000000	-0.025259941	0.511509431	0.493203120	-0.029925993	-1.004915258	-3.125544126	-0.039482464	0.103705517	-0.078928841	-0.046296800	-0.025399191	0.024196689
5.163000000	-0.025299356	0.511613126	0.493124195	-0.029972210	-1.004940650	-3.125519973	-0.039349352	0.103684198	-0.078920843	-0.046137909	-0.025384656	0.024109870
5.164000000	-0.025338638	0.511716800	0.493045278	-0.030018267	-1.004966028	-3.125495907	-0.039216249	0.103662118	-0.078912254	-0.045979043	-0.025369942	0.024023080
5.165000000	-0.025377787	0.511820451	0.492966370	-0.030064166	-1.004991390	-3.125471928	-0.039083160	0.103639278	-0.078903074	-0.045820203	-0.025355048	0.023936321
5.166000000	-0.025416804	0.511924079	0.492887472	-0.030109907	-1.005016738	-3.125448035	-0.038950085	0.103615680	-0.078893305	-0.045661394	-0.025339976	0.023849593
5.167000000	-0.025455688	0.512027682	0.492808583	-0.030155489	-1.005042070	-3.125424229	-0.038817027	0.103591324	-0.078882947	-0.045502617	-0.025324727	0.023762899
5.168000000	-0.025494439	0.512131261	0.492729706	-0.030200913	-1.005067387	-3.125400509	-0.038683990	0.103566211	-0.078872001	-0.045343877	-0.025309300	0.023676241
5.169000000	-0.025533057	0.512234814	0.492650840	-0.030246178	-1.005092688	-3.125376876	-0.038550976	0.103540343	-0.078860466	-0.045185176	-0.025293696	0.023589620
5.170000000	-0.025571543	0.512338340	0.492571986	-0.030291286	-1.005117974	-3.125353328	-0.038417987	0.103513721	-0.078848345	-0.045026517	-0.025277916	0.023503037
5.171000000	-0.025609896	0.512441840	0.492493145	-0.030336235	-1.005143244	-3.125329868	-0.038285025	0.103486346	-0.078835638	-0.044867903	-0.025261961	0.023416494
5.172000000	-0.025648116	0.512545311	0.492414317	-0.030381026	-1.005168498	-3.125306493	-0.038152094	0.103458219	-0.078822344	-0.044709337	-0.025245830	0.023329994
5.173000000	-0.025686204	0.512648754	0.492335502	-0.030425659	-1.005193736	-3.125283205	-0.038019196	0.103429341	-0.078808466	-0.044550823	-0.025229525	0.023243536
5.174000000	-0.025724160	0.512752167	0.492256702	-0.030470134	-1.005218957	-3.125260003	-0.037886333	0.103399713	-0.078794004	-0.044392362	-0.025213046	0.023157124
5.175000000	-0.025761983	0.512855550	0.492177917	-0.030514450	-1.005244161	-3.125236887	-0.037753508	0.103369338	-0.078778958	-0.044233959	-0.025196393	0.023070758
5.176000000	-0.025799667	0.512958905	0.492099145	-0.030558601	-1.005269350	-3.125213861	-0.037620721	0.103338204	-0.078763322	-0.044075613	-0.025179564	0.022984439
5.177000000	-0.025837218	0.513062229	0.492020388	-0.030602594	-1.005294521	-3.125190922	-0.037487976	0.103306325	-0.078747103	-0.043917330	-0.025162563	0.022898171
5.178000000	-0.025874637	0.513165521	0.491941648	-0.030646430	-1.005319675	-3.125168068	-0.037355277	0.103273701	-0.078730304	-0.043759113	-0.025145390	0.022811953
5.179000000	-0.025911924	0.513268779	0.491862925	-0.030690107	-1.005344812	-3.125145301	-0.037222626	0.103240333	-0.078712924	-0.043600965	-0.025128046	0.022725789
5.180000000	-0.025949079	0.513372003	0.491784221	-0.030733627	-1.005369931	-3.125122619	-0.037090024	0.103206223	-0.078694964	-0.043442888	-0.025110531	0.022639678
5.181000000	-0.025986101	0.513475192	0.491705534	-0.030776990	-1.005395033	-3.125100023	-0.036957476	0.103171373	-0.078676425	-0.043284886	-0.025092846	0.022553624
5.182000000	-0.026022992	0.513578346	0.491626867	-0.030820195	-1.005420117	-3.125077513	-0.036824982	0.103135783	-0.078657308	-0.043126961	-0.025074992	0.022467627
5.183000000	-0.026059751	0.513681464	0.491548219	-0.030863242	-1.005445183	-3.125055089	-0.036692546	0.103099454	-0.078637614	-0.042969116	-0.025056969	0.022381689
5.184000000	-0.026096377	0.513784545	0.491469592	-0.030906133	-1.005470231	-3.125032750	-0.036560170	0.103062388	-0.078617343	-0.042811355	-0.025038777	0.022295811
5.185000000	-0.026132872	0.513887588	0.491390985	-0.030948866	-1.005495260	-3.125010496	-0.036427856	0.103024587	-0.078596496	-0.042653679	-0.025020418	0.022209995
5.186000000	-0.026169235	0.513990593	0.491312400	-0.030991443	-1.005520271	-3.124988328	-0.036295607	0.102986051	-0.078575075	-0.042496092	-0.025001891	0.022124243
5.187000000	-0.026205466	0.514093559	0.491233837	-0.031033862	-1.005545264	-3.124966246	-0.036163425	0.102946783	-0.078553080	-0.042338597	-0.024983198	0.022038556
5.188000000	-0.026241566	0.514196484	0.491155296	-0.031076125	-1.005570238	-3.124944248	-0.036031312	0.102906782	-0.078530511	-0.042181196	-0.024964339	0.021952935
5.189000000	-0.026277534	0.514299369	0.491076778	-0.031118231	-1.005595192	-3.124922336	-0.035899270	0.102866051	-0.078507370	-0.042023892	-0.024945314	0.021867381
5.190000000	-0.026313371	0.514402213	0.490998284	-0.031160181	-1.005620128	-3.124900509	-0.035767303	0.102824592	-0.078483657	-0.041866688	-0.024926125	0.021781898
5.191000000	-0.026349071	0.514505017	0.490919812	-0.031201967	-1.005645045	-3.124878771	-0.035635411	0.102782396	-0.078459368	-0.041709585	-0.024906768	0.021696484
5.192000000	-0.026384637	0.514607780	0.490841364	-0.031243594	-1.005669942	-3.124857119	-0.035503596	0.102739470	-0.078434506	-0.041552586	-0.024887247	0.021611142
5.193000000	-0.026420072	0.514710499	0.490762941	-0.031285065	-1.005694819	-3.124835553	-0.035371862	0.102695819	-0.078409076	-0.041395694	-0.024867562	0.021525875
5.194000000	-0.026455376	0.514813174	0.490684543	-0.031326379	-1.005719677	-3.124814071	-0.035240212	0.102651445	-0.078383077	-0.041238914	-0.024847715	0.021440682
5.195000000	-0.026490549	0.514915804	0.490606173	-0.031367538	-1.005744515	-3.124792674	-0.035108647	0.102606349	-0.078356511	-0.041082247	-0.024827706	0.021355566
5.196000000	-0.026525590	0.515018388	0.490527829	-0.031408541	-1.005769332	-3.124771362	-0.034977171	0.102560532	-0.078329379	-0.040925697	-0.024807536	0.021270527
5.197000000	-0.026560501	0.515120925	0.490449513	-0.031449388	-1.005794130	-3.124750134	-0.034845784	0.102513996	-0.078301682	-0.040769265	-0.024787205	0.021185569
5.198000000	-0.026595282	0.515223416	0.490371226	-0.031490079	-1.005818907	-3.124728991	-0.034714490	0.102466743	-0.078273421	-0.040612954	-0.024766714	0.021100690
5.199000000	-0.026629932	0.515325858	0.490292967	-0.031530615	-1.005843663	-3.124707932	-0.034583290	0.102418773	-0.078244597	-0.040456768	-0.024746063	0.021015894
5.200000000	-0.026664451	0.515428252	0.490214738	-0.031570996	-1.005868399	-3.124686957	-0.034452187	0.102370089	-0.078215210	-0.040300708	-0.024725254	0.020931182
5.201000000	-0.026698841	0.515530596	0.490136539	-0.031611222	-1.005893113	-3.124666066	-0.034321184	0.102320692	-0.078185262	-0.040144777	-0.024704286	0.020846555
5.202000000	-0.026733100	0.515632890	0.490058370	-0.031651293	-1.005917807	-3.124645260	-0.034190281	0.102270583	-0.078154753	-0.039988979	-0.024683160	0.020762013
5.203000000	-0.026767229	0.515735134	0.489980233	-0.031691209	-1.005942480	-3.124624538	-0.034059483	0.102219763	-0.078123685	-0.039833315	-0.024661877	0.020677560
5.204000000	-0.026801221	0.515837328	0.489902124	-0.031730963	-1.005967131	-3.124603903	-0.033928788	0.102168226	-0.078092052	-0.039677786	-0.024640435	0.020593195
5.205000000	-0.026835081	0.515939472	0.489824047	-0.031770558	-1.005991761	-3.124583355	-0.033798200	0.102115977	-0.078059858	-0.039522395	-0.024618836	0.020508920
5.206000000	-0.026868811	0.516041563	0.489746002	-0.031809999	-1.006016369	-3.124562890	-0.033667722	0.102063021	-0.078027107	-0.039367147	-0.024597081	0.020424737
5.207000000	-0.026902411	0.516143601	0.489667990	-0.031849286	-1.006040955	-3.124542509	-0.033537356	0.102009362	-0.077993801	-0.039212043	-0.024575171	0.020340647
5.208000000	-0.026935882	0.516245584	0.489590013	-0.031888419	-1.006065519	-3.124522211	-0.033407104	0.101955001	-0.077959941	-0.039057087	-0.024553107	0.020256651
5.209000000	-0.026969223	0.516347511	0.489512069	-0.031927397	-1.006090061	-3.124501997	-0.033276969	0.101899938	-0.077925527	-0.038902281	-0.024530890	0.020172751
5.210000000	-0.027002435	0.516449384	0.489434161	-0.031966223	-1.006114581	-3.124481866	-0.033146953	0.101844175	-0.077890561	-0.038747627	-0.024508520	0.020088948
5.211000000	-0.027035518	0.516551199	0.489356289	-0.032004894	-1.006139078	-3.124461818	-0.033017057	0.101787715	-0.077855044	-0.038593127	-0.024485998	0.020005243
5.212000000	-0.027068473	0.516652957	0.489278453	-0.032043413	-1.006163553	-3.124441853	-0.032887284	0.101730559	-0.077818976	-0.038438784	-0.024463325	0.019921638
5.213000000	-0.027101298	0.516754658	0.489200653	-0.032081778	-1.006188005	-3.124421971	-0.032757636	0.101672709	-0.077782360	-0.038284601	-0.024440500	0.019838133
5.214000000	-0.027133995	0.516856299	0.489122891	-0.032119991	-1.006212433	-3.124402172	-0.032628115	0.101614165	-0.077745195	-0.038130580	-0.024417525	0.019754731
5.215000000	-0.027166561	0.516957883	0.489045166	-0.032158048	-1.006236839	-3.124382457	-0.032498722	0.101554926	-0.077707481	-0.037976723	-0.024394399	0.019671432
5.216000000	-0.027198991	0.517059410	0.488967476	-0.032195942	-1.006261222	-3.124362831	-0.032369458	0.101494986	-0.077669211	-0.037823031	-0.024371120	0.019588237
5.217000000	-0.027231292	0.517160876	0.488889824	-0.032233684	-1.006285582	-3.124343286	-0.032240328	0.101434357	-0.077630397	-0.037669507	-0.024347692	0.019505148
5.218000000	-0.027263465	0.517262281	0.488812212	-0.032271273	-1.006309918	-3.124323824	-0.032111332	0.101373041	-0.077591040	-0.037516155	-0.024324117	0.019422167
5.219000000	-0.027295510	0.517363624	0.488734640	-0.032308711	-1.006334230	-3.124304445	-0.031982473	0.101311041	-0.077551139	-0.037362978	-0.024300395	0.019339293
5.220000000	-0.027327428	0.517464904	0.488657109	-0.032345997	-1.006358519	-3.124285147	-0.031853754	0.101248358	-0.077510697	-0.037209977	-0.024276525	0.019256530
5.221000000	-0.027359218	0.517566121	0.488579619	-0.032383131	-1.006382783	-3.124265932	-0.031725176	0.101184993	-0.077469715	-0.037057154	-0.024252510	0.019173877
5.222000000	-0.027390880	0.517667273	0.488502171	-0.032420114	-1.006407023	-3.124246798	-0.031596741	0.101120948	-0.077428194	-0.036904512	-0.024228350	0.019091336
5.223000000	-0.027422416	0.517768360	0.488424765	-0.032456945	-1.006431240	-3.124227746	-0.031468452	0.101056225	-0.077386134	-0.036752054	-0.024204044	0.019008909
5.224000000	-0.027453824	0.517869382	0.488347402	-0.032493626	-1.006455431	-3.124208776	-0.031340309	0.100990826	-0.077343538	-0.036599781	-0.024179595	0.018926595
5.225000000	-0.027485106	0.517970338	0.488270082	-0.032530156	-1.006479599	-3.124189887	-0.031212316	0.100924752	-0.077300406	-0.036447697	-0.024155002	0.018844398
5.226000000	-0.027516249	0.518071231	0.488192801	-0.032566522	-1.006503741	-3.124171087	-0.031084470	0.100857989	-0.077256727	-0.036295799	-0.024130261	0.018762317
5.227000000	-0.027547266	0.518172058	0.488115565	-0.032602737	-1.006527859	-3.124152368	-0.030956777	0.100790553	-0.077212514	-0.036144094	-0.024105378	0.018680354
5.228000000	-0.027578155	0.518272816	0.488038373	-0.032638802	-1.006551952	-3.124133731	-0.030829240	0.100722448	-0.077167769	-0.035992584	-0.024080353	0.018598510
5.229000000	-0.027608919	0.518373504	0.487961227	-0.032674716	-1.006576020	-3.124115174	-0.030701858	0.100653675	-0.077122492	-0.035841270	-0.024055187	0.018516786
5.230000000	-0.027639557	0.518474124	0.487884127	-0.032710481	-1.006600063	-3.124096698	-0.030574636	0.100584236	-0.077076686	-0.035690156	-0.024029881	0.018435184
5.231000000	-0.027670069	0.518574673	0.487807074	-0.032746097	-1.006624080	-3.124078303	-0.030447574	0.100514133	-0.077030351	-0.035539243	-0.024004435	0.018353705
5.232000000	-0.027700455	0.518675150	0.487730068	-0.032781564	-1.006648071	-3.124059989	-0.030320675	0.100443368	-0.076983488	-0.035388533	-0.023978851	0.018272349
5.233000000	-0.027730716	0.518775557	0.487653110	-0.032816881	-1.006672037	-3.124041755	-0.030193940	0.100371941	-0.076936100	-0.035238029	-0.023953127	0.018191118
5.234000000	-0.027760852	0.518875890	0.487576200	-0.032852050	-1.006695978	-3.124023601	-0.030067371	0.100299856	-0.076888186	-0.035087733	-0.023927266	0.018110013
5.235000000	-0.027790856	0.518976154	0.487499335	-0.032887062	-1.006719892	-3.124005532	-0.029940968	0.100227103	-0.076839741	-0.034937645	-0.023901265	0.018029035
5.236000000	-0.027820728	0.519076347	0.487422518	-0.032921919	-1.006743780	-3.123987547	-0.029814733	0.100153687	-0.076790767	-0.034787768	-0.023875125	0.017948185
5.237000000	-0.027850476	0.519176465	0.487345750	-0.032956628	-1.006767642	-3.123969641	-0.029688671	0.100079616	-0.076741272	-0.034638105	-0.023848848	0.017867464
5.238000000	-0.027880100	0.519276508	0.487269033	-0.032991188	-1.006791478	-3.123951815	-0.029562781	0.100004895	-0.076691257	-0.034488659	-0.023822437	0.017786874
5.239000000	-0.027909599	0.519376476	0.487192367	-0.033025602	-1.006815287	-3.123934069	-0.029437067	0.099929523	-0.076640723	-0.034339431	-0.023795891	0.017706415
5.240000000	-0.027938975	0.519476367	0.487115752	-0.033059868	-1.006839070	-3.123916402	-0.029311530	0.099853503	-0.076589672	-0.034190424	-0.023769211	0.017626089
5.241000000	-0.027968226	0.519576181	0.487039189	-0.033093987	-1.006862825	-3.123898814	-0.029186171	0.099776837	-0.076538104	-0.034041639	-0.023742398	0.017545896
5.242000000	-0.027997354	0.519675918	0.486962679	-0.033127960	-1.006886554	-3.123881306	-0.029060993	0.099699527	-0.076486021	-0.033893079	-0.023715452	0.017465838
5.243000000	-0.028026359	0.519775576	0.486886221	-0.033161786	-1.006910256	-3.123863876	-0.028935998	0.099621574	-0.076433425	-0.033744745	-0.023688374	0.017385916
5.244000000	-0.028055227	0.519875160	0.486809813	-0.033195450	-1.006933931	-3.123846533	-0.028811183	0.099542961	-0.076380302	-0.033596637	-0.023661159	0.017306130
5.245000000	-0.028083971	0.519974666	0.486733457	-0.033228967	-1.006957579	-3.123829270	-0.028686554	0.099463709	-0.076326667	-0.033448760	-0.023633813	0.017226482
5.246000000	-0.028112593	0.520074091	0.486657156	-0.033262339	-1.006981199	-3.123812085	-0.028562112	0.099383820	-0.076272523	-0.033301115	-0.023606338	0.017146972
5.247000000	-0.028141091	0.520173435	0.486580911	-0.033295565	-1.007004791	-3.123794979	-0.028437859	0.099303295	-0.076217870	-0.033153705	-0.023578732	0.017067603
5.248000000	-0.028169468	0.520272697	0.486504720	-0.033328645	-1.007028356	-3.123777950	-0.028313797	0.099222137	-0.076162709	-0.033006532	-0.023550998	0.016988374
5.249000000	-0.028197722	0.520371878	0.486428586	-0.033361581	-1.007051893	-3.123761000	-0.028189928	0.099140348	-0.076107043	-0.032859597	-0.023523136	0.016909287
5.250000000	-0.028225854	0.520470975	0.486352509	-0.033394373	-1.007075402	-3.123744127	-0.028066253	0.099057930	-0.076050872	-0.032712903	-0.023495146	0.016830343
5.251000000	-0.028253865	0.520569989	0.486276489	-0.033427020	-1.007098883	-3.123727332	-0.027942774	0.098974884	-0.075994198	-0.032566451	-0.023467029	0.016751543
5.252000000	-0.028281742	0.520668924	0.486200521	-0.033459508	-1.007122336	-3.123710623	-0.027819489	0.098891195	-0.075937009	-0.032420241	-0.023438781	0.016672887
5.253000000	-0.028309495	0.520767775	0.486124611	-0.033491849	-1.007145761	-3.123693993	-0.027696403	0.098806878	-0.075879317	-0.032274277	-0.023410406	0.016594377
5.254000000	-0.028337127	0.520866541	0.486048760	-0.033524047	-1.007169157	-3.123677440	-0.027573517	0.098721940	-0.075821126	-0.032128561	-0.023381907	0.016516014
5.255000000	-0.028364638	0.520965220	0.485972968	-0.033556101	-1.007192525	-3.123660963	-0.027450835	0.098636383	-0.075762437	-0.031983095	-0.023353283	0.016437798
5.256000000	-0.028392028	0.521063813	0.485897235	-0.033588013	-1.007215864	-3.123644564	-0.027328355	0.098550207	-0.075703251	-0.031837880	-0.023324536	0.016359731
5.257000000	-0.028419299	0.521162319	0.485821563	-0.033619782	-1.007239174	-3.123628241	-0.027206082	0.098463416	-0.075643571	-0.031692919	-0.023295665	0.016281814
5.258000000	-0.028446449	0.521260737	0.485745951	-0.033651409	-1.007262455	-3.123611995	-0.027084015	0.098376010	-0.075583397	-0.031548214	-0.023266673	0.016204047
5.259000000	-0.028473475	0.521359068	0.485670399	-0.033682889	-1.007285707	-3.123595827	-0.026962156	0.098287987	-0.075522725	-0.031403765	-0.023237557	0.016126431
5.260000000	-0.028500370	0.521457314	0.485594905	-0.033714213	-1.007308930	-3.123579744	-0.026840505	0.098199337	-0.075461551	-0.031259573	-0.023208315	0.016048967
5.261000000	-0.028527146	0.521555470	0.485519472	-0.033745396	-1.007332124	-3.123563736	-0.026719066	0.098110080	-0.075399888	-0.031115642	-0.023178952	0.015971657
5.262000000	-0.028553802	0.521653536	0.485444103	-0.033776437	-1.007355288	-3.123547805	-0.026597840	0.098020216	-0.075337736	-0.030971974	-0.023149471	0.015894501
5.263000000	-0.028580340	0.521751511	0.485368797	-0.033807338	-1.007378423	-3.123531948	-0.026476829	0.097929748	-0.075275098	-0.030828570	-0.023119870	0.015817500
5.264000000	-0.028606759	0.521849394	0.485293554	-0.033838098	-1.007401528	-3.123516167	-0.026356034	0.097838679	-0.075211975	-0.030685432	-0.023090150	0.015740654
5.265000000	-0.028633060	0.521947185	0.485218376	-0.033868718	-1.007424603	-3.123500462	-0.026235456	0.097747009	-0.075148367	-0.030542562	-0.023060313	0.015663966
5.266000000	-0.028659241	0.522044885	0.485143261	-0.033899196	-1.007447648	-3.123484833	-0.026115098	0.097654738	-0.075084275	-0.030399962	-0.023030358	0.015587435
5.267000000	-0.028685289	0.522142495	0.485068207	-0.033929516	-1.007470664	-3.123469288	-0.025994957	0.097561851	-0.075019687	-0.030257630	-0.023000281	0.015511062
5.268000000	-0.028711219	0.522240012	0.484993218	-0.033959697	-1.007493649	-3.123453818	-0.025875039	0.097468369	-0.074954619	-0.030115571	-0.022970087	0.015434849
5.269000000	-0.028737032	0.522337434	0.484918295	-0.033989739	-1.007516604	-3.123438423	-0.025755344	0.097374296	-0.074889073	-0.029973786	-0.022939779	0.015358796
5.270000000	-0.028762728	0.522434761	0.484843439	-0.034019643	-1.007539528	-3.123423101	-0.025635874	0.097279633	-0.074823051	-0.029832278	-0.022909356	0.015282904
5.271000000	-0.028788308	0.522531992	0.484768650	-0.034049409	-1.007562422	-3.123407854	-0.025516631	0.097184382	-0.074756553	-0.029691048	-0.022878819	0.015207173
5.272000000	-0.028813771	0.522629127	0.484693929	-0.034079036	-1.007585286	-3.123392681	-0.025397615	0.097088545	-0.074689581	-0.029550098	-0.022848169	0.015131606
5.273000000	-0.028839111	0.522726166	0.484619274	-0.034108518	-1.007608119	-3.123377586	-0.025278828	0.096992115	-0.074622131	-0.029409427	-0.022817404	0.015056202
5.274000000	-0.028864324	0.522823112	0.484544684	-0.034137850	-1.007630921	-3.123362572	-0.025160269	0.096895088	-0.074554198	-0.029269038	-0.022786523	0.014980962
5.275000000	-0.028889421	0.522919960	0.484470162	-0.034167044	-1.007653692	-3.123347631	-0.025041943	0.096797481	-0.074485795	-0.029128933	-0.022755530	0.014905887
5.276000000	-0.028914403	0.523016709	0.484395710	-0.034196101	-1.007676432	-3.123332763	-0.024923850	0.096699297	-0.074416925	-0.028989114	-0.022724427	0.014830978
5.277000000	-0.028939269	0.523113358	0.484321329	-0.034225023	-1.007699141	-3.123317968	-0.024805991	0.096600537	-0.074347589	-0.028849582	-0.022693213	0.014756236
5.278000000	-0.028964021	0.523209908	0.484247018	-0.034253808	-1.007721818	-3.123303246	-0.024688369	0.096501203	-0.074277787	-0.028710340	-0.022661891	0.014681661
5.279000000	-0.028988659	0.523306356	0.484172777	-0.034282458	-1.007744464	-3.123288597	-0.024570984	0.096401298	-0.074207522	-0.028571388	-0.022630460	0.014607254
5.280000000	-0.029013164	0.523402710	0.484098603	-0.034310953	-1.007767079	-3.123274031	-0.024453835	0.096300801	-0.074136778	-0.028432725	-0.022598914	0.014533017
5.281000000	-0.029037554	0.523498962	0.484024500	-0.034339310	-1.007789662	-3.123259539	-0.024336925	0.096199734	-0.074065572	-0.028294356	-0.022567260	0.014458949
5.282000000	-0.029061831	0.523595112	0.483950469	-0.034367533	-1.007812214	-3.123245118	-0.024220257	0.096098102	-0.073993907	-0.028156283	-0.022535499	0.014385051
5.283000000	-0.029085994	0.523691158	0.483876512	-0.034395621	-1.007834733	-3.123230769	-0.024103832	0.095995906	-0.073921785	-0.028018506	-0.022503633	0.014311325
5.284000000	-0.029110044	0.523787102	0.483802628	-0.034423576	-1.007857221	-3.123216492	-0.023987651	0.095893150	-0.073849206	-0.027881026	-0.022471661	0.014237770
5.285000000	-0.029133981	0.523882941	0.483728817	-0.034451397	-1.007879677	-3.123202286	-0.023871715	0.095789835	-0.073776173	-0.027743847	-0.022439584	0.014164389
5.286000000	-0.029157790	0.523978680	0.483655077	-0.034479067	-1.007902100	-3.123188161	-0.023756023	0.095685943	-0.073702673	-0.027606966	-0.022407398	0.014091180
5.287000000	-0.029181483	0.524074316	0.483581409	-0.034506599	-1.007924491	-3.123174110	-0.023640577	0.095581490	-0.073628717	-0.027470387	-0.022375106	0.014018146
5.288000000	-0.029205063	0.524169846	0.483507816	-0.034533998	-1.007946850	-3.123160130	-0.023525381	0.095476485	-0.073554311	-0.027334111	-0.022342712	0.013945287
5.289000000	-0.029228532	0.524265269	0.483434300	-0.034561265	-1.007969177	-3.123146221	-0.023410435	0.095370929	-0.073479456	-0.027198141	-0.022310215	0.013872602
5.290000000	-0.029251890	0.524360586	0.483360859	-0.034588401	-1.007991471	-3.123132381	-0.023295740	0.095264825	-0.073404155	-0.027062478	-0.022277617	0.013800095
5.291000000	-0.029275136	0.524455795	0.483287496	-0.034615405	-1.008013732	-3.123118612	-0.023181298	0.095158175	-0.073328409	-0.026927122	-0.022244918	0.013727763
5.292000000	-0.029298255	0.524550901	0.483214203	-0.034642258	-1.008035960	-3.123104924	-0.023067107	0.095050958	-0.073252202	-0.026792074	-0.022212112	0.013655610
5.293000000	-0.029321259	0.524645900	0.483140988	-0.034668976	-1.008058156	-3.123091308	-0.022953170	0.094943195	-0.073175550	-0.026657335	-0.022179205	0.013583635
5.294000000	-0.029344153	0.524740790	0.483067850	-0.034695564	-1.008080319	-3.123077762	-0.022839489	0.094834892	-0.073098458	-0.026522909	-0.022146200	0.013511838
5.295000000	-0.029366938	0.524835570	0.482994791	-0.034722022	-1.008102448	-3.123064285	-0.022726065	0.094726052	-0.073020926	-0.026388796	-0.022113096	0.013440221
5.296000000	-0.029389613	0.524930239	0.482921811	-0.034748350	-1.008124545	-3.123050877	-0.022612900	0.094616676	-0.072942958	-0.026254998	-0.022079895	0.013368784
5.297000000	-0.029412175	0.525024799	0.482848909	-0.034774546	-1.008146608	-3.123037540	-0.022499994	0.094506763	-0.072864550	-0.026121514	-0.022046595	0.013297528
5.298000000	-0.029434611	0.525119254	0.482776081	-0.034800591	-1.008168638	-3.123024283	-0.022387345	0.094396295	-0.072785691	-0.025988346	-0.022013193	0.013226453
5.299000000	-0.029456938	0.525213596	0.482703333	-0.034826507	-1.008190635	-3.123011095	-0.022274959	0.094285298	-0.072706399	-0.025855497	-0.021979694	0.013155560
5.300000000	-0.029479156	0.525307826	0.482630667	-0.034852296	-1.008212597	-3.122997975	-0.022162835	0.094173774	-0.072626675	-0.025722967	-0.021946101	0.013084850
5.301000000	-0.029501266	0.525401942	0.482558081	-0.034877957	-1.008234527	-3.122984923	-0.022050975	0.094061726	-0.072546523	-0.025590757	-0.021912413	0.013014323
5.302000000	-0.029523269	0.525495945	0.482485577	-0.034903491	-1.008256422	-3.122971939	-0.021939380	0.093949155	-0.072465943	-0.025458870	-0.021878632	0.012943979
5.303000000	-0.029545150	0.525589839	0.482413151	-0.034928880	-1.008278284	-3.122959032	-0.021828049	0.093836045	-0.072384922	-0.025327305	-0.021844752	0.012873821
5.304000000	-0.029566916	0.525683620	0.482340805	-0.034954135	-1.008300112	-3.122946197	-0.021716983	0.093722408	-0.072303470	-0.025196064	-0.021810776	0.012803847
5.305000000	-0.029588575	0.525777286	0.482268541	-0.034979263	-1.008321905	-3.122933430	-0.021606186	0.093608254	-0.072221594	-0.025065148	-0.021776709	0.012734059
5.306000000	-0.029610128	0.525870837	0.482196361	-0.035004265	-1.008343665	-3.122920729	-0.021495658	0.093493587	-0.072139297	-0.024934558	-0.021742551	0.012664457
5.307000000	-0.029631575	0.525964271	0.482124266	-0.035029142	-1.008365391	-3.122908095	-0.021385401	0.093378409	-0.072056580	-0.024804297	-0.021708302	0.012595041
5.308000000	-0.029652908	0.526057591	0.482052251	-0.035053884	-1.008387082	-3.122895533	-0.021275413	0.093262710	-0.071973437	-0.024674365	-0.021673961	0.012525813
5.309000000	-0.029674121	0.526150798	0.481980317	-0.035078485	-1.008408739	-3.122883047	-0.021165695	0.093146486	-0.071889864	-0.024544761	-0.021639524	0.012456773
5.310000000	-0.029695229	0.526243887	0.481908468	-0.035102961	-1.008430361	-3.122870627	-0.021056250	0.093029757	-0.071805876	-0.024415488	-0.021604999	0.012387921
5.311000000	-0.029716232	0.526336858	0.481836705	-0.035127313	-1.008451948	-3.122858272	-0.020947080	0.092912525	-0.071721474	-0.024286548	-0.021570386	0.012319257
5.312000000	-0.029737130	0.526429710	0.481765028	-0.035151543	-1.008473502	-3.122845984	-0.020838185	0.092794793	-0.071636661	-0.024157941	-0.021535686	0.012250783
5.313000000	-0.029757919	0.526522444	0.481693435	-0.035175642	-1.008495020	-3.122833764	-0.020729564	0.092676555	-0.071551432	-0.024029669	-0.021500897	0.012182499
5.314000000	-0.029778586	0.526615064	0.481621924	-0.035199598	-1.008516503	-3.122821621	-0.020621219	0.092557799	-0.071465778	-0.023901730	-0.021466015	0.012114406
5.315000000	-0.029799150	0.526707563	0.481550500	-0.035223432	-1.008537952	-3.122809543	-0.020513151	0.092438549	-0.071379717	-0.023774129	-0.021431048	0.012046504
5.316000000	-0.029819610	0.526799941	0.481479164	-0.035247143	-1.008559365	-3.122797529	-0.020405362	0.092318807	-0.071293250	-0.023646865	-0.021395997	0.011978793
5.317000000	-0.029839968	0.526892198	0.481407916	-0.035270734	-1.008580744	-3.122785580	-0.020297853	0.092198576	-0.071206381	-0.023519940	-0.021360861	0.011911273
5.318000000	-0.029860216	0.526984335	0.481336754	-0.035294196	-1.008602087	-3.122773700	-0.020190623	0.092077850	-0.071119103	-0.023393354	-0.021325639	0.011843946
5.319000000	-0.029880345	0.527076355	0.481265676	-0.035317516	-1.008623395	-3.122761895	-0.020083673	0.091956616	-0.071031409	-0.023267108	-0.021290327	0.011776813
5.320000000	-0.029900372	0.527168252	0.481194688	-0.035340716	-1.008644668	-3.122750154	-0.019977005	0.091834900	-0.070943316	-0.023141203	-0.021254934	0.011709872
5.321000000	-0.029920298	0.527260025	0.481123789	-0.035363797	-1.008665905	-3.122738476	-0.019870621	0.091712703	-0.070854826	-0.023015641	-0.021219459	0.011643125
5.322000000	-0.029940122	0.527351675	0.481052981	-0.035386758	-1.008687107	-3.122726862	-0.019764520	0.091590029	-0.070765941	-0.022890423	-0.021183903	0.011576572
5.323000000	-0.029959835	0.527443203	0.480982260	-0.035409587	-1.008708273	-3.122715318	-0.019658703	0.091466864	-0.070676652	-0.022765549	-0.021148262	0.011510215
5.324000000	-0.029979433	0.527534610	0.480911626	-0.035432281	-1.008729403	-3.122703846	-0.019553170	0.091343208	-0.070586958	-0.022641019	-0.021112537	0.011444052
5.325000000	-0.029998931	0.527625892	0.480841083	-0.035454858	-1.008750498	-3.122692436	-0.019447923	0.091219082	-0.070496874	-0.022516836	-0.021076733	0.011378085
5.326000000	-0.030018330	0.527717048	0.480770632	-0.035477316	-1.008771557	-3.122681089	-0.019342964	0.091094486	-0.070406401	-0.022393000	-0.021040850	0.011312314
5.327000000	-0.030037629	0.527808077	0.480700274	-0.035499658	-1.008792580	-3.122669803	-0.019238293	0.090969423	-0.070315542	-0.022269512	-0.021004890	0.011246739
5.328000000	-0.030056810	0.527898986	0.480630002	-0.035521860	-1.008813566	-3.122658593	-0.019133909	0.090843871	-0.070224279	-0.022146373	-0.020968845	0.011181361
5.329000000	-0.030075886	0.527989768	0.480559822	-0.035543938	-1.008834517	-3.122647448	-0.019029813	0.090717849	-0.070132627	-0.022023583	-0.020932722	0.011116181
5.330000000	-0.030094864	0.528080423	0.480489735	-0.035565900	-1.008855432	-3.122636364	-0.018926009	0.090591367	-0.070040594	-0.021901144	-0.020896522	0.011051198
5.331000000	-0.030113744	0.528170949	0.480419743	-0.035587747	-1.008876310	-3.122625342	-0.018822495	0.090464427	-0.069948180	-0.021779056	-0.020860248	0.010986413
5.332000000	-0.030132521	0.528261348	0.480349843	-0.035609472	-1.008897153	-3.122614384	-0.018719273	0.090337025	-0.069855383	-0.021657321	-0.020823896	0.010921827
5.333000000	-0.030151179	0.528351624	0.480280031	-0.035631058	-1.008917958	-3.122603500	-0.018616341	0.090209144	-0.069762190	-0.021535938	-0.020787463	0.010857439
5.334000000	-0.030169741	0.528441770	0.480210315	-0.035652529	-1.008938727	-3.122592677	-0.018513702	0.090080811	-0.069668622	-0.021414909	-0.020750957	0.010793251
5.335000000	-0.030188206	0.528531786	0.480140694	-0.035673887	-1.008959460	-3.122581914	-0.018411358	0.089952031	-0.069574681	-0.021294236	-0.020714378	0.010729262
5.336000000	-0.030206576	0.528621671	0.480071169	-0.035695132	-1.008980156	-3.122571211	-0.018309309	0.089822803	-0.069480368	-0.021173918	-0.020677726	0.010665473
5.337000000	-0.030224829	0.528711430	0.480001734	-0.035716239	-1.009000815	-3.122560581	-0.018207553	0.089693106	-0.069385666	-0.021053955	-0.020640996	0.010601884
5.338000000	-0.030242980	0.528801060	0.479932394	-0.035737226	-1.009021438	-3.122550014	-0.018106092	0.089562960	-0.069290590	-0.020934349	-0.020604193	0.010538497
5.339000000	-0.030261036	0.528890557	0.479863152	-0.035758102	-1.009042024	-3.122539507	-0.018004928	0.089432373	-0.069195148	-0.020815102	-0.020567319	0.010475309
5.340000000	-0.030278997	0.528979923	0.479794006	-0.035778866	-1.009062573	-3.122529059	-0.017904062	0.089301350	-0.069099341	-0.020696213	-0.020530375	0.010412323
5.341000000	-0.030296852	0.529069158	0.479724955	-0.035799505	-1.009083085	-3.122518677	-0.017803493	0.089169877	-0.069003160	-0.020577683	-0.020493358	0.010349539
5.342000000	-0.030314598	0.529158264	0.479655998	-0.035820014	-1.009103559	-3.122508364	-0.017703221	0.089037951	-0.068906603	-0.020459512	-0.020456267	0.010286957
5.343000000	-0.030332250	0.529247236	0.479587140	-0.035840413	-1.009123997	-3.122498109	-0.017603249	0.088905595	-0.068809687	-0.020341702	-0.020419109	0.010224577
5.344000000	-0.030349808	0.529336074	0.479518380	-0.035860702	-1.009144398	-3.122487912	-0.017503576	0.088772811	-0.068712413	-0.020224254	-0.020381882	0.010162399
5.345000000	-0.030367269	0.529424778	0.479449718	-0.035880876	-1.009164761	-3.122477776	-0.017404204	0.088639595	-0.068614778	-0.020107168	-0.020344588	0.010100424
5.346000000	-0.030384614	0.529513354	0.479381150	-0.035900913	-1.009185087	-3.122467713	-0.017305131	0.088505927	-0.068516768	-0.019990444	-0.020307219	0.010038653
5.347000000	-0.030401867	0.529601793	0.479312681	-0.035920842	-1.009205375	-3.122457707	-0.017206360	0.088371838	-0.068418404	-0.019874083	-0.020269785	0.009977085
5.348000000	-0.030419028	0.529690097	0.479244314	-0.035940663	-1.009225626	-3.122447758	-0.017107891	0.088237330	-0.068319690	-0.019758086	-0.020232286	0.009915721
5.349000000	-0.030436097	0.529778264	0.479176046	-0.035960375	-1.009245840	-3.122437866	-0.017009725	0.088102403	-0.068220626	-0.019642454	-0.020194722	0.009854560
5.350000000	-0.030453047	0.529866302	0.479107872	-0.035979947	-1.009266016	-3.122428049	-0.016911860	0.087967029	-0.068121189	-0.019527187	-0.020157086	0.009793605
5.351000000	-0.030469907	0.529954202	0.479039800	-0.035999413	-1.009286154	-3.122418288	-0.016814299	0.087831243	-0.068021406	-0.019412285	-0.020119386	0.009732853
5.352000000	-0.030486676	0.530041964	0.478971830	-0.036018772	-1.009306254	-3.122408583	-0.016717043	0.087695047	-0.067921279	-0.019297750	-0.020081623	0.009672306
5.353000000	-0.030503356	0.530129588	0.478903961	-0.036038026	-1.009326318	-3.122398934	-0.016620092	0.087558443	-0.067820811	-0.019183582	-0.020043799	0.009611964
5.354000000	-0.030519916	0.530217081	0.478836188	-0.036057139	-1.009346342	-3.122389359	-0.016523444	0.087421399	-0.067719974	-0.019069781	-0.020005904	0.009551828
5.355000000	-0.030536388	0.530304435	0.478768518	-0.036076148	-1.009366329	-3.122379840	-0.016427103	0.087283951	-0.067618799	-0.018956348	-0.019967948	0.009491897
5.356000000	-0.030552771	0.530391649	0.478700950	-0.036095052	-1.009386278	-3.122370375	-0.016331068	0.087146103	-0.067517287	-0.018843284	-0.019929932	0.009432172
5.357000000	-0.030569065	0.530478723	0.478633487	-0.036113852	-1.009406189	-3.122360966	-0.016235339	0.087007856	-0.067415439	-0.018730589	-0.019891856	0.009372652
5.358000000	-0.030585241	0.530565664	0.478566120	-0.036132513	-1.009426062	-3.122351630	-0.016139917	0.086869178	-0.067313232	-0.018618263	-0.019853712	0.009313339
5.359000000	-0.030601330	0.530652465	0.478498857	-0.036151071	-1.009445896	-3.122342348	-0.016044802	0.086730106	-0.067210692	-0.018506307	-0.019815509	0.009254233
5.360000000	-0.030617332	0.530739124	0.478431699	-0.036169527	-1.009465693	-3.122333121	-0.015949996	0.086590643	-0.067107822	-0.018394722	-0.019777249	0.009195332
5.361000000	-0.030633243	0.530825643	0.478364645	-0.036187876	-1.009485451	-3.122323949	-0.015855499	0.086450785	-0.067004620	-0.018283508	-0.019738930	0.009136638
5.362000000	-0.030649041	0.530912026	0.478297689	-0.036206092	-1.009505170	-3.122314849	-0.015761309	0.086310510	-0.066901069	-0.018172666	-0.019700546	0.009078153
5.363000000	-0.030664753	0.530998267	0.478230839	-0.036224207	-1.009524852	-3.122305801	-0.015667429	0.086169850	-0.066797192	-0.018062195	-0.019662106	0.009019874
5.364000000	-0.030680380	0.531084365	0.478164096	-0.036242221	-1.009544495	-3.122296806	-0.015573859	0.086028808	-0.066692992	-0.017952097	-0.019623611	0.008961801
5.365000000	-0.030695911	0.531170322	0.478097456	-0.036260123	-1.009564099	-3.122287871	-0.015480599	0.085887373	-0.066588462	-0.017842372	-0.019585057	0.008903937
5.366000000	-0.030711336	0.531256141	0.478030917	-0.036277900	-1.009583665	-3.122279002	-0.015387648	0.085745537	-0.066483594	-0.017733020	-0.019546443	0.008846281
5.367000000	-0.030726677	0.531341815	0.477964486	-0.036295578	-1.009603192	-3.122270184	-0.015295009	0.085603325	-0.066378408	-0.017624042	-0.019507775	0.008788832
5.368000000	-0.030741934	0.531427346	0.477898163	-0.036313157	-1.009622681	-3.122261419	-0.015202682	0.085460741	-0.066272906	-0.017515438	-0.019469054	0.008731591
5.369000000	-0.030757088	0.531512735	0.477831942	-0.036330616	-1.009642130	-3.122252717	-0.015110666	0.085317764	-0.066167073	-0.017407209	-0.019430275	0.008674558
5.370000000	-0.030772146	0.531597983	0.477765826	-0.036347961	-1.009661541	-3.122244075	-0.015018961	0.085174403	-0.066060916	-0.017299354	-0.019391439	0.008617734
5.371000000	-0.030787122	0.531683085	0.477699819	-0.036365210	-1.009680913	-3.122235485	-0.014927569	0.085030676	-0.065954449	-0.017191875	-0.019352553	0.008561118
5.372000000	-0.030802015	0.531768041	0.477633921	-0.036382361	-1.009700246	-3.122226944	-0.014836491	0.084886586	-0.065847673	-0.017084772	-0.019313615	0.008504710
5.373000000	-0.030816796	0.531852858	0.477568124	-0.036399381	-1.009719540	-3.122218474	-0.014745724	0.084742099	-0.065740563	-0.016978044	-0.019274618	0.008448512
5.374000000	-0.030831493	0.531937528	0.477502436	-0.036416301	-1.009738795	-3.122210056	-0.014655271	0.084597251	-0.065633146	-0.016871692	-0.019235571	0.008392523
5.375000000	-0.030846109	0.532022052	0.477436859	-0.036433127	-1.009758011	-3.122201688	-0.014565132	0.084452045	-0.065525425	-0.016765718	-0.019196475	0.008336741
5.376000000	-0.030860633	0.532106430	0.477371388	-0.036449845	-1.009777188	-3.122193376	-0.014475307	0.084306474	-0.065417393	-0.016660120	-0.019157327	0.008281169
5.377000000	-0.030875055	0.532190666	0.477306023	-0.036466441	-1.009796326	-3.122185129	-0.014385795	0.084160524	-0.065309042	-0.016554899	-0.019118125	0.008225807
5.378000000	-0.030889397	0.532274753	0.477240768	-0.036482944	-1.009815424	-3.122176930	-0.014296598	0.084014224	-0.065200392	-0.016450056	-0.019078875	0.008170654
5.379000000	-0.030903659	0.532358692	0.477175625	-0.036499354	-1.009834484	-3.122168780	-0.014207717	0.083867577	-0.065091446	-0.016345591	-0.019039578	0.008115709
5.380000000	-0.030917815	0.532442488	0.477110586	-0.036515639	-1.009853504	-3.122160697	-0.014119149	0.083720555	-0.064982182	-0.016241504	-0.019000227	0.008060975
5.381000000	-0.030931886	0.532526135	0.477045657	-0.036531824	-1.009872484	-3.122152666	-0.014030897	0.083573181	-0.064872618	-0.016137795	-0.018960829	0.008006450
5.382000000	-0.030945878	0.532609634	0.476980841	-0.036547916	-1.009891425	-3.122144683	-0.013942962	0.083425467	-0.064762764	-0.016034465	-0.018921385	0.007952134
5.383000000	-0.030959782	0.532692984	0.476916134	-0.036563905	-1.009910327	-3.122136755	-0.013855341	0.083277403	-0.064652612	-0.015931514	-0.018881894	0.007898028
5.384000000	-0.030973584	0.532776189	0.476851535	-0.036579774	-1.009929189	-3.122128890	-0.013768037	0.083128976	-0.064542151	-0.015828941	-0.018842352	0.007844132
5.385000000	-0.030987310	0.532859244	0.476787048	-0.036595553	-1.009948011	-3.122121072	-0.013681049	0.082980215	-0.064431404	-0.015726748	-0.018802767	0.007790446
5.386000000	-0.031000958	0.532942147	0.476722675	-0.036611242	-1.009966795	-3.122113301	-0.013594377	0.082831123	-0.064320374	-0.015624935	-0.018763138	0.007736968
5.387000000	-0.031014500	0.533024906	0.476658408	-0.036626805	-1.009985538	-3.122105597	-0.013508022	0.082681668	-0.064209035	-0.015523501	-0.018723459	0.007683702
5.388000000	-0.031027962	0.533107513	0.476594254	-0.036642274	-1.010004241	-3.122097942	-0.013421984	0.082531881	-0.064097411	-0.015422447	-0.018683737	0.007630646
5.389000000	-0.031041348	0.533189968	0.476530214	-0.036657654	-1.010022905	-3.122090333	-0.013336263	0.082381769	-0.063985509	-0.015321773	-0.018643973	0.007577798
5.390000000	-0.031054642	0.533272275	0.476466285	-0.036672926	-1.010041530	-3.122082782	-0.013250859	0.082231316	-0.063873315	-0.015221479	-0.018604164	0.007525161
5.391000000	-0.031067843	0.533354433	0.476402466	-0.036688089	-1.010060113	-3.122075287	-0.013165772	0.082080523	-0.063760831	-0.015121566	-0.018564309	0.007472735
5.392000000	-0.031080970	0.533436437	0.476338762	-0.036703165	-1.010078658	-3.122067838	-0.013081003	0.081929413	-0.063648073	-0.015022033	-0.018524415	0.007420518
5.393000000	-0.031094017	0.533518289	0.476275172	-0.036718147	-1.010097163	-3.122060439	-0.012996551	0.081777980	-0.063535039	-0.014922881	-0.018484481	0.007368510
5.394000000	-0.031106960	0.533599993	0.476211691	-0.036733008	-1.010115627	-3.122053103	-0.012912417	0.081626202	-0.063421709	-0.014824109	-0.018444499	0.007316714
5.395000000	-0.031119831	0.533681543	0.476148327	-0.036747783	-1.010134051	-3.122045812	-0.012828601	0.081474114	-0.063308112	-0.014725718	-0.018404480	0.007265127
5.396000000	-0.031132630	0.533762939	0.476085078	-0.036762474	-1.010152436	-3.122038565	-0.012745104	0.081321717	-0.063194249	-0.014627709	-0.018364424	0.007213750
5.397000000	-0.031145323	0.533844186	0.476021939	-0.036777040	-1.010170780	-3.122031383	-0.012661924	0.081168977	-0.063080093	-0.014530080	-0.018324321	0.007162584
5.398000000	-0.031157941	0.533925279	0.475958915	-0.036791519	-1.010189084	-3.122024248	-0.012579063	0.081015931	-0.062965671	-0.014432832	-0.018284181	0.007111627
5.399000000	-0.031170488	0.534006217	0.475896009	-0.036805914	-1.010207349	-3.122017156	-0.012496520	0.080862583	-0.062850989	-0.014335966	-0.018244005	0.007060880
5.400000000	-0.031182938	0.534087004	0.475833214	-0.036820196	-1.010225573	-3.122010123	-0.012414295	0.080708908	-0.062736026	-0.014239481	-0.018203788	0.007010343
5.401000000	-0.031195307	0.534167637	0.475770535	-0.036834382	-1.010243756	-3.122003141	-0.012332389	0.080554924	-0.062620797	-0.014143377	-0.018163532	0.006960017
5.402000000	-0.031207606	0.534248113	0.475707973	-0.036848486	-1.010261900	-3.121996202	-0.012250802	0.080400645	-0.062505312	-0.014047654	-0.018123243	0.006909899
5.403000000	-0.031219815	0.534328436	0.475645526	-0.036862485	-1.010280003	-3.121989317	-0.012169533	0.080246053	-0.062389557	-0.013952313	-0.018082914	0.006859992
5.404000000	-0.031231938	0.534408606	0.475583192	-0.036876382	-1.010298065	-3.121982486	-0.012088583	0.080091152	-0.062273535	-0.013857354	-0.018042548	0.006810295
5.405000000	-0.031243991	0.534488619	0.475520978	-0.036890198	-1.010316088	-3.121975697	-0.012007952	0.079935963	-0.062157263	-0.013762775	-0.018002149	0.006760807
5.406000000	-0.031255962	0.534568477	0.475458880	-0.036903918	-1.010334070	-3.121968959	-0.011927639	0.079780474	-0.062040731	-0.013668578	-0.017961714	0.006711529
5.407000000	-0.031267841	0.534648181	0.475396896	-0.036917529	-1.010352011	-3.121962277	-0.011847645	0.079624675	-0.061923932	-0.013574763	-0.017921241	0.006662462
5.408000000	-0.031279653	0.534727727	0.475335031	-0.036931062	-1.010369912	-3.121955637	-0.011767971	0.079468597	-0.061806889	-0.013481329	-0.017880738	0.006613603
5.409000000	-0.031291387	0.534807116	0.475273284	-0.036944504	-1.010387773	-3.121949044	-0.011688615	0.079312227	-0.061689593	-0.013388276	-0.017840201	0.006564954
5.410000000	-0.031303027	0.534886352	0.475211651	-0.036957834	-1.010405592	-3.121942509	-0.011609577	0.079155553	-0.061572034	-0.013295605	-0.017799627	0.006516515
5.411000000	-0.031314600	0.534965428	0.475150139	-0.036971088	-1.010423372	-3.121936015	-0.011530859	0.078998605	-0.061454235	-0.013203314	-0.017759024	0.006468284
5.412000000	-0.031326099	0.535044347	0.475088745	-0.036984253	-1.010441111	-3.121929566	-0.011452460	0.078841375	-0.061336191	-0.013111405	-0.017718389	0.006420263
5.413000000	-0.031337502	0.535123112	0.475027466	-0.036997307	-1.010458808	-3.121923176	-0.011374379	0.078683844	-0.061217887	-0.013019878	-0.017677719	0.006372452
5.414000000	-0.031348841	0.535201716	0.474966308	-0.037010285	-1.010476466	-3.121916826	-0.011296617	0.078526046	-0.061099348	-0.012928731	-0.017637020	0.006324849
5.415000000	-0.031360106	0.535280162	0.474905269	-0.037023176	-1.010494083	-3.121910520	-0.011219174	0.078367974	-0.060980570	-0.012837965	-0.017596292	0.006277455
5.416000000	-0.031371276	0.535358453	0.474844346	-0.037035957	-1.010511658	-3.121904273	-0.011142049	0.078209608	-0.060861537	-0.012747580	-0.017555529	0.006230271
5.417000000	-0.031382383	0.535436582	0.474783545	-0.037048664	-1.010529194	-3.121898064	-0.011065244	0.078050982	-0.060742275	-0.012657576	-0.017514741	0.006183294
5.418000000	-0.031393416	0.535514553	0.474722864	-0.037061284	-1.010546688	-3.121891900	-0.010988756	0.077892087	-0.060622778	-0.012567952	-0.017473923	0.006136526
5.419000000	-0.031404357	0.535592367	0.474662298	-0.037073796	-1.010564141	-3.121885793	-0.010912588	0.077732904	-0.060503031	-0.012478710	-0.017433073	0.006089968
5.420000000	-0.031415236	0.535670020	0.474601856	-0.037086235	-1.010581554	-3.121879723	-0.010836737	0.077573469	-0.060383061	-0.012389847	-0.017392198	0.006043617
5.421000000	-0.031426039	0.535747512	0.474541534	-0.037098586	-1.010598926	-3.121873700	-0.010761205	0.077413769	-0.060262859	-0.012301364	-0.017351296	0.005997475
5.422000000	-0.031436754	0.535824848	0.474481330	-0.037110832	-1.010616257	-3.121867731	-0.010685992	0.077253792	-0.060142415	-0.012213263	-0.017310363	0.005951542
5.423000000	-0.031447408	0.535902021	0.474421249	-0.037123008	-1.010633547	-3.121861799	-0.010611096	0.077093569	-0.060021753	-0.012125540	-0.017269407	0.005905815
5.424000000	-0.031457984	0.535979034	0.474361288	-0.037135092	-1.010650796	-3.121855915	-0.010536519	0.076933083	-0.059900861	-0.012038198	-0.017228423	0.005860297
5.425000000	-0.031468476	0.536055888	0.474301446	-0.037147078	-1.010668003	-3.121850082	-0.010462259	0.076772331	-0.059779735	-0.011951235	-0.017187412	0.005814987
5.426000000	-0.031478908	0.536132578	0.474241728	-0.037158995	-1.010685171	-3.121844285	-0.010388317	0.076611339	-0.059658397	-0.011864651	-0.017146379	0.005769884
5.427000000	-0.031489258	0.536209109	0.474182130	-0.037170814	-1.010702296	-3.121838539	-0.010314693	0.076450086	-0.059536829	-0.011778447	-0.017105319	0.005724988
5.428000000	-0.031499531	0.536285480	0.474122653	-0.037182543	-1.010719381	-3.121832839	-0.010241387	0.076288579	-0.059415038	-0.011692622	-0.017064234	0.005680301
5.429000000	-0.031509745	0.536361686	0.474063301	-0.037194205	-1.010736425	-3.121827175	-0.010168397	0.076126840	-0.059293039	-0.011607176	-0.017023129	0.005635819
5.430000000	-0.031519871	0.536437733	0.474004068	-0.037205762	-1.010753427	-3.121821566	-0.010095725	0.075964838	-0.059170810	-0.011522108	-0.016981996	0.005591545
5.431000000	-0.031529928	0.536513617	0.473944958	-0.037217238	-1.010770389	-3.121815998	-0.010023371	0.075802596	-0.059048369	-0.011437419	-0.016940841	0.005547478
5.432000000	-0.031539928	0.536589336	0.473885973	-0.037228649	-1.010787310	-3.121810464	-0.009951333	0.075640129	-0.058925725	-0.011353107	-0.016899668	0.005503616
5.433000000	-0.031549831	0.536664897	0.473827106	-0.037239946	-1.010804188	-3.121804990	-0.009879611	0.075477397	-0.058802851	-0.011269174	-0.016858467	0.005459962
5.434000000	-0.031559676	0.536740293	0.473768365	-0.037251174	-1.010821026	-3.121799551	-0.009808207	0.075314441	-0.058679775	-0.011185618	-0.016817248	0.005416514
5.435000000	-0.031569458	0.536815524	0.473709749	-0.037262329	-1.010837823	-3.121794151	-0.009737118	0.075151258	-0.058556497	-0.011102439	-0.016776009	0.005373271
5.436000000	-0.031579148	0.536890596	0.473651252	-0.037273376	-1.010854578	-3.121788806	-0.009666346	0.074987822	-0.058432997	-0.011019638	-0.016734745	0.005330235
5.437000000	-0.031588784	0.536965501	0.473592882	-0.037284361	-1.010871292	-3.121783494	-0.009595890	0.074824171	-0.058309303	-0.010937213	-0.016693466	0.005287404
5.438000000	-0.031598347	0.537040243	0.473534635	-0.037295259	-1.010887965	-3.121778227	-0.009525749	0.074660289	-0.058185403	-0.010855165	-0.016652165	0.005244778
5.439000000	-0.031607830	0.537114822	0.473476510	-0.037306065	-1.010904596	-3.121773008	-0.009455924	0.074496172	-0.058061294	-0.010773494	-0.016610844	0.005202358
5.440000000	-0.031617261	0.537189235	0.473418513	-0.037316809	-1.010921187	-3.121767820	-0.009386414	0.074331847	-0.057936998	-0.010692197	-0.016569508	0.005160142
5.441000000	-0.031626607	0.537263485	0.473360637	-0.037327453	-1.010937735	-3.121762685	-0.009317219	0.074167285	-0.057812491	-0.010611277	-0.016528150	0.005118131
5.442000000	-0.031635887	0.537337570	0.473302886	-0.037338022	-1.010954243	-3.121757589	-0.009248339	0.074002506	-0.057687790	-0.010530732	-0.016486775	0.005076325
5.443000000	-0.031645114	0.537411489	0.473245263	-0.037348528	-1.010970710	-3.121752526	-0.009179774	0.073837525	-0.057562905	-0.010450561	-0.016445387	0.005034722
5.444000000	-0.031654246	0.537485246	0.473187760	-0.037358922	-1.010987134	-3.121747520	-0.009111522	0.073672302	-0.057437807	-0.010370765	-0.016403975	0.004993325
5.445000000	-0.031663328	0.537558835	0.473130386	-0.037369258	-1.011003517	-3.121742545	-0.009043585	0.073506883	-0.057312529	-0.010291344	-0.016362552	0.004952131
5.446000000	-0.031672340	0.537632258	0.473073136	-0.037379513	-1.011019859	-3.121737612	-0.008975962	0.073341251	-0.057187061	-0.010212296	-0.016321112	0.004911140
5.447000000	-0.031681275	0.537705518	0.473016011	-0.037389677	-1.011036159	-3.121732726	-0.008908652	0.073175400	-0.057061397	-0.010133622	-0.016279654	0.004870354
5.448000000	-0.031690161	0.537778609	0.472959014	-0.037399784	-1.011052419	-3.121727869	-0.008841655	0.073009359	-0.056935559	-0.010055320	-0.016238186	0.004829769
5.449000000	-0.031698961	0.537851536	0.472902140	-0.037409791	-1.011068636	-3.121723064	-0.008774971	0.072843096	-0.056809523	-0.009977392	-0.016196699	0.004789388
5.450000000	-0.031707702	0.537924296	0.472845394	-0.037419729	-1.011084811	-3.121718295	-0.008708600	0.072676637	-0.056683308	-0.009899836	-0.016155200	0.004749209
5.451000000	-0.031716387	0.537996888	0.472788775	-0.037429601	-1.011100947	-3.121713560	-0.008642541	0.072509987	-0.056556920	-0.009822652	-0.016113689	0.004709232
5.452000000	-0.031724986	0.538069316	0.472732279	-0.037439372	-1.011117039	-3.121708878	-0.008576794	0.072343119	-0.056430335	-0.009745840	-0.016072160	0.004669459
5.453000000	-0.031733537	0.538141575	0.472675914	-0.037449088	-1.011133091	-3.121704224	-0.008511359	0.072176071	-0.056303586	-0.009669398	-0.016030623	0.004629885
5.454000000	-0.031742013	0.538213668	0.472619673	-0.037458716	-1.011149100	-3.121699616	-0.008446235	0.072008820	-0.056176653	-0.009593328	-0.015989071	0.004590514
5.455000000	-0.031750423	0.538285593	0.472563559	-0.037468268	-1.011165068	-3.121695047	-0.008381422	0.071841376	-0.056049545	-0.009517627	-0.015947508	0.004551345
5.456000000	-0.031758785	0.538357349	0.472507576	-0.037477763	-1.011180996	-3.121690507	-0.008316919	0.071673758	-0.055922275	-0.009442296	-0.015905937	0.004512375
5.457000000	-0.031767057	0.538428941	0.472451715	-0.037487152	-1.011196880	-3.121686022	-0.008252728	0.071505927	-0.055794814	-0.009367336	-0.015864348	0.004473608
5.458000000	-0.031775283	0.538500362	0.472395985	-0.037496488	-1.011212724	-3.121681565	-0.008188846	0.071337927	-0.055667197	-0.009292743	-0.015822754	0.004435039
5.459000000	-0.031783439	0.538571616	0.472340381	-0.037505743	-1.011228526	-3.121677149	-0.008125273	0.071169739	-0.055539407	-0.009218520	-0.015781148	0.004396672
5.460000000	-0.031791528	0.538642702	0.472284905	-0.037514919	-1.011244286	-3.121672774	-0.008062010	0.071001365	-0.055411448	-0.009144664	-0.015739532	0.004358504
5.461000000	-0.031799573	0.538713618	0.472229560	-0.037524044	-1.011260006	-3.121668426	-0.007999056	0.070832829	-0.055283337	-0.009071176	-0.015697910	0.004320534
5.462000000	-0.031807526	0.538784368	0.472174338	-0.037533061	-1.011275682	-3.121664133	-0.007936410	0.070664089	-0.055155043	-0.008998055	-0.015656274	0.004282766
5.463000000	-0.031815437	0.538854947	0.472119248	-0.037542029	-1.011291318	-3.121659866	-0.007874073	0.070495192	-0.055026601	-0.008925301	-0.015614633	0.004245195
5.464000000	-0.031823279	0.538925358	0.472064286	-0.037550917	-1.011306911	-3.121655640	-0.007812043	0.070326116	-0.054897995	-0.008852912	-0.015572984	0.004207823
5.465000000	-0.031831056	0.538995600	0.472009452	-0.037559730	-1.011322463	-3.121651454	-0.007750320	0.070156866	-0.054769228	-0.008780890	-0.015531326	0.004170650
5.466000000	-0.031838788	0.539065670	0.471954749	-0.037568489	-1.011337975	-3.121647294	-0.007688904	0.069987462	-0.054640316	-0.008709232	-0.015489665	0.004133673
5.467000000	-0.031846433	0.539135575	0.471900171	-0.037577147	-1.011353443	-3.121643187	-0.007627796	0.069817868	-0.054511231	-0.008637940	-0.015447991	0.004096896
5.468000000	-0.031854038	0.539205307	0.471845726	-0.037585758	-1.011368870	-3.121639103	-0.007566993	0.069648127	-0.054382008	-0.008567010	-0.015406316	0.004060315
5.469000000	-0.031861571	0.539274871	0.471791407	-0.037594285	-1.011384255	-3.121635064	-0.007506495	0.069478214	-0.054252624	-0.008496445	-0.015364633	0.004023932
5.470000000	-0.031869046	0.539344264	0.471737219	-0.037602745	-1.011399599	-3.121631059	-0.007446303	0.069308142	-0.054123093	-0.008426243	-0.015322945	0.003987744
5.471000000	-0.031876470	0.539413486	0.471683162	-0.037611145	-1.011414902	-3.121627084	-0.007386416	0.069137920	-0.053993420	-0.008356402	-0.015281254	0.003951753
5.472000000	-0.031883817	0.539482540	0.471629232	-0.037619455	-1.011430161	-3.121623157	-0.007326834	0.068967525	-0.053863588	-0.008286925	-0.015239554	0.003915959
5.473000000	-0.031891125	0.539551421	0.471575436	-0.037627721	-1.011445381	-3.121619251	-0.007267555	0.068796996	-0.053733626	-0.008217807	-0.015197856	0.003880359
5.474000000	-0.031898353	0.539620134	0.471521765	-0.037635893	-1.011460557	-3.121615395	-0.007208579	0.068626294	-0.053603506	-0.008149052	-0.015156148	0.003844955
5.475000000	-0.031905536	0.539688674	0.471468227	-0.037644011	-1.011475693	-3.121611566	-0.007149907	0.068455454	-0.053473253	-0.008080656	-0.015114441	0.003809746
5.476000000	-0.031912657	0.539757044	0.471414819	-0.037652059	-1.011490786	-3.121607773	-0.007091537	0.068284464	-0.053342858	-0.008012619	-0.015072730	0.003774731
5.477000000	-0.031919715	0.539825244	0.471361541	-0.037660032	-1.011505838	-3.121604018	-0.007033470	0.068113323	-0.053212321	-0.007944942	-0.015031016	0.003739911
5.478000000	-0.031926731	0.539893270	0.471308396	-0.037667957	-1.011520849	-3.121600289	-0.006975704	0.067942051	-0.053081659	-0.007877623	-0.014989303	0.003705284
5.479000000	-0.031933666	0.539961128	0.471255378	-0.037675787	-1.011535817	-3.121596608	-0.006918239	0.067770617	-0.052950845	-0.007810663	-0.014947583	0.003670852
5.480000000	-0.031940565	0.540028812	0.471202494	-0.037683576	-1.011550744	-3.121592948	-0.006861075	0.067599062	-0.052819913	-0.007744058	-0.014905867	0.003636611
5.481000000	-0.031947390	0.540096326	0.471149738	-0.037691277	-1.011565628	-3.121589334	-0.006804211	0.067427354	-0.052688838	-0.007677812	-0.014864146	0.003602565
5.482000000	-0.031954168	0.540163667	0.471097115	-0.037698925	-1.011580472	-3.121585747	-0.006747647	0.067255519	-0.052557639	-0.007611921	-0.014822428	0.003568710
5.483000000	-0.031960889	0.540230836	0.471044623	-0.037706505	-1.011595274	-3.121582194	-0.006691382	0.067083549	-0.052426311	-0.007546385	-0.014780709	0.003535047
5.484000000	-0.031967548	0.540297834	0.470992262	-0.037714014	-1.011610033	-3.121578679	-0.006635416	0.066911442	-0.052294852	-0.007481204	-0.014738989	0.003501576
5.485000000	-0.031974165	0.540364659	0.470940035	-0.037721474	-1.011624752	-3.121575187	-0.006579748	0.066739218	-0.052163278	-0.007416376	-0.014697273	0.003468295
5.486000000	-0.031980706	0.540431313	0.470887935	-0.037728845	-1.011639428	-3.121571743	-0.006524377	0.066566848	-0.052031565	-0.007351904	-0.014655554	0.003435207
5.487000000	-0.031987215	0.540497792	0.470835972	-0.037736180	-1.011654063	-3.121568316	-0.006469304	0.066394372	-0.051899747	-0.007287782	-0.014613841	0.003402307
5.488000000	-0.031993646	0.540564101	0.470784136	-0.037743422	-1.011668655	-3.121564937	-0.006414527	0.066221753	-0.051767793	-0.007224015	-0.014572126	0.003369600
5.489000000	-0.032000039	0.540630236	0.470732435	-0.037750621	-1.011683207	-3.121561580	-0.006360047	0.066049026	-0.051635731	-0.007160597	-0.014530416	0.003337081
5.490000000	-0.032006368	0.540696199	0.470680865	-0.037757746	-1.011697716	-3.121558262	-0.006305862	0.065876172	-0.051503546	-0.007097532	-0.014488708	0.003304751
5.491000000	-0.032012647	0.540761989	0.470629428	-0.037764812	-1.011712184	-3.121554973	-0.006251971	0.065703204	-0.051371249	-0.007034816	-0.014447003	0.003272611
5.492000000	-0.032018876	0.540827605	0.470578123	-0.037771820	-1.011726611	-3.121551714	-0.006198375	0.065530123	-0.051238839	-0.006972449	-0.014405303	0.003240658
5.493000000	-0.032025042	0.540893049	0.470526950	-0.037778755	-1.011740995	-3.121548493	-0.006145074	0.065356920	-0.051106312	-0.006910432	-0.014363605	0.003208895
5.494000000	-0.032031171	0.540958319	0.470475911	-0.037785647	-1.011755338	-3.121545293	-0.006092065	0.065183620	-0.050973684	-0.006848761	-0.014321914	0.003177317
5.495000000	-0.032037225	0.541023417	0.470425002	-0.037792451	-1.011769638	-3.121542139	-0.006039350	0.065010191	-0.050840934	-0.006787440	-0.014280224	0.003145929
5.496000000	-0.032043252	0.541088339	0.470374230	-0.037799224	-1.011783899	-3.121539000	-0.005986926	0.064836677	-0.050708092	-0.006726463	-0.014238544	0.003114726
5.497000000	-0.032049199	0.541153090	0.470323586	-0.037805905	-1.011798116	-3.121535909	-0.005934794	0.064663034	-0.050575128	-0.006665835	-0.014196864	0.003083711
5.498000000	-0.032055117	0.541217665	0.470273079	-0.037812550	-1.011812292	-3.121532836	-0.005882953	0.064489306	-0.050442073	-0.006605550	-0.014155195	0.003052880
5.499000000	-0.032060967	0.541282069	0.470222702	-0.037819117	-1.011826426	-3.121529803	-0.005831403	0.064315463	-0.050308906	-0.006545611	-0.014113529	0.003022236
5.500000000	-0.032066776	0.541346297	0.470172460	-0.037825638	-1.011840519	-3.121526793	-0.005780142	0.064141530	-0.050175645	-0.006486015	-0.014071871	0.002991777
5.501000000	-0.032072529	0.541410351	0.470122351	-0.037832092	-1.011854570	-3.121523818	-0.005729171	0.063967495	-0.050042281	-0.006426762	-0.014030220	0.002961502
5.502000000	-0.032078232	0.541474232	0.470072375	-0.037838488	-1.011868579	-3.121520872	-0.005678488	0.063793365	-0.049908820	-0.006367852	-0.013988576	0.002931412
5.503000000	-0.032083889	0.541537938	0.470022534	-0.037844831	-1.011882547	-3.121517953	-0.005628094	0.063619146	-0.049775266	-0.006309283	-0.013946941	0.002901506
5.504000000	-0.032089487	0.541601470	0.469972825	-0.037851105	-1.011896473	-3.121515070	-0.005577987	0.063444828	-0.049641613	-0.006251055	-0.013905313	0.002871783
5.505000000	-0.032095048	0.541664827	0.469923251	-0.037857336	-1.011910358	-3.121512208	-0.005528166	0.063270430	-0.049507875	-0.006193167	-0.013863696	0.002842242
5.506000000	-0.032100542	0.541728011	0.469873809	-0.037863491	-1.011924200	-3.121509386	-0.005478632	0.063095932	-0.049374035	-0.006135619	-0.013822084	0.002812886
5.507000000	-0.032106008	0.541791019	0.469824503	-0.037869611	-1.011938003	-3.121506580	-0.005429383	0.062921365	-0.049240118	-0.006078408	-0.013780486	0.002783709
5.508000000	-0.032111401	0.541853854	0.469775328	-0.037875647	-1.011951761	-3.121503819	-0.005380420	0.062746695	-0.049106099	-0.006021537	-0.013738892	0.002754717
5.509000000	-0.032116772	0.541916512	0.469726292	-0.037881657	-1.011965481	-3.121501069	-0.005331741	0.062571965	-0.048972010	-0.005965001	-0.013697314	0.002725903
5.510000000	-0.032122065	0.541978998	0.469677384	-0.037887577	-1.011979156	-3.121498367	-0.005283346	0.062397131	-0.048837817	-0.005908804	-0.013655741	0.002697272
5.511000000	-0.032127335	0.542041307	0.469628616	-0.037893472	-1.011992792	-3.121495676	-0.005235233	0.062222242	-0.048703559	-0.005852939	-0.013614184	0.002668820
5.512000000	-0.032132535	0.542103442	0.469579977	-0.037899284	-1.012006384	-3.121493029	-0.005187403	0.062047258	-0.048569203	-0.005797412	-0.013572634	0.002640549
5.513000000	-0.032137708	0.542165401	0.469531477	-0.037905064	-1.012019937	-3.121490397	-0.005139855	0.061872216	-0.048434781	-0.005742216	-0.013531099	0.002612456
5.514000000	-0.032142816	0.542227187	0.469483108	-0.037910769	-1.012033447	-3.121487803	-0.005092588	0.061697089	-0.048300270	-0.005687355	-0.013489572	0.002584543
5.515000000	-0.032147892	0.542288796	0.469434876	-0.037916437	-1.012046916	-3.121485228	-0.005045601	0.061521904	-0.048165691	-0.005632826	-0.013448061	0.002556808
5.516000000	-0.032152908	0.542350231	0.469386777	-0.037922035	-1.012060343	-3.121482689	-0.004998894	0.061346641	-0.048031029	-0.005578628	-0.013406560	0.002529251
5.517000000	-0.032157888	0.542411489	0.469338814	-0.037927593	-1.012073729	-3.121480171	-0.004952466	0.061171321	-0.047896300	-0.005524761	-0.013365074	0.002501871
5.518000000	-0.032162813	0.542472573	0.469290984	-0.037933086	-1.012087073	-3.121477685	-0.004906317	0.060995930	-0.047761493	-0.005471224	-0.013323599	0.002474669
5.519000000	-0.032167700	0.542533481	0.469243291	-0.037938534	-1.012100376	-3.121475222	-0.004860445	0.060820482	-0.047626621	-0.005418015	-0.013282140	0.002447643
5.520000000	-0.032172535	0.542594214	0.469195731	-0.037943922	-1.012113637	-3.121472789	-0.004814851	0.060644970	-0.047491676	-0.005365135	-0.013240694	0.002420793
5.521000000	-0.032177329	0.542654771	0.469148307	-0.037949263	-1.012126857	-3.121470381	-0.004769533	0.060469403	-0.047356667	-0.005312583	-0.013199263	0.002394119
5.522000000	-0.032182074	0.542715153	0.469101018	-0.037954548	-1.012140036	-3.121468001	-0.004724491	0.060293777	-0.047221589	-0.005260356	-0.013157846	0.002367619
5.523000000	-0.032186777	0.542775359	0.469053864	-0.037959784	-1.012153173	-3.121465646	-0.004679723	0.060118099	-0.047086449	-0.005208456	-0.013116445	0.002341295
5.524000000	-0.032191434	0.542835389	0.469006845	-0.037964966	-1.012166269	-3.121463318	-0.004635230	0.059942368	-0.046951245	-0.005156880	-0.013075059	0.002315144
5.525000000	-0.032196048	0.542895243	0.468959961	-0.037970097	-1.012179323	-3.121461016	-0.004591011	0.059766586	-0.046815981	-0.005105628	-0.013033689	0.002289167
5.526000000	-0.032200617	0.542954922	0.468913213	-0.037975177	-1.012192336	-3.121458740	-0.004547065	0.059590756	-0.046680657	-0.005054700	-0.012992335	0.002263364
5.527000000	-0.032205142	0.543014425	0.468866600	-0.037980207	-1.012205308	-3.121456489	-0.004503390	0.059414879	-0.046545276	-0.005004093	-0.012950998	0.002237733
5.528000000	-0.032209624	0.543073752	0.468820122	-0.037985186	-1.012218238	-3.121454264	-0.004459988	0.059238958	-0.046409838	-0.004953808	-0.012909677	0.002212274
5.529000000	-0.032214062	0.543132903	0.468773780	-0.037990114	-1.012231127	-3.121452064	-0.004416856	0.059062994	-0.046274345	-0.004903844	-0.012868374	0.002186987
5.530000000	-0.032218457	0.543191878	0.468727574	-0.037994993	-1.012243975	-3.121449890	-0.004373994	0.058886989	-0.046138798	-0.004854199	-0.012827088	0.002161871
5.531000000	-0.032222810	0.543250677	0.468681503	-0.037999823	-1.012256782	-3.121447740	-0.004331402	0.058710946	-0.046003201	-0.004804873	-0.012785821	0.002136925
5.532000000	-0.032227120	0.543309300	0.468635567	-0.038004603	-1.012269547	-3.121445616	-0.004289078	0.058534864	-0.045867552	-0.004755865	-0.012744571	0.002112150
5.533000000	-0.032231389	0.543367747	0.468589768	-0.038009336	-1.012282271	-3.121443516	-0.004247022	0.058358749	-0.045731857	-0.004707174	-0.012703340	0.002087544
5.534000000	-0.032235613	0.543426017	0.468544103	-0.038014016	-1.012294953	-3.121441442	-0.004205233	0.058182598	-0.045596112	-0.004658799	-0.012662128	0.002063108
5.535000000	-0.032239800	0.543484112	0.468498576	-0.038018654	-1.012307595	-3.121439389	-0.004163711	0.058006419	-0.045460324	-0.004610739	-0.012620936	0.002038840
5.536000000	-0.032243940	0.543542030	0.468453183	-0.038023237	-1.012320195	-3.121437364	-0.004122454	0.057830207	-0.045324489	-0.004562993	-0.012579762	0.002014741
5.537000000	-0.032248046	0.543599772	0.468407927	-0.038027782	-1.012332755	-3.121435359	-0.004081462	0.057653973	-0.045188616	-0.004515561	-0.012538610	0.001990808
5.538000000	-0.032252103	0.543657338	0.468362805	-0.038032268	-1.012345272	-3.121433383	-0.004040735	0.057477706	-0.045052697	-0.004468442	-0.012497476	0.001967044
5.539000000	-0.032256129	0.543714728	0.468317821	-0.038036720	-1.012357750	-3.121431424	-0.004000271	0.057301424	-0.044916745	-0.004421633	-0.012456365	0.001943445
5.540000000	-0.032260103	0.543771941	0.468272972	-0.038041110	-1.012370185	-3.121429496	-0.003960070	0.057125109	-0.044780748	-0.004375136	-0.012415273	0.001920013
5.541000000	-0.032264051	0.543828978	0.468228260	-0.038045473	-1.012382580	-3.121427583	-0.003920130	0.056948787	-0.044644723	-0.004328948	-0.012374204	0.001896746
5.542000000	-0.032267943	0.543885839	0.468183682	-0.038049768	-1.012394933	-3.121425703	-0.003880452	0.056772433	-0.044508654	-0.004283070	-0.012333154	0.001873645
5.543000000	-0.032271815	0.543942522	0.468139243	-0.038054041	-1.012407247	-3.121423834	-0.003841034	0.056596078	-0.044372563	-0.004237498	-0.012292130	0.001850707
5.544000000	-0.032275624	0.543999031	0.468094937	-0.038058243	-1.012419518	-3.121422002	-0.003801876	0.056419692	-0.044236427	-0.004192235	-0.012251124	0.001827935
5.545000000	-0.032279421	0.544055362	0.468050771	-0.038062429	-1.012431749	-3.121420176	-0.003762976	0.056243313	-0.044100276	-0.004147276	-0.012210145	0.001805324
5.546000000	-0.032283150	0.544111518	0.468006737	-0.038066537	-1.012443938	-3.121418391	-0.003724335	0.056066901	-0.043964080	-0.004102625	-0.012169184	0.001782878
5.547000000	-0.032286868	0.544167496	0.467962842	-0.038070632	-1.012456088	-3.121416612	-0.003685951	0.055890500	-0.043827872	-0.004058275	-0.012128251	0.001760592
5.548000000	-0.032290523	0.544223299	0.467919081	-0.038074654	-1.012468194	-3.121414870	-0.003647824	0.055714075	-0.043691625	-0.004014231	-0.012087337	0.001738471
5.549000000	-0.032294160	0.544278924	0.467875458	-0.038078657	-1.012480262	-3.121413137	-0.003609952	0.055537659	-0.043555365	-0.003970487	-0.012046450	0.001716509
5.550000000	-0.032297744	0.544334374	0.467831970	-0.038082596	-1.012492287	-3.121411436	-0.003572335	0.055361229	-0.043419074	-0.003927046	-0.012005586	0.001694709
5.551000000	-0.032301302	0.544389647	0.467788620	-0.038086507	-1.012504273	-3.121409749	-0.003534973	0.055184806	-0.043282768	-0.003883904	-0.011964747	0.001673068
5.552000000	-0.032304815	0.544444744	0.467745405	-0.038090366	-1.012516217	-3.121408089	-0.003497864	0.055008378	-0.043146439	-0.003841063	-0.011923933	0.001651588
5.553000000	-0.032308295	0.544499664	0.467702327	-0.038094187	-1.012528121	-3.121406448	-0.003461007	0.054831955	-0.043010094	-0.003798519	-0.011883144	0.001630266
5.554000000	-0.032311740	0.544554407	0.467659385	-0.038097966	-1.012539984	-3.121404827	-0.003424402	0.054655536	-0.042873733	-0.003756273	-0.011842381	0.001609103
5.555000000	-0.032315142	0.544608975	0.467616579	-0.038101697	-1.012551805	-3.121403231	-0.003388049	0.054479120	-0.042737354	-0.003714324	-0.011801642	0.001588099
5.556000000	-0.032318519	0.544663365	0.467573911	-0.038105399	-1.012563587	-3.121401648	-0.003351945	0.054302720	-0.042600968	-0.003672669	-0.011760932	0.001567251
5.557000000	-0.032321845	0.544717580	0.467531377	-0.038109041	-1.012575327	-3.121400097	-0.003316091	0.054126318	-0.042464561	-0.003631310	-0.011720246	0.001546561
5.558000000	-0.032325156	0.544771618	0.467488982	-0.038112667	-1.012587028	-3.121398552	-0.003280485	0.053949943	-0.042328156	-0.003590244	-0.011679589	0.001526026
5.559000000	-0.032328406	0.544825480	0.467446721	-0.038116221	-1.012598686	-3.121397045	-0.003245127	0.053773562	-0.042191727	-0.003549472	-0.011638956	0.001505650
5.560000000	-0.032331644	0.544879165	0.467404598	-0.038119764	-1.012610306	-3.121395542	-0.003210016	0.053597214	-0.042055304	-0.003508989	-0.011598354	0.001485426
5.561000000	-0.032334827	0.544932675	0.467362610	-0.038123240	-1.012621883	-3.121394073	-0.003175151	0.053420867	-0.041918863	-0.003468799	-0.011557776	0.001465359
5.562000000	-0.032337990	0.544986007	0.467320760	-0.038126696	-1.012633421	-3.121392614	-0.003140532	0.053244551	-0.041782427	-0.003428898	-0.011517229	0.001445445
5.563000000	-0.032341110	0.545039164	0.467279045	-0.038130101	-1.012644918	-3.121391181	-0.003106157	0.053068249	-0.041645983	-0.003389285	-0.011476709	0.001425685
5.564000000	-0.032344199	0.545092144	0.467237468	-0.038133470	-1.012656374	-3.121389765	-0.003072025	0.052891972	-0.041509539	-0.003349961	-0.011436217	0.001406079
5.565000000	-0.032347258	0.545144948	0.467196027	-0.038136805	-1.012667790	-3.121388367	-0.003038137	0.052715721	-0.041373097	-0.003310922	-0.011395756	0.001386624
5.566000000	-0.032350273	0.545197575	0.467154721	-0.038140090	-1.012679165	-3.121386993	-0.003004490	0.052539490	-0.041236651	-0.003272170	-0.011355322	0.001367322
5.567000000	-0.032353272	0.545250026	0.467113554	-0.038143356	-1.012690502	-3.121385629	-0.002971084	0.052363298	-0.041100218	-0.003233702	-0.011314920	0.001348170
5.568000000	-0.032356215	0.545302302	0.467072521	-0.038146556	-1.012701795	-3.121384297	-0.002937920	0.052187120	-0.040963777	-0.003195519	-0.011274545	0.001329172
5.569000000	-0.032359147	0.545354401	0.467031626	-0.038149746	-1.012713051	-3.121382971	-0.002904994	0.052010989	-0.040827354	-0.003157616	-0.011234203	0.001310321
5.570000000	-0.032362026	0.545406324	0.466990866	-0.038152873	-1.012724264	-3.121381676	-0.002872307	0.051834877	-0.040690927	-0.003119997	-0.011193888	0.001291622
5.571000000	-0.032364886	0.545458071	0.466950244	-0.038155979	-1.012735438	-3.121380391	-0.002839858	0.051658810	-0.040554517	-0.003082658	-0.011153607	0.001273071
5.572000000	-0.032367709	0.545509642	0.466909757	-0.038159042	-1.012746571	-3.121379128	-0.002807646	0.051482776	-0.040418114	-0.003045598	-0.011113355	0.001254669
5.573000000	-0.032370498	0.545561036	0.466869407	-0.038162066	-1.012757664	-3.121377884	-0.002775670	0.051306779	-0.040281723	-0.003008818	-0.011073135	0.001236415
5.574000000	-0.032373266	0.545612255	0.466829194	-0.038165066	-1.012768718	-3.121376652	-0.002743929	0.051130830	-0.040145350	-0.002972314	-0.011032948	0.001218308
5.575000000	-0.032375984	0.545663298	0.466789116	-0.038168009	-1.012779730	-3.121375448	-0.002712423	0.050954911	-0.040008983	-0.002936088	-0.010992791	0.001200349
5.576000000	-0.032378693	0.545714165	0.466749177	-0.038170941	-1.012790704	-3.121374249	-0.002681150	0.050779051	-0.039872643	-0.002900136	-0.010952668	0.001182534
5.577000000	-0.032381347	0.545764856	0.466709371	-0.038173810	-1.012801635	-3.121373083	-0.002650111	0.050603221	-0.039736309	-0.002864460	-0.010912575	0.001164868
5.578000000	-0.032383987	0.545815371	0.466669703	-0.038176662	-1.012812528	-3.121371924	-0.002619302	0.050427449	-0.039600003	-0.002829056	-0.010872517	0.001147345
5.579000000	-0.032386590	0.545865711	0.466630171	-0.038179473	-1.012823381	-3.121370786	-0.002588725	0.050251722	-0.039463714	-0.002793926	-0.010832492	0.001129967
5.580000000	-0.032389160	0.545915875	0.466590775	-0.038182245	-1.012834193	-3.121369666	-0.002558378	0.050076044	-0.039327446	-0.002759067	-0.010792499	0.001112734
5.581000000	-0.032391713	0.545965863	0.466551517	-0.038184999	-1.012844966	-3.121368556	-0.002528260	0.049900429	-0.039191208	-0.002724477	-0.010752542	0.001095643
5.582000000	-0.032394215	0.546015676	0.466512393	-0.038187693	-1.012855698	-3.121367476	-0.002498371	0.049724853	-0.039054985	-0.002690158	-0.010712616	0.001078696
5.583000000	-0.032396708	0.546065313	0.466473407	-0.038190377	-1.012866392	-3.121366400	-0.002468709	0.049549348	-0.038918799	-0.002656106	-0.010672728	0.001061890
5.584000000	-0.032399155	0.546114775	0.466434555	-0.038193007	-1.012877044	-3.121365351	-0.002439274	0.049373890	-0.038782631	-0.002622323	-0.010632871	0.001045228
5.585000000	-0.032401581	0.546164061	0.466395841	-0.038195615	-1.012887657	-3.121364313	-0.002410065	0.049198497	-0.038646498	-0.002588805	-0.010593051	0.001028705
5.586000000	-0.032403980	0.546213172	0.466357263	-0.038198192	-1.012898230	-3.121363290	-0.002381081	0.049023167	-0.038510397	-0.002555552	-0.010553266	0.001012323
5.587000000	-0.032406340	0.546262107	0.466318820	-0.038200722	-1.012908763	-3.121362290	-0.002352321	0.048847893	-0.038374322	-0.002522564	-0.010513515	0.000996082
5.588000000	-0.032408691	0.546310867	0.466280515	-0.038203243	-1.012919258	-3.121361294	-0.002323783	0.048672697	-0.038238292	-0.002489837	-0.010473802	0.000979979
5.589000000	-0.032410988	0.546359453	0.466242343	-0.038205703	-1.012929711	-3.121360330	-0.002295469	0.048497552	-0.038102284	-0.002457375	-0.010434122	0.000964017
5.590000000	-0.032413273	0.546407863	0.466204309	-0.038208148	-1.012940125	-3.121359371	-0.002267376	0.048322486	-0.037966320	-0.002425172	-0.010394481	0.000948191
5.591000000	-0.032415528	0.546456098	0.466166411	-0.038210559	-1.012950500	-3.121358430	-0.002239503	0.048147488	-0.037830393	-0.002393230	-0.010354876	0.000932504
5.592000000	-0.032417748	0.546504158	0.466128648	-0.038212930	-1.012960835	-3.121357509	-0.002211850	0.047972558	-0.037694502	-0.002361547	-0.010315307	0.000916954
5.593000000	-0.032419960	0.546552042	0.466091023	-0.038215292	-1.012971132	-3.121356591	-0.002184415	0.047797714	-0.037558662	-0.002330119	-0.010275777	0.000901539
5.594000000	-0.032422117	0.546599753	0.466053531	-0.038217591	-1.012981386	-3.121355706	-0.002157200	0.047622928	-0.037422851	-0.002298952	-0.010236281	0.000886262
5.595000000	-0.032424265	0.546647289	0.466016176	-0.038219879	-1.012991603	-3.121354824	-0.002130200	0.047448230	-0.037287092	-0.002268038	-0.010196826	0.000871119
5.596000000	-0.032426383	0.546694650	0.465978957	-0.038222133	-1.013001780	-3.121353960	-0.002103417	0.047273609	-0.037151376	-0.002237379	-0.010157408	0.000856111
5.597000000	-0.032428468	0.546741836	0.465941873	-0.038224349	-1.013011918	-3.121353115	-0.002076850	0.047099065	-0.037015704	-0.002206974	-0.010118027	0.000841237
5.598000000	-0.032430545	0.546788848	0.465904927	-0.038226556	-1.013022017	-3.121352273	-0.002050495	0.046924615	-0.036880089	-0.002176820	-0.010078688	0.000826496
5.599000000	-0.032432569	0.546835685	0.465868113	-0.038228703	-1.013032075	-3.121351462	-0.002024356	0.046750232	-0.036744511	-0.002146920	-0.010039383	0.000811890
5.600000000	-0.032434584	0.546882348	0.465831437	-0.038230839	-1.013042095	-3.121350655	-0.001998428	0.046575945	-0.036608991	-0.002117268	-0.010000120	0.000797415
5.601000000	-0.032436572	0.546928837	0.465794896	-0.038232945	-1.013052076	-3.121349863	-0.001972712	0.046401745	-0.036473524	-0.002087866	-0.009960896	0.000783071
5.602000000	-0.032438525	0.546975152	0.465758489	-0.038235010	-1.013062017	-3.121349091	-0.001947208	0.046227629	-0.036338105	-0.002058713	-0.009921711	0.000768860
5.603000000	-0.032440471	0.547021292	0.465722220	-0.038237067	-1.013071920	-3.121348323	-0.001921912	0.046053614	-0.036202751	-0.002029806	-0.009882568	0.000754778
5.604000000	-0.032442371	0.547067259	0.465686084	-0.038239072	-1.013081782	-3.121347581	-0.001896827	0.045879679	-0.036067443	-0.002001146	-0.009843463	0.000740827
5.605000000	-0.032444256	0.547113052	0.465650084	-0.038241059	-1.013091606	-3.121346846	-0.001871949	0.045705845	-0.035932197	-0.001972731	-0.009804399	0.000727005
5.606000000	-0.032446123	0.547158671	0.465614220	-0.038243027	-1.013101392	-3.121346121	-0.001847277	0.045532111	-0.035797015	-0.001944559	-0.009765377	0.000713311
5.607000000	-0.032447948	0.547204116	0.465578490	-0.038244946	-1.013111136	-3.121345421	-0.001822814	0.045358464	-0.035661884	-0.001916631	-0.009726393	0.000699747
5.608000000	-0.032449766	0.547249388	0.465542896	-0.038246857	-1.013120844	-3.121344724	-0.001798554	0.045184926	-0.035526824	-0.001888943	-0.009687453	0.000686309
5.609000000	-0.032451550	0.547294486	0.465507436	-0.038248729	-1.013130512	-3.121344046	-0.001774500	0.045011484	-0.035391823	-0.001861497	-0.009648554	0.000672999
5.610000000	-0.032453308	0.547339411	0.465472112	-0.038250572	-1.013140141	-3.121343382	-0.001750649	0.044838143	-0.035256886	-0.001834291	-0.009609696	0.000659816
5.611000000	-0.032455060	0.547384162	0.465436923	-0.038252409	-1.013149732	-3.121342720	-0.001727000	0.044664917	-0.035122024	-0.001807322	-0.009570882	0.000646757
5.612000000	-0.032456763	0.547428741	0.465401868	-0.038254187	-1.013159282	-3.121342088	-0.001703554	0.044491782	-0.034987217	-0.001780592	-0.009532107	0.000633825
5.613000000	-0.032458457	0.547473146	0.465366948	-0.038255957	-1.013168795	-3.121341459	-0.001680308	0.044318763	-0.034852486	-0.001754098	-0.009493377	0.000621017
5.614000000	-0.032460132	0.547517378	0.465332163	-0.038257705	-1.013178270	-3.121340841	-0.001657263	0.044145856	-0.034717827	-0.001727838	-0.009454691	0.000608332
5.615000000	-0.032461768	0.547561438	0.465297512	-0.038259409	-1.013187704	-3.121340244	-0.001634416	0.043973051	-0.034583234	-0.001701814	-0.009416045	0.000595772
5.616000000	-0.032463398	0.547605325	0.465262997	-0.038261106	-1.013197102	-3.121339651	-0.001611768	0.043800369	-0.034448720	-0.001676021	-0.009377445	0.000583334
5.617000000	-0.032464997	0.547649039	0.465228615	-0.038262767	-1.013206460	-3.121339075	-0.001589317	0.043627795	-0.034314278	-0.001650461	-0.009338887	0.000571019
5.618000000	-0.032466570	0.547692580	0.465194367	-0.038264399	-1.013215779	-3.121338513	-0.001567062	0.043455336	-0.034179911	-0.001625133	-0.009300374	0.000558826
5.619000000	-0.032468138	0.547735949	0.465160256	-0.038266025	-1.013225061	-3.121337953	-0.001545002	0.043283004	-0.034045628	-0.001600033	-0.009261906	0.000546752
5.620000000	-0.032469662	0.547779146	0.465126276	-0.038267602	-1.013234303	-3.121337418	-0.001523138	0.043110780	-0.033911414	-0.001575163	-0.009223480	0.000534801
5.621000000	-0.032471174	0.547822171	0.465092432	-0.038269164	-1.013243507	-3.121336889	-0.001501466	0.042938682	-0.033777285	-0.001550520	-0.009185100	0.000522968
5.622000000	-0.032472677	0.547865024	0.465058723	-0.038270716	-1.013252674	-3.121336365	-0.001479987	0.042766713	-0.033643243	-0.001526103	-0.009146767	0.000511254
5.623000000	-0.032474133	0.547907705	0.465025145	-0.038272215	-1.013261801	-3.121335867	-0.001458701	0.042594855	-0.033509273	-0.001501913	-0.009108475	0.000499661
5.624000000	-0.032475584	0.547950214	0.464991703	-0.038273708	-1.013270890	-3.121335372	-0.001437605	0.042423132	-0.033375394	-0.001477947	-0.009070232	0.000488185
5.625000000	-0.032477018	0.547992551	0.464958395	-0.038275182	-1.013279942	-3.121334885	-0.001416699	0.042251538	-0.033241602	-0.001454203	-0.009032034	0.000476825
5.626000000	-0.032478414	0.548034717	0.464925220	-0.038276613	-1.013288954	-3.121334420	-0.001395982	0.042080065	-0.033107891	-0.001430683	-0.008993880	0.000465584
5.627000000	-0.032479805	0.548076711	0.464892179	-0.038278038	-1.013297929	-3.121333957	-0.001375453	0.041908731	-0.032974274	-0.001407382	-0.008955775	0.000454458
5.628000000	-0.032481172	0.548118534	0.464859272	-0.038279436	-1.013306866	-3.121333507	-0.001355112	0.041737527	-0.032840746	-0.001384302	-0.008917716	0.000443448
5.629000000	-0.032482510	0.548160186	0.464826497	-0.038280800	-1.013315764	-3.121333073	-0.001334957	0.041566453	-0.032707305	-0.001361442	-0.008879702	0.000432554
5.630000000	-0.032483842	0.548201667	0.464793857	-0.038282159	-1.013324626	-3.121332642	-0.001314987	0.041395523	-0.032573962	-0.001338798	-0.008841737	0.000421773
5.631000000	-0.032485146	0.548242977	0.464761350	-0.038283484	-1.013333448	-3.121332226	-0.001295201	0.041224725	-0.032440710	-0.001316372	-0.008803819	0.000411107
5.632000000	-0.032486426	0.548284117	0.464728975	-0.038284783	-1.013342233	-3.121331824	-0.001275600	0.041054065	-0.032307551	-0.001294162	-0.008765947	0.000400554
5.633000000	-0.032487700	0.548325085	0.464696735	-0.038286077	-1.013350981	-3.121331423	-0.001256180	0.040883553	-0.032174496	-0.001272165	-0.008728125	0.000390113
5.634000000	-0.032488942	0.548365884	0.464664626	-0.038287333	-1.013359689	-3.121331041	-0.001236943	0.040713176	-0.032041532	-0.001250382	-0.008690350	0.000379785
5.635000000	-0.032490166	0.548406512	0.464632651	-0.038288568	-1.013368360	-3.121330669	-0.001217886	0.040542944	-0.031908668	-0.001228812	-0.008652623	0.000369568
5.636000000	-0.032491384	0.548446970	0.464600809	-0.038289797	-1.013376995	-3.121330298	-0.001199009	0.040372864	-0.031775910	-0.001207452	-0.008614946	0.000359462
5.637000000	-0.032492567	0.548487258	0.464569099	-0.038290987	-1.013385591	-3.121329948	-0.001180311	0.040202924	-0.031643248	-0.001186304	-0.008577316	0.000349466
5.638000000	-0.032493735	0.548527376	0.464537522	-0.038292159	-1.013394149	-3.121329605	-0.001161792	0.040033133	-0.031510690	-0.001165364	-0.008539736	0.000339581
5.639000000	-0.032494898	0.548567324	0.464506078	-0.038293325	-1.013402671	-3.121329264	-0.001143448	0.039863501	-0.031378243	-0.001144631	-0.008502206	0.000329803
5.640000000	-0.032496025	0.548607103	0.464474766	-0.038294452	-1.013411154	-3.121328944	-0.001125282	0.039694011	-0.031245894	-0.001124107	-0.008464724	0.000320135
5.641000000	-0.032497138	0.548646712	0.464443586	-0.038295562	-1.013419599	-3.121328630	-0.001107291	0.039524677	-0.031113655	-0.001103787	-0.008427292	0.000310575
5.642000000	-0.032498246	0.548686152	0.464412539	-0.038296667	-1.013428009	-3.121328318	-0.001089474	0.039355506	-0.030981530	-0.001083672	-0.008389912	0.000301121
5.643000000	-0.032499320	0.548725423	0.464381623	-0.038297733	-1.013436380	-3.121328026	-0.001071831	0.039186483	-0.030849508	-0.001063761	-0.008352581	0.000291775
5.644000000	-0.032500380	0.548764525	0.464350839	-0.038298783	-1.013444713	-3.121327741	-0.001054360	0.039017620	-0.030717598	-0.001044053	-0.008315300	0.000282535
5.645000000	-0.032501435	0.548803459	0.464320188	-0.038299828	-1.013453011	-3.121327457	-0.001037061	0.038848923	-0.030585807	-0.001024545	-0.008278071	0.000273400
5.646000000	-0.032502458	0.548842223	0.464289668	-0.038300837	-1.013461270	-3.121327192	-0.001019933	0.038680381	-0.030454124	-0.001005239	-0.008240892	0.000264371
5.647000000	-0.032503465	0.548880819	0.464259279	-0.038301828	-1.013469492	-3.121326934	-0.001002974	0.038512003	-0.030322557	-0.000986131	-0.008203765	0.000255445
5.648000000	-0.032504468	0.548919247	0.464229023	-0.038302814	-1.013477678	-3.121326678	-0.000986184	0.038343796	-0.030191111	-0.000967221	-0.008166690	0.000246623
5.649000000	-0.032505443	0.548957507	0.464198897	-0.038303768	-1.013485826	-3.121326438	-0.000969562	0.038175750	-0.030059779	-0.000948509	-0.008129666	0.000237905
5.650000000	-0.032506399	0.548995599	0.464168903	-0.038304701	-1.013493936	-3.121326208	-0.000953108	0.038007871	-0.029928566	-0.000929993	-0.008092694	0.000229289
5.651000000	-0.032507351	0.549033523	0.464139040	-0.038305630	-1.013502011	-3.121325978	-0.000936819	0.037840168	-0.029797478	-0.000911671	-0.008055775	0.000220774
5.652000000	-0.032508280	0.549071279	0.464109308	-0.038306533	-1.013510048	-3.121325762	-0.000920696	0.037672633	-0.029666510	-0.000893543	-0.008018908	0.000212362
5.653000000	-0.032509185	0.549108868	0.464079706	-0.038307409	-1.013518048	-3.121325558	-0.000904737	0.037505267	-0.029535662	-0.000875608	-0.007982093	0.000204050
5.654000000	-0.032510087	0.549146290	0.464050237	-0.038308281	-1.013526012	-3.121325355	-0.000888941	0.037338081	-0.029404943	-0.000857864	-0.007945333	0.000195838
5.655000000	-0.032510973	0.549183544	0.464020897	-0.038309136	-1.013533940	-3.121325160	-0.000873308	0.037171072	-0.029274351	-0.000840311	-0.007908626	0.000187725
5.656000000	-0.032511829	0.549220632	0.463991687	-0.038309957	-1.013541829	-3.121324982	-0.000857836	0.037004233	-0.029143881	-0.000822948	-0.007871971	0.000179713
5.657000000	-0.032512682	0.549257553	0.463962609	-0.038310774	-1.013549683	-3.121324805	-0.000842525	0.036837580	-0.029013543	-0.000805772	-0.007835370	0.000171798
5.658000000	-0.032513527	0.549294307	0.463933661	-0.038311584	-1.013557501	-3.121324630	-0.000827374	0.036671111	-0.028883339	-0.000788783	-0.007798825	0.000163980
5.659000000	-0.032514336	0.549330895	0.463904842	-0.038312350	-1.013565281	-3.121324478	-0.000812382	0.036504813	-0.028753258	-0.000771982	-0.007762332	0.000156261
5.660000000	-0.032515140	0.549367317	0.463876154	-0.038313114	-1.013573025	-3.121324325	-0.000797547	0.036338705	-0.028623313	-0.000755365	-0.007725894	0.000148638
5.661000000	-0.032515941	0.549403573	0.463847596	-0.038313873	-1.013580734	-3.121324174	-0.000782869	0.036172788	-0.028493507	-0.000738931	-0.007689512	0.000141110
5.662000000	-0.032516708	0.549439663	0.463819167	-0.038314595	-1.013588404	-3.121324042	-0.000768348	0.036007049	-0.028363829	-0.000722682	-0.007653183	0.000133679
5.663000000	-0.032517466	0.549475587	0.463790868	-0.038315305	-1.013596039	-3.121323914	-0.000753982	0.035841501	-0.028234289	-0.000706614	-0.007616910	0.000126342
5.664000000	-0.032518220	0.549511346	0.463762699	-0.038316012	-1.013603638	-3.121323787	-0.000739770	0.035676148	-0.028104891	-0.000690726	-0.007580693	0.000119099
5.665000000	-0.032518953	0.549546939	0.463734658	-0.038316695	-1.013611201	-3.121323671	-0.000725711	0.035510984	-0.027975629	-0.000675018	-0.007544532	0.000111950
5.666000000	-0.032519664	0.549582368	0.463706747	-0.038317354	-1.013618727	-3.121323567	-0.000711806	0.035346009	-0.027846506	-0.000659489	-0.007508425	0.000104895
5.667000000	-0.032520373	0.549617631	0.463678965	-0.038318009	-1.013626217	-3.121323464	-0.000698051	0.035181234	-0.027717527	-0.000644137	-0.007472376	0.000097931
5.668000000	-0.032521073	0.549652730	0.463651312	-0.038318657	-1.013633673	-3.121323363	-0.000684446	0.035016659	-0.027588695	-0.000628961	-0.007436384	0.000091059
5.669000000	-0.032521740	0.549687665	0.463623787	-0.038319265	-1.013641090	-3.121323283	-0.000670993	0.034852272	-0.027459999	-0.000613962	-0.007400446	0.000084279
5.670000000	-0.032522403	0.549722435	0.463596392	-0.038319871	-1.013648472	-3.121323202	-0.000657688	0.034688090	-0.027331452	-0.000599136	-0.007364567	0.000077590
5.671000000	-0.032523064	0.549757041	0.463569125	-0.038320474	-1.013655820	-3.121323122	-0.000644530	0.034524113	-0.027203056	-0.000584482	-0.007328745	0.000070990
5.672000000	-0.032523697	0.549791483	0.463541986	-0.038321045	-1.013663130	-3.121323058	-0.000631520	0.034360332	-0.027074804	-0.000570002	-0.007292980	0.000064481
5.673000000	-0.032524316	0.549825762	0.463514975	-0.038321602	-1.013670405	-3.121323000	-0.000618656	0.034196756	-0.026946700	-0.000555693	-0.007257272	0.000058060
5.674000000	-0.032524933	0.549859877	0.463488092	-0.038322156	-1.013677645	-3.121322942	-0.000605936	0.034033389	-0.026818751	-0.000541553	-0.007221622	0.000051728
5.675000000	-0.032525540	0.549893829	0.463461338	-0.038322698	-1.013684849	-3.121322889	-0.000593361	0.033870231	-0.026690955	-0.000527582	-0.007186031	0.000045483
5.676000000	-0.032526117	0.549927617	0.463434710	-0.038323207	-1.013692017	-3.121322853	-0.000580931	0.033707275	-0.026563307	-0.000513780	-0.007150497	0.000039326
5.677000000	-0.032526691	0.549961243	0.463408210	-0.038323714	-1.013699149	-3.121322817	-0.000568642	0.033544533	-0.026435816	-0.000500144	-0.007115022	0.000033256
5.678000000	-0.032527263	0.549994707	0.463381839	-0.038324218	-1.013706248	-3.121322781	-0.000556494	0.033382007	-0.026308485	-0.000486672	-0.007079607	0.000027271
5.679000000	-0.032527809	0.550028007	0.463355594	-0.038324693	-1.013713309	-3.121322759	-0.000544488	0.033219688	-0.026181307	-0.000473367	-0.007044250	0.000021372
5.680000000	-0.032528342	0.550061146	0.463329476	-0.038325153	-1.013720335	-3.121322744	-0.000532622	0.033057584	-0.026054286	-0.000460225	-0.007008951	0.000015558
5.681000000	-0.032528872	0.550094123	0.463303485	-0.038325610	-1.013727327	-3.121322729	-0.000520894	0.032895701	-0.025927429	-0.000447245	-0.006973713	0.000009828
5.682000000	-0.032529397	0.550126938	0.463277622	-0.038326063	-1.013734284	-3.121322716	-0.000509304	0.032734039	-0.025800734	-0.000434426	-0.006938535	0.000004182
5.683000000	-0.032529890	0.550159591	0.463251883	-0.038326478	-1.013741204	-3.121322722	-0.000497853	0.032572587	-0.025674196	-0.000421769	-0.006903416	-0.000001380
5.684000000	-0.032530380	0.550192083	0.463226272	-0.038326891	-1.013748089	-3.121322727	-0.000486537	0.032411360	-0.025547823	-0.000409270	-0.006868357	-0.000006860
5.685000000	-0.032530867	0.550224414	0.463200788	-0.038327302	-1.013754941	-3.121322733	-0.000475356	0.032250359	-0.025421619	-0.000396929	-0.006833360	-0.000012258
5.686000000	-0.032531339	0.550256584	0.463175429	-0.038327695	-1.013761757	-3.121322746	-0.000464309	0.032089581	-0.025295579	-0.000384746	-0.006798422	-0.000017575
5.687000000	-0.032531790	0.550288593	0.463150196	-0.038328064	-1.013768537	-3.121322772	-0.000453397	0.031929024	-0.025169704	-0.000372719	-0.006763545	-0.000022810
5.688000000	-0.032532238	0.550320442	0.463125089	-0.038328432	-1.013775283	-3.121322797	-0.000442618	0.031768697	-0.025044000	-0.000360847	-0.006728730	-0.000027966
5.689000000	-0.032532684	0.550352131	0.463100109	-0.038328797	-1.013781996	-3.121322822	-0.000431969	0.031608604	-0.024918469	-0.000349129	-0.006693976	-0.000033042
5.690000000	-0.032533107	0.550383659	0.463075253	-0.038329136	-1.013788672	-3.121322860	-0.000421452	0.031448735	-0.024793105	-0.000337564	-0.006659283	-0.000038038
5.691000000	-0.032533518	0.550415028	0.463050522	-0.038329460	-1.013795313	-3.121322904	-0.000411066	0.031289097	-0.024667913	-0.000326151	-0.006624652	-0.000042955
5.692000000	-0.032533926	0.550446237	0.463025917	-0.038329784	-1.013801921	-3.121322948	-0.000400808	0.031129695	-0.024542897	-0.000314889	-0.006590084	-0.000047795
5.693000000	-0.032534332	0.550477288	0.463001437	-0.038330105	-1.013808495	-3.121322992	-0.000390678	0.030970532	-0.024418059	-0.000303776	-0.006555578	-0.000052557
5.694000000	-0.032534709	0.550508179	0.462977081	-0.038330394	-1.013815032	-3.121323052	-0.000380676	0.030811598	-0.024293392	-0.000292813	-0.006521133	-0.000057242
5.695000000	-0.032535080	0.550538911	0.462952849	-0.038330676	-1.013821536	-3.121323114	-0.000370801	0.030652903	-0.024168903	-0.000281998	-0.006486752	-0.000061851
5.696000000	-0.032535450	0.550569484	0.462928743	-0.038330956	-1.013828006	-3.121323176	-0.000361051	0.030494450	-0.024044596	-0.000271328	-0.006452434	-0.000066384
5.697000000	-0.032535817	0.550599900	0.462904761	-0.038331235	-1.013834442	-3.121323238	-0.000351426	0.030336241	-0.023920472	-0.000260804	-0.006418180	-0.000070842
5.698000000	-0.032536153	0.550630157	0.462880902	-0.038331479	-1.013840842	-3.121323317	-0.000341926	0.030178266	-0.023796522	-0.000250426	-0.006383987	-0.000075225
5.699000000	-0.032536486	0.550660256	0.462857167	-0.038331719	-1.013847209	-3.121323397	-0.000332548	0.030020538	-0.023672756	-0.000240191	-0.006349859	-0.000079533
5.700000000	-0.032536818	0.550690198	0.462833556	-0.038331959	-1.013853542	-3.121323477	-0.000323292	0.029863058	-0.023549177	-0.000230099	-0.006315795	-0.000083769
5.701000000	-0.032537148	0.550719983	0.462810069	-0.038332197	-1.013859842	-3.121323556	-0.000314157	0.029705828	-0.023425786	-0.000220147	-0.006281796	-0.000087932
5.702000000	-0.032537446	0.550749610	0.462786704	-0.038332399	-1.013866105	-3.121323652	-0.000305144	0.029548837	-0.023302574	-0.000210337	-0.006247859	-0.000092021
5.703000000	-0.032537743	0.550779080	0.462763463	-0.038332600	-1.013872336	-3.121323749	-0.000296250	0.029392100	-0.023179552	-0.000200667	-0.006213988	-0.000096039
5.704000000	-0.032538039	0.550808394	0.462740345	-0.038332800	-1.013878533	-3.121323845	-0.000287475	0.029235616	-0.023056721	-0.000191134	-0.006180182	-0.000099986
5.705000000	-0.032538333	0.550837552	0.462717350	-0.038332999	-1.013884698	-3.121323940	-0.000278817	0.029079388	-0.022934083	-0.000181738	-0.006146442	-0.000103862
5.706000000	-0.032538597	0.550866553	0.462694477	-0.038333165	-1.013890826	-3.121324052	-0.000270277	0.028923406	-0.022811630	-0.000172481	-0.006112765	-0.000107667
5.707000000	-0.032538859	0.550895398	0.462671726	-0.038333328	-1.013896922	-3.121324164	-0.000261852	0.028767683	-0.022689371	-0.000163358	-0.006079154	-0.000111403
5.708000000	-0.032539119	0.550924089	0.462649098	-0.038333490	-1.013902985	-3.121324276	-0.000253543	0.028612219	-0.022567308	-0.000154369	-0.006045609	-0.000115070
5.709000000	-0.032539378	0.550952623	0.462626592	-0.038333651	-1.013909014	-3.121324387	-0.000245348	0.028457017	-0.022445442	-0.000145513	-0.006012131	-0.000118668
5.710000000	-0.032539613	0.550981003	0.462604207	-0.038333784	-1.013915009	-3.121324511	-0.000237268	0.028302069	-0.022323768	-0.000136791	-0.005978718	-0.000122198
5.711000000	-0.032539841	0.551009227	0.462581944	-0.038333910	-1.013920971	-3.121324638	-0.000229300	0.028147384	-0.022202292	-0.000128199	-0.005945371	-0.000125660
5.712000000	-0.032540068	0.551037297	0.462559802	-0.038334036	-1.013926899	-3.121324765	-0.000221444	0.027992964	-0.022081017	-0.000119738	-0.005912091	-0.000129056
5.713000000	-0.032540293	0.551065214	0.462537782	-0.038334161	-1.013932796	-3.121324891	-0.000213698	0.027838811	-0.021959944	-0.000111406	-0.005878879	-0.000132386
5.714000000	-0.032540501	0.551092975	0.462515883	-0.038334266	-1.013938658	-3.121325026	-0.000206064	0.027684922	-0.021839070	-0.000103202	-0.005845733	-0.000135649
5.715000000	-0.032540697	0.551120583	0.462494104	-0.038334357	-1.013944486	-3.121325167	-0.000198539	0.027531298	-0.021718396	-0.000095127	-0.005812654	-0.000138847
5.716000000	-0.032540891	0.551148038	0.462472446	-0.038334448	-1.013950282	-3.121325308	-0.000191122	0.027377945	-0.021597929	-0.000087177	-0.005779644	-0.000141980
5.717000000	-0.032541084	0.551175339	0.462450908	-0.038334538	-1.013956046	-3.121325448	-0.000183812	0.027224866	-0.021477668	-0.000079352	-0.005746701	-0.000145049
5.718000000	-0.032541270	0.551202488	0.462429491	-0.038334620	-1.013961777	-3.121325591	-0.000176610	0.027072059	-0.021357613	-0.000071652	-0.005713826	-0.000148055
5.719000000	-0.032541434	0.551229484	0.462408193	-0.038334677	-1.013967474	-3.121325746	-0.000169514	0.026919520	-0.021237762	-0.000064076	-0.005681019	-0.000150996
5.720000000	-0.032541597	0.551256327	0.462387014	-0.038334734	-1.013973138	-3.121325900	-0.000162523	0.026767259	-0.021118122	-0.000056622	-0.005648280	-0.000153876
5.721000000	-0.032541759	0.551283018	0.462365956	-0.038334791	-1.013978770	-3.121326054	-0.000155636	0.026615276	-0.020998693	-0.000049289	-0.005615610	-0.000156693
5.722000000	-0.032541921	0.551309558	0.462345018	-0.038334847	-1.013984370	-3.121326206	-0.000148853	0.026463573	-0.020879477	-0.000042076	-0.005583010	-0.000159449
5.723000000	-0.032542060	0.551335946	0.462324197	-0.038334879	-1.013989937	-3.121326371	-0.000142173	0.026312145	-0.020760470	-0.000034983	-0.005550478	-0.000162144
5.724000000	-0.032542194	0.551362182	0.462303496	-0.038334903	-1.013995470	-3.121326538	-0.000135594	0.026160998	-0.020641676	-0.000028009	-0.005518015	-0.000164777
5.725000000	-0.032542326	0.551388267	0.462282914	-0.038334928	-1.014000972	-3.121326704	-0.000129117	0.026010136	-0.020523099	-0.000021152	-0.005485622	-0.000167351
5.726000000	-0.032542458	0.551414202	0.462262450	-0.038334953	-1.014006442	-3.121326869	-0.000122740	0.025859559	-0.020404739	-0.000014411	-0.005453300	-0.000169866
5.727000000	-0.032542583	0.551439987	0.462242105	-0.038334970	-1.014011880	-3.121327036	-0.000116462	0.025709268	-0.020286597	-0.000007786	-0.005421047	-0.000172322
5.728000000	-0.032542687	0.551465621	0.462221877	-0.038334964	-1.014017284	-3.121327215	-0.000110283	0.025559259	-0.020168669	-0.000001276	-0.005388864	-0.000174719
5.729000000	-0.032542791	0.551491105	0.462201767	-0.038334959	-1.014022656	-3.121327393	-0.000104202	0.025409540	-0.020050963	0.000005121	-0.005356752	-0.000177058
5.730000000	-0.032542895	0.551516440	0.462181775	-0.038334953	-1.014027997	-3.121327570	-0.000098218	0.025260113	-0.019933479	0.000011405	-0.005324710	-0.000179341
5.731000000	-0.032542998	0.551541626	0.462161900	-0.038334947	-1.014033307	-3.121327746	-0.000092330	0.025110979	-0.019816219	0.000017578	-0.005292740	-0.000181566
5.732000000	-0.032543086	0.551566662	0.462142142	-0.038334926	-1.014038583	-3.121327929	-0.000086537	0.024962135	-0.019699181	0.000023640	-0.005260841	-0.000183735
5.733000000	-0.032543163	0.551591550	0.462122501	-0.038334891	-1.014043828	-3.121328118	-0.000080839	0.024813583	-0.019582365	0.000029591	-0.005229013	-0.000185847
5.734000000	-0.032543239	0.551616289	0.462102977	-0.038334856	-1.014049041	-3.121328306	-0.000075235	0.024665329	-0.019465777	0.000035434	-0.005197256	-0.000187905
5.735000000	-0.032543315	0.551640881	0.462083570	-0.038334822	-1.014054222	-3.121328493	-0.000069724	0.024517373	-0.019349417	0.000041170	-0.005165572	-0.000189908
5.736000000	-0.032543390	0.551665325	0.462064279	-0.038334788	-1.014059373	-3.121328679	-0.000064304	0.024369718	-0.019233287	0.000046799	-0.005133960	-0.000191857
5.737000000	-0.032543447	0.551689621	0.462045103	-0.038334733	-1.014064491	-3.121328874	-0.000058977	0.024222358	-0.019117383	0.000052321	-0.005102420	-0.000193751
5.738000000	-0.032543498	0.551713769	0.462026043	-0.038334671	-1.014069577	-3.121329073	-0.000053740	0.024075300	-0.019001709	0.000057738	-0.005070952	-0.000195593
5.739000000	-0.032543548	0.551737771	0.462007099	-0.038334609	-1.014074632	-3.121329270	-0.000048593	0.023928547	-0.018886269	0.000063051	-0.005039558	-0.000197381
5.740000000	-0.032543597	0.551761626	0.461988271	-0.038334548	-1.014079656	-3.121329466	-0.000043535	0.023782099	-0.018771063	0.000068261	-0.005008236	-0.000199118
5.741000000	-0.032543647	0.551785336	0.461969558	-0.038334487	-1.014084650	-3.121329661	-0.000038564	0.023635958	-0.018656093	0.000073369	-0.004976988	-0.000200803
5.742000000	-0.032543678	0.551808899	0.461950959	-0.038334405	-1.014089611	-3.121329865	-0.000033682	0.023490121	-0.018541355	0.000078376	-0.004945813	-0.000202436
5.743000000	-0.032543703	0.551832316	0.461932474	-0.038334317	-1.014094540	-3.121330072	-0.000028886	0.023344593	-0.018426854	0.000083282	-0.004914711	-0.000204018
5.744000000	-0.032543729	0.551855588	0.461914105	-0.038334230	-1.014099439	-3.121330278	-0.000024176	0.023199376	-0.018312592	0.000088088	-0.004883684	-0.000205551
5.745000000	-0.032543754	0.551878715	0.461895849	-0.038334143	-1.014104308	-3.121330482	-0.000019551	0.023054472	-0.018198570	0.000092797	-0.004852731	-0.000207033
5.746000000	-0.032543779	0.551901697	0.461877708	-0.038334057	-1.014109146	-3.121330685	-0.000015011	0.022909883	-0.018084790	0.000097408	-0.004821852	-0.000208467
5.747000000	-0.032543789	0.551924535	0.461859680	-0.038333955	-1.014113952	-3.121330896	-0.000010554	0.022765605	-0.017971249	0.000101921	-0.004791048	-0.000209852
5.748000000	-0.032543791	0.551947228	0.461841765	-0.038333843	-1.014118727	-3.121331110	-0.000006180	0.022621643	-0.017857950	0.000106339	-0.004760318	-0.000211188
5.749000000	-0.032543793	0.551969778	0.461823963	-0.038333732	-1.014123472	-3.121331323	-0.000001888	0.022477999	-0.017744896	0.000110662	-0.004729663	-0.000212476
5.750000000	-0.032543795	0.551992184	0.461806275	-0.038333622	-1.014128186	-3.121331535	0.000002323	0.022334675	-0.017632089	0.000114892	-0.004699084	-0.000213717
5.751000000	-0.032543797	0.552014448	0.461788700	-0.038333512	-1.014132871	-3.121331746	0.000006454	0.022191673	-0.017519529	0.000119028	-0.004668581	-0.000214912
5.752000000	-0.032543791	0.552036568	0.461771236	-0.038333395	-1.014137525	-3.121331959	0.000010504	0.022048991	-0.017407215	0.000123072	-0.004638153	-0.000216060
5.753000000	-0.032543771	0.552058546	0.461753885	-0.038333261	-1.014142147	-3.121332181	0.000014475	0.021906631	-0.017295149	0.000127025	-0.004607801	-0.000217162
5.754000000	-0.032543751	0.552080381	0.461736645	-0.038333128	-1.014146739	-3.121332400	0.000018369	0.021764595	-0.017183333	0.000130887	-0.004577525	-0.000218219
5.755000000	-0.032543731	0.552102075	0.461719518	-0.038332995	-1.014151302	-3.121332619	0.000022184	0.021622888	-0.017071769	0.000134660	-0.004547326	-0.000219231
5.756000000	-0.032543712	0.552123627	0.461702502	-0.038332864	-1.014155834	-3.121332836	0.000025924	0.021481509	-0.016960459	0.000138344	-0.004517203	-0.000220198
5.757000000	-0.032543692	0.552145038	0.461685598	-0.038332733	-1.014160337	-3.121333052	0.000029587	0.021340460	-0.016849404	0.000141941	-0.004487158	-0.000221122
5.758000000	-0.032543655	0.552166308	0.461668803	-0.038332582	-1.014164809	-3.121333277	0.000033174	0.021199737	-0.016738600	0.000145451	-0.004457189	-0.000222002
5.759000000	-0.032543614	0.552187437	0.461652120	-0.038332429	-1.014169250	-3.121333503	0.000036688	0.021059347	-0.016628052	0.000148874	-0.004427297	-0.000222839
5.760000000	-0.032543574	0.552208427	0.461635547	-0.038332276	-1.014173663	-3.121333727	0.000040127	0.020919292	-0.016517762	0.000152213	-0.004397483	-0.000223634
5.761000000	-0.032543534	0.552229276	0.461619084	-0.038332125	-1.014178045	-3.121333950	0.000043493	0.020779572	-0.016407732	0.000155468	-0.004367747	-0.000224387
5.762000000	-0.032543495	0.552249986	0.461602731	-0.038331974	-1.014182399	-3.121334171	0.000046788	0.020640189	-0.016297962	0.000158639	-0.004338089	-0.000225098
5.763000000	-0.032543452	0.552270557	0.461586489	-0.038331821	-1.014186723	-3.121334393	0.000050010	0.020501144	-0.016188453	0.000161728	-0.004308510	-0.000225768
5.764000000	-0.032543392	0.552290989	0.461570354	-0.038331648	-1.014191016	-3.121334624	0.000053162	0.020362434	-0.016079203	0.000164735	-0.004279008	-0.000226397
5.765000000	-0.032543333	0.552311282	0.461554329	-0.038331477	-1.014195280	-3.121334853	0.000056243	0.020224066	-0.015970217	0.000167661	-0.004249585	-0.000226986
5.766000000	-0.032543275	0.552331437	0.461538414	-0.038331307	-1.014199514	-3.121335081	0.000059255	0.020086041	-0.015861497	0.000170508	-0.004220241	-0.000227535
5.767000000	-0.032543216	0.552351454	0.461522606	-0.038331138	-1.014203720	-3.121335307	0.000062198	0.019948361	-0.015753042	0.000173275	-0.004190977	-0.000228046
5.768000000	-0.032543159	0.552371334	0.461506908	-0.038330970	-1.014207897	-3.121335532	0.000065074	0.019811026	-0.015644855	0.000175965	-0.004161792	-0.000228517
5.769000000	-0.032543096	0.552391077	0.461491317	-0.038330798	-1.014212045	-3.121335758	0.000067882	0.019674036	-0.015536936	0.000178577	-0.004132687	-0.000228951
5.770000000	-0.032543020	0.552410682	0.461475834	-0.038330609	-1.014216162	-3.121335992	0.000070623	0.019537392	-0.015429284	0.000181112	-0.004103661	-0.000229345
5.771000000	-0.032542943	0.552430151	0.461460458	-0.038330422	-1.014220251	-3.121336224	0.000073299	0.019401098	-0.015321902	0.000183571	-0.004074715	-0.000229703
5.772000000	-0.032542868	0.552449484	0.461445190	-0.038330236	-1.014224311	-3.121336455	0.000075909	0.019265155	-0.015214793	0.000185956	-0.004045849	-0.000230024
5.773000000	-0.032542793	0.552468681	0.461430028	-0.038330051	-1.014228343	-3.121336683	0.000078455	0.019129565	-0.015107957	0.000188267	-0.004017065	-0.000230308
5.774000000	-0.032542718	0.552487744	0.461414974	-0.038329868	-1.014232346	-3.121336911	0.000080938	0.018994329	-0.015001396	0.000190505	-0.003988361	-0.000230556
5.775000000	-0.032542643	0.552506671	0.461400026	-0.038329684	-1.014236321	-3.121337137	0.000083357	0.018859448	-0.014895110	0.000192670	-0.003959738	-0.000230769
5.776000000	-0.032542551	0.552525463	0.461385184	-0.038329482	-1.014240266	-3.121337373	0.000085714	0.018724920	-0.014789097	0.000194764	-0.003931196	-0.000230946
5.777000000	-0.032542459	0.552544120	0.461370447	-0.038329280	-1.014244182	-3.121337607	0.000088009	0.018590751	-0.014683363	0.000196786	-0.003902736	-0.000231088
5.778000000	-0.032542368	0.552562644	0.461355816	-0.038329081	-1.014248070	-3.121337839	0.000090243	0.018456941	-0.014577907	0.000198740	-0.003874357	-0.000231197
5.779000000	-0.032542278	0.552581034	0.461341291	-0.038328882	-1.014251931	-3.121338069	0.000092417	0.018323493	-0.014472732	0.000200624	-0.003846061	-0.000231271
5.780000000	-0.032542189	0.552599291	0.461326871	-0.038328685	-1.014255763	-3.121338298	0.000094531	0.018190408	-0.014367839	0.000202440	-0.003817846	-0.000231312
5.781000000	-0.032542100	0.552617416	0.461312556	-0.038328490	-1.014259568	-3.121338526	0.000096586	0.018057686	-0.014263228	0.000204188	-0.003789715	-0.000231320
5.782000000	-0.032542000	0.552635407	0.461298345	-0.038328282	-1.014263343	-3.121338758	0.000098583	0.017925327	-0.014158899	0.000205870	-0.003761665	-0.000231295
5.783000000	-0.032541895	0.552653266	0.461284238	-0.038328069	-1.014267090	-3.121338993	0.000100522	0.017793334	-0.014054854	0.000207485	-0.003733698	-0.000231238
5.784000000	-0.032541790	0.552670993	0.461270235	-0.038327857	-1.014270810	-3.121339226	0.000102404	0.017661709	-0.013951095	0.000209035	-0.003705815	-0.000231150
5.785000000	-0.032541686	0.552688589	0.461256335	-0.038327646	-1.014274501	-3.121339458	0.000104230	0.017530454	-0.013847624	0.000210522	-0.003678014	-0.000231030
5.786000000	-0.032541583	0.552706054	0.461242539	-0.038327437	-1.014278166	-3.121339687	0.000106001	0.017399570	-0.013744441	0.000211945	-0.003650298	-0.000230879
5.787000000	-0.032541481	0.552723389	0.461228846	-0.038327230	-1.014281803	-3.121339915	0.000107716	0.017269059	-0.013641548	0.000213305	-0.003622665	-0.000230698
5.788000000	-0.032541379	0.552740593	0.461215256	-0.038327024	-1.014285412	-3.121340142	0.000109378	0.017138921	-0.013538945	0.000214603	-0.003595117	-0.000230487
5.789000000	-0.032541264	0.552757667	0.461201769	-0.038326803	-1.014288993	-3.121340375	0.000110985	0.017009156	-0.013436632	0.000215840	-0.003567652	-0.000230246
5.790000000	-0.032541147	0.552774611	0.461188383	-0.038326581	-1.014292547	-3.121340608	0.000112539	0.016879766	-0.013334612	0.000217016	-0.003540272	-0.000229975
5.791000000	-0.032541031	0.552791426	0.461175099	-0.038326360	-1.014296073	-3.121340840	0.000114041	0.016750756	-0.013232886	0.000218133	-0.003512976	-0.000229676
5.792000000	-0.032540916	0.552808113	0.461161917	-0.038326141	-1.014299572	-3.121341070	0.000115491	0.016622124	-0.013131456	0.000219190	-0.003485766	-0.000229349
5.793000000	-0.032540801	0.552824671	0.461148836	-0.038325923	-1.014303045	-3.121341298	0.000116891	0.016493874	-0.013030322	0.000220190	-0.003458641	-0.000228994
5.794000000	-0.032540688	0.552841101	0.461135856	-0.038325707	-1.014306490	-3.121341524	0.000118240	0.016366006	-0.012929487	0.000221133	-0.003431601	-0.000228611
5.795000000	-0.032540575	0.552857403	0.461122977	-0.038325493	-1.014309909	-3.121341748	0.000119539	0.016238522	-0.012828950	0.000222019	-0.003404648	-0.000228202
5.796000000	-0.032540452	0.552873578	0.461110198	-0.038325267	-1.014313300	-3.121341978	0.000120788	0.016111421	-0.012728711	0.000222849	-0.003377779	-0.000227765
5.797000000	-0.032540325	0.552889626	0.461097519	-0.038325038	-1.014316664	-3.121342209	0.000121989	0.015984705	-0.012628773	0.000223623	-0.003350997	-0.000227302
5.798000000	-0.032540200	0.552905547	0.461084940	-0.038324810	-1.014320001	-3.121342438	0.000123143	0.015858377	-0.012529138	0.000224343	-0.003324301	-0.000226813
5.799000000	-0.032540075	0.552921343	0.461072461	-0.038324584	-1.014323312	-3.121342665	0.000124249	0.015732439	-0.012429806	0.000225010	-0.003297692	-0.000226298
5.800000000	-0.032539951	0.552937012	0.461060081	-0.038324360	-1.014326596	-3.121342891	0.000125308	0.015606892	-0.012330779	0.000225624	-0.003271170	-0.000225759
5.801000000	-0.032539828	0.552952557	0.461047799	-0.038324138	-1.014329855	-3.121343114	0.000126321	0.015481737	-0.012232058	0.000226186	-0.003244735	-0.000225194
5.802000000	-0.032539707	0.552967976	0.461035617	-0.038323917	-1.014333087	-3.121343336	0.000127289	0.015356976	-0.012133644	0.000226696	-0.003218387	-0.000224606
5.803000000	-0.032539583	0.552983271	0.461023532	-0.038323696	-1.014336293	-3.121343558	0.000128212	0.015232609	-0.012035538	0.000227156	-0.003192127	-0.000223993
5.804000000	-0.032539449	0.552998442	0.461011545	-0.038323461	-1.014339471	-3.121343785	0.000129090	0.015108636	-0.011937740	0.000227565	-0.003165955	-0.000223357
5.805000000	-0.032539315	0.553013488	0.460999656	-0.038323228	-1.014342623	-3.121344011	0.000129925	0.014985062	-0.011840252	0.000227925	-0.003139870	-0.000222697
5.806000000	-0.032539182	0.553028412	0.460987865	-0.038322997	-1.014345750	-3.121344235	0.000130717	0.014861886	-0.011743076	0.000228236	-0.003113874	-0.000222015
5.807000000	-0.032539050	0.553043212	0.460976170	-0.038322768	-1.014348851	-3.121344457	0.000131466	0.014739111	-0.011646213	0.000228500	-0.003087966	-0.000221310
5.808000000	-0.032538920	0.553057890	0.460964572	-0.038322541	-1.014351926	-3.121344677	0.000132174	0.014616739	-0.011549663	0.000228716	-0.003062147	-0.000220583
5.809000000	-0.032538790	0.553072446	0.460953071	-0.038322316	-1.014354976	-3.121344895	0.000132840	0.014494769	-0.011453429	0.000228886	-0.003036417	-0.000219835
5.810000000	-0.032538662	0.553086880	0.460941665	-0.038322092	-1.014358000	-3.121345112	0.000133466	0.014373205	-0.011357512	0.000229011	-0.003010777	-0.000219065
5.811000000	-0.032538533	0.553101193	0.460930356	-0.038321869	-1.014360998	-3.121345327	0.000134051	0.014252047	-0.011261912	0.000229090	-0.002985226	-0.000218274
5.812000000	-0.032538393	0.553115384	0.460919141	-0.038321633	-1.014363970	-3.121345549	0.000134597	0.014131294	-0.011166628	0.000229124	-0.002959764	-0.000217463
5.813000000	-0.032538254	0.553129455	0.460908022	-0.038321399	-1.014366917	-3.121345769	0.000135104	0.014010950	-0.011071665	0.000229115	-0.002934392	-0.000216631
5.814000000	-0.032538115	0.553143406	0.460896998	-0.038321167	-1.014369838	-3.121345987	0.000135572	0.013891017	-0.010977022	0.000229063	-0.002909110	-0.000215780
5.815000000	-0.032537979	0.553157237	0.460886068	-0.038320936	-1.014372734	-3.121346203	0.000136003	0.013771496	-0.010882702	0.000228968	-0.002883919	-0.000214909
5.816000000	-0.032537843	0.553170949	0.460875232	-0.038320708	-1.014375606	-3.121346417	0.000136397	0.013652388	-0.010788705	0.000228832	-0.002858819	-0.000214019
5.817000000	-0.032537708	0.553184542	0.460864490	-0.038320482	-1.014378452	-3.121346629	0.000136753	0.013533695	-0.010695033	0.000228655	-0.002833810	-0.000213111
5.818000000	-0.032537575	0.553198017	0.460853842	-0.038320257	-1.014381274	-3.121346839	0.000137074	0.013415418	-0.010601686	0.000228437	-0.002808891	-0.000212184
5.819000000	-0.032537443	0.553211374	0.460843287	-0.038320035	-1.014384071	-3.121347048	0.000137359	0.013297558	-0.010508666	0.000228180	-0.002784064	-0.000211239
5.820000000	-0.032537306	0.553224612	0.460832825	-0.038319808	-1.014386843	-3.121347258	0.000137609	0.013180117	-0.010415973	0.000227883	-0.002759329	-0.000210277
5.821000000	-0.032537163	0.553237734	0.460822455	-0.038319574	-1.014389589	-3.121347471	0.000137824	0.013063095	-0.010323608	0.000227548	-0.002734685	-0.000209296
5.822000000	-0.032537022	0.553250738	0.460812177	-0.038319342	-1.014392311	-3.121347682	0.000138006	0.012946494	-0.010231573	0.000227175	-0.002710134	-0.000208299
5.823000000	-0.032536881	0.553263627	0.460801992	-0.038319113	-1.014395009	-3.121347892	0.000138154	0.012830317	-0.010139870	0.000226766	-0.002685675	-0.000207286
5.824000000	-0.032536742	0.553276399	0.460791897	-0.038318885	-1.014397682	-3.121348099	0.000138269	0.012714564	-0.010048500	0.000226319	-0.002661308	-0.000206256
5.825000000	-0.032536604	0.553289056	0.460781894	-0.038318660	-1.014400332	-3.121348304	0.000138352	0.012599237	-0.009957463	0.000225837	-0.002637035	-0.000205211
5.826000000	-0.032536468	0.553301598	0.460771982	-0.038318436	-1.014402957	-3.121348508	0.000138403	0.012484338	-0.009866761	0.000225320	-0.002612854	-0.000204149
5.827000000	-0.032536332	0.553314025	0.460762161	-0.038318215	-1.014405558	-3.121348710	0.000138423	0.012369867	-0.009776394	0.000224768	-0.002588767	-0.000203073
5.828000000	-0.032536198	0.553326338	0.460752430	-0.038317995	-1.014408135	-3.121348909	0.000138413	0.012255827	-0.009686366	0.000224183	-0.002564773	-0.000201982
5.829000000	-0.032536065	0.553338537	0.460742788	-0.038317777	-1.014410689	-3.121349108	0.000138372	0.012142218	-0.009596675	0.000223563	-0.002540874	-0.000200876
5.830000000	-0.032535921	0.553350623	0.460733236	-0.038317547	-1.014413217	-3.121349312	0.000138301	0.012029040	-0.009507322	0.000222911	-0.002517068	-0.000199756
5.831000000	-0.032535779	0.553362595	0.460723773	-0.038317320	-1.014415722	-3.121349513	0.000138201	0.011916297	-0.009418310	0.000222227	-0.002493356	-0.000198621
5.832000000	-0.032535638	0.553374455	0.460714399	-0.038317095	-1.014418203	-3.121349713	0.000138072	0.011803990	-0.009329640	0.000221512	-0.002469739	-0.000197474
5.833000000	-0.032535498	0.553386203	0.460705114	-0.038316872	-1.014420661	-3.121349911	0.000137915	0.011692119	-0.009241312	0.000220765	-0.002446217	-0.000196313
5.834000000	-0.032535360	0.553397839	0.460695916	-0.038316651	-1.014423095	-3.121350107	0.000137730	0.011580688	-0.009153329	0.000219988	-0.002422790	-0.000195139
5.835000000	-0.032535223	0.553409364	0.460686807	-0.038316432	-1.014425506	-3.121350301	0.000137519	0.011469696	-0.009065691	0.000219182	-0.002399458	-0.000193953
5.836000000	-0.032535087	0.553420779	0.460677785	-0.038316215	-1.014427894	-3.121350493	0.000137280	0.011359146	-0.008978399	0.000218346	-0.002376222	-0.000192754
5.837000000	-0.032534953	0.553432083	0.460668850	-0.038316000	-1.014430259	-3.121350684	0.000137016	0.011249039	-0.008891454	0.000217482	-0.002353081	-0.000191544
5.838000000	-0.032534820	0.553443277	0.460660002	-0.038315788	-1.014432601	-3.121350873	0.000136726	0.011139376	-0.008804859	0.000216590	-0.002330037	-0.000190322
5.839000000	-0.032534688	0.553454362	0.460651241	-0.038315577	-1.014434920	-3.121351059	0.000136411	0.011030159	-0.008718613	0.000215671	-0.002307088	-0.000189088
5.840000000	-0.032534549	0.553465338	0.460642565	-0.038315359	-1.014437216	-3.121351249	0.000136070	0.010921387	-0.008632717	0.000214725	-0.002284237	-0.000187844
5.841000000	-0.032534409	0.553476205	0.460633975	-0.038315140	-1.014439488	-3.121351439	0.000135706	0.010813064	-0.008547173	0.000213752	-0.002261481	-0.000186588
5.842000000	-0.032534270	0.553486964	0.460625470	-0.038314923	-1.014441738	-3.121351627	0.000135318	0.010705190	-0.008461982	0.000212754	-0.002238823	-0.000185323
5.843000000	-0.032534133	0.553497615	0.460617051	-0.038314708	-1.014443965	-3.121351813	0.000134906	0.010597768	-0.008377145	0.000211731	-0.002216263	-0.000184047
5.844000000	-0.032533997	0.553508159	0.460608716	-0.038314496	-1.014446170	-3.121351997	0.000134472	0.010490799	-0.008292664	0.000210683	-0.002193799	-0.000182761
5.845000000	-0.032533862	0.553518597	0.460600465	-0.038314285	-1.014448353	-3.121352180	0.000134015	0.010384283	-0.008208540	0.000209611	-0.002171434	-0.000181466
5.846000000	-0.032533729	0.553528928	0.460592299	-0.038314077	-1.014450513	-3.121352360	0.000133537	0.010278223	-0.008124774	0.000208516	-0.002149166	-0.000180162
5.847000000	-0.032533598	0.553539154	0.460584216	-0.038313871	-1.014452651	-3.121352539	0.000133037	0.010172620	-0.008041366	0.000207398	-0.002126997	-0.000178849
5.848000000	-0.032533467	0.553549274	0.460576216	-0.038313667	-1.014454767	-3.121352715	0.000132516	0.010067475	-0.007958319	0.000206258	-0.002104927	-0.000177528
5.849000000	-0.032533338	0.553559289	0.460568299	-0.038313465	-1.014456862	-3.121352890	0.000131975	0.009962790	-0.007875633	0.000205096	-0.002082955	-0.000176198
5.850000000	-0.032533210	0.553569200	0.460560465	-0.038313265	-1.014458934	-3.121353063	0.000131414	0.009858566	-0.007793309	0.000203913	-0.002061082	-0.000174860
5.851000000	-0.032533081	0.553579007	0.460552712	-0.038313063	-1.014460985	-3.121353237	0.000130833	0.009754804	-0.007711348	0.000202709	-0.002039308	-0.000173514
5.852000000	-0.032532946	0.553588709	0.460545042	-0.038312856	-1.014463013	-3.121353412	0.000130232	0.009651505	-0.007629752	0.000201484	-0.002017634	-0.000172161
5.853000000	-0.032532813	0.553598309	0.460537453	-0.038312651	-1.014465019	-3.121353585	0.000129613	0.009548672	-0.007548521	0.000200240	-0.001996060	-0.000170801
5.854000000	-0.032532681	0.553607807	0.460529944	-0.038312449	-1.014467004	-3.121353757	0.000128976	0.009446305	-0.007467657	0.000198977	-0.001974585	-0.000169434
5.855000000	-0.032532550	0.553617202	0.460522517	-0.038312248	-1.014468968	-3.121353927	0.000128321	0.009344406	-0.007387162	0.000197695	-0.001953211	-0.000168060
5.856000000	-0.032532421	0.553626495	0.460515170	-0.038312050	-1.014470910	-3.121354095	0.000127648	0.009242977	-0.007307036	0.000196395	-0.001931938	-0.000166680
5.857000000	-0.032532294	0.553635688	0.460507903	-0.038311854	-1.014472831	-3.121354261	0.000126958	0.009142019	-0.007227280	0.000195078	-0.001910765	-0.000165294
5.858000000	-0.032532168	0.553644780	0.460500715	-0.038311660	-1.014474732	-3.121354426	0.000126252	0.009041533	-0.007147895	0.000193743	-0.001889693	-0.000163902
5.859000000	-0.032532043	0.553653771	0.460493607	-0.038311468	-1.014476611	-3.121354588	0.000125530	0.008941521	-0.007068884	0.000192392	-0.001868723	-0.000162505
5.860000000	-0.032531919	0.553662663	0.460486577	-0.038311279	-1.014478470	-3.121354749	0.000124791	0.008841984	-0.006990246	0.000191024	-0.001847854	-0.000161103
5.861000000	-0.032531797	0.553671456	0.460479626	-0.038311091	-1.014480307	-3.121354908	0.000124038	0.008742924	-0.006911983	0.000189641	-0.001827087	-0.000159695
5.862000000	-0.032531677	0.553680149	0.460472753	-0.038310906	-1.014482124	-3.121355065	0.000123269	0.008644341	-0.006834096	0.000188243	-0.001806422	-0.000158283
5.863000000	-0.032531557	0.553688745	0.460465958	-0.038310722	-1.014483921	-3.121355220	0.000122486	0.008546238	-0.006756587	0.000186830	-0.001785859	-0.000156867
5.864000000	-0.032531437	0.553697242	0.460459240	-0.038310538	-1.014485697	-3.121355376	0.000121689	0.008448616	-0.006679456	0.000185403	-0.001765399	-0.000155446
5.865000000	-0.032531312	0.553705642	0.460452599	-0.038310349	-1.014487451	-3.121355533	0.000120878	0.008351475	-0.006602704	0.000183962	-0.001745042	-0.000154022
5.866000000	-0.032531188	0.553713945	0.460446035	-0.038310162	-1.014489186	-3.121355688	0.000120054	0.008254817	-0.006526332	0.000182508	-0.001724787	-0.000152594
5.867000000	-0.032531066	0.553722152	0.460439546	-0.038309977	-1.014490900	-3.121355841	0.000119216	0.008158645	-0.006450342	0.000181041	-0.001704636	-0.000151162
5.868000000	-0.032530945	0.553730262	0.460433134	-0.038309795	-1.014492595	-3.121355993	0.000118366	0.008062959	-0.006374736	0.000179561	-0.001684589	-0.000149727
5.869000000	-0.032530826	0.553738277	0.460426796	-0.038309614	-1.014494269	-3.121356143	0.000117504	0.007967761	-0.006299513	0.000178070	-0.001664646	-0.000148290
5.870000000	-0.032530708	0.553746198	0.460420534	-0.038309436	-1.014495924	-3.121356291	0.000116630	0.007873052	-0.006224676	0.000176567	-0.001644806	-0.000146850
5.871000000	-0.032530592	0.553754024	0.460414347	-0.038309260	-1.014497559	-3.121356437	0.000115745	0.007778833	-0.006150225	0.000175054	-0.001625071	-0.000145407
5.872000000	-0.032530477	0.553761756	0.460408234	-0.038309086	-1.014499174	-3.121356582	0.000114849	0.007685107	-0.006076162	0.000173530	-0.001605441	-0.000143962
5.873000000	-0.032530363	0.553769394	0.460402194	-0.038308914	-1.014500770	-3.121356724	0.000113941	0.007591874	-0.006002487	0.000171996	-0.001585915	-0.000142516
5.874000000	-0.032530251	0.553776940	0.460396229	-0.038308744	-1.014502346	-3.121356865	0.000113024	0.007499136	-0.005929202	0.000170452	-0.001566495	-0.000141067
5.875000000	-0.032530140	0.553784393	0.460390336	-0.038308577	-1.014503903	-3.121357005	0.000112097	0.007406894	-0.005856308	0.000168899	-0.001547180	-0.000139618
5.876000000	-0.032530030	0.553791754	0.460384516	-0.038308411	-1.014505441	-3.121357142	0.000111160	0.007315150	-0.005783806	0.000167337	-0.001527971	-0.000138167
5.877000000	-0.032529922	0.553799023	0.460378768	-0.038308247	-1.014506960	-3.121357278	0.000110213	0.007223905	-0.005711698	0.000165767	-0.001508868	-0.000136715
5.878000000	-0.032529815	0.553806202	0.460373093	-0.038308086	-1.014508459	-3.121357412	0.000109258	0.007133160	-0.005639984	0.000164189	-0.001489871	-0.000135262
5.879000000	-0.032529710	0.553813290	0.460367489	-0.038307926	-1.014509940	-3.121357545	0.000108295	0.007042918	-0.005568665	0.000162603	-0.001470980	-0.000133809
5.880000000	-0.032529599	0.553820288	0.460361955	-0.038307761	-1.014511401	-3.121357680	0.000107323	0.006953178	-0.005497742	0.000161011	-0.001452196	-0.000132356
5.881000000	-0.032529489	0.553827197	0.460356493	-0.038307597	-1.014512844	-3.121357813	0.000106343	0.006863942	-0.005427218	0.000159411	-0.001433519	-0.000130902
5.882000000	-0.032529381	0.553834016	0.460351101	-0.038307436	-1.014514268	-3.121357945	0.000105355	0.006775213	-0.005357092	0.000157805	-0.001414949	-0.000129449
5.883000000	-0.032529274	0.553840747	0.460345778	-0.038307276	-1.014515673	-3.121358075	0.000104361	0.006686991	-0.005287366	0.000156194	-0.001396487	-0.000127996
5.884000000	-0.032529169	0.553847390	0.460340526	-0.038307119	-1.014517060	-3.121358203	0.000103360	0.006599278	-0.005218042	0.000154577	-0.001378132	-0.000126544
5.885000000	-0.032529065	0.553853945	0.460335342	-0.038306964	-1.014518429	-3.121358330	0.000102352	0.006512076	-0.005149120	0.000152954	-0.001359886	-0.000125092
5.886000000	-0.032528962	0.553860414	0.460330227	-0.038306811	-1.014519780	-3.121358455	0.000101338	0.006425385	-0.005080601	0.000151327	-0.001341747	-0.000123642
5.887000000	-0.032528861	0.553866796	0.460325181	-0.038306660	-1.014521113	-3.121358578	0.000100318	0.006339208	-0.005012487	0.000149696	-0.001323718	-0.000122193
5.888000000	-0.032528761	0.553873093	0.460320202	-0.038306511	-1.014522427	-3.121358699	0.000099292	0.006253545	-0.004944779	0.000148061	-0.001305797	-0.000120745
5.889000000	-0.032528662	0.553879303	0.460315291	-0.038306364	-1.014523724	-3.121358819	0.000098261	0.006168397	-0.004877477	0.000146422	-0.001287985	-0.000119299
5.890000000	-0.032528565	0.553885430	0.460310447	-0.038306219	-1.014525004	-3.121358938	0.000097226	0.006083768	-0.004810584	0.000144780	-0.001270283	-0.000117855
5.891000000	-0.032528469	0.553891471	0.460305670	-0.038306076	-1.014526265	-3.121359054	0.000096186	0.005999657	-0.004744100	0.000143136	-0.001252690	-0.000116413
5.892000000	-0.032528374	0.553897429	0.460300959	-0.038305934	-1.014527509	-3.121359169	0.000095141	0.005916066	-0.004678026	0.000141488	-0.001235207	-0.000114973
5.893000000	-0.032528281	0.553903304	0.460296313	-0.038305795	-1.014528736	-3.121359283	0.000094092	0.005832997	-0.004612364	0.000139839	-0.001217834	-0.000113536
5.894000000	-0.032528189	0.553909096	0.460291734	-0.038305658	-1.014529945	-3.121359394	0.000093040	0.005750451	-0.004547114	0.000138188	-0.001200572	-0.000112102
5.895000000	-0.032528098	0.553914805	0.460287219	-0.038305523	-1.014531137	-3.121359505	0.000091984	0.005668429	-0.004482278	0.000136536	-0.001183420	-0.000110670
5.896000000	-0.032528009	0.553920433	0.460282769	-0.038305390	-1.014532313	-3.121359613	0.000090925	0.005586933	-0.004417857	0.000134882	-0.001166380	-0.000109241
5.897000000	-0.032527921	0.553925979	0.460278383	-0.038305259	-1.014533471	-3.121359720	0.000089864	0.005505965	-0.004353852	0.000133228	-0.001149450	-0.000107816
5.898000000	-0.032527834	0.553931445	0.460274062	-0.038305129	-1.014534612	-3.121359826	0.000088800	0.005425525	-0.004290264	0.000131574	-0.001132632	-0.000106394
5.899000000	-0.032527744	0.553936831	0.460269803	-0.038304996	-1.014535736	-3.121359933	0.000087733	0.005345615	-0.004227094	0.000129920	-0.001115926	-0.000104976
5.900000000	-0.032527655	0.553942136	0.460265607	-0.038304865	-1.014536843	-3.121360038	0.000086664	0.005266236	-0.004164343	0.000128265	-0.001099331	-0.000103562
5.901000000	-0.032527567	0.553947363	0.460261474	-0.038304735	-1.014537934	-3.121360143	0.000085594	0.005187390	-0.004102013	0.000126612	-0.001082850	-0.000102151
5.902000000	-0.032527480	0.553952511	0.460257403	-0.038304607	-1.014539009	-3.121360245	0.000084523	0.005109079	-0.004040104	0.000124960	-0.001066480	-0.000100745
5.903000000	-0.032527394	0.553957581	0.460253393	-0.038304481	-1.014540067	-3.121360346	0.000083450	0.005031303	-0.003978619	0.000123308	-0.001050224	-0.000099343
5.904000000	-0.032527310	0.553962574	0.460249445	-0.038304357	-1.014541109	-3.121360446	0.000082376	0.004954064	-0.003917557	0.000121659	-0.001034080	-0.000097946
5.905000000	-0.032527227	0.553967489	0.460245558	-0.038304235	-1.014542135	-3.121360543	0.000081302	0.004877364	-0.003856921	0.000120011	-0.001018050	-0.000096553
5.906000000	-0.032527145	0.553972328	0.460241731	-0.038304114	-1.014543145	-3.121360640	0.000080227	0.004801204	-0.003796710	0.000118366	-0.001002133	-0.000095166
5.907000000	-0.032527065	0.553977092	0.460237965	-0.038303996	-1.014544139	-3.121360735	0.000079152	0.004725585	-0.003736927	0.000116724	-0.000986331	-0.000093783
5.908000000	-0.032526986	0.553981780	0.460234257	-0.038303880	-1.014545117	-3.121360828	0.000078077	0.004650509	-0.003677573	0.000115084	-0.000970643	-0.000092406
5.909000000	-0.032526908	0.553986393	0.460230609	-0.038303765	-1.014546080	-3.121360920	0.000077003	0.004575977	-0.003618648	0.000113447	-0.000955069	-0.000091034
5.910000000	-0.032526831	0.553990932	0.460227020	-0.038303652	-1.014547028	-3.121361011	0.000075929	0.004501990	-0.003560154	0.000111814	-0.000939609	-0.000089668
5.911000000	-0.032526756	0.553995397	0.460223489	-0.038303541	-1.014547959	-3.121361099	0.000074856	0.004428551	-0.003502092	0.000110185	-0.000924265	-0.000088307
5.912000000	-0.032526682	0.553999789	0.460220016	-0.038303432	-1.014548876	-3.121361187	0.000073785	0.004355660	-0.003444463	0.000108560	-0.000909036	-0.000086953
5.913000000	-0.032526609	0.554004109	0.460216600	-0.038303325	-1.014549778	-3.121361273	0.000072714	0.004283319	-0.003387268	0.000106939	-0.000893923	-0.000085604
5.914000000	-0.032526537	0.554008356	0.460213241	-0.038303219	-1.014550664	-3.121361358	0.000071646	0.004211529	-0.003330508	0.000105323	-0.000878926	-0.000084262
5.915000000	-0.032526467	0.554012532	0.460209939	-0.038303116	-1.014551536	-3.121361441	0.000070579	0.004140292	-0.003274185	0.000103711	-0.000864044	-0.000082926
5.916000000	-0.032526398	0.554016637	0.460206692	-0.038303014	-1.014552392	-3.121361523	0.000069514	0.004069609	-0.003218299	0.000102105	-0.000849279	-0.000081597
5.917000000	-0.032526330	0.554020671	0.460203502	-0.038302913	-1.014553234	-3.121361603	0.000068451	0.003999482	-0.003162853	0.000100505	-0.000834631	-0.000080274
5.918000000	-0.032526263	0.554024636	0.460200367	-0.038302815	-1.014554062	-3.121361682	0.000067391	0.003929911	-0.003107845	0.000098910	-0.000820099	-0.000078958
5.919000000	-0.032526197	0.554028532	0.460197286	-0.038302718	-1.014554875	-3.121361760	0.000066334	0.003860899	-0.003053279	0.000097321	-0.000805685	-0.000077649
5.920000000	-0.032526132	0.554032358	0.460194260	-0.038302623	-1.014555674	-3.121361836	0.000065279	0.003792446	-0.002999155	0.000095738	-0.000791388	-0.000076348
5.921000000	-0.032526069	0.554036117	0.460191288	-0.038302530	-1.014556458	-3.121361911	0.000064228	0.003724555	-0.002945475	0.000094162	-0.000777209	-0.000075053
5.922000000	-0.032526007	0.554039808	0.460188369	-0.038302438	-1.014557228	-3.121361984	0.000063180	0.003657226	-0.002892238	0.000092593	-0.000763148	-0.000073766
5.923000000	-0.032525946	0.554043432	0.460185503	-0.038302348	-1.014557985	-3.121362056	0.000062136	0.003590461	-0.002839448	0.000091031	-0.000749206	-0.000072487
5.924000000	-0.032525886	0.554046989	0.460182690	-0.038302259	-1.014558727	-3.121362127	0.000061096	0.003524261	-0.002787103	0.000089476	-0.000735381	-0.000071215
5.925000000	-0.032525827	0.554050481	0.460179929	-0.038302173	-1.014559456	-3.121362197	0.000060059	0.003458629	-0.002735207	0.000087929	-0.000721676	-0.000069952
5.926000000	-0.032525766	0.554053907	0.460177219	-0.038302085	-1.014560171	-3.121362267	0.000059027	0.003393564	-0.002683759	0.000086389	-0.000708090	-0.000068696
5.927000000	-0.032525706	0.554057268	0.460174561	-0.038301997	-1.014560872	-3.121362336	0.000057999	0.003329069	-0.002632762	0.000084857	-0.000694623	-0.000067448
5.928000000	-0.032525647	0.554060565	0.460171954	-0.038301911	-1.014561560	-3.121362403	0.000056975	0.003265145	-0.002582216	0.000083334	-0.000681276	-0.000066208
5.929000000	-0.032525589	0.554063798	0.460169396	-0.038301827	-1.014562234	-3.121362470	0.000055957	0.003201794	-0.002532122	0.000081819	-0.000668049	-0.000064977
5.930000000	-0.032525533	0.554066968	0.460166889	-0.038301745	-1.014562895	-3.121362535	0.000054943	0.003139016	-0.002482481	0.000080313	-0.000654942	-0.000063755
5.931000000	-0.032525477	0.554070076	0.460164431	-0.038301664	-1.014563544	-3.121362599	0.000053934	0.003076814	-0.002433295	0.000078815	-0.000641956	-0.000062541
5.932000000	-0.032525423	0.554073122	0.460162022	-0.038301585	-1.014564179	-3.121362661	0.000052931	0.003015189	-0.002384565	0.000077327	-0.000629091	-0.000061336
5.933000000	-0.032525370	0.554076107	0.460159662	-0.038301507	-1.014564802	-3.121362723	0.000051933	0.002954141	-0.002336291	0.000075848	-0.000616346	-0.000060139
5.934000000	-0.032525317	0.554079030	0.460157350	-0.038301431	-1.014565412	-3.121362783	0.000050941	0.002893673	-0.002288476	0.000074379	-0.000603723	-0.000058952
5.935000000	-0.032525266	0.554081894	0.460155085	-0.038301356	-1.014566009	-3.121362841	0.000049955	0.002833786	-0.002241119	0.000072920	-0.000591222	-0.000057774
5.936000000	-0.032525216	0.554084698	0.460152867	-0.038301283	-1.014566594	-3.121362899	0.000048975	0.002774482	-0.002194223	0.000071470	-0.000578842	-0.000056605
5.937000000	-0.032525167	0.554087443	0.460150696	-0.038301212	-1.014567167	-3.121362955	0.000048001	0.002715761	-0.002147789	0.000070031	-0.000566585	-0.000055446
5.938000000	-0.032525119	0.554090130	0.460148571	-0.038301142	-1.014567727	-3.121363011	0.000047033	0.002657626	-0.002101816	0.000068602	-0.000554450	-0.000054296
5.939000000	-0.032525072	0.554092759	0.460146492	-0.038301074	-1.014568276	-3.121363065	0.000046072	0.002600077	-0.002056308	0.000067184	-0.000542439	-0.000053155
5.940000000	-0.032525026	0.554095330	0.460144459	-0.038301007	-1.014568812	-3.121363117	0.000045117	0.002543116	-0.002011264	0.000065777	-0.000530550	-0.000052025
5.941000000	-0.032524981	0.554097845	0.460142470	-0.038300941	-1.014569337	-3.121363169	0.000044170	0.002486745	-0.001966686	0.000064380	-0.000518784	-0.000050904
5.942000000	-0.032524937	0.554100304	0.460140525	-0.038300877	-1.014569849	-3.121363220	0.000043229	0.002430965	-0.001922575	0.000062995	-0.000507142	-0.000049793
5.943000000	-0.032524894	0.554102707	0.460138624	-0.038300815	-1.014570351	-3.121363269	0.000042296	0.002375777	-0.001878933	0.000061621	-0.000495624	-0.000048692
5.944000000	-0.032524852	0.554105055	0.460136767	-0.038300754	-1.014570841	-3.121363317	0.000041369	0.002321182	-0.001835759	0.000060259	-0.000484230	-0.000047601
5.945000000	-0.032524811	0.554107350	0.460134953	-0.038300694	-1.014571319	-3.121363364	0.000040451	0.002267183	-0.001793056	0.000058908	-0.000472961	-0.000046521
5.946000000	-0.032524771	0.554109590	0.460133181	-0.038300636	-1.014571787	-3.121363410	0.000039539	0.002213780	-0.001750825	0.000057569	-0.000461816	-0.000045451
5.947000000	-0.032524732	0.554111777	0.460131451	-0.038300579	-1.014572243	-3.121363455	0.000038636	0.002160976	-0.001709066	0.000056243	-0.000450797	-0.000044391
5.948000000	-0.032524694	0.554113912	0.460129762	-0.038300523	-1.014572688	-3.121363499	0.000037740	0.002108771	-0.001667781	0.000054928	-0.000439903	-0.000043342
5.949000000	-0.032524657	0.554115995	0.460128115	-0.038300469	-1.014573123	-3.121363542	0.000036853	0.002057166	-0.001626971	0.000053626	-0.000429134	-0.000042303
5.950000000	-0.032524620	0.554118027	0.460126508	-0.038300416	-1.014573547	-3.121363584	0.000035973	0.002006164	-0.001586637	0.000052337	-0.000418491	-0.000041276
5.951000000	-0.032524585	0.554120008	0.460124942	-0.038300365	-1.014573960	-3.121363624	0.000035102	0.001955765	-0.001546781	0.000051060	-0.000407975	-0.000040259
5.952000000	-0.032524550	0.554121938	0.460123415	-0.038300315	-1.014574363	-3.121363664	0.000034239	0.001905972	-0.001507402	0.000049796	-0.000397585	-0.000039253
5.953000000	-0.032524517	0.554123820	0.460121927	-0.038300266	-1.014574755	-3.121363703	0.000033385	0.001856785	-0.001468504	0.000048546	-0.000387321	-0.000038258
5.954000000	-0.032524484	0.554125652	0.460120478	-0.038300218	-1.014575137	-3.121363740	0.000032539	0.001808206	-0.001430085	0.000047308	-0.000377185	-0.000037274
5.955000000	-0.032524452	0.554127436	0.460119066	-0.038300172	-1.014575510	-3.121363777	0.000031702	0.001760236	-0.001392149	0.000046084	-0.000367176	-0.000036301
5.956000000	-0.032524421	0.554129173	0.460117693	-0.038300126	-1.014575872	-3.121363812	0.000030874	0.001712877	-0.001354695	0.000044874	-0.000357295	-0.000035340
5.957000000	-0.032524391	0.554130862	0.460116357	-0.038300082	-1.014576224	-3.121363847	0.000030055	0.001666131	-0.001317726	0.000043677	-0.000347541	-0.000034390
5.958000000	-0.032524362	0.554132505	0.460115057	-0.038300040	-1.014576567	-3.121363881	0.000029245	0.001619998	-0.001281241	0.000042494	-0.000337916	-0.000033452
5.959000000	-0.032524333	0.554134103	0.460113794	-0.038299998	-1.014576900	-3.121363914	0.000028445	0.001574480	-0.001245243	0.000041324	-0.000328419	-0.000032525
5.960000000	-0.032524305	0.554135655	0.460112567	-0.038299958	-1.014577224	-3.121363946	0.000027653	0.001529578	-0.001209733	0.000040169	-0.000319051	-0.000031609
5.961000000	-0.032524278	0.554137162	0.460111375	-0.038299919	-1.014577538	-3.121363977	0.000026872	0.001485294	-0.001174710	0.000039028	-0.000309812	-0.000030706
5.962000000	-0.032524252	0.554138626	0.460110217	-0.038299880	-1.014577844	-3.121364007	0.000026099	0.001441630	-0.001140178	0.000037902	-0.000300703	-0.000029814
5.963000000	-0.032524227	0.554140046	0.460109094	-0.038299844	-1.014578140	-3.121364036	0.000025337	0.001398586	-0.001106136	0.000036790	-0.000291723	-0.000028934
5.964000000	-0.032524202	0.554141423	0.460108005	-0.038299808	-1.014578427	-3.121364064	0.000024584	0.001356164	-0.001072586	0.000035692	-0.000282873	-0.000028066
5.965000000	-0.032524178	0.554142758	0.460106949	-0.038299773	-1.014578706	-3.121364091	0.000023841	0.001314366	-0.001039529	0.000034609	-0.000274153	-0.000027210
5.966000000	-0.032524155	0.554144052	0.460105926	-0.038299739	-1.014578976	-3.121364118	0.000023108	0.001273193	-0.001006967	0.000033541	-0.000265564	-0.000026366
5.967000000	-0.032524133	0.554145305	0.460104935	-0.038299707	-1.014579237	-3.121364144	0.000022385	0.001232646	-0.000974899	0.000032488	-0.000257105	-0.000025535
5.968000000	-0.032524111	0.554146517	0.460103976	-0.038299675	-1.014579490	-3.121364169	0.000021672	0.001192727	-0.000943329	0.000031451	-0.000248778	-0.000024715
5.969000000	-0.032524090	0.554147691	0.460103048	-0.038299645	-1.014579735	-3.121364193	0.000020970	0.001153438	-0.000912255	0.000030428	-0.000240581	-0.000023908
5.970000000	-0.032524070	0.554148825	0.460102151	-0.038299615	-1.014579971	-3.121364216	0.000020277	0.001114779	-0.000881681	0.000029420	-0.000232517	-0.000023113
5.971000000	-0.032524050	0.554149920	0.460101284	-0.038299587	-1.014580200	-3.121364239	0.000019596	0.001076752	-0.000851606	0.000028429	-0.000224584	-0.000022331
5.972000000	-0.032524032	0.554150978	0.460100448	-0.038299559	-1.014580421	-3.121364260	0.000018924	0.001039358	-0.000822032	0.000027452	-0.000216784	-0.000021561
5.973000000	-0.032524013	0.554151999	0.460099640	-0.038299533	-1.014580634	-3.121364281	0.000018264	0.001002600	-0.000792960	0.000026491	-0.000209116	-0.000020804
5.974000000	-0.032523996	0.554152984	0.460098862	-0.038299507	-1.014580839	-3.121364301	0.000017614	0.000966478	-0.000764392	0.000025546	-0.000201581	-0.000020059
5.975000000	-0.032523979	0.554153933	0.460098111	-0.038299482	-1.014581037	-3.121364321	0.000016974	0.000930993	-0.000736328	0.000024617	-0.000194180	-0.000019327
5.976000000	-0.032523962	0.554154846	0.460097389	-0.038299458	-1.014581228	-3.121364340	0.000016346	0.000896148	-0.000708769	0.000023704	-0.000186911	-0.000018608
5.977000000	-0.032523947	0.554155725	0.460096694	-0.038299436	-1.014581411	-3.121364358	0.000015728	0.000861944	-0.000681717	0.000022806	-0.000179776	-0.000017902
5.978000000	-0.032523932	0.554156570	0.460096025	-0.038299414	-1.014581587	-3.121364375	0.000015122	0.000828381	-0.000655173	0.000021925	-0.000172776	-0.000017208
5.979000000	-0.032523917	0.554157382	0.460095383	-0.038299392	-1.014581757	-3.121364392	0.000014526	0.000795462	-0.000629137	0.000021060	-0.000165909	-0.000016528
5.980000000	-0.032523903	0.554158161	0.460094767	-0.038299372	-1.014581919	-3.121364408	0.000013942	0.000763188	-0.000603612	0.000020212	-0.000159177	-0.000015860
5.981000000	-0.032523890	0.554158909	0.460094176	-0.038299353	-1.014582075	-3.121364423	0.000013369	0.000731560	-0.000578598	0.000019379	-0.000152580	-0.000015206
5.982000000	-0.032523877	0.554159625	0.460093609	-0.038299334	-1.014582224	-3.121364438	0.000012807	0.000700580	-0.000554096	0.000018564	-0.000146118	-0.000014565
5.983000000	-0.032523865	0.554160310	0.460093067	-0.038299316	-1.014582367	-3.121364452	0.000012256	0.000670250	-0.000530107	0.000017765	-0.000139792	-0.000013936
5.984000000	-0.032523853	0.554160966	0.460092549	-0.038299299	-1.014582504	-3.121364465	0.000011717	0.000640569	-0.000506633	0.000016982	-0.000133601	-0.000013321
5.985000000	-0.032523842	0.554161592	0.460092054	-0.038299283	-1.014582635	-3.121364478	0.000011189	0.000611541	-0.000483674	0.000016216	-0.000127547	-0.000012720
5.986000000	-0.032523831	0.554162189	0.460091582	-0.038299267	-1.014582759	-3.121364490	0.000010673	0.000583166	-0.000461233	0.000015467	-0.000121628	-0.000012131
5.987000000	-0.032523821	0.554162758	0.460091131	-0.038299253	-1.014582878	-3.121364502	0.000010168	0.000555446	-0.000439309	0.000014735	-0.000115847	-0.000011556
5.988000000	-0.032523811	0.554163300	0.460090703	-0.038299239	-1.014582991	-3.121364513	0.000009675	0.000528383	-0.000417904	0.000014020	-0.000110202	-0.000010995
5.989000000	-0.032523802	0.554163815	0.460090295	-0.038299225	-1.014583099	-3.121364524	0.000009194	0.000501977	-0.000397019	0.000013322	-0.000104694	-0.000010447
5.990000000	-0.032523793	0.554164304	0.460089909	-0.038299212	-1.014583201	-3.121364534	0.000008724	0.000476230	-0.000376656	0.000012641	-0.000099324	-0.000009912
5.991000000	-0.032523785	0.554164768	0.460089542	-0.038299200	-1.014583297	-3.121364543	0.000008266	0.000451144	-0.000356815	0.000011977	-0.000094092	-0.000009391
5.992000000	-0.032523777	0.554165207	0.460089195	-0.038299189	-1.014583389	-3.121364552	0.000007820	0.000426719	-0.000337498	0.000011331	-0.000088998	-0.000008884
5.993000000	-0.032523770	0.554165622	0.460088867	-0.038299178	-1.014583475	-3.121364561	0.000007386	0.000402959	-0.000318705	0.000010701	-0.000084042	-0.000008390
5.994000000	-0.032523763	0.554166013	0.460088557	-0.038299168	-1.014583557	-3.121364569	0.000006964	0.000379863	-0.000300438	0.000010089	-0.000079225	-0.000007910
5.995000000	-0.032523756	0.554166382	0.460088266	-0.038299158	-1.014583634	-3.121364577	0.000006554	0.000357433	-0.000282699	0.000009495	-0.000074547	-0.000007443
5.996000000	-0.032523750	0.554166728	0.460087992	-0.038299149	-1.014583706	-3.121364584	0.000006156	0.000335671	-0.000265487	0.000008918	-0.000070008	-0.000006991
5.997000000	-0.032523744	0.554167053	0.460087735	-0.038299141	-1.014583774	-3.121364590	0.000005770	0.000314578	-0.000248804	0.000008359	-0.000065609	-0.000006552
5.998000000	-0.032523739	0.554167357	0.460087494	-0.038299133	-1.014583837	-3.121364597	0.000005396	0.000294155	-0.000232652	0.000007817	-0.000061349	-0.000006127
5.999000000	-0.032523734	0.554167642	0.460087269	-0.038299126	-1.014583897	-3.121364602	0.000005035	0.000274405	-0.000217031	0.000007293	-0.000057230	-0.000005716
6.000000000	-0.032523729	0.554167906	0.460087060	-0.038299119	-1.014583952	-3.121364608	0.000004685	0.000255328	-0.000201943	0.000006786	-0.000053251	-0.000005319
6.001000000	-0.032523725	0.554168153	0.460086865	-0.038299112	-1.014584003	-3.121364613	0.000004348	0.000236926	-0.000187388	0.000006298	-0.000049413	-0.000004936
6.002000000	-0.032523721	0.554168381	0.460086685	-0.038299106	-1.014584051	-3.121364618	0.000004023	0.000219200	-0.000173368	0.000005827	-0.000045716	-0.000004567
6.003000000	-0.032523717	0.554168591	0.460086518	-0.038299101	-1.014584095	-3.121364622	0.000003711	0.000202151	-0.000159885	0.000005374	-0.000042161	-0.000004212
6.004000000	-0.032523713	0.554168785	0.460086365	-0.038299096	-1.014584135	-3.121364626	0.000003410	0.000185782	-0.000146938	0.000004940	-0.000038747	-0.000003871
6.005000000	-0.032523710	0.554168963	0.460086224	-0.038299091	-1.014584172	-3.121364630	0.000003123	0.000170093	-0.000134530	0.000004523	-0.000035475	-0.000003544
6.006000000	-0.032523707	0.554169126	0.460086096	-0.038299087	-1.014584206	-3.121364633	0.000002847	0.000155087	-0.000122660	0.000004124	-0.000032345	-0.000003232
6.007000000	-0.032523705	0.554169273	0.460085979	-0.038299083	-1.014584237	-3.121364636	0.000002585	0.000140763	-0.000111332	0.000003743	-0.000029358	-0.000002933
6.008000000	-0.032523702	0.554169407	0.460085873	-0.038299080	-1.014584265	-3.121364639	0.000002334	0.000127125	-0.000100545	0.000003381	-0.000026513	-0.000002649
6.009000000	-0.032523700	0.554169528	0.460085777	-0.038299076	-1.014584290	-3.121364641	0.000002097	0.000114172	-0.000090301	0.000003036	-0.000023812	-0.000002379
6.010000000	-0.032523698	0.554169636	0.460085692	-0.038299074	-1.014584313	-3.121364643	0.000001871	0.000101908	-0.000080600	0.000002710	-0.000021254	-0.000002124
6.011000000	-0.032523696	0.554169732	0.460085616	-0.038299071	-1.014584333	-3.121364645	0.000001659	0.000090332	-0.000071445	0.000002403	-0.000018840	-0.000001883
6.012000000	-0.032523695	0.554169817	0.460085549	-0.038299069	-1.014584351	-3.121364647	0.000001459	0.000079447	-0.000062836	0.000002113	-0.000016569	-0.000001656
6.013000000	-0.032523694	0.554169891	0.460085490	-0.038299067	-1.014584366	-3.121364649	0.000001272	0.000069254	-0.000054774	0.000001842	-0.000014443	-0.000001443
6.014000000	-0.032523692	0.554169956	0.460085439	-0.038299065	-1.014584379	-3.121364650	0.000001097	0.000059754	-0.000047260	0.000001589	-0.000012462	-0.000001245
6.015000000	-0.032523691	0.554170011	0.460085395	-0.038299064	-1.014584391	-3.121364651	0.000000936	0.000050949	-0.000040296	0.000001355	-0.000010626	-0.000001062
6.016000000	-0.032523691	0.554170058	0.460085358	-0.038299063	-1.014584401	-3.121364652	0.000000787	0.000042840	-0.000033883	0.000001140	-0.000008935	-0.000000893
6.017000000	-0.032523690	0.554170097	0.460085327	-0.038299062	-1.014584409	-3.121364653	0.000000651	0.000035429	-0.000028021	0.000000942	-0.000007389	-0.000000738
6.018000000	-0.032523689	0.554170129	0.460085302	-0.038299061	-1.014584416	-3.121364654	0.000000527	0.000028716	-0.000022712	0.000000764	-0.000005989	-0.000000599
6.019000000	-0.032523689	0.554170154	0.460085282	-0.038299060	-1.014584421	-3.121364654	0.000000417	0.000022705	-0.000017958	0.000000604	-0.000004735	-0.000000473
6.020000000	-0.032523688	0.554170174	0.460085266	-0.038299060	-1.014584425	-3.121364654	0.000000320	0.000017395	-0.000013758	0.000000463	-0.000003628	-0.000000363
6.021000000	-0.032523688	0.554170189	0.460085254	-0.038299059	-1.014584428	-3.121364655	0.000000235	0.000012789	-0.000010115	0.000000340	-0.000002667	-0.000000267
6.022000000	-0.032523688	0.554170200	0.460085246	-0.038299059	-1.014584431	-3.121364655	0.000000163	0.000008887	-0.000007029	0.000000236	-0.000001853	-0.000000185
6.023000000	-0.032523688	0.554170207	0.460085240	-0.038299059	-1.014584432	-3.121364655	0.000000105	0.000005691	-0.000004501	0.000000151	-0.000001187	-0.000000119
6.024000000	-0.032523688	0.554170212	0.460085236	-0.038299059	-1.014584433	-3.121364655	0.000000059	0.000003204	-0.000002534	0.000000085	-0.000000668	-0.000000067
6.025000000	-0.032523688	0.554170214	0.460085235	-0.038299059	-1.014584433	-3.121364655	0.000000026	0.000001425	-0.000001127	0.000000038	-0.000000297	-0.000000030
6.026000000	-0.032523688	0.554170215	0.460085234	-0.038299059	-1.014584434	-3.121364655	0.000000007	0.000000356	-0.000000282	0.000000009	-0.000000074	-0.000000007
6.027000000	-0.032523688	0.554170215	0.460085234	-0.038299059	-1.014584434	-3.121364655	0.000000000	0.000000000	0.000000000	0.000000000	0.000000000	0.000000000
