time_s	q1_rad	q2_rad	q3_rad	q4_rad	q5_rad	q6_rad	dq1_rad_s	dq2_rad_s	dq3_rad_s	dq4_rad_s	dq5_rad_s	dq6_rad_s
0.000000000	-0.032523687	0.554170217	0.460085226	-0.038299059	-1.014584428	-3.121364655	0.004366762	0.237731187	-0.187987502	0.006325637	-0.049618963	-0.004958293
0.001000000	-0.032519084	0.554407930	0.459897221	-0.038292456	-1.014634006	-3.121369758	0.004839860	0.237695859	-0.188022962	0.006879896	-0.049538642	-0.005247459
0.002000000	-0.032514008	0.554645609	0.459709180	-0.038285299	-1.014683505	-3.121375150	0.005312799	0.237660611	-0.188045815	0.007434484	-0.049471034	-0.005537484
0.003000000	-0.032508458	0.554883252	0.459521129	-0.038277587	-1.014732949	-3.121380833	0.005785467	0.237624712	-0.188055475	0.007989240	-0.049416000	-0.005828242
0.004000000	-0.032502437	0.555120858	0.459333069	-0.038269320	-1.014782337	-3.121386806	0.006257909	0.237587352	-0.188063965	0.008543673	-0.049360687	-0.006118750
0.005000000	-0.032495943	0.555358426	0.459145001	-0.038260500	-1.014831670	-3.121393070	0.006730122	0.237548530	-0.188071286	0.009097780	-0.049305097	-0.006409009
0.006000000	-0.032488976	0.555595955	0.458956927	-0.038251125	-1.014880947	-3.121399624	0.007202104	0.237508249	-0.188077436	0.009651559	-0.049249231	-0.006699016
0.007000000	-0.032481538	0.555833443	0.458768847	-0.038241196	-1.014930168	-3.121406468	0.007673852	0.237466509	-0.188082417	0.010205005	-0.049193090	-0.006988770
0.008000000	-0.032473629	0.556070888	0.458580762	-0.038230715	-1.014979333	-3.121413602	0.008145362	0.237423311	-0.188086229	0.010758116	-0.049136675	-0.007278269
0.009000000	-0.032465248	0.556308289	0.458392674	-0.038219680	-1.015028442	-3.121421025	0.008616633	0.237378657	-0.188088872	0.011310889	-0.049079989	-0.007567512
0.010000000	-0.032456395	0.556545645	0.458204584	-0.038208093	-1.015077493	-3.121428737	0.009087661	0.237332548	-0.188090346	0.011863321	-0.049023031	-0.007856498
0.011000000	-0.032447072	0.556782954	0.458016493	-0.038195954	-1.015126488	-3.121436738	0.009558445	0.237284984	-0.188090651	0.012415409	-0.048965804	-0.008145226
0.012000000	-0.032437279	0.557020215	0.457828403	-0.038183262	-1.015175425	-3.121445027	0.010028980	0.237235968	-0.188089789	0.012967149	-0.048908308	-0.008433694
0.013000000	-0.032427014	0.557257426	0.457640314	-0.038170019	-1.015224304	-3.121453605	0.010499265	0.237185500	-0.188087759	0.013518540	-0.048850546	-0.008721900
0.014000000	-0.032416280	0.557494586	0.457452227	-0.038156225	-1.015273126	-3.121462471	0.010969296	0.237133581	-0.188084561	0.014069577	-0.048792518	-0.009009844
0.015000000	-0.032405076	0.557731694	0.457264145	-0.038141880	-1.015321889	-3.121471625	0.011439071	0.237080213	-0.188080196	0.014620259	-0.048734226	-0.009297524
0.016000000	-0.032393402	0.557968747	0.457076067	-0.038126985	-1.015370594	-3.121481066	0.011908587	0.237025396	-0.188074663	0.015170581	-0.048675672	-0.009584939
0.017000000	-0.032381259	0.558205744	0.456887995	-0.038111539	-1.015419241	-3.121490795	0.012377842	0.236969132	-0.188067964	0.015720541	-0.048616855	-0.009872087
0.018000000	-0.032368646	0.558442685	0.456699931	-0.038095543	-1.015467828	-3.121500810	0.012846833	0.236911423	-0.188060099	0.016270136	-0.048557778	-0.010158967
0.019000000	-0.032355565	0.558679567	0.456511875	-0.038078999	-1.015516356	-3.121511113	0.013315557	0.236852269	-0.188051068	0.016819364	-0.048498443	-0.010445578
0.020000000	-0.032342015	0.558916390	0.456323829	-0.038061905	-1.015564825	-3.121521701	0.013784012	0.236791671	-0.188040871	0.017368220	-0.048438850	-0.010731919
0.021000000	-0.032327997	0.559153151	0.456135793	-0.038044262	-1.015613234	-3.121532576	0.014252194	0.236729631	-0.188029509	0.017916702	-0.048379000	-0.011017988
0.022000000	-0.032313511	0.559389849	0.455947770	-0.038026071	-1.015661583	-3.121543737	0.014720101	0.236666150	-0.188016981	0.018464808	-0.048318896	-0.011303784
0.023000000	-0.032298557	0.559626483	0.455759760	-0.038007333	-1.015709872	-3.121555184	0.015187731	0.236601230	-0.188003289	0.019012534	-0.048258538	-0.011589305
0.024000000	-0.032283135	0.559863051	0.455571763	-0.037988046	-1.015758100	-3.121566916	0.015655081	0.236534871	-0.187988432	0.019559877	-0.048197928	-0.011874551
0.025000000	-0.032267247	0.560099553	0.455383783	-0.037968213	-1.015806268	-3.121578933	0.016122148	0.236467074	-0.187972412	0.020106835	-0.048137067	-0.012159520
0.026000000	-0.032250891	0.560335985	0.455195819	-0.037947833	-1.015854374	-3.121591235	0.016588929	0.236397841	-0.187955228	0.020653404	-0.048075956	-0.012444211
0.027000000	-0.032234069	0.560572348	0.455007872	-0.037926906	-1.015902420	-3.121603821	0.017055423	0.236327174	-0.187936880	0.021199583	-0.048014597	-0.012728623
0.028000000	-0.032216780	0.560808640	0.454819945	-0.037905433	-1.015950403	-3.121616692	0.017521625	0.236255074	-0.187917371	0.021745366	-0.047952990	-0.013012754
0.029000000	-0.032199025	0.561044858	0.454632037	-0.037883415	-1.015998326	-3.121629847	0.017987535	0.236181541	-0.187896698	0.022290754	-0.047891139	-0.013296603
0.030000000	-0.032180805	0.561281003	0.454444151	-0.037860852	-1.016046186	-3.121643285	0.018453148	0.236106577	-0.187874863	0.022835741	-0.047829042	-0.013580169
0.031000000	-0.032162119	0.561517072	0.454256288	-0.037837744	-1.016093984	-3.121657007	0.018918463	0.236030184	-0.187851867	0.023380325	-0.047766703	-0.013863450
0.032000000	-0.032142968	0.561753063	0.454068448	-0.037814091	-1.016141719	-3.121671012	0.019383477	0.235952362	-0.187827710	0.023924504	-0.047704122	-0.014146446
0.033000000	-0.032123352	0.561988976	0.453880632	-0.037789895	-1.016189392	-3.121685300	0.019848187	0.235873114	-0.187802391	0.024468274	-0.047641300	-0.014429155
0.034000000	-0.032103272	0.562224809	0.453692843	-0.037765155	-1.016237002	-3.121699871	0.020312590	0.235792439	-0.187775912	0.025011633	-0.047578239	-0.014711577
0.035000000	-0.032082727	0.562460561	0.453505080	-0.037739872	-1.016284548	-3.121714723	0.020776685	0.235710340	-0.187748274	0.025554578	-0.047514941	-0.014993708
0.036000000	-0.032061718	0.562696230	0.453317346	-0.037714046	-1.016332032	-3.121729858	0.021240468	0.235626819	-0.187719476	0.026097106	-0.047451406	-0.015275550
0.037000000	-0.032040246	0.562931815	0.453129642	-0.037687677	-1.016379451	-3.121745274	0.021703937	0.235541875	-0.187689518	0.026639214	-0.047387636	-0.015557100
0.038000000	-0.032018311	0.563167314	0.452941967	-0.037660767	-1.016426807	-3.121760972	0.022167089	0.235455511	-0.187658402	0.027180900	-0.047323632	-0.015838357
0.039000000	-0.031995912	0.563402726	0.452754325	-0.037633316	-1.016474098	-3.121776951	0.022629922	0.235367728	-0.187626128	0.027722160	-0.047259395	-0.016119320
0.040000000	-0.031973051	0.563638049	0.452566715	-0.037605323	-1.016521326	-3.121793211	0.023092433	0.235278528	-0.187592696	0.028262993	-0.047194927	-0.016399987
0.041000000	-0.031949727	0.563873283	0.452379139	-0.037576790	-1.016568488	-3.121809751	0.023554620	0.235187911	-0.187558107	0.028803394	-0.047130229	-0.016680359
0.042000000	-0.031925941	0.564108425	0.452191599	-0.037547716	-1.016615586	-3.121826572	0.024016480	0.235095879	-0.187522361	0.029343362	-0.047065302	-0.016960433
0.043000000	-0.031901694	0.564343475	0.452004095	-0.037518103	-1.016662619	-3.121843672	0.024478011	0.235002434	-0.187485459	0.029882894	-0.047000148	-0.017240208
0.044000000	-0.031876985	0.564578430	0.451816628	-0.037487950	-1.016709586	-3.121861052	0.024939210	0.234907576	-0.187447401	0.030421986	-0.046934767	-0.017519683
0.045000000	-0.031851816	0.564813290	0.451629200	-0.037457259	-1.016756488	-3.121878711	0.025400074	0.234811308	-0.187408188	0.030960637	-0.046869162	-0.017798857
0.046000000	-0.031826185	0.565048053	0.451441812	-0.037426029	-1.016803325	-3.121896650	0.025860601	0.234713630	-0.187367820	0.031498843	-0.046803334	-0.018077729
0.047000000	-0.031800094	0.565282717	0.451254464	-0.037394261	-1.016850095	-3.121914867	0.026320789	0.234614544	-0.187326297	0.032036601	-0.046737283	-0.018356298
0.048000000	-0.031773544	0.565517282	0.451067159	-0.037361956	-1.016896799	-3.121933362	0.026780634	0.234514052	-0.187283621	0.032573910	-0.046671011	-0.018634562
0.049000000	-0.031746533	0.565751745	0.450879897	-0.037329113	-1.016943437	-3.121952136	0.027240136	0.234412154	-0.187239792	0.033110766	-0.046604520	-0.018912521
0.050000000	-0.031719063	0.565986106	0.450692679	-0.037295734	-1.016990008	-3.121971187	0.027699290	0.234308853	-0.187194810	0.033647166	-0.046537810	-0.019190173
0.051000000	-0.031691135	0.566220363	0.450505507	-0.037261819	-1.017036513	-3.121990516	0.028158094	0.234204150	-0.187148676	0.034183108	-0.046470883	-0.019467517
0.052000000	-0.031662747	0.566454514	0.450318382	-0.037227368	-1.017082950	-3.122010122	0.028616547	0.234098045	-0.187101390	0.034718589	-0.046403740	-0.019744552
0.053000000	-0.031633902	0.566688559	0.450131305	-0.037192382	-1.017129320	-3.122030005	0.029074645	0.233990541	-0.187052953	0.035253607	-0.046336383	-0.020021277
0.054000000	-0.031604598	0.566922495	0.449944276	-0.037156861	-1.017175623	-3.122050165	0.029532386	0.233881639	-0.187003365	0.035788159	-0.046268813	-0.020297691
0.055000000	-0.031574837	0.567156322	0.449757298	-0.037120805	-1.017221858	-3.122070601	0.029989768	0.233771340	-0.186952628	0.036322241	-0.046201030	-0.020573793
0.056000000	-0.031544618	0.567390038	0.449570371	-0.037084216	-1.017268025	-3.122091313	0.030446788	0.233659647	-0.186900740	0.036855853	-0.046133037	-0.020849581
0.057000000	-0.031513943	0.567623642	0.449383496	-0.037047094	-1.017314124	-3.122112300	0.030903443	0.233546559	-0.186847704	0.037388990	-0.046064835	-0.021125055
0.058000000	-0.031482812	0.567857131	0.449196675	-0.037009438	-1.017360155	-3.122133563	0.031359732	0.233432080	-0.186793520	0.037921650	-0.045996424	-0.021400213
0.059000000	-0.031451224	0.568090506	0.449009909	-0.036971250	-1.017406117	-3.122155100	0.031815652	0.233316209	-0.186738189	0.038453831	-0.045927807	-0.021675055
0.060000000	-0.031419180	0.568323764	0.448823199	-0.036932531	-1.017452010	-3.122176913	0.032271200	0.233198950	-0.186681710	0.038985529	-0.045858984	-0.021949578
0.061000000	-0.031386681	0.568556904	0.448636546	-0.036893279	-1.017497835	-3.122199000	0.032726374	0.233080303	-0.186624084	0.039516743	-0.045789957	-0.022223784
0.062000000	-0.031353727	0.568789924	0.448449951	-0.036853497	-1.017543590	-3.122221360	0.033181171	0.232960269	-0.186565313	0.040047471	-0.045720727	-0.022497669
0.063000000	-0.031320319	0.569022824	0.448263415	-0.036813184	-1.017589276	-3.122243995	0.033635590	0.232838851	-0.186505396	0.040577707	-0.045651294	-0.022771234
0.064000000	-0.031286456	0.569255602	0.448076940	-0.036772342	-1.017634893	-3.122266903	0.034089627	0.232716050	-0.186444335	0.041107452	-0.045581662	-0.023044476
0.065000000	-0.031252140	0.569488256	0.447890527	-0.036730970	-1.017680440	-3.122290084	0.034543280	0.232591867	-0.186382130	0.041636701	-0.045511830	-0.023317396
0.066000000	-0.031217370	0.569720786	0.447704176	-0.036689068	-1.017725916	-3.122313538	0.034996548	0.232466303	-0.186318781	0.042165453	-0.045441800	-0.023589991
0.067000000	-0.031182147	0.569953189	0.447517889	-0.036646639	-1.017771323	-3.122337264	0.035449427	0.232339361	-0.186254290	0.042693704	-0.045371573	-0.023862262
0.068000000	-0.031146471	0.570185464	0.447331667	-0.036603681	-1.017816660	-3.122361262	0.035901914	0.232211042	-0.186188657	0.043221453	-0.045301151	-0.024134206
0.069000000	-0.031110343	0.570417611	0.447145512	-0.036560196	-1.017861925	-3.122385532	0.036354009	0.232081348	-0.186121882	0.043748696	-0.045230535	-0.024405823
0.070000000	-0.031073763	0.570649627	0.446959423	-0.036516184	-1.017907121	-3.122410074	0.036805708	0.231950279	-0.186053966	0.044275432	-0.045159726	-0.024677112
0.071000000	-0.031036731	0.570881511	0.446773404	-0.036471645	-1.017952245	-3.122434886	0.037257009	0.231817837	-0.185984910	0.044801657	-0.045088725	-0.024948072
0.072000000	-0.030999249	0.571113263	0.446587454	-0.036426580	-1.017997298	-3.122459970	0.037707909	0.231684025	-0.185914715	0.045327369	-0.045017533	-0.025218702
0.073000000	-0.030961316	0.571344880	0.446401574	-0.036380990	-1.018042280	-3.122485324	0.038158407	0.231548844	-0.185843381	0.045852566	-0.044946152	-0.025489000
0.074000000	-0.030922932	0.571576360	0.446215767	-0.036334875	-1.018087190	-3.122510948	0.038608500	0.231412294	-0.185770908	0.046377245	-0.044874584	-0.025758967
0.075000000	-0.030884099	0.571807704	0.446030032	-0.036288236	-1.018132029	-3.122536842	0.039058185	0.231274378	-0.185697299	0.046901403	-0.044802828	-0.026028600
0.076000000	-0.030844816	0.572038909	0.445844372	-0.036241072	-1.018176796	-3.122563005	0.039507461	0.231135097	-0.185622552	0.047425038	-0.044730887	-0.026297899
0.077000000	-0.030805084	0.572269974	0.445658787	-0.036193386	-1.018221491	-3.122589438	0.039956324	0.230994454	-0.185546670	0.047948148	-0.044658762	-0.026566863
0.078000000	-0.030764903	0.572500898	0.445473279	-0.036145176	-1.018266114	-3.122616139	0.040404773	0.230852449	-0.185469652	0.048470730	-0.044586453	-0.026835490
0.079000000	-0.030724274	0.572731679	0.445287848	-0.036096444	-1.018310664	-3.122643109	0.040852805	0.230709084	-0.185391500	0.048992781	-0.044513963	-0.027103781
0.080000000	-0.030683197	0.572962316	0.445102496	-0.036047190	-1.018355141	-3.122670346	0.041300418	0.230564361	-0.185312213	0.049514299	-0.044441292	-0.027371733
0.081000000	-0.030641673	0.573192808	0.444917224	-0.035997416	-1.018399546	-3.122697852	0.041747610	0.230418281	-0.185231794	0.050035282	-0.044368442	-0.027639347
0.082000000	-0.030599702	0.573423153	0.444732032	-0.035947120	-1.018443878	-3.122725625	0.042194378	0.230270846	-0.185150242	0.050555728	-0.044295414	-0.027906620
0.083000000	-0.030557285	0.573653350	0.444546923	-0.035896304	-1.018488137	-3.122753665	0.042640720	0.230122057	-0.185067558	0.051075632	-0.044222209	-0.028173553
0.084000000	-0.030514421	0.573883397	0.444361897	-0.035844969	-1.018532323	-3.122781972	0.043086634	0.229971917	-0.184983744	0.051594994	-0.044148828	-0.028440143
0.085000000	-0.030471111	0.574113293	0.444176956	-0.035793114	-1.018576435	-3.122810546	0.043532117	0.229820426	-0.184898799	0.052113812	-0.044075272	-0.028706391
0.086000000	-0.030427356	0.574343038	0.443992100	-0.035740741	-1.018620473	-3.122839385	0.043977168	0.229667587	-0.184812724	0.052632081	-0.044001544	-0.028972294
0.087000000	-0.030383157	0.574572629	0.443807330	-0.035687850	-1.018664438	-3.122868490	0.044421783	0.229513401	-0.184725521	0.053149800	-0.043927643	-0.029237853
0.088000000	-0.030338513	0.574802065	0.443622649	-0.035634441	-1.018708329	-3.122897861	0.044865961	0.229357870	-0.184637191	0.053666967	-0.043853571	-0.029503067
0.089000000	-0.030293425	0.575031344	0.443438056	-0.035580516	-1.018752145	-3.122927496	0.045309699	0.229200995	-0.184547733	0.054183579	-0.043779330	-0.029767933
0.090000000	-0.030247894	0.575260467	0.443253553	-0.035526074	-1.018795887	-3.122957397	0.045752996	0.229042778	-0.184457148	0.054699634	-0.043704921	-0.030032453
0.091000000	-0.030201919	0.575489430	0.443069142	-0.035471117	-1.018839555	-3.122987561	0.046195848	0.228883220	-0.184365438	0.055215129	-0.043630344	-0.030296623
0.092000000	-0.030155502	0.575718233	0.442884822	-0.035415644	-1.018883148	-3.123017990	0.046638254	0.228722324	-0.184272604	0.055730062	-0.043555601	-0.030560444
0.093000000	-0.030108642	0.575946875	0.442700596	-0.035359657	-1.018926666	-3.123048682	0.047080212	0.228560091	-0.184178645	0.056244432	-0.043480693	-0.030823915
0.094000000	-0.030061341	0.576175353	0.442516465	-0.035303155	-1.018970109	-3.123079638	0.047521718	0.228396523	-0.184083563	0.056758234	-0.043405622	-0.031087035
0.095000000	-0.030013599	0.576403668	0.442332429	-0.035246140	-1.019013477	-3.123110856	0.047962771	0.228231621	-0.183987359	0.057271467	-0.043330388	-0.031349803
0.096000000	-0.029965416	0.576631816	0.442148490	-0.035188612	-1.019056770	-3.123142337	0.048403370	0.228065387	-0.183890033	0.057784128	-0.043254994	-0.031612217
0.097000000	-0.029916792	0.576859798	0.441964649	-0.035130572	-1.019099987	-3.123174081	0.048843510	0.227897823	-0.183791587	0.058296216	-0.043179439	-0.031874278
0.098000000	-0.029867729	0.577087612	0.441780907	-0.035072020	-1.019143129	-3.123206086	0.049283191	0.227728931	-0.183692020	0.058807728	-0.043103725	-0.032135984
0.099000000	-0.029818226	0.577315256	0.441597265	-0.035012956	-1.019186195	-3.123238353	0.049722411	0.227558711	-0.183591335	0.059318661	-0.043027853	-0.032397334
0.100000000	-0.029768284	0.577542730	0.441413724	-0.034953382	-1.019229185	-3.123270880	0.050161166	0.227387167	-0.183489531	0.059829014	-0.042951826	-0.032658328
0.101000000	-0.029717904	0.577770031	0.441230286	-0.034893298	-1.019272098	-3.123303669	0.050599454	0.227214298	-0.183386610	0.060338783	-0.042875642	-0.032918964
0.102000000	-0.029667085	0.577997158	0.441046951	-0.034832705	-1.019314936	-3.123336718	0.051037275	0.227040109	-0.183282572	0.060847967	-0.042799305	-0.033179242
0.103000000	-0.029615829	0.578224111	0.440863721	-0.034771602	-1.019357697	-3.123370028	0.051474624	0.226864599	-0.183177419	0.061356563	-0.042722815	-0.033439161
0.104000000	-0.029564136	0.578450887	0.440680596	-0.034709992	-1.019400382	-3.123403597	0.051911501	0.226687772	-0.183071151	0.061864570	-0.042646172	-0.033698720
0.105000000	-0.029512006	0.578677486	0.440497579	-0.034647873	-1.019442989	-3.123437425	0.052347903	0.226509627	-0.182963769	0.062371984	-0.042569380	-0.033957918
0.106000000	-0.029459440	0.578903907	0.440314669	-0.034585248	-1.019485520	-3.123471513	0.052783828	0.226330168	-0.182855275	0.062878803	-0.042492437	-0.034216754
0.107000000	-0.029406438	0.579130147	0.440131868	-0.034522116	-1.019527974	-3.123505859	0.053219273	0.226149397	-0.182745668	0.063385026	-0.042415347	-0.034475227
0.108000000	-0.029353002	0.579356205	0.439949177	-0.034458478	-1.019570351	-3.123540463	0.053654237	0.225967313	-0.182634949	0.063890649	-0.042338109	-0.034733337
0.109000000	-0.029299130	0.579582081	0.439766598	-0.034394334	-1.019612650	-3.123575325	0.054088718	0.225783920	-0.182523120	0.064395671	-0.042260726	-0.034991083
0.110000000	-0.029244824	0.579807773	0.439584131	-0.034329686	-1.019654872	-3.123610445	0.054522712	0.225599220	-0.182410182	0.064900090	-0.042183197	-0.035248464
0.111000000	-0.029190084	0.580033280	0.439401778	-0.034264534	-1.019697017	-3.123645822	0.054956220	0.225413214	-0.182296136	0.065403903	-0.042105525	-0.035505479
0.112000000	-0.029134912	0.580258600	0.439219539	-0.034198879	-1.019739084	-3.123681456	0.055389236	0.225225903	-0.182180981	0.065907107	-0.042027711	-0.035762127
0.113000000	-0.029079306	0.580483732	0.439037416	-0.034132720	-1.019781072	-3.123717346	0.055821761	0.225037290	-0.182064720	0.066409701	-0.041949755	-0.036018407
0.114000000	-0.029023268	0.580708674	0.438855410	-0.034066059	-1.019822983	-3.123753493	0.056253792	0.224847377	-0.181947353	0.066911683	-0.041871658	-0.036274320
0.115000000	-0.028966798	0.580933426	0.438673521	-0.033998897	-1.019864816	-3.123789895	0.056685327	0.224656164	-0.181828881	0.067413050	-0.041793423	-0.036529863
0.116000000	-0.028909897	0.581157987	0.438491752	-0.033931233	-1.019906570	-3.123826553	0.057116363	0.224463655	-0.181709306	0.067913800	-0.041715050	-0.036785036
0.117000000	-0.028852566	0.581382354	0.438310103	-0.033863069	-1.019948246	-3.123863465	0.057546898	0.224269851	-0.181588628	0.068413931	-0.041636540	-0.037039837
0.118000000	-0.028794804	0.581606526	0.438128575	-0.033794405	-1.019989843	-3.123900632	0.057976931	0.224074752	-0.181466847	0.068913440	-0.041557894	-0.037294268
0.119000000	-0.028736612	0.581830503	0.437947169	-0.033725242	-1.020031362	-3.123938054	0.058406460	0.223878362	-0.181343965	0.069412326	-0.041479114	-0.037548326
0.120000000	-0.028677991	0.582054283	0.437765887	-0.033655581	-1.020072801	-3.123975729	0.058835481	0.223680683	-0.181219983	0.069910586	-0.041400200	-0.037802011
0.121000000	-0.028618941	0.582277865	0.437584729	-0.033585421	-1.020114162	-3.124013658	0.059263994	0.223481715	-0.181094902	0.070408219	-0.041321154	-0.038055321
0.122000000	-0.028559463	0.582501246	0.437403697	-0.033514764	-1.020155444	-3.124051840	0.059691996	0.223281462	-0.180968723	0.070905221	-0.041241977	-0.038308257
0.123000000	-0.028499557	0.582724427	0.437222791	-0.033443611	-1.020196646	-3.124090274	0.060119485	0.223079924	-0.180841447	0.071401591	-0.041162670	-0.038560818
0.124000000	-0.028439224	0.582947406	0.437042014	-0.033371961	-1.020237769	-3.124128961	0.060546459	0.222877103	-0.180713074	0.071897327	-0.041083234	-0.038813002
0.125000000	-0.028378464	0.583170182	0.436861365	-0.033299816	-1.020278812	-3.124167900	0.060972916	0.222673002	-0.180583606	0.072392426	-0.041003670	-0.039064809
0.126000000	-0.028317278	0.583392752	0.436680847	-0.033227176	-1.020319776	-3.124207091	0.061398854	0.222467622	-0.180453044	0.072886886	-0.040923979	-0.039316238
0.127000000	-0.028255666	0.583615117	0.436500459	-0.033154042	-1.020360660	-3.124246533	0.061824271	0.222260965	-0.180321389	0.073380706	-0.040844163	-0.039567288
0.128000000	-0.028193629	0.583837274	0.436320204	-0.033080415	-1.020401465	-3.124286225	0.062249165	0.222053033	-0.180188641	0.073873883	-0.040764222	-0.039817959
0.129000000	-0.028131168	0.584059223	0.436140082	-0.033006294	-1.020442189	-3.124326169	0.062673534	0.221843827	-0.180054803	0.074366414	-0.040684158	-0.040068250
0.130000000	-0.028068282	0.584280962	0.435960094	-0.032931682	-1.020482833	-3.124366362	0.063097375	0.221633350	-0.179919874	0.074858299	-0.040603971	-0.040318159
0.131000000	-0.028004973	0.584502490	0.435780242	-0.032856578	-1.020523397	-3.124406805	0.063520688	0.221421604	-0.179783856	0.075349534	-0.040523664	-0.040567688
0.132000000	-0.027941241	0.584723805	0.435600527	-0.032780983	-1.020563880	-3.124447497	0.063943469	0.221208590	-0.179646750	0.075840118	-0.040443236	-0.040816833
0.133000000	-0.027877086	0.584944907	0.435420949	-0.032704898	-1.020604283	-3.124488439	0.064365717	0.220994310	-0.179508557	0.076330049	-0.040362689	-0.041065596
0.134000000	-0.027812510	0.585165794	0.435241509	-0.032628323	-1.020644606	-3.124529629	0.064787430	0.220778766	-0.179369277	0.076819324	-0.040282024	-0.041313974
0.135000000	-0.027747511	0.585386464	0.435062210	-0.032551259	-1.020684847	-3.124571067	0.065208605	0.220561960	-0.179228913	0.077307941	-0.040201242	-0.041561968
0.136000000	-0.027682092	0.585606918	0.434883052	-0.032473707	-1.020725008	-3.124612752	0.065629242	0.220343894	-0.179087465	0.077795899	-0.040120345	-0.041809577
0.137000000	-0.027616253	0.585827152	0.434704035	-0.032395667	-1.020765088	-3.124654686	0.066049337	0.220124570	-0.178944934	0.078283195	-0.040039333	-0.042056799
0.138000000	-0.027549994	0.586047167	0.434525162	-0.032317140	-1.020805087	-3.124696866	0.066468890	0.219903989	-0.178801321	0.078769827	-0.039958207	-0.042303635
0.139000000	-0.027483315	0.586266960	0.434346433	-0.032238127	-1.020845004	-3.124739293	0.066887897	0.219682154	-0.178656627	0.079255794	-0.039876969	-0.042550083
0.140000000	-0.027416218	0.586486531	0.434167849	-0.032158629	-1.020884841	-3.124781966	0.067306357	0.219459066	-0.178510854	0.079741093	-0.039795619	-0.042796143
0.141000000	-0.027348702	0.586705878	0.433989411	-0.032078645	-1.020924596	-3.124824885	0.067724268	0.219234728	-0.178364002	0.080225721	-0.039714158	-0.043041814
0.142000000	-0.027280769	0.586925001	0.433811121	-0.031998177	-1.020964269	-3.124868050	0.068141629	0.219009141	-0.178216073	0.080709678	-0.039632589	-0.043287095
0.143000000	-0.027212419	0.587143897	0.433632979	-0.031917226	-1.021003861	-3.124911459	0.068558436	0.218782307	-0.178067067	0.081192961	-0.039550911	-0.043531986
0.144000000	-0.027143652	0.587362565	0.433454986	-0.031835791	-1.021043371	-3.124955114	0.068974689	0.218554228	-0.177916986	0.081675568	-0.039469126	-0.043776486
0.145000000	-0.027074470	0.587581005	0.433277145	-0.031753875	-1.021082799	-3.124999012	0.069390385	0.218324906	-0.177765831	0.082157496	-0.039387234	-0.044020594
0.146000000	-0.027004872	0.587799215	0.433099455	-0.031671476	-1.021122145	-3.125043155	0.069805522	0.218094343	-0.177613602	0.082638745	-0.039305237	-0.044264309
0.147000000	-0.026934859	0.588017194	0.432921917	-0.031588597	-1.021161409	-3.125087541	0.070220099	0.217862541	-0.177460302	0.083119312	-0.039223137	-0.044507632
0.148000000	-0.026864431	0.588234940	0.432744534	-0.031505238	-1.021200592	-3.125132170	0.070634113	0.217629502	-0.177305931	0.083599194	-0.039140933	-0.044750560
0.149000000	-0.026793590	0.588452453	0.432567306	-0.031421399	-1.021239691	-3.125177042	0.071047563	0.217395228	-0.177150490	0.084078392	-0.039058627	-0.044993094
0.150000000	-0.026722336	0.588669730	0.432390233	-0.031337081	-1.021278709	-3.125222156	0.071460447	0.217159721	-0.176993980	0.084556900	-0.038976220	-0.045235233
0.151000000	-0.026650670	0.588886772	0.432213318	-0.031252285	-1.021317644	-3.125267513	0.071872762	0.216922982	-0.176836403	0.085034719	-0.038893714	-0.045476976
0.152000000	-0.026578591	0.589103576	0.432036560	-0.031167012	-1.021356496	-3.125313110	0.072284507	0.216685013	-0.176677760	0.085511846	-0.038811108	-0.045718322
0.153000000	-0.026506101	0.589320142	0.431859962	-0.031081261	-1.021395266	-3.125358949	0.072695681	0.216445818	-0.176518052	0.085988280	-0.038728404	-0.045959271
0.154000000	-0.026433199	0.589536468	0.431683524	-0.030995035	-1.021433953	-3.125405029	0.073106280	0.216205397	-0.176357279	0.086464017	-0.038645604	-0.046199823
0.155000000	-0.026359888	0.589752553	0.431507248	-0.030908333	-1.021472557	-3.125451349	0.073516304	0.215963752	-0.176195444	0.086939057	-0.038562707	-0.046439975
0.156000000	-0.026286167	0.589968396	0.431331133	-0.030821157	-1.021511078	-3.125497909	0.073925750	0.215720886	-0.176032547	0.087413397	-0.038479716	-0.046679729
0.157000000	-0.026212037	0.590183995	0.431155183	-0.030733507	-1.021549517	-3.125544708	0.074334617	0.215476801	-0.175868590	0.087887036	-0.038396631	-0.046919082
0.158000000	-0.026137498	0.590399349	0.430979396	-0.030645383	-1.021587872	-3.125591747	0.074742902	0.215231498	-0.175703573	0.088359971	-0.038313453	-0.047158036
0.159000000	-0.026062551	0.590614458	0.430803775	-0.030556787	-1.021626144	-3.125639024	0.075150604	0.214984980	-0.175537498	0.088832200	-0.038230183	-0.047396587
0.160000000	-0.025987196	0.590829319	0.430628321	-0.030467718	-1.021664332	-3.125686540	0.075557722	0.214737247	-0.175370366	0.089303723	-0.038146823	-0.047634738
0.161000000	-0.025911435	0.591043932	0.430453035	-0.030378179	-1.021702437	-3.125734294	0.075964252	0.214488304	-0.175202179	0.089774536	-0.038063372	-0.047872485
0.162000000	-0.025835268	0.591258296	0.430277917	-0.030288169	-1.021740459	-3.125782285	0.076370194	0.214238151	-0.175032937	0.090244638	-0.037979833	-0.048109830
0.163000000	-0.025758695	0.591472409	0.430102969	-0.030197690	-1.021778397	-3.125830514	0.076775545	0.213986791	-0.174862641	0.090714027	-0.037896206	-0.048346771
0.164000000	-0.025681717	0.591686269	0.429928192	-0.030106741	-1.021816251	-3.125878979	0.077180304	0.213734225	-0.174691293	0.091182700	-0.037812492	-0.048583307
0.165000000	-0.025604334	0.591899877	0.429753586	-0.030015325	-1.021854022	-3.125927680	0.077584468	0.213480455	-0.174518895	0.091650657	-0.037728692	-0.048819439
0.166000000	-0.025526548	0.592113230	0.429579154	-0.029923440	-1.021891709	-3.125976618	0.077988037	0.213225484	-0.174345447	0.092117896	-0.037644808	-0.049055165
0.167000000	-0.025448358	0.592326328	0.429404895	-0.029831089	-1.021929311	-3.126025791	0.078391008	0.212969314	-0.174170950	0.092584414	-0.037560839	-0.049290485
0.168000000	-0.025369766	0.592539169	0.429230812	-0.029738271	-1.021966830	-3.126075199	0.078793380	0.212711946	-0.173995406	0.093050209	-0.037476788	-0.049525398
0.169000000	-0.025290771	0.592751752	0.429056904	-0.029644988	-1.022004265	-3.126124841	0.079195150	0.212453382	-0.173818816	0.093515280	-0.037392655	-0.049759903
0.170000000	-0.025211376	0.592964076	0.428883174	-0.029551241	-1.022041616	-3.126174718	0.079596317	0.212193625	-0.173641181	0.093979626	-0.037308440	-0.049994001
0.171000000	-0.025131579	0.593176139	0.428709622	-0.029457029	-1.022078882	-3.126224829	0.079996878	0.211932678	-0.173462503	0.094443243	-0.037224146	-0.050227689
0.172000000	-0.025051382	0.593387941	0.428536249	-0.029362354	-1.022116064	-3.126275174	0.080396834	0.211670540	-0.173282783	0.094906130	-0.037139772	-0.050460969
0.173000000	-0.024970785	0.593599480	0.428363057	-0.029267217	-1.022153161	-3.126325751	0.080796180	0.211407216	-0.173102021	0.095368286	-0.037055321	-0.050693838
0.174000000	-0.024889789	0.593810755	0.428190045	-0.029171618	-1.022190174	-3.126376561	0.081194917	0.211142706	-0.172920220	0.095829708	-0.036970792	-0.050926298
0.175000000	-0.024808395	0.594021766	0.428017216	-0.029075557	-1.022227103	-3.126427604	0.081593041	0.210877013	-0.172737380	0.096290395	-0.036886188	-0.051158346
0.176000000	-0.024726603	0.594232509	0.427844570	-0.028979037	-1.022263947	-3.126478878	0.081990552	0.210610139	-0.172553503	0.096750345	-0.036801507	-0.051389982
0.177000000	-0.024644414	0.594442986	0.427672109	-0.028882057	-1.022300706	-3.126530384	0.082387447	0.210342086	-0.172368590	0.097209556	-0.036716753	-0.051621206
0.178000000	-0.024561828	0.594653194	0.427499833	-0.028784618	-1.022337380	-3.126582121	0.082783725	0.210072856	-0.172182643	0.097668026	-0.036631925	-0.051852017
0.179000000	-0.024478847	0.594863132	0.427327744	-0.028686721	-1.022373970	-3.126634088	0.083179384	0.209802451	-0.171995663	0.098125754	-0.036547025	-0.052082415
0.180000000	-0.024395470	0.595072799	0.427155842	-0.028588366	-1.022410474	-3.126686285	0.083574422	0.209530873	-0.171807650	0.098582738	-0.036462054	-0.052312399
0.181000000	-0.024311698	0.595282193	0.426984128	-0.028489555	-1.022446894	-3.126738713	0.083968837	0.209258124	-0.171618606	0.099038976	-0.036377012	-0.052541969
0.182000000	-0.024227532	0.595491315	0.426812605	-0.028390288	-1.022483228	-3.126791369	0.084362628	0.208984207	-0.171428533	0.099494466	-0.036291900	-0.052771123
0.183000000	-0.024142973	0.595700162	0.426641271	-0.028290566	-1.022519478	-3.126844255	0.084755794	0.208709123	-0.171237432	0.099949206	-0.036206720	-0.052999861
0.184000000	-0.024058020	0.595908733	0.426470130	-0.028190390	-1.022555642	-3.126897369	0.085148332	0.208432875	-0.171045304	0.100403195	-0.036121471	-0.053228183
0.185000000	-0.023972676	0.596117027	0.426299181	-0.028089760	-1.022591721	-3.126950711	0.085540240	0.208155464	-0.170852152	0.100856431	-0.036036156	-0.053456089
0.186000000	-0.023886940	0.596325044	0.426128426	-0.027988677	-1.022627714	-3.127004281	0.085931517	0.207876893	-0.170657974	0.101308912	-0.035950775	-0.053683576
0.187000000	-0.023800813	0.596532781	0.425957865	-0.027887142	-1.022663622	-3.127058078	0.086322162	0.207597164	-0.170462774	0.101760636	-0.035865329	-0.053910646
0.188000000	-0.023714296	0.596740238	0.425787500	-0.027785156	-1.022699445	-3.127112103	0.086712172	0.207316278	-0.170266552	0.102211602	-0.035779819	-0.054137298
0.189000000	-0.023627389	0.596947414	0.425617332	-0.027682719	-1.022735182	-3.127166353	0.087101546	0.207034239	-0.170069311	0.102661808	-0.035694246	-0.054363530
0.190000000	-0.023540093	0.597154307	0.425447361	-0.027579832	-1.022770833	-3.127220830	0.087490283	0.206751048	-0.169871050	0.103111253	-0.035608610	-0.054589342
0.191000000	-0.023452408	0.597360916	0.425277590	-0.027476496	-1.022806399	-3.127275532	0.087878379	0.206466707	-0.169671772	0.103559933	-0.035522913	-0.054814735
0.192000000	-0.023364336	0.597567240	0.425108018	-0.027372712	-1.022841879	-3.127330459	0.088265835	0.206181218	-0.169471478	0.104007849	-0.035437156	-0.055039707
0.193000000	-0.023275876	0.597773278	0.424938647	-0.027268481	-1.022877273	-3.127385611	0.088652648	0.205894583	-0.169270170	0.104454998	-0.035351338	-0.055264257
0.194000000	-0.023187030	0.597979029	0.424769477	-0.027163802	-1.022912582	-3.127440988	0.089038816	0.205606805	-0.169067848	0.104901378	-0.035265462	-0.055488386
0.195000000	-0.023097799	0.598184492	0.424600511	-0.027058678	-1.022947804	-3.127496588	0.089424338	0.205317886	-0.168864514	0.105346987	-0.035179528	-0.055712092
0.196000000	-0.023008182	0.598389665	0.424431748	-0.026953108	-1.022982941	-3.127552412	0.089809213	0.205027828	-0.168660169	0.105791825	-0.035093537	-0.055935375
0.197000000	-0.022918180	0.598594548	0.424263191	-0.026847094	-1.023017991	-3.127608459	0.090193438	0.204736633	-0.168454816	0.106235889	-0.035007490	-0.056158235
0.198000000	-0.022827795	0.598799138	0.424094839	-0.026740636	-1.023052956	-3.127664728	0.090577012	0.204444302	-0.168248454	0.106679178	-0.034921388	-0.056380671
0.199000000	-0.022737026	0.599003436	0.423926694	-0.026633736	-1.023087834	-3.127721220	0.090959933	0.204150839	-0.168041086	0.107121689	-0.034835232	-0.056602683
0.200000000	-0.022645875	0.599207440	0.423758757	-0.026526393	-1.023122626	-3.127777934	0.091342200	0.203856245	-0.167832714	0.107563422	-0.034749021	-0.056824269
0.201000000	-0.022554342	0.599411149	0.423591028	-0.026418609	-1.023157332	-3.127834869	0.091723811	0.203560523	-0.167623337	0.108004375	-0.034662759	-0.057045430
0.202000000	-0.022462427	0.599614561	0.423423510	-0.026310384	-1.023191952	-3.127892024	0.092104764	0.203263675	-0.167412959	0.108444545	-0.034576444	-0.057266166
0.203000000	-0.022370132	0.599817676	0.423256202	-0.026201720	-1.023226485	-3.127949401	0.092485059	0.202965702	-0.167201579	0.108883932	-0.034490078	-0.057486474
0.204000000	-0.022277457	0.600020492	0.423089107	-0.026092616	-1.023260932	-3.128006997	0.092864692	0.202666607	-0.166989201	0.109322533	-0.034403663	-0.057706356
0.205000000	-0.022184403	0.600223009	0.422922224	-0.025983075	-1.023295292	-3.128064814	0.093243663	0.202366393	-0.166775825	0.109760348	-0.034317198	-0.057925809
0.206000000	-0.022090970	0.600425225	0.422755555	-0.025873096	-1.023329566	-3.128122849	0.093621971	0.202065061	-0.166561451	0.110197374	-0.034230684	-0.058144835
0.207000000	-0.021997159	0.600627139	0.422589101	-0.025762680	-1.023363754	-3.128181103	0.093999612	0.201762613	-0.166346083	0.110633610	-0.034144123	-0.058363433
0.208000000	-0.021902971	0.600828751	0.422422863	-0.025651829	-1.023397855	-3.128239576	0.094376587	0.201459052	-0.166129722	0.111069054	-0.034057516	-0.058581601
0.209000000	-0.021808406	0.601030057	0.422256842	-0.025540542	-1.023431869	-3.128298266	0.094752892	0.201154380	-0.165912368	0.111503704	-0.033970862	-0.058799339
0.210000000	-0.021713465	0.601231059	0.422091038	-0.025428821	-1.023465796	-3.128357175	0.095128528	0.200848598	-0.165694024	0.111937559	-0.033884164	-0.059016648
0.211000000	-0.021618149	0.601431755	0.421925454	-0.025316667	-1.023499637	-3.128416300	0.095503491	0.200541710	-0.165474690	0.112370618	-0.033797421	-0.059233526
0.212000000	-0.021522458	0.601632143	0.421760089	-0.025204080	-1.023533391	-3.128475642	0.095877782	0.200233717	-0.165254369	0.112802879	-0.033710634	-0.059449973
0.213000000	-0.021426393	0.601832222	0.421594945	-0.025091061	-1.023567058	-3.128535200	0.096251397	0.199924622	-0.165033061	0.113234339	-0.033623805	-0.059665988
0.214000000	-0.021329955	0.602031992	0.421430023	-0.024977611	-1.023600639	-3.128594974	0.096624335	0.199614427	-0.164810769	0.113664999	-0.033536935	-0.059881572
0.215000000	-0.021233145	0.602231451	0.421265323	-0.024863731	-1.023634132	-3.128654963	0.096996596	0.199303134	-0.164587493	0.114094855	-0.033450023	-0.060096723
0.216000000	-0.021135962	0.602430598	0.421100848	-0.024749422	-1.023667539	-3.128715167	0.097368177	0.198990745	-0.164363235	0.114523906	-0.033363071	-0.060311440
0.217000000	-0.021038408	0.602629432	0.420936597	-0.024634683	-1.023700858	-3.128775586	0.097739077	0.198677262	-0.164137997	0.114952152	-0.033276080	-0.060525725
0.218000000	-0.020940484	0.602827953	0.420772572	-0.024519517	-1.023734091	-3.128836218	0.098109293	0.198362687	-0.163911780	0.115379589	-0.033189050	-0.060739575
0.219000000	-0.020842190	0.603026158	0.420608773	-0.024403924	-1.023767237	-3.128897065	0.098478826	0.198047024	-0.163684586	0.115806218	-0.033101982	-0.060952991
0.220000000	-0.020743526	0.603224047	0.420445203	-0.024287905	-1.023800295	-3.128958124	0.098847673	0.197730273	-0.163456416	0.116232035	-0.033014877	-0.061165973
0.221000000	-0.020644494	0.603421618	0.420281860	-0.024171460	-1.023833266	-3.129019397	0.099215833	0.197412437	-0.163227271	0.116657041	-0.032927736	-0.061378518
0.222000000	-0.020545095	0.603618872	0.420118748	-0.024054591	-1.023866150	-3.129080881	0.099583304	0.197093519	-0.162997153	0.117081232	-0.032840560	-0.061590629
0.223000000	-0.020445328	0.603815805	0.419955866	-0.023937298	-1.023898947	-3.129142578	0.099950085	0.196773521	-0.162766065	0.117504608	-0.032753349	-0.061802302
0.224000000	-0.020345194	0.604012419	0.419793216	-0.023819581	-1.023931657	-3.129204486	0.100316173	0.196452445	-0.162534006	0.117927166	-0.032666104	-0.062013539
0.225000000	-0.020244695	0.604208710	0.419630798	-0.023701443	-1.023964280	-3.129266605	0.100681569	0.196130292	-0.162300979	0.118348907	-0.032578826	-0.062224339
0.226000000	-0.020143831	0.604404679	0.419468614	-0.023582884	-1.023996815	-3.129328935	0.101046270	0.195807066	-0.162066986	0.118769827	-0.032491516	-0.062434701
0.227000000	-0.020042603	0.604600324	0.419306664	-0.023463904	-1.024029263	-3.129391475	0.101410274	0.195482768	-0.161832027	0.119189926	-0.032404174	-0.062644625
0.228000000	-0.019941011	0.604795645	0.419144950	-0.023344504	-1.024061623	-3.129454224	0.101773581	0.195157401	-0.161596104	0.119609201	-0.032316801	-0.062854111
0.229000000	-0.019839056	0.604990639	0.418983472	-0.023224685	-1.024093896	-3.129517183	0.102136189	0.194830968	-0.161359220	0.120027652	-0.032229398	-0.063063157
0.230000000	-0.019736738	0.605185307	0.418822231	-0.023104449	-1.024126082	-3.129580350	0.102498096	0.194503469	-0.161121374	0.120445278	-0.032141966	-0.063271764
0.231000000	-0.019634059	0.605379646	0.418661229	-0.022983795	-1.024158180	-3.129643726	0.102859300	0.194174908	-0.160882570	0.120862075	-0.032054505	-0.063479931
0.232000000	-0.019531020	0.605573657	0.418500466	-0.022862724	-1.024190191	-3.129707310	0.103219801	0.193845287	-0.160642808	0.121278043	-0.031967017	-0.063687658
0.233000000	-0.019427620	0.605767337	0.418339944	-0.022741239	-1.024222114	-3.129771102	0.103579597	0.193514608	-0.160402090	0.121693181	-0.031879501	-0.063894944
0.234000000	-0.019323861	0.605960686	0.418179662	-0.022619338	-1.024253950	-3.129835100	0.103938687	0.193182873	-0.160160418	0.122107487	-0.031791960	-0.064101788
0.235000000	-0.019219742	0.606153703	0.418019623	-0.022497024	-1.024285698	-3.129899305	0.104297068	0.192850084	-0.159917794	0.122520960	-0.031704392	-0.064308191
0.236000000	-0.019115266	0.606346386	0.417859827	-0.022374296	-1.024317359	-3.129963716	0.104654740	0.192516245	-0.159674218	0.122933597	-0.031616800	-0.064514152
0.237000000	-0.019010433	0.606538735	0.417700274	-0.022251156	-1.024348932	-3.130028333	0.105011701	0.192181356	-0.159429692	0.123345398	-0.031529183	-0.064719671
0.238000000	-0.018905243	0.606730749	0.417540967	-0.022127605	-1.024380417	-3.130093156	0.105367950	0.191845421	-0.159184219	0.123756361	-0.031441544	-0.064924746
0.239000000	-0.018799697	0.606922426	0.417381906	-0.022003644	-1.024411815	-3.130158183	0.105723485	0.191508441	-0.158937798	0.124166485	-0.031353881	-0.065129378
0.240000000	-0.018693796	0.607113766	0.417223092	-0.021879272	-1.024443125	-3.130223415	0.106078305	0.191170419	-0.158690434	0.124575769	-0.031266197	-0.065333566
0.241000000	-0.018587540	0.607304767	0.417064525	-0.021754492	-1.024474347	-3.130288850	0.106432409	0.190831358	-0.158442126	0.124984210	-0.031178491	-0.065537310
0.242000000	-0.018480931	0.607495428	0.416906207	-0.021629304	-1.024505482	-3.130354489	0.106785794	0.190491258	-0.158192876	0.125391807	-0.031090765	-0.065740610
0.243000000	-0.018373969	0.607685749	0.416748139	-0.021503709	-1.024536529	-3.130420331	0.107138460	0.190150123	-0.157942687	0.125798560	-0.031003019	-0.065943464
0.244000000	-0.018266654	0.607875728	0.416590322	-0.021377707	-1.024567488	-3.130486376	0.107490406	0.189807956	-0.157691559	0.126204465	-0.030915254	-0.066145873
0.245000000	-0.018158988	0.608065365	0.416432756	-0.021251300	-1.024598359	-3.130552623	0.107841629	0.189464758	-0.157439495	0.126609524	-0.030827470	-0.066347836
0.246000000	-0.018050971	0.608254658	0.416275443	-0.021124488	-1.024629143	-3.130619072	0.108192128	0.189120531	-0.157186495	0.127013732	-0.030739669	-0.066549352
0.247000000	-0.017942604	0.608443606	0.416118383	-0.020997272	-1.024659839	-3.130685722	0.108541903	0.188775278	-0.156932561	0.127417090	-0.030651850	-0.066750422
0.248000000	-0.017833887	0.608632209	0.415961578	-0.020869654	-1.024690447	-3.130752573	0.108890951	0.188429001	-0.156677697	0.127819596	-0.030564015	-0.066951045
0.249000000	-0.017724822	0.608820464	0.415805028	-0.020741633	-1.024720967	-3.130819624	0.109239272	0.188081703	-0.156421901	0.128221248	-0.030476165	-0.067151220
0.250000000	-0.017615409	0.609008372	0.415648734	-0.020613211	-1.024751399	-3.130886875	0.109586863	0.187733385	-0.156165178	0.128622046	-0.030388299	-0.067350947
0.251000000	-0.017505648	0.609195931	0.415492697	-0.020484389	-1.024781743	-3.130954326	0.109933724	0.187384050	-0.155907527	0.129021987	-0.030300420	-0.067550226
0.252000000	-0.017395541	0.609383140	0.415336919	-0.020355167	-1.024812000	-3.131021976	0.110279854	0.187033701	-0.155648951	0.129421071	-0.030212526	-0.067749056
0.253000000	-0.017285088	0.609569998	0.415181400	-0.020225547	-1.024842168	-3.131089824	0.110625250	0.186682340	-0.155389452	0.129819295	-0.030124620	-0.067947437
0.254000000	-0.017174291	0.609756505	0.415026140	-0.020095528	-1.024872249	-3.131157870	0.110969911	0.186329968	-0.155129030	0.130216659	-0.030036701	-0.068145368
0.255000000	-0.017063149	0.609942658	0.414871141	-0.019965113	-1.024902242	-3.131226115	0.111313837	0.185976589	-0.154867688	0.130613162	-0.029948771	-0.068342850
0.256000000	-0.016951663	0.610128458	0.414716405	-0.019834302	-1.024932147	-3.131294556	0.111657025	0.185622205	-0.154605428	0.131008801	-0.029860829	-0.068539881
0.257000000	-0.016839835	0.610313903	0.414561931	-0.019703096	-1.024961963	-3.131363194	0.111999476	0.185266817	-0.154342251	0.131403576	-0.029772877	-0.068736461
0.258000000	-0.016727664	0.610498992	0.414407720	-0.019571495	-1.024991692	-3.131432029	0.112341186	0.184910428	-0.154078159	0.131797485	-0.029684916	-0.068932591
0.259000000	-0.016615152	0.610683724	0.414253774	-0.019439501	-1.025021333	-3.131501060	0.112682154	0.184553041	-0.153813153	0.132190526	-0.029596945	-0.069128268
0.260000000	-0.016502300	0.610868098	0.414100094	-0.019307114	-1.025050886	-3.131570286	0.113022381	0.184194658	-0.153547236	0.132582699	-0.029508967	-0.069323494
0.261000000	-0.016389107	0.611052113	0.413946680	-0.019174335	-1.025080351	-3.131639707	0.113361863	0.183835282	-0.153280408	0.132974002	-0.029420980	-0.069518268
0.262000000	-0.016275576	0.611235768	0.413793533	-0.019041166	-1.025109728	-3.131709322	0.113700601	0.183474914	-0.153012672	0.133364434	-0.029332986	-0.069712589
0.263000000	-0.016161706	0.611419063	0.413640654	-0.018907607	-1.025139017	-3.131779132	0.114038591	0.183113557	-0.152744029	0.133753994	-0.029244986	-0.069906457
0.264000000	-0.016047499	0.611601995	0.413488045	-0.018773658	-1.025168218	-3.131849135	0.114375834	0.182751213	-0.152474481	0.134142679	-0.029156979	-0.070099872
0.265000000	-0.015932955	0.611784565	0.413335706	-0.018639321	-1.025197331	-3.131919331	0.114712329	0.182387884	-0.152204030	0.134530490	-0.029068968	-0.070292833
0.266000000	-0.015818074	0.611966771	0.413183637	-0.018504597	-1.025226356	-3.131989721	0.115048072	0.182023574	-0.151932677	0.134917424	-0.028980952	-0.070485340
0.267000000	-0.015702858	0.612148612	0.413031840	-0.018369486	-1.025255293	-3.132060302	0.115383064	0.181658284	-0.151660425	0.135303480	-0.028892932	-0.070677392
0.268000000	-0.015587308	0.612330088	0.412880316	-0.018233990	-1.025284142	-3.132131075	0.115717303	0.181292017	-0.151387274	0.135688657	-0.028804908	-0.070868989
0.269000000	-0.015471424	0.612511196	0.412729066	-0.018098109	-1.025312903	-3.132202040	0.116050788	0.180924774	-0.151113227	0.136072954	-0.028716882	-0.071060131
0.270000000	-0.015355207	0.612691937	0.412578090	-0.017961844	-1.025341576	-3.132273196	0.116383517	0.180556559	-0.150838285	0.136456369	-0.028628853	-0.071250818
0.271000000	-0.015238657	0.612872309	0.412427389	-0.017825196	-1.025370161	-3.132344542	0.116715490	0.180187374	-0.150562450	0.136838901	-0.028540823	-0.071441049
0.272000000	-0.015121776	0.613052312	0.412276965	-0.017688166	-1.025398657	-3.132416078	0.117046704	0.179817221	-0.150285725	0.137220549	-0.028452792	-0.071630823
0.273000000	-0.015004563	0.613231944	0.412126818	-0.017550755	-1.025427066	-3.132487803	0.117377159	0.179446102	-0.150008110	0.137601311	-0.028364760	-0.071820140
0.274000000	-0.014887021	0.613411204	0.411976949	-0.017412964	-1.025455387	-3.132559718	0.117706854	0.179074020	-0.149729607	0.137981187	-0.028276729	-0.072009001
0.275000000	-0.014769150	0.613590092	0.411827358	-0.017274793	-1.025483620	-3.132631821	0.118035787	0.178700977	-0.149450218	0.138360174	-0.028188698	-0.072197404
0.276000000	-0.014650950	0.613768606	0.411678048	-0.017136243	-1.025511764	-3.132704113	0.118363956	0.178326976	-0.149169945	0.138738273	-0.028100669	-0.072385349
0.277000000	-0.014532422	0.613946746	0.411529019	-0.016997316	-1.025539821	-3.132776592	0.118691362	0.177952019	-0.148888790	0.139115480	-0.028012642	-0.072572836
0.278000000	-0.014413567	0.614124510	0.411380271	-0.016858012	-1.025567790	-3.132849259	0.119018001	0.177576107	-0.148606754	0.139491796	-0.027924617	-0.072759865
0.279000000	-0.014294386	0.614301898	0.411231805	-0.016718333	-1.025595670	-3.132922112	0.119343875	0.177199245	-0.148323840	0.139867219	-0.027836595	-0.072946435
0.280000000	-0.014174879	0.614478909	0.411083623	-0.016578278	-1.025623463	-3.132995151	0.119668980	0.176821434	-0.148040048	0.140241747	-0.027748577	-0.073132546
0.281000000	-0.014055048	0.614655541	0.410935725	-0.016437849	-1.025651167	-3.133068377	0.119993315	0.176442676	-0.147755381	0.140615380	-0.027660563	-0.073318197
0.282000000	-0.013934893	0.614831794	0.410788112	-0.016297047	-1.025678784	-3.133141788	0.120316881	0.176062974	-0.147469841	0.140988116	-0.027572554	-0.073503388
0.283000000	-0.013814414	0.615007667	0.410640785	-0.016155873	-1.025706312	-3.133215384	0.120639675	0.175682330	-0.147183429	0.141359954	-0.027484550	-0.073688120
0.284000000	-0.013693613	0.615183159	0.410493745	-0.016014327	-1.025733753	-3.133289164	0.120961696	0.175300747	-0.146896148	0.141730893	-0.027396552	-0.073872390
0.285000000	-0.013572491	0.615358268	0.410346993	-0.015872411	-1.025761105	-3.133363128	0.121282942	0.174918226	-0.146607998	0.142100931	-0.027308561	-0.074056200
0.286000000	-0.013451047	0.615532995	0.410200529	-0.015730125	-1.025788370	-3.133437276	0.121603414	0.174534772	-0.146318982	0.142470067	-0.027220576	-0.074239548
0.287000000	-0.013329284	0.615707338	0.410054355	-0.015587471	-1.025815547	-3.133511608	0.121923109	0.174150384	-0.146029102	0.142838301	-0.027132599	-0.074422435
0.288000000	-0.013207201	0.615881296	0.409908471	-0.015444449	-1.025842635	-3.133586121	0.122242026	0.173765067	-0.145738359	0.143205631	-0.027044630	-0.074604861
0.289000000	-0.013084800	0.616054868	0.409762878	-0.015301060	-1.025869636	-3.133660817	0.122560164	0.173378824	-0.145446755	0.143572055	-0.026956670	-0.074786823
0.290000000	-0.012962081	0.616228054	0.409617577	-0.015157305	-1.025896549	-3.133735695	0.122877523	0.172991654	-0.145154293	0.143937573	-0.026868719	-0.074968324
0.291000000	-0.012839045	0.616400851	0.409472570	-0.015013185	-1.025923373	-3.133810754	0.123194100	0.172603562	-0.144860973	0.144302183	-0.026780777	-0.075149361
0.292000000	-0.012715693	0.616573261	0.409327856	-0.014868700	-1.025950110	-3.133885994	0.123509895	0.172214550	-0.144566798	0.144665885	-0.026692846	-0.075329935
0.293000000	-0.012592025	0.616745280	0.409183436	-0.014723853	-1.025976759	-3.133961414	0.123824906	0.171824620	-0.144271769	0.145028676	-0.026604925	-0.075510046
0.294000000	-0.012468043	0.616916910	0.409039312	-0.014578643	-1.026003320	-3.134037014	0.124139133	0.171433775	-0.143975889	0.145390556	-0.026517015	-0.075689693
0.295000000	-0.012343747	0.617088148	0.408895484	-0.014433072	-1.026029793	-3.134112793	0.124452573	0.171042017	-0.143679159	0.145751524	-0.026429117	-0.075868876
0.296000000	-0.012219138	0.617258994	0.408751954	-0.014287140	-1.026056178	-3.134188752	0.124765227	0.170649349	-0.143381581	0.146111578	-0.026341232	-0.076047594
0.297000000	-0.012094216	0.617429447	0.408608721	-0.014140849	-1.026082476	-3.134264888	0.125077092	0.170255772	-0.143083157	0.146470717	-0.026253359	-0.076225847
0.298000000	-0.011968983	0.617599505	0.408465787	-0.013994199	-1.026108685	-3.134341203	0.125388168	0.169861290	-0.142783889	0.146828941	-0.026165499	-0.076403635
0.299000000	-0.011843440	0.617769169	0.408323153	-0.013847191	-1.026134807	-3.134417696	0.125698454	0.169465904	-0.142483779	0.147186247	-0.026077653	-0.076580958
0.300000000	-0.011717587	0.617938437	0.408180820	-0.013699826	-1.026160840	-3.134494365	0.126007948	0.169069617	-0.142182828	0.147542635	-0.025989821	-0.076757815
0.301000000	-0.011591424	0.618107309	0.408038788	-0.013552105	-1.026186786	-3.134571211	0.126316649	0.168672433	-0.141881039	0.147898104	-0.025902004	-0.076934206
0.302000000	-0.011464953	0.618275782	0.407897058	-0.013404030	-1.026212644	-3.134648234	0.126624556	0.168274352	-0.141578413	0.148252653	-0.025814203	-0.077110130
0.303000000	-0.011338175	0.618443857	0.407755631	-0.013255600	-1.026238415	-3.134725432	0.126931668	0.167875378	-0.141274952	0.148606279	-0.025726416	-0.077285588
0.304000000	-0.011211090	0.618611533	0.407614508	-0.013106817	-1.026264097	-3.134802805	0.127237984	0.167475512	-0.140970658	0.148958983	-0.025638646	-0.077460579
0.305000000	-0.011083699	0.618778808	0.407473690	-0.012957682	-1.026289692	-3.134880353	0.127543503	0.167074758	-0.140665533	0.149310764	-0.025550893	-0.077635102
0.306000000	-0.010956003	0.618945682	0.407333177	-0.012808196	-1.026315199	-3.134958075	0.127848224	0.166673118	-0.140359578	0.149661619	-0.025463156	-0.077809158
0.307000000	-0.010828003	0.619112154	0.407192970	-0.012658359	-1.026340618	-3.135035971	0.128152145	0.166270594	-0.140052797	0.150011548	-0.025375438	-0.077982746
0.308000000	-0.010699699	0.619278224	0.407053071	-0.012508173	-1.026365950	-3.135114040	0.128455265	0.165867189	-0.139745191	0.150360550	-0.025287737	-0.078155865
0.309000000	-0.010571092	0.619443889	0.406913480	-0.012357638	-1.026391194	-3.135192283	0.128757584	0.165462904	-0.139436760	0.150708624	-0.025200055	-0.078328516
0.310000000	-0.010442183	0.619609149	0.406774198	-0.012206755	-1.026416350	-3.135270697	0.129059100	0.165057744	-0.139127509	0.151055768	-0.025112391	-0.078500699
0.311000000	-0.010312974	0.619774004	0.406635225	-0.012055526	-1.026441418	-3.135349284	0.129359812	0.164651709	-0.138817437	0.151401981	-0.025024747	-0.078672412
0.312000000	-0.010183464	0.619938453	0.406496563	-0.011903951	-1.026466399	-3.135428042	0.129659720	0.164244803	-0.138506548	0.151747264	-0.024937123	-0.078843655
0.313000000	-0.010053654	0.620102494	0.406358212	-0.011752032	-1.026491293	-3.135506971	0.129958821	0.163837028	-0.138194843	0.152091613	-0.024849520	-0.079014429
0.314000000	-0.009923546	0.620266127	0.406220173	-0.011599768	-1.026516098	-3.135586071	0.130257115	0.163428387	-0.137882325	0.152435028	-0.024761937	-0.079184733
0.315000000	-0.009793140	0.620429351	0.406082447	-0.011447162	-1.026540817	-3.135665341	0.130554601	0.163018881	-0.137568994	0.152777509	-0.024674375	-0.079354566
0.316000000	-0.009662437	0.620592165	0.405945035	-0.011294213	-1.026565447	-3.135744780	0.130851278	0.162608513	-0.137254853	0.153119053	-0.024586834	-0.079523929
0.317000000	-0.009531438	0.620754568	0.405807938	-0.011140924	-1.026589990	-3.135824389	0.131147144	0.162197287	-0.136939904	0.153459661	-0.024499316	-0.079692821
0.318000000	-0.009400143	0.620916559	0.405671155	-0.010987294	-1.026614446	-3.135904166	0.131442199	0.161785203	-0.136624149	0.153799331	-0.024411821	-0.079861242
0.319000000	-0.009268553	0.621078138	0.405534689	-0.010833325	-1.026638814	-3.135984111	0.131736442	0.161372266	-0.136307591	0.154138061	-0.024324348	-0.080029191
0.320000000	-0.009136670	0.621239304	0.405398540	-0.010679018	-1.026663094	-3.136064224	0.132029871	0.160958477	-0.135990229	0.154475851	-0.024236898	-0.080196669
0.321000000	-0.009004493	0.621400055	0.405262709	-0.010524373	-1.026687288	-3.136144505	0.132322486	0.160543838	-0.135672068	0.154812700	-0.024149472	-0.080363674
0.322000000	-0.008872025	0.621560391	0.405127196	-0.010369392	-1.026711393	-3.136224952	0.132614285	0.160128352	-0.135353108	0.155148606	-0.024062071	-0.080530207
0.323000000	-0.008739265	0.621720312	0.404992003	-0.010214076	-1.026735412	-3.136305565	0.132905267	0.159712022	-0.135033351	0.155483569	-0.023974694	-0.080696268
0.324000000	-0.008606214	0.621879815	0.404857129	-0.010058425	-1.026759343	-3.136386344	0.133195432	0.159294850	-0.134712801	0.155817588	-0.023887341	-0.080861855
0.325000000	-0.008472874	0.622038902	0.404722577	-0.009902441	-1.026783186	-3.136467289	0.133484778	0.158876840	-0.134391458	0.156150661	-0.023800015	-0.081026970
0.326000000	-0.008339245	0.622197569	0.404588346	-0.009746124	-1.026806943	-3.136548398	0.133773305	0.158457991	-0.134069324	0.156482788	-0.023712714	-0.081191611
0.327000000	-0.008205327	0.622355818	0.404454438	-0.009589475	-1.026830612	-3.136629672	0.134061011	0.158038309	-0.133746402	0.156813967	-0.023625439	-0.081355778
0.328000000	-0.008071123	0.622513646	0.404320854	-0.009432496	-1.026854194	-3.136711110	0.134347895	0.157617794	-0.133422694	0.157144197	-0.023538190	-0.081519471
0.329000000	-0.007936632	0.622671053	0.404187593	-0.009275187	-1.026877688	-3.136792711	0.134633956	0.157196451	-0.133098201	0.157473478	-0.023450969	-0.081682689
0.330000000	-0.007801855	0.622828039	0.404054657	-0.009117549	-1.026901096	-3.136874475	0.134919194	0.156774280	-0.132772925	0.157801809	-0.023363775	-0.081845434
0.331000000	-0.007666793	0.622984602	0.403922047	-0.008959583	-1.026924416	-3.136956402	0.135203607	0.156351285	-0.132446869	0.158129187	-0.023276609	-0.082007703
0.332000000	-0.007531448	0.623140741	0.403789763	-0.008801291	-1.026947649	-3.137038490	0.135487195	0.155927468	-0.132120035	0.158455614	-0.023189470	-0.082169497
0.333000000	-0.007395819	0.623296457	0.403657807	-0.008642672	-1.026970795	-3.137120741	0.135769955	0.155502831	-0.131792424	0.158781086	-0.023102361	-0.082330816
0.334000000	-0.007259908	0.623451747	0.403526179	-0.008483728	-1.026993854	-3.137203152	0.136051888	0.155077377	-0.131464038	0.159105604	-0.023015280	-0.082491659
0.335000000	-0.007123715	0.623606611	0.403394879	-0.008324461	-1.027016825	-3.137285724	0.136332992	0.154651109	-0.131134880	0.159429166	-0.022928228	-0.082652027
0.336000000	-0.006987242	0.623761049	0.403263909	-0.008164870	-1.027039710	-3.137368456	0.136613266	0.154224028	-0.130804951	0.159751772	-0.022841205	-0.082811918
0.337000000	-0.006850488	0.623915059	0.403133269	-0.008004957	-1.027062508	-3.137451348	0.136892710	0.153796139	-0.130474255	0.160073420	-0.022754213	-0.082971333
0.338000000	-0.006713456	0.624068641	0.403002960	-0.007844723	-1.027085218	-3.137534399	0.137171322	0.153367443	-0.130142791	0.160394109	-0.022667251	-0.083130270
0.339000000	-0.006576146	0.624221794	0.402872983	-0.007684169	-1.027107842	-3.137617608	0.137449102	0.152937942	-0.129810563	0.160713839	-0.022580320	-0.083288731
0.340000000	-0.006438558	0.624374517	0.402743339	-0.007523296	-1.027130379	-3.137700976	0.137726048	0.152507639	-0.129477573	0.161032609	-0.022493419	-0.083446715
0.341000000	-0.006300694	0.624526810	0.402614028	-0.007362104	-1.027152829	-3.137784502	0.138002159	0.152076537	-0.129143822	0.161350417	-0.022406550	-0.083604221
0.342000000	-0.006162554	0.624678670	0.402485052	-0.007200595	-1.027175192	-3.137868185	0.138277435	0.151644637	-0.128809313	0.161667262	-0.022319713	-0.083761250
0.343000000	-0.006024139	0.624830099	0.402356410	-0.007038769	-1.027197469	-3.137952024	0.138551874	0.151211944	-0.128474047	0.161983144	-0.022232907	-0.083917800
0.344000000	-0.005885450	0.624981094	0.402228103	-0.006876628	-1.027219658	-3.138036020	0.138825476	0.150778459	-0.128138028	0.162298061	-0.022146134	-0.084073872
0.345000000	-0.005746488	0.625131656	0.402100134	-0.006714173	-1.027241761	-3.138120172	0.139098240	0.150344184	-0.127801256	0.162612014	-0.022059394	-0.084229466
0.346000000	-0.005607254	0.625281783	0.401972501	-0.006551404	-1.027263777	-3.138204479	0.139370164	0.149909122	-0.127463734	0.162925000	-0.021972686	-0.084384581
0.347000000	-0.005467748	0.625431474	0.401845206	-0.006388323	-1.027285706	-3.138288941	0.139641249	0.149473276	-0.127125464	0.163237018	-0.021886012	-0.084539217
0.348000000	-0.005327971	0.625580729	0.401718250	-0.006224930	-1.027307549	-3.138373558	0.139911492	0.149036649	-0.126786447	0.163548069	-0.021799371	-0.084693373
0.349000000	-0.005187925	0.625729547	0.401591633	-0.006061227	-1.027329305	-3.138458328	0.140180893	0.148599242	-0.126446687	0.163858150	-0.021712765	-0.084847050
0.350000000	-0.005047609	0.625877928	0.401465357	-0.005897214	-1.027350974	-3.138543252	0.140449450	0.148161059	-0.126106185	0.164167261	-0.021626193	-0.085000247
0.351000000	-0.004907026	0.626025869	0.401339421	-0.005732893	-1.027372557	-3.138628329	0.140717164	0.147722101	-0.125764943	0.164475402	-0.021539655	-0.085152965
0.352000000	-0.004766175	0.626173372	0.401213827	-0.005568263	-1.027394054	-3.138713558	0.140984033	0.147282371	-0.125422963	0.164782570	-0.021453152	-0.085305202
0.353000000	-0.004625058	0.626320434	0.401088575	-0.005403327	-1.027415464	-3.138798939	0.141250057	0.146841873	-0.125080248	0.165088766	-0.021366685	-0.085456958
0.354000000	-0.004483675	0.626467056	0.400963666	-0.005238086	-1.027436787	-3.138884472	0.141515234	0.146400608	-0.124736799	0.165393988	-0.021280253	-0.085608234
0.355000000	-0.004342027	0.626613235	0.400839101	-0.005072539	-1.027458024	-3.138970155	0.141779563	0.145958579	-0.124392618	0.165698235	-0.021193856	-0.085759028
0.356000000	-0.004200116	0.626758973	0.400714881	-0.004906689	-1.027479175	-3.139055990	0.142043043	0.145515789	-0.124047708	0.166001506	-0.021107496	-0.085909341
0.357000000	-0.004057941	0.626904267	0.400591006	-0.004740536	-1.027500239	-3.139141974	0.142305675	0.145072239	-0.123702070	0.166303801	-0.021021172	-0.086059173
0.358000000	-0.003915504	0.627049117	0.400467477	-0.004574082	-1.027521217	-3.139228108	0.142567455	0.144627933	-0.123355708	0.166605119	-0.020934885	-0.086208523
0.359000000	-0.003772806	0.627193523	0.400344295	-0.004407326	-1.027542109	-3.139314391	0.142828385	0.144182873	-0.123008621	0.166905458	-0.020848635	-0.086357391
0.360000000	-0.003629848	0.627337483	0.400221460	-0.004240271	-1.027562914	-3.139400823	0.143088463	0.143737062	-0.122660814	0.167204819	-0.020762422	-0.086505777
0.361000000	-0.003486629	0.627480997	0.400098973	-0.004072917	-1.027583634	-3.139487403	0.143347688	0.143290503	-0.122312289	0.167503199	-0.020676247	-0.086653681
0.362000000	-0.003343152	0.627624064	0.399976835	-0.003905264	-1.027604267	-3.139574130	0.143606059	0.142843197	-0.121963045	0.167800598	-0.020590109	-0.086801101
0.363000000	-0.003199417	0.627766683	0.399855047	-0.003737315	-1.027624814	-3.139661005	0.143863576	0.142395147	-0.121613088	0.168097015	-0.020504009	-0.086948039
0.364000000	-0.003055425	0.627908854	0.399733609	-0.003569070	-1.027645275	-3.139748026	0.144120236	0.141946356	-0.121262417	0.168392450	-0.020417948	-0.087094493
0.365000000	-0.002911177	0.628050576	0.399612522	-0.003400530	-1.027665650	-3.139835194	0.144376041	0.141496827	-0.120911037	0.168686901	-0.020331926	-0.087240465
0.366000000	-0.002766673	0.628191848	0.399491787	-0.003231697	-1.027685939	-3.139922507	0.144630988	0.141046562	-0.120558947	0.168980368	-0.020245942	-0.087385952
0.367000000	-0.002621915	0.628332669	0.399371404	-0.003062570	-1.027706142	-3.140009966	0.144885077	0.140595563	-0.120206152	0.169272849	-0.020159997	-0.087530956
0.368000000	-0.002476903	0.628473039	0.399251374	-0.002893151	-1.027726259	-3.140097569	0.145138307	0.140143834	-0.119852652	0.169564344	-0.020074092	-0.087675476
0.369000000	-0.002331638	0.628612957	0.399131699	-0.002723441	-1.027746290	-3.140185317	0.145390678	0.139691376	-0.119498450	0.169854852	-0.019988226	-0.087819511
0.370000000	-0.002186121	0.628752422	0.399012378	-0.002553441	-1.027766235	-3.140273208	0.145642187	0.139238192	-0.119143549	0.170144372	-0.019902400	-0.087963062
0.371000000	-0.002040354	0.628891433	0.398893412	-0.002383152	-1.027786095	-3.140361243	0.145892835	0.138784285	-0.118787949	0.170432903	-0.019816614	-0.088106128
0.372000000	-0.001894336	0.629029990	0.398774802	-0.002212575	-1.027805868	-3.140449420	0.146142621	0.138329658	-0.118431654	0.170720445	-0.019730869	-0.088248709
0.373000000	-0.001748068	0.629168093	0.398656548	-0.002041711	-1.027825556	-3.140537740	0.146391544	0.137874313	-0.118074666	0.171006997	-0.019645164	-0.088390804
0.374000000	-0.001601553	0.629305739	0.398538652	-0.001870561	-1.027845159	-3.140626202	0.146639602	0.137418252	-0.117716987	0.171292556	-0.019559500	-0.088532415
0.375000000	-0.001454789	0.629442929	0.398421114	-0.001699126	-1.027864675	-3.140714805	0.146886796	0.136961478	-0.117358618	0.171577124	-0.019473877	-0.088673539
0.376000000	-0.001307779	0.629579662	0.398303935	-0.001527407	-1.027884106	-3.140803549	0.147133124	0.136503994	-0.116999562	0.171860700	-0.019388295	-0.088814178
0.377000000	-0.001160523	0.629715937	0.398187115	-0.001355405	-1.027903452	-3.140892433	0.147378586	0.136045803	-0.116639821	0.172143281	-0.019302755	-0.088954331
0.378000000	-0.001013022	0.629851754	0.398070655	-0.001183121	-1.027922712	-3.140981458	0.147623180	0.135586905	-0.116279398	0.172424868	-0.019217257	-0.089093997
0.379000000	-0.000865277	0.629987111	0.397954556	-0.001010555	-1.027941887	-3.141070621	0.147866907	0.135127306	-0.115918294	0.172705459	-0.019131800	-0.089233177
0.380000000	-0.000717288	0.630122008	0.397838819	-0.000837710	-1.027960976	-3.141159924	0.148109764	0.134667006	-0.115556512	0.172985054	-0.019046386	-0.089371870
0.381000000	-0.000569057	0.630256445	0.397723443	-0.000664585	-1.027979979	-3.141249365	0.148351751	0.134206009	-0.115194054	0.173263652	-0.018961014	-0.089510076
0.382000000	-0.000420585	0.630390420	0.397608431	-0.000491182	-1.027998898	-3.141338944	0.148592869	0.133744318	-0.114830921	0.173541252	-0.018875684	-0.089647794
0.383000000	-0.000271871	0.630523933	0.397493782	-0.000317503	-1.028017731	-3.141428661	0.148833115	0.133281934	-0.114467117	0.173817854	-0.018790397	-0.089785026
0.384000000	-0.000122918	0.630656984	0.397379497	-0.000143547	-1.028036478	-3.141518514	0.149072488	0.132818860	-0.114102644	0.174093455	-0.018705154	-0.089921770
0.385000000	0.000026274	0.630789571	0.397265576	0.000030684	-1.028055141	-3.141608504	0.149310989	0.132355100	-0.113737503	0.174368057	-0.018619953	-0.090058025
0.386000000	0.000175704	0.630921694	0.397152022	0.000205190	-1.028073718	-3.141698630	0.149548616	0.131890654	-0.113371696	0.174641658	-0.018534796	-0.090193793
0.387000000	0.000325371	0.631053353	0.397038833	0.000379968	-1.028092211	-3.141788892	0.149785369	0.131425527	-0.113005227	0.174914257	-0.018449682	-0.090329073
0.388000000	0.000475274	0.631184545	0.396926011	0.000555018	-1.028110618	-3.141879288	0.150021247	0.130959721	-0.112638097	0.175185853	-0.018364612	-0.090463864
0.389000000	0.000625413	0.631315272	0.396813557	0.000730339	-1.028128940	-3.141969820	0.150256248	0.130493238	-0.112270308	0.175456446	-0.018279586	-0.090598166
0.390000000	0.000775787	0.631445532	0.396701470	0.000905931	-1.028147177	-3.142060485	0.150490373	0.130026081	-0.111901862	0.175726035	-0.018194604	-0.090731980
0.391000000	0.000926394	0.631575324	0.396589753	0.001081791	-1.028165329	-3.142151284	0.150723620	0.129558252	-0.111532763	0.175994618	-0.018109667	-0.090865304
0.392000000	0.001077234	0.631704648	0.396478405	0.001257920	-1.028183396	-3.142242215	0.150955989	0.129089754	-0.111163011	0.176262196	-0.018024774	-0.090998139
0.393000000	0.001228306	0.631833504	0.396367427	0.001434316	-1.028201379	-3.142333280	0.151187479	0.128620590	-0.110792610	0.176528768	-0.017939925	-0.091130485
0.394000000	0.001379609	0.631961889	0.396256820	0.001610978	-1.028219276	-3.142424476	0.151418089	0.128150763	-0.110421561	0.176794332	-0.017855122	-0.091262341
0.395000000	0.001531142	0.632089805	0.396146584	0.001787905	-1.028237089	-3.142515805	0.151647819	0.127680274	-0.110049867	0.177058888	-0.017770363	-0.091393707
0.396000000	0.001682905	0.632217250	0.396036720	0.001965095	-1.028254817	-3.142607264	0.151876667	0.127209127	-0.109677529	0.177322436	-0.017685649	-0.091524582
0.397000000	0.001834896	0.632344223	0.395927229	0.002142549	-1.028272460	-3.142698854	0.152104634	0.126737323	-0.109304550	0.177584974	-0.017600981	-0.091654968
0.398000000	0.001987114	0.632470725	0.395818111	0.002320265	-1.028290019	-3.142790574	0.152331717	0.126264867	-0.108930933	0.177846502	-0.017516358	-0.091784863
0.399000000	0.002139559	0.632596753	0.395709367	0.002498242	-1.028307493	-3.142882423	0.152557917	0.125791760	-0.108556680	0.178107018	-0.017431781	-0.091914267
0.400000000	0.002292230	0.632722308	0.395600998	0.002676479	-1.028324882	-3.142974402	0.152783233	0.125318005	-0.108181792	0.178366523	-0.017347250	-0.092043180
0.401000000	0.002445125	0.632847389	0.395493003	0.002854975	-1.028342187	-3.143066510	0.153007664	0.124843604	-0.107806272	0.178625016	-0.017262764	-0.092171603
0.402000000	0.002598245	0.632971995	0.395385385	0.003033729	-1.028359408	-3.143158745	0.153231209	0.124368561	-0.107430122	0.178882495	-0.017178325	-0.092299533
0.403000000	0.002751588	0.633096126	0.395278143	0.003212740	-1.028376544	-3.143251109	0.153453868	0.123892877	-0.107053345	0.179138960	-0.017093932	-0.092426973
0.404000000	0.002905153	0.633219781	0.395171278	0.003392007	-1.028393596	-3.143343599	0.153675639	0.123416556	-0.106675943	0.179394411	-0.017009585	-0.092553920
0.405000000	0.003058939	0.633342959	0.395064791	0.003571529	-1.028410563	-3.143436217	0.153896523	0.122939600	-0.106297917	0.179648846	-0.016925284	-0.092680376
0.406000000	0.003212946	0.633465660	0.394958682	0.003751305	-1.028427446	-3.143528960	0.154116518	0.122462011	-0.105919271	0.179902265	-0.016841030	-0.092806340
0.407000000	0.003367172	0.633587883	0.394852953	0.003931334	-1.028444245	-3.143621829	0.154335625	0.121983793	-0.105540006	0.180154668	-0.016756823	-0.092931811
0.408000000	0.003521617	0.633709628	0.394747602	0.004111614	-1.028460960	-3.143714824	0.154553841	0.121504947	-0.105160125	0.180406052	-0.016672663	-0.093056790
0.409000000	0.003676280	0.633830893	0.394642632	0.004292146	-1.028477591	-3.143807943	0.154771166	0.121025477	-0.104779630	0.180656419	-0.016588550	-0.093181276
0.410000000	0.003831159	0.633951679	0.394538043	0.004472927	-1.028494137	-3.143901186	0.154987600	0.120545385	-0.104398524	0.180905766	-0.016504484	-0.093305269
0.411000000	0.003986255	0.634071984	0.394433835	0.004653957	-1.028510599	-3.143994554	0.155203142	0.120064674	-0.104016808	0.181154094	-0.016420465	-0.093428770
0.412000000	0.004141566	0.634191808	0.394330010	0.004835235	-1.028526978	-3.144088044	0.155417792	0.119583346	-0.103634485	0.181401401	-0.016336493	-0.093551776
0.413000000	0.004297091	0.634311151	0.394226566	0.005016760	-1.028543272	-3.144181657	0.155631548	0.119101405	-0.103251557	0.181647688	-0.016252569	-0.093674290
0.414000000	0.004452829	0.634430011	0.394123506	0.005198531	-1.028559483	-3.144275392	0.155844409	0.118618851	-0.102868026	0.181892953	-0.016168693	-0.093796310
0.415000000	0.004608779	0.634548388	0.394020830	0.005380546	-1.028575610	-3.144369250	0.156056376	0.118135689	-0.102483894	0.182137195	-0.016084864	-0.093917836
0.416000000	0.004764942	0.634666282	0.393918539	0.005562805	-1.028591653	-3.144463228	0.156267448	0.117651922	-0.102099166	0.182380414	-0.016001083	-0.094038868
0.417000000	0.004921314	0.634783692	0.393816632	0.005745307	-1.028607612	-3.144557327	0.156477624	0.117167550	-0.101713841	0.182622609	-0.015917349	-0.094159406
0.418000000	0.005077897	0.634900618	0.393715111	0.005928050	-1.028623488	-3.144651547	0.156686903	0.116682578	-0.101327922	0.182863780	-0.015833664	-0.094279450
0.419000000	0.005234688	0.635017057	0.393613976	0.006111035	-1.028639279	-3.144745886	0.156895284	0.116197007	-0.100941413	0.183103926	-0.015750027	-0.094398999
0.420000000	0.005391687	0.635133012	0.393513228	0.006294258	-1.028654988	-3.144840345	0.157102767	0.115710841	-0.100554314	0.183343046	-0.015666438	-0.094518053
0.421000000	0.005548894	0.635248479	0.393412868	0.006477721	-1.028670612	-3.144934922	0.157309352	0.115224082	-0.100166629	0.183581139	-0.015582897	-0.094636612
0.422000000	0.005706306	0.635363460	0.393312895	0.006661421	-1.028686153	-3.145029618	0.157515037	0.114736733	-0.099778360	0.183818206	-0.015499404	-0.094754677
0.423000000	0.005863924	0.635477953	0.393213311	0.006845357	-1.028701611	-3.145124432	0.157719823	0.114248796	-0.099389509	0.184054244	-0.015415960	-0.094872246
0.424000000	0.006021746	0.635591957	0.393114116	0.007029529	-1.028716985	-3.145219363	0.157923707	0.113760274	-0.099000078	0.184289255	-0.015332564	-0.094989319
0.425000000	0.006179771	0.635705473	0.393015311	0.007213936	-1.028732276	-3.145314410	0.158126690	0.113271170	-0.098610069	0.184523235	-0.015249217	-0.095105897
0.426000000	0.006337999	0.635818500	0.392916896	0.007398576	-1.028747484	-3.145409574	0.158328772	0.112781486	-0.098219486	0.184756187	-0.015165919	-0.095221979
0.427000000	0.006496429	0.635931036	0.392818872	0.007583448	-1.028762608	-3.145504854	0.158529950	0.112291225	-0.097828330	0.184988107	-0.015082669	-0.095337566
0.428000000	0.006655059	0.636043082	0.392721239	0.007768552	-1.028777649	-3.145600250	0.158730226	0.111800389	-0.097436603	0.185218997	-0.014999468	-0.095452656
0.429000000	0.006813889	0.636154637	0.392623999	0.007953886	-1.028792607	-3.145695760	0.158929597	0.111308982	-0.097044309	0.185448855	-0.014916316	-0.095567249
0.430000000	0.006972918	0.636265700	0.392527150	0.008139449	-1.028807482	-3.145791384	0.159128065	0.110817006	-0.096651448	0.185677681	-0.014833213	-0.095681347
0.431000000	0.007132145	0.636376271	0.392430696	0.008325241	-1.028822273	-3.145887122	0.159325627	0.110324463	-0.096258024	0.185905474	-0.014750158	-0.095794947
0.432000000	0.007291570	0.636486349	0.392334634	0.008511260	-1.028836982	-3.145982974	0.159522283	0.109831356	-0.095864040	0.186132234	-0.014667153	-0.095908051
0.433000000	0.007451190	0.636595934	0.392238968	0.008697506	-1.028851608	-3.146078938	0.159718033	0.109337688	-0.095469496	0.186357959	-0.014584197	-0.096020658
0.434000000	0.007611006	0.636705024	0.392143695	0.008883976	-1.028866150	-3.146175015	0.159912876	0.108843462	-0.095074395	0.186582649	-0.014501290	-0.096132767
0.435000000	0.007771016	0.636813621	0.392048819	0.009070671	-1.028880610	-3.146271204	0.160106812	0.108348680	-0.094678741	0.186806304	-0.014418432	-0.096244379
0.436000000	0.007931219	0.636921722	0.391954338	0.009257589	-1.028894987	-3.146367504	0.160299839	0.107853344	-0.094282535	0.187028923	-0.014335623	-0.096355494
0.437000000	0.008091615	0.637029327	0.391860254	0.009444729	-1.028909281	-3.146463915	0.160491958	0.107357458	-0.093885780	0.187250506	-0.014252864	-0.096466111
0.438000000	0.008252203	0.637136437	0.391766566	0.009632090	-1.028923493	-3.146560436	0.160683168	0.106861025	-0.093488477	0.187471051	-0.014170154	-0.096576230
0.439000000	0.008412982	0.637243049	0.391673277	0.009819671	-1.028937622	-3.146657067	0.160873467	0.106364046	-0.093090630	0.187690558	-0.014087493	-0.096685851
0.440000000	0.008573950	0.637349165	0.391580385	0.010007471	-1.028951668	-3.146753808	0.161062857	0.105866524	-0.092692240	0.187909027	-0.014004882	-0.096794974
0.441000000	0.008735107	0.637454782	0.391487892	0.010195489	-1.028965632	-3.146850657	0.161251335	0.105368463	-0.092293311	0.188126456	-0.013922320	-0.096903598
0.442000000	0.008896453	0.637559902	0.391395799	0.010383724	-1.028979513	-3.146947615	0.161438901	0.104869864	-0.091893843	0.188342847	-0.013839807	-0.097011724
0.443000000	0.009057985	0.637664522	0.391304105	0.010572175	-1.028993311	-3.147044681	0.161625555	0.104370731	-0.091493841	0.188558197	-0.013757344	-0.097119351
0.444000000	0.009219704	0.637768643	0.391212811	0.010760840	-1.029007027	-3.147141854	0.161811296	0.103871065	-0.091093305	0.188772506	-0.013674930	-0.097226480
0.445000000	0.009381608	0.637872264	0.391121918	0.010949720	-1.029020661	-3.147239134	0.161996124	0.103370871	-0.090692239	0.188985773	-0.013592566	-0.097333109
0.446000000	0.009543696	0.637975385	0.391031426	0.011138812	-1.029034212	-3.147336520	0.162180038	0.102870150	-0.090290645	0.189197999	-0.013510252	-0.097439240
0.447000000	0.009705968	0.638078005	0.390941337	0.011328116	-1.029047682	-3.147434012	0.162363038	0.102368905	-0.089888524	0.189409182	-0.013427987	-0.097544870
0.448000000	0.009868422	0.638180123	0.390851649	0.011517630	-1.029061068	-3.147531610	0.162545122	0.101867140	-0.089485881	0.189619322	-0.013345771	-0.097650002
0.449000000	0.010031058	0.638281739	0.390762365	0.011707354	-1.029074373	-3.147629312	0.162726291	0.101364855	-0.089082716	0.189828419	-0.013263605	-0.097754634
0.450000000	0.010193875	0.638382852	0.390673484	0.011897287	-1.029087596	-3.147727119	0.162906544	0.100862054	-0.088679033	0.190036471	-0.013181489	-0.097858766
0.451000000	0.010356871	0.638483463	0.390585007	0.012087427	-1.029100736	-3.147825030	0.163085879	0.100358741	-0.088274833	0.190243478	-0.013099422	-0.097962397
0.452000000	0.010520047	0.638583570	0.390496934	0.012277774	-1.029113794	-3.147923044	0.163264298	0.099854917	-0.087870119	0.190449440	-0.013017405	-0.098065529
0.453000000	0.010683400	0.638683173	0.390409267	0.012468326	-1.029126771	-3.148021161	0.163441799	0.099350584	-0.087464894	0.190654356	-0.012935438	-0.098168161
0.454000000	0.010846930	0.638782271	0.390322004	0.012659083	-1.029139665	-3.148119380	0.163618381	0.098845747	-0.087059159	0.190858226	-0.012853520	-0.098270292
0.455000000	0.011010637	0.638880864	0.390235148	0.012850043	-1.029152478	-3.148217701	0.163794045	0.098340407	-0.086652918	0.191061049	-0.012771651	-0.098371923
0.456000000	0.011174518	0.638978952	0.390148699	0.013041205	-1.029165209	-3.148316124	0.163968789	0.097834568	-0.086246173	0.191262823	-0.012689832	-0.098473052
0.457000000	0.011338574	0.639076533	0.390062656	0.013232568	-1.029177858	-3.148414648	0.164142613	0.097328231	-0.085838925	0.191463551	-0.012608063	-0.098573681
0.458000000	0.011502803	0.639173608	0.389977021	0.013424132	-1.029190425	-3.148513271	0.164315517	0.096821400	-0.085431178	0.191663229	-0.012526343	-0.098673809
0.459000000	0.011667205	0.639270176	0.389891794	0.013615895	-1.029202910	-3.148611995	0.164487500	0.096314077	-0.085022934	0.191861858	-0.012444673	-0.098773436
0.460000000	0.011831778	0.639366236	0.389806975	0.013807856	-1.029215314	-3.148710818	0.164658561	0.095806265	-0.084614195	0.192059437	-0.012363052	-0.098872561
0.461000000	0.011996522	0.639461789	0.389722565	0.014000014	-1.029227636	-3.148809740	0.164828700	0.095297967	-0.084204963	0.192255966	-0.012281481	-0.098971185
0.462000000	0.012161436	0.639556832	0.389638565	0.014192368	-1.029239877	-3.148908761	0.164997916	0.094789184	-0.083795241	0.192451445	-0.012199959	-0.099069307
0.463000000	0.012326518	0.639651367	0.389554975	0.014384917	-1.029252036	-3.149007879	0.165166210	0.094279921	-0.083385032	0.192645872	-0.012118487	-0.099166927
0.464000000	0.012491768	0.639745392	0.389471795	0.014577659	-1.029264114	-3.149107095	0.165333580	0.093770180	-0.082974338	0.192839247	-0.012037064	-0.099264046
0.465000000	0.012657185	0.639838907	0.389389026	0.014770595	-1.029276110	-3.149206407	0.165500026	0.093259963	-0.082563161	0.193031570	-0.011955691	-0.099360662
0.466000000	0.012822768	0.639931912	0.389306669	0.014963723	-1.029288025	-3.149305816	0.165665547	0.092749273	-0.082151504	0.193222840	-0.011874367	-0.099456776
0.467000000	0.012988516	0.640024406	0.389224723	0.015157041	-1.029299859	-3.149405321	0.165830143	0.092238112	-0.081739369	0.193413057	-0.011793092	-0.099552387
0.468000000	0.013154429	0.640116388	0.389143190	0.015350549	-1.029311612	-3.149504921	0.165993814	0.091726484	-0.081326758	0.193602220	-0.011711867	-0.099647496
0.469000000	0.013320504	0.640207859	0.389062069	0.015544245	-1.029323283	-3.149604616	0.166156559	0.091214391	-0.080913674	0.193790328	-0.011630690	-0.099742103
0.470000000	0.013486742	0.640298817	0.388981362	0.015738129	-1.029334873	-3.149704405	0.166318377	0.090701836	-0.080500120	0.193977382	-0.011549563	-0.099836206
0.471000000	0.013653141	0.640389263	0.388901069	0.015932200	-1.029346382	-3.149804288	0.166479268	0.090188822	-0.080086098	0.194163380	-0.011468486	-0.099929807
0.472000000	0.013819700	0.640479195	0.388821190	0.016126456	-1.029357810	-3.149904264	0.166639231	0.089675350	-0.079671609	0.194348323	-0.011387457	-0.100022905
0.473000000	0.013986419	0.640568613	0.388741726	0.016320897	-1.029369157	-3.150004334	0.166798267	0.089161425	-0.079256658	0.194532209	-0.011306477	-0.100115499
0.474000000	0.014153297	0.640657518	0.388662677	0.016515520	-1.029380423	-3.150104495	0.166956374	0.088647048	-0.078841245	0.194715039	-0.011225547	-0.100207590
0.475000000	0.014320332	0.640745907	0.388584044	0.016710327	-1.029391608	-3.150204749	0.167113552	0.088132222	-0.078425374	0.194896811	-0.011144665	-0.100299177
0.476000000	0.014487524	0.640833782	0.388505826	0.016905314	-1.029402712	-3.150305094	0.167269801	0.087616951	-0.078009048	0.195077525	-0.011063832	-0.100390261
0.477000000	0.014654872	0.640921141	0.388428025	0.017100482	-1.029413736	-3.150405529	0.167425120	0.087101235	-0.077592267	0.195257181	-0.010983048	-0.100480841
0.478000000	0.014822374	0.641007985	0.388350642	0.017295828	-1.029424678	-3.150506055	0.167579509	0.086585080	-0.077175035	0.195435779	-0.010902313	-0.100570917
0.479000000	0.014990031	0.641094311	0.388273675	0.017491353	-1.029435540	-3.150606671	0.167732967	0.086068486	-0.076757355	0.195613317	-0.010821627	-0.100660488
0.480000000	0.015157840	0.641180122	0.388197127	0.017687055	-1.029446322	-3.150707376	0.167885494	0.085551457	-0.076339228	0.195789795	-0.010740989	-0.100749556
0.481000000	0.015325802	0.641265414	0.388120997	0.017882933	-1.029457022	-3.150808170	0.168037089	0.085033996	-0.075920658	0.195965214	-0.010660400	-0.100838119
0.482000000	0.015493914	0.641350190	0.388045286	0.018078986	-1.029467642	-3.150909053	0.168187752	0.084516105	-0.075501647	0.196139572	-0.010579859	-0.100926178
0.483000000	0.015662177	0.641434447	0.387969994	0.018275212	-1.029478182	-3.151010023	0.168337482	0.083997787	-0.075082196	0.196312869	-0.010499367	-0.101013732
0.484000000	0.015830589	0.641518185	0.387895121	0.018471611	-1.029488641	-3.151111080	0.168486280	0.083479044	-0.074662309	0.196485104	-0.010418923	-0.101100781
0.485000000	0.015999150	0.641601405	0.387820669	0.018668182	-1.029499020	-3.151212224	0.168634143	0.082959880	-0.074241989	0.196656277	-0.010338528	-0.101187326
0.486000000	0.016167857	0.641684105	0.387746637	0.018864924	-1.029509318	-3.151313455	0.168781074	0.082440296	-0.073821236	0.196826388	-0.010258180	-0.101273365
0.487000000	0.016336712	0.641766285	0.387673027	0.019061835	-1.029519536	-3.151414771	0.168927069	0.081920297	-0.073400055	0.196995437	-0.010177881	-0.101358899
0.488000000	0.016505712	0.641847945	0.387599837	0.019258915	-1.029529674	-3.151516173	0.169072131	0.081399883	-0.072978447	0.197163422	-0.010097630	-0.101443928
0.489000000	0.016674856	0.641929085	0.387527070	0.019456162	-1.029539731	-3.151617659	0.169216256	0.080879059	-0.072556416	0.197330343	-0.010017427	-0.101528452
0.490000000	0.016844144	0.642009704	0.387454724	0.019653575	-1.029549709	-3.151719230	0.169359447	0.080357827	-0.072133962	0.197496200	-0.009937272	-0.101612470
0.491000000	0.017013575	0.642089801	0.387382802	0.019851154	-1.029559606	-3.151820884	0.169501701	0.079836190	-0.071711089	0.197660993	-0.009857164	-0.101695982
0.492000000	0.017183148	0.642169376	0.387311302	0.020048897	-1.029569423	-3.151922621	0.169643019	0.079314149	-0.071287800	0.197824720	-0.009777105	-0.101778989
0.493000000	0.017352861	0.642248429	0.387240226	0.020246804	-1.029579160	-3.152024442	0.169783400	0.078791709	-0.070864097	0.197987382	-0.009697092	-0.101861489
0.494000000	0.017522714	0.642326959	0.387169574	0.020444872	-1.029588817	-3.152126344	0.169922844	0.078268871	-0.070439982	0.198148979	-0.009617128	-0.101943484
0.495000000	0.017692707	0.642404967	0.387099346	0.020643102	-1.029598394	-3.152228329	0.170061351	0.077745639	-0.070015457	0.198309509	-0.009537211	-0.102024972
0.496000000	0.017862837	0.642482451	0.387029543	0.020841491	-1.029607892	-3.152330394	0.170198919	0.077222015	-0.069590526	0.198468972	-0.009457341	-0.102105954
0.497000000	0.018033104	0.642559411	0.386960165	0.021040040	-1.029617309	-3.152432541	0.170335549	0.076698001	-0.069165191	0.198627368	-0.009377518	-0.102186430
0.498000000	0.018203508	0.642635847	0.386891213	0.021238746	-1.029626647	-3.152534767	0.170471240	0.076173602	-0.068739454	0.198784697	-0.009297742	-0.102266399
0.499000000	0.018374047	0.642711758	0.386822686	0.021437609	-1.029635905	-3.152637074	0.170605992	0.075648818	-0.068313318	0.198940958	-0.009218014	-0.102345861
0.500000000	0.018544720	0.642787144	0.386754586	0.021636628	-1.029645083	-3.152739459	0.170739804	0.075123653	-0.067886785	0.199096151	-0.009138332	-0.102424817
0.501000000	0.018715527	0.642862005	0.386686913	0.021835801	-1.029654181	-3.152841923	0.170872676	0.074598111	-0.067459857	0.199250275	-0.009058697	-0.102503265
0.502000000	0.018886465	0.642936341	0.386619666	0.022035128	-1.029663200	-3.152944466	0.171004608	0.074072193	-0.067032538	0.199403330	-0.008979109	-0.102581207
0.503000000	0.019057536	0.643010150	0.386552848	0.022234608	-1.029672140	-3.153047086	0.171135599	0.073545901	-0.066604830	0.199555315	-0.008899567	-0.102658641
0.504000000	0.019228737	0.643083432	0.386486457	0.022434239	-1.029680999	-3.153149783	0.171265649	0.073019240	-0.066176735	0.199706230	-0.008820072	-0.102735568
0.505000000	0.019400067	0.643156188	0.386420494	0.022634020	-1.029689780	-3.153252557	0.171394758	0.072492212	-0.065748256	0.199856076	-0.008740623	-0.102811988
0.506000000	0.019571526	0.643228417	0.386354960	0.022833951	-1.029698481	-3.153355407	0.171522924	0.071964818	-0.065319394	0.200004850	-0.008661220	-0.102887900
0.507000000	0.019743113	0.643300118	0.386289855	0.023034030	-1.029707102	-3.153458333	0.171650148	0.071437063	-0.064890154	0.200152554	-0.008581864	-0.102963304
0.508000000	0.019914826	0.643371291	0.386225180	0.023234256	-1.029715644	-3.153561333	0.171776430	0.070908949	-0.064460537	0.200299186	-0.008502553	-0.103038201
0.509000000	0.020086666	0.643441936	0.386160934	0.023434628	-1.029724107	-3.153664409	0.171901769	0.070380477	-0.064030545	0.200444746	-0.008423288	-0.103112590
0.510000000	0.020258630	0.643512052	0.386097119	0.023635146	-1.029732491	-3.153767559	0.172026164	0.069851653	-0.063600182	0.200589234	-0.008344069	-0.103186470
0.511000000	0.020430718	0.643581639	0.386033734	0.023835807	-1.029740795	-3.153870782	0.172149616	0.069322477	-0.063169449	0.200732650	-0.008264895	-0.103259843
0.512000000	0.020602929	0.643650697	0.385970780	0.024036611	-1.029749021	-3.153974078	0.172272124	0.068792953	-0.062738350	0.200874993	-0.008185767	-0.103332707
0.513000000	0.020775262	0.643719225	0.385908257	0.024237557	-1.029757167	-3.154077447	0.172393687	0.068263083	-0.062306887	0.201016262	-0.008106684	-0.103405063
0.514000000	0.020947717	0.643787223	0.385846166	0.024438644	-1.029765234	-3.154180888	0.172514306	0.067732870	-0.061875062	0.201156458	-0.008027646	-0.103476911
0.515000000	0.021120291	0.643854691	0.385784507	0.024639870	-1.029773222	-3.154284401	0.172633980	0.067202317	-0.061442877	0.201295580	-0.007948654	-0.103548250
0.516000000	0.021292985	0.643921628	0.385723280	0.024841235	-1.029781131	-3.154387985	0.172752708	0.066671428	-0.061010337	0.201433628	-0.007869706	-0.103619081
0.517000000	0.021465796	0.643988033	0.385662486	0.025042737	-1.029788962	-3.154491639	0.172870490	0.066140203	-0.060577442	0.201570601	-0.007790803	-0.103689402
0.518000000	0.021638726	0.644053908	0.385602125	0.025244376	-1.029796713	-3.154595364	0.172987327	0.065608646	-0.060144195	0.201706499	-0.007711944	-0.103759215
0.519000000	0.021811771	0.644119251	0.385542198	0.025446150	-1.029804385	-3.154699158	0.173103216	0.065076760	-0.059710600	0.201841322	-0.007633130	-0.103828518
0.520000000	0.021984932	0.644184062	0.385482704	0.025648059	-1.029811979	-3.154803021	0.173218160	0.064544547	-0.059276657	0.201975069	-0.007554360	-0.103897313
0.521000000	0.022158207	0.644248340	0.385423645	0.025850100	-1.029819494	-3.154906952	0.173332156	0.064012011	-0.058842371	0.202107740	-0.007475635	-0.103965598
0.522000000	0.022331596	0.644312086	0.385365020	0.026052274	-1.029826930	-3.155010952	0.173445205	0.063479154	-0.058407744	0.202239334	-0.007396953	-0.104033374
0.523000000	0.022505098	0.644375298	0.385306829	0.026254579	-1.029834288	-3.155115019	0.173557306	0.062945979	-0.057972778	0.202369853	-0.007318315	-0.104100640
0.524000000	0.022678711	0.644437977	0.385249074	0.026457014	-1.029841567	-3.155219153	0.173668459	0.062412488	-0.057537474	0.202499294	-0.007239721	-0.104167397
0.525000000	0.022852435	0.644500123	0.385191754	0.026659577	-1.029848768	-3.155323354	0.173778664	0.061878684	-0.057101838	0.202627657	-0.007161171	-0.104233644
0.526000000	0.023026268	0.644561735	0.385134870	0.026862269	-1.029855889	-3.155427620	0.173887920	0.061344570	-0.056665870	0.202754943	-0.007082664	-0.104299382
0.527000000	0.023200211	0.644622812	0.385078422	0.027065087	-1.029862933	-3.155531953	0.173996227	0.060810149	-0.056229573	0.202881151	-0.007004200	-0.104364609
0.528000000	0.023374261	0.644683355	0.385022411	0.027268031	-1.029869898	-3.155636350	0.174103585	0.060275423	-0.055792950	0.203006281	-0.006925779	-0.104429327
0.529000000	0.023548418	0.644743363	0.384966837	0.027471100	-1.029876784	-3.155740811	0.174209994	0.059740395	-0.055356003	0.203130332	-0.006847401	-0.104493534
0.530000000	0.023722681	0.644802836	0.384911699	0.027674292	-1.029883593	-3.155845337	0.174315452	0.059205069	-0.054918735	0.203253304	-0.006769066	-0.104557232
0.531000000	0.023897049	0.644861773	0.384856999	0.027877607	-1.029890323	-3.155949926	0.174419961	0.058669445	-0.054481148	0.203375197	-0.006690773	-0.104620419
0.532000000	0.024071521	0.644920175	0.384802737	0.028081042	-1.029896974	-3.156054578	0.174523519	0.058133529	-0.054043246	0.203496010	-0.006612523	-0.104683095
0.533000000	0.024246096	0.644978040	0.384748913	0.028284599	-1.029903548	-3.156159292	0.174626126	0.057597321	-0.053605030	0.203615744	-0.006534315	-0.104745261
0.534000000	0.024420773	0.645035369	0.384695527	0.028488274	-1.029910043	-3.156264068	0.174727782	0.057060825	-0.053166503	0.203734397	-0.006456149	-0.104806917
0.535000000	0.024595551	0.645092162	0.384642580	0.028692067	-1.029916460	-3.156368906	0.174828488	0.056524044	-0.052727668	0.203851970	-0.006378024	-0.104868062
0.536000000	0.024770430	0.645148418	0.384590071	0.028895978	-1.029922799	-3.156473804	0.174928241	0.055986980	-0.052288526	0.203968463	-0.006299942	-0.104928696
0.537000000	0.024945408	0.645204136	0.384538003	0.029100004	-1.029929060	-3.156578763	0.175027043	0.055449636	-0.051849082	0.204083874	-0.006221901	-0.104988819
0.538000000	0.025120484	0.645259317	0.384486373	0.029304146	-1.029935243	-3.156683782	0.175124893	0.054912015	-0.051409336	0.204198204	-0.006143902	-0.105048431
0.539000000	0.025295657	0.645313960	0.384435184	0.029508401	-1.029941348	-3.156788860	0.175221790	0.054374120	-0.050969293	0.204311452	-0.006065943	-0.105107532
0.540000000	0.025470927	0.645368065	0.384384435	0.029712768	-1.029947375	-3.156893997	0.175317735	0.053835953	-0.050528954	0.204423619	-0.005988026	-0.105166122
0.541000000	0.025646293	0.645421632	0.384334126	0.029917248	-1.029953324	-3.156999192	0.175412727	0.053297516	-0.050088322	0.204534704	-0.005910149	-0.105224201
0.542000000	0.025821753	0.645474660	0.384284258	0.030121838	-1.029959195	-3.157104445	0.175506765	0.052758814	-0.049647399	0.204644706	-0.005832313	-0.105281768
0.543000000	0.025997306	0.645527149	0.384234831	0.030326537	-1.029964988	-3.157209756	0.175599851	0.052219848	-0.049206189	0.204753626	-0.005754518	-0.105338824
0.544000000	0.026172953	0.645579100	0.384185846	0.030531345	-1.029970704	-3.157315123	0.175691982	0.051680622	-0.048764694	0.204861462	-0.005676762	-0.105395368
0.545000000	0.026348690	0.645630511	0.384137302	0.030736260	-1.029976342	-3.157420547	0.175783160	0.051141137	-0.048322915	0.204968216	-0.005599047	-0.105451400
0.546000000	0.026524519	0.645681382	0.384089200	0.030941282	-1.029981902	-3.157526026	0.175873384	0.050601397	-0.047880856	0.205073886	-0.005521372	-0.105506921
0.547000000	0.026700437	0.645731714	0.384041540	0.031146408	-1.029987385	-3.157631560	0.175962653	0.050061405	-0.047438520	0.205178472	-0.005443736	-0.105561930
0.548000000	0.026876444	0.645781505	0.383994323	0.031351639	-1.029992789	-3.157737150	0.176050967	0.049521163	-0.046995908	0.205281974	-0.005366140	-0.105616427
0.549000000	0.027052539	0.645830756	0.383947548	0.031556972	-1.029998117	-3.157842793	0.176138327	0.048980675	-0.046553025	0.205384392	-0.005288583	-0.105670412
0.550000000	0.027228721	0.645879466	0.383901217	0.031762407	-1.030003367	-3.157948491	0.176224731	0.048439942	-0.046109871	0.205485726	-0.005211065	-0.105723885
0.551000000	0.027404989	0.645927636	0.383855329	0.031967943	-1.030008539	-3.158054241	0.176310180	0.047898967	-0.045666450	0.205585975	-0.005133586	-0.105776846
0.552000000	0.027581341	0.645975264	0.383809884	0.032173579	-1.030013634	-3.158160044	0.176394674	0.047357754	-0.045222764	0.205685139	-0.005056146	-0.105829294
0.553000000	0.027757778	0.646022351	0.383764883	0.032379314	-1.030018651	-3.158265900	0.176478212	0.046816305	-0.044778816	0.205783218	-0.004978744	-0.105881230
0.554000000	0.027934298	0.646068897	0.383720326	0.032585146	-1.030023591	-3.158371807	0.176560794	0.046274622	-0.044334608	0.205880211	-0.004901381	-0.105932654
0.555000000	0.028110900	0.646114900	0.383676214	0.032791074	-1.030028454	-3.158477765	0.176642419	0.045732709	-0.043890144	0.205976119	-0.004824056	-0.105983565
0.556000000	0.028287583	0.646160362	0.383632546	0.032997098	-1.030033239	-3.158583774	0.176723088	0.045190568	-0.043445424	0.206070941	-0.004746768	-0.106033963
0.557000000	0.028464346	0.646205282	0.383589323	0.033203216	-1.030037948	-3.158689833	0.176802800	0.044648203	-0.043000454	0.206164676	-0.004669519	-0.106083849
0.558000000	0.028641188	0.646249659	0.383546545	0.033409427	-1.030042578	-3.158795941	0.176881556	0.044105615	-0.042555233	0.206257326	-0.004592306	-0.106133222
0.559000000	0.028818109	0.646293493	0.383504212	0.033615731	-1.030047132	-3.158902099	0.176959354	0.043562808	-0.042109767	0.206348889	-0.004515131	-0.106182081
0.560000000	0.028995107	0.646336784	0.383462325	0.033822125	-1.030051609	-3.159008306	0.177036195	0.043019784	-0.041664056	0.206439365	-0.004437993	-0.106230428
0.561000000	0.029172181	0.646379532	0.383420884	0.034028609	-1.030056008	-3.159114560	0.177112079	0.042476546	-0.041218103	0.206528754	-0.004360892	-0.106278262
0.562000000	0.029349331	0.646421737	0.383379889	0.034235183	-1.030060330	-3.159220862	0.177187005	0.041933096	-0.040771912	0.206617056	-0.004283828	-0.106325583
0.563000000	0.029526555	0.646463399	0.383339341	0.034441843	-1.030064576	-3.159327211	0.177260973	0.041389439	-0.040325484	0.206704270	-0.004206799	-0.106372391
0.564000000	0.029703853	0.646504516	0.383299238	0.034648591	-1.030068744	-3.159433607	0.177333982	0.040845575	-0.039878823	0.206790397	-0.004129808	-0.106418685
0.565000000	0.029881223	0.646545090	0.383259583	0.034855424	-1.030072835	-3.159540049	0.177406034	0.040301509	-0.039431930	0.206875436	-0.004052852	-0.106464466
0.566000000	0.030058665	0.646585119	0.383220374	0.035062342	-1.030076850	-3.159646536	0.177477127	0.039757242	-0.038984809	0.206959387	-0.003975932	-0.106509733
0.567000000	0.030236177	0.646624604	0.383181613	0.035269343	-1.030080787	-3.159753068	0.177547261	0.039212779	-0.038537463	0.207042250	-0.003899047	-0.106554487
0.568000000	0.030413760	0.646663545	0.383143300	0.035476426	-1.030084648	-3.159859645	0.177616437	0.038668120	-0.038089893	0.207124024	-0.003822198	-0.106598727
0.569000000	0.030591410	0.646701941	0.383105433	0.035683591	-1.030088432	-3.159966266	0.177684653	0.038123270	-0.037642101	0.207204709	-0.003745384	-0.106642454
0.570000000	0.030769129	0.646739791	0.383068015	0.035890836	-1.030092139	-3.160072930	0.177751910	0.037578230	-0.037194092	0.207284306	-0.003668604	-0.106685666
0.571000000	0.030946914	0.646777097	0.383031045	0.036098160	-1.030095769	-3.160179637	0.177818208	0.037033004	-0.036745868	0.207362814	-0.003591860	-0.106728365
0.572000000	0.031124765	0.646813857	0.382994524	0.036305562	-1.030099322	-3.160286386	0.177883546	0.036487595	-0.036297430	0.207440233	-0.003515149	-0.106770550
0.573000000	0.031302681	0.646850072	0.382958450	0.036513040	-1.030102799	-3.160393178	0.177947925	0.035942004	-0.035848782	0.207516563	-0.003438473	-0.106812221
0.574000000	0.031480661	0.646885741	0.382922826	0.036720595	-1.030106199	-3.160500011	0.178011344	0.035396235	-0.035399927	0.207591802	-0.003361831	-0.106853378
0.575000000	0.031658704	0.646920865	0.382887651	0.036928224	-1.030109523	-3.160606885	0.178073802	0.034850291	-0.034950866	0.207665953	-0.003285223	-0.106894021
0.576000000	0.031836809	0.646955442	0.382852924	0.037135927	-1.030112770	-3.160713799	0.178135301	0.034304175	-0.034501603	0.207739013	-0.003208649	-0.106934150
0.577000000	0.032014975	0.646989473	0.382818647	0.037343702	-1.030115940	-3.160820753	0.178195839	0.033757889	-0.034052140	0.207810983	-0.003132107	-0.106973764
0.578000000	0.032193200	0.647022958	0.382784820	0.037551549	-1.030119034	-3.160927747	0.178255416	0.033211435	-0.033602479	0.207881863	-0.003055599	-0.107012864
0.579000000	0.032371485	0.647055896	0.382751442	0.037759466	-1.030122051	-3.161034779	0.178314033	0.032664817	-0.033152623	0.207951653	-0.002979123	-0.107051449
0.580000000	0.032549828	0.647088287	0.382718515	0.037967452	-1.030124992	-3.161141849	0.178371689	0.032118038	-0.032702576	0.208020352	-0.002902680	-0.107089520
0.581000000	0.032728229	0.647120132	0.382686037	0.038175506	-1.030127857	-3.161248958	0.178428384	0.031571100	-0.032252340	0.208087960	-0.002826270	-0.107127076
0.582000000	0.032906685	0.647151430	0.382654010	0.038383628	-1.030130645	-3.161356104	0.178484118	0.031024005	-0.031801916	0.208154478	-0.002749891	-0.107164118
0.583000000	0.033085197	0.647182180	0.382622433	0.038591815	-1.030133356	-3.161463286	0.178538891	0.030476758	-0.031351309	0.208219905	-0.002673545	-0.107200645
0.584000000	0.033263763	0.647212383	0.382591307	0.038800068	-1.030135992	-3.161570505	0.178592702	0.029929360	-0.030900519	0.208284240	-0.002597230	-0.107236657
0.585000000	0.033442382	0.647242039	0.382560632	0.039008384	-1.030138551	-3.161677759	0.178645552	0.029381814	-0.030449550	0.208347484	-0.002520946	-0.107272155
0.586000000	0.033621054	0.647271147	0.382530408	0.039216763	-1.030141034	-3.161785049	0.178697440	0.028834123	-0.029998406	0.208409637	-0.002444694	-0.107307137
0.587000000	0.033799777	0.647299707	0.382500636	0.039425203	-1.030143440	-3.161892374	0.178748367	0.028286290	-0.029547087	0.208470698	-0.002368473	-0.107341604
0.588000000	0.033978551	0.647327719	0.382471314	0.039633704	-1.030145771	-3.161999732	0.178798331	0.027738318	-0.029095597	0.208530668	-0.002292282	-0.107375557
0.589000000	0.034157374	0.647355184	0.382442444	0.039842264	-1.030148025	-3.162107125	0.178847334	0.027190209	-0.028643939	0.208589545	-0.002216122	-0.107408994
0.590000000	0.034336246	0.647382100	0.382414026	0.040050883	-1.030150203	-3.162214550	0.178895375	0.026641966	-0.028192115	0.208647331	-0.002139992	-0.107441916
0.591000000	0.034515165	0.647408467	0.382386060	0.040259559	-1.030152305	-3.162322009	0.178942453	0.026093591	-0.027740127	0.208704025	-0.002063892	-0.107474323
0.592000000	0.034694130	0.647434287	0.382358546	0.040468291	-1.030154331	-3.162429499	0.178988568	0.025545089	-0.027287979	0.208759626	-0.001987821	-0.107506215
0.593000000	0.034873142	0.647459558	0.382331484	0.040677078	-1.030156281	-3.162537021	0.179033722	0.024996460	-0.026835673	0.208814135	-0.001911780	-0.107537591
0.594000000	0.035052198	0.647484280	0.382304875	0.040885919	-1.030158154	-3.162644574	0.179077913	0.024447709	-0.026383211	0.208867552	-0.001835769	-0.107568452
0.595000000	0.035231298	0.647508453	0.382278718	0.041094813	-1.030159952	-3.162752158	0.179121141	0.023898838	-0.025930597	0.208919876	-0.001759786	-0.107598797
0.596000000	0.035410440	0.647532077	0.382253014	0.041303759	-1.030161674	-3.162859772	0.179163406	0.023349849	-0.025477832	0.208971107	-0.001683832	-0.107628627
0.597000000	0.035589624	0.647555153	0.382227762	0.041512756	-1.030163320	-3.162967415	0.179204708	0.022800746	-0.025024919	0.209021246	-0.001607906	-0.107657941
0.598000000	0.035768850	0.647577679	0.382202964	0.041721802	-1.030164890	-3.163075088	0.179245048	0.022251531	-0.024571862	0.209070291	-0.001532009	-0.107686739
0.599000000	0.035948115	0.647599656	0.382178618	0.041930896	-1.030166384	-3.163182789	0.179284424	0.021702207	-0.024118663	0.209118244	-0.001456140	-0.107715022
0.600000000	0.036127418	0.647621083	0.382154726	0.042140038	-1.030167802	-3.163290518	0.179322837	0.021152776	-0.023665323	0.209165104	-0.001380298	-0.107742789
0.601000000	0.036306760	0.647641961	0.382131288	0.042349226	-1.030169144	-3.163398274	0.179360287	0.020603242	-0.023211847	0.209210870	-0.001304484	-0.107770040
0.602000000	0.036486139	0.647662290	0.382108303	0.042558460	-1.030170411	-3.163506058	0.179396774	0.020053607	-0.022758236	0.209255543	-0.001228697	-0.107796775
0.603000000	0.036665554	0.647682069	0.382085771	0.042767737	-1.030171602	-3.163613868	0.179432297	0.019503874	-0.022304494	0.209299123	-0.001152937	-0.107822994
0.604000000	0.036845004	0.647701298	0.382063694	0.042977058	-1.030172717	-3.163721704	0.179466857	0.018954046	-0.021850622	0.209341609	-0.001077204	-0.107848698
0.605000000	0.037024487	0.647719977	0.382042070	0.043186421	-1.030173756	-3.163829565	0.179500453	0.018404126	-0.021396624	0.209383002	-0.001001497	-0.107873885
0.606000000	0.037204004	0.647738106	0.382020900	0.043395824	-1.030174720	-3.163937452	0.179533085	0.017854116	-0.020942502	0.209423301	-0.000925817	-0.107898556
0.607000000	0.037383554	0.647755685	0.382000185	0.043605267	-1.030175608	-3.164045362	0.179564754	0.017304019	-0.020488258	0.209462506	-0.000850162	-0.107922711
0.608000000	0.037563134	0.647772714	0.381979924	0.043814749	-1.030176420	-3.164153297	0.179595459	0.016753837	-0.020033896	0.209500617	-0.000774533	-0.107946349
0.609000000	0.037742745	0.647789193	0.381960117	0.044024268	-1.030177157	-3.164261255	0.179625200	0.016203575	-0.019579418	0.209537635	-0.000698930	-0.107969472
0.610000000	0.037922384	0.647805121	0.381940765	0.044233824	-1.030177818	-3.164369236	0.179653977	0.015653233	-0.019124826	0.209573558	-0.000623351	-0.107992078
0.611000000	0.038102053	0.647820499	0.381921868	0.044443416	-1.030178404	-3.164477239	0.179681791	0.015102816	-0.018670124	0.209608388	-0.000547798	-0.108014168
0.612000000	0.038281748	0.647835327	0.381903425	0.044653041	-1.030178914	-3.164585264	0.179708640	0.014552326	-0.018215314	0.209642124	-0.000472269	-0.108035741
0.613000000	0.038461470	0.647849604	0.381885437	0.044862700	-1.030179348	-3.164693311	0.179734525	0.014001766	-0.017760398	0.209674765	-0.000396764	-0.108056798
0.614000000	0.038641217	0.647863330	0.381867904	0.045072391	-1.030179707	-3.164801378	0.179759446	0.013451137	-0.017305379	0.209706312	-0.000321284	-0.108077338
0.615000000	0.038820989	0.647876506	0.381850826	0.045282112	-1.030179991	-3.164909465	0.179783403	0.012900444	-0.016850260	0.209736765	-0.000245828	-0.108097362
0.616000000	0.039000784	0.647889131	0.381834204	0.045491864	-1.030180199	-3.165017573	0.179806396	0.012349689	-0.016395043	0.209766124	-0.000170395	-0.108116869
0.617000000	0.039180601	0.647901205	0.381818036	0.045701645	-1.030180331	-3.165125699	0.179828425	0.011798875	-0.015939732	0.209794388	-0.000094985	-0.108135859
0.618000000	0.039360441	0.647912729	0.381802324	0.045911453	-1.030180389	-3.165233844	0.179849489	0.011248005	-0.015484328	0.209821558	-0.000019599	-0.108154333
0.619000000	0.039540300	0.647923701	0.381787067	0.046121288	-1.030180371	-3.165342008	0.179869589	0.010697080	-0.015028835	0.209847633	0.000055765	-0.108172290
0.620000000	0.039720180	0.647934123	0.381772266	0.046331148	-1.030180277	-3.165450189	0.179888724	0.010146104	-0.014573254	0.209872614	0.000131106	-0.108189730
0.621000000	0.039900078	0.647943994	0.381757921	0.046541033	-1.030180108	-3.165558387	0.179906896	0.009595081	-0.014117589	0.209896500	0.000206425	-0.108206654
0.622000000	0.040079994	0.647953313	0.381744031	0.046750941	-1.030179864	-3.165666602	0.179924102	0.009044012	-0.013661843	0.209919291	0.000281722	-0.108223060
0.623000000	0.040259926	0.647962082	0.381730597	0.046960872	-1.030179545	-3.165774833	0.179940344	0.008492900	-0.013206017	0.209940988	0.000356997	-0.108238950
0.624000000	0.040439874	0.647970299	0.381717619	0.047170823	-1.030179150	-3.165883080	0.179955622	0.007941748	-0.012750115	0.209961591	0.000432250	-0.108254323
0.625000000	0.040619837	0.647977965	0.381705097	0.047380795	-1.030178680	-3.165991342	0.179969936	0.007390560	-0.012294139	0.209981098	0.000507483	-0.108269178
0.626000000	0.040799814	0.647985080	0.381693031	0.047590785	-1.030178135	-3.166099618	0.179983285	0.006839336	-0.011838092	0.209999511	0.000582694	-0.108283517
0.627000000	0.040979804	0.647991644	0.381681421	0.047800794	-1.030177515	-3.166207909	0.179995669	0.006288082	-0.011381976	0.210016830	0.000657885	-0.108297338
0.628000000	0.041159806	0.647997656	0.381670267	0.048010819	-1.030176820	-3.166316213	0.180007089	0.005736798	-0.010925795	0.210033053	0.000733056	-0.108310642
0.629000000	0.041339818	0.648003117	0.381659569	0.048220860	-1.030176049	-3.166424530	0.180017544	0.005185489	-0.010469550	0.210048181	0.000808206	-0.108323429
0.630000000	0.041519841	0.648008027	0.381649328	0.048430915	-1.030175203	-3.166532860	0.180027035	0.004634156	-0.010013244	0.210062216	0.000883336	-0.108335699
0.631000000	0.041699872	0.648012386	0.381639543	0.048640984	-1.030174282	-3.166641202	0.180035561	0.004082802	-0.009556881	0.210075155	0.000958447	-0.108347452
0.632000000	0.041879912	0.648016193	0.381630214	0.048851066	-1.030173286	-3.166749555	0.180043123	0.003531431	-0.009100462	0.210086999	0.001033538	-0.108358688
0.633000000	0.042059958	0.648019449	0.381621342	0.049061158	-1.030172215	-3.166857919	0.180049720	0.002980045	-0.008643991	0.210097748	0.001108611	-0.108369406
0.634000000	0.042240011	0.648022153	0.381612926	0.049271261	-1.030171069	-3.166966294	0.180055353	0.002428647	-0.008187469	0.210107403	0.001183664	-0.108379606
0.635000000	0.042420069	0.648024306	0.381604967	0.049481373	-1.030169848	-3.167074678	0.180060021	0.001877239	-0.007730900	0.210115963	0.001258700	-0.108389290
0.636000000	0.042600131	0.648025907	0.381597464	0.049691493	-1.030168552	-3.167183072	0.180063725	0.001325825	-0.007274287	0.210123428	0.001333716	-0.108398456
0.637000000	0.042780197	0.648026957	0.381590418	0.049901620	-1.030167180	-3.167291475	0.180066464	0.000774406	-0.006817631	0.210129798	0.001408715	-0.108407104
0.638000000	0.042960264	0.648027456	0.381583829	0.050111753	-1.030165734	-3.167399886	0.180068239	0.000222987	-0.006360935	0.210135074	0.001483697	-0.108415235
0.639000000	0.043140333	0.648027403	0.381577696	0.050321890	-1.030164213	-3.167508306	0.180069049	-0.000328431	-0.005904203	0.210139254	0.001558660	-0.108422849
0.640000000	0.043320402	0.648026799	0.381572021	0.050532031	-1.030162617	-3.167616732	0.180068895	-0.000879844	-0.005447437	0.210142340	0.001633607	-0.108429945
0.641000000	0.043500471	0.648025644	0.381566802	0.050742175	-1.030160946	-3.167725166	0.180067776	-0.001431251	-0.004990639	0.210144331	0.001708537	-0.108436523
0.642000000	0.043680538	0.648023937	0.381562039	0.050952320	-1.030159200	-3.167833605	0.180065694	-0.001982647	-0.004533812	0.210145228	0.001783450	-0.108442584
0.643000000	0.043860602	0.648021678	0.381557734	0.051162465	-1.030157379	-3.167942051	0.180062646	-0.002534031	-0.004076959	0.210145029	0.001858347	-0.108448127
0.644000000	0.044040663	0.648018869	0.381553885	0.051372610	-1.030155483	-3.168050501	0.180058635	-0.003085399	-0.003620083	0.210143736	0.001933227	-0.108453152
0.645000000	0.044220720	0.648015508	0.381550494	0.051582753	-1.030153512	-3.168158957	0.180053659	-0.003636749	-0.003163185	0.210141349	0.002008092	-0.108457660
0.646000000	0.044400770	0.648011595	0.381547559	0.051792893	-1.030151467	-3.168267417	0.180047719	-0.004188078	-0.002706269	0.210137866	0.002082942	-0.108461650
0.647000000	0.044580815	0.648007132	0.381545081	0.052003029	-1.030149347	-3.168375880	0.180040815	-0.004739383	-0.002249338	0.210133290	0.002157776	-0.108465122
0.648000000	0.044760852	0.648002116	0.381543060	0.052213159	-1.030147151	-3.168484347	0.180032947	-0.005290662	-0.001792393	0.210127618	0.002232595	-0.108468077
0.649000000	0.044940881	0.647996550	0.381541496	0.052423284	-1.030144881	-3.168592816	0.180024114	-0.005841911	-0.001335438	0.210120852	0.002307400	-0.108470514
0.650000000	0.045120900	0.647990433	0.381540390	0.052633401	-1.030142537	-3.168701288	0.180014318	-0.006393129	-0.000878476	0.210112992	0.002382190	-0.108472433
0.651000000	0.045300909	0.647983764	0.381539740	0.052843510	-1.030140117	-3.168809761	0.180003558	-0.006944311	-0.000421508	0.210104037	0.002456966	-0.108473834
0.652000000	0.045480907	0.647976544	0.381539546	0.053053609	-1.030137623	-3.168918236	0.179991834	-0.007495456	0.000035462	0.210093988	0.002531728	-0.108474717
0.653000000	0.045660893	0.647968773	0.381539810	0.053263698	-1.030135054	-3.169026711	0.179979146	-0.008046561	0.000492432	0.210082844	0.002606476	-0.108475082
0.654000000	0.045840866	0.647960451	0.381540531	0.053473775	-1.030132410	-3.169135186	0.179965494	-0.008597622	0.000949399	0.210070606	0.002681211	-0.108474929
0.655000000	0.046020824	0.647951578	0.381541709	0.053683839	-1.030129691	-3.169243661	0.179950878	-0.009148637	0.001406361	0.210057274	0.002755933	-0.108474259
0.656000000	0.046200767	0.647942154	0.381543344	0.053893889	-1.030126898	-3.169352134	0.179935299	-0.009699604	0.001863315	0.210042848	0.002830643	-0.108473070
0.657000000	0.046380695	0.647932179	0.381545436	0.054103925	-1.030124030	-3.169460607	0.179918756	-0.010250520	0.002320257	0.210027328	0.002905339	-0.108471364
0.658000000	0.046560605	0.647921653	0.381547985	0.054313944	-1.030121087	-3.169569077	0.179901250	-0.010801381	0.002777186	0.210010714	0.002980024	-0.108469139
0.659000000	0.046740497	0.647910576	0.381550990	0.054523946	-1.030118070	-3.169677545	0.179882780	-0.011352185	0.003234100	0.209993006	0.003054696	-0.108466396
0.660000000	0.046920371	0.647898948	0.381554453	0.054733930	-1.030114978	-3.169786010	0.179863347	-0.011902930	0.003690994	0.209974204	0.003129357	-0.108463136
0.661000000	0.047100224	0.647886770	0.381558372	0.054943894	-1.030111811	-3.169894471	0.179842951	-0.012453611	0.004147867	0.209954308	0.003204007	-0.108459357
0.662000000	0.047280056	0.647874041	0.381562749	0.055153839	-1.030108570	-3.170002929	0.179821591	-0.013004228	0.004604716	0.209933318	0.003278645	-0.108455060
0.663000000	0.047459867	0.647860761	0.381567582	0.055363761	-1.030105254	-3.170111381	0.179799269	-0.013554777	0.005061539	0.209911235	0.003353273	-0.108450245
0.664000000	0.047639655	0.647846931	0.381572872	0.055573661	-1.030101863	-3.170219829	0.179775983	-0.014105255	0.005518332	0.209888058	0.003427890	-0.108444913
0.665000000	0.047819419	0.647832551	0.381578618	0.055783537	-1.030098398	-3.170328271	0.179751735	-0.014655660	0.005975093	0.209863788	0.003502496	-0.108439062
0.666000000	0.047999158	0.647817620	0.381584822	0.055993389	-1.030094858	-3.170436707	0.179726523	-0.015205988	0.006431820	0.209838424	0.003577093	-0.108432692
0.667000000	0.048178872	0.647802139	0.381591482	0.056203214	-1.030091244	-3.170545137	0.179700349	-0.015756236	0.006888509	0.209811967	0.003651680	-0.108425805
0.668000000	0.048358559	0.647786108	0.381598599	0.056413013	-1.030087555	-3.170653559	0.179673213	-0.016306403	0.007345158	0.209784417	0.003726257	-0.108418399
0.669000000	0.048538219	0.647769526	0.381606172	0.056622783	-1.030083791	-3.170761973	0.179645114	-0.016856486	0.007801765	0.209755774	0.003800825	-0.108410476
0.670000000	0.048717849	0.647752395	0.381614202	0.056832524	-1.030079953	-3.170870380	0.179616052	-0.017406481	0.008258327	0.209726038	0.003875385	-0.108402034
0.671000000	0.048897451	0.647734713	0.381622689	0.057042235	-1.030076041	-3.170978777	0.179586028	-0.017956386	0.008714841	0.209695209	0.003949935	-0.108393074
0.672000000	0.049077021	0.647716482	0.381631632	0.057251914	-1.030072053	-3.171087166	0.179555042	-0.018506198	0.009171305	0.209663286	0.004024477	-0.108383596
0.673000000	0.049256561	0.647697701	0.381641032	0.057461562	-1.030067992	-3.171195545	0.179523094	-0.019055915	0.009627715	0.209630272	0.004099011	-0.108373599
0.674000000	0.049436068	0.647678370	0.381650887	0.057671175	-1.030063855	-3.171303913	0.179490184	-0.019605533	0.010084069	0.209596164	0.004173537	-0.108363084
0.675000000	0.049615541	0.647658490	0.381661200	0.057880754	-1.030059645	-3.171412271	0.179456313	-0.020155049	0.010540366	0.209560965	0.004248056	-0.108352051
0.676000000	0.049794980	0.647638060	0.381671968	0.058090297	-1.030055359	-3.171520617	0.179421479	-0.020704463	0.010996601	0.209524673	0.004322567	-0.108340500
0.677000000	0.049974384	0.647617081	0.381683193	0.058299803	-1.030050999	-3.171628952	0.179385684	-0.021253769	0.011452773	0.209487289	0.004397071	-0.108328431
0.678000000	0.050153752	0.647595552	0.381694874	0.058509272	-1.030046565	-3.171737274	0.179348928	-0.021802966	0.011908878	0.209448812	0.004471569	-0.108315843
0.679000000	0.050333082	0.647573475	0.381707011	0.058718701	-1.030042056	-3.171845584	0.179311211	-0.022352050	0.012364914	0.209409244	0.004546060	-0.108302737
0.680000000	0.050512374	0.647550848	0.381719604	0.058928090	-1.030037473	-3.171953880	0.179272532	-0.022901019	0.012820879	0.209368584	0.004620545	-0.108289113
0.681000000	0.050691627	0.647527673	0.381732652	0.059137438	-1.030032815	-3.172062162	0.179232892	-0.023449871	0.013276769	0.209326832	0.004695023	-0.108274970
0.682000000	0.050870840	0.647503949	0.381746157	0.059346744	-1.030028083	-3.172170430	0.179192291	-0.023998602	0.013732583	0.209283989	0.004769496	-0.108260310
0.683000000	0.051050012	0.647479676	0.381760118	0.059556006	-1.030023276	-3.172278682	0.179150730	-0.024547210	0.014188317	0.209240054	0.004843964	-0.108245131
0.684000000	0.051229141	0.647454854	0.381774534	0.059765224	-1.030018395	-3.172386920	0.179108208	-0.025095692	0.014643969	0.209195028	0.004918427	-0.108229433
0.685000000	0.051408228	0.647429484	0.381789405	0.059974396	-1.030013439	-3.172495141	0.179064725	-0.025644045	0.015099536	0.209148911	0.004992884	-0.108213218
0.686000000	0.051587271	0.647403566	0.381804733	0.060183522	-1.030008409	-3.172603346	0.179020283	-0.026192267	0.015555015	0.209101702	0.005067337	-0.108196484
0.687000000	0.051766269	0.647377100	0.381820516	0.060392599	-1.030003305	-3.172711534	0.178974880	-0.026740354	0.016010405	0.209053403	0.005141786	-0.108179232
0.688000000	0.051945220	0.647350085	0.381836754	0.060601628	-1.029998126	-3.172819705	0.178928517	-0.027288304	0.016465702	0.209004013	0.005216231	-0.108161461
0.689000000	0.052124126	0.647322523	0.381853447	0.060810607	-1.029992872	-3.172927857	0.178881194	-0.027836115	0.016920904	0.208953533	0.005290672	-0.108143173
0.690000000	0.052302983	0.647294413	0.381870595	0.061019535	-1.029987544	-3.173035991	0.178832912	-0.028383782	0.017376007	0.208901962	0.005365109	-0.108124366
0.691000000	0.052481791	0.647265756	0.381888199	0.061228411	-1.029982142	-3.173144106	0.178783671	-0.028931304	0.017831010	0.208849301	0.005439543	-0.108105041
0.692000000	0.052660550	0.647236551	0.381906257	0.061437234	-1.029976665	-3.173252201	0.178733470	-0.029478679	0.018285910	0.208795550	0.005513974	-0.108085197
0.693000000	0.052839258	0.647206798	0.381924771	0.061646002	-1.029971114	-3.173360276	0.178682310	-0.030025903	0.018740704	0.208740709	0.005588403	-0.108064835
0.694000000	0.053017915	0.647176499	0.381943739	0.061854716	-1.029965488	-3.173468331	0.178630191	-0.030572972	0.019195389	0.208684778	0.005662828	-0.108043955
0.695000000	0.053196519	0.647145652	0.381963162	0.062063372	-1.029959788	-3.173576364	0.178577113	-0.031119885	0.019649963	0.208627758	0.005737252	-0.108022557
0.696000000	0.053375069	0.647114259	0.381983039	0.062271971	-1.029954014	-3.173684376	0.178523076	-0.031666640	0.020104423	0.208569648	0.005811674	-0.108000640
0.697000000	0.053553565	0.647082319	0.382003370	0.062480511	-1.029948165	-3.173792365	0.178468082	-0.032213233	0.020558767	0.208510449	0.005886094	-0.107978206
0.698000000	0.053732005	0.647049833	0.382024156	0.062688992	-1.029942242	-3.173900332	0.178412129	-0.032759660	0.021012992	0.208450162	0.005960512	-0.107955253
0.699000000	0.053910389	0.647016800	0.382045396	0.062897412	-1.029936244	-3.174008276	0.178355218	-0.033305921	0.021467095	0.208388785	0.006034930	-0.107931781
0.700000000	0.054088716	0.646983221	0.382067090	0.063105769	-1.029930172	-3.174116196	0.178297349	-0.033852011	0.021921074	0.208326319	0.006109346	-0.107907792
0.701000000	0.054266984	0.646949096	0.382089239	0.063314064	-1.029924025	-3.174224092	0.178238523	-0.034397928	0.022374926	0.208262766	0.006183762	-0.107883284
0.702000000	0.054445193	0.646914425	0.382111840	0.063522295	-1.029917804	-3.174331962	0.178178739	-0.034943670	0.022828648	0.208198124	0.006258178	-0.107858258
0.703000000	0.054623341	0.646879208	0.382134896	0.063730461	-1.029911509	-3.174439808	0.178117998	-0.035489233	0.023282238	0.208132393	0.006332593	-0.107832714
0.704000000	0.054801429	0.646843446	0.382158405	0.063938560	-1.029905139	-3.174547628	0.178056299	-0.036034615	0.023735693	0.208065575	0.006407009	-0.107806652
0.705000000	0.054979454	0.646807139	0.382182367	0.064146592	-1.029898695	-3.174655421	0.177993645	-0.036579814	0.024189011	0.207997670	0.006481425	-0.107780072
0.706000000	0.055157416	0.646770287	0.382206783	0.064354555	-1.029892176	-3.174763188	0.177930033	-0.037124825	0.024642189	0.207928676	0.006555842	-0.107752973
0.707000000	0.055335314	0.646732889	0.382231652	0.064562449	-1.029885583	-3.174870927	0.177865465	-0.037669647	0.025095224	0.207858596	0.006630259	-0.107725356
0.708000000	0.055513147	0.646694947	0.382256973	0.064770272	-1.029878916	-3.174978639	0.177799941	-0.038214277	0.025548113	0.207787428	0.006704678	-0.107697222
0.709000000	0.055690914	0.646656461	0.382282748	0.064978024	-1.029872174	-3.175086322	0.177733461	-0.038758712	0.026000855	0.207715174	0.006779098	-0.107668569
0.710000000	0.055868614	0.646617430	0.382308975	0.065185703	-1.029865358	-3.175193976	0.177666025	-0.039302950	0.026453446	0.207641833	0.006853520	-0.107639398
0.711000000	0.056046246	0.646577855	0.382335655	0.065393308	-1.029858467	-3.175301601	0.177597634	-0.039846987	0.026905883	0.207567405	0.006927944	-0.107609708
0.712000000	0.056223809	0.646537736	0.382362787	0.065600837	-1.029851502	-3.175409195	0.177528287	-0.040390821	0.027358166	0.207491892	0.007002370	-0.107579501
0.713000000	0.056401302	0.646497073	0.382390371	0.065808291	-1.029844462	-3.175516760	0.177457985	-0.040934448	0.027810289	0.207415292	0.007076799	-0.107548776
0.714000000	0.056578725	0.646455867	0.382418407	0.066015668	-1.029837348	-3.175624293	0.177386729	-0.041477868	0.028262251	0.207337607	0.007151230	-0.107517533
0.715000000	0.056756076	0.646414118	0.382446896	0.066222967	-1.029830160	-3.175731795	0.177314518	-0.042021075	0.028714050	0.207258836	0.007225664	-0.107485771
0.716000000	0.056933354	0.646371825	0.382475835	0.066430186	-1.029822897	-3.175839264	0.177241352	-0.042564069	0.029165682	0.207178980	0.007300102	-0.107453492
0.717000000	0.057110559	0.646328989	0.382505227	0.066637325	-1.029815559	-3.175946702	0.177167233	-0.043106846	0.029617146	0.207098038	0.007374542	-0.107420695
0.718000000	0.057287689	0.646285611	0.382535070	0.066844382	-1.029808148	-3.176054106	0.177092159	-0.043649403	0.030068437	0.207016013	0.007448987	-0.107387380
0.719000000	0.057464743	0.646241691	0.382565364	0.067051357	-1.029800661	-3.176161476	0.177016132	-0.044191738	0.030519555	0.206932902	0.007523435	-0.107353547
0.720000000	0.057641721	0.646197228	0.382596109	0.067258248	-1.029793101	-3.176268813	0.176939152	-0.044733847	0.030970496	0.206848707	0.007597888	-0.107319196
0.721000000	0.057818621	0.646152223	0.382627305	0.067465054	-1.029785466	-3.176376115	0.176861218	-0.045275729	0.031421258	0.206763428	0.007672345	-0.107284327
0.722000000	0.057995443	0.646106676	0.382658951	0.067671774	-1.029777756	-3.176483382	0.176782332	-0.045817380	0.031871837	0.206677066	0.007746807	-0.107248940
0.723000000	0.058172186	0.646060588	0.382691048	0.067878408	-1.029769972	-3.176590613	0.176702493	-0.046358798	0.032322231	0.206589619	0.007821274	-0.107213035
0.724000000	0.058348848	0.646013959	0.382723596	0.068084954	-1.029762114	-3.176697808	0.176621702	-0.046899979	0.032772439	0.206501089	0.007895746	-0.107176613
0.725000000	0.058525429	0.645966788	0.382756593	0.068291410	-1.029754181	-3.176804966	0.176539958	-0.047440922	0.033222457	0.206411477	0.007970223	-0.107139673
0.726000000	0.058701928	0.645919077	0.382790041	0.068497777	-1.029746173	-3.176912087	0.176457263	-0.047981623	0.033672282	0.206320781	0.008044707	-0.107102215
0.727000000	0.058878344	0.645870825	0.382823938	0.068704052	-1.029738091	-3.177019170	0.176373616	-0.048522080	0.034121912	0.206229003	0.008119196	-0.107064239
0.728000000	0.059054675	0.645822033	0.382858285	0.068910235	-1.029729935	-3.177126215	0.176289018	-0.049062289	0.034571344	0.206136143	0.008193691	-0.107025746
0.729000000	0.059230922	0.645772700	0.382893081	0.069116324	-1.029721704	-3.177233222	0.176203469	-0.049602249	0.035020576	0.206042201	0.008268192	-0.106986735
0.730000000	0.059407082	0.645722828	0.382928326	0.069322319	-1.029713398	-3.177340189	0.176116970	-0.050141957	0.035469605	0.205947177	0.008342700	-0.106947206
0.731000000	0.059583156	0.645672417	0.382964020	0.069528218	-1.029705018	-3.177447116	0.176029519	-0.050681409	0.035918429	0.205851071	0.008417215	-0.106907160
0.732000000	0.059759141	0.645621465	0.383000163	0.069734021	-1.029696564	-3.177554003	0.175941119	-0.051220603	0.036367044	0.205753885	0.008491738	-0.106866596
0.733000000	0.059935038	0.645569975	0.383036754	0.069939726	-1.029688035	-3.177660849	0.175851769	-0.051759536	0.036815449	0.205655617	0.008566267	-0.106825514
0.734000000	0.060110845	0.645517946	0.383073793	0.070145332	-1.029679431	-3.177767654	0.175761469	-0.052298206	0.037263640	0.205556269	0.008640804	-0.106783915
0.735000000	0.060286561	0.645465379	0.383111281	0.070350839	-1.029670753	-3.177874417	0.175670220	-0.052836609	0.037711615	0.205455841	0.008715349	-0.106741799
0.736000000	0.060462185	0.645412273	0.383149217	0.070556244	-1.029662001	-3.177981138	0.175578022	-0.053374744	0.038159373	0.205354332	0.008789902	-0.106699165
0.737000000	0.060637717	0.645358629	0.383187600	0.070761547	-1.029653174	-3.178087816	0.175484875	-0.053912607	0.038606908	0.205251744	0.008864463	-0.106656014
0.738000000	0.060813155	0.645304448	0.383226431	0.070966748	-1.029644272	-3.178194450	0.175390780	-0.054450195	0.039054220	0.205148077	0.008939033	-0.106612345
0.739000000	0.060988499	0.645249729	0.383265708	0.071171844	-1.029635295	-3.178301040	0.175295737	-0.054987506	0.039501306	0.205043330	0.009013611	-0.106568159
0.740000000	0.061163747	0.645194473	0.383305433	0.071376834	-1.029626245	-3.178407586	0.175199746	-0.055524537	0.039948162	0.204937504	0.009088198	-0.106523456
0.741000000	0.061338898	0.645138680	0.383345605	0.071581719	-1.029617119	-3.178514087	0.175102808	-0.056061285	0.040394788	0.204830600	0.009162795	-0.106478235
0.742000000	0.061513952	0.645082350	0.383386223	0.071786495	-1.029607919	-3.178620543	0.175004923	-0.056597749	0.040841179	0.204722618	0.009237401	-0.106432497
0.743000000	0.061688908	0.645025484	0.383427287	0.071991164	-1.029598644	-3.178726952	0.174906090	-0.057133924	0.041287333	0.204613558	0.009312016	-0.106386242
0.744000000	0.061863764	0.644968083	0.383468797	0.072195723	-1.029589295	-3.178833315	0.174806311	-0.057669807	0.041733248	0.204503420	0.009386642	-0.106339470
0.745000000	0.062038521	0.644910145	0.383510754	0.072400171	-1.029579871	-3.178939631	0.174705586	-0.058205398	0.042178922	0.204392205	0.009461277	-0.106292180
0.746000000	0.062213176	0.644851672	0.383553155	0.072604507	-1.029570372	-3.179045899	0.174603916	-0.058740692	0.042624350	0.204279913	0.009535923	-0.106244374
0.747000000	0.062387728	0.644792663	0.383596002	0.072808731	-1.029560799	-3.179152120	0.174501299	-0.059275688	0.043069532	0.204166544	0.009610579	-0.106196050
0.748000000	0.062562178	0.644733120	0.383639294	0.073012840	-1.029551151	-3.179258292	0.174397738	-0.059810381	0.043514464	0.204052099	0.009685246	-0.106147210
0.749000000	0.062736524	0.644673043	0.383683031	0.073216835	-1.029541429	-3.179364414	0.174293231	-0.060344770	0.043959144	0.203936579	0.009759924	-0.106097852
0.750000000	0.062910765	0.644612431	0.383727213	0.073420713	-1.029531631	-3.179470487	0.174187780	-0.060878852	0.044403569	0.203819982	0.009834614	-0.106047978
0.751000000	0.063084899	0.644551285	0.383771838	0.073624475	-1.029521759	-3.179576510	0.174081385	-0.061412623	0.044847736	0.203702310	0.009909314	-0.105997586
0.752000000	0.063258927	0.644489606	0.383816908	0.073828118	-1.029511813	-3.179682482	0.173974046	-0.061946082	0.045291644	0.203583563	0.009984026	-0.105946678
0.753000000	0.063432848	0.644427393	0.383862422	0.074031642	-1.029501791	-3.179788404	0.173865763	-0.062479226	0.045735289	0.203463742	0.010058750	-0.105895254
0.754000000	0.063606659	0.644364647	0.383908379	0.074235045	-1.029491695	-3.179894273	0.173756537	-0.063012052	0.046178669	0.203342846	0.010133486	-0.105843312
0.755000000	0.063780361	0.644301369	0.383954779	0.074438328	-1.029481524	-3.180000090	0.173646369	-0.063544556	0.046621781	0.203220876	0.010208234	-0.105790854
0.756000000	0.063953952	0.644237558	0.384001622	0.074641487	-1.029471279	-3.180105855	0.173535258	-0.064076737	0.047064622	0.203097833	0.010282995	-0.105737879
0.757000000	0.064127431	0.644173215	0.384048908	0.074844523	-1.029460958	-3.180211566	0.173423205	-0.064608592	0.047507191	0.202973716	0.010357768	-0.105684387
0.758000000	0.064300798	0.644108341	0.384096637	0.075047435	-1.029450563	-3.180317223	0.173310210	-0.065140118	0.047949485	0.202848527	0.010432555	-0.105630379
0.759000000	0.064474052	0.644042935	0.384144807	0.075250220	-1.029440093	-3.180422827	0.173196274	-0.065671312	0.048391500	0.202722265	0.010507354	-0.105575854
0.760000000	0.064647191	0.643976998	0.384193420	0.075452879	-1.029429549	-3.180528375	0.173081397	-0.066202172	0.048833235	0.202594931	0.010582166	-0.105520813
0.761000000	0.064820214	0.643910531	0.384242474	0.075655410	-1.029418929	-3.180633868	0.172965579	-0.066732694	0.049274686	0.202466525	0.010656992	-0.105465256
0.762000000	0.064993122	0.643843533	0.384291969	0.075857812	-1.029408235	-3.180739306	0.172848821	-0.067262876	0.049715852	0.202337048	0.010731832	-0.105409182
0.763000000	0.065165912	0.643776005	0.384341905	0.076060084	-1.029397465	-3.180844687	0.172731123	-0.067792717	0.050156730	0.202206499	0.010806685	-0.105352592
0.764000000	0.065338584	0.643707947	0.384392282	0.076262225	-1.029386621	-3.180950011	0.172612485	-0.068322211	0.050597317	0.202074880	0.010881553	-0.105295486
0.765000000	0.065511137	0.643639360	0.384443100	0.076464234	-1.029375702	-3.181055278	0.172492909	-0.068851357	0.051037610	0.201942191	0.010956434	-0.105237863
0.766000000	0.065683570	0.643570245	0.384494358	0.076666110	-1.029364708	-3.181160487	0.172372393	-0.069380153	0.051477607	0.201808431	0.011031331	-0.105179725
0.767000000	0.065855882	0.643500600	0.384546055	0.076867851	-1.029353640	-3.181265637	0.172250939	-0.069908596	0.051917306	0.201673602	0.011106241	-0.105121070
0.768000000	0.066028072	0.643430427	0.384598192	0.077069457	-1.029342496	-3.181370729	0.172128548	-0.070436681	0.052356703	0.201537704	0.011181167	-0.105061899
0.769000000	0.066200139	0.643359727	0.384650769	0.077270926	-1.029331277	-3.181475761	0.172005218	-0.070964409	0.052795797	0.201400737	0.011256108	-0.105002213
0.770000000	0.066372082	0.643288499	0.384703784	0.077472258	-1.029319984	-3.181580733	0.171880952	-0.071491775	0.053234585	0.201262702	0.011331064	-0.104942010
0.771000000	0.066543901	0.643216743	0.384757238	0.077673452	-1.029308615	-3.181685645	0.171755749	-0.072018776	0.053673064	0.201123599	0.011406035	-0.104881292
0.772000000	0.066715594	0.643144461	0.384811130	0.077874505	-1.029297172	-3.181790496	0.171629609	-0.072545410	0.054111232	0.200983427	0.011481022	-0.104820057
0.773000000	0.066887160	0.643071652	0.384865460	0.078075418	-1.029285653	-3.181895285	0.171502533	-0.073071674	0.054549085	0.200842190	0.011556024	-0.104758308
0.774000000	0.067058599	0.642998318	0.384920228	0.078276190	-1.029274059	-3.182000012	0.171374522	-0.073597566	0.054986623	0.200699884	0.011631043	-0.104696042
0.775000000	0.067229909	0.642924457	0.384975433	0.078476818	-1.029262391	-3.182104677	0.171245576	-0.074123083	0.055423841	0.200556513	0.011706078	-0.104633261
0.776000000	0.067401090	0.642850072	0.385031076	0.078677303	-1.029250647	-3.182209279	0.171115694	-0.074648222	0.055860737	0.200412076	0.011781129	-0.104569964
0.777000000	0.067572140	0.642775161	0.385087155	0.078877642	-1.029238829	-3.182313817	0.170984879	-0.075172980	0.056297310	0.200266573	0.011856196	-0.104506152
0.778000000	0.067743060	0.642699726	0.385143670	0.079077836	-1.029226935	-3.182418291	0.170853129	-0.075697356	0.056733556	0.200120005	0.011931280	-0.104441824
0.779000000	0.067913847	0.642623766	0.385200622	0.079277882	-1.029214966	-3.182522701	0.170720446	-0.076221345	0.057169473	0.199972372	0.012006381	-0.104376981
0.780000000	0.068084501	0.642547283	0.385258009	0.079477781	-1.029202922	-3.182627045	0.170586831	-0.076744945	0.057605058	0.199823675	0.012081499	-0.104311623
0.781000000	0.068255020	0.642470276	0.385315832	0.079677530	-1.029190803	-3.182731324	0.170452282	-0.077268154	0.058040309	0.199673914	0.012156634	-0.104245750
0.782000000	0.068425405	0.642392747	0.385374090	0.079877129	-1.029178609	-3.182835537	0.170316801	-0.077790969	0.058475223	0.199523089	0.012231787	-0.104179361
0.783000000	0.068595654	0.642314694	0.385432783	0.080076576	-1.029166340	-3.182939683	0.170180388	-0.078313387	0.058909797	0.199371201	0.012306957	-0.104112457
0.784000000	0.068765766	0.642236120	0.385491910	0.080275871	-1.029153995	-3.183043762	0.170043044	-0.078835406	0.059344031	0.199218251	0.012382145	-0.104045038
0.785000000	0.068935740	0.642157024	0.385551471	0.080475012	-1.029141575	-3.183147773	0.169904770	-0.079357022	0.059777919	0.199064239	0.012457350	-0.103977105
0.786000000	0.069105575	0.642077406	0.385611465	0.080673999	-1.029129080	-3.183251716	0.169765564	-0.079878234	0.060211461	0.198909165	0.012532574	-0.103908656
0.787000000	0.069275271	0.641997267	0.385671894	0.080872831	-1.029116510	-3.183355590	0.169625429	-0.080399038	0.060644653	0.198753029	0.012607816	-0.103839693
0.788000000	0.069444826	0.641916608	0.385732755	0.081071505	-1.029103865	-3.183459395	0.169484364	-0.080919431	0.061077493	0.198595833	0.012683076	-0.103770214
0.789000000	0.069614240	0.641835428	0.385794049	0.081270022	-1.029091144	-3.183563130	0.169342370	-0.081439412	0.061509979	0.198437576	0.012758354	-0.103700222
0.790000000	0.069783511	0.641753729	0.385855775	0.081468381	-1.029078348	-3.183666796	0.169199447	-0.081958977	0.061942107	0.198278260	0.012833651	-0.103629714
0.791000000	0.069952639	0.641671510	0.385917933	0.081666579	-1.029065477	-3.183770390	0.169055596	-0.082478124	0.062373876	0.198117883	0.012908967	-0.103558692
0.792000000	0.070121622	0.641588773	0.385980522	0.081864616	-1.029052530	-3.183873913	0.168910818	-0.082996849	0.062805283	0.197956448	0.012984302	-0.103487156
0.793000000	0.070290460	0.641505517	0.386043543	0.082062492	-1.029039508	-3.183977364	0.168765112	-0.083515151	0.063236326	0.197793954	0.013059656	-0.103415105
0.794000000	0.070459152	0.641421742	0.386106995	0.082260204	-1.029026411	-3.184080743	0.168618479	-0.084033027	0.063667001	0.197630402	0.013135030	-0.103342540
0.795000000	0.070627697	0.641337450	0.386170877	0.082457753	-1.029013238	-3.184184049	0.168470920	-0.084550473	0.064097307	0.197465793	0.013210422	-0.103269460
0.796000000	0.070796094	0.641252641	0.386235190	0.082655136	-1.028999990	-3.184287282	0.168322435	-0.085067487	0.064527240	0.197300126	0.013285835	-0.103195867
0.797000000	0.070964342	0.641167316	0.386299932	0.082852353	-1.028986666	-3.184390441	0.168173025	-0.085584067	0.064956799	0.197133402	0.013361267	-0.103121760
0.798000000	0.071132440	0.641081473	0.386365103	0.083049403	-1.028973267	-3.184493526	0.168022690	-0.086100210	0.065385981	0.196965623	0.013436718	-0.103047138
0.799000000	0.071300388	0.640995115	0.386430704	0.083246284	-1.028959793	-3.184596535	0.167871430	-0.086615913	0.065814783	0.196796787	0.013512190	-0.102972002
0.800000000	0.071468183	0.640908241	0.386496733	0.083442996	-1.028946243	-3.184699470	0.167719247	-0.087131172	0.066243203	0.196626896	0.013587682	-0.102896353
0.801000000	0.071635826	0.640820853	0.386563190	0.083639538	-1.028932618	-3.184802328	0.167566140	-0.087645988	0.066671238	0.196455950	0.013663194	-0.102820190
0.802000000	0.071803315	0.640732949	0.386630075	0.083835908	-1.028918917	-3.184905110	0.167412110	-0.088160355	0.067098887	0.196283951	0.013738726	-0.102743513
0.803000000	0.071970650	0.640644532	0.386697388	0.084032106	-1.028905140	-3.185007815	0.167257158	-0.088674271	0.067526145	0.196110897	0.013814279	-0.102666323
0.804000000	0.072137830	0.640555601	0.386765128	0.084228130	-1.028891288	-3.185110443	0.167101283	-0.089187734	0.067953011	0.195936790	0.013889853	-0.102588619
0.805000000	0.072304853	0.640466157	0.386833294	0.084423979	-1.028877360	-3.185212992	0.166944487	-0.089700741	0.068379483	0.195761630	0.013965447	-0.102510402
0.806000000	0.072471719	0.640376199	0.386901887	0.084619653	-1.028863357	-3.185315463	0.166786771	-0.090213290	0.068805557	0.195585417	0.014041062	-0.102431671
0.807000000	0.072638426	0.640285730	0.386970905	0.084815150	-1.028849278	-3.185417856	0.166628133	-0.090725377	0.069231232	0.195408153	0.014116699	-0.102352427
0.808000000	0.072804975	0.640194749	0.387040349	0.085010470	-1.028835124	-3.185520168	0.166468576	-0.091237000	0.069656505	0.195229838	0.014192356	-0.102272670
0.809000000	0.072971364	0.640103256	0.387110218	0.085205610	-1.028820894	-3.185622401	0.166308099	-0.091748156	0.070081373	0.195050471	0.014268035	-0.102192400
0.810000000	0.073137591	0.640011252	0.387180512	0.085400570	-1.028806588	-3.185724553	0.166146704	-0.092258843	0.070505834	0.194870055	0.014343735	-0.102111617
0.811000000	0.073303657	0.639918738	0.387251230	0.085595350	-1.028792206	-3.185826624	0.165984390	-0.092769058	0.070929885	0.194688589	0.014419456	-0.102030321
0.812000000	0.073469560	0.639825714	0.387322372	0.085789948	-1.028777749	-3.185928614	0.165821158	-0.093278798	0.071353524	0.194506073	0.014495199	-0.101948512
0.813000000	0.073635299	0.639732181	0.387393937	0.085984362	-1.028763216	-3.186030521	0.165657009	-0.093788061	0.071776749	0.194322508	0.014570964	-0.101866191
0.814000000	0.073800874	0.639638138	0.387465925	0.086178593	-1.028748607	-3.186132346	0.165491943	-0.094296844	0.072199557	0.194137896	0.014646751	-0.101783356
0.815000000	0.073966283	0.639543587	0.387538336	0.086372638	-1.028733922	-3.186234088	0.165325961	-0.094805144	0.072621945	0.193952235	0.014722559	-0.101700010
0.816000000	0.074131526	0.639448528	0.387611169	0.086566497	-1.028719162	-3.186335746	0.165159063	-0.095312958	0.073043911	0.193765528	0.014798390	-0.101616150
0.817000000	0.074296601	0.639352961	0.387684424	0.086760169	-1.028704325	-3.186437320	0.164991250	-0.095820285	0.073465453	0.193577773	0.014874243	-0.101531779
0.818000000	0.074461508	0.639256887	0.387758100	0.086953653	-1.028689413	-3.186538810	0.164822522	-0.096327121	0.073886568	0.193388973	0.014950118	-0.101446895
0.819000000	0.074626246	0.639160307	0.387832197	0.087146947	-1.028674425	-3.186640214	0.164652880	-0.096833463	0.074307253	0.193199127	0.015026015	-0.101361499
0.820000000	0.074790814	0.639063220	0.387906714	0.087340051	-1.028659361	-3.186741533	0.164482325	-0.097339310	0.074727507	0.193008236	0.015101935	-0.101275591
0.821000000	0.074955211	0.638965628	0.387981652	0.087532963	-1.028644221	-3.186842765	0.164310856	-0.097844658	0.075147326	0.192816301	0.015177878	-0.101189171
0.822000000	0.075119436	0.638867531	0.388057009	0.087725684	-1.028629005	-3.186943911	0.164138475	-0.098349504	0.075566709	0.192623322	0.015253843	-0.101102238
0.823000000	0.075283488	0.638768929	0.388132785	0.087918210	-1.028613714	-3.187044970	0.163965182	-0.098853846	0.075985652	0.192429299	0.015329830	-0.101014795
0.824000000	0.075447366	0.638669823	0.388208980	0.088110542	-1.028598346	-3.187145941	0.163790978	-0.099357681	0.076404153	0.192234233	0.015405841	-0.100926839
0.825000000	0.075611070	0.638570214	0.388285594	0.088302679	-1.028582902	-3.187246823	0.163615863	-0.099861008	0.076822211	0.192038126	0.015481874	-0.100838372
0.826000000	0.075774598	0.638470101	0.388362625	0.088494618	-1.028567382	-3.187347617	0.163439838	-0.100363822	0.077239822	0.191840976	0.015557931	-0.100749394
0.827000000	0.075937950	0.638369486	0.388440073	0.088686361	-1.028551786	-3.187448322	0.163262903	-0.100866121	0.077656983	0.191642785	0.015634010	-0.100659903
0.828000000	0.076101124	0.638268369	0.388517939	0.088877904	-1.028536114	-3.187548937	0.163085059	-0.101367904	0.078073694	0.191443554	0.015710113	-0.100569902
0.829000000	0.076264120	0.638166750	0.388596221	0.089069248	-1.028520366	-3.187649462	0.162906306	-0.101869166	0.078489950	0.191243283	0.015786239	-0.100479390
0.830000000	0.076426936	0.638064631	0.388674919	0.089260391	-1.028504541	-3.187749896	0.162726646	-0.102369905	0.078905750	0.191041973	0.015862388	-0.100388366
0.831000000	0.076589573	0.637962011	0.388754032	0.089451332	-1.028488641	-3.187850239	0.162546078	-0.102870120	0.079321091	0.190839623	0.015938561	-0.100296832
0.832000000	0.076752029	0.637858891	0.388833561	0.089642070	-1.028472664	-3.187950490	0.162364603	-0.103369806	0.079735971	0.190636235	0.016014757	-0.100204786
0.833000000	0.076914302	0.637755271	0.388913504	0.089832604	-1.028456612	-3.188050648	0.162182223	-0.103868962	0.080150387	0.190431810	0.016090976	-0.100112230
0.834000000	0.077076393	0.637651153	0.388993862	0.090022933	-1.028440482	-3.188150714	0.161998936	-0.104367584	0.080564337	0.190226347	0.016167220	-0.100019163
0.835000000	0.077238300	0.637546536	0.389074633	0.090213057	-1.028424277	-3.188250687	0.161814745	-0.104865671	0.080977818	0.190019848	0.016243486	-0.099925586
0.836000000	0.077400022	0.637441421	0.389155817	0.090402973	-1.028407995	-3.188350565	0.161629650	-0.105363219	0.081390829	0.189812313	0.016319777	-0.099831498
0.837000000	0.077561559	0.637335809	0.389237414	0.090592681	-1.028391638	-3.188450350	0.161443650	-0.105860226	0.081803366	0.189603743	0.016396091	-0.099736900
0.838000000	0.077722910	0.637229701	0.389319424	0.090782181	-1.028375203	-3.188550039	0.161256747	-0.106356688	0.082215427	0.189394138	0.016472429	-0.099641791
0.839000000	0.077884073	0.637123096	0.389401845	0.090971470	-1.028358693	-3.188649633	0.161068942	-0.106852605	0.082627010	0.189183499	0.016548791	-0.099546173
0.840000000	0.078045048	0.637015996	0.389484678	0.091160548	-1.028342106	-3.188749131	0.160880235	-0.107347973	0.083038112	0.188971826	0.016625177	-0.099450044
0.841000000	0.078205833	0.636908400	0.389567921	0.091349413	-1.028325442	-3.188848533	0.160690627	-0.107842788	0.083448731	0.188759120	0.016701587	-0.099353406
0.842000000	0.078366429	0.636800310	0.389651575	0.091538066	-1.028308703	-3.188947838	0.160500118	-0.108337050	0.083858865	0.188545383	0.016778021	-0.099256258
0.843000000	0.078526834	0.636691726	0.389735639	0.091726504	-1.028291886	-3.189047046	0.160308708	-0.108830754	0.084268510	0.188330613	0.016854480	-0.099158600
0.844000000	0.078687046	0.636582648	0.389820112	0.091914727	-1.028274994	-3.189146155	0.160116400	-0.109323899	0.084677666	0.188114812	0.016930962	-0.099060432
0.845000000	0.078847066	0.636473078	0.389904995	0.092102734	-1.028258024	-3.189245167	0.159923192	-0.109816482	0.085086328	0.187897981	0.017007468	-0.098961755
0.846000000	0.079006893	0.636363016	0.389990285	0.092290523	-1.028240979	-3.189344079	0.159729086	-0.110308499	0.085494496	0.187680121	0.017083999	-0.098862569
0.847000000	0.079166525	0.636252461	0.390075984	0.092478094	-1.028223856	-3.189442892	0.159534083	-0.110799949	0.085902165	0.187461231	0.017160554	-0.098762874
0.848000000	0.079325961	0.636141416	0.390162089	0.092665445	-1.028206658	-3.189541605	0.159338183	-0.111290829	0.086309335	0.187241312	0.017237133	-0.098662669
0.849000000	0.079485201	0.636029880	0.390248602	0.092852577	-1.028189382	-3.189640217	0.159141386	-0.111781136	0.086716003	0.187020365	0.017313737	-0.098561956
0.850000000	0.079644244	0.635917853	0.390335521	0.093039486	-1.028172030	-3.189738729	0.158943694	-0.112270867	0.087122165	0.186798392	0.017390364	-0.098460734
0.851000000	0.079803088	0.635805338	0.390422847	0.093226173	-1.028154601	-3.189837139	0.158745106	-0.112760021	0.087527821	0.186575392	0.017467017	-0.098359003
0.852000000	0.079961734	0.635692333	0.390510577	0.093412637	-1.028137096	-3.189935447	0.158545625	-0.113248594	0.087932967	0.186351365	0.017543693	-0.098256763
0.853000000	0.080120180	0.635578841	0.390598712	0.093598876	-1.028119514	-3.190033652	0.158345249	-0.113736583	0.088337601	0.186126313	0.017620394	-0.098154015
0.854000000	0.080278424	0.635464860	0.390687252	0.093784890	-1.028101855	-3.190131755	0.158143981	-0.114223987	0.088741721	0.185900237	0.017697120	-0.098050758
0.855000000	0.080436468	0.635350393	0.390776196	0.093970677	-1.028084120	-3.190229754	0.157941820	-0.114710802	0.089145324	0.185673136	0.017773870	-0.097946994
0.856000000	0.080594308	0.635235439	0.390865543	0.094156236	-1.028066307	-3.190327649	0.157738767	-0.115197026	0.089548408	0.185445012	0.017850644	-0.097842721
0.857000000	0.080751945	0.635119999	0.390955293	0.094341567	-1.028048418	-3.190425439	0.157534824	-0.115682656	0.089950971	0.185215866	0.017927443	-0.097737940
0.858000000	0.080909378	0.635004073	0.391045445	0.094526668	-1.028030453	-3.190523124	0.157329990	-0.116167690	0.090353009	0.184985697	0.018004267	-0.097632651
0.859000000	0.081066605	0.634887663	0.391135999	0.094711538	-1.028012410	-3.190620704	0.157124266	-0.116652124	0.090754522	0.184754507	0.018081115	-0.097526855
0.860000000	0.081223626	0.634770769	0.391226954	0.094896177	-1.027994290	-3.190718178	0.156917653	-0.117135957	0.091155506	0.184522296	0.018157987	-0.097420551
0.861000000	0.081380440	0.634653391	0.391318310	0.095080583	-1.027976094	-3.190815545	0.156710152	-0.117619186	0.091555959	0.184289066	0.018234884	-0.097313740
0.862000000	0.081537047	0.634535531	0.391410066	0.095264755	-1.027957821	-3.190912806	0.156501763	-0.118101808	0.091955879	0.184054816	0.018311806	-0.097206421
0.863000000	0.081693444	0.634417188	0.391502222	0.095448692	-1.027939470	-3.191009958	0.156292488	-0.118583820	0.092355262	0.183819547	0.018388752	-0.097098595
0.864000000	0.081849631	0.634298363	0.391594776	0.095632394	-1.027921043	-3.191107003	0.156082326	-0.119065221	0.092754108	0.183583260	0.018465722	-0.096990262
0.865000000	0.082005609	0.634179057	0.391687730	0.095815859	-1.027902539	-3.191203939	0.155871278	-0.119546006	0.093152414	0.183345956	0.018542717	-0.096881422
0.866000000	0.082161374	0.634059271	0.391781081	0.095999086	-1.027883958	-3.191300766	0.155659345	-0.120026175	0.093550177	0.183107635	0.018619737	-0.096772075
0.867000000	0.082316927	0.633939005	0.391874830	0.096182074	-1.027865299	-3.191397483	0.155446529	-0.120505723	0.093947395	0.182868298	0.018696780	-0.096662221
0.868000000	0.082472267	0.633818260	0.391968976	0.096364822	-1.027846564	-3.191494090	0.155232828	-0.120984649	0.094344065	0.182627946	0.018773849	-0.096551861
0.869000000	0.082627393	0.633697036	0.392063518	0.096547330	-1.027827752	-3.191590587	0.155018245	-0.121462950	0.094740186	0.182386580	0.018850942	-0.096440995
0.870000000	0.082782304	0.633575334	0.392158456	0.096729595	-1.027808862	-3.191686972	0.154802780	-0.121940623	0.095135754	0.182144199	0.018928059	-0.096329622
0.871000000	0.082936998	0.633453154	0.392253790	0.096911618	-1.027789896	-3.191783246	0.154586433	-0.122417666	0.095530768	0.181900806	0.019005201	-0.096217743
0.872000000	0.083091476	0.633330498	0.392349518	0.097093397	-1.027770852	-3.191879408	0.154369206	-0.122894076	0.095925225	0.181656400	0.019082366	-0.096105359
0.873000000	0.083245737	0.633207366	0.392445640	0.097274931	-1.027751731	-3.191975457	0.154151099	-0.123369851	0.096319123	0.181410983	0.019159557	-0.095992468
0.874000000	0.083399779	0.633083759	0.392542156	0.097456219	-1.027732533	-3.192071393	0.153932113	-0.123844987	0.096712460	0.181164554	0.019236771	-0.095879072
0.875000000	0.083553601	0.632959676	0.392639065	0.097637260	-1.027713257	-3.192167215	0.153712248	-0.124319483	0.097105232	0.180917115	0.019314010	-0.095765170
0.876000000	0.083707203	0.632835120	0.392736367	0.097818053	-1.027693905	-3.192262923	0.153491505	-0.124793335	0.097497439	0.180668667	0.019391273	-0.095650763
0.877000000	0.083860584	0.632710090	0.392834060	0.097998597	-1.027674475	-3.192358516	0.153269886	-0.125266542	0.097889077	0.180419210	0.019468561	-0.095535850
0.878000000	0.084013743	0.632584587	0.392932145	0.098178892	-1.027654968	-3.192453995	0.153047390	-0.125739100	0.098280145	0.180168745	0.019545872	-0.095420432
0.879000000	0.084166679	0.632458611	0.393030620	0.098358935	-1.027635383	-3.192549357	0.152824019	-0.126211007	0.098670639	0.179917272	0.019623208	-0.095304510
0.880000000	0.084319391	0.632332165	0.393129486	0.098538726	-1.027615721	-3.192644604	0.152599772	-0.126682261	0.099060558	0.179664793	0.019700567	-0.095188082
0.881000000	0.084471878	0.632205247	0.393228741	0.098718265	-1.027595982	-3.192739733	0.152374652	-0.127152858	0.099449899	0.179411308	0.019777951	-0.095071150
0.882000000	0.084624140	0.632077859	0.393328386	0.098897549	-1.027576165	-3.192834746	0.152148659	-0.127622797	0.099838660	0.179156818	0.019855358	-0.094953713
0.883000000	0.084776176	0.631950001	0.393428419	0.099076578	-1.027556271	-3.192929641	0.151921793	-0.128092074	0.100226839	0.178901323	0.019932790	-0.094835772
0.884000000	0.084927984	0.631821675	0.393528839	0.099255352	-1.027536300	-3.193024417	0.151694055	-0.128560687	0.100614433	0.178644825	0.020010245	-0.094717326
0.885000000	0.085079564	0.631692880	0.393629648	0.099433868	-1.027516251	-3.193119075	0.151465446	-0.129028634	0.101001440	0.178387324	0.020087724	-0.094598377
0.886000000	0.085230915	0.631563617	0.393730842	0.099612126	-1.027496124	-3.193213614	0.151235967	-0.129495911	0.101387858	0.178128821	0.020165227	-0.094478924
0.887000000	0.085382036	0.631433888	0.393832423	0.099790125	-1.027475920	-3.193308033	0.151005618	-0.129962517	0.101773685	0.177869317	0.020242753	-0.094358966
0.888000000	0.085532926	0.631303692	0.393934390	0.099967865	-1.027455639	-3.193402332	0.150774401	-0.130428449	0.102158917	0.177608812	0.020320303	-0.094238506
0.889000000	0.085683585	0.631173031	0.394036741	0.100145343	-1.027435280	-3.193496510	0.150542316	-0.130893704	0.102543554	0.177347307	0.020397876	-0.094117541
0.890000000	0.085834011	0.631041905	0.394139477	0.100322559	-1.027414843	-3.193590567	0.150309363	-0.131358279	0.102927592	0.177084803	0.020475473	-0.093996074
0.891000000	0.085984203	0.630910315	0.394242596	0.100499513	-1.027394329	-3.193684502	0.150075545	-0.131822173	0.103311029	0.176821301	0.020553093	-0.093874103
0.892000000	0.086134162	0.630778261	0.394346099	0.100676202	-1.027373737	-3.193778315	0.149840860	-0.132285381	0.103693863	0.176556801	0.020630737	-0.093751629
0.893000000	0.086283885	0.630645744	0.394449984	0.100852626	-1.027353067	-3.193872006	0.149605311	-0.132747904	0.104076093	0.176291305	0.020708403	-0.093628653
0.894000000	0.086433372	0.630512765	0.394554251	0.101028785	-1.027332320	-3.193965573	0.149368898	-0.133209736	0.104457714	0.176024813	0.020786093	-0.093505174
0.895000000	0.086582623	0.630379324	0.394658899	0.101204676	-1.027311495	-3.194059016	0.149131622	-0.133670876	0.104838726	0.175757325	0.020863806	-0.093381192
0.896000000	0.086731636	0.630245423	0.394763929	0.101380299	-1.027290592	-3.194152335	0.148893483	-0.134131321	0.105219126	0.175488843	0.020941541	-0.093256708
0.897000000	0.086880410	0.630111062	0.394869338	0.101555654	-1.027269612	-3.194245529	0.148654483	-0.134591069	0.105598911	0.175219368	0.021019300	-0.093131722
0.898000000	0.087028945	0.629976241	0.394975126	0.101730738	-1.027248554	-3.194338599	0.148414622	-0.135050117	0.105978080	0.174948900	0.021097081	-0.093006233
0.899000000	0.087177239	0.629840961	0.395081294	0.101905551	-1.027227418	-3.194431542	0.148173901	-0.135508463	0.106356630	0.174677440	0.021174884	-0.092880243
0.900000000	0.087325292	0.629705224	0.395187840	0.102080093	-1.027206204	-3.194524359	0.147932321	-0.135966103	0.106734559	0.174404989	0.021252710	-0.092753751
0.901000000	0.087473104	0.629569029	0.395294763	0.102254361	-1.027184912	-3.194617049	0.147689882	-0.136423036	0.107111864	0.174131548	0.021330559	-0.092626758
0.902000000	0.087620672	0.629432378	0.395402063	0.102428356	-1.027163543	-3.194709613	0.147446586	-0.136879259	0.107488544	0.173857117	0.021408430	-0.092499263
0.903000000	0.087767997	0.629295271	0.395509740	0.102602076	-1.027142095	-3.194802048	0.147202433	-0.137334770	0.107864596	0.173581697	0.021486323	-0.092371267
0.904000000	0.087915077	0.629157708	0.395617793	0.102775519	-1.027120570	-3.194894355	0.146957424	-0.137789565	0.108240018	0.173305290	0.021564238	-0.092242770
0.905000000	0.088061912	0.629019692	0.395726220	0.102948686	-1.027098967	-3.194986534	0.146711561	-0.138243642	0.108614808	0.173027896	0.021642175	-0.092113773
0.906000000	0.088208500	0.628881221	0.395835022	0.103121575	-1.027077286	-3.195078583	0.146464843	-0.138696999	0.108988963	0.172749515	0.021720133	-0.091984274
0.907000000	0.088354841	0.628742298	0.395944198	0.103294185	-1.027055527	-3.195170502	0.146217272	-0.139149634	0.109362481	0.172470149	0.021798114	-0.091854275
0.908000000	0.088500935	0.628602922	0.396053747	0.103466515	-1.027033690	-3.195262291	0.145968848	-0.139601543	0.109735360	0.172189798	0.021876116	-0.091723776
0.909000000	0.088646779	0.628463094	0.396163669	0.103638565	-1.027011775	-3.195353950	0.145719573	-0.140052724	0.110107598	0.171908464	0.021954139	-0.091592777
0.910000000	0.088792374	0.628322816	0.396273962	0.103810332	-1.026989781	-3.195445477	0.145469446	-0.140503174	0.110479193	0.171626147	0.022032184	-0.091461278
0.911000000	0.088937718	0.628182088	0.396384627	0.103981817	-1.026967710	-3.195536872	0.145218470	-0.140952892	0.110850141	0.171342847	0.022110249	-0.091329279
0.912000000	0.089082811	0.628040911	0.396495663	0.104153018	-1.026945561	-3.195628135	0.144966645	-0.141401874	0.111220442	0.171058567	0.022188336	-0.091196780
0.913000000	0.089227651	0.627899284	0.396607068	0.104323934	-1.026923333	-3.195719266	0.144713971	-0.141850118	0.111590093	0.170773307	0.022266444	-0.091063782
0.914000000	0.089372239	0.627757210	0.396718843	0.104494565	-1.026901028	-3.195810263	0.144460450	-0.142297622	0.111959091	0.170487067	0.022344572	-0.090930285
0.915000000	0.089516572	0.627614689	0.396830986	0.104664908	-1.026878644	-3.195901126	0.144206083	-0.142744382	0.112327434	0.170199848	0.022422721	-0.090796288
0.916000000	0.089660651	0.627471722	0.396943498	0.104834964	-1.026856183	-3.195991855	0.143950870	-0.143190397	0.112695121	0.169911651	0.022500891	-0.090661793
0.917000000	0.089804474	0.627328308	0.397056376	0.105004732	-1.026833643	-3.196082450	0.143694812	-0.143635664	0.113062149	0.169622478	0.022579080	-0.090526799
0.918000000	0.089948040	0.627184450	0.397169622	0.105174209	-1.026811024	-3.196172909	0.143437911	-0.144080180	0.113428516	0.169332329	0.022657290	-0.090391307
0.919000000	0.090091350	0.627040148	0.397283233	0.105343396	-1.026788328	-3.196263232	0.143180166	-0.144523943	0.113794219	0.169041205	0.022735519	-0.090255316
0.920000000	0.090234401	0.626895402	0.397397210	0.105512292	-1.026765553	-3.196353420	0.142921579	-0.144966950	0.114159256	0.168749106	0.022813769	-0.090118827
0.921000000	0.090377193	0.626750214	0.397511552	0.105680895	-1.026742700	-3.196443470	0.142662151	-0.145409199	0.114523626	0.168456034	0.022892038	-0.089981840
0.922000000	0.090519725	0.626604584	0.397626258	0.105849204	-1.026719769	-3.196533383	0.142401883	-0.145850687	0.114887326	0.168161989	0.022970326	-0.089844355
0.923000000	0.090661997	0.626458513	0.397741327	0.106017219	-1.026696760	-3.196623159	0.142140775	-0.146291412	0.115250354	0.167866973	0.023048634	-0.089706373
0.924000000	0.090804007	0.626312001	0.397856758	0.106184938	-1.026673672	-3.196712796	0.141878829	-0.146731371	0.115612708	0.167570986	0.023126960	-0.089567894
0.925000000	0.090945754	0.626165050	0.397972552	0.106352361	-1.026650506	-3.196802295	0.141616045	-0.147170562	0.115974384	0.167274030	0.023205306	-0.089428917
0.926000000	0.091087239	0.626017660	0.398088707	0.106519486	-1.026627261	-3.196891654	0.141352424	-0.147608983	0.116335383	0.166976105	0.023283670	-0.089289444
0.927000000	0.091228459	0.625869832	0.398205223	0.106686313	-1.026603939	-3.196980874	0.141087968	-0.148046630	0.116695700	0.166677211	0.023362053	-0.089149473
0.928000000	0.091369415	0.625721567	0.398322099	0.106852840	-1.026580537	-3.197069953	0.140822676	-0.148483500	0.117055335	0.166377351	0.023440454	-0.089009006
0.929000000	0.091510104	0.625572865	0.398439334	0.107019067	-1.026557058	-3.197158892	0.140556551	-0.148919593	0.117414284	0.166076524	0.023518873	-0.088868043
0.930000000	0.091650528	0.625423728	0.398556927	0.107184993	-1.026533500	-3.197247689	0.140289593	-0.149354906	0.117772546	0.165774732	0.023597311	-0.088726583
0.931000000	0.091790684	0.625274155	0.398674879	0.107350617	-1.026509863	-3.197336345	0.140021803	-0.149789434	0.118130119	0.165471976	0.023675765	-0.088584628
0.932000000	0.091930571	0.625124149	0.398793187	0.107515937	-1.026486148	-3.197424858	0.139753181	-0.150223177	0.118487000	0.165168257	0.023754238	-0.088442176
0.933000000	0.092070190	0.624973709	0.398911853	0.107680953	-1.026462355	-3.197513229	0.139483730	-0.150656132	0.118843187	0.164863574	0.023832728	-0.088299229
0.934000000	0.092209539	0.624822836	0.399030874	0.107845664	-1.026438483	-3.197601457	0.139213449	-0.151088296	0.119198678	0.164557931	0.023911235	-0.088155787
0.935000000	0.092348617	0.624671532	0.399150250	0.108010069	-1.026414532	-3.197689541	0.138942339	-0.151519667	0.119553471	0.164251327	0.023989758	-0.088011850
0.936000000	0.092487424	0.624519797	0.399269981	0.108174167	-1.026390503	-3.197777480	0.138670402	-0.151950242	0.119907564	0.163943763	0.024068299	-0.087867417
0.937000000	0.092625958	0.624367632	0.399390065	0.108337957	-1.026366395	-3.197865275	0.138397639	-0.152380018	0.120260954	0.163635240	0.024146856	-0.087722490
0.938000000	0.092764219	0.624215037	0.399510503	0.108501438	-1.026342209	-3.197952925	0.138124051	-0.152808994	0.120613640	0.163325760	0.024225429	-0.087577069
0.939000000	0.092902206	0.624062014	0.399631292	0.108664608	-1.026317945	-3.198040430	0.137849637	-0.153237168	0.120965620	0.163015322	0.024304018	-0.087431153
0.940000000	0.093039918	0.623908563	0.399752434	0.108827468	-1.026293601	-3.198127788	0.137574400	-0.153664535	0.121316891	0.162703929	0.024382623	-0.087284743
0.941000000	0.093177355	0.623754685	0.399873926	0.108990016	-1.026269179	-3.198214999	0.137298341	-0.154091093	0.121667450	0.162391581	0.024461244	-0.087137839
0.942000000	0.093314515	0.623600381	0.399995769	0.109152251	-1.026244679	-3.198302063	0.137021460	-0.154516842	0.122017297	0.162078279	0.024539880	-0.086990441
0.943000000	0.093451398	0.623445651	0.400117961	0.109314173	-1.026220100	-3.198388980	0.136743758	-0.154941777	0.122366429	0.161764025	0.024618531	-0.086842550
0.944000000	0.093588002	0.623290497	0.400240502	0.109475779	-1.026195442	-3.198475748	0.136465237	-0.155365897	0.122714844	0.161448817	0.024697197	-0.086694166
0.945000000	0.093724328	0.623134919	0.400363390	0.109637070	-1.026170705	-3.198562368	0.136185897	-0.155789199	0.123062539	0.161132659	0.024775877	-0.086545288
0.946000000	0.093860374	0.622978919	0.400486627	0.109798045	-1.026145890	-3.198648839	0.135905739	-0.156211680	0.123409513	0.160815551	0.024854572	-0.086395918
0.947000000	0.093996140	0.622822496	0.400610209	0.109958701	-1.026120996	-3.198735160	0.135624764	-0.156633338	0.123755763	0.160497494	0.024933281	-0.086246055
0.948000000	0.094131624	0.622665652	0.400734138	0.110119040	-1.026096023	-3.198821331	0.135342974	-0.157054170	0.124101288	0.160178489	0.025012004	-0.086095700
0.949000000	0.094266825	0.622508388	0.400858412	0.110279058	-1.026070972	-3.198907352	0.135060369	-0.157474175	0.124446085	0.159858536	0.025090740	-0.085944852
0.950000000	0.094401744	0.622350704	0.400983030	0.110438757	-1.026045842	-3.198993221	0.134776950	-0.157893350	0.124790153	0.159537638	0.025169490	-0.085793513
0.951000000	0.094536379	0.622192601	0.401107992	0.110598134	-1.026020633	-3.199078939	0.134492719	-0.158311691	0.125133488	0.159215794	0.025248252	-0.085641682
0.952000000	0.094670730	0.622034080	0.401233297	0.110757188	-1.025995345	-3.199164504	0.134207676	-0.158729197	0.125476089	0.158893006	0.025327028	-0.085489360
0.953000000	0.094804795	0.621875142	0.401358945	0.110915920	-1.025969979	-3.199249917	0.133921822	-0.159145866	0.125817955	0.158569275	0.025405816	-0.085336546
0.954000000	0.094938573	0.621715788	0.401484933	0.111074327	-1.025944534	-3.199335177	0.133635158	-0.159561695	0.126159082	0.158244602	0.025484616	-0.085183241
0.955000000	0.095072065	0.621556019	0.401611263	0.111232409	-1.025919010	-3.199420284	0.133347686	-0.159976680	0.126499469	0.157918988	0.025563428	-0.085029446
0.956000000	0.095205269	0.621395835	0.401737932	0.111390165	-1.025893407	-3.199505236	0.133059406	-0.160390821	0.126839114	0.157592433	0.025642252	-0.084875160
0.957000000	0.095338184	0.621235237	0.401864941	0.111547594	-1.025867725	-3.199590034	0.132770319	-0.160804114	0.127178015	0.157264940	0.025721087	-0.084720383
0.958000000	0.095470809	0.621074227	0.401992288	0.111704695	-1.025841965	-3.199674677	0.132480427	-0.161216557	0.127516169	0.156936509	0.025799934	-0.084565117
0.959000000	0.095603145	0.620912804	0.402119973	0.111861467	-1.025816125	-3.199759164	0.132189731	-0.161628148	0.127853575	0.156607140	0.025878791	-0.084409361
0.960000000	0.095735189	0.620750971	0.402247995	0.112017909	-1.025790207	-3.199843496	0.131898230	-0.162038884	0.128190230	0.156276836	0.025957659	-0.084253115
0.961000000	0.095866941	0.620588727	0.402376354	0.112174021	-1.025764210	-3.199927671	0.131605928	-0.162448763	0.128526133	0.155945596	0.026036537	-0.084096380
0.962000000	0.095998401	0.620426073	0.402505048	0.112329800	-1.025738134	-3.200011688	0.131312824	-0.162857781	0.128861281	0.155613423	0.026115425	-0.083939155
0.963000000	0.096129567	0.620263011	0.402634076	0.112485247	-1.025711979	-3.200095549	0.131018920	-0.163265938	0.129195672	0.155280317	0.026194322	-0.083781442
0.964000000	0.096260439	0.620099541	0.402763439	0.112640361	-1.025685745	-3.200179251	0.130724216	-0.163673230	0.129529305	0.154946279	0.026273229	-0.083623240
0.965000000	0.096391015	0.619935665	0.402893135	0.112795140	-1.025659433	-3.200262795	0.130428714	-0.164079655	0.129862177	0.154611310	0.026352145	-0.083464550
0.966000000	0.096521296	0.619771382	0.403023163	0.112949584	-1.025633041	-3.200346180	0.130132415	-0.164485211	0.130194287	0.154275412	0.026431069	-0.083305371
0.967000000	0.096651280	0.619606694	0.403153523	0.113103691	-1.025606571	-3.200429406	0.129835320	-0.164889895	0.130525632	0.153938584	0.026510002	-0.083145705
0.968000000	0.096780967	0.619441602	0.403284215	0.113257461	-1.025580021	-3.200512472	0.129537429	-0.165293704	0.130856210	0.153600830	0.026588943	-0.082985551
0.969000000	0.096910355	0.619276107	0.403415236	0.113410892	-1.025553393	-3.200595377	0.129238746	-0.165696637	0.131186018	0.153262149	0.026667892	-0.082824910
0.970000000	0.097039444	0.619110209	0.403546587	0.113563985	-1.025526685	-3.200678122	0.128939269	-0.166098691	0.131515057	0.152922542	0.026746848	-0.082663781
0.971000000	0.097168233	0.618943909	0.403678266	0.113716737	-1.025499899	-3.200760705	0.128638999	-0.166499863	0.131843322	0.152582011	0.026825811	-0.082502165
0.972000000	0.097296722	0.618777209	0.403810273	0.113869149	-1.025473034	-3.200843126	0.128337940	-0.166900151	0.132170813	0.152240556	0.026904780	-0.082340063
0.973000000	0.097424909	0.618610109	0.403942608	0.114021219	-1.025446089	-3.200925385	0.128036091	-0.167299553	0.132497527	0.151898180	0.026983757	-0.082177475
0.974000000	0.097552794	0.618442610	0.404075268	0.114172945	-1.025419066	-3.201007481	0.127733453	-0.167698066	0.132823462	0.151554882	0.027062739	-0.082014400
0.975000000	0.097680376	0.618274713	0.404208255	0.114324328	-1.025391964	-3.201089414	0.127430028	-0.168095688	0.133148616	0.151210664	0.027141727	-0.081850840
0.976000000	0.097807654	0.618106419	0.404341566	0.114475367	-1.025364783	-3.201171183	0.127125817	-0.168492416	0.133472987	0.150865528	0.027220720	-0.081686794
0.977000000	0.097934628	0.617937728	0.404475201	0.114626059	-1.025337523	-3.201252787	0.126820820	-0.168888248	0.133796574	0.150519473	0.027299718	-0.081522262
0.978000000	0.098061296	0.617768642	0.404609159	0.114776406	-1.025310183	-3.201334227	0.126515040	-0.169283182	0.134119374	0.150172502	0.027378721	-0.081357246
0.979000000	0.098187658	0.617599162	0.404743439	0.114926404	-1.025282765	-3.201415502	0.126208476	-0.169677215	0.134441384	0.149824615	0.027457728	-0.081191745
0.980000000	0.098313713	0.617429288	0.404878041	0.115076055	-1.025255268	-3.201496611	0.125901131	-0.170070345	0.134762605	0.149475814	0.027536739	-0.081025759
0.981000000	0.098439460	0.617259021	0.405012964	0.115225356	-1.025227692	-3.201577553	0.125593005	-0.170462570	0.135083032	0.149126100	0.027615753	-0.080859289
0.982000000	0.098564899	0.617088363	0.405148208	0.115374307	-1.025200036	-3.201658329	0.125284099	-0.170853886	0.135402665	0.148775473	0.027694771	-0.080692335
0.983000000	0.098690028	0.616917313	0.405283770	0.115522907	-1.025172302	-3.201738938	0.124974415	-0.171244292	0.135721501	0.148423935	0.027773791	-0.080524897
0.984000000	0.098814848	0.616745874	0.405419651	0.115671155	-1.025144489	-3.201819379	0.124663953	-0.171633785	0.136039539	0.148071487	0.027852814	-0.080356975
0.985000000	0.098939356	0.616574046	0.405555849	0.115819050	-1.025116596	-3.201899652	0.124352716	-0.172022364	0.136356776	0.147718130	0.027931839	-0.080188571
0.986000000	0.099063553	0.616401829	0.405692364	0.115966591	-1.025088625	-3.201979756	0.124040703	-0.172410024	0.136673210	0.147363865	0.028010866	-0.080019683
0.987000000	0.099187438	0.616229226	0.405829195	0.116113778	-1.025060575	-3.202059691	0.123727916	-0.172796765	0.136988840	0.147008694	0.028089894	-0.079850313
0.988000000	0.099311009	0.616056236	0.405966342	0.116260609	-1.025032445	-3.202139457	0.123414357	-0.173182584	0.137303663	0.146652617	0.028168922	-0.079680461
0.989000000	0.099434266	0.615882860	0.406103803	0.116407083	-1.025004237	-3.202219052	0.123100026	-0.173567478	0.137617678	0.146295636	0.028247951	-0.079510126
0.990000000	0.099557209	0.615709101	0.406241577	0.116553200	-1.024975949	-3.202298477	0.122784925	-0.173951445	0.137930883	0.145937752	0.028326981	-0.079339310
0.991000000	0.099679836	0.615534958	0.406379664	0.116698958	-1.024947583	-3.202377731	0.122469055	-0.174334483	0.138243276	0.145578966	0.028406010	-0.079168012
0.992000000	0.099802147	0.615360432	0.406518064	0.116844358	-1.024919137	-3.202456813	0.122152416	-0.174716589	0.138554854	0.145219279	0.028485038	-0.078996233
0.993000000	0.099924141	0.615185524	0.406656774	0.116989397	-1.024890613	-3.202535723	0.121835011	-0.175097761	0.138865616	0.144858693	0.028564065	-0.078823973
0.994000000	0.100045817	0.615010236	0.406795795	0.117134075	-1.024862009	-3.202614461	0.121516840	-0.175477996	0.139175561	0.144497208	0.028643090	-0.078651233
0.995000000	0.100167175	0.614834568	0.406935125	0.117278391	-1.024833327	-3.202693026	0.121197904	-0.175857293	0.139484685	0.144134825	0.028722114	-0.078478012
0.996000000	0.100288213	0.614658522	0.407074764	0.117422345	-1.024804565	-3.202771417	0.120878206	-0.176235648	0.139792987	0.143771547	0.028801135	-0.078304310
0.997000000	0.100408931	0.614482097	0.407214711	0.117565935	-1.024775724	-3.202849634	0.120557745	-0.176613061	0.140100466	0.143407374	0.028880153	-0.078130130
0.998000000	0.100529329	0.614305296	0.407354965	0.117709160	-1.024746805	-3.202927677	0.120236523	-0.176989527	0.140407119	0.143042307	0.028959168	-0.077955469
0.999000000	0.100649404	0.614128118	0.407495525	0.117852019	-1.024717806	-3.203005545	0.119914541	-0.177365045	0.140712945	0.142676347	0.029038179	-0.077780330
1.000000000	0.100769158	0.613950565	0.407636391	0.117994512	-1.024688728	-3.203083238	0.119591801	-0.177739612	0.141017941	0.142309496	0.029117187	-0.077604711
1.001000000	0.100888588	0.613772639	0.407777561	0.118136638	-1.024659572	-3.203160755	0.119268304	-0.178113227	0.141322106	0.141941755	0.029196189	-0.077428615
1.002000000	0.101007694	0.613594339	0.407919035	0.118278396	-1.024630336	-3.203238095	0.118944050	-0.178485886	0.141625437	0.141573125	0.029275187	-0.077252039
1.003000000	0.101126476	0.613415667	0.408060812	0.118419784	-1.024601021	-3.203315259	0.118619042	-0.178857588	0.141927934	0.141203608	0.029354179	-0.077074986
1.004000000	0.101244932	0.613236624	0.408202891	0.118560803	-1.024571628	-3.203392245	0.118293280	-0.179228329	0.142229593	0.140833204	0.029433166	-0.076897455
1.005000000	0.101363063	0.613057210	0.408345271	0.118701451	-1.024542155	-3.203469054	0.117966765	-0.179598109	0.142530413	0.140461914	0.029512146	-0.076719447
1.006000000	0.101480866	0.612877428	0.408487952	0.118841727	-1.024512603	-3.203545684	0.117639499	-0.179966924	0.142830393	0.140089741	0.029591119	-0.076540962
1.007000000	0.101598342	0.612697277	0.408630932	0.118981630	-1.024482973	-3.203622136	0.117311484	-0.180334772	0.143129530	0.139716685	0.029670085	-0.076362000
1.008000000	0.101715489	0.612516758	0.408774211	0.119121160	-1.024453263	-3.203698408	0.116982720	-0.180701651	0.143427823	0.139342747	0.029749043	-0.076182562
1.009000000	0.101832307	0.612335873	0.408917788	0.119260316	-1.024423475	-3.203774501	0.116653208	-0.181067559	0.143725269	0.138967929	0.029827993	-0.076002647
1.010000000	0.101948795	0.612154623	0.409061662	0.119399096	-1.024393607	-3.203850413	0.116322950	-0.181432492	0.144021867	0.138592232	0.029906935	-0.075822257
1.011000000	0.102064953	0.611973008	0.409205832	0.119537500	-1.024363661	-3.203926145	0.115991947	-0.181796450	0.144317616	0.138215656	0.029985867	-0.075641391
1.012000000	0.102180779	0.611791030	0.409350297	0.119675527	-1.024333635	-3.204001696	0.115660200	-0.182159428	0.144612512	0.137838205	0.030064790	-0.075460050
1.013000000	0.102296273	0.611608689	0.409495057	0.119813177	-1.024303531	-3.204077065	0.115327711	-0.182521426	0.144906554	0.137459878	0.030143702	-0.075278234
1.014000000	0.102411435	0.611425987	0.409640110	0.119950447	-1.024273348	-3.204152253	0.114994481	-0.182882441	0.145199741	0.137080677	0.030222605	-0.075095944
1.015000000	0.102526262	0.611242924	0.409785456	0.120087338	-1.024243086	-3.204227257	0.114660511	-0.183242471	0.145492071	0.136700603	0.030301496	-0.074913180
1.016000000	0.102640756	0.611059502	0.409931094	0.120223848	-1.024212745	-3.204302079	0.114325802	-0.183601513	0.145783541	0.136319657	0.030380375	-0.074729941
1.017000000	0.102754914	0.610875721	0.410077023	0.120359977	-1.024182325	-3.204376717	0.113990355	-0.183959564	0.146074150	0.135937842	0.030459242	-0.074546229
1.018000000	0.102868736	0.610691583	0.410223242	0.120495724	-1.024151827	-3.204451171	0.113654173	-0.184316624	0.146363896	0.135555157	0.030538097	-0.074362044
1.019000000	0.102982222	0.610507088	0.410369751	0.120631088	-1.024121249	-3.204525441	0.113317256	-0.184672689	0.146652778	0.135171605	0.030616939	-0.074177386
1.020000000	0.103095371	0.610322238	0.410516548	0.120766067	-1.024090593	-3.204599526	0.112979606	-0.185027757	0.146940793	0.134787186	0.030695768	-0.073992256
1.021000000	0.103208181	0.610137033	0.410663633	0.120900662	-1.024059858	-3.204673426	0.112641223	-0.185381825	0.147227940	0.134401902	0.030774582	-0.073806653
1.022000000	0.103320653	0.609951474	0.410811004	0.121034871	-1.024029044	-3.204747139	0.112302110	-0.185734892	0.147514216	0.134015754	0.030853381	-0.073620579
1.023000000	0.103432786	0.609765563	0.410958661	0.121168693	-1.023998151	-3.204820667	0.111962266	-0.186086956	0.147799621	0.133628744	0.030932166	-0.073434033
1.024000000	0.103544578	0.609579300	0.411106603	0.121302128	-1.023967179	-3.204894008	0.111621695	-0.186438014	0.148084153	0.133240873	0.031010935	-0.073247016
1.025000000	0.103656029	0.609392687	0.411254829	0.121435175	-1.023936129	-3.204967161	0.111280397	-0.186788063	0.148367808	0.132852141	0.031089688	-0.073059528
1.026000000	0.103767139	0.609205724	0.411403339	0.121567833	-1.023905000	-3.205040127	0.110938373	-0.187137101	0.148650586	0.132462552	0.031168424	-0.072871569
1.027000000	0.103877906	0.609018413	0.411552130	0.121700100	-1.023873792	-3.205112904	0.110595625	-0.187485127	0.148932485	0.132072105	0.031247143	-0.072683141
1.028000000	0.103988330	0.608830754	0.411701204	0.121831977	-1.023842506	-3.205185493	0.110252153	-0.187832138	0.149213504	0.131680801	0.031325844	-0.072494242
1.029000000	0.104098410	0.608642748	0.411850557	0.121963462	-1.023811140	-3.205257893	0.109907961	-0.188178131	0.149493640	0.131288644	0.031404527	-0.072304874
1.030000000	0.104208146	0.608454398	0.412000191	0.122094554	-1.023779697	-3.205330103	0.109563048	-0.188523104	0.149772891	0.130895633	0.031483191	-0.072115037
1.031000000	0.104317536	0.608265702	0.412150103	0.122225253	-1.023748174	-3.205402123	0.109217416	-0.188867055	0.150051256	0.130501770	0.031561836	-0.071924732
1.032000000	0.104426581	0.608076663	0.412300293	0.122355558	-1.023716573	-3.205473952	0.108871066	-0.189209983	0.150328733	0.130107057	0.031640461	-0.071733958
1.033000000	0.104535278	0.607887282	0.412450761	0.122485467	-1.023684893	-3.205545591	0.108524000	-0.189551884	0.150605321	0.129711494	0.031719066	-0.071542716
1.034000000	0.104643629	0.607697560	0.412601504	0.122614981	-1.023653135	-3.205617038	0.108176219	-0.189892755	0.150881017	0.129315084	0.031797649	-0.071351006
1.035000000	0.104751631	0.607507497	0.412752523	0.122744097	-1.023621298	-3.205688293	0.107827725	-0.190232597	0.151155820	0.128917827	0.031876211	-0.071158829
1.036000000	0.104859284	0.607317094	0.412903816	0.122872816	-1.023589382	-3.205759355	0.107478519	-0.190571405	0.151429728	0.128519725	0.031954751	-0.070966185
1.037000000	0.104966588	0.607126354	0.413055382	0.123001137	-1.023557388	-3.205830225	0.107128601	-0.190909177	0.151702739	0.128120779	0.032033268	-0.070773075
1.038000000	0.105073541	0.606935276	0.413207221	0.123129058	-1.023525316	-3.205900901	0.106777975	-0.191245912	0.151974852	0.127720991	0.032111761	-0.070579499
1.039000000	0.105180144	0.606743862	0.413359332	0.123256579	-1.023493165	-3.205971384	0.106426640	-0.191581607	0.152246065	0.127320362	0.032190231	-0.070385456
1.040000000	0.105286394	0.606552113	0.413511713	0.123383699	-1.023460935	-3.206041672	0.106074599	-0.191916260	0.152516376	0.126918893	0.032268677	-0.070190949
1.041000000	0.105392293	0.606360030	0.413664365	0.123510417	-1.023428627	-3.206111766	0.105721852	-0.192249868	0.152785784	0.126516586	0.032347097	-0.069995976
1.042000000	0.105497838	0.606167613	0.413817285	0.123636732	-1.023396241	-3.206181664	0.105368401	-0.192582430	0.153054286	0.126113441	0.032425492	-0.069800538
1.043000000	0.105603030	0.605974865	0.413970473	0.123762644	-1.023363776	-3.206251367	0.105014248	-0.192913943	0.153321881	0.125709462	0.032503861	-0.069604637
1.044000000	0.105707867	0.605781785	0.414123929	0.123888151	-1.023331233	-3.206320873	0.104659395	-0.193244405	0.153588568	0.125304649	0.032582203	-0.069408271
1.045000000	0.105812348	0.605588376	0.414277650	0.124013253	-1.023298612	-3.206390183	0.104303841	-0.193573813	0.153854344	0.124899003	0.032660517	-0.069211442
1.046000000	0.105916474	0.605394638	0.414431637	0.124137949	-1.023265912	-3.206459296	0.103947589	-0.193902166	0.154119208	0.124492525	0.032738803	-0.069014150
1.047000000	0.106020244	0.605200572	0.414585889	0.124262238	-1.023233134	-3.206528212	0.103590640	-0.194229462	0.154383159	0.124085218	0.032817061	-0.068816395
1.048000000	0.106123656	0.605006179	0.414740404	0.124386119	-1.023200278	-3.206596929	0.103232996	-0.194555697	0.154646194	0.123677083	0.032895290	-0.068618177
1.049000000	0.106226710	0.604811460	0.414895181	0.124509592	-1.023167344	-3.206665448	0.102874658	-0.194880870	0.154908311	0.123268120	0.032973489	-0.068419498
1.050000000	0.106329405	0.604616417	0.415050220	0.124632656	-1.023134331	-3.206733768	0.102515628	-0.195204979	0.155169510	0.122858332	0.033051657	-0.068220357
1.051000000	0.106431741	0.604421050	0.415205520	0.124755309	-1.023101241	-3.206801889	0.102155906	-0.195528021	0.155429788	0.122447720	0.033129795	-0.068020755
1.052000000	0.106533717	0.604225361	0.415361080	0.124877551	-1.023068072	-3.206869810	0.101795494	-0.195849995	0.155689145	0.122036286	0.033207900	-0.067820693
1.053000000	0.106635332	0.604029350	0.415516898	0.124999381	-1.023034825	-3.206937530	0.101434395	-0.196170898	0.155947577	0.121624030	0.033285974	-0.067620169
1.054000000	0.106736586	0.603833019	0.415672975	0.125120799	-1.023001500	-3.207005050	0.101072608	-0.196490727	0.156205084	0.121210954	0.033364014	-0.067419186
1.055000000	0.106837477	0.603636369	0.415829309	0.125241803	-1.022968097	-3.207072369	0.100710137	-0.196809481	0.156461664	0.120797060	0.033442021	-0.067217744
1.056000000	0.106938006	0.603439400	0.415985898	0.125362393	-1.022934616	-3.207139485	0.100346981	-0.197127158	0.156717315	0.120382350	0.033519994	-0.067015842
1.057000000	0.107038171	0.603242114	0.416142743	0.125482568	-1.022901057	-3.207206400	0.099983143	-0.197443755	0.156972035	0.119966824	0.033597932	-0.066813482
1.058000000	0.107137972	0.603044513	0.416299842	0.125602327	-1.022867420	-3.207273112	0.099618624	-0.197759270	0.157225824	0.119550483	0.033675835	-0.066610663
1.059000000	0.107237408	0.602846596	0.416457195	0.125721669	-1.022833705	-3.207339622	0.099253426	-0.198073701	0.157478678	0.119133331	0.033753701	-0.066407386
1.060000000	0.107336479	0.602648365	0.416614800	0.125840593	-1.022799912	-3.207405927	0.098887550	-0.198387046	0.157730598	0.118715368	0.033831530	-0.066203652
1.061000000	0.107435183	0.602449822	0.416772656	0.125959100	-1.022766042	-3.207472029	0.098520997	-0.198699303	0.157981580	0.118296595	0.033909322	-0.065999461
1.062000000	0.107533521	0.602250967	0.416930763	0.126077187	-1.022732094	-3.207537926	0.098153769	-0.199010469	0.158231624	0.117877015	0.033987077	-0.065794814
1.063000000	0.107631491	0.602051801	0.417089119	0.126194854	-1.022698068	-3.207603619	0.097785868	-0.199320542	0.158480727	0.117456628	0.034064792	-0.065589710
1.064000000	0.107729093	0.601852326	0.417247724	0.126312100	-1.022663964	-3.207669106	0.097417295	-0.199629520	0.158728889	0.117035436	0.034142468	-0.065384150
1.065000000	0.107826326	0.601652542	0.417406577	0.126428925	-1.022629783	-3.207734387	0.097048051	-0.199937402	0.158976107	0.116613441	0.034220103	-0.065178135
1.066000000	0.107923189	0.601452451	0.417565677	0.126545327	-1.022595524	-3.207799462	0.096678138	-0.200244184	0.159222380	0.116190644	0.034297698	-0.064971665
1.067000000	0.108019682	0.601252053	0.417725022	0.126661306	-1.022561187	-3.207864330	0.096307558	-0.200549865	0.159467707	0.115767046	0.034375252	-0.064764741
1.068000000	0.108115804	0.601051351	0.417884612	0.126776861	-1.022526773	-3.207928991	0.095936312	-0.200854442	0.159712085	0.115342649	0.034452763	-0.064557362
1.069000000	0.108211554	0.600850345	0.418044446	0.126891991	-1.022492282	-3.207993445	0.095564401	-0.201157914	0.159955513	0.114917456	0.034530232	-0.064349530
1.070000000	0.108306933	0.600649035	0.418204523	0.127006696	-1.022457713	-3.208057690	0.095191828	-0.201460278	0.160197990	0.114491466	0.034607657	-0.064141245
1.071000000	0.108401938	0.600447424	0.418364842	0.127120974	-1.022423067	-3.208121727	0.094818593	-0.201761532	0.160439515	0.114064682	0.034685038	-0.063932508
1.072000000	0.108496570	0.600245512	0.418525402	0.127234825	-1.022388343	-3.208185555	0.094444698	-0.202061674	0.160680084	0.113637106	0.034762374	-0.063723318
1.073000000	0.108590828	0.600043301	0.418686202	0.127348248	-1.022353542	-3.208249174	0.094070145	-0.202360702	0.160919697	0.113208738	0.034839664	-0.063513676
1.074000000	0.108684710	0.599840791	0.418847241	0.127461243	-1.022318664	-3.208312583	0.093694935	-0.202658613	0.161158353	0.112779581	0.034916908	-0.063303583
1.075000000	0.108778217	0.599637983	0.419008519	0.127573807	-1.022283708	-3.208375781	0.093319070	-0.202955406	0.161396049	0.112349636	0.034994105	-0.063093039
1.076000000	0.108871348	0.599434880	0.419170034	0.127685942	-1.022248675	-3.208438769	0.092942552	-0.203251079	0.161632785	0.111918904	0.035071255	-0.062882044
1.077000000	0.108964102	0.599231481	0.419331784	0.127797645	-1.022213566	-3.208501545	0.092565381	-0.203545629	0.161868558	0.111487388	0.035148356	-0.062670600
1.078000000	0.109056479	0.599027789	0.419493771	0.127908917	-1.022178379	-3.208564110	0.092187560	-0.203839054	0.162103367	0.111055088	0.035225408	-0.062458706
1.079000000	0.109148478	0.598823803	0.419655991	0.128019755	-1.022143115	-3.208626463	0.091809090	-0.204131353	0.162337211	0.110622006	0.035302410	-0.062246363
1.080000000	0.109240097	0.598619526	0.419818445	0.128130161	-1.022107774	-3.208688603	0.091429972	-0.204422522	0.162570087	0.110188144	0.035379361	-0.062033572
1.081000000	0.109331338	0.598414958	0.419981131	0.128240132	-1.022072356	-3.208750530	0.091050209	-0.204712560	0.162801995	0.109753504	0.035456261	-0.061820332
1.082000000	0.109422198	0.598210101	0.420144049	0.128349668	-1.022036861	-3.208812243	0.090669802	-0.205001465	0.163032934	0.109318087	0.035533109	-0.061606645
1.083000000	0.109512677	0.598004955	0.420307197	0.128458768	-1.022001290	-3.208873743	0.090288752	-0.205289235	0.163262900	0.108881894	0.035609905	-0.061392511
1.084000000	0.109602775	0.597799522	0.420470575	0.128567431	-1.021965642	-3.208935028	0.089907061	-0.205575868	0.163491894	0.108444928	0.035686646	-0.061177930
1.085000000	0.109692491	0.597593803	0.420634181	0.128675658	-1.021929917	-3.208996099	0.089524730	-0.205861361	0.163719912	0.108007189	0.035763334	-0.060962903
1.086000000	0.109781825	0.597387800	0.420798015	0.128783446	-1.021894115	-3.209056954	0.089141762	-0.206145712	0.163946955	0.107568680	0.035839966	-0.060747430
1.087000000	0.109870775	0.597181512	0.420962075	0.128890795	-1.021858237	-3.209117594	0.088758158	-0.206428920	0.164173020	0.107129403	0.035916543	-0.060531512
1.088000000	0.109959341	0.596974942	0.421126361	0.128997705	-1.021822282	-3.209178017	0.088373919	-0.206710982	0.164398106	0.106689357	0.035993063	-0.060315149
1.089000000	0.110047523	0.596768090	0.421290871	0.129104174	-1.021786250	-3.209238224	0.087989047	-0.206991896	0.164622212	0.106248547	0.036069526	-0.060098342
1.090000000	0.110135319	0.596560958	0.421455605	0.129210202	-1.021750143	-3.209298214	0.087603543	-0.207271661	0.164845335	0.105806972	0.036145931	-0.059881092
1.091000000	0.110222730	0.596353547	0.421620562	0.129315788	-1.021713959	-3.209357986	0.087217410	-0.207550274	0.165067475	0.105364635	0.036222277	-0.059663398
1.092000000	0.110309754	0.596145857	0.421785740	0.129420931	-1.021677698	-3.209417541	0.086830649	-0.207827733	0.165288629	0.104921538	0.036298564	-0.059445261
1.093000000	0.110396391	0.595937891	0.421951139	0.129525631	-1.021641361	-3.209476877	0.086443262	-0.208104035	0.165508798	0.104477681	0.036374790	-0.059226683
1.094000000	0.110482640	0.595729649	0.422116758	0.129629886	-1.021604949	-3.209535994	0.086055250	-0.208379180	0.165727978	0.104033067	0.036450955	-0.059007662
1.095000000	0.110568502	0.595521133	0.422282595	0.129733697	-1.021568460	-3.209594892	0.085666615	-0.208653165	0.165946169	0.103587698	0.036527059	-0.058788200
1.096000000	0.110653974	0.595312343	0.422448650	0.129837062	-1.021531894	-3.209653570	0.085277358	-0.208925987	0.166163368	0.103141574	0.036603099	-0.058568298
1.097000000	0.110739056	0.595103281	0.422614922	0.129939980	-1.021495253	-3.209712029	0.084887482	-0.209197645	0.166379575	0.102694699	0.036679076	-0.058347956
1.098000000	0.110823749	0.594893948	0.422781409	0.130042451	-1.021458536	-3.209770266	0.084496987	-0.209468137	0.166594789	0.102247072	0.036754989	-0.058127173
1.099000000	0.110908050	0.594684345	0.422948111	0.130144474	-1.021421743	-3.209828283	0.084105876	-0.209737460	0.166809008	0.101798697	0.036830837	-0.057905952
1.100000000	0.110991960	0.594474473	0.423115027	0.130246049	-1.021384875	-3.209886078	0.083714150	-0.210005613	0.167022229	0.101349575	0.036906619	-0.057684292
1.101000000	0.111075479	0.594264333	0.423282156	0.130347173	-1.021347930	-3.209943652	0.083321811	-0.210272594	0.167234453	0.100899706	0.036982335	-0.057462194
1.102000000	0.111158604	0.594053928	0.423449496	0.130447848	-1.021310910	-3.210001003	0.082928861	-0.210538401	0.167445677	0.100449095	0.037057983	-0.057239659
1.103000000	0.111241336	0.593843257	0.423617047	0.130548072	-1.021273814	-3.210058131	0.082535301	-0.210803031	0.167655900	0.099997741	0.037133563	-0.057016687
1.104000000	0.111323675	0.593632322	0.423784808	0.130647843	-1.021236643	-3.210115036	0.082141133	-0.211066482	0.167865121	0.099545646	0.037209073	-0.056793277
1.105000000	0.111405618	0.593421124	0.423952777	0.130747163	-1.021199396	-3.210171718	0.081746359	-0.211328754	0.168073338	0.099092814	0.037284514	-0.056569433
1.106000000	0.111487167	0.593209664	0.424120955	0.130846029	-1.021162074	-3.210228175	0.081350980	-0.211589842	0.168280549	0.098639244	0.037359884	-0.056345152
1.107000000	0.111568320	0.592997944	0.424289338	0.130944441	-1.021124676	-3.210284408	0.080954998	-0.211849747	0.168486755	0.098184939	0.037435183	-0.056120437
1.108000000	0.111649077	0.592785965	0.424457928	0.131042399	-1.021087203	-3.210340416	0.080558416	-0.212108464	0.168691951	0.097729901	0.037510409	-0.055895288
1.109000000	0.111729437	0.592573727	0.424626722	0.131139901	-1.021049655	-3.210396198	0.080161233	-0.212365994	0.168896139	0.097274131	0.037585562	-0.055669705
1.110000000	0.111809400	0.592361233	0.424795720	0.131236947	-1.021012032	-3.210451755	0.079763453	-0.212622333	0.169099316	0.096817631	0.037660642	-0.055443689
1.111000000	0.111888964	0.592148482	0.424964921	0.131333536	-1.020974334	-3.210507086	0.079365077	-0.212877479	0.169301481	0.096360402	0.037735646	-0.055217240
1.112000000	0.111968130	0.591935478	0.425134323	0.131429668	-1.020936561	-3.210562190	0.078966107	-0.213131432	0.169502632	0.095902448	0.037810575	-0.054990359
1.113000000	0.112046896	0.591722220	0.425303926	0.131525341	-1.020898713	-3.210617067	0.078566544	-0.213384187	0.169702769	0.095443769	0.037885427	-0.054763046
1.114000000	0.112125263	0.591508709	0.425473729	0.131620556	-1.020860790	-3.210671716	0.078166391	-0.213635744	0.169901889	0.094984367	0.037960202	-0.054535303
1.115000000	0.112203229	0.591294948	0.425643730	0.131715310	-1.020822793	-3.210726137	0.077765648	-0.213886101	0.170099991	0.094524244	0.038034899	-0.054307129
1.116000000	0.112280794	0.591080937	0.425813929	0.131809604	-1.020784720	-3.210780330	0.077364319	-0.214135256	0.170297075	0.094063402	0.038109516	-0.054078525
1.117000000	0.112357958	0.590866678	0.425984324	0.131903437	-1.020746574	-3.210834294	0.076962404	-0.214383206	0.170493138	0.093601842	0.038184054	-0.053849493
1.118000000	0.112434719	0.590652171	0.426154915	0.131996808	-1.020708352	-3.210888029	0.076559905	-0.214629950	0.170688179	0.093139567	0.038258511	-0.053620031
1.119000000	0.112511078	0.590437418	0.426325701	0.132089716	-1.020670057	-3.210941534	0.076156824	-0.214875486	0.170882198	0.092676578	0.038332886	-0.053390142
1.120000000	0.112587033	0.590222420	0.426496680	0.132182161	-1.020631686	-3.210994809	0.075753164	-0.215119812	0.171075192	0.092212877	0.038407179	-0.053159825
1.121000000	0.112662584	0.590007178	0.426667851	0.132274142	-1.020593242	-3.211047854	0.075348925	-0.215362926	0.171267161	0.091748466	0.038481389	-0.052929081
1.122000000	0.112737731	0.589791694	0.426839214	0.132365658	-1.020554724	-3.211100667	0.074944109	-0.215604825	0.171458102	0.091283346	0.038555514	-0.052697911
1.123000000	0.112812472	0.589575968	0.427010767	0.132456708	-1.020516131	-3.211153250	0.074538719	-0.215845509	0.171648015	0.090817520	0.038629554	-0.052466315
1.124000000	0.112886808	0.589360003	0.427182510	0.132547293	-1.020477465	-3.211205600	0.074132755	-0.216084974	0.171836899	0.090350989	0.038703509	-0.052234294
1.125000000	0.112960738	0.589143798	0.427354441	0.132637410	-1.020438724	-3.211257718	0.073726221	-0.216323220	0.172024751	0.089883755	0.038777376	-0.052001849
1.126000000	0.113034260	0.588927356	0.427526559	0.132727060	-1.020399910	-3.211309604	0.073319117	-0.216560244	0.172211572	0.089415820	0.038851156	-0.051768980
1.127000000	0.113107376	0.588710678	0.427698864	0.132816242	-1.020361022	-3.211361256	0.072911446	-0.216796044	0.172397359	0.088947186	0.038924846	-0.051535687
1.128000000	0.113180083	0.588493764	0.427871354	0.132904955	-1.020322060	-3.211412675	0.072503209	-0.217030618	0.172582111	0.088477855	0.038998448	-0.051301972
1.129000000	0.113252382	0.588276617	0.428044028	0.132993198	-1.020283025	-3.211463860	0.072094408	-0.217263965	0.172765827	0.088007829	0.039071959	-0.051067835
1.130000000	0.113324272	0.588059236	0.428216886	0.133080970	-1.020243916	-3.211514811	0.071685046	-0.217496083	0.172948505	0.087537108	0.039145378	-0.050833276
1.131000000	0.113395752	0.587841625	0.428389925	0.133168272	-1.020204734	-3.211565527	0.071275123	-0.217726969	0.173130145	0.087065697	0.039218706	-0.050598297
1.132000000	0.113466822	0.587623782	0.428563146	0.133255102	-1.020165479	-3.211616007	0.070864642	-0.217956622	0.173310745	0.086593595	0.039291940	-0.050362897
1.133000000	0.113537482	0.587405711	0.428736547	0.133341459	-1.020126150	-3.211666253	0.070453604	-0.218185039	0.173490304	0.086120805	0.039365080	-0.050127078
1.134000000	0.113607730	0.587187412	0.428910127	0.133427343	-1.020086749	-3.211716262	0.070042012	-0.218412220	0.173668820	0.085647330	0.039438126	-0.049890840
1.135000000	0.113677566	0.586968887	0.429083884	0.133512754	-1.020047274	-3.211766034	0.069629867	-0.218638162	0.173846293	0.085173171	0.039511075	-0.049654184
1.136000000	0.113746989	0.586750136	0.429257819	0.133597690	-1.020007727	-3.211815570	0.069217171	-0.218862862	0.174022721	0.084698329	0.039583927	-0.049417110
1.137000000	0.113816000	0.586531161	0.429431930	0.133682151	-1.019968106	-3.211864868	0.068803926	-0.219086320	0.174198102	0.084222807	0.039656682	-0.049179619
1.138000000	0.113884597	0.586311963	0.429606215	0.133766135	-1.019928413	-3.211913929	0.068390134	-0.219308534	0.174372436	0.083746607	0.039729338	-0.048941712
1.139000000	0.113952780	0.586092544	0.429780675	0.133849644	-1.019888648	-3.211962752	0.067975797	-0.219529501	0.174545722	0.083269730	0.039801895	-0.048703389
1.140000000	0.114020549	0.585872904	0.429955307	0.133932675	-1.019848809	-3.212011336	0.067560916	-0.219749219	0.174717957	0.082792179	0.039874351	-0.048464651
1.141000000	0.114087902	0.585653046	0.430130111	0.134015228	-1.019808899	-3.212059681	0.067145494	-0.219967687	0.174889142	0.082313956	0.039946706	-0.048225499
1.142000000	0.114154840	0.585432969	0.430305085	0.134097303	-1.019768916	-3.212107787	0.066729533	-0.220184904	0.175059274	0.081835062	0.040018958	-0.047985933
1.143000000	0.114221361	0.585212676	0.430480229	0.134178898	-1.019728861	-3.212155653	0.066313034	-0.220400866	0.175228352	0.081355499	0.040091107	-0.047745954
1.144000000	0.114287466	0.584992167	0.430655542	0.134260014	-1.019688734	-3.212203279	0.065895999	-0.220615572	0.175396376	0.080875270	0.040163151	-0.047505562
1.145000000	0.114353153	0.584771445	0.430831022	0.134340649	-1.019648535	-3.212250664	0.065478430	-0.220829021	0.175563344	0.080394376	0.040235091	-0.047264759
1.146000000	0.114418423	0.584550509	0.431006669	0.134420802	-1.019608264	-3.212297808	0.065060329	-0.221041211	0.175729255	0.079912819	0.040306924	-0.047023545
1.147000000	0.114483274	0.584329362	0.431182481	0.134500474	-1.019567921	-3.212344711	0.064641698	-0.221252139	0.175894107	0.079430601	0.040378650	-0.046781920
1.148000000	0.114547706	0.584108005	0.431358457	0.134579664	-1.019527506	-3.212391372	0.064222540	-0.221461804	0.176057900	0.078947725	0.040450268	-0.046539886
1.149000000	0.114611719	0.583886439	0.431534596	0.134658370	-1.019487020	-3.212437791	0.063802855	-0.221670204	0.176220632	0.078464193	0.040521777	-0.046297443
1.150000000	0.114675312	0.583664665	0.431710898	0.134736592	-1.019446463	-3.212483967	0.063382646	-0.221877337	0.176382302	0.077980005	0.040593176	-0.046054592
1.151000000	0.114738484	0.583442684	0.431887361	0.134814330	-1.019405834	-3.212529900	0.062961915	-0.222083202	0.176542910	0.077495165	0.040664464	-0.045811333
1.152000000	0.114801236	0.583220498	0.432063984	0.134891582	-1.019365134	-3.212575590	0.062540664	-0.222287796	0.176702453	0.077009674	0.040735640	-0.045567667
1.153000000	0.114863566	0.582998108	0.432240766	0.134968349	-1.019324363	-3.212621036	0.062118894	-0.222491118	0.176860931	0.076523534	0.040806703	-0.045323595
1.154000000	0.114925473	0.582775516	0.432417706	0.135044629	-1.019283520	-3.212666237	0.061696608	-0.222693166	0.177018342	0.076036748	0.040877652	-0.045079117
1.155000000	0.114986959	0.582552722	0.432594803	0.135120423	-1.019242607	-3.212711194	0.061273808	-0.222893938	0.177174686	0.075549317	0.040948486	-0.044834235
1.156000000	0.115048021	0.582329728	0.432772055	0.135195728	-1.019201623	-3.212755905	0.060850495	-0.223093432	0.177329961	0.075061243	0.041019204	-0.044588948
1.157000000	0.115108660	0.582106535	0.432949462	0.135270545	-1.019160569	-3.212800372	0.060426672	-0.223291647	0.177484166	0.074572529	0.041089805	-0.044343258
1.158000000	0.115168874	0.581883145	0.433127023	0.135344873	-1.019119444	-3.212844592	0.060002341	-0.223488581	0.177637300	0.074083177	0.041160289	-0.044097166
1.159000000	0.115228664	0.581659558	0.433304737	0.135418712	-1.019078248	-3.212888566	0.059577503	-0.223684232	0.177789362	0.073593188	0.041230654	-0.043850672
1.160000000	0.115288029	0.581435776	0.433482602	0.135492060	-1.019036982	-3.212932293	0.059152160	-0.223878598	0.177940350	0.073102564	0.041300898	-0.043603776
1.161000000	0.115346969	0.581211801	0.433660618	0.135564917	-1.018995646	-3.212975774	0.058726316	-0.224071678	0.178090265	0.072611309	0.041371022	-0.043356480
1.162000000	0.115405482	0.580987633	0.433838783	0.135637282	-1.018954240	-3.213019006	0.058299971	-0.224263469	0.178239104	0.072119423	0.041441024	-0.043108785
1.163000000	0.115463569	0.580763274	0.434017096	0.135709155	-1.018912764	-3.213061991	0.057873127	-0.224453970	0.178386866	0.071626909	0.041510904	-0.042860690
1.164000000	0.115521228	0.580538725	0.434195556	0.135780536	-1.018871219	-3.213104728	0.057445787	-0.224643179	0.178533550	0.071133769	0.041580659	-0.042612198
1.165000000	0.115578460	0.580313988	0.434374163	0.135851423	-1.018829603	-3.213147216	0.057017953	-0.224831095	0.178679156	0.070640005	0.041650289	-0.042363307
1.166000000	0.115635264	0.580089063	0.434552915	0.135921816	-1.018787918	-3.213189454	0.056589627	-0.225017715	0.178823682	0.070145619	0.041719794	-0.042114021
1.167000000	0.115691640	0.579863952	0.434731810	0.135991714	-1.018746164	-3.213231444	0.056160810	-0.225203039	0.178967127	0.069650614	0.041789172	-0.041864338
1.168000000	0.115747586	0.579638657	0.434910849	0.136061117	-1.018704340	-3.213273183	0.055731505	-0.225387063	0.179109490	0.069154990	0.041858421	-0.041614260
1.169000000	0.115803103	0.579413178	0.435090029	0.136130024	-1.018662447	-3.213314672	0.055301714	-0.225569787	0.179250770	0.068658752	0.041927542	-0.041363787
1.170000000	0.115858189	0.579187517	0.435269351	0.136198435	-1.018620485	-3.213355911	0.054871439	-0.225751209	0.179390966	0.068161900	0.041996533	-0.041112921
1.171000000	0.115912845	0.578961676	0.435448811	0.136266348	-1.018578454	-3.213396898	0.054440682	-0.225931327	0.179530077	0.067664437	0.042065393	-0.040861662
1.172000000	0.115967071	0.578735655	0.435628411	0.136333764	-1.018536354	-3.213437634	0.054009445	-0.226110139	0.179668101	0.067166364	0.042134120	-0.040610011
1.173000000	0.116020864	0.578509455	0.435808148	0.136400681	-1.018494185	-3.213478118	0.053577730	-0.226287644	0.179805039	0.066667685	0.042202715	-0.040357969
1.174000000	0.116074226	0.578283079	0.435988021	0.136467099	-1.018451948	-3.213518350	0.053145539	-0.226463840	0.179940888	0.066168401	0.042271175	-0.040105536
1.175000000	0.116127155	0.578056528	0.436168029	0.136533018	-1.018409643	-3.213558329	0.052712875	-0.226638724	0.180075647	0.065668515	0.042339501	-0.039852713
1.176000000	0.116179652	0.577829802	0.436348172	0.136598436	-1.018367269	-3.213598055	0.052279738	-0.226812296	0.180209317	0.065168028	0.042407690	-0.039599501
1.177000000	0.116231715	0.577602903	0.436528448	0.136663354	-1.018324828	-3.213637528	0.051846132	-0.226984555	0.180341895	0.064666942	0.042475742	-0.039345902
1.178000000	0.116283344	0.577375833	0.436708856	0.136727770	-1.018282318	-3.213676747	0.051412059	-0.227155497	0.180473380	0.064165261	0.042543655	-0.039091914
1.179000000	0.116334539	0.577148592	0.436889395	0.136791684	-1.018239740	-3.213715712	0.050977521	-0.227325121	0.180603773	0.063662986	0.042611429	-0.038837541
1.180000000	0.116385299	0.576921182	0.437070063	0.136855096	-1.018197095	-3.213754422	0.050542519	-0.227493427	0.180733071	0.063160119	0.042679063	-0.038582781
1.181000000	0.116435624	0.576693605	0.437250861	0.136918004	-1.018154382	-3.213792877	0.050107056	-0.227660411	0.180861273	0.062656663	0.042746555	-0.038327637
1.182000000	0.116485513	0.576465862	0.437431786	0.136980409	-1.018111602	-3.213831077	0.049671134	-0.227826073	0.180988379	0.062152619	0.042813905	-0.038072109
1.183000000	0.116534966	0.576237953	0.437612838	0.137042310	-1.018068754	-3.213869022	0.049234755	-0.227990411	0.181114388	0.061647991	0.042881111	-0.037816197
1.184000000	0.116583983	0.576009881	0.437794015	0.137103705	-1.018025840	-3.213906710	0.048797922	-0.228153422	0.181239298	0.061142779	0.042948173	-0.037559903
1.185000000	0.116632562	0.575781646	0.437975316	0.137164595	-1.017982858	-3.213944141	0.048360635	-0.228315106	0.181363110	0.060636987	0.043015088	-0.037303227
1.186000000	0.116680704	0.575553251	0.438156741	0.137224979	-1.017939810	-3.213981316	0.047922899	-0.228475461	0.181485821	0.060130617	0.043081857	-0.037046171
1.187000000	0.116728408	0.575324695	0.438338288	0.137284856	-1.017896694	-3.214018234	0.047484714	-0.228634485	0.181607430	0.059623670	0.043148478	-0.036788734
1.188000000	0.116775673	0.575095982	0.438519956	0.137344226	-1.017853513	-3.214054894	0.047046083	-0.228792177	0.181727938	0.059116150	0.043214950	-0.036530919
1.189000000	0.116822500	0.574867111	0.438701744	0.137403089	-1.017810264	-3.214091296	0.046607008	-0.228948534	0.181847342	0.058608058	0.043281272	-0.036272725
1.190000000	0.116868888	0.574638085	0.438883650	0.137461443	-1.017766950	-3.214127439	0.046167492	-0.229103556	0.181965642	0.058099397	0.043347443	-0.036014154
1.191000000	0.116914835	0.574408904	0.439065675	0.137519288	-1.017723570	-3.214163324	0.045727535	-0.229257241	0.182082838	0.057590169	0.043413461	-0.035755207
1.192000000	0.116960343	0.574179570	0.439247816	0.137576623	-1.017680123	-3.214198950	0.045287141	-0.229409586	0.182198927	0.057080376	0.043479326	-0.035495884
1.193000000	0.117005409	0.573950085	0.439430073	0.137633448	-1.017636611	-3.214234316	0.044846312	-0.229560591	0.182313909	0.056570021	0.043545037	-0.035236186
1.194000000	0.117050035	0.573720449	0.439612444	0.137689763	-1.017593033	-3.214269422	0.044405050	-0.229710254	0.182427784	0.056059105	0.043610593	-0.034976114
1.195000000	0.117094220	0.573490664	0.439794928	0.137745566	-1.017549390	-3.214304268	0.043963357	-0.229858573	0.182540550	0.055547632	0.043675991	-0.034715669
1.196000000	0.117137962	0.573260732	0.439977525	0.137800858	-1.017505681	-3.214338853	0.043521236	-0.230005546	0.182652206	0.055035603	0.043741232	-0.034454852
1.197000000	0.117181262	0.573030653	0.440160233	0.137855638	-1.017461907	-3.214373178	0.043078688	-0.230151173	0.182762753	0.054523021	0.043806315	-0.034193663
1.198000000	0.117224119	0.572800429	0.440343051	0.137909904	-1.017418068	-3.214407241	0.042635715	-0.230295452	0.182872187	0.054009888	0.043871237	-0.033932105
1.199000000	0.117266533	0.572570062	0.440525977	0.137963657	-1.017374165	-3.214441042	0.042192321	-0.230438380	0.182980510	0.053496206	0.043935998	-0.033670177
1.200000000	0.117308504	0.572339553	0.440709012	0.138016897	-1.017330196	-3.214474581	0.041748507	-0.230579956	0.183087719	0.052981978	0.044000597	-0.033407880
1.201000000	0.117350030	0.572108902	0.440892153	0.138069621	-1.017286164	-3.214507858	0.041304275	-0.230720179	0.183193813	0.052467207	0.044065033	-0.033145215
1.202000000	0.117391112	0.571878112	0.441075399	0.138121831	-1.017242066	-3.214540871	0.040859628	-0.230859048	0.183298794	0.051951893	0.044129305	-0.032882184
1.203000000	0.117431750	0.571647184	0.441258750	0.138173525	-1.017197905	-3.214573622	0.040414568	-0.230996560	0.183402658	0.051436041	0.044193411	-0.032618787
1.204000000	0.117471942	0.571416119	0.441442205	0.138224703	-1.017153680	-3.214606109	0.039969097	-0.231132714	0.183505405	0.050919651	0.044257350	-0.032355026
1.205000000	0.117511688	0.571184919	0.441625761	0.138275365	-1.017109390	-3.214638332	0.039523218	-0.231267509	0.183607035	0.050402728	0.044321122	-0.032090900
1.206000000	0.117550988	0.570953584	0.441809419	0.138325509	-1.017065037	-3.214670291	0.039076932	-0.231400943	0.183707548	0.049885272	0.044384725	-0.031826411
1.207000000	0.117589842	0.570722117	0.441993176	0.138375135	-1.017020621	-3.214701985	0.038630242	-0.231533015	0.183806940	0.049367286	0.044448158	-0.031561560
1.208000000	0.117628249	0.570490518	0.442177032	0.138424243	-1.016976141	-3.214733414	0.038183151	-0.231663722	0.183905213	0.048848774	0.044511420	-0.031296348
1.209000000	0.117666208	0.570258789	0.442360987	0.138472833	-1.016931598	-3.214764578	0.037735660	-0.231793064	0.184002364	0.048329736	0.044574510	-0.031030775
1.210000000	0.117703720	0.570026932	0.442545037	0.138520903	-1.016886992	-3.214795475	0.037287772	-0.231921038	0.184098394	0.047810176	0.044637426	-0.030764843
1.211000000	0.117740784	0.569794947	0.442729183	0.138568453	-1.016842323	-3.214826107	0.036839489	-0.232047645	0.184193302	0.047290096	0.044700168	-0.030498553
1.212000000	0.117777399	0.569562837	0.442913424	0.138615483	-1.016797592	-3.214856473	0.036390813	-0.232172881	0.184287087	0.046769498	0.044762734	-0.030231906
1.213000000	0.117813565	0.569330602	0.443097758	0.138661992	-1.016752798	-3.214886571	0.035941747	-0.232296746	0.184379747	0.046248385	0.044825123	-0.029964902
1.214000000	0.117849282	0.569098243	0.443282183	0.138707980	-1.016707941	-3.214916402	0.035492293	-0.232419238	0.184471282	0.045726759	0.044887335	-0.029697542
1.215000000	0.117884550	0.568865763	0.443466700	0.138753445	-1.016663023	-3.214945966	0.035042453	-0.232540355	0.184561692	0.045204623	0.044949367	-0.029429828
1.216000000	0.117919367	0.568633162	0.443651307	0.138798389	-1.016618043	-3.214975262	0.034592230	-0.232660096	0.184650975	0.044681979	0.045011219	-0.029161761
1.217000000	0.117953734	0.568400443	0.443836002	0.138842809	-1.016573001	-3.215004290	0.034141626	-0.232778460	0.184739130	0.044158830	0.045072890	-0.028893341
1.218000000	0.117987650	0.568167606	0.444020785	0.138886707	-1.016527897	-3.215033049	0.033690643	-0.232895445	0.184826158	0.043635178	0.045134378	-0.028624570
1.219000000	0.118021116	0.567934652	0.444205654	0.138930080	-1.016482732	-3.215061539	0.033239284	-0.233011049	0.184912057	0.043111025	0.045195682	-0.028355448
1.220000000	0.118054129	0.567701583	0.444390609	0.138972929	-1.016437506	-3.215089760	0.032787550	-0.233125272	0.184996827	0.042586375	0.045256802	-0.028085977
1.221000000	0.118086691	0.567468401	0.444575648	0.139015253	-1.016392218	-3.215117711	0.032335445	-0.233238112	0.185080466	0.042061229	0.045317736	-0.027816156
1.222000000	0.118118800	0.567235107	0.444760770	0.139057051	-1.016346870	-3.215145392	0.031882971	-0.233349567	0.185162974	0.041535589	0.045378482	-0.027545989
1.223000000	0.118150457	0.567001702	0.444945974	0.139098324	-1.016301461	-3.215172803	0.031430130	-0.233459635	0.185244350	0.041009460	0.045439040	-0.027275475
1.224000000	0.118181660	0.566768188	0.445131259	0.139139070	-1.016255992	-3.215199943	0.030976924	-0.233568316	0.185324593	0.040482843	0.045499409	-0.027004615
1.225000000	0.118212410	0.566534566	0.445316623	0.139179289	-1.016210462	-3.215226812	0.030523356	-0.233675608	0.185403704	0.039955740	0.045559587	-0.026733411
1.226000000	0.118242707	0.566300837	0.445502066	0.139218981	-1.016164873	-3.215253410	0.030069428	-0.233781510	0.185481680	0.039428154	0.045619573	-0.026461864
1.227000000	0.118272549	0.566067003	0.445687586	0.139258146	-1.016119223	-3.215279736	0.029615143	-0.233886020	0.185558522	0.038900088	0.045679366	-0.026189974
1.228000000	0.118301937	0.565833065	0.445873183	0.139296782	-1.016073514	-3.215305790	0.029160502	-0.233989136	0.185634228	0.038371544	0.045738965	-0.025917743
1.229000000	0.118330870	0.565599024	0.446058855	0.139334889	-1.016027745	-3.215331571	0.028705509	-0.234090858	0.185708798	0.037842525	0.045798368	-0.025645171
1.230000000	0.118359348	0.565364883	0.446244601	0.139372467	-1.015981917	-3.215357080	0.028250166	-0.234191184	0.185782231	0.037313032	0.045857575	-0.025372261
1.231000000	0.118387371	0.565130642	0.446430419	0.139409515	-1.015936030	-3.215382316	0.027794475	-0.234290113	0.185854527	0.036783070	0.045916584	-0.025099012
1.232000000	0.118414937	0.564896303	0.446616310	0.139446033	-1.015890084	-3.215407278	0.027338438	-0.234387643	0.185925685	0.036252641	0.045975395	-0.024825425
1.233000000	0.118442048	0.564661867	0.446802271	0.139482020	-1.015844079	-3.215431967	0.026882058	-0.234483772	0.185995703	0.035721746	0.046034005	-0.024551503
1.234000000	0.118468701	0.564427335	0.446988301	0.139517476	-1.015798016	-3.215456381	0.026425338	-0.234578500	0.186064582	0.035190389	0.046092414	-0.024277246
1.235000000	0.118494898	0.564192710	0.447174400	0.139552401	-1.015751895	-3.215480521	0.025968279	-0.234671826	0.186132321	0.034658572	0.046150620	-0.024002655
1.236000000	0.118520638	0.563957992	0.447360566	0.139586793	-1.015705715	-3.215504386	0.025510885	-0.234763747	0.186198919	0.034126298	0.046208623	-0.023727730
1.237000000	0.118545920	0.563723182	0.447546798	0.139620654	-1.015659477	-3.215527976	0.025053157	-0.234854262	0.186264375	0.033593569	0.046266421	-0.023452474
1.238000000	0.118570744	0.563488283	0.447733095	0.139653981	-1.015613182	-3.215551291	0.024595099	-0.234943371	0.186328689	0.033060388	0.046324012	-0.023176888
1.239000000	0.118595110	0.563253295	0.447919455	0.139686774	-1.015566829	-3.215574330	0.024136712	-0.235031071	0.186391860	0.032526758	0.046381397	-0.022900972
1.240000000	0.118619018	0.563018221	0.448105878	0.139719034	-1.015520419	-3.215597093	0.023677999	-0.235117362	0.186453888	0.031992681	0.046438573	-0.022624727
1.241000000	0.118642466	0.562783061	0.448292363	0.139750760	-1.015473952	-3.215619580	0.023218963	-0.235202242	0.186514772	0.031458160	0.046495539	-0.022348155
1.242000000	0.118665456	0.562547816	0.448478908	0.139781950	-1.015427428	-3.215641789	0.022759606	-0.235285709	0.186574510	0.030923198	0.046552295	-0.022071257
1.243000000	0.118687985	0.562312489	0.448665512	0.139812606	-1.015380848	-3.215663722	0.022299930	-0.235367763	0.186633104	0.030387796	0.046608839	-0.021794033
1.244000000	0.118710055	0.562077081	0.448852174	0.139842726	-1.015334211	-3.215685378	0.021839938	-0.235448403	0.186690551	0.029851959	0.046665169	-0.021516486
1.245000000	0.118731665	0.561841593	0.449038893	0.139872310	-1.015287517	-3.215706755	0.021379633	-0.235527626	0.186746852	0.029315688	0.046721285	-0.021238616
1.246000000	0.118752815	0.561606026	0.449225668	0.139901357	-1.015240768	-3.215727855	0.020919017	-0.235605432	0.186802006	0.028778987	0.046777185	-0.020960423
1.247000000	0.118773503	0.561370382	0.449412497	0.139929868	-1.015193963	-3.215748676	0.020458092	-0.235681819	0.186856012	0.028241857	0.046832868	-0.020681911
1.248000000	0.118793731	0.561134662	0.449599380	0.139957841	-1.015147102	-3.215769219	0.019996861	-0.235756786	0.186908869	0.027704302	0.046888333	-0.020403078
1.249000000	0.118813497	0.560898868	0.449786315	0.139985277	-1.015100186	-3.215789482	0.019535326	-0.235830333	0.186960578	0.027166325	0.046943579	-0.020123928
1.250000000	0.118832801	0.560663001	0.449973301	0.140012174	-1.015053215	-3.215809466	0.019073490	-0.235902456	0.187011137	0.026627927	0.046998604	-0.019844460
1.251000000	0.118851644	0.560427063	0.450160337	0.140038532	-1.015006189	-3.215829171	0.018611357	-0.235973156	0.187060546	0.026089112	0.047053407	-0.019564677
1.252000000	0.118870024	0.560191055	0.450347422	0.140064352	-1.014959108	-3.215848596	0.018148927	-0.236042430	0.187108805	0.025549883	0.047107988	-0.019284578
1.253000000	0.118887942	0.559954978	0.450534555	0.140089632	-1.014911973	-3.215867740	0.017686203	-0.236110279	0.187155912	0.025010241	0.047162344	-0.019004166
1.254000000	0.118905397	0.559718834	0.450721734	0.140114372	-1.014864784	-3.215886604	0.017223189	-0.236176700	0.187201868	0.024470191	0.047216475	-0.018723441
1.255000000	0.118922388	0.559482625	0.450908958	0.140138573	-1.014817540	-3.215905187	0.016759886	-0.236241693	0.187246671	0.023929734	0.047270379	-0.018442406
1.256000000	0.118938916	0.559246351	0.451096227	0.140162232	-1.014770243	-3.215923489	0.016296298	-0.236305255	0.187290321	0.023388874	0.047324055	-0.018161060
1.257000000	0.118954981	0.559010014	0.451283539	0.140185350	-1.014722892	-3.215941509	0.015832426	-0.236367387	0.187332818	0.022847613	0.047377502	-0.017879405
1.258000000	0.118970581	0.558773616	0.451470893	0.140207927	-1.014675488	-3.215959248	0.015368274	-0.236428086	0.187374161	0.022305954	0.047430719	-0.017597442
1.259000000	0.118985717	0.558537158	0.451658287	0.140229962	-1.014628031	-3.215976704	0.014903844	-0.236487352	0.187414350	0.021763900	0.047483704	-0.017315173
1.260000000	0.119000389	0.558300642	0.451845722	0.140251455	-1.014580520	-3.215993878	0.014439138	-0.236545182	0.187453384	0.021221453	0.047536457	-0.017032599
1.261000000	0.119014596	0.558064068	0.452033194	0.140272405	-1.014532958	-3.216010769	0.013974160	-0.236601577	0.187491263	0.020678617	0.047588975	-0.016749720
1.262000000	0.119028337	0.557827438	0.452220704	0.140292812	-1.014485342	-3.216027378	0.013508911	-0.236656535	0.187527985	0.020135394	0.047641258	-0.016466539
1.263000000	0.119041613	0.557590755	0.452408250	0.140312676	-1.014437675	-3.216043702	0.013043394	-0.236710055	0.187563552	0.019591787	0.047693305	-0.016183056
1.264000000	0.119054424	0.557354018	0.452595831	0.140331996	-1.014389956	-3.216059744	0.012577612	-0.236762135	0.187597962	0.019047798	0.047745114	-0.015899273
1.265000000	0.119066769	0.557117231	0.452783446	0.140350771	-1.014342185	-3.216075501	0.012111567	-0.236812775	0.187631214	0.018503432	0.047796684	-0.015615191
1.266000000	0.119078647	0.556880393	0.452971094	0.140369003	-1.014294362	-3.216090974	0.011645263	-0.236861973	0.187663308	0.017958690	0.047848014	-0.015330811
1.267000000	0.119090059	0.556643507	0.453158773	0.140386689	-1.014246489	-3.216106163	0.011178702	-0.236909728	0.187694244	0.017413575	0.047899102	-0.015046135
1.268000000	0.119101005	0.556406573	0.453346482	0.140403830	-1.014198564	-3.216121066	0.010711885	-0.236956038	0.187724021	0.016868090	0.047949948	-0.014761163
1.269000000	0.119111483	0.556169594	0.453534221	0.140420425	-1.014150589	-3.216135685	0.010244817	-0.237000904	0.187752640	0.016322238	0.048000550	-0.014475897
1.270000000	0.119121494	0.555932572	0.453721987	0.140436474	-1.014102563	-3.216150018	0.009777499	-0.237044324	0.187780098	0.015776022	0.048050906	-0.014190338
1.271000000	0.119131038	0.555695506	0.453909781	0.140451977	-1.014054487	-3.216164066	0.009309935	-0.237086296	0.187806397	0.015229444	0.048101016	-0.013904487
1.272000000	0.119140114	0.555458399	0.454097600	0.140466933	-1.014006361	-3.216177827	0.008842127	-0.237126820	0.187831536	0.014682509	0.048150879	-0.013618347
1.273000000	0.119148722	0.555221252	0.454285444	0.140481342	-1.013958185	-3.216191302	0.008374077	-0.237165895	0.187855513	0.014135217	0.048200492	-0.013331917
1.274000000	0.119156862	0.554984067	0.454473311	0.140495204	-1.013909960	-3.216204491	0.007905788	-0.237203518	0.187878329	0.013587574	0.048249856	-0.013045200
1.275000000	0.119164534	0.554746845	0.454661201	0.140508517	-1.013861686	-3.216217393	0.007437263	-0.237239690	0.187899983	0.013039580	0.048298968	-0.012758196
1.276000000	0.119171737	0.554509588	0.454849111	0.140521283	-1.013813362	-3.216230007	0.006968505	-0.237274409	0.187920475	0.012491240	0.048347827	-0.012470908
1.277000000	0.119178471	0.554272296	0.455037042	0.140533500	-1.013764990	-3.216242335	0.006499516	-0.237307674	0.187939805	0.011942556	0.048396432	-0.012183336
1.278000000	0.119184736	0.554034972	0.455224991	0.140545168	-1.013716569	-3.216254374	0.006030299	-0.237339484	0.187957971	0.011393531	0.048444782	-0.011895481
1.279000000	0.119190531	0.553797617	0.455412958	0.140556287	-1.013668100	-3.216266125	0.005560856	-0.237369838	0.187974975	0.010844168	0.048492876	-0.011607345
1.280000000	0.119195857	0.553560233	0.455600941	0.140566856	-1.013619584	-3.216277589	0.005091191	-0.237398735	0.187990815	0.010294470	0.048540712	-0.011318930
1.281000000	0.119200714	0.553322820	0.455788939	0.140576876	-1.013571019	-3.216288763	0.004621305	-0.237426174	0.188005491	0.009744440	0.048588289	-0.011030236
1.282000000	0.119205100	0.553085380	0.455976952	0.140586345	-1.013522407	-3.216299649	0.004151203	-0.237452154	0.188019002	0.009194081	0.048635606	-0.010741265
1.283000000	0.119209016	0.552847916	0.456164977	0.140595264	-1.013473748	-3.216310246	0.003680886	-0.237476673	0.188031349	0.008643396	0.048682662	-0.010452019
1.284000000	0.119212462	0.552610427	0.456353014	0.140603632	-1.013425042	-3.216320553	0.003210356	-0.237499732	0.188042530	0.008092387	0.048729455	-0.010162498
1.285000000	0.119215437	0.552372916	0.456541062	0.140611449	-1.013376289	-3.216330571	0.002739618	-0.237521328	0.188052546	0.007541059	0.048775984	-0.009872704
1.286000000	0.119217941	0.552135384	0.456729119	0.140618714	-1.013327490	-3.216340299	0.002268674	-0.237541461	0.188061397	0.006989413	0.048822247	-0.009582638
1.287000000	0.119219974	0.551897833	0.456917185	0.140625428	-1.013278644	-3.216349736	0.001797525	-0.237560130	0.188069081	0.006437453	0.048868244	-0.009292303
1.288000000	0.119221536	0.551660264	0.457105258	0.140631589	-1.013229753	-3.216358883	0.001326176	-0.237577333	0.188075599	0.005885182	0.048913974	-0.009001698
1.289000000	0.119222627	0.551422679	0.457293336	0.140637198	-1.013180816	-3.216367740	0.000854629	-0.237593071	0.188080950	0.005332603	0.048959434	-0.008710826
1.290000000	0.119223245	0.551185078	0.457481420	0.140642254	-1.013131834	-3.216376305	0.000382886	-0.237607341	0.188085134	0.004779718	0.049004624	-0.008419688
1.291000000	0.119223392	0.550947464	0.457669506	0.140646757	-1.013082807	-3.216384579	-0.000089050	-0.237620144	0.188088151	0.004226532	0.049049543	-0.008128285
1.292000000	0.119223067	0.550709838	0.457857596	0.140650707	-1.013033735	-3.216392561	-0.000561175	-0.237631476	0.188090000	0.003673046	0.049094188	-0.007836620
1.293000000	0.119222270	0.550472201	0.458045686	0.140654103	-1.012984619	-3.216400252	-0.001033488	-0.237641339	0.188090681	0.003119264	0.049138560	-0.007544692
1.294000000	0.119221000	0.550234555	0.458233777	0.140656946	-1.012935458	-3.216407651	-0.001505985	-0.237649732	0.188090194	0.002565190	0.049182657	-0.007252504
1.295000000	0.119219258	0.549996901	0.458421867	0.140659234	-1.012886254	-3.216414757	-0.001978663	-0.237656652	0.188088538	0.002010826	0.049226476	-0.006960057
1.296000000	0.119217043	0.549759242	0.458609954	0.140660967	-1.012837005	-3.216421571	-0.002451521	-0.237662100	0.188085714	0.001456174	0.049270018	-0.006667352
1.297000000	0.119214355	0.549521577	0.458798038	0.140662146	-1.012787713	-3.216428092	-0.002924554	-0.237666074	0.188081721	0.000901240	0.049313281	-0.006374391
1.298000000	0.119211194	0.549283910	0.458986118	0.140662770	-1.012738379	-3.216434320	-0.003397760	-0.237668573	0.188076558	0.000346024	0.049356264	-0.006081176
1.299000000	0.119207559	0.549046240	0.459174191	0.140662838	-1.012689001	-3.216440254	-0.003871137	-0.237669596	0.188070226	-0.000209469	0.049398965	-0.005787707
1.300000000	0.119203452	0.548808570	0.459362258	0.140662351	-1.012639581	-3.216445895	-0.004344682	-0.237669143	0.188062724	-0.000765236	0.049441382	-0.005493987
1.301000000	0.119198870	0.548570902	0.459550317	0.140661308	-1.012590118	-3.216451242	-0.004818391	-0.237667213	0.188054053	-0.001321275	0.049483516	-0.005200017
1.302000000	0.119193815	0.548333236	0.459738366	0.140659708	-1.012540614	-3.216456295	-0.005292262	-0.237663805	0.188044210	-0.001877582	0.049525364	-0.004905797
1.303000000	0.119188286	0.548095574	0.459926405	0.140657553	-1.012491067	-3.216461054	-0.005766293	-0.237658918	0.188033198	-0.002434154	0.049566926	-0.004611330
1.304000000	0.119182282	0.547857918	0.460114433	0.140654840	-1.012441480	-3.216465518	-0.006240480	-0.237652550	0.188021015	-0.002990987	0.049608199	-0.004316618
1.305000000	0.119175805	0.547620269	0.460302447	0.140651571	-1.012391851	-3.216469687	-0.006714820	-0.237644702	0.188007661	-0.003548080	0.049649184	-0.004021661
1.306000000	0.119168853	0.547382629	0.460490448	0.140647744	-1.012342181	-3.216473561	-0.007189311	-0.237635373	0.187993136	-0.004105428	0.049689878	-0.003726461
1.307000000	0.119161426	0.547144998	0.460678434	0.140643360	-1.012292471	-3.216477140	-0.007663949	-0.237624560	0.187977440	-0.004663029	0.049730279	-0.003431020
1.308000000	0.119153525	0.546907380	0.460866403	0.140638418	-1.012242721	-3.216480423	-0.008138732	-0.237612265	0.187960572	-0.005220878	0.049770388	-0.003135339
1.309000000	0.119145149	0.546669774	0.461054355	0.140632918	-1.012192931	-3.216483411	-0.008613658	-0.237598485	0.187942533	-0.005778974	0.049810203	-0.002839420
1.310000000	0.119136297	0.546432183	0.461242288	0.140626860	-1.012143100	-3.216486102	-0.009088723	-0.237583221	0.187923322	-0.006337313	0.049849722	-0.002543264
1.311000000	0.119126971	0.546194607	0.461430201	0.140620243	-1.012093231	-3.216488497	-0.009563923	-0.237566471	0.187902939	-0.006895891	0.049888944	-0.002246873
1.312000000	0.119117170	0.545957050	0.461618094	0.140613068	-1.012043323	-3.216490596	-0.010039258	-0.237548234	0.187881383	-0.007454706	0.049927868	-0.001950248
1.313000000	0.119106893	0.545719511	0.461805964	0.140605334	-1.011993375	-3.216492398	-0.010514723	-0.237528510	0.187858656	-0.008013755	0.049966492	-0.001653391
1.314000000	0.119096140	0.545481993	0.461993811	0.140597041	-1.011943390	-3.216493903	-0.010990315	-0.237507298	0.187834757	-0.008573033	0.050004816	-0.001356303
1.315000000	0.119084912	0.545244496	0.462181634	0.140588188	-1.011893366	-3.216495110	-0.011466032	-0.237484597	0.187809684	-0.009132538	0.050042838	-0.001058986
1.316000000	0.119073208	0.545007023	0.462369431	0.140578776	-1.011843304	-3.216496021	-0.011941872	-0.237460406	0.187783439	-0.009692266	0.050080557	-0.000761442
1.317000000	0.119061028	0.544769576	0.462557201	0.140568803	-1.011793205	-3.216496633	-0.012417830	-0.237434725	0.187756021	-0.010252215	0.050117971	-0.000463672
1.318000000	0.119048372	0.544532154	0.462744943	0.140558271	-1.011743068	-3.216496948	-0.012893904	-0.237407553	0.187727431	-0.010812381	0.050155079	-0.000165677
1.319000000	0.119035240	0.544294760	0.462932655	0.140547179	-1.011692894	-3.216496964	-0.013370091	-0.237378889	0.187697667	-0.011372761	0.050191881	0.000132540
1.320000000	0.119021632	0.544057396	0.463120338	0.140535526	-1.011642684	-3.216496683	-0.013846388	-0.237348732	0.187666730	-0.011933352	0.050228374	0.000430978
1.321000000	0.119007548	0.543820063	0.463307989	0.140523312	-1.011592438	-3.216496103	-0.014322793	-0.237317083	0.187634621	-0.012494149	0.050264558	0.000729636
1.322000000	0.118992987	0.543582762	0.463495607	0.140510537	-1.011542155	-3.216495223	-0.014799302	-0.237283939	0.187601337	-0.013055151	0.050300430	0.001028512
1.323000000	0.118977949	0.543345495	0.463683192	0.140497202	-1.011491837	-3.216494045	-0.015275912	-0.237249300	0.187566881	-0.013616353	0.050335991	0.001327605
1.324000000	0.118962435	0.543108263	0.463870741	0.140483305	-1.011441483	-3.216492568	-0.015752621	-0.237213166	0.187531251	-0.014177753	0.050371238	0.001626912
1.325000000	0.118946444	0.542871069	0.464058254	0.140468846	-1.011391094	-3.216490792	-0.016229425	-0.237175536	0.187494447	-0.014739346	0.050406171	0.001926432
1.326000000	0.118929976	0.542633912	0.464245730	0.140453826	-1.011340671	-3.216488715	-0.016706322	-0.237136409	0.187456470	-0.015301130	0.050440788	0.002226164
1.327000000	0.118913031	0.542396796	0.464433167	0.140438244	-1.011290213	-3.216486339	-0.017183308	-0.237095785	0.187417320	-0.015863102	0.050475087	0.002526105
1.328000000	0.118895609	0.542159721	0.464620564	0.140422100	-1.011239721	-3.216483663	-0.017660382	-0.237053662	0.187376995	-0.016425259	0.050509068	0.002826255
1.329000000	0.118877710	0.541922689	0.464807921	0.140405393	-1.011189195	-3.216480687	-0.018137538	-0.237010041	0.187335497	-0.016987595	0.050542730	0.003126611
1.330000000	0.118859334	0.541685701	0.464995235	0.140388124	-1.011138635	-3.216477410	-0.018614775	-0.236964920	0.187292825	-0.017550109	0.050576070	0.003427172
1.331000000	0.118840481	0.541448759	0.465182507	0.140370293	-1.011088043	-3.216473832	-0.019092090	-0.236918300	0.187248980	-0.018112797	0.050609089	0.003727937
1.332000000	0.118821150	0.541211864	0.465369733	0.140351899	-1.011037417	-3.216469954	-0.019569480	-0.236870178	0.187203960	-0.018675656	0.050641784	0.004028903
1.333000000	0.118801342	0.540975018	0.465556915	0.140332942	-1.010986759	-3.216465775	-0.020046941	-0.236820555	0.187157767	-0.019238682	0.050674154	0.004330068
1.334000000	0.118781056	0.540738223	0.465744049	0.140313422	-1.010936069	-3.216461294	-0.020524471	-0.236769431	0.187110400	-0.019801871	0.050706198	0.004631432
1.335000000	0.118760293	0.540501480	0.465931135	0.140293338	-1.010885347	-3.216456512	-0.021002066	-0.236716804	0.187061859	-0.020365222	0.050737914	0.004932993
1.336000000	0.118739052	0.540264789	0.466118173	0.140272691	-1.010834593	-3.216451428	-0.021479725	-0.236662674	0.187012145	-0.020928729	0.050769303	0.005234748
1.337000000	0.118717333	0.540028154	0.466305160	0.140251481	-1.010783808	-3.216446042	-0.021957442	-0.236607041	0.186961257	-0.021492390	0.050800361	0.005536696
1.338000000	0.118695137	0.539791575	0.466492095	0.140229706	-1.010732992	-3.216440355	-0.022435217	-0.236549903	0.186909195	-0.022056201	0.050831089	0.005838836
1.339000000	0.118672463	0.539555054	0.466678978	0.140207368	-1.010682146	-3.216434365	-0.022913045	-0.236491260	0.186855959	-0.022620160	0.050861484	0.006141165
1.340000000	0.118649311	0.539318593	0.466865807	0.140184466	-1.010631269	-3.216428072	-0.023390923	-0.236431112	0.186801550	-0.023184261	0.050891545	0.006443682
1.341000000	0.118625681	0.539082192	0.467052581	0.140161000	-1.010580363	-3.216421477	-0.023868850	-0.236369458	0.186745967	-0.023748502	0.050921272	0.006746385
1.342000000	0.118601573	0.538845854	0.467239299	0.140136969	-1.010529427	-3.216414580	-0.024346820	-0.236306298	0.186689211	-0.024312881	0.050950663	0.007049273
1.343000000	0.118576988	0.538609580	0.467425960	0.140112374	-1.010478461	-3.216407379	-0.024824832	-0.236241631	0.186631281	-0.024877391	0.050979716	0.007352344
1.344000000	0.118551924	0.538373371	0.467612562	0.140087214	-1.010427467	-3.216399875	-0.025302882	-0.236175456	0.186572178	-0.025442032	0.051008431	0.007655595
1.345000000	0.118526382	0.538137229	0.467799104	0.140061490	-1.010376444	-3.216392068	-0.025780968	-0.236107773	0.186511901	-0.026006799	0.051036806	0.007959026
1.346000000	0.118500362	0.537901155	0.467985585	0.140035201	-1.010325394	-3.216383957	-0.026259086	-0.236038582	0.186450451	-0.026571688	0.051064840	0.008262634
1.347000000	0.118473864	0.537665151	0.468172005	0.140008346	-1.010274315	-3.216375542	-0.026737233	-0.235967882	0.186387828	-0.027136696	0.051092532	0.008566417
1.348000000	0.118446887	0.537429219	0.468358361	0.139980927	-1.010223209	-3.216366824	-0.027215406	-0.235895673	0.186324032	-0.027701820	0.051119880	0.008870374
1.349000000	0.118419433	0.537193360	0.468544653	0.139952943	-1.010172075	-3.216357802	-0.027693602	-0.235821953	0.186259063	-0.028267056	0.051146883	0.009174504
1.350000000	0.118391500	0.536957575	0.468730879	0.139924393	-1.010120915	-3.216348475	-0.028171819	-0.235746724	0.186192921	-0.028832401	0.051173540	0.009478804
1.351000000	0.118363089	0.536721867	0.468917039	0.139895278	-1.010069728	-3.216338844	-0.028650052	-0.235669984	0.186125606	-0.029397851	0.051199850	0.009783272
1.352000000	0.118334200	0.536486235	0.469103130	0.139865597	-1.010018515	-3.216328908	-0.029128298	-0.235591732	0.186057119	-0.029963402	0.051225811	0.010087906
1.353000000	0.118304833	0.536250683	0.469289153	0.139835351	-1.009967276	-3.216318668	-0.029606556	-0.235511968	0.185987459	-0.030529052	0.051251422	0.010392706
1.354000000	0.118274987	0.536015212	0.469475105	0.139804539	-1.009916012	-3.216308123	-0.030084820	-0.235430693	0.185916627	-0.031094795	0.051276683	0.010697668
1.355000000	0.118244663	0.535779822	0.469660986	0.139773162	-1.009864723	-3.216297273	-0.030563090	-0.235347905	0.185844623	-0.031660630	0.051301591	0.011002792
1.356000000	0.118213861	0.535544516	0.469846795	0.139741218	-1.009813409	-3.216286117	-0.031041360	-0.235263604	0.185771447	-0.032226552	0.051326145	0.011308075
1.357000000	0.118182580	0.535309295	0.470032529	0.139708708	-1.009762071	-3.216274657	-0.031519629	-0.235177789	0.185697099	-0.032792558	0.051350345	0.011613515
1.358000000	0.118150821	0.535074160	0.470218189	0.139675633	-1.009710708	-3.216262890	-0.031997893	-0.235090462	0.185621579	-0.033358643	0.051374189	0.011919111
1.359000000	0.118118584	0.534839114	0.470403772	0.139641991	-1.009659322	-3.216250818	-0.032476148	-0.235001620	0.185544888	-0.033924806	0.051397675	0.012224861
1.360000000	0.118085869	0.534604157	0.470589278	0.139607783	-1.009607913	-3.216238441	-0.032954393	-0.234911263	0.185467025	-0.034491041	0.051420803	0.012530762
1.361000000	0.118052676	0.534369291	0.470774706	0.139573009	-1.009556481	-3.216225757	-0.033432623	-0.234819392	0.185387991	-0.035057346	0.051443572	0.012836814
1.362000000	0.118019004	0.534134518	0.470960054	0.139537669	-1.009505026	-3.216212767	-0.033910836	-0.234726005	0.185307787	-0.035623716	0.051465979	0.013143014
1.363000000	0.117984854	0.533899839	0.471145322	0.139501762	-1.009453549	-3.216199471	-0.034389028	-0.234631103	0.185226411	-0.036190149	0.051488025	0.013449360
1.364000000	0.117950226	0.533665256	0.471330507	0.139465288	-1.009402050	-3.216185868	-0.034867195	-0.234534686	0.185143865	-0.036756640	0.051509707	0.013755850
1.365000000	0.117915120	0.533430770	0.471515610	0.139428248	-1.009350529	-3.216171959	-0.035345337	-0.234436752	0.185060150	-0.037323186	0.051531024	0.014062482
1.366000000	0.117879535	0.533196382	0.471700628	0.139390642	-1.009298988	-3.216157743	-0.035823447	-0.234337302	0.184975263	-0.037889783	0.051551976	0.014369255
1.367000000	0.117843473	0.532962095	0.471885560	0.139352469	-1.009247425	-3.216143221	-0.036301525	-0.234236334	0.184889207	-0.038456428	0.051572560	0.014676167
1.368000000	0.117806932	0.532727910	0.472070406	0.139313729	-1.009195843	-3.216128391	-0.036779566	-0.234133851	0.184801982	-0.039023117	0.051592776	0.014983216
1.369000000	0.117769914	0.532493828	0.472255164	0.139274423	-1.009144240	-3.216113254	-0.037257567	-0.234029850	0.184713587	-0.039589846	0.051612623	0.015290399
1.370000000	0.117732417	0.532259850	0.472439833	0.139234549	-1.009092617	-3.216097810	-0.037735526	-0.233924330	0.184624023	-0.040156611	0.051632099	0.015597714
1.371000000	0.117694443	0.532025979	0.472624412	0.139194109	-1.009040976	-3.216082059	-0.038213438	-0.233817294	0.184533290	-0.040723410	0.051651203	0.015905161
1.372000000	0.117655990	0.531792215	0.472808900	0.139153103	-1.008989315	-3.216066000	-0.038691301	-0.233708739	0.184441389	-0.041290237	0.051669935	0.016212737
1.373000000	0.117617060	0.531558561	0.472993295	0.139111529	-1.008937636	-3.216049633	-0.039169112	-0.233598666	0.184348320	-0.041857090	0.051688291	0.016520439
1.374000000	0.117577652	0.531325018	0.473177596	0.139069388	-1.008885938	-3.216032959	-0.039646867	-0.233487074	0.184254082	-0.042423965	0.051706273	0.016828267
1.375000000	0.117537766	0.531091587	0.473361803	0.139026681	-1.008834223	-3.216015977	-0.040124563	-0.233373964	0.184158677	-0.042990857	0.051723877	0.017136217
1.376000000	0.117497403	0.530858270	0.473545914	0.138983407	-1.008782491	-3.215998687	-0.040602197	-0.233259335	0.184062105	-0.043557765	0.051741104	0.017444288
1.377000000	0.117456562	0.530625069	0.473729927	0.138939565	-1.008730741	-3.215981088	-0.041079765	-0.233143186	0.183964365	-0.044124682	0.051757951	0.017752479
1.378000000	0.117415243	0.530391984	0.473913842	0.138895157	-1.008678975	-3.215963182	-0.041557265	-0.233025518	0.183865459	-0.044691607	0.051774418	0.018060786
1.379000000	0.117373447	0.530159018	0.474097658	0.138850182	-1.008627192	-3.215944967	-0.042034693	-0.232906331	0.183765387	-0.045258534	0.051790504	0.018369209
1.380000000	0.117331174	0.529926171	0.474281373	0.138804640	-1.008575394	-3.215926443	-0.042512046	-0.232785624	0.183664148	-0.045825461	0.051806207	0.018677744
1.381000000	0.117288423	0.529693446	0.474464986	0.138758531	-1.008523580	-3.215907611	-0.042989321	-0.232663397	0.183561744	-0.046392384	0.051821526	0.018986390
1.382000000	0.117245195	0.529460844	0.474648497	0.138711855	-1.008471751	-3.215888470	-0.043466515	-0.232539650	0.183458174	-0.046959298	0.051836459	0.019295146
1.383000000	0.117201490	0.529228367	0.474831903	0.138664613	-1.008419907	-3.215869021	-0.043943623	-0.232414383	0.183353439	-0.047526200	0.051851007	0.019604008
1.384000000	0.117157308	0.528996016	0.475015204	0.138616803	-1.008368049	-3.215849262	-0.044420644	-0.232287595	0.183247540	-0.048093086	0.051865167	0.019912975
1.385000000	0.117112649	0.528763792	0.475198398	0.138568427	-1.008316177	-3.215829195	-0.044897573	-0.232159288	0.183140476	-0.048659953	0.051878939	0.020222045
1.386000000	0.117067513	0.528531697	0.475381485	0.138519483	-1.008264291	-3.215808818	-0.045374407	-0.232029459	0.183032249	-0.049226797	0.051892320	0.020531215
1.387000000	0.117021900	0.528299733	0.475564462	0.138469973	-1.008212392	-3.215788132	-0.045851144	-0.231898111	0.182922858	-0.049793613	0.051905311	0.020840484
1.388000000	0.116975811	0.528067901	0.475747330	0.138419896	-1.008160480	-3.215767137	-0.046327779	-0.231765241	0.182812304	-0.050360398	0.051917909	0.021149850
1.389000000	0.116929244	0.527836202	0.475930087	0.138369252	-1.008108556	-3.215745833	-0.046804311	-0.231630851	0.182700587	-0.050927149	0.051930114	0.021459311
1.390000000	0.116882202	0.527604639	0.476112731	0.138318042	-1.008056620	-3.215724219	-0.047280734	-0.231494940	0.182587707	-0.051493860	0.051941925	0.021768864
1.391000000	0.116834683	0.527373212	0.476295262	0.138266264	-1.008004672	-3.215702295	-0.047757047	-0.231357508	0.182473666	-0.052060529	0.051953340	0.022078507
1.392000000	0.116786688	0.527141924	0.476477679	0.138213921	-1.007952713	-3.215680062	-0.048233245	-0.231218555	0.182358464	-0.052627152	0.051964358	0.022388238
1.393000000	0.116738217	0.526910775	0.476659979	0.138161010	-1.007900743	-3.215657519	-0.048709326	-0.231078081	0.182242100	-0.053193724	0.051974978	0.022698056
1.394000000	0.116689269	0.526679768	0.476842163	0.138107533	-1.007848763	-3.215634666	-0.049185286	-0.230936086	0.182124576	-0.053760243	0.051985199	0.023007958
1.395000000	0.116639846	0.526448903	0.477024229	0.138053490	-1.007796773	-3.215611503	-0.049661122	-0.230792571	0.182005891	-0.054326703	0.051995019	0.023317941
1.396000000	0.116589947	0.526218183	0.477206175	0.137998880	-1.007744773	-3.215588030	-0.050136830	-0.230647534	0.181886047	-0.054893102	0.052004438	0.023628005
1.397000000	0.116539572	0.525987608	0.477388001	0.137943703	-1.007692764	-3.215564247	-0.050612408	-0.230500976	0.181765044	-0.055459435	0.052013455	0.023938146
1.398000000	0.116488722	0.525757181	0.477569705	0.137887961	-1.007640746	-3.215540153	-0.051087851	-0.230352898	0.181642882	-0.056025697	0.052022068	0.024248362
1.399000000	0.116437397	0.525526902	0.477751286	0.137831652	-1.007588720	-3.215515750	-0.051563157	-0.230203298	0.181519562	-0.056591887	0.052030276	0.024558652
1.400000000	0.116385596	0.525296774	0.477932744	0.137774777	-1.007536686	-3.215491036	-0.052038322	-0.230052177	0.181395083	-0.057157999	0.052038077	0.024869014
1.401000000	0.116333320	0.525066798	0.478114077	0.137717336	-1.007484644	-3.215466012	-0.052513343	-0.229899536	0.181269447	-0.057724030	0.052045472	0.025179444
1.402000000	0.116280569	0.524836975	0.478295283	0.137659329	-1.007432595	-3.215440677	-0.052988217	-0.229745374	0.181142655	-0.058289975	0.052052458	0.025489941
1.403000000	0.116227343	0.524607307	0.478476362	0.137600756	-1.007380539	-3.215415032	-0.053462940	-0.229589692	0.181014707	-0.058855831	0.052059035	0.025800503
1.404000000	0.116173643	0.524377796	0.478657312	0.137541617	-1.007328477	-3.215389076	-0.053937508	-0.229432488	0.180885602	-0.059421593	0.052065201	0.026111127
1.405000000	0.116119468	0.524148442	0.478838133	0.137481913	-1.007276409	-3.215362810	-0.054411919	-0.229273764	0.180755342	-0.059987259	0.052070956	0.026421812
1.406000000	0.116064819	0.523919248	0.479018823	0.137421643	-1.007224335	-3.215336233	-0.054886170	-0.229113520	0.180623928	-0.060552824	0.052076298	0.026732554
1.407000000	0.116009696	0.523690215	0.479199381	0.137360807	-1.007172256	-3.215309345	-0.055360256	-0.228951755	0.180491359	-0.061118283	0.052081225	0.027043353
1.408000000	0.115954099	0.523461345	0.479379806	0.137299406	-1.007120172	-3.215282146	-0.055834175	-0.228788470	0.180357636	-0.061683633	0.052085738	0.027354205
1.409000000	0.115898028	0.523232638	0.479560096	0.137237440	-1.007068085	-3.215254636	-0.056307923	-0.228623665	0.180222761	-0.062248871	0.052089835	0.027665109
1.410000000	0.115841483	0.523004097	0.479740251	0.137174909	-1.007015993	-3.215226816	-0.056781496	-0.228457341	0.180086733	-0.062813991	0.052093514	0.027976062
1.411000000	0.115784465	0.522775724	0.479920270	0.137111812	-1.006963897	-3.215198684	-0.057254892	-0.228289496	0.179949553	-0.063378990	0.052096775	0.028287062
1.412000000	0.115726973	0.522547518	0.480100150	0.137048151	-1.006911799	-3.215170242	-0.057728107	-0.228120132	0.179811221	-0.063943864	0.052099617	0.028598107
1.413000000	0.115669009	0.522319483	0.480279892	0.136983924	-1.006859698	-3.215141488	-0.058201137	-0.227949249	0.179671739	-0.064508609	0.052102038	0.028909194
1.414000000	0.115610571	0.522091620	0.480459494	0.136919133	-1.006807595	-3.215112423	-0.058673980	-0.227776846	0.179531106	-0.065073221	0.052104037	0.029220322
1.415000000	0.115551661	0.521863930	0.480638954	0.136853778	-1.006755490	-3.215083047	-0.059146631	-0.227602925	0.179389324	-0.065637696	0.052105614	0.029531488
1.416000000	0.115492278	0.521636414	0.480818272	0.136787858	-1.006703384	-3.215053360	-0.059619088	-0.227427484	0.179246393	-0.066202030	0.052106767	0.029842689
1.417000000	0.115432422	0.521409075	0.480997447	0.136721374	-1.006651277	-3.215023362	-0.060091346	-0.227250526	0.179102313	-0.066766218	0.052107495	0.030153923
1.418000000	0.115372095	0.521181913	0.481176477	0.136654325	-1.006599169	-3.214993052	-0.060563404	-0.227072048	0.178957086	-0.067330257	0.052107797	0.030465189
1.419000000	0.115311296	0.520954931	0.481355361	0.136586713	-1.006547061	-3.214962431	-0.061035256	-0.226892053	0.178810711	-0.067894144	0.052107672	0.030776484
1.420000000	0.115250025	0.520728129	0.481534098	0.136518537	-1.006494954	-3.214931499	-0.061506901	-0.226710540	0.178663190	-0.068457872	0.052107119	0.031087805
1.421000000	0.115188282	0.520501509	0.481712688	0.136449798	-1.006442847	-3.214900256	-0.061978333	-0.226527510	0.178514523	-0.069021440	0.052106136	0.031399151
1.422000000	0.115126068	0.520275074	0.481891128	0.136380494	-1.006390741	-3.214868701	-0.062449551	-0.226342962	0.178364710	-0.069584841	0.052104724	0.031710518
1.423000000	0.115063383	0.520048824	0.482069417	0.136310628	-1.006338637	-3.214836835	-0.062920550	-0.226156898	0.178213754	-0.070148073	0.052102880	0.032021905
1.424000000	0.115000227	0.519822760	0.482247555	0.136240198	-1.006286536	-3.214804657	-0.063391327	-0.225969316	0.178061652	-0.070711132	0.052100603	0.032333310
1.425000000	0.114936600	0.519596885	0.482425540	0.136169206	-1.006234436	-3.214772168	-0.063861879	-0.225780218	0.177908408	-0.071274013	0.052097894	0.032644729
1.426000000	0.114872503	0.519371200	0.482603372	0.136097650	-1.006182340	-3.214739368	-0.064332202	-0.225589605	0.177754022	-0.071836712	0.052094750	0.032956161
1.427000000	0.114807936	0.519145706	0.482781048	0.136025532	-1.006130247	-3.214706256	-0.064802293	-0.225397476	0.177598493	-0.072399225	0.052091170	0.033267603
1.428000000	0.114742898	0.518920405	0.482958569	0.135952852	-1.006078157	-3.214672833	-0.065272148	-0.225203831	0.177441823	-0.072961548	0.052087154	0.033579053
1.429000000	0.114677391	0.518695298	0.483135932	0.135879609	-1.006026072	-3.214639098	-0.065741764	-0.225008672	0.177284013	-0.073523676	0.052082700	0.033890508
1.430000000	0.114611415	0.518470387	0.483313137	0.135805804	-1.005973992	-3.214605052	-0.066211138	-0.224811997	0.177125063	-0.074085607	0.052077808	0.034201967
1.431000000	0.114544969	0.518245674	0.483490182	0.135731438	-1.005921917	-3.214570694	-0.066680265	-0.224613809	0.176964974	-0.074647334	0.052072476	0.034513427
1.432000000	0.114478054	0.518021160	0.483667067	0.135656510	-1.005869847	-3.214536025	-0.067149143	-0.224414107	0.176803747	-0.075208855	0.052066703	0.034824884
1.433000000	0.114410671	0.517796846	0.483843790	0.135581020	-1.005817783	-3.214501044	-0.067617769	-0.224212892	0.176641382	-0.075770166	0.052060489	0.035136338
1.434000000	0.114342819	0.517572734	0.484020350	0.135504969	-1.005765726	-3.214465752	-0.068086137	-0.224010163	0.176477880	-0.076331261	0.052053832	0.035447786
1.435000000	0.114274499	0.517348826	0.484196745	0.135428358	-1.005713676	-3.214430149	-0.068554246	-0.223805923	0.176313243	-0.076892137	0.052046731	0.035759224
1.436000000	0.114205710	0.517125122	0.484372976	0.135351185	-1.005661633	-3.214394234	-0.069022092	-0.223600170	0.176147470	-0.077452790	0.052039186	0.036070652
1.437000000	0.114136454	0.516901625	0.484549040	0.135273452	-1.005609597	-3.214358007	-0.069489671	-0.223392905	0.175980562	-0.078013215	0.052031195	0.036382066
1.438000000	0.114066731	0.516678336	0.484724937	0.135195159	-1.005557570	-3.214321469	-0.069956979	-0.223184129	0.175812521	-0.078573409	0.052022758	0.036693463
1.439000000	0.113996540	0.516455257	0.484900665	0.135116305	-1.005505552	-3.214284620	-0.070424014	-0.222973843	0.175643346	-0.079133367	0.052013873	0.037004843
1.440000000	0.113925883	0.516232389	0.485076224	0.135036892	-1.005453542	-3.214247460	-0.070890772	-0.222762046	0.175473040	-0.079693084	0.052004539	0.037316201
1.441000000	0.113854759	0.516009733	0.485251611	0.134956919	-1.005401543	-3.214209988	-0.071357249	-0.222548740	0.175301602	-0.080252558	0.051994755	0.037627536
1.442000000	0.113783168	0.515787291	0.485426827	0.134876387	-1.005349553	-3.214172205	-0.071823442	-0.222333925	0.175129033	-0.080811783	0.051984521	0.037938845
1.443000000	0.113711112	0.515565065	0.485601870	0.134795295	-1.005297574	-3.214134110	-0.072289347	-0.222117600	0.174955335	-0.081370755	0.051973836	0.038250125
1.444000000	0.113638590	0.515343056	0.485776738	0.134713645	-1.005245605	-3.214095704	-0.072754960	-0.221899768	0.174780508	-0.081929470	0.051962697	0.038561375
1.445000000	0.113565602	0.515121265	0.485951431	0.134631437	-1.005193648	-3.214056987	-0.073220279	-0.221680428	0.174604552	-0.082487924	0.051951106	0.038872592
1.446000000	0.113492149	0.514899695	0.486125947	0.134548669	-1.005141703	-3.214017959	-0.073685300	-0.221459581	0.174427470	-0.083046112	0.051939060	0.039183773
1.447000000	0.113418231	0.514678346	0.486300286	0.134465344	-1.005089770	-3.213978620	-0.074150020	-0.221237228	0.174249261	-0.083604031	0.051926558	0.039494915
1.448000000	0.113343849	0.514457221	0.486474445	0.134381461	-1.005037850	-3.213938969	-0.074614434	-0.221013369	0.174069926	-0.084161676	0.051913601	0.039806017
1.449000000	0.113269003	0.514236320	0.486648425	0.134297021	-1.004985943	-3.213899008	-0.075078539	-0.220788005	0.173889466	-0.084719043	0.051900186	0.040117076
1.450000000	0.113193692	0.514015645	0.486822224	0.134212023	-1.004934050	-3.213858735	-0.075542332	-0.220561136	0.173707883	-0.085276127	0.051886312	0.040428089
1.451000000	0.113117918	0.513795197	0.486995841	0.134126469	-1.004882170	-3.213818152	-0.076005809	-0.220332763	0.173525177	-0.085832925	0.051871980	0.040739054
1.452000000	0.113041680	0.513574979	0.487169275	0.134040357	-1.004830306	-3.213777257	-0.076468967	-0.220102886	0.173341349	-0.086389431	0.051857188	0.041049968
1.453000000	0.112964980	0.513354992	0.487342524	0.133953690	-1.004778456	-3.213736052	-0.076931802	-0.219871507	0.173156399	-0.086945642	0.051841934	0.041360828
1.454000000	0.112887817	0.513135236	0.487515587	0.133866466	-1.004726622	-3.213694536	-0.077394311	-0.219638625	0.172970329	-0.087501554	0.051826219	0.041671633
1.455000000	0.112810191	0.512915714	0.487688464	0.133778687	-1.004674804	-3.213652708	-0.077856490	-0.219404243	0.172783140	-0.088057162	0.051810041	0.041982379
1.456000000	0.112732104	0.512696428	0.487861154	0.133690352	-1.004623002	-3.213610571	-0.078318336	-0.219168359	0.172594832	-0.088612461	0.051793399	0.042293065
1.457000000	0.112653555	0.512477378	0.488033654	0.133601462	-1.004571217	-3.213568122	-0.078779845	-0.218930976	0.172405407	-0.089167448	0.051776293	0.042603686
1.458000000	0.112574544	0.512258566	0.488205965	0.133512017	-1.004519449	-3.213525363	-0.079241013	-0.218692093	0.172214865	-0.089722118	0.051758721	0.042914242
1.459000000	0.112495073	0.512039993	0.488378084	0.133422018	-1.004467699	-3.213482294	-0.079701837	-0.218451711	0.172023207	-0.090276467	0.051740683	0.043224729
1.460000000	0.112415141	0.511821662	0.488550011	0.133331464	-1.004415968	-3.213438914	-0.080162314	-0.218209832	0.171830435	-0.090830490	0.051722177	0.043535145
1.461000000	0.112334748	0.511603574	0.488721745	0.133240357	-1.004364255	-3.213395224	-0.080622439	-0.217966456	0.171636549	-0.091384184	0.051703204	0.043845487
1.462000000	0.112253896	0.511385729	0.488893284	0.133148696	-1.004312561	-3.213351223	-0.081082210	-0.217721582	0.171441550	-0.091937543	0.051683761	0.044155753
1.463000000	0.112172584	0.511168131	0.489064628	0.133056482	-1.004260887	-3.213306912	-0.081541623	-0.217475214	0.171245439	-0.092490564	0.051663848	0.044465940
1.464000000	0.112090812	0.510950779	0.489235775	0.132963715	-1.004209234	-3.213262291	-0.082000674	-0.217227350	0.171048217	-0.093043242	0.051643465	0.044776045
1.465000000	0.112008582	0.510733676	0.489406724	0.132870395	-1.004157600	-3.213217360	-0.082459359	-0.216977993	0.170849885	-0.093595573	0.051622610	0.045086066
1.466000000	0.111925894	0.510516823	0.489577475	0.132776523	-1.004105988	-3.213172119	-0.082917676	-0.216727142	0.170650445	-0.094147552	0.051601283	0.045396000
1.467000000	0.111842747	0.510300222	0.489748025	0.132682100	-1.004054398	-3.213126568	-0.083375620	-0.216474799	0.170449897	-0.094699175	0.051579483	0.045705845
1.468000000	0.111759142	0.510083873	0.489918375	0.132587125	-1.004002829	-3.213080707	-0.083833189	-0.216220964	0.170248241	-0.095250438	0.051557208	0.046015597
1.469000000	0.111675081	0.509867780	0.490088522	0.132491599	-1.003951283	-3.213034537	-0.084290378	-0.215965638	0.170045480	-0.095801336	0.051534458	0.046325255
1.470000000	0.111590562	0.509651942	0.490258465	0.132395522	-1.003899761	-3.212988057	-0.084747183	-0.215708823	0.169841614	-0.096351865	0.051511233	0.046634816
1.471000000	0.111505586	0.509436362	0.490428205	0.132298895	-1.003848261	-3.212941267	-0.085203602	-0.215450518	0.169636644	-0.096902020	0.051487531	0.046944276
1.472000000	0.111420154	0.509221041	0.490597739	0.132201718	-1.003796785	-3.212894168	-0.085659631	-0.215190725	0.169430572	-0.097451797	0.051463352	0.047253634
1.473000000	0.111334267	0.509005981	0.490767066	0.132103992	-1.003745334	-3.212846760	-0.086115265	-0.214929444	0.169223397	-0.098001192	0.051438694	0.047562887
1.474000000	0.111247924	0.508791182	0.490936186	0.132005716	-1.003693908	-3.212799042	-0.086570503	-0.214666678	0.169015123	-0.098550201	0.051413558	0.047872032
1.475000000	0.111161126	0.508576647	0.491105096	0.131906891	-1.003642507	-3.212751016	-0.087025339	-0.214402426	0.168805748	-0.099098818	0.051387941	0.048181065
1.476000000	0.111073873	0.508362377	0.491273797	0.131807518	-1.003591132	-3.212702680	-0.087479771	-0.214136689	0.168595275	-0.099647040	0.051361844	0.048489986
1.477000000	0.110986166	0.508148374	0.491442287	0.131707597	-1.003539784	-3.212654036	-0.087933795	-0.213869468	0.168383704	-0.100194861	0.051335266	0.048798791
1.478000000	0.110898006	0.507934638	0.491610564	0.131607129	-1.003488462	-3.212605083	-0.088387406	-0.213600766	0.168171038	-0.100742279	0.051308206	0.049107476
1.479000000	0.110809392	0.507721172	0.491778629	0.131506113	-1.003437167	-3.212555821	-0.088840603	-0.213330581	0.167957276	-0.101289287	0.051280663	0.049416041
1.480000000	0.110720324	0.507507977	0.491946479	0.131404550	-1.003385900	-3.212506251	-0.089293381	-0.213058915	0.167742420	-0.101835882	0.051252636	0.049724481
1.481000000	0.110630805	0.507295054	0.492114114	0.131302441	-1.003334662	-3.212456372	-0.089745736	-0.212785770	0.167526470	-0.102382059	0.051224124	0.050032794
1.482000000	0.110540833	0.507082406	0.492281532	0.131199786	-1.003283452	-3.212406185	-0.090197665	-0.212511146	0.167309429	-0.102927814	0.051195128	0.050340978
1.483000000	0.110450409	0.506870032	0.492448733	0.131096585	-1.003232272	-3.212355690	-0.090649164	-0.212235044	0.167091297	-0.103473142	0.051165645	0.050649030
1.484000000	0.110359535	0.506657936	0.492615715	0.130992840	-1.003181121	-3.212304887	-0.091100229	-0.211957466	0.166872075	-0.104018039	0.051135676	0.050956946
1.485000000	0.110268209	0.506446117	0.492782477	0.130888549	-1.003130000	-3.212253776	-0.091550858	-0.211678412	0.166651765	-0.104562501	0.051105220	0.051264725
1.486000000	0.110176433	0.506234579	0.492949018	0.130783715	-1.003078910	-3.212202358	-0.092001047	-0.211397883	0.166430367	-0.105106522	0.051074275	0.051572364
1.487000000	0.110084207	0.506023321	0.493115337	0.130678336	-1.003027852	-3.212150631	-0.092450791	-0.211115881	0.166207884	-0.105650099	0.051042842	0.051879859
1.488000000	0.109991531	0.505812347	0.493281434	0.130572414	-1.002976825	-3.212098598	-0.092900088	-0.210832407	0.165984315	-0.106193227	0.051010919	0.052187208
1.489000000	0.109898407	0.505601657	0.493447306	0.130465950	-1.002925830	-3.212046257	-0.093348933	-0.210547461	0.165759662	-0.106735901	0.050978505	0.052494408
1.490000000	0.109804834	0.505391252	0.493612953	0.130358943	-1.002874868	-3.211993609	-0.093797323	-0.210261045	0.165533927	-0.107278117	0.050945601	0.052801457
1.491000000	0.109710812	0.505181135	0.493778374	0.130251393	-1.002823939	-3.211940654	-0.094245255	-0.209973159	0.165307110	-0.107819871	0.050912205	0.053108351
1.492000000	0.109616343	0.504971306	0.493943567	0.130143303	-1.002773043	-3.211887392	-0.094692724	-0.209683806	0.165079213	-0.108361157	0.050878317	0.053415089
1.493000000	0.109521427	0.504761767	0.494108532	0.130034671	-1.002722182	-3.211833824	-0.095139728	-0.209392985	0.164850237	-0.108901972	0.050843936	0.053721666
1.494000000	0.109426064	0.504552520	0.494273268	0.129925499	-1.002671355	-3.211779949	-0.095586262	-0.209100699	0.164620183	-0.109442311	0.050809061	0.054028081
1.495000000	0.109330254	0.504343566	0.494437773	0.129815787	-1.002620564	-3.211725768	-0.096032324	-0.208806949	0.164389052	-0.109982169	0.050773692	0.054334331
1.496000000	0.109233999	0.504134906	0.494602046	0.129705535	-1.002569808	-3.211671280	-0.096477909	-0.208511735	0.164156846	-0.110521543	0.050737828	0.054640412
1.497000000	0.109137298	0.503926542	0.494766086	0.129594743	-1.002519088	-3.211616487	-0.096923013	-0.208215059	0.163923566	-0.111060426	0.050701469	0.054946323
1.498000000	0.109040153	0.503718476	0.494929893	0.129483414	-1.002468405	-3.211561388	-0.097367634	-0.207916921	0.163689212	-0.111598816	0.050664613	0.055252059
1.499000000	0.108942563	0.503510708	0.495093465	0.129371546	-1.002417759	-3.211505983	-0.097811767	-0.207617325	0.163453787	-0.112136706	0.050627260	0.055557619
1.500000000	0.108844529	0.503303241	0.495256801	0.129259140	-1.002367151	-3.211450272	-0.098255409	-0.207316269	0.163217292	-0.112674094	0.050589409	0.055862999
1.501000000	0.108746052	0.503096076	0.495419899	0.129146198	-1.002316580	-3.211394257	-0.098698556	-0.207013757	0.162979727	-0.113210973	0.050551061	0.056168197
1.502000000	0.108647132	0.502889214	0.495582760	0.129032718	-1.002266048	-3.211337936	-0.099141205	-0.206709788	0.162741095	-0.113747341	0.050512213	0.056473210
1.503000000	0.108547770	0.502682656	0.495745382	0.128918703	-1.002215556	-3.211281310	-0.099583352	-0.206404365	0.162501396	-0.114283191	0.050472867	0.056778034
1.504000000	0.108447966	0.502476405	0.495907763	0.128804152	-1.002165103	-3.211224380	-0.100024994	-0.206097488	0.162260632	-0.114818520	0.050433020	0.057082668
1.505000000	0.108347720	0.502270461	0.496069903	0.128689066	-1.002114690	-3.211167145	-0.100466126	-0.205789159	0.162018804	-0.115353323	0.050392673	0.057387108
1.506000000	0.108247033	0.502064826	0.496231801	0.128573445	-1.002064317	-3.211109606	-0.100906745	-0.205479379	0.161775913	-0.115887595	0.050351824	0.057691352
1.507000000	0.108145906	0.501859502	0.496393455	0.128457291	-1.002013986	-3.211051762	-0.101346848	-0.205168150	0.161531960	-0.116421333	0.050310474	0.057995396
1.508000000	0.108044340	0.501654490	0.496554864	0.128340603	-1.001963696	-3.210993615	-0.101786430	-0.204855473	0.161286948	-0.116954530	0.050268622	0.058299238
1.509000000	0.107942333	0.501449791	0.496716029	0.128223382	-1.001913449	-3.210935164	-0.102225489	-0.204541348	0.161040877	-0.117487183	0.050226266	0.058602875
1.510000000	0.107839889	0.501245407	0.496876946	0.128105628	-1.001863244	-3.210876409	-0.102664021	-0.204225779	0.160793749	-0.118019287	0.050183408	0.058906304
1.511000000	0.107737005	0.501041340	0.497037616	0.127987343	-1.001813082	-3.210817351	-0.103102022	-0.203908765	0.160545564	-0.118550838	0.050140045	0.059209521
1.512000000	0.107633685	0.500837590	0.497198037	0.127868527	-1.001762964	-3.210757990	-0.103539488	-0.203590308	0.160296325	-0.119081831	0.050096178	0.059512525
1.513000000	0.107529926	0.500634159	0.497358209	0.127749179	-1.001712890	-3.210698326	-0.103976415	-0.203270410	0.160046032	-0.119612261	0.050051805	0.059815313
1.514000000	0.107425732	0.500431049	0.497518129	0.127629302	-1.001662860	-3.210638360	-0.104412801	-0.202949073	0.159794688	-0.120142124	0.050006928	0.060117880
1.515000000	0.107321101	0.500228261	0.497677798	0.127508895	-1.001612876	-3.210578090	-0.104848641	-0.202626297	0.159542293	-0.120671415	0.049961544	0.060420226
1.516000000	0.107216034	0.500025797	0.497837214	0.127387959	-1.001562937	-3.210517519	-0.105283932	-0.202302083	0.159288849	-0.121200130	0.049915653	0.060722346
1.517000000	0.107110533	0.499823657	0.497996376	0.127266495	-1.001513044	-3.210456646	-0.105718670	-0.201976435	0.159034357	-0.121728263	0.049869256	0.061024237
1.518000000	0.107004597	0.499621844	0.498155283	0.127144503	-1.001463199	-3.210395471	-0.106152852	-0.201649352	0.158778819	-0.122255811	0.049822351	0.061325897
1.519000000	0.106898227	0.499420358	0.498313933	0.127021983	-1.001413400	-3.210333994	-0.106586473	-0.201320837	0.158522236	-0.122782769	0.049774938	0.061627323
1.520000000	0.106791424	0.499219202	0.498472327	0.126898937	-1.001363649	-3.210272216	-0.107019531	-0.200990890	0.158264609	-0.123309132	0.049727016	0.061928512
1.521000000	0.106684188	0.499018376	0.498630463	0.126775365	-1.001313946	-3.210210137	-0.107452022	-0.200659515	0.158005941	-0.123834895	0.049678585	0.062229461
1.522000000	0.106576520	0.498817883	0.498788339	0.126651267	-1.001264292	-3.210147757	-0.107883941	-0.200326710	0.157746231	-0.124360054	0.049629645	0.062530167
1.523000000	0.106468420	0.498617723	0.498945955	0.126526645	-1.001214686	-3.210085077	-0.108315286	-0.199992480	0.157485483	-0.124884604	0.049580195	0.062830627
1.524000000	0.106359890	0.498417898	0.499103310	0.126401498	-1.001165131	-3.210022096	-0.108746053	-0.199656824	0.157223696	-0.125408541	0.049530235	0.063130839
1.525000000	0.106250928	0.498218409	0.499260403	0.126275828	-1.001115626	-3.209958815	-0.109176237	-0.199319745	0.156960874	-0.125931860	0.049479763	0.063430798
1.526000000	0.106141537	0.498019259	0.499417232	0.126149634	-1.001066172	-3.209895234	-0.109605836	-0.198981244	0.156697016	-0.126454556	0.049428781	0.063730503
1.527000000	0.106031717	0.497820447	0.499573797	0.126022919	-1.001016768	-3.209831354	-0.110034847	-0.198641323	0.156432125	-0.126976625	0.049377287	0.064029950
1.528000000	0.105921467	0.497621976	0.499730096	0.125895681	-1.000967417	-3.209767174	-0.110463263	-0.198299984	0.156166202	-0.127498062	0.049325280	0.064329136
1.529000000	0.105810790	0.497423847	0.499886129	0.125767923	-1.000918118	-3.209702696	-0.110891084	-0.197957227	0.155899249	-0.128018863	0.049272761	0.064628058
1.530000000	0.105699685	0.497226061	0.500041895	0.125639643	-1.000868871	-3.209637918	-0.111318305	-0.197613055	0.155631267	-0.128539022	0.049219730	0.064926714
1.531000000	0.105588153	0.497028621	0.500197392	0.125510845	-1.000819678	-3.209572842	-0.111744922	-0.197267469	0.155362257	-0.129058536	0.049166185	0.065225101
1.532000000	0.105476195	0.496831526	0.500352619	0.125381526	-1.000770539	-3.209507468	-0.112170931	-0.196920472	0.155092222	-0.129577398	0.049112127	0.065523215
1.533000000	0.105363812	0.496634780	0.500507576	0.125251690	-1.000721454	-3.209441796	-0.112596329	-0.196572063	0.154821162	-0.130095606	0.049057554	0.065821053
1.534000000	0.105251003	0.496438382	0.500662261	0.125121335	-1.000672424	-3.209375826	-0.113021113	-0.196222246	0.154549079	-0.130613154	0.049002467	0.066118612
1.535000000	0.105137769	0.496242335	0.500816674	0.124990463	-1.000623449	-3.209309559	-0.113445278	-0.195871022	0.154275976	-0.131130037	0.048946865	0.066415890
1.536000000	0.105024112	0.496046640	0.500970813	0.124859075	-1.000574530	-3.209242994	-0.113868822	-0.195518392	0.154001852	-0.131646251	0.048890749	0.066712884
1.537000000	0.104910032	0.495851299	0.501124678	0.124727171	-1.000525668	-3.209176133	-0.114291740	-0.195164359	0.153726710	-0.132161792	0.048834117	0.067009589
1.538000000	0.104795529	0.495656312	0.501278267	0.124594752	-1.000476862	-3.209108975	-0.114714029	-0.194808925	0.153450552	-0.132676653	0.048776969	0.067306005
1.539000000	0.104680604	0.495461681	0.501431579	0.124461818	-1.000428114	-3.209041521	-0.115135685	-0.194452089	0.153173378	-0.133190832	0.048719305	0.067602126
1.540000000	0.104565257	0.495267407	0.501584613	0.124328370	-1.000379423	-3.208973771	-0.115556704	-0.194093856	0.152895191	-0.133704323	0.048661124	0.067897951
1.541000000	0.104449490	0.495073493	0.501737369	0.124194409	-1.000330792	-3.208905725	-0.115977084	-0.193734226	0.152615992	-0.134217122	0.048602427	0.068193477
1.542000000	0.104333303	0.494879939	0.501889845	0.124059936	-1.000282219	-3.208837384	-0.116396819	-0.193373202	0.152335783	-0.134729223	0.048543213	0.068488699
1.543000000	0.104216697	0.494686747	0.502042041	0.123924951	-1.000233705	-3.208768747	-0.116815907	-0.193010784	0.152054564	-0.135240622	0.048483482	0.068783616
1.544000000	0.104099671	0.494493917	0.502193955	0.123789454	-1.000185252	-3.208699816	-0.117234345	-0.192646975	0.151772339	-0.135751315	0.048423233	0.069078225
1.545000000	0.103982228	0.494301453	0.502345586	0.123653448	-1.000136859	-3.208630591	-0.117652128	-0.192281777	0.151489109	-0.136261297	0.048362467	0.069372521
1.546000000	0.103864367	0.494109354	0.502496933	0.123516932	-1.000088527	-3.208561071	-0.118069252	-0.191915191	0.151204874	-0.136770562	0.048301182	0.069666503
1.547000000	0.103746089	0.493917622	0.502647995	0.123379907	-1.000040256	-3.208491258	-0.118485714	-0.191547220	0.150919638	-0.137279108	0.048239379	0.069960166
1.548000000	0.103627396	0.493726259	0.502798772	0.123242374	-0.999992048	-3.208421151	-0.118901512	-0.191177865	0.150633400	-0.137786928	0.048177057	0.070253509
1.549000000	0.103508286	0.493535267	0.502949262	0.123104333	-0.999943902	-3.208350751	-0.119316640	-0.190807128	0.150346164	-0.138294018	0.048114217	0.070546528
1.550000000	0.103388762	0.493344645	0.503099464	0.122965786	-0.999895819	-3.208280058	-0.119731095	-0.190435011	0.150057930	-0.138800373	0.048050858	0.070839220
1.551000000	0.103268824	0.493154397	0.503249378	0.122826732	-0.999847800	-3.208209073	-0.120144874	-0.190061517	0.149768701	-0.139305990	0.047986979	0.071131582
1.552000000	0.103148473	0.492964522	0.503399002	0.122687174	-0.999799846	-3.208137795	-0.120557972	-0.189686646	0.149478478	-0.139810862	0.047922581	0.071423611
1.553000000	0.103027708	0.492775023	0.503548335	0.122547110	-0.999751955	-3.208066225	-0.120970388	-0.189310401	0.149187263	-0.140314985	0.047857663	0.071715303
1.554000000	0.102906532	0.492585901	0.503697376	0.122406544	-0.999704130	-3.207994364	-0.121382115	-0.188932784	0.148895056	-0.140818355	0.047792226	0.072006657
1.555000000	0.102784944	0.492397158	0.503846125	0.122265474	-0.999656371	-3.207922212	-0.121793153	-0.188553796	0.148601861	-0.141320967	0.047726268	0.072297668
1.556000000	0.102662946	0.492208794	0.503994580	0.122123902	-0.999608678	-3.207849769	-0.122203495	-0.188173440	0.148307679	-0.141822817	0.047659790	0.072588333
1.557000000	0.102540537	0.492020811	0.504142740	0.121981828	-0.999561051	-3.207777035	-0.122613140	-0.187791718	0.148012511	-0.142323899	0.047592792	0.072878650
1.558000000	0.102417719	0.491833210	0.504290605	0.121839254	-0.999513492	-3.207704012	-0.123022083	-0.187408632	0.147716360	-0.142824208	0.047525274	0.073168616
1.559000000	0.102294493	0.491645994	0.504438173	0.121696180	-0.999466001	-3.207630698	-0.123430320	-0.187024184	0.147419227	-0.143323741	0.047457234	0.073458226
1.560000000	0.102170859	0.491459162	0.504585444	0.121552606	-0.999418578	-3.207557095	-0.123837849	-0.186638375	0.147121113	-0.143822492	0.047388674	0.073747479
1.561000000	0.102046817	0.491272717	0.504732415	0.121408535	-0.999371223	-3.207483203	-0.124244665	-0.186251208	0.146822020	-0.144320457	0.047319594	0.074036372
1.562000000	0.101922369	0.491086660	0.504879088	0.121263965	-0.999323938	-3.207409022	-0.124650765	-0.185862685	0.146521951	-0.144817631	0.047249992	0.074324900
1.563000000	0.101797516	0.490900991	0.505025459	0.121118899	-0.999276723	-3.207334553	-0.125056145	-0.185472808	0.146220907	-0.145314010	0.047179869	0.074613061
1.564000000	0.101672257	0.490715714	0.505171529	0.120973337	-0.999229579	-3.207259796	-0.125460802	-0.185081580	0.145918889	-0.145809588	0.047109225	0.074900852
1.565000000	0.101546594	0.490530828	0.505317297	0.120827280	-0.999182505	-3.207184752	-0.125864731	-0.184689001	0.145615899	-0.146304361	0.047038059	0.075188270
1.566000000	0.101420528	0.490346336	0.505462761	0.120680729	-0.999135503	-3.207109420	-0.126267931	-0.184295075	0.145311940	-0.146798324	0.046966372	0.075475312
1.567000000	0.101294058	0.490162238	0.505607921	0.120533684	-0.999088572	-3.207033801	-0.126670396	-0.183899803	0.145007013	-0.147291473	0.046894164	0.075761974
1.568000000	0.101167187	0.489978536	0.505752775	0.120386146	-0.999041714	-3.206957896	-0.127072123	-0.183503188	0.144701120	-0.147783803	0.046821434	0.076048253
1.569000000	0.101039914	0.489795232	0.505897323	0.120238116	-0.998994929	-3.206881705	-0.127473109	-0.183105232	0.144394263	-0.148275309	0.046748183	0.076334147
1.570000000	0.100912241	0.489612326	0.506041564	0.120089595	-0.998948218	-3.206805228	-0.127873350	-0.182705936	0.144086442	-0.148765986	0.046674410	0.076619652
1.571000000	0.100784167	0.489429820	0.506185496	0.119940584	-0.998901580	-3.206728465	-0.128272843	-0.182305304	0.143777661	-0.149255830	0.046600115	0.076904765
1.572000000	0.100655695	0.489247715	0.506329119	0.119791084	-0.998855018	-3.206651418	-0.128671583	-0.181903337	0.143467922	-0.149744836	0.046525299	0.077189484
1.573000000	0.100526824	0.489066013	0.506472432	0.119641094	-0.998808530	-3.206574086	-0.129069568	-0.181500037	0.143157225	-0.150233000	0.046449961	0.077473804
1.574000000	0.100397556	0.488884715	0.506615434	0.119490618	-0.998762118	-3.206496470	-0.129466793	-0.181095408	0.142845572	-0.150720316	0.046374102	0.077757722
1.575000000	0.100267890	0.488703822	0.506758123	0.119339654	-0.998715782	-3.206418571	-0.129863256	-0.180689450	0.142532967	-0.151206780	0.046297721	0.078041237
1.576000000	0.100137829	0.488523336	0.506900499	0.119188204	-0.998669522	-3.206340388	-0.130258952	-0.180282167	0.142219409	-0.151692388	0.046220818	0.078324344
1.577000000	0.100007373	0.488343258	0.507042562	0.119036269	-0.998623340	-3.206261922	-0.130653878	-0.179873560	0.141904902	-0.152177133	0.046143393	0.078607040
1.578000000	0.099876521	0.488163589	0.507184309	0.118883850	-0.998577236	-3.206183174	-0.131048031	-0.179463632	0.141589448	-0.152661014	0.046065448	0.078889322
1.579000000	0.099745276	0.487984331	0.507325741	0.118730947	-0.998531209	-3.206104143	-0.131441406	-0.179052386	0.141273047	-0.153144022	0.045986980	0.079171188
1.580000000	0.099613639	0.487805484	0.507466855	0.118577562	-0.998485262	-3.206024831	-0.131834001	-0.178639822	0.140955702	-0.153626156	0.045907991	0.079452633
1.581000000	0.099481608	0.487627051	0.507607652	0.118423695	-0.998439393	-3.205945238	-0.132225811	-0.178225945	0.140637415	-0.154107409	0.045828481	0.079733656
1.582000000	0.099349187	0.487449032	0.507748130	0.118269347	-0.998393605	-3.205865364	-0.132616833	-0.177810755	0.140318188	-0.154587777	0.045748450	0.080014251
1.583000000	0.099216375	0.487271430	0.507888289	0.118114519	-0.998347896	-3.205785210	-0.133007065	-0.177394257	0.139998022	-0.155067256	0.045667897	0.080294418
1.584000000	0.099083173	0.487094244	0.508028126	0.117959212	-0.998302269	-3.205704775	-0.133396500	-0.176976451	0.139676920	-0.155545841	0.045586823	0.080574152
1.585000000	0.098949582	0.486917477	0.508167642	0.117803427	-0.998256723	-3.205624061	-0.133785138	-0.176557340	0.139354883	-0.156023526	0.045505228	0.080853450
1.586000000	0.098815603	0.486741129	0.508306836	0.117647165	-0.998211258	-3.205543068	-0.134172973	-0.176136926	0.139031914	-0.156500308	0.045423112	0.081132309
1.587000000	0.098681236	0.486565203	0.508445706	0.117490427	-0.998165876	-3.205461797	-0.134560003	-0.175715213	0.138708014	-0.156976181	0.045340476	0.081410726
1.588000000	0.098546483	0.486389699	0.508584252	0.117333213	-0.998120577	-3.205380247	-0.134946224	-0.175292202	0.138383186	-0.157451142	0.045257319	0.081688698
1.589000000	0.098411343	0.486214618	0.508722473	0.117175525	-0.998075362	-3.205298419	-0.135331632	-0.174867896	0.138057430	-0.157925185	0.045173641	0.081966221
1.590000000	0.098275819	0.486039963	0.508860367	0.117017363	-0.998030230	-3.205216315	-0.135716224	-0.174442298	0.137730750	-0.158398305	0.045089443	0.082243293
1.591000000	0.098139911	0.485865734	0.508997934	0.116858728	-0.997985183	-3.205133933	-0.136099996	-0.174015409	0.137403147	-0.158870498	0.045004725	0.082519911
1.592000000	0.098003619	0.485691932	0.509135173	0.116699622	-0.997940221	-3.205051275	-0.136482944	-0.173587233	0.137074624	-0.159341759	0.044919487	0.082796070
1.593000000	0.097866945	0.485518559	0.509272083	0.116540044	-0.997895344	-3.204968341	-0.136865066	-0.173157771	0.136745181	-0.159812084	0.044833729	0.083071769
1.594000000	0.097729889	0.485345617	0.509408664	0.116379997	-0.997850553	-3.204885131	-0.137246358	-0.172727027	0.136414821	-0.160281468	0.044747452	0.083347003
1.595000000	0.097592452	0.485173105	0.509544913	0.116219481	-0.997805849	-3.204801647	-0.137626815	-0.172295002	0.136083547	-0.160749905	0.044660655	0.083621770
1.596000000	0.097454636	0.485001027	0.509680831	0.116058498	-0.997761232	-3.204717888	-0.138006435	-0.171861700	0.135751360	-0.161217393	0.044573339	0.083896067
1.597000000	0.097316440	0.484829382	0.509816416	0.115897047	-0.997716702	-3.204633855	-0.138385215	-0.171427123	0.135418261	-0.161683925	0.044485504	0.084169890
1.598000000	0.097177865	0.484658172	0.509951667	0.115735130	-0.997672261	-3.204549548	-0.138763149	-0.170991273	0.135084255	-0.162149497	0.044397150	0.084443236
1.599000000	0.097038913	0.484487399	0.510086584	0.115572748	-0.997627908	-3.204464968	-0.139140236	-0.170554153	0.134749341	-0.162614106	0.044308278	0.084716102
1.600000000	0.096899585	0.484317064	0.510221166	0.115409901	-0.997583644	-3.204380116	-0.139516472	-0.170115766	0.134413522	-0.163077744	0.044218888	0.084988485
1.601000000	0.096759880	0.484147168	0.510355411	0.115246592	-0.997539470	-3.204294991	-0.139891852	-0.169676114	0.134076801	-0.163540409	0.044128980	0.085260382
1.602000000	0.096619801	0.483977712	0.510489319	0.115082821	-0.997495386	-3.204209595	-0.140266374	-0.169235199	0.133739179	-0.164002095	0.044038554	0.085531790
1.603000000	0.096479348	0.483808697	0.510622890	0.114918588	-0.997451393	-3.204123927	-0.140640034	-0.168793025	0.133400658	-0.164462799	0.043947610	0.085802705
1.604000000	0.096338521	0.483640126	0.510756121	0.114753895	-0.997407491	-3.204037989	-0.141012829	-0.168349595	0.133061242	-0.164922514	0.043856150	0.086073124
1.605000000	0.096197322	0.483471998	0.510889012	0.114588743	-0.997363681	-3.203951781	-0.141384755	-0.167904910	0.132720930	-0.165381237	0.043764173	0.086343044
1.606000000	0.096055751	0.483304316	0.511021563	0.114423133	-0.997319963	-3.203865303	-0.141755808	-0.167458973	0.132379726	-0.165838964	0.043671680	0.086612462
1.607000000	0.095913810	0.483137080	0.511153772	0.114257065	-0.997276337	-3.203778556	-0.142125986	-0.167011788	0.132037632	-0.166295688	0.043578670	0.086881375
1.608000000	0.095771499	0.482970292	0.511285638	0.114090541	-0.997232805	-3.203691541	-0.142495284	-0.166563356	0.131694649	-0.166751406	0.043485145	0.087149779
1.609000000	0.095628820	0.482803954	0.511417161	0.113923562	-0.997189367	-3.203604257	-0.142863699	-0.166113681	0.131350781	-0.167206113	0.043391105	0.087417672
1.610000000	0.095485772	0.482638065	0.511548339	0.113756129	-0.997146023	-3.203516705	-0.143231229	-0.165662765	0.131006028	-0.167659804	0.043296549	0.087685050
1.611000000	0.095342357	0.482472628	0.511679173	0.113588243	-0.997102774	-3.203428887	-0.143597868	-0.165210611	0.130660394	-0.168112475	0.043201479	0.087951911
1.612000000	0.095198576	0.482307644	0.511809660	0.113419904	-0.997059620	-3.203340801	-0.143963615	-0.164757221	0.130313880	-0.168564121	0.043105894	0.088218250
1.613000000	0.095054430	0.482143114	0.511939801	0.113251114	-0.997016562	-3.203252450	-0.144328464	-0.164302599	0.129966488	-0.169014738	0.043009796	0.088484065
1.614000000	0.094909919	0.481979039	0.512069593	0.113081875	-0.996973601	-3.203163833	-0.144692414	-0.163846748	0.129618221	-0.169464320	0.042913184	0.088749353
1.615000000	0.094765045	0.481815420	0.512199037	0.112912186	-0.996930736	-3.203074951	-0.145055460	-0.163389670	0.129269080	-0.169912864	0.042816059	0.089014110
1.616000000	0.094619808	0.481652259	0.512328131	0.112742049	-0.996887969	-3.202985805	-0.145417600	-0.162931367	0.128919069	-0.170360364	0.042718421	0.089278333
1.617000000	0.094474210	0.481489557	0.512456875	0.112571465	-0.996845299	-3.202896395	-0.145778829	-0.162471843	0.128568188	-0.170806816	0.042620271	0.089542019
1.618000000	0.094328251	0.481327316	0.512585268	0.112400435	-0.996802728	-3.202806721	-0.146139144	-0.162011101	0.128216440	-0.171252216	0.042521610	0.089805166
1.619000000	0.094181932	0.481165535	0.512713308	0.112228961	-0.996760256	-3.202716784	-0.146498542	-0.161549143	0.127863828	-0.171696558	0.042422437	0.090067769
1.620000000	0.094035254	0.481004217	0.512840995	0.112057042	-0.996717883	-3.202626586	-0.146857019	-0.161085972	0.127510353	-0.172139839	0.042322753	0.090329826
1.621000000	0.093888218	0.480843363	0.512968329	0.111884681	-0.996675610	-3.202536125	-0.147214572	-0.160621592	0.127156018	-0.172582053	0.042222560	0.090591333
1.622000000	0.093740825	0.480682974	0.513095307	0.111711878	-0.996633438	-3.202445403	-0.147571199	-0.160156004	0.126800825	-0.173023197	0.042121856	0.090852288
1.623000000	0.093593075	0.480523051	0.513221930	0.111538634	-0.996591367	-3.202354420	-0.147926894	-0.159689212	0.126444776	-0.173463264	0.042020643	0.091112686
1.624000000	0.093444971	0.480363596	0.513348197	0.111364951	-0.996549397	-3.202263177	-0.148281654	-0.159221219	0.126087873	-0.173902252	0.041918921	0.091372526
1.625000000	0.093296512	0.480204609	0.513474106	0.111190830	-0.996507529	-3.202171675	-0.148635478	-0.158752028	0.125730119	-0.174340155	0.041816690	0.091631804
1.626000000	0.093147700	0.480046092	0.513599657	0.111016271	-0.996465763	-3.202079914	-0.148988360	-0.158281642	0.125371516	-0.174776969	0.041713952	0.091890516
1.627000000	0.092998535	0.479888046	0.513724849	0.110841276	-0.996424101	-3.201987894	-0.149340298	-0.157810063	0.125012066	-0.175212688	0.041610707	0.092148660
1.628000000	0.092849019	0.479730472	0.513849681	0.110665846	-0.996382542	-3.201895617	-0.149691288	-0.157337294	0.124651770	-0.175647309	0.041506955	0.092406232
1.629000000	0.092699153	0.479573371	0.513974153	0.110489981	-0.996341087	-3.201803082	-0.150041327	-0.156863340	0.124290633	-0.176080828	0.041402697	0.092663230
1.630000000	0.092548937	0.479416745	0.514098263	0.110313684	-0.996299737	-3.201710290	-0.150390412	-0.156388202	0.123928655	-0.176513239	0.041297934	0.092919649
1.631000000	0.092398372	0.479260595	0.514222010	0.110136955	-0.996258491	-3.201617242	-0.150738538	-0.155911884	0.123565839	-0.176944537	0.041192665	0.093175487
1.632000000	0.092247459	0.479104921	0.514345394	0.109959795	-0.996217351	-3.201523939	-0.151085704	-0.155434388	0.123202188	-0.177374719	0.041086892	0.093430742
1.633000000	0.092096200	0.478949726	0.514468414	0.109782206	-0.996176317	-3.201430381	-0.151431905	-0.154955718	0.122837703	-0.177803780	0.040980616	0.093685409
1.634000000	0.091944596	0.478795010	0.514591070	0.109604187	-0.996135390	-3.201336568	-0.151777138	-0.154475876	0.122472387	-0.178231716	0.040873836	0.093939485
1.635000000	0.091792646	0.478640774	0.514713359	0.109425742	-0.996094570	-3.201242502	-0.152121400	-0.153994866	0.122106242	-0.178658521	0.040766554	0.094192968
1.636000000	0.091640353	0.478487020	0.514835282	0.109246870	-0.996053857	-3.201148182	-0.152464687	-0.153512692	0.121739270	-0.179084191	0.040658770	0.094445854
1.637000000	0.091487717	0.478333749	0.514956838	0.109067574	-0.996013252	-3.201053610	-0.152806996	-0.153029355	0.121371475	-0.179508722	0.040550485	0.094698140
1.638000000	0.091334739	0.478180961	0.515078025	0.108887853	-0.995972756	-3.200958786	-0.153148325	-0.152544859	0.121002857	-0.179932109	0.040441699	0.094949823
1.639000000	0.091181420	0.478028659	0.515198843	0.108707709	-0.995932369	-3.200863711	-0.153488668	-0.152059207	0.120633419	-0.180354348	0.040332413	0.095200900
1.640000000	0.091027762	0.477876843	0.515319292	0.108527144	-0.995892091	-3.200768384	-0.153828025	-0.151572403	0.120263165	-0.180775435	0.040222628	0.095451368
1.641000000	0.090873764	0.477725514	0.515439370	0.108346159	-0.995851923	-3.200672808	-0.154166389	-0.151084449	0.119892095	-0.181195364	0.040112345	0.095701223
1.642000000	0.090719429	0.477574674	0.515559076	0.108164754	-0.995811866	-3.200576982	-0.154503760	-0.150595349	0.119520213	-0.181614131	0.040001564	0.095950463
1.643000000	0.090564757	0.477424323	0.515678410	0.107982930	-0.995771920	-3.200480907	-0.154840133	-0.150105105	0.119147520	-0.182031732	0.039890286	0.096199084
1.644000000	0.090409748	0.477274464	0.515797371	0.107800690	-0.995732086	-3.200384584	-0.155175504	-0.149613722	0.118774020	-0.182448163	0.039778511	0.096447083
1.645000000	0.090254406	0.477125096	0.515915958	0.107618034	-0.995692363	-3.200288013	-0.155509872	-0.149121201	0.118399714	-0.182863418	0.039666241	0.096694457
1.646000000	0.090098729	0.476976221	0.516034171	0.107434963	-0.995652753	-3.200191195	-0.155843232	-0.148627547	0.118024605	-0.183277494	0.039553477	0.096941203
1.647000000	0.089942719	0.476827841	0.516152007	0.107251479	-0.995613256	-3.200094130	-0.156175582	-0.148132763	0.117648695	-0.183690385	0.039440218	0.097187318
1.648000000	0.089786378	0.476679956	0.516269468	0.107067583	-0.995573873	-3.199996820	-0.156506917	-0.147636851	0.117271987	-0.184102088	0.039326465	0.097432799
1.649000000	0.089629705	0.476532567	0.516386551	0.106883275	-0.995534603	-3.199899265	-0.156837235	-0.147139816	0.116894482	-0.184512599	0.039212221	0.097677642
1.650000000	0.089472703	0.476385676	0.516503257	0.106698557	-0.995495448	-3.199801465	-0.157166533	-0.146641659	0.116516184	-0.184921911	0.039097484	0.097921845
1.651000000	0.089315372	0.476239284	0.516619584	0.106513431	-0.995456408	-3.199703421	-0.157494807	-0.146142386	0.116137095	-0.185330022	0.038982257	0.098165405
1.652000000	0.089157713	0.476093391	0.516735531	0.106327897	-0.995417484	-3.199605134	-0.157822054	-0.145641998	0.115757217	-0.185736927	0.038866539	0.098408317
1.653000000	0.088999728	0.475948000	0.516851098	0.106141957	-0.995378675	-3.199506604	-0.158148270	-0.145140500	0.115376552	-0.186142621	0.038750333	0.098650580
1.654000000	0.088841417	0.475803110	0.516966284	0.105955612	-0.995339983	-3.199407833	-0.158473454	-0.144637893	0.114995103	-0.186547100	0.038633637	0.098892191
1.655000000	0.088682781	0.475658724	0.517081088	0.105768863	-0.995301408	-3.199308820	-0.158797601	-0.144134183	0.114612873	-0.186950360	0.038516455	0.099133145
1.656000000	0.088523822	0.475514842	0.517195510	0.105581711	-0.995262950	-3.199209567	-0.159120708	-0.143629373	0.114229864	-0.187352396	0.038398785	0.099373440
1.657000000	0.088364540	0.475371465	0.517309548	0.105394158	-0.995224611	-3.199110073	-0.159442772	-0.143123464	0.113846078	-0.187753203	0.038280630	0.099613073
1.658000000	0.088204936	0.475228595	0.517423202	0.105206205	-0.995186389	-3.199010340	-0.159763790	-0.142616462	0.113461518	-0.188152778	0.038161989	0.099852041
1.659000000	0.088045012	0.475086232	0.517536471	0.105017853	-0.995148287	-3.198910369	-0.160083758	-0.142108368	0.113076186	-0.188551116	0.038042865	0.100090340
1.660000000	0.087884769	0.474944378	0.517649355	0.104829103	-0.995110303	-3.198810160	-0.160402674	-0.141599188	0.112690085	-0.188948213	0.037923257	0.100327968
1.661000000	0.087724207	0.474803034	0.517761851	0.104639956	-0.995072440	-3.198709713	-0.160720534	-0.141088924	0.112303216	-0.189344064	0.037803167	0.100564922
1.662000000	0.087563328	0.474662201	0.517873961	0.104450415	-0.995034697	-3.198609030	-0.161037336	-0.140577579	0.111915584	-0.189738665	0.037682596	0.100801199
1.663000000	0.087402132	0.474521879	0.517985683	0.104260479	-0.994997075	-3.198508111	-0.161353075	-0.140065157	0.111527190	-0.190132012	0.037561544	0.101036795
1.664000000	0.087240621	0.474382070	0.518097015	0.104070151	-0.994959574	-3.198406956	-0.161667749	-0.139551661	0.111138036	-0.190524100	0.037440013	0.101271707
1.665000000	0.087078797	0.474242776	0.518207959	0.103879431	-0.994922195	-3.198305567	-0.161981355	-0.139037096	0.110748125	-0.190914925	0.037318004	0.101505933
1.666000000	0.086916659	0.474103996	0.518318512	0.103688321	-0.994884938	-3.198203944	-0.162293890	-0.138521463	0.110357460	-0.191304483	0.037195516	0.101739469
1.667000000	0.086754209	0.473965733	0.518428674	0.103496822	-0.994847804	-3.198102088	-0.162605350	-0.138004768	0.109966043	-0.191692769	0.037072553	0.101972312
1.668000000	0.086591448	0.473827986	0.518538444	0.103304935	-0.994810793	-3.198000000	-0.162915733	-0.137487012	0.109573877	-0.192079780	0.036949113	0.102204460
1.669000000	0.086428377	0.473690759	0.518647821	0.103112662	-0.994773906	-3.197897679	-0.163225035	-0.136968201	0.109180964	-0.192465510	0.036825200	0.102435909
1.670000000	0.086264998	0.473554050	0.518756806	0.102920004	-0.994737142	-3.197795128	-0.163533252	-0.136448337	0.108787306	-0.192849955	0.036700812	0.102666656
1.671000000	0.086101311	0.473417862	0.518865396	0.102726962	-0.994700504	-3.197692346	-0.163840384	-0.135927424	0.108392908	-0.193233112	0.036575952	0.102896698
1.672000000	0.085937317	0.473282195	0.518973591	0.102533538	-0.994663991	-3.197589335	-0.164146425	-0.135405465	0.107997769	-0.193614976	0.036450621	0.103126033
1.673000000	0.085773018	0.473147051	0.519081391	0.102339732	-0.994627603	-3.197486094	-0.164451373	-0.134882464	0.107601894	-0.193995543	0.036324819	0.103354656
1.674000000	0.085608414	0.473012430	0.519188795	0.102145547	-0.994591341	-3.197382625	-0.164755225	-0.134358425	0.107205285	-0.194374808	0.036198548	0.103582566
1.675000000	0.085443508	0.472878334	0.519295802	0.101950983	-0.994555206	-3.197278929	-0.165057977	-0.133833351	0.106807944	-0.194752768	0.036071808	0.103809759
1.676000000	0.085278299	0.472744764	0.519402411	0.101756041	-0.994519197	-3.197175006	-0.165359628	-0.133307245	0.106409874	-0.195129417	0.035944601	0.104036232
1.677000000	0.085112788	0.472611720	0.519508622	0.101560724	-0.994483316	-3.197070856	-0.165660173	-0.132780112	0.106011078	-0.195504753	0.035816929	0.104261982
1.678000000	0.084946978	0.472479203	0.519614433	0.101365032	-0.994447563	-3.196966482	-0.165959610	-0.132251955	0.105611559	-0.195878770	0.035688791	0.104487006
1.679000000	0.084780869	0.472347216	0.519719845	0.101168966	-0.994411939	-3.196861882	-0.166257936	-0.131722777	0.105211317	-0.196251464	0.035560189	0.104711302
1.680000000	0.084614462	0.472215758	0.519824856	0.100972529	-0.994376443	-3.196757059	-0.166555147	-0.131192583	0.104810358	-0.196622832	0.035431124	0.104934865
1.681000000	0.084447759	0.472084831	0.519929466	0.100775721	-0.994341077	-3.196652013	-0.166851241	-0.130661376	0.104408682	-0.196992870	0.035301598	0.105157694
1.682000000	0.084280760	0.471954435	0.520033673	0.100578543	-0.994305840	-3.196546744	-0.167146215	-0.130129159	0.104006292	-0.197361571	0.035171611	0.105379786
1.683000000	0.084113466	0.471824572	0.520137478	0.100380997	-0.994270733	-3.196441253	-0.167440065	-0.129595937	0.103603192	-0.197728934	0.035041164	0.105601136
1.684000000	0.083945880	0.471695243	0.520240880	0.100183085	-0.994235758	-3.196335542	-0.167732789	-0.129061712	0.103199384	-0.198094953	0.034910260	0.105821743
1.685000000	0.083778001	0.471566449	0.520343877	0.099984808	-0.994200913	-3.196229610	-0.168024384	-0.128526489	0.102794870	-0.198459625	0.034778898	0.106041603
1.686000000	0.083609831	0.471438190	0.520446469	0.099786166	-0.994166200	-3.196123458	-0.168314847	-0.127990272	0.102389653	-0.198822945	0.034647081	0.106260713
1.687000000	0.083441371	0.471310468	0.520548656	0.099587162	-0.994131619	-3.196017088	-0.168604174	-0.127453064	0.101983736	-0.199184910	0.034514809	0.106479072
1.688000000	0.083272623	0.471183284	0.520650437	0.099387796	-0.994097170	-3.195910500	-0.168892364	-0.126914869	0.101577122	-0.199545515	0.034382083	0.106696674
1.689000000	0.083103586	0.471056639	0.520751811	0.099188071	-0.994062855	-3.195803695	-0.169179412	-0.126375690	0.101169812	-0.199904756	0.034248906	0.106913519
1.690000000	0.082934264	0.470930533	0.520852777	0.098987987	-0.994028672	-3.195696673	-0.169465316	-0.125835531	0.100761810	-0.200262628	0.034115277	0.107129602
1.691000000	0.082764656	0.470804967	0.520953334	0.098787545	-0.993994624	-3.195589436	-0.169750074	-0.125294397	0.100353118	-0.200619129	0.033981198	0.107344921
1.692000000	0.082594764	0.470679944	0.521053483	0.098586748	-0.993960710	-3.195481983	-0.170033681	-0.124752291	0.099943739	-0.200974254	0.033846671	0.107559473
1.693000000	0.082424588	0.470555463	0.521153222	0.098385597	-0.993926931	-3.195374317	-0.170316136	-0.124209217	0.099533676	-0.201327998	0.033711697	0.107773254
1.694000000	0.082254131	0.470431525	0.521252550	0.098184092	-0.993893287	-3.195266437	-0.170597436	-0.123665178	0.099122932	-0.201680358	0.033576277	0.107986263
1.695000000	0.082083394	0.470308133	0.521351467	0.097982236	-0.993859778	-3.195158344	-0.170877576	-0.123120179	0.098711508	-0.202031330	0.033440412	0.108198497
1.696000000	0.081912376	0.470185285	0.521449973	0.097780030	-0.993826406	-3.195050040	-0.171156556	-0.122574223	0.098299408	-0.202380910	0.033304104	0.108409951
1.697000000	0.081741080	0.470062984	0.521548066	0.097577474	-0.993793170	-3.194941524	-0.171434371	-0.122027314	0.097886635	-0.202729093	0.033167353	0.108620624
1.698000000	0.081569507	0.469941230	0.521645746	0.097374572	-0.993760071	-3.194832799	-0.171711020	-0.121479456	0.097473190	-0.203075876	0.033030162	0.108830513
1.699000000	0.081397658	0.469820025	0.521743013	0.097171323	-0.993727110	-3.194723863	-0.171986498	-0.120930653	0.097059078	-0.203421255	0.032892532	0.109039614
1.700000000	0.081225534	0.469699369	0.521839865	0.096967729	-0.993694286	-3.194614719	-0.172260804	-0.120380909	0.096644300	-0.203765226	0.032754463	0.109247926
1.701000000	0.081053137	0.469579263	0.521936301	0.096763792	-0.993661601	-3.194505367	-0.172533934	-0.119830228	0.096228860	-0.204107784	0.032615958	0.109455444
1.702000000	0.080880467	0.469459709	0.522032322	0.096559513	-0.993629054	-3.194395808	-0.172805885	-0.119278613	0.095812759	-0.204448927	0.032477017	0.109662167
1.703000000	0.080707525	0.469340706	0.522127927	0.096354894	-0.993596647	-3.194286043	-0.173076656	-0.118726069	0.095396001	-0.204788649	0.032337642	0.109868091
1.704000000	0.080534313	0.469222257	0.522223114	0.096149936	-0.993564379	-3.194176072	-0.173346243	-0.118172599	0.094978589	-0.205126947	0.032197835	0.110073213
1.705000000	0.080360833	0.469104361	0.522317884	0.095944640	-0.993532251	-3.194065897	-0.173614642	-0.117618208	0.094560525	-0.205463818	0.032057596	0.110277531
1.706000000	0.080187084	0.468987020	0.522412235	0.095739009	-0.993500264	-3.193955517	-0.173881853	-0.117062899	0.094141812	-0.205799256	0.031916928	0.110481043
1.707000000	0.080013069	0.468870235	0.522506168	0.095533042	-0.993468417	-3.193844935	-0.174147871	-0.116506676	0.093722453	-0.206133259	0.031775831	0.110683744
1.708000000	0.079838788	0.468754007	0.522599680	0.095326742	-0.993436712	-3.193734150	-0.174412694	-0.115949544	0.093302450	-0.206465823	0.031634307	0.110885632
1.709000000	0.079664243	0.468638336	0.522692773	0.095120110	-0.993405148	-3.193623163	-0.174676319	-0.115391506	0.092881807	-0.206796943	0.031492358	0.111086706
1.710000000	0.079489436	0.468523224	0.522785444	0.094913148	-0.993373727	-3.193511976	-0.174938744	-0.114832566	0.092460526	-0.207126615	0.031349984	0.111286961
1.711000000	0.079314366	0.468408671	0.522877694	0.094705857	-0.993342448	-3.193400589	-0.175199966	-0.114272729	0.092038610	-0.207454837	0.031207188	0.111486395
1.712000000	0.079139036	0.468294678	0.522969521	0.094498238	-0.993311313	-3.193289004	-0.175459981	-0.113711998	0.091616061	-0.207781604	0.031063970	0.111685005
1.713000000	0.078963446	0.468181247	0.523060926	0.094290294	-0.993280321	-3.193177219	-0.175718788	-0.113150378	0.091192883	-0.208106912	0.030920333	0.111882789
1.714000000	0.078787598	0.468068378	0.523151907	0.094082025	-0.993249472	-3.193065238	-0.175976384	-0.112587872	0.090769078	-0.208430757	0.030776277	0.112079743
1.715000000	0.078611493	0.467956071	0.523242464	0.093873432	-0.993218768	-3.192953060	-0.176232765	-0.112024485	0.090344649	-0.208753136	0.030631805	0.112275866
1.716000000	0.078435133	0.467844329	0.523332596	0.093664518	-0.993188209	-3.192840686	-0.176487930	-0.111460220	0.089919600	-0.209074045	0.030486918	0.112471153
1.717000000	0.078258517	0.467733151	0.523422303	0.093455284	-0.993157794	-3.192728118	-0.176741876	-0.110895082	0.089493931	-0.209393481	0.030341616	0.112665604
1.718000000	0.078081649	0.467622538	0.523511584	0.093245731	-0.993127525	-3.192615355	-0.176994599	-0.110329075	0.089067648	-0.209711438	0.030195903	0.112859214
1.719000000	0.077904528	0.467512493	0.523600438	0.093035861	-0.993097402	-3.192502399	-0.177246098	-0.109762203	0.088640752	-0.210027915	0.030049779	0.113051981
1.720000000	0.077727157	0.467403014	0.523688865	0.092825676	-0.993067426	-3.192389251	-0.177496370	-0.109194469	0.088213246	-0.210342906	0.029903246	0.113243903
1.721000000	0.077549535	0.467294104	0.523776865	0.092615176	-0.993037596	-3.192275911	-0.177745412	-0.108625880	0.087785133	-0.210656408	0.029756305	0.113434976
1.722000000	0.077371666	0.467185762	0.523864436	0.092404363	-0.993007913	-3.192162381	-0.177993221	-0.108056437	0.087356416	-0.210968418	0.029608958	0.113625198
1.723000000	0.077193549	0.467077991	0.523951578	0.092193239	-0.992978378	-3.192048661	-0.178239795	-0.107486146	0.086927097	-0.211278932	0.029461207	0.113814567
1.724000000	0.077015186	0.466970790	0.524038290	0.091981805	-0.992948991	-3.191934752	-0.178485131	-0.106915010	0.086497181	-0.211587946	0.029313053	0.114003080
1.725000000	0.076836579	0.466864161	0.524124572	0.091770063	-0.992919752	-3.191820655	-0.178729227	-0.106343034	0.086066668	-0.211895457	0.029164498	0.114190734
1.726000000	0.076657728	0.466758104	0.524210423	0.091558014	-0.992890662	-3.191706370	-0.178972081	-0.105770222	0.085635563	-0.212201461	0.029015543	0.114377526
1.727000000	0.076478635	0.466652620	0.524295843	0.091345660	-0.992861721	-3.191591900	-0.179213689	-0.105196579	0.085203869	-0.212505954	0.028866190	0.114563454
1.728000000	0.076299300	0.466547711	0.524380831	0.091133002	-0.992832929	-3.191477244	-0.179454049	-0.104622108	0.084771587	-0.212808933	0.028716441	0.114748515
1.729000000	0.076119726	0.466443376	0.524465386	0.090920042	-0.992804288	-3.191362403	-0.179693158	-0.104046813	0.084338721	-0.213110393	0.028566297	0.114932707
1.730000000	0.075939914	0.466339617	0.524549508	0.090706781	-0.992775797	-3.191247378	-0.179931015	-0.103470700	0.083905275	-0.213410332	0.028415760	0.115116026
1.731000000	0.075759864	0.466236435	0.524633197	0.090493221	-0.992747456	-3.191132171	-0.180167616	-0.102893771	0.083471250	-0.213708747	0.028264832	0.115298471
1.732000000	0.075579579	0.466133830	0.524716451	0.090279364	-0.992719267	-3.191016781	-0.180402959	-0.102316032	0.083036649	-0.214005632	0.028113514	0.115480039
1.733000000	0.075399058	0.466031803	0.524799270	0.090065210	-0.992691229	-3.190901211	-0.180637042	-0.101737486	0.082601476	-0.214300986	0.027961807	0.115660727
1.734000000	0.075218305	0.465930355	0.524881654	0.089850762	-0.992663343	-3.190785460	-0.180869862	-0.101158139	0.082165734	-0.214594804	0.027809715	0.115840533
1.735000000	0.075037319	0.465829486	0.524963602	0.089636020	-0.992635610	-3.190669530	-0.181101416	-0.100577993	0.081729425	-0.214887083	0.027657237	0.116019454
1.736000000	0.074856102	0.465729199	0.525045113	0.089420988	-0.992608029	-3.190553421	-0.181331703	-0.099997054	0.081292553	-0.215177819	0.027504377	0.116197487
1.737000000	0.074674655	0.465629492	0.525126187	0.089205665	-0.992580601	-3.190437135	-0.181560719	-0.099415326	0.080855120	-0.215467009	0.027351136	0.116374630
1.738000000	0.074492980	0.465530368	0.525206823	0.088990054	-0.992553327	-3.190320672	-0.181788463	-0.098832813	0.080417129	-0.215754649	0.027197515	0.116550881
1.739000000	0.074311078	0.465431827	0.525287021	0.088774156	-0.992526206	-3.190204033	-0.182014931	-0.098249519	0.079978583	-0.216040737	0.027043516	0.116726237
1.740000000	0.074128951	0.465333869	0.525366780	0.088557972	-0.992499240	-3.190087219	-0.182240122	-0.097665449	0.079539485	-0.216325268	0.026889141	0.116900695
1.741000000	0.073946598	0.465236496	0.525446100	0.088341505	-0.992472428	-3.189970231	-0.182464033	-0.097080607	0.079099838	-0.216608239	0.026734392	0.117074253
1.742000000	0.073764023	0.465139708	0.525524980	0.088124756	-0.992445771	-3.189853071	-0.182686662	-0.096494997	0.078659645	-0.216889647	0.026579270	0.117246909
1.743000000	0.073581225	0.465043506	0.525603419	0.087907726	-0.992419269	-3.189735738	-0.182908006	-0.095908624	0.078218909	-0.217169488	0.026423777	0.117418659
1.744000000	0.073398207	0.464947891	0.525681418	0.087690417	-0.992392923	-3.189618233	-0.183128063	-0.095321492	0.077777632	-0.217447759	0.026267916	0.117589503
1.745000000	0.073214969	0.464852863	0.525758975	0.087472830	-0.992366733	-3.189500559	-0.183346830	-0.094733606	0.077335819	-0.217724457	0.026111687	0.117759436
1.746000000	0.073031513	0.464758423	0.525836089	0.087254968	-0.992340700	-3.189382714	-0.183564306	-0.094144970	0.076893472	-0.217999578	0.025955094	0.117928457
1.747000000	0.072847840	0.464664573	0.525912761	0.087036831	-0.992314823	-3.189264702	-0.183780488	-0.093555588	0.076450593	-0.218273119	0.025798136	0.118096563
1.748000000	0.072663952	0.464571312	0.525988990	0.086818422	-0.992289104	-3.189146521	-0.183995374	-0.092965465	0.076007186	-0.218545077	0.025640817	0.118263752
1.749000000	0.072479849	0.464478642	0.526064776	0.086599741	-0.992263542	-3.189028174	-0.184208961	-0.092374605	0.075563254	-0.218815448	0.025483138	0.118430021
1.750000000	0.072295534	0.464386563	0.526140117	0.086380791	-0.992238137	-3.188909661	-0.184421246	-0.091783013	0.075118800	-0.219084229	0.025325101	0.118595368
1.751000000	0.072111007	0.464295076	0.526215013	0.086161572	-0.992212891	-3.188790983	-0.184632229	-0.091190693	0.074673826	-0.219351417	0.025166708	0.118759790
1.752000000	0.071926269	0.464204182	0.526289465	0.085942088	-0.992187804	-3.188672142	-0.184841907	-0.090597649	0.074228336	-0.219617009	0.025007960	0.118923286
1.753000000	0.071741323	0.464113881	0.526363470	0.085722338	-0.992162876	-3.188553137	-0.185050277	-0.090003886	0.073782333	-0.219881001	0.024848860	0.119085853
1.754000000	0.071556169	0.464024174	0.526437029	0.085502326	-0.992138106	-3.188433970	-0.185257336	-0.089409409	0.073335820	-0.220143390	0.024689409	0.119247488
1.755000000	0.071370808	0.463935062	0.526510142	0.085282052	-0.992113497	-3.188314642	-0.185463084	-0.088814222	0.072888800	-0.220404174	0.024529610	0.119408190
1.756000000	0.071185243	0.463846545	0.526582807	0.085061517	-0.992089047	-3.188195154	-0.185667517	-0.088218330	0.072441276	-0.220663348	0.024369464	0.119567955
1.757000000	0.070999473	0.463758625	0.526655024	0.084840725	-0.992064758	-3.188075506	-0.185870634	-0.087621735	0.071993250	-0.220920909	0.024208973	0.119726781
1.758000000	0.070813502	0.463671302	0.526726793	0.084619676	-0.992040629	-3.187955700	-0.186072432	-0.087024445	0.071544726	-0.221176856	0.024048139	0.119884667
1.759000000	0.070627329	0.463584576	0.526798114	0.084398371	-0.992016661	-3.187835737	-0.186272909	-0.086426462	0.071095707	-0.221431183	0.023886964	0.120041610
1.760000000	0.070440956	0.463498449	0.526868985	0.084176813	-0.991992855	-3.187715617	-0.186472063	-0.085827792	0.070646196	-0.221683889	0.023725450	0.120197607
1.761000000	0.070254384	0.463412921	0.526939406	0.083955003	-0.991969211	-3.187595341	-0.186669891	-0.085228439	0.070196196	-0.221934970	0.023563599	0.120352656
1.762000000	0.070067616	0.463327992	0.527009377	0.083732943	-0.991945728	-3.187474912	-0.186866393	-0.084628408	0.069745710	-0.222184424	0.023401412	0.120506756
1.763000000	0.069880652	0.463243664	0.527078898	0.083510635	-0.991922408	-3.187354328	-0.187061565	-0.084027702	0.069294742	-0.222432246	0.023238893	0.120659903
1.764000000	0.069693493	0.463159937	0.527147967	0.083288079	-0.991899250	-3.187233592	-0.187255405	-0.083426328	0.068843293	-0.222678434	0.023076042	0.120812096
1.765000000	0.069506141	0.463076811	0.527216584	0.083065278	-0.991876256	-3.187112704	-0.187447912	-0.082824288	0.068391368	-0.222922986	0.022912862	0.120963332
1.766000000	0.069318597	0.462994288	0.527284749	0.082842233	-0.991853424	-3.186991665	-0.187639083	-0.082221589	0.067938969	-0.223165897	0.022749354	0.121113609
1.767000000	0.069130863	0.462912368	0.527352462	0.082618946	-0.991830757	-3.186870477	-0.187828916	-0.081618234	0.067486100	-0.223407166	0.022585521	0.121262925
1.768000000	0.068942939	0.462831052	0.527419722	0.082395419	-0.991808253	-3.186749139	-0.188017409	-0.081014228	0.067032763	-0.223646788	0.022421365	0.121411278
1.769000000	0.068754828	0.462750340	0.527486528	0.082171652	-0.991785914	-3.186627654	-0.188204561	-0.080409575	0.066578961	-0.223884762	0.022256888	0.121558666
1.770000000	0.068566530	0.462670232	0.527552880	0.081947649	-0.991763740	-3.186506022	-0.188390368	-0.079804281	0.066124698	-0.224121084	0.022092091	0.121705086
1.771000000	0.068378047	0.462590731	0.527618777	0.081723410	-0.991741730	-3.186384244	-0.188574829	-0.079198350	0.065669977	-0.224355751	0.021926977	0.121850536
1.772000000	0.068189380	0.462511836	0.527684220	0.081498938	-0.991719886	-3.186262321	-0.188757943	-0.078591786	0.065214801	-0.224588760	0.021761548	0.121995014
1.773000000	0.068000531	0.462433547	0.527749207	0.081274233	-0.991698207	-3.186140254	-0.188939707	-0.077984594	0.064759172	-0.224820109	0.021595806	0.122138518
1.774000000	0.067811501	0.462355867	0.527813738	0.081049297	-0.991676694	-3.186018044	-0.189120118	-0.077376780	0.064303094	-0.225049795	0.021429753	0.122281046
1.775000000	0.067622291	0.462278794	0.527877813	0.080824133	-0.991655347	-3.185895692	-0.189299176	-0.076768346	0.063846571	-0.225277814	0.021263390	0.122422595
1.776000000	0.067432903	0.462202330	0.527941431	0.080598742	-0.991634167	-3.185773199	-0.189476878	-0.076159299	0.063389605	-0.225504164	0.021096721	0.122563165
1.777000000	0.067243337	0.462126475	0.528004592	0.080373125	-0.991613154	-3.185650565	-0.189653222	-0.075549643	0.062932199	-0.225728843	0.020929747	0.122702751
1.778000000	0.067053596	0.462051231	0.528067295	0.080147284	-0.991592308	-3.185527793	-0.189828206	-0.074939382	0.062474357	-0.225951847	0.020762470	0.122841354
1.779000000	0.066863681	0.461976596	0.528129541	0.079921221	-0.991571629	-3.185404883	-0.190001829	-0.074328522	0.062016081	-0.226173173	0.020594892	0.122978969
1.780000000	0.066673592	0.461902574	0.528191328	0.079694938	-0.991551118	-3.185281835	-0.190174088	-0.073717066	0.061557375	-0.226392820	0.020427016	0.123115597
1.781000000	0.066483333	0.461829162	0.528252655	0.079468435	-0.991530775	-3.185158651	-0.190344982	-0.073105020	0.061098242	-0.226610783	0.020258843	0.123251233
1.782000000	0.066292903	0.461756363	0.528313524	0.079241716	-0.991510600	-3.185035333	-0.190514509	-0.072492389	0.060638685	-0.226827061	0.020090376	0.123385877
1.783000000	0.066102304	0.461684178	0.528373933	0.079014781	-0.991490594	-3.184911880	-0.190682666	-0.071879176	0.060178707	-0.227041651	0.019921617	0.123519527
1.784000000	0.065911537	0.461612605	0.528433881	0.078787633	-0.991470757	-3.184788294	-0.190849453	-0.071265387	0.059718311	-0.227254549	0.019752568	0.123652179
1.785000000	0.065720605	0.461541647	0.528493369	0.078560272	-0.991451089	-3.184664575	-0.191014867	-0.070651027	0.059257501	-0.227465755	0.019583231	0.123783834
1.786000000	0.065529507	0.461471303	0.528552396	0.078332701	-0.991431591	-3.184540726	-0.191178906	-0.070036100	0.058796280	-0.227675264	0.019413608	0.123914487
1.787000000	0.065338247	0.461401575	0.528610962	0.078104922	-0.991412262	-3.184416746	-0.191341569	-0.069420611	0.058334649	-0.227883073	0.019243701	0.124044138
1.788000000	0.065146824	0.461332462	0.528669066	0.077876935	-0.991393103	-3.184292638	-0.191502854	-0.068804565	0.057872614	-0.228089182	0.019073513	0.124172785
1.789000000	0.064955241	0.461263965	0.528726707	0.077648743	-0.991374115	-3.184168401	-0.191662759	-0.068187967	0.057410177	-0.228293587	0.018903046	0.124300426
1.790000000	0.064763499	0.461196086	0.528783886	0.077420348	-0.991355297	-3.184044037	-0.191821282	-0.067570821	0.056947342	-0.228496284	0.018732302	0.124427058
1.791000000	0.064571599	0.461128824	0.528840602	0.077191751	-0.991336650	-3.183919547	-0.191978422	-0.066953132	0.056484110	-0.228697273	0.018561282	0.124552680
1.792000000	0.064379542	0.461062180	0.528896854	0.076962953	-0.991318175	-3.183794931	-0.192134176	-0.066334905	0.056020487	-0.228896550	0.018389991	0.124677290
1.793000000	0.064187330	0.460996154	0.528952643	0.076733958	-0.991299870	-3.183670192	-0.192288544	-0.065716145	0.055556473	-0.229094113	0.018218428	0.124800887
1.794000000	0.063994965	0.460930747	0.529007967	0.076504765	-0.991281738	-3.183545330	-0.192441523	-0.065096856	0.055092074	-0.229289960	0.018046597	0.124923467
1.795000000	0.063802447	0.460865960	0.529062827	0.076275378	-0.991263777	-3.183420345	-0.192593112	-0.064477044	0.054627292	-0.229484087	0.017874501	0.125045030
1.796000000	0.063609779	0.460801793	0.529117222	0.076045797	-0.991245989	-3.183295240	-0.192743309	-0.063856713	0.054162131	-0.229676493	0.017702140	0.125165574
1.797000000	0.063416961	0.460738247	0.529171151	0.075816025	-0.991228373	-3.183170014	-0.192892113	-0.063235868	0.053696592	-0.229867175	0.017529518	0.125285097
1.798000000	0.063223994	0.460675322	0.529224615	0.075586063	-0.991210930	-3.183044669	-0.193039521	-0.062614515	0.053230681	-0.230056130	0.017356637	0.125403596
1.799000000	0.063030882	0.460613018	0.529277613	0.075355912	-0.991193660	-3.182919207	-0.193185532	-0.061992656	0.052764400	-0.230243357	0.017183498	0.125521071
1.800000000	0.062837623	0.460551336	0.529330144	0.075125576	-0.991176563	-3.182793627	-0.193330145	-0.061370298	0.052297751	-0.230428853	0.017010105	0.125637520
1.801000000	0.062644221	0.460490277	0.529382208	0.074895055	-0.991159639	-3.182667932	-0.193473358	-0.060747446	0.051830739	-0.230612615	0.016836459	0.125752940
1.802000000	0.062450677	0.460429841	0.529433805	0.074664351	-0.991142890	-3.182542121	-0.193615169	-0.060124105	0.051363367	-0.230794641	0.016662563	0.125867330
1.803000000	0.062256991	0.460370029	0.529484935	0.074433465	-0.991126314	-3.182416197	-0.193755577	-0.059500278	0.050895637	-0.230974930	0.016488419	0.125980689
1.804000000	0.062063165	0.460310841	0.529535597	0.074202401	-0.991109913	-3.182290160	-0.193894580	-0.058875971	0.050427553	-0.231153478	0.016314029	0.126093014
1.805000000	0.061869202	0.460252277	0.529585790	0.073971159	-0.991093686	-3.182164011	-0.194032177	-0.058251189	0.049959118	-0.231330283	0.016139395	0.126204304
1.806000000	0.061675101	0.460194338	0.529635515	0.073739740	-0.991077634	-3.182037751	-0.194168366	-0.057625938	0.049490336	-0.231505344	0.015964521	0.126314558
1.807000000	0.061480865	0.460137025	0.529684771	0.073508148	-0.991061757	-3.181911382	-0.194303145	-0.057000221	0.049021209	-0.231678657	0.015789408	0.126423773
1.808000000	0.061286495	0.460080338	0.529733557	0.073276383	-0.991046055	-3.181784904	-0.194436514	-0.056374043	0.048551741	-0.231850222	0.015614058	0.126531948
1.809000000	0.061091992	0.460024277	0.529781874	0.073044447	-0.991030529	-3.181658318	-0.194568471	-0.055747411	0.048081936	-0.232020034	0.015438474	0.126639081
1.810000000	0.060897358	0.459968843	0.529829721	0.072812343	-0.991015178	-3.181531626	-0.194699013	-0.055120327	0.047611796	-0.232188094	0.015262658	0.126745172
1.811000000	0.060702594	0.459914036	0.529877098	0.072580071	-0.991000004	-3.181404828	-0.194828141	-0.054492798	0.047141324	-0.232354397	0.015086613	0.126850217
1.812000000	0.060507702	0.459859858	0.529924004	0.072347634	-0.990985005	-3.181277925	-0.194955851	-0.053864829	0.046670524	-0.232518943	0.014910340	0.126954215
1.813000000	0.060312682	0.459806307	0.529970439	0.072115033	-0.990970183	-3.181150919	-0.195082144	-0.053236424	0.046199399	-0.232681728	0.014733843	0.127057166
1.814000000	0.060117537	0.459753385	0.530016403	0.071882271	-0.990955537	-3.181023811	-0.195207017	-0.052607588	0.045727953	-0.232842752	0.014557123	0.127159067
1.815000000	0.059922268	0.459701092	0.530061895	0.071649348	-0.990941069	-3.180896601	-0.195330470	-0.051978326	0.045256188	-0.233002012	0.014380183	0.127259917
1.816000000	0.059726876	0.459649428	0.530106915	0.071416267	-0.990926777	-3.180769291	-0.195452499	-0.051348643	0.044784108	-0.233159505	0.014203025	0.127359715
1.817000000	0.059531363	0.459598394	0.530151463	0.071183029	-0.990912663	-3.180641882	-0.195573106	-0.050718545	0.044311716	-0.233315231	0.014025652	0.127458458
1.818000000	0.059335730	0.459547991	0.530195538	0.070949636	-0.990898726	-3.180514374	-0.195692287	-0.050088036	0.043839016	-0.233469186	0.013848065	0.127556145
1.819000000	0.059139979	0.459498218	0.530239141	0.070716090	-0.990884967	-3.180386769	-0.195810042	-0.049457121	0.043366010	-0.233621369	0.013670268	0.127652776
1.820000000	0.058944110	0.459449077	0.530282270	0.070482393	-0.990871385	-3.180259069	-0.195926369	-0.048825805	0.042892702	-0.233771778	0.013492263	0.127748348
1.821000000	0.058748126	0.459400567	0.530324926	0.070248547	-0.990857982	-3.180131273	-0.196041267	-0.048194092	0.042419095	-0.233920411	0.013314052	0.127842859
1.822000000	0.058552028	0.459352689	0.530367109	0.070014553	-0.990844757	-3.180003383	-0.196154736	-0.047561989	0.041945193	-0.234067267	0.013135638	0.127936310
1.823000000	0.058355816	0.459305443	0.530408817	0.069780412	-0.990831711	-3.179875400	-0.196266772	-0.046929500	0.041470998	-0.234212343	0.012957022	0.128028697
1.824000000	0.058159494	0.459258830	0.530450051	0.069546128	-0.990818843	-3.179747326	-0.196377376	-0.046296630	0.040996515	-0.234355637	0.012778208	0.128120020
1.825000000	0.057963062	0.459212849	0.530490810	0.069311701	-0.990806154	-3.179619160	-0.196486546	-0.045663383	0.040521745	-0.234497147	0.012599198	0.128210278
1.826000000	0.057766521	0.459167503	0.530531094	0.069077134	-0.990793645	-3.179490905	-0.196594280	-0.045029766	0.040046693	-0.234636873	0.012419993	0.128299468
1.827000000	0.057569873	0.459122790	0.530570903	0.068842427	-0.990781314	-3.179362561	-0.196700579	-0.044395783	0.039571363	-0.234774811	0.012240598	0.128387590
1.828000000	0.057373120	0.459078711	0.530610237	0.068607584	-0.990769164	-3.179234130	-0.196805439	-0.043761440	0.039095756	-0.234910961	0.012061013	0.128474643
1.829000000	0.057176262	0.459035267	0.530649095	0.068372605	-0.990757192	-3.179105612	-0.196908861	-0.043126740	0.038619877	-0.235045319	0.011881242	0.128560624
1.830000000	0.056979302	0.458992458	0.530687477	0.068137493	-0.990745401	-3.178977009	-0.197010843	-0.042491689	0.038143728	-0.235177886	0.011701287	0.128645533
1.831000000	0.056782241	0.458950284	0.530725382	0.067902250	-0.990733790	-3.178848321	-0.197111383	-0.041856292	0.037667314	-0.235308658	0.011521150	0.128729368
1.832000000	0.056585079	0.458908745	0.530762811	0.067666876	-0.990722359	-3.178719550	-0.197210481	-0.041220555	0.037190637	-0.235437635	0.011340834	0.128812129
1.833000000	0.056387820	0.458867843	0.530799763	0.067431374	-0.990711108	-3.178590697	-0.197308136	-0.040584482	0.036713700	-0.235564815	0.011160342	0.128893813
1.834000000	0.056190463	0.458827576	0.530836239	0.067195746	-0.990700038	-3.178461762	-0.197404347	-0.039948078	0.036236508	-0.235690195	0.010979675	0.128974420
1.835000000	0.055993011	0.458787946	0.530872236	0.066959994	-0.990689149	-3.178332748	-0.197499111	-0.039311349	0.035759063	-0.235813775	0.010798836	0.129053948
1.836000000	0.055795465	0.458748953	0.530907757	0.066724119	-0.990678440	-3.178203654	-0.197592429	-0.038674299	0.035281369	-0.235935553	0.010617828	0.129132397
1.837000000	0.055597826	0.458710598	0.530942799	0.066488123	-0.990667913	-3.178074483	-0.197684300	-0.038036934	0.034803428	-0.236055526	0.010436654	0.129209764
1.838000000	0.055400096	0.458672880	0.530977364	0.066252008	-0.990657567	-3.177945235	-0.197774722	-0.037399258	0.034325245	-0.236173695	0.010255315	0.129286049
1.839000000	0.055202277	0.458635799	0.531011450	0.066015775	-0.990647402	-3.177815911	-0.197863694	-0.036761277	0.033846822	-0.236290056	0.010073814	0.129361251
1.840000000	0.055004369	0.458599357	0.531045057	0.065779428	-0.990637419	-3.177686512	-0.197951215	-0.036122995	0.033368163	-0.236404609	0.009892154	0.129435369
1.841000000	0.054806374	0.458563553	0.531078186	0.065542966	-0.990627618	-3.177557040	-0.198037284	-0.035484419	0.032889271	-0.236517352	0.009710337	0.129508401
1.842000000	0.054608294	0.458528388	0.531110836	0.065306393	-0.990617999	-3.177427495	-0.198121901	-0.034845553	0.032410150	-0.236628284	0.009528365	0.129580346
1.843000000	0.054410130	0.458493862	0.531143006	0.065069710	-0.990608561	-3.177297879	-0.198205063	-0.034206401	0.031930803	-0.236737403	0.009346242	0.129651203
1.844000000	0.054211884	0.458459975	0.531174697	0.064832918	-0.990599306	-3.177168193	-0.198286771	-0.033566969	0.031451232	-0.236844707	0.009163970	0.129720971
1.845000000	0.054013557	0.458426728	0.531205909	0.064596020	-0.990590234	-3.177038437	-0.198367024	-0.032927263	0.030971443	-0.236950196	0.008981551	0.129789649
1.846000000	0.053815150	0.458394121	0.531236640	0.064359018	-0.990581343	-3.176908614	-0.198445820	-0.032287287	0.030491437	-0.237053868	0.008798987	0.129857237
1.847000000	0.053616665	0.458362154	0.531266892	0.064121913	-0.990572636	-3.176778723	-0.198523159	-0.031647047	0.030011218	-0.237155722	0.008616282	0.129923732
1.848000000	0.053418104	0.458330827	0.531296663	0.063884706	-0.990564111	-3.176648766	-0.198599039	-0.031006547	0.029530790	-0.237255756	0.008433437	0.129989134
1.849000000	0.053219467	0.458300141	0.531325953	0.063647401	-0.990555769	-3.176518745	-0.198673460	-0.030365792	0.029050156	-0.237353969	0.008250456	0.130053443
1.850000000	0.053020757	0.458270095	0.531354763	0.063409998	-0.990547610	-3.176388659	-0.198746421	-0.029724789	0.028569319	-0.237450359	0.008067340	0.130116656
1.851000000	0.052821974	0.458240691	0.531383092	0.063172500	-0.990539634	-3.176258511	-0.198817922	-0.029083541	0.028088282	-0.237544926	0.007884093	0.130178773
1.852000000	0.052623121	0.458211928	0.531410940	0.062934909	-0.990531842	-3.176128302	-0.198887960	-0.028442055	0.027607049	-0.237637669	0.007700717	0.130239794
1.853000000	0.052424198	0.458183807	0.531438306	0.062697225	-0.990524233	-3.175998032	-0.198956537	-0.027800334	0.027125624	-0.237728585	0.007517215	0.130299716
1.854000000	0.052225208	0.458156327	0.531465191	0.062459451	-0.990516807	-3.175867702	-0.199023649	-0.027158385	0.026644010	-0.237817674	0.007333588	0.130358540
1.855000000	0.052026151	0.458129490	0.531491594	0.062221590	-0.990509565	-3.175737315	-0.199089298	-0.026516213	0.026162209	-0.237904934	0.007149840	0.130416264
1.856000000	0.051827029	0.458103295	0.531517515	0.061983642	-0.990502507	-3.175606870	-0.199153482	-0.025873822	0.025680225	-0.237990365	0.006965974	0.130472888
1.857000000	0.051627844	0.458077742	0.531542954	0.061745609	-0.990495633	-3.175476369	-0.199216201	-0.025231217	0.025198062	-0.238073966	0.006781990	0.130528410
1.858000000	0.051428597	0.458052833	0.531567911	0.061507494	-0.990488943	-3.175345813	-0.199277453	-0.024588404	0.024715724	-0.238155734	0.006597894	0.130582830
1.859000000	0.051229289	0.458028566	0.531592386	0.061269297	-0.990482438	-3.175215203	-0.199337238	-0.023945389	0.024233212	-0.238235670	0.006413686	0.130636147
1.860000000	0.051029922	0.458004942	0.531616378	0.061031022	-0.990476116	-3.175084541	-0.199395556	-0.023302176	0.023750532	-0.238313772	0.006229369	0.130688360
1.861000000	0.050830498	0.457981961	0.531639887	0.060792670	-0.990469979	-3.174953827	-0.199452405	-0.022658770	0.023267685	-0.238390039	0.006044947	0.130739469
1.862000000	0.050631018	0.457959624	0.531662913	0.060554242	-0.990464026	-3.174823062	-0.199507785	-0.022015176	0.022784676	-0.238464470	0.005860421	0.130789472
1.863000000	0.050431482	0.457937931	0.531685456	0.060315741	-0.990458258	-3.174692248	-0.199561696	-0.021371400	0.022301508	-0.238537064	0.005675794	0.130838369
1.864000000	0.050231894	0.457916881	0.531707516	0.060077168	-0.990452675	-3.174561385	-0.199614136	-0.020727448	0.021818184	-0.238607820	0.005491069	0.130886159
1.865000000	0.050032254	0.457896476	0.531729093	0.059838525	-0.990447276	-3.174430475	-0.199665106	-0.020083322	0.021334707	-0.238676738	0.005306248	0.130932842
1.866000000	0.049832564	0.457876715	0.531750186	0.059599815	-0.990442062	-3.174299519	-0.199714604	-0.019439030	0.020851082	-0.238743815	0.005121335	0.130978416
1.867000000	0.049632825	0.457857598	0.531770795	0.059361038	-0.990437033	-3.174168518	-0.199762629	-0.018794577	0.020367311	-0.238809052	0.004936331	0.131022881
1.868000000	0.049433039	0.457839126	0.531790920	0.059122196	-0.990432189	-3.174037474	-0.199809183	-0.018149967	0.019883398	-0.238872447	0.004751239	0.131066237
1.869000000	0.049233207	0.457821298	0.531810562	0.058883293	-0.990427531	-3.173906386	-0.199854263	-0.017505206	0.019399345	-0.238934001	0.004566061	0.131108482
1.870000000	0.049033330	0.457804115	0.531829719	0.058644328	-0.990423057	-3.173775257	-0.199897869	-0.016860298	0.018915157	-0.238993710	0.004380801	0.131149616
1.871000000	0.048833411	0.457787577	0.531848392	0.058405305	-0.990418769	-3.173644087	-0.199940001	-0.016215250	0.018430837	-0.239051576	0.004195461	0.131189639
1.872000000	0.048633450	0.457771685	0.531866581	0.058166225	-0.990414666	-3.173512877	-0.199980659	-0.015570066	0.017946388	-0.239107597	0.004010044	0.131228549
1.873000000	0.048433450	0.457756437	0.531884285	0.057927090	-0.990410749	-3.173381630	-0.200019841	-0.014924751	0.017461814	-0.239161773	0.003824551	0.131266347
1.874000000	0.048233411	0.457741835	0.531901504	0.057687902	-0.990407017	-3.173250345	-0.200057548	-0.014279311	0.016977118	-0.239214102	0.003638987	0.131303031
1.875000000	0.048033334	0.457727879	0.531918239	0.057448662	-0.990403471	-3.173119024	-0.200093778	-0.013633750	0.016492303	-0.239264585	0.003453353	0.131338602
1.876000000	0.047833223	0.457714568	0.531934489	0.057209373	-0.990400111	-3.172987668	-0.200128532	-0.012988075	0.016007373	-0.239313219	0.003267652	0.131373058
1.877000000	0.047633077	0.457701903	0.531950254	0.056970036	-0.990396936	-3.172856277	-0.200161809	-0.012342290	0.015522331	-0.239360005	0.003081886	0.131406399
1.878000000	0.047432899	0.457689883	0.531965533	0.056730653	-0.990393947	-3.172724855	-0.200193609	-0.011696400	0.015037180	-0.239404943	0.002896059	0.131438625
1.879000000	0.047232690	0.457678510	0.531980328	0.056491226	-0.990391144	-3.172593400	-0.200223931	-0.011050410	0.014551924	-0.239448031	0.002710172	0.131469735
1.880000000	0.047032451	0.457667782	0.531994637	0.056251757	-0.990388526	-3.172461915	-0.200252774	-0.010404327	0.014066567	-0.239489268	0.002524230	0.131499728
1.881000000	0.046832185	0.457657701	0.532008461	0.056012247	-0.990386095	-3.172330401	-0.200280140	-0.009758155	0.013581111	-0.239528655	0.002338233	0.131528605
1.882000000	0.046631891	0.457648266	0.532021800	0.055772699	-0.990383850	-3.172198858	-0.200306026	-0.009111898	0.013095561	-0.239566191	0.002152185	0.131556365
1.883000000	0.046431573	0.457639477	0.532034652	0.055533115	-0.990381791	-3.172067288	-0.200330434	-0.008465563	0.012609918	-0.239601875	0.001966088	0.131583007
1.884000000	0.046231230	0.457631335	0.532047019	0.055293495	-0.990379918	-3.171935692	-0.200353362	-0.007819154	0.012124188	-0.239635706	0.001779946	0.131608531
1.885000000	0.046030866	0.457623839	0.532058901	0.055053843	-0.990378231	-3.171804071	-0.200374810	-0.007172678	0.011638373	-0.239667685	0.001593760	0.131632936
1.886000000	0.045830481	0.457616990	0.532070296	0.054814160	-0.990376730	-3.171672426	-0.200394778	-0.006526138	0.011152477	-0.239697811	0.001407533	0.131656223
1.887000000	0.045630076	0.457610787	0.532081206	0.054574448	-0.990375416	-3.171540759	-0.200413266	-0.005879541	0.010666502	-0.239726083	0.001221269	0.131678391
1.888000000	0.045429654	0.457605230	0.532091629	0.054334708	-0.990374288	-3.171409069	-0.200430274	-0.005232891	0.010180453	-0.239752501	0.001034968	0.131699439
1.889000000	0.045229216	0.457600321	0.532101567	0.054094943	-0.990373346	-3.171277360	-0.200445801	-0.004586193	0.009694333	-0.239777065	0.000848635	0.131719368
1.890000000	0.045028763	0.457596058	0.532111018	0.053855154	-0.990372590	-3.171145631	-0.200459847	-0.003939454	0.009208145	-0.239799774	0.000662272	0.131738176
1.891000000	0.044828296	0.457592442	0.532119983	0.053615343	-0.990372021	-3.171013883	-0.200472412	-0.003292677	0.008721893	-0.239820628	0.000475882	0.131755865
1.892000000	0.044627818	0.457589473	0.532128462	0.053375513	-0.990371639	-3.170882119	-0.200483495	-0.002645869	0.008235580	-0.239839626	0.000289467	0.131772433
1.893000000	0.044427329	0.457587150	0.532136454	0.053135664	-0.990371442	-3.170750338	-0.200493097	-0.001999034	0.007749209	-0.239856768	0.000103029	0.131787880
1.894000000	0.044226832	0.457585475	0.532143960	0.052895799	-0.990371433	-3.170618543	-0.200501218	-0.001352178	0.007262784	-0.239872056	-0.000083428	0.131802206
1.895000000	0.044026327	0.457584446	0.532150980	0.052655920	-0.990371609	-3.170486734	-0.200507857	-0.000705305	0.006776308	-0.239885486	-0.000269902	0.131815411
1.896000000	0.043825816	0.457584064	0.532157513	0.052416028	-0.990371972	-3.170354912	-0.200513014	-0.000058422	0.006289785	-0.239897060	-0.000456391	0.131827495
1.897000000	0.043625301	0.457584329	0.532163559	0.052176126	-0.990372522	-3.170223079	-0.200516689	0.000588467	0.005803218	-0.239906778	-0.000642891	0.131838457
1.898000000	0.043424782	0.457585241	0.532169119	0.051936214	-0.990373258	-3.170091235	-0.200518883	0.001235356	0.005316610	-0.239914639	-0.000829400	0.131848298
1.899000000	0.043224263	0.457586800	0.532174192	0.051696296	-0.990374181	-3.169959382	-0.200519594	0.001882241	0.004829965	-0.239920643	-0.001015915	0.131857017
1.900000000	0.043023743	0.457589005	0.532178779	0.051456373	-0.990375290	-3.169827521	-0.200518823	0.002529115	0.004343287	-0.239924790	-0.001202434	0.131864614
1.901000000	0.042823225	0.457591858	0.532182879	0.051216447	-0.990376586	-3.169695653	-0.200516571	0.003175975	0.003856577	-0.239927080	-0.001388954	0.131871089
1.902000000	0.042622710	0.457595357	0.532186492	0.050976519	-0.990378068	-3.169563779	-0.200512836	0.003822814	0.003369841	-0.239927513	-0.001575473	0.131876442
1.903000000	0.042422200	0.457599504	0.532189619	0.050736592	-0.990379737	-3.169431900	-0.200507619	0.004469628	0.002883082	-0.239926089	-0.001761987	0.131880673
1.904000000	0.042221695	0.457604297	0.532192258	0.050496667	-0.990381592	-3.169300018	-0.200500920	0.005116410	0.002396302	-0.239922807	-0.001948494	0.131883782
1.905000000	0.042021198	0.457609736	0.532194411	0.050256746	-0.990383634	-3.169168133	-0.200492739	0.005763157	0.001909506	-0.239917669	-0.002134992	0.131885769
1.906000000	0.041820709	0.457615823	0.532196077	0.050016832	-0.990385862	-3.169036246	-0.200483076	0.006409863	0.001422696	-0.239910673	-0.002321478	0.131886634
1.907000000	0.041620232	0.457622556	0.532197257	0.049776925	-0.990388277	-3.168904360	-0.200471931	0.007056522	0.000935876	-0.239901820	-0.002507948	0.131886376
1.908000000	0.041419766	0.457629936	0.532197949	0.049537028	-0.990390878	-3.168772474	-0.200459305	0.007703130	0.000449050	-0.239891110	-0.002694401	0.131884997
1.909000000	0.041219313	0.457637962	0.532198155	0.049297143	-0.990393665	-3.168640590	-0.200445197	0.008349680	-0.000037780	-0.239878543	-0.002880834	0.131882495
1.910000000	0.041018875	0.457646635	0.532197873	0.049057271	-0.990396640	-3.168508709	-0.200429607	0.008996168	-0.000524609	-0.239864119	-0.003067244	0.131878872
1.911000000	0.040818454	0.457655955	0.532197105	0.048817414	-0.990399800	-3.168376832	-0.200412536	0.009642589	-0.001011434	-0.239847838	-0.003253629	0.131874126
1.912000000	0.040618050	0.457665921	0.532195851	0.048577575	-0.990403147	-3.168244960	-0.200393983	0.010288938	-0.001498253	-0.239829701	-0.003439986	0.131868260
1.913000000	0.040417666	0.457676533	0.532194109	0.048337755	-0.990406680	-3.168113095	-0.200373950	0.010935209	-0.001985061	-0.239809708	-0.003626311	0.131861271
1.914000000	0.040217302	0.457687791	0.532191880	0.048097956	-0.990410399	-3.167981238	-0.200352436	0.011581397	-0.002471855	-0.239787858	-0.003812604	0.131853161
1.915000000	0.040016961	0.457699695	0.532189165	0.047858179	-0.990414305	-3.167849389	-0.200329440	0.012227497	-0.002958632	-0.239764153	-0.003998860	0.131843929
1.916000000	0.039816643	0.457712246	0.532185963	0.047618427	-0.990418397	-3.167717550	-0.200304965	0.012873504	-0.003445388	-0.239738592	-0.004185078	0.131833577
1.917000000	0.039616351	0.457725442	0.532182274	0.047378702	-0.990422675	-3.167585722	-0.200279010	0.013519412	-0.003932120	-0.239711176	-0.004371254	0.131822103
1.918000000	0.039416085	0.457739285	0.532178099	0.047139005	-0.990427140	-3.167453906	-0.200251574	0.014165216	-0.004418824	-0.239681904	-0.004557386	0.131809508
1.919000000	0.039215848	0.457753773	0.532173437	0.046899338	-0.990431790	-3.167322103	-0.200222658	0.014810911	-0.004905498	-0.239650779	-0.004743472	0.131795794
1.920000000	0.039015640	0.457768907	0.532168288	0.046659703	-0.990436627	-3.167190314	-0.200192264	0.015456492	-0.005392138	-0.239617798	-0.004929508	0.131780959
1.921000000	0.038815463	0.457784686	0.532162653	0.046420103	-0.990441649	-3.167058541	-0.200160390	0.016101954	-0.005878739	-0.239582964	-0.005115492	0.131765003
1.922000000	0.038615319	0.457801111	0.532156531	0.046180538	-0.990446858	-3.166926784	-0.200127037	0.016747291	-0.006365300	-0.239546277	-0.005301422	0.131747928
1.923000000	0.038415209	0.457818180	0.532149922	0.045941010	-0.990452252	-3.166795045	-0.200092206	0.017392499	-0.006851816	-0.239507736	-0.005487295	0.131729734
1.924000000	0.038215135	0.457835896	0.532142827	0.045701522	-0.990457832	-3.166663325	-0.200055897	0.018037572	-0.007338284	-0.239467342	-0.005673107	0.131710421
1.925000000	0.038015097	0.457854256	0.532135245	0.045462075	-0.990463598	-3.166531624	-0.200018110	0.018682504	-0.007824701	-0.239425097	-0.005858858	0.131689988
1.926000000	0.037815099	0.457873261	0.532127177	0.045222672	-0.990469550	-3.166399945	-0.199978846	0.019327291	-0.008311063	-0.239381000	-0.006044543	0.131668438
1.927000000	0.037615140	0.457892910	0.532118623	0.044983313	-0.990475687	-3.166268287	-0.199938105	0.019971928	-0.008797367	-0.239335052	-0.006230160	0.131645769
1.928000000	0.037415222	0.457913204	0.532109583	0.044744002	-0.990482010	-3.166136653	-0.199895887	0.020616409	-0.009283609	-0.239287253	-0.006415707	0.131621983
1.929000000	0.037215348	0.457934143	0.532100056	0.044504739	-0.990488519	-3.166005043	-0.199852193	0.021260729	-0.009769787	-0.239237604	-0.006601181	0.131597079
1.930000000	0.037015518	0.457955726	0.532090043	0.044265527	-0.990495213	-3.165873459	-0.199807024	0.021904884	-0.010255896	-0.239186105	-0.006786579	0.131571059
1.931000000	0.036815734	0.457977953	0.532079544	0.044026367	-0.990502092	-3.165741901	-0.199760380	0.022548866	-0.010741934	-0.239132758	-0.006971899	0.131543922
1.932000000	0.036615997	0.458000824	0.532068559	0.043787261	-0.990509156	-3.165610371	-0.199712260	0.023192673	-0.011227896	-0.239077563	-0.007157138	0.131515669
1.933000000	0.036416309	0.458024338	0.532057088	0.043548212	-0.990516406	-3.165478870	-0.199662667	0.023836297	-0.011713780	-0.239020521	-0.007342294	0.131486301
1.934000000	0.036216672	0.458048496	0.532045132	0.043309220	-0.990523841	-3.165347399	-0.199611600	0.024479735	-0.012199582	-0.238961631	-0.007527363	0.131455818
1.935000000	0.036017086	0.458073298	0.532032689	0.043070288	-0.990531461	-3.165215958	-0.199559060	0.025122982	-0.012685299	-0.238900896	-0.007712344	0.131424220
1.936000000	0.035817554	0.458098742	0.532019761	0.042831418	-0.990539266	-3.165084550	-0.199505048	0.025766031	-0.013170928	-0.238838315	-0.007897233	0.131391509
1.937000000	0.035618076	0.458124830	0.532006347	0.042592612	-0.990547255	-3.164953175	-0.199449563	0.026408877	-0.013656464	-0.238773890	-0.008082029	0.131357684
1.938000000	0.035418655	0.458151560	0.531992448	0.042353870	-0.990555430	-3.164821835	-0.199392607	0.027051517	-0.014141904	-0.238707620	-0.008266727	0.131322746
1.939000000	0.035219291	0.458178933	0.531978064	0.042115196	-0.990563789	-3.164690530	-0.199334180	0.027693944	-0.014627246	-0.238639508	-0.008451327	0.131286696
1.940000000	0.035019986	0.458206948	0.531963194	0.041876591	-0.990572332	-3.164559261	-0.199274283	0.028336152	-0.015112486	-0.238569554	-0.008635824	0.131249534
1.941000000	0.034820742	0.458235605	0.531947839	0.041638057	-0.990581060	-3.164428031	-0.199212916	0.028978138	-0.015597620	-0.238497758	-0.008820217	0.131211262
1.942000000	0.034621560	0.458264904	0.531931998	0.041399596	-0.990589973	-3.164296839	-0.199150080	0.029619896	-0.016082644	-0.238424122	-0.009004504	0.131171879
1.943000000	0.034422442	0.458294845	0.531915673	0.041161209	-0.990599069	-3.164165687	-0.199085776	0.030261421	-0.016567557	-0.238348647	-0.009188680	0.131131386
1.944000000	0.034223389	0.458325427	0.531898863	0.040922899	-0.990608350	-3.164034576	-0.199020005	0.030902708	-0.017052354	-0.238271333	-0.009372744	0.131089784
1.945000000	0.034024402	0.458356650	0.531881569	0.040684666	-0.990617815	-3.163903507	-0.198952766	0.031543750	-0.017537031	-0.238192181	-0.009556694	0.131047074
1.946000000	0.033825483	0.458388514	0.531863789	0.040446514	-0.990627464	-3.163772482	-0.198884062	0.032184544	-0.018021586	-0.238111192	-0.009740526	0.131003256
1.947000000	0.033626634	0.458421019	0.531845525	0.040208444	-0.990637296	-3.163641501	-0.198813892	0.032825085	-0.018506016	-0.238028368	-0.009924238	0.130958331
1.948000000	0.033427856	0.458454165	0.531826777	0.039970458	-0.990647312	-3.163510565	-0.198742257	0.033465367	-0.018990315	-0.237943710	-0.010107827	0.130912300
1.949000000	0.033229150	0.458487950	0.531807545	0.039732557	-0.990657512	-3.163379676	-0.198669158	0.034105384	-0.019474483	-0.237857218	-0.010291291	0.130865163
1.950000000	0.033030517	0.458522375	0.531787828	0.039494743	-0.990667895	-3.163248835	-0.198594596	0.034745132	-0.019958513	-0.237768893	-0.010474627	0.130816922
1.951000000	0.032831960	0.458557440	0.531767628	0.039257019	-0.990678461	-3.163118042	-0.198518572	0.035384606	-0.020442405	-0.237678736	-0.010657833	0.130767577
1.952000000	0.032633480	0.458593145	0.531746944	0.039019386	-0.990689210	-3.162987300	-0.198441086	0.036023801	-0.020926154	-0.237586750	-0.010840907	0.130717128
1.953000000	0.032435078	0.458629488	0.531725776	0.038781845	-0.990700143	-3.162856608	-0.198362139	0.036662711	-0.021409756	-0.237492934	-0.011023844	0.130665578
1.954000000	0.032236756	0.458666470	0.531704124	0.038544400	-0.990711258	-3.162725969	-0.198281732	0.037301331	-0.021893209	-0.237397290	-0.011206644	0.130612925
1.955000000	0.032038515	0.458704091	0.531681989	0.038307051	-0.990722556	-3.162595382	-0.198199867	0.037939657	-0.022376509	-0.237299820	-0.011389303	0.130559173
1.956000000	0.031840356	0.458742349	0.531659371	0.038069800	-0.990734037	-3.162464850	-0.198116543	0.038577683	-0.022859653	-0.237200523	-0.011571818	0.130504320
1.957000000	0.031642282	0.458781246	0.531636270	0.037832650	-0.990745700	-3.162334374	-0.198031762	0.039215404	-0.023342637	-0.237099402	-0.011754189	0.130448369
1.958000000	0.031444293	0.458820780	0.531612686	0.037595601	-0.990757545	-3.162203953	-0.197945524	0.039852815	-0.023825458	-0.236996458	-0.011936410	0.130391320
1.959000000	0.031246391	0.458860952	0.531588619	0.037358657	-0.990769572	-3.162073591	-0.197857831	0.040489910	-0.024308113	-0.236891692	-0.012118481	0.130333174
1.960000000	0.031048577	0.458901760	0.531564069	0.037121818	-0.990781782	-3.161943287	-0.197768683	0.041126686	-0.024790597	-0.236785105	-0.012300399	0.130273931
1.961000000	0.030850853	0.458943205	0.531539038	0.036885087	-0.990794173	-3.161813043	-0.197678082	0.041763136	-0.025272909	-0.236676699	-0.012482160	0.130213594
1.962000000	0.030653221	0.458985286	0.531513524	0.036648465	-0.990806746	-3.161682860	-0.197586028	0.042399256	-0.025755044	-0.236566475	-0.012663763	0.130152162
1.963000000	0.030455681	0.459028003	0.531487528	0.036411954	-0.990819501	-3.161552739	-0.197492523	0.043035040	-0.026237000	-0.236454435	-0.012845205	0.130089637
1.964000000	0.030258236	0.459071356	0.531461050	0.036175556	-0.990832437	-3.161422681	-0.197397566	0.043670484	-0.026718772	-0.236340579	-0.013026484	0.130026020
1.965000000	0.030060886	0.459115344	0.531434090	0.035939272	-0.990845554	-3.161292687	-0.197301161	0.044305582	-0.027200357	-0.236224910	-0.013207597	0.129961312
1.966000000	0.029863633	0.459159967	0.531406649	0.035703106	-0.990858852	-3.161162758	-0.197203306	0.044940330	-0.027681753	-0.236107428	-0.013388541	0.129895514
1.967000000	0.029666479	0.459205225	0.531378727	0.035467058	-0.990872331	-3.161032896	-0.197104004	0.045574722	-0.028162955	-0.235988135	-0.013569314	0.129828627
1.968000000	0.029469425	0.459251117	0.531350323	0.035231130	-0.990885990	-3.160903101	-0.197003255	0.046208753	-0.028643961	-0.235867032	-0.013749913	0.129760652
1.969000000	0.029272473	0.459297643	0.531321439	0.034995324	-0.990899831	-3.160773374	-0.196901061	0.046842418	-0.029124767	-0.235744122	-0.013930336	0.129691590
1.970000000	0.029075623	0.459344802	0.531292073	0.034759641	-0.990913851	-3.160643718	-0.196797423	0.047475713	-0.029605369	-0.235619405	-0.014110581	0.129621442
1.971000000	0.028878878	0.459392594	0.531262228	0.034524085	-0.990928052	-3.160514132	-0.196692341	0.048108631	-0.030085765	-0.235492883	-0.014290644	0.129550210
1.972000000	0.028682239	0.459441019	0.531231902	0.034288656	-0.990942432	-3.160384617	-0.196585818	0.048741169	-0.030565951	-0.235364558	-0.014470524	0.129477894
1.973000000	0.028485706	0.459490076	0.531201096	0.034053356	-0.990956993	-3.160255176	-0.196477853	0.049373321	-0.031045924	-0.235234432	-0.014650218	0.129404496
1.974000000	0.028289283	0.459539766	0.531169810	0.033818187	-0.990971733	-3.160125808	-0.196368448	0.050005081	-0.031525679	-0.235102505	-0.014829723	0.129330016
1.975000000	0.028092969	0.459590086	0.531138045	0.033583151	-0.990986652	-3.159996516	-0.196257605	0.050636447	-0.032005216	-0.234968779	-0.015009038	0.129254457
1.976000000	0.027896768	0.459641039	0.531105800	0.033348249	-0.991001751	-3.159867299	-0.196145325	0.051267410	-0.032484528	-0.234833257	-0.015188158	0.129177819
1.977000000	0.027700679	0.459692621	0.531073076	0.033113484	-0.991017029	-3.159738160	-0.196031608	0.051897968	-0.032963614	-0.234695939	-0.015367083	0.129100103
1.978000000	0.027504704	0.459744834	0.531039872	0.032878857	-0.991032485	-3.159609099	-0.195916456	0.052528115	-0.033442470	-0.234556829	-0.015545809	0.129021311
1.979000000	0.027308846	0.459797678	0.531006191	0.032644370	-0.991048120	-3.159480117	-0.195799870	0.053157846	-0.033921092	-0.234415926	-0.015724335	0.128941444
1.980000000	0.027113105	0.459851150	0.530972030	0.032410025	-0.991063934	-3.159351216	-0.195681852	0.053787155	-0.034399478	-0.234273233	-0.015902657	0.128860503
1.981000000	0.026917482	0.459905252	0.530937392	0.032175824	-0.991079926	-3.159222396	-0.195562402	0.054416039	-0.034877624	-0.234128752	-0.016080773	0.128778490
1.982000000	0.026721980	0.459959982	0.530902275	0.031941768	-0.991096095	-3.159093659	-0.195441523	0.055044492	-0.035355527	-0.233982485	-0.016258681	0.128695405
1.983000000	0.026526599	0.460015341	0.530866681	0.031707859	-0.991112443	-3.158965006	-0.195319214	0.055672509	-0.035833182	-0.233834433	-0.016436378	0.128611251
1.984000000	0.026331341	0.460071327	0.530830609	0.031474099	-0.991128968	-3.158836437	-0.195195478	0.056300086	-0.036310589	-0.233684598	-0.016613862	0.128526028
1.985000000	0.026136208	0.460127941	0.530794059	0.031240490	-0.991145671	-3.158707954	-0.195070316	0.056927216	-0.036787742	-0.233532982	-0.016791131	0.128439737
1.986000000	0.025941201	0.460185182	0.530757033	0.031007033	-0.991162550	-3.158579557	-0.194943730	0.057553895	-0.037264638	-0.233379586	-0.016968181	0.128352381
1.987000000	0.025746321	0.460243049	0.530719530	0.030773731	-0.991179607	-3.158451249	-0.194815720	0.058180119	-0.037741274	-0.233224414	-0.017145011	0.128263960
1.988000000	0.025551569	0.460301542	0.530681551	0.030540584	-0.991196840	-3.158323029	-0.194686287	0.058805883	-0.038217648	-0.233067467	-0.017321619	0.128174477
1.989000000	0.025356948	0.460360661	0.530643095	0.030307596	-0.991214250	-3.158194900	-0.194555434	0.059431180	-0.038693754	-0.232908746	-0.017498001	0.128083931
1.990000000	0.025162459	0.460420404	0.530604163	0.030074767	-0.991231836	-3.158066861	-0.194423162	0.060056007	-0.039169592	-0.232748253	-0.017674156	0.127992325
1.991000000	0.024968102	0.460480773	0.530564756	0.029842099	-0.991249598	-3.157938915	-0.194289472	0.060680359	-0.039645156	-0.232585992	-0.017850080	0.127899661
1.992000000	0.024773880	0.460541765	0.530524873	0.029609595	-0.991267536	-3.157811062	-0.194154366	0.061304230	-0.040120443	-0.232421962	-0.018025772	0.127805939
1.993000000	0.024579793	0.460603381	0.530484515	0.029377255	-0.991285650	-3.157683303	-0.194017845	0.061927616	-0.040595451	-0.232256168	-0.018201230	0.127711161
1.994000000	0.024385844	0.460665620	0.530443682	0.029145082	-0.991303939	-3.157555640	-0.193879910	0.062550512	-0.041070176	-0.232088610	-0.018376450	0.127615329
1.995000000	0.024192033	0.460728482	0.530402374	0.028913078	-0.991322403	-3.157428073	-0.193740563	0.063172912	-0.041544616	-0.231919291	-0.018551431	0.127518444
1.996000000	0.023998363	0.460791966	0.530360593	0.028681244	-0.991341042	-3.157300603	-0.193599805	0.063794813	-0.042018765	-0.231748212	-0.018726169	0.127420508
1.997000000	0.023804834	0.460856072	0.530318337	0.028449582	-0.991359855	-3.157173232	-0.193457639	0.064416209	-0.042492622	-0.231575376	-0.018900664	0.127321522
1.998000000	0.023611448	0.460920798	0.530275607	0.028218093	-0.991378843	-3.157045960	-0.193314065	0.065037095	-0.042966182	-0.231400786	-0.019074912	0.127221487
1.999000000	0.023418206	0.460986146	0.530232405	0.027986780	-0.991398005	-3.156918789	-0.193169085	0.065657466	-0.043439443	-0.231224442	-0.019248911	0.127120406
2.000000000	0.023225109	0.461052113	0.530188729	0.027755644	-0.991417341	-3.156791719	-0.193022700	0.066277318	-0.043912402	-0.231046348	-0.019422659	0.127018280
2.001000000	0.023032160	0.461118701	0.530144580	0.027524687	-0.991436850	-3.156664752	-0.192874912	0.066896647	-0.044385055	-0.230866506	-0.019596153	0.126915110
2.002000000	0.022839360	0.461185907	0.530099958	0.027293911	-0.991456533	-3.156537889	-0.192725724	0.067515445	-0.044857399	-0.230684917	-0.019769392	0.126810898
2.003000000	0.022646709	0.461253731	0.530054865	0.027063318	-0.991476389	-3.156411130	-0.192575135	0.068133710	-0.045329430	-0.230501584	-0.019942372	0.126705646
2.004000000	0.022454209	0.461322174	0.530009300	0.026832908	-0.991496418	-3.156284478	-0.192423149	0.068751435	-0.045801146	-0.230316510	-0.020115091	0.126599355
2.005000000	0.022261862	0.461391234	0.529963263	0.026602684	-0.991516619	-3.156157932	-0.192269766	0.069368617	-0.046272542	-0.230129696	-0.020287548	0.126492027
2.006000000	0.022069670	0.461460911	0.529916754	0.026372649	-0.991536993	-3.156031494	-0.192114988	0.069985250	-0.046743617	-0.229941144	-0.020459740	0.126383664
2.007000000	0.021877632	0.461531205	0.529869775	0.026142802	-0.991557539	-3.155905164	-0.191958816	0.070601331	-0.047214366	-0.229750858	-0.020631664	0.126274267
2.008000000	0.021685752	0.461602114	0.529822326	0.025913147	-0.991578256	-3.155778945	-0.191801254	0.071216853	-0.047684787	-0.229558839	-0.020803318	0.126163839
2.009000000	0.021494030	0.461673638	0.529774406	0.025683685	-0.991599146	-3.155652837	-0.191642301	0.071831812	-0.048154875	-0.229365091	-0.020974700	0.126052380
2.010000000	0.021302467	0.461745778	0.529726016	0.025454417	-0.991620206	-3.155526840	-0.191481960	0.072446204	-0.048624629	-0.229169614	-0.021145809	0.125939892
2.011000000	0.021111066	0.461818531	0.529677157	0.025225345	-0.991641437	-3.155400957	-0.191320233	0.073060023	-0.049094043	-0.228972412	-0.021316640	0.125826378
2.012000000	0.020919827	0.461891898	0.529627828	0.024996472	-0.991662839	-3.155275187	-0.191157121	0.073673264	-0.049563117	-0.228773487	-0.021487193	0.125711838
2.013000000	0.020728752	0.461965877	0.529578030	0.024767798	-0.991684412	-3.155149533	-0.190992626	0.074285924	-0.050031846	-0.228572841	-0.021657465	0.125596276
2.014000000	0.020537842	0.462040470	0.529527764	0.024539326	-0.991706154	-3.155023995	-0.190826750	0.074897997	-0.050500226	-0.228370477	-0.021827453	0.125479691
2.015000000	0.020347098	0.462115673	0.529477030	0.024311057	-0.991728066	-3.154898574	-0.190659494	0.075509478	-0.050968255	-0.228166397	-0.021997156	0.125362087
2.016000000	0.020156523	0.462191488	0.529425828	0.024082993	-0.991750148	-3.154773271	-0.190490861	0.076120363	-0.051435929	-0.227960605	-0.022166571	0.125243466
2.017000000	0.019966117	0.462267914	0.529374158	0.023855136	-0.991772400	-3.154648087	-0.190320851	0.076730647	-0.051903246	-0.227753101	-0.022335696	0.125123828
2.018000000	0.019775881	0.462344950	0.529322021	0.023627487	-0.991794820	-3.154523023	-0.190149468	0.077340326	-0.052370202	-0.227543890	-0.022504530	0.125003176
2.019000000	0.019585818	0.462422595	0.529269418	0.023400048	-0.991817409	-3.154398080	-0.189976712	0.077949394	-0.052836794	-0.227332973	-0.022673068	0.124881512
2.020000000	0.019395928	0.462500849	0.529216348	0.023172821	-0.991840166	-3.154273260	-0.189802586	0.078557846	-0.053303018	-0.227120353	-0.022841310	0.124758837
2.021000000	0.019206212	0.462579710	0.529162812	0.022945808	-0.991863091	-3.154148563	-0.189627091	0.079165679	-0.053768872	-0.226906033	-0.023009254	0.124635154
2.022000000	0.019016673	0.462659180	0.529108810	0.022719009	-0.991886184	-3.154023990	-0.189450230	0.079772887	-0.054234352	-0.226690014	-0.023176896	0.124510464
2.023000000	0.018827312	0.462739256	0.529054343	0.022492428	-0.991909445	-3.153899542	-0.189272003	0.080379466	-0.054699455	-0.226472301	-0.023344235	0.124384769
2.024000000	0.018638129	0.462819939	0.528999411	0.022266065	-0.991932873	-3.153775220	-0.189092413	0.080985411	-0.055164178	-0.226252895	-0.023511269	0.124258071
2.025000000	0.018449127	0.462901227	0.528944015	0.022039922	-0.991956468	-3.153651026	-0.188911463	0.081590717	-0.055628517	-0.226031800	-0.023677996	0.124130372
2.026000000	0.018260307	0.462983120	0.528888154	0.021814001	-0.991980229	-3.153526959	-0.188729153	0.082195380	-0.056092470	-0.225809017	-0.023844413	0.124001674
2.027000000	0.018071669	0.463065618	0.528831830	0.021588304	-0.992004156	-3.153403022	-0.188545486	0.082799395	-0.056556033	-0.225584550	-0.024010518	0.123871980
2.028000000	0.017883216	0.463148719	0.528775042	0.021362832	-0.992028250	-3.153279216	-0.188360464	0.083402758	-0.057019203	-0.225358401	-0.024176309	0.123741290
2.029000000	0.017694948	0.463232423	0.528717791	0.021137587	-0.992052509	-3.153155540	-0.188174089	0.084005463	-0.057481977	-0.225130573	-0.024341785	0.123609607
2.030000000	0.017506867	0.463316730	0.528660078	0.020912571	-0.992076933	-3.153031996	-0.187986362	0.084607506	-0.057944352	-0.224901069	-0.024506942	0.123476933
2.031000000	0.017318975	0.463401638	0.528601902	0.020687785	-0.992101523	-3.152908586	-0.187797286	0.085208883	-0.058406324	-0.224669891	-0.024671778	0.123343271
2.032000000	0.017131273	0.463487148	0.528543265	0.020463231	-0.992126277	-3.152785310	-0.187606862	0.085809589	-0.058867891	-0.224437043	-0.024836293	0.123208621
2.033000000	0.016943761	0.463573258	0.528484167	0.020238911	-0.992151195	-3.152662169	-0.187415093	0.086409619	-0.059329049	-0.224202528	-0.025000483	0.123072986
2.034000000	0.016756443	0.463659967	0.528424607	0.020014826	-0.992176278	-3.152539164	-0.187221981	0.087008969	-0.059789795	-0.223966347	-0.025164347	0.122936368
2.035000000	0.016569318	0.463747275	0.528364587	0.019790978	-0.992201524	-3.152416296	-0.187027527	0.087607634	-0.060250126	-0.223728504	-0.025327882	0.122798770
2.036000000	0.016382388	0.463835182	0.528304107	0.019567369	-0.992226934	-3.152293566	-0.186831735	0.088205610	-0.060710039	-0.223489002	-0.025491086	0.122660192
2.037000000	0.016195654	0.463923687	0.528243167	0.019344000	-0.992252506	-3.152170976	-0.186634605	0.088802891	-0.061169531	-0.223247844	-0.025653958	0.122520638
2.038000000	0.016009118	0.464012788	0.528181768	0.019120873	-0.992278242	-3.152048525	-0.186436140	0.089399474	-0.061628598	-0.223005032	-0.025816495	0.122380110
2.039000000	0.015822782	0.464102486	0.528119910	0.018897990	-0.992304139	-3.151926215	-0.186236342	0.089995354	-0.062087237	-0.222760570	-0.025978695	0.122238609
2.040000000	0.015636646	0.464192779	0.528057593	0.018675352	-0.992330199	-3.151804048	-0.186035213	0.090590526	-0.062545446	-0.222514460	-0.026140556	0.122096138
2.041000000	0.015450711	0.464283667	0.527994819	0.018452961	-0.992356420	-3.151682023	-0.185832755	0.091184986	-0.063003221	-0.222266706	-0.026302076	0.121952698
2.042000000	0.015264980	0.464375149	0.527931587	0.018230819	-0.992382803	-3.151560142	-0.185628971	0.091778729	-0.063460558	-0.222017310	-0.026463253	0.121808293
2.043000000	0.015079453	0.464467224	0.527867898	0.018008926	-0.992409347	-3.151438406	-0.185423863	0.092371752	-0.063917456	-0.221766275	-0.026624086	0.121662924
2.044000000	0.014894132	0.464559892	0.527803752	0.017787286	-0.992436051	-3.151316816	-0.185217432	0.092964048	-0.064373910	-0.221513605	-0.026784571	0.121516593
2.045000000	0.014709019	0.464653152	0.527739150	0.017565899	-0.992462916	-3.151195373	-0.185009681	0.093555614	-0.064829918	-0.221259303	-0.026944707	0.121369303
2.046000000	0.014524113	0.464747003	0.527674092	0.017344768	-0.992489941	-3.151074078	-0.184800611	0.094146445	-0.065285477	-0.221003371	-0.027104493	0.121221055
2.047000000	0.014339417	0.464841445	0.527608579	0.017123893	-0.992517125	-3.150952931	-0.184590226	0.094736538	-0.065740583	-0.220745813	-0.027263926	0.121071852
2.048000000	0.014154933	0.464936477	0.527542611	0.016903276	-0.992544469	-3.150831934	-0.184378528	0.095325887	-0.066195233	-0.220486631	-0.027423004	0.120921697
2.049000000	0.013970660	0.465032097	0.527476189	0.016682919	-0.992571971	-3.150711088	-0.184165518	0.095914487	-0.066649425	-0.220225829	-0.027581725	0.120770591
2.050000000	0.013786602	0.465128306	0.527409312	0.016462824	-0.992599632	-3.150590393	-0.183951199	0.096502335	-0.067103154	-0.219963411	-0.027740087	0.120618537
2.051000000	0.013602758	0.465225102	0.527341982	0.016242992	-0.992627451	-3.150469851	-0.183735574	0.097089426	-0.067556419	-0.219699378	-0.027898089	0.120465537
2.052000000	0.013419130	0.465322484	0.527274199	0.016023425	-0.992655428	-3.150349462	-0.183518643	0.097675756	-0.068009216	-0.219433734	-0.028055728	0.120311593
2.053000000	0.013235721	0.465420453	0.527205964	0.015804125	-0.992683563	-3.150229228	-0.183300411	0.098261320	-0.068461541	-0.219166483	-0.028213002	0.120156707
2.054000000	0.013052530	0.465519007	0.527137276	0.015585093	-0.992711854	-3.150109149	-0.183080878	0.098846114	-0.068913393	-0.218897628	-0.028369910	0.120000883
2.055000000	0.012869559	0.465618145	0.527068137	0.015366330	-0.992740303	-3.149989226	-0.182860047	0.099430133	-0.069364767	-0.218627171	-0.028526450	0.119844121
2.056000000	0.012686810	0.465717867	0.526998547	0.015147838	-0.992768907	-3.149869460	-0.182637922	0.100013373	-0.069815661	-0.218355117	-0.028682619	0.119686425
2.057000000	0.012504283	0.465818172	0.526928506	0.014929619	-0.992797668	-3.149749853	-0.182414503	0.100595830	-0.070266072	-0.218081467	-0.028838416	0.119527797
2.058000000	0.012321981	0.465919059	0.526858015	0.014711675	-0.992826584	-3.149630405	-0.182189793	0.101177499	-0.070715996	-0.217806226	-0.028993839	0.119368239
2.059000000	0.012139903	0.466020527	0.526787074	0.014494007	-0.992855655	-3.149511116	-0.181963795	0.101758376	-0.071165430	-0.217529398	-0.029148886	0.119207753
2.060000000	0.011958053	0.466122576	0.526715684	0.014276616	-0.992884882	-3.149391989	-0.181736511	0.102338457	-0.071614373	-0.217250984	-0.029303556	0.119046343
2.061000000	0.011776430	0.466225204	0.526643845	0.014059505	-0.992914263	-3.149273024	-0.181507943	0.102917736	-0.072062819	-0.216970988	-0.029457846	0.118884009
2.062000000	0.011595037	0.466328411	0.526571558	0.013842674	-0.992943797	-3.149154221	-0.181278094	0.103496211	-0.072510767	-0.216689415	-0.029611754	0.118720755
2.063000000	0.011413874	0.466432196	0.526498823	0.013626126	-0.992973486	-3.149035582	-0.181046966	0.104073876	-0.072958214	-0.216406267	-0.029765280	0.118556584
2.064000000	0.011232943	0.466536559	0.526425642	0.013409862	-0.993003328	-3.148917108	-0.180814561	0.104650728	-0.073405156	-0.216121547	-0.029918420	0.118391496
2.065000000	0.011052245	0.466641498	0.526352013	0.013193883	-0.993033323	-3.148798799	-0.180580882	0.105226761	-0.073851590	-0.215835258	-0.030071173	0.118225496
2.066000000	0.010871781	0.466747012	0.526277938	0.012978191	-0.993063470	-3.148680657	-0.180345932	0.105801973	-0.074297514	-0.215547405	-0.030223538	0.118058585
2.067000000	0.010691553	0.466853102	0.526203418	0.012762788	-0.993093770	-3.148562682	-0.180109713	0.106376357	-0.074742923	-0.215257991	-0.030375512	0.117890766
2.068000000	0.010511562	0.466959765	0.526128453	0.012547675	-0.993124221	-3.148444875	-0.179872226	0.106949912	-0.075187816	-0.214967019	-0.030527094	0.117722041
2.069000000	0.010331809	0.467067002	0.526053043	0.012332854	-0.993154824	-3.148327238	-0.179633476	0.107522631	-0.075632190	-0.214674492	-0.030678281	0.117552412
2.070000000	0.010152295	0.467174810	0.525977188	0.012118326	-0.993185578	-3.148209771	-0.179393463	0.108094510	-0.076076040	-0.214380414	-0.030829073	0.117381883
2.071000000	0.009973022	0.467283191	0.525900890	0.011904093	-0.993216482	-3.148092474	-0.179152192	0.108665547	-0.076519366	-0.214084789	-0.030979468	0.117210455
2.072000000	0.009793991	0.467392142	0.525824150	0.011690157	-0.993247537	-3.147975350	-0.178909664	0.109235735	-0.076962162	-0.213787619	-0.031129463	0.117038132
2.073000000	0.009615202	0.467501662	0.525746966	0.011476518	-0.993278741	-3.147858398	-0.178665881	0.109805072	-0.077404427	-0.213488909	-0.031279057	0.116864915
2.074000000	0.009436659	0.467611752	0.525669341	0.011263179	-0.993310095	-3.147741620	-0.178420846	0.110373552	-0.077846157	-0.213188662	-0.031428249	0.116690807
2.075000000	0.009258361	0.467722409	0.525591274	0.011050141	-0.993341598	-3.147625016	-0.178174562	0.110941172	-0.078287349	-0.212886881	-0.031577035	0.116515811
2.076000000	0.009080310	0.467833634	0.525512766	0.010837405	-0.993373249	-3.147508588	-0.177927032	0.111507927	-0.078728002	-0.212583570	-0.031725416	0.116339929
2.077000000	0.008902507	0.467945425	0.525433818	0.010624974	-0.993405049	-3.147392337	-0.177678257	0.112073814	-0.079168110	-0.212278732	-0.031873389	0.116163164
2.078000000	0.008724953	0.468057782	0.525354430	0.010412848	-0.993436996	-3.147276262	-0.177428242	0.112638828	-0.079607672	-0.211972372	-0.032020952	0.115985519
2.079000000	0.008547650	0.468170703	0.525274602	0.010201029	-0.993469090	-3.147160365	-0.177176986	0.113202965	-0.080046684	-0.211664493	-0.032168105	0.115806995
2.080000000	0.008370599	0.468284188	0.525194336	0.009989519	-0.993501332	-3.147044648	-0.176924495	0.113766221	-0.080485144	-0.211355097	-0.032314844	0.115627596
2.081000000	0.008193801	0.468398235	0.525113632	0.009778319	-0.993533720	-3.146929110	-0.176670769	0.114328592	-0.080923049	-0.211044190	-0.032461169	0.115447323
2.082000000	0.008017258	0.468512845	0.525032490	0.009567430	-0.993566254	-3.146813753	-0.176415813	0.114890073	-0.081360396	-0.210731774	-0.032607077	0.115266181
2.083000000	0.007840970	0.468628015	0.524950911	0.009356855	-0.993598934	-3.146698578	-0.176159629	0.115450661	-0.081797181	-0.210417854	-0.032752568	0.115084170
2.084000000	0.007664938	0.468743746	0.524868896	0.009146595	-0.993631760	-3.146583585	-0.175902218	0.116010352	-0.082233402	-0.210102432	-0.032897639	0.114901295
2.085000000	0.007489165	0.468860036	0.524786445	0.008936650	-0.993664730	-3.146468775	-0.175643584	0.116569141	-0.082669056	-0.209785513	-0.033042290	0.114717556
2.086000000	0.007313651	0.468976884	0.524703558	0.008727024	-0.993697844	-3.146354150	-0.175383729	0.117127024	-0.083104140	-0.209467100	-0.033186517	0.114532958
2.087000000	0.007138398	0.469094290	0.524620236	0.008517716	-0.993731103	-3.146239709	-0.175122657	0.117683998	-0.083538651	-0.209147197	-0.033330321	0.114347503
2.088000000	0.006963406	0.469212252	0.524536481	0.008308729	-0.993764505	-3.146125455	-0.174860369	0.118240058	-0.083972587	-0.208825807	-0.033473698	0.114161193
2.089000000	0.006788677	0.469330770	0.524452291	0.008100065	-0.993798050	-3.146011387	-0.174596868	0.118795200	-0.084405944	-0.208502935	-0.033616649	0.113974032
2.090000000	0.006614212	0.469449843	0.524367669	0.007891723	-0.993831738	-3.145897507	-0.174332158	0.119349420	-0.084838719	-0.208178584	-0.033759170	0.113786020
2.091000000	0.006440013	0.469569469	0.524282614	0.007683707	-0.993865568	-3.145783815	-0.174066241	0.119902715	-0.085270909	-0.207852758	-0.033901260	0.113597163
2.092000000	0.006266080	0.469689648	0.524197127	0.007476018	-0.993899541	-3.145670312	-0.173799119	0.120455080	-0.085702513	-0.207525460	-0.034042919	0.113407461
2.093000000	0.006092414	0.469810379	0.524111209	0.007268657	-0.993933654	-3.145557000	-0.173530796	0.121006511	-0.086133526	-0.207196696	-0.034184144	0.113216918
2.094000000	0.005919018	0.469931661	0.524024860	0.007061625	-0.993967909	-3.145443879	-0.173261274	0.121557004	-0.086563946	-0.206866467	-0.034324934	0.113025537
2.095000000	0.005745892	0.470053493	0.523938081	0.006854924	-0.994002304	-3.145330949	-0.172990555	0.122106556	-0.086993770	-0.206534778	-0.034465288	0.112833319
2.096000000	0.005573037	0.470175874	0.523850872	0.006648555	-0.994036839	-3.145218212	-0.172718643	0.122655162	-0.087422995	-0.206201633	-0.034605203	0.112640269
2.097000000	0.005400455	0.470298804	0.523763235	0.006442520	-0.994071514	-3.145105668	-0.172445541	0.123202818	-0.087851618	-0.205867035	-0.034744679	0.112446388
2.098000000	0.005228146	0.470422280	0.523675169	0.006236821	-0.994106329	-3.144993319	-0.172171250	0.123749522	-0.088279637	-0.205530990	-0.034883714	0.112251680
2.099000000	0.005056112	0.470546303	0.523586675	0.006031458	-0.994141282	-3.144881165	-0.171895775	0.124295267	-0.088707049	-0.205193499	-0.035022306	0.112056147
2.100000000	0.004884354	0.470670870	0.523497755	0.005826434	-0.994176373	-3.144769207	-0.171619117	0.124840052	-0.089133851	-0.204854568	-0.035160454	0.111859791
2.101000000	0.004712874	0.470795983	0.523408408	0.005621749	-0.994211603	-3.144657446	-0.171341280	0.125383871	-0.089560039	-0.204514200	-0.035298157	0.111662616
2.102000000	0.004541672	0.470921638	0.523318635	0.005417406	-0.994246970	-3.144545882	-0.171062267	0.125926721	-0.089985611	-0.204172400	-0.035435413	0.111464624
2.103000000	0.004370749	0.471047836	0.523228437	0.005213404	-0.994282474	-3.144434516	-0.170782079	0.126468598	-0.090410564	-0.203829170	-0.035572220	0.111265819
2.104000000	0.004200108	0.471174575	0.523137814	0.005009747	-0.994318114	-3.144323350	-0.170500721	0.127009498	-0.090834897	-0.203484515	-0.035708578	0.111066202
2.105000000	0.004029748	0.471301855	0.523046767	0.004806435	-0.994353891	-3.144212384	-0.170218194	0.127549418	-0.091258605	-0.203138439	-0.035844485	0.110865777
2.106000000	0.003859671	0.471429674	0.522955296	0.004603470	-0.994389803	-3.144101619	-0.169934502	0.128088354	-0.091681685	-0.202790946	-0.035979939	0.110664547
2.107000000	0.003689879	0.471558032	0.522863403	0.004400853	-0.994425851	-3.143991055	-0.169649649	0.128626301	-0.092104136	-0.202442039	-0.036114939	0.110462514
2.108000000	0.003520372	0.471686927	0.522771088	0.004198586	-0.994462033	-3.143880693	-0.169363635	0.129163256	-0.092525954	-0.202091724	-0.036249484	0.110259681
2.109000000	0.003351152	0.471816358	0.522678351	0.003996670	-0.994498350	-3.143770535	-0.169076465	0.129699215	-0.092947136	-0.201740002	-0.036383572	0.110056051
2.110000000	0.003182219	0.471946325	0.522585194	0.003795106	-0.994534800	-3.143660581	-0.168788141	0.130234174	-0.093367680	-0.201386880	-0.036517203	0.109851627
2.111000000	0.003013575	0.472076827	0.522491616	0.003593896	-0.994571384	-3.143550832	-0.168498667	0.130768130	-0.093787583	-0.201032361	-0.036650374	0.109646411
2.112000000	0.002845222	0.472207862	0.522397619	0.003393042	-0.994608101	-3.143441289	-0.168208045	0.131301079	-0.094206842	-0.200676448	-0.036783084	0.109440406
2.113000000	0.002677159	0.472339429	0.522303202	0.003192543	-0.994644950	-3.143331951	-0.167916278	0.131833017	-0.094625454	-0.200319146	-0.036915333	0.109233616
2.114000000	0.002509389	0.472471528	0.522208368	0.002992403	-0.994681932	-3.143222821	-0.167623369	0.132363941	-0.095043417	-0.199960459	-0.037047118	0.109026043
2.115000000	0.002341913	0.472604157	0.522113116	0.002792622	-0.994719044	-3.143113899	-0.167329321	0.132893846	-0.095460728	-0.199600391	-0.037178439	0.108817690
2.116000000	0.002174731	0.472737315	0.522017446	0.002593202	-0.994756288	-3.143005186	-0.167034136	0.133422729	-0.095877384	-0.199238945	-0.037309294	0.108608560
2.117000000	0.002007844	0.472871002	0.521921361	0.002394145	-0.994793663	-3.142896682	-0.166737819	0.133950586	-0.096293382	-0.198876127	-0.037439681	0.108398655
2.118000000	0.001841255	0.473005216	0.521824860	0.002195450	-0.994831168	-3.142788389	-0.166440372	0.134477414	-0.096708720	-0.198511940	-0.037569600	0.108187980
2.119000000	0.001674964	0.473139957	0.521727943	0.001997121	-0.994868802	-3.142680306	-0.166141798	0.135003209	-0.097123395	-0.198146388	-0.037699050	0.107976535
2.120000000	0.001508971	0.473275223	0.521630613	0.001799157	-0.994906566	-3.142572436	-0.165842099	0.135527967	-0.097537404	-0.197779475	-0.037828029	0.107764325
2.121000000	0.001343279	0.473411013	0.521532869	0.001601562	-0.994944458	-3.142464778	-0.165541280	0.136051685	-0.097950744	-0.197411206	-0.037956535	0.107551352
2.122000000	0.001177889	0.473547326	0.521434711	0.001404335	-0.994982479	-3.142357333	-0.165239342	0.136574359	-0.098363414	-0.197041585	-0.038084569	0.107337619
2.123000000	0.001012801	0.473684162	0.521336142	0.001207479	-0.995020627	-3.142250102	-0.164936290	0.137095985	-0.098775409	-0.196670615	-0.038212127	0.107123130
2.124000000	0.000848016	0.473821518	0.521237161	0.001010994	-0.995058903	-3.142143087	-0.164632125	0.137616560	-0.099186727	-0.196298302	-0.038339210	0.106907886
2.125000000	0.000683536	0.473959395	0.521137768	0.000814882	-0.995097306	-3.142036287	-0.164326851	0.138136079	-0.099597366	-0.195924648	-0.038465816	0.106691891
2.126000000	0.000519362	0.474097790	0.521037966	0.000619144	-0.995135835	-3.141929703	-0.164020471	0.138654541	-0.100007323	-0.195549658	-0.038591944	0.106475148
2.127000000	0.000355495	0.474236704	0.520937754	0.000423783	-0.995174490	-3.141823336	-0.163712989	0.139171941	-0.100416595	-0.195173337	-0.038717592	0.106257660
2.128000000	0.000191936	0.474376134	0.520837133	0.000228798	-0.995213270	-3.141717187	-0.163404406	0.139688275	-0.100825180	-0.194795689	-0.038842760	0.106039429
2.129000000	0.000028687	0.474516080	0.520736103	0.000034191	-0.995252175	-3.141611257	-0.163094727	0.140203540	-0.101233075	-0.194416717	-0.038967447	0.105820459
2.130000000	-0.000134253	0.474656541	0.520634666	-0.000160036	-0.995291205	-3.141505547	-0.162783954	0.140717733	-0.101640277	-0.194036427	-0.039091651	0.105600753
2.131000000	-0.000296881	0.474797516	0.520532823	-0.000353882	-0.995330359	-3.141400056	-0.162472091	0.141230849	-0.102046784	-0.193654821	-0.039215371	0.105380313
2.132000000	-0.000459197	0.474939003	0.520430573	-0.000547345	-0.995369636	-3.141294786	-0.162159140	0.141742886	-0.102452592	-0.193271906	-0.039338606	0.105159143
2.133000000	-0.000621200	0.475081002	0.520327918	-0.000740425	-0.995409036	-3.141189738	-0.161845105	0.142253839	-0.102857700	-0.192887684	-0.039461355	0.104937245
2.134000000	-0.000782887	0.475223511	0.520224857	-0.000933121	-0.995448558	-3.141084911	-0.161529988	0.142763706	-0.103262104	-0.192502160	-0.039583617	0.104714623
2.135000000	-0.000944260	0.475366529	0.520121393	-0.001125430	-0.995488203	-3.140980308	-0.161213793	0.143272484	-0.103665803	-0.192115338	-0.039705390	0.104491279
2.136000000	-0.001105315	0.475510056	0.520017526	-0.001317351	-0.995527969	-3.140875929	-0.160896524	0.143780167	-0.104068793	-0.191727223	-0.039826675	0.104267216
2.137000000	-0.001266053	0.475654089	0.519913256	-0.001508884	-0.995567856	-3.140771774	-0.160578182	0.144286754	-0.104471072	-0.191337818	-0.039947468	0.104042438
2.138000000	-0.001426471	0.475798629	0.519808584	-0.001700027	-0.995607864	-3.140667844	-0.160258771	0.144792240	-0.104872637	-0.190947129	-0.040067771	0.103816947
2.139000000	-0.001586570	0.475943674	0.519703511	-0.001890778	-0.995647992	-3.140564140	-0.159938296	0.145296623	-0.105273485	-0.190555159	-0.040187581	0.103590747
2.140000000	-0.001746348	0.476089222	0.519598037	-0.002081137	-0.995688239	-3.140460663	-0.159616757	0.145799898	-0.105673614	-0.190161913	-0.040306898	0.103363840
2.141000000	-0.001905804	0.476235274	0.519492163	-0.002271102	-0.995728606	-3.140357412	-0.159294160	0.146302063	-0.106073022	-0.189767395	-0.040425720	0.103136229
2.142000000	-0.002064936	0.476381827	0.519385891	-0.002460672	-0.995769091	-3.140254390	-0.158970506	0.146803114	-0.106471706	-0.189371610	-0.040544047	0.102907918
2.143000000	-0.002223745	0.476528880	0.519279220	-0.002649845	-0.995809694	-3.140151596	-0.158645800	0.147303048	-0.106869662	-0.188974561	-0.040661877	0.102678908
2.144000000	-0.002382228	0.476676433	0.519172151	-0.002838621	-0.995850414	-3.140049032	-0.158320044	0.147801860	-0.107266889	-0.188576253	-0.040779210	0.102449205
2.145000000	-0.002540385	0.476824484	0.519064686	-0.003026998	-0.995891252	-3.139946698	-0.157993241	0.148299550	-0.107663385	-0.188176690	-0.040896045	0.102218810
2.146000000	-0.002698214	0.476973032	0.518956825	-0.003214975	-0.995932207	-3.139844595	-0.157665395	0.148796112	-0.108059146	-0.187775878	-0.041012380	0.101987726
2.147000000	-0.002855716	0.477122076	0.518848568	-0.003402550	-0.995973277	-3.139742723	-0.157336509	0.149291543	-0.108454170	-0.187373819	-0.041128215	0.101755957
2.148000000	-0.003012887	0.477271615	0.518739916	-0.003589722	-0.996014463	-3.139641083	-0.157006586	0.149785840	-0.108848454	-0.186970519	-0.041243549	0.101523505
2.149000000	-0.003169729	0.477421648	0.518630871	-0.003776491	-0.996055764	-3.139539676	-0.156675630	0.150279001	-0.109241996	-0.186565982	-0.041358380	0.101290374
2.150000000	-0.003326239	0.477572173	0.518521432	-0.003962854	-0.996097180	-3.139438502	-0.156343643	0.150771021	-0.109634793	-0.186160212	-0.041472709	0.101056567
2.151000000	-0.003482416	0.477723190	0.518411601	-0.004148811	-0.996138709	-3.139337562	-0.156010629	0.151261897	-0.110026843	-0.185753214	-0.041586533	0.100822086
2.152000000	-0.003638260	0.477874697	0.518301379	-0.004334361	-0.996180353	-3.139236858	-0.155676591	0.151751626	-0.110418144	-0.185344992	-0.041699853	0.100586935
2.153000000	-0.003793769	0.478026693	0.518190765	-0.004519501	-0.996222109	-3.139136389	-0.155341532	0.152240206	-0.110808692	-0.184935550	-0.041812667	0.100351116
2.154000000	-0.003948943	0.478179177	0.518079761	-0.004704232	-0.996263978	-3.139036156	-0.155005456	0.152727631	-0.111198485	-0.184524894	-0.041924974	0.100114634
2.155000000	-0.004103780	0.478332148	0.517968368	-0.004888551	-0.996305959	-3.138936159	-0.154668367	0.153213900	-0.111587521	-0.184113027	-0.042036774	0.099877490
2.156000000	-0.004258280	0.478485605	0.517856586	-0.005072458	-0.996348052	-3.138836401	-0.154330266	0.153699010	-0.111975797	-0.183699954	-0.042148065	0.099639689
2.157000000	-0.004412441	0.478639546	0.517744416	-0.005255951	-0.996390255	-3.138736880	-0.153991157	0.154182957	-0.112363311	-0.183285679	-0.042258848	0.099401232
2.158000000	-0.004566262	0.478793971	0.517631860	-0.005439029	-0.996432569	-3.138637598	-0.153651045	0.154665738	-0.112750061	-0.182870206	-0.042369120	0.099162123
2.159000000	-0.004719743	0.478948878	0.517518916	-0.005621691	-0.996474994	-3.138538556	-0.153309932	0.155147349	-0.113136043	-0.182453541	-0.042478882	0.098922365
2.160000000	-0.004872882	0.479104265	0.517405587	-0.005803936	-0.996517527	-3.138439753	-0.152967820	0.155627788	-0.113521255	-0.182035688	-0.042588132	0.098681962
2.161000000	-0.005025678	0.479260133	0.517291874	-0.005985763	-0.996560170	-3.138341192	-0.152624715	0.156107052	-0.113905695	-0.181616651	-0.042696870	0.098440916
2.162000000	-0.005178131	0.479416480	0.517177776	-0.006167169	-0.996602921	-3.138242872	-0.152280619	0.156585137	-0.114289361	-0.181196434	-0.042805094	0.098199231
2.163000000	-0.005330240	0.479573303	0.517063295	-0.006348156	-0.996645780	-3.138144793	-0.151935535	0.157062040	-0.114672249	-0.180775043	-0.042912805	0.097956909
2.164000000	-0.005482002	0.479730604	0.516948432	-0.006528720	-0.996688747	-3.138046958	-0.151589466	0.157537759	-0.115054358	-0.180352481	-0.043020001	0.097713953
2.165000000	-0.005633419	0.479888379	0.516833186	-0.006708860	-0.996731820	-3.137949365	-0.151242417	0.158012290	-0.115435685	-0.179928753	-0.043126682	0.097470367
2.166000000	-0.005784487	0.480046628	0.516717560	-0.006888577	-0.996775000	-3.137852017	-0.150894390	0.158485630	-0.115816228	-0.179503864	-0.043232846	0.097226154
2.167000000	-0.005935207	0.480205350	0.516601554	-0.007067868	-0.996818286	-3.137754913	-0.150545388	0.158957776	-0.116195984	-0.179077818	-0.043338494	0.096981317
2.168000000	-0.006085578	0.480364544	0.516485168	-0.007246733	-0.996861677	-3.137658054	-0.150195416	0.159428726	-0.116574951	-0.178650619	-0.043443624	0.096735858
2.169000000	-0.006235598	0.480524208	0.516368404	-0.007425169	-0.996905173	-3.137561441	-0.149844476	0.159898475	-0.116953126	-0.178222273	-0.043548236	0.096489782
2.170000000	-0.006385267	0.480684341	0.516251262	-0.007603177	-0.996948773	-3.137465075	-0.149492572	0.160367022	-0.117330507	-0.177792784	-0.043652328	0.096243091
2.171000000	-0.006534583	0.480844942	0.516133743	-0.007780755	-0.996992478	-3.137368955	-0.149139707	0.160834362	-0.117707091	-0.177362156	-0.043755901	0.095995788
2.172000000	-0.006683546	0.481006009	0.516015848	-0.007957902	-0.997036285	-3.137273083	-0.148785885	0.161300494	-0.118082877	-0.176930394	-0.043858954	0.095747876
2.173000000	-0.006832155	0.481167543	0.515897577	-0.008134616	-0.997080195	-3.137177459	-0.148431108	0.161765414	-0.118457862	-0.176497502	-0.043961486	0.095499359
2.174000000	-0.006980409	0.481329540	0.515778932	-0.008310897	-0.997124208	-3.137082085	-0.148075381	0.162229119	-0.118832043	-0.176063485	-0.044063496	0.095250240
2.175000000	-0.007128306	0.481492001	0.515659913	-0.008486743	-0.997168322	-3.136986959	-0.147718707	0.162691606	-0.119205418	-0.175628348	-0.044164984	0.095000521
2.176000000	-0.007275846	0.481654923	0.515540521	-0.008662153	-0.997212538	-3.136892083	-0.147361088	0.163152873	-0.119577985	-0.175192094	-0.044265949	0.094750206
2.177000000	-0.007423028	0.481818307	0.515420757	-0.008837127	-0.997256854	-3.136797459	-0.147002529	0.163612917	-0.119949742	-0.174754729	-0.044366391	0.094499298
2.178000000	-0.007569851	0.481982149	0.515300622	-0.009011663	-0.997301271	-3.136703085	-0.146643033	0.164071734	-0.120320685	-0.174316258	-0.044466308	0.094247800
2.179000000	-0.007716314	0.482146450	0.515180116	-0.009185759	-0.997345787	-3.136608963	-0.146282604	0.164529322	-0.120690812	-0.173876684	-0.044565701	0.093995715
2.180000000	-0.007862416	0.482311208	0.515059240	-0.009359416	-0.997390402	-3.136515093	-0.145921244	0.164985677	-0.121060123	-0.173436013	-0.044664568	0.093743047
2.181000000	-0.008008157	0.482476422	0.514937996	-0.009532631	-0.997435116	-3.136421477	-0.145558957	0.165440798	-0.121428613	-0.172994248	-0.044762910	0.093489798
2.182000000	-0.008153534	0.482642090	0.514816383	-0.009705405	-0.997479928	-3.136328114	-0.145195747	0.165894681	-0.121796281	-0.172551396	-0.044860725	0.093235972
2.183000000	-0.008298548	0.482808211	0.514694403	-0.009877734	-0.997524838	-3.136235005	-0.144831618	0.166347323	-0.122163125	-0.172107460	-0.044958013	0.092981571
2.184000000	-0.008443197	0.482974784	0.514572057	-0.010049620	-0.997569844	-3.136142151	-0.144466571	0.166798722	-0.122529141	-0.171662444	-0.045054774	0.092726599
2.185000000	-0.008587481	0.483141808	0.514449345	-0.010221059	-0.997614947	-3.136049552	-0.144100612	0.167248875	-0.122894328	-0.171216353	-0.045151007	0.092471059
2.186000000	-0.008731399	0.483309282	0.514326268	-0.010392052	-0.997660146	-3.135957209	-0.143733743	0.167697778	-0.123258684	-0.170769193	-0.045246711	0.092214954
2.187000000	-0.008874949	0.483477204	0.514202827	-0.010562598	-0.997705441	-3.135865122	-0.143365968	0.168145430	-0.123622206	-0.170320968	-0.045341886	0.091958287
2.188000000	-0.009018131	0.483645573	0.514079024	-0.010732694	-0.997750830	-3.135773292	-0.142997290	0.168591828	-0.123984892	-0.169871682	-0.045436532	0.091701062
2.189000000	-0.009160943	0.483814388	0.513954858	-0.010902341	-0.997796314	-3.135681720	-0.142627713	0.169036968	-0.124346739	-0.169421340	-0.045530648	0.091443281
2.190000000	-0.009303386	0.483983647	0.513830330	-0.011071537	-0.997841891	-3.135590405	-0.142257241	0.169480849	-0.124707746	-0.168969946	-0.045624233	0.091184947
2.191000000	-0.009445458	0.484153349	0.513705442	-0.011240281	-0.997887562	-3.135499350	-0.141885876	0.169923466	-0.125067910	-0.168517506	-0.045717287	0.090926065
2.192000000	-0.009587158	0.484323494	0.513580194	-0.011408572	-0.997933326	-3.135408553	-0.141513623	0.170364818	-0.125427229	-0.168064023	-0.045809810	0.090666636
2.193000000	-0.009728485	0.484494079	0.513454588	-0.011576409	-0.997979182	-3.135318017	-0.141140484	0.170804903	-0.125785701	-0.167609503	-0.045901801	0.090406664
2.194000000	-0.009869439	0.484665103	0.513328623	-0.011743791	-0.998025129	-3.135227740	-0.140766463	0.171243716	-0.126143323	-0.167153950	-0.045993260	0.090146153
2.195000000	-0.010010018	0.484836566	0.513202301	-0.011910717	-0.998071168	-3.135137724	-0.140391565	0.171681256	-0.126500094	-0.166697369	-0.046084186	0.089885105
2.196000000	-0.010150222	0.485008466	0.513075623	-0.012077186	-0.998117298	-3.135047970	-0.140015791	0.172117520	-0.126856010	-0.166239765	-0.046174579	0.089623523
2.197000000	-0.010290049	0.485180801	0.512948589	-0.012243196	-0.998163517	-3.134958477	-0.139639147	0.172552506	-0.127211070	-0.165781142	-0.046264439	0.089361411
2.198000000	-0.010429500	0.485353571	0.512821201	-0.012408748	-0.998209827	-3.134869247	-0.139261635	0.172986211	-0.127565272	-0.165321504	-0.046353764	0.089098771
2.199000000	-0.010568573	0.485526774	0.512693458	-0.012573839	-0.998256225	-3.134780280	-0.138883258	0.173418631	-0.127918613	-0.164860857	-0.046442556	0.088835607
2.200000000	-0.010707267	0.485700408	0.512565363	-0.012738470	-0.998302712	-3.134691576	-0.138504021	0.173849765	-0.128271091	-0.164399206	-0.046530813	0.088571923
2.201000000	-0.010845581	0.485874473	0.512436916	-0.012902638	-0.998349287	-3.134603136	-0.138123927	0.174279611	-0.128622704	-0.163936554	-0.046618535	0.088307720
2.202000000	-0.010983514	0.486048967	0.512308118	-0.013066343	-0.998395949	-3.134514960	-0.137742979	0.174708164	-0.128973450	-0.163472907	-0.046705721	0.088043003
2.203000000	-0.011121067	0.486223890	0.512178969	-0.013229584	-0.998442698	-3.134427050	-0.137361181	0.175135424	-0.129323326	-0.163008269	-0.046792372	0.087777774
2.204000000	-0.011258237	0.486399238	0.512049471	-0.013392359	-0.998489534	-3.134339405	-0.136978536	0.175561387	-0.129672332	-0.162542644	-0.046878487	0.087512036
2.205000000	-0.011395024	0.486575012	0.511919625	-0.013554669	-0.998536455	-3.134252026	-0.136595048	0.175986051	-0.130020464	-0.162076039	-0.046964066	0.087245794
2.206000000	-0.011531427	0.486751210	0.511789430	-0.013716511	-0.998583462	-3.134164913	-0.136210721	0.176409413	-0.130367719	-0.161608457	-0.047049108	0.086979049
2.207000000	-0.011667445	0.486927831	0.511658889	-0.013877886	-0.998630553	-3.134078068	-0.135825558	0.176831471	-0.130714097	-0.161139903	-0.047133614	0.086711805
2.208000000	-0.011803078	0.487104873	0.511528002	-0.014038791	-0.998677729	-3.133991490	-0.135439563	0.177252224	-0.131059594	-0.160670381	-0.047217582	0.086444065
2.209000000	-0.011938324	0.487282336	0.511396770	-0.014199226	-0.998724988	-3.133905179	-0.135052739	0.177671666	-0.131404210	-0.160199898	-0.047301013	0.086175833
2.210000000	-0.012073184	0.487460217	0.511265194	-0.014359191	-0.998772331	-3.133819138	-0.134665090	0.178089797	-0.131747941	-0.159728456	-0.047383906	0.085907111
2.211000000	-0.012207655	0.487638515	0.511133274	-0.014518683	-0.998819756	-3.133733365	-0.134276619	0.178506615	-0.132090786	-0.159256061	-0.047466262	0.085637902
2.212000000	-0.012341737	0.487817230	0.511001012	-0.014677703	-0.998867263	-3.133647862	-0.133887329	0.178922116	-0.132432742	-0.158782718	-0.047548079	0.085368210
2.213000000	-0.012475429	0.487996359	0.510868409	-0.014836249	-0.998914852	-3.133562629	-0.133497226	0.179336299	-0.132773808	-0.158308431	-0.047629358	0.085098038
2.214000000	-0.012608731	0.488175903	0.510735465	-0.014994320	-0.998962522	-3.133477666	-0.133106311	0.179749160	-0.133113980	-0.157833205	-0.047710098	0.084827389
2.215000000	-0.012741642	0.488355858	0.510602181	-0.015151915	-0.999010272	-3.133392974	-0.132714589	0.180160698	-0.133453258	-0.157357044	-0.047790299	0.084556265
2.216000000	-0.012874160	0.488536224	0.510468558	-0.015309034	-0.999058103	-3.133308553	-0.132322063	0.180570910	-0.133791640	-0.156879954	-0.047869962	0.084284671
2.217000000	-0.013006286	0.488717000	0.510334597	-0.015465675	-0.999106012	-3.133224405	-0.131928737	0.180979794	-0.134129122	-0.156401939	-0.047949085	0.084012609
2.218000000	-0.013138018	0.488898184	0.510200300	-0.015621838	-0.999154001	-3.133140528	-0.131534615	0.181387347	-0.134465703	-0.155923005	-0.048027669	0.083740083
2.219000000	-0.013269355	0.489079774	0.510065666	-0.015777521	-0.999202068	-3.133056925	-0.131139699	0.181793568	-0.134801381	-0.155443154	-0.048105714	0.083467096
2.220000000	-0.013400297	0.489261771	0.509930697	-0.015932724	-0.999250212	-3.132973594	-0.130743994	0.182198453	-0.135136154	-0.154962393	-0.048183218	0.083193650
2.221000000	-0.013530843	0.489444171	0.509795394	-0.016087446	-0.999298434	-3.132890537	-0.130347503	0.182602002	-0.135470021	-0.154480727	-0.048260184	0.082919748
2.222000000	-0.013660992	0.489626975	0.509659757	-0.016241686	-0.999346733	-3.132807755	-0.129950230	0.183004210	-0.135802977	-0.153998159	-0.048336609	0.082645395
2.223000000	-0.013790744	0.489810180	0.509523788	-0.016395442	-0.999395107	-3.132725246	-0.129552178	0.183405077	-0.136135023	-0.153514694	-0.048412494	0.082370593
2.224000000	-0.013920097	0.489993785	0.509387487	-0.016548715	-0.999443558	-3.132643013	-0.129153351	0.183804599	-0.136466156	-0.153030338	-0.048487839	0.082095345
2.225000000	-0.014049050	0.490177789	0.509250855	-0.016701503	-0.999492083	-3.132561056	-0.128753753	0.184202775	-0.136796373	-0.152545094	-0.048562643	0.081819655
2.226000000	-0.014177604	0.490362190	0.509113894	-0.016853805	-0.999540683	-3.132479374	-0.128353387	0.184599602	-0.137125673	-0.152058969	-0.048636907	0.081543525
2.227000000	-0.014305757	0.490546988	0.508976604	-0.017005621	-0.999589357	-3.132397969	-0.127952257	0.184995079	-0.137454054	-0.151571966	-0.048710631	0.081266958
2.228000000	-0.014433509	0.490732181	0.508838986	-0.017156949	-0.999638104	-3.132316840	-0.127550366	0.185389203	-0.137781514	-0.151084090	-0.048783815	0.080989958
2.229000000	-0.014560858	0.490917766	0.508701041	-0.017307789	-0.999686925	-3.132235989	-0.127147718	0.185781971	-0.138108051	-0.150595346	-0.048856457	0.080712528
2.230000000	-0.014687804	0.491103744	0.508562770	-0.017458140	-0.999735817	-3.132155415	-0.126744317	0.186173382	-0.138433662	-0.150105740	-0.048928559	0.080434671
2.231000000	-0.014814346	0.491290113	0.508424174	-0.017608001	-0.999784782	-3.132075119	-0.126340166	0.186563433	-0.138758347	-0.149615274	-0.049000121	0.080156390
2.232000000	-0.014940484	0.491476871	0.508285253	-0.017757370	-0.999833817	-3.131995102	-0.125935269	0.186952123	-0.139082102	-0.149123954	-0.049071141	0.079877688
2.233000000	-0.015066217	0.491664017	0.508146010	-0.017906248	-0.999882924	-3.131915364	-0.125529630	0.187339449	-0.139404927	-0.148631786	-0.049141621	0.079598568
2.234000000	-0.015191544	0.491851550	0.508006443	-0.018054634	-0.999932101	-3.131835905	-0.125123251	0.187725409	-0.139726819	-0.148138773	-0.049211560	0.079319034
2.235000000	-0.015316464	0.492039468	0.507866556	-0.018202526	-0.999981347	-3.131756726	-0.124716138	0.188110002	-0.140047776	-0.147644920	-0.049280959	0.079039088
2.236000000	-0.015440976	0.492227770	0.507726348	-0.018349924	-1.000030663	-3.131677827	-0.124308293	0.188493224	-0.140367796	-0.147150233	-0.049349817	0.078758733
2.237000000	-0.015565080	0.492416455	0.507585820	-0.018496826	-1.000080047	-3.131599209	-0.123899720	0.188875073	-0.140686877	-0.146654716	-0.049418134	0.078477973
2.238000000	-0.015688775	0.492605520	0.507444974	-0.018643233	-1.000129499	-3.131520871	-0.123490423	0.189255549	-0.141005018	-0.146158373	-0.049485910	0.078196812
2.239000000	-0.015812061	0.492794966	0.507303810	-0.018789143	-1.000179019	-3.131442815	-0.123080405	0.189634649	-0.141322217	-0.145661210	-0.049553146	0.077915250
2.240000000	-0.015934936	0.492984790	0.507162330	-0.018934556	-1.000228605	-3.131365041	-0.122669671	0.190012371	-0.141638471	-0.145163231	-0.049619841	0.077633293
2.241000000	-0.016057400	0.493174991	0.507020533	-0.019079470	-1.000278258	-3.131287548	-0.122258223	0.190388712	-0.141953778	-0.144664441	-0.049685995	0.077350943
2.242000000	-0.016179453	0.493365567	0.506878422	-0.019223885	-1.000327977	-3.131210339	-0.121846065	0.190763671	-0.142268138	-0.144164844	-0.049751609	0.077068203
2.243000000	-0.016301092	0.493556518	0.506735997	-0.019367799	-1.000377761	-3.131133412	-0.121433201	0.191137246	-0.142581548	-0.143664446	-0.049816683	0.076785076
2.244000000	-0.016422319	0.493747842	0.506593259	-0.019511213	-1.000427610	-3.131056769	-0.121019635	0.191509434	-0.142894006	-0.143163251	-0.049881216	0.076501565
2.245000000	-0.016543132	0.493939537	0.506450209	-0.019654126	-1.000477524	-3.130980409	-0.120605370	0.191880234	-0.143205510	-0.142661264	-0.049945209	0.076217674
2.246000000	-0.016663530	0.494131602	0.506306848	-0.019796536	-1.000527501	-3.130904333	-0.120190411	0.192249645	-0.143516058	-0.142158489	-0.050008662	0.075933405
2.247000000	-0.016783513	0.494324036	0.506163177	-0.019938443	-1.000577541	-3.130828542	-0.119774759	0.192617663	-0.143825650	-0.141654932	-0.050071575	0.075648762
2.248000000	-0.016903079	0.494516837	0.506019197	-0.020079846	-1.000627644	-3.130753036	-0.119358420	0.192984288	-0.144134281	-0.141150597	-0.050133949	0.075363747
2.249000000	-0.017022229	0.494710005	0.505874908	-0.020220744	-1.000677809	-3.130677815	-0.118941397	0.193349517	-0.144441953	-0.140645489	-0.050195782	0.075078364
2.250000000	-0.017140962	0.494903536	0.505730313	-0.020361137	-1.000728036	-3.130602879	-0.118523694	0.193713348	-0.144748661	-0.140139613	-0.050257076	0.074792615
2.251000000	-0.017259277	0.495097431	0.505585411	-0.020501023	-1.000778323	-3.130528229	-0.118105313	0.194075779	-0.145054404	-0.139632972	-0.050317830	0.074506505
2.252000000	-0.017377173	0.495291688	0.505440204	-0.020640403	-1.000828671	-3.130453866	-0.117686260	0.194436809	-0.145359181	-0.139125573	-0.050378045	0.074220035
2.253000000	-0.017494649	0.495486305	0.505294693	-0.020779274	-1.000879079	-3.130379789	-0.117266537	0.194796436	-0.145662989	-0.138617420	-0.050437721	0.073933209
2.254000000	-0.017611706	0.495681281	0.505148878	-0.020917638	-1.000929547	-3.130306000	-0.116846149	0.195154657	-0.145965828	-0.138108518	-0.050496858	0.073646030
2.255000000	-0.017728342	0.495876614	0.505002761	-0.021055491	-1.000980073	-3.130232497	-0.116425098	0.195511472	-0.146267695	-0.137598870	-0.050555456	0.073358501
2.256000000	-0.017844556	0.496072304	0.504856343	-0.021192835	-1.001030658	-3.130159283	-0.116003389	0.195866878	-0.146568588	-0.137088483	-0.050613516	0.073070625
2.257000000	-0.017960348	0.496268348	0.504709624	-0.021329668	-1.001081300	-3.130086356	-0.115581025	0.196220873	-0.146868506	-0.136577361	-0.050671037	0.072782405
2.258000000	-0.018075718	0.496464746	0.504562606	-0.021465990	-1.001132000	-3.130013718	-0.115158011	0.196573457	-0.147167446	-0.136065508	-0.050728021	0.072493844
2.259000000	-0.018190664	0.496661495	0.504415289	-0.021601799	-1.001182756	-3.129941368	-0.114734349	0.196924626	-0.147465408	-0.135552930	-0.050784466	0.072204945
2.260000000	-0.018305187	0.496858595	0.504267675	-0.021737096	-1.001233569	-3.129869308	-0.114310043	0.197274379	-0.147762389	-0.135039630	-0.050840374	0.071915712
2.261000000	-0.018419284	0.497056044	0.504119764	-0.021871879	-1.001284437	-3.129797537	-0.113885097	0.197622715	-0.148058388	-0.134525615	-0.050895744	0.071626147
2.262000000	-0.018532957	0.497253840	0.503971558	-0.022006147	-1.001335360	-3.129726056	-0.113459515	0.197969632	-0.148353403	-0.134010887	-0.050950577	0.071336252
2.263000000	-0.018646203	0.497451983	0.503823057	-0.022139900	-1.001386338	-3.129654864	-0.113033300	0.198315127	-0.148647432	-0.133495453	-0.051004874	0.071046033
2.264000000	-0.018759024	0.497650470	0.503674263	-0.022273138	-1.001437370	-3.129583963	-0.112606456	0.198659200	-0.148940474	-0.132979317	-0.051058633	0.070755490
2.265000000	-0.018871416	0.497849301	0.503525176	-0.022405859	-1.001488455	-3.129513353	-0.112178987	0.199001849	-0.149232526	-0.132462484	-0.051111857	0.070464628
2.266000000	-0.018983381	0.498048474	0.503375798	-0.022538063	-1.001539594	-3.129443034	-0.111750896	0.199343073	-0.149523588	-0.131944958	-0.051164544	0.070173449
2.267000000	-0.019094918	0.498247988	0.503226129	-0.022669749	-1.001590784	-3.129373006	-0.111322187	0.199682867	-0.149813657	-0.131426744	-0.051216696	0.069881956
2.268000000	-0.019206026	0.498447840	0.503076171	-0.022800916	-1.001642027	-3.129303270	-0.110892864	0.200021233	-0.150102732	-0.130907847	-0.051268312	0.069590153
2.269000000	-0.019316704	0.498648030	0.502925924	-0.022931565	-1.001693321	-3.129233826	-0.110462930	0.200358168	-0.150390811	-0.130388271	-0.051319393	0.069298042
2.270000000	-0.019426952	0.498848556	0.502775389	-0.023061693	-1.001744666	-3.129164674	-0.110032389	0.200693671	-0.150677892	-0.129868022	-0.051369939	0.069005626
2.271000000	-0.019536769	0.499049417	0.502624568	-0.023191301	-1.001796061	-3.129095815	-0.109601246	0.201027740	-0.150963974	-0.129347104	-0.051419951	0.068712909
2.272000000	-0.019646154	0.499250612	0.502473461	-0.023320387	-1.001847506	-3.129027248	-0.109169502	0.201360372	-0.151249055	-0.128825522	-0.051469429	0.068419893
2.273000000	-0.019755108	0.499452138	0.502322070	-0.023448952	-1.001899000	-3.128958975	-0.108737163	0.201691568	-0.151533134	-0.128303280	-0.051518373	0.068126581
2.274000000	-0.019863629	0.499653995	0.502170395	-0.023576994	-1.001950542	-3.128890995	-0.108304231	0.202021325	-0.151816209	-0.127780382	-0.051566784	0.067832976
2.275000000	-0.019971716	0.499856181	0.502018437	-0.023704513	-1.002002133	-3.128823309	-0.107870712	0.202349641	-0.152098277	-0.127256836	-0.051614661	0.067539082
2.276000000	-0.020079370	0.500058694	0.501866198	-0.023831507	-1.002053772	-3.128755917	-0.107436607	0.202676516	-0.152379339	-0.126732643	-0.051662007	0.067244901
2.277000000	-0.020186589	0.500261534	0.501713679	-0.023957978	-1.002105457	-3.128688819	-0.107001921	0.203001947	-0.152659392	-0.126207810	-0.051708820	0.066950435
2.278000000	-0.020293374	0.500464698	0.501560880	-0.024083923	-1.002157189	-3.128622016	-0.106566658	0.203325933	-0.152938434	-0.125682341	-0.051755100	0.066655690
2.279000000	-0.020399723	0.500668186	0.501407802	-0.024209343	-1.002208967	-3.128555508	-0.106130821	0.203648474	-0.153216464	-0.125156240	-0.051800850	0.066360666
2.280000000	-0.020505635	0.500871995	0.501254447	-0.024334236	-1.002260791	-3.128489295	-0.105694414	0.203969566	-0.153493480	-0.124629513	-0.051846069	0.066065367
2.281000000	-0.020611112	0.501076125	0.501100815	-0.024458602	-1.002312660	-3.128423377	-0.105257441	0.204289209	-0.153769481	-0.124102164	-0.051890756	0.065769796
2.282000000	-0.020716150	0.501280573	0.500946908	-0.024582440	-1.002364573	-3.128357755	-0.104819904	0.204607401	-0.154044465	-0.123574197	-0.051934914	0.065473956
2.283000000	-0.020820751	0.501485340	0.500792726	-0.024705750	-1.002416529	-3.128292429	-0.104381809	0.204924141	-0.154318430	-0.123045619	-0.051978542	0.065177850
2.284000000	-0.020924914	0.501690422	0.500638271	-0.024828531	-1.002468530	-3.128227400	-0.103943159	0.205239427	-0.154591375	-0.122516432	-0.052021641	0.064881480
2.285000000	-0.021028638	0.501895818	0.500483543	-0.024950783	-1.002520573	-3.128162666	-0.103503957	0.205553259	-0.154863300	-0.121986641	-0.052064211	0.064584851
2.286000000	-0.021131922	0.502101528	0.500328544	-0.025072504	-1.002572658	-3.128098230	-0.103064207	0.205865634	-0.155134201	-0.121456253	-0.052106253	0.064287964
2.287000000	-0.021234766	0.502307550	0.500173275	-0.025193695	-1.002624785	-3.128034090	-0.102623913	0.206176551	-0.155404077	-0.120925270	-0.052147766	0.063990822
2.288000000	-0.021337170	0.502513881	0.500017736	-0.025314355	-1.002676954	-3.127970248	-0.102183078	0.206486010	-0.155672927	-0.120393699	-0.052188753	0.063693429
2.289000000	-0.021439132	0.502720522	0.499861929	-0.025434483	-1.002729163	-3.127906704	-0.101741706	0.206794007	-0.155940750	-0.119861543	-0.052229212	0.063395788
2.290000000	-0.021540653	0.502927469	0.499705855	-0.025554078	-1.002781412	-3.127843457	-0.101299801	0.207100543	-0.156207543	-0.119328807	-0.052269145	0.063097901
2.291000000	-0.021641732	0.503134723	0.499549514	-0.025673140	-1.002833701	-3.127780508	-0.100857366	0.207405616	-0.156473306	-0.118795495	-0.052308552	0.062799771
2.292000000	-0.021742368	0.503342281	0.499392908	-0.025791669	-1.002886029	-3.127717857	-0.100414406	0.207709224	-0.156738036	-0.118261614	-0.052347434	0.062501401
2.293000000	-0.021842561	0.503550141	0.499236038	-0.025909664	-1.002938396	-3.127655505	-0.099970923	0.208011367	-0.157001734	-0.117727166	-0.052385791	0.062202794
2.294000000	-0.021942310	0.503758303	0.499078905	-0.026027123	-1.002990801	-3.127593452	-0.099526922	0.208312042	-0.157264396	-0.117192157	-0.052423623	0.061903953
2.295000000	-0.022041614	0.503966765	0.498921509	-0.026144048	-1.003043243	-3.127531697	-0.099082407	0.208611249	-0.157526021	-0.116656592	-0.052460932	0.061604881
2.296000000	-0.022140475	0.504175526	0.498763853	-0.026260437	-1.003095723	-3.127470242	-0.098637380	0.208908987	-0.157786608	-0.116120475	-0.052497717	0.061305580
2.297000000	-0.022238889	0.504384583	0.498605936	-0.026376289	-1.003148239	-3.127409086	-0.098191845	0.209205254	-0.158046156	-0.115583810	-0.052533980	0.061006054
2.298000000	-0.022336858	0.504593936	0.498447760	-0.026491604	-1.003200791	-3.127348230	-0.097745807	0.209500049	-0.158304664	-0.115046603	-0.052569721	0.060706305
2.299000000	-0.022434381	0.504803583	0.498289327	-0.026606382	-1.003253378	-3.127287673	-0.097299269	0.209793370	-0.158562128	-0.114508858	-0.052604940	0.060406336
2.300000000	-0.022531457	0.505013523	0.498130636	-0.026720622	-1.003306000	-3.127227417	-0.096852234	0.210085217	-0.158818549	-0.113970579	-0.052639637	0.060106151
2.301000000	-0.022628085	0.505223754	0.497971689	-0.026834323	-1.003358657	-3.127167461	-0.096404707	0.210375588	-0.159073925	-0.113431772	-0.052673815	0.059805751
2.302000000	-0.022724266	0.505434274	0.497812488	-0.026947485	-1.003411348	-3.127107805	-0.095956690	0.210664483	-0.159328255	-0.112892441	-0.052707473	0.059505141
2.303000000	-0.022819999	0.505645083	0.497653033	-0.027060108	-1.003464072	-3.127048451	-0.095508188	0.210951899	-0.159581536	-0.112352590	-0.052740612	0.059204321
2.304000000	-0.022915283	0.505856178	0.497493325	-0.027172191	-1.003516829	-3.126989397	-0.095059205	0.211237836	-0.159833767	-0.111812224	-0.052773231	0.058903297
2.305000000	-0.023010117	0.506067558	0.497333365	-0.027283733	-1.003569619	-3.126930644	-0.094609743	0.211522293	-0.160084949	-0.111271348	-0.052805333	0.058602070
2.306000000	-0.023104502	0.506279223	0.497173155	-0.027394733	-1.003622440	-3.126872193	-0.094159807	0.211805269	-0.160335078	-0.110729967	-0.052836918	0.058300642
2.307000000	-0.023198437	0.506491169	0.497012695	-0.027505192	-1.003675293	-3.126814043	-0.093709400	0.212086762	-0.160584153	-0.110188084	-0.052867986	0.057999018
2.308000000	-0.023291921	0.506703396	0.496851987	-0.027615109	-1.003728176	-3.126756195	-0.093258527	0.212366772	-0.160832174	-0.109645705	-0.052898538	0.057697200
2.309000000	-0.023384954	0.506915903	0.496691031	-0.027724484	-1.003781090	-3.126698648	-0.092807190	0.212645296	-0.161079138	-0.109102834	-0.052928574	0.057395189
2.310000000	-0.023477535	0.507128687	0.496529829	-0.027833315	-1.003834033	-3.126641404	-0.092355393	0.212922336	-0.161325045	-0.108559476	-0.052958096	0.057092991
2.311000000	-0.023569665	0.507341747	0.496368381	-0.027941603	-1.003887006	-3.126584462	-0.091903140	0.213197887	-0.161569893	-0.108015634	-0.052987103	0.056790606
2.312000000	-0.023661341	0.507555082	0.496206689	-0.028049346	-1.003940007	-3.126527823	-0.091450434	0.213471952	-0.161813681	-0.107471316	-0.053015597	0.056488039
2.313000000	-0.023752565	0.507768691	0.496044753	-0.028156545	-1.003993037	-3.126471486	-0.090997280	0.213744527	-0.162056407	-0.106926523	-0.053043578	0.056185291
2.314000000	-0.023843336	0.507982572	0.495882576	-0.028263199	-1.004046094	-3.126415452	-0.090543681	0.214015612	-0.162298070	-0.106381261	-0.053071047	0.055882366
2.315000000	-0.023933653	0.508196722	0.495720157	-0.028369308	-1.004099179	-3.126359722	-0.090089641	0.214285207	-0.162538669	-0.105835535	-0.053098005	0.055579266
2.316000000	-0.024023515	0.508411142	0.495557499	-0.028474871	-1.004152290	-3.126304294	-0.089635163	0.214553309	-0.162778202	-0.105289350	-0.053124451	0.055275994
2.317000000	-0.024112923	0.508625829	0.495394601	-0.028579887	-1.004205428	-3.126249170	-0.089180250	0.214819918	-0.163016669	-0.104742709	-0.053150388	0.054972552
2.318000000	-0.024201876	0.508840782	0.495231465	-0.028684356	-1.004258591	-3.126194349	-0.088724908	0.215085034	-0.163254068	-0.104195617	-0.053175816	0.054668945
2.319000000	-0.024290373	0.509055999	0.495068093	-0.028788278	-1.004311780	-3.126139832	-0.088269138	0.215348654	-0.163490397	-0.103648079	-0.053200735	0.054365174
2.320000000	-0.024378414	0.509271479	0.494904484	-0.028891652	-1.004364993	-3.126085618	-0.087812945	0.215610779	-0.163725656	-0.103100100	-0.053225146	0.054061241
2.321000000	-0.024465999	0.509487221	0.494740641	-0.028994478	-1.004418230	-3.126031709	-0.087356333	0.215871407	-0.163959843	-0.102551683	-0.053249050	0.053757151
2.322000000	-0.024553127	0.509703222	0.494576565	-0.029096755	-1.004471491	-3.125978104	-0.086899305	0.216130538	-0.164192957	-0.102002834	-0.053272447	0.053452905
2.323000000	-0.024639797	0.509919482	0.494412256	-0.029198484	-1.004524775	-3.125924803	-0.086441865	0.216388169	-0.164424996	-0.101453557	-0.053295339	0.053148507
2.324000000	-0.024726010	0.510135998	0.494247715	-0.029299663	-1.004578081	-3.125871807	-0.085984016	0.216644301	-0.164655959	-0.100903857	-0.053317726	0.052843958
2.325000000	-0.024811765	0.510352770	0.494082944	-0.029400291	-1.004631410	-3.125819116	-0.085525762	0.216898933	-0.164885846	-0.100353737	-0.053339609	0.052539262
2.326000000	-0.024897062	0.510569796	0.493917943	-0.029500370	-1.004684761	-3.125766729	-0.085067107	0.217152064	-0.165114655	-0.099803203	-0.053360989	0.052234422
2.327000000	-0.024981900	0.510787074	0.493752714	-0.029599898	-1.004738132	-3.125714647	-0.084608055	0.217403693	-0.165342385	-0.099252259	-0.053381866	0.051929439
2.328000000	-0.025066278	0.511004604	0.493587258	-0.029698875	-1.004791524	-3.125662870	-0.084148608	0.217653818	-0.165569034	-0.098700910	-0.053402241	0.051624318
2.329000000	-0.025150197	0.511222382	0.493421576	-0.029797300	-1.004844937	-3.125611398	-0.083688771	0.217902440	-0.165794601	-0.098149160	-0.053422115	0.051319060
2.330000000	-0.025233656	0.511440408	0.493255669	-0.029895173	-1.004898369	-3.125560232	-0.083228547	0.218149558	-0.166019086	-0.097597014	-0.053441489	0.051013668
2.331000000	-0.025316654	0.511658681	0.493089538	-0.029992494	-1.004951820	-3.125509371	-0.082767941	0.218395170	-0.166242486	-0.097044475	-0.053460363	0.050708145
2.332000000	-0.025399192	0.511877199	0.492923184	-0.030089262	-1.005005289	-3.125458815	-0.082306954	0.218639276	-0.166464801	-0.096491549	-0.053478739	0.050402493
2.333000000	-0.025481268	0.512095960	0.492756608	-0.030185477	-1.005058777	-3.125408566	-0.081845592	0.218881874	-0.166686030	-0.095938240	-0.053496617	0.050096716
2.334000000	-0.025562883	0.512314962	0.492589812	-0.030281138	-1.005112283	-3.125358622	-0.081383858	0.219122965	-0.166906171	-0.095384553	-0.053513998	0.049790815
2.335000000	-0.025644036	0.512534206	0.492422796	-0.030376246	-1.005165805	-3.125308984	-0.080921755	0.219362548	-0.167125224	-0.094830491	-0.053530882	0.049484794
2.336000000	-0.025724726	0.512753688	0.492255562	-0.030470799	-1.005219344	-3.125259652	-0.080459287	0.219600622	-0.167343187	-0.094276060	-0.053547272	0.049178656
2.337000000	-0.025804954	0.512973407	0.492088110	-0.030564798	-1.005272900	-3.125210627	-0.079996457	0.219837185	-0.167560059	-0.093721264	-0.053563167	0.048872402
2.338000000	-0.025884719	0.513193362	0.491920442	-0.030658242	-1.005326471	-3.125161908	-0.079533270	0.220072239	-0.167775839	-0.093166107	-0.053578568	0.048566035
2.339000000	-0.025964021	0.513413551	0.491752558	-0.030751130	-1.005380057	-3.125113495	-0.079069728	0.220305781	-0.167990525	-0.092610594	-0.053593477	0.048259559
2.340000000	-0.026042859	0.513633974	0.491584461	-0.030843463	-1.005433658	-3.125065388	-0.078605837	0.220537809	-0.168204117	-0.092054729	-0.053607893	0.047952975
2.341000000	-0.026121232	0.513854627	0.491416150	-0.030935240	-1.005487273	-3.125017589	-0.078141598	0.220768327	-0.168416614	-0.091498517	-0.053621819	0.047646287
2.342000000	-0.026199142	0.514075510	0.491247627	-0.031026460	-1.005540901	-3.124970096	-0.077677015	0.220997330	-0.168628014	-0.090941962	-0.053635254	0.047339496
2.343000000	-0.026276586	0.514296622	0.491078894	-0.031117124	-1.005594543	-3.124922910	-0.077212093	0.221224820	-0.168838317	-0.090385068	-0.053648200	0.047032606
2.344000000	-0.026353566	0.514517960	0.490909951	-0.031207230	-1.005648198	-3.124876031	-0.076746835	0.221450794	-0.169047521	-0.089827840	-0.053660657	0.046725619
2.345000000	-0.026430080	0.514739523	0.490740799	-0.031296779	-1.005701864	-3.124829459	-0.076281244	0.221675254	-0.169255625	-0.089270283	-0.053672627	0.046418538
2.346000000	-0.026506128	0.514961310	0.490571439	-0.031385771	-1.005755543	-3.124783194	-0.075815325	0.221898197	-0.169462628	-0.088712400	-0.053684110	0.046111365
2.347000000	-0.026581711	0.515183320	0.490401874	-0.031474204	-1.005809233	-3.124737236	-0.075349080	0.222119624	-0.169668530	-0.088154197	-0.053695108	0.045804103
2.348000000	-0.026656827	0.515405550	0.490232102	-0.031562079	-1.005862933	-3.124691585	-0.074882513	0.222339534	-0.169873328	-0.087595677	-0.053705621	0.045496754
2.349000000	-0.026731476	0.515627999	0.490062127	-0.031649395	-1.005916644	-3.124646242	-0.074415628	0.222557926	-0.170077022	-0.087036845	-0.053715649	0.045189322
2.350000000	-0.026805658	0.515850665	0.489891948	-0.031736153	-1.005970364	-3.124601207	-0.073948428	0.222774800	-0.170279612	-0.086477705	-0.053725195	0.044881808
2.351000000	-0.026879373	0.516073548	0.489721568	-0.031822351	-1.006024094	-3.124556479	-0.073480917	0.222990155	-0.170481096	-0.085918262	-0.053734258	0.044574215
2.352000000	-0.026952620	0.516296646	0.489550986	-0.031907989	-1.006077833	-3.124512058	-0.073013099	0.223203990	-0.170681472	-0.085358520	-0.053742840	0.044266545
2.353000000	-0.027025399	0.516519956	0.489380205	-0.031993068	-1.006131580	-3.124467946	-0.072544977	0.223416306	-0.170880741	-0.084798483	-0.053750943	0.043958802
2.354000000	-0.027097710	0.516743478	0.489209225	-0.032077586	-1.006185335	-3.124424141	-0.072076555	0.223627102	-0.171078900	-0.084238157	-0.053758565	0.043650988
2.355000000	-0.027169552	0.516967210	0.489038047	-0.032161544	-1.006239097	-3.124380644	-0.071607835	0.223836376	-0.171275949	-0.083677544	-0.053765710	0.043343105
2.356000000	-0.027240925	0.517191151	0.488866673	-0.032244941	-1.006292866	-3.124337454	-0.071138823	0.224044129	-0.171471888	-0.083116649	-0.053772377	0.043035155
2.357000000	-0.027311830	0.517415299	0.488695103	-0.032327778	-1.006346642	-3.124294573	-0.070669521	0.224250360	-0.171666714	-0.082555478	-0.053778567	0.042727142
2.358000000	-0.027382264	0.517639652	0.488523339	-0.032410052	-1.006400423	-3.124252000	-0.070199933	0.224455068	-0.171860427	-0.081994034	-0.053784282	0.042419068
2.359000000	-0.027452229	0.517864209	0.488351382	-0.032491766	-1.006454210	-3.124209735	-0.069730062	0.224658254	-0.172053027	-0.081432321	-0.053789522	0.042110934
2.360000000	-0.027521725	0.518088968	0.488179233	-0.032572917	-1.006508002	-3.124167778	-0.069259913	0.224859917	-0.172244511	-0.080870344	-0.053794289	0.041802745
2.361000000	-0.027590749	0.518313929	0.488006893	-0.032653506	-1.006561799	-3.124126130	-0.068789487	0.225060055	-0.172434880	-0.080308106	-0.053798584	0.041494502
2.362000000	-0.027659303	0.518539088	0.487834363	-0.032733533	-1.006615600	-3.124084789	-0.068318790	0.225258670	-0.172624132	-0.079745614	-0.053802406	0.041186207
2.363000000	-0.027727387	0.518764446	0.487661645	-0.032812998	-1.006669404	-3.124043757	-0.067847825	0.225455759	-0.172812266	-0.079182870	-0.053805758	0.040877864
2.364000000	-0.027794999	0.518990000	0.487488739	-0.032891899	-1.006723211	-3.124003034	-0.067376595	0.225651324	-0.172999282	-0.078619879	-0.053808641	0.040569475
2.365000000	-0.027862140	0.519215749	0.487315646	-0.032970237	-1.006777021	-3.123962618	-0.066905104	0.225845364	-0.173185178	-0.078056645	-0.053811055	0.040261041
2.366000000	-0.027928809	0.519441691	0.487142369	-0.033048012	-1.006830833	-3.123922512	-0.066433354	0.226037878	-0.173369953	-0.077493173	-0.053813001	0.039952566
2.367000000	-0.027995007	0.519667824	0.486968907	-0.033125224	-1.006884647	-3.123882713	-0.065961351	0.226228866	-0.173553608	-0.076929466	-0.053814481	0.039644052
2.368000000	-0.028060732	0.519894148	0.486795261	-0.033201871	-1.006938462	-3.123843223	-0.065489097	0.226418327	-0.173736140	-0.076365530	-0.053815495	0.039335502
2.369000000	-0.028125985	0.520120661	0.486621434	-0.033277955	-1.006992278	-3.123804042	-0.065016596	0.226606261	-0.173917549	-0.075801368	-0.053816045	0.039026917
2.370000000	-0.028190765	0.520347361	0.486447426	-0.033353474	-1.007046094	-3.123765170	-0.064543851	0.226792669	-0.174097833	-0.075236984	-0.053816130	0.038718301
2.371000000	-0.028255073	0.520574246	0.486273239	-0.033428429	-1.007099910	-3.123726606	-0.064070866	0.226977549	-0.174276994	-0.074672384	-0.053815754	0.038409655
2.372000000	-0.028318907	0.520801316	0.486098872	-0.033502819	-1.007153726	-3.123688350	-0.063597644	0.227160901	-0.174455028	-0.074107570	-0.053814916	0.038100983
2.373000000	-0.028382268	0.521028568	0.485924329	-0.033576644	-1.007207540	-3.123650404	-0.063124189	0.227342725	-0.174631936	-0.073542548	-0.053813618	0.037792286
2.374000000	-0.028445155	0.521256001	0.485749608	-0.033649904	-1.007261353	-3.123612766	-0.062650505	0.227523021	-0.174807716	-0.072977321	-0.053811860	0.037483567
2.375000000	-0.028507569	0.521483614	0.485574713	-0.033722598	-1.007315164	-3.123575436	-0.062176595	0.227701788	-0.174982368	-0.072411895	-0.053809644	0.037174828
2.376000000	-0.028569509	0.521711405	0.485399644	-0.033794728	-1.007368972	-3.123538416	-0.061702461	0.227879027	-0.175155891	-0.071846271	-0.053806970	0.036866072
2.377000000	-0.028630974	0.521939372	0.485224401	-0.033866291	-1.007422778	-3.123501704	-0.061228109	0.228054735	-0.175328284	-0.071280456	-0.053803840	0.036557301
2.378000000	-0.028691965	0.522167515	0.485048987	-0.033937288	-1.007476580	-3.123465301	-0.060753541	0.228228915	-0.175499547	-0.070714454	-0.053800256	0.036248517
2.379000000	-0.028752481	0.522395830	0.484873402	-0.034007720	-1.007530378	-3.123429207	-0.060278761	0.228401566	-0.175669678	-0.070148268	-0.053796217	0.035939723
2.380000000	-0.028812522	0.522624318	0.484697648	-0.034077585	-1.007584172	-3.123393422	-0.059803772	0.228572686	-0.175838676	-0.069581903	-0.053791725	0.035630921
2.381000000	-0.028872089	0.522852976	0.484521725	-0.034146884	-1.007637962	-3.123357945	-0.059328578	0.228742276	-0.176006541	-0.069015362	-0.053786781	0.035322114
2.382000000	-0.028931179	0.523081802	0.484345635	-0.034215616	-1.007691746	-3.123322778	-0.058853183	0.228910337	-0.176173273	-0.068448651	-0.053781386	0.035013303
2.383000000	-0.028989795	0.523310796	0.484169378	-0.034283781	-1.007745525	-3.123287919	-0.058377589	0.229076867	-0.176338870	-0.067881773	-0.053775541	0.034704492
2.384000000	-0.029047935	0.523539956	0.483992957	-0.034351379	-1.007799297	-3.123253369	-0.057901800	0.229241866	-0.176503332	-0.067314733	-0.053769248	0.034395682
2.385000000	-0.029105598	0.523769280	0.483816372	-0.034418410	-1.007853063	-3.123219127	-0.057425820	0.229405335	-0.176666657	-0.066747534	-0.053762507	0.034086876
2.386000000	-0.029162786	0.523998767	0.483639624	-0.034484874	-1.007906822	-3.123185195	-0.056949652	0.229567273	-0.176828845	-0.066180180	-0.053755320	0.033778076
2.387000000	-0.029219498	0.524228414	0.483462714	-0.034550771	-1.007960574	-3.123151571	-0.056473300	0.229727680	-0.176989896	-0.065612677	-0.053747687	0.033469284
2.388000000	-0.029275733	0.524458222	0.483285644	-0.034616100	-1.008014317	-3.123118256	-0.055996767	0.229886556	-0.177149808	-0.065045027	-0.053739610	0.033160503
2.389000000	-0.029331491	0.524688188	0.483108414	-0.034680861	-1.008068053	-3.123085250	-0.055520056	0.230043900	-0.177308581	-0.064477235	-0.053731089	0.032851735
2.390000000	-0.029386773	0.524918310	0.482931027	-0.034745054	-1.008121780	-3.123052553	-0.055043171	0.230199713	-0.177466214	-0.063909306	-0.053722127	0.032542983
2.391000000	-0.029441578	0.525148587	0.482753482	-0.034808679	-1.008175497	-3.123020164	-0.054566115	0.230353995	-0.177622707	-0.063341243	-0.053712724	0.032234247
2.392000000	-0.029495905	0.525379018	0.482575781	-0.034871737	-1.008229205	-3.122988084	-0.054088893	0.230506746	-0.177778058	-0.062773050	-0.053702881	0.031925532
2.393000000	-0.029549755	0.525609600	0.482397926	-0.034934226	-1.008282903	-3.122956313	-0.053611506	0.230657964	-0.177932268	-0.062204732	-0.053692599	0.031616839
2.394000000	-0.029603128	0.525840334	0.482219917	-0.034996146	-1.008336590	-3.122924851	-0.053133960	0.230807652	-0.178085334	-0.061636292	-0.053681879	0.031308170
2.395000000	-0.029656023	0.526071216	0.482041755	-0.035057498	-1.008390267	-3.122893697	-0.052656256	0.230955808	-0.178237258	-0.061067735	-0.053670724	0.030999527
2.396000000	-0.029708441	0.526302245	0.481863442	-0.035118282	-1.008443932	-3.122862852	-0.052178398	0.231102431	-0.178388037	-0.060499064	-0.053659133	0.030690914
2.397000000	-0.029760380	0.526533421	0.481684979	-0.035178496	-1.008497585	-3.122832315	-0.051700391	0.231247523	-0.178537672	-0.059930285	-0.053647107	0.030382331
2.398000000	-0.029811842	0.526764740	0.481506367	-0.035238142	-1.008551226	-3.122802087	-0.051222237	0.231391084	-0.178686161	-0.059361400	-0.053634649	0.030073782
2.399000000	-0.029862825	0.526996203	0.481327607	-0.035297219	-1.008604854	-3.122772168	-0.050743940	0.231533112	-0.178833504	-0.058792414	-0.053621759	0.029765268
2.400000000	-0.029913329	0.527227807	0.481148700	-0.035355727	-1.008658469	-3.122742557	-0.050265503	0.231673609	-0.178979701	-0.058223331	-0.053608438	0.029456792
2.401000000	-0.029963356	0.527459550	0.480969647	-0.035413666	-1.008712071	-3.122713254	-0.049786929	0.231812575	-0.179124751	-0.057654154	-0.053594688	0.029148355
2.402000000	-0.030012903	0.527691432	0.480790450	-0.035471035	-1.008765659	-3.122684260	-0.049308222	0.231950008	-0.179268652	-0.057084889	-0.053580509	0.028839961
2.403000000	-0.030061972	0.527923450	0.480611110	-0.035527836	-1.008819232	-3.122655574	-0.048829386	0.232085910	-0.179411405	-0.056515539	-0.053565903	0.028531611
2.404000000	-0.030110562	0.528155604	0.480431628	-0.035584066	-1.008872791	-3.122627197	-0.048350423	0.232220281	-0.179553009	-0.055946107	-0.053550871	0.028223307
2.405000000	-0.030158673	0.528387891	0.480252004	-0.035639728	-1.008926334	-3.122599127	-0.047871337	0.232353120	-0.179693463	-0.055376598	-0.053535414	0.027915052
2.406000000	-0.030206305	0.528620310	0.480072241	-0.035694820	-1.008979862	-3.122571367	-0.047392132	0.232484427	-0.179832767	-0.054807017	-0.053519534	0.027606848
2.407000000	-0.030253457	0.528852859	0.479892338	-0.035749342	-1.009033373	-3.122543914	-0.046912810	0.232614204	-0.179970920	-0.054237366	-0.053503231	0.027298697
2.408000000	-0.030300130	0.529085538	0.479712299	-0.035803294	-1.009086868	-3.122516769	-0.046433376	0.232742449	-0.180107921	-0.053667650	-0.053486506	0.026990601
2.409000000	-0.030346324	0.529318344	0.479532123	-0.035856677	-1.009140346	-3.122489933	-0.045953832	0.232869162	-0.180243770	-0.053097873	-0.053469362	0.026682562
2.410000000	-0.030392038	0.529551277	0.479351811	-0.035909490	-1.009193807	-3.122463404	-0.045474182	0.232994345	-0.180378467	-0.052528039	-0.053451798	0.026374583
2.411000000	-0.030437272	0.529784333	0.479171366	-0.035961733	-1.009247250	-3.122437183	-0.044994429	0.233117997	-0.180512010	-0.051958152	-0.053433817	0.026066665
2.412000000	-0.030482027	0.530017513	0.478990787	-0.036013406	-1.009300674	-3.122411271	-0.044514577	0.233240118	-0.180644400	-0.051388215	-0.053415419	0.025758811
2.413000000	-0.030526301	0.530250813	0.478810077	-0.036064510	-1.009354080	-3.122385666	-0.044034629	0.233360708	-0.180775635	-0.050818233	-0.053396606	0.025451022
2.414000000	-0.030570096	0.530484234	0.478629236	-0.036115043	-1.009407468	-3.122360369	-0.043554588	0.233479768	-0.180905716	-0.050248210	-0.053377379	0.025143302
2.415000000	-0.030613411	0.530717773	0.478448265	-0.036165006	-1.009460835	-3.122335379	-0.043074458	0.233597298	-0.181034641	-0.049678149	-0.053357739	0.024835651
2.416000000	-0.030656245	0.530951429	0.478267167	-0.036214399	-1.009514183	-3.122310697	-0.042594241	0.233713297	-0.181162410	-0.049108055	-0.053337687	0.024528072
2.417000000	-0.030698599	0.531185199	0.478085941	-0.036263222	-1.009567511	-3.122286323	-0.042113942	0.233827767	-0.181289023	-0.048537931	-0.053317224	0.024220568
2.418000000	-0.030740473	0.531419084	0.477904589	-0.036311475	-1.009620817	-3.122262256	-0.041633563	0.233940707	-0.181414479	-0.047967781	-0.053296352	0.023913140
2.419000000	-0.030781866	0.531653081	0.477723112	-0.036359158	-1.009674103	-3.122238497	-0.041153109	0.234052117	-0.181538777	-0.047397610	-0.053275072	0.023605790
2.420000000	-0.030822779	0.531887188	0.477541511	-0.036406270	-1.009727368	-3.122215045	-0.040672581	0.234161998	-0.181661918	-0.046827420	-0.053253386	0.023298521
2.421000000	-0.030863211	0.532121405	0.477359788	-0.036452813	-1.009780610	-3.122191900	-0.040191984	0.234270350	-0.181783900	-0.046257216	-0.053231293	0.022991334
2.422000000	-0.030903163	0.532355729	0.477177943	-0.036498785	-1.009833830	-3.122169062	-0.039711321	0.234377173	-0.181904724	-0.045687002	-0.053208796	0.022684231
2.423000000	-0.030942634	0.532590159	0.476995978	-0.036544187	-1.009887028	-3.122146531	-0.039230595	0.234482468	-0.182024388	-0.045116782	-0.053185896	0.022377215
2.424000000	-0.030981624	0.532824694	0.476813894	-0.036589018	-1.009940202	-3.122124308	-0.038749809	0.234586234	-0.182142892	-0.044546559	-0.053162594	0.022070288
2.425000000	-0.031020134	0.533059332	0.476631693	-0.036633280	-1.009993353	-3.122102391	-0.038268967	0.234688473	-0.182260237	-0.043976337	-0.053138891	0.021763451
2.426000000	-0.031058162	0.533294071	0.476449374	-0.036676971	-1.010046480	-3.122080781	-0.037788071	0.234789183	-0.182376420	-0.043406121	-0.053114789	0.021456707
2.427000000	-0.031095710	0.533528910	0.476266940	-0.036720092	-1.010099582	-3.122059477	-0.037307126	0.234888366	-0.182491442	-0.042835913	-0.053090288	0.021150057
2.428000000	-0.031132776	0.533763848	0.476084391	-0.036762643	-1.010152660	-3.122038480	-0.036826135	0.234986022	-0.182605303	-0.042265718	-0.053065391	0.020843505
2.429000000	-0.031169362	0.533998882	0.475901729	-0.036804623	-1.010205713	-3.122017790	-0.036345100	0.235082151	-0.182718002	-0.041695540	-0.053040098	0.020537050
2.430000000	-0.031205467	0.534234012	0.475718955	-0.036846034	-1.010258741	-3.121997406	-0.035864026	0.235176754	-0.182829538	-0.041125382	-0.053014410	0.020230697
2.431000000	-0.031241090	0.534469236	0.475536070	-0.036886874	-1.010311742	-3.121977329	-0.035382914	0.235269830	-0.182939912	-0.040555249	-0.052988329	0.019924446
2.432000000	-0.031276232	0.534704552	0.475353075	-0.036927144	-1.010364717	-3.121957557	-0.034901769	0.235361381	-0.183049123	-0.039985143	-0.052961856	0.019618300
2.433000000	-0.031310894	0.534939958	0.475169972	-0.036966844	-1.010417666	-3.121938092	-0.034420594	0.235451406	-0.183157169	-0.039415070	-0.052934992	0.019312260
2.434000000	-0.031345074	0.535175454	0.474986761	-0.037005974	-1.010470587	-3.121918933	-0.033939392	0.235539905	-0.183264052	-0.038845031	-0.052907739	0.019006329
2.435000000	-0.031378772	0.535411038	0.474803444	-0.037044534	-1.010523481	-3.121900080	-0.033458166	0.235626881	-0.183369771	-0.038275032	-0.052880097	0.018700508
2.436000000	-0.031411990	0.535646708	0.474620021	-0.037082524	-1.010576347	-3.121881532	-0.032976920	0.235712332	-0.183474325	-0.037705076	-0.052852069	0.018394800
2.437000000	-0.031444726	0.535882463	0.474436495	-0.037119945	-1.010629185	-3.121863290	-0.032495657	0.235796258	-0.183577714	-0.037135167	-0.052823654	0.018089207
2.438000000	-0.031476981	0.536118301	0.474252866	-0.037156795	-1.010681995	-3.121845354	-0.032014379	0.235878661	-0.183679937	-0.036565309	-0.052794856	0.017783730
2.439000000	-0.031508755	0.536354220	0.474069135	-0.037193075	-1.010734775	-3.121827723	-0.031533090	0.235959542	-0.183780995	-0.035995504	-0.052765674	0.017478370
2.440000000	-0.031540047	0.536590220	0.473885304	-0.037228786	-1.010787526	-3.121810397	-0.031051794	0.236038899	-0.183880886	-0.035425758	-0.052736110	0.017173132
2.441000000	-0.031570859	0.536826298	0.473701373	-0.037263927	-1.010840247	-3.121793376	-0.030570494	0.236116734	-0.183979611	-0.034856073	-0.052706166	0.016868015
2.442000000	-0.031601188	0.537062453	0.473517345	-0.037298498	-1.010892938	-3.121776661	-0.030089192	0.236193047	-0.184077170	-0.034286454	-0.052675842	0.016563022
2.443000000	-0.031631037	0.537298684	0.473333219	-0.037332500	-1.010945599	-3.121760250	-0.029607892	0.236267838	-0.184173561	-0.033716904	-0.052645140	0.016258156
2.444000000	-0.031660404	0.537534989	0.473148998	-0.037365932	-1.010998229	-3.121744144	-0.029126598	0.236341109	-0.184268785	-0.033147427	-0.052614062	0.015953417
2.445000000	-0.031689290	0.537771366	0.472964682	-0.037398794	-1.011050827	-3.121728343	-0.028645311	0.236412860	-0.184362841	-0.032578026	-0.052582608	0.015648808
2.446000000	-0.031717695	0.538007815	0.472780272	-0.037431088	-1.011103394	-3.121712847	-0.028164036	0.236483090	-0.184455729	-0.032008705	-0.052550780	0.015344330
2.447000000	-0.031745618	0.538244332	0.472595770	-0.037462812	-1.011155929	-3.121697655	-0.027682776	0.236551800	-0.184547449	-0.031439468	-0.052518579	0.015039986
2.448000000	-0.031773060	0.538480918	0.472411177	-0.037493967	-1.011208431	-3.121682767	-0.027201534	0.236618992	-0.184638000	-0.030870319	-0.052486006	0.014735777
2.449000000	-0.031800021	0.538717570	0.472226494	-0.037524553	-1.011260901	-3.121668183	-0.026720313	0.236684665	-0.184727383	-0.030301261	-0.052453063	0.014431706
2.450000000	-0.031826501	0.538954288	0.472041722	-0.037554569	-1.011313337	-3.121653903	-0.026239116	0.236748820	-0.184815596	-0.029732297	-0.052419750	0.014127773
2.451000000	-0.031852500	0.539191068	0.471856863	-0.037584017	-1.011365740	-3.121639928	-0.025757946	0.236811458	-0.184902640	-0.029163432	-0.052386070	0.013823982
2.452000000	-0.031878017	0.539427910	0.471671917	-0.037612896	-1.011418109	-3.121626255	-0.025276807	0.236872579	-0.184988515	-0.028594669	-0.052352024	0.013520333
2.453000000	-0.031903053	0.539664813	0.471486886	-0.037641206	-1.011470444	-3.121612887	-0.024795702	0.236932183	-0.185073219	-0.028026012	-0.052317612	0.013216829
2.454000000	-0.031927608	0.539901775	0.471301771	-0.037668948	-1.011522745	-3.121599822	-0.024314633	0.236990272	-0.185156754	-0.027457464	-0.052282837	0.012913471
2.455000000	-0.031951682	0.540138794	0.471116572	-0.037696121	-1.011575010	-3.121587060	-0.023833604	0.237046845	-0.185239118	-0.026889028	-0.052247699	0.012610261
2.456000000	-0.031975276	0.540375869	0.470931292	-0.037722726	-1.011627240	-3.121574601	-0.023352618	0.237101904	-0.185320312	-0.026320709	-0.052212199	0.012307202
2.457000000	-0.031998388	0.540612998	0.470745932	-0.037748763	-1.011679434	-3.121562446	-0.022871678	0.237155448	-0.185400334	-0.025752510	-0.052176340	0.012004294
2.458000000	-0.032021019	0.540850179	0.470560492	-0.037774231	-1.011731593	-3.121550593	-0.022390788	0.237207479	-0.185479187	-0.025184435	-0.052140122	0.011701540
2.459000000	-0.032043169	0.541087413	0.470374973	-0.037799132	-1.011783715	-3.121539043	-0.021909950	0.237257998	-0.185556867	-0.024616487	-0.052103547	0.011398941
2.460000000	-0.032064839	0.541324695	0.470189378	-0.037823464	-1.011835800	-3.121527795	-0.021429168	0.237307003	-0.185633377	-0.024048669	-0.052066615	0.011096500
2.461000000	-0.032086028	0.541562027	0.470003707	-0.037847229	-1.011887848	-3.121516850	-0.020948444	0.237354497	-0.185708715	-0.023480986	-0.052029329	0.010794217
2.462000000	-0.032106736	0.541799404	0.469817961	-0.037870426	-1.011939858	-3.121506206	-0.020467781	0.237400481	-0.185782881	-0.022913441	-0.051991690	0.010492095
2.463000000	-0.032126963	0.542036827	0.469632141	-0.037893056	-1.011991831	-3.121495865	-0.019987184	0.237444953	-0.185855875	-0.022346037	-0.051953698	0.010190136
2.464000000	-0.032146710	0.542274294	0.469446249	-0.037915118	-1.012043766	-3.121485826	-0.019506654	0.237487916	-0.185927697	-0.021778778	-0.051915356	0.009888341
2.465000000	-0.032165976	0.542511803	0.469260285	-0.037936613	-1.012095662	-3.121476089	-0.019026196	0.237529370	-0.185998347	-0.021211667	-0.051876664	0.009586712
2.466000000	-0.032184762	0.542749353	0.469074252	-0.037957542	-1.012147519	-3.121466653	-0.018545811	0.237569315	-0.186067825	-0.020644708	-0.051837623	0.009285250
2.467000000	-0.032203068	0.542986942	0.468888150	-0.037977903	-1.012199337	-3.121457518	-0.018065503	0.237607753	-0.186136130	-0.020077905	-0.051798236	0.008983958
2.468000000	-0.032220893	0.543224569	0.468701980	-0.037997697	-1.012251116	-3.121448685	-0.017585276	0.237644684	-0.186203263	-0.019511260	-0.051758504	0.008682838
2.469000000	-0.032238239	0.543462231	0.468515743	-0.038016925	-1.012302854	-3.121440152	-0.017105132	0.237680108	-0.186269223	-0.018944778	-0.051718427	0.008381890
2.470000000	-0.032255104	0.543699929	0.468329441	-0.038035587	-1.012354552	-3.121431921	-0.016625073	0.237714026	-0.186334010	-0.018378461	-0.051678008	0.008081117
2.471000000	-0.032271489	0.543937659	0.468143075	-0.038053682	-1.012406210	-3.121423990	-0.016145105	0.237746440	-0.186397624	-0.017812314	-0.051637246	0.007780520
2.472000000	-0.032287394	0.544175422	0.467956646	-0.038071212	-1.012457827	-3.121416360	-0.015665228	0.237777349	-0.186460065	-0.017246340	-0.051596145	0.007480101
2.473000000	-0.032302819	0.544413214	0.467770155	-0.038088175	-1.012509402	-3.121409030	-0.015185447	0.237806755	-0.186521333	-0.016680542	-0.051554704	0.007179862
2.474000000	-0.032317765	0.544651035	0.467583603	-0.038104573	-1.012560936	-3.121402000	-0.014705765	0.237834658	-0.186581427	-0.016114923	-0.051512926	0.006879805
2.475000000	-0.032332231	0.544888883	0.467396992	-0.038120405	-1.012612428	-3.121395270	-0.014226183	0.237861058	-0.186640349	-0.015549488	-0.051470812	0.006579930
2.476000000	-0.032346217	0.545126757	0.467210323	-0.038135672	-1.012663878	-3.121388840	-0.013746707	0.237885958	-0.186698096	-0.014984239	-0.051428363	0.006280241
2.477000000	-0.032359724	0.545364655	0.467023596	-0.038150373	-1.012715285	-3.121382710	-0.013267337	0.237909357	-0.186754671	-0.014419180	-0.051385580	0.005980737
2.478000000	-0.032372752	0.545602576	0.466836813	-0.038164510	-1.012766649	-3.121376879	-0.012788078	0.237931257	-0.186810071	-0.013854315	-0.051342465	0.005681422
2.479000000	-0.032385300	0.545840518	0.466649976	-0.038178082	-1.012817970	-3.121371347	-0.012308933	0.237951657	-0.186864298	-0.013289646	-0.051299019	0.005382296
2.480000000	-0.032397370	0.546078479	0.466463085	-0.038191089	-1.012869247	-3.121366114	-0.011829904	0.237970559	-0.186917352	-0.012725177	-0.051255243	0.005083362
2.481000000	-0.032408960	0.546316459	0.466276141	-0.038203532	-1.012920480	-3.121361180	-0.011350994	0.237987964	-0.186969232	-0.012160912	-0.051211139	0.004784621
2.482000000	-0.032420072	0.546554455	0.466089146	-0.038215411	-1.012971669	-3.121356545	-0.010872207	0.238003873	-0.187019938	-0.011596854	-0.051166708	0.004486075
2.483000000	-0.032430705	0.546792467	0.465902101	-0.038226726	-1.013022814	-3.121352208	-0.010393545	0.238018285	-0.187069470	-0.011033006	-0.051121951	0.004187725
2.484000000	-0.032440859	0.547030492	0.465715007	-0.038237477	-1.013073913	-3.121348170	-0.009915012	0.238031202	-0.187117828	-0.010469371	-0.051076870	0.003889572
2.485000000	-0.032450535	0.547268529	0.465527866	-0.038247665	-1.013124968	-3.121344429	-0.009436610	0.238042626	-0.187165013	-0.009905954	-0.051031466	0.003591620
2.486000000	-0.032459732	0.547506577	0.465340677	-0.038257289	-1.013175976	-3.121340986	-0.008958342	0.238052557	-0.187211024	-0.009342757	-0.050985740	0.003293868
2.487000000	-0.032468451	0.547744634	0.465153444	-0.038266350	-1.013226939	-3.121337841	-0.008480211	0.238060994	-0.187255861	-0.008779783	-0.050939694	0.002996319
2.488000000	-0.032476692	0.547982699	0.464966166	-0.038274849	-1.013277856	-3.121334994	-0.008002221	0.238067940	-0.187299525	-0.008217037	-0.050893329	0.002698974
2.489000000	-0.032484456	0.548220770	0.464778845	-0.038282784	-1.013328726	-3.121332443	-0.007524374	0.238073396	-0.187342014	-0.007654520	-0.050846647	0.002401836
2.490000000	-0.032491741	0.548458846	0.464591482	-0.038290158	-1.013379549	-3.121330190	-0.007046673	0.238077362	-0.187383330	-0.007092237	-0.050799648	0.002104904
2.491000000	-0.032498549	0.548696925	0.464404078	-0.038296969	-1.013430325	-3.121328234	-0.006569121	0.238079839	-0.187423472	-0.006530192	-0.050752334	0.001808182
2.492000000	-0.032504879	0.548935005	0.464216635	-0.038303218	-1.013481054	-3.121326574	-0.006091720	0.238080828	-0.187462441	-0.005968386	-0.050704706	0.001511670
2.493000000	-0.032510733	0.549173086	0.464029153	-0.038308906	-1.013531734	-3.121325210	-0.005614475	0.238080330	-0.187500236	-0.005406824	-0.050656767	0.001215371
2.494000000	-0.032516108	0.549411166	0.463841634	-0.038314032	-1.013582367	-3.121324143	-0.005137387	0.238078345	-0.187536857	-0.004845509	-0.050608516	0.000919285
2.495000000	-0.032521007	0.549649243	0.463654079	-0.038318597	-1.013632951	-3.121323372	-0.004660461	0.238074875	-0.187572305	-0.004284443	-0.050559955	0.000623414
2.496000000	-0.032525429	0.549887316	0.463466490	-0.038322601	-1.013683487	-3.121322896	-0.004183697	0.238069921	-0.187606580	-0.003723631	-0.050511087	0.000327760
2.497000000	-0.032529375	0.550125383	0.463278866	-0.038326044	-1.013733974	-3.121322716	-0.003707101	0.238063483	-0.187639681	-0.003163075	-0.050461911	0.000032325
2.498000000	-0.032532844	0.550363443	0.463091210	-0.038328927	-1.013784411	-3.121322832	-0.003230673	0.238055563	-0.187671609	-0.002602779	-0.050412430	-0.000262891
2.499000000	-0.032535836	0.550601494	0.462903523	-0.038331249	-1.013834798	-3.121323242	-0.002754418	0.238046161	-0.187702363	-0.002042747	-0.050362644	-0.000557885
2.500000000	-0.032538352	0.550839535	0.462715806	-0.038333012	-1.013885136	-3.121323947	-0.002278338	0.238035279	-0.187731945	-0.001482980	-0.050312556	-0.000852657
2.501000000	-0.032540393	0.551077565	0.462528059	-0.038334215	-1.013935424	-3.121324947	-0.001802435	0.238022917	-0.187760354	-0.000923482	-0.050262166	-0.001147204
2.502000000	-0.032541957	0.551315581	0.462340285	-0.038334859	-1.013985660	-3.121326242	-0.001326714	0.238009076	-0.187787589	-0.000364258	-0.050211476	-0.001441525
2.503000000	-0.032543046	0.551553583	0.462152484	-0.038334944	-1.014035847	-3.121327830	-0.000851177	0.237993758	-0.187813652	0.000194691	-0.050160486	-0.001735619
2.504000000	-0.032543660	0.551791569	0.461964658	-0.038334470	-1.014085981	-3.121329713	-0.000375826	0.237976963	-0.187838542	0.000753361	-0.050109200	-0.002029484
2.505000000	-0.032543798	0.552029537	0.461776807	-0.038333437	-1.014136065	-3.121331889	0.000099335	0.237958692	-0.187862260	0.001311748	-0.050057616	-0.002323119
2.506000000	-0.032543461	0.552267486	0.461588933	-0.038331846	-1.014186097	-3.121334359	0.000574305	0.237938947	-0.187884805	0.001869851	-0.050005738	-0.002616522
2.507000000	-0.032542649	0.552505415	0.461401037	-0.038329697	-1.014236076	-3.121337122	0.001049079	0.237917727	-0.187906179	0.002427664	-0.049953567	-0.002909692
2.508000000	-0.032541363	0.552743321	0.461213121	-0.038326991	-1.014286004	-3.121340179	0.001523655	0.237895036	-0.187926380	0.002985186	-0.049901103	-0.003202627
2.509000000	-0.032539602	0.552981205	0.461025184	-0.038323727	-1.014335879	-3.121343528	0.001998030	0.237870873	-0.187945409	0.003542413	-0.049848349	-0.003495325
2.510000000	-0.032537367	0.553219063	0.460837230	-0.038319906	-1.014385701	-3.121347169	0.002472202	0.237845238	-0.187963266	0.004099342	-0.049795304	-0.003787787
2.511000000	-0.032534657	0.553456895	0.460649258	-0.038315528	-1.014435469	-3.121351103	0.002946167	0.237818135	-0.187979952	0.004655970	-0.049741972	-0.004080009
2.512000000	-0.032531474	0.553694699	0.460461270	-0.038310594	-1.014485184	-3.121355329	0.003419923	0.237789563	-0.187995467	0.005212294	-0.049688353	-0.004371990
2.513000000	-0.032527818	0.553932474	0.460273267	-0.038305104	-1.014534846	-3.121359847	0.003893467	0.237759523	-0.188009810	0.005768311	-0.049634448	-0.004663730
2.514000000	-0.032523687	0.554170218	0.460085250	-0.038299058	-1.014584453	-3.121364657	0.004366904	0.237728750	-0.188023568	0.006324172	-0.049580401	-0.004955348
