time_s	q1_rad	q2_rad	q3_rad	q4_rad	q5_rad	q6_rad	dq1_rad_s	dq2_rad_s	dq3_rad_s	dq4_rad_s	dq5_rad_s	dq6_rad_s
0.000000000	-0.032523687	0.554170217	0.460085226	-0.038299059	-1.014584428	-3.121364655	0.000000000	0.000000000	0.000000000	0.000000000	0.000000000	0.000000000
0.001000000	-0.032523687	0.554170217	0.460085226	-0.038299058	-1.014584428	-3.121364655	0.000000889	-0.000000021	0.000000039	0.000001047	0.000000001	-0.000000553
0.002000000	-0.032523685	0.554170217	0.460085226	-0.038299056	-1.014584428	-3.121364656	0.000003554	-0.000000085	0.000000155	0.000004185	0.000000003	-0.000002212
0.003000000	-0.032523679	0.554170217	0.460085227	-0.038299049	-1.014584428	-3.121364660	0.000007989	-0.000000192	0.000000348	0.000009409	0.000000006	-0.000004973
0.004000000	-0.032523668	0.554170216	0.460085227	-0.038299036	-1.014584428	-3.121364666	0.000014192	-0.000000341	0.000000619	0.000016714	0.000000010	-0.000008833
0.005000000	-0.032523650	0.554170216	0.460085228	-0.038299015	-1.014584428	-3.121364678	0.000022156	-0.000000532	0.000000966	0.000026093	0.000000016	-0.000013791
0.006000000	-0.032523624	0.554170215	0.460085229	-0.038298983	-1.014584428	-3.121364694	0.000031878	-0.000000765	0.000001390	0.000037543	0.000000023	-0.000019842
0.007000000	-0.032523586	0.554170214	0.460085231	-0.038298939	-1.014584428	-3.121364718	0.000043352	-0.000001040	0.000001891	0.000051057	0.000000031	-0.000026985
0.008000000	-0.032523536	0.554170213	0.460085233	-0.038298881	-1.014584428	-3.121364749	0.000056576	-0.000001358	0.000002468	0.000066631	0.000000040	-0.000035216
0.009000000	-0.032523472	0.554170212	0.460085236	-0.038298805	-1.014584427	-3.121364789	0.000071544	-0.000001717	0.000003120	0.000084259	0.000000051	-0.000044532
0.010000000	-0.032523393	0.554170210	0.460085239	-0.038298711	-1.014584427	-3.121364838	0.000088252	-0.000002118	0.000003849	0.000103936	0.000000063	-0.000054932
0.011000000	-0.032523295	0.554170207	0.460085243	-0.038298597	-1.014584427	-3.121364899	0.000106695	-0.000002560	0.000004653	0.000125657	0.000000076	-0.000066412
0.012000000	-0.032523179	0.554170205	0.460085248	-0.038298459	-1.014584427	-3.121364971	0.000126869	-0.000003044	0.000005533	0.000149416	0.000000090	-0.000078969
0.013000000	-0.032523041	0.554170201	0.460085254	-0.038298297	-1.014584427	-3.121365057	0.000148770	-0.000003570	0.000006488	0.000175209	0.000000106	-0.000092601
0.014000000	-0.032522880	0.554170198	0.460085261	-0.038298108	-1.014584427	-3.121365157	0.000172393	-0.000004137	0.000007519	0.000203030	0.000000122	-0.000107305
0.015000000	-0.032522696	0.554170193	0.460085269	-0.038297890	-1.014584427	-3.121365272	0.000197733	-0.000004745	0.000008624	0.000232873	0.000000140	-0.000123078
0.016000000	-0.032522484	0.554170188	0.460085278	-0.038297642	-1.014584427	-3.121365403	0.000224786	-0.000005394	0.000009803	0.000264734	0.000000160	-0.000139917
0.017000000	-0.032522245	0.554170182	0.460085289	-0.038297360	-1.014584427	-3.121365552	0.000253548	-0.000006084	0.000011058	0.000298608	0.000000180	-0.000157820
0.018000000	-0.032521977	0.554170176	0.460085301	-0.038297044	-1.014584426	-3.121365719	0.000284014	-0.000006815	0.000012386	0.000334489	0.000000202	-0.000176783
0.019000000	-0.032521677	0.554170169	0.460085314	-0.038296691	-1.014584426	-3.121365906	0.000316180	-0.000007587	0.000013789	0.000372371	0.000000225	-0.000196805
0.020000000	-0.032521344	0.554170161	0.460085328	-0.038296299	-1.014584426	-3.121366113	0.000350042	-0.000008399	0.000015265	0.000412250	0.000000249	-0.000217882
0.021000000	-0.032520976	0.554170152	0.460085344	-0.038295865	-1.014584426	-3.121366342	0.000385594	-0.000009252	0.000016816	0.000454121	0.000000274	-0.000240011
0.022000000	-0.032520572	0.554170142	0.460085362	-0.038295390	-1.014584425	-3.121366594	0.000422833	-0.000010145	0.000018439	0.000497978	0.000000300	-0.000263190
0.023000000	-0.032520130	0.554170132	0.460085381	-0.038294869	-1.014584425	-3.121366869	0.000461753	-0.000011079	0.000020136	0.000543815	0.000000328	-0.000287416
0.024000000	-0.032519648	0.554170120	0.460085402	-0.038294301	-1.014584425	-3.121367169	0.000502352	-0.000012053	0.000021906	0.000591628	0.000000357	-0.000312687
0.025000000	-0.032519125	0.554170108	0.460085424	-0.038293685	-1.014584424	-3.121367495	0.000544623	-0.000013067	0.000023749	0.000641412	0.000000387	-0.000338998
0.026000000	-0.032518558	0.554170094	0.460085449	-0.038293018	-1.014584424	-3.121367847	0.000588563	-0.000014120	0.000025664	0.000693161	0.000000418	-0.000366348
0.027000000	-0.032517947	0.554170080	0.460085476	-0.038292298	-1.014584424	-3.121368228	0.000634167	-0.000015214	0.000027652	0.000746870	0.000000450	-0.000394734
0.028000000	-0.032517289	0.554170064	0.460085504	-0.038291523	-1.014584423	-3.121368637	0.000681431	-0.000016348	0.000029712	0.000802534	0.000000484	-0.000424154
0.029000000	-0.032516583	0.554170047	0.460085535	-0.038290692	-1.014584423	-3.121369076	0.000730351	-0.000017521	0.000031844	0.000860147	0.000000519	-0.000454603
0.030000000	-0.032515828	0.554170029	0.460085568	-0.038289802	-1.014584422	-3.121369547	0.000780921	-0.000018733	0.000034047	0.000919704	0.000000555	-0.000486080
0.031000000	-0.032515021	0.554170010	0.460085603	-0.038288852	-1.014584422	-3.121370049	0.000833137	-0.000019985	0.000036323	0.000981201	0.000000592	-0.000518582
0.032000000	-0.032514161	0.554169989	0.460085640	-0.038287839	-1.014584421	-3.121370584	0.000886996	-0.000021276	0.000038669	0.001044631	0.000000630	-0.000552106
0.033000000	-0.032513246	0.554169967	0.460085680	-0.038286762	-1.014584420	-3.121371154	0.000942492	-0.000022606	0.000041087	0.001109989	0.000000669	-0.000586650
0.034000000	-0.032512275	0.554169944	0.460085722	-0.038285619	-1.014584420	-3.121371758	0.000999621	-0.000023975	0.000043576	0.001177272	0.000000710	-0.000622209
0.035000000	-0.032511247	0.554169920	0.460085766	-0.038284407	-1.014584419	-3.121372398	0.001058379	-0.000025383	0.000046135	0.001246472	0.000000751	-0.000658783
0.036000000	-0.032510158	0.554169894	0.460085814	-0.038283125	-1.014584418	-3.121373076	0.001118761	-0.000026830	0.000048764	0.001317585	0.000000794	-0.000696367
0.037000000	-0.032509008	0.554169866	0.460085864	-0.038281771	-1.014584417	-3.121373791	0.001180763	-0.000028316	0.000051464	0.001390605	0.000000838	-0.000734960
0.038000000	-0.032507796	0.554169837	0.460085916	-0.038280343	-1.014584416	-3.121374546	0.001244380	-0.000029840	0.000054234	0.001465528	0.000000883	-0.000774558
0.039000000	-0.032506519	0.554169807	0.460085972	-0.038278839	-1.014584416	-3.121375341	0.001309608	-0.000031402	0.000057073	0.001542348	0.000000929	-0.000815158
0.040000000	-0.032505176	0.554169775	0.460086030	-0.038277258	-1.014584415	-3.121376177	0.001376443	-0.000033002	0.000059982	0.001621060	0.000000977	-0.000856759
0.041000000	-0.032503766	0.554169741	0.460086091	-0.038275596	-1.014584414	-3.121377055	0.001444879	-0.000034641	0.000062961	0.001701659	0.000001025	-0.000899357
0.042000000	-0.032502286	0.554169705	0.460086156	-0.038273854	-1.014584413	-3.121377976	0.001514913	-0.000036318	0.000066008	0.001784139	0.000001075	-0.000942949
0.043000000	-0.032500735	0.554169668	0.460086223	-0.038272027	-1.014584411	-3.121378941	0.001586540	-0.000038032	0.000069124	0.001868496	0.000001126	-0.000987532
0.044000000	-0.032499112	0.554169630	0.460086293	-0.038270116	-1.014584410	-3.121379951	0.001659756	-0.000039784	0.000072309	0.001954723	0.000001177	-0.001033105
0.045000000	-0.032497415	0.554169589	0.460086367	-0.038268117	-1.014584409	-3.121381008	0.001734556	-0.000041574	0.000075561	0.002042816	0.000001230	-0.001079664
0.046000000	-0.032495642	0.554169547	0.460086444	-0.038266030	-1.014584408	-3.121382111	0.001810935	-0.000043401	0.000078882	0.002132770	0.000001284	-0.001127205
0.047000000	-0.032493793	0.554169503	0.460086524	-0.038263851	-1.014584407	-3.121383262	0.001888890	-0.000045265	0.000082271	0.002224579	0.000001339	-0.001175728
0.048000000	-0.032491864	0.554169456	0.460086608	-0.038261580	-1.014584405	-3.121384463	0.001968416	-0.000047167	0.000085727	0.002318238	0.000001396	-0.001225228
0.049000000	-0.032489855	0.554169408	0.460086695	-0.038259214	-1.014584404	-3.121385713	0.002049509	-0.000049105	0.000089251	0.002413742	0.000001453	-0.001275703
0.050000000	-0.032487764	0.554169359	0.460086786	-0.038256751	-1.014584402	-3.121387015	0.002132163	-0.000051081	0.000092841	0.002511085	0.000001511	-0.001327150
0.051000000	-0.032485590	0.554169307	0.460086881	-0.038254191	-1.014584401	-3.121388368	0.002216375	-0.000053093	0.000096498	0.002610263	0.000001571	-0.001379567
0.052000000	-0.032483331	0.554169253	0.460086979	-0.038251530	-1.014584399	-3.121389774	0.002302140	-0.000055142	0.000100222	0.002711270	0.000001632	-0.001432951
0.053000000	-0.032480985	0.554169197	0.460087081	-0.038248768	-1.014584397	-3.121391234	0.002389454	-0.000057227	0.000104012	0.002814101	0.000001693	-0.001487298
0.054000000	-0.032478551	0.554169138	0.460087186	-0.038245901	-1.014584396	-3.121392749	0.002478312	-0.000059348	0.000107868	0.002918751	0.000001756	-0.001542607
0.055000000	-0.032476028	0.554169078	0.460087296	-0.038242929	-1.014584394	-3.121394320	0.002568710	-0.000061506	0.000111790	0.003025214	0.000001820	-0.001598874
0.056000000	-0.032473413	0.554169016	0.460087409	-0.038239850	-1.014584392	-3.121395947	0.002660644	-0.000063700	0.000115777	0.003133485	0.000001884	-0.001656097
0.057000000	-0.032470706	0.554168951	0.460087527	-0.038236662	-1.014584390	-3.121397632	0.002754108	-0.000065929	0.000119829	0.003243560	0.000001950	-0.001714272
0.058000000	-0.032467905	0.554168884	0.460087649	-0.038233362	-1.014584388	-3.121399376	0.002849099	-0.000068194	0.000123946	0.003355432	0.000002017	-0.001773398
0.059000000	-0.032465007	0.554168815	0.460087774	-0.038229950	-1.014584386	-3.121401179	0.002945612	-0.000070495	0.000128128	0.003469097	0.000002085	-0.001833471
0.060000000	-0.032462013	0.554168743	0.460087904	-0.038226424	-1.014584384	-3.121403043	0.003043642	-0.000072831	0.000132374	0.003584549	0.000002154	-0.001894489
0.061000000	-0.032458920	0.554168669	0.460088039	-0.038222780	-1.014584382	-3.121404969	0.003143186	-0.000075202	0.000136683	0.003701783	0.000002224	-0.001956448
0.062000000	-0.032455726	0.554168593	0.460088178	-0.038219019	-1.014584380	-3.121406957	0.003244238	-0.000077608	0.000141057	0.003820794	0.000002295	-0.002019347
0.063000000	-0.032452431	0.554168514	0.460088321	-0.038215138	-1.014584377	-3.121409008	0.003346795	-0.000080049	0.000145494	0.003941577	0.000002368	-0.002083182
0.064000000	-0.032449032	0.554168433	0.460088468	-0.038211136	-1.014584375	-3.121411123	0.003450852	-0.000082525	0.000149995	0.004064126	0.000002441	-0.002147950
0.065000000	-0.032445528	0.554168349	0.460088620	-0.038207009	-1.014584372	-3.121413304	0.003556404	-0.000085036	0.000154558	0.004188437	0.000002515	-0.002213649
0.066000000	-0.032441918	0.554168263	0.460088777	-0.038202758	-1.014584370	-3.121415551	0.003663448	-0.000087581	0.000159183	0.004314503	0.000002590	-0.002280276
0.067000000	-0.032438201	0.554168174	0.460088939	-0.038198380	-1.014584367	-3.121417865	0.003771978	-0.000090160	0.000163871	0.004442321	0.000002666	-0.002347829
0.068000000	-0.032434374	0.554168083	0.460089105	-0.038193873	-1.014584365	-3.121420247	0.003881990	-0.000092773	0.000168621	0.004571884	0.000002743	-0.002416303
0.069000000	-0.032430436	0.554167989	0.460089276	-0.038189235	-1.014584362	-3.121422698	0.003993480	-0.000095420	0.000173432	0.004703187	0.000002821	-0.002485698
0.070000000	-0.032426387	0.554167892	0.460089452	-0.038184466	-1.014584359	-3.121425219	0.004106443	-0.000098101	0.000178305	0.004836225	0.000002900	-0.002556010
0.071000000	-0.032422223	0.554167793	0.460089632	-0.038179562	-1.014584356	-3.121427810	0.004220875	-0.000100815	0.000183239	0.004970994	0.000002980	-0.002627235
0.072000000	-0.032417944	0.554167690	0.460089818	-0.038174523	-1.014584353	-3.121430473	0.004336771	-0.000103563	0.000188233	0.005107487	0.000003061	-0.002699372
0.073000000	-0.032413549	0.554167585	0.460090009	-0.038169347	-1.014584350	-3.121433209	0.004454128	-0.000106343	0.000193288	0.005245699	0.000003144	-0.002772418
0.074000000	-0.032409036	0.554167478	0.460090205	-0.038164031	-1.014584347	-3.121436018	0.004572940	-0.000109157	0.000198403	0.005385626	0.000003226	-0.002846370
0.075000000	-0.032404403	0.554167367	0.460090406	-0.038158575	-1.014584343	-3.121438902	0.004693204	-0.000112004	0.000203577	0.005527262	0.000003310	-0.002921225
0.076000000	-0.032399649	0.554167253	0.460090613	-0.038152976	-1.014584340	-3.121441861	0.004814914	-0.000114883	0.000208811	0.005670602	0.000003395	-0.002996980
0.077000000	-0.032394772	0.554167137	0.460090824	-0.038147233	-1.014584337	-3.121444896	0.004938066	-0.000117795	0.000214104	0.005815640	0.000003481	-0.003073633
0.078000000	-0.032389772	0.554167017	0.460091042	-0.038141345	-1.014584333	-3.121448009	0.005062657	-0.000120739	0.000219455	0.005962372	0.000003568	-0.003151181
0.079000000	-0.032384647	0.554166895	0.460091264	-0.038135308	-1.014584329	-3.121451199	0.005188680	-0.000123715	0.000224865	0.006110792	0.000003656	-0.003229621
0.080000000	-0.032379395	0.554166769	0.460091492	-0.038129123	-1.014584326	-3.121454468	0.005316133	-0.000126723	0.000230333	0.006260895	0.000003744	-0.003308950
0.081000000	-0.032374014	0.554166641	0.460091726	-0.038122786	-1.014584322	-3.121457817	0.005445011	-0.000129763	0.000235858	0.006412676	0.000003834	-0.003389166
0.082000000	-0.032368504	0.554166509	0.460091965	-0.038116297	-1.014584318	-3.121461247	0.005575309	-0.000132834	0.000241441	0.006566129	0.000003924	-0.003470266
0.083000000	-0.032362863	0.554166374	0.460092210	-0.038109654	-1.014584314	-3.121464758	0.005707022	-0.000135937	0.000247081	0.006721250	0.000004015	-0.003552247
0.084000000	-0.032357090	0.554166236	0.460092461	-0.038102854	-1.014584310	-3.121468351	0.005840147	-0.000139070	0.000252777	0.006878033	0.000004108	-0.003635106
0.085000000	-0.032351183	0.554166095	0.460092717	-0.038095897	-1.014584306	-3.121472028	0.005974679	-0.000142235	0.000258530	0.007036473	0.000004201	-0.003718841
0.086000000	-0.032345141	0.554165951	0.460092980	-0.038088781	-1.014584302	-3.121475789	0.006110613	-0.000145430	0.000264338	0.007196564	0.000004295	-0.003803448
0.087000000	-0.032338962	0.554165803	0.460093248	-0.038081504	-1.014584297	-3.121479635	0.006247946	-0.000148656	0.000270202	0.007358302	0.000004390	-0.003888926
0.088000000	-0.032332644	0.554165653	0.460093522	-0.038074064	-1.014584293	-3.121483567	0.006386671	-0.000151913	0.000276123	0.007521681	0.000004486	-0.003975270
0.089000000	-0.032326188	0.554165500	0.460093800	-0.038066460	-1.014584288	-3.121487586	0.006526780	-0.000155207	0.000282111	0.007686690	0.000004583	-0.004062476
0.090000000	-0.032319590	0.554165344	0.460094084	-0.038058690	-1.014584284	-3.121491693	0.006668275	-0.000158531	0.000288153	0.007853329	0.000004681	-0.004150544
0.091000000	-0.032312850	0.554165184	0.460094374	-0.038050752	-1.014584279	-3.121495888	0.006811149	-0.000161886	0.000294251	0.008021594	0.000004779	-0.004239471
0.092000000	-0.032305967	0.554165021	0.460094670	-0.038042646	-1.014584274	-3.121500172	0.006955399	-0.000165270	0.000300403	0.008191479	0.000004879	-0.004329254
0.093000000	-0.032298939	0.554164854	0.460094973	-0.038034368	-1.014584269	-3.121504547	0.007101020	-0.000168684	0.000306609	0.008362978	0.000004980	-0.004419890
0.094000000	-0.032291764	0.554164685	0.460095282	-0.038025919	-1.014584264	-3.121509012	0.007248008	-0.000172128	0.000312869	0.008536088	0.000005081	-0.004511377
0.095000000	-0.032284442	0.554164511	0.460095597	-0.038017295	-1.014584259	-3.121513570	0.007396358	-0.000175601	0.000319183	0.008710801	0.000005183	-0.004603712
0.096000000	-0.032276971	0.554164334	0.460095919	-0.038008496	-1.014584254	-3.121518220	0.007546066	-0.000179104	0.000325549	0.008887114	0.000005286	-0.004696891
0.097000000	-0.032269349	0.554164154	0.460096247	-0.037999520	-1.014584248	-3.121522964	0.007697128	-0.000182635	0.000331969	0.009065021	0.000005390	-0.004790913
0.098000000	-0.032261576	0.554163970	0.460096581	-0.037990365	-1.014584243	-3.121527802	0.007849539	-0.000186195	0.000338440	0.009244516	0.000005495	-0.004885774
0.099000000	-0.032253649	0.554163782	0.460096922	-0.037981030	-1.014584238	-3.121532736	0.008003294	-0.000189784	0.000344964	0.009425595	0.000005601	-0.004981472
0.100000000	-0.032245568	0.554163591	0.460097270	-0.037971513	-1.014584232	-3.121537766	0.008158389	-0.000193401	0.000351539	0.009608252	0.000005707	-0.005078004
0.101000000	-0.032237332	0.554163395	0.460097625	-0.037961813	-1.014584226	-3.121542892	0.008314820	-0.000197046	0.000358166	0.009792483	0.000005815	-0.005175367
0.102000000	-0.032228938	0.554163197	0.460097986	-0.037951928	-1.014584220	-3.121548117	0.008472583	-0.000200720	0.000364843	0.009978281	0.000005923	-0.005273558
0.103000000	-0.032220386	0.554162994	0.460098354	-0.037941856	-1.014584214	-3.121553440	0.008631672	-0.000204421	0.000371571	0.010165642	0.000006031	-0.005372576
0.104000000	-0.032211674	0.554162788	0.460098729	-0.037931596	-1.014584208	-3.121558862	0.008792084	-0.000208149	0.000378348	0.010354560	0.000006141	-0.005472416
0.105000000	-0.032202801	0.554162578	0.460099111	-0.037921146	-1.014584202	-3.121564385	0.008953814	-0.000211905	0.000385176	0.010545031	0.000006252	-0.005573076
0.106000000	-0.032193766	0.554162364	0.460099500	-0.037910505	-1.014584196	-3.121570009	0.009116857	-0.000215688	0.000392052	0.010737048	0.000006363	-0.005674553
0.107000000	-0.032184567	0.554162146	0.460099896	-0.037899671	-1.014584189	-3.121575734	0.009281210	-0.000219497	0.000398978	0.010930608	0.000006475	-0.005776845
0.108000000	-0.032175203	0.554161924	0.460100299	-0.037888643	-1.014584183	-3.121581563	0.009446867	-0.000223333	0.000405952	0.011125704	0.000006587	-0.005879950
0.109000000	-0.032165673	0.554161698	0.460100710	-0.037877419	-1.014584176	-3.121587495	0.009613825	-0.000227196	0.000412974	0.011322331	0.000006701	-0.005983863
0.110000000	-0.032155975	0.554161469	0.460101127	-0.037865998	-1.014584169	-3.121593531	0.009782079	-0.000231085	0.000420043	0.011520484	0.000006815	-0.006088582
0.111000000	-0.032146108	0.554161235	0.460101552	-0.037854378	-1.014584162	-3.121599672	0.009951624	-0.000235000	0.000427160	0.011720159	0.000006930	-0.006194105
0.112000000	-0.032136071	0.554160998	0.460101982	-0.037842557	-1.014584155	-3.121605919	0.010122446	-0.000238955	0.000434349	0.011921337	0.000007047	-0.006300424
0.113000000	-0.032125863	0.554160758	0.460102419	-0.037830535	-1.014584148	-3.121612273	0.010294547	-0.000242940	0.000441593	0.012124021	0.000007164	-0.006407538
0.114000000	-0.032115482	0.554160514	0.460102863	-0.037818309	-1.014584141	-3.121618735	0.010467926	-0.000246952	0.000448885	0.012328210	0.000007283	-0.006515448
0.115000000	-0.032104927	0.554160265	0.460103315	-0.037805878	-1.014584134	-3.121625304	0.010642577	-0.000250989	0.000456224	0.012533898	0.000007402	-0.006624149
0.116000000	-0.032094196	0.554160013	0.460103774	-0.037793240	-1.014584126	-3.121631983	0.010818498	-0.000255053	0.000463610	0.012741080	0.000007522	-0.006733640
0.117000000	-0.032083289	0.554159756	0.460104241	-0.037780395	-1.014584119	-3.121638772	0.010995682	-0.000259142	0.000471043	0.012949751	0.000007642	-0.006843918
0.118000000	-0.032072204	0.554159495	0.460104715	-0.037767340	-1.014584111	-3.121645671	0.011174126	-0.000263256	0.000478521	0.013159905	0.000007764	-0.006954980
0.119000000	-0.032060940	0.554159230	0.460105197	-0.037754075	-1.014584103	-3.121652682	0.011353826	-0.000267395	0.000486046	0.013371538	0.000007886	-0.007066822
0.120000000	-0.032049496	0.554158960	0.460105687	-0.037740597	-1.014584095	-3.121659805	0.011534776	-0.000271560	0.000493615	0.013584644	0.000008008	-0.007179443
0.121000000	-0.032037870	0.554158687	0.460106184	-0.037726905	-1.014584087	-3.121667041	0.011716973	-0.000275749	0.000501230	0.013799217	0.000008132	-0.007292840
0.122000000	-0.032026062	0.554158409	0.460106689	-0.037712998	-1.014584079	-3.121674391	0.011900412	-0.000279963	0.000508889	0.014015254	0.000008256	-0.007407009
0.123000000	-0.032014069	0.554158126	0.460107203	-0.037698874	-1.014584071	-3.121681856	0.012085089	-0.000284201	0.000516592	0.014232748	0.000008381	-0.007521948
0.124000000	-0.032001891	0.554157840	0.460107724	-0.037684532	-1.014584062	-3.121689435	0.012270998	-0.000288463	0.000524339	0.014451694	0.000008507	-0.007637654
0.125000000	-0.031989527	0.554157548	0.460108253	-0.037669970	-1.014584054	-3.121697131	0.012458137	-0.000292748	0.000532129	0.014672086	0.000008633	-0.007754125
0.126000000	-0.031976975	0.554157253	0.460108790	-0.037655187	-1.014584045	-3.121704944	0.012646499	-0.000297058	0.000539963	0.014893921	0.000008761	-0.007871357
0.127000000	-0.031964234	0.554156953	0.460109335	-0.037640182	-1.014584036	-3.121712874	0.012836082	-0.000301391	0.000547838	0.015117192	0.000008888	-0.007989349
0.128000000	-0.031951302	0.554156649	0.460109888	-0.037624952	-1.014584027	-3.121720923	0.013026879	-0.000305746	0.000555756	0.015341894	0.000009017	-0.008108096
0.129000000	-0.031938179	0.554156342	0.460110446	-0.037609498	-1.014584018	-3.121729091	0.013218888	-0.000310125	0.000563715	0.015568023	0.000009146	-0.008227597
0.130000000	-0.031924864	0.554156030	0.460111013	-0.037593816	-1.014584009	-3.121737378	0.013412103	-0.000314527	0.000571716	0.015795572	0.000009276	-0.008347849
0.131000000	-0.031911355	0.554155714	0.460111587	-0.037577906	-1.014584000	-3.121745786	0.013606520	-0.000318951	0.000579758	0.016024536	0.000009406	-0.008468848
0.132000000	-0.031897650	0.554155393	0.460112170	-0.037561766	-1.014583990	-3.121754316	0.013802135	-0.000323397	0.000587839	0.016254911	0.000009538	-0.008590592
0.133000000	-0.031883750	0.554155068	0.460112762	-0.037545395	-1.014583981	-3.121762968	0.013998943	-0.000327865	0.000595961	0.016486692	0.000009669	-0.008713079
0.134000000	-0.031869652	0.554154738	0.460113361	-0.037528792	-1.014583971	-3.121771743	0.014196939	-0.000332355	0.000604122	0.016719871	0.000009802	-0.008836305
0.135000000	-0.031855356	0.554154404	0.460113969	-0.037511955	-1.014583961	-3.121780641	0.014396120	-0.000336866	0.000612323	0.016954446	0.000009935	-0.008960268
0.136000000	-0.031840859	0.554154064	0.460114586	-0.037494883	-1.014583951	-3.121789663	0.014596481	-0.000341399	0.000620562	0.017190410	0.000010069	-0.009084965
0.137000000	-0.031826162	0.554153720	0.460115211	-0.037477574	-1.014583941	-3.121798811	0.014798017	-0.000345953	0.000628839	0.017427758	0.000010203	-0.009210393
0.138000000	-0.031811263	0.554153372	0.460115845	-0.037460027	-1.014583931	-3.121808084	0.015000724	-0.000350527	0.000637154	0.017666485	0.000010338	-0.009336549
0.139000000	-0.031796161	0.554153018	0.460116488	-0.037442241	-1.014583920	-3.121817484	0.015204598	-0.000355122	0.000645506	0.017906586	0.000010474	-0.009463431
0.140000000	-0.031780854	0.554152660	0.460117139	-0.037424214	-1.014583910	-3.121827011	0.015409634	-0.000359738	0.000653895	0.018148056	0.000010610	-0.009591036
0.141000000	-0.031765341	0.554152297	0.460117799	-0.037405944	-1.014583899	-3.121836667	0.015615827	-0.000364373	0.000662321	0.018390888	0.000010746	-0.009719362
0.142000000	-0.031749622	0.554151931	0.460118464	-0.037387431	-1.014583888	-3.121846450	0.015823174	-0.000369028	0.000670782	0.018635079	0.000010884	-0.009848404
0.143000000	-0.031733694	0.554151561	0.460119137	-0.037368674	-1.014583877	-3.121856364	0.016031669	-0.000373702	0.000679279	0.018880622	0.000011022	-0.009978161
0.144000000	-0.031717558	0.554151185	0.460119819	-0.037349669	-1.014583866	-3.121866407	0.016241309	-0.000378396	0.000687811	0.019127513	0.000011160	-0.010108630
0.145000000	-0.031701211	0.554150805	0.460120511	-0.037330418	-1.014583855	-3.121876581	0.016452089	-0.000383109	0.000696378	0.019375746	0.000011299	-0.010239808
0.146000000	-0.031684653	0.554150420	0.460121211	-0.037310917	-1.014583843	-3.121886887	0.016664004	-0.000387841	0.000704978	0.019625317	0.000011439	-0.010371692
0.147000000	-0.031667883	0.554150030	0.460121920	-0.037291167	-1.014583832	-3.121897325	0.016877050	-0.000392591	0.000713613	0.019876219	0.000011579	-0.010504280
0.148000000	-0.031650899	0.554149635	0.460122638	-0.037271165	-1.014583820	-3.121907896	0.017091223	-0.000397359	0.000722280	0.020128448	0.000011720	-0.010637568
0.149000000	-0.031633700	0.554149235	0.460123365	-0.037250910	-1.014583808	-3.121918600	0.017306518	-0.000402146	0.000730980	0.020381999	0.000011861	-0.010771554
0.150000000	-0.031616285	0.554148829	0.460124102	-0.037230400	-1.014583797	-3.121929439	0.017522930	-0.000406950	0.000739713	0.020636865	0.000012003	-0.010906236
0.151000000	-0.031598654	0.554148419	0.460124847	-0.037209635	-1.014583784	-3.121940413	0.017740456	-0.000411772	0.000748477	0.020893043	0.000012145	-0.011041609
0.152000000	-0.031580804	0.554148004	0.460125602	-0.037188614	-1.014583772	-3.121951522	0.017959091	-0.000416610	0.000757272	0.021150526	0.000012288	-0.011177673
0.153000000	-0.031562735	0.554147585	0.460126363	-0.037167334	-1.014583760	-3.121962768	0.018178830	-0.000421466	0.000766098	0.021409310	0.000012431	-0.011314423
0.154000000	-0.031544446	0.554147162	0.460127132	-0.037145795	-1.014583747	-3.121974151	0.018399669	-0.000426338	0.000774955	0.021669389	0.000012575	-0.011451858
0.155000000	-0.031525935	0.554146734	0.460127910	-0.037123995	-1.014583735	-3.121985672	0.018621604	-0.000431227	0.000783841	0.021930758	0.000012719	-0.011589973
0.156000000	-0.031507202	0.554146301	0.460128697	-0.037101933	-1.014583722	-3.121997332	0.018844629	-0.000436132	0.000792757	0.022193412	0.000012864	-0.011728768
0.157000000	-0.031488246	0.554145863	0.460129494	-0.037079607	-1.014583709	-3.122009130	0.019068742	-0.000441053	0.000801701	0.022457346	0.000013009	-0.011868238
0.158000000	-0.031469065	0.554145419	0.460130300	-0.037057018	-1.014583696	-3.122021068	0.019293936	-0.000445989	0.000810674	0.022722554	0.000013155	-0.012008381
0.159000000	-0.031449658	0.554144971	0.460131116	-0.037034162	-1.014583683	-3.122033147	0.019520209	-0.000450941	0.000819674	0.022989031	0.000013301	-0.012149194
0.160000000	-0.031430024	0.554144517	0.460131941	-0.037011039	-1.014583669	-3.122045367	0.019747555	-0.000455907	0.000828702	0.023256772	0.000013447	-0.012290675
0.161000000	-0.031410162	0.554144057	0.460132776	-0.036987648	-1.014583656	-3.122057729	0.019975969	-0.000460889	0.000837756	0.023525772	0.000013594	-0.012432821
0.162000000	-0.031390072	0.554143593	0.460133620	-0.036963987	-1.014583642	-3.122070233	0.020205448	-0.000465884	0.000846837	0.023796025	0.000013742	-0.012575628
0.163000000	-0.031369751	0.554143125	0.460134471	-0.036940056	-1.014583628	-3.122082880	0.020435988	-0.000470894	0.000855944	0.024067526	0.000013890	-0.012719095
0.164000000	-0.031349199	0.554142653	0.460135329	-0.036915852	-1.014583614	-3.122095671	0.020667582	-0.000475918	0.000865075	0.024340271	0.000014038	-0.012863218
0.165000000	-0.031328415	0.554142175	0.460136197	-0.036891375	-1.014583600	-3.122108607	0.020900228	-0.000480956	0.000874232	0.024614253	0.000014187	-0.013007994
0.166000000	-0.031307398	0.554141692	0.460137076	-0.036866623	-1.014583586	-3.122121687	0.021133921	-0.000486007	0.000883413	0.024889467	0.000014336	-0.013153422
0.167000000	-0.031286147	0.554141203	0.460137963	-0.036841595	-1.014583572	-3.122134914	0.021368656	-0.000491071	0.000892617	0.025165910	0.000014485	-0.013299497
0.168000000	-0.031264661	0.554140710	0.460138861	-0.036816290	-1.014583557	-3.122148287	0.021604429	-0.000496147	0.000901845	0.025443574	0.000014635	-0.013446218
0.169000000	-0.031242938	0.554140210	0.460139768	-0.036790708	-1.014583542	-3.122161806	0.021841235	-0.000501236	0.000911095	0.025722455	0.000014785	-0.013593581
0.170000000	-0.031220978	0.554139706	0.460140686	-0.036764845	-1.014583527	-3.122175474	0.022079070	-0.000506338	0.000920368	0.026002548	0.000014936	-0.013741585
0.171000000	-0.031198780	0.554139195	0.460141613	-0.036738702	-1.014583512	-3.122189290	0.022317930	-0.000511451	0.000929662	0.026283847	0.000015087	-0.013890225
0.172000000	-0.031176342	0.554138682	0.460142546	-0.036712277	-1.014583497	-3.122203255	0.022557810	-0.000516576	0.000938977	0.026566347	0.000015238	-0.014039499
0.173000000	-0.031153664	0.554138164	0.460143488	-0.036685569	-1.014583482	-3.122217369	0.022798705	-0.000521712	0.000948313	0.026850043	0.000015390	-0.014189405
0.174000000	-0.031130744	0.554137641	0.460144439	-0.036658577	-1.014583467	-3.122231634	0.023040612	-0.000526859	0.000957668	0.027134930	0.000015542	-0.014339939
0.175000000	-0.031107582	0.554137112	0.460145401	-0.036631299	-1.014583451	-3.122246049	0.023283526	-0.000532016	0.000967043	0.027421003	0.000015694	-0.014491099
0.176000000	-0.031084176	0.554136577	0.460146373	-0.036603734	-1.014583435	-3.122260616	0.023527442	-0.000537184	0.000976437	0.027708256	0.000015846	-0.014642883
0.177000000	-0.031060527	0.554136037	0.460147355	-0.036575882	-1.014583419	-3.122275335	0.023772355	-0.000542363	0.000985850	0.027996683	0.000015999	-0.014795287
0.178000000	-0.031036632	0.554135491	0.460148347	-0.036547741	-1.014583403	-3.122290207	0.024018263	-0.000547551	0.000995280	0.028286281	0.000016152	-0.014948308
0.179000000	-0.031012490	0.554134939	0.460149350	-0.036519309	-1.014583387	-3.122305232	0.024265160	-0.000552748	0.001004727	0.028577044	0.000016306	-0.015101944
0.180000000	-0.030988101	0.554134385	0.460150358	-0.036490586	-1.014583370	-3.122320411	0.024513041	-0.000557955	0.001014191	0.028868965	0.000016459	-0.015256193
0.181000000	-0.030963464	0.554133825	0.460151375	-0.036461571	-1.014583354	-3.122335745	0.024761902	-0.000563170	0.001023671	0.029162041	0.000016613	-0.015411050
0.182000000	-0.030938577	0.554133260	0.460152402	-0.036432262	-1.014583337	-3.122351233	0.025011739	-0.000568394	0.001033167	0.029456266	0.000016768	-0.015566514
0.183000000	-0.030913440	0.554132689	0.460153439	-0.036402658	-1.014583320	-3.122366878	0.025262547	-0.000573627	0.001042677	0.029751634	0.000016922	-0.015722582
0.184000000	-0.030888051	0.554132113	0.460154487	-0.036372758	-1.014583303	-3.122382679	0.025514323	-0.000578867	0.001052202	0.030048141	0.000017077	-0.015879251
0.185000000	-0.030862411	0.554131531	0.460155545	-0.036342561	-1.014583286	-3.122398636	0.025767061	-0.000584115	0.001061741	0.030345781	0.000017232	-0.016036518
0.186000000	-0.030836517	0.554130943	0.460156614	-0.036312066	-1.014583269	-3.122414752	0.026020756	-0.000589370	0.001071294	0.030644550	0.000017387	-0.016194380
0.187000000	-0.030810369	0.554130350	0.460157692	-0.036281272	-1.014583251	-3.122431025	0.026275406	-0.000594632	0.001080859	0.030944441	0.000017542	-0.016352835
0.188000000	-0.030783966	0.554129754	0.460158775	-0.036250177	-1.014583234	-3.122447458	0.026531004	-0.000599901	0.001090436	0.031245449	0.000017698	-0.016511880
0.189000000	-0.030757307	0.554129153	0.460159868	-0.036218780	-1.014583216	-3.122464049	0.026787548	-0.000605176	0.001100024	0.031547570	0.000017854	-0.016671512
0.190000000	-0.030730390	0.554128545	0.460160972	-0.036187081	-1.014583198	-3.122480801	0.027045031	-0.000610458	0.001109624	0.031850798	0.000018010	-0.016831729
0.191000000	-0.030703216	0.554127932	0.460162087	-0.036155078	-1.014583180	-3.122497713	0.027303451	-0.000615745	0.001119234	0.032155128	0.000018166	-0.016992527
0.192000000	-0.030675783	0.554127313	0.460163212	-0.036122771	-1.014583162	-3.122514786	0.027562802	-0.000621037	0.001128854	0.032460555	0.000018322	-0.017153903
0.193000000	-0.030648090	0.554126688	0.460164347	-0.036090157	-1.014583143	-3.122532021	0.027823079	-0.000626335	0.001138483	0.032767073	0.000018478	-0.017315856
0.194000000	-0.030620137	0.554126058	0.460165493	-0.036057236	-1.014583125	-3.122549418	0.028084280	-0.000631637	0.001148121	0.033074677	0.000018635	-0.017478382
0.195000000	-0.030591921	0.554125425	0.460166643	-0.036024007	-1.014583106	-3.122566978	0.028346398	-0.000636944	0.001157767	0.033383363	0.000018792	-0.017641479
0.196000000	-0.030563444	0.554124787	0.460167804	-0.035990469	-1.014583087	-3.122584701	0.028609430	-0.000642255	0.001167420	0.033693124	0.000018949	-0.017805143
0.197000000	-0.030534702	0.554124142	0.460168975	-0.035956620	-1.014583068	-3.122602588	0.028873372	-0.000647569	0.001177080	0.034003955	0.000019106	-0.017969372
0.198000000	-0.030505696	0.554123492	0.460170157	-0.035922461	-1.014583049	-3.122620640	0.029138218	-0.000652887	0.001186747	0.034315852	0.000019263	-0.018134163
0.199000000	-0.030476426	0.554122836	0.460171351	-0.035887988	-1.014583030	-3.122638857	0.029403965	-0.000658208	0.001196419	0.034628809	0.000019420	-0.018299514
0.200000000	-0.030446888	0.554122173	0.460172555	-0.035853203	-1.014583010	-3.122657239	0.029670608	-0.000663532	0.001206096	0.034942821	0.000019577	-0.018465421
0.201000000	-0.030417084	0.554121507	0.460173765	-0.035818103	-1.014582991	-3.122675788	0.029938142	-0.000668859	0.001215777	0.035257883	0.000019734	-0.018631883
0.202000000	-0.030387012	0.554120837	0.460174983	-0.035782687	-1.014582971	-3.122694503	0.030206563	-0.000674187	0.001225463	0.035573989	0.000019892	-0.018798895
0.203000000	-0.030356671	0.554120161	0.460176212	-0.035746954	-1.014582951	-3.122713386	0.030475867	-0.000679517	0.001235151	0.035891134	0.000020049	-0.018966456
0.204000000	-0.030326060	0.554119479	0.460177452	-0.035710904	-1.014582931	-3.122732436	0.030746049	-0.000684849	0.001244842	0.036209313	0.000020207	-0.019134562
0.205000000	-0.030295178	0.554118791	0.460178703	-0.035674535	-1.014582910	-3.122751655	0.031017104	-0.000690182	0.001254536	0.036528521	0.000020364	-0.019303211
0.206000000	-0.030264025	0.554118096	0.460179965	-0.035637847	-1.014582890	-3.122771043	0.031289030	-0.000695516	0.001264230	0.036848752	0.000020522	-0.019472400
0.207000000	-0.030232600	0.554117398	0.460181234	-0.035600837	-1.014582869	-3.122790600	0.031561820	-0.000700849	0.001273925	0.037170002	0.000020679	-0.019642126
0.208000000	-0.030200901	0.554116696	0.460182510	-0.035563506	-1.014582849	-3.122810327	0.031835470	-0.000706184	0.001283621	0.037492265	0.000020837	-0.019812386
0.209000000	-0.030168929	0.554115988	0.460183797	-0.035525852	-1.014582828	-3.122830225	0.032109977	-0.000711517	0.001293316	0.037815535	0.000020994	-0.019983179
0.210000000	-0.030136681	0.554115274	0.460185095	-0.035487875	-1.014582807	-3.122850294	0.032385335	-0.000716851	0.001303010	0.038139808	0.000021152	-0.020154500
0.211000000	-0.030104158	0.554114554	0.460186405	-0.035449573	-1.014582785	-3.122870534	0.032661540	-0.000722183	0.001312702	0.038465079	0.000021309	-0.020326347
0.212000000	-0.030071358	0.554113827	0.460187725	-0.035410945	-1.014582764	-3.122890947	0.032938589	-0.000727514	0.001322392	0.038791342	0.000021467	-0.020498718
0.213000000	-0.030038280	0.554113097	0.460189052	-0.035371990	-1.014582742	-3.122911532	0.033216475	-0.000732843	0.001332078	0.039118592	0.000021624	-0.020671609
0.214000000	-0.030004924	0.554112363	0.460190386	-0.035332707	-1.014582721	-3.122932290	0.033495195	-0.000738170	0.001341761	0.039446823	0.000021782	-0.020845019
0.215000000	-0.029971289	0.554111623	0.460191732	-0.035293095	-1.014582699	-3.122953222	0.033774745	-0.000743495	0.001351440	0.039776031	0.000021939	-0.021018943
0.216000000	-0.029937375	0.554110877	0.460193088	-0.035253154	-1.014582677	-3.122974328	0.034055120	-0.000748817	0.001361114	0.040106210	0.000022096	-0.021193379
0.217000000	-0.029903179	0.554110124	0.460194456	-0.035212883	-1.014582655	-3.122995609	0.034336315	-0.000754136	0.001370782	0.040437355	0.000022254	-0.021368325
0.218000000	-0.029868702	0.554109365	0.460195835	-0.035172280	-1.014582632	-3.123017065	0.034618327	-0.000759452	0.001380444	0.040769462	0.000022411	-0.021543778
0.219000000	-0.029833942	0.554108605	0.460197217	-0.035131344	-1.014582610	-3.123038697	0.034901150	-0.000764764	0.001390100	0.041102523	0.000022568	-0.021719735
0.220000000	-0.029798899	0.554107839	0.460198610	-0.035090074	-1.014582587	-3.123060505	0.035184780	-0.000770072	0.001399747	0.041436535	0.000022724	-0.021896193
0.221000000	-0.029763572	0.554107066	0.460200014	-0.035048470	-1.014582564	-3.123082489	0.035469214	-0.000775375	0.001409387	0.041771492	0.000022881	-0.022073150
0.222000000	-0.029727960	0.554106288	0.460201429	-0.035006531	-1.014582541	-3.123104651	0.035754445	-0.000780674	0.001419018	0.042107389	0.000023038	-0.022250602
0.223000000	-0.029692063	0.554105503	0.460202856	-0.034964255	-1.014582518	-3.123126991	0.036040471	-0.000785967	0.001428639	0.042444221	0.000023194	-0.022428547
0.224000000	-0.029655879	0.554104714	0.460204289	-0.034921642	-1.014582495	-3.123149509	0.036327286	-0.000791255	0.001438250	0.042781982	0.000023350	-0.022606982
0.225000000	-0.029619408	0.554103922	0.460205730	-0.034878691	-1.014582472	-3.123172205	0.036614886	-0.000796537	0.001447851	0.043120668	0.000023507	-0.022785904
0.226000000	-0.029582649	0.554103123	0.460207181	-0.034835400	-1.014582448	-3.123195080	0.036903267	-0.000801812	0.001457440	0.043460272	0.000023662	-0.022965311
0.227000000	-0.029545601	0.554102318	0.460208644	-0.034791770	-1.014582424	-3.123218136	0.037192425	-0.000807081	0.001467017	0.043800790	0.000023818	-0.023145200
0.228000000	-0.029508264	0.554101507	0.460210119	-0.034747799	-1.014582400	-3.123241371	0.037482354	-0.000812343	0.001476581	0.044142217	0.000023974	-0.023325568
0.229000000	-0.029470637	0.554100692	0.460211601	-0.034703485	-1.014582376	-3.123264787	0.037773050	-0.000817597	0.001486132	0.044484548	0.000024129	-0.023506412
0.230000000	-0.029432718	0.554099873	0.460213089	-0.034658829	-1.014582352	-3.123288384	0.038064509	-0.000822844	0.001495668	0.044827776	0.000024284	-0.023687730
0.231000000	-0.029394507	0.554099048	0.460214588	-0.034613829	-1.014582328	-3.123312163	0.038356727	-0.000828083	0.001505190	0.045171897	0.000024439	-0.023869518
0.232000000	-0.029356004	0.554098217	0.460216099	-0.034568485	-1.014582303	-3.123336123	0.038649699	-0.000833313	0.001514697	0.045516906	0.000024594	-0.024051775
0.233000000	-0.029317208	0.554097380	0.460217621	-0.034522795	-1.014582279	-3.123360266	0.038943421	-0.000838534	0.001524187	0.045862797	0.000024748	-0.024234496
0.234000000	-0.029278117	0.554096538	0.460219150	-0.034476759	-1.014582254	-3.123384592	0.039237887	-0.000843746	0.001533661	0.046209566	0.000024902	-0.024417680
0.235000000	-0.029238732	0.554095694	0.460220686	-0.034430376	-1.014582229	-3.123409102	0.039533094	-0.000848949	0.001543117	0.046557206	0.000025056	-0.024601324
0.236000000	-0.029199050	0.554094843	0.460222233	-0.034383644	-1.014582204	-3.123433795	0.039829038	-0.000854141	0.001552555	0.046905713	0.000025209	-0.024785424
0.237000000	-0.029159073	0.554093985	0.460223791	-0.034336564	-1.014582178	-3.123458673	0.040125714	-0.000859324	0.001561974	0.047255082	0.000025363	-0.024969979
0.238000000	-0.029118799	0.554093122	0.460225361	-0.034289134	-1.014582153	-3.123483735	0.040423117	-0.000864495	0.001571374	0.047605307	0.000025515	-0.025154984
0.239000000	-0.029078227	0.554092255	0.460226936	-0.034241353	-1.014582127	-3.123508983	0.040721243	-0.000869655	0.001580754	0.047956383	0.000025668	-0.025340439
0.240000000	-0.029037356	0.554091385	0.460228518	-0.034193221	-1.014582102	-3.123534416	0.041020088	-0.000874804	0.001590112	0.048308305	0.000025820	-0.025526339
0.241000000	-0.028996186	0.554090507	0.460230113	-0.034144736	-1.014582076	-3.123560036	0.041319647	-0.000879941	0.001599449	0.048661068	0.000025972	-0.025712682
0.242000000	-0.028954717	0.554089624	0.460231719	-0.034095899	-1.014582050	-3.123585842	0.041619916	-0.000885066	0.001608764	0.049014666	0.000026124	-0.025899466
0.243000000	-0.028912946	0.554088734	0.460233336	-0.034046707	-1.014582023	-3.123611835	0.041920890	-0.000890178	0.001618057	0.049369095	0.000026275	-0.026086687
0.244000000	-0.028870875	0.554087844	0.460234955	-0.033997160	-1.014581997	-3.123638015	0.042222564	-0.000895278	0.001627325	0.049724348	0.000026426	-0.026274342
0.245000000	-0.028828501	0.554086947	0.460236585	-0.033947258	-1.014581971	-3.123664384	0.042524935	-0.000900363	0.001636569	0.050080420	0.000026576	-0.026462430
0.246000000	-0.028785824	0.554086043	0.460238227	-0.033896999	-1.014581944	-3.123690940	0.042827998	-0.000905436	0.001645788	0.050437308	0.000026726	-0.026650947
0.247000000	-0.028742845	0.554085134	0.460239881	-0.033846383	-1.014581917	-3.123717686	0.043131749	-0.000910493	0.001654982	0.050795005	0.000026876	-0.026839890
0.248000000	-0.028699561	0.554084221	0.460241539	-0.033795409	-1.014581890	-3.123744620	0.043436183	-0.000915537	0.001664149	0.051153506	0.000027025	-0.027029257
0.249000000	-0.028655972	0.554083305	0.460243205	-0.033744076	-1.014581863	-3.123771744	0.043741295	-0.000920566	0.001673289	0.051512805	0.000027174	-0.027219044
0.250000000	-0.028612078	0.554082382	0.460244883	-0.033692383	-1.014581836	-3.123799058	0.044047082	-0.000925579	0.001682401	0.051872898	0.000027322	-0.027409250
0.251000000	-0.028567878	0.554081452	0.460246572	-0.033640330	-1.014581808	-3.123826563	0.044353539	-0.000930576	0.001691485	0.052233780	0.000027470	-0.027599871
0.252000000	-0.028523371	0.554080518	0.460248270	-0.033587915	-1.014581781	-3.123854258	0.044660661	-0.000935558	0.001700539	0.052595445	0.000027617	-0.027790904
0.253000000	-0.028478556	0.554079582	0.460249972	-0.033535138	-1.014581753	-3.123882145	0.044968443	-0.000940523	0.001709564	0.052957887	0.000027764	-0.027982348
0.254000000	-0.028433433	0.554078640	0.460251685	-0.033481999	-1.014581725	-3.123910223	0.045276883	-0.000945471	0.001718558	0.053321102	0.000027911	-0.028174198
0.255000000	-0.028388002	0.554077691	0.460253410	-0.033428496	-1.014581697	-3.123938493	0.045585974	-0.000950402	0.001727520	0.053685085	0.000028056	-0.028366452
0.256000000	-0.028342262	0.554076736	0.460255145	-0.033374629	-1.014581669	-3.123966956	0.045895713	-0.000955316	0.001736451	0.054049831	0.000028202	-0.028559108
0.257000000	-0.028296211	0.554075780	0.460256882	-0.033320396	-1.014581641	-3.123995612	0.046206095	-0.000960211	0.001745349	0.054415332	0.000028347	-0.028752163
0.258000000	-0.028249849	0.554074818	0.460258630	-0.033265798	-1.014581613	-3.124024461	0.046517116	-0.000965088	0.001754214	0.054781586	0.000028491	-0.028945614
0.259000000	-0.028203176	0.554073850	0.460260391	-0.033210833	-1.014581584	-3.124053503	0.046828772	-0.000969947	0.001763044	0.055148587	0.000028635	-0.029139457
0.260000000	-0.028156191	0.554072875	0.460262162	-0.033155500	-1.014581555	-3.124082740	0.047141057	-0.000974786	0.001771839	0.055516329	0.000028778	-0.029333691
0.261000000	-0.028108894	0.554071900	0.460263934	-0.033099800	-1.014581526	-3.124112171	0.047453967	-0.000979605	0.001780599	0.055884806	0.000028921	-0.029528313
0.262000000	-0.028061283	0.554070919	0.460265718	-0.033043730	-1.014581498	-3.124141796	0.047767499	-0.000984405	0.001789323	0.056254015	0.000029063	-0.029723319
0.263000000	-0.028013359	0.554069932	0.460267513	-0.032987291	-1.014581468	-3.124171617	0.048081647	-0.000989184	0.001798010	0.056623949	0.000029204	-0.029918708
0.264000000	-0.027965120	0.554068938	0.460269320	-0.032930482	-1.014581439	-3.124201634	0.048396408	-0.000993942	0.001806658	0.056994604	0.000029345	-0.030114476
0.265000000	-0.027916566	0.554067944	0.460271126	-0.032873302	-1.014581410	-3.124231847	0.048711776	-0.000998680	0.001815269	0.057365974	0.000029485	-0.030310620
0.266000000	-0.027867696	0.554066944	0.460272944	-0.032815750	-1.014581380	-3.124262255	0.049027747	-0.001003395	0.001823840	0.057738054	0.000029625	-0.030507138
0.267000000	-0.027818510	0.554065937	0.460274774	-0.032757826	-1.014581350	-3.124292861	0.049344317	-0.001008089	0.001832371	0.058110838	0.000029764	-0.030704027
0.268000000	-0.027769007	0.554064925	0.460276614	-0.032699528	-1.014581321	-3.124323664	0.049661482	-0.001012760	0.001840862	0.058484323	0.000029902	-0.030901284
0.269000000	-0.027719187	0.554063912	0.460278455	-0.032640857	-1.014581291	-3.124354664	0.049979236	-0.001017409	0.001849312	0.058858501	0.000030040	-0.031098907
0.270000000	-0.027669048	0.554062893	0.460280308	-0.032581811	-1.014581261	-3.124385862	0.050297576	-0.001022035	0.001857719	0.059233368	0.000030177	-0.031296892
0.271000000	-0.027618591	0.554061867	0.460282172	-0.032522390	-1.014581230	-3.124417258	0.050616497	-0.001026637	0.001866083	0.059608920	0.000030313	-0.031495237
0.272000000	-0.027567815	0.554060837	0.460284044	-0.032462593	-1.014581200	-3.124448852	0.050935995	-0.001031215	0.001874404	0.059985150	0.000030448	-0.031693940
0.273000000	-0.027516719	0.554059806	0.460285919	-0.032402419	-1.014581169	-3.124480646	0.051256064	-0.001035769	0.001882681	0.060362053	0.000030583	-0.031892996
0.274000000	-0.027465303	0.554058768	0.460287805	-0.032341868	-1.014581139	-3.124512638	0.051576702	-0.001040298	0.001890913	0.060739624	0.000030717	-0.032092404
0.275000000	-0.027413566	0.554057723	0.460289704	-0.032280940	-1.014581108	-3.124544830	0.051897903	-0.001044801	0.001899099	0.061117858	0.000030851	-0.032292161
0.276000000	-0.027361507	0.554056677	0.460291606	-0.032219633	-1.014581077	-3.124577223	0.052219663	-0.001049280	0.001907239	0.061496750	0.000030983	-0.032492265
0.277000000	-0.027309126	0.554055627	0.460293515	-0.032157946	-1.014581046	-3.124609815	0.052541977	-0.001053732	0.001915331	0.061876294	0.000031115	-0.032692711
0.278000000	-0.027256423	0.554054570	0.460295435	-0.032095880	-1.014581015	-3.124642608	0.052864842	-0.001058158	0.001923376	0.062256486	0.000031246	-0.032893498
0.279000000	-0.027203396	0.554053507	0.460297367	-0.032033433	-1.014580983	-3.124675602	0.053188252	-0.001062557	0.001931372	0.062637320	0.000031377	-0.033094622
0.280000000	-0.027150046	0.554052445	0.460299298	-0.031970605	-1.014580952	-3.124708798	0.053512203	-0.001066930	0.001939318	0.063018790	0.000031506	-0.033296082
0.281000000	-0.027096372	0.554051376	0.460301240	-0.031907395	-1.014580920	-3.124742194	0.053836690	-0.001071274	0.001947215	0.063400892	0.000031635	-0.033497873
0.282000000	-0.027042373	0.554050301	0.460303194	-0.031843803	-1.014580889	-3.124775793	0.054161710	-0.001075591	0.001955061	0.063783620	0.000031763	-0.033699994
0.283000000	-0.026988048	0.554049224	0.460305153	-0.031779828	-1.014580857	-3.124809595	0.054487258	-0.001079879	0.001962855	0.064166969	0.000031890	-0.033902442
0.284000000	-0.026933398	0.554048143	0.460307117	-0.031715469	-1.014580825	-3.124843598	0.054813329	-0.001084138	0.001970596	0.064550934	0.000032016	-0.034105214
0.285000000	-0.026878421	0.554047056	0.460309092	-0.031650726	-1.014580793	-3.124877805	0.055139919	-0.001088369	0.001978285	0.064935510	0.000032142	-0.034308306
0.286000000	-0.026823118	0.554045964	0.460311079	-0.031585598	-1.014580761	-3.124912215	0.055467024	-0.001092569	0.001985920	0.065320691	0.000032266	-0.034511717
0.287000000	-0.026767487	0.554044871	0.460313064	-0.031520084	-1.014580728	-3.124946829	0.055794638	-0.001096740	0.001993501	0.065706472	0.000032390	-0.034715444
0.288000000	-0.026711528	0.554043773	0.460315060	-0.031454184	-1.014580696	-3.124981646	0.056122759	-0.001100880	0.002001026	0.066092848	0.000032512	-0.034919483
0.289000000	-0.026655241	0.554042668	0.460317069	-0.031387898	-1.014580663	-3.125016668	0.056451380	-0.001104990	0.002008495	0.066479814	0.000032634	-0.035123833
0.290000000	-0.026598625	0.554041562	0.460319079	-0.031321225	-1.014580631	-3.125051894	0.056780498	-0.001109068	0.002015907	0.066867364	0.000032755	-0.035328489
0.291000000	-0.026541680	0.554040452	0.460321097	-0.031254163	-1.014580598	-3.125087325	0.057110109	-0.001113115	0.002023262	0.067255493	0.000032875	-0.035533450
0.292000000	-0.026484405	0.554039336	0.460323126	-0.031186713	-1.014580565	-3.125122961	0.057440207	-0.001117129	0.002030559	0.067644197	0.000032994	-0.035738713
0.293000000	-0.026426800	0.554038216	0.460325162	-0.031118875	-1.014580532	-3.125158802	0.057770789	-0.001121111	0.002037797	0.068033469	0.000033112	-0.035944275
0.294000000	-0.026368863	0.554037095	0.460327199	-0.031050646	-1.014580499	-3.125194850	0.058101849	-0.001125061	0.002044975	0.068423304	0.000033229	-0.036150133
0.295000000	-0.026310596	0.554035967	0.460329249	-0.030982028	-1.014580465	-3.125231103	0.058433385	-0.001128977	0.002052093	0.068813698	0.000033345	-0.036356284
0.296000000	-0.026251996	0.554034834	0.460331309	-0.030913019	-1.014580432	-3.125267562	0.058765390	-0.001132859	0.002059149	0.069204646	0.000033461	-0.036562726
0.297000000	-0.026193065	0.554033702	0.460333367	-0.030843618	-1.014580398	-3.125304228	0.059097861	-0.001136708	0.002066144	0.069596140	0.000033575	-0.036769456
0.298000000	-0.026133800	0.554032563	0.460335436	-0.030773826	-1.014580365	-3.125341101	0.059430793	-0.001140522	0.002073075	0.069988177	0.000033688	-0.036976471
0.299000000	-0.026074203	0.554031418	0.460337517	-0.030703642	-1.014580331	-3.125378181	0.059764182	-0.001144301	0.002079944	0.070380752	0.000033800	-0.037183768
0.300000000	-0.026014272	0.554030274	0.460339597	-0.030633064	-1.014580297	-3.125415469	0.060098023	-0.001148044	0.002086748	0.070773859	0.000033911	-0.037391345
0.301000000	-0.025954007	0.554029125	0.460341686	-0.030562094	-1.014580263	-3.125452964	0.060432312	-0.001151752	0.002093487	0.071167492	0.000034021	-0.037599198
0.302000000	-0.025893407	0.554027969	0.460343787	-0.030490729	-1.014580229	-3.125490667	0.060767045	-0.001155424	0.002100161	0.071561648	0.000034130	-0.037807325
0.303000000	-0.025832473	0.554026813	0.460345888	-0.030418970	-1.014580195	-3.125528579	0.061102216	-0.001159059	0.002106768	0.071956320	0.000034238	-0.038015724
0.304000000	-0.025771203	0.554025653	0.460347996	-0.030346816	-1.014580161	-3.125566699	0.061437822	-0.001162658	0.002113309	0.072351502	0.000034345	-0.038224391
0.305000000	-0.025709597	0.554024487	0.460350116	-0.030274267	-1.014580126	-3.125605028	0.061773858	-0.001166219	0.002119781	0.072747191	0.000034450	-0.038433324
0.306000000	-0.025647655	0.554023320	0.460352238	-0.030201322	-1.014580092	-3.125643566	0.062110320	-0.001169742	0.002126184	0.073143381	0.000034555	-0.038642520
0.307000000	-0.025585376	0.554022149	0.460354365	-0.030127980	-1.014580057	-3.125682313	0.062447203	-0.001173227	0.002132519	0.073540066	0.000034658	-0.038851976
0.308000000	-0.025522760	0.554020973	0.460356504	-0.030054242	-1.014580022	-3.125721270	0.062784503	-0.001176674	0.002138783	0.073937241	0.000034761	-0.039061689
0.309000000	-0.025459807	0.554019795	0.460358645	-0.029980106	-1.014579988	-3.125760436	0.063122215	-0.001180082	0.002144976	0.074334901	0.000034862	-0.039271657
0.310000000	-0.025396516	0.554018614	0.460360791	-0.029905572	-1.014579953	-3.125799813	0.063460334	-0.001183450	0.002151098	0.074733041	0.000034962	-0.039481877
0.311000000	-0.025332886	0.554017427	0.460362948	-0.029830639	-1.014579918	-3.125839400	0.063798858	-0.001186778	0.002157147	0.075131656	0.000035061	-0.039692345
0.312000000	-0.025268918	0.554016239	0.460365107	-0.029755308	-1.014579883	-3.125879198	0.064137780	-0.001190066	0.002163123	0.075530740	0.000035158	-0.039903061
0.313000000	-0.025204610	0.554015049	0.460367271	-0.029679578	-1.014579847	-3.125919206	0.064477097	-0.001193314	0.002169026	0.075930288	0.000035255	-0.040114019
0.314000000	-0.025139964	0.554013852	0.460369446	-0.029603448	-1.014579812	-3.125959426	0.064816804	-0.001196520	0.002174853	0.076330295	0.000035350	-0.040325219
0.315000000	-0.025074977	0.554012655	0.460371622	-0.029526917	-1.014579777	-3.125999857	0.065156897	-0.001199685	0.002180606	0.076730755	0.000035444	-0.040536656
0.316000000	-0.025009649	0.554011455	0.460373804	-0.029449986	-1.014579741	-3.126040499	0.065497370	-0.001202809	0.002186282	0.077131663	0.000035537	-0.040748329
0.317000000	-0.024943982	0.554010248	0.460375997	-0.029372654	-1.014579706	-3.126081354	0.065838221	-0.001205890	0.002191882	0.077533015	0.000035629	-0.040960234
0.318000000	-0.024877973	0.554009042	0.460378189	-0.029294920	-1.014579670	-3.126122420	0.066179444	-0.001208928	0.002197404	0.077934805	0.000035719	-0.041172368
0.319000000	-0.024811623	0.554007832	0.460380388	-0.029216784	-1.014579634	-3.126163698	0.066521034	-0.001211923	0.002202847	0.078337027	0.000035808	-0.041384730
0.320000000	-0.024744931	0.554006616	0.460382599	-0.029138246	-1.014579598	-3.126205189	0.066862989	-0.001214875	0.002208212	0.078739677	0.000035896	-0.041597316
0.321000000	-0.024677897	0.554005402	0.460384805	-0.029059304	-1.014579562	-3.126246893	0.067205301	-0.001217783	0.002213497	0.079142748	0.000035982	-0.041810123
0.322000000	-0.024610520	0.554004183	0.460387021	-0.028979960	-1.014579526	-3.126288810	0.067547969	-0.001220646	0.002218701	0.079546237	0.000036067	-0.042023148
0.323000000	-0.024542801	0.554002958	0.460389247	-0.028900212	-1.014579490	-3.126330939	0.067890987	-0.001223465	0.002223824	0.079950137	0.000036151	-0.042236390
0.324000000	-0.024474738	0.554001736	0.460391468	-0.028820059	-1.014579454	-3.126373283	0.068234350	-0.001226239	0.002228865	0.080354444	0.000036234	-0.042449845
0.325000000	-0.024406332	0.554000508	0.460393701	-0.028739503	-1.014579418	-3.126415839	0.068578054	-0.001228967	0.002233823	0.080759152	0.000036315	-0.042663509
0.326000000	-0.024337582	0.553999277	0.460395939	-0.028658541	-1.014579381	-3.126458610	0.068922096	-0.001231649	0.002238698	0.081164256	0.000036395	-0.042877382
0.327000000	-0.024268487	0.553998046	0.460398177	-0.028577174	-1.014579345	-3.126501594	0.069266469	-0.001234285	0.002243488	0.081569750	0.000036473	-0.043091459
0.328000000	-0.024199049	0.553996809	0.460400425	-0.028495401	-1.014579309	-3.126544793	0.069611170	-0.001236874	0.002248194	0.081975630	0.000036550	-0.043305738
0.329000000	-0.024129265	0.553995571	0.460402675	-0.028413223	-1.014579272	-3.126588206	0.069956195	-0.001239416	0.002252814	0.082381891	0.000036626	-0.043520216
0.330000000	-0.024059136	0.553994331	0.460404928	-0.028330637	-1.014579235	-3.126631833	0.070301538	-0.001241910	0.002257347	0.082788526	0.000036700	-0.043734891
0.331000000	-0.023988662	0.553993086	0.460407192	-0.028247646	-1.014579199	-3.126675675	0.070647196	-0.001244357	0.002261793	0.083195531	0.000036773	-0.043949760
0.332000000	-0.023917842	0.553991842	0.460409453	-0.028164246	-1.014579162	-3.126719733	0.070993164	-0.001246755	0.002266151	0.083602900	0.000036844	-0.044164819
0.333000000	-0.023846675	0.553990594	0.460411721	-0.028080440	-1.014579125	-3.126764005	0.071339437	-0.001249104	0.002270421	0.084010629	0.000036914	-0.044380066
0.334000000	-0.023775163	0.553989342	0.460413997	-0.027996225	-1.014579088	-3.126808493	0.071686012	-0.001251404	0.002274601	0.084418712	0.000036983	-0.044595499
0.335000000	-0.023703303	0.553988092	0.460416269	-0.027911602	-1.014579051	-3.126853196	0.072032883	-0.001253654	0.002278691	0.084827143	0.000037050	-0.044811115
0.336000000	-0.023631097	0.553986836	0.460418552	-0.027826571	-1.014579014	-3.126898115	0.072380047	-0.001255855	0.002282690	0.085235919	0.000037116	-0.045026910
0.337000000	-0.023558543	0.553985579	0.460420837	-0.027741130	-1.014578977	-3.126943250	0.072727498	-0.001258005	0.002286597	0.085645032	0.000037180	-0.045242882
0.338000000	-0.023485642	0.553984321	0.460423123	-0.027655280	-1.014578939	-3.126988601	0.073075232	-0.001260104	0.002290412	0.086054478	0.000037242	-0.045459029
0.339000000	-0.023412393	0.553983057	0.460425421	-0.027569021	-1.014578902	-3.127034168	0.073423246	-0.001262152	0.002294134	0.086464253	0.000037303	-0.045675347
0.340000000	-0.023338795	0.553981797	0.460427712	-0.027482352	-1.014578865	-3.127079952	0.073771533	-0.001264149	0.002297762	0.086874349	0.000037363	-0.045891833
0.341000000	-0.023264849	0.553980531	0.460430012	-0.027395272	-1.014578827	-3.127125952	0.074120091	-0.001266093	0.002301296	0.087284763	0.000037421	-0.046108486
0.342000000	-0.023190555	0.553979263	0.460432317	-0.027307782	-1.014578790	-3.127172169	0.074468914	-0.001267985	0.002304734	0.087695490	0.000037478	-0.046325302
0.343000000	-0.023115911	0.553977996	0.460434620	-0.027219881	-1.014578753	-3.127218603	0.074817998	-0.001269824	0.002308077	0.088106522	0.000037533	-0.046542279
0.344000000	-0.023040919	0.553976723	0.460436934	-0.027131569	-1.014578715	-3.127265253	0.075167339	-0.001271610	0.002311322	0.088517857	0.000037586	-0.046759413
0.345000000	-0.022965577	0.553975452	0.460439244	-0.027042845	-1.014578677	-3.127312121	0.075516932	-0.001273343	0.002314471	0.088929488	0.000037638	-0.046976702
0.346000000	-0.022889885	0.553974178	0.460441560	-0.026953710	-1.014578640	-3.127359207	0.075866772	-0.001275021	0.002317521	0.089341410	0.000037688	-0.047194143
0.347000000	-0.022813843	0.553972901	0.460443881	-0.026864162	-1.014578602	-3.127406510	0.076216856	-0.001276645	0.002320472	0.089753618	0.000037737	-0.047411733
0.348000000	-0.022737451	0.553971625	0.460446200	-0.026774202	-1.014578564	-3.127454030	0.076567178	-0.001278214	0.002323323	0.090166106	0.000037784	-0.047629470
0.349000000	-0.022660709	0.553970344	0.460448529	-0.026683830	-1.014578526	-3.127501769	0.076917735	-0.001279728	0.002326075	0.090578870	0.000037829	-0.047847351
0.350000000	-0.022583615	0.553969065	0.460450853	-0.026593045	-1.014578489	-3.127549725	0.077268521	-0.001281186	0.002328725	0.090991903	0.000037873	-0.048065373
0.351000000	-0.022506172	0.553967783	0.460453183	-0.026501846	-1.014578451	-3.127597900	0.077619533	-0.001282589	0.002331273	0.091405202	0.000037915	-0.048283533
0.352000000	-0.022428376	0.553966499	0.460455517	-0.026410234	-1.014578413	-3.127646292	0.077970766	-0.001283934	0.002333719	0.091818760	0.000037955	-0.048501829
0.353000000	-0.022350230	0.553965216	0.460457849	-0.026318209	-1.014578375	-3.127694903	0.078322215	-0.001285224	0.002336061	0.092232572	0.000037994	-0.048720257
0.354000000	-0.022271732	0.553963927	0.460460192	-0.026225769	-1.014578337	-3.127743733	0.078673877	-0.001286456	0.002338300	0.092646635	0.000038031	-0.048938816
0.355000000	-0.022192882	0.553962643	0.460462526	-0.026132915	-1.014578299	-3.127792781	0.079025746	-0.001287630	0.002340434	0.093060939	0.000038066	-0.049157501
0.356000000	-0.022113680	0.553961354	0.460464870	-0.026039647	-1.014578261	-3.127842048	0.079377818	-0.001288746	0.002342463	0.093475484	0.000038100	-0.049376311
0.357000000	-0.022034126	0.553960065	0.460467213	-0.025945964	-1.014578222	-3.127891534	0.079730088	-0.001289804	0.002344385	0.093890261	0.000038132	-0.049595243
0.358000000	-0.021954220	0.553958775	0.460469557	-0.025851866	-1.014578184	-3.127941238	0.080082553	-0.001290804	0.002346201	0.094305266	0.000038162	-0.049814293
0.359000000	-0.021873961	0.553957482	0.460471908	-0.025757354	-1.014578146	-3.127991162	0.080435208	-0.001291744	0.002347909	0.094720495	0.000038190	-0.050033460
0.360000000	-0.021793350	0.553956192	0.460474252	-0.025662425	-1.014578108	-3.128041305	0.080788047	-0.001292625	0.002349509	0.095135941	0.000038217	-0.050252740
0.361000000	-0.021712385	0.553954896	0.460476606	-0.025567082	-1.014578070	-3.128091668	0.081141068	-0.001293445	0.002351000	0.095551599	0.000038242	-0.050472131
0.362000000	-0.021631067	0.553953605	0.460478954	-0.025471322	-1.014578031	-3.128142250	0.081494264	-0.001294206	0.002352382	0.095967464	0.000038265	-0.050691629
0.363000000	-0.021549396	0.553952309	0.460481309	-0.025375147	-1.014577993	-3.128193051	0.081847633	-0.001294906	0.002353653	0.096383532	0.000038286	-0.050911233
0.364000000	-0.021467372	0.553951014	0.460483663	-0.025278555	-1.014577955	-3.128244072	0.082201169	-0.001295544	0.002354813	0.096799795	0.000038306	-0.051130939
0.365000000	-0.021384994	0.553949719	0.460486017	-0.025181547	-1.014577917	-3.128295313	0.082554867	-0.001296121	0.002355862	0.097216250	0.000038323	-0.051350744
0.366000000	-0.021302262	0.553948421	0.460488377	-0.025084122	-1.014577878	-3.128346774	0.082908725	-0.001296637	0.002356798	0.097632892	0.000038339	-0.051570646
0.367000000	-0.021219177	0.553947126	0.460490730	-0.024986281	-1.014577840	-3.128398454	0.083262736	-0.001297090	0.002357621	0.098049713	0.000038353	-0.051790642
0.368000000	-0.021135737	0.553945826	0.460493093	-0.024888023	-1.014577802	-3.128450355	0.083616897	-0.001297480	0.002358330	0.098466712	0.000038365	-0.052010729
0.369000000	-0.021051943	0.553944531	0.460495447	-0.024789348	-1.014577763	-3.128502476	0.083971203	-0.001297808	0.002358925	0.098883879	0.000038376	-0.052230905
0.370000000	-0.020967794	0.553943232	0.460497809	-0.024690255	-1.014577725	-3.128554817	0.084325650	-0.001298072	0.002359404	0.099301212	0.000038384	-0.052451166
0.371000000	-0.020883291	0.553941934	0.460500166	-0.024590745	-1.014577686	-3.128607378	0.084680232	-0.001298273	0.002359768	0.099718705	0.000038391	-0.052671510
0.372000000	-0.020798434	0.553940636	0.460502527	-0.024490818	-1.014577648	-3.128660160	0.085034947	-0.001298409	0.002360015	0.100136352	0.000038395	-0.052891935
0.373000000	-0.020713221	0.553939337	0.460504888	-0.024390472	-1.014577610	-3.128713162	0.085389788	-0.001298481	0.002360145	0.100554149	0.000038398	-0.053112436
0.374000000	-0.020627654	0.553938039	0.460507246	-0.024289709	-1.014577571	-3.128766385	0.085744753	-0.001298488	0.002360157	0.100972089	0.000038399	-0.053333013
0.375000000	-0.020541732	0.553936739	0.460509610	-0.024188528	-1.014577533	-3.128819828	0.086099836	-0.001298429	0.002360050	0.101390169	0.000038398	-0.053553661
0.376000000	-0.020455454	0.553935443	0.460511966	-0.024086929	-1.014577494	-3.128873492	0.086455032	-0.001298305	0.002359824	0.101808381	0.000038395	-0.053774378
0.377000000	-0.020368822	0.553934141	0.460514331	-0.023984911	-1.014577456	-3.128927377	0.086810338	-0.001298115	0.002359478	0.102226723	0.000038390	-0.053995161
0.378000000	-0.020281834	0.553932847	0.460516685	-0.023882475	-1.014577418	-3.128981482	0.087165748	-0.001297859	0.002359012	0.102645186	0.000038383	-0.054216008
0.379000000	-0.020194490	0.553931547	0.460519047	-0.023779621	-1.014577379	-3.129035809	0.087521260	-0.001297536	0.002358424	0.103063769	0.000038374	-0.054436916
0.380000000	-0.020106791	0.553930251	0.460521402	-0.023676348	-1.014577341	-3.129090356	0.087876866	-0.001297146	0.002357714	0.103482463	0.000038363	-0.054657882
0.381000000	-0.020018737	0.553928953	0.460523761	-0.023572656	-1.014577303	-3.129145125	0.088232565	-0.001296688	0.002356882	0.103901264	0.000038350	-0.054878903
0.382000000	-0.019930326	0.553927658	0.460526116	-0.023468545	-1.014577264	-3.129200114	0.088588350	-0.001296162	0.002355926	0.104320168	0.000038335	-0.055099976
0.383000000	-0.019841560	0.553926361	0.460528472	-0.023364016	-1.014577226	-3.129255325	0.088944218	-0.001295569	0.002354846	0.104739168	0.000038318	-0.055321099
0.384000000	-0.019752438	0.553925066	0.460530826	-0.023259067	-1.014577188	-3.129310756	0.089300164	-0.001294906	0.002353641	0.105158260	0.000038299	-0.055542269
0.385000000	-0.019662959	0.553923772	0.460533179	-0.023153699	-1.014577149	-3.129366409	0.089656184	-0.001294175	0.002352312	0.105577438	0.000038278	-0.055763483
0.386000000	-0.019573125	0.553922478	0.460535532	-0.023047912	-1.014577111	-3.129422283	0.090012273	-0.001293375	0.002350856	0.105996696	0.000038255	-0.055984738
0.387000000	-0.019482935	0.553921186	0.460537880	-0.022941706	-1.014577073	-3.129478379	0.090368426	-0.001292504	0.002349274	0.106416031	0.000038230	-0.056206033
0.388000000	-0.019392388	0.553919892	0.460540231	-0.022835080	-1.014577035	-3.129534695	0.090724640	-0.001291564	0.002347564	0.106835436	0.000038203	-0.056427362
0.389000000	-0.019301485	0.553918603	0.460542575	-0.022728035	-1.014576996	-3.129591233	0.091080909	-0.001290554	0.002345727	0.107254905	0.000038174	-0.056648725
0.390000000	-0.019210227	0.553917311	0.460544923	-0.022620570	-1.014576958	-3.129647993	0.091437230	-0.001289472	0.002343761	0.107674436	0.000038142	-0.056870119
0.391000000	-0.019118611	0.553916024	0.460547262	-0.022512686	-1.014576920	-3.129704974	0.091793597	-0.001288320	0.002341665	0.108094020	0.000038109	-0.057091539
0.392000000	-0.019026639	0.553914734	0.460549607	-0.022404382	-1.014576882	-3.129762176	0.092150007	-0.001287096	0.002339440	0.108513654	0.000038073	-0.057312985
0.393000000	-0.018934311	0.553913450	0.460551941	-0.022295658	-1.014576844	-3.129819600	0.092506454	-0.001285800	0.002337085	0.108933331	0.000038035	-0.057534452
0.394000000	-0.018841626	0.553912162	0.460554282	-0.022186515	-1.014576806	-3.129877245	0.092862935	-0.001284433	0.002334598	0.109353049	0.000037996	-0.057755939
0.395000000	-0.018748585	0.553910881	0.460556610	-0.022076952	-1.014576768	-3.129935111	0.093219444	-0.001282992	0.002331979	0.109772798	0.000037954	-0.057977442
0.396000000	-0.018655188	0.553909595	0.460558946	-0.021966970	-1.014576730	-3.129993200	0.093575979	-0.001281479	0.002329229	0.110192577	0.000037909	-0.058198959
0.397000000	-0.018561433	0.553908318	0.460561268	-0.021856567	-1.014576692	-3.130051509	0.093932532	-0.001279893	0.002326345	0.110612378	0.000037863	-0.058420487
0.398000000	-0.018467322	0.553907036	0.460563599	-0.021745745	-1.014576654	-3.130110041	0.094289102	-0.001278233	0.002323327	0.111032198	0.000037815	-0.058642023
0.399000000	-0.018372855	0.553905761	0.460565915	-0.021634503	-1.014576617	-3.130168793	0.094645682	-0.001276499	0.002320175	0.111452029	0.000037764	-0.058863564
0.400000000	-0.018278031	0.553904483	0.460568239	-0.021522841	-1.014576579	-3.130227768	0.095002269	-0.001274692	0.002316889	0.111871869	0.000037711	-0.059085108
0.401000000	-0.018182850	0.553903212	0.460570549	-0.021410759	-1.014576541	-3.130286964	0.095358857	-0.001272809	0.002313466	0.112291709	0.000037656	-0.059306652
0.402000000	-0.018087313	0.553901937	0.460572866	-0.021298258	-1.014576503	-3.130346381	0.095715444	-0.001270852	0.002309908	0.112711547	0.000037599	-0.059528193
0.403000000	-0.017991420	0.553900670	0.460575168	-0.021185336	-1.014576466	-3.130406020	0.096072023	-0.001268819	0.002306213	0.113131376	0.000037539	-0.059749728
0.404000000	-0.017895169	0.553899400	0.460577478	-0.021071995	-1.014576428	-3.130465881	0.096428591	-0.001266711	0.002302380	0.113551192	0.000037477	-0.059971255
0.405000000	-0.017798562	0.553898137	0.460579773	-0.020958234	-1.014576391	-3.130525963	0.096785142	-0.001264527	0.002298410	0.113970987	0.000037413	-0.060192771
0.406000000	-0.017701599	0.553896871	0.460582075	-0.020844053	-1.014576353	-3.130586266	0.097141675	-0.001262266	0.002294301	0.114390759	0.000037347	-0.060414272
0.407000000	-0.017604279	0.553895613	0.460584362	-0.020729452	-1.014576316	-3.130646791	0.097498181	-0.001259929	0.002290053	0.114810500	0.000037278	-0.060635757
0.408000000	-0.017506603	0.553894351	0.460586654	-0.020614432	-1.014576279	-3.130707538	0.097854659	-0.001257516	0.002285665	0.115230208	0.000037208	-0.060857222
0.409000000	-0.017408570	0.553893097	0.460588933	-0.020498992	-1.014576242	-3.130768506	0.098211101	-0.001255025	0.002281136	0.115649874	0.000037134	-0.061078665
0.410000000	-0.017310180	0.553891842	0.460591216	-0.020383132	-1.014576205	-3.130829695	0.098567507	-0.001252456	0.002276467	0.116069496	0.000037059	-0.061300083
0.411000000	-0.017211435	0.553890592	0.460593486	-0.020266853	-1.014576168	-3.130891106	0.098923869	-0.001249810	0.002271656	0.116489066	0.000036981	-0.061521474
0.412000000	-0.017112333	0.553889342	0.460595758	-0.020150154	-1.014576131	-3.130952738	0.099280184	-0.001247085	0.002266704	0.116908581	0.000036901	-0.061742833
0.413000000	-0.017012874	0.553888098	0.460598020	-0.020033036	-1.014576094	-3.131014591	0.099636447	-0.001244282	0.002261608	0.117328034	0.000036819	-0.061964159
0.414000000	-0.016913060	0.553886854	0.460600281	-0.019915498	-1.014576057	-3.131076666	0.099992655	-0.001241400	0.002256369	0.117747421	0.000036734	-0.062185449
0.415000000	-0.016812889	0.553885615	0.460602533	-0.019797541	-1.014576020	-3.131138962	0.100348801	-0.001238439	0.002250986	0.118166735	0.000036647	-0.062406700
0.416000000	-0.016712362	0.553884378	0.460604782	-0.019679164	-1.014575984	-3.131201480	0.100704882	-0.001235398	0.002245459	0.118585973	0.000036558	-0.062627910
0.417000000	-0.016611479	0.553883144	0.460607025	-0.019560369	-1.014575947	-3.131264218	0.101060893	-0.001232278	0.002239787	0.119005128	0.000036466	-0.062849075
0.418000000	-0.016510240	0.553881914	0.460609261	-0.019441154	-1.014575911	-3.131327178	0.101416830	-0.001229077	0.002233969	0.119424196	0.000036372	-0.063070193
0.419000000	-0.016408646	0.553880685	0.460611493	-0.019321521	-1.014575875	-3.131390358	0.101772689	-0.001225796	0.002228005	0.119843171	0.000036275	-0.063291261
0.420000000	-0.016306695	0.553879462	0.460613716	-0.019201468	-1.014575838	-3.131453760	0.102128464	-0.001222434	0.002221894	0.120262047	0.000036176	-0.063512276
0.421000000	-0.016204389	0.553878240	0.460615939	-0.019080996	-1.014575802	-3.131517383	0.102484152	-0.001218992	0.002215636	0.120680820	0.000036075	-0.063733235
0.422000000	-0.016101727	0.553877025	0.460618147	-0.018960106	-1.014575766	-3.131581227	0.102839747	-0.001215468	0.002209231	0.121099484	0.000035971	-0.063954137
0.423000000	-0.015998709	0.553875808	0.460620359	-0.018838798	-1.014575730	-3.131645291	0.103195247	-0.001211862	0.002202677	0.121518035	0.000035865	-0.064174977
0.424000000	-0.015895336	0.553874601	0.460622552	-0.018717070	-1.014575695	-3.131709577	0.103550644	-0.001208175	0.002195974	0.121936465	0.000035756	-0.064395754
0.425000000	-0.015791608	0.553873392	0.460624749	-0.018594925	-1.014575659	-3.131774083	0.103905937	-0.001204405	0.002189121	0.122354772	0.000035645	-0.064616464
0.426000000	-0.015687525	0.553872192	0.460626931	-0.018472361	-1.014575623	-3.131838809	0.104261119	-0.001200553	0.002182119	0.122772947	0.000035532	-0.064837105
0.427000000	-0.015583086	0.553870992	0.460629111	-0.018349379	-1.014575588	-3.131903757	0.104616187	-0.001196618	0.002174966	0.123190989	0.000035416	-0.065057673
0.428000000	-0.015478292	0.553869798	0.460631282	-0.018225979	-1.014575552	-3.131968925	0.104971135	-0.001192600	0.002167662	0.123608889	0.000035298	-0.065278167
0.429000000	-0.015373144	0.553868608	0.460633445	-0.018102161	-1.014575517	-3.132034313	0.105325960	-0.001188498	0.002160206	0.124026644	0.000035177	-0.065498583
0.430000000	-0.015267640	0.553867421	0.460635603	-0.017977926	-1.014575482	-3.132099922	0.105680657	-0.001184313	0.002152599	0.124444248	0.000035053	-0.065718919
0.431000000	-0.015161782	0.553866240	0.460637750	-0.017853273	-1.014575447	-3.132165751	0.106035221	-0.001180043	0.002144839	0.124861695	0.000034928	-0.065939171
0.432000000	-0.015055570	0.553865059	0.460639895	-0.017728202	-1.014575412	-3.132231800	0.106389649	-0.001175690	0.002136925	0.125278982	0.000034799	-0.066159338
0.433000000	-0.014949003	0.553863889	0.460642023	-0.017602715	-1.014575377	-3.132298070	0.106743934	-0.001171252	0.002128858	0.125696101	0.000034668	-0.066379415
0.434000000	-0.014842082	0.553862717	0.460644152	-0.017476810	-1.014575343	-3.132364559	0.107098075	-0.001166729	0.002120637	0.126113048	0.000034535	-0.066599402
0.435000000	-0.014734807	0.553861555	0.460646265	-0.017350489	-1.014575308	-3.132431268	0.107452063	-0.001162121	0.002112261	0.126529818	0.000034399	-0.066819294
0.436000000	-0.014627178	0.553860394	0.460648374	-0.017223751	-1.014575274	-3.132498198	0.107805898	-0.001157428	0.002103730	0.126946405	0.000034261	-0.067039089
0.437000000	-0.014519195	0.553859239	0.460650474	-0.017096596	-1.014575240	-3.132565347	0.108159573	-0.001152649	0.002095043	0.127362804	0.000034120	-0.067258785
0.438000000	-0.014410859	0.553858090	0.460652563	-0.016969025	-1.014575206	-3.132632715	0.108513083	-0.001147784	0.002086200	0.127779009	0.000033976	-0.067478377
0.439000000	-0.014302169	0.553856942	0.460654648	-0.016841038	-1.014575172	-3.132700303	0.108866426	-0.001142833	0.002077201	0.128195017	0.000033830	-0.067697865
0.440000000	-0.014193126	0.553855804	0.460656717	-0.016712635	-1.014575138	-3.132768111	0.109219595	-0.001137795	0.002068044	0.128610820	0.000033681	-0.067917245
0.441000000	-0.014083730	0.553854667	0.460658785	-0.016583816	-1.014575104	-3.132836138	0.109572587	-0.001132671	0.002058730	0.129026414	0.000033530	-0.068136513
0.442000000	-0.013973981	0.553853539	0.460660835	-0.016454582	-1.014575071	-3.132904384	0.109925397	-0.001127460	0.002049258	0.129441794	0.000033376	-0.068355668
0.443000000	-0.013863879	0.553852413	0.460662880	-0.016324933	-1.014575038	-3.132972849	0.110278020	-0.001122162	0.002039627	0.129856954	0.000033220	-0.068574707
0.444000000	-0.013753425	0.553851294	0.460664916	-0.016194868	-1.014575005	-3.133041533	0.110630453	-0.001116776	0.002029837	0.130271889	0.000033061	-0.068793626
0.445000000	-0.013642618	0.553850181	0.460666938	-0.016064389	-1.014574972	-3.133110436	0.110982689	-0.001111302	0.002019888	0.130686594	0.000032899	-0.069012424
0.446000000	-0.013531460	0.553849069	0.460668959	-0.015933495	-1.014574939	-3.133179558	0.111334727	-0.001105740	0.002009778	0.131101064	0.000032735	-0.069231097
0.447000000	-0.013419949	0.553847969	0.460670958	-0.015802187	-1.014574906	-3.133248898	0.111686559	-0.001100090	0.001999509	0.131515291	0.000032568	-0.069449643
0.448000000	-0.013308087	0.553846871	0.460672955	-0.015670465	-1.014574874	-3.133318457	0.112038183	-0.001094352	0.001989078	0.131929274	0.000032399	-0.069668058
0.449000000	-0.013195873	0.553845780	0.460674937	-0.015538329	-1.014574841	-3.133388234	0.112389593	-0.001088524	0.001978486	0.132343005	0.000032227	-0.069886341
0.450000000	-0.013083308	0.553844695	0.460676910	-0.015405779	-1.014574809	-3.133458230	0.112740785	-0.001082608	0.001967732	0.132756479	0.000032052	-0.070104487
0.451000000	-0.012970391	0.553843613	0.460678876	-0.015272816	-1.014574777	-3.133528443	0.113091755	-0.001076603	0.001956816	0.133169691	0.000031875	-0.070322495
0.452000000	-0.012857124	0.553842542	0.460680823	-0.015139440	-1.014574746	-3.133598875	0.113442497	-0.001070508	0.001945738	0.133582636	0.000031695	-0.070540362
0.453000000	-0.012743506	0.553841473	0.460682766	-0.015005651	-1.014574714	-3.133669524	0.113793009	-0.001064323	0.001934496	0.133995308	0.000031512	-0.070758085
0.454000000	-0.012629538	0.553840413	0.460684693	-0.014871449	-1.014574682	-3.133740391	0.114143284	-0.001058049	0.001923091	0.134407702	0.000031327	-0.070975661
0.455000000	-0.012515220	0.553839358	0.460686610	-0.014736835	-1.014574651	-3.133811475	0.114493319	-0.001051684	0.001911522	0.134819814	0.000031139	-0.071193088
0.456000000	-0.012400552	0.553838308	0.460688519	-0.014601810	-1.014574620	-3.133882777	0.114843110	-0.001045229	0.001899789	0.135231637	0.000030948	-0.071410362
0.457000000	-0.012285534	0.553837268	0.460690408	-0.014466372	-1.014574589	-3.133954296	0.115192649	-0.001038683	0.001887891	0.135643165	0.000030754	-0.071627481
0.458000000	-0.012170166	0.553836231	0.460692293	-0.014330523	-1.014574559	-3.134026032	0.115541936	-0.001032046	0.001875828	0.136054396	0.000030558	-0.071844442
0.459000000	-0.012054450	0.553835203	0.460694161	-0.014194263	-1.014574528	-3.134097985	0.115890964	-0.001025318	0.001863600	0.136465321	0.000030360	-0.072061243
0.460000000	-0.011938385	0.553834182	0.460696018	-0.014057593	-1.014574498	-3.134170154	0.116239729	-0.001018499	0.001851205	0.136875937	0.000030158	-0.072277880
0.461000000	-0.011821971	0.553833164	0.460697868	-0.013920512	-1.014574468	-3.134242541	0.116588227	-0.001011589	0.001838644	0.137286239	0.000029954	-0.072494351
0.462000000	-0.011705208	0.553832159	0.460699695	-0.013783020	-1.014574438	-3.134315143	0.116936452	-0.001004586	0.001825916	0.137696219	0.000029747	-0.072710654
0.463000000	-0.011588098	0.553831157	0.460701516	-0.013645119	-1.014574408	-3.134387962	0.117284401	-0.000997492	0.001813022	0.138105875	0.000029537	-0.072926784
0.464000000	-0.011470639	0.553830163	0.460703323	-0.013506809	-1.014574379	-3.134460997	0.117632070	-0.000990306	0.001799959	0.138515199	0.000029325	-0.073142740
0.465000000	-0.011352834	0.553829177	0.460705114	-0.013368089	-1.014574350	-3.134534247	0.117979452	-0.000983027	0.001786729	0.138924187	0.000029109	-0.073358519
0.466000000	-0.011234681	0.553828195	0.460706899	-0.013228960	-1.014574321	-3.134607714	0.118326545	-0.000975656	0.001773331	0.139332835	0.000028892	-0.073574118
0.467000000	-0.011116181	0.553827225	0.460708661	-0.013089423	-1.014574292	-3.134681395	0.118673342	-0.000968192	0.001759764	0.139741135	0.000028671	-0.073789534
0.468000000	-0.010997334	0.553826261	0.460710414	-0.012949478	-1.014574263	-3.134755293	0.119019841	-0.000960635	0.001746028	0.140149083	0.000028447	-0.074004765
0.469000000	-0.010878141	0.553825302	0.460712157	-0.012809125	-1.014574235	-3.134829405	0.119366038	-0.000952984	0.001732123	0.140556675	0.000028221	-0.074219807
0.470000000	-0.010758602	0.553824356	0.460713878	-0.012668365	-1.014574207	-3.134903732	0.119711924	-0.000945241	0.001718048	0.140963903	0.000027992	-0.074434658
0.471000000	-0.010638717	0.553823413	0.460715591	-0.012527198	-1.014574179	-3.134978274	0.120057499	-0.000937404	0.001703804	0.141370764	0.000027760	-0.074649316
0.472000000	-0.010518487	0.553822479	0.460717288	-0.012385624	-1.014574151	-3.135053031	0.120402757	-0.000929473	0.001689388	0.141777251	0.000027526	-0.074863776
0.473000000	-0.010397912	0.553821555	0.460718967	-0.012243643	-1.014574124	-3.135128002	0.120747693	-0.000921448	0.001674803	0.142183360	0.000027289	-0.075078038
0.474000000	-0.010276992	0.553820636	0.460720638	-0.012101257	-1.014574097	-3.135203187	0.121092304	-0.000913330	0.001660046	0.142589086	0.000027048	-0.075292097
0.475000000	-0.010155727	0.553819728	0.460722289	-0.011958465	-1.014574070	-3.135278586	0.121436583	-0.000905117	0.001645118	0.142994421	0.000026806	-0.075505952
0.476000000	-0.010034119	0.553818828	0.460723925	-0.011815268	-1.014574043	-3.135354199	0.121780527	-0.000896809	0.001630018	0.143399363	0.000026560	-0.075719599
0.477000000	-0.009912167	0.553817932	0.460725553	-0.011671667	-1.014574017	-3.135430025	0.122124133	-0.000888407	0.001614746	0.143803906	0.000026311	-0.075933035
0.478000000	-0.009789871	0.553817051	0.460727155	-0.011527661	-1.014573991	-3.135506065	0.122467393	-0.000879910	0.001599302	0.144208042	0.000026060	-0.076146259
0.479000000	-0.009667232	0.553816175	0.460728747	-0.011383251	-1.014573965	-3.135582317	0.122810305	-0.000871318	0.001583685	0.144611769	0.000025806	-0.076359266
0.480000000	-0.009544250	0.553815306	0.460730327	-0.011238437	-1.014573939	-3.135658783	0.123152864	-0.000862631	0.001567896	0.145015081	0.000025549	-0.076572055
0.481000000	-0.009420926	0.553814450	0.460731882	-0.011093221	-1.014573914	-3.135735461	0.123495065	-0.000853849	0.001551933	0.145417970	0.000025289	-0.076784622
0.482000000	-0.009297260	0.553813600	0.460733427	-0.010947601	-1.014573888	-3.135812352	0.123836904	-0.000844971	0.001535797	0.145820434	0.000025026	-0.076996965
0.483000000	-0.009173253	0.553812758	0.460734957	-0.010801580	-1.014573864	-3.135889455	0.124178377	-0.000835998	0.001519487	0.146222468	0.000024761	-0.077209081
0.484000000	-0.009048904	0.553811929	0.460736464	-0.010655157	-1.014573839	-3.135966770	0.124519477	-0.000826929	0.001503003	0.146624063	0.000024492	-0.077420968
0.485000000	-0.008924214	0.553811105	0.460737961	-0.010508332	-1.014573815	-3.136044297	0.124860203	-0.000817764	0.001486345	0.147025217	0.000024221	-0.077632621
0.486000000	-0.008799183	0.553810291	0.460739440	-0.010361106	-1.014573790	-3.136122035	0.125200548	-0.000808503	0.001469512	0.147425923	0.000023947	-0.077844040
0.487000000	-0.008673813	0.553809489	0.460740898	-0.010213480	-1.014573767	-3.136199985	0.125540508	-0.000799146	0.001452505	0.147826176	0.000023670	-0.078055220
0.488000000	-0.008548102	0.553808694	0.460742344	-0.010065454	-1.014573743	-3.136278146	0.125880080	-0.000789692	0.001435322	0.148225972	0.000023390	-0.078266160
0.489000000	-0.008422053	0.553807908	0.460743772	-0.009917029	-1.014573720	-3.136356517	0.126219257	-0.000780142	0.001417964	0.148625304	0.000023108	-0.078476856
0.490000000	-0.008295664	0.553807135	0.460745178	-0.009768204	-1.014573697	-3.136435099	0.126558036	-0.000770496	0.001400431	0.149024167	0.000022822	-0.078687305
0.491000000	-0.008168937	0.553806368	0.460746572	-0.009618980	-1.014573674	-3.136513892	0.126896412	-0.000760752	0.001382721	0.149422557	0.000022534	-0.078897506
0.492000000	-0.008041871	0.553805611	0.460747946	-0.009469359	-1.014573652	-3.136592894	0.127234382	-0.000750912	0.001364836	0.149820468	0.000022243	-0.079107455
0.493000000	-0.007914468	0.553804867	0.460749299	-0.009319340	-1.014573630	-3.136672107	0.127571938	-0.000740975	0.001346774	0.150217893	0.000021948	-0.079317149
0.494000000	-0.007786728	0.553804130	0.460750639	-0.009168923	-1.014573608	-3.136751529	0.127909079	-0.000730941	0.001328536	0.150614830	0.000021651	-0.079526585
0.495000000	-0.007658650	0.553803404	0.460751960	-0.009018110	-1.014573586	-3.136831160	0.128245799	-0.000720809	0.001310121	0.151011271	0.000021351	-0.079735762
0.496000000	-0.007530236	0.553802690	0.460753257	-0.008866901	-1.014573565	-3.136911000	0.128582093	-0.000710581	0.001291529	0.151407211	0.000021049	-0.079944675
0.497000000	-0.007401486	0.553801983	0.460754541	-0.008715296	-1.014573544	-3.136991049	0.128917958	-0.000700254	0.001272760	0.151802645	0.000020743	-0.080153323
0.498000000	-0.007272400	0.553801287	0.460755806	-0.008563296	-1.014573524	-3.137071307	0.129253388	-0.000689830	0.001253814	0.152197569	0.000020434	-0.080361702
0.499000000	-0.007142979	0.553800605	0.460757047	-0.008410901	-1.014573504	-3.137151772	0.129588378	-0.000679309	0.001234690	0.152591976	0.000020123	-0.080569810
0.500000000	-0.007013224	0.553799930	0.460758273	-0.008258112	-1.014573484	-3.137232446	0.129922926	-0.000668690	0.001215389	0.152985861	0.000019808	-0.080777645
0.501000000	-0.006883134	0.553799265	0.460759482	-0.008104929	-1.014573464	-3.137313327	0.130257026	-0.000657972	0.001195910	0.153379220	0.000019491	-0.080985202
0.502000000	-0.006752710	0.553798614	0.460760664	-0.007951354	-1.014573445	-3.137394416	0.130590673	-0.000647157	0.001176252	0.153772046	0.000019171	-0.081192480
0.503000000	-0.006621953	0.553797973	0.460761830	-0.007797385	-1.014573426	-3.137475712	0.130923863	-0.000636244	0.001156416	0.154164334	0.000018848	-0.081399475
0.504000000	-0.006490862	0.553797339	0.460762982	-0.007643025	-1.014573407	-3.137557215	0.131256592	-0.000625233	0.001136402	0.154556081	0.000018522	-0.081606186
0.505000000	-0.006359439	0.553796722	0.460764104	-0.007488273	-1.014573389	-3.137638925	0.131588853	-0.000614123	0.001116210	0.154947277	0.000018193	-0.081812608
0.506000000	-0.006227685	0.553796114	0.460765209	-0.007333131	-1.014573371	-3.137720840	0.131920645	-0.000602915	0.001095838	0.155337920	0.000017861	-0.082018741
0.507000000	-0.006095598	0.553795515	0.460766298	-0.007177598	-1.014573353	-3.137802962	0.132251962	-0.000591609	0.001075288	0.155728006	0.000017526	-0.082224579
0.508000000	-0.005963181	0.553794930	0.460767361	-0.007021675	-1.014573335	-3.137885289	0.132582799	-0.000580204	0.001054559	0.156117526	0.000017188	-0.082430122
0.509000000	-0.005830433	0.553794356	0.460768403	-0.006865363	-1.014573318	-3.137967822	0.132913151	-0.000568700	0.001033650	0.156506477	0.000016848	-0.082635366
0.510000000	-0.005697355	0.553793792	0.460769428	-0.006708662	-1.014573302	-3.138050560	0.133243015	-0.000557098	0.001012563	0.156894854	0.000016504	-0.082840308
0.511000000	-0.005563947	0.553793240	0.460770432	-0.006551573	-1.014573285	-3.138133503	0.133572386	-0.000545397	0.000991296	0.157282650	0.000016157	-0.083044945
0.512000000	-0.005430210	0.553792703	0.460771409	-0.006394097	-1.014573269	-3.138216650	0.133901259	-0.000533598	0.000969849	0.157669860	0.000015808	-0.083249276
0.513000000	-0.005296145	0.553792175	0.460772369	-0.006236234	-1.014573254	-3.138300001	0.134229629	-0.000521699	0.000948223	0.158056480	0.000015456	-0.083453297
0.514000000	-0.005161751	0.553791656	0.460773311	-0.006077984	-1.014573238	-3.138383556	0.134557494	-0.000509702	0.000926417	0.158442505	0.000015100	-0.083657004
0.515000000	-0.005027030	0.553791155	0.460774222	-0.005919349	-1.014573224	-3.138467315	0.134884846	-0.000497606	0.000904431	0.158827927	0.000014742	-0.083860397
0.516000000	-0.004891982	0.553790664	0.460775114	-0.005760329	-1.014573209	-3.138551277	0.135211682	-0.000485411	0.000882266	0.159212742	0.000014381	-0.084063471
0.517000000	-0.004756607	0.553790183	0.460775988	-0.005600924	-1.014573195	-3.138635442	0.135537999	-0.000473116	0.000859920	0.159596946	0.000014017	-0.084266224
0.518000000	-0.004620906	0.553789716	0.460776837	-0.005441135	-1.014573181	-3.138719809	0.135863791	-0.000460723	0.000837394	0.159980533	0.000013649	-0.084468654
0.519000000	-0.004484879	0.553789263	0.460777660	-0.005280963	-1.014573168	-3.138804379	0.136189052	-0.000448231	0.000814688	0.160363496	0.000013279	-0.084670757
0.520000000	-0.004348528	0.553788821	0.460778464	-0.005120408	-1.014573154	-3.138889151	0.136513780	-0.000435639	0.000791802	0.160745832	0.000012906	-0.084872531
0.521000000	-0.004211852	0.553788389	0.460779249	-0.004959471	-1.014573142	-3.138974124	0.136837971	-0.000422948	0.000768736	0.161127536	0.000012530	-0.085073972
0.522000000	-0.004074852	0.553787975	0.460780002	-0.004798153	-1.014573129	-3.139059299	0.137161616	-0.000410158	0.000745489	0.161508599	0.000012152	-0.085275079
0.523000000	-0.003937529	0.553787572	0.460780734	-0.004636454	-1.014573117	-3.139144674	0.137484715	-0.000397269	0.000722062	0.161889019	0.000011770	-0.085475848
0.524000000	-0.003799883	0.553787180	0.460781447	-0.004474375	-1.014573106	-3.139230250	0.137807262	-0.000384281	0.000698455	0.162268790	0.000011385	-0.085676277
0.525000000	-0.003661915	0.553786801	0.460782135	-0.004311917	-1.014573095	-3.139316026	0.138129253	-0.000371193	0.000674667	0.162647907	0.000010997	-0.085876363
0.526000000	-0.003523624	0.553786439	0.460782794	-0.004149080	-1.014573084	-3.139402003	0.138450681	-0.000358006	0.000650699	0.163026362	0.000010607	-0.086076103
0.527000000	-0.003385013	0.553786087	0.460783433	-0.003985865	-1.014573073	-3.139488179	0.138771545	-0.000344719	0.000626550	0.163404154	0.000010213	-0.086275494
0.528000000	-0.003246082	0.553785747	0.460784051	-0.003822272	-1.014573063	-3.139574554	0.139091839	-0.000331334	0.000602220	0.163781275	0.000009816	-0.086474534
0.529000000	-0.003106830	0.553785423	0.460784640	-0.003658302	-1.014573054	-3.139661128	0.139411557	-0.000317849	0.000577710	0.164157720	0.000009417	-0.086673220
0.530000000	-0.002967259	0.553785114	0.460785202	-0.003493957	-1.014573045	-3.139747900	0.139730696	-0.000304264	0.000553020	0.164533483	0.000009015	-0.086871549
0.531000000	-0.002827369	0.553784816	0.460785744	-0.003329235	-1.014573036	-3.139834871	0.140049252	-0.000290581	0.000528149	0.164908561	0.000008609	-0.087069518
0.532000000	-0.002687160	0.553784530	0.460786264	-0.003164140	-1.014573027	-3.139922039	0.140367220	-0.000276798	0.000503097	0.165282947	0.000008201	-0.087267125
0.533000000	-0.002546634	0.553784262	0.460786751	-0.002998670	-1.014573019	-3.140009405	0.140684594	-0.000262915	0.000477865	0.165656635	0.000007790	-0.087464366
0.534000000	-0.002405791	0.553784007	0.460787214	-0.002832827	-1.014573012	-3.140096967	0.141001371	-0.000248934	0.000452453	0.166029621	0.000007375	-0.087661240
0.535000000	-0.002264632	0.553783764	0.460787655	-0.002666611	-1.014573005	-3.140184727	0.141317546	-0.000234853	0.000426860	0.166401900	0.000006958	-0.087857742
0.536000000	-0.002123156	0.553783534	0.460788074	-0.002500023	-1.014572998	-3.140272683	0.141633116	-0.000220673	0.000401087	0.166773466	0.000006538	-0.088053872
0.537000000	-0.001981366	0.553783323	0.460788458	-0.002333064	-1.014572992	-3.140360835	0.141948073	-0.000206393	0.000375133	0.167144312	0.000006115	-0.088249625
0.538000000	-0.001839261	0.553783124	0.460788818	-0.002165735	-1.014572986	-3.140449182	0.142262415	-0.000192015	0.000348999	0.167514436	0.000005689	-0.088444999
0.539000000	-0.001696841	0.553782939	0.460789155	-0.001998035	-1.014572980	-3.140537724	0.142576138	-0.000177537	0.000322685	0.167883830	0.000005260	-0.088639991
0.540000000	-0.001554108	0.553782766	0.460789469	-0.001829967	-1.014572975	-3.140626462	0.142889236	-0.000162960	0.000296191	0.168252491	0.000004828	-0.088834598
0.541000000	-0.001411063	0.553782613	0.460789748	-0.001661531	-1.014572971	-3.140715394	0.143201704	-0.000148284	0.000269516	0.168620411	0.000004393	-0.089028819
0.542000000	-0.001267705	0.553782473	0.460790002	-0.001492727	-1.014572966	-3.140804519	0.143513539	-0.000133509	0.000242662	0.168987586	0.000003955	-0.089222649
0.543000000	-0.001124036	0.553782346	0.460790233	-0.001323556	-1.014572963	-3.140893839	0.143824736	-0.000118635	0.000215628	0.169354012	0.000003515	-0.089416086
0.544000000	-0.000980056	0.553782233	0.460790439	-0.001154019	-1.014572959	-3.140983351	0.144135291	-0.000103662	0.000188413	0.169719682	0.000003071	-0.089609128
0.545000000	-0.000835766	0.553782138	0.460790610	-0.000984117	-1.014572956	-3.141073057	0.144445198	-0.000088591	0.000161019	0.170084590	0.000002624	-0.089801771
0.546000000	-0.000691166	0.553782058	0.460790756	-0.000813850	-1.014572954	-3.141162955	0.144754453	-0.000073420	0.000133446	0.170448732	0.000002175	-0.089994013
0.547000000	-0.000546257	0.553781992	0.460790876	-0.000643219	-1.014572952	-3.141253045	0.145063052	-0.000058150	0.000105693	0.170812103	0.000001723	-0.090185852
0.548000000	-0.000401040	0.553781940	0.460790971	-0.000472226	-1.014572951	-3.141343326	0.145370991	-0.000042782	0.000077760	0.171174698	0.000001267	-0.090377283
0.549000000	-0.000255515	0.553781906	0.460791033	-0.000300870	-1.014572950	-3.141433799	0.145678263	-0.000027315	0.000049648	0.171536509	0.000000809	-0.090568306
0.550000000	-0.000109684	0.553781888	0.460791066	-0.000129153	-1.014572949	-3.141524463	0.145984866	-0.000011750	0.000021357	0.171897533	0.000000348	-0.090758916
0.551000000	0.000036454	0.553781883	0.460791074	0.000042924	-1.014572949	-3.141615317	0.146290795	0.000003914	-0.000007113	0.172257765	-0.000000116	-0.090949111
0.552000000	0.000182898	0.553781894	0.460791055	0.000215362	-1.014572949	-3.141706361	0.146596045	0.000019676	-0.000035762	0.172617198	-0.000000583	-0.091138888
0.553000000	0.000329646	0.553781921	0.460791006	0.000388159	-1.014572950	-3.141797594	0.146900611	0.000035536	-0.000064589	0.172975828	-0.000001053	-0.091328245
0.554000000	0.000476699	0.553781966	0.460790923	0.000561313	-1.014572951	-3.141889017	0.147204489	0.000051495	-0.000093595	0.173333649	-0.000001526	-0.091517178
0.555000000	0.000624055	0.553782026	0.460790814	0.000734826	-1.014572953	-3.141980629	0.147507675	0.000067552	-0.000122779	0.173690655	-0.000002002	-0.091705686
0.556000000	0.000771714	0.553782101	0.460790679	0.000908694	-1.014572955	-3.142072428	0.147810164	0.000083707	-0.000152142	0.174046843	-0.000002481	-0.091893765
0.557000000	0.000919675	0.553782190	0.460790516	0.001082919	-1.014572958	-3.142164416	0.148111952	0.000099960	-0.000181683	0.174402206	-0.000002962	-0.092081412
0.558000000	0.001067938	0.553782301	0.460790316	0.001257499	-1.014572961	-3.142256591	0.148413032	0.000116311	-0.000211401	0.174756738	-0.000003447	-0.092268625
0.559000000	0.001216501	0.553782426	0.460790087	0.001432432	-1.014572965	-3.142348953	0.148713402	0.000132759	-0.000241297	0.175110435	-0.000003934	-0.092455401
0.560000000	0.001365364	0.553782567	0.460789831	0.001607719	-1.014572969	-3.142441502	0.149013057	0.000149305	-0.000271370	0.175463291	-0.000004424	-0.092641737
0.561000000	0.001514527	0.553782723	0.460789547	0.001783359	-1.014572974	-3.142534237	0.149311993	0.000165949	-0.000301621	0.175815302	-0.000004917	-0.092827630
0.562000000	0.001663988	0.553782897	0.460789232	0.001959350	-1.014572979	-3.142627157	0.149610204	0.000182689	-0.000332048	0.176166461	-0.000005413	-0.093013078
0.563000000	0.001813747	0.553783090	0.460788881	0.002135691	-1.014572985	-3.142720263	0.149907686	0.000199527	-0.000362653	0.176516763	-0.000005912	-0.093198078
0.564000000	0.001963803	0.553783298	0.460788502	0.002312383	-1.014572991	-3.142813553	0.150204434	0.000216463	-0.000393434	0.176866202	-0.000006414	-0.093382627
0.565000000	0.002114155	0.553783523	0.460788094	0.002489423	-1.014572998	-3.142907028	0.150500445	0.000233495	-0.000424391	0.177214775	-0.000006919	-0.093566722
0.566000000	0.002264804	0.553783763	0.460787657	0.002666812	-1.014573005	-3.143000686	0.150795715	0.000250624	-0.000455524	0.177562476	-0.000007426	-0.093750361
0.567000000	0.002415747	0.553784023	0.460787186	0.002844548	-1.014573012	-3.143094528	0.151090236	0.000267850	-0.000486832	0.177909298	-0.000007937	-0.093933541
0.568000000	0.002566984	0.553784301	0.460786680	0.003022630	-1.014573021	-3.143188553	0.151384006	0.000285172	-0.000518317	0.178255236	-0.000008450	-0.094116259
0.569000000	0.002718514	0.553784595	0.460786146	0.003201058	-1.014573029	-3.143282761	0.151677020	0.000302590	-0.000549976	0.178600286	-0.000008966	-0.094298512
0.570000000	0.002870338	0.553784906	0.460785581	0.003379831	-1.014573038	-3.143377150	0.151969274	0.000320105	-0.000581811	0.178944442	-0.000009485	-0.094480298
0.571000000	0.003022453	0.553785233	0.460784986	0.003558947	-1.014573048	-3.143471721	0.152260763	0.000337716	-0.000613820	0.179287700	-0.000010007	-0.094661613
0.572000000	0.003174859	0.553785580	0.460784355	0.003738406	-1.014573058	-3.143566473	0.152551482	0.000355423	-0.000646003	0.179630052	-0.000010531	-0.094842456
0.573000000	0.003327555	0.553785946	0.460783691	0.003918207	-1.014573069	-3.143661406	0.152841426	0.000373226	-0.000678360	0.179971494	-0.000011059	-0.095022822
0.574000000	0.003480542	0.553786328	0.460782995	0.004098348	-1.014573081	-3.143756519	0.153130592	0.000391124	-0.000710892	0.180312020	-0.000011589	-0.095202711
0.575000000	0.003633816	0.553786728	0.460782269	0.004278830	-1.014573092	-3.143851811	0.153418975	0.000409118	-0.000743596	0.180651627	-0.000012122	-0.095382117
0.576000000	0.003787379	0.553787144	0.460781512	0.004459651	-1.014573105	-3.143947283	0.153706571	0.000427206	-0.000776474	0.180990308	-0.000012658	-0.095561040
0.577000000	0.003941229	0.553787580	0.460780719	0.004640811	-1.014573118	-3.144042933	0.153993374	0.000445390	-0.000809524	0.181328057	-0.000013196	-0.095739476
0.578000000	0.004095366	0.553788037	0.460779890	0.004822307	-1.014573131	-3.144138761	0.154279379	0.000463669	-0.000842747	0.181664869	-0.000013738	-0.095917423
0.579000000	0.004249788	0.553788510	0.460779029	0.005004140	-1.014573145	-3.144234768	0.154564584	0.000482043	-0.000876142	0.182000740	-0.000014282	-0.096094877
0.580000000	0.004404495	0.553789001	0.460778137	0.005186308	-1.014573160	-3.144330951	0.154848983	0.000500510	-0.000909709	0.182335664	-0.000014829	-0.096271836
0.581000000	0.004559485	0.553789510	0.460777213	0.005368811	-1.014573175	-3.144427311	0.155132572	0.000519073	-0.000943447	0.182669635	-0.000015379	-0.096448297
0.582000000	0.004714760	0.553790036	0.460776255	0.005551647	-1.014573190	-3.144523847	0.155415346	0.000537729	-0.000977356	0.183002649	-0.000015932	-0.096624257
0.583000000	0.004870316	0.553790585	0.460775257	0.005734816	-1.014573207	-3.144620559	0.155697299	0.000556479	-0.001011435	0.183334698	-0.000016487	-0.096799715
0.584000000	0.005026154	0.553791152	0.460774227	0.005918316	-1.014573224	-3.144717447	0.155978428	0.000575323	-0.001045685	0.183665779	-0.000017045	-0.096974666
0.585000000	0.005182272	0.553791737	0.460773164	0.006102147	-1.014573241	-3.144814509	0.156258730	0.000594260	-0.001080105	0.183995887	-0.000017606	-0.097149108
0.586000000	0.005338671	0.553792340	0.460772068	0.006286308	-1.014573259	-3.144911745	0.156538198	0.000613290	-0.001114694	0.184325016	-0.000018170	-0.097323038
0.587000000	0.005495349	0.553792962	0.460770938	0.006470797	-1.014573277	-3.145009155	0.156816830	0.000632414	-0.001149452	0.184653160	-0.000018736	-0.097496454
0.588000000	0.005652304	0.553793604	0.460769771	0.006655614	-1.014573296	-3.145106737	0.157094618	0.000651630	-0.001184379	0.184980315	-0.000019305	-0.097669352
0.589000000	0.005809538	0.553794266	0.460768567	0.006840757	-1.014573316	-3.145204493	0.157371559	0.000670938	-0.001219473	0.185306473	-0.000019877	-0.097841731
0.590000000	0.005967047	0.553794948	0.460767328	0.007026226	-1.014573336	-3.145302421	0.157647649	0.000690339	-0.001254736	0.185631632	-0.000020452	-0.098013587
0.591000000	0.006124833	0.553795648	0.460766056	0.007212020	-1.014573357	-3.145400520	0.157922884	0.000709832	-0.001290166	0.185955785	-0.000021029	-0.098184918
0.592000000	0.006282893	0.553796367	0.460764750	0.007398138	-1.014573378	-3.145498790	0.158197259	0.000729417	-0.001325763	0.186278927	-0.000021609	-0.098355720
0.593000000	0.006441227	0.553797104	0.460763409	0.007584578	-1.014573400	-3.145597231	0.158470770	0.000749093	-0.001361526	0.186601053	-0.000022192	-0.098525991
0.594000000	0.006599834	0.553797864	0.460762029	0.007771339	-1.014573422	-3.145695842	0.158743410	0.000768861	-0.001397455	0.186922157	-0.000022777	-0.098695728
0.595000000	0.006758713	0.553798644	0.460760611	0.007958422	-1.014573446	-3.145794623	0.159015176	0.000788719	-0.001433549	0.187242233	-0.000023365	-0.098864929
0.596000000	0.006917864	0.553799443	0.460759158	0.008145824	-1.014573469	-3.145893572	0.159286063	0.000808668	-0.001469809	0.187561277	-0.000023956	-0.099033591
0.597000000	0.007077285	0.553800262	0.460757670	0.008333544	-1.014573493	-3.145992690	0.159556068	0.000828708	-0.001506233	0.187879284	-0.000024549	-0.099201710
0.598000000	0.007236976	0.553801100	0.460756147	0.008521582	-1.014573518	-3.146091975	0.159825186	0.000848838	-0.001542821	0.188196248	-0.000025145	-0.099369284
0.599000000	0.007396935	0.553801957	0.460754588	0.008709936	-1.014573544	-3.146191428	0.160093412	0.000869058	-0.001579572	0.188512164	-0.000025744	-0.099536311
0.600000000	0.007557162	0.553802836	0.460752991	0.008898606	-1.014573570	-3.146291048	0.160360742	0.000889368	-0.001616486	0.188827026	-0.000026346	-0.099702788
0.601000000	0.007717656	0.553803737	0.460751353	0.009087590	-1.014573596	-3.146390833	0.160627169	0.000909767	-0.001653563	0.189140829	-0.000026949	-0.099868711
0.602000000	0.007878416	0.553804658	0.460749679	0.009276887	-1.014573624	-3.146490785	0.160892691	0.000930255	-0.001690802	0.189453567	-0.000027556	-0.100034079
0.603000000	0.008039441	0.553805599	0.460747969	0.009466497	-1.014573652	-3.146590901	0.161157303	0.000950832	-0.001728202	0.189765236	-0.000028165	-0.100198888
0.604000000	0.008200731	0.553806560	0.460746223	0.009656417	-1.014573680	-3.146691182	0.161421001	0.000971497	-0.001765763	0.190075830	-0.000028777	-0.100363135
0.605000000	0.008362283	0.553807541	0.460744440	0.009846648	-1.014573709	-3.146791627	0.161683779	0.000992251	-0.001803485	0.190385344	-0.000029391	-0.100526818
0.606000000	0.008524098	0.553808542	0.460742621	0.010037188	-1.014573739	-3.146892236	0.161945635	0.001013092	-0.001841366	0.190693773	-0.000030008	-0.100689935
0.607000000	0.008686174	0.553809566	0.460740758	0.010228035	-1.014573769	-3.146993007	0.162206560	0.001034021	-0.001879406	0.191001110	-0.000030628	-0.100852481
0.608000000	0.008848511	0.553810612	0.460738858	0.010419189	-1.014573800	-3.147093941	0.162466553	0.001055037	-0.001917605	0.191307351	-0.000031250	-0.101014455
0.609000000	0.009011107	0.553811678	0.460736920	0.010610649	-1.014573832	-3.147195036	0.162725609	0.001076140	-0.001955961	0.191612490	-0.000031875	-0.101175854
0.610000000	0.009173962	0.553812765	0.460734945	0.010802414	-1.014573864	-3.147296292	0.162983723	0.001097330	-0.001994476	0.191916523	-0.000032502	-0.101336675
0.611000000	0.009337074	0.553813872	0.460732932	0.010994482	-1.014573897	-3.147397709	0.163240892	0.001118606	-0.002033147	0.192219444	-0.000033131	-0.101496915
0.612000000	0.009500443	0.553815001	0.460730881	0.011186852	-1.014573930	-3.147499286	0.163497109	0.001139968	-0.002071974	0.192521247	-0.000033764	-0.101656571
0.613000000	0.009664068	0.553816150	0.460728792	0.011379524	-1.014573964	-3.147601022	0.163752371	0.001161415	-0.002110957	0.192821928	-0.000034398	-0.101815641
0.614000000	0.009827948	0.553817323	0.460726660	0.011572496	-1.014573999	-3.147702917	0.164006672	0.001182948	-0.002150095	0.193121480	-0.000035036	-0.101974123
0.615000000	0.009992081	0.553818518	0.460724488	0.011765767	-1.014574034	-3.147804970	0.164260009	0.001204566	-0.002189387	0.193419899	-0.000035675	-0.102132012
0.616000000	0.010156467	0.553819734	0.460722278	0.011959335	-1.014574070	-3.147907181	0.164512377	0.001226268	-0.002228833	0.193717178	-0.000036318	-0.102289306
0.617000000	0.010321105	0.553820971	0.460720029	0.012153201	-1.014574107	-3.148009548	0.164763771	0.001248054	-0.002268432	0.194013314	-0.000036962	-0.102446004
0.618000000	0.010485995	0.553822230	0.460717741	0.012347362	-1.014574144	-3.148112072	0.165014188	0.001269924	-0.002308183	0.194308301	-0.000037609	-0.102602101
0.619000000	0.010651134	0.553823510	0.460715414	0.012541817	-1.014574182	-3.148214752	0.165263622	0.001291878	-0.002348086	0.194602134	-0.000038259	-0.102757595
0.620000000	0.010816521	0.553824812	0.460713048	0.012736566	-1.014574221	-3.148317587	0.165512069	0.001313915	-0.002388140	0.194894806	-0.000038911	-0.102912484
0.621000000	0.010982157	0.553826136	0.460710641	0.012931606	-1.014574260	-3.148420577	0.165759524	0.001336034	-0.002428345	0.195186313	-0.000039565	-0.103066764
0.622000000	0.011148040	0.553827485	0.460708190	0.013126938	-1.014574300	-3.148523721	0.166005983	0.001358236	-0.002468699	0.195476649	-0.000040222	-0.103220433
0.623000000	0.011314169	0.553828855	0.460705700	0.013322559	-1.014574340	-3.148627018	0.166251440	0.001380520	-0.002509202	0.195765809	-0.000040881	-0.103373488
0.624000000	0.011480543	0.553830247	0.460703169	0.013518469	-1.014574382	-3.148730468	0.166495893	0.001402885	-0.002549854	0.196053787	-0.000041543	-0.103525927
0.625000000	0.011647160	0.553831661	0.460700599	0.013714666	-1.014574423	-3.148834069	0.166739336	0.001425332	-0.002590653	0.196340580	-0.000042207	-0.103677745
0.626000000	0.011814021	0.553833098	0.460697988	0.013911150	-1.014574466	-3.148937823	0.166981765	0.001447859	-0.002631599	0.196626180	-0.000042873	-0.103828942
0.627000000	0.011981124	0.553834556	0.460695337	0.014107918	-1.014574509	-3.149041727	0.167223176	0.001470467	-0.002672691	0.196910584	-0.000043542	-0.103979514
0.628000000	0.012148467	0.553836037	0.460692646	0.014304971	-1.014574553	-3.149145782	0.167463563	0.001493154	-0.002713928	0.197193785	-0.000044213	-0.104129458
0.629000000	0.012316050	0.553837541	0.460689913	0.014502305	-1.014574598	-3.149249986	0.167702922	0.001515921	-0.002755310	0.197475778	-0.000044886	-0.104278771
0.630000000	0.012483873	0.553839069	0.460687135	0.014699922	-1.014574643	-3.149354339	0.167941248	0.001538768	-0.002796836	0.197756558	-0.000045562	-0.104427451
0.631000000	0.012651933	0.553840620	0.460684315	0.014897818	-1.014574689	-3.149458841	0.168178537	0.001561693	-0.002838505	0.198036119	-0.000046239	-0.104575495
0.632000000	0.012820229	0.553842194	0.460681455	0.015095993	-1.014574735	-3.149563490	0.168414785	0.001584696	-0.002880317	0.198314456	-0.000046920	-0.104722900
0.633000000	0.012988762	0.553843791	0.460678553	0.015294447	-1.014574783	-3.149668286	0.168649987	0.001607777	-0.002922269	0.198591565	-0.000047602	-0.104869664
0.634000000	0.013157529	0.553845410	0.460675610	0.015493176	-1.014574830	-3.149773229	0.168884139	0.001630936	-0.002964363	0.198867439	-0.000048287	-0.105015783
0.635000000	0.013326530	0.553847052	0.460672625	0.015692181	-1.014574879	-3.149878317	0.169117236	0.001654171	-0.003006597	0.199142074	-0.000048974	-0.105161255
0.636000000	0.013495763	0.553848717	0.460669599	0.015891460	-1.014574928	-3.149983551	0.169349274	0.001677484	-0.003048970	0.199415463	-0.000049663	-0.105306077
0.637000000	0.013665228	0.553850405	0.460666531	0.016091012	-1.014574978	-3.150088929	0.169580248	0.001700872	-0.003091481	0.199687603	-0.000050354	-0.105450247
0.638000000	0.013834923	0.553852117	0.460663419	0.016290835	-1.014575029	-3.150194451	0.169810153	0.001724336	-0.003134130	0.199958487	-0.000051048	-0.105593761
0.639000000	0.014004848	0.553853854	0.460660261	0.016490928	-1.014575081	-3.150300117	0.170038984	0.001747875	-0.003176915	0.200228109	-0.000051743	-0.105736617
0.640000000	0.014175001	0.553855615	0.460657061	0.016691291	-1.014575133	-3.150405924	0.170266738	0.001771489	-0.003219836	0.200496465	-0.000052441	-0.105878812
0.641000000	0.014345381	0.553857399	0.460653819	0.016891921	-1.014575185	-3.150511874	0.170493409	0.001795177	-0.003262893	0.200763550	-0.000053141	-0.106020344
0.642000000	0.014515987	0.553859206	0.460650534	0.017092817	-1.014575239	-3.150617965	0.170718995	0.001818938	-0.003306083	0.201029358	-0.000053844	-0.106161208
0.643000000	0.014686819	0.553861037	0.460647206	0.017293979	-1.014575293	-3.150724196	0.170943489	0.001842774	-0.003349407	0.201293884	-0.000054548	-0.106301404
0.644000000	0.014857874	0.553862891	0.460643836	0.017495405	-1.014575348	-3.150830568	0.171166888	0.001866682	-0.003392863	0.201557123	-0.000055254	-0.106440928
0.645000000	0.015029152	0.553864770	0.460640422	0.017697093	-1.014575404	-3.150937078	0.171389187	0.001890662	-0.003436451	0.201819069	-0.000055963	-0.106579777
0.646000000	0.015200652	0.553866672	0.460636965	0.017899042	-1.014575460	-3.151043727	0.171610381	0.001914714	-0.003480170	0.202079718	-0.000056673	-0.106717948
0.647000000	0.015372372	0.553868597	0.460633465	0.018101252	-1.014575517	-3.151150514	0.171830466	0.001938838	-0.003524018	0.202339062	-0.000057386	-0.106855439
0.648000000	0.015544313	0.553870548	0.460629919	0.018303720	-1.014575575	-3.151257437	0.172049437	0.001963032	-0.003567995	0.202597098	-0.000058101	-0.106992247
0.649000000	0.015716471	0.553872524	0.460626327	0.018506446	-1.014575633	-3.151364498	0.172267290	0.001987297	-0.003612100	0.202853820	-0.000058817	-0.107128369
0.650000000	0.015888847	0.553874524	0.460622692	0.018709427	-1.014575692	-3.151471694	0.172484020	0.002011632	-0.003656332	0.203109222	-0.000059536	-0.107263803
0.651000000	0.016061439	0.553876549	0.460619012	0.018912664	-1.014575752	-3.151579025	0.172699622	0.002036036	-0.003700691	0.203363300	-0.000060257	-0.107398545
0.652000000	0.016234246	0.553878597	0.460615289	0.019116153	-1.014575813	-3.151686491	0.172914093	0.002060509	-0.003745174	0.203616048	-0.000060980	-0.107532593
0.653000000	0.016407266	0.553880670	0.460611521	0.019319895	-1.014575874	-3.151794090	0.173127428	0.002085050	-0.003789782	0.203867461	-0.000061704	-0.107665944
0.654000000	0.016580500	0.553882768	0.460607709	0.019523888	-1.014575936	-3.151901823	0.173339622	0.002109659	-0.003834512	0.204117534	-0.000062431	-0.107798596
0.655000000	0.016753945	0.553884889	0.460603853	0.019728130	-1.014575999	-3.152009687	0.173550671	0.002134335	-0.003879366	0.204366261	-0.000063159	-0.107930545
0.656000000	0.016927601	0.553887035	0.460599952	0.019932620	-1.014576063	-3.152117683	0.173760571	0.002159078	-0.003924340	0.204613637	-0.000063890	-0.108061789
0.657000000	0.017101466	0.553889206	0.460596006	0.020137357	-1.014576127	-3.152225810	0.173969316	0.002183887	-0.003969435	0.204859657	-0.000064622	-0.108192325
0.658000000	0.017275539	0.553891402	0.460592015	0.020342339	-1.014576192	-3.152334068	0.174176902	0.002208762	-0.004014649	0.205104315	-0.000065357	-0.108322150
0.659000000	0.017449820	0.553893622	0.460587980	0.020547565	-1.014576257	-3.152442455	0.174383325	0.002233702	-0.004059982	0.205347607	-0.000066093	-0.108451262
0.660000000	0.017624306	0.553895869	0.460583895	0.020753034	-1.014576324	-3.152550970	0.174588580	0.002258706	-0.004105432	0.205589525	-0.000066831	-0.108579657
0.661000000	0.017798996	0.553898141	0.460579766	0.020958743	-1.014576391	-3.152659614	0.174792662	0.002283774	-0.004150998	0.205830066	-0.000067571	-0.108707334
0.662000000	0.017973890	0.553900438	0.460575591	0.021164693	-1.014576459	-3.152768384	0.174995568	0.002308906	-0.004196679	0.206069224	-0.000068312	-0.108834289
0.663000000	0.018148987	0.553902760	0.460571370	0.021370881	-1.014576528	-3.152877282	0.175197292	0.002334101	-0.004242475	0.206306994	-0.000069056	-0.108960519
0.664000000	0.018324285	0.553905107	0.460567104	0.021577307	-1.014576597	-3.152986305	0.175397831	0.002359357	-0.004288384	0.206543371	-0.000069801	-0.109086022
0.665000000	0.018499782	0.553907479	0.460562793	0.021783968	-1.014576667	-3.153095454	0.175597179	0.002384676	-0.004334406	0.206778349	-0.000070548	-0.109210795
0.666000000	0.018675479	0.553909877	0.460558435	0.021990863	-1.014576738	-3.153204727	0.175795333	0.002410056	-0.004380538	0.207011924	-0.000071296	-0.109334835
0.667000000	0.018851372	0.553912299	0.460554032	0.022197991	-1.014576810	-3.153314123	0.175992287	0.002435496	-0.004426781	0.207244089	-0.000072047	-0.109458139
0.668000000	0.019027463	0.553914747	0.460549583	0.022405351	-1.014576882	-3.153423643	0.176188038	0.002460996	-0.004473132	0.207474840	-0.000072799	-0.109580705
0.669000000	0.019203748	0.553917220	0.460545087	0.022612940	-1.014576956	-3.153533284	0.176382581	0.002486556	-0.004519592	0.207704170	-0.000073553	-0.109702530
0.670000000	0.019380228	0.553919719	0.460540545	0.022820759	-1.014577030	-3.153643047	0.176575910	0.002512174	-0.004566158	0.207932076	-0.000074308	-0.109823611
0.671000000	0.019556900	0.553922244	0.460535957	0.023028804	-1.014577104	-3.153752931	0.176768023	0.002537850	-0.004612830	0.208158552	-0.000075065	-0.109943946
0.672000000	0.019733763	0.553924793	0.460531322	0.023237075	-1.014577180	-3.153862935	0.176958913	0.002563584	-0.004659607	0.208383591	-0.000075824	-0.110063530
0.673000000	0.019910817	0.553927370	0.460526638	0.023445571	-1.014577256	-3.153973058	0.177148577	0.002589375	-0.004706487	0.208607190	-0.000076584	-0.110182363
0.674000000	0.020088060	0.553929973	0.460521907	0.023654289	-1.014577333	-3.154083300	0.177337010	0.002615222	-0.004753470	0.208829341	-0.000077346	-0.110300441
0.675000000	0.020265491	0.553932602	0.460517129	0.023863229	-1.014577411	-3.154193659	0.177524208	0.002641125	-0.004800554	0.209050042	-0.000078110	-0.110417761
0.676000000	0.020443108	0.553935257	0.460512304	0.024072389	-1.014577489	-3.154304135	0.177710166	0.002667083	-0.004847738	0.209269285	-0.000078875	-0.110534320
0.677000000	0.020620911	0.553937937	0.460507432	0.024281767	-1.014577568	-3.154414727	0.177894879	0.002693095	-0.004895021	0.209487067	-0.000079642	-0.110650117
0.678000000	0.020798897	0.553940644	0.460502513	0.024491362	-1.014577648	-3.154525435	0.178078344	0.002719161	-0.004942402	0.209703381	-0.000080410	-0.110765147
0.679000000	0.020977067	0.553943376	0.460497546	0.024701173	-1.014577729	-3.154636257	0.178260556	0.002745280	-0.004989880	0.209918222	-0.000081179	-0.110879408
0.680000000	0.021155418	0.553946134	0.460492533	0.024911198	-1.014577811	-3.154747193	0.178441510	0.002771452	-0.005037453	0.210131586	-0.000081950	-0.110992898
0.681000000	0.021333949	0.553948919	0.460487472	0.025121436	-1.014577893	-3.154858243	0.178621202	0.002797675	-0.005085120	0.210343466	-0.000082723	-0.111105614
0.682000000	0.021512660	0.553951730	0.460482363	0.025331885	-1.014577976	-3.154969404	0.178799627	0.002823950	-0.005132881	0.210553858	-0.000083497	-0.111217552
0.683000000	0.021691548	0.553954566	0.460477206	0.025542543	-1.014578060	-3.155080678	0.178976782	0.002850275	-0.005180733	0.210762756	-0.000084272	-0.111328710
0.684000000	0.021870613	0.553957430	0.460472002	0.025753410	-1.014578145	-3.155192062	0.179152660	0.002876650	-0.005228676	0.210970156	-0.000085049	-0.111439086
0.685000000	0.022049853	0.553960319	0.460466750	0.025964483	-1.014578230	-3.155303555	0.179327258	0.002903074	-0.005276709	0.211176051	-0.000085827	-0.111548677
0.686000000	0.022229267	0.553963235	0.460461450	0.026175761	-1.014578316	-3.155415159	0.179500572	0.002929547	-0.005324830	0.211380436	-0.000086607	-0.111657479
0.687000000	0.022408854	0.553966177	0.460456103	0.026387243	-1.014578403	-3.155526870	0.179672597	0.002956068	-0.005373038	0.211583306	-0.000087387	-0.111765490
0.688000000	0.022588612	0.553969146	0.460450706	0.026598928	-1.014578491	-3.155638689	0.179843328	0.002982636	-0.005421332	0.211784657	-0.000088170	-0.111872708
0.689000000	0.022768540	0.553972141	0.460445262	0.026810812	-1.014578580	-3.155750615	0.180012761	0.003009250	-0.005469710	0.211984481	-0.000088953	-0.111979129
0.690000000	0.022948637	0.553975165	0.460439767	0.027022896	-1.014578669	-3.155862647	0.180180890	0.003035910	-0.005518172	0.212182775	-0.000089738	-0.112084751
0.691000000	0.023128902	0.553978214	0.460434223	0.027235177	-1.014578759	-3.155974785	0.180347713	0.003062615	-0.005566715	0.212379533	-0.000090524	-0.112189571
0.692000000	0.023309332	0.553981291	0.460428631	0.027447654	-1.014578850	-3.156087026	0.180513224	0.003089365	-0.005615340	0.212574749	-0.000091311	-0.112293586
0.693000000	0.023489927	0.553984394	0.460422991	0.027660326	-1.014578942	-3.156199371	0.180677420	0.003116158	-0.005664044	0.212768419	-0.000092099	-0.112396794
0.694000000	0.023670686	0.553987524	0.460417302	0.027873191	-1.014579034	-3.156311820	0.180840294	0.003142994	-0.005712826	0.212960537	-0.000092889	-0.112499191
0.695000000	0.023851608	0.553990681	0.460411564	0.028086247	-1.014579128	-3.156424370	0.181001844	0.003169873	-0.005761685	0.213151098	-0.000093679	-0.112600776
0.696000000	0.024032690	0.553993864	0.460405777	0.028299492	-1.014579222	-3.156537021	0.181162065	0.003196793	-0.005810620	0.213340097	-0.000094471	-0.112701544
0.697000000	0.024213931	0.553997075	0.460399942	0.028512926	-1.014579317	-3.156649772	0.181320951	0.003223754	-0.005859629	0.213527529	-0.000095264	-0.112801494
0.698000000	0.024395331	0.554000312	0.460394058	0.028726547	-1.014579412	-3.156762624	0.181478499	0.003250754	-0.005908711	0.213713388	-0.000096058	-0.112900622
0.699000000	0.024576888	0.554003576	0.460388124	0.028940353	-1.014579509	-3.156875573	0.181634705	0.003277795	-0.005957865	0.213897668	-0.000096853	-0.112998927
0.700000000	0.024758600	0.554006868	0.460382142	0.029154342	-1.014579606	-3.156988621	0.181789563	0.003304874	-0.006007089	0.214080365	-0.000097649	-0.113096404
0.701000000	0.024940466	0.554010186	0.460376110	0.029368513	-1.014579704	-3.157101766	0.181943069	0.003331990	-0.006056381	0.214261474	-0.000098446	-0.113193052
0.702000000	0.025122486	0.554013531	0.460370029	0.029582864	-1.014579803	-3.157215007	0.182095219	0.003359144	-0.006105742	0.214440989	-0.000099244	-0.113288867
0.703000000	0.025304657	0.554016904	0.460363899	0.029797394	-1.014579902	-3.157328343	0.182246008	0.003386335	-0.006155169	0.214618905	-0.000100044	-0.113383847
0.704000000	0.025486977	0.554020304	0.460357720	0.030012101	-1.014580003	-3.157441774	0.182395432	0.003413561	-0.006204660	0.214795216	-0.000100844	-0.113477989
0.705000000	0.025669447	0.554023731	0.460351491	0.030226984	-1.014580104	-3.157555299	0.182543487	0.003440821	-0.006254215	0.214969918	-0.000101645	-0.113571290
0.706000000	0.025852064	0.554027185	0.460345212	0.030442041	-1.014580206	-3.157668917	0.182690167	0.003468116	-0.006303832	0.215143005	-0.000102446	-0.113663748
0.707000000	0.026034827	0.554030666	0.460338884	0.030657270	-1.014580309	-3.157782626	0.182835469	0.003495445	-0.006353510	0.215314471	-0.000103249	-0.113755359
0.708000000	0.026217734	0.554034175	0.460332506	0.030872669	-1.014580413	-3.157896427	0.182979388	0.003522805	-0.006403248	0.215484313	-0.000104053	-0.113846122
0.709000000	0.026400785	0.554037711	0.460326079	0.031088238	-1.014580517	-3.158010318	0.183121919	0.003550198	-0.006453043	0.215652524	-0.000104857	-0.113936032
0.710000000	0.026583978	0.554041275	0.460319602	0.031303974	-1.014580622	-3.158124299	0.183263058	0.003577622	-0.006502894	0.215819098	-0.000105663	-0.114025088
0.711000000	0.026767311	0.554044866	0.460313074	0.031519876	-1.014580728	-3.158238368	0.183402801	0.003605075	-0.006552801	0.215984032	-0.000106469	-0.114113287
0.712000000	0.026950783	0.554048484	0.460306497	0.031735941	-1.014580835	-3.158352525	0.183541143	0.003632559	-0.006602761	0.216147320	-0.000107275	-0.114200625
0.713000000	0.027134393	0.554052131	0.460299869	0.031952170	-1.014580943	-3.158466769	0.183678080	0.003660071	-0.006652773	0.216308955	-0.000108083	-0.114287100
0.714000000	0.027318139	0.554055805	0.460293191	0.032168559	-1.014581051	-3.158581099	0.183813606	0.003687610	-0.006702836	0.216468933	-0.000108891	-0.114372710
0.715000000	0.027502019	0.554059507	0.460286462	0.032385107	-1.014581161	-3.158695514	0.183947718	0.003715177	-0.006752949	0.216627250	-0.000109700	-0.114457452
0.716000000	0.027686034	0.554063236	0.460279684	0.032601813	-1.014581271	-3.158810014	0.184080412	0.003742770	-0.006803109	0.216783899	-0.000110510	-0.114541322
0.717000000	0.027870180	0.554066993	0.460272855	0.032818674	-1.014581382	-3.158924597	0.184211682	0.003770388	-0.006853315	0.216938875	-0.000111320	-0.114624318
0.718000000	0.028054456	0.554070777	0.460265976	0.033035690	-1.014581494	-3.159039262	0.184341525	0.003798031	-0.006903566	0.217092174	-0.000112131	-0.114706437
0.719000000	0.028238862	0.554074589	0.460259047	0.033252858	-1.014581606	-3.159154009	0.184469936	0.003825698	-0.006953861	0.217243789	-0.000112942	-0.114787677
0.720000000	0.028423396	0.554078429	0.460252067	0.033470177	-1.014581719	-3.159268837	0.184596910	0.003853388	-0.007004197	0.217393716	-0.000113754	-0.114868035
0.721000000	0.028608056	0.554082297	0.460245038	0.033687645	-1.014581834	-3.159383745	0.184722443	0.003881100	-0.007054574	0.217541950	-0.000114567	-0.114947508
0.722000000	0.028792840	0.554086192	0.460237958	0.033905260	-1.014581949	-3.159498732	0.184846531	0.003908833	-0.007104990	0.217688485	-0.000115380	-0.115026092
0.723000000	0.028977748	0.554090115	0.460230827	0.034123021	-1.014582064	-3.159613797	0.184969170	0.003936586	-0.007155442	0.217833316	-0.000116193	-0.115103786
0.724000000	0.029162778	0.554094065	0.460223646	0.034340926	-1.014582181	-3.159728939	0.185090353	0.003964360	-0.007205931	0.217976437	-0.000117007	-0.115180587
0.725000000	0.029347928	0.554098044	0.460216415	0.034558973	-1.014582298	-3.159844158	0.185210079	0.003992152	-0.007256454	0.218117844	-0.000117822	-0.115256492
0.726000000	0.029533198	0.554102050	0.460209133	0.034777161	-1.014582417	-3.159959452	0.185328341	0.004019961	-0.007307009	0.218257532	-0.000118637	-0.115331497
0.727000000	0.029718585	0.554106084	0.460201801	0.034995488	-1.014582536	-3.160074820	0.185445135	0.004047788	-0.007357596	0.218395494	-0.000119452	-0.115405601
0.728000000	0.029904087	0.554110145	0.460194418	0.035213952	-1.014582655	-3.160190263	0.185560458	0.004075631	-0.007408212	0.218531726	-0.000120267	-0.115478801
0.729000000	0.030089705	0.554114235	0.460186984	0.035432551	-1.014582776	-3.160305778	0.185674303	0.004103490	-0.007458856	0.218666223	-0.000121083	-0.115551093
0.730000000	0.030275436	0.554118352	0.460179500	0.035651284	-1.014582898	-3.160421365	0.185786669	0.004131363	-0.007509527	0.218798979	-0.000121899	-0.115622475
0.731000000	0.030461278	0.554122498	0.460171965	0.035870148	-1.014583020	-3.160537022	0.185897548	0.004159249	-0.007560222	0.218929990	-0.000122716	-0.115692945
0.732000000	0.030647230	0.554126671	0.460164379	0.036089143	-1.014583143	-3.160652750	0.186006938	0.004187148	-0.007610941	0.219059249	-0.000123533	-0.115762499
0.733000000	0.030833291	0.554130872	0.460156743	0.036308266	-1.014583267	-3.160768547	0.186114834	0.004215059	-0.007661681	0.219186752	-0.000124349	-0.115831135
0.734000000	0.031019459	0.554135101	0.460149056	0.036527516	-1.014583392	-3.160884412	0.186221231	0.004242981	-0.007712441	0.219312493	-0.000125167	-0.115898849
0.735000000	0.031205733	0.554139358	0.460141318	0.036746890	-1.014583517	-3.161000344	0.186326125	0.004270913	-0.007763220	0.219436468	-0.000125984	-0.115965640
0.736000000	0.031392111	0.554143643	0.460133530	0.036966388	-1.014583644	-3.161116343	0.186429512	0.004298854	-0.007814015	0.219558670	-0.000126801	-0.116031504
0.737000000	0.031578592	0.554147955	0.460125691	0.037186007	-1.014583771	-3.161232407	0.186531386	0.004326804	-0.007864826	0.219679096	-0.000127619	-0.116096439
0.738000000	0.031765173	0.554152296	0.460117800	0.037405746	-1.014583899	-3.161348536	0.186631745	0.004354760	-0.007915650	0.219797739	-0.000128436	-0.116160441
0.739000000	0.031951855	0.554156665	0.460109859	0.037625602	-1.014584028	-3.161464728	0.186730582	0.004382724	-0.007966486	0.219914594	-0.000129254	-0.116223509
0.740000000	0.032138634	0.554161061	0.460101868	0.037845574	-1.014584157	-3.161580982	0.186827895	0.004410692	-0.008017332	0.220029657	-0.000130072	-0.116285639
0.741000000	0.032325510	0.554165486	0.460093825	0.038065661	-1.014584288	-3.161697299	0.186923678	0.004438666	-0.008068186	0.220142922	-0.000130889	-0.116346828
0.742000000	0.032512481	0.554169939	0.460085732	0.038285860	-1.014584419	-3.161813676	0.187017926	0.004466643	-0.008119048	0.220254383	-0.000131707	-0.116407074
0.743000000	0.032699545	0.554174419	0.460077587	0.038506169	-1.014584551	-3.161930112	0.187110637	0.004494622	-0.008169915	0.220364036	-0.000132525	-0.116466374
0.744000000	0.032886702	0.554178928	0.460069392	0.038726587	-1.014584684	-3.162046608	0.187201804	0.004522604	-0.008220785	0.220471875	-0.000133342	-0.116524726
0.745000000	0.033073949	0.554183464	0.460061146	0.038947112	-1.014584818	-3.162163162	0.187291425	0.004550587	-0.008271657	0.220577895	-0.000134160	-0.116582125
0.746000000	0.033261284	0.554188029	0.460052849	0.039167742	-1.014584953	-3.162279772	0.187379493	0.004578569	-0.008322529	0.220682091	-0.000134977	-0.116638571
0.747000000	0.033448707	0.554192621	0.460044501	0.039388476	-1.014585088	-3.162396438	0.187466006	0.004606551	-0.008373400	0.220784458	-0.000135794	-0.116694059
0.748000000	0.033636216	0.554197242	0.460036103	0.039609311	-1.014585224	-3.162513160	0.187550957	0.004634531	-0.008424267	0.220884991	-0.000136611	-0.116748588
0.749000000	0.033823808	0.554201890	0.460027653	0.039830245	-1.014585361	-3.162629935	0.187634344	0.004662507	-0.008475129	0.220983684	-0.000137428	-0.116802153
0.750000000	0.034011484	0.554206566	0.460019153	0.040051277	-1.014585499	-3.162746764	0.187716162	0.004690480	-0.008525985	0.221080532	-0.000138244	-0.116854754
0.751000000	0.034199240	0.554211271	0.460010601	0.040272406	-1.014585638	-3.162863644	0.187796406	0.004718449	-0.008576832	0.221175529	-0.000139060	-0.116906386
0.752000000	0.034387076	0.554216003	0.460001999	0.040493628	-1.014585777	-3.162980576	0.187875072	0.004746411	-0.008627668	0.221268672	-0.000139876	-0.116957047
0.753000000	0.034574990	0.554220763	0.459993346	0.040714942	-1.014585917	-3.163097558	0.187952155	0.004774367	-0.008678493	0.221359954	-0.000140691	-0.117006734
0.754000000	0.034762980	0.554225552	0.459984643	0.040936347	-1.014586059	-3.163214589	0.188027652	0.004802316	-0.008729304	0.221449370	-0.000141507	-0.117055445
0.755000000	0.034951045	0.554230368	0.459975888	0.041157841	-1.014586200	-3.163331669	0.188101557	0.004830255	-0.008780100	0.221536916	-0.000142321	-0.117103177
0.756000000	0.035139183	0.554235212	0.459967083	0.041379420	-1.014586343	-3.163448795	0.188173866	0.004858185	-0.008830878	0.221622585	-0.000143136	-0.117149926
0.757000000	0.035327392	0.554240084	0.459958227	0.041601085	-1.014586487	-3.163565968	0.188244575	0.004886105	-0.008881637	0.221706373	-0.000143949	-0.117195691
0.758000000	0.035515671	0.554244984	0.459949320	0.041822833	-1.014586631	-3.163683186	0.188313680	0.004914013	-0.008932375	0.221788275	-0.000144763	-0.117240468
0.759000000	0.035704019	0.554249912	0.459940362	0.042044661	-1.014586776	-3.163800449	0.188381175	0.004941908	-0.008983091	0.221868285	-0.000145575	-0.117284254
0.760000000	0.035892433	0.554254868	0.459931354	0.042266569	-1.014586922	-3.163917755	0.188447058	0.004969790	-0.009033782	0.221946398	-0.000146388	-0.117327048
0.761000000	0.036080912	0.554259851	0.459922295	0.042488553	-1.014587069	-3.164035103	0.188511322	0.004997657	-0.009084447	0.222022610	-0.000147199	-0.117368845
0.762000000	0.036269455	0.554264863	0.459913185	0.042710613	-1.014587217	-3.164152492	0.188573965	0.005025509	-0.009135084	0.222096914	-0.000148010	-0.117409644
0.763000000	0.036458060	0.554269902	0.459904025	0.042932746	-1.014587365	-3.164269922	0.188634981	0.005053344	-0.009185691	0.222169306	-0.000148821	-0.117449441
0.764000000	0.036646725	0.554274969	0.459894814	0.043154951	-1.014587514	-3.164387391	0.188694366	0.005081162	-0.009236266	0.222239780	-0.000149631	-0.117488234
0.765000000	0.036835448	0.554280064	0.459885553	0.043377225	-1.014587664	-3.164504898	0.188752116	0.005108961	-0.009286808	0.222308332	-0.000150440	-0.117526020
0.766000000	0.037024228	0.554285187	0.459876241	0.043599567	-1.014587815	-3.164622442	0.188808226	0.005136741	-0.009337314	0.222374955	-0.000151248	-0.117562797
0.767000000	0.037213064	0.554290338	0.459866878	0.043821975	-1.014587967	-3.164740023	0.188862693	0.005164500	-0.009387783	0.222439646	-0.000152055	-0.117598560
0.768000000	0.037401953	0.554295516	0.459857466	0.044044446	-1.014588119	-3.164857639	0.188915511	0.005192237	-0.009438213	0.222502398	-0.000152862	-0.117633308
0.769000000	0.037590894	0.554300722	0.459848002	0.044266979	-1.014588273	-3.164975289	0.188966676	0.005219952	-0.009488602	0.222563207	-0.000153668	-0.117667039
0.770000000	0.037779886	0.554305956	0.459838489	0.044489572	-1.014588427	-3.165092973	0.189016183	0.005247643	-0.009538948	0.222622067	-0.000154473	-0.117699748
0.771000000	0.037968926	0.554311217	0.459828925	0.044712222	-1.014588581	-3.165210688	0.189064030	0.005275310	-0.009589250	0.222678974	-0.000155277	-0.117731433
0.772000000	0.038158013	0.554316506	0.459819310	0.044934929	-1.014588737	-3.165328435	0.189110210	0.005302950	-0.009639504	0.222733922	-0.000156081	-0.117762092
0.773000000	0.038347146	0.554321823	0.459809646	0.045157690	-1.014588894	-3.165446212	0.189154720	0.005330564	-0.009689711	0.222786905	-0.000156883	-0.117791722
0.774000000	0.038536322	0.554327167	0.459799931	0.045380502	-1.014589051	-3.165564018	0.189197556	0.005358151	-0.009739867	0.222837920	-0.000157684	-0.117820320
0.775000000	0.038725541	0.554332539	0.459790166	0.045603365	-1.014589209	-3.165681853	0.189238712	0.005385708	-0.009789970	0.222886960	-0.000158485	-0.117847883
0.776000000	0.038914799	0.554337939	0.459780351	0.045826275	-1.014589368	-3.165799714	0.189278185	0.005413235	-0.009840020	0.222934020	-0.000159284	-0.117874408
0.777000000	0.039104096	0.554343366	0.459770486	0.046049232	-1.014589528	-3.165917601	0.189315970	0.005440732	-0.009890013	0.222979096	-0.000160082	-0.117899894
0.778000000	0.039293431	0.554348820	0.459760571	0.046272233	-1.014589688	-3.166035513	0.189352063	0.005468196	-0.009939948	0.223022181	-0.000160879	-0.117924336
0.779000000	0.039482800	0.554354302	0.459750606	0.046495276	-1.014589849	-3.166153449	0.189386460	0.005495627	-0.009989824	0.223063272	-0.000161675	-0.117947732
0.780000000	0.039672203	0.554359811	0.459740592	0.046718359	-1.014590011	-3.166271408	0.189419156	0.005523025	-0.010039637	0.223102363	-0.000162470	-0.117970079
0.781000000	0.039861638	0.554365348	0.459730527	0.046941480	-1.014590174	-3.166389389	0.189450146	0.005550387	-0.010089387	0.223139448	-0.000163264	-0.117991375
0.782000000	0.040051103	0.554370912	0.459720413	0.047164637	-1.014590338	-3.166507391	0.189479427	0.005577712	-0.010139071	0.223174522	-0.000164056	-0.118011617
0.783000000	0.040240596	0.554376503	0.459710249	0.047387828	-1.014590502	-3.166625412	0.189506994	0.005605000	-0.010188687	0.223207581	-0.000164847	-0.118030802
0.784000000	0.040430116	0.554382122	0.459700036	0.047611052	-1.014590668	-3.166743452	0.189532843	0.005632250	-0.010238233	0.223238619	-0.000165637	-0.118048927
0.785000000	0.040619661	0.554387768	0.459689773	0.047834305	-1.014590834	-3.166861510	0.189556969	0.005659461	-0.010287707	0.223267632	-0.000166425	-0.118065989
0.786000000	0.040809229	0.554393441	0.459679460	0.048057586	-1.014591000	-3.166979584	0.189579368	0.005686630	-0.010337108	0.223294613	-0.000167212	-0.118081986
0.787000000	0.040998819	0.554399141	0.459669099	0.048280893	-1.014591168	-3.167097673	0.189600035	0.005713758	-0.010386434	0.223319558	-0.000167998	-0.118096915
0.788000000	0.041188429	0.554404868	0.459658688	0.048504225	-1.014591336	-3.167215777	0.189618967	0.005740844	-0.010435682	0.223342461	-0.000168782	-0.118110774
0.789000000	0.041378057	0.554410623	0.459648227	0.048727578	-1.014591506	-3.167333894	0.189636159	0.005767885	-0.010484850	0.223363318	-0.000169565	-0.118123558
0.790000000	0.041567701	0.554416404	0.459637718	0.048950951	-1.014591676	-3.167452024	0.189651607	0.005794881	-0.010533936	0.223382123	-0.000170346	-0.118135266
0.791000000	0.041757359	0.554422212	0.459627160	0.049174341	-1.014591846	-3.167570165	0.189665305	0.005821831	-0.010582939	0.223398872	-0.000171126	-0.118145895
0.792000000	0.041947031	0.554428048	0.459616552	0.049397748	-1.014592018	-3.167688315	0.189677251	0.005848734	-0.010631856	0.223413558	-0.000171904	-0.118155442
0.793000000	0.042136713	0.554433910	0.459605896	0.049621168	-1.014592190	-3.167806475	0.189687439	0.005875589	-0.010680686	0.223426178	-0.000172681	-0.118163904
0.794000000	0.042326405	0.554439799	0.459595191	0.049844599	-1.014592363	-3.167924643	0.189695866	0.005902394	-0.010729426	0.223436725	-0.000173456	-0.118171278
0.795000000	0.042516104	0.554445715	0.459584437	0.050068040	-1.014592537	-3.168042817	0.189702526	0.005929149	-0.010778074	0.223445195	-0.000174229	-0.118177563
0.796000000	0.042705810	0.554451657	0.459573635	0.050291489	-1.014592712	-3.168160997	0.189707416	0.005955852	-0.010826629	0.223451582	-0.000175001	-0.118182754
0.797000000	0.042895519	0.554457626	0.459562784	0.050514943	-1.014592887	-3.168279182	0.189710531	0.005982503	-0.010875087	0.223455882	-0.000175771	-0.118186849
0.798000000	0.043085230	0.554463622	0.459551885	0.050738400	-1.014593063	-3.168397371	0.189711867	0.006009099	-0.010923448	0.223458089	-0.000176539	-0.118189846
0.799000000	0.043274942	0.554469645	0.459540937	0.050961858	-1.014593240	-3.168515562	0.189711420	0.006035640	-0.010971709	0.223458198	-0.000177306	-0.118191741
0.800000000	0.043464652	0.554475693	0.459529941	0.051185316	-1.014593418	-3.168633754	0.189709184	0.006062125	-0.011019869	0.223456204	-0.000178070	-0.118192532
0.801000000	0.043654360	0.554481769	0.459518897	0.051408770	-1.014593596	-3.168751946	0.189705159	0.006088553	-0.011067924	0.223452104	-0.000178833	-0.118192216
0.802000000	0.043844062	0.554487871	0.459507805	0.051632219	-1.014593775	-3.168870138	0.189699345	0.006114923	-0.011115874	0.223445901	-0.000179594	-0.118190797
0.803000000	0.044033758	0.554493999	0.459496666	0.051855661	-1.014593955	-3.168988328	0.189691749	0.006141234	-0.011163716	0.223437601	-0.000180352	-0.118188276
0.804000000	0.044223445	0.554500153	0.459485478	0.052079094	-1.014594136	-3.169106514	0.189682374	0.006167485	-0.011211450	0.223427209	-0.000181109	-0.118184657
0.805000000	0.044413122	0.554506334	0.459474243	0.052302515	-1.014594318	-3.169224697	0.189671226	0.006193675	-0.011259074	0.223414730	-0.000181864	-0.118179941
0.806000000	0.044602787	0.554512540	0.459462960	0.052525923	-1.014594500	-3.169342874	0.189658308	0.006219804	-0.011306587	0.223400169	-0.000182617	-0.118174133
0.807000000	0.044792438	0.554518773	0.459451630	0.052749315	-1.014594683	-3.169461044	0.189643625	0.006245870	-0.011353986	0.223383533	-0.000183368	-0.118167233
0.808000000	0.044982073	0.554525032	0.459440252	0.052972689	-1.014594867	-3.169579208	0.189627183	0.006271874	-0.011401270	0.223364826	-0.000184117	-0.118159247
0.809000000	0.045171692	0.554531317	0.459428827	0.053196043	-1.014595051	-3.169697363	0.189608985	0.006297813	-0.011448438	0.223344054	-0.000184864	-0.118150175
0.810000000	0.045361291	0.554537628	0.459417355	0.053419376	-1.014595236	-3.169815508	0.189589035	0.006323687	-0.011495489	0.223321222	-0.000185609	-0.118140021
0.811000000	0.045550869	0.554543964	0.459405836	0.053642685	-1.014595422	-3.169933642	0.189567340	0.006349496	-0.011542420	0.223296335	-0.000186352	-0.118128788
0.812000000	0.045740425	0.554550327	0.459394270	0.053865968	-1.014595609	-3.170051765	0.189543902	0.006375238	-0.011589231	0.223269400	-0.000187092	-0.118116478
0.813000000	0.045929956	0.554556715	0.459382658	0.054089223	-1.014595797	-3.170169875	0.189518728	0.006400913	-0.011635920	0.223240420	-0.000187831	-0.118103094
0.814000000	0.046119462	0.554563128	0.459370998	0.054312448	-1.014595985	-3.170287971	0.189491820	0.006426520	-0.011682485	0.223209402	-0.000188567	-0.118088640
0.815000000	0.046308939	0.554569568	0.459359293	0.054535642	-1.014596174	-3.170406052	0.189463185	0.006452058	-0.011728925	0.223176351	-0.000189301	-0.118073116
0.816000000	0.046498388	0.554576033	0.459347541	0.054758800	-1.014596363	-3.170524117	0.189432826	0.006477526	-0.011775238	0.223141272	-0.000190033	-0.118056528
0.817000000	0.046687805	0.554582523	0.459335742	0.054981923	-1.014596554	-3.170642164	0.189400748	0.006502924	-0.011821423	0.223104171	-0.000190763	-0.118038876
0.818000000	0.046877188	0.554589038	0.459323898	0.055205008	-1.014596745	-3.170760194	0.189366956	0.006528250	-0.011867479	0.223065053	-0.000191490	-0.118020165
0.819000000	0.047066538	0.554595579	0.459312007	0.055428053	-1.014596937	-3.170878204	0.189331454	0.006553504	-0.011913404	0.223023923	-0.000192215	-0.118000396
0.820000000	0.047255851	0.554602145	0.459300071	0.055651055	-1.014597129	-3.170996195	0.189294246	0.006578686	-0.011959197	0.222980787	-0.000192938	-0.117979572
0.821000000	0.047445126	0.554608737	0.459288089	0.055874014	-1.014597323	-3.171114163	0.189255338	0.006603793	-0.012004856	0.222935650	-0.000193658	-0.117957697
0.822000000	0.047634361	0.554615353	0.459276061	0.056096926	-1.014597517	-3.171232110	0.189214734	0.006628826	-0.012050379	0.222888518	-0.000194376	-0.117934773
0.823000000	0.047823555	0.554621994	0.459263988	0.056319790	-1.014597711	-3.171350032	0.189172439	0.006653784	-0.012095767	0.222839395	-0.000195092	-0.117910802
0.824000000	0.048012705	0.554628661	0.459251869	0.056542604	-1.014597907	-3.171467931	0.189128457	0.006678666	-0.012141016	0.222788288	-0.000195805	-0.117885788
0.825000000	0.048201811	0.554635352	0.459239706	0.056765366	-1.014598103	-3.171585804	0.189082792	0.006703471	-0.012186125	0.222735201	-0.000196516	-0.117859734
0.826000000	0.048390870	0.554642068	0.459227497	0.056988074	-1.014598300	-3.171703650	0.189035450	0.006728199	-0.012231094	0.222680141	-0.000197224	-0.117832641
0.827000000	0.048579881	0.554648808	0.459215244	0.057210726	-1.014598497	-3.171821469	0.188986434	0.006752848	-0.012275921	0.222623111	-0.000197930	-0.117804513
0.828000000	0.048768843	0.554655573	0.459202945	0.057433319	-1.014598696	-3.171939259	0.188935750	0.006777419	-0.012320604	0.222564119	-0.000198633	-0.117775353
0.829000000	0.048957752	0.554662363	0.459190602	0.057655853	-1.014598895	-3.172057019	0.188883402	0.006801909	-0.012365142	0.222503168	-0.000199334	-0.117745163
0.830000000	0.049146609	0.554669177	0.459178215	0.057878325	-1.014599094	-3.172174749	0.188829395	0.006826319	-0.012409534	0.222440265	-0.000200032	-0.117713946
0.831000000	0.049335411	0.554676016	0.459165783	0.058100733	-1.014599295	-3.172292447	0.188773733	0.006850647	-0.012453778	0.222375415	-0.000200728	-0.117681704
0.832000000	0.049524156	0.554682879	0.459153307	0.058323075	-1.014599496	-3.172410112	0.188716421	0.006874893	-0.012497873	0.222308623	-0.000201421	-0.117648442
0.833000000	0.049712843	0.554689766	0.459140787	0.058545350	-1.014599698	-3.172527743	0.188657463	0.006899057	-0.012541818	0.222239894	-0.000202111	-0.117614161
0.834000000	0.049901470	0.554696677	0.459128223	0.058767554	-1.014599900	-3.172645340	0.188596864	0.006923137	-0.012585611	0.222169235	-0.000202799	-0.117578863
0.835000000	0.050090036	0.554703612	0.459115616	0.058989687	-1.014600103	-3.172762900	0.188534628	0.006947132	-0.012629251	0.222096650	-0.000203484	-0.117542553
0.836000000	0.050278539	0.554710571	0.459102965	0.059211747	-1.014600307	-3.172880424	0.188470761	0.006971043	-0.012672736	0.222022145	-0.000204167	-0.117505232
0.837000000	0.050466977	0.554717554	0.459090270	0.059433731	-1.014600511	-3.172997911	0.188405267	0.006994867	-0.012716066	0.221945724	-0.000204847	-0.117466904
0.838000000	0.050655349	0.554724561	0.459077532	0.059655638	-1.014600717	-3.173115358	0.188338150	0.007018606	-0.012759239	0.221867395	-0.000205524	-0.117427571
0.839000000	0.050843653	0.554731592	0.459064751	0.059877465	-1.014600923	-3.173232765	0.188269415	0.007042257	-0.012802253	0.221787161	-0.000206198	-0.117387236
0.840000000	0.051031887	0.554738646	0.459051928	0.060099211	-1.014601129	-3.173350132	0.188199066	0.007065820	-0.012845107	0.221705028	-0.000206870	-0.117345901
0.841000000	0.051220050	0.554745723	0.459039061	0.060320875	-1.014601336	-3.173467457	0.188127109	0.007089294	-0.012887801	0.221621002	-0.000207539	-0.117303570
0.842000000	0.051408141	0.554752824	0.459026152	0.060542453	-1.014601544	-3.173584739	0.188053547	0.007112680	-0.012930333	0.221535089	-0.000208205	-0.117260245
0.843000000	0.051596157	0.554759949	0.459013200	0.060763944	-1.014601753	-3.173701977	0.187978386	0.007135975	-0.012972701	0.221447292	-0.000208868	-0.117215929
0.844000000	0.051784097	0.554767097	0.459000206	0.060985347	-1.014601962	-3.173819170	0.187901630	0.007159179	-0.013014904	0.221357618	-0.000209528	-0.117170625
0.845000000	0.051971960	0.554774267	0.458987170	0.061206659	-1.014602172	-3.173936318	0.187823283	0.007182292	-0.013056941	0.221266073	-0.000210186	-0.117124335
0.846000000	0.052159743	0.554781461	0.458974092	0.061427878	-1.014602382	-3.174053419	0.187743350	0.007205313	-0.013098811	0.221172661	-0.000210840	-0.117077062
0.847000000	0.052347446	0.554788678	0.458960972	0.061649003	-1.014602593	-3.174170472	0.187661836	0.007228241	-0.013140512	0.221077388	-0.000211492	-0.117028809
0.848000000	0.052535066	0.554795918	0.458947811	0.061870032	-1.014602805	-3.174287476	0.187578745	0.007251075	-0.013182043	0.220980259	-0.000212141	-0.116979579
0.849000000	0.052722603	0.554803180	0.458934608	0.062090963	-1.014603018	-3.174404431	0.187494083	0.007273815	-0.013223403	0.220881280	-0.000212787	-0.116929375
0.850000000	0.052910054	0.554810466	0.458921364	0.062311794	-1.014603231	-3.174521334	0.187407852	0.007296461	-0.013264592	0.220780456	-0.000213430	-0.116878198
0.851000000	0.053097418	0.554817774	0.458908078	0.062532524	-1.014603445	-3.174638187	0.187320059	0.007319010	-0.013305606	0.220677793	-0.000214070	-0.116826053
0.852000000	0.053284693	0.554825104	0.458894752	0.062753149	-1.014603659	-3.174754986	0.187230708	0.007341464	-0.013346446	0.220573295	-0.000214707	-0.116772941
0.853000000	0.053471879	0.554832457	0.458881385	0.062973670	-1.014603874	-3.174871732	0.187139803	0.007363821	-0.013387110	0.220466969	-0.000215341	-0.116718866
0.854000000	0.053658972	0.554839832	0.458867978	0.063194083	-1.014604090	-3.174988424	0.187047348	0.007386080	-0.013427597	0.220358819	-0.000215972	-0.116663831
0.855000000	0.053845973	0.554847229	0.458854530	0.063414387	-1.014604306	-3.175105060	0.186953350	0.007408241	-0.013467905	0.220248852	-0.000216600	-0.116607837
0.856000000	0.054032879	0.554854648	0.458841041	0.063634580	-1.014604523	-3.175221639	0.186857811	0.007430303	-0.013508034	0.220137071	-0.000217224	-0.116550888
0.857000000	0.054219688	0.554862090	0.458827513	0.063854660	-1.014604740	-3.175338161	0.186760737	0.007452266	-0.013547983	0.220023484	-0.000217846	-0.116492987
0.858000000	0.054406399	0.554869553	0.458813945	0.064074626	-1.014604959	-3.175454625	0.186662133	0.007474129	-0.013587749	0.219908095	-0.000218465	-0.116434136
0.859000000	0.054593012	0.554877038	0.458800338	0.064294476	-1.014605177	-3.175571029	0.186562002	0.007495890	-0.013627333	0.219790909	-0.000219080	-0.116374338
0.860000000	0.054779523	0.554884545	0.458786690	0.064514207	-1.014605397	-3.175687373	0.186460350	0.007517551	-0.013666732	0.219671933	-0.000219693	-0.116313596
0.861000000	0.054965932	0.554892073	0.458773004	0.064733819	-1.014605617	-3.175803656	0.186357181	0.007539109	-0.013705946	0.219551170	-0.000220302	-0.116251912
0.862000000	0.055152237	0.554899623	0.458759278	0.064953309	-1.014605837	-3.175919877	0.186252500	0.007560565	-0.013744974	0.219428628	-0.000220908	-0.116189290
0.863000000	0.055338436	0.554907194	0.458745514	0.065172676	-1.014606059	-3.176036034	0.186146311	0.007581918	-0.013783814	0.219304311	-0.000221511	-0.116125732
0.864000000	0.055524529	0.554914787	0.458731711	0.065391917	-1.014606280	-3.176152128	0.186038619	0.007603166	-0.013822465	0.219178224	-0.000222110	-0.116061241
0.865000000	0.055710513	0.554922401	0.458717869	0.065611031	-1.014606503	-3.176268156	0.185929429	0.007624310	-0.013860927	0.219050373	-0.000222707	-0.115995819
0.866000000	0.055896387	0.554930036	0.458703989	0.065830017	-1.014606726	-3.176384119	0.185818745	0.007645349	-0.013899198	0.218920764	-0.000223300	-0.115929470
0.867000000	0.056082150	0.554937692	0.458690070	0.066048872	-1.014606949	-3.176500015	0.185706571	0.007666282	-0.013937276	0.218789401	-0.000223890	-0.115862196
0.868000000	0.056267800	0.554945368	0.458676114	0.066267595	-1.014607174	-3.176615843	0.185592913	0.007687109	-0.013975162	0.218656290	-0.000224476	-0.115794000
0.869000000	0.056453335	0.554953066	0.458662120	0.066486184	-1.014607398	-3.176731603	0.185477775	0.007707829	-0.014012853	0.218521437	-0.000225060	-0.115724884
0.870000000	0.056638755	0.554960784	0.458648088	0.066704638	-1.014607624	-3.176847293	0.185361162	0.007728442	-0.014050349	0.218384847	-0.000225640	-0.115654852
0.871000000	0.056824057	0.554968523	0.458634019	0.066922953	-1.014607850	-3.176962912	0.185243078	0.007748946	-0.014087649	0.218246525	-0.000226216	-0.115583906
0.872000000	0.057009241	0.554976282	0.458619913	0.067141130	-1.014608076	-3.177078460	0.185123527	0.007769342	-0.014124751	0.218106477	-0.000226790	-0.115512049
0.873000000	0.057194304	0.554984061	0.458605770	0.067359166	-1.014608303	-3.177193936	0.185002515	0.007789628	-0.014161655	0.217964708	-0.000227360	-0.115439284
0.874000000	0.057379245	0.554991861	0.458591590	0.067577059	-1.014608531	-3.177309338	0.184880046	0.007809805	-0.014198359	0.217821223	-0.000227926	-0.115365613
0.875000000	0.057564063	0.554999681	0.458577374	0.067794808	-1.014608759	-3.177424667	0.184756125	0.007829871	-0.014234863	0.217676029	-0.000228489	-0.115291039
0.876000000	0.057748757	0.555007520	0.458563121	0.068012411	-1.014608988	-3.177539920	0.184630756	0.007849827	-0.014271165	0.217529129	-0.000229049	-0.115215566
0.877000000	0.057933324	0.555015380	0.458548832	0.068229866	-1.014609217	-3.177655098	0.184503944	0.007869670	-0.014307265	0.217380530	-0.000229605	-0.115139195
0.878000000	0.058117764	0.555023260	0.458534507	0.068447171	-1.014609447	-3.177770198	0.184375693	0.007889402	-0.014343161	0.217230238	-0.000230158	-0.115061929
0.879000000	0.058302075	0.555031159	0.458520146	0.068664325	-1.014609677	-3.177885221	0.184246008	0.007909021	-0.014378852	0.217078256	-0.000230708	-0.114983772
0.880000000	0.058486256	0.555039077	0.458505750	0.068881327	-1.014609908	-3.178000165	0.184114894	0.007928527	-0.014414338	0.216924592	-0.000231254	-0.114904726
0.881000000	0.058670305	0.555047015	0.458491318	0.069098174	-1.014610140	-3.178115030	0.183982355	0.007947919	-0.014449617	0.216769250	-0.000231796	-0.114824793
0.882000000	0.058854220	0.555054973	0.458476851	0.069314865	-1.014610372	-3.178229815	0.183848397	0.007967196	-0.014484688	0.216612236	-0.000232335	-0.114743977
0.883000000	0.059038001	0.555062949	0.458462350	0.069531398	-1.014610605	-3.178344518	0.183713022	0.007986359	-0.014519551	0.216453554	-0.000232871	-0.114662281
0.884000000	0.059221646	0.555070945	0.458447813	0.069747772	-1.014610838	-3.178459139	0.183576237	0.008005407	-0.014554205	0.216293211	-0.000233403	-0.114579706
0.885000000	0.059405153	0.555078959	0.458433242	0.069963984	-1.014611071	-3.178573677	0.183438046	0.008024338	-0.014588647	0.216131212	-0.000233931	-0.114496256
0.886000000	0.059588522	0.555086993	0.458418637	0.070180034	-1.014611306	-3.178688131	0.183298452	0.008043154	-0.014622879	0.215967562	-0.000234456	-0.114411934
0.887000000	0.059771750	0.555095045	0.458403998	0.070395919	-1.014611540	-3.178802501	0.183157462	0.008061852	-0.014656898	0.215802267	-0.000234977	-0.114326741
0.888000000	0.059954836	0.555103116	0.458389325	0.070611638	-1.014611775	-3.178916784	0.183015079	0.008080433	-0.014690704	0.215635332	-0.000235495	-0.114240682
0.889000000	0.060137780	0.555111206	0.458374617	0.070827189	-1.014612011	-3.179030982	0.182871309	0.008098896	-0.014724295	0.215466762	-0.000236009	-0.114153759
0.890000000	0.060320578	0.555119314	0.458359875	0.071042571	-1.014612248	-3.179145092	0.182726154	0.008117241	-0.014757672	0.215296563	-0.000236519	-0.114065975
0.891000000	0.060503231	0.555127441	0.458345100	0.071257781	-1.014612484	-3.179259113	0.182579622	0.008135466	-0.014790832	0.215124739	-0.000237026	-0.113977331
0.892000000	0.060685737	0.555135586	0.458330292	0.071472819	-1.014612722	-3.179373046	0.182431715	0.008153572	-0.014823775	0.214951298	-0.000237529	-0.113887832
0.893000000	0.060868094	0.555143749	0.458315451	0.071687683	-1.014612959	-3.179486889	0.182282439	0.008171559	-0.014856500	0.214776244	-0.000238029	-0.113797480
0.894000000	0.061050301	0.555151930	0.458300578	0.071902371	-1.014613198	-3.179600641	0.182131798	0.008189424	-0.014889007	0.214599582	-0.000238525	-0.113706277
0.895000000	0.061232357	0.555160128	0.458285672	0.072116882	-1.014613436	-3.179714301	0.181979797	0.008207169	-0.014921294	0.214421317	-0.000239017	-0.113614227
0.896000000	0.061414260	0.555168344	0.458270734	0.072331213	-1.014613676	-3.179827869	0.181826440	0.008224793	-0.014953360	0.214241456	-0.000239506	-0.113521331
0.897000000	0.061596010	0.555176578	0.458255765	0.072545364	-1.014613915	-3.179941343	0.181671733	0.008242295	-0.014985206	0.214060004	-0.000239990	-0.113427594
0.898000000	0.061777603	0.555184829	0.458240763	0.072759333	-1.014614156	-3.180054724	0.181515679	0.008259674	-0.015016828	0.213876966	-0.000240471	-0.113333017
0.899000000	0.061959040	0.555193098	0.458225731	0.072973118	-1.014614396	-3.180168009	0.181358283	0.008276931	-0.015048228	0.213692347	-0.000240949	-0.113237604
0.900000000	0.062140319	0.555201383	0.458210667	0.073186717	-1.014614638	-3.180281199	0.181199551	0.008294064	-0.015079404	0.213506153	-0.000241422	-0.113141356
0.901000000	0.062321439	0.555209686	0.458195572	0.073400129	-1.014614879	-3.180394292	0.181039485	0.008311074	-0.015110355	0.213318389	-0.000241892	-0.113044278
0.902000000	0.062502398	0.555218005	0.458180446	0.073613353	-1.014615121	-3.180507287	0.180878092	0.008327959	-0.015141081	0.213129060	-0.000242358	-0.112946371
0.903000000	0.062683195	0.555226342	0.458165290	0.073826387	-1.014615364	-3.180620184	0.180715376	0.008344720	-0.015171580	0.212938173	-0.000242821	-0.112847639
0.904000000	0.062863828	0.555234694	0.458150103	0.074039229	-1.014615607	-3.180732982	0.180551341	0.008361356	-0.015201852	0.212745732	-0.000243279	-0.112748084
0.905000000	0.063044297	0.555243064	0.458134887	0.074251878	-1.014615851	-3.180845680	0.180385992	0.008377866	-0.015231896	0.212551743	-0.000243734	-0.112647709
0.906000000	0.063224600	0.555251450	0.458119641	0.074464332	-1.014616094	-3.180958277	0.180219333	0.008394251	-0.015261712	0.212356211	-0.000244185	-0.112546516
0.907000000	0.063404736	0.555259852	0.458104365	0.074676590	-1.014616339	-3.181070773	0.180051370	0.008410509	-0.015291297	0.212159142	-0.000244632	-0.112444509
0.908000000	0.063584702	0.555268270	0.458089059	0.074888650	-1.014616584	-3.181183166	0.179882107	0.008426641	-0.015320653	0.211960541	-0.000245075	-0.112341691
0.909000000	0.063764499	0.555276704	0.458073725	0.075100511	-1.014616829	-3.181295456	0.179711547	0.008442645	-0.015349777	0.211760413	-0.000245514	-0.112238063
0.910000000	0.063944125	0.555285154	0.458058362	0.075312171	-1.014617075	-3.181407642	0.179539697	0.008458522	-0.015378670	0.211558764	-0.000245950	-0.112133629
0.911000000	0.064123579	0.555293620	0.458042970	0.075523628	-1.014617321	-3.181519723	0.179366561	0.008474270	-0.015407330	0.211355599	-0.000246382	-0.112028391
0.912000000	0.064302858	0.555302102	0.458027548	0.075734881	-1.014617567	-3.181631698	0.179192142	0.008489890	-0.015435757	0.211150923	-0.000246810	-0.111922353
0.913000000	0.064481962	0.555310601	0.458012097	0.075945929	-1.014617815	-3.181743567	0.179016446	0.008505382	-0.015463950	0.210944742	-0.000247233	-0.111815516
0.914000000	0.064660890	0.555319114	0.457996618	0.076156770	-1.014618062	-3.181855329	0.178839477	0.008520744	-0.015491907	0.210737062	-0.000247653	-0.111707885
0.915000000	0.064839641	0.555327643	0.457981111	0.076367403	-1.014618310	-3.181966983	0.178661241	0.008535977	-0.015519630	0.210527887	-0.000248070	-0.111599461
0.916000000	0.065018212	0.555336187	0.457965577	0.076577825	-1.014618558	-3.182078528	0.178481741	0.008551079	-0.015547116	0.210317223	-0.000248482	-0.111490247
0.917000000	0.065196604	0.555344746	0.457950016	0.076788036	-1.014618807	-3.182189963	0.178300982	0.008566052	-0.015574366	0.210105076	-0.000248890	-0.111380246
0.918000000	0.065374814	0.555353320	0.457934427	0.076998035	-1.014619056	-3.182301288	0.178118970	0.008580893	-0.015601378	0.209891451	-0.000249294	-0.111269461
0.919000000	0.065552841	0.555361908	0.457918812	0.077207819	-1.014619305	-3.182412502	0.177935707	0.008595604	-0.015628151	0.209676353	-0.000249695	-0.111157895
0.920000000	0.065730685	0.555370511	0.457903171	0.077417387	-1.014619555	-3.182523603	0.177751200	0.008610183	-0.015654686	0.209459788	-0.000250091	-0.111045550
0.921000000	0.065908343	0.555379128	0.457887503	0.077626738	-1.014619806	-3.182634593	0.177565453	0.008624630	-0.015680981	0.209241762	-0.000250484	-0.110932428
0.922000000	0.066085815	0.555387760	0.457871809	0.077835870	-1.014620056	-3.182745468	0.177378470	0.008638945	-0.015707036	0.209022278	-0.000250872	-0.110818534
0.923000000	0.066263100	0.555396406	0.457856090	0.078044782	-1.014620307	-3.182856229	0.177190256	0.008653127	-0.015732850	0.208801344	-0.000251256	-0.110703869
0.924000000	0.066440195	0.555405066	0.457840345	0.078253472	-1.014620559	-3.182966876	0.177000815	0.008667177	-0.015758423	0.208578964	-0.000251637	-0.110588437
0.925000000	0.066617101	0.555413739	0.457824575	0.078461940	-1.014620811	-3.183077406	0.176810153	0.008681093	-0.015783753	0.208355144	-0.000252014	-0.110472240
0.926000000	0.066793815	0.555422427	0.457808779	0.078670182	-1.014621063	-3.183187820	0.176618273	0.008694876	-0.015808841	0.208129889	-0.000252386	-0.110355280
0.927000000	0.066970337	0.555431128	0.457792959	0.078878199	-1.014621315	-3.183298116	0.176425181	0.008708525	-0.015833685	0.207903204	-0.000252755	-0.110237561
0.928000000	0.067146666	0.555439842	0.457777114	0.079085989	-1.014621568	-3.183408295	0.176230881	0.008722039	-0.015858286	0.207675095	-0.000253119	-0.110119086
0.929000000	0.067322799	0.555448572	0.457761242	0.079293549	-1.014621822	-3.183518354	0.176035376	0.008735419	-0.015882641	0.207445567	-0.000253479	-0.109999857
0.930000000	0.067498736	0.555457315	0.457745346	0.079500879	-1.014622075	-3.183628294	0.175838673	0.008748664	-0.015906752	0.207214626	-0.000253836	-0.109879876
0.931000000	0.067674475	0.555466071	0.457729426	0.079707977	-1.014622329	-3.183738114	0.175640776	0.008761774	-0.015930617	0.206982277	-0.000254188	-0.109759147
0.932000000	0.067850017	0.555474839	0.457713483	0.079914843	-1.014622584	-3.183847812	0.175441688	0.008774748	-0.015954235	0.206748525	-0.000254536	-0.109637673
0.933000000	0.068025358	0.555483621	0.457697517	0.080121474	-1.014622838	-3.183957389	0.175241416	0.008787586	-0.015977607	0.206513376	-0.000254881	-0.109515456
0.934000000	0.068200499	0.555492415	0.457681527	0.080327869	-1.014623093	-3.184066843	0.175039964	0.008800289	-0.016000731	0.206276835	-0.000255221	-0.109392498
0.935000000	0.068375438	0.555501222	0.457665515	0.080534027	-1.014623349	-3.184176174	0.174837336	0.008812854	-0.016023608	0.206038908	-0.000255557	-0.109268803
0.936000000	0.068550173	0.555510041	0.457649480	0.080739946	-1.014623605	-3.184285380	0.174633536	0.008825283	-0.016046236	0.205799600	-0.000255889	-0.109144374
0.937000000	0.068724705	0.555518872	0.457633423	0.080945626	-1.014623861	-3.184394462	0.174428571	0.008837575	-0.016068614	0.205558917	-0.000256217	-0.109019213
0.938000000	0.068899030	0.555527715	0.457617344	0.081151064	-1.014624117	-3.184503418	0.174222443	0.008849730	-0.016090744	0.205316863	-0.000256540	-0.108893323
0.939000000	0.069073149	0.555536570	0.457601244	0.081356259	-1.014624374	-3.184612248	0.174015158	0.008861747	-0.016112623	0.205073445	-0.000256860	-0.108766706
0.940000000	0.069247060	0.555545437	0.457585122	0.081561211	-1.014624631	-3.184720952	0.173806720	0.008873626	-0.016134251	0.204828668	-0.000257176	-0.108639366
0.941000000	0.069420763	0.555554316	0.457568979	0.081765916	-1.014624888	-3.184829527	0.173597134	0.008885367	-0.016155629	0.204582536	-0.000257487	-0.108511306
0.942000000	0.069594254	0.555563208	0.457552811	0.081970375	-1.014625146	-3.184937974	0.173386403	0.008896970	-0.016176755	0.204335055	-0.000257795	-0.108382527
0.943000000	0.069767535	0.555572111	0.457536622	0.082174586	-1.014625404	-3.185046292	0.173174533	0.008908434	-0.016197629	0.204086230	-0.000258098	-0.108253033
0.944000000	0.069940603	0.555581026	0.457520413	0.082378547	-1.014625662	-3.185154480	0.172961530	0.008919759	-0.016218250	0.203836068	-0.000258397	-0.108122826
0.945000000	0.070113457	0.555589952	0.457504184	0.082582257	-1.014625920	-3.185262537	0.172747396	0.008930945	-0.016238619	0.203584574	-0.000258692	-0.107991910
0.946000000	0.070286097	0.555598889	0.457487934	0.082785716	-1.014626179	-3.185370463	0.172532137	0.008941991	-0.016258734	0.203331752	-0.000258983	-0.107860287
0.947000000	0.070458521	0.555607836	0.457471665	0.082988920	-1.014626438	-3.185478258	0.172315758	0.008952898	-0.016278595	0.203077609	-0.000259269	-0.107727959
0.948000000	0.070630728	0.555616794	0.457455377	0.083191870	-1.014626698	-3.185585919	0.172098263	0.008963665	-0.016298202	0.202822149	-0.000259552	-0.107594930
0.949000000	0.070802717	0.555625763	0.457439070	0.083394564	-1.014626957	-3.185693447	0.171879656	0.008974292	-0.016317554	0.202565379	-0.000259830	-0.107461202
0.950000000	0.070974487	0.555634742	0.457422744	0.083597001	-1.014627217	-3.185800841	0.171659943	0.008984778	-0.016336652	0.202307303	-0.000260104	-0.107326779
0.951000000	0.071146037	0.555643731	0.457406399	0.083799179	-1.014627478	-3.185908100	0.171439128	0.008995124	-0.016355493	0.202047927	-0.000260374	-0.107191662
0.952000000	0.071317366	0.555652730	0.457390036	0.084001097	-1.014627738	-3.186015224	0.171217215	0.009005329	-0.016374079	0.201787257	-0.000260640	-0.107055854
0.953000000	0.071488471	0.555661741	0.457373652	0.084202753	-1.014627999	-3.186122212	0.170994209	0.009015393	-0.016392408	0.201525296	-0.000260902	-0.106919359
0.954000000	0.071659353	0.555670762	0.457357249	0.084404147	-1.014628260	-3.186229063	0.170770113	0.009025315	-0.016410481	0.201262051	-0.000261159	-0.106782179
0.955000000	0.071830011	0.555679793	0.457340828	0.084605276	-1.014628521	-3.186335776	0.170544935	0.009035096	-0.016428296	0.200997527	-0.000261412	-0.106644317
0.956000000	0.072000443	0.555688834	0.457324390	0.084806141	-1.014628783	-3.186442351	0.170318677	0.009044736	-0.016445854	0.200731731	-0.000261661	-0.106505776
0.957000000	0.072170648	0.555697883	0.457307935	0.085006739	-1.014629045	-3.186548787	0.170091344	0.009054233	-0.016463154	0.200464666	-0.000261906	-0.106366558
0.958000000	0.072340625	0.555706942	0.457291464	0.085207070	-1.014629307	-3.186655084	0.169862941	0.009063589	-0.016480196	0.200196339	-0.000262147	-0.106226665
0.959000000	0.072510373	0.555716010	0.457274976	0.085407132	-1.014629569	-3.186761241	0.169633474	0.009072802	-0.016496979	0.199926756	-0.000262383	-0.106086102
0.960000000	0.072679892	0.555725087	0.457258471	0.085606923	-1.014629831	-3.186867256	0.169402945	0.009081873	-0.016513504	0.199655920	-0.000262616	-0.105944871
0.961000000	0.072849179	0.555734173	0.457241951	0.085806443	-1.014630094	-3.186973130	0.169171360	0.009090802	-0.016529769	0.199383838	-0.000262844	-0.105802973
0.962000000	0.073018234	0.555743267	0.457225416	0.086005691	-1.014630357	-3.187078862	0.168938724	0.009099587	-0.016545775	0.199110516	-0.000263067	-0.105660413
0.963000000	0.073187056	0.555752371	0.457208861	0.086204664	-1.014630620	-3.187184451	0.168705040	0.009108230	-0.016561521	0.198835957	-0.000263287	-0.105517193
0.964000000	0.073355644	0.555761485	0.457192290	0.086403362	-1.014630884	-3.187289896	0.168470313	0.009116729	-0.016577007	0.198560167	-0.000263502	-0.105373316
0.965000000	0.073523996	0.555770606	0.457175704	0.086601784	-1.014631147	-3.187395197	0.168234548	0.009125086	-0.016592232	0.198283153	-0.000263714	-0.105228784
0.966000000	0.073692112	0.555779736	0.457159103	0.086799928	-1.014631411	-3.187500353	0.167997751	0.009133298	-0.016607197	0.198004920	-0.000263921	-0.105083600
0.967000000	0.073859991	0.555788873	0.457142488	0.086997793	-1.014631675	-3.187605364	0.167759924	0.009141368	-0.016621901	0.197725472	-0.000264123	-0.104937767
0.968000000	0.074027632	0.555798018	0.457125860	0.087195378	-1.014631939	-3.187710229	0.167521074	0.009149293	-0.016636343	0.197444816	-0.000264322	-0.104791288
0.969000000	0.074195033	0.555807171	0.457109217	0.087392682	-1.014632204	-3.187814946	0.167281204	0.009157075	-0.016650524	0.197162957	-0.000264516	-0.104644165
0.970000000	0.074362194	0.555816331	0.457092561	0.087589704	-1.014632468	-3.187919517	0.167040319	0.009164712	-0.016664443	0.196879900	-0.000264706	-0.104496401
0.971000000	0.074529114	0.555825498	0.457075892	0.087786442	-1.014632733	-3.188023939	0.166798424	0.009172206	-0.016678100	0.196595651	-0.000264892	-0.104347999
0.972000000	0.074695791	0.555834675	0.457059206	0.087982895	-1.014632998	-3.188128212	0.166555523	0.009179555	-0.016691495	0.196310213	-0.000265073	-0.104198963
0.973000000	0.074862224	0.555843859	0.457042506	0.088179062	-1.014633263	-3.188232337	0.166311620	0.009186760	-0.016704628	0.196023593	-0.000265251	-0.104049293
0.974000000	0.075028413	0.555853050	0.457025794	0.088374941	-1.014633529	-3.188336311	0.166066721	0.009193820	-0.016717497	0.195735797	-0.000265424	-0.103898994
0.975000000	0.075194357	0.555862248	0.457009069	0.088570533	-1.014633794	-3.188440134	0.165820829	0.009200736	-0.016730104	0.195446830	-0.000265592	-0.103748068
0.976000000	0.075360055	0.555871452	0.456992333	0.088765835	-1.014634060	-3.188543807	0.165573951	0.009207507	-0.016742448	0.195156698	-0.000265757	-0.103596518
0.977000000	0.075525505	0.555880662	0.456975585	0.088960846	-1.014634326	-3.188647327	0.165326090	0.009214133	-0.016754528	0.194865405	-0.000265917	-0.103444346
0.978000000	0.075690707	0.555889879	0.456958827	0.089155565	-1.014634592	-3.188750695	0.165077250	0.009220614	-0.016766345	0.194572958	-0.000266073	-0.103291555
0.979000000	0.075855660	0.555899101	0.456942057	0.089349992	-1.014634858	-3.188853910	0.164827437	0.009226950	-0.016777898	0.194279360	-0.000266225	-0.103138149
0.980000000	0.076020362	0.555908332	0.456925272	0.089544124	-1.014635124	-3.188956971	0.164576655	0.009233141	-0.016789188	0.193984618	-0.000266373	-0.102984129
0.981000000	0.076184812	0.555917569	0.456908475	0.089737960	-1.014635391	-3.189059878	0.164324907	0.009239187	-0.016800213	0.193688737	-0.000266516	-0.102829499
0.982000000	0.076349011	0.555926812	0.456891668	0.089931501	-1.014635657	-3.189162630	0.164072199	0.009245087	-0.016810974	0.193391722	-0.000266655	-0.102674261
0.983000000	0.076512956	0.555936060	0.456874852	0.090124743	-1.014635924	-3.189265227	0.163818537	0.009250842	-0.016821471	0.193093580	-0.000266790	-0.102518418
0.984000000	0.076676647	0.555945314	0.456858025	0.090317687	-1.014636191	-3.189367667	0.163563924	0.009256452	-0.016831704	0.192794314	-0.000266921	-0.102361974
0.985000000	0.076840084	0.555954572	0.456841190	0.090510332	-1.014636458	-3.189469950	0.163308364	0.009261916	-0.016841671	0.192493932	-0.000267047	-0.102204929
0.986000000	0.077003264	0.555963836	0.456824345	0.090702675	-1.014636725	-3.189572076	0.163051863	0.009267235	-0.016851375	0.192192438	-0.000267169	-0.102047288
0.987000000	0.077166188	0.555973105	0.456807491	0.090894717	-1.014636992	-3.189674045	0.162794426	0.009272407	-0.016860813	0.191889836	-0.000267287	-0.101889053
0.988000000	0.077328853	0.555982381	0.456790623	0.091086454	-1.014637259	-3.189775854	0.162536054	0.009277435	-0.016869987	0.191586133	-0.000267400	-0.101730228
0.989000000	0.077491259	0.555991662	0.456773747	0.091277888	-1.014637527	-3.189877505	0.162276755	0.009282316	-0.016878895	0.191281333	-0.000267510	-0.101570813
0.990000000	0.077653406	0.556000947	0.456756863	0.091469016	-1.014637794	-3.189978996	0.162016532	0.009287051	-0.016887538	0.190975443	-0.000267615	-0.101410814
0.991000000	0.077815292	0.556010237	0.456739971	0.091659838	-1.014638062	-3.190080326	0.161755391	0.009291641	-0.016895916	0.190668469	-0.000267716	-0.101250231
0.992000000	0.077976916	0.556019530	0.456723072	0.091850353	-1.014638330	-3.190181496	0.161493336	0.009296085	-0.016904029	0.190360414	-0.000267812	-0.101089068
0.993000000	0.078138278	0.556028827	0.456706166	0.092040559	-1.014638598	-3.190282504	0.161230372	0.009300383	-0.016911877	0.190051285	-0.000267905	-0.100927328
0.994000000	0.078299377	0.556038128	0.456689253	0.092230456	-1.014638866	-3.190383351	0.160966502	0.009304534	-0.016919459	0.189741087	-0.000267993	-0.100765013
0.995000000	0.078460211	0.556047436	0.456672327	0.092420041	-1.014639134	-3.190484034	0.160701731	0.009308540	-0.016926776	0.189429824	-0.000268076	-0.100602127
0.996000000	0.078620780	0.556056748	0.456655394	0.092609315	-1.014639402	-3.190584555	0.160436064	0.009312400	-0.016933827	0.189117502	-0.000268156	-0.100438672
0.997000000	0.078781082	0.556066062	0.456638456	0.092798275	-1.014639670	-3.190684911	0.160169506	0.009316114	-0.016940613	0.188804128	-0.000268231	-0.100274650
0.998000000	0.078941118	0.556075380	0.456621513	0.092986922	-1.014639938	-3.190785104	0.159902062	0.009319682	-0.016947133	0.188489706	-0.000268303	-0.100110065
0.999000000	0.079100887	0.556084701	0.456604564	0.093175255	-1.014640207	-3.190885131	0.159633735	0.009323104	-0.016953388	0.188174242	-0.000268369	-0.099944919
1.000000000	0.079260386	0.556094024	0.456587610	0.093363271	-1.014640475	-3.190984993	0.159364531	0.009326379	-0.016959377	0.187857741	-0.000268432	-0.099779215
1.001000000	0.079419616	0.556103352	0.456570648	0.093550970	-1.014640743	-3.191084689	0.159094453	0.009329509	-0.016965101	0.187540208	-0.000268490	-0.099612956
1.002000000	0.079578574	0.556112685	0.456553677	0.093738351	-1.014641012	-3.191184219	0.158823506	0.009332492	-0.016970559	0.187221648	-0.000268545	-0.099446144
1.003000000	0.079737262	0.556122019	0.456536703	0.093925413	-1.014641281	-3.191283582	0.158551696	0.009335330	-0.016975752	0.186902067	-0.000268595	-0.099278783
1.004000000	0.079895677	0.556131356	0.456519724	0.094112154	-1.014641549	-3.191382776	0.158279026	0.009338022	-0.016980679	0.186581470	-0.000268640	-0.099110874
1.005000000	0.080053820	0.556140695	0.456502743	0.094298575	-1.014641818	-3.191481803	0.158005502	0.009340567	-0.016985340	0.186259864	-0.000268682	-0.098942422
1.006000000	0.080211688	0.556150035	0.456485758	0.094484674	-1.014642086	-3.191580661	0.157731127	0.009342967	-0.016989736	0.185937253	-0.000268719	-0.098773428
1.007000000	0.080369282	0.556159379	0.456468766	0.094670450	-1.014642355	-3.191679350	0.157455907	0.009345220	-0.016993867	0.185613642	-0.000268752	-0.098603895
1.008000000	0.080526600	0.556168727	0.456451768	0.094855901	-1.014642624	-3.191777869	0.157179844	0.009347328	-0.016997733	0.185289036	-0.000268781	-0.098433827
1.009000000	0.080683641	0.556178076	0.456434767	0.095041027	-1.014642893	-3.191876217	0.156902945	0.009349290	-0.017001333	0.184963441	-0.000268806	-0.098263225
1.010000000	0.080840405	0.556187426	0.456417764	0.095225827	-1.014643162	-3.191974395	0.156625214	0.009351106	-0.017004668	0.184636863	-0.000268826	-0.098092093
1.011000000	0.080996891	0.556196777	0.456400759	0.095410301	-1.014643430	-3.192072401	0.156346656	0.009352776	-0.017007738	0.184309306	-0.000268842	-0.097920433
1.012000000	0.081153099	0.556206129	0.456383752	0.095594446	-1.014643699	-3.192170236	0.156067276	0.009354300	-0.017010542	0.183980778	-0.000268854	-0.097748249
1.013000000	0.081309026	0.556215484	0.456366740	0.095778262	-1.014643968	-3.192267898	0.155787076	0.009355679	-0.017013082	0.183651281	-0.000268862	-0.097575542
1.014000000	0.081464672	0.556224842	0.456349723	0.095961748	-1.014644237	-3.192365387	0.155506062	0.009356912	-0.017015357	0.183320821	-0.000268866	-0.097402316
1.015000000	0.081620037	0.556234200	0.456332706	0.096144903	-1.014644506	-3.192462702	0.155224239	0.009357999	-0.017017367	0.182989405	-0.000268865	-0.097228574
1.016000000	0.081775120	0.556243559	0.456315688	0.096327726	-1.014644775	-3.192559844	0.154941611	0.009358941	-0.017019113	0.182657037	-0.000268860	-0.097054317
1.017000000	0.081929921	0.556252917	0.456298670	0.096510217	-1.014645044	-3.192656811	0.154658184	0.009359738	-0.017020594	0.182323723	-0.000268851	-0.096879550
1.018000000	0.082084437	0.556262275	0.456281652	0.096692374	-1.014645312	-3.192753602	0.154373961	0.009360389	-0.017021811	0.181989469	-0.000268838	-0.096704274
1.019000000	0.082238668	0.556271638	0.456264627	0.096874196	-1.014645581	-3.192850219	0.154088946	0.009360894	-0.017022764	0.181654278	-0.000268821	-0.096528493
1.020000000	0.082392614	0.556281000	0.456247601	0.097055682	-1.014645850	-3.192946659	0.153803144	0.009361255	-0.017023452	0.181318157	-0.000268799	-0.096352209
1.021000000	0.082546274	0.556290361	0.456230577	0.097236831	-1.014646119	-3.193042923	0.153516561	0.009361470	-0.017023877	0.180981112	-0.000268774	-0.096175425
1.022000000	0.082699647	0.556299722	0.456213554	0.097417644	-1.014646388	-3.193139010	0.153229200	0.009361541	-0.017024037	0.180643147	-0.000268744	-0.095998144
1.023000000	0.082852733	0.556309082	0.456196533	0.097598118	-1.014646656	-3.193234919	0.152941067	0.009361466	-0.017023935	0.180304268	-0.000268710	-0.095820368
1.024000000	0.083005529	0.556318444	0.456179509	0.097778252	-1.014646925	-3.193330651	0.152652165	0.009361247	-0.017023568	0.179964480	-0.000268672	-0.095642101
1.025000000	0.083158036	0.556327806	0.456162483	0.097958046	-1.014647194	-3.193426203	0.152362499	0.009360883	-0.017022939	0.179623788	-0.000268629	-0.095463344
1.026000000	0.083310254	0.556337168	0.456145460	0.098137499	-1.014647462	-3.193521577	0.152072073	0.009360374	-0.017022046	0.179282198	-0.000268583	-0.095284102
1.027000000	0.083462180	0.556346527	0.456128439	0.098316610	-1.014647731	-3.193616771	0.151780893	0.009359720	-0.017020891	0.178939715	-0.000268532	-0.095104376
1.028000000	0.083613815	0.556355885	0.456111421	0.098495379	-1.014647999	-3.193711786	0.151488964	0.009358923	-0.017019473	0.178596345	-0.000268478	-0.094924169
1.029000000	0.083765158	0.556365243	0.456094404	0.098673803	-1.014648268	-3.193806620	0.151196288	0.009357981	-0.017017793	0.178252093	-0.000268419	-0.094743484
1.030000000	0.083916208	0.556374602	0.456077384	0.098851882	-1.014648536	-3.193901273	0.150902870	0.009356894	-0.017015850	0.177906963	-0.000268356	-0.094562325
1.031000000	0.084066963	0.556383959	0.456060368	0.099029616	-1.014648805	-3.193995744	0.150608716	0.009355664	-0.017013646	0.177560961	-0.000268289	-0.094380693
1.032000000	0.084217425	0.556393314	0.456043356	0.099207004	-1.014649073	-3.194090034	0.150313830	0.009354290	-0.017011179	0.177214094	-0.000268218	-0.094198591
1.033000000	0.084367591	0.556402666	0.456026349	0.099384045	-1.014649341	-3.194184141	0.150018217	0.009352772	-0.017008452	0.176866366	-0.000268142	-0.094016022
1.034000000	0.084517461	0.556412017	0.456009342	0.099560737	-1.014649609	-3.194278066	0.149721881	0.009351111	-0.017005463	0.176517782	-0.000268063	-0.093832990
1.035000000	0.084667034	0.556421369	0.455992335	0.099737080	-1.014649877	-3.194371807	0.149424825	0.009349305	-0.017002213	0.176168347	-0.000267979	-0.093649496
1.036000000	0.084816310	0.556430718	0.455975334	0.099913073	-1.014650145	-3.194465365	0.149127056	0.009347357	-0.016998702	0.175818068	-0.000267892	-0.093465543
1.037000000	0.084965288	0.556440064	0.455958338	0.100088715	-1.014650413	-3.194558738	0.148828578	0.009345265	-0.016994931	0.175466949	-0.000267800	-0.093281135
1.038000000	0.085113968	0.556449406	0.455941349	0.100264007	-1.014650681	-3.194651927	0.148529396	0.009343031	-0.016990900	0.175114996	-0.000267704	-0.093096273
1.039000000	0.085262347	0.556458749	0.455924359	0.100438945	-1.014650948	-3.194744930	0.148229512	0.009340653	-0.016986609	0.174762214	-0.000267605	-0.092910962
1.040000000	0.085410426	0.556468090	0.455907372	0.100613531	-1.014651216	-3.194837748	0.147928932	0.009338133	-0.016982059	0.174408607	-0.000267501	-0.092725203
1.041000000	0.085558204	0.556477427	0.455890392	0.100787762	-1.014651483	-3.194930381	0.147627661	0.009335470	-0.016977249	0.174054183	-0.000267393	-0.092538999
1.042000000	0.085705681	0.556486760	0.455873419	0.100961639	-1.014651751	-3.195022826	0.147325704	0.009332665	-0.016972180	0.173698945	-0.000267281	-0.092352353
1.043000000	0.085852856	0.556496089	0.455856453	0.101135160	-1.014652018	-3.195115085	0.147023065	0.009329718	-0.016966853	0.173342901	-0.000267165	-0.092165267
1.044000000	0.085999727	0.556505419	0.455839485	0.101308324	-1.014652285	-3.195207157	0.146719747	0.009326629	-0.016961267	0.172986052	-0.000267045	-0.091977746
1.045000000	0.086146295	0.556514745	0.455822525	0.101481131	-1.014652552	-3.195299040	0.146415755	0.009323397	-0.016955423	0.172628407	-0.000266921	-0.091789791
1.046000000	0.086292558	0.556524067	0.455805573	0.101653581	-1.014652819	-3.195390736	0.146111096	0.009320025	-0.016949322	0.172269970	-0.000266793	-0.091601404
1.047000000	0.086438517	0.556533383	0.455788630	0.101825672	-1.014653085	-3.195482243	0.145805773	0.009316510	-0.016942964	0.171910747	-0.000266661	-0.091412590
1.048000000	0.086584170	0.556542698	0.455771690	0.101997402	-1.014653352	-3.195573561	0.145499790	0.009312855	-0.016936348	0.171550743	-0.000266525	-0.091223350
1.049000000	0.086729516	0.556552011	0.455754754	0.102168772	-1.014653619	-3.195664690	0.145193151	0.009309058	-0.016929476	0.171189961	-0.000266384	-0.091033688
1.050000000	0.086874556	0.556561318	0.455737828	0.102339782	-1.014653885	-3.195755628	0.144885862	0.009305121	-0.016922348	0.170828410	-0.000266240	-0.090843605
1.051000000	0.087019288	0.556570620	0.455720912	0.102510429	-1.014654151	-3.195846377	0.144577927	0.009301043	-0.016914964	0.170466094	-0.000266092	-0.090653106
1.052000000	0.087163712	0.556579918	0.455704002	0.102680714	-1.014654417	-3.195936934	0.144269350	0.009296824	-0.016907325	0.170103018	-0.000265940	-0.090462192
1.053000000	0.087307826	0.556589214	0.455687095	0.102850635	-1.014654683	-3.196027301	0.143960136	0.009292466	-0.016899430	0.169739186	-0.000265784	-0.090270867
1.054000000	0.087451631	0.556598505	0.455670199	0.103020192	-1.014654949	-3.196117476	0.143650289	0.009287967	-0.016891281	0.169374606	-0.000265624	-0.090079132
1.055000000	0.087595127	0.556607790	0.455653314	0.103189384	-1.014655214	-3.196207459	0.143339815	0.009283328	-0.016882877	0.169009281	-0.000265460	-0.089886992
1.056000000	0.087738311	0.556617069	0.455636439	0.103358211	-1.014655479	-3.196297250	0.143028718	0.009278550	-0.016874220	0.168643219	-0.000265292	-0.089694448
1.057000000	0.087881184	0.556626347	0.455619565	0.103526670	-1.014655745	-3.196386848	0.142717000	0.009273633	-0.016865309	0.168276421	-0.000265121	-0.089501504
1.058000000	0.088023745	0.556635619	0.455602703	0.103694763	-1.014656010	-3.196476253	0.142404668	0.009268577	-0.016856146	0.167908895	-0.000264945	-0.089308163
1.059000000	0.088165993	0.556644884	0.455585853	0.103862488	-1.014656275	-3.196565464	0.142091727	0.009263381	-0.016846730	0.167540648	-0.000264765	-0.089114426
1.060000000	0.088307929	0.556654142	0.455569015	0.104029844	-1.014656539	-3.196654481	0.141778181	0.009258047	-0.016837061	0.167171683	-0.000264582	-0.088920297
1.061000000	0.088449549	0.556663400	0.455552179	0.104196831	-1.014656804	-3.196743305	0.141464032	0.009252575	-0.016827141	0.166802004	-0.000264394	-0.088725778
1.062000000	0.088590856	0.556672651	0.455535355	0.104363447	-1.014657068	-3.196831933	0.141149287	0.009246965	-0.016816970	0.166431619	-0.000264203	-0.088530873
1.063000000	0.088731848	0.556681894	0.455518545	0.104529694	-1.014657332	-3.196920366	0.140833950	0.009241217	-0.016806548	0.166060532	-0.000264008	-0.088335584
1.064000000	0.088872524	0.556691130	0.455501748	0.104695569	-1.014657596	-3.197008604	0.140518027	0.009235331	-0.016795876	0.165688750	-0.000263809	-0.088139913
1.065000000	0.089012883	0.556700365	0.455484953	0.104861071	-1.014657860	-3.197096646	0.140201519	0.009229308	-0.016784953	0.165316274	-0.000263606	-0.087943865
1.066000000	0.089152926	0.556709592	0.455468172	0.105026201	-1.014658123	-3.197184492	0.139884433	0.009223147	-0.016773782	0.164943114	-0.000263399	-0.087747440
1.067000000	0.089292652	0.556718811	0.455451406	0.105190957	-1.014658387	-3.197272141	0.139566774	0.009216850	-0.016762361	0.164569274	-0.000263188	-0.087550643
1.068000000	0.089432060	0.556728022	0.455434653	0.105355340	-1.014658650	-3.197359593	0.139248546	0.009210417	-0.016750693	0.164194758	-0.000262974	-0.087353476
1.069000000	0.089571149	0.556737232	0.455417904	0.105519346	-1.014658913	-3.197446847	0.138929751	0.009203847	-0.016738776	0.163819571	-0.000262756	-0.087155941
1.070000000	0.089709919	0.556746433	0.455401170	0.105682978	-1.014659175	-3.197533904	0.138610396	0.009197141	-0.016726612	0.163443720	-0.000262534	-0.086958042
1.071000000	0.089848370	0.556755625	0.455384452	0.105846234	-1.014659438	-3.197620763	0.138290486	0.009190300	-0.016714201	0.163067210	-0.000262308	-0.086759780
1.072000000	0.089986500	0.556764811	0.455367746	0.106009112	-1.014659700	-3.197707424	0.137970024	0.009183323	-0.016701544	0.162690046	-0.000262078	-0.086561160
1.073000000	0.090124309	0.556773993	0.455351047	0.106171613	-1.014659962	-3.197793886	0.137649014	0.009176210	-0.016688640	0.162312232	-0.000261844	-0.086362184
1.074000000	0.090261798	0.556783166	0.455334365	0.106333736	-1.014660224	-3.197880148	0.137327462	0.009168964	-0.016675492	0.161933776	-0.000261607	-0.086162854
1.075000000	0.090398965	0.556792329	0.455317700	0.106495481	-1.014660485	-3.197966211	0.137005373	0.009161582	-0.016662099	0.161554681	-0.000261366	-0.085963173
1.076000000	0.090535808	0.556801488	0.455301043	0.106656846	-1.014660746	-3.198052074	0.136682750	0.009154066	-0.016648461	0.161174953	-0.000261121	-0.085763145
1.077000000	0.090672329	0.556810639	0.455284399	0.106817830	-1.014661007	-3.198137737	0.136359597	0.009146417	-0.016634580	0.160794596	-0.000260873	-0.085562771
1.078000000	0.090808527	0.556819781	0.455267773	0.106978435	-1.014661268	-3.198223200	0.136035920	0.009138634	-0.016620456	0.160413618	-0.000260621	-0.085362054
1.079000000	0.090944402	0.556828913	0.455251164	0.107138658	-1.014661528	-3.198308461	0.135711724	0.009130717	-0.016606090	0.160032024	-0.000260365	-0.085160998
1.080000000	0.091079951	0.556838043	0.455234560	0.107298498	-1.014661789	-3.198393522	0.135387011	0.009122668	-0.016591481	0.159649815	-0.000260105	-0.084959605
1.081000000	0.091215175	0.556847162	0.455217976	0.107457957	-1.014662049	-3.198478380	0.135061787	0.009114485	-0.016576631	0.159267001	-0.000259842	-0.084757878
1.082000000	0.091350074	0.556856270	0.455201409	0.107617032	-1.014662308	-3.198563037	0.134736057	0.009106171	-0.016561540	0.158883586	-0.000259574	-0.084555820
1.083000000	0.091484647	0.556865372	0.455184855	0.107775724	-1.014662568	-3.198647492	0.134409824	0.009097724	-0.016546209	0.158499574	-0.000259304	-0.084353433
1.084000000	0.091618893	0.556874467	0.455168314	0.107934031	-1.014662827	-3.198731744	0.134083094	0.009089146	-0.016530638	0.158114971	-0.000259029	-0.084150720
1.085000000	0.091752813	0.556883552	0.455151792	0.108091954	-1.014663086	-3.198815793	0.133755870	0.009080436	-0.016514828	0.157729784	-0.000258751	-0.083947684
1.086000000	0.091886406	0.556892625	0.455135290	0.108249491	-1.014663344	-3.198899639	0.133428159	0.009071595	-0.016498780	0.157344016	-0.000258470	-0.083744327
1.087000000	0.092019669	0.556901695	0.455118795	0.108406641	-1.014663603	-3.198983282	0.133099962	0.009062624	-0.016482494	0.156957672	-0.000258184	-0.083540654
1.088000000	0.092152605	0.556910753	0.455102320	0.108563406	-1.014663861	-3.199066721	0.132771286	0.009053522	-0.016465971	0.156570759	-0.000257895	-0.083336665
1.089000000	0.092285212	0.556919800	0.455085866	0.108719783	-1.014664119	-3.199149955	0.132442135	0.009044290	-0.016449211	0.156183282	-0.000257603	-0.083132364
1.090000000	0.092417489	0.556928841	0.455069423	0.108875772	-1.014664376	-3.199232985	0.132112512	0.009034929	-0.016432215	0.155795245	-0.000257306	-0.082927754
1.091000000	0.092549436	0.556937872	0.455052998	0.109031373	-1.014664633	-3.199315811	0.131782423	0.009025438	-0.016414984	0.155406653	-0.000257007	-0.082722838
1.092000000	0.092681054	0.556946892	0.455036593	0.109186585	-1.014664890	-3.199398431	0.131451873	0.009015818	-0.016397519	0.155017514	-0.000256703	-0.082517618
1.093000000	0.092812340	0.556955902	0.455020206	0.109341408	-1.014665147	-3.199480846	0.131120866	0.009006070	-0.016379819	0.154627832	-0.000256396	-0.082312097
1.094000000	0.092943295	0.556964905	0.455003832	0.109495841	-1.014665403	-3.199563055	0.130789404	0.008996193	-0.016361886	0.154237610	-0.000256086	-0.082106277
1.095000000	0.093073919	0.556973896	0.454987480	0.109649883	-1.014665659	-3.199645058	0.130457495	0.008986188	-0.016343721	0.153846856	-0.000255772	-0.081900163
1.096000000	0.093204211	0.556982874	0.454971150	0.109803535	-1.014665914	-3.199726855	0.130125143	0.008976056	-0.016325323	0.153455575	-0.000255454	-0.081693755
1.097000000	0.093334169	0.556991848	0.454954829	0.109956794	-1.014666170	-3.199808446	0.129792349	0.008965797	-0.016306694	0.153063770	-0.000255133	-0.081487058
1.098000000	0.093463795	0.557000809	0.454938532	0.110109661	-1.014666425	-3.199889829	0.129459121	0.008955411	-0.016287834	0.152671449	-0.000254809	-0.081280074
1.099000000	0.093593087	0.557009756	0.454922258	0.110262137	-1.014666679	-3.199971006	0.129125464	0.008944899	-0.016268745	0.152278616	-0.000254481	-0.081072805
1.100000000	0.093722045	0.557018698	0.454905995	0.110414219	-1.014666934	-3.200051975	0.128791378	0.008934261	-0.016249426	0.151885276	-0.000254149	-0.080865255
1.101000000	0.093850669	0.557027627	0.454889754	0.110565907	-1.014667188	-3.200132736	0.128456872	0.008923497	-0.016229878	0.151491434	-0.000253814	-0.080657426
1.102000000	0.093978959	0.557036543	0.454873538	0.110717202	-1.014667441	-3.200213289	0.128121949	0.008912607	-0.016210103	0.151097097	-0.000253476	-0.080449321
1.103000000	0.094106913	0.557045452	0.454857335	0.110868101	-1.014667695	-3.200293635	0.127786613	0.008901593	-0.016190100	0.150702269	-0.000253134	-0.080240943
1.104000000	0.094234532	0.557054349	0.454841154	0.111018606	-1.014667948	-3.200373771	0.127450868	0.008890455	-0.016169871	0.150306954	-0.000252788	-0.080032294
1.105000000	0.094361815	0.557063232	0.454824998	0.111168715	-1.014668200	-3.200453699	0.127114720	0.008879192	-0.016149417	0.149911161	-0.000252440	-0.079823378
1.106000000	0.094488762	0.557072106	0.454808857	0.111318428	-1.014668452	-3.200533418	0.126778172	0.008867806	-0.016128737	0.149514891	-0.000252087	-0.079614196
1.107000000	0.094615371	0.557080969	0.454792737	0.111467744	-1.014668704	-3.200612927	0.126441229	0.008856297	-0.016107833	0.149118151	-0.000251732	-0.079404753
1.108000000	0.094741644	0.557089818	0.454776643	0.111616664	-1.014668956	-3.200692227	0.126103897	0.008844665	-0.016086706	0.148720947	-0.000251373	-0.079195050
1.109000000	0.094867579	0.557098657	0.454760566	0.111765186	-1.014669207	-3.200771317	0.125766177	0.008832910	-0.016065355	0.148323284	-0.000251011	-0.078985090
1.110000000	0.094993176	0.557107485	0.454744509	0.111913310	-1.014669458	-3.200850197	0.125428076	0.008821033	-0.016043783	0.147925166	-0.000250645	-0.078774877
1.111000000	0.095118435	0.557116299	0.454728479	0.112061037	-1.014669708	-3.200928867	0.125089599	0.008809035	-0.016021989	0.147526600	-0.000250276	-0.078564412
1.112000000	0.095243355	0.557125102	0.454712467	0.112208364	-1.014669958	-3.201007326	0.124750748	0.008796915	-0.015999975	0.147127589	-0.000249904	-0.078353699
1.113000000	0.095367936	0.557133894	0.454696476	0.112355291	-1.014670208	-3.201085574	0.124411529	0.008784675	-0.015977741	0.146728140	-0.000249528	-0.078142740
1.114000000	0.095492178	0.557142671	0.454680513	0.112501820	-1.014670457	-3.201163611	0.124071947	0.008772314	-0.015955288	0.146328258	-0.000249149	-0.077931539
1.115000000	0.095616080	0.557151438	0.454664567	0.112647948	-1.014670706	-3.201241437	0.123732005	0.008759834	-0.015932617	0.145927948	-0.000248767	-0.077720097
1.116000000	0.095739642	0.557160192	0.454648644	0.112793675	-1.014670955	-3.201319052	0.123391708	0.008747234	-0.015909728	0.145527215	-0.000248381	-0.077508419
1.117000000	0.095862864	0.557168931	0.454632750	0.112939002	-1.014671203	-3.201396454	0.123051062	0.008734515	-0.015886623	0.145126065	-0.000247993	-0.077296506
1.118000000	0.095985744	0.557177661	0.454616873	0.113083927	-1.014671451	-3.201473645	0.122710068	0.008721677	-0.015863301	0.144724502	-0.000247601	-0.077084361
1.119000000	0.096108283	0.557186376	0.454601020	0.113228451	-1.014671698	-3.201550623	0.122368734	0.008708721	-0.015839765	0.144322533	-0.000247205	-0.076871987
1.120000000	0.096230482	0.557195076	0.454585197	0.113372573	-1.014671945	-3.201627388	0.122027063	0.008695648	-0.015816015	0.143920162	-0.000246807	-0.076659387
1.121000000	0.096352337	0.557203767	0.454569388	0.113516291	-1.014672192	-3.201703941	0.121685058	0.008682457	-0.015792051	0.143517393	-0.000246405	-0.076446563
1.122000000	0.096473851	0.557212443	0.454553608	0.113659607	-1.014672438	-3.201780281	0.121342725	0.008669149	-0.015767874	0.143114234	-0.000246000	-0.076233519
1.123000000	0.096595023	0.557221103	0.454537857	0.113802520	-1.014672684	-3.201856408	0.121000069	0.008655725	-0.015743486	0.142710689	-0.000245592	-0.076020257
1.124000000	0.096715851	0.557229755	0.454522121	0.113945028	-1.014672929	-3.201932322	0.120657093	0.008642185	-0.015718886	0.142306762	-0.000245181	-0.075806780
1.125000000	0.096836337	0.557238390	0.454506416	0.114087133	-1.014673174	-3.202008022	0.120313802	0.008628529	-0.015694076	0.141902460	-0.000244767	-0.075593091
1.126000000	0.096956479	0.557247010	0.454490736	0.114228833	-1.014673419	-3.202083508	0.119970202	0.008614759	-0.015669058	0.141497788	-0.000244350	-0.075379192
1.127000000	0.097076277	0.557255620	0.454475076	0.114370128	-1.014673663	-3.202158780	0.119626294	0.008600874	-0.015643830	0.141092750	-0.000243929	-0.075165086
1.128000000	0.097195731	0.557264212	0.454459448	0.114511019	-1.014673907	-3.202233838	0.119282085	0.008586875	-0.015618395	0.140687353	-0.000243505	-0.074950776
1.129000000	0.097314841	0.557272792	0.454443842	0.114651503	-1.014674150	-3.202308682	0.118937579	0.008572762	-0.015592753	0.140281600	-0.000243078	-0.074736265
1.130000000	0.097433606	0.557281359	0.454428260	0.114791581	-1.014674393	-3.202383311	0.118592780	0.008558536	-0.015566905	0.139875498	-0.000242649	-0.074521556
1.131000000	0.097552027	0.557289908	0.454412710	0.114931254	-1.014674635	-3.202457725	0.118247694	0.008544197	-0.015540852	0.139469053	-0.000242216	-0.074306650
1.132000000	0.097670102	0.557298447	0.454397179	0.115070519	-1.014674877	-3.202531924	0.117902322	0.008529746	-0.015514595	0.139062267	-0.000241780	-0.074091552
1.133000000	0.097787831	0.557306970	0.454381677	0.115209378	-1.014675119	-3.202605908	0.117556672	0.008515184	-0.015488134	0.138655147	-0.000241341	-0.073876264
1.134000000	0.097905215	0.557315475	0.454366206	0.115347830	-1.014675360	-3.202679676	0.117210747	0.008500510	-0.015461471	0.138247700	-0.000240899	-0.073660788
1.135000000	0.098022252	0.557323971	0.454350754	0.115485873	-1.014675601	-3.202753229	0.116864550	0.008485725	-0.015434607	0.137839928	-0.000240454	-0.073445128
1.136000000	0.098138944	0.557332448	0.454335335	0.115623510	-1.014675841	-3.202826566	0.116518088	0.008470830	-0.015407541	0.137431839	-0.000240006	-0.073229286
1.137000000	0.098255289	0.557340912	0.454319941	0.115760737	-1.014676081	-3.202899688	0.116171364	0.008455826	-0.015380276	0.137023436	-0.000239555	-0.073013264
1.138000000	0.098371286	0.557349361	0.454304572	0.115897556	-1.014676320	-3.202972593	0.115824383	0.008440712	-0.015352812	0.136614725	-0.000239101	-0.072797067
1.139000000	0.098486938	0.557357791	0.454289239	0.116033967	-1.014676559	-3.203045282	0.115477149	0.008425489	-0.015325150	0.136205713	-0.000238644	-0.072580695
1.140000000	0.098602241	0.557366212	0.454273922	0.116169967	-1.014676797	-3.203117754	0.115129666	0.008410158	-0.015297290	0.135796402	-0.000238184	-0.072364154
1.141000000	0.098717197	0.557374613	0.454258640	0.116305559	-1.014677035	-3.203190010	0.114781939	0.008394719	-0.015269235	0.135386799	-0.000237722	-0.072147444
1.142000000	0.098831805	0.557383000	0.454243387	0.116440741	-1.014677273	-3.203262049	0.114433973	0.008379173	-0.015240984	0.134976910	-0.000237256	-0.071930569
1.143000000	0.098946064	0.557391373	0.454228157	0.116575513	-1.014677510	-3.203333871	0.114085770	0.008363520	-0.015212538	0.134566738	-0.000236788	-0.071713531
1.144000000	0.099059977	0.557399726	0.454212963	0.116709875	-1.014677746	-3.203405476	0.113737339	0.008347761	-0.015183900	0.134156291	-0.000236316	-0.071496334
1.145000000	0.099173539	0.557408068	0.454197790	0.116843825	-1.014677982	-3.203476864	0.113388679	0.008331895	-0.015155068	0.133745571	-0.000235842	-0.071278980
1.146000000	0.099286753	0.557416391	0.454182650	0.116977365	-1.014678218	-3.203548034	0.113039798	0.008315925	-0.015126045	0.133334586	-0.000235365	-0.071061471
1.147000000	0.099399619	0.557424698	0.454167540	0.117110495	-1.014678453	-3.203618987	0.112690700	0.008299850	-0.015096831	0.132923340	-0.000234885	-0.070843812
1.148000000	0.099512134	0.557432992	0.454152455	0.117243212	-1.014678688	-3.203689722	0.112341387	0.008283671	-0.015067428	0.132511837	-0.000234402	-0.070626003
1.149000000	0.099624302	0.557441265	0.454137407	0.117375519	-1.014678922	-3.203760239	0.111991868	0.008267388	-0.015037835	0.132100085	-0.000233917	-0.070408049
1.150000000	0.099736118	0.557449526	0.454122380	0.117507412	-1.014679156	-3.203830538	0.111642142	0.008251001	-0.015008055	0.131688087	-0.000233429	-0.070189952
1.151000000	0.099847586	0.557457768	0.454107388	0.117638894	-1.014679389	-3.203900619	0.111292217	0.008234512	-0.014978088	0.131275849	-0.000232938	-0.069971715
1.152000000	0.099958703	0.557465994	0.454092426	0.117769964	-1.014679622	-3.203970481	0.110942097	0.008217921	-0.014947935	0.130863376	-0.000232444	-0.069753340
1.153000000	0.100069469	0.557474205	0.454077490	0.117900621	-1.014679854	-3.204040125	0.110591785	0.008201228	-0.014917597	0.130450673	-0.000231948	-0.069534830
1.154000000	0.100179887	0.557482395	0.454062593	0.118030866	-1.014680085	-3.204109551	0.110241288	0.008184434	-0.014887075	0.130037747	-0.000231449	-0.069316189
1.155000000	0.100289952	0.557490574	0.454047717	0.118160696	-1.014680317	-3.204178758	0.109890607	0.008167540	-0.014856369	0.129624600	-0.000230947	-0.069097418
1.156000000	0.100399668	0.557498732	0.454032878	0.118290114	-1.014680547	-3.204247745	0.109539748	0.008150546	-0.014825482	0.129211240	-0.000230442	-0.068878521
1.157000000	0.100509032	0.557506874	0.454018067	0.118419119	-1.014680778	-3.204316514	0.109188716	0.008133452	-0.014794414	0.128797670	-0.000229935	-0.068659500
1.158000000	0.100618045	0.557514999	0.454003287	0.118547709	-1.014681007	-3.204385064	0.108837515	0.008116259	-0.014763165	0.128383896	-0.000229425	-0.068440358
1.159000000	0.100726707	0.557523105	0.453988543	0.118675887	-1.014681236	-3.204453395	0.108486150	0.008098967	-0.014731737	0.127969925	-0.000228913	-0.068221098
1.160000000	0.100835017	0.557531198	0.453973823	0.118803649	-1.014681465	-3.204521507	0.108134623	0.008081578	-0.014700131	0.127555759	-0.000228398	-0.068001723
1.161000000	0.100942976	0.557539268	0.453959143	0.118930998	-1.014681693	-3.204589399	0.107782942	0.008064092	-0.014668348	0.127141407	-0.000227880	-0.067782236
1.162000000	0.101050583	0.557547326	0.453944487	0.119057932	-1.014681921	-3.204657071	0.107431108	0.008046508	-0.014636389	0.126726870	-0.000227360	-0.067562638
1.163000000	0.101157838	0.557555362	0.453929868	0.119184452	-1.014682148	-3.204724524	0.107079127	0.008028829	-0.014604254	0.126312156	-0.000226837	-0.067342934
1.164000000	0.101264741	0.557563382	0.453915280	0.119310556	-1.014682374	-3.204791757	0.106727004	0.008011054	-0.014571946	0.125897269	-0.000226312	-0.067123125
1.165000000	0.101371292	0.557571385	0.453900723	0.119436246	-1.014682601	-3.204858770	0.106374742	0.007993184	-0.014539464	0.125482215	-0.000225784	-0.066903215
1.166000000	0.101477491	0.557579368	0.453886203	0.119561521	-1.014682826	-3.204925563	0.106022347	0.007975219	-0.014506810	0.125066999	-0.000225253	-0.066683206
1.167000000	0.101583336	0.557587336	0.453871709	0.119686380	-1.014683051	-3.204992136	0.105669821	0.007957160	-0.014473985	0.124651625	-0.000224721	-0.066463102
1.168000000	0.101688831	0.557595281	0.453857256	0.119810824	-1.014683275	-3.205058489	0.105317172	0.007939008	-0.014440990	0.124236100	-0.000224185	-0.066242904
1.169000000	0.101793971	0.557603214	0.453842827	0.119934852	-1.014683499	-3.205124622	0.104964400	0.007920763	-0.014407826	0.123820428	-0.000223647	-0.066022616
1.170000000	0.101898759	0.557611124	0.453828438	0.120058465	-1.014683723	-3.205190535	0.104611513	0.007902425	-0.014374493	0.123404615	-0.000223107	-0.065802240
1.171000000	0.102003194	0.557619018	0.453814079	0.120181661	-1.014683946	-3.205256227	0.104258513	0.007883996	-0.014340994	0.122988665	-0.000222564	-0.065581780
1.172000000	0.102107276	0.557626893	0.453799755	0.120304442	-1.014684168	-3.205321698	0.103905406	0.007865476	-0.014307329	0.122572584	-0.000222019	-0.065361237
1.173000000	0.102211005	0.557634748	0.453785466	0.120426807	-1.014684390	-3.205386949	0.103552197	0.007846865	-0.014273498	0.122156378	-0.000221472	-0.065140615
1.174000000	0.102314380	0.557642587	0.453771207	0.120548755	-1.014684611	-3.205451979	0.103198887	0.007828164	-0.014239504	0.121740050	-0.000220922	-0.064919917
1.175000000	0.102417403	0.557650404	0.453756988	0.120670287	-1.014684831	-3.205516789	0.102845485	0.007809374	-0.014205347	0.121323607	-0.000220369	-0.064699145
1.176000000	0.102520071	0.557658206	0.453742796	0.120791402	-1.014685052	-3.205581378	0.102491991	0.007790495	-0.014171028	0.120907053	-0.000219815	-0.064478302
1.177000000	0.102622387	0.557665984	0.453728648	0.120912101	-1.014685271	-3.205645745	0.102138412	0.007771527	-0.014136549	0.120490395	-0.000219258	-0.064257391
1.178000000	0.102724348	0.557673749	0.453714523	0.121032382	-1.014685490	-3.205709892	0.101784751	0.007752472	-0.014101909	0.120073636	-0.000218699	-0.064036415
1.179000000	0.102825956	0.557681490	0.453700443	0.121152248	-1.014685708	-3.205773818	0.101431015	0.007733330	-0.014067112	0.119656783	-0.000218137	-0.063815376
1.180000000	0.102927210	0.557689215	0.453686389	0.121271696	-1.014685926	-3.205837523	0.101077204	0.007714101	-0.014032156	0.119239839	-0.000217573	-0.063594277
1.181000000	0.103028110	0.557696919	0.453672377	0.121390728	-1.014686144	-3.205901007	0.100723327	0.007694786	-0.013997044	0.118822811	-0.000217007	-0.063373121
1.182000000	0.103128657	0.557704605	0.453658396	0.121509342	-1.014686360	-3.205964269	0.100369385	0.007675386	-0.013961777	0.118405704	-0.000216439	-0.063151911
1.183000000	0.103228849	0.557712270	0.453644453	0.121627539	-1.014686577	-3.206027311	0.100015385	0.007655901	-0.013926355	0.117988522	-0.000215868	-0.062930649
1.184000000	0.103328687	0.557719916	0.453630544	0.121745319	-1.014686792	-3.206090131	0.099661329	0.007636332	-0.013890780	0.117571272	-0.000215295	-0.062709338
1.185000000	0.103428172	0.557727543	0.453616670	0.121862681	-1.014687007	-3.206152729	0.099307222	0.007616680	-0.013855053	0.117153957	-0.000214720	-0.062487982
1.186000000	0.103527302	0.557735149	0.453602835	0.121979627	-1.014687222	-3.206215107	0.098953070	0.007596944	-0.013819174	0.116736585	-0.000214143	-0.062266582
1.187000000	0.103626078	0.557742737	0.453589032	0.122096154	-1.014687435	-3.206277262	0.098598875	0.007577126	-0.013783146	0.116319158	-0.000213564	-0.062045142
1.188000000	0.103724500	0.557750303	0.453575269	0.122212265	-1.014687649	-3.206339197	0.098244643	0.007557227	-0.013746969	0.115901683	-0.000212982	-0.061823664
1.189000000	0.103822567	0.557757852	0.453561537	0.122327958	-1.014687861	-3.206400910	0.097890378	0.007537246	-0.013710644	0.115484165	-0.000212399	-0.061602152
1.190000000	0.103920281	0.557765377	0.453547849	0.122443234	-1.014688073	-3.206462401	0.097536084	0.007517184	-0.013674172	0.115066610	-0.000211813	-0.061380607
1.191000000	0.104017639	0.557772886	0.453534189	0.122558091	-1.014688285	-3.206523671	0.097181765	0.007497043	-0.013637554	0.114649020	-0.000211225	-0.061159033
1.192000000	0.104114644	0.557780370	0.453520574	0.122672532	-1.014688496	-3.206584719	0.096827428	0.007476822	-0.013600792	0.114231404	-0.000210636	-0.060937433
1.193000000	0.104211294	0.557787840	0.453506987	0.122786554	-1.014688706	-3.206645546	0.096473073	0.007456522	-0.013563887	0.113813765	-0.000210044	-0.060715809
1.194000000	0.104307591	0.557795283	0.453493447	0.122900159	-1.014688916	-3.206706151	0.096118709	0.007436145	-0.013526839	0.113396109	-0.000209450	-0.060494163
1.195000000	0.104403531	0.557802712	0.453479934	0.123013346	-1.014689125	-3.206766534	0.095764336	0.007415689	-0.013489650	0.112978440	-0.000208854	-0.060272500
1.196000000	0.104499119	0.557810114	0.453466468	0.123126116	-1.014689334	-3.206826696	0.095409963	0.007395157	-0.013452321	0.112560765	-0.000208256	-0.060050821
1.197000000	0.104594351	0.557817502	0.453453029	0.123238467	-1.014689542	-3.206886636	0.095055589	0.007374549	-0.013414853	0.112143087	-0.000207656	-0.059829130
1.198000000	0.104689231	0.557824863	0.453439639	0.123350403	-1.014689749	-3.206946354	0.094701224	0.007353864	-0.013377247	0.111725413	-0.000207054	-0.059607428
1.199000000	0.104783754	0.557832210	0.453426275	0.123461918	-1.014689956	-3.207005851	0.094346867	0.007333105	-0.013339504	0.111307747	-0.000206450	-0.059385720
1.200000000	0.104877924	0.557839529	0.453412960	0.123573018	-1.014690162	-3.207065125	0.093992527	0.007312272	-0.013301626	0.110890095	-0.000205844	-0.059164007
1.201000000	0.104971739	0.557846834	0.453399671	0.123683698	-1.014690367	-3.207124179	0.093638205	0.007291364	-0.013263613	0.110472461	-0.000205236	-0.058942293
1.202000000	0.105065201	0.557854112	0.453386433	0.123793963	-1.014690572	-3.207183010	0.093283908	0.007270383	-0.013225467	0.110054853	-0.000204627	-0.058720580
1.203000000	0.105158307	0.557861375	0.453373221	0.123903808	-1.014690777	-3.207241620	0.092929637	0.007249330	-0.013187189	0.109637272	-0.000204015	-0.058498871
1.204000000	0.105251060	0.557868611	0.453360058	0.124013238	-1.014690980	-3.207300008	0.092575400	0.007228205	-0.013148780	0.109219726	-0.000203402	-0.058277168
1.205000000	0.105343457	0.557875832	0.453346923	0.124122248	-1.014691184	-3.207358174	0.092221199	0.007207008	-0.013110241	0.108802219	-0.000202787	-0.058055475
1.206000000	0.105435502	0.557883025	0.453333837	0.124230842	-1.014691386	-3.207416119	0.091867040	0.007185741	-0.013071573	0.108384757	-0.000202170	-0.057833795
1.207000000	0.105527191	0.557890203	0.453320780	0.124339017	-1.014691588	-3.207473842	0.091512926	0.007164403	-0.013032777	0.107967344	-0.000201551	-0.057612130
1.208000000	0.105618528	0.557897354	0.453307771	0.124446777	-1.014691789	-3.207531343	0.091158862	0.007142997	-0.012993855	0.107549987	-0.000200931	-0.057390482
1.209000000	0.105709509	0.557904489	0.453294792	0.124554117	-1.014691990	-3.207588623	0.090804852	0.007121521	-0.012954807	0.107132689	-0.000200308	-0.057168856
1.210000000	0.105800138	0.557911598	0.453281861	0.124661042	-1.014692190	-3.207645681	0.090450901	0.007099977	-0.012915636	0.106715457	-0.000199684	-0.056947252
1.211000000	0.105890411	0.557918689	0.453268961	0.124767548	-1.014692389	-3.207702517	0.090097012	0.007078366	-0.012876341	0.106298294	-0.000199058	-0.056725675
1.212000000	0.105980332	0.557925755	0.453256108	0.124873638	-1.014692588	-3.207759132	0.089743191	0.007056688	-0.012836925	0.105881208	-0.000198431	-0.056504127
1.213000000	0.106069897	0.557932802	0.453243288	0.124979311	-1.014692786	-3.207815525	0.089389441	0.007034943	-0.012797387	0.105464201	-0.000197801	-0.056282611
1.214000000	0.106159110	0.557939825	0.453230512	0.125084567	-1.014692983	-3.207871697	0.089035768	0.007013133	-0.012757731	0.105047281	-0.000197170	-0.056061129
1.215000000	0.106247969	0.557946828	0.453217773	0.125189405	-1.014693180	-3.207927648	0.088682174	0.006991258	-0.012717956	0.104630451	-0.000196538	-0.055839684
1.216000000	0.106336475	0.557953808	0.453205075	0.125293828	-1.014693377	-3.207983377	0.088328666	0.006969319	-0.012678063	0.104213718	-0.000195904	-0.055618280
1.217000000	0.106424627	0.557960766	0.453192417	0.125397833	-1.014693572	-3.208038884	0.087975246	0.006947316	-0.012638055	0.103797086	-0.000195268	-0.055396919
1.218000000	0.106512425	0.557967703	0.453179799	0.125501422	-1.014693767	-3.208094171	0.087621920	0.006925250	-0.012597932	0.103380559	-0.000194630	-0.055175603
1.219000000	0.106599871	0.557974616	0.453167223	0.125604594	-1.014693961	-3.208149236	0.087268692	0.006903121	-0.012557695	0.102964145	-0.000193991	-0.054954336
1.220000000	0.106686962	0.557981509	0.453154683	0.125707350	-1.014694155	-3.208204079	0.086915565	0.006880931	-0.012517345	0.102547847	-0.000193351	-0.054733119
1.221000000	0.106773702	0.557988377	0.453142189	0.125809690	-1.014694348	-3.208258702	0.086562546	0.006858680	-0.012476885	0.102131671	-0.000192708	-0.054511957
1.222000000	0.106860087	0.557995227	0.453129729	0.125911613	-1.014694540	-3.208313103	0.086209636	0.006836368	-0.012436314	0.101715622	-0.000192065	-0.054290852
1.223000000	0.106946122	0.558002049	0.453117318	0.126013122	-1.014694732	-3.208367283	0.085856843	0.006813996	-0.012395634	0.101299705	-0.000191419	-0.054069806
1.224000000	0.107031801	0.558008855	0.453104937	0.126114213	-1.014694923	-3.208421243	0.085504168	0.006791565	-0.012354846	0.100883924	-0.000190773	-0.053848822
1.225000000	0.107117130	0.558015633	0.453092607	0.126214889	-1.014695114	-3.208474981	0.085151618	0.006769076	-0.012313952	0.100468287	-0.000190124	-0.053627904
1.226000000	0.107202105	0.558022393	0.453080310	0.126315149	-1.014695304	-3.208528499	0.084799195	0.006746529	-0.012272952	0.100052796	-0.000189475	-0.053407054
1.227000000	0.107286728	0.558029127	0.453068059	0.126414995	-1.014695493	-3.208581795	0.084446905	0.006723924	-0.012231848	0.099637459	-0.000188824	-0.053186274
1.228000000	0.107370999	0.558035840	0.453055847	0.126514424	-1.014695681	-3.208634871	0.084094752	0.006701264	-0.012190641	0.099222279	-0.000188171	-0.052965567
1.229000000	0.107454917	0.558042530	0.453043677	0.126613439	-1.014695869	-3.208687726	0.083742740	0.006678547	-0.012149333	0.098807262	-0.000187517	-0.052744937
1.230000000	0.107538484	0.558049196	0.453031550	0.126712039	-1.014696056	-3.208740361	0.083390874	0.006655775	-0.012107923	0.098392413	-0.000186862	-0.052524386
1.231000000	0.107621699	0.558055842	0.453019460	0.126810224	-1.014696243	-3.208792775	0.083039158	0.006632948	-0.012066414	0.097977737	-0.000186205	-0.052303916
1.232000000	0.107704563	0.558062461	0.453007419	0.126907995	-1.014696429	-3.208844969	0.082687596	0.006610068	-0.012024807	0.097563240	-0.000185547	-0.052083531
1.233000000	0.107787074	0.558069063	0.452995410	0.127005350	-1.014696614	-3.208896942	0.082336192	0.006587134	-0.011983103	0.097148925	-0.000184888	-0.051863234
1.234000000	0.107869235	0.558075636	0.452983452	0.127102293	-1.014696798	-3.208948695	0.081984952	0.006564148	-0.011941303	0.096734800	-0.000184227	-0.051643026
1.235000000	0.107951044	0.558082191	0.452971528	0.127198820	-1.014696982	-3.209000228	0.081633878	0.006541110	-0.011899409	0.096320868	-0.000183565	-0.051422912
1.236000000	0.108032503	0.558088719	0.452959651	0.127294934	-1.014697166	-3.209051541	0.081282977	0.006518020	-0.011857421	0.095907135	-0.000182902	-0.051202893
1.237000000	0.108113610	0.558095226	0.452947815	0.127390635	-1.014697348	-3.209102634	0.080932251	0.006494880	-0.011815341	0.095493606	-0.000182237	-0.050982972
1.238000000	0.108194367	0.558101710	0.452936019	0.127485921	-1.014697530	-3.209153507	0.080581706	0.006471690	-0.011773170	0.095080286	-0.000181572	-0.050763153
1.239000000	0.108274774	0.558108168	0.452924271	0.127580796	-1.014697711	-3.209204161	0.080231345	0.006448451	-0.011730909	0.094667181	-0.000180905	-0.050543438
1.240000000	0.108354830	0.558114607	0.452912557	0.127675256	-1.014697892	-3.209254594	0.079881173	0.006425163	-0.011688560	0.094254294	-0.000180237	-0.050323829
1.241000000	0.108434537	0.558121018	0.452900894	0.127769304	-1.014698072	-3.209304808	0.079531195	0.006401827	-0.011646123	0.093841632	-0.000179567	-0.050104330
1.242000000	0.108513892	0.558127410	0.452889265	0.127862939	-1.014698251	-3.209354803	0.079181413	0.006378444	-0.011603600	0.093429200	-0.000178897	-0.049884943
1.243000000	0.108592899	0.558133776	0.452877684	0.127956162	-1.014698430	-3.209404578	0.078831835	0.006355015	-0.011560992	0.093017002	-0.000178225	-0.049665672
1.244000000	0.108671556	0.558140119	0.452866145	0.128048974	-1.014698607	-3.209454134	0.078482462	0.006331539	-0.011518301	0.092605045	-0.000177552	-0.049446518
1.245000000	0.108749864	0.558146440	0.452854646	0.128141372	-1.014698785	-3.209503471	0.078133300	0.006308019	-0.011475527	0.092193332	-0.000176878	-0.049227485
1.246000000	0.108827824	0.558152734	0.452843197	0.128233361	-1.014698961	-3.209552589	0.077784353	0.006284453	-0.011432672	0.091781870	-0.000176203	-0.049008576
1.247000000	0.108905433	0.558159009	0.452831781	0.128324936	-1.014699137	-3.209601489	0.077435625	0.006260844	-0.011389736	0.091370662	-0.000175527	-0.048789793
1.248000000	0.108982694	0.558165257	0.452820415	0.128416102	-1.014699312	-3.209650169	0.077087121	0.006237192	-0.011346722	0.090959715	-0.000174850	-0.048571138
1.249000000	0.109059607	0.558171483	0.452809089	0.128506856	-1.014699487	-3.209698631	0.076738845	0.006213497	-0.011303631	0.090549034	-0.000174172	-0.048352616
1.250000000	0.109136172	0.558177685	0.452797806	0.128597200	-1.014699661	-3.209746874	0.076390801	0.006189760	-0.011260463	0.090138623	-0.000173493	-0.048134228
1.251000000	0.109212389	0.558183861	0.452786571	0.128687134	-1.014699834	-3.209794899	0.076042995	0.006165982	-0.011217220	0.089728489	-0.000172813	-0.047915977
1.252000000	0.109288258	0.558190017	0.452775371	0.128776657	-1.014700006	-3.209842706	0.075695428	0.006142163	-0.011173903	0.089318634	-0.000172132	-0.047697867
1.253000000	0.109363780	0.558196146	0.452764222	0.128865771	-1.014700178	-3.209890295	0.075348108	0.006118305	-0.011130514	0.088909067	-0.000171450	-0.047479899
1.254000000	0.109438954	0.558202253	0.452753111	0.128954475	-1.014700349	-3.209937666	0.075001036	0.006094408	-0.011087053	0.088499790	-0.000170767	-0.047262077
1.255000000	0.109513782	0.558208336	0.452742045	0.129042770	-1.014700520	-3.209984819	0.074654219	0.006070472	-0.011043521	0.088090809	-0.000170083	-0.047044404
1.256000000	0.109588263	0.558214392	0.452731027	0.129130657	-1.014700689	-3.210031755	0.074307660	0.006046498	-0.010999922	0.087682130	-0.000169398	-0.046826882
1.257000000	0.109662397	0.558220429	0.452720045	0.129218134	-1.014700858	-3.210078473	0.073961364	0.006022487	-0.010956254	0.087273757	-0.000168712	-0.046609513
1.258000000	0.109736186	0.558226438	0.452709113	0.129305205	-1.014701027	-3.210124974	0.073615335	0.005998439	-0.010912520	0.086865696	-0.000168025	-0.046392302
1.259000000	0.109809628	0.558232425	0.452698221	0.129391866	-1.014701194	-3.210171258	0.073269576	0.005974356	-0.010868720	0.086457952	-0.000167338	-0.046175250
1.260000000	0.109882725	0.558238388	0.452687373	0.129478120	-1.014701361	-3.210217325	0.072924094	0.005950238	-0.010824857	0.086050529	-0.000166650	-0.045958361
1.261000000	0.109955477	0.558244324	0.452676575	0.129563968	-1.014701528	-3.210263175	0.072578892	0.005926085	-0.010780930	0.085643435	-0.000165961	-0.045741636
1.262000000	0.110027883	0.558250241	0.452665811	0.129649407	-1.014701693	-3.210308808	0.072233973	0.005901899	-0.010736943	0.085236671	-0.000165271	-0.045525080
1.263000000	0.110099945	0.558256129	0.452655098	0.129734441	-1.014701858	-3.210354225	0.071889343	0.005877679	-0.010692895	0.084830245	-0.000164580	-0.045308694
1.264000000	0.110171662	0.558261995	0.452644428	0.129819068	-1.014702022	-3.210399425	0.071545007	0.005853428	-0.010648788	0.084424161	-0.000163889	-0.045092482
1.265000000	0.110243034	0.558267837	0.452633799	0.129903289	-1.014702186	-3.210444410	0.071200967	0.005829144	-0.010604623	0.084018425	-0.000163197	-0.044876446
1.266000000	0.110314064	0.558273652	0.452623220	0.129987105	-1.014702349	-3.210489178	0.070857229	0.005804830	-0.010560402	0.083613042	-0.000162504	-0.044660589
1.267000000	0.110384749	0.558279446	0.452612679	0.130070515	-1.014702511	-3.210533731	0.070513797	0.005780485	-0.010516125	0.083208016	-0.000161810	-0.044444914
1.268000000	0.110455091	0.558285215	0.452602185	0.130153521	-1.014702672	-3.210578068	0.070170675	0.005756111	-0.010471795	0.082803353	-0.000161116	-0.044229424
1.269000000	0.110525091	0.558290957	0.452591739	0.130236123	-1.014702833	-3.210622190	0.069827868	0.005731708	-0.010427411	0.082399058	-0.000160421	-0.044014120
1.270000000	0.110594747	0.558296679	0.452581329	0.130318319	-1.014702993	-3.210666097	0.069485379	0.005707276	-0.010382976	0.081995136	-0.000159726	-0.043799007
1.271000000	0.110664062	0.558302372	0.452570970	0.130400113	-1.014703153	-3.210709788	0.069143214	0.005682817	-0.010338491	0.081591592	-0.000159030	-0.043584087
1.272000000	0.110733034	0.558308043	0.452560655	0.130481503	-1.014703311	-3.210753265	0.068801376	0.005658331	-0.010293957	0.081188432	-0.000158333	-0.043369363
1.273000000	0.110801664	0.558313690	0.452550380	0.130562489	-1.014703469	-3.210796527	0.068459870	0.005633819	-0.010249374	0.080785660	-0.000157636	-0.043154837
1.274000000	0.110869954	0.558319310	0.452540157	0.130643075	-1.014703627	-3.210839574	0.068118701	0.005609281	-0.010204746	0.080383282	-0.000156938	-0.042940512
1.275000000	0.110937902	0.558324908	0.452529972	0.130723256	-1.014703783	-3.210882408	0.067777871	0.005584719	-0.010160072	0.079981302	-0.000156239	-0.042726392
1.276000000	0.111005509	0.558330481	0.452519833	0.130803037	-1.014703939	-3.210925027	0.067437387	0.005560132	-0.010115354	0.079579726	-0.000155540	-0.042512478
1.277000000	0.111072777	0.558336026	0.452509745	0.130882417	-1.014704094	-3.210967433	0.067097252	0.005535522	-0.010070593	0.079178559	-0.000154841	-0.042298774
1.278000000	0.111139704	0.558341552	0.452499693	0.130961394	-1.014704249	-3.211009625	0.066757469	0.005510889	-0.010025791	0.078777806	-0.000154141	-0.042085282
1.279000000	0.111206292	0.558347050	0.452489689	0.131039972	-1.014704403	-3.211051604	0.066418045	0.005486234	-0.009980948	0.078377472	-0.000153441	-0.041872006
1.280000000	0.111272541	0.558352522	0.452479735	0.131118150	-1.014704556	-3.211093369	0.066078983	0.005461558	-0.009936066	0.077977563	-0.000152740	-0.041658947
1.281000000	0.111338450	0.558357974	0.452469817	0.131195927	-1.014704708	-3.211134922	0.065740287	0.005436861	-0.009891147	0.077578082	-0.000152038	-0.041446109
1.282000000	0.111404021	0.558363398	0.452459949	0.131273306	-1.014704860	-3.211176261	0.065401962	0.005412144	-0.009846191	0.077179036	-0.000151337	-0.041233495
1.283000000	0.111469254	0.558368796	0.452450128	0.131350286	-1.014705011	-3.211217389	0.065064013	0.005387408	-0.009801199	0.076780430	-0.000150635	-0.041021107
1.284000000	0.111534149	0.558374173	0.452440345	0.131426866	-1.014705161	-3.211258304	0.064726442	0.005362653	-0.009756174	0.076382268	-0.000149932	-0.040808948
1.285000000	0.111598707	0.558379523	0.452430614	0.131503050	-1.014705311	-3.211299007	0.064389255	0.005337880	-0.009711116	0.075984556	-0.000149229	-0.040597021
1.286000000	0.111662928	0.558384847	0.452420927	0.131578836	-1.014705459	-3.211339498	0.064052456	0.005313090	-0.009666026	0.075587300	-0.000148526	-0.040385328
1.287000000	0.111726812	0.558390150	0.452411280	0.131654224	-1.014705608	-3.211379777	0.063716049	0.005288283	-0.009620906	0.075190503	-0.000147822	-0.040173873
1.288000000	0.111790360	0.558395424	0.452401683	0.131729217	-1.014705755	-3.211419846	0.063380039	0.005263461	-0.009575758	0.074794171	-0.000147119	-0.039962658
1.289000000	0.111853572	0.558400675	0.452392131	0.131803813	-1.014705902	-3.211459703	0.063044430	0.005238623	-0.009530581	0.074398310	-0.000146415	-0.039751686
1.290000000	0.111916449	0.558405903	0.452382620	0.131878014	-1.014706048	-3.211499349	0.062709226	0.005213771	-0.009485378	0.074002924	-0.000145710	-0.039540960
1.291000000	0.111978991	0.558411103	0.452373160	0.131951819	-1.014706193	-3.211538785	0.062374432	0.005188905	-0.009440149	0.073608018	-0.000145006	-0.039330482
1.292000000	0.112041198	0.558416279	0.452363743	0.132025230	-1.014706338	-3.211578010	0.062040052	0.005164026	-0.009394897	0.073213598	-0.000144301	-0.039120256
1.293000000	0.112103071	0.558421432	0.452354368	0.132098246	-1.014706482	-3.211617025	0.061706089	0.005139135	-0.009349622	0.072819669	-0.000143596	-0.038910284
1.294000000	0.112164610	0.558426558	0.452345043	0.132170870	-1.014706625	-3.211655831	0.061372550	0.005114232	-0.009304325	0.072426235	-0.000142891	-0.038700568
1.295000000	0.112225817	0.558431659	0.452335762	0.132243100	-1.014706768	-3.211694427	0.061039437	0.005089317	-0.009259008	0.072033303	-0.000142185	-0.038491113
1.296000000	0.112286689	0.558436738	0.452326523	0.132314936	-1.014706910	-3.211732813	0.060706755	0.005064393	-0.009213673	0.071640876	-0.000141480	-0.038281919
1.297000000	0.112347230	0.558441789	0.452317333	0.132386381	-1.014707051	-3.211770990	0.060374509	0.005039459	-0.009168319	0.071248961	-0.000140774	-0.038072991
1.298000000	0.112407439	0.558446814	0.452308190	0.132457435	-1.014707191	-3.211808959	0.060042703	0.005014515	-0.009122949	0.070857562	-0.000140068	-0.037864331
1.299000000	0.112467315	0.558451818	0.452299086	0.132528096	-1.014707331	-3.211846719	0.059711341	0.004989564	-0.009077564	0.070466684	-0.000139362	-0.037655942
1.300000000	0.112526861	0.558456795	0.452290032	0.132598368	-1.014707470	-3.211884271	0.059380427	0.004964605	-0.009032165	0.070076333	-0.000138656	-0.037447826
1.301000000	0.112586077	0.558461745	0.452281027	0.132668250	-1.014707608	-3.211921615	0.059049966	0.004939639	-0.008986753	0.069686514	-0.000137950	-0.037239987
1.302000000	0.112644961	0.558466675	0.452272058	0.132737741	-1.014707746	-3.211958751	0.058719962	0.004914667	-0.008941330	0.069297230	-0.000137244	-0.037032427
1.303000000	0.112703516	0.558471577	0.452263139	0.132806844	-1.014707883	-3.211995680	0.058390419	0.004889689	-0.008895896	0.068908489	-0.000136538	-0.036825148
1.304000000	0.112761743	0.558476451	0.452254271	0.132875559	-1.014708019	-3.212032401	0.058061342	0.004864706	-0.008850454	0.068520295	-0.000135832	-0.036618154
1.305000000	0.112819639	0.558481306	0.452245439	0.132943885	-1.014708154	-3.212068916	0.057732735	0.004839720	-0.008805004	0.068132653	-0.000135126	-0.036411448
1.306000000	0.112877208	0.558486134	0.452236656	0.133011824	-1.014708289	-3.212105225	0.057404602	0.004814729	-0.008759547	0.067745568	-0.000134420	-0.036205032
1.307000000	0.112934449	0.558490934	0.452227922	0.133079376	-1.014708423	-3.212141326	0.057076949	0.004789736	-0.008714085	0.067359045	-0.000133714	-0.035998909
1.308000000	0.112991362	0.558495712	0.452219230	0.133146542	-1.014708556	-3.212177222	0.056749777	0.004764741	-0.008668620	0.066973089	-0.000133008	-0.035793082
1.309000000	0.113047948	0.558500465	0.452210582	0.133213322	-1.014708689	-3.212212913	0.056423093	0.004739745	-0.008623151	0.066587706	-0.000132302	-0.035587554
1.310000000	0.113104209	0.558505192	0.452201983	0.133279718	-1.014708821	-3.212248398	0.056096901	0.004714748	-0.008577682	0.066202901	-0.000131596	-0.035382326
1.311000000	0.113160143	0.558509893	0.452193430	0.133345729	-1.014708952	-3.212283677	0.055771205	0.004689751	-0.008532212	0.065818678	-0.000130891	-0.035177403
1.312000000	0.113215751	0.558514572	0.452184917	0.133411355	-1.014709083	-3.212318753	0.055446008	0.004664754	-0.008486743	0.065435043	-0.000130185	-0.034972787
1.313000000	0.113271035	0.558519224	0.452176454	0.133476599	-1.014709213	-3.212353623	0.055121316	0.004639759	-0.008441276	0.065052001	-0.000129480	-0.034768481
1.314000000	0.113325995	0.558523849	0.452168040	0.133541460	-1.014709342	-3.212388290	0.054797134	0.004614766	-0.008395814	0.064669557	-0.000128775	-0.034564487
1.315000000	0.113380629	0.558528453	0.452159662	0.133605938	-1.014709470	-3.212422752	0.054473464	0.004589776	-0.008350355	0.064287716	-0.000128070	-0.034360808
1.316000000	0.113434941	0.558533031	0.452151334	0.133670035	-1.014709598	-3.212457011	0.054150311	0.004564789	-0.008304903	0.063906483	-0.000127365	-0.034157448
1.317000000	0.113488930	0.558537582	0.452143054	0.133733751	-1.014709725	-3.212491067	0.053827681	0.004539806	-0.008259459	0.063525863	-0.000126661	-0.033954408
1.318000000	0.113542597	0.558542109	0.452134818	0.133797087	-1.014709851	-3.212524920	0.053505576	0.004514828	-0.008214023	0.063145862	-0.000125956	-0.033751692
1.319000000	0.113595941	0.558546613	0.452126623	0.133860043	-1.014709977	-3.212558571	0.053184001	0.004489855	-0.008168596	0.062766484	-0.000125253	-0.033549302
1.320000000	0.113648965	0.558551090	0.452118478	0.133922620	-1.014710102	-3.212592019	0.052862962	0.004464888	-0.008123181	0.062387736	-0.000124549	-0.033347241
1.321000000	0.113701668	0.558555540	0.452110382	0.133984819	-1.014710226	-3.212625265	0.052542462	0.004439929	-0.008077778	0.062009621	-0.000123846	-0.033145513
1.322000000	0.113754050	0.558559970	0.452102323	0.134046640	-1.014710349	-3.212658310	0.052222504	0.004414977	-0.008032389	0.061632144	-0.000123143	-0.032944119
1.323000000	0.113806112	0.558564373	0.452094312	0.134108083	-1.014710472	-3.212691154	0.051903094	0.004390033	-0.007987014	0.061255311	-0.000122440	-0.032743062
1.324000000	0.113857856	0.558568749	0.452086350	0.134169151	-1.014710594	-3.212723796	0.051584237	0.004365098	-0.007941656	0.060879128	-0.000121738	-0.032542346
1.325000000	0.113909282	0.558573101	0.452078433	0.134229842	-1.014710716	-3.212756238	0.051265936	0.004340172	-0.007896314	0.060503599	-0.000121036	-0.032341973
1.326000000	0.113960388	0.558577431	0.452070556	0.134290158	-1.014710836	-3.212788480	0.050948194	0.004315257	-0.007850992	0.060128729	-0.000120334	-0.032141946
1.327000000	0.114011178	0.558581733	0.452062727	0.134350099	-1.014710956	-3.212820523	0.050631018	0.004290353	-0.007805689	0.059754524	-0.000119633	-0.031942268
1.328000000	0.114061651	0.558586009	0.452054948	0.134409668	-1.014711076	-3.212852365	0.050314412	0.004265460	-0.007760407	0.059380988	-0.000118932	-0.031742941
1.329000000	0.114111807	0.558590263	0.452047209	0.134468862	-1.014711194	-3.212884008	0.049998378	0.004240579	-0.007715147	0.059008126	-0.000118232	-0.031543968
1.330000000	0.114161647	0.558594493	0.452039513	0.134527683	-1.014711312	-3.212915453	0.049682923	0.004215712	-0.007669910	0.058635944	-0.000117533	-0.031345352
1.331000000	0.114211173	0.558598695	0.452031867	0.134586134	-1.014711429	-3.212946699	0.049368049	0.004190858	-0.007624699	0.058264448	-0.000116833	-0.031147096
1.332000000	0.114260384	0.558602872	0.452024269	0.134644213	-1.014711546	-3.212977747	0.049053763	0.004166019	-0.007579513	0.057893641	-0.000116135	-0.030949202
1.333000000	0.114309281	0.558607027	0.452016709	0.134701921	-1.014711662	-3.213008598	0.048740066	0.004141194	-0.007534355	0.057523529	-0.000115436	-0.030751674
1.334000000	0.114357864	0.558611157	0.452009195	0.134759260	-1.014711777	-3.213039251	0.048426965	0.004116385	-0.007489225	0.057154117	-0.000114739	-0.030554514
1.335000000	0.114406135	0.558615260	0.452001730	0.134816230	-1.014711891	-3.213069707	0.048114463	0.004091593	-0.007444124	0.056785410	-0.000114042	-0.030357724
1.336000000	0.114454094	0.558619337	0.451994313	0.134872832	-1.014712005	-3.213099966	0.047802565	0.004066817	-0.007399055	0.056417414	-0.000113345	-0.030161309
1.337000000	0.114501740	0.558623394	0.451986932	0.134929065	-1.014712118	-3.213130030	0.047491275	0.004042060	-0.007354017	0.056050133	-0.000112649	-0.029965270
1.338000000	0.114549076	0.558627424	0.451979599	0.134984931	-1.014712230	-3.213159897	0.047180597	0.004017320	-0.007309013	0.055683573	-0.000111954	-0.029769610
1.339000000	0.114596101	0.558631428	0.451972314	0.135040432	-1.014712342	-3.213189569	0.046870536	0.003992600	-0.007264044	0.055317738	-0.000111260	-0.029574332
1.340000000	0.114642818	0.558635406	0.451965077	0.135095568	-1.014712453	-3.213219046	0.046561095	0.003967900	-0.007219110	0.054952635	-0.000110566	-0.029379439
1.341000000	0.114689224	0.558639364	0.451957876	0.135150338	-1.014712563	-3.213248328	0.046252280	0.003943219	-0.007174213	0.054588266	-0.000109872	-0.029184933
1.342000000	0.114735322	0.558643296	0.451950722	0.135204744	-1.014712672	-3.213277416	0.045944094	0.003918560	-0.007129355	0.054224639	-0.000109180	-0.028990818
1.343000000	0.114781112	0.558647201	0.451943617	0.135258787	-1.014712781	-3.213306310	0.045636543	0.003893923	-0.007084536	0.053861759	-0.000108488	-0.028797096
1.344000000	0.114826596	0.558651081	0.451936559	0.135312469	-1.014712889	-3.213335010	0.045329629	0.003869308	-0.007039757	0.053499629	-0.000107797	-0.028603770
1.345000000	0.114871772	0.558654940	0.451929538	0.135365787	-1.014712997	-3.213363518	0.045023358	0.003844716	-0.006995021	0.053138255	-0.000107106	-0.028410842
1.346000000	0.114916642	0.558658773	0.451922563	0.135418744	-1.014713104	-3.213391832	0.044717734	0.003820148	-0.006950328	0.052777643	-0.000106417	-0.028218316
1.347000000	0.114961207	0.558662580	0.451915636	0.135471342	-1.014713210	-3.213419954	0.044412761	0.003795605	-0.006905679	0.052417798	-0.000105728	-0.028026194
1.348000000	0.115005468	0.558666362	0.451908756	0.135523581	-1.014713315	-3.213447885	0.044108443	0.003771086	-0.006861075	0.052058724	-0.000105040	-0.027834480
1.349000000	0.115049425	0.558670122	0.451901916	0.135575460	-1.014713420	-3.213475623	0.043804785	0.003746593	-0.006816519	0.051700427	-0.000104352	-0.027643175
1.350000000	0.115093078	0.558673857	0.451895119	0.135626981	-1.014713524	-3.213503171	0.043501791	0.003722127	-0.006772010	0.051342912	-0.000103666	-0.027452283
1.351000000	0.115136428	0.558677567	0.451888369	0.135678146	-1.014713627	-3.213530528	0.043199465	0.003697688	-0.006727551	0.050986183	-0.000102980	-0.027261806
1.352000000	0.115179477	0.558681251	0.451881667	0.135728954	-1.014713730	-3.213557695	0.042897813	0.003673276	-0.006683142	0.050630247	-0.000102296	-0.027071747
1.353000000	0.115222225	0.558684912	0.451875007	0.135779407	-1.014713832	-3.213584672	0.042596837	0.003648893	-0.006638784	0.050275108	-0.000101612	-0.026882109
1.354000000	0.115264671	0.558688550	0.451868387	0.135829505	-1.014713933	-3.213611459	0.042296542	0.003624540	-0.006594480	0.049920771	-0.000100929	-0.026692895
1.355000000	0.115306817	0.558692163	0.451861814	0.135879248	-1.014714033	-3.213638058	0.041996933	0.003600215	-0.006550229	0.049567242	-0.000100247	-0.026504108
1.356000000	0.115348665	0.558695750	0.451855287	0.135928639	-1.014714133	-3.213664468	0.041698014	0.003575922	-0.006506034	0.049214525	-0.000099566	-0.026315749
1.357000000	0.115390214	0.558699312	0.451848807	0.135977679	-1.014714233	-3.213690689	0.041399789	0.003551659	-0.006461895	0.048862626	-0.000098886	-0.026127823
1.358000000	0.115431465	0.558702853	0.451842364	0.136026365	-1.014714331	-3.213716723	0.041102262	0.003527428	-0.006417814	0.048511549	-0.000098207	-0.025940332
1.359000000	0.115472418	0.558706370	0.451835966	0.136074701	-1.014714429	-3.213742570	0.040805439	0.003503229	-0.006373791	0.048161300	-0.000097529	-0.025753278
1.360000000	0.115513076	0.558709861	0.451829615	0.136122688	-1.014714526	-3.213768230	0.040509323	0.003479064	-0.006329829	0.047811884	-0.000096852	-0.025566665
1.361000000	0.115553438	0.558713326	0.451823309	0.136170326	-1.014714623	-3.213793704	0.040213918	0.003454932	-0.006285928	0.047463306	-0.000096175	-0.025380495
1.362000000	0.115593504	0.558716768	0.451817047	0.136217615	-1.014714718	-3.213818991	0.039919229	0.003430835	-0.006242089	0.047115571	-0.000095500	-0.025194771
1.363000000	0.115633276	0.558720189	0.451810823	0.136264557	-1.014714814	-3.213844093	0.039625260	0.003406772	-0.006198314	0.046768685	-0.000094826	-0.025009495
1.364000000	0.115672754	0.558723584	0.451804646	0.136311152	-1.014714908	-3.213869010	0.039332015	0.003382746	-0.006154604	0.046422651	-0.000094154	-0.024824671
1.365000000	0.115711940	0.558726955	0.451798514	0.136357402	-1.014715002	-3.213893743	0.039039500	0.003358755	-0.006110960	0.046077477	-0.000093482	-0.024640302
1.366000000	0.115750834	0.558730300	0.451792428	0.136403308	-1.014715095	-3.213918291	0.038747717	0.003334802	-0.006067383	0.045733166	-0.000092811	-0.024456389
1.367000000	0.115789436	0.558733623	0.451786382	0.136448869	-1.014715188	-3.213942656	0.038456672	0.003310886	-0.006023875	0.045389723	-0.000092142	-0.024272937
1.368000000	0.115827747	0.558736923	0.451780377	0.136494087	-1.014715279	-3.213966837	0.038166368	0.003287009	-0.005980436	0.045047154	-0.000091473	-0.024089947
1.369000000	0.115865769	0.558740199	0.451774417	0.136538963	-1.014715371	-3.213990836	0.037876810	0.003263170	-0.005937067	0.044705465	-0.000090806	-0.023907422
1.370000000	0.115903501	0.558743449	0.451768503	0.136583499	-1.014715461	-3.214014652	0.037588003	0.003239371	-0.005893771	0.044364659	-0.000090140	-0.023725366
1.371000000	0.115940946	0.558746675	0.451762634	0.136627694	-1.014715551	-3.214038287	0.037299951	0.003215613	-0.005850548	0.044024742	-0.000089475	-0.023543781
1.372000000	0.115978102	0.558749879	0.451756804	0.136671549	-1.014715640	-3.214061740	0.037012657	0.003191895	-0.005807399	0.043685720	-0.000088812	-0.023362669
1.373000000	0.116014971	0.558753061	0.451751016	0.136715065	-1.014715728	-3.214085012	0.036726126	0.003168219	-0.005764326	0.043347597	-0.000088149	-0.023182035
1.374000000	0.116051554	0.558756218	0.451745272	0.136758244	-1.014715816	-3.214108104	0.036440364	0.003144584	-0.005721329	0.043010378	-0.000087488	-0.023001879
1.375000000	0.116087852	0.558759350	0.451739573	0.136801086	-1.014715903	-3.214131016	0.036155373	0.003120993	-0.005678410	0.042674069	-0.000086828	-0.022822206
1.376000000	0.116123865	0.558762458	0.451733919	0.136843593	-1.014715990	-3.214153749	0.035871158	0.003097445	-0.005635571	0.042338675	-0.000086170	-0.022643017
1.377000000	0.116159595	0.558765543	0.451728305	0.136885764	-1.014716076	-3.214176302	0.035587724	0.003073942	-0.005592811	0.042004200	-0.000085512	-0.022464316
1.378000000	0.116195041	0.558768607	0.451722731	0.136927601	-1.014716161	-3.214198677	0.035305075	0.003050483	-0.005550132	0.041670650	-0.000084856	-0.022286106
1.379000000	0.116230205	0.558771646	0.451717201	0.136969105	-1.014716246	-3.214220875	0.035023214	0.003027069	-0.005507537	0.041338031	-0.000084202	-0.022108389
1.380000000	0.116265087	0.558774661	0.451711715	0.137010277	-1.014716329	-3.214242894	0.034742148	0.003003702	-0.005465024	0.041006346	-0.000083549	-0.021931167
1.381000000	0.116299690	0.558777652	0.451706273	0.137051119	-1.014716413	-3.214264737	0.034461879	0.002980381	-0.005422597	0.040675602	-0.000082897	-0.021754445
1.382000000	0.116334012	0.558780620	0.451700875	0.137091630	-1.014716495	-3.214286403	0.034182412	0.002957107	-0.005380256	0.040345803	-0.000082246	-0.021578224
1.383000000	0.116368055	0.558783567	0.451695512	0.137131810	-1.014716577	-3.214307894	0.033903752	0.002933882	-0.005338001	0.040016954	-0.000081597	-0.021402508
1.384000000	0.116401819	0.558786490	0.451690194	0.137171663	-1.014716658	-3.214329209	0.033625902	0.002910705	-0.005295836	0.039689061	-0.000080950	-0.021227299
1.385000000	0.116435306	0.558789389	0.451684918	0.137211188	-1.014716739	-3.214350349	0.033348868	0.002887577	-0.005253759	0.039362129	-0.000080303	-0.021052599
1.386000000	0.116468517	0.558792265	0.451679687	0.137250388	-1.014716819	-3.214371314	0.033072653	0.002864499	-0.005211773	0.039036163	-0.000079659	-0.020878413
1.387000000	0.116501453	0.558795116	0.451674499	0.137289262	-1.014716898	-3.214392105	0.032797262	0.002841471	-0.005169879	0.038711167	-0.000079015	-0.020704742
1.388000000	0.116534112	0.558797946	0.451669350	0.137327811	-1.014716977	-3.214412724	0.032522698	0.002818495	-0.005128078	0.038387148	-0.000078374	-0.020531589
1.389000000	0.116566498	0.558800755	0.451664240	0.137366036	-1.014717055	-3.214433169	0.032248967	0.002795570	-0.005086371	0.038064109	-0.000077733	-0.020358957
1.390000000	0.116598610	0.558803540	0.451659173	0.137403939	-1.014717132	-3.214453442	0.031976073	0.002772698	-0.005044759	0.037742057	-0.000077095	-0.020186849
1.391000000	0.116630450	0.558806301	0.451654149	0.137441520	-1.014717209	-3.214473543	0.031704020	0.002749878	-0.005003243	0.037420997	-0.000076457	-0.020015268
1.392000000	0.116662019	0.558809038	0.451649168	0.137478781	-1.014717285	-3.214493472	0.031432812	0.002727113	-0.004961825	0.037100932	-0.000075822	-0.019844216
1.393000000	0.116693317	0.558811753	0.451644230	0.137515723	-1.014717361	-3.214513231	0.031162454	0.002704401	-0.004920505	0.036781870	-0.000075188	-0.019673696
1.394000000	0.116724344	0.558814446	0.451639329	0.137552346	-1.014717436	-3.214532820	0.030892949	0.002681744	-0.004879285	0.036463814	-0.000074555	-0.019503711
1.395000000	0.116755102	0.558817118	0.451634468	0.137588651	-1.014717510	-3.214552239	0.030624303	0.002659143	-0.004838166	0.036146770	-0.000073924	-0.019334264
1.396000000	0.116785592	0.558819766	0.451629649	0.137624639	-1.014717584	-3.214571489	0.030356520	0.002636598	-0.004797149	0.035830743	-0.000073295	-0.019165357
1.397000000	0.116815815	0.558822392	0.451624873	0.137660312	-1.014717657	-3.214590570	0.030089603	0.002614110	-0.004756235	0.035515738	-0.000072667	-0.018996994
1.398000000	0.116845772	0.558824994	0.451620138	0.137695671	-1.014717729	-3.214609483	0.029823558	0.002591679	-0.004715426	0.035201760	-0.000072041	-0.018829177
1.399000000	0.116875463	0.558827573	0.451615446	0.137730717	-1.014717801	-3.214628228	0.029558388	0.002569306	-0.004674722	0.034888814	-0.000071417	-0.018661908
1.400000000	0.116904890	0.558830131	0.451610792	0.137765450	-1.014717872	-3.214646807	0.029294098	0.002546991	-0.004634124	0.034576906	-0.000070795	-0.018495191
1.401000000	0.116934052	0.558832668	0.451606175	0.137799870	-1.014717942	-3.214665219	0.029030693	0.002524736	-0.004593634	0.034266041	-0.000070174	-0.018329029
1.402000000	0.116962951	0.558835183	0.451601600	0.137833981	-1.014718012	-3.214683465	0.028768175	0.002502540	-0.004553252	0.033956223	-0.000069555	-0.018163424
1.403000000	0.116991588	0.558837674	0.451597067	0.137867783	-1.014718081	-3.214701546	0.028506551	0.002480405	-0.004512981	0.033647458	-0.000068937	-0.017998379
1.404000000	0.117019964	0.558840143	0.451592575	0.137901277	-1.014718150	-3.214719462	0.028245824	0.002458331	-0.004472820	0.033339750	-0.000068321	-0.017833896
1.405000000	0.117048080	0.558842590	0.451588124	0.137934463	-1.014718218	-3.214737214	0.027985999	0.002436318	-0.004432772	0.033033106	-0.000067708	-0.017669979
1.406000000	0.117075937	0.558845013	0.451583714	0.137967344	-1.014718285	-3.214754802	0.027727079	0.002414368	-0.004392836	0.032727530	-0.000067095	-0.017506630
1.407000000	0.117103535	0.558847418	0.451579339	0.137999919	-1.014718352	-3.214772227	0.027469070	0.002392481	-0.004353015	0.032423027	-0.000066485	-0.017343853
1.408000000	0.117130875	0.558849801	0.451575004	0.138032190	-1.014718418	-3.214789490	0.027211975	0.002370657	-0.004313310	0.032119603	-0.000065877	-0.017181649
1.409000000	0.117157959	0.558852161	0.451570709	0.138064158	-1.014718484	-3.214806591	0.026955798	0.002348897	-0.004273720	0.031817262	-0.000065270	-0.017020022
1.410000000	0.117184787	0.558854499	0.451566455	0.138095824	-1.014718549	-3.214823530	0.026700545	0.002327202	-0.004234249	0.031516009	-0.000064665	-0.016858975
1.411000000	0.117211360	0.558856815	0.451562241	0.138127190	-1.014718613	-3.214840309	0.026446220	0.002305572	-0.004194896	0.031215851	-0.000064062	-0.016698509
1.412000000	0.117237680	0.558859109	0.451558068	0.138158257	-1.014718677	-3.214856928	0.026192826	0.002284008	-0.004155663	0.030916791	-0.000063461	-0.016538629
1.413000000	0.117263747	0.558861381	0.451553934	0.138189025	-1.014718740	-3.214873386	0.025940368	0.002262510	-0.004116550	0.030618835	-0.000062862	-0.016379336
1.414000000	0.117289561	0.558863633	0.451549835	0.138219495	-1.014718803	-3.214889686	0.025688851	0.002241079	-0.004077560	0.030321989	-0.000062265	-0.016220634
1.415000000	0.117315124	0.558865865	0.451545775	0.138249669	-1.014718865	-3.214905828	0.025438279	0.002219716	-0.004038693	0.030026256	-0.000061670	-0.016062525
1.416000000	0.117340437	0.558868075	0.451541755	0.138279547	-1.014718926	-3.214921812	0.025188655	0.002198421	-0.003999950	0.029731643	-0.000061076	-0.015905013
1.417000000	0.117365502	0.558870263	0.451537774	0.138309132	-1.014718987	-3.214937638	0.024939985	0.002177196	-0.003961332	0.029438154	-0.000060485	-0.015748099
1.418000000	0.117390318	0.558872429	0.451533832	0.138338424	-1.014719047	-3.214953308	0.024692273	0.002156039	-0.003922840	0.029145795	-0.000059895	-0.015591787
1.419000000	0.117414887	0.558874574	0.451529930	0.138367424	-1.014719107	-3.214968822	0.024445523	0.002134953	-0.003884475	0.028854571	-0.000059308	-0.015436079
1.420000000	0.117439210	0.558876697	0.451526067	0.138396134	-1.014719166	-3.214984180	0.024199740	0.002113937	-0.003846240	0.028564487	-0.000058723	-0.015280979
1.421000000	0.117463287	0.558878800	0.451522240	0.138424554	-1.014719224	-3.214999384	0.023954927	0.002092992	-0.003808133	0.028275547	-0.000058139	-0.015126489
1.422000000	0.117487120	0.558880884	0.451518449	0.138452685	-1.014719282	-3.215014434	0.023711089	0.002072119	-0.003770157	0.027987758	-0.000057558	-0.014972611
1.423000000	0.117510709	0.558882946	0.451514696	0.138480530	-1.014719339	-3.215029330	0.023468231	0.002051319	-0.003732313	0.027701123	-0.000056979	-0.014819349
1.424000000	0.117534056	0.558884988	0.451510982	0.138508088	-1.014719396	-3.215044073	0.023226356	0.002030591	-0.003694601	0.027415650	-0.000056401	-0.014666705
1.425000000	0.117557162	0.558887008	0.451507306	0.138535361	-1.014719452	-3.215058663	0.022985470	0.002009937	-0.003657024	0.027131341	-0.000055826	-0.014514683
1.426000000	0.117580027	0.558889007	0.451503668	0.138562351	-1.014719508	-3.215073102	0.022745575	0.001989357	-0.003619581	0.026848203	-0.000055253	-0.014363284
1.427000000	0.117602654	0.558890986	0.451500069	0.138589058	-1.014719563	-3.215087390	0.022506678	0.001968852	-0.003582273	0.026566241	-0.000054682	-0.014212512
1.428000000	0.117625042	0.558892943	0.451496507	0.138615484	-1.014719617	-3.215101527	0.022268782	0.001948422	-0.003545103	0.026285460	-0.000054113	-0.014062369
1.429000000	0.117647192	0.558894881	0.451492982	0.138641630	-1.014719671	-3.215115515	0.022031891	0.001928068	-0.003508071	0.026005865	-0.000053547	-0.013912859
1.430000000	0.117669106	0.558896800	0.451489490	0.138667496	-1.014719724	-3.215129353	0.021796010	0.001907791	-0.003471178	0.025727461	-0.000052982	-0.013763984
1.431000000	0.117690784	0.558898699	0.451486035	0.138693085	-1.014719777	-3.215143043	0.021561143	0.001887590	-0.003434425	0.025450253	-0.000052420	-0.013615746
1.432000000	0.117712228	0.558900577	0.451482618	0.138718397	-1.014719829	-3.215156585	0.021327294	0.001867467	-0.003397813	0.025174246	-0.000051860	-0.013468150
1.433000000	0.117733438	0.558902434	0.451479238	0.138743433	-1.014719880	-3.215169980	0.021094468	0.001847422	-0.003361343	0.024899446	-0.000051302	-0.013321196
1.434000000	0.117754417	0.558904272	0.451475895	0.138768196	-1.014719932	-3.215183228	0.020862670	0.001827456	-0.003325016	0.024625858	-0.000050746	-0.013174889
1.435000000	0.117775164	0.558906089	0.451472589	0.138792686	-1.014719982	-3.215196330	0.020631902	0.001807569	-0.003288834	0.024353486	-0.000050193	-0.013029230
1.436000000	0.117795682	0.558907886	0.451469320	0.138816904	-1.014720032	-3.215209286	0.020402171	0.001787762	-0.003252796	0.024082337	-0.000049642	-0.012884223
1.437000000	0.117815970	0.558909662	0.451466087	0.138840851	-1.014720081	-3.215222098	0.020173479	0.001768036	-0.003216906	0.023812414	-0.000049093	-0.012739871
1.438000000	0.117836029	0.558911420	0.451462889	0.138864529	-1.014720130	-3.215234766	0.019945832	0.001748390	-0.003181162	0.023543723	-0.000048546	-0.012596176
1.439000000	0.117855861	0.558913160	0.451459723	0.138887939	-1.014720178	-3.215247291	0.019719234	0.001728826	-0.003145567	0.023276270	-0.000048002	-0.012453141
1.440000000	0.117875468	0.558914880	0.451456594	0.138911082	-1.014720226	-3.215259673	0.019493689	0.001709344	-0.003110121	0.023010059	-0.000047460	-0.012310769
1.441000000	0.117894849	0.558916580	0.451453501	0.138933959	-1.014720273	-3.215271913	0.019269201	0.001689945	-0.003074825	0.022745096	-0.000046921	-0.012169062
1.442000000	0.117914006	0.558918261	0.451450443	0.138956572	-1.014720320	-3.215284011	0.019045775	0.001670629	-0.003039681	0.022481385	-0.000046383	-0.012028024
1.443000000	0.117932941	0.558919922	0.451447421	0.138978922	-1.014720366	-3.215295969	0.018823415	0.001651397	-0.003004689	0.022218932	-0.000045848	-0.011887657
1.444000000	0.117951653	0.558921563	0.451444434	0.139001011	-1.014720412	-3.215307787	0.018602126	0.001632249	-0.002969851	0.021957742	-0.000045316	-0.011747964
1.445000000	0.117970145	0.558923185	0.451441482	0.139022838	-1.014720457	-3.215319465	0.018381911	0.001613186	-0.002935167	0.021697820	-0.000044786	-0.011608947
1.446000000	0.117988418	0.558924788	0.451438566	0.139044407	-1.014720501	-3.215331005	0.018162776	0.001594208	-0.002900639	0.021439172	-0.000044258	-0.011470610
1.447000000	0.118006472	0.558926372	0.451435684	0.139065718	-1.014720545	-3.215342406	0.017944724	0.001575317	-0.002866267	0.021181802	-0.000043732	-0.011332956
1.448000000	0.118024308	0.558927938	0.451432835	0.139086771	-1.014720589	-3.215353671	0.017727760	0.001556512	-0.002832053	0.020925715	-0.000043209	-0.011195986
1.449000000	0.118041928	0.558929486	0.451430019	0.139107569	-1.014720632	-3.215364799	0.017511888	0.001537794	-0.002797996	0.020670916	-0.000042689	-0.011059704
1.450000000	0.118059332	0.558931015	0.451427236	0.139128113	-1.014720674	-3.215375791	0.017297113	0.001519164	-0.002764100	0.020417412	-0.000042171	-0.010924113
1.451000000	0.118076522	0.558932526	0.451424488	0.139148404	-1.014720716	-3.215386647	0.017083438	0.001500622	-0.002730364	0.020165206	-0.000041655	-0.010789215
1.452000000	0.118093499	0.558934017	0.451421774	0.139168444	-1.014720757	-3.215397369	0.016870869	0.001482168	-0.002696789	0.019914305	-0.000041142	-0.010655013
1.453000000	0.118110264	0.558935490	0.451419093	0.139188233	-1.014720798	-3.215407957	0.016659409	0.001463804	-0.002663376	0.019664713	-0.000040632	-0.010521510
1.454000000	0.118126818	0.558936945	0.451416447	0.139207774	-1.014720839	-3.215418412	0.016449063	0.001445530	-0.002630127	0.019416434	-0.000040124	-0.010388709
1.455000000	0.118143162	0.558938381	0.451413834	0.139227066	-1.014720878	-3.215428735	0.016239835	0.001427346	-0.002597043	0.019169476	-0.000039618	-0.010256613
1.456000000	0.118159298	0.558939799	0.451411254	0.139246113	-1.014720918	-3.215438926	0.016031730	0.001409253	-0.002564124	0.018923842	-0.000039116	-0.010125223
1.457000000	0.118175226	0.558941198	0.451408708	0.139264915	-1.014720957	-3.215448986	0.015824752	0.001391252	-0.002531371	0.018679538	-0.000038615	-0.009994544
1.458000000	0.118190948	0.558942580	0.451406194	0.139283473	-1.014720995	-3.215458915	0.015618905	0.001373342	-0.002498785	0.018436568	-0.000038117	-0.009864578
1.459000000	0.118206465	0.558943943	0.451403713	0.139301789	-1.014721033	-3.215468715	0.015414194	0.001355525	-0.002466368	0.018194939	-0.000037622	-0.009735327
1.460000000	0.118221777	0.558945291	0.451401261	0.139319863	-1.014721070	-3.215478386	0.015210622	0.001337801	-0.002434120	0.017954654	-0.000037130	-0.009606794
1.461000000	0.118236886	0.558946621	0.451398841	0.139337698	-1.014721107	-3.215487929	0.015008195	0.001320171	-0.002402042	0.017715720	-0.000036640	-0.009478983
1.462000000	0.118251794	0.558947933	0.451396454	0.139355295	-1.014721144	-3.215497344	0.014806917	0.001302634	-0.002370135	0.017478142	-0.000036152	-0.009351896
1.463000000	0.118266500	0.558949227	0.451394099	0.139372655	-1.014721180	-3.215506633	0.014606791	0.001285193	-0.002338401	0.017241924	-0.000035668	-0.009225535
1.464000000	0.118281007	0.558950504	0.451391776	0.139389779	-1.014721215	-3.215515796	0.014407823	0.001267846	-0.002306839	0.017007071	-0.000035186	-0.009099904
1.465000000	0.118295316	0.558951763	0.451389485	0.139406669	-1.014721250	-3.215524833	0.014210017	0.001250595	-0.002275452	0.016773590	-0.000034706	-0.008975005
1.466000000	0.118309428	0.558953005	0.451387225	0.139423327	-1.014721284	-3.215533746	0.014013377	0.001233440	-0.002244239	0.016541484	-0.000034230	-0.008850841
1.467000000	0.118323343	0.558954230	0.451384997	0.139439753	-1.014721318	-3.215542535	0.013817907	0.001216382	-0.002213203	0.016310760	-0.000033756	-0.008727415
1.468000000	0.118337064	0.558955438	0.451382799	0.139455949	-1.014721352	-3.215551201	0.013623612	0.001199421	-0.002182343	0.016081422	-0.000033285	-0.008604730
1.469000000	0.118350591	0.558956628	0.451380633	0.139471916	-1.014721385	-3.215559745	0.013430496	0.001182558	-0.002151662	0.015853475	-0.000032816	-0.008482788
1.470000000	0.118363926	0.558957802	0.451378498	0.139487656	-1.014721417	-3.215568167	0.013238563	0.001165794	-0.002121159	0.015626925	-0.000032351	-0.008361592
1.471000000	0.118377069	0.558958958	0.451376393	0.139503171	-1.014721450	-3.215576468	0.013047819	0.001149128	-0.002090836	0.015401777	-0.000031888	-0.008241145
1.472000000	0.118390022	0.558960098	0.451374319	0.139518461	-1.014721481	-3.215584649	0.012858266	0.001132561	-0.002060693	0.015178036	-0.000031427	-0.008121450
1.473000000	0.118402786	0.558961223	0.451372272	0.139533528	-1.014721512	-3.215592711	0.012669910	0.001116094	-0.002030732	0.014955706	-0.000030970	-0.008002509
1.474000000	0.118415362	0.558962332	0.451370255	0.139548372	-1.014721543	-3.215600655	0.012482755	0.001099728	-0.002000954	0.014734794	-0.000030515	-0.007884326
1.475000000	0.118427752	0.558963424	0.451368268	0.139562997	-1.014721573	-3.215608480	0.012296804	0.001083462	-0.001971359	0.014515304	-0.000030064	-0.007766902
1.476000000	0.118439956	0.558964500	0.451366311	0.139577403	-1.014721603	-3.215616189	0.012112064	0.001067298	-0.001941948	0.014297241	-0.000029615	-0.007650242
1.477000000	0.118451976	0.558965560	0.451364383	0.139591592	-1.014721633	-3.215623781	0.011928537	0.001051235	-0.001912723	0.014080611	-0.000029169	-0.007534347
1.478000000	0.118463813	0.558966603	0.451362484	0.139605565	-1.014721662	-3.215631258	0.011746229	0.001035275	-0.001883684	0.013865419	-0.000028725	-0.007419220
1.479000000	0.118475469	0.558967631	0.451360614	0.139619323	-1.014721690	-3.215638620	0.011565144	0.001019418	-0.001854832	0.013651669	-0.000028285	-0.007304865
1.480000000	0.118486944	0.558968642	0.451358774	0.139632868	-1.014721718	-3.215645868	0.011385285	0.001003664	-0.001826168	0.013439368	-0.000027848	-0.007191283
1.481000000	0.118498240	0.558969638	0.451356962	0.139646202	-1.014721746	-3.215653002	0.011206658	0.000988014	-0.001797693	0.013228520	-0.000027413	-0.007078479
1.482000000	0.118509357	0.558970618	0.451355179	0.139659326	-1.014721773	-3.215660025	0.011029266	0.000972468	-0.001769408	0.013019130	-0.000026981	-0.006966453
1.483000000	0.118520299	0.558971583	0.451353424	0.139672241	-1.014721800	-3.215666936	0.010853115	0.000957028	-0.001741314	0.012811204	-0.000026553	-0.006855210
1.484000000	0.118531064	0.558972532	0.451351697	0.139684949	-1.014721826	-3.215673735	0.010678208	0.000941692	-0.001713412	0.012604747	-0.000026127	-0.006744752
1.485000000	0.118541656	0.558973465	0.451349998	0.139697451	-1.014721852	-3.215680425	0.010504549	0.000926463	-0.001685702	0.012399763	-0.000025704	-0.006635082
1.486000000	0.118552074	0.558974384	0.451348327	0.139709749	-1.014721878	-3.215687006	0.010332144	0.000911339	-0.001658185	0.012196258	-0.000025284	-0.006526203
1.487000000	0.118562321	0.558975287	0.451346684	0.139721845	-1.014721903	-3.215693478	0.010160996	0.000896323	-0.001630863	0.011994237	-0.000024867	-0.006418117
1.488000000	0.118572397	0.558976175	0.451345067	0.139733739	-1.014721927	-3.215699842	0.009991110	0.000881414	-0.001603737	0.011793706	-0.000024453	-0.006310827
1.489000000	0.118582304	0.558977049	0.451343478	0.139745433	-1.014721952	-3.215706100	0.009822491	0.000866613	-0.001576806	0.011594669	-0.000024042	-0.006204336
1.490000000	0.118592042	0.558977909	0.451341913	0.139756929	-1.014721975	-3.215712251	0.009655142	0.000851920	-0.001550073	0.011397131	-0.000023634	-0.006098646
1.491000000	0.118601614	0.558978754	0.451340376	0.139768227	-1.014721999	-3.215718297	0.009489068	0.000837336	-0.001523537	0.011201098	-0.000023230	-0.005993761
1.492000000	0.118611020	0.558979584	0.451338864	0.139779331	-1.014722022	-3.215724239	0.009324273	0.000822861	-0.001497200	0.011006575	-0.000022828	-0.005889684
1.493000000	0.118620263	0.558980400	0.451337379	0.139790241	-1.014722044	-3.215730077	0.009160762	0.000808496	-0.001471063	0.010813567	-0.000022429	-0.005786416
1.494000000	0.118629342	0.558981202	0.451335921	0.139800958	-1.014722067	-3.215735812	0.008998538	0.000794241	-0.001445127	0.010622080	-0.000022033	-0.005683962
1.495000000	0.118638260	0.558981990	0.451334488	0.139811485	-1.014722089	-3.215741445	0.008837608	0.000780097	-0.001419392	0.010432117	-0.000021641	-0.005582323
1.496000000	0.118647018	0.558982763	0.451333081	0.139821823	-1.014722110	-3.215746977	0.008677974	0.000766064	-0.001393860	0.010243685	-0.000021251	-0.005481502
1.497000000	0.118655616	0.558983522	0.451331700	0.139831973	-1.014722131	-3.215752409	0.008519641	0.000752143	-0.001368530	0.010056789	-0.000020865	-0.005381502
1.498000000	0.118664057	0.558984267	0.451330344	0.139841937	-1.014722152	-3.215757740	0.008362613	0.000738334	-0.001343405	0.009871434	-0.000020482	-0.005282326
1.499000000	0.118672342	0.558984999	0.451329013	0.139851716	-1.014722172	-3.215762974	0.008206896	0.000724638	-0.001318485	0.009687624	-0.000020102	-0.005183978
1.500000000	0.118680471	0.558985717	0.451327706	0.139861313	-1.014722192	-3.215768109	0.008052492	0.000711055	-0.001293770	0.009505366	-0.000019725	-0.005086458
1.501000000	0.118688447	0.558986421	0.451326425	0.139870728	-1.014722212	-3.215773147	0.007899407	0.000697585	-0.001269262	0.009324664	-0.000019351	-0.004989771
1.502000000	0.118696271	0.558987112	0.451325168	0.139879963	-1.014722231	-3.215778089	0.007747645	0.000684230	-0.001244962	0.009145523	-0.000018980	-0.004893919
1.503000000	0.118703943	0.558987789	0.451323936	0.139889019	-1.014722249	-3.215782935	0.007597211	0.000670989	-0.001220870	0.008967949	-0.000018613	-0.004798904
1.504000000	0.118711466	0.558988453	0.451322727	0.139897899	-1.014722268	-3.215787687	0.007448108	0.000657863	-0.001196987	0.008791947	-0.000018248	-0.004704730
1.505000000	0.118718840	0.558989105	0.451321542	0.139906604	-1.014722286	-3.215792345	0.007300341	0.000644852	-0.001173315	0.008617521	-0.000017887	-0.004611400
1.506000000	0.118726067	0.558989743	0.451320381	0.139915135	-1.014722304	-3.215796910	0.007153914	0.000631958	-0.001149853	0.008444678	-0.000017529	-0.004518916
1.507000000	0.118733148	0.558990368	0.451319243	0.139923494	-1.014722321	-3.215801383	0.007008833	0.000619180	-0.001126603	0.008273422	-0.000017175	-0.004427280
1.508000000	0.118740085	0.558990981	0.451318129	0.139931682	-1.014722338	-3.215805764	0.006865100	0.000606518	-0.001103566	0.008103758	-0.000016824	-0.004336497
1.509000000	0.118746879	0.558991580	0.451317038	0.139939702	-1.014722355	-3.215810056	0.006722721	0.000593974	-0.001080742	0.007935692	-0.000016476	-0.004246567
1.510000000	0.118753531	0.558992168	0.451315969	0.139947555	-1.014722371	-3.215814258	0.006581700	0.000581548	-0.001058133	0.007769229	-0.000016131	-0.004157495
1.511000000	0.118760043	0.558992743	0.451314923	0.139955241	-1.014722387	-3.215818371	0.006442041	0.000569240	-0.001035738	0.007604374	-0.000015789	-0.004069283
1.512000000	0.118766416	0.558993305	0.451313899	0.139962764	-1.014722402	-3.215822397	0.006303748	0.000557051	-0.001013560	0.007441131	-0.000015451	-0.003981934
1.513000000	0.118772651	0.558993857	0.451312896	0.139970124	-1.014722418	-3.215826335	0.006166827	0.000544981	-0.000991598	0.007279507	-0.000015116	-0.003895451
1.514000000	0.118778750	0.558994396	0.451311914	0.139977323	-1.014722433	-3.215830188	0.006031281	0.000533030	-0.000969854	0.007119506	-0.000014785	-0.003809835
1.515000000	0.118784714	0.558994924	0.451310955	0.139984364	-1.014722447	-3.215833955	0.005897114	0.000521200	-0.000948329	0.006961134	-0.000014456	-0.003725091
1.516000000	0.118790545	0.558995439	0.451310016	0.139991246	-1.014722462	-3.215837638	0.005764332	0.000509490	-0.000927023	0.006804395	-0.000014131	-0.003641221
1.517000000	0.118796243	0.558995943	0.451309099	0.139997973	-1.014722476	-3.215841238	0.005632938	0.000497901	-0.000905937	0.006649296	-0.000013810	-0.003558228
1.518000000	0.118801811	0.558996436	0.451308203	0.140004545	-1.014722489	-3.215844755	0.005502937	0.000486434	-0.000885072	0.006495840	-0.000013492	-0.003476113
1.519000000	0.118807249	0.558996917	0.451307328	0.140010965	-1.014722503	-3.215848191	0.005374334	0.000475088	-0.000864428	0.006344034	-0.000013177	-0.003394882
1.520000000	0.118812560	0.558997386	0.451306474	0.140017233	-1.014722516	-3.215851545	0.005247131	0.000463865	-0.000844007	0.006193882	-0.000012866	-0.003314535
1.521000000	0.118817744	0.558997845	0.451305639	0.140023353	-1.014722528	-3.215854820	0.005121335	0.000452764	-0.000823810	0.006045389	-0.000012558	-0.003235076
1.522000000	0.118822803	0.558998292	0.451304825	0.140029325	-1.014722541	-3.215858016	0.004996949	0.000441787	-0.000803837	0.005898561	-0.000012253	-0.003156507
1.523000000	0.118827738	0.558998729	0.451304031	0.140035151	-1.014722553	-3.215861133	0.004873978	0.000430933	-0.000784088	0.005753403	-0.000011952	-0.003078832
1.524000000	0.118832551	0.558999154	0.451303257	0.140040832	-1.014722565	-3.215864174	0.004752426	0.000420204	-0.000764566	0.005609920	-0.000011654	-0.003002053
1.525000000	0.118837243	0.558999569	0.451302502	0.140046371	-1.014722576	-3.215867138	0.004632297	0.000409599	-0.000745270	0.005468118	-0.000011360	-0.002926173
1.526000000	0.118841816	0.558999974	0.451301766	0.140051769	-1.014722587	-3.215870026	0.004513597	0.000399119	-0.000726202	0.005328000	-0.000011069	-0.002851194
1.527000000	0.118846271	0.559000368	0.451301049	0.140057027	-1.014722598	-3.215872840	0.004396328	0.000388764	-0.000707361	0.005189573	-0.000010782	-0.002777120
1.528000000	0.118850609	0.559000751	0.451300351	0.140062148	-1.014722609	-3.215875581	0.004280496	0.000378535	-0.000688750	0.005052842	-0.000010498	-0.002703953
1.529000000	0.118854833	0.559001125	0.451299671	0.140067134	-1.014722619	-3.215878249	0.004166105	0.000368433	-0.000670369	0.004917812	-0.000010218	-0.002631696
1.530000000	0.118858942	0.559001488	0.451299010	0.140071985	-1.014722629	-3.215880845	0.004053159	0.000358457	-0.000652218	0.004784488	-0.000009942	-0.002560352
1.531000000	0.118862939	0.559001842	0.451298367	0.140076703	-1.014722639	-3.215883370	0.003941663	0.000348609	-0.000634298	0.004652875	-0.000009668	-0.002489924
1.532000000	0.118866826	0.559002186	0.451297741	0.140081291	-1.014722649	-3.215885825	0.003831621	0.000338888	-0.000616611	0.004522979	-0.000009399	-0.002420414
1.533000000	0.118870603	0.559002520	0.451297133	0.140085750	-1.014722658	-3.215888211	0.003723038	0.000329295	-0.000599156	0.004394804	-0.000009133	-0.002351824
1.534000000	0.118874272	0.559002844	0.451296543	0.140090081	-1.014722667	-3.215890529	0.003615917	0.000319830	-0.000581936	0.004268355	-0.000008870	-0.002284159
1.535000000	0.118877835	0.559003159	0.451295970	0.140094287	-1.014722676	-3.215892779	0.003510264	0.000310495	-0.000564950	0.004143639	-0.000008611	-0.002217420
1.536000000	0.118881293	0.559003465	0.451295413	0.140098369	-1.014722684	-3.215894964	0.003406082	0.000301289	-0.000548199	0.004020660	-0.000008356	-0.002151611
1.537000000	0.118884648	0.559003762	0.451294873	0.140102329	-1.014722692	-3.215897083	0.003303376	0.000292212	-0.000531684	0.003899423	-0.000008104	-0.002086734
1.538000000	0.118887901	0.559004049	0.451294350	0.140106168	-1.014722700	-3.215899138	0.003202151	0.000283266	-0.000515406	0.003779933	-0.000007856	-0.002022792
1.539000000	0.118891053	0.559004328	0.451293843	0.140109889	-1.014722708	-3.215901129	0.003102410	0.000274450	-0.000499366	0.003662196	-0.000007611	-0.001959788
1.540000000	0.118894106	0.559004598	0.451293351	0.140113494	-1.014722716	-3.215903057	0.003004159	0.000265765	-0.000483564	0.003546217	-0.000007370	-0.001897724
1.541000000	0.118897062	0.559004860	0.451292876	0.140116982	-1.014722723	-3.215904925	0.002907400	0.000257212	-0.000468001	0.003432001	-0.000007133	-0.001836603
1.542000000	0.118899921	0.559005113	0.451292416	0.140120358	-1.014722730	-3.215906731	0.002812140	0.000248791	-0.000452679	0.003319553	-0.000006900	-0.001776429
1.543000000	0.118902687	0.559005357	0.451291971	0.140123622	-1.014722737	-3.215908478	0.002718382	0.000240502	-0.000437597	0.003208878	-0.000006670	-0.001717203
1.544000000	0.118905359	0.559005593	0.451291541	0.140126777	-1.014722743	-3.215910166	0.002626131	0.000232346	-0.000422756	0.003099981	-0.000006444	-0.001658929
1.545000000	0.118907939	0.559005822	0.451291125	0.140129823	-1.014722750	-3.215911796	0.002535391	0.000224322	-0.000408158	0.002992869	-0.000006221	-0.001601610
1.546000000	0.118910430	0.559006042	0.451290724	0.140132763	-1.014722756	-3.215913369	0.002446166	0.000216433	-0.000393803	0.002887545	-0.000006002	-0.001545247
1.547000000	0.118912832	0.559006254	0.451290338	0.140135599	-1.014722762	-3.215914887	0.002358461	0.000208677	-0.000379691	0.002784015	-0.000005787	-0.001489845
1.548000000	0.118915148	0.559006459	0.451289965	0.140138332	-1.014722767	-3.215916349	0.002272280	0.000201056	-0.000365824	0.002682284	-0.000005576	-0.001435405
1.549000000	0.118917377	0.559006656	0.451289607	0.140140964	-1.014722773	-3.215917758	0.002187628	0.000193569	-0.000352202	0.002582357	-0.000005368	-0.001381931
1.550000000	0.118919523	0.559006846	0.451289261	0.140143497	-1.014722778	-3.215919113	0.002104509	0.000186218	-0.000338827	0.002484241	-0.000005164	-0.001329425
1.551000000	0.118921587	0.559007029	0.451288929	0.140145933	-1.014722783	-3.215920417	0.002022927	0.000179002	-0.000325698	0.002387938	-0.000004964	-0.001277890
1.552000000	0.118923570	0.559007204	0.451288610	0.140148274	-1.014722788	-3.215921670	0.001942886	0.000171923	-0.000312816	0.002293456	-0.000004768	-0.001227329
1.553000000	0.118925473	0.559007372	0.451288304	0.140150521	-1.014722793	-3.215922872	0.001864392	0.000164980	-0.000300183	0.002200799	-0.000004575	-0.001177745
1.554000000	0.118927299	0.559007534	0.451288010	0.140152676	-1.014722797	-3.215924025	0.001787448	0.000158174	-0.000287799	0.002109972	-0.000004386	-0.001129140
1.555000000	0.118929049	0.559007689	0.451287728	0.140154741	-1.014722801	-3.215925131	0.001712060	0.000151505	-0.000275665	0.002020980	-0.000004202	-0.001081517
1.556000000	0.118930724	0.559007837	0.451287459	0.140156718	-1.014722805	-3.215926189	0.001638230	0.000144973	-0.000263781	0.001933829	-0.000004020	-0.001034879
1.557000000	0.118932326	0.559007978	0.451287201	0.140158609	-1.014722809	-3.215927201	0.001565964	0.000138580	-0.000252149	0.001848523	-0.000003843	-0.000989228
1.558000000	0.118933856	0.559008114	0.451286955	0.140160416	-1.014722813	-3.215928168	0.001495266	0.000132325	-0.000240768	0.001765069	-0.000003670	-0.000944568
1.559000000	0.118935317	0.559008243	0.451286720	0.140162140	-1.014722817	-3.215929090	0.001426141	0.000126210	-0.000229641	0.001683471	-0.000003500	-0.000900902
1.560000000	0.118936709	0.559008366	0.451286496	0.140163784	-1.014722820	-3.215929970	0.001358592	0.000120233	-0.000218766	0.001603734	-0.000003334	-0.000858231
1.561000000	0.118938035	0.559008483	0.451286282	0.140165348	-1.014722823	-3.215930807	0.001292624	0.000114397	-0.000208146	0.001525863	-0.000003172	-0.000816559
1.562000000	0.118939295	0.559008595	0.451286080	0.140166836	-1.014722827	-3.215931603	0.001228243	0.000108700	-0.000197781	0.001449865	-0.000003014	-0.000775889
1.563000000	0.118940492	0.559008701	0.451285887	0.140168249	-1.014722829	-3.215932359	0.001165451	0.000103144	-0.000187672	0.001375743	-0.000002860	-0.000736223
1.564000000	0.118941627	0.559008801	0.451285704	0.140169588	-1.014722832	-3.215933076	0.001104253	0.000097729	-0.000177819	0.001303503	-0.000002710	-0.000697564
1.565000000	0.118942701	0.559008896	0.451285531	0.140170856	-1.014722835	-3.215933755	0.001044654	0.000092455	-0.000168223	0.001233150	-0.000002564	-0.000659916
1.566000000	0.118943716	0.559008986	0.451285368	0.140172055	-1.014722837	-3.215934396	0.000986658	0.000087323	-0.000158886	0.001164689	-0.000002422	-0.000623279
1.567000000	0.118944675	0.559009071	0.451285214	0.140173187	-1.014722840	-3.215935001	0.000930270	0.000082333	-0.000149806	0.001098127	-0.000002283	-0.000587659
1.568000000	0.118945578	0.559009150	0.451285069	0.140174252	-1.014722842	-3.215935572	0.000875494	0.000077486	-0.000140987	0.001033466	-0.000002149	-0.000553056
1.569000000	0.118946426	0.559009226	0.451284932	0.140175254	-1.014722844	-3.215936108	0.000822333	0.000072781	-0.000132427	0.000970714	-0.000002018	-0.000519475
1.570000000	0.118947223	0.559009296	0.451284804	0.140176194	-1.014722846	-3.215936611	0.000770794	0.000068220	-0.000124128	0.000909875	-0.000001892	-0.000486917
1.571000000	0.118947969	0.559009362	0.451284684	0.140177075	-1.014722848	-3.215937082	0.000720880	0.000063803	-0.000116090	0.000850954	-0.000001769	-0.000455386
1.572000000	0.118948665	0.559009424	0.451284572	0.140177897	-1.014722850	-3.215937522	0.000672595	0.000059530	-0.000108315	0.000793957	-0.000001651	-0.000424884
1.573000000	0.118949314	0.559009481	0.451284467	0.140178663	-1.014722851	-3.215937932	0.000625944	0.000055401	-0.000100803	0.000738888	-0.000001536	-0.000395414
1.574000000	0.118949918	0.559009534	0.451284370	0.140179375	-1.014722853	-3.215938313	0.000580931	0.000051417	-0.000093555	0.000685753	-0.000001426	-0.000366979
1.575000000	0.118950477	0.559009584	0.451284280	0.140180035	-1.014722854	-3.215938666	0.000537561	0.000047579	-0.000086571	0.000634558	-0.000001319	-0.000339582
1.576000000	0.118950993	0.559009629	0.451284197	0.140180645	-1.014722855	-3.215938993	0.000495838	0.000043886	-0.000079852	0.000585306	-0.000001217	-0.000313225
1.577000000	0.118951469	0.559009672	0.451284121	0.140181207	-1.014722856	-3.215939293	0.000455766	0.000040340	-0.000073399	0.000538004	-0.000001119	-0.000287911
1.578000000	0.118951905	0.559009710	0.451284050	0.140181722	-1.014722857	-3.215939569	0.000417350	0.000036940	-0.000067212	0.000492656	-0.000001024	-0.000263644
1.579000000	0.118952304	0.559009745	0.451283986	0.140182193	-1.014722858	-3.215939821	0.000380594	0.000033687	-0.000061293	0.000449268	-0.000000934	-0.000240425
1.580000000	0.118952667	0.559009777	0.451283928	0.140182621	-1.014722859	-3.215940050	0.000345503	0.000030581	-0.000055642	0.000407845	-0.000000848	-0.000218257
1.581000000	0.118952996	0.559009807	0.451283875	0.140183009	-1.014722860	-3.215940258	0.000312080	0.000027623	-0.000050260	0.000368392	-0.000000766	-0.000197144
1.582000000	0.118953292	0.559009833	0.451283827	0.140183358	-1.014722861	-3.215940445	0.000280331	0.000024812	-0.000045147	0.000330914	-0.000000688	-0.000177088
1.583000000	0.118953557	0.559009856	0.451283785	0.140183671	-1.014722862	-3.215940612	0.000250260	0.000022151	-0.000040304	0.000295417	-0.000000614	-0.000158092
1.584000000	0.118953793	0.559009877	0.451283747	0.140183950	-1.014722862	-3.215940761	0.000221871	0.000019638	-0.000035732	0.000261905	-0.000000545	-0.000140158
1.585000000	0.118954001	0.559009895	0.451283713	0.140184196	-1.014722863	-3.215940893	0.000195169	0.000017275	-0.000031432	0.000230385	-0.000000479	-0.000123290
1.586000000	0.118954184	0.559009912	0.451283684	0.140184411	-1.014722863	-3.215941008	0.000170157	0.000015061	-0.000027404	0.000200860	-0.000000418	-0.000107490
1.587000000	0.118954342	0.559009926	0.451283658	0.140184598	-1.014722863	-3.215941108	0.000146841	0.000012997	-0.000023649	0.000173337	-0.000000360	-0.000092761
1.588000000	0.118954478	0.559009938	0.451283636	0.140184759	-1.014722864	-3.215941194	0.000125224	0.000011084	-0.000020167	0.000147820	-0.000000307	-0.000079105
1.589000000	0.118954593	0.559009948	0.451283618	0.140184895	-1.014722864	-3.215941267	0.000105312	0.000009321	-0.000016960	0.000124314	-0.000000258	-0.000066526
1.590000000	0.118954689	0.559009956	0.451283602	0.140185008	-1.014722864	-3.215941328	0.000087108	0.000007710	-0.000014029	0.000102825	-0.000000214	-0.000055027
1.591000000	0.118954768	0.559009963	0.451283590	0.140185101	-1.014722864	-3.215941377	0.000070616	0.000006250	-0.000011373	0.000083358	-0.000000173	-0.000044609
1.592000000	0.118954831	0.559009969	0.451283579	0.140185175	-1.014722865	-3.215941417	0.000055843	0.000004943	-0.000008993	0.000065919	-0.000000137	-0.000035276
1.593000000	0.118954880	0.559009973	0.451283572	0.140185233	-1.014722865	-3.215941448	0.000042790	0.000003787	-0.000006891	0.000050511	-0.000000105	-0.000027031
1.594000000	0.118954917	0.559009976	0.451283566	0.140185277	-1.014722865	-3.215941472	0.000031464	0.000002785	-0.000005067	0.000037142	-0.000000077	-0.000019876
1.595000000	0.118954944	0.559009979	0.451283561	0.140185308	-1.014722865	-3.215941488	0.000021868	0.000001936	-0.000003522	0.000025814	-0.000000054	-0.000013814
1.596000000	0.118954962	0.559009980	0.451283558	0.140185329	-1.014722865	-3.215941500	0.000014007	0.000001240	-0.000002256	0.000016535	-0.000000034	-0.000008849
1.597000000	0.118954972	0.559009981	0.451283557	0.140185342	-1.014722865	-3.215941506	0.000007886	0.000000698	-0.000001270	0.000009309	-0.000000019	-0.000004982
1.598000000	0.118954978	0.559009982	0.451283556	0.140185349	-1.014722865	-3.215941510	0.000003508	0.000000310	-0.000000565	0.000004141	-0.000000009	-0.000002216
1.599000000	0.118954980	0.559009982	0.451283556	0.140185351	-1.014722865	-3.215941511	0.000000878	0.000000078	-0.000000141	0.000001036	-0.000000002	-0.000000554
1.600000000	0.118954980	0.559009982	0.451283555	0.140185352	-1.014722865	-3.215941511	0.000000000	0.000000000	0.000000000	0.000000000	0.000000000	0.000000000
